4.992822402941861082e-01
1.034629192931514563e+00
1.338954695519426696e+00
9.999167061466837092e-01
9.763145474277740155e-01
9.201540463085891020e-01
7.504464442168310434e-01
6.244594745072846731e-01
5.232216934053047774e-01
3.651904709167059782e-01
4.051375040834903629e-01
4.259783791748720794e-01
5.459061898703905236e-01
4.509751828276215568e-01
5.071493454544391266e-01
4.814705001635386505e-01
5.659111255247532002e-01
2.923964156913145818e-01
4.284670439073345327e-01
5.622331630979022776e-01
2.790141972804036641e-01
4.308226630083102915e-01
4.886280283176087091e-01
4.408124528896739114e-01
6.101790312344580469e-01
5.712571552721287249e-01
3.269920753662096669e-01
4.028111530979160970e-01
2.145126294692368263e-01
1.617105511633031012e-01
1.983059102213059477e-01
3.853801901829203569e-01
6.162015116514790725e-01
5.152600097384865130e-01
5.415218183730181600e-01
5.704188809666237425e-01
4.391226271229510258e-01
6.473025374855333469e-01
6.411897612399469759e-01
5.109798078542464594e-01
5.347373246862020535e-01
6.282345523488205297e-01
8.192353675319089534e-01
7.082588430448937267e-01
8.039687915453870293e-01
9.491350580991240182e-01
9.614055762504123415e-01
1.147422543676775319e+00
1.104574760985825188e+00
1.120501629762969742e+00
1.480943458195560503e+00
1.503678245290576143e+00
1.484487165733294756e+00
1.358443846346745421e+00
1.149999894006803469e+00
1.240589724143654538e+00
1.465979281458666739e+00
1.432068074917080880e+00
1.336156864318377657e+00
1.035755433536247994e+00
1.047032773897461633e+00
1.202745964774622811e+00
1.319880189442151242e+00
1.242911711634287597e+00
1.221792632406853762e+00
1.331231737336209475e+00
1.438921926727758649e+00
1.185602622373656878e+00
1.166029004095182842e+00
9.663782747863921552e-01
1.010836864365780352e+00
8.514354757720834499e-01
8.674979519385761506e-01
9.552152419256390026e-01
1.118627913024483167e+00
9.227034221219158061e-01
8.142461060433254794e-01
8.297472685286100269e-01
8.263975935650063054e-01
8.012418759797967915e-01
7.774672820037018539e-01
7.519368017385856806e-01
4.166464590512976018e-01
3.887516361745953497e-01
4.170936131479177078e-01
2.804157418211297159e-01
5.497147596558674687e-01
4.008377987164772893e-01
3.643394875257198184e-01
2.737555958844930526e-01
3.495402468513424399e-01
4.689782392367817798e-01
4.239283871860320407e-01
5.945936469883326136e-01
6.948435917122544048e-01
6.160340430751278795e-01
5.492389906793684329e-01
6.910700415059221058e-01
7.568594071057879180e-01
7.223880254449430716e-01
7.049519492647706720e-01
6.289652441093558366e-01
5.310196784747645005e-01
3.915229143484452168e-01
3.303172668455873762e-01
3.706286367983008256e-01
4.292798217881855782e-01
4.994155999131348334e-01
6.779784199578560155e-01
7.442807142383913721e-01
5.917013903039940459e-01
3.768442172979416527e-01
1.779809423133466573e-01
1.604383865333458004e-01
1.903195759539843546e-01
1.890565538284568470e-01
2.049738414011633703e-01
1.614001671518475456e-01
1.662448825503269889e-01
6.759644847099939569e-02
-2.491517558295378021e-02
-1.281617224050551340e-01
-7.792097388283732162e-02
-1.127586526966479069e-01
-1.216322485983449830e-01
-4.322732591998948437e-02
-1.700473081358084559e-01
-2.819122921053985320e-01
-1.678625330838043050e-01
-1.859911499323646522e-01
-1.816148189080784014e-01
-2.416224173958256560e-01
-1.038594303401152996e-01
-1.488193498376056412e-01
-1.077764879932185255e-01
-9.360980598497908867e-02
-1.051257412825511578e-01
-2.652615532122434283e-01
-2.469840821144684284e-01
-7.214462811268128328e-02
-1.782116252602919393e-02
-7.127746662456485582e-02
-1.888299688018676981e-01
-1.475323270643865425e-01
-1.950086417948143636e-01
-3.213909101194583479e-02
-9.516668185745730257e-02
-9.910511817217219910e-02
-1.525516202956385958e-01
-2.402087693285131775e-01
-2.327884202621514076e-01
-1.037320794083185782e-01
-2.392305980704813873e-01
-3.164492478731482095e-01
-2.970485317632535760e-01
-5.712462500454857928e-01
-4.285614620925701224e-01
-5.305561414315955737e-01
-5.615785160904478435e-01
-5.239358185936556778e-01
-4.920292002345825200e-01
-4.947648475330037598e-01
-5.416421222966033566e-01
-4.697250607492228225e-01
-2.983039948041872336e-01
-2.374287125649058305e-01
-2.357647369949626703e-01
-2.123012002254477393e-01
-2.878386098941918547e-01
-1.572742323436114864e-01
-6.147562903424846209e-02
-2.578793259133140003e-02
1.847185811270804154e-02
1.576828995753243867e-01
2.774192401390865870e-01
3.649678686123226656e-01
5.702360780247235361e-01
3.010074668861236202e-01
3.486472434569544698e-01
4.983003365951742536e-01
5.283284978415969668e-01
5.551366937538514401e-01
4.895909169285419527e-01
4.602686141101614559e-01
3.008652606725055190e-01
2.123963715757356818e-01
3.327872796391243004e-01
3.896115259767394812e-01
3.633875103627303704e-01
1.890495501681373758e-01
3.410675481452790647e-01
5.924849389321639181e-01
6.352052905473670741e-01
4.008845900311386878e-01
3.660411033991737284e-01
2.525465595115917172e-01
4.392836892035230645e-01
4.192891119441985448e-01
2.297922696040788360e-01
1.272378525049764897e-01
6.832055269359978145e-02
4.827360327706431420e-02
2.645647250916748350e-01
2.518743945135480944e-01
2.422580044246632480e-01
1.155979828001445775e-01
5.317952824939416873e-02
2.837291100319588866e-02
5.878827041613531035e-02
4.329759206581921399e-02
2.226148799305832926e-01
2.845221095946483536e-01
6.149874059312387953e-02
3.038589107951514615e-02
-2.955892248927792509e-02
2.095361547927669654e-02
2.696912712672711598e-01
1.390092254846510798e-02
9.188158961767478247e-03
-1.976217947331908309e-01
-1.627699287473398371e-01
-3.418089041744196144e-01
-2.558056662344715404e-01
-2.597025008007944891e-01
-3.580901649131289499e-01
-3.381357138591815081e-01
-1.976217879713238479e-01
-2.234585172738774439e-01
-1.986033542969428412e-01
-9.608059125970112857e-02
-6.156699201449490622e-02
-1.679560083679385585e-01
-6.873439651546174589e-02
-9.783380937595013982e-02
1.032978394405565242e-01
1.355663716047632583e-01
1.101753426465117425e-01
2.626402642346508526e-02
2.183604481035378297e-02
-9.307545263000124858e-02
-1.492442667846010651e-01
-2.568165281371494468e-01
-4.022903165865996944e-01
-5.406143038182208427e-01
-5.076363540281152442e-01
-5.103860164354745432e-01
-6.721344539989250189e-01
-4.845762055040736538e-01
-4.255186560117202310e-01
-3.853710704250373764e-01
-1.523450387362871306e-01
-1.352478482397563575e-01
-1.336707201167440240e-01
-3.764742634060855297e-02
-2.109587436484312295e-01
-3.212796205872575639e-01
-1.658391155409310591e-01
-1.172439874815060096e-01
-2.952340055602136748e-01
-1.986278803420208350e-01
-1.037888451910783938e-01
-4.482836231946845662e-01
-3.005044595277103214e-01
-5.240870298240029035e-01
-4.962301655426271108e-01
-5.376070981904054191e-01
-5.716467815587945589e-01
-4.132646690383391386e-01
-4.625421887799887055e-01
-3.224405796900790544e-01
-3.303337577616006770e-01
-3.298813588919404238e-01
-5.128979029931000078e-01
-5.060754559107183415e-01
-6.088134163223172246e-01
-5.842580776733892201e-01
-3.114161843799463369e-01
-4.944582546026256575e-01
-6.667187118625120812e-01
-8.034162910109112765e-01
-7.603714878027072466e-01
-6.366968471853932110e-01
-6.995734271834371798e-01
-6.452800166992709308e-01
-5.180981006877026784e-01
-3.683762729122488366e-01
-4.365259030935180751e-01
-4.499589471571419086e-01
-4.370759446774635792e-01
-5.327162269526632965e-01
-3.910265148656240641e-01
-5.370771951634221164e-01
-7.071045963993187744e-01
-6.727973900374886185e-01
-7.886301573920780905e-01
-5.429526532753740087e-01
-6.396253956914903505e-01
-6.620228299024567553e-01
-7.088695394008112105e-01
-6.763178390565323106e-01
-5.998497265170629200e-01
-5.144560993053266529e-01
-4.719952446316427741e-01
-3.367093393241864518e-01
-4.744428486312359805e-01
-5.765206761310470718e-01
-4.077046493280485628e-01
-4.758876575497292261e-01
-4.586247402978218535e-01
-6.221927726023124272e-01
-8.069000524180690581e-01
-7.824745025933528275e-01
-8.832915935368151894e-01
-1.003770294699266152e+00
-1.105052834560978248e+00
-1.150852022314677203e+00
-1.314369360034552292e+00
-1.326566067966346685e+00
-1.191228660160144281e+00
-1.131956655498265629e+00
-1.222816077702392867e+00
-1.256430294346694732e+00
-1.377187905460162787e+00
-1.349478704173189270e+00
-1.534492166696982851e+00
-1.329542999087941713e+00
-1.221312081624413182e+00
-1.255108564142528138e+00
-1.435758483966477428e+00
-1.544893275158990331e+00
-1.654673356167025489e+00
-1.680317302583842043e+00
-1.753627204573475984e+00
-1.762762979174355760e+00
-1.759579382798192038e+00
-1.576829082560173401e+00
-1.583227407490598315e+00
-1.509096960871478821e+00
-1.411564917922781381e+00
-1.359492523726967494e+00
-1.476166592125017551e+00
-1.536626654352721610e+00
-1.646276449552265930e+00
-1.623133004087775610e+00
-1.601658502273414664e+00
-1.532224064557328180e+00
-1.401010925038439270e+00
-1.313856690149926898e+00
-1.402479576880058865e+00
-1.298012486564554813e+00
-1.243641565009340644e+00
-1.332607756078797667e+00
-1.506959344739515760e+00
-1.429502705451183520e+00
-1.312688143009142161e+00
-1.296038032610860036e+00
-1.599105374437924221e+00
-1.533916895574098049e+00
-1.422230702717971473e+00
-1.463708547660082626e+00
-1.440416220050866336e+00
-1.486728845314071012e+00
-1.630178066374048607e+00
-1.617468520629833817e+00
-1.628383425820939756e+00
-1.504320077130707922e+00
-1.271067252197807029e+00
-1.258323500217144009e+00
-1.241654934833015700e+00
-1.039030965465935763e+00
-1.003697970124564742e+00
-1.177245999201951054e+00
-1.112105820038028714e+00
-1.226628716045372602e+00
-1.261202345988460927e+00
-9.892857061422198894e-01
-1.108171739830972946e+00
-1.198862378518433580e+00
-1.447437314599540725e+00
-1.446163071672830647e+00
-1.138208381697088711e+00
-9.674062235891471850e-01
-1.091624563504930201e+00
-1.216759640017781807e+00
-1.372703717237286458e+00
-1.418207770973878512e+00
-1.373207454539089989e+00
-1.300783900576073737e+00
-1.398970584819807295e+00
-1.497261163853469856e+00
-1.423746574878260729e+00
-1.141734714835181519e+00
-1.217607809627468285e+00
-1.064946370253707864e+00
-1.293728817477000970e+00
-1.238319365143448758e+00
-1.166970242790248635e+00
-1.120788518019570024e+00
-1.304393306038646783e+00
-1.437120067828212555e+00
-1.718786319416369723e+00
-1.600513482096184825e+00
-1.731295712700528178e+00
-1.475827060063486407e+00
-1.386661205299743571e+00
-1.245100368565807303e+00
-1.134056755826789331e+00
-1.098503911502726860e+00
-1.280097431213883086e+00
-9.565942862615863795e-01
-6.946953429571072203e-01
-6.731976617074858504e-01
-1.068288917600288768e+00
-8.478084432861771047e-01
-7.541955312585032489e-01
-1.149450423456685799e+00
-1.363864781771964241e+00
-1.761928268195307679e+00
-1.908360876953408614e+00
-1.757917344715291152e+00
-1.315776626208402522e+00
-1.105688975859898004e+00
-9.158094696588915395e-01
-1.001733737254588696e+00
-8.276941523651495380e-01
-1.320629478846774063e+00
-8.415328146231131345e-01
-1.001596788329803589e+00
-1.043885699942227463e+00
-1.060967688274312204e+00
-1.178392110092065348e+00
-1.030351519504252078e+00
-1.245645825837122134e+00
-1.666191845899086976e+00
-2.228474736961209679e+00
-2.300711208043214828e+00
-2.493060598939609296e+00
-2.452825718143931244e+00
-2.562504289343713992e+00
-2.385613276347017919e+00
-1.792523460974865257e+00
-1.947760249249077980e+00
-1.676618178430332451e+00
-2.101742555573419491e+00
-2.265272800068457215e+00
-2.203828347894539519e+00
-2.208064330330858471e+00
-1.592858250895504257e+00
-1.446490121540384699e+00
-1.176371181564842772e+00
-1.224108048392740900e+00
-1.001974596752638336e+00
-1.037198086199955238e+00
-1.205704124472055438e+00
-1.422541781891039081e+00
-1.473617313407019402e+00
-1.593350946383315536e+00
-1.503301421371134428e+00
-1.508321335796999563e+00
-1.247490986164069948e+00
-1.360176321868395322e+00
-1.543390078961356160e+00
-1.457487301461235507e+00
-9.458970264620596424e-01
-1.267665241513102448e+00
-1.355040138662808591e+00
-1.569695133873694637e+00
-1.380669373654296095e+00
-1.077916040298609879e+00
-1.240855161379759153e+00
-7.597967206692458619e-01
-7.448852667711149955e-01
-7.014528692354573547e-01
-5.699076424498912274e-01
-6.014470528648789838e-01
-8.375140244505292486e-01
-9.439400341021948471e-01
-1.696288942967687507e+00
-2.046522034991735239e+00
-1.630532023196080038e+00
-1.425387678832435112e+00
-1.321905678761653435e+00
-1.122806276294103789e+00
-5.279309481249229163e-01
-4.607544947759464882e-01
-3.336384222195452054e-01
-1.277875697640891595e+00
-1.496013243189532993e+00
-1.799485868416665690e+00
-1.485750972352037458e+00
-1.371817027411316614e+00
-1.702162642472085263e+00
-1.313243230148525953e+00
-1.630683750641441332e+00
-1.568793285606053578e+00
-1.790787663321697476e+00
-1.701951254250553269e+00
-1.627165097851934084e+00
-1.615516552185901400e+00
-1.811459244948351976e+00
-2.204258522822969635e+00
-2.536213588293348309e+00
-2.345207850571608965e+00
-2.439543411924307126e+00
-2.898916498133480957e+00
-2.885642705423348886e+00
-2.821959653459972461e+00
-2.565394371885771463e+00
-2.641126421060745688e+00
-2.685800483650316650e+00
-2.935947155625448168e+00
-2.613037304547735307e+00
-2.360340578398145261e+00
-1.934875435197150217e+00
-1.773484231566889280e+00
-2.403264116415686935e+00
-2.909292170640957576e+00
-3.073287686770020066e+00
-2.958416264314534860e+00
-2.640283259398297222e+00
-2.741990589553287005e+00
-2.898770390270499764e+00
-2.922362658093282217e+00
-2.916202231697846425e+00
-2.859073759662086101e+00
-3.193854535590002985e+00
-3.610089126222328026e+00
-3.762881184890531472e+00
-3.511458479782514797e+00
-3.303347701871247821e+00
-3.659874487337901883e+00
-3.967376164824181650e+00
-4.053803970262355172e+00
-4.023170602098444348e+00
-3.765424443653770936e+00
-3.214772418585777114e+00
-3.410495672250695165e+00
-3.652725587146354869e+00
-3.263371809827838366e+00
-3.324307394080849409e+00
-2.987863045917968918e+00
-3.379024308551465072e+00
-3.326552931772297050e+00
-3.530770435208695268e+00
-3.722572578189511816e+00
-4.151145685224411075e+00
-3.980567700232827022e+00
-4.140976852405224840e+00
-4.315384846302043442e+00
-4.306641675343887421e+00
-4.489321821714081118e+00
-4.615002019961650603e+00
-4.198014715713110689e+00
-4.010901772184226388e+00
-3.983797588456758909e+00
-3.928439810044920932e+00
-3.667244220131792076e+00
-3.540153512986954354e+00
-3.014676478089564515e+00
-3.060651043566579688e+00
-3.359437983739567812e+00
-3.330765796487241914e+00
-3.137554060309863058e+00
-2.725585100799673643e+00
-2.618541199326201330e+00
-2.771872122955743478e+00
-2.721177290942263127e+00
-2.643386659458477617e+00
-2.543865510287262488e+00
-2.279864737316311896e+00
-1.995315938430545222e+00
-1.740235452300154861e+00
-1.805737334507721226e+00
-1.785475816475939004e+00
-1.726002373078511676e+00
-2.231275047618007434e+00
-2.543530846374728149e+00
-2.476656744757598005e+00
-3.225087302585460947e+00
-3.427085815257545853e+00
-3.034145846356782084e+00
-3.259271895852138723e+00
-3.231155183786038609e+00
-3.450974623410507647e+00
-3.893861533068570413e+00
-3.948324396017216298e+00
-3.829020996464878923e+00
-3.612930943090087776e+00
-3.311409793331337781e+00
-3.022744762322783441e+00
-3.296479974465053697e+00
-3.010841417927696551e+00
-3.335680838189432063e+00
-3.467811890444755463e+00
-3.466905488229102161e+00
-3.965876571750780233e+00
-3.828142398872178997e+00
-3.507003908322631425e+00
-3.138977825938736643e+00
-3.448254264660987278e+00
-3.131684517837507897e+00
-3.291849717767347805e+00
-3.360245711796566948e+00
-3.823779467636581941e+00
-3.978692622572603810e+00
-3.875601225504498704e+00
-3.808381622975224978e+00
-4.109731583562034274e+00
-4.317723084757344232e+00
-4.072342525359745835e+00
-4.160626908686854364e+00
-4.569279180723444966e+00
-4.511602564358232037e+00
-4.504135305814405577e+00
-4.717686126561524418e+00
-5.014226287129175397e+00
-5.031116868896712724e+00
-5.101198609202814538e+00
-4.641076778889338783e+00
-4.712327407653654099e+00
-4.398480397724081392e+00
-4.531634621388105799e+00
-4.866645175493801823e+00
-4.786813907964140746e+00
-4.930917392397429211e+00
-4.630026691543818629e+00
-4.589355356838620281e+00
-4.659028428601394545e+00
-4.680187659558090019e+00
-4.669984671884778393e+00
-4.957916088544312316e+00
-5.374651876157695796e+00
-5.168869326598642289e+00
-5.165496891803052826e+00
-4.932188074637100073e+00
-4.955432841122984655e+00
-5.458406862716880248e+00
-5.547738962237905191e+00
-5.596871436638270580e+00
-5.372954006221716483e+00
-5.333443879637223439e+00
-5.165642305546395363e+00
-5.109143613109458748e+00
-4.846374198811893130e+00
-4.929215667802485434e+00
-4.595405118357965613e+00
-4.401099018502421245e+00
-4.148080296816057277e+00
-4.140600878741379276e+00
-4.132696007753380307e+00
-4.176851492995840687e+00
-4.318442661859614340e+00
-4.361463694235865773e+00
-4.082064269715239391e+00
-4.123845192734693299e+00
-4.431484450311537593e+00
-4.679097257569848622e+00
-4.908490002267130947e+00
-4.906075527336166253e+00
-4.298637930364659354e+00
-4.363007135406903103e+00
-4.024847184587872384e+00
-3.885524623460860916e+00
-3.940378009530730807e+00
-3.838578734114667323e+00
-3.855748654910780449e+00
-3.845650705294879401e+00
-4.200864427704376070e+00
-4.206884620649820050e+00
-4.037176464431571077e+00
-4.314816657404455746e+00
-4.373819410809928421e+00
-4.781906172661964938e+00
-4.732301221002373381e+00
-4.546636374853564533e+00
-4.304976935022790663e+00
-3.937055460711080812e+00
-4.207280663840767154e+00
-4.106653225266965634e+00
-3.842539466015609584e+00
-4.073615054961941873e+00
-4.395733328540806006e+00
-4.577163402230859823e+00
-4.672021248156029927e+00
-4.895831969813564832e+00
-4.907305052988722771e+00
-4.910845059989769723e+00
-4.932679040162462059e+00
-4.811374289942516036e+00
-4.580664414261347517e+00
-4.363393450086467062e+00
-4.463719368437807589e+00
-4.407197619496656671e+00
-4.142712949617912699e+00
-3.994526231410516104e+00
-3.662516615566447697e+00
-3.536585081948152798e+00
-3.356853774308748317e+00
-3.583174502177045362e+00
-3.462493056482302212e+00
-3.090589412888955945e+00
-2.888681525738175271e+00
-3.066574381813159889e+00
-3.109809978916389994e+00
-3.212499565613407881e+00
-3.205798520677536789e+00
-3.214795288524485706e+00
-3.316017643883816923e+00
-3.361386182588327109e+00
-3.317124801985008808e+00
-2.864106778027471822e+00
-3.050774712633986141e+00
-2.672950174008756008e+00
-2.675683161907618679e+00
-2.676089229944849102e+00
-2.362212964741535970e+00
-2.507228276199160444e+00
-2.495066011365063563e+00
-2.563937044352754491e+00
-2.549337524348567641e+00
-2.507349232002150430e+00
-2.592592478238020526e+00
-2.608737739986989990e+00
-2.823393053532378794e+00
-3.205804260219607293e+00
-3.214909269852743723e+00
-3.362791907885408271e+00
-3.366942609460110702e+00
-3.645131531626063293e+00
-3.955351556893754950e+00
-3.842481408544500709e+00
-3.551812048129785016e+00
-3.283662974418017466e+00
-3.429256139280750570e+00
-3.272466858890652031e+00
-3.339471061438124444e+00
-3.659516103897735739e+00
-3.699700321389944424e+00
-3.758475927313415621e+00
-3.858046178379304081e+00
-3.715777964702225766e+00
-3.338813525397375415e+00
-3.241042082068933627e+00
-3.289994523482417943e+00
-3.394317080502692985e+00
-3.507136393937982710e+00
-3.511540790739294149e+00
-3.350939775342328897e+00
-3.276486537201240612e+00
-3.193117939081056456e+00
-3.335291335278811164e+00
-3.155888905721918380e+00
-2.767026667342666446e+00
-2.590007227058870320e+00
-2.672492074287605490e+00
-2.511103378308016332e+00
-2.557676993213540584e+00
-2.827321180577509363e+00
-2.788724753383744481e+00
-2.829969262440229727e+00
-2.930179024589715464e+00
-2.788743226365651307e+00
-2.610206906656061143e+00
-2.586761043074575994e+00
-3.008981519252058145e+00
-3.097329346875911327e+00
-2.982751612551593379e+00
-3.149176449982000747e+00
-3.309864699321912518e+00
-3.704159923098034213e+00
-3.449826575352317626e+00
-3.424297620380095886e+00
-3.693275532670074579e+00
-3.672449296235665184e+00
-3.525060716476264844e+00
-3.773282047177735521e+00
-3.822501870777548216e+00
-3.839913846716500601e+00
-3.933406450620602790e+00
-3.883801387974074260e+00
-3.864049896329784684e+00
-3.790600796075233703e+00
-3.389445487633512055e+00
-3.492027175274168727e+00
-3.477311955678269229e+00
-3.519738302532671170e+00
-3.546528266561800535e+00
-3.458724161802299690e+00
-3.361463395437839896e+00
-3.014364126666853494e+00
-2.772012174366619508e+00
-2.694665147340268518e+00
-2.395648189686618856e+00
-2.253598586508010371e+00
-2.127509454900568642e+00
-1.844111532097894468e+00
-1.894510600221936292e+00
-1.799608665696131427e+00
-1.774334889442475527e+00
-1.492056654716425790e+00
-1.732124289053853738e+00
-1.660207618660931361e+00
-1.423031517974362226e+00
-1.452925862632834964e+00
-1.462423081252705925e+00
-1.700444590359721841e+00
-1.563565594851815455e+00
-1.664248939998568932e+00
-1.784468722888317149e+00
-2.054473390862282756e+00
-2.202034176127412479e+00
-1.774486765678224387e+00
-1.522621467425224306e+00
-1.197097663394846911e+00
-1.190111480354191009e+00
-1.199563024282783052e+00
-1.208550018929586356e+00
-1.398811247073770803e+00
-1.356301130692948220e+00
-1.348342660058816866e+00
-1.220728464438331828e+00
-1.014853112782028832e+00
-1.356435872399159859e+00
-1.610491902097248573e+00
-1.669684476333924472e+00
-1.696430143397736456e+00
-1.767927736437685526e+00
-1.984333024741302465e+00
-1.871967537870629750e+00
-2.009769367861802714e+00
-1.909946032059360199e+00
-2.031590513795384467e+00
-1.976494233257344302e+00
-2.097958691794567176e+00
-2.077880193977586387e+00
-2.097309559214219021e+00
-2.115766946041782504e+00
-2.107707944755698559e+00
-1.777335671132878714e+00
-1.663549444547114620e+00
-1.593590475206890122e+00
-1.204513332750242416e+00
-1.254612665315041120e+00
-1.256474321792706128e+00
-1.401585345738203037e+00
-1.540089368765523270e+00
-1.547421215593587362e+00
-1.868210126565806206e+00
-1.856914234901657856e+00
-2.149684033816409823e+00
-2.008037389716037513e+00
-2.093449657544260489e+00
-2.283186163116462719e+00
-1.909095918615293819e+00
-1.672670234093348363e+00
-1.519438205722249302e+00
-1.354963421240010790e+00
-1.168792915500323382e+00
-1.085295948203365723e+00
-1.205656631846098392e+00
-1.526388102379311107e+00
-1.431591973862675671e+00
-1.323608185708907703e+00
-1.320794233870314027e+00
-1.321278593086206099e+00
-1.553957321965927063e+00
-1.780453904662535392e+00
-2.108295524363645868e+00
-1.993950086550851930e+00
-2.043760117985365721e+00
-2.114388879179957215e+00
-1.736893442826123568e+00
-1.106660732952959192e+00
-7.470750596575247426e-01
-7.957244202307313108e-01
-9.676262214766262471e-01
-1.030390018653463358e+00
-1.242480296136605489e+00
-1.217326117090591575e+00
-1.183501368151889999e+00
-1.065140870551965158e+00
-1.135144774970676229e+00
-9.945888264544415769e-01
-9.109678296033325573e-01
-7.736888295960535622e-01
-5.983921274396502010e-01
-6.458142938303558234e-01
-7.170948767267950608e-01
-4.166194508933672158e-01
-7.334392403642119029e-02
-1.098306940549044208e-01
-1.265875085112574093e-02
-4.920093960779353681e-01
-7.177746243773077683e-01
-8.830252737316504064e-01
-5.328757515424976665e-01
-4.579942759840995303e-01
-2.734087900344948086e-01
-7.421445955136807271e-02
2.233703227902215926e-02
-1.486564831480400584e-01
-1.675017698061856408e-01
-2.137423938294459869e-01
-2.383450609115736751e-01
-1.569206893992617369e-01
-5.626101492782678015e-01
-7.225945748646118716e-01
-7.561994798969016163e-01
-6.068458934407787719e-01
-4.829833882860025129e-01
-3.625846858984289045e-01
-6.090459763129815185e-01
-1.065177815761922497e+00
-1.478128647475454027e+00
-1.962020425255834200e+00
-1.982678613034690729e+00
-2.409844183716165933e+00
-2.329909250968682510e+00
-2.666939233275569698e+00
-2.758784191825039311e+00
-2.674127774976205796e+00
-2.529818233928795124e+00
-2.463089286215335516e+00
-2.489355878596656968e+00
-3.011621468174807248e+00
-3.031489362021182465e+00
-3.150228570282097351e+00
-3.138791738031647682e+00
-2.986892659421903851e+00
-2.906106424459649062e+00
-3.017819757350942211e+00
-3.239010784536209275e+00
-3.450573756428821692e+00
-3.512255791314874642e+00
-3.617604319209902997e+00
-3.721091143365295562e+00
-3.734865941580316040e+00
-3.615898725159663041e+00
-3.772345945931585121e+00
-3.455943596307233801e+00
-3.610962806310829443e+00
-3.464292377826266645e+00
-3.437313263340839420e+00
-3.440257058647377519e+00
-3.558944866144321928e+00
-3.410872738629074696e+00
-3.236462454785693055e+00
-2.861359961848768840e+00
-3.021921036387539505e+00
-3.068832647948743997e+00
-2.898855957514306247e+00
-3.124932683899084740e+00
-3.042636278525530980e+00
-3.098193541596600653e+00
-2.977235807862420813e+00
-2.699607743779534719e+00
-2.826478314384441415e+00
-2.774590027270252612e+00
-2.744738482134088997e+00
-2.591334038594924394e+00
-2.519948462614379547e+00
-2.630434710285948885e+00
-2.884811076320583201e+00
-2.818373871424347143e+00
-2.554823313542661012e+00
-2.307495217565698642e+00
-2.431932093301238940e+00
-2.524887136691953415e+00
-2.379605355708729331e+00
-2.590598657203957877e+00
-2.579303210703824956e+00
-2.487924068748828876e+00
-2.678511537366689232e+00
-2.821331025919187940e+00
-2.873763400045421523e+00
-3.144094731083212579e+00
-3.144411638581884993e+00
-3.083401889069167012e+00
-2.909553729744228434e+00
-2.688236476847308598e+00
-2.409109659827239458e+00
-2.417211047694320936e+00
-2.535478084816103372e+00
-2.581561926709558197e+00
-2.774138638680168079e+00
-2.967407082138207031e+00
-3.298766855349914540e+00
-3.279166076555658282e+00
-3.272986937946319230e+00
-3.506040661572536354e+00
-3.653612403776861584e+00
-3.611783655074068289e+00
-3.526570712854179224e+00
-3.686219464167112658e+00
-3.845797393414330578e+00
-3.798014889784548931e+00
-4.161444652821035817e+00
-4.208335798083544965e+00
-4.064190511916635273e+00
-3.465446291317051397e+00
-3.179625467263508920e+00
-3.326626996537083603e+00
-3.129563502750038584e+00
-3.183416451930508817e+00
-3.502456069260937443e+00
-3.563655515673804342e+00
-3.835579452126691269e+00
-4.087427841183322919e+00
-4.059423493783459236e+00
-4.299521660498871967e+00
-4.096434178016653327e+00
-4.269421865592843091e+00
-4.275370192054576357e+00
-4.233837022073668521e+00
-4.598880959819867442e+00
-4.821540526445876829e+00
-4.928029082118800197e+00
-5.216060658514112269e+00
-5.251639646527130445e+00
-4.894333170100139796e+00
-4.846629950098018114e+00
-4.910697755858239866e+00
-4.826124263298080308e+00
-4.444955024516306530e+00
-4.326223041694877480e+00
-4.031419312173034619e+00
-3.848991283474908265e+00
-3.939277391424395702e+00
-4.163582441605390372e+00
-4.004894602638349177e+00
-4.206818658387419418e+00
-4.341974583819395050e+00
-4.209648611317927447e+00
-3.958850699091238656e+00
-3.867185801311356919e+00
-4.056616257625035082e+00
-4.011377681580904131e+00
-4.173609990843183404e+00
-3.992179749206706596e+00
-3.968431865924339608e+00
-4.012944738036468451e+00
-4.004247624278810314e+00
-3.974410832676610106e+00
-4.250676552940165109e+00
-4.296238842831408888e+00
-4.403295317827170763e+00
-4.553756049537666328e+00
-4.686154041664365444e+00
-4.715140264986072083e+00
-4.419653408461945432e+00
-4.276609536488678032e+00
-4.208294055285640489e+00
-3.945527560730501815e+00
-3.949070305241923151e+00
-3.951164164993839378e+00
-3.778025099819092514e+00
-3.572548692717023133e+00
-3.455430592174033144e+00
-3.296363683440264314e+00
-3.117570643999210134e+00
-2.917206079418079412e+00
-3.263220393422469723e+00
-3.603244475036654570e+00
-3.929690658013674120e+00
-3.968811617244444090e+00
-3.658582071409322012e+00
-3.488858929059480474e+00
-3.791353413400887273e+00
-3.740448190536236783e+00
-3.774932417116488637e+00
-3.721449460933095921e+00
-3.519508458567801146e+00
-3.306812612727573875e+00
-3.132998586374487804e+00
-3.145673140128725453e+00
-3.107384111940804328e+00
-3.261761078198161634e+00
-3.507834032410193537e+00
-3.459933546091379597e+00
-3.474458306476561287e+00
-3.621811597589606357e+00
-3.461784395959791816e+00
-3.381001272196261009e+00
-3.217099878494960929e+00
-3.347616886766060951e+00
-3.264826967227963284e+00
-3.031765228437299786e+00
-3.073003395052045672e+00
-3.272835242714462023e+00
-3.271005281351262894e+00
-3.173901177206913893e+00
-3.008033932344293948e+00
-3.016831089913573294e+00
-3.300030341283930468e+00
-3.517452438422657757e+00
-3.492604122736100880e+00
-3.589810031689955050e+00
-3.680835363985992537e+00
-3.673794850645486498e+00
-3.944445381315814458e+00
-3.959908687247369663e+00
-4.204223840872987950e+00
-4.175805755620398685e+00
-4.160553387398882030e+00
-4.237503314995215042e+00
-4.150795153621121614e+00
-4.225025438568081881e+00
-4.223137317747721831e+00
-4.344692217889846830e+00
-4.164353536648801146e+00
-4.021131211789565008e+00
-3.737317634665614285e+00
-3.862718331248460757e+00
-3.771205556015866822e+00
-3.801160342821830795e+00
-3.663062719292121017e+00
-3.741412207179682259e+00
-3.654067879462510327e+00
-3.712362601850462962e+00
-3.980985718831962838e+00
-3.875280736408999172e+00
-3.862161537942486955e+00
-4.138633667789128445e+00
-4.356981800517767844e+00
-4.460246526750130336e+00
-4.416772944172858040e+00
-4.252763068581470129e+00
-4.171539760229648230e+00
-3.945821926488758624e+00
-4.247378408597359822e+00
-4.180521757726617160e+00
-4.320849746057543683e+00
-4.430932633979164592e+00
-4.146749319127042810e+00
-4.164329571680813302e+00
-4.101532545948629149e+00
-3.888867044701962872e+00
-4.028887147043829664e+00
-4.107094422310503035e+00
-4.001769600983353214e+00
-3.757152340108181665e+00
-3.530873315777296906e+00
-3.374682176361226915e+00
-3.557956452585615992e+00
-3.602912679711039345e+00
-3.994486633689906530e+00
-3.987445516523120848e+00
-3.942159419303692403e+00
-3.961568095128866318e+00
-3.959007371186856084e+00
-4.054370274707114419e+00
-3.908292800890930341e+00
-3.930002237963997835e+00
-3.853376403675652817e+00
-3.941450443824163319e+00
-4.014934692178685260e+00
-3.773035344687428072e+00
-3.899983411558788138e+00
-4.116122597691603602e+00
-3.968613875290733173e+00
-3.743248592987652668e+00
-3.891435387075274477e+00
-3.913828751802729489e+00
-3.842760734814044898e+00
-3.645854114915451305e+00
-3.690811250684005174e+00
-3.657235405069588108e+00
-3.648182267039674187e+00
-3.358416841863019364e+00
-3.541391413879779293e+00
-3.630731876273566527e+00
-4.042464948181902606e+00
-4.523747375641044677e+00
-4.680924598122548019e+00
-4.725940958510057577e+00
-4.814345897888387071e+00
-5.181295223801787309e+00
-5.285487294614767073e+00
-5.233062261032445761e+00
-5.082558145985695219e+00
-5.016625709834922731e+00
-5.152853064144393258e+00
-5.197197626699838757e+00
-4.858758136602235211e+00
-4.828993697532222740e+00
-4.693962906641062638e+00
-4.792437396515300208e+00
-4.571887721541559202e+00
-4.572882205772990538e+00
-4.587563274945821945e+00
-4.707738022778946707e+00
-4.796863683444064996e+00
-5.098987607756133578e+00
-4.999759918715862561e+00
-4.865335360427801348e+00
-4.704275771718533505e+00
-4.778846230575612530e+00
-4.822226498042557097e+00
-4.845098228035376486e+00
-4.613387493053140886e+00
-4.860967925357731367e+00
-5.151505066532714672e+00
-5.300251350791459259e+00
-5.693654683952362738e+00
-6.046386178812631407e+00
-6.045132696188598054e+00
-6.262806316770127779e+00
-6.460118129533494624e+00
-6.542410244799508057e+00
-6.818697158817240478e+00
-6.870394652632476173e+00
-6.983007084929393926e+00
-6.902381000114914400e+00
-6.972807991055158361e+00
-7.325576739378710123e+00
-7.429816751547678066e+00
-7.670752067731143597e+00
-7.736087144107617775e+00
-7.680081907144343134e+00
-7.616745967832018849e+00
-7.852379418250162502e+00
-7.972897792356088864e+00
-7.892445062554124924e+00
-8.033580105882000666e+00
-8.150294745360156412e+00
-8.137723276307992748e+00
-8.393141120897874785e+00
-8.406310226408169939e+00
-8.377466036661644466e+00
-8.224476033764865690e+00
-8.142424825608044259e+00
-7.888290468888180307e+00
-7.960300841893729995e+00
-7.933889480941273220e+00
-8.036882233535079578e+00
-8.078583463592849512e+00
-8.049489751339798715e+00
-7.845735053419978122e+00
-7.932773661573161661e+00
-8.017946163743314258e+00
-8.241446589802713163e+00
-8.132320655777830254e+00
-8.000012173845963304e+00
-8.183508556653849908e+00
-8.141454873611882803e+00
-8.038540750086156095e+00
-8.061718383740519300e+00
-7.969176197210013690e+00
-8.159969753981986429e+00
-8.113618910502850667e+00
-8.136545781063498239e+00
-8.242148430055207697e+00
-8.238371320272140252e+00
-8.269615836621024840e+00
-8.403587568786385020e+00
-8.440303680462218239e+00
-8.579024279193966152e+00
-8.588129801075274017e+00
-8.377077693586612028e+00
-8.491706072436919328e+00
-8.494302296469417257e+00
-8.647101754216574676e+00
-8.381995627755994605e+00
-8.319765694324651406e+00
-8.282724936673336202e+00
-8.403073776337976142e+00
-8.295939304180004470e+00
-8.197964489011784650e+00
-8.253315590333146545e+00
-8.432103227885804131e+00
-8.300180603833002380e+00
-8.162172605369640621e+00
-7.911528181867629961e+00
-7.637577200690159884e+00
-7.662633401402331401e+00
-7.604329827360690963e+00
-7.657226637776345157e+00
-7.665636721928873243e+00
-7.791472124205376382e+00
-7.952355608002041443e+00
-8.009339863214272270e+00
-8.167625327139205638e+00
-8.000611687540581940e+00
-8.169874301691557150e+00
-8.127653308068765625e+00
-8.090303445726938492e+00
-8.027252058965018477e+00
-7.953440599818378587e+00
-7.989735733448283028e+00
-7.782271321731510483e+00
-7.683397770079158029e+00
-7.652851904984162346e+00
-7.619297954183049448e+00
-7.749800468454405511e+00
-7.742683172325753205e+00
-7.956759691358298525e+00
-7.922738250349084410e+00
-8.045500066722695465e+00
-8.296612846819009235e+00
-8.278511261977842040e+00
-8.532127093092967129e+00
-8.348600686378269131e+00
-8.165751252999367438e+00
-8.031647426737148265e+00
-7.905130385029426776e+00
-7.946724899209623771e+00
-7.555267175084923181e+00
-7.445689019754500038e+00
-7.299447867113027399e+00
-7.200388698874572668e+00
-7.398515555948872446e+00
-7.151168144327251674e+00
-7.154352895305354565e+00
-7.119261056355044914e+00
-7.303368666771281603e+00
-7.203812181173942619e+00
-7.056564479385041722e+00
-7.141262464502438512e+00
-7.306250813700136071e+00
-7.316512185041141869e+00
-7.237713571765208798e+00
-7.308396296496750821e+00
-7.340504313443852347e+00
-7.107784840048215536e+00
-6.854022013228139976e+00
-6.901840825154844872e+00
-6.992708031288756843e+00
-7.201909325675639906e+00
-7.071488896931801271e+00
-7.124278618110988504e+00
-7.406160497064440129e+00
-7.541427324421682066e+00
-7.628462044164475486e+00
-7.659390532281390662e+00
-7.318597303351735306e+00
-7.186771164149855728e+00
-7.316030337133461181e+00
-7.242482411363072359e+00
-7.340693230309213391e+00
-7.451129943634258623e+00
-7.402900806582972670e+00
-7.504751174472994002e+00
-7.352356115076888798e+00
-7.197673675744072241e+00
-7.025440975524909426e+00
-7.100092941744374997e+00
-7.290835048005833485e+00
-7.362212844500755971e+00
-7.406416347563467895e+00
-7.310279113744083901e+00
-7.281927792005281397e+00
-7.185789570082966371e+00
-7.247899626990214728e+00
-7.257266592093413848e+00
-7.162014621176759910e+00
-7.196767425215392144e+00
-7.172847726006545521e+00
-7.230983446687705651e+00
-7.154416163339107015e+00
-7.065162837828385278e+00
-7.051067783924669818e+00
-7.008397661817401314e+00
-6.736363105375896332e+00
-6.655893756013729679e+00
-6.610612916773920489e+00
-6.462183799548496310e+00
-6.389349200010313368e+00
-6.324100472290545838e+00
-6.546322098650614763e+00
-6.605263771119250116e+00
-6.607090485057412366e+00
-6.509649982681098734e+00
-6.629970191828654436e+00
-6.822095444140822806e+00
-6.617004020340101711e+00
-6.704356881203461960e+00
-6.760420068420065043e+00
-6.771943233096030745e+00
-6.656194836651662783e+00
-6.731925682028907509e+00
-6.646715263953777431e+00
-6.565914994235853896e+00
-6.418631039350760403e+00
-6.608876867089351848e+00
-6.793317770541879241e+00
-6.776584863018054961e+00
-6.826717176832987732e+00
-7.002605944104585589e+00
-6.925546695410675468e+00
-6.973263988550282733e+00
-6.844734393353909319e+00
-6.796685391956788003e+00
-6.771955975103391978e+00
-6.671295581596669244e+00
-6.677138556798000835e+00
-6.664680206986307809e+00
-6.565637957254502055e+00
-6.389342937645773546e+00
-6.483667340233282061e+00
-6.450258326407510623e+00
-6.419510421772762321e+00
-6.310075280488776528e+00
-6.362729318655340194e+00
-6.347596927268249978e+00
-6.381071977688990593e+00
-6.617354137764651867e+00
-6.644961041833041371e+00
-6.811782126220432332e+00
-6.898358190295804881e+00
-6.749443215745987601e+00
-6.631253677643872635e+00
-6.622477535806648774e+00
-6.545423885303033984e+00
-6.499110206609515217e+00
-6.549744219031982340e+00
-6.570378024640517012e+00
-6.475219613892610582e+00
-6.341576321266855665e+00
-6.318007291131045200e+00
-6.348134567749887935e+00
-6.444971073342060208e+00
-6.718554610054886744e+00
-6.836619833863087692e+00
-6.896298207900850130e+00
-6.836535670201825177e+00
-6.637847913488558405e+00
-6.801638689992985931e+00
-7.032192196566846576e+00
-6.836678845118291825e+00
-6.958198146958501695e+00
-6.992248441538023940e+00
-7.216368041586384230e+00
-7.398019304852549993e+00
-7.439154437631180450e+00
-7.539642896128788685e+00
-7.526233611556553349e+00
-7.552961332806012784e+00
-7.455151549908066499e+00
-7.473962113335864466e+00
-7.313836306937992582e+00
-7.154180478341856997e+00
-7.233123018134755888e+00
-7.183970287092273033e+00
-7.293629629422814453e+00
-7.480085562102806840e+00
-7.436666226897851395e+00
-7.328009254220718915e+00
-7.365953462298016952e+00
-7.264768660642049625e+00
-7.415247937021019808e+00
-7.539039890765057095e+00
-7.406232906177513620e+00
-7.455072545952798890e+00
-7.462017719547279881e+00
-7.496619583981571466e+00
-7.538208612044316581e+00
-7.557112823384577460e+00
-7.652664063894349056e+00
-7.692482071334201699e+00
-7.633595931846418381e+00
-7.874390634221027696e+00
-7.931875064775943507e+00
-8.104346524491965909e+00
-8.484270671213192117e+00
-8.491411865205959586e+00
-8.508973305850584978e+00
-8.638726747867556455e+00
-8.471046007410574674e+00
-8.399720298208567471e+00
-8.231278439304517747e+00
-8.221469930229822864e+00
-8.095710544266710329e+00
-8.032761480296805701e+00
-8.083927087801242806e+00
-8.220510490567120243e+00
-8.059960252603396214e+00
-8.005243689257660833e+00
-8.026730891010304347e+00
-7.931181591999963310e+00
-7.997342656200809863e+00
-7.832542980919100728e+00
-8.017641307462172406e+00
-8.115541637436885836e+00
-8.181504105721538522e+00
-8.136474544288734734e+00
-8.202024105686302136e+00
-8.207170179142856625e+00
-7.932815179772109815e+00
-7.869432482924158201e+00
-7.817910907239362217e+00
-7.676563468333926110e+00
-7.319164976861840088e+00
-7.335272062444365027e+00
-7.443589692929034385e+00
-7.571706945196074123e+00
-7.726533266348257101e+00
-7.603844580974650214e+00
-7.561563180368082726e+00
-7.651871191171813358e+00
-7.664598103006657226e+00
-7.705041659211193661e+00
-7.481581266324490720e+00
-7.440752637544187031e+00
-7.264692130956015070e+00
-7.316369245959369216e+00
-7.499708894223804378e+00
-7.741250740775494243e+00
-7.940968784220184595e+00
-7.950932446533166775e+00
-8.065755581368883043e+00
-8.109206006785440124e+00
-8.154891754756331324e+00
-8.343724214674589135e+00
-8.495141240278636374e+00
-8.379853881035728591e+00
-8.255811269153888077e+00
-8.064913965800503348e+00
-8.081082933371526167e+00
-7.943461457564851003e+00
-8.086003099446982034e+00
-8.087251675749392632e+00
-7.860065563157651702e+00
-7.946352939667373327e+00
-7.818568477010182427e+00
-7.930129355521752466e+00
-7.801913923753507341e+00
-7.803807433444784891e+00
-7.786352042448431376e+00
-7.858189837483653406e+00
-7.860154799848629636e+00
-7.806519461401718374e+00
-7.906057918523881511e+00
-7.833801647349891262e+00
-8.027638926064222247e+00
-7.981616390219979706e+00
-7.838061478507983182e+00
-7.793033754683484027e+00
-7.929583522916173521e+00
-8.064237734338703945e+00
-8.168672616792045815e+00
-7.975339939651933108e+00
-7.819110106075202182e+00
-7.646904233531990336e+00
-7.531877218732617507e+00
-7.567541246244221753e+00
-7.447254017728043962e+00
-7.488725723679724666e+00
-7.334141286541868254e+00
-7.445781788109020916e+00
-7.617159732399075622e+00
-7.826646763655151773e+00
-7.845674086094100552e+00
-7.909471316552958875e+00
-7.997831741521881810e+00
-8.001574818968546055e+00
-7.604747462929143609e+00
-7.504878358320837606e+00
-7.337523896041549420e+00
-7.445536492887971924e+00
-7.379477225467992341e+00
-7.480932285685109484e+00
-7.385919725453997664e+00
-7.263076455104076068e+00
-7.303992400553460662e+00
-7.435552136116246658e+00
-7.378016385180444559e+00
-7.380475570105364369e+00
-7.158511489590015486e+00
-7.218171131595299883e+00
-7.174274053607329726e+00
-7.283606373383564758e+00
-7.309440344783449284e+00
-7.582740671193215043e+00
-7.514082254923099669e+00
-7.450213173965339664e+00
-7.446126190178038229e+00
-7.447743850988036485e+00
-7.245251190330632696e+00
-6.986382292541814643e+00
-6.862960131550885023e+00
-7.007756857836394460e+00
-7.049173421481638613e+00
-6.989212514596403913e+00
-6.912193582950532544e+00
-6.854033657565617332e+00
-6.682647960027598977e+00
-6.848747600717628004e+00
-7.088149071672345869e+00
-7.059410993684276825e+00
-6.953961785078637270e+00
-6.749884782642925352e+00
-6.740565278408444883e+00
-6.684444348373991041e+00
-6.650501414105571385e+00
-6.340169670222213227e+00
-6.245673501592734489e+00
-6.288494240160600768e+00
-6.475416324604428731e+00
-6.620662038445376041e+00
-6.535713398799087415e+00
-6.664352667866397795e+00
-6.668357622206629642e+00
-6.809646356585894900e+00
-6.842320143714928804e+00
-6.960741710217559941e+00
-6.866859000469479390e+00
-6.816982132781758352e+00
-6.773293813506175098e+00
-6.714921849125762066e+00
-6.490989935268839162e+00
-6.610108063636466191e+00
-6.694553140902076649e+00
-6.705640355592827895e+00
-6.875720353209396229e+00
-6.807677427583662677e+00
-6.852464118311898389e+00
-6.947486715265717372e+00
-6.864661743584227871e+00
-6.719762883998547487e+00
-6.460902251710262334e+00
-6.322340144653596283e+00
-6.290293465143332874e+00
-6.311712411902005826e+00
-6.182937469216952309e+00
-6.102163873167842922e+00
-5.923804307557954729e+00
-6.020203423332668002e+00
-6.075125935600734550e+00
-6.169277517627962837e+00
-6.131734387039418976e+00
-5.952032788414097553e+00
-5.935472396610866674e+00
-5.943026811768161721e+00
-5.966199497437425947e+00
-5.954377928613068249e+00
-5.887555563088191057e+00
-5.825643549295778989e+00
-6.044414428226139613e+00
-6.106584211078965652e+00
-5.975343718144208616e+00
-6.005564207921528563e+00
-6.195260037515391005e+00
-6.228474801953375994e+00
-6.190244253216342862e+00
-6.144717461896567201e+00
-6.038838451886491043e+00
-5.859679965733264773e+00
-5.788225466613935666e+00
-5.687272661816379582e+00
-5.515765058122602760e+00
-5.700842548633629825e+00
-5.705609615298889103e+00
-5.832815029343316304e+00
-5.904079234455273273e+00
-5.810122535536144994e+00
-5.911662356002799434e+00
-5.886500319241664947e+00
-5.875298572886088699e+00
-5.952112698156183157e+00
-5.837620937178206404e+00
-5.676568776415187756e+00
-5.776380205499705767e+00
-5.641081372193315069e+00
-5.513216141548023863e+00
-5.462435404084353685e+00
-5.528246603217905175e+00
-5.479289703547625123e+00
-5.588793599789167565e+00
-5.681434167678050429e+00
-5.496628434059161350e+00
-5.290118307187025692e+00
-5.267493905428096923e+00
-5.384028826496177977e+00
-5.401062553680604950e+00
-5.712663153063041399e+00
-5.814853161176741558e+00
-5.882561509082487206e+00
-5.570142401947009603e+00
-5.549561240405130214e+00
-5.811285819480666248e+00
-5.866817880910883076e+00
-5.664012889762718217e+00
-5.875147025267186685e+00
-5.603083928266735292e+00
-5.589716330612631623e+00
-5.646410614133987593e+00
-5.472940155191327705e+00
-5.431058188604674264e+00
-5.496339600558398431e+00
-5.471775262653821414e+00
-5.445237439925214140e+00
-5.537282140965908539e+00
-5.634188312686005062e+00
-5.533791483031194502e+00
-5.637438187453816418e+00
-5.576379547432050110e+00
-5.729522452394200549e+00
-5.805055088578943590e+00
-5.933680722304337074e+00
-5.866873283761549374e+00
-5.857247817817603064e+00
-5.935297528056251437e+00
-5.898306091782067995e+00
-5.848833004642806976e+00
-5.602297015823245907e+00
-5.536737730295024917e+00
-5.527256955684442197e+00
-5.623143105249052809e+00
-5.760457729429447227e+00
-5.685965943629296859e+00
-5.640628367006558896e+00
-5.560704216967078395e+00
-5.496366367735472380e+00
-5.233273241439277967e+00
-5.044636392155676496e+00
-4.950624097777858168e+00
-4.835417225102554006e+00
-4.763086649446286458e+00
-4.721041436175669403e+00
-4.704796853376175925e+00
-4.806311148986109671e+00
-4.853406256246888262e+00
-4.795843578138277330e+00
-4.528583283012030059e+00
-4.490277533457598835e+00
-4.399962259492983918e+00
-4.597314215989827701e+00
-4.756405379174782233e+00
-4.666220534849385260e+00
-4.536929217749715804e+00
-4.614402220137215238e+00
-4.768184403925191717e+00
-4.766842995036601138e+00
-5.017571025664183004e+00
-4.933049046413145788e+00
-5.020489446296224401e+00
-5.085453324552023702e+00
-5.203232425129011851e+00
-5.279293888146966651e+00
-5.209024873381799203e+00
-5.244185385844730263e+00
-5.511751172010278310e+00
-5.826395123443061763e+00
-5.766336412637333098e+00
-5.654911940885764210e+00
-5.416790897819210748e+00
-5.366907431138518980e+00
-5.474906471437140709e+00
-5.471694221094293376e+00
-5.288720097410021026e+00
-5.294774637116498539e+00
-5.195673623230190330e+00
-5.087089091543329999e+00
-5.063709052001454936e+00
-5.219809860428092030e+00
-5.311846297471461753e+00
-5.352156630524187442e+00
-5.230297096649962896e+00
-5.096147214951045612e+00
-4.931409401240864909e+00
-4.981503356425201368e+00
-5.196699269967543167e+00
-5.128756578055128301e+00
-4.967617456904958928e+00
-4.715627122414445260e+00
-4.773631442215620524e+00
-4.823085318970259827e+00
-5.123993377711511421e+00
-5.092366102319423327e+00
-5.179043450937040660e+00
-5.135649346525752890e+00
-5.146915619672859599e+00
-5.131968609841688789e+00
-5.115103275990311005e+00
-5.165678865913532647e+00
-5.333505462031384425e+00
-5.466407437634929423e+00
-5.524725529388890166e+00
-5.777169065866640807e+00
-5.831913005964185714e+00
-5.731150074157659979e+00
-5.857959152236762002e+00
-5.901678378443901529e+00
-5.993787494954950112e+00
-6.169884101339377480e+00
-6.130656718578892495e+00
-5.925031110803913315e+00
-6.032869798595092981e+00
-6.145325979633534885e+00
-6.073972077746065068e+00
-6.100560972048168829e+00
-6.148367602953366706e+00
-6.133164058669860808e+00
-6.045628946244770319e+00
-6.009201730761862592e+00
-6.079486333870054438e+00
-6.099870493393344972e+00
-6.116163475797400828e+00
-6.289655501065113619e+00
-6.319503238359587272e+00
-6.491366179041351714e+00
-6.367431150238596516e+00
-6.432642398881292856e+00
-6.619909033152410416e+00
-6.805211150177304269e+00
-7.018907365414301047e+00
-7.289203564798191870e+00
-7.550795781036991450e+00
-7.472825772349826146e+00
-7.484434833868154335e+00
-7.448752944112985830e+00
-7.624073092069938440e+00
-7.588918706713666751e+00
-7.700219803386924688e+00
-7.869321615627061561e+00
-7.967971569869588322e+00
-8.099558980169870637e+00
-8.154962903415984954e+00
-8.245210044474452715e+00
-8.173671937244989749e+00
-7.982753670052002093e+00
-8.052490852420206124e+00
-8.095853043039532793e+00
-8.089398458388719959e+00
-8.220973931300013859e+00
-8.489384297135286417e+00
-8.522331140488127232e+00
-8.420997204414028658e+00
-8.623545001231763152e+00
-8.570158982724962016e+00
-8.537118160352841656e+00
-8.653396398411432600e+00
-8.723670642874752801e+00
-8.917761944066317170e+00
-9.036606225985375218e+00
-9.065402115036256703e+00
-9.198655303621354307e+00
-9.136084154417638103e+00
-9.431211648156935468e+00
-9.546445874532464515e+00
-9.637421365515494998e+00
-9.836627962240262590e+00
-9.857476072909568288e+00
-9.805798957080334333e+00
-9.656296313285801958e+00
-9.907391076783961026e+00
-9.974300807553188264e+00
-9.917058400596651779e+00
-9.683068495868704773e+00
-9.703888615898351944e+00
-9.976599974305363716e+00
-1.020607772104152922e+01
-1.032761764149751649e+01
-1.046528048376151077e+01
-1.040398237628978428e+01
-1.039589495585422618e+01
-1.068153889034479320e+01
-1.066898721847187304e+01
-1.076378133931289760e+01
-1.103998660584307068e+01
-1.121076878447910552e+01
-1.149978324315504175e+01
-1.161171295788290436e+01
-1.140321633737935159e+01
-1.153642298963278812e+01
-1.156288401542995281e+01
-1.171200358621276649e+01
-1.180147986384357317e+01
-1.175353663240794511e+01
-1.165609351895717083e+01
-1.167357972821888090e+01
-1.159311817889154028e+01
-1.165300683637012646e+01
-1.163611374248208108e+01
-1.163745422486566561e+01
-1.136635082306118072e+01
-1.135672669465981421e+01
-1.128855944876014838e+01
-1.145086361901789296e+01
-1.151859565382745387e+01
-1.150463555923974113e+01
-1.142715129221478598e+01
-1.134093875911481852e+01
-1.142030790278652752e+01
-1.152435152463224988e+01
-1.160327836719211625e+01
-1.151803056139350723e+01
-1.141717534488731367e+01
-1.126720860684513603e+01
-1.107965192710311797e+01
-1.101067542052979675e+01
-1.098151320055945490e+01
-1.086750778780339743e+01
-1.080604560400487202e+01
-1.113366224051396536e+01
-1.126003084023174949e+01
-1.137832207419141817e+01
-1.124919316207380149e+01
-1.119188111433112809e+01
-1.114061486153305403e+01
-1.123116814624873250e+01
-1.133563076861260832e+01
-1.119547543379206545e+01
-1.111156281351341590e+01
-1.116332158918368833e+01
-1.107637050444150972e+01
-1.098721681963235852e+01
-1.109183670480849315e+01
-1.118536144199038951e+01
-1.115921619018888933e+01
-1.100668942101500569e+01
-1.080618263004480006e+01
-1.075105581463135174e+01
-1.066788374495341962e+01
-1.065464316367977204e+01
-1.058095405669055111e+01
-1.044977701641978207e+01
-1.045990434840348371e+01
-1.033798997843984324e+01
-1.042485891055788194e+01
-1.048646370745318990e+01
-1.057973328314158401e+01
-1.059734538431502671e+01
-1.044485101561443230e+01
-1.047239456037411998e+01
-1.028687937592731494e+01
-1.014008965270823204e+01
-1.022039045529597523e+01
-1.006367099711830271e+01
-1.024357109657954901e+01
-1.015559060935716751e+01
-1.020297562011128356e+01
-1.039316258606519128e+01
-1.035096767686109764e+01
-1.052588474563990673e+01
-1.068288048500437171e+01
-1.057934282530220571e+01
-1.033306737101103323e+01
-1.032383267738327959e+01
-1.018520539034352623e+01
-1.020021419859471479e+01
-1.030643444161930589e+01
-1.030816523961824949e+01
-1.020213660368984421e+01
-1.026600716083017772e+01
-1.020967103248170460e+01
-1.021743480121221204e+01
-1.033004163761022731e+01
-1.041077703624888073e+01
-1.043147206804272997e+01
-1.059631619464390084e+01
-1.069556092671174596e+01
-1.082633368557701914e+01
-1.091965408084003997e+01
-1.094861715607198605e+01
-1.081053431779990071e+01
-1.078503606136815307e+01
-1.080699996204309166e+01
-1.066654805257506133e+01
-1.051719305715068131e+01
-1.053239720615992248e+01
-1.054572594952310460e+01
-1.064858080763636394e+01
-1.069884839149402112e+01
-1.072991775794343461e+01
-1.080540149092592195e+01
-1.083538903699203715e+01
-1.089908468806908104e+01
-1.087516909185252167e+01
-1.076865147948279500e+01
-1.066904311891063095e+01
-1.069955215070618237e+01
-1.092575514835552219e+01
-1.089441105171295021e+01
-1.090368377349736306e+01
-1.093263988842319812e+01
-1.106679678455303950e+01
-1.100971374582948670e+01
-1.095034558684695192e+01
-1.093517082289491427e+01
-1.119551294242340589e+01
-1.118575636321530986e+01
-1.106267567910014016e+01
-1.113640430997329567e+01
-1.120289273259421670e+01
-1.131631155618217832e+01
-1.139182954084933286e+01
-1.140058167993447924e+01
-1.134801648694981857e+01
-1.128714661751108927e+01
-1.125659176099720504e+01
-1.134950837699420134e+01
-1.144421636191891345e+01
-1.155516396415206160e+01
-1.158912329952821807e+01
-1.154909165173907581e+01
-1.159461829061742044e+01
-1.165197048037484784e+01
-1.186095604334610520e+01
-1.212492334571347463e+01
-1.229185080601742008e+01
-1.234587038396522196e+01
-1.224178599769097531e+01
-1.216984404103456896e+01
-1.224872592715600206e+01
-1.221596792544141152e+01
-1.240223603507459416e+01
-1.250699517343300471e+01
-1.244035877891641562e+01
-1.253701332447486827e+01
-1.249356746424792952e+01
-1.249583845720660769e+01
-1.244020781678594822e+01
-1.251545654904996141e+01
-1.259482771403796164e+01
-1.265781066449705250e+01
-1.261661544814880287e+01
-1.260703114417884940e+01
-1.262971892390032380e+01
-1.261933023754156302e+01
-1.248556853419748158e+01
-1.257296406862200477e+01
-1.275159519256084195e+01
-1.272042759129512035e+01
-1.271774469851776423e+01
-1.292900467880258653e+01
-1.297140842006118078e+01
-1.291669459333592584e+01
-1.293938450883971747e+01
-1.286336575776764057e+01
-1.290140407427967695e+01
-1.280598674251455371e+01
-1.277205414578420672e+01
-1.273591131408254107e+01
-1.272036969093579550e+01
-1.265086690747612685e+01
-1.262409710228199522e+01
-1.266044153472669365e+01
-1.266420356004370973e+01
-1.268454867246541795e+01
-1.269781497103387302e+01
-1.268994452429711473e+01
-1.267302525920319667e+01
-1.254433437660165396e+01
-1.265977197376192720e+01
-1.258554352711712809e+01
-1.243357500154643169e+01
-1.233849860591912773e+01
-1.226559378694665625e+01
-1.224349142222345854e+01
-1.217609508739293567e+01
-1.210978351122595065e+01
-1.213389153803892917e+01
-1.216594386737395617e+01
-1.218122280674242219e+01
-1.216708903422123278e+01
-1.216996668030713380e+01
-1.216207150492545175e+01
-1.229935269369464024e+01
-1.239302873972491170e+01
-1.223210346836217788e+01
-1.203491122601611352e+01
-1.190417579689307459e+01
-1.170495215523958699e+01
-1.160884433513693992e+01
-1.167780825657203536e+01
-1.177012947475639848e+01
-1.185359815179683096e+01
-1.189684147437997019e+01
-1.196931899399535659e+01
-1.192787487133913515e+01
-1.176597762114812085e+01
-1.177815275515940208e+01
-1.169228061392136020e+01
-1.174337074547510440e+01
-1.186918248361156891e+01
-1.184320643398618778e+01
-1.179859201324043738e+01
-1.173831250753361033e+01
-1.183614352979065210e+01
-1.198816816225420467e+01
-1.211545193397026310e+01
-1.213227912613628945e+01
-1.213997578242630304e+01
-1.213356811029767535e+01
-1.219759967189240335e+01
-1.223911047301411870e+01
-1.216703823464046330e+01
-1.225835722042178411e+01
-1.220790042612460624e+01
-1.222016704291364952e+01
-1.232710274014904073e+01
-1.239254801690631602e+01
-1.260416714137517857e+01
-1.277015883933183815e+01
-1.260430707617881652e+01
-1.241250451773410646e+01
-1.253516651878418564e+01
-1.256104697282490434e+01
-1.270591112548104462e+01
-1.252908455851650160e+01
-1.245360024262190457e+01
-1.253618833352350492e+01
-1.249056326677196616e+01
-1.259939276878673553e+01
-1.257288513277109310e+01
-1.249917194050403957e+01
-1.231811770405039397e+01
-1.250138632450126508e+01
-1.243319983195311096e+01
-1.233167573951759799e+01
-1.230840650560705640e+01
-1.250197355652494835e+01
-1.263181292056744986e+01
-1.288462152745256795e+01
-1.288964929808902582e+01
-1.287443925095945829e+01
-1.288066558430535125e+01
-1.302288458992774878e+01
-1.314307656713597794e+01
-1.323029834790579606e+01
-1.329231492915982216e+01
-1.359673073584820457e+01
-1.364139422981434535e+01
-1.374789446419829098e+01
-1.352953398645545136e+01
-1.328159441473105318e+01
-1.330400713586726980e+01
-1.324061419857914501e+01
-1.333275947623391566e+01
-1.351953649236325106e+01
-1.343924002221021041e+01
-1.346645010184346702e+01
-1.354839737021296031e+01
-1.356876064192165821e+01
-1.376251791321898743e+01
-1.382979588374749014e+01
-1.364683189575511868e+01
-1.359042170973866881e+01
-1.368637486490290556e+01
-1.342126913576236724e+01
-1.334505177840238410e+01
-1.339494167707930750e+01
-1.362507796326967302e+01
-1.361069787736185432e+01
-1.370847663998046428e+01
-1.387315036521902911e+01
-1.405140729632790553e+01
-1.388051076990838517e+01
-1.375704071503453285e+01
-1.350997051974654539e+01
-1.355061034512710805e+01
-1.360120679738185778e+01
-1.370126350860191877e+01
-1.356136074191213403e+01
-1.367668440583140210e+01
-1.366410446265751233e+01
-1.368166954774242328e+01
-1.396983484311132173e+01
-1.398608662978802286e+01
-1.398016588573305619e+01
-1.387154771704980583e+01
-1.396004827126592751e+01
-1.403388597114975234e+01
-1.408461000105408800e+01
-1.394452604740673785e+01
-1.405663834180560023e+01
-1.413547009346979877e+01
-1.420343242443430576e+01
-1.427820469935624459e+01
-1.446940936903060759e+01
-1.453567034155746995e+01
-1.460961590470648375e+01
-1.456411480478242737e+01
-1.441504161927868743e+01
-1.440375009977956644e+01
-1.445607518689596560e+01
-1.451160300943296200e+01
-1.441355263046333768e+01
-1.432892541790999985e+01
-1.440321838961136791e+01
-1.445270948745184469e+01
-1.455137841819488465e+01
-1.469598836562525079e+01
-1.477754159872599971e+01
-1.474804726476537198e+01
-1.467044453611448240e+01
-1.468360200599610010e+01
-1.463819071671974115e+01
-1.460177863062608239e+01
-1.468959007643588954e+01
-1.460106298873835051e+01
-1.453077417438307961e+01
-1.450044430488240899e+01
-1.432565003246605073e+01
-1.426416402022016072e+01
-1.418939047149058297e+01
-1.417958227177068231e+01
-1.430168474625244812e+01
-1.438878815635137265e+01
-1.438519209754305983e+01
-1.445930624675672682e+01
-1.447795074356138656e+01
-1.454290678721316787e+01
-1.451955593073073381e+01
-1.455435847381697023e+01
-1.462497208780537683e+01
-1.455423565823886989e+01
-1.439773230891260347e+01
-1.425137840934539568e+01
-1.406632308407086995e+01
-1.392324909260727495e+01
-1.376066546778510435e+01
-1.375105198860332756e+01
-1.388071400124002963e+01
-1.382828525823895660e+01
-1.374067509319276681e+01
-1.376883313774879980e+01
-1.376291955896399344e+01
-1.371174111209054480e+01
-1.386103610352496496e+01
-1.384639204557169734e+01
-1.391696549132792882e+01
-1.400801627502426605e+01
-1.417019196740911369e+01
-1.429831833917787876e+01
-1.446121988479002418e+01
-1.460466134931353643e+01
-1.452997852877904705e+01
-1.449745513510286621e+01
-1.443055851076516305e+01
-1.446610390543112068e+01
-1.463478774473704469e+01
-1.452763733217641828e+01
-1.439536019292349600e+01
-1.427436854615941897e+01
-1.428479398929213495e+01
-1.440657508284482446e+01
-1.430877276865872894e+01
-1.413434520590769061e+01
-1.419968967034661489e+01
-1.419656652849916867e+01
-1.402163006685183611e+01
-1.380891111326784682e+01
-1.369870308004662718e+01
-1.352874432507348423e+01
-1.357732375250926005e+01
-1.374748560831855038e+01
-1.376414522133441842e+01
-1.368117168063643341e+01
-1.372695421319459896e+01
-1.364187496865237037e+01
-1.366805279371374837e+01
-1.363452305001410458e+01
-1.363592747060878452e+01
-1.365633437110506776e+01
-1.352242388400905604e+01
-1.363533890801228132e+01
-1.371628188930702663e+01
-1.376897175343573032e+01
-1.364446914143179868e+01
-1.364026340634861434e+01
-1.362026871367603320e+01
-1.369105377924967826e+01
-1.360458866840386349e+01
-1.356988337426058777e+01
-1.351870355984229377e+01
-1.331312241200493851e+01
-1.339895110633013964e+01
-1.356341765665641574e+01
-1.361756482505783872e+01
-1.374723175698115440e+01
-1.386407761014809736e+01
-1.403615796384136871e+01
-1.407057003485365598e+01
-1.417174446491925188e+01
-1.429142653540482222e+01
-1.431247572575284721e+01
-1.431033709820299116e+01
-1.435007336150123791e+01
-1.437301936122367252e+01
-1.443071830019949608e+01
-1.438088783724941777e+01
-1.442027317987576218e+01
-1.412329328691748564e+01
-1.414985122198869405e+01
-1.426565604437601209e+01
-1.447400707210459103e+01
-1.435288556672920635e+01
-1.433354552698182616e+01
-1.444902415234555271e+01
-1.445906287476162078e+01
-1.438817726654932372e+01
-1.433007044963269649e+01
-1.429443293575148921e+01
-1.436291940697054414e+01
-1.431112537830466991e+01
-1.418223047618863397e+01
-1.427473019929042408e+01
-1.433284740323131956e+01
-1.432303062995329235e+01
-1.437800371980998548e+01
-1.429761550698861150e+01
-1.417543171493169574e+01
-1.406452413518432643e+01
-1.404365470736028421e+01
-1.390507849347303804e+01
-1.381642244198035918e+01
-1.377093437358686145e+01
-1.376182024965862105e+01
-1.364177487323373050e+01
-1.358095171623674879e+01
-1.363897465024078670e+01
-1.366391111617276621e+01
-1.354669097810819878e+01
-1.349624965740091298e+01
-1.326565303722460243e+01
-1.329984478548429472e+01
-1.332279713553512046e+01
-1.326119661071316891e+01
-1.335937554040743436e+01
-1.335157518229107509e+01
-1.334319793705584978e+01
-1.333040624611458824e+01
-1.339221360043394071e+01
-1.345010101660093937e+01
-1.344019415907127879e+01
-1.357262019376192796e+01
-1.365018077669001073e+01
-1.353711211257742519e+01
-1.354351107743226379e+01
-1.348033584299099985e+01
-1.334127177498842265e+01
-1.322174360341824695e+01
-1.306243601454060155e+01
-1.306499555359860132e+01
-1.295681249415429370e+01
-1.285916247588961348e+01
-1.283611086541456281e+01
-1.288412478697387087e+01
-1.297606280572073878e+01
-1.296800270550513368e+01
-1.293946769948949616e+01
-1.281003341841096699e+01
-1.291705306817411625e+01
-1.296607730862705488e+01
-1.287146393636291997e+01
-1.273001190179816611e+01
-1.260910664248832092e+01
-1.251638599572454069e+01
-1.243280680635992930e+01
-1.249470685045843332e+01
-1.254085411426240881e+01
-1.248465608761105905e+01
-1.232177813649438036e+01
-1.230014260087462041e+01
-1.233367217171333685e+01
-1.233421493961678550e+01
-1.238397623804254088e+01
-1.234682281655751801e+01
-1.218241506883025416e+01
-1.215502945426399073e+01
-1.224758606516270554e+01
-1.225761372105870706e+01
-1.208155336203769536e+01
-1.206294755282977604e+01
-1.194172764234724227e+01
-1.209505818418732481e+01
-1.201600563169624358e+01
-1.189394371738615952e+01
-1.165838568570250011e+01
-1.165127474300464527e+01
-1.169948995872127995e+01
-1.178643679278219558e+01
-1.202246838496406767e+01
-1.204196503089377401e+01
-1.214626131604092762e+01
-1.231839574695047901e+01
-1.242057162321241925e+01
-1.241630833993932193e+01
-1.244209878879139453e+01
-1.235022503470974620e+01
-1.230231812240537259e+01
-1.241515346221621741e+01
-1.227012929806405062e+01
-1.208580374258989742e+01
-1.209214673962728348e+01
-1.221711398413443561e+01
-1.236089783990512991e+01
-1.239127866661643651e+01
-1.234396394969356159e+01
-1.238017878150400009e+01
-1.239088558650846927e+01
-1.254259865493143167e+01
-1.267636213630195918e+01
-1.272287968630292987e+01
-1.271058923129074714e+01
-1.273295122700946180e+01
-1.275150526470569723e+01
-1.273581919225099668e+01
-1.280045685354466656e+01
-1.277486664576610131e+01
-1.283125727598677734e+01
-1.293646490612407440e+01
-1.275318865967372162e+01
-1.262234114052694878e+01
-1.253363691505686006e+01
-1.261470161159153136e+01
-1.272265456862907307e+01
-1.259480408422512809e+01
-1.259090253892652811e+01
-1.257353617984864158e+01
-1.257166159799486671e+01
-1.244260370775588243e+01
-1.242776032618404791e+01
-1.248926655766388194e+01
-1.250870438542553309e+01
-1.257004930466696102e+01
-1.235833934504543308e+01
-1.225757981371830141e+01
-1.229530649160344780e+01
-1.224080151027834873e+01
-1.212331868698189652e+01
-1.204492019051494012e+01
-1.194379791469750707e+01
-1.206104277314444140e+01
-1.214562102065837834e+01
-1.236920305499162964e+01
-1.222914688435054842e+01
-1.235417164282280389e+01
-1.250535039457084707e+01
-1.254206213073397080e+01
-1.257297097261359298e+01
-1.250292708621524262e+01
-1.254383549181955715e+01
-1.252247553795041313e+01
-1.261677296308366181e+01
-1.263522598769032612e+01
-1.250948604606328196e+01
-1.244602599881478078e+01
-1.260654651228848344e+01
-1.283616340817079404e+01
-1.299148889383906358e+01
-1.293671218314508842e+01
-1.296403101356193943e+01
-1.290599943791546167e+01
-1.302202386407136814e+01
-1.305850419677932095e+01
-1.304542205900421692e+01
-1.315942934879180015e+01
-1.328846788721575933e+01
-1.322654212021911491e+01
-1.317879322719093338e+01
-1.312958817421048607e+01
-1.302655421975881112e+01
-1.303331979148241793e+01
-1.301498366782704608e+01
-1.287225076273199065e+01
-1.284668902149565639e+01
-1.280913632457546925e+01
-1.281444936734401807e+01
-1.294452309854143834e+01
-1.278526816965120716e+01
-1.278359636388671561e+01
-1.282600535354866800e+01
-1.265026017171913253e+01
-1.282233144893059062e+01
-1.288993635107299163e+01
-1.289736495217192669e+01
-1.303340392568947870e+01
-1.304081511011932193e+01
-1.292007248967076549e+01
-1.284542056920502517e+01
-1.295474566378929815e+01
-1.303217240619586725e+01
-1.310063611456971344e+01
-1.312925905786249992e+01
-1.318696802915338573e+01
-1.328096779090561519e+01
-1.320822980659439061e+01
-1.306998617586967804e+01
-1.289552901185661860e+01
-1.299405198563998631e+01
-1.311881972639284299e+01
-1.308644330367111053e+01
-1.299771652118066179e+01
-1.290676608166486794e+01
-1.287550546100745485e+01
-1.286146523753980198e+01
-1.305729451608233838e+01
-1.334868501710369770e+01
-1.354084262753650236e+01
-1.358815546674190244e+01
-1.354674261695373971e+01
-1.342298125357956451e+01
-1.336685058835701057e+01
-1.324183374356629450e+01
-1.306942309848418304e+01
-1.278895735590627858e+01
-1.270105735073071429e+01
-1.260316574022806080e+01
-1.256746233970764592e+01
-1.271054904198657276e+01
-1.269892265823671806e+01
-1.269074857381630039e+01
-1.272933325931431980e+01
-1.286147185143411065e+01
-1.276462787354558692e+01
-1.286840607596203867e+01
-1.287399917320652953e+01
-1.294723222904054438e+01
-1.309285749638279839e+01
-1.311508839090634737e+01
-1.307832287261873461e+01
-1.304138581443352685e+01
-1.310648626378007542e+01
-1.323143962300515142e+01
-1.337937974139035902e+01
-1.326539887975598297e+01
-1.339109858441849710e+01
-1.337958356744855770e+01
-1.336107148312018822e+01
-1.330003123370354423e+01
-1.315933955847326153e+01
-1.313402585516437426e+01
-1.312203015400710093e+01
-1.303646672770637771e+01
-1.311528917162837260e+01
-1.313210393792421904e+01
-1.309017162254661315e+01
-1.317354789463931652e+01
-1.298609991484336668e+01
-1.304722267619103349e+01
-1.313032678739371129e+01
-1.310564218795532732e+01
-1.321626038716965823e+01
-1.336601840072945713e+01
-1.343961681202487490e+01
-1.335307878975196871e+01
-1.334177398398505687e+01
-1.325999564045378065e+01
-1.306127836185119584e+01
-1.284801584963897980e+01
-1.287503064951086706e+01
-1.274342233071996588e+01
-1.264070179312932751e+01
-1.279350728160614814e+01
-1.286778071599717066e+01
-1.287391295450668238e+01
-1.289119983747336029e+01
-1.272678677742895381e+01
-1.266515090038441826e+01
-1.253473583867065599e+01
-1.236401346914581723e+01
-1.236579353792480518e+01
-1.234261722610174061e+01
-1.240543470833560313e+01
-1.236798461231977697e+01
-1.234327444789468586e+01
-1.233298804937013848e+01
-1.233748587028529187e+01
-1.238570490546660707e+01
-1.244430562592643774e+01
-1.251154599362684650e+01
-1.252569707079943306e+01
-1.249463268380296910e+01
-1.269376792172483981e+01
-1.273431669915639475e+01
-1.290693263772209676e+01
-1.293088950977486462e+01
-1.294399345971551263e+01
-1.274634914477557146e+01
-1.244264154964565350e+01
-1.227203545264275597e+01
-1.237665893418815699e+01
-1.241819929925071975e+01
-1.234540703024549302e+01
-1.242640259385018986e+01
-1.244075149319708196e+01
-1.236411684687738344e+01
-1.230692226547775370e+01
-1.221730399564085978e+01
-1.235006715115270026e+01
-1.234214428973405830e+01
-1.230200078942137587e+01
-1.225340256023849683e+01
-1.229080883055588380e+01
-1.220582475739735528e+01
-1.214089393969250352e+01
-1.234865075256537281e+01
-1.240473587171665137e+01
-1.246520000849432463e+01
-1.234773242465669263e+01
-1.229935304785808370e+01
-1.242281612617950692e+01
-1.243114801058296237e+01
-1.243189309786060903e+01
-1.254531430387581636e+01
-1.250393444368682161e+01
-1.238295224883434287e+01
-1.226060858177672941e+01
-1.229307222709223879e+01
-1.256293325555005325e+01
-1.281801939117347366e+01
-1.284459144789591889e+01
-1.271224397624220259e+01
-1.264433527839725890e+01
-1.262502749281073200e+01
-1.265770172366251245e+01
-1.281190327306273602e+01
-1.307381017620968322e+01
-1.315133922830991153e+01
-1.320075445619883325e+01
-1.323361546517188181e+01
-1.330671585368533805e+01
-1.343873991925936018e+01
-1.336440651927969370e+01
-1.357715311376067469e+01
-1.353053566747815140e+01
-1.355772142014040149e+01
-1.359605814743264851e+01
-1.365038232430589105e+01
-1.349327872401571504e+01
-1.361897286689126219e+01
-1.359295450036728425e+01
-1.343602916583422591e+01
-1.342126559651006446e+01
-1.340375261302471444e+01
-1.341936905183414197e+01
-1.337894160424462697e+01
-1.326081512828147169e+01
-1.331446594325172050e+01
-1.341557968852234950e+01
-1.336060781189285507e+01
-1.333373803356885645e+01
-1.343568238262876768e+01
-1.351942374887480725e+01
-1.347495899316509949e+01
-1.341646117045246456e+01
-1.318401528462973005e+01
-1.291135493656410738e+01
-1.296917321853088723e+01
-1.306640936303162803e+01
-1.285398907887421593e+01
-1.280271208385302550e+01
-1.272478409649508002e+01
-1.288662598280027005e+01
-1.287054665877573711e+01
-1.296861779433998230e+01
-1.301400674891981524e+01
-1.302862916777711000e+01
-1.311088814323945151e+01
-1.323218519389905090e+01
-1.311689124361203973e+01
-1.313962552898504654e+01
-1.307577843047985411e+01
-1.306363627415575834e+01
-1.289309964183191504e+01
-1.289357110218888991e+01
-1.280912350663415467e+01
-1.282736775761635073e+01
-1.287379286095669073e+01
-1.297658191396683058e+01
-1.304735473384676858e+01
-1.310805219059057691e+01
-1.309344195041126113e+01
-1.310575405627041334e+01
-1.313279807927422560e+01
-1.306616469268146474e+01
-1.298755310261686091e+01
-1.288103945342266776e+01
-1.284604331870119509e+01
-1.292581987388273035e+01
-1.295892079912077044e+01
-1.283195742498168457e+01
-1.288691544345439333e+01
-1.304966638728086892e+01
-1.309791901434701522e+01
-1.309863407308116301e+01
-1.320358421722668396e+01
-1.311878210095244057e+01
-1.304975981985311684e+01
-1.297270268506880342e+01
-1.295011505874396640e+01
-1.288394618415735593e+01
-1.284938759077052417e+01
-1.274102477260595734e+01
-1.284651438353707320e+01
-1.288037310319652029e+01
-1.292965320253480499e+01
-1.306892835247971441e+01
-1.306377225421608301e+01
-1.320994354688850514e+01
-1.324735492317578966e+01
-1.330852477395312405e+01
-1.327738226245754127e+01
-1.329283171899707305e+01
-1.310551516421842599e+01
-1.317448753341446377e+01
-1.314919310898324056e+01
-1.311531384986734672e+01
-1.310161471205242734e+01
-1.313589552505861668e+01
-1.320640661080890688e+01
-1.318445020789607369e+01
-1.327974674639287045e+01
-1.318718557410593561e+01
-1.320335124283582928e+01
-1.315471761545076212e+01
-1.308862347253433533e+01
-1.306420253772173190e+01
-1.286664115497135441e+01
-1.286874611328689610e+01
-1.282498180773168350e+01
-1.279806066280384691e+01
-1.294344332126001973e+01
-1.300331324309826009e+01
-1.287988951231523238e+01
-1.279772651172155840e+01
-1.293866518778751384e+01
-1.294659966564567988e+01
-1.296937472107057943e+01
-1.303103920608778132e+01
-1.303667605702225885e+01
-1.301381762952230936e+01
-1.303599695656646418e+01
-1.308988667527744099e+01
-1.318033789451312821e+01
-1.313415900718420737e+01
-1.305960278944265696e+01
-1.304980078813444599e+01
-1.305629085757251673e+01
-1.286942632998102809e+01
-1.290008816473279829e+01
-1.278765212100351611e+01
-1.267566099780190569e+01
-1.281635458599812516e+01
-1.281892292280073065e+01
-1.290089358616072701e+01
-1.295016025041143060e+01
-1.301424707467474917e+01
-1.306384695167069765e+01
-1.302156608002717597e+01
-1.298715128638352923e+01
-1.325305923617326442e+01
-1.339259975626753985e+01
-1.367971670960316466e+01
-1.385813018105924854e+01
-1.377122358942167679e+01
-1.362436447436347287e+01
-1.366558740282652806e+01
-1.372809367082303922e+01
-1.365945248289723502e+01
-1.357121072502918757e+01
-1.362699711939625935e+01
-1.371941567955647301e+01
-1.367783367193263011e+01
-1.348447465384811927e+01
-1.356823144225406708e+01
-1.350215062141742450e+01
-1.344953981152340106e+01
-1.337629304399155217e+01
-1.339402724727468019e+01
-1.341838305459178571e+01
-1.347965642260663444e+01
-1.345304829983372308e+01
-1.341236524487557524e+01
-1.333605511320401860e+01
-1.336203062575653888e+01
-1.347772840320841681e+01
-1.350965470101723476e+01
-1.338724085164488109e+01
-1.332448426679928843e+01
-1.339970919678145655e+01
-1.341477672303170010e+01
-1.351374849959449698e+01
-1.354809052179859918e+01
-1.359725953603853021e+01
-1.355856213903264162e+01
-1.352632583009206968e+01
-1.354311665695441746e+01
-1.344208898508235173e+01
-1.344544811071101797e+01
-1.340587335894723964e+01
-1.343055339376785007e+01
-1.338533771379992210e+01
-1.323713830750391907e+01
-1.327599435165692654e+01
-1.322633450933886223e+01
-1.306627099626435751e+01
-1.300416297701973534e+01
-1.316280086782440328e+01
-1.321587276630504348e+01
-1.316846305960603303e+01
-1.309357666473884585e+01
-1.303284114277057704e+01
-1.294309807302022364e+01
-1.292186316392948697e+01
-1.294239958375768929e+01
-1.294592824414704424e+01
-1.288575399107197228e+01
-1.276208730725879370e+01
-1.280138195298535919e+01
-1.284432424300015363e+01
-1.290571304225490756e+01
-1.301118333917839642e+01
-1.319259761348155990e+01
-1.320357979820333760e+01
-1.328748586356731920e+01
-1.323281776120807329e+01
-1.320581361591128200e+01
-1.312795324757450288e+01
-1.325344310019416660e+01
-1.339317064275929603e+01
-1.349592220865728720e+01
-1.362238818377816507e+01
-1.367368767420662934e+01
-1.367508388768092686e+01
-1.345630388206046035e+01
-1.346908683680499230e+01
-1.363250339623473550e+01
-1.374979183697404217e+01
-1.377462416264365075e+01
-1.380503561022090686e+01
-1.384888318625145764e+01
-1.380739942820743238e+01
-1.371080438217890318e+01
-1.362062825177299352e+01
-1.353920733513632868e+01
-1.342878669191857632e+01
-1.343570250866788029e+01
-1.333043848713565716e+01
-1.341917997528919848e+01
-1.333516005751240385e+01
-1.345713889437317334e+01
-1.345923395545347034e+01
-1.357763358851021529e+01
-1.355283219240493153e+01
-1.354641668605217397e+01
-1.342600357817975087e+01
-1.344587141316585743e+01
-1.349773420009679370e+01
-1.342639330268110598e+01
-1.343392575410189416e+01
-1.345507606249240951e+01
-1.339974696471503890e+01
-1.327409674741289614e+01
-1.325443016396398122e+01
-1.326107022631269317e+01
-1.328148521439690732e+01
-1.319418431534769631e+01
-1.318774056077884005e+01
-1.342220226061964006e+01
-1.344117453097829795e+01
-1.350349064698330181e+01
-1.361253631316484913e+01
-1.359191218730250839e+01
-1.370185966159043467e+01
-1.359017761277843661e+01
-1.373241901479629057e+01
-1.374558718379815758e+01
-1.369149539730831044e+01
-1.362833301681548726e+01
-1.370419025385664469e+01
-1.360487545755752770e+01
-1.357578545533967151e+01
-1.347594907383444074e+01
-1.334845234623365506e+01
-1.326106993393198863e+01
-1.333991815002703873e+01
-1.324582116298986278e+01
-1.337505947264681794e+01
-1.333235324463490556e+01
-1.345639868477503676e+01
-1.361521002014676895e+01
-1.369331527428885487e+01
-1.364824941624797106e+01
-1.368362745724168228e+01
-1.355439634319137809e+01
-1.339694113820161903e+01
-1.341230435475482885e+01
-1.349633212644381963e+01
-1.360117030416679640e+01
-1.371477806915070907e+01
-1.362234235497635204e+01
-1.366569509244012437e+01
-1.367718519876883221e+01
-1.374153507262620444e+01
-1.374604455234123890e+01
-1.367745044303585367e+01
-1.374056854059308996e+01
-1.376455765991311964e+01
-1.384357537182467546e+01
-1.393063698427575936e+01
-1.388133695406452972e+01
-1.407228784239532970e+01
-1.411663445728854249e+01
-1.409614370097460423e+01
-1.418406062638822362e+01
-1.415928455783640061e+01
-1.427161615873681200e+01
-1.451145852790609503e+01
-1.459220818406411446e+01
-1.473391181962402108e+01
-1.478226953622781714e+01
-1.483673696438493828e+01
-1.488015356004053302e+01
-1.485881324390529912e+01
-1.482480845812387571e+01
-1.480184524021775161e+01
-1.459254891636499707e+01
-1.462463854219576653e+01
-1.465178712647882975e+01
-1.467492868071628642e+01
-1.472686645458353283e+01
-1.477305403396015215e+01
-1.486568152212371174e+01
-1.480338528452752733e+01
-1.487402039916062080e+01
-1.504259147077993930e+01
-1.502216654464155354e+01
-1.495096670019246510e+01
-1.498676765635201491e+01
-1.508288163791973346e+01
-1.512575555199887845e+01
-1.515767381261496105e+01
-1.509957020463878052e+01
-1.512415712848078186e+01
-1.529631185807152072e+01
-1.521092052754715063e+01
-1.520461168122017170e+01
-1.533394110509009245e+01
-1.527964560026857832e+01
-1.527895394873455537e+01
-1.517711690248431289e+01
-1.506013793720198102e+01
-1.508755365100665102e+01
-1.519351609278462867e+01
-1.530254109440298294e+01
-1.534971065379133748e+01
-1.527676867273616068e+01
-1.527331040004079554e+01
-1.524050091660501494e+01
-1.516427467270844076e+01
-1.513808421533371984e+01
-1.506105966867378143e+01
-1.506685581256011908e+01
-1.491054522713039177e+01
-1.481337765579658239e+01
-1.487848646860883406e+01
-1.486189909331142900e+01
-1.480154836338565261e+01
-1.472230144386956319e+01
-1.470000708040564774e+01
-1.456710600098023889e+01
-1.446518508420191651e+01
-1.434868689011192266e+01
-1.414118707205635417e+01
-1.409424615664504010e+01
-1.400610763253606450e+01
-1.403429719018654254e+01
-1.413068206399967508e+01
-1.420544706880536090e+01
-1.423547556305766548e+01
-1.441949335957791156e+01
-1.453698582058636113e+01
-1.445616769757346098e+01
-1.456979364116403985e+01
-1.466961156971955660e+01
-1.468150205185017043e+01
-1.455507255426485713e+01
-1.463567051602239388e+01
-1.466797758299137300e+01
-1.478895380698775952e+01
-1.476204187133674139e+01
-1.473630960506840637e+01
-1.494865620136126516e+01
-1.493059617801552896e+01
-1.487015529898906152e+01
-1.500152021990579421e+01
-1.499723014783416630e+01
-1.504200854754767747e+01
-1.518908502794849014e+01
-1.530779757140644648e+01
-1.526836773635695188e+01
-1.532415886403169658e+01
-1.519686030492150763e+01
-1.517068428797331414e+01
-1.531354492142811985e+01
-1.537895997946308491e+01
-1.537582297217086413e+01
-1.546819213178069852e+01
-1.536626427087594138e+01
-1.530900764793359592e+01
-1.533774815850494200e+01
-1.529759383655669325e+01
-1.531824344180878050e+01
-1.534281513857574275e+01
-1.540583261785424263e+01
-1.553580465832052226e+01
-1.569480522856366278e+01
-1.567594721395168911e+01
-1.574954319569896022e+01
-1.576220547660456184e+01
-1.584926078814613248e+01
-1.590156407842727049e+01
-1.586651252313873783e+01
-1.593513408219773275e+01
-1.603651188641977399e+01
-1.604805979386756931e+01
-1.614752512372529125e+01
-1.604202486128527028e+01
-1.596431846974629920e+01
-1.585392895673887992e+01
-1.575614451494552348e+01
-1.580206413855569281e+01
-1.567827149029598210e+01
-1.538738822618516799e+01
-1.533777935844891438e+01
-1.532609854806365668e+01
-1.553943893202783322e+01
-1.547178942628672438e+01
-1.553583348603431347e+01
-1.570280080374214648e+01
-1.572304990371053890e+01
-1.565997790899197994e+01
-1.554168169288426249e+01
-1.547393901044056719e+01
-1.545889960814541020e+01
-1.540478384555363256e+01
-1.529336723186677638e+01
-1.524019248155303075e+01
-1.539596897662761421e+01
-1.554962187282787589e+01
-1.560889261132301620e+01
-1.558415659599291558e+01
-1.565372823614245945e+01
-1.563274741648148947e+01
-1.552710192368561337e+01
-1.532452363904152115e+01
-1.526159660979921817e+01
-1.534141521370366235e+01
-1.542026941863088041e+01
-1.533322795117361359e+01
-1.534347525339450158e+01
-1.532695772417729785e+01
-1.534594003951679753e+01
-1.543365100516444954e+01
-1.549984527469156426e+01
-1.554344564856838495e+01
-1.556695832809643676e+01
-1.566233733748933332e+01
-1.562825175522779553e+01
-1.561652387736445569e+01
-1.565649483389712238e+01
-1.565928878748106534e+01
-1.552733845313809269e+01
-1.563946170597017016e+01
-1.571287649340949422e+01
-1.562712744520542429e+01
-1.561393766360512458e+01
-1.559930756356521186e+01
-1.568156456320049408e+01
-1.573207737493927638e+01
-1.577453673901883668e+01
-1.577433308619539609e+01
-1.570967529844013022e+01
-1.574918090375351909e+01
-1.584090614662593666e+01
-1.588318671041297314e+01
-1.596961300843517151e+01
-1.606852096060185886e+01
-1.599149438647109633e+01
-1.591530341084468425e+01
-1.581270429298782787e+01
-1.587457170575043364e+01
-1.578749673292363909e+01
-1.562409255700388044e+01
-1.549093740717050061e+01
-1.553798386117197872e+01
-1.543136414906909870e+01
-1.544003844874021958e+01
-1.545935152720420902e+01
-1.552413714117571786e+01
-1.549708541654356075e+01
-1.552054460276244896e+01
-1.546825026558585847e+01
-1.535181855802243511e+01
-1.528619991809420853e+01
-1.522420793724281474e+01
-1.533945491961410745e+01
-1.525100727504099396e+01
-1.513164785112982003e+01
-1.510741867086534640e+01
-1.511592092492356976e+01
-1.518632299823858745e+01
-1.509176550887110579e+01
-1.504035005692451676e+01
-1.496426777519431894e+01
-1.490754724720522972e+01
-1.495641402876239567e+01
-1.508289283278631032e+01
-1.507014741107408007e+01
-1.519442174554474256e+01
-1.520992198448712784e+01
-1.523131139152759594e+01
-1.520026045413031035e+01
-1.505411373291283006e+01
-1.491483828575277570e+01
-1.484615426499240343e+01
-1.469124989028495776e+01
-1.468326396106797027e+01
-1.464007578797956199e+01
-1.467240088065528880e+01
-1.474631067375526428e+01
-1.474643842772652746e+01
-1.458379688101775962e+01
-1.439244308602753364e+01
-1.443725395784124643e+01
-1.441583025707675780e+01
-1.442398406035908920e+01
-1.447399970487899523e+01
-1.463553992140148452e+01
-1.460473869454280482e+01
-1.447252045829291411e+01
-1.430512253479293605e+01
-1.438238848749763399e+01
-1.445656429105707019e+01
-1.453499740032965626e+01
-1.462445925009028791e+01
-1.459798290679559507e+01
-1.458430814621231519e+01
-1.450681324238260217e+01
-1.448669874214235520e+01
-1.451365316151442464e+01
-1.453037860074262078e+01
-1.457771152283621419e+01
-1.446970394211940203e+01
-1.453234527132597442e+01
-1.461423429615011038e+01
-1.459147232127561011e+01
-1.451975561931689995e+01
-1.426749426043080149e+01
-1.417493560564774491e+01
-1.410605172977453314e+01
-1.408641377417051110e+01
-1.392068444924186288e+01
-1.375351770830148901e+01
-1.383461660848957386e+01
-1.386050143387755718e+01
-1.396474685996485476e+01
-1.398509326982422252e+01
-1.391262707903607065e+01
-1.396508527702908609e+01
-1.405127518647226381e+01
-1.409715104103748651e+01
-1.402385883649173692e+01
-1.396465037393652686e+01
-1.386978516473681466e+01
-1.381365085941238924e+01
-1.377183370369612803e+01
-1.372460187685653921e+01
-1.376673822692304938e+01
-1.377729823381029384e+01
-1.381923108658557631e+01
-1.387045782769118318e+01
-1.373798067217695262e+01
-1.374463481161753542e+01
-1.360980166139550640e+01
-1.359621746001743503e+01
-1.368656318598185173e+01
-1.368546688244737730e+01
-1.360825024121287363e+01
-1.363813104901785778e+01
-1.357823766543843647e+01
-1.365053925851447758e+01
-1.374171042849189206e+01
-1.370336875069764559e+01
-1.361092611129932095e+01
-1.362752615256128585e+01
-1.358107881376368020e+01
-1.367820798819925443e+01
-1.384296468840052086e+01
-1.395463430140474692e+01
-1.381822200577368775e+01
-1.362245272130160068e+01
-1.357332258081763854e+01
-1.373507020488300867e+01
-1.358549598013892634e+01
-1.364366682946731402e+01
-1.370168233488955600e+01
-1.371674563867217245e+01
-1.355971517624866607e+01
-1.343972478935970294e+01
-1.339615206407043146e+01
-1.342278110286088477e+01
-1.345522695003135816e+01
-1.340044706338950853e+01
-1.336168501859476798e+01
-1.340576977815952553e+01
-1.347106909774500672e+01
-1.361931405782602944e+01
-1.373315119336715640e+01
-1.373297296670425105e+01
-1.376816159894542224e+01
-1.368115747276104521e+01
-1.368420554683356194e+01
-1.374739432504338410e+01
-1.375993141188597946e+01
-1.371847529162192103e+01
-1.368120015515770937e+01
-1.373757798523870832e+01
-1.381052902696140450e+01
-1.373574195164030343e+01
-1.385883358197287940e+01
-1.398620167473597320e+01
-1.395342975221629800e+01
-1.410409489172671194e+01
-1.402521155253638341e+01
-1.389057819175278929e+01
-1.398768903730852031e+01
-1.392241734371869732e+01
-1.400095620149439668e+01
-1.409793178654390466e+01
-1.407350099121999776e+01
-1.402832376617554822e+01
-1.396080070425903052e+01
-1.386098415058084932e+01
-1.386014371844576409e+01
-1.392326881604437716e+01
-1.410613721800701015e+01
-1.413607445463152246e+01
-1.399350415400727066e+01
-1.418917020309054600e+01
-1.417956954763309341e+01
-1.431564218728918725e+01
-1.427438943037104657e+01
-1.419496146088484778e+01
-1.401147857571574917e+01
-1.395409841523356498e+01
-1.398496796665053132e+01
-1.404264605608738314e+01
-1.407824900394781409e+01
-1.411504342117203414e+01
-1.406651444277970953e+01
-1.403677824852527145e+01
-1.399083000959049272e+01
-1.405998084492062716e+01
-1.412673739821474506e+01
-1.419340873224320987e+01
-1.434675326501958459e+01
-1.427861171298644294e+01
-1.431642688150110665e+01
-1.441674576263987539e+01
-1.449101153225159599e+01
-1.445692589357774160e+01
-1.446266096301187787e+01
-1.433025185430094695e+01
-1.423932979156601597e+01
-1.420023898633890980e+01
-1.417078623727709186e+01
-1.434542630924477891e+01
-1.442448677482291686e+01
-1.451492636442547202e+01
-1.444753419268364958e+01
-1.420576648234447958e+01
-1.414455559066688828e+01
-1.410379533841718747e+01
-1.404853794202635164e+01
-1.410243314213088794e+01
-1.417473192006691640e+01
-1.424596845615586638e+01
-1.432489441600396063e+01
-1.440987037625161982e+01
-1.449374043552419167e+01
-1.452486004024657618e+01
-1.455400417713989114e+01
-1.466952793525323173e+01
-1.462699938510595210e+01
-1.433816943872365535e+01
-1.425313626693206714e+01
-1.425028761523476994e+01
-1.418000341560774125e+01
-1.416192910544721784e+01
-1.413621026722139717e+01
-1.399921157024994045e+01
-1.384269964041748580e+01
-1.369526456948200455e+01
-1.371155447171136288e+01
-1.391581059611371174e+01
-1.405530877017806013e+01
-1.403806835301102041e+01
-1.403429218443662840e+01
-1.416902273368938125e+01
-1.425820151998184215e+01
-1.430568452234672350e+01
-1.435594079749119167e+01
-1.434549149459405726e+01
-1.431274467465761546e+01
-1.442216491396001743e+01
-1.455952851995986386e+01
-1.456982665921254494e+01
-1.455353839136716232e+01
-1.451991823643781565e+01
-1.440340771981807144e+01
-1.430606128255141485e+01
-1.440101224473744068e+01
-1.441146116114451736e+01
-1.438162213357515284e+01
-1.449439000474225381e+01
-1.453721591817067527e+01
-1.441813782534030253e+01
-1.444489895514676192e+01
-1.435042450259972036e+01
-1.416812590016265183e+01
-1.422858198193384993e+01
-1.441591521681021959e+01
-1.454254467312612853e+01
-1.446823209600903404e+01
-1.451380697879302062e+01
-1.442916980254574355e+01
-1.446419859947675057e+01
-1.450074639935248477e+01
-1.468376727732867160e+01
-1.474817346545665053e+01
-1.469609890849495315e+01
-1.452867760531133534e+01
-1.466437242566943588e+01
-1.479035682325011436e+01
-1.502150746067569109e+01
-1.518252389818304238e+01
-1.507703173491336202e+01
-1.516332470415871647e+01
-1.511178276794776565e+01
-1.511282581452818796e+01
-1.497132128152382968e+01
-1.490743609766886024e+01
-1.501737232236665598e+01
-1.493871766196175699e+01
-1.485072908588791307e+01
-1.488725499849786971e+01
-1.478446663032536179e+01
-1.486645284245229526e+01
-1.487077507530438858e+01
-1.496926297123231286e+01
-1.506138222340996435e+01
-1.510429975164848315e+01
-1.510273835799273101e+01
-1.523370992410042746e+01
-1.522768442512667875e+01
-1.539372520266653410e+01
-1.551754273565882869e+01
-1.563849875921214228e+01
-1.565976908805440537e+01
-1.560344195012735113e+01
-1.563085445240890081e+01
-1.564756309720985783e+01
-1.558119012583140695e+01
-1.549287340937321034e+01
-1.551582478554376188e+01
-1.544917821254957069e+01
-1.553100387728586718e+01
-1.563599686794469434e+01
-1.569244525709211047e+01
-1.554297015726172759e+01
-1.551817343856921205e+01
-1.553689249619534074e+01
-1.564586727237656305e+01
-1.558981307724197229e+01
-1.551953053969961971e+01
-1.547086967174362115e+01
-1.554887072890361743e+01
-1.546107172213057979e+01
-1.542914101507325420e+01
-1.531965891711553240e+01
-1.528946967145816060e+01
-1.525675137914206836e+01
-1.511228927161240776e+01
-1.513355865142794165e+01
-1.502638923277053529e+01
-1.487029604327274335e+01
-1.472228264090409766e+01
-1.462221251585810933e+01
-1.447937550458000722e+01
-1.444037727062191934e+01
-1.432970664315078224e+01
-1.431822898007951927e+01
-1.433485247222815140e+01
-1.431397125987636265e+01
-1.431079849196777332e+01
-1.445154716113254167e+01
-1.455099871340698314e+01
-1.454362608550913016e+01
-1.447753800249937939e+01
-1.433172459528246101e+01
-1.425890534378357977e+01
-1.414021609820352410e+01
-1.410570050102452555e+01
-1.399891306619385745e+01
-1.392372176528350991e+01
-1.392958793640849180e+01
-1.401543547793688482e+01
-1.410575812574914245e+01
-1.404454801443371714e+01
-1.393030516891490400e+01
-1.393552475567690507e+01
-1.394128610933530332e+01
-1.389614782885313815e+01
-1.371792705295998616e+01
-1.365913201596453597e+01
-1.358416052704203913e+01
-1.360816865159186584e+01
-1.351820753357004001e+01
-1.349906310471602033e+01
-1.340125383661015590e+01
-1.331077036961401205e+01
-1.339935371735616876e+01
-1.345621305142710966e+01
-1.348962356803529516e+01
-1.341953097432071473e+01
-1.341863077690612016e+01
-1.330050230081972984e+01
-1.337481289158094455e+01
-1.337211223169445873e+01
-1.342605338365766698e+01
-1.335999828255359922e+01
-1.347163277045185481e+01
-1.357542471156981279e+01
-1.352546450362616248e+01
-1.341388240547936661e+01
-1.340772516234706657e+01
-1.361980100312042197e+01
-1.365902529693150136e+01
-1.357833371114147347e+01
-1.347601451333394529e+01
-1.340227593718888421e+01
-1.351737813718921188e+01
-1.342794368102452296e+01
-1.332092435079176518e+01
-1.332929065616666975e+01
-1.311580369546148717e+01
-1.309685369608488870e+01
-1.300585046296812664e+01
-1.312883125618882296e+01
-1.321954222304131932e+01
-1.324677747815514728e+01
-1.322794231993064251e+01
-1.325644132772664641e+01
-1.325027719796653436e+01
-1.317318698356451456e+01
-1.302691563918969564e+01
-1.292309215962665547e+01
-1.284149861326316788e+01
-1.270155364053600344e+01
-1.253142822398780432e+01
-1.261410061465520371e+01
-1.272603673507465061e+01
-1.268044139967324924e+01
-1.281712942660036880e+01
-1.284698110328649356e+01
-1.288324057604946660e+01
-1.288836347814466166e+01
-1.299671367381862730e+01
-1.307153518637477418e+01
-1.321348057254111730e+01
-1.321580928947405909e+01
-1.331251714088030269e+01
-1.322209895134161250e+01
-1.323523762131092418e+01
-1.330532873832124174e+01
-1.331984074753964720e+01
-1.338382305996555921e+01
-1.319233189116634541e+01
-1.303438791856873991e+01
-1.294592019436857733e+01
-1.309310690330679705e+01
-1.325934931425026519e+01
-1.322672758252850400e+01
-1.312741085976664834e+01
-1.286324146930009782e+01
-1.282318403399199624e+01
-1.280598708618071413e+01
-1.275075978304376001e+01
-1.287580614773353460e+01
-1.291461921600241425e+01
-1.295774321741553337e+01
-1.304787277850301308e+01
-1.301781162932990554e+01
-1.307588308325395587e+01
-1.308652768257590893e+01
-1.314931532261952718e+01
-1.319758437759141145e+01
-1.328026823853094562e+01
-1.336213449599352998e+01
-1.337156811978785953e+01
-1.329163193019440037e+01
-1.345138439094073490e+01
-1.354582216786544713e+01
-1.349627783330121389e+01
-1.340813561403392029e+01
-1.328621915395034847e+01
-1.330286310226679092e+01
-1.328545134585024101e+01
-1.324065309666374901e+01
-1.310277028869579574e+01
-1.297626684954858334e+01
-1.298069465448453919e+01
-1.284652942112214191e+01
-1.281520427338506174e+01
-1.281683463059506956e+01
-1.267298982418754782e+01
-1.265604378714299294e+01
-1.267903084679479520e+01
-1.263248676639408785e+01
-1.260128997137898033e+01
-1.253382638138872629e+01
-1.249010420993814208e+01
-1.259076742603752308e+01
-1.259420140375076969e+01
-1.245807956167948305e+01
-1.251800314428208694e+01
-1.265429115320021403e+01
-1.281914522479343965e+01
-1.292763794892473328e+01
-1.299457771859485433e+01
-1.295696463116805752e+01
-1.288286824958920995e+01
-1.283237077038273455e+01
-1.274749770526751291e+01
-1.273925575614827466e+01
-1.262150812956172530e+01
-1.253540173301957772e+01
-1.255742122069670152e+01
-1.264353219873170531e+01
-1.257358578396376636e+01
-1.248534885374601799e+01
-1.242582705408707255e+01
-1.248911637481227821e+01
-1.241085959026295527e+01
-1.233290422667710118e+01
-1.232484050927897812e+01
-1.229794981237014007e+01
-1.238813698203178326e+01
-1.238109694277800088e+01
-1.238120191817370674e+01
-1.247463615518855384e+01
-1.246027823467379569e+01
-1.255244925603211215e+01
-1.246402967514641524e+01
-1.251374404185936129e+01
-1.252871331258145915e+01
-1.249986171186578332e+01
-1.237006516146918678e+01
-1.225446529026161357e+01
-1.228488668992538457e+01
-1.234827632999852298e+01
-1.232099033089131090e+01
-1.238141751455359874e+01
-1.249014671509031160e+01
-1.239049365872113739e+01
-1.249771300873871738e+01
-1.256726570843836299e+01
-1.265416296173739852e+01
-1.253821481409676863e+01
-1.256545562699002794e+01
-1.247049719258301259e+01
-1.248772206796404660e+01
-1.242366544258666750e+01
-1.245092725471066331e+01
-1.241571762368153919e+01
-1.243156291013584713e+01
-1.241467228360252761e+01
-1.226811782369996173e+01
-1.221927189478732245e+01
-1.222854649769506885e+01
-1.232544925491292709e+01
-1.238244068997668812e+01
-1.245076842887996627e+01
-1.246187872966372723e+01
-1.251168791520092505e+01
-1.239359797133170815e+01
-1.237900055599842375e+01
-1.237771478842050854e+01
-1.241832503250511621e+01
-1.255338856871847319e+01
-1.247800350765894883e+01
-1.262596626107988662e+01
-1.271459788595650586e+01
-1.272734290540283553e+01
-1.272127746291389805e+01
-1.270519363811343716e+01
-1.263104549249898945e+01
-1.254581057838818303e+01
-1.257649104829106257e+01
-1.266091503013171859e+01
-1.269568965532163674e+01
-1.268643996059441115e+01
-1.277580507682245958e+01
-1.284564790885045760e+01
-1.290375253668127620e+01
-1.289862312456750360e+01
-1.302131702921644418e+01
-1.300422974431190681e+01
-1.298924582109695436e+01
-1.298588262750591404e+01
-1.294428371768964148e+01
-1.303526069863909775e+01
-1.294248321908553656e+01
-1.276534654359536169e+01
-1.258949013735131750e+01
-1.250943681444021394e+01
-1.251162168328641755e+01
-1.241174718323363280e+01
-1.248566655856610552e+01
-1.244541019637841472e+01
-1.235775944010471683e+01
-1.241326566432346468e+01
-1.243088249886766228e+01
-1.241351257461390922e+01
-1.247821601654930213e+01
-1.241078783653736117e+01
-1.224751804424787061e+01
-1.234345641957901663e+01
-1.238969463195789089e+01
-1.230720889826767461e+01
-1.216728647853493150e+01
-1.219215545601204553e+01
-1.221063243028981660e+01
-1.227850316450859225e+01
-1.223338189784833041e+01
-1.223021891650908088e+01
-1.222783391276315257e+01
-1.209786944976663214e+01
-1.201388378669919632e+01
-1.195534536049759744e+01
-1.198456976686431119e+01
-1.199566197698394632e+01
-1.201098873651591070e+01
-1.207892964060859953e+01
-1.212910430597261069e+01
-1.205325382353143127e+01
-1.192778294822572782e+01
-1.186146848001870246e+01
-1.181674155585704078e+01
-1.176779878790467926e+01
-1.173614672814037263e+01
-1.176330931503178157e+01
-1.168984993710557418e+01
-1.143302665087922065e+01
-1.134445462780089642e+01
-1.147734777499476522e+01
-1.147473126519723152e+01
-1.150789612625898606e+01
-1.155378686463971150e+01
-1.171536611809590589e+01
-1.183454671835335859e+01
-1.199405549813018546e+01
-1.207009112987775445e+01
-1.190114910874342868e+01
-1.187875067818898422e+01
-1.199583653164456898e+01
-1.209877860970047081e+01
-1.215587908935031614e+01
-1.231588555880463076e+01
-1.220058813708478240e+01
-1.213460688109878838e+01
-1.208773346558364459e+01
-1.209949873124827491e+01
-1.200941699592380019e+01
-1.208737593441087377e+01
-1.208806568920032554e+01
-1.204870896273179071e+01
-1.200594103646985999e+01
-1.186880266381453453e+01
-1.208195130855233046e+01
-1.217015712703117813e+01
-1.229279151271793324e+01
-1.237096399234985533e+01
-1.232312702111803837e+01
-1.216605056864477241e+01
-1.209874552132514580e+01
-1.221677470502589458e+01
-1.222338541363640374e+01
-1.215828222855135898e+01
-1.228991216419200327e+01
-1.239924762415708948e+01
-1.241685173666748909e+01
-1.243811504119370426e+01
-1.263714912840231364e+01
-1.267402602175395288e+01
-1.262037978152549300e+01
-1.262235221991163847e+01
-1.266111066669939333e+01
-1.262628244925251586e+01
-1.258859779031039139e+01
-1.257889073063100227e+01
-1.238555142422251976e+01
-1.239288752286221218e+01
-1.238616643248139226e+01
-1.232683495716052668e+01
-1.228033193087581942e+01
-1.227887263760769798e+01
-1.228028367366771612e+01
-1.229383980051118286e+01
-1.237394992434294316e+01
-1.238369236488351710e+01
-1.238973718474171726e+01
-1.240377999626913486e+01
-1.236843333750569940e+01
-1.226930596265514417e+01
-1.228093606801236071e+01
-1.221448462118297762e+01
-1.223662202895850548e+01
-1.231678089805104293e+01
-1.226432646658078873e+01
-1.219976097255050895e+01
-1.233887533991363306e+01
-1.241607464329966248e+01
-1.228690561758903677e+01
-1.234328130833711157e+01
-1.248206226987131018e+01
-1.264201974293028563e+01
-1.266449423328586477e+01
-1.265017668963407260e+01
-1.275820003472169084e+01
-1.277109051539585494e+01
-1.287456385301634754e+01
-1.282395479438266861e+01
-1.282817120225476160e+01
-1.282060552500593964e+01
-1.280800613307477676e+01
-1.279889512846782296e+01
-1.274971334631252518e+01
-1.296806224587408352e+01
-1.307887515258013167e+01
-1.300461156259337692e+01
-1.300081047270212053e+01
-1.299587312087085778e+01
-1.317938679383146017e+01
-1.322784992465057918e+01
-1.328292480157931976e+01
-1.328146036073147584e+01
-1.323967050355520847e+01
-1.321640712978780030e+01
-1.321735766716354021e+01
-1.321682460551982885e+01
-1.335293450285701766e+01
-1.333958070559421571e+01
-1.337801223140156637e+01
-1.350405711475357151e+01
-1.361546423948721696e+01
-1.377959658710989288e+01
-1.372554649938168403e+01
-1.384520123322439389e+01
-1.388092999030180508e+01
-1.373437011822163001e+01
-1.366456577604290601e+01
-1.376146826133902223e+01
-1.388390219335627762e+01
-1.396639573783263799e+01
-1.384829481258749340e+01
-1.376026704996694505e+01
-1.375668867293292230e+01
-1.370880848826998744e+01
-1.370868917432584588e+01
-1.373824285142254098e+01
-1.395956988383418462e+01
-1.408427777372705414e+01
-1.414110182829413809e+01
-1.425311366639424371e+01
-1.417987232620938798e+01
-1.417825455740553764e+01
-1.426956683670046111e+01
-1.428798792413062735e+01
-1.427019098591248714e+01
-1.417992423412243852e+01
-1.412874481022402762e+01
-1.417273453890129176e+01
-1.419280390498352418e+01
-1.423103850951183524e+01
-1.426966179792765743e+01
-1.433687887205444333e+01
-1.450528339410631951e+01
-1.465056752216161051e+01
-1.469725019008927092e+01
-1.464490709713026462e+01
-1.464297739698744394e+01
-1.452477594305369379e+01
-1.422791303026880172e+01
-1.411172070404899515e+01
-1.403947672706651062e+01
-1.408210330271550959e+01
-1.417706247836405176e+01
-1.414869163139271535e+01
-1.420035257122748007e+01
-1.427257858630705734e+01
-1.421108279684537123e+01
-1.429009209825515647e+01
-1.440386923436621913e+01
-1.453042291208971193e+01
-1.462602963416787105e+01
-1.461141218747468429e+01
-1.473574115194415768e+01
-1.475114797071392125e+01
-1.483676308228386453e+01
-1.494845235721724386e+01
-1.504710122715773757e+01
-1.498578765860963102e+01
-1.508391671376536713e+01
-1.509215077475118605e+01
-1.502527492025373235e+01
-1.503697892247057410e+01
-1.506462814000250638e+01
-1.513694034096283758e+01
-1.502597673016650681e+01
-1.495621620319961131e+01
-1.497242073603637991e+01
-1.508258718301434875e+01
-1.513145039997484886e+01
-1.494007705285786614e+01
-1.480149198645074904e+01
-1.474181891179634007e+01
-1.487375969452085656e+01
-1.484223331549098113e+01
-1.482918120791264194e+01
-1.484299117759231557e+01
-1.492919443293323667e+01
-1.493180659960396284e+01
-1.496979918606296422e+01
-1.498956569090870872e+01
-1.496272740544671720e+01
-1.487235867110501175e+01
-1.484672727510938550e+01
-1.483083279618031725e+01
-1.481079909270404293e+01
-1.476273238880826710e+01
-1.478213870923253381e+01
-1.484253737731568457e+01
-1.480325903540494181e+01
-1.467003944368370760e+01
-1.463803303228963948e+01
-1.462393892771428128e+01
-1.460313643535589989e+01
-1.464235400836165901e+01
-1.475782565459640061e+01
-1.487193240866105270e+01
-1.481462178874616242e+01
-1.484063779978942677e+01
-1.479868427931845076e+01
-1.495987274026797742e+01
-1.503092322028992633e+01
-1.502012655837720878e+01
-1.500007018293510086e+01
-1.506434862162866040e+01
-1.496998946995585555e+01
-1.496687051055186224e+01
-1.496314680903339678e+01
-1.497281184814780097e+01
-1.489118689948184304e+01
-1.506422766573366623e+01
-1.524483218773567295e+01
-1.526003834904753376e+01
-1.515823283563034707e+01
-1.527413817979057065e+01
-1.534825177153484432e+01
-1.528615411753734321e+01
-1.508647174639130206e+01
-1.523562757971137671e+01
-1.518822133151637210e+01
-1.497099632219796028e+01
-1.488099714681903407e+01
-1.479457938146914309e+01
-1.466781907314737055e+01
-1.477314296433188900e+01
-1.473821537644237090e+01
-1.477586974910903095e+01
-1.473506893314726973e+01
-1.479983328884847893e+01
-1.489330445463581576e+01
-1.493926109369352595e+01
-1.508793652044858646e+01
-1.509753220670582330e+01
-1.512806665555094909e+01
-1.507323729577444382e+01
-1.494063959639623107e+01
-1.497710064916085670e+01
-1.509231911830206307e+01
-1.528807369526987614e+01
-1.534872738069779885e+01
-1.538118760681829400e+01
-1.548445960423159384e+01
-1.560758675098564829e+01
-1.552751886790757574e+01
-1.549163662472541780e+01
-1.552807327572672769e+01
-1.534311403615179081e+01
-1.542102779898248066e+01
-1.540152240604123079e+01
-1.539153919866747877e+01
-1.538701425685204427e+01
-1.548983178369147851e+01
-1.559833885294202993e+01
-1.560960724531829413e+01
-1.561160735924643284e+01
-1.565976323532307468e+01
-1.561551611537358220e+01
-1.554456188850942766e+01
-1.560354875979508371e+01
-1.561108457706774999e+01
-1.548734766582578004e+01
-1.545019916965716433e+01
-1.548769485245592925e+01
-1.532192179998520132e+01
-1.513300196123864438e+01
-1.531105853915670068e+01
-1.540748452599466845e+01
-1.532091816169923248e+01
-1.510671193309374161e+01
-1.504390112143807556e+01
-1.506483361467077309e+01
-1.499995877502203712e+01
-1.499932966811407020e+01
-1.503845654071835725e+01
-1.501492111072006175e+01
-1.513840012079314512e+01
-1.519612468556002938e+01
-1.516468112025724047e+01
-1.516764129475620848e+01
-1.519062305916296296e+01
-1.510684220814897571e+01
-1.507981194977351613e+01
-1.504065348523455015e+01
-1.509894969772711448e+01
-1.499163100926512726e+01
-1.508100486877006219e+01
-1.505633349557361633e+01
-1.506525303735242716e+01
-1.501421320882409738e+01
-1.499984515321340695e+01
-1.492279795115002017e+01
-1.497531631273751174e+01
-1.500093053225442752e+01
-1.521767097161546900e+01
-1.545050920494155910e+01
-1.542041730447473036e+01
-1.530483017054252493e+01
-1.524331227700156433e+01
-1.534455425342226498e+01
-1.545795472486480548e+01
-1.559372363861660205e+01
-1.542011403312688778e+01
-1.542001247532571462e+01
-1.542033599269279875e+01
-1.537676055898305094e+01
-1.545922917030627985e+01
-1.559117011395233021e+01
-1.570158981173879198e+01
-1.557293008518580990e+01
-1.552111531788325038e+01
-1.543886439033038727e+01
-1.540175242151689616e+01
-1.545531328428318041e+01
-1.543357076179588283e+01
-1.551711839449493802e+01
-1.561733217976607868e+01
-1.557450196452498403e+01
-1.556597955122833810e+01
-1.561779401001758316e+01
-1.566282795485872370e+01
-1.565717574217985231e+01
-1.565485107883385929e+01
-1.557652574963147707e+01
-1.554771010479815097e+01
-1.561548175182095655e+01
-1.557168059126295567e+01
-1.552203002613377159e+01
-1.551686278207905190e+01
-1.547815723174780622e+01
-1.537238671397986778e+01
-1.528353923742660392e+01
-1.519471557265277184e+01
-1.533172080330479936e+01
-1.537575910276924240e+01
-1.536925026697756280e+01
-1.537461284447822862e+01
-1.529267726829901797e+01
-1.530449929689549116e+01
-1.527080902747880842e+01
-1.524205792702607809e+01
-1.513382972989511366e+01
-1.513548188374222470e+01
-1.500554327369966678e+01
-1.493426544849978654e+01
-1.475423911995087778e+01
-1.477491892432320242e+01
-1.474013928486708558e+01
-1.475346810627082306e+01
-1.458709794860598663e+01
-1.450797484737884702e+01
-1.456194351227572525e+01
-1.454533172403572294e+01
