-1.645425837819720405e+00
-1.761169283997731094e+00
-1.706020065498341953e+00
-1.763246157765573807e+00
-1.763699336310519339e+00
-1.671989918448740564e+00
-1.771840507717453939e+00
-1.730841485471676711e+00
-1.777293598532764918e+00
-1.608136603727530645e+00
-1.644140049804832859e+00
-1.721271563415715633e+00
-1.655884607186974833e+00
-1.563510115262084499e+00
-1.626500397211979143e+00
-1.593630504308293228e+00
-1.461565053775261136e+00
-1.510609541474036366e+00
-1.570303899313302276e+00
-1.566912041285655421e+00
-1.440776517609962504e+00
-1.489491584111608757e+00
-1.420017435672950690e+00
-1.446120474591694904e+00
-1.417457766942921804e+00
-1.348722413062652503e+00
-1.385457437110910739e+00
-1.354140270165048676e+00
-1.291390135212728385e+00
-1.278371286593518175e+00
-1.183886595665150976e+00
-1.217574053502120002e+00
-1.196282140056564858e+00
-1.123394815880279785e+00
-1.092210161247885170e+00
-1.100221707592401010e+00
-1.071244692268310317e+00
-1.067908247991453230e+00
-9.555062829054703499e-01
-9.424294270873933010e-01
-8.983637936765650478e-01
-8.844295094231180432e-01
-8.520752990220590295e-01
-8.072768615071883591e-01
-7.669013672355816658e-01
-7.302125087083272126e-01
-6.862970484142274508e-01
-6.651776291895391546e-01
-6.642336892106770474e-01
-6.107739098207598527e-01
-5.895703993866130421e-01
-5.391691013359569684e-01
-4.874043443718016899e-01
-4.321605375912996871e-01
-4.157259715546042789e-01
-3.877393564883286348e-01
-3.308729894088344170e-01
-3.017142277499474390e-01
-2.519515579772126923e-01
-2.200544836305530216e-01
-1.833611529692644182e-01
-1.502446265391753910e-01
-1.174066928462568771e-01
-9.065934807456738076e-02
-6.189863205046997052e-02
-3.022972843373300522e-02
-6.129032534035183666e-03
1.359881956012287674e-02
2.944503339277632081e-02
4.322942495447290590e-02
4.401472482779489326e-02
5.814113620685645856e-02
6.559869939685425422e-02
3.390026105205024010e-02
-1.831026394182400097e-02
-1.073108979459991286e-01
-1.166190147677630407e-01
-1.717293795656105182e-01
-1.888724864909219203e-01
-2.412325415216349800e-01
-2.584291874472541828e-01
-2.285515327446282496e-01
-2.201263938962837452e-01
-1.875294142283011056e-01
-1.360538149939185537e-01
-9.682882878292919937e-02
-6.055872569129305827e-02
-2.263238681033130639e-02
4.981887181688460231e-03
2.157509635339160958e-02
2.144862920309154042e-02
2.554508175004288617e-02
1.702792543920139678e-03
-1.188543556095988940e-02
-3.282525956530335520e-02
-5.448293378615498561e-02
-7.835613089051207680e-02
-8.446167265260176582e-02
-7.358408123107532117e-02
-6.983502506575262059e-02
-4.565801834359783928e-02
-2.520138614405764699e-02
-2.111557263824226371e-02
-1.730988422038914898e-02
-8.930925942199907652e-03
-1.456377536919828408e-02
-3.856780074392940350e-03
-2.838469930109233097e-02
-2.374765868992789741e-02
-6.949106305746921564e-02
-5.046427168185463330e-02
-6.421261479260809146e-02
-7.607958527973579521e-02
-8.790744894420776667e-02
-5.212143053640772017e-02
-7.061146504338533525e-02
-5.330250049923890288e-02
-5.530094054979040052e-02
-6.322788512173449504e-02
-7.027935183316813550e-02
-7.539716881543823135e-02
-7.283063661080491080e-02
-8.542227481958009072e-02
-8.953144038480242983e-02
-7.725603710387507483e-02
-9.158397492638425952e-02
-1.123286144449027191e-01
-1.020505603333905498e-01
-9.364831183303068407e-02
-9.012344043018472028e-02
-9.988152024123220230e-02
-9.423896096590267391e-02
-9.129328634074607152e-02
-1.099375606847983189e-01
-1.160736559976627280e-01
-1.011326916029278156e-01
-9.690359708527185312e-02
-1.167627473393135773e-01
-1.188292360222197308e-01
-1.030369578720484736e-01
-1.004576913437551511e-01
-1.079111050135374006e-01
-8.094644586258148422e-02
-1.061829421988127464e-01
-9.969563903688305473e-02
-1.157494176389386453e-01
-1.137300882358149856e-01
-1.101921845544482359e-01
-1.225283040791826927e-01
-1.219417986687665323e-01
-9.577231927853158133e-02
-9.049257037422719918e-02
-1.097223798128910133e-01
-1.181297090427142482e-01
-1.116180990250636995e-01
-1.114086162082434939e-01
-1.218265418598292182e-01
-1.318993976447543348e-01
-1.151198216438003019e-01
-1.183896448709527149e-01
-1.178437487621943891e-01
-1.112479263342385782e-01
-1.254654886414786619e-01
-1.357937951339372451e-01
-1.253619719293482815e-01
-1.152889999190543913e-01
-9.358289597873414856e-02
-1.275651869565123109e-01
-1.235736692423844429e-01
-1.398879696103730863e-01
-1.267514606208497985e-01
-1.274353314323324327e-01
-1.221619292128098555e-01
-1.333136953113334133e-01
-1.320048977784393784e-01
-1.359982206546977435e-01
-1.186004908435017713e-01
-1.133063737456613262e-01
-1.274615472854187248e-01
-1.044306892045822888e-01
-1.229257011708651537e-01
-1.158409718044885739e-01
-1.100676352694021504e-01
-1.219451172941227179e-01
-1.485626706245504747e-01
-1.417412082976367005e-01
-1.460309934583584046e-01
-1.253214939020256269e-01
-1.037169074814060510e-01
-9.297032566211538285e-02
-1.162999644835290836e-01
-1.164178573107467196e-01
-1.264239924541171733e-01
-1.120730595791891160e-01
-1.265351855665239889e-01
-1.295987622984537957e-01
-1.265619936187232231e-01
-1.246467926204558596e-01
-1.173427057014437835e-01
-1.058454390962215719e-01
-1.308714868660021402e-01
-1.412801395935504578e-01
-1.345902123855698962e-01
-1.344891205959044544e-01
-1.304709392239453702e-01
-1.271014448599511737e-01
-1.282164442395758441e-01
-1.166012334426897445e-01
-1.367947482342220522e-01
-1.175964604658181756e-01
-1.330531647568528042e-01
-1.038636164423709096e-01
-1.142268137362648650e-01
-1.186196573644840990e-01
-8.733575328762455126e-02
-1.028285554008199210e-01
-1.122034190628473649e-01
-1.169794260602055047e-01
-1.194394170485265638e-01
-1.126333901748723942e-01
-1.172285809248597710e-01
-1.096649151225669305e-01
-1.296382151250747850e-01
-1.164894701113621256e-01
-1.284086396710847344e-01
-1.332780998869256273e-01
-1.284914971051465127e-01
-1.149336619221057454e-01
-1.163133045595053927e-01
-1.163454471671994117e-01
-1.071996545814205559e-01
-8.719926981325121229e-02
-1.053516281405950661e-01
-1.184223627672911228e-01
-1.202269530074252524e-01
-1.024740820145347842e-01
-1.260310640610137201e-01
-1.405015125894454320e-01
-1.220356783708123061e-01
-1.342668869795716757e-01
-1.050000117505962560e-01
-9.922191699501237139e-02
-1.121810486558153519e-01
-1.073712739731893517e-01
-1.055052176889212934e-01
-1.119932868564489370e-01
-1.076392394862564217e-01
-1.026596278799654094e-01
-1.034493608260684816e-01
-9.063848520601736070e-02
-9.473471871921756993e-02
-1.074020247245788262e-01
-1.038827002957360968e-01
-1.031615718290744832e-01
-1.165114387614152314e-01
-9.364240674427037892e-02
-1.052665880098339057e-01
-9.997154217778880803e-02
-1.254059196983872138e-01
-1.257408111519346949e-01
-7.813038779907366393e-02
-8.133881388905817023e-02
-9.878589618402799921e-02
-1.127894624575357385e-01
-8.840500656343697194e-02
-6.276637273331997502e-02
-8.085938558955407807e-02
-7.319937055235686829e-02
-9.626462007404401611e-02
-8.829629269574490458e-02
-8.395987901144441601e-02
-7.884438270483040689e-02
-9.915340141602485557e-02
-8.354233673107580582e-02
-6.751685185453182303e-02
-8.012961524347417264e-02
-7.941168590305047736e-02
-9.923212250136792534e-02
-8.382687442328062843e-02
-8.905044953785434814e-02
-7.561264136031276006e-02
-7.647704284206857661e-02
-8.133834206296730596e-02
-8.743166250888578794e-02
-9.747921463476028059e-02
-8.548310200102804401e-02
-8.900601266085794716e-02
-9.767436249137617654e-02
-8.760229277457698416e-02
-9.448358614834384550e-02
-9.792252015097613338e-02
-1.053157652270947375e-01
-9.280270712261784460e-02
-9.755075921988876075e-02
-8.209656704112699988e-02
-8.527535904021854574e-02
-7.421809155446779105e-02
-1.049114465167674259e-01
-9.832879279325323907e-02
-8.627200119289890612e-02
-9.428311534823163864e-02
-9.167075394635948449e-02
-9.740123916594045639e-02
-9.146891006064117313e-02
-8.537916244885523920e-02
-9.579994992030532730e-02
-9.071113686434606471e-02
-8.411887036219967140e-02
-8.783667049031695928e-02
-9.982936516387830306e-02
-8.058487527855306976e-02
-1.020929545039799824e-01
-1.128891441204100121e-01
-1.076693033310980319e-01
-1.028609309026259355e-01
-9.447772709797219726e-02
-1.013227552070445903e-01
-9.789579637584627791e-02
-8.866974653166093123e-02
-8.968306403871473265e-02
-9.530515954928775457e-02
-9.390374661153078062e-02
-9.744971920368861174e-02
-1.020160443684385299e-01
-1.047192383831123674e-01
-9.312789954152239646e-02
-1.019878612183472422e-01
-1.070204516210697676e-01
-1.125022722796014119e-01
-1.143872622493450758e-01
-9.675551548395322499e-02
-9.616201920125716507e-02
-8.636233819368843712e-02
-9.902658433732569598e-02
-8.386238290268643869e-02
-1.017976680940207712e-01
-1.129340959247610576e-01
-1.097150728049492985e-01
-1.210914525006490938e-01
-1.202674785058896467e-01
-1.163372747896404269e-01
-1.013963477050734419e-01
-1.023611339961779665e-01
-9.135610628951035261e-02
-1.075667315439389482e-01
-1.062926814486068183e-01
-1.123597486393758116e-01
-1.094467769446731964e-01
-8.996006803492945236e-02
-1.134227430313559104e-01
-1.113992521929508817e-01
-1.077848226119408337e-01
-1.211026241915317270e-01
-1.105455045272047965e-01
-8.302884198779569846e-02
-1.022136294276067559e-01
-1.324888323674413559e-01
-9.526444386729240876e-02
-1.375733702240309331e-01
-1.254814844636569504e-01
-1.015783965254444254e-01
-1.124957962846659665e-01
-1.148773800751269336e-01
-1.155917019024101655e-01
-1.284462246527858509e-01
-1.285890290260164603e-01
-1.128011718718077705e-01
-1.286900874766613301e-01
-1.172958130250886105e-01
-1.162974815176748278e-01
-1.266001270850156124e-01
-1.146018434611418835e-01
-1.197754444568060461e-01
-1.421410944163393475e-01
-1.396661717468396791e-01
-1.101147330168788241e-01
-1.440839172723264727e-01
-1.312827360407999300e-01
-1.188850070210306642e-01
-1.276144604277347772e-01
-1.141369468120623232e-01
-1.221296443578023805e-01
-1.313088169663244598e-01
-1.290714556593748896e-01
-1.410878799144214546e-01
-1.107315715047089838e-01
-1.193041483053574603e-01
-1.265478440992783282e-01
-1.261778513626663489e-01
-1.259724130588912583e-01
-1.264809831786127270e-01
-1.282354945476341102e-01
-1.295621148339499429e-01
-1.240370834762614116e-01
-1.379866882081475232e-01
-1.514682131607664184e-01
-1.337317947090128079e-01
-1.117384068148594978e-01
-1.222395253627575062e-01
-1.377728932008500662e-01
-9.579289826290278420e-02
-1.314729364568843484e-01
-1.358231972749711081e-01
-1.326244274182540595e-01
-1.210388605657429506e-01
-1.371165745732181862e-01
-1.058243797508243156e-01
-1.127114309579470564e-01
-1.127319188324212296e-01
-1.147707000515689191e-01
-1.157610991389506072e-01
-1.259688293150077465e-01
-1.228788817642203490e-01
-1.165180568114981829e-01
-1.258895053551217225e-01
-1.246912803742606934e-01
-1.319721005635221545e-01
-1.212753017469553329e-01
-1.180901666877962608e-01
-1.214931747803312811e-01
-1.210412299963932181e-01
-1.029940073668862976e-01
-1.056058887307173566e-01
-1.234588914372092838e-01
-1.265643390188543327e-01
-1.378072502371512353e-01
-1.334982396267145877e-01
-1.409198957497674876e-01
-1.386941407753819466e-01
-1.394991236323246397e-01
-1.345939559112059314e-01
-1.246437057966190975e-01
-1.249700121365237004e-01
-1.081418581196556539e-01
-1.307305287749249145e-01
-1.525921890971630446e-01
-1.154732453575180173e-01
-1.291848816389148946e-01
-1.145117997878638549e-01
-1.225955393959137218e-01
-1.200183676614339778e-01
-1.166923720841838152e-01
-1.242367108688301469e-01
-1.139596625836163390e-01
-1.359652796048941292e-01
-1.368980976690180595e-01
-1.366425810879206004e-01
-1.085424540133707039e-01
-1.167436034151905222e-01
-1.298559148718516632e-01
-1.420874299150141074e-01
-9.854620206259478987e-02
-1.318211819969694609e-01
-1.196926834147092888e-01
-1.237946940572149379e-01
-1.185059853472272551e-01
-1.301771144842449046e-01
-1.269815337743041839e-01
-1.184215815431208796e-01
-9.341765754578201797e-02
-1.163789754824807177e-01
-1.347528631503633334e-01
-1.198961488939643549e-01
-1.281951902841266810e-01
-1.223342600072339498e-01
-1.293314468078601565e-01
-1.249136930526016792e-01
-1.169095358520722550e-01
-1.018741059560303031e-01
-1.185321342206069606e-01
-1.208352752146487769e-01
-1.158710094436490312e-01
-1.391114787460189239e-01
-1.277876278493009221e-01
-1.273470081125601949e-01
-1.044009189229666845e-01
-1.375537782516440821e-01
-1.325492496675990117e-01
-1.364743797518190027e-01
-1.325634416981064101e-01
-1.209365394605207700e-01
-1.256072099915143125e-01
-1.089778934074710215e-01
-1.404325150677773193e-01
-1.237003253413534454e-01
-1.132584479239894804e-01
-1.058218493711291092e-01
-1.326274029607913407e-01
-1.278020121121806740e-01
-1.402203956175516741e-01
-1.191210240449155078e-01
-1.225067129623383932e-01
-1.208823107854862244e-01
-1.320477116916400906e-01
-1.378826414065067174e-01
-1.204662470478423258e-01
-1.296810318664060879e-01
-1.322953462768324262e-01
-1.355586604860948841e-01
-1.440128775144254303e-01
-1.422752462107330085e-01
-9.678376047041264973e-02
-1.390131254551776885e-01
-1.186011744095326614e-01
-1.224774339712771942e-01
-1.279549176200603933e-01
-1.133816841484552862e-01
-1.277630781789598768e-01
-1.250011167769793929e-01
-1.104447476823417484e-01
-1.360123441688013135e-01
-1.203059700096012485e-01
-1.288754125939865491e-01
-1.259695747220338502e-01
-1.420084187000425213e-01
-1.414362136065901443e-01
-1.289683382579479565e-01
-1.403859214224725260e-01
-1.300418550167235510e-01
-1.337790176864528391e-01
-1.331190369736996448e-01
-1.470885088502259519e-01
-1.231867057376723196e-01
-1.171655250144895133e-01
-1.474318676605257394e-01
-9.016277007701356538e-02
-1.357355819749036518e-01
-1.151538526359631165e-01
-1.319596412247432959e-01
-1.442863026233160428e-01
-1.214378344449012492e-01
-1.381319952250496530e-01
-1.378406023045568585e-01
-1.193600791526102101e-01
-1.244711439401572362e-01
-1.091594500358721298e-01
-1.234948670734643539e-01
-1.130981954610101869e-01
-1.254433605821216879e-01
-1.084676065718129800e-01
-1.271506210020230676e-01
-1.210495576255534722e-01
-1.232123044915144350e-01
-1.287387151305008359e-01
-1.276134078090210844e-01
-1.293286402403879265e-01
-1.371942068798692738e-01
-1.440164896902946801e-01
-1.379788918951142529e-01
-1.290188590965927196e-01
-1.039925346250873961e-01
-1.076369457689789755e-01
-1.248214264397989881e-01
-1.115894928746649084e-01
-1.348703360970163745e-01
-1.011024085165361797e-01
-1.094244314825317810e-01
-1.222257449533652451e-01
-1.203871482277663052e-01
-1.379980411536246843e-01
-1.378953723626276107e-01
-1.418361589289850455e-01
-1.218273902587529989e-01
-1.036905514473694945e-01
-1.246779563384432521e-01
-1.056942097335541453e-01
-1.241826362034189613e-01
-1.257780470161145026e-01
-1.494848439627711745e-01
-1.287827845865027188e-01
-1.361519847226294599e-01
-1.430385575928062591e-01
-1.520069987884468121e-01
-1.412974247832072816e-01
-1.368449042036874452e-01
-1.327255601212549152e-01
-1.530395612063011335e-01
-1.467121431069218218e-01
-1.090157201406409815e-01
-9.836281190979478950e-02
-1.064342015789743190e-01
-1.457693142857480195e-01
-1.262623234793651683e-01
-1.241325259230960931e-01
-1.018335825052528731e-01
-1.276169890944318652e-01
-1.434638842368842759e-01
-1.224238024334241004e-01
-1.333320922915514073e-01
-1.383058305534007326e-01
-1.265705533669854166e-01
-1.265523862291441093e-01
-1.367978969174832304e-01
-1.233076350712183356e-01
-1.409782238806720489e-01
-1.224605082689531610e-01
-1.483222657063818506e-01
-1.485583811802844156e-01
-1.478644603049438233e-01
-1.385226788157973843e-01
-1.448325193702452163e-01
-1.629690255513559505e-01
-1.194358640467214627e-01
-1.164273205100532227e-01
-1.398893650694327251e-01
-1.475754198369462200e-01
-1.392090098601520554e-01
-1.309099071486399257e-01
-1.399656246957012851e-01
-1.248017341056998353e-01
-1.219695640425827454e-01
-1.477339203954359803e-01
-1.302672265340565350e-01
-1.344852773540726742e-01
-1.282183106435638154e-01
-1.354169710182921982e-01
-1.179682780158433086e-01
-1.288733168650391114e-01
-1.193739458192943914e-01
-1.166717653286870604e-01
-1.447713756302360100e-01
-1.274154666206659403e-01
-1.443909470265745121e-01
-1.204253373068984168e-01
-1.243249019790453325e-01
-1.488598379073237110e-01
-1.261839596686469278e-01
-1.513171219847346816e-01
-1.242366363169433718e-01
-1.254464802283729030e-01
-1.299697979947274096e-01
-1.450402952014731017e-01
-1.288434858164420049e-01
-1.397825100719740643e-01
-1.391828218923920613e-01
-1.312066635060067377e-01
-1.426693711672237797e-01
-1.493123762020895917e-01
-1.136543992096421540e-01
-1.517947390786369422e-01
-1.215385779267019739e-01
-1.253500088272323509e-01
-1.285323781919551767e-01
-1.297712675570825702e-01
-1.218975204657426481e-01
-1.436983238565416876e-01
-1.338609219131143835e-01
-1.447327796824348090e-01
-1.403350840601048644e-01
-1.214088602114165028e-01
-1.401836038338125645e-01
-1.245526912974905809e-01
-1.301388112739241265e-01
-1.348845100727538160e-01
-1.316850688591588714e-01
-1.402039609844298873e-01
-1.324588903774975845e-01
-1.098520538467886443e-01
-1.204651611684504076e-01
-1.388970751882869781e-01
-1.548216881194810490e-01
-1.652696230699296498e-01
-1.310162139692316874e-01
-1.111695674716883797e-01
-1.250130595149678836e-01
-1.558814398175685234e-01
-1.467207025718915148e-01
-1.349323358517782179e-01
-1.035605925162468299e-01
-1.403340821853886755e-01
-1.113791419985281639e-01
-1.256530464100644728e-01
-1.114576146954415758e-01
-1.153089383658931766e-01
-1.420654002180192776e-01
-1.183872854731333746e-01
-1.350356088053827897e-01
-1.335094773008358437e-01
-1.332971559132505313e-01
-1.241980604280179534e-01
-1.239391786070400681e-01
-1.313342923679152729e-01
-1.561605122388085576e-01
-1.178122018221106071e-01
-1.287779778402200481e-01
-1.476022762462405602e-01
-1.305351092634650101e-01
-1.273464616021779960e-01
-1.466452763535461834e-01
-1.457517033296062969e-01
-1.464451003484881220e-01
-1.282763335928145398e-01
-1.468513219222193911e-01
-1.441263075481313827e-01
-1.348743516297603584e-01
-1.316147656701225355e-01
-1.331074281326862785e-01
-1.262421253877192839e-01
-1.474206307011471928e-01
-1.093015904812810746e-01
-1.366670438116548425e-01
-1.309431195898689282e-01
-1.499928817908950940e-01
-1.491085054814442756e-01
-1.241868765786811046e-01
-1.401384357361012967e-01
-1.429337815333204809e-01
-1.224299223628850797e-01
-1.351627125446008826e-01
-1.047402133609649511e-01
-1.192667805273122106e-01
-1.348459094826237603e-01
-1.325562085851261784e-01
-1.240643402960261987e-01
-1.331128425964069883e-01
-1.429737740210863528e-01
-1.237822059993543000e-01
-1.339918214154587339e-01
-1.344896530420389702e-01
-1.418236214697077280e-01
-1.338862461982737173e-01
-1.358470373190012737e-01
-1.477290859115152344e-01
-1.331197088481017587e-01
-1.541300544070591805e-01
-1.331384352193833998e-01
-1.537561431488301267e-01
-1.560605070325737920e-01
-1.453602880244881934e-01
-1.338032889937252889e-01
-1.577794139361763381e-01
-1.290025522533615465e-01
-1.532090194894553115e-01
-1.415132130022112023e-01
-1.509558195013060988e-01
-1.326959923680188780e-01
-1.281539279071073345e-01
-1.448510065947530290e-01
-1.583951724390513238e-01
-1.559352512840685989e-01
-1.581592110681004915e-01
-1.519952465547529386e-01
-1.577586413521290254e-01
-1.550019141300653658e-01
-1.332562772474537027e-01
-1.386252706917665556e-01
-1.310839292098218145e-01
-1.288053064976699691e-01
-1.101402250599012866e-01
-1.381579006289419542e-01
-1.248602737143449382e-01
-1.212718187700343453e-01
-1.423018595424094812e-01
-1.566609843622190912e-01
-1.296407980281584216e-01
-1.524679491936382636e-01
-1.435512049808944646e-01
-1.498587213436639587e-01
-1.361500467776832757e-01
-1.206995800216006387e-01
-1.325244219104684262e-01
-1.375144326638677583e-01
-1.552183847989621057e-01
-1.299924809126400405e-01
-1.312723305075786939e-01
-1.388040230211640136e-01
-1.220835139040890027e-01
-1.524327730972077077e-01
-1.473594934821833569e-01
-1.210148602521852190e-01
-1.279900323955178720e-01
-1.431698766373328269e-01
-1.165346273767449148e-01
-1.287457651339094511e-01
-1.431285988201302928e-01
-1.121991439253848810e-01
-1.323871597303694081e-01
-1.339544284973261945e-01
-1.351826938602682660e-01
-1.251062554841144703e-01
-1.045181810872710670e-01
-1.223556673067163203e-01
-1.414646913671657735e-01
-1.412205172371194806e-01
-1.392229528009458761e-01
-1.400208228792383380e-01
-1.376662951752898323e-01
-1.412913432249949253e-01
-1.387293991848692620e-01
-1.134329013059738323e-01
-1.431562976680345045e-01
-1.174989102040564504e-01
-1.150270801313002522e-01
-1.078490864386898451e-01
-1.382839242384794609e-01
-1.183600164513363140e-01
-1.230848669176869414e-01
-1.405725223422180648e-01
-1.310112113786816579e-01
-1.536525192460280742e-01
-1.378782208264159870e-01
-1.316617451032633390e-01
-1.424287148006531112e-01
-1.369607966741757110e-01
-1.165915446588599025e-01
-1.320633794038994502e-01
-1.445745674990099872e-01
-1.361890144343886888e-01
-1.319276340727766339e-01
-1.267215736164031270e-01
-1.401597290211733515e-01
-1.392012309393906300e-01
-1.356695762976891650e-01
-1.553666768779198293e-01
-1.335086123060471586e-01
-1.384121829317215280e-01
-1.414035089183367511e-01
-1.324163425600550781e-01
-1.460387317448974542e-01
-1.400039272886921538e-01
-1.149838827401503671e-01
-1.226778522987594933e-01
-1.632684133565849294e-01
-1.286340078873662307e-01
-1.246945211887431348e-01
-1.314430393862564550e-01
-1.521049133560765654e-01
-1.642163305558466124e-01
-1.480802520388284638e-01
-1.547026140562384189e-01
-1.352197039159466208e-01
-1.158328362218725704e-01
-1.543903083298197032e-01
-1.496196187808831457e-01
-1.400900817846428836e-01
-1.434449732530413968e-01
-1.442695295552718360e-01
-1.175768761838786869e-01
-1.385113782133571281e-01
-1.396399308424816077e-01
-1.299424260443571288e-01
-1.339822906472694086e-01
-1.482465365810765601e-01
-1.256199701938043312e-01
-1.143223906726822392e-01
-1.346225620551713131e-01
-1.223067004610052244e-01
-1.400423665751271418e-01
-1.416120359664740924e-01
-1.378921703127522491e-01
-1.207700973021479385e-01
-1.211560781960243638e-01
-1.450192237654954752e-01
-1.175607052045406498e-01
-1.429423111934455815e-01
-1.277642426295833022e-01
-1.365807523967050852e-01
-1.458042311756053699e-01
-1.617263731432123652e-01
-1.409684122713212862e-01
-1.494045561832055835e-01
-1.274826330650562500e-01
-1.597073430244613235e-01
-1.341280119854604269e-01
-1.537436548542994164e-01
-1.385310210224721672e-01
-1.502791599126180877e-01
-1.325226693221932539e-01
-1.129568343690365850e-01
-1.454696258603358494e-01
-1.318172327354221185e-01
-1.316815434147549091e-01
-1.243215321606794266e-01
-1.358198407727606583e-01
-1.530012729390166637e-01
-1.479708466681701751e-01
-1.549558357821707588e-01
-1.340514173983622381e-01
-1.275704190655715387e-01
-1.192955341354231535e-01
-1.472430660256078827e-01
-1.366134405105117189e-01
-1.425940429616185945e-01
-1.610508804879253741e-01
-1.382140671752571937e-01
-1.335038979245608548e-01
-1.331052669953254330e-01
-1.372573097549547594e-01
-1.321636680033821953e-01
-1.307138850578228872e-01
-1.608987806487049976e-01
-1.032630333394728428e-01
-1.005366314487325941e-01
-1.530471270107032211e-01
-1.455959750851769652e-01
-1.518593756852524290e-01
-1.278131653384606548e-01
-1.392245329561894174e-01
-1.551285040474152943e-01
-1.382315148693371576e-01
-1.418933690327750519e-01
-1.390810856433455367e-01
-1.231485695790028867e-01
-1.242935393762312213e-01
-1.490914039017947612e-01
-1.416538549192467578e-01
-1.276221763857705582e-01
-1.257455465265466810e-01
-1.595895821701884820e-01
-1.534876691813664706e-01
-1.257256056798783383e-01
-1.340478891961560670e-01
-1.248598205954685181e-01
-1.410301238694777748e-01
-1.395890075563612776e-01
-1.475535194198758226e-01
-1.380669832313987655e-01
-1.452582688612196193e-01
-1.351156235176311782e-01
-1.482217199104138849e-01
-1.550661843361118564e-01
-1.326447164633832720e-01
-1.449282880101221416e-01
-1.161223208603843204e-01
-1.442073617978840705e-01
-1.322250687737063224e-01
-1.176453879933718749e-01
-1.096500739463504015e-01
-1.239873056522511341e-01
-1.243281255638286620e-01
-1.422216486087519716e-01
-1.142706227411132147e-01
-1.264691067163936644e-01
-1.132380248435200798e-01
-1.244890483863301256e-01
-1.418189016176063522e-01
-1.460516500737283341e-01
-1.298969665433729048e-01
-1.356720476903461314e-01
-1.426591199690032674e-01
-1.416244793452503536e-01
-1.345278727856222822e-01
-1.315881059608867698e-01
-1.298993752884642916e-01
-1.367725608641219281e-01
-1.139411724862611219e-01
-1.532319514699935770e-01
-1.441760150093907011e-01
-1.337118996781556657e-01
-1.356450466577021619e-01
-1.458418360385236312e-01
-1.468971287071862974e-01
-1.099585080199350084e-01
-1.366626331217051238e-01
-1.327330062650200482e-01
-1.505687017552703733e-01
-1.401104566866262502e-01
-1.235743443654129248e-01
-1.548903354587416459e-01
-1.309197156780173010e-01
-1.295444108050762821e-01
-1.328426740730257460e-01
-1.363770331818512371e-01
-1.328693895523880286e-01
-1.242907400395012463e-01
-1.404280929749990303e-01
-1.146516397819821176e-01
-9.944573507267673307e-02
-1.436031768805867692e-01
-1.352207060512793380e-01
-1.190735231714128428e-01
-1.475187939971676077e-01
-1.399771414684471971e-01
-1.443959093983824271e-01
-1.162715066517769902e-01
-1.356757302217226346e-01
-1.407458199877993366e-01
-1.472396627189236362e-01
-1.476436215078626990e-01
-1.356264695604354475e-01
-1.118352270607250176e-01
-1.538810089835298545e-01
-1.347506789518948533e-01
-1.504186282328476842e-01
-1.597616158006300857e-01
-1.484974375548975267e-01
-1.490612049158026586e-01
-1.392647202164216669e-01
-1.596652818234136628e-01
-1.481094132542855046e-01
-1.402378694092187850e-01
-1.378206116392379776e-01
-1.516566426920509247e-01
-1.389992599799683148e-01
-1.507414153273072266e-01
-1.506419476983260619e-01
-1.511540713656893686e-01
-1.684901072566789004e-01
-1.228831331536672788e-01
-1.171964079451217611e-01
-1.371700927502574885e-01
-1.382310567225240039e-01
-1.342635678259185283e-01
-1.321995283112016306e-01
-1.292978625791039171e-01
-1.489451435246971212e-01
-1.332490658800540295e-01
-1.262804287002776693e-01
-1.375564772931145985e-01
-1.234120282104298472e-01
-1.226725450157677422e-01
-1.195283366513393286e-01
-1.523969509290177271e-01
-1.351998964132290482e-01
-1.444123566977038031e-01
-1.428443585476213418e-01
-1.335491110376381130e-01
-1.510746143685099963e-01
-1.379405315457771231e-01
-1.517338883390990656e-01
-1.356716062267935285e-01
-1.458980875957058831e-01
-1.475327055017856548e-01
-1.429251277352199256e-01
-1.530507058707923917e-01
-1.245338446890726924e-01
-1.277132006460748315e-01
-1.594077241728992789e-01
-1.495185549555826388e-01
-1.405170767560468548e-01
-1.526349257112096236e-01
-1.452525111471125729e-01
-1.333769796057306944e-01
-1.336899361598122837e-01
-1.398460089327822065e-01
-1.365486471176389216e-01
-1.319883323439908773e-01
-1.439452589093622725e-01
-1.169633926000162027e-01
-1.348086492340643261e-01
-1.305328602208126743e-01
-1.322114479892613215e-01
-1.692638557152688072e-01
-1.470329172620787883e-01
-1.411947084790281526e-01
-1.753898666690820729e-01
-1.388220281650096588e-01
-1.570755602980395960e-01
-1.513942785274293712e-01
-1.473736654879804764e-01
-1.097328070422731727e-01
-1.455707813609312673e-01
-1.411223226381868034e-01
-1.240684388324799770e-01
-1.253266626757454372e-01
-1.536443554107456144e-01
-1.323008088243422531e-01
-1.551169800863998471e-01
-1.419303704563841251e-01
-1.183122864597294654e-01
-1.064218688595324203e-01
-1.346185373634598559e-01
-1.458030453232956880e-01
-1.219646288035614035e-01
-1.386876253007218729e-01
-1.239359894858205191e-01
-1.536402965503835816e-01
-1.299715672424583968e-01
-1.336720015107011328e-01
-1.662686682580740705e-01
-1.636545159723696852e-01
-1.335807238840143185e-01
-1.450047120321371619e-01
-1.317129502770686411e-01
-1.282588180111017273e-01
-1.504498074927991258e-01
-1.281350374054104346e-01
-1.388451018417513616e-01
-1.236379585212210586e-01
-1.494158830056342424e-01
-1.513150316734745982e-01
-1.315116766689738981e-01
-1.257008158857595426e-01
-1.455604521096387494e-01
-1.504279597952502545e-01
-1.543262001053657961e-01
-1.352229780046478869e-01
-1.430666012089156780e-01
-1.355408007130276538e-01
-1.478231576722115470e-01
-1.400565231449069081e-01
-1.470526629680113384e-01
-1.438002268770588454e-01
-1.434311430543566690e-01
-1.319198091451352362e-01
-1.448422334064369821e-01
-1.515538598848960028e-01
-1.266482003820994517e-01
-1.467552197008350490e-01
-1.566205655697090471e-01
-1.628298737583104838e-01
-1.653049590727868612e-01
-1.607887950683000167e-01
-1.366310781792512419e-01
-1.411576212957033061e-01
-1.445680683228209862e-01
-1.608364611471395644e-01
-1.256839124326245560e-01
-1.467904359159091232e-01
-1.393204517393835662e-01
-1.107812594767327852e-01
-1.315082566103091821e-01
-1.567583063594264470e-01
-1.450623447894909823e-01
-1.476191481463415833e-01
-1.341531247382883318e-01
-1.387486693145167926e-01
-1.507177723750454668e-01
-1.456527964543206100e-01
-1.566137151476312273e-01
-1.399088583365533101e-01
-1.531623706769660309e-01
-1.483859728937952926e-01
-1.212381977644156894e-01
-1.555143124428406409e-01
-1.310988479065990919e-01
-1.355283457069051956e-01
-1.535445379750421946e-01
-1.592059714616373967e-01
-1.395465362539312082e-01
-1.444190007045706992e-01
-1.501895490282549872e-01
-1.502322726100870920e-01
-1.524384172095474277e-01
-1.502453565043408990e-01
-1.297448319751304258e-01
-1.397903517171004140e-01
-1.629565206007959066e-01
-1.690904563168207364e-01
-1.285015026317728459e-01
-1.354737966999568499e-01
-1.333178518640518728e-01
-1.566555102094182583e-01
-1.396762828728086436e-01
-1.480640853693719894e-01
-1.370966113573153233e-01
-1.432205093772431770e-01
-1.670158500325471529e-01
-1.403398228166472528e-01
-1.295673394086365171e-01
-1.512089599164794240e-01
-1.487946466201970352e-01
-1.705330579142576575e-01
-1.262206929830484992e-01
-1.765362519797033514e-01
-1.714375006518868982e-01
-1.307518542994612343e-01
-1.339059222209553202e-01
-1.354508006979515677e-01
-1.390253331609152543e-01
-1.236410296170542544e-01
-1.449234704151400877e-01
-1.436993157736858873e-01
-1.294188872610668728e-01
-1.495523360323463002e-01
-1.650137352408538316e-01
-1.544510445485698380e-01
-1.555487886686213184e-01
-1.268489060031354754e-01
-1.485309389659570378e-01
-1.598769985147370232e-01
-1.652435405583347894e-01
-1.462370915665081039e-01
-1.425237219393504784e-01
-1.620368102119134068e-01
-1.364597587343749918e-01
-1.247916387803169602e-01
-1.456576788934749178e-01
-1.383239862102296769e-01
-1.506192949553410987e-01
-1.592983868947783765e-01
-1.322589716562785345e-01
-1.319523595023435192e-01
-1.226072247673415383e-01
-1.299820105493609823e-01
-1.519666907792927013e-01
-1.506056480484085913e-01
-1.478925961817005863e-01
-1.218785483150151006e-01
-1.327760918742577623e-01
-1.403104383068771721e-01
-1.494208994090577836e-01
-1.428184289483369618e-01
-1.549112179696909841e-01
-1.485139215633597409e-01
-1.492801479114036489e-01
-1.674578687972980706e-01
-1.646618765255905004e-01
-1.746072388289219290e-01
-1.570085599290649281e-01
-1.552132882801335878e-01
-1.550185138814337282e-01
-1.601907312984367504e-01
-1.612525887184630413e-01
-1.564487482730243517e-01
-1.440266410185564450e-01
-1.410906997648950778e-01
-1.326094623277354057e-01
-1.413610749854199433e-01
-1.355096970705031989e-01
-1.359086904584210220e-01
-1.601970112242157018e-01
-1.582905527073488194e-01
-1.479760956261193527e-01
-1.599457486213395896e-01
-1.558835387678372264e-01
-1.497563219245179322e-01
-1.434915270304524260e-01
-1.306645888540967082e-01
-1.474043620228400187e-01
-1.509262716284600625e-01
-1.434242331204471643e-01
-1.437665766623195118e-01
-1.675001079512088431e-01
-1.528585527607253525e-01
-1.666517635886664017e-01
-1.568596484163122806e-01
-1.400420396876165263e-01
-1.575173799643947437e-01
-1.451695878611274360e-01
-1.607853337996443255e-01
-1.480973287714735243e-01
-1.501739997819380168e-01
-1.434424050259970329e-01
-1.666516020276580523e-01
-1.720141453514230090e-01
-1.481866200229142727e-01
-1.619273626454589277e-01
-1.654807086055025689e-01
-1.520914184994490714e-01
-1.546202098756381815e-01
-1.618214055267024332e-01
-1.465698117588274396e-01
-1.426973565183513593e-01
-1.657550855870115747e-01
-1.430431456570291360e-01
-1.593420024729357287e-01
-1.562257506362043635e-01
-1.389986237309470685e-01
-1.508962560723139390e-01
-1.420952020184280684e-01
-1.223140999868124190e-01
-1.754977592927533525e-01
-1.433441233255732250e-01
-1.504036418341823111e-01
-1.643910961901133838e-01
-1.590322171657176931e-01
-1.475434957670784808e-01
-1.558491930358543165e-01
-1.434655470575108005e-01
-1.512113742499017199e-01
-1.719666232914880410e-01
-1.629165143879691691e-01
-1.450525093616104044e-01
-1.453179524817438395e-01
-1.657591812702221556e-01
-1.605555365466568851e-01
-1.600852180511325162e-01
-1.542060591793616986e-01
-1.487439407880919440e-01
-1.418853307317053947e-01
-1.610829014392805014e-01
-1.530160721140880753e-01
-1.490171821638548444e-01
-1.414348869216452975e-01
-1.478679705416743317e-01
-1.445579797516609588e-01
-1.596479664026255740e-01
-1.402749872262409880e-01
-1.462263849407055005e-01
-1.340390230620531753e-01
-1.471662298865106244e-01
-1.609513525815926549e-01
-1.327340454903271905e-01
-1.515540864302646895e-01
-1.524006519045308927e-01
-1.623257921379250845e-01
-1.407610135460086731e-01
-1.195168806580766407e-01
-1.586633288671879249e-01
-1.394993763337568637e-01
-1.392226454751854803e-01
-1.266577437803455553e-01
-1.348203173055435578e-01
-1.316531164261953712e-01
-1.398722207183435984e-01
-1.523834715068912438e-01
-1.479960393893349213e-01
-1.375513708862148299e-01
-1.558325023268247733e-01
-1.511899318775120626e-01
-1.572647305556307273e-01
-1.416577164315233617e-01
-1.715246669733794249e-01
-1.480810241178631692e-01
-1.592548762818668528e-01
-1.491084146504477737e-01
-1.273834415153016764e-01
-1.515742981534335954e-01
-1.464045391613604252e-01
-1.518605677408331189e-01
-1.362975910092405485e-01
-1.488733771675514461e-01
-1.578379771356037686e-01
-1.434013553274087194e-01
-1.507612356187317815e-01
-1.338296037448980513e-01
-1.403121728253631240e-01
-1.339556725072439392e-01
-1.484434575938382572e-01
-1.553867446968988375e-01
-1.512927230629310671e-01
-1.550074163741310684e-01
-1.568007617059121728e-01
-1.559945839645267007e-01
-1.629648843599307284e-01
-1.650770507984562485e-01
-1.447655892783292764e-01
-1.490034130537787327e-01
-1.471503865629339991e-01
-1.471318113249227011e-01
-1.481420139659923585e-01
-1.576899264028726044e-01
-1.467285459171261408e-01
-1.559709020656931955e-01
-1.547411006965364599e-01
-1.647448543346823335e-01
-1.393055074421090112e-01
-1.541961442275958660e-01
-1.386491605109827496e-01
-1.432265806210679671e-01
-1.557056939449887878e-01
-1.322113094934920241e-01
-1.657012078083957007e-01
-1.508129131769302411e-01
-1.446479837513550137e-01
-1.583250357477146153e-01
-1.274788721299220384e-01
-1.470736296003001264e-01
-1.773203939484386815e-01
-1.234631697415928819e-01
-1.480689042350409323e-01
-1.275784143939997506e-01
-1.603037117523897770e-01
-1.596055567431013955e-01
-1.458637129003874655e-01
-1.421729043218586952e-01
-1.552898682898824489e-01
-1.587014595916644843e-01
-1.586795087669705673e-01
-1.589499359565809122e-01
-1.515978906605792709e-01
-1.403695241513234215e-01
-1.620128570177445937e-01
-1.589778432768573779e-01
-1.756493830098881936e-01
-1.487741952817440705e-01
-1.401447818721099914e-01
-1.773742301892942130e-01
-1.441297993813401845e-01
-1.546019146135462208e-01
-1.608586056697158817e-01
-1.560051851597306083e-01
-1.336343247994031813e-01
-1.304483362979262928e-01
-1.646652266922248309e-01
-1.605686195831248497e-01
-1.590768122929397954e-01
-1.481166581766997226e-01
-1.381692487365699940e-01
-1.605469038890068312e-01
-1.448013712540259235e-01
-1.370641246682779979e-01
-1.445373920987540473e-01
-1.424305660744877855e-01
-1.504214172223314883e-01
-1.336064984692137969e-01
-1.310572895086283829e-01
-1.535297528404355738e-01
-1.417869591813563090e-01
-1.412945132657941194e-01
-1.489543064176408471e-01
-1.416632419966159517e-01
-1.423581134027687156e-01
-1.236661479156384580e-01
-1.476833006547799698e-01
-1.447313150897024947e-01
-1.462434360667641542e-01
-1.515080281900034187e-01
-1.495576389164590125e-01
-1.491189635205962816e-01
-1.422091928405730954e-01
-1.486163307729144734e-01
-1.532500984563154312e-01
-1.613923090019939721e-01
-1.235235592943086935e-01
-1.359271234862653444e-01
-1.413576374976042160e-01
-1.549141569181013978e-01
-1.639727751262674005e-01
-1.643538968320492621e-01
-1.373076061317570762e-01
-1.578610260489670125e-01
-1.652584993429990767e-01
-1.432916940180493093e-01
-1.433225976906964405e-01
-1.447774883950794234e-01
-1.527956765278655205e-01
-1.465640742872027502e-01
-1.495892465513155578e-01
-1.432598045594488667e-01
-1.513786513596016015e-01
-1.132073591046935945e-01
-1.560701189255304655e-01
-1.488645220096085353e-01
-1.665243917864285272e-01
-1.493083171870583925e-01
-1.311025583390641458e-01
-1.678050436479061602e-01
-1.348059971573798421e-01
-1.662879793276550444e-01
-1.448099297890816928e-01
-1.477930745486650821e-01
-1.578089086759852933e-01
-1.364442125033109576e-01
-1.507430870026280623e-01
-1.614709513471179747e-01
-1.414798321821439941e-01
-1.454019055671085248e-01
-1.302850868284290975e-01
-1.485065001963130626e-01
-1.358100053892563608e-01
-1.521947771267213589e-01
-1.525052740491741332e-01
-1.514759102435823124e-01
-1.477410051769827426e-01
-1.499142643883901727e-01
-1.550489890460773346e-01
-1.663911913798941100e-01
-1.616055173100878761e-01
-1.481317327002922291e-01
-1.520252921852165429e-01
-1.344611370799730921e-01
-1.487251403676652650e-01
-1.464945838871920536e-01
-1.440243905491840337e-01
-1.411561036099540090e-01
-1.390658974026339756e-01
-1.461365262642404517e-01
-1.346166866969276121e-01
-1.506389726765942072e-01
-1.462785330877340861e-01
-1.465988114449601198e-01
-1.577813673357604252e-01
-1.532477984848061858e-01
-1.529981146527030766e-01
-1.398262978903872522e-01
-1.588431657095785710e-01
-1.708851300301499343e-01
-1.494143430211192225e-01
-1.407087935967408221e-01
-1.532200516581871952e-01
-1.345707321408524670e-01
-1.358290128433816690e-01
-1.663504227298733262e-01
-1.392488486037830597e-01
-1.736062134907201404e-01
-1.485698994235158388e-01
-1.391998981417867931e-01
-1.485048523193968073e-01
-1.547258969745417545e-01
-1.523665153092323976e-01
-1.568989352214633648e-01
-1.674424320817653467e-01
-1.539221811728648248e-01
-1.791209014038694924e-01
-1.488139088997404436e-01
-1.437607367420579152e-01
-1.538714610260032423e-01
-1.386981159651914375e-01
-1.378684856271492620e-01
-1.380010591019980026e-01
-1.551695964333532629e-01
-1.418448779115726310e-01
-1.445747291781902533e-01
-1.499218602428351588e-01
-1.457920725035424248e-01
-1.348071621075712656e-01
-1.635153174956180955e-01
-1.487860940913803276e-01
-1.612856874146948449e-01
-1.359804425371637926e-01
-1.460601140935282594e-01
-1.629916481770510295e-01
-1.468143151542156133e-01
-1.465961445195653745e-01
-1.539890626711448718e-01
-1.450904543071414032e-01
-1.532508109558987641e-01
-1.563693864124675592e-01
-1.560583548242027163e-01
-1.532530930215942888e-01
-1.378183990444652451e-01
-1.379738205877236723e-01
-1.414615324224066661e-01
-1.489005787085422305e-01
-1.423927850378179372e-01
-1.647761998394474681e-01
-1.328362111212104679e-01
-1.482967284799725505e-01
-1.451222307788624377e-01
-1.594346376896971229e-01
-1.694651577208139415e-01
-1.485251881413325314e-01
-1.170278195423075651e-01
-1.572140506814423411e-01
-1.375229201978780402e-01
-1.723030383973354063e-01
-1.655682929939441550e-01
-1.550648368726368354e-01
-1.542350485477483879e-01
-1.543497225057288702e-01
-1.530070205041145215e-01
-1.659809888744314677e-01
-1.596719969492417235e-01
-1.425666932367328776e-01
-1.654186554860941349e-01
-1.691281441726326662e-01
-1.512348095813575988e-01
-1.691944196023325020e-01
-1.578362279006753077e-01
-1.508218215208123603e-01
-1.437289727873745093e-01
-1.318415515951514294e-01
-1.322478109181384198e-01
-1.625051819963361233e-01
-1.542445328654955539e-01
-1.502149169368607318e-01
-1.436416203254142765e-01
-1.601555782068930789e-01
-1.496285604533760250e-01
-1.550691948179876434e-01
-1.704202736347824043e-01
-1.689976459769293449e-01
-1.453119949643695286e-01
-1.506350320111691232e-01
-1.555681984995516132e-01
-1.590112266734471369e-01
-1.563526120555733812e-01
-1.487453727963243821e-01
-1.483616584887963441e-01
-1.597207506920050868e-01
-1.368539264330861371e-01
-1.459402090719437162e-01
-1.504373122354496495e-01
-1.321363030284961049e-01
-1.600563482285570771e-01
-1.552479289957480191e-01
-1.532582876989434517e-01
-1.510965777118400410e-01
-1.369173818157078948e-01
-1.570827529335492301e-01
-1.502063043851999957e-01
-1.439327592930377264e-01
-1.566393136228452221e-01
-1.523284939011926298e-01
-1.587880683031097639e-01
-1.425530880360201813e-01
-1.379197187455409868e-01
-1.363341357765310846e-01
-1.537911078319051938e-01
-1.626565178138186241e-01
-1.375787947764370855e-01
-1.650715251978116527e-01
-1.676388795893046790e-01
-1.534374780107508052e-01
-1.474419761257186323e-01
-1.312947831602828686e-01
-1.354519102920628271e-01
-1.615654329163769276e-01
-1.355845964980506579e-01
-1.553380588174442245e-01
-1.627552523520812144e-01
-1.588247829404054734e-01
-1.340223397263695659e-01
-1.516402463307144899e-01
-1.461886974303432396e-01
-1.653994189117096170e-01
-1.538632855315813508e-01
-1.435582178092178474e-01
-1.525756004715574932e-01
-1.413007433234292343e-01
-1.313228804420556450e-01
-1.454528545716868848e-01
-1.674129818927849733e-01
-1.327905742685269175e-01
-1.508139241324681912e-01
-1.531504409332598016e-01
-1.525364747867947735e-01
-1.394340993042235688e-01
-1.410430551090611218e-01
-1.402545409133151288e-01
-1.487812915881114861e-01
-1.473215895656720953e-01
-1.439689773639858394e-01
-1.446333918583913025e-01
-1.503768663595175248e-01
-1.376995473332680575e-01
-1.324464847030353276e-01
-1.550933746292160187e-01
-1.500196140107372678e-01
-1.430099187459483723e-01
-1.393964653611554638e-01
-1.562519581353405407e-01
-1.429079905082781821e-01
-1.568492716033604850e-01
-1.380233811593405413e-01
-1.210347719791151633e-01
-1.615637705134376212e-01
-1.657273899333819855e-01
-1.580056828227802690e-01
-1.424359923208662337e-01
-1.430167391950853961e-01
-1.542468910735701471e-01
-1.743379621820131398e-01
-1.487191369775620053e-01
-1.583023758677488679e-01
-1.466899513797366161e-01
-1.545390167827842554e-01
-1.584445836421894960e-01
-1.533308851733012901e-01
-1.669172619331602547e-01
-1.673781381656986866e-01
-1.580923825881646039e-01
-1.568168518896242425e-01
-1.582898965939452118e-01
-1.411868730434240327e-01
-1.620451242933635960e-01
-1.517029001379994746e-01
-1.538344344936746211e-01
-1.763355605163576811e-01
-1.592049347338218013e-01
-1.481280430350628841e-01
-1.476786328784154279e-01
-1.449786948883349247e-01
-1.709598102880036663e-01
-1.478637761777323867e-01
-1.507556167359984656e-01
-1.488280019012182542e-01
-1.617797556029656469e-01
-1.417857103431847676e-01
-1.350104299352703485e-01
-1.587197069640731151e-01
-1.311003597388302744e-01
-1.508950198685843347e-01
-1.482956477516323979e-01
-1.541529725141352891e-01
-1.398814296055408413e-01
-1.338641369760456001e-01
-1.166138880127762789e-01
-1.578559046947485278e-01
-1.547007734859096040e-01
-1.609586369894886460e-01
-1.634119162475120568e-01
-1.480932923821773883e-01
-1.409392558111326466e-01
-1.579950680108055394e-01
-1.516572716912998331e-01
-1.584465681746678456e-01
-1.387215434764996758e-01
-1.259640214302968353e-01
-1.375678473458297191e-01
-1.453921849628816432e-01
-1.574482097668155056e-01
-1.317635259772753642e-01
-1.551877204462686066e-01
-1.519982458982878093e-01
-1.612938840185704770e-01
-1.755793011043862428e-01
-1.643384778009435720e-01
-1.488554438320650597e-01
-1.681645763062840082e-01
-1.662181877998709645e-01
-1.665161336263536462e-01
-1.700816791263868311e-01
-1.832402728078150744e-01
-1.723869459991300701e-01
-1.557138787127820834e-01
-1.763573991394560281e-01
-1.639263690208889734e-01
-1.658367498547321794e-01
-1.718641611906326361e-01
-1.737428512709526807e-01
-1.611965423452965673e-01
-1.608039055677425999e-01
-1.368644054592023096e-01
-1.322507576553713093e-01
-1.394832333196420748e-01
-1.512842284874209575e-01
-1.555526457179206012e-01
-1.659538855227840060e-01
-1.634919833766299568e-01
-1.694293139442950569e-01
-1.433186578594156657e-01
-1.687867300060026388e-01
-1.536294355500409381e-01
-1.539737785769887957e-01
-1.652296581848005097e-01
-1.514857558604050247e-01
-1.301346619992784781e-01
-1.447274539262917159e-01
-1.553530740680311162e-01
-1.532373526275199183e-01
-1.695244789920593576e-01
-1.446865699287194218e-01
-1.475918697620710596e-01
-1.670402124887453432e-01
-1.630349790584131320e-01
-1.606909606578463823e-01
-1.350929136046628010e-01
-1.527612813572210015e-01
-1.747137436970418456e-01
-1.591793509591741262e-01
-1.660333606691808406e-01
-1.535284790103035313e-01
-1.662854480899129683e-01
-1.724287712723460153e-01
-1.540598344350923021e-01
-1.618084023510206748e-01
-1.584459834658864530e-01
-1.622081549878595652e-01
-1.495863173853226868e-01
-1.545932552147881722e-01
-1.727343232699860565e-01
-1.669610387856570455e-01
-1.588775663534378602e-01
-1.599984076200189342e-01
-1.456800027756717242e-01
-1.464917076877494395e-01
-1.439191902419483249e-01
-1.675796788914540869e-01
-1.611496591057046679e-01
-1.659506821222858086e-01
-1.544699095044412829e-01
-1.659389986180692667e-01
-1.519222837423006567e-01
-1.602529100616214564e-01
-1.424044849581189709e-01
-1.478660815225856240e-01
-1.514971613431868036e-01
-1.506174057069742389e-01
-1.496252395455797135e-01
-1.484183548343875891e-01
-1.533683121391402615e-01
-1.728921987289213646e-01
-1.622672285592900998e-01
-1.673457800520314898e-01
-1.561177755578158077e-01
-1.502569228172441207e-01
-1.651039613148319596e-01
-1.495945109500103065e-01
-1.537847130648786198e-01
-1.492935374125270442e-01
-1.464555652570487254e-01
-1.343693915789043736e-01
-1.341728212799102593e-01
-1.456376609622456186e-01
-1.674684077416532801e-01
-1.347998938966727955e-01
-1.593139393564602102e-01
-1.569050764251405106e-01
-1.451969898160330175e-01
-1.575266701838322625e-01
-1.657234385781798380e-01
-1.777852860894824083e-01
-1.720752025066523139e-01
-1.645515536427888392e-01
-1.617410852264926646e-01
-1.590504744531671122e-01
-1.517800897085326284e-01
-1.641706904808923895e-01
-1.434628541104325805e-01
-1.323129744475619596e-01
-1.656789890258965059e-01
-1.394865414307449036e-01
-1.657654324208803764e-01
-1.694900687038836118e-01
-1.639867066503990500e-01
-1.761158596040677260e-01
-1.691517932907693478e-01
-1.592454047718430132e-01
-1.657137402165691498e-01
-1.492780976377199309e-01
-1.616222255728523294e-01
-1.617720716501045430e-01
-1.552539442490443733e-01
-1.720275221604707916e-01
-1.756171222092430817e-01
-1.306187334898489816e-01
-1.305019588090408078e-01
-1.688428650108297902e-01
-1.390862209966341467e-01
-1.472079313678773538e-01
-1.589710492221416693e-01
-1.483367417758629792e-01
-1.626320108484997640e-01
-1.605188508711008488e-01
-1.681941006835678820e-01
-1.472524958335754697e-01
-1.563255756442591959e-01
-1.567316822288611355e-01
-1.610122291278619500e-01
-1.587793388576899112e-01
-1.481786264275357645e-01
-1.497861213664850588e-01
-1.584423926855751397e-01
-1.442080081183929607e-01
-1.453169484351075624e-01
-1.378647674650679278e-01
-1.488568654628403820e-01
-1.379521434193824447e-01
-1.608590135164007506e-01
-1.450785783227437342e-01
-1.456384626925717463e-01
-1.508555990176669859e-01
-1.463492772199379566e-01
-1.549563657492298852e-01
-1.695171960485843954e-01
-1.596247386335813978e-01
-1.696175031544293610e-01
-1.610383339388072876e-01
-1.497648144004912751e-01
-1.582633888507589681e-01
-1.484291642374202524e-01
-1.489100437910715335e-01
-1.552909849200156955e-01
-1.503004985842300023e-01
-1.551039204437025809e-01
-1.573646354261284408e-01
-1.314086883022289598e-01
-1.513036681403803208e-01
-1.497485431793652566e-01
-1.421711592424075299e-01
-1.448306814967956768e-01
-1.597831724769833706e-01
-1.630079867893292622e-01
-1.622581572482411083e-01
-1.570445460220031286e-01
-1.573726874000822562e-01
-1.571437823404044920e-01
-1.672323880101043159e-01
-1.642599948719296599e-01
-1.495672241900032340e-01
-1.640828859452891919e-01
-1.588784231658193491e-01
-1.527712193821959552e-01
-1.615828507316976470e-01
-1.663031427331644885e-01
-1.599242357468493303e-01
-1.443057973296890673e-01
-1.686775204710238008e-01
-1.547164570018821905e-01
-1.646675523935017260e-01
-1.399839855086719709e-01
-1.729003343136854554e-01
-1.580204587474960398e-01
-1.643203283679817162e-01
-1.751592067411218423e-01
-1.719788672769970717e-01
-1.634547592174127040e-01
-1.292346255579275294e-01
-1.749950801640167697e-01
-1.595482811306236925e-01
-1.678411658496008485e-01
-1.698042345694403821e-01
-1.567368547184289085e-01
-1.479627232940146087e-01
-1.594434178021315596e-01
-1.530291373877901151e-01
-1.695537586052293655e-01
-1.496313394957189402e-01
-1.613951385631846591e-01
-1.556298390097303752e-01
-1.541563923693063387e-01
-1.704431064080447200e-01
-1.666625185292942568e-01
-1.443281468163242209e-01
-1.697701902057082712e-01
-1.430272070409075447e-01
-1.669784395665740995e-01
-1.675082084426779971e-01
-1.655751590042333632e-01
-1.762567984662979370e-01
-1.656836645456660762e-01
-1.712737627461162759e-01
-1.602435207058641176e-01
-1.496473160414999448e-01
-1.578581320531977639e-01
-1.713261579757543451e-01
-1.514703572348832239e-01
-1.587683507975850006e-01
-1.542941702453282105e-01
-1.580389227944762887e-01
-1.531762380744670082e-01
-1.676289621114372963e-01
-1.661750002813966454e-01
-1.595084845368655024e-01
-1.703551872461375183e-01
-1.716439769745057298e-01
-1.601782039007262348e-01
-1.698892550827721948e-01
-1.500175111788646376e-01
-1.631294724722662792e-01
-1.701152168806032705e-01
-1.734368234565284439e-01
-1.921775334294792970e-01
-1.622758611967682896e-01
-1.849610902500185006e-01
-1.509839370140779735e-01
-1.561145025824357546e-01
-1.746189934024222623e-01
-1.815036419750661878e-01
-1.798335657132401622e-01
-1.625035168421788967e-01
-1.816847195447666152e-01
-1.557790060221115880e-01
-1.668439859453831886e-01
-1.661324935435644079e-01
-1.708187688913991309e-01
-1.838559782922040142e-01
-1.545998120348395233e-01
-1.391749643512714130e-01
-1.807141402788294826e-01
-1.669506854141840080e-01
-1.725702361533221207e-01
-1.639899950149246166e-01
-1.690208848197052305e-01
-1.763987109365139361e-01
-1.613542795170328503e-01
-1.780261730348753346e-01
-1.625751418638134993e-01
-1.687541346933691955e-01
-1.656820072325864146e-01
-1.825703663065660898e-01
-1.670809481914519168e-01
-1.679142093866392571e-01
-1.515912594534891689e-01
-1.584758601235067843e-01
-1.544555391896826890e-01
-1.511717650537027779e-01
-1.578664526653259514e-01
-1.687909482411367179e-01
-1.591129797926766898e-01
-1.670525495619132883e-01
-1.557221632316938553e-01
-1.758578495539255826e-01
-1.770172155146738646e-01
-1.747643217908283475e-01
-1.717541508045634657e-01
-1.532910458630096784e-01
-1.469136185083437240e-01
-1.680108276439007398e-01
-1.717827242335792093e-01
-1.856833356968232707e-01
-1.630618354379018697e-01
-1.781608478605063439e-01
-1.720008909389916241e-01
-1.794147467005515750e-01
-1.668525850837330182e-01
-1.500700532780632201e-01
-1.522155843948542753e-01
-1.874651924396735225e-01
-1.660249199244034912e-01
-1.797166499028355346e-01
-1.674459947900306389e-01
-1.870409096480685207e-01
-1.816067881353689017e-01
-1.514981655708442787e-01
-1.731474330952904594e-01
-1.812398107472095177e-01
-1.666441651137287039e-01
-1.757774560784772788e-01
-1.759526492001448617e-01
-1.841053306019837521e-01
-1.791640088302308698e-01
-1.757031369476189653e-01
-1.668348174523668348e-01
-1.577636049848774036e-01
-1.759264819093120380e-01
-1.669532003043503465e-01
-1.841381847967280549e-01
-1.598419002383728582e-01
-1.654565395403126971e-01
-1.793787531267474478e-01
-1.575863790189098168e-01
-1.764702697101467876e-01
-1.734110182116008758e-01
-1.791560180628941623e-01
-1.510556355032957043e-01
-1.897503791632937364e-01
-1.616802741006431177e-01
-1.783533280530429366e-01
-1.899377764803427127e-01
-1.721295725277673938e-01
-1.596361097638494542e-01
-1.686250027736440060e-01
-1.679642608438092211e-01
-1.665597101415601244e-01
-1.781448072348315037e-01
-1.594187488972682587e-01
-1.806581694002700189e-01
-1.594302249950931838e-01
-1.688572225415860828e-01
-1.677775562375352081e-01
-1.750070112349693119e-01
-1.685596607246111489e-01
-1.530038147131973503e-01
-1.681582656220399485e-01
-1.765643022968212961e-01
-1.540625716808055046e-01
-1.548759275669597812e-01
-1.768209339315012230e-01
-1.680603930488020481e-01
-1.724020000660004825e-01
-1.914620917526672628e-01
-1.682854629424523907e-01
-1.788001574340913891e-01
-1.581901105575926891e-01
-1.737407651365749928e-01
-1.704418913942182812e-01
-1.745464243577847796e-01
-1.830950377959270625e-01
-1.622518136644037767e-01
-1.792643488473197877e-01
-1.640977351746046864e-01
-1.668851259530770292e-01
-1.672738672405813531e-01
-1.789244789206589914e-01
-1.562288545118590832e-01
-1.730076043676946895e-01
-1.853017906115050906e-01
-1.721554152610229593e-01
-1.665167823506754630e-01
-1.620851300629366776e-01
-1.686015924808250688e-01
-1.629035113882384422e-01
-1.736751719156801599e-01
-1.800723120919611731e-01
-1.819248654009673061e-01
-1.917524097932954419e-01
-1.722464081433843219e-01
-1.710304561563074088e-01
-1.656374033540908286e-01
-1.766209977763431027e-01
-1.679764292645469226e-01
-1.735534319046019291e-01
-1.507676839014591152e-01
-1.778622236635527543e-01
-1.765503106816002088e-01
-1.662115582042913431e-01
-1.749066110638253235e-01
-1.933270381832690177e-01
-1.601063782758700427e-01
-1.664314031485520928e-01
-1.715435957875435236e-01
-1.833204884488042197e-01
-1.789288628326382025e-01
-1.813789700800256810e-01
-1.621078550968269028e-01
-1.738474802479581527e-01
-1.740005750635793547e-01
-1.557714338061266801e-01
-1.599364990606790826e-01
-1.712672390589311533e-01
-1.584192142151970017e-01
-1.667896052379465033e-01
-1.830411470305861599e-01
-1.635087692431591577e-01
-1.632427369940829820e-01
-1.749614045305714072e-01
-1.859952442924610594e-01
-1.683878077900997638e-01
-1.677741308366078599e-01
-1.751422877681836354e-01
-1.636549455004825404e-01
-1.752053185244442091e-01
-1.724153369159475702e-01
-1.858845762053977779e-01
-1.697949064303054811e-01
-1.831200477436558671e-01
-1.564498120345341192e-01
-1.669492759734678700e-01
-1.812811447373618989e-01
-1.890092953659312514e-01
-1.581059685778614110e-01
-1.728917197980752718e-01
-1.476918069918440324e-01
-1.654670971269620594e-01
-1.809274930801239023e-01
-1.705959738014950489e-01
-1.843671512001971990e-01
-1.616058954848407225e-01
-1.732713952708433425e-01
-1.791683198546794031e-01
-1.815660564815475553e-01
-1.805735790742444280e-01
-1.726392761920187979e-01
-1.854569755216290972e-01
-1.770645035671014611e-01
-1.841077013378304983e-01
-1.847158068854399815e-01
-1.915810182505559567e-01
-1.703092923840490158e-01
-1.751618621859662994e-01
-1.794620439737553141e-01
-1.822600259140783052e-01
-1.768830862817329930e-01
-1.519785803692998982e-01
-1.699659519136940133e-01
-1.869229611256892909e-01
-1.719591595479323942e-01
-1.622592302977290402e-01
-1.784181889661100584e-01
-1.763778311570058932e-01
-1.708027846692692364e-01
-1.729781679878978906e-01
-1.591619576988856366e-01
-1.641258415168280749e-01
-1.842280554200366183e-01
-1.731763628289550994e-01
-1.531022032161022395e-01
-1.433473982404871450e-01
-1.932234094147338155e-01
-1.812919547586187008e-01
-1.666141882849716538e-01
-1.864947755506847216e-01
-1.620886487342598770e-01
-1.548567866537666760e-01
-1.808843572705631786e-01
-1.782375047931390455e-01
-1.675563250568190554e-01
-1.738041797796059384e-01
-1.625342286516922030e-01
-1.735134889706726469e-01
-1.915681498721220066e-01
-1.476738529581904658e-01
-1.744644390607463791e-01
-1.873063745923504442e-01
-1.931966521303705164e-01
-1.820901470423894608e-01
-1.583717375288307139e-01
-1.679732751591815898e-01
-1.965403406559849131e-01
-1.604872106488217653e-01
-1.807516807494948807e-01
-1.882987864287706259e-01
-1.970210356279054054e-01
-1.808819928425791090e-01
-1.676450298514948756e-01
-1.842747976973306834e-01
-1.787354166728976068e-01
-1.785188172337068835e-01
-1.845318498465839951e-01
-1.814300241705613104e-01
-1.655862482814338676e-01
-1.815468003547877629e-01
-1.862086766149051442e-01
-1.788333164090358807e-01
-1.815056066292592973e-01
-1.707491236518086097e-01
-1.978992509745181039e-01
-1.790447215297596983e-01
-1.817902246633087415e-01
-1.830867991446707421e-01
-1.731578855139721540e-01
-1.873244319608486919e-01
-1.839749003782173986e-01
-1.722870678777530529e-01
-1.771961158884209908e-01
-1.555440579778561982e-01
-1.837190089996774134e-01
-1.671323746488564410e-01
-1.723647731345803180e-01
-1.539190574967976843e-01
-1.609913857527320857e-01
-1.833626758676007995e-01
-1.684366756243473873e-01
-1.797066402183631340e-01
-1.790079577943783917e-01
-1.770728227526756626e-01
-1.845054829406089780e-01
-1.955148794288881220e-01
-1.733669571335081372e-01
-1.857020707939680548e-01
-1.858694258808872846e-01
-1.779093113200413967e-01
-1.637571233636405665e-01
-1.625717133156650007e-01
-1.882841777792609861e-01
-1.867182005914163057e-01
-1.551646610033259321e-01
-1.648111553453972533e-01
-1.767752504048063500e-01
-1.584849567342079268e-01
-1.777303188530314770e-01
-1.738890797305456815e-01
-1.696793630854083190e-01
-1.887467234657718151e-01
-1.872668457627639782e-01
-1.877472107601514395e-01
-1.641565006792831127e-01
-1.859795955804957046e-01
-1.768876367797727056e-01
-1.859343336327032858e-01
-1.894188876225202378e-01
-1.640070289485073829e-01
-1.828738568610583926e-01
-1.749085057226356099e-01
-1.663029528868555929e-01
-1.683984142598040634e-01
-1.663146766271204058e-01
-1.767954599089920364e-01
-1.900642037676147922e-01
-1.635922458826151171e-01
-1.863685280924700649e-01
-1.694554484544701367e-01
-1.647749760597658764e-01
-1.632873487733581541e-01
-1.657378547638126420e-01
-1.763667270752069527e-01
-1.714747633878594968e-01
-1.687631905850990321e-01
-1.727404505255396572e-01
-1.815399949909464183e-01
-1.708636061120385463e-01
-1.980847878821698771e-01
-1.788458225762452614e-01
-1.987430028233907464e-01
-1.736482012433846478e-01
-1.870641244987503171e-01
-1.885629543706492939e-01
-1.713329853532812308e-01
-1.843366998876927454e-01
-1.967254961043538586e-01
-1.787860860629155724e-01
-1.790778421660812469e-01
-1.819880346225755119e-01
-1.623931603062773732e-01
-1.997867101559478442e-01
-1.718290211277002655e-01
-1.924753262374627738e-01
-1.887041173573145159e-01
-1.556034891180440027e-01
-1.952526385428523525e-01
-1.791589730450544593e-01
-1.913549682763227011e-01
-1.876959815078365068e-01
-1.682164015949849656e-01
-1.880171061993571868e-01
-1.946814098470435184e-01
-1.877587623017689111e-01
-1.873261798681182810e-01
-1.937911688061477733e-01
-1.781169003461631206e-01
-1.643476042917280111e-01
-1.857013798578153185e-01
-1.696975500715902641e-01
-1.744767152870840832e-01
-1.528007215909408245e-01
-1.542308431455259310e-01
-1.670118495436998529e-01
-1.767407583228886025e-01
-1.948465166676962568e-01
-1.842480950178053689e-01
-1.604727107605228298e-01
-1.655066711972468241e-01
-1.714931273263848865e-01
-1.778233818731829174e-01
-1.771768375836897391e-01
-1.555881742372591248e-01
-1.785823831055619593e-01
-1.896298280233752465e-01
-1.833763709915690043e-01
-1.920706844357447096e-01
-1.903507050555139912e-01
-1.953109653546079016e-01
-1.706674067787190552e-01
-1.745284930598227646e-01
-1.816524622770634423e-01
-1.657394929872761935e-01
-1.914388070669872377e-01
-1.612327925801748663e-01
-1.653254123810157239e-01
-1.757030971487045790e-01
-1.859808027145666287e-01
-1.635052392487912343e-01
-1.946949476319819183e-01
-1.743491218602803983e-01
-1.794573043739271512e-01
-1.783389492089790807e-01
-1.889901561722515666e-01
-1.831078683905715820e-01
-1.851630217047457450e-01
-1.717121931137874924e-01
-1.566788757427346468e-01
-1.762235415286435014e-01
-1.771214286353455236e-01
-1.626192296491302258e-01
-1.914403719900041878e-01
-1.632012766264754333e-01
-1.801660078141411603e-01
-1.657321754816365456e-01
-2.019870362803430908e-01
-1.750182038327725564e-01
-1.957089001393237382e-01
-1.849180747055303442e-01
-1.865146896351665973e-01
-1.737949114230010750e-01
-1.792884553799991565e-01
-1.795459996450814444e-01
-1.806149494419608814e-01
-1.763383208851960759e-01
-1.871533296742846630e-01
-1.732337664892540374e-01
-1.824095170882786832e-01
-1.822929266612902666e-01
-1.697552439790683820e-01
-1.812033474379299847e-01
-1.812651832947205222e-01
-1.888867041681709935e-01
-1.712324829382678715e-01
-1.600507904618906352e-01
-1.511374843366528609e-01
-1.840329389699366658e-01
-1.815901973294034022e-01
-1.718776960418146871e-01
-1.848299336346101995e-01
-1.958859039532336865e-01
-1.857864177917676329e-01
-1.633998840715147338e-01
-1.926465798543182117e-01
-1.878476099280801392e-01
-1.826175700029164517e-01
-1.784240684412488065e-01
-1.540325511101894307e-01
-1.760310486454566004e-01
-1.802523272935641074e-01
-1.895079832601274106e-01
-1.772213365806507568e-01
-1.798821474450083002e-01
-1.599798220666990289e-01
-1.906982669698606969e-01
-1.840796270659561529e-01
-1.762354844833655676e-01
-1.771272002144357316e-01
-1.810697535730820817e-01
-1.828318020018002699e-01
-1.802885527673234733e-01
-1.908922375783062009e-01
-1.718461898038787794e-01
-1.825425548582231272e-01
-1.698820202186386297e-01
-1.714640214890374992e-01
-1.765044749080431075e-01
-1.810450206607754353e-01
-1.768336497314200173e-01
-1.811063239384420598e-01
-1.854211582227502930e-01
-1.679025453841758164e-01
-1.969831309680332154e-01
-1.840638380200072532e-01
-1.923161000515252184e-01
-1.703398288457185217e-01
-1.835864055005433926e-01
-2.025479621975581068e-01
-1.910872056499162142e-01
-1.835610527392725899e-01
-1.854389253807120497e-01
-1.729969457916720188e-01
-1.686254233354782528e-01
-1.974573502363554667e-01
-1.817837658724936745e-01
-1.878376151648906145e-01
-1.690560159205318769e-01
-1.934099653952383591e-01
-1.764859127798317218e-01
-1.645295590731752355e-01
-1.787003519090033521e-01
-1.672696655630838691e-01
-1.783634445690340797e-01
-1.932442954553179604e-01
-1.921134478632451348e-01
-1.973830636341418199e-01
-1.737054823662491643e-01
-1.742003030933636509e-01
-2.024884141785108227e-01
-2.016720095052564332e-01
-1.817661894693145541e-01
-1.736513491544053878e-01
-1.736885637254212966e-01
-1.863233277944198463e-01
-1.725729671270048726e-01
-1.983336277664928815e-01
-1.868754622431509915e-01
-1.644859320506073530e-01
-1.925389874680609736e-01
-1.984124834351801425e-01
-1.825254696927602893e-01
-1.880454382814171765e-01
-1.910173460744131191e-01
-1.842233903939858308e-01
-1.869312722183495978e-01
-1.971481860775385897e-01
-1.906560967522841210e-01
-1.861294806951852010e-01
-1.936142886763532189e-01
-1.906238761205774068e-01
-1.780339149121399345e-01
-1.983595870745613610e-01
-1.820966898251272781e-01
-1.906549708107192487e-01
-1.797666713046899289e-01
-2.072697624199042465e-01
-1.802227850990361091e-01
-2.022092317594497146e-01
-1.918214977285366274e-01
-1.909679609745058571e-01
-2.016299698730685819e-01
-1.849539099767723016e-01
-1.739541405281919140e-01
-1.663933458448880742e-01
-1.953208653379903126e-01
-1.883069140005373399e-01
-1.840267180447492379e-01
-1.822063459426725984e-01
-2.104890400944077200e-01
-1.656227176290956393e-01
-1.828754200034374833e-01
-1.771046988389262111e-01
-1.956365821285874773e-01
-1.842027688817973186e-01
-1.886778288117980651e-01
-1.902390338548602955e-01
-1.783984398449183217e-01
-2.030829364617430244e-01
-1.905851844437602693e-01
-1.904184257132870428e-01
-1.702344985481092365e-01
-1.994820792737623805e-01
-1.771131391994682502e-01
-1.891062883044423160e-01
-2.110425546436349720e-01
-1.951395150746986218e-01
-1.911029814543567795e-01
-1.943478042109916260e-01
-2.023063569728433819e-01
-1.860294761933989349e-01
-1.888604330187328983e-01
-1.932261314550469677e-01
-1.947828224782330864e-01
-1.913144435287978951e-01
-2.001172670904178830e-01
-1.849916555901751636e-01
-1.797668246825088190e-01
-1.620477951504577518e-01
-2.088833003335182070e-01
-1.921679709462766894e-01
-2.048378247658355633e-01
-1.892451941635133750e-01
-1.633312559101556261e-01
-1.710953533697301410e-01
-1.672180481147043096e-01
-1.748037445644037291e-01
-1.850567935706459721e-01
-1.841114787971935840e-01
-1.750603141698183762e-01
-1.890061828501758967e-01
-1.829102142266068043e-01
-1.960824053166811964e-01
-1.919459437535637747e-01
-2.098341920803816762e-01
-2.162101316016347141e-01
-1.863754090266906971e-01
-1.817248930311681221e-01
-1.888041514642209151e-01
-1.897001506008795246e-01
-1.905926162915037025e-01
-1.741016289368166881e-01
-1.889190599822248018e-01
-2.004684551488997712e-01
-1.815235314455083682e-01
-1.971941632240659104e-01
-1.991160259030380075e-01
-2.025000760793149723e-01
-1.795909795807162368e-01
-1.895893245408286631e-01
-1.870160418737842889e-01
-2.022136992073448880e-01
-1.982462469884644918e-01
-1.767638806161881959e-01
-1.963522731404276911e-01
-1.745731956918419314e-01
-1.773242824578531440e-01
-1.976604581120371407e-01
-2.008341382920990625e-01
-1.819290228101246853e-01
-1.844947210276224325e-01
-1.792405313294844760e-01
-1.817239788277555945e-01
-1.673402991691848030e-01
-2.113823307931106399e-01
-1.984921384603373085e-01
-1.858142791375119174e-01
-1.808444621128035834e-01
-1.882404671058930390e-01
-1.916354213394901862e-01
-2.035578637494586118e-01
-1.981535772643114868e-01
-1.713764701866677953e-01
-1.933438064481087793e-01
-1.936335694343611635e-01
-1.935690211018084028e-01
-1.987919719806274799e-01
-1.837082533054124056e-01
-1.929023991818246131e-01
-1.824795129411844741e-01
-1.799843267192775542e-01
-1.987714333740067119e-01
-1.967139738735372845e-01
-1.742483253684339317e-01
-1.813322641668930757e-01
-1.809690954302229926e-01
-1.854497873817120279e-01
-2.098181058516992437e-01
-1.872200782400508245e-01
-1.754420454111649263e-01
-2.037665295592008263e-01
-1.874601122882095794e-01
-1.749946603878322904e-01
-1.950853838843915611e-01
-1.920900166956878152e-01
-1.902672591796266133e-01
-1.979147438283161975e-01
-1.861977708456645786e-01
-1.719510495137921424e-01
-1.903486834511038950e-01
-1.803528648620407182e-01
-1.921216504379641421e-01
-1.923431136558759746e-01
-1.863254566607475127e-01
-1.961306988734854428e-01
-2.040374256424657418e-01
-1.952858529498229245e-01
-1.924044959180735148e-01
-1.887026969004610422e-01
-1.746340188179891229e-01
-1.790636883143603697e-01
-1.949320385007640155e-01
-2.002096979578933400e-01
-1.941267946096374430e-01
-2.014126202892239093e-01
-2.029756172005621195e-01
-1.918578352121498298e-01
-1.917106668611143760e-01
-1.884256778118196252e-01
-1.893515997792842853e-01
-1.723256299864406316e-01
-1.887985470498656504e-01
-2.029410307282808468e-01
-2.077135320598113566e-01
-1.925996161848271271e-01
-1.869974148025903560e-01
-1.655849650422007713e-01
-1.945562949166719235e-01
-2.066746925295528392e-01
-2.000266312090732690e-01
-1.853389701784919907e-01
-1.774308676692322173e-01
-1.763650366012856630e-01
-2.081343526979111402e-01
-1.958544358803697705e-01
-1.858620311970491379e-01
-1.977788879230004682e-01
-2.049311757106573317e-01
-1.774175155582722319e-01
-1.851498432869931321e-01
-1.908163325723730708e-01
-1.973064176748136056e-01
-1.905850978910335058e-01
-1.996850276006609803e-01
-1.754850023642391399e-01
-1.872047499561024786e-01
-1.952636474079216811e-01
-1.723061353885468883e-01
-1.861819134403424059e-01
-1.858026762222828587e-01
-1.855902811953735743e-01
-2.085905912812657803e-01
-1.977043642856779471e-01
-1.795718863737114646e-01
-1.952776503319029189e-01
-1.651330186809145673e-01
-1.922564609794368273e-01
-1.772099579287660376e-01
-1.926412179928407298e-01
-1.970771551677312772e-01
-2.021825093591576028e-01
-1.794398781185426728e-01
-1.861367690659450069e-01
-1.814978155326514297e-01
-1.895291007978210374e-01
-1.892281684008487730e-01
-1.817089198501236069e-01
-1.852015993228794954e-01
-1.987372959252726723e-01
-1.912720286371047962e-01
-1.846492255649891945e-01
-1.928195063734130521e-01
-1.826519835916728951e-01
-1.867746167870891760e-01
-1.684955866508976996e-01
-2.002564196077858405e-01
-1.881803891057254319e-01
-1.654715681029550467e-01
-1.932684621465501351e-01
-1.772535763372697915e-01
-1.921803597327116364e-01
-1.978477107460632212e-01
-2.006306180443777620e-01
-1.799767889684131816e-01
-1.890850780509496509e-01
-2.081002882871669790e-01
-1.864492694259767269e-01
-1.769201935754676214e-01
-1.974352410218926934e-01
-1.743701474947512153e-01
-1.941768471905587212e-01
-2.063396799880896637e-01
-1.922514598342326408e-01
-1.968457698449572746e-01
-1.897751150448936386e-01
-2.201237964778388623e-01
-2.080415551811443109e-01
-2.007439697543706991e-01
-1.932098794723859925e-01
-2.040762085867569020e-01
-1.914636063222756590e-01
-1.922837680957125706e-01
-2.105520889750032154e-01
-1.856783688767618123e-01
-1.922845828391475109e-01
-1.935432669988310650e-01
-1.715019167663722754e-01
-1.956198744316530735e-01
-2.048453115844690586e-01
-1.973534984453602092e-01
-1.902138866838951614e-01
-1.941711835203285830e-01
-1.936197249507740636e-01
-2.146433816981403453e-01
-1.729720290653862236e-01
-2.020933507677131757e-01
-1.990021800650829675e-01
-2.012595343748078136e-01
-2.031132470395489165e-01
-1.937440312003637644e-01
-2.067160102789147302e-01
-1.846690113746269901e-01
-1.773534927042863529e-01
-2.082567976514821950e-01
-1.969475946158949498e-01
-1.776631031310840214e-01
-2.098314947335024883e-01
-2.079132949221307314e-01
-2.014205558953081621e-01
-2.123292703166930195e-01
-2.091198043017747921e-01
-1.971899088048294502e-01
-1.922325407696421351e-01
-1.945136794406527869e-01
-1.873609712645518677e-01
-2.052782106910329141e-01
-1.828652272662378842e-01
-2.178635596061395674e-01
-1.770380124204189443e-01
-1.777319335090394858e-01
-2.046269447227762051e-01
-2.052864985269158282e-01
-2.047065619761219146e-01
-1.843998074329169512e-01
-1.943171657125564167e-01
-1.720775866503645446e-01
-1.917936969484701493e-01
-1.886913049663414554e-01
-1.973946283818959202e-01
-1.822374118303313750e-01
-1.751904826818462269e-01
-1.623131177694130400e-01
-1.965459645841338698e-01
-1.978463423794485365e-01
-1.782831557838795433e-01
-1.962027923093336845e-01
-1.814518134723961396e-01
-2.013628271984475582e-01
-1.852533865314791584e-01
-2.091961760629290623e-01
-2.015402754137403107e-01
-1.987096402632193559e-01
-2.099577276215800481e-01
-1.888043277255126995e-01
-1.926721069542960407e-01
-2.012355027326862000e-01
-1.813483449841903905e-01
-1.982022783143388978e-01
-2.017663144329486791e-01
-1.928835362510046281e-01
-1.706410097633055400e-01
-1.889473701934543115e-01
-1.845459199715691057e-01
-1.991397849694402922e-01
-1.978641088177717222e-01
-2.095025612455287956e-01
-1.991884745055498840e-01
-1.936677569916476216e-01
-1.962061829895755949e-01
-1.860381187806172676e-01
-1.910761790146291439e-01
-2.029939608039512677e-01
-1.979173047572291289e-01
-1.818115225374361543e-01
-1.830439832711054926e-01
-1.888171487674679128e-01
-1.853400536689733258e-01
-1.855873224924460274e-01
-1.922837071976530865e-01
-2.257221731599012848e-01
-1.869078284689060787e-01
-2.110207277507494261e-01
-1.915502313113974786e-01
-1.986836126098125987e-01
-1.987352809919498142e-01
-2.022627643626586647e-01
-1.928581867150507279e-01
-1.638020569274907245e-01
-1.808741669505744554e-01
-1.912476255840873662e-01
-1.964210698457273807e-01
-1.892676675409763476e-01
-2.073304163484745999e-01
-1.705256149294607226e-01
-1.742734257724380953e-01
-1.834796408944381341e-01
-1.925014874448978119e-01
-1.993693029526433236e-01
-1.924687400692981498e-01
-1.718447611134852337e-01
-1.792354668817566221e-01
-2.041126444691490072e-01
-2.050103384639507809e-01
-2.081900852850546713e-01
-2.065079647745418079e-01
-2.016032735309991608e-01
-1.754635625756395534e-01
-1.842650686037154983e-01
-2.000280493415389493e-01
-1.984299829946509774e-01
-1.697201612087990696e-01
-1.944314704650729198e-01
-1.901202722658941191e-01
-1.936958778582646978e-01
-2.039465818160959287e-01
-2.087657606147570455e-01
-1.988619094357062522e-01
-1.974015413145595588e-01
-1.881701558299742061e-01
-2.032282114060119937e-01
-1.861900931080811006e-01
-2.168544198161614922e-01
-1.911958013408443513e-01
-2.017021525975262186e-01
-1.900631116702431456e-01
-2.049606471769531701e-01
-1.985039550685887555e-01
-2.055494735685603480e-01
-1.998090794104716572e-01
-1.853466673023409506e-01
-2.009231524445933559e-01
-2.046260422929591094e-01
-1.765390001157083333e-01
-1.924520578541168980e-01
-2.072099545084111760e-01
-1.902426200216087437e-01
-2.156855297041877506e-01
-1.891260593443528926e-01
-1.942433455899958972e-01
-2.144591009537437643e-01
-2.041107771660914949e-01
-1.900439185952293997e-01
-1.910653655207075197e-01
-1.912408915912839902e-01
-1.744778000530726736e-01
-2.133190848746369106e-01
-2.114162279572600056e-01
-1.908830283488462953e-01
-1.970322752604918293e-01
-1.766571689204776696e-01
-1.762009472595669202e-01
-1.897371127569011939e-01
-1.999266039980676091e-01
-2.022021949849635014e-01
-2.072166851324670489e-01
-1.997432879200715661e-01
-1.919154277918209139e-01
-2.059619904411427171e-01
-1.996124919148130061e-01
-1.857555620951361064e-01
-2.142313909554256490e-01
-2.131372389408250356e-01
-2.042880708990613137e-01
-1.997449548190131097e-01
-2.085952790909537669e-01
-1.997161252066650405e-01
-1.934127318267400142e-01
-1.823057216369647904e-01
-2.043407085736199669e-01
-1.983049788321817886e-01
-2.106805947964902614e-01
-2.134750448450670746e-01
-1.973719953396697591e-01
-1.946121665504261244e-01
-2.098301308871608484e-01
-1.807103223040931184e-01
-2.199060276709996486e-01
-2.052315876081696189e-01
-1.826719458800738494e-01
-2.118942962957239828e-01
-1.981314546119463671e-01
-1.817955590121362874e-01
-2.033960052809620223e-01
-2.149042541288541663e-01
-2.196062092947319577e-01
-2.103592701071321791e-01
-2.039490028167691982e-01
-2.040259184069790344e-01
-1.790921666872087314e-01
-2.078763188871706191e-01
-2.248179946528128248e-01
-1.937456169290197039e-01
-1.993701317866829470e-01
-1.941448009229782556e-01
-1.837281457027151177e-01
-2.045494325289265447e-01
-2.018716699969806960e-01
-2.154473247215200615e-01
-2.066193988788569413e-01
-1.952775967356763509e-01
-1.827154782924385046e-01
-2.037784537789475436e-01
-2.038214521595760331e-01
-2.120721568593482154e-01
-1.977175964057149571e-01
-2.113695852624113414e-01
-2.128287288482031414e-01
-2.019412129823843216e-01
-1.939184414919581378e-01
-2.041342974033897306e-01
-2.114923756247462094e-01
-2.022246303599657402e-01
-2.114632265765767904e-01
-1.853638454403094826e-01
-1.848201242577007797e-01
-1.980017483094220765e-01
-2.188052860727602855e-01
-2.024790142736536680e-01
-1.982788038603491287e-01
-1.900458607536230637e-01
-2.036562986664232078e-01
-2.107491003758363846e-01
-2.288751556683714661e-01
-2.204332648934719252e-01
-2.007056051830660159e-01
-2.065032531770074620e-01
-2.012137576601471523e-01
-2.116035125047011078e-01
-1.918019499684935347e-01
-1.899269937103298389e-01
-1.934455160877903701e-01
-1.989987144735931857e-01
-2.099213162629269824e-01
-2.083065246511996982e-01
-2.073451499496434813e-01
-2.059699577339979548e-01
-2.045661485466423457e-01
-2.067081312847007801e-01
-2.138536094826677392e-01
-1.855103465633018978e-01
-2.148579321957377886e-01
-2.053243620797897684e-01
-2.083089421350554638e-01
-2.190886602092141366e-01
-2.034399164031261975e-01
-2.006146092261245073e-01
-2.013938454249100118e-01
-2.237942322766488523e-01
-2.079944785629996851e-01
-1.928211049674741773e-01
-2.085843246408085605e-01
-2.024110093279651856e-01
-2.225335602904054966e-01
-2.118814115057086056e-01
-2.373318802742927502e-01
-2.137881866643813744e-01
-1.890421463603750851e-01
-2.183766698031348596e-01
-1.942320091061118248e-01
-2.013805017215739568e-01
-2.094196211928602835e-01
-2.022589510654539957e-01
-2.014661307123706280e-01
-1.910760948887526567e-01
-2.131561434897246698e-01
-2.144330830178935443e-01
-2.170526396678353898e-01
-2.008544300116845704e-01
-2.061913723180088809e-01
-2.054222042144591143e-01
-1.939457671632709435e-01
-2.184194689622875885e-01
-2.133011879545190226e-01
-1.922100948346718852e-01
-2.143083860665315754e-01
-2.210990028426289555e-01
-1.969728438756765954e-01
-2.065637572738809880e-01
-2.132786249078710838e-01
-1.990967390989100139e-01
-2.006666962328500503e-01
-1.956996356587312746e-01
-1.903530155885073682e-01
-2.190444853725495022e-01
-2.079638830547416717e-01
-2.153899803594150342e-01
-2.023104549815935016e-01
-1.986574416081623440e-01
-2.150353730815606212e-01
-1.975383552836662560e-01
-2.204926641781224106e-01
-2.091660292503796370e-01
-1.945265982404258409e-01
-1.896288862765409533e-01
-1.924500333211440761e-01
-1.801332022725263826e-01
-2.062557474901574039e-01
-1.924302945316176405e-01
-1.998755582726490232e-01
-1.998471936760948253e-01
-1.967985811139305596e-01
-2.051015813409566846e-01
-2.114205807999436360e-01
-2.030085301895869776e-01
-2.175615319041979134e-01
-1.940446675264162479e-01
-2.178106695560968475e-01
-1.914326944314312939e-01
-1.958158165963350683e-01
-1.989144677834904229e-01
-1.995650384157965362e-01
-1.987474216664537607e-01
-1.893800712788031859e-01
-1.976694740746820500e-01
-2.098833412395384457e-01
-2.027223175829808710e-01
-2.032472843499775195e-01
-2.097497133060564067e-01
-2.127984585292121977e-01
-2.201857309374446459e-01
-2.204881078410361184e-01
-1.997748296401917756e-01
-1.890246920254341489e-01
-1.840213123899685499e-01
-2.002003995893311128e-01
-2.040889249291648611e-01
-2.165395005884969137e-01
-1.980191603788137300e-01
-2.204581099027853597e-01
-2.045041516303598428e-01
-2.111513149864530092e-01
-2.000800926519232803e-01
-2.316853125398044000e-01
-1.843914607764185476e-01
-2.071095683420356437e-01
-2.171033480793136405e-01
-1.908781170770703639e-01
-2.125022482506926380e-01
-1.932651976846759823e-01
-2.101179003998385753e-01
-2.081455301818531112e-01
-2.182920573449562696e-01
-1.964928136581223228e-01
-2.008126411273893908e-01
-1.985958273643451122e-01
-1.975447527769276235e-01
-1.802239309123763178e-01
-2.137824788905442475e-01
-1.956908799124370546e-01
-2.106977647877972259e-01
-1.928866582678514519e-01
-1.837311850767058274e-01
-1.970582056399674542e-01
-2.088978042639935140e-01
-2.000132058993138173e-01
-2.009248806409154042e-01
-1.863340816316974013e-01
-1.906641051262329967e-01
-2.062809646540104680e-01
-2.134505614326442924e-01
-1.897298116653205469e-01
-1.999932963570838496e-01
-1.921950029784085245e-01
-2.167731626513065279e-01
-2.037479490268658822e-01
-2.128355630067124693e-01
-2.006743013626701710e-01
-2.046234751667945773e-01
-1.963421174215671527e-01
-2.119804825676441240e-01
-2.057169554191782268e-01
-2.146928600311097668e-01
-1.800583672766311594e-01
-1.992265754640865083e-01
-1.928010235508939019e-01
-1.998542083932886015e-01
-2.046997167191380029e-01
-1.996745837602480478e-01
-2.013302731915125321e-01
-2.001531149179553992e-01
-2.115705500849145437e-01
-2.154099026386164795e-01
-2.054333837324193723e-01
-1.985313429317958622e-01
-2.040152461568247588e-01
-2.169735332542312989e-01
-2.179756627345783571e-01
-1.936919877305012250e-01
-2.231677074486473344e-01
-2.159206731202294449e-01
-2.101553780856821874e-01
-2.175267911468568016e-01
-2.188634433498464205e-01
-2.005258915851175772e-01
-1.959459825791487475e-01
-2.262600626436261919e-01
-1.967145401340708588e-01
-1.864737983656752363e-01
-2.196064329496172363e-01
-1.982779701086716528e-01
-2.204257668004974136e-01
-2.068771075035256146e-01
-2.068206622714532372e-01
-1.811953135373958190e-01
-1.965813142019845472e-01
-1.973879569208563112e-01
-2.081281253486757521e-01
-1.870304897422316870e-01
-1.916350049737873817e-01
-1.854053170558094266e-01
-1.939315299765764777e-01
-2.035783324015261186e-01
-2.015045648378190890e-01
-1.820229750413480119e-01
-2.080020072186865576e-01
-2.075983928155951119e-01
-1.924070391840793093e-01
-2.042938403086465016e-01
-2.044408988999260046e-01
-1.940704431686430809e-01
-2.044127721312563040e-01
-2.116776417397936427e-01
-1.946248786979394296e-01
-1.953821504510218077e-01
-1.774155414401432651e-01
-2.037477969153309587e-01
-2.074220159403052932e-01
-1.853524295096020680e-01
-1.887646641331608421e-01
-1.868947310631279279e-01
-2.148513297627605567e-01
-2.017605730549938414e-01
-2.117927484641137781e-01
-2.131449237771079197e-01
-1.964715486160075741e-01
-1.995326602612603750e-01
-2.026930296831688239e-01
-1.922589473825864204e-01
-2.005355877049721514e-01
-2.063097356965597484e-01
-1.794419860125762156e-01
-1.887872355605662023e-01
-2.028013197233429210e-01
-2.083865638189799085e-01
-1.893419529595501416e-01
-2.093852016079669198e-01
-2.016761415103109911e-01
-1.840695139657713142e-01
-2.032662322656086928e-01
-1.814815895432202453e-01
-1.839916838654520603e-01
-2.109427276488595737e-01
-1.987023632352009628e-01
-2.025737588330311922e-01
-1.927660863492581811e-01
-1.938369670815118795e-01
-1.961780258157066470e-01
-1.780050833135540245e-01
-2.041125368255238826e-01
-1.995799612392890054e-01
-1.914385200892620986e-01
-1.994294880967277805e-01
-2.000904831921870297e-01
-2.118308228609517840e-01
-2.072428949023334965e-01
-2.099087436631075221e-01
-1.973647925468355879e-01
-2.041486487718078280e-01
-1.987161117962061851e-01
-1.926655676075670343e-01
-2.162206020066648193e-01
-2.065595078277562280e-01
-2.051943563431590789e-01
-2.068003478705913167e-01
-1.909404199424216131e-01
-2.110680896194168099e-01
-2.004364447006548033e-01
-2.000486077254368666e-01
-2.022867919815221072e-01
-1.939691477284810617e-01
-1.924157129194092875e-01
-1.955768338541989948e-01
-2.041423432885824951e-01
-1.951726750301308044e-01
-1.973157858755651972e-01
-2.057831224063466635e-01
-2.095387158427532981e-01
-2.125694443952710344e-01
-2.075039169707082465e-01
-2.138196294250738205e-01
-2.168144914595213635e-01
-2.199904545248969612e-01
-2.062127951803311987e-01
-2.073520980289353943e-01
-1.997866404358017434e-01
-2.156405124315607935e-01
-2.190379125724684073e-01
-1.896914048674274156e-01
-2.137879550635259918e-01
-2.321881109510526286e-01
-1.906179604129185634e-01
-1.882008826791263800e-01
-2.058158066953721388e-01
-1.844768251544657289e-01
-2.113530982169811168e-01
-1.911675511790766890e-01
-2.014323425029589387e-01
-1.951719691081992281e-01
-1.788802353288003744e-01
-1.828109116789287114e-01
-2.116065297640359333e-01
-1.803857089763223343e-01
-1.957156841989275975e-01
-2.039073358859297969e-01
-2.041151535688907614e-01
-2.047604202345301161e-01
-1.899746006799736264e-01
-2.035884202063318327e-01
-2.179219667106044867e-01
-1.867224059033043559e-01
-2.032456347728057722e-01
-2.137546565644488084e-01
-2.059022303088831052e-01
-1.933966692055699710e-01
-1.967662711483439963e-01
-2.029589348337044186e-01
-1.990700854975226974e-01
-1.993836185709287889e-01
-1.921571010973499583e-01
-2.010433103601103610e-01
-1.977294895663526120e-01
-2.087298645530388796e-01
-2.106664548803642845e-01
-1.915473820764255208e-01
-2.093312331668411019e-01
-2.149358233490614722e-01
-2.013424541551840363e-01
-1.994878674523876683e-01
-2.002430654594231640e-01
-2.038629866739629648e-01
-1.987138070703498016e-01
-2.049979681269871179e-01
-2.008098859806066727e-01
-2.055945932095246675e-01
-2.135282891208083456e-01
-2.117096723276956638e-01
-1.834143518862996203e-01
-1.998609243745068653e-01
-2.114778961267456125e-01
-2.035319502676928849e-01
-1.951456914256377573e-01
-1.824730823268101432e-01
-1.987950878891791007e-01
-2.020988458453318870e-01
-2.108877683989787144e-01
-1.831182990929169918e-01
-2.082980673914782699e-01
-2.051017233021621422e-01
-2.062090925229513871e-01
-1.897003001310162418e-01
-1.914766549457009859e-01
-2.123265230428392769e-01
-2.133576120632447726e-01
-1.937228272635600490e-01
-2.206813657822692676e-01
-2.110976521946854589e-01
-1.961248094565970490e-01
-2.149554936988478104e-01
-1.919387759113861947e-01
-2.071893928461632228e-01
-2.025884728214357722e-01
-2.187641052406412712e-01
-1.996470863103185778e-01
-1.840499622377844702e-01
-1.974107337773860493e-01
-2.134595781557271366e-01
-2.122708433451396814e-01
-1.957761041851817652e-01
-2.042677381124189395e-01
-2.185217862356072516e-01
-1.977321225278982908e-01
-1.907796339218030823e-01
-2.048747946117783769e-01
-2.127373152561435887e-01
-2.131699758983280901e-01
-1.971823095879345900e-01
-1.798020646017883806e-01
-2.025200060436853633e-01
-2.073005748978511420e-01
-2.092360598817970541e-01
-2.041318245179013502e-01
-2.058271312655817198e-01
-2.074146865074739665e-01
-1.999900063840565068e-01
-1.869564679088888681e-01
-1.977988967551880251e-01
-2.159031595521865299e-01
-1.908737049888271642e-01
-2.254102218804421298e-01
-1.892798098788892602e-01
-1.828527343131192140e-01
-1.781291574243892839e-01
-2.210307018357857700e-01
-1.978551188040649222e-01
-1.965852202590516740e-01
-2.030866045687762522e-01
-1.996956346506113533e-01
-2.103585636623206412e-01
-1.912117852757164727e-01
-2.021302096572465956e-01
-1.919742955529537554e-01
-2.011336872196016756e-01
-2.055044856844956414e-01
-1.977198304890119829e-01
-2.036122732720873074e-01
-1.928107515117503112e-01
-1.903121672317595880e-01
-2.062244879058043878e-01
-1.879015189091113314e-01
-1.876443509642973240e-01
-1.968787348459644093e-01
-2.044585221626817884e-01
-1.808572154752408068e-01
-1.944018914181953051e-01
-2.135886903599368836e-01
-2.124607697545561891e-01
-1.954440760693296752e-01
-1.714248841866856665e-01
-1.978582587783677127e-01
-1.848416567350197326e-01
-1.911973484920439503e-01
-2.100983555517883516e-01
-1.973777582454649959e-01
-2.036479801765267439e-01
-2.116490774069985648e-01
-1.902934408688032875e-01
-2.116344299444357091e-01
-2.118679851120717217e-01
-1.923707361032853669e-01
-2.157497961172927248e-01
-2.178411978259235937e-01
-2.054216959359758121e-01
-1.995914190783878439e-01
-1.991259350695244734e-01
-2.075065924408638907e-01
-1.982111424022603430e-01
-1.948199258428120473e-01
-2.049706382650908765e-01
-2.019658422602912395e-01
-1.962197193781900495e-01
-1.896724760969226153e-01
-2.008534120988647587e-01
-2.059163354407935742e-01
-1.999089738756731904e-01
-1.755229785055174574e-01
-2.048678976559532572e-01
-1.911167605182972906e-01
-1.914586175871724194e-01
-2.225155647103447265e-01
-2.100294514797536038e-01
-1.949418980615202912e-01
-2.027690176999774607e-01
-2.066221845161653192e-01
-1.924465772230483651e-01
-1.911517295504792102e-01
-2.025298921654581363e-01
-1.899182790504569951e-01
-2.075916045504024865e-01
-2.038971096503736646e-01
-2.016238406078718626e-01
-1.997356022735736758e-01
-1.947530190629054303e-01
-2.015346161663469360e-01
-2.102905958042606827e-01
-2.022670624526341498e-01
-1.960719840255435997e-01
-1.905094143417018770e-01
-1.895372834713606736e-01
-1.841408914846001110e-01
-1.859355981652752732e-01
-2.166293519919291199e-01
-1.847278035561066289e-01
-2.035714552221881135e-01
-2.138015521148046716e-01
-1.997971539259477680e-01
-2.009058187760093261e-01
-1.768540453305247340e-01
-2.009228207107054409e-01
-1.900947845451197438e-01
-2.007570758419454648e-01
-1.929345351476343673e-01
-1.897746214253550612e-01
-1.793921008416337060e-01
-1.795163719224661669e-01
-1.933464556883865981e-01
-1.918111583549979571e-01
-1.866760465207768505e-01
-1.949543156816404554e-01
-1.855154739632220995e-01
-1.897844054198727370e-01
-1.925178401221767643e-01
-1.927296953025474657e-01
-1.831314977955571521e-01
-1.949531537933077985e-01
-1.874287448862661520e-01
-1.937010225724593582e-01
-2.002137577159803783e-01
-1.845360146447667660e-01
-1.939531077111880109e-01
-1.889367702155522188e-01
-1.938036951359802806e-01
-1.621400662292922235e-01
-1.912770666547052301e-01
-1.895779793805232316e-01
-1.974527735502178416e-01
-1.827252971995028119e-01
-2.000036921571251014e-01
-1.955295175891906823e-01
-1.850234438262630121e-01
-2.034162465289108823e-01
-2.081770141525596252e-01
-2.022756789916559939e-01
-1.779580863486200926e-01
-1.930104398879874950e-01
-1.696342931236198837e-01
-1.762388319501457801e-01
-1.833439892294608242e-01
-1.851415937329559114e-01
-1.908717809741204974e-01
-1.807866962592683535e-01
-1.728025719027135310e-01
-1.846240816024229403e-01
-1.899710587956242591e-01
-1.881770319426925298e-01
-1.804367477435691036e-01
-1.970380351062304136e-01
-1.938660119784252345e-01
-1.970600782911411386e-01
-1.929153228603368575e-01
-1.910490685523402732e-01
-2.012479633016823755e-01
-1.932595354534596410e-01
-1.888768225470753848e-01
-1.687762992501120607e-01
-1.908422694007887443e-01
-1.902167522600644034e-01
-1.779265365706059754e-01
-1.913766691414959809e-01
-1.847483467462112117e-01
-1.945065601601640992e-01
-1.843734936747267739e-01
-1.796064992435137952e-01
-1.933768090092913283e-01
-1.860996619527153229e-01
-1.764034088211419160e-01
-2.054357354523022039e-01
-1.908374007762843050e-01
-1.787847294028779288e-01
-1.783877855989093320e-01
-1.808260573223687828e-01
-1.807483539012890716e-01
-1.897862170381809932e-01
-1.908323655868748858e-01
-1.752060986362877770e-01
-2.016034077240966838e-01
-1.846102538226928047e-01
-1.909200867173126426e-01
-1.774170987448497883e-01
-1.961172989790549437e-01
-1.901512562563238973e-01
-1.918497903602842669e-01
-1.836408881718467612e-01
-1.873095412880649846e-01
-1.748695910628326189e-01
-1.893542906564107398e-01
-1.935059484784016348e-01
-1.981440810341013048e-01
-1.815335915231326425e-01
-1.810490405238311951e-01
-1.761690048314852319e-01
-1.883658431867667460e-01
-1.907945944438687036e-01
-1.917498293582236002e-01
-1.953171964921436299e-01
-1.989075667426147831e-01
-1.840656213395872598e-01
-1.833430037532872703e-01
-1.796263805514248801e-01
-1.880058799953037152e-01
-1.800337526644248953e-01
-1.865185553402470831e-01
-1.989116168316282796e-01
-1.938432511240941736e-01
-1.874568465787076477e-01
-1.956476953707033672e-01
-1.818293642502180063e-01
-2.093941035829809394e-01
-1.652477146537805197e-01
-1.997594032746201620e-01
-1.773472000601898912e-01
-1.925185986511976921e-01
-1.955676190609096921e-01
-1.845707209116227432e-01
-2.073133459794753719e-01
-1.855945571395229976e-01
-1.858034231027358985e-01
-1.808630555188965872e-01
-1.980634703819896814e-01
-1.963406797856155350e-01
-1.878002106051761544e-01
-1.877194272429152377e-01
-1.804811193022359816e-01
-1.796740233707394552e-01
-1.846247396305633615e-01
-1.994283893615058645e-01
-1.970956935738334970e-01
-1.967112851462680112e-01
-1.898456933004588620e-01
-1.980479322005126441e-01
-1.978124827340708158e-01
-1.757455818956197291e-01
-1.848344328123432412e-01
-2.040711411214117810e-01
-1.968378647321853414e-01
-1.932225569545629185e-01
-1.896287739987276844e-01
-1.799204624533978780e-01
-1.950796501483762491e-01
-1.840261216313736625e-01
-1.818315767094635937e-01
-1.893458608179345859e-01
-2.110087156554891763e-01
-2.055157876338378209e-01
-1.866089944704723003e-01
-1.858368996173886956e-01
-1.887397081025357082e-01
-1.836491736400054364e-01
-1.962867796136111842e-01
-1.762642171783723732e-01
-1.894615755604345253e-01
-2.092702843814797653e-01
-1.883929363485998820e-01
-1.988054222554880290e-01
-1.770385929515265744e-01
-1.652658878349599902e-01
-1.770618738473768161e-01
-1.902135509730338292e-01
-1.902401079688669228e-01
-1.991223165698272624e-01
-2.038914143002865664e-01
-1.937047875209927383e-01
-1.854406002045809743e-01
-1.859114776275072600e-01
-1.979646358568301068e-01
-1.747634014497521093e-01
-1.938467388255973312e-01
-1.808656425636927523e-01
-2.172105232665662022e-01
-1.840291339782296198e-01
-1.947253031710931559e-01
-1.998101703228076786e-01
-1.960059323544429688e-01
-1.999248238568767100e-01
-1.769449229215722674e-01
-1.897278125019465911e-01
-1.998520100536422817e-01
-1.806564994457207085e-01
-1.981878956313183338e-01
-2.071379603345220310e-01
-1.903494373710077348e-01
-1.879166919456896068e-01
-2.017428595692756232e-01
-2.010748150546213253e-01
-2.028812908839690010e-01
-1.926554941266944709e-01
-1.664504571449576531e-01
-2.022943652837114747e-01
-2.004788625966522631e-01
-2.055143794511677946e-01
-1.959578611593442155e-01
-1.965080042227604906e-01
-1.989869670525421519e-01
-1.956546097559268560e-01
-1.831958119607026703e-01
-2.071953187799033813e-01
-1.926987319491804129e-01
-1.788426546782915239e-01
-1.906648952814755660e-01
-1.898915054088767818e-01
-1.754273027874244661e-01
-1.862500652907925769e-01
-1.977533650205716143e-01
-2.002211719250244215e-01
-2.029345711678445241e-01
-1.845183148735021206e-01
-1.885652001811655154e-01
-1.856941680234625025e-01
-1.891114848416934890e-01
-1.955691168215025755e-01
-2.057865489214840693e-01
-1.946171537961047804e-01
-1.786434050033056664e-01
-2.131666700479377674e-01
-1.749362326700731884e-01
-1.947648638043233404e-01
-1.791090473211562895e-01
-2.038327089640139533e-01
-1.908844288403575007e-01
-1.825218204507352837e-01
-1.958808147430559643e-01
-1.810976989525467928e-01
-1.742312262996312811e-01
-1.864495940546442299e-01
-1.977373689236276988e-01
-1.724048322965154867e-01
-1.769413322981137071e-01
-1.989868371611516196e-01
-1.689838969131969293e-01
-1.896953411618209628e-01
-1.991542180161083309e-01
-2.065045141806747253e-01
-1.935446085494509916e-01
-1.791517924954426633e-01
-1.935618735366233523e-01
-1.833099656697143587e-01
-1.833398684884004481e-01
-1.855891944726897336e-01
-1.953998495578099792e-01
-1.816361629898155527e-01
-1.911644481256207229e-01
-1.821614413072625283e-01
-1.625190916221033177e-01
-1.914944368264706043e-01
-1.936071140231669929e-01
-1.798332637050243932e-01
-1.898259743483166062e-01
-1.911079057832818506e-01
-2.023456828866372348e-01
-1.927254784187404368e-01
-1.921727725606254822e-01
-1.998584425279466004e-01
-1.964218953014755797e-01
-1.899156971457465204e-01
-2.055510449312700771e-01
-1.877711639496952856e-01
-1.915679457885106629e-01
-1.720231894791943716e-01
-1.969650609265096719e-01
-1.864304346458647288e-01
-2.032664469176124200e-01
-1.867343705294821632e-01
-2.017032238520561904e-01
-2.051987435626987377e-01
-2.050104359595392722e-01
-1.869966361427373158e-01
-1.866325835221838148e-01
-1.914535658361424808e-01
-2.085562692606881541e-01
-1.875260038150257103e-01
-2.153273937471116284e-01
-1.906161417081220222e-01
-1.946722256031296894e-01
-1.925375869829659692e-01
-2.190958141457728381e-01
-1.944702619730511728e-01
-2.007754511664554542e-01
-1.948827385620215402e-01
-1.839046061328950543e-01
-1.874237170495094418e-01
-1.831494943512552709e-01
-1.971770190863528782e-01
-2.004995813222154588e-01
-1.976247936486741352e-01
-2.101379336816631138e-01
-1.905226402769599758e-01
-1.975417807217114685e-01
-1.953955730918588429e-01
-1.864803201095099894e-01
-2.051433157281614683e-01
-1.956695229263925029e-01
-2.080816374967762172e-01
-1.973537570503172134e-01
-1.952985287644741774e-01
-2.017019538291151548e-01
-2.135246087979778551e-01
-1.816307698595833742e-01
-1.870466664148944247e-01
-1.979658028451076746e-01
-1.858407786716762544e-01
-2.007685234260501161e-01
-1.876595596246533049e-01
-1.860707252773661224e-01
-1.902747582230626122e-01
-1.728859893112693058e-01
-1.934970619094285027e-01
-2.087149606922471534e-01
-1.947900472802146510e-01
-1.889639722347995487e-01
-2.067590239550982645e-01
-1.897674417265093894e-01
-1.973762145821096325e-01
-1.957866290154903766e-01
-1.976700240517983431e-01
-1.826990505071037774e-01
-1.853246888580430962e-01
-1.967996274467962436e-01
-1.888576796191658858e-01
-1.972202121022048615e-01
-1.968307519183243315e-01
-1.958071143419202187e-01
-1.806156786426056371e-01
-1.952631697042974679e-01
-1.973784340261639514e-01
-1.934221959771722510e-01
-1.816942897183633221e-01
-1.972549378622971972e-01
-1.868814308993842488e-01
-1.985750907143026822e-01
-1.998097957950699666e-01
-1.914843836213853123e-01
-1.963631216145387270e-01
-2.116265602158673431e-01
-2.017452633330822920e-01
-1.942174354268892955e-01
-2.034309575475701237e-01
-1.888412906642749078e-01
-2.057775287870482472e-01
-1.841106449713327819e-01
-2.077612453605528486e-01
-2.025427077660237885e-01
-2.024758927535348363e-01
-1.992596810896927195e-01
-1.920805572447994436e-01
-2.006127589482229467e-01
-1.781045727005796664e-01
-2.135176198502177769e-01
-1.986865134663577948e-01
-2.008552817695647974e-01
-2.024641226272683170e-01
-2.134276935862207125e-01
-1.827053833739267219e-01
-2.060016925539178700e-01
-1.955862454572407927e-01
-1.853535312365020005e-01
-2.048481489306643866e-01
-2.071454194027841922e-01
-2.054243033621521164e-01
-2.022582107282975272e-01
-2.037161666564868412e-01
-1.930183131502927196e-01
-2.087423484546411245e-01
-2.034095128829029875e-01
-1.980470175700315139e-01
-2.001778013309225557e-01
-2.015354986408040006e-01
-1.979865814596548645e-01
-2.082264754866667289e-01
-1.937916220760103059e-01
-1.903002476887962757e-01
-2.168204756931091381e-01
-1.948494047241933202e-01
-2.087688394128734970e-01
-1.981280781675929248e-01
-1.965156546043642649e-01
-2.192530088912150177e-01
-1.921924619691264269e-01
-1.989114769454367604e-01
-2.002067835115646233e-01
-1.881227111626575521e-01
-1.911260990473317989e-01
-2.005670371348600156e-01
-1.987678781887227686e-01
-1.898684567417507907e-01
-2.047799848301492531e-01
-1.869900375173889628e-01
-2.015294647480843082e-01
-2.009929849411724589e-01
-1.955303489263231498e-01
-2.052838872544615612e-01
-2.141552679903986345e-01
-1.992550052836854491e-01
-1.919906175498162781e-01
-1.985037475882238667e-01
-2.001713519029246768e-01
-2.051576396998013863e-01
-1.812996930230328374e-01
-2.089868191199375502e-01
-2.015424651974004888e-01
-1.945298782137490079e-01
-1.884834451045760417e-01
-1.905546248951655031e-01
-2.010022988661415155e-01
-1.894314652096324991e-01
-1.977183705057363738e-01
-1.779316364966065933e-01
-1.841658980324485384e-01
-2.111551382079301931e-01
-1.955126600459635711e-01
-1.927629335823111134e-01
-2.055413902087002143e-01
-2.173437280384531434e-01
-2.009675140192523912e-01
-1.776874403521988555e-01
-1.997737894381979018e-01
-2.042948616710642540e-01
-1.839112629758927753e-01
-1.924560358851774566e-01
-2.011655858300525068e-01
-1.958089854665638896e-01
-1.993007637583703584e-01
-1.736972864709134257e-01
-2.009131777735975177e-01
-1.990314809502429227e-01
-2.024414053407852521e-01
-2.103056700754519781e-01
-2.045175185885401703e-01
-2.000588600442707587e-01
-2.087955579610705215e-01
-1.963388876397198501e-01
-1.979469721386548642e-01
-1.890547555911021860e-01
-2.064673663753451294e-01
-1.968321885522161807e-01
-1.959700715334440346e-01
-2.010928480110054650e-01
-1.913986335274158179e-01
-1.810104481402730059e-01
-1.871599948684927739e-01
-2.085824204445367869e-01
-2.059042697301833869e-01
-2.007589821627542293e-01
-1.925948421226246765e-01
-2.073050718592730490e-01
-2.004138711252476668e-01
-2.076454679650012736e-01
-2.012998978943656425e-01
-2.007645292077935295e-01
-1.790578706003742582e-01
-1.954052830117740669e-01
-2.018857103944515785e-01
-2.062639427432912953e-01
-1.981273080213581395e-01
-2.007922185335306864e-01
-2.054633881720464572e-01
-1.962508939646276929e-01
-2.122767817538697699e-01
-1.832623715261636477e-01
-2.019458755391010385e-01
-2.058508710065840575e-01
-1.830710980369421037e-01
-2.134146735913438064e-01
-1.978043748736544316e-01
-2.094087454014825767e-01
-1.957913515094906742e-01
-1.994874989835144774e-01
-1.866499631332514397e-01
-2.099860552896348764e-01
-2.024185776069016285e-01
-1.781422767714158084e-01
-2.005791761783397575e-01
-1.841505766235069785e-01
-2.038786706199040566e-01
-1.924907858474345090e-01
-1.990972472212941824e-01
-2.094819165920842607e-01
-1.973717976125621831e-01
-2.100438590214466217e-01
-1.948266538694545247e-01
-2.064186807875474372e-01
-2.005064260093147865e-01
-1.854929503446012262e-01
-1.965474606814048286e-01
-2.164398104023490532e-01
-1.544626361444159102e-01
-2.097470596443447022e-01
-1.858904135382362099e-01
-1.916961526582996456e-01
-2.019065227183292066e-01
-2.054243996926636839e-01
-1.846184661269614224e-01
-1.856687682608244572e-01
-1.998803581872969914e-01
-1.910369031512422211e-01
-2.079042670283355321e-01
-1.773923864474395984e-01
-1.961113320466738585e-01
-1.950152227795030058e-01
-1.907614766040754972e-01
-2.079893750929624474e-01
-1.955723573590431030e-01
-1.889057751436089561e-01
-1.861098800175513546e-01
-2.016416100641302833e-01
-1.938025811858778980e-01
-1.996478789634430484e-01
-1.950078290452017526e-01
-2.015997235392141818e-01
-2.028390305354630385e-01
-2.069822076774467945e-01
-1.984009591363911085e-01
-2.111461736545194867e-01
-1.957496878501974180e-01
-1.938469740102846117e-01
-2.005921914969803765e-01
-1.821021564150626659e-01
-2.050529591484373526e-01
-2.183812012835861793e-01
-1.998547660225131750e-01
-2.001915770000017858e-01
-1.911515372713044059e-01
-1.878925022720876470e-01
-2.028916638837472419e-01
-2.029953442598699809e-01
-1.915175632053278676e-01
-2.039056121836209101e-01
-1.948077826263237000e-01
-2.062053308956928177e-01
-1.895531935170886584e-01
-1.945381017474314689e-01
-2.080189412709030350e-01
-2.002399338152676123e-01
-1.977875684131387146e-01
-1.920907467233066157e-01
-1.719999220454235811e-01
-1.950721643049639908e-01
-2.030103459297860624e-01
-2.023187938673549624e-01
-1.965281360856385717e-01
-1.980361983710885454e-01
-2.090951118312744939e-01
-1.881180416432446378e-01
-1.882684021870453250e-01
-2.146567975795923289e-01
-1.966714723265914344e-01
-1.937724289737081662e-01
-1.958175081553275021e-01
-1.968636343555409951e-01
-2.187708549773077493e-01
-1.976651134538451871e-01
-1.853239737048086866e-01
-1.992009482610814786e-01
-1.901629180978972045e-01
-1.964071806851599433e-01
-1.864089002661417638e-01
-1.969531988462804861e-01
-2.013006319417431911e-01
-2.034096983677242676e-01
-1.978948333313450547e-01
-2.002335984920113887e-01
-2.036236597466842824e-01
-2.015697988303095656e-01
-2.035185605613136772e-01
-2.143250433924821508e-01
-1.915328500876380957e-01
-2.098663069643880164e-01
-2.000669991656005564e-01
-1.961755668568079258e-01
-1.960918231491719510e-01
-1.933457454368889827e-01
-2.111907573949354244e-01
-2.035482407738991029e-01
-1.893663131064879934e-01
-1.929781746129979325e-01
-1.907031752972168093e-01
-1.891912244010045541e-01
-2.098286359751302399e-01
-1.964666788842368561e-01
-1.984019998941297658e-01
-1.928913175539701541e-01
-2.011913762573334097e-01
-2.054672587094330538e-01
-1.955153684770696287e-01
-2.130714160334390428e-01
-2.069451474467154384e-01
-1.924565086270098035e-01
-2.016527133460455090e-01
-2.094364023488575199e-01
-2.125168263367740451e-01
-1.851449931009927496e-01
-2.080650557736660744e-01
-1.926714182524751351e-01
-2.173996477697031082e-01
-2.068875306258739499e-01
-2.063613770424170824e-01
-1.984135612266539894e-01
-1.974354850242336923e-01
-2.024153871127900572e-01
-2.011344779049268894e-01
-2.097769266424576173e-01
-1.966621428607506772e-01
-1.737309175767993707e-01
-2.043259193604853863e-01
-1.890933022415595133e-01
-1.823533859715302796e-01
-2.049978884962238013e-01
-2.028621776111387831e-01
-1.824694730422189437e-01
-2.055690873801285790e-01
-1.852991105165235908e-01
-1.945124011333021485e-01
-1.866776793594739914e-01
-1.999521921719642492e-01
-1.961407839671078790e-01
-1.963359531854447226e-01
-1.997203307355546187e-01
-1.855549912525029654e-01
-2.023217556498968506e-01
-1.985241693103505511e-01
-2.107803241096855018e-01
-2.031563671796625670e-01
-1.952805622124689222e-01
-1.908750628592974508e-01
-2.028072130896880765e-01
-1.880119203512107262e-01
-1.760798527585691886e-01
-1.899106373741998866e-01
-2.010929766139595287e-01
-2.124034418429019411e-01
-2.036906290769193717e-01
-1.919336762430523535e-01
-2.046877337324781720e-01
-1.933457547296608681e-01
-1.990847855940964806e-01
-1.896368408637876257e-01
-2.026372899334063504e-01
-1.940197494199642492e-01
-1.917986123101531604e-01
-2.109458400379828902e-01
-1.966571379120001239e-01
-2.028565365733276948e-01
-1.949654675764342926e-01
-1.996654256602115041e-01
-1.932589211908126714e-01
-2.078813702288133669e-01
-1.958488631533263913e-01
