1.695638263351866015e-01
3.689477266831588387e-01
4.782079485826192244e-01
5.860275776801269210e-01
5.137947483864619969e-01
1.310468305102037156e-01
-9.317065957373020513e-02
-4.045586152789842349e-01
-2.278778486955936322e-01
-5.020449462510077066e-01
-5.740955638471255673e-01
-4.352036133220952285e-01
-4.813177238702343597e-01
-5.014416230261938834e-01
-3.657544368282196201e-01
-2.690056361041994748e-01
-4.239829670896354541e-01
-5.239603934785330708e-01
-5.620854177316163547e-01
-4.769491893969113883e-01
-6.752618601280860888e-01
-6.242576531703387666e-01
-4.249796763389658838e-01
-4.796492907013191198e-01
-2.612444309418534560e-01
-4.782569289657930822e-01
-6.021284943515566868e-01
-5.041846572419842465e-01
-7.544939416110852948e-01
-6.427055230336932157e-01
-5.646154916599928075e-01
-4.612724073440614969e-01
-3.017703784402396283e-01
-3.425145277335772676e-01
-2.655155280681246732e-01
-3.076443926613750546e-01
-3.372308538820604218e-01
-2.341059424580365089e-01
-2.403457791353208750e-01
-2.584261004397958583e-01
-2.123765272826599049e-01
-2.937463993269672224e-01
-9.766548547302705829e-02
-2.126095100439430174e-01
-1.852618968977370537e-02
3.707687976942667524e-02
1.005317415156102290e-01
3.124701193734062410e-01
2.401556017841491586e-01
2.671787916378143279e-01
6.146198662141091340e-01
7.087020305863567238e-01
6.196532839026865913e-01
4.719139287188743315e-01
3.835156205634291382e-01
2.701261002090665775e-01
4.922832705191468872e-01
4.888685002297384896e-01
4.382079695124398433e-01
2.171429475422039790e-01
1.103406874219540340e-01
3.208644275178912930e-01
4.820916035210960904e-01
5.118253065777114141e-01
4.268362126440623516e-01
4.162762701363225681e-01
5.879567071386636590e-01
4.085209932871268212e-01
4.507178585571883223e-01
2.455730564429699225e-01
2.575471759366276814e-01
1.580730575149718042e-01
1.155054350570639543e-01
9.945973795121128280e-02
2.445804915526068324e-01
1.081577242075464768e-01
8.450114568724166608e-02
1.249990773819680545e-01
2.247622071340802941e-01
1.673760880824521069e-01
1.968377608365632636e-01
1.268777666886030109e-01
6.842672552823775289e-02
-1.228949387718495170e-02
2.235125706237179807e-02
-1.320485817558112451e-01
5.900242830258549398e-02
-3.035316237448543869e-02
-6.394965272119396138e-02
-2.290277970332413038e-01
-2.272481522647586127e-01
5.543080152051351253e-03
-1.181877705657269177e-02
1.941609466808096596e-01
2.581522042353772695e-01
3.127698579180335225e-01
3.064637757247019034e-01
3.342443372027243953e-01
2.829276450703406831e-01
2.882637798283853026e-01
2.174764379547058368e-01
2.155550934276529718e-01
1.076175438458453482e-01
3.561425669198464445e-03
-9.804506948382950282e-02
-1.700786136374961011e-01
-1.368478587158639959e-01
4.056349703015658253e-02
1.188667632772717753e-01
1.359851158184890441e-01
7.553578175367862968e-02
-5.718483523852587597e-02
-2.483824903865292921e-01
-2.524365649129827749e-01
-2.243658646161945935e-01
-2.698443678544839575e-01
-2.111721780284814831e-01
-2.987192177342172239e-01
-3.144903457981902406e-01
-3.877872823989068629e-01
-5.312773222355026137e-01
-5.736587903265526478e-01
-4.766682778079834315e-01
-5.399625192909005555e-01
-5.341005029676190174e-01
-5.526062543945666761e-01
-6.469610380829559082e-01
-7.364488204837592589e-01
-6.049436656602007467e-01
-7.367255542529531631e-01
-7.468851916360653709e-01
-7.782312053600892732e-01
-6.014405973418366358e-01
-6.204957638936809960e-01
-6.346257099524551526e-01
-5.728417186739181988e-01
-5.978019253625261875e-01
-6.360483449233164110e-01
-6.476948798405024466e-01
-4.576819701610206348e-01
-4.965828878795854329e-01
-4.863499850610741859e-01
-5.563861429623846444e-01
-5.213570771546237603e-01
-6.013381935971747749e-01
-4.444091860764113333e-01
-3.814482585456958064e-01
-4.667001902559494986e-01
-4.996344364676428285e-01
-5.427912935096883551e-01
-6.365398034907154834e-01
-5.749600777275722940e-01
-6.795866094211484576e-01
-6.739919969813483736e-01
-7.140930656993975667e-01
-9.494092600367941559e-01
-8.021191141690307003e-01
-8.904519513919650908e-01
-9.765189032717636053e-01
-9.848541674376780630e-01
-9.815136107566415635e-01
-9.243848326601982190e-01
-9.362281077654456274e-01
-9.413051739281923513e-01
-7.437817238197284020e-01
-6.118960742886350168e-01
-7.015354304964162013e-01
-7.303477412233481125e-01
-8.667108203734722460e-01
-6.412526483370120101e-01
-5.241009398436753397e-01
-4.823628906489557666e-01
-4.036162472732678363e-01
-2.737026603783879186e-01
-2.041330688863363663e-01
-1.278099497525083672e-01
-4.916288565411432859e-02
-1.426876112763538762e-01
-1.476628146484898485e-01
3.049448354153363669e-02
3.360038978927872878e-03
5.158020337728979471e-02
-1.345209431843408417e-02
-1.957469077366408294e-02
-6.774220247311481258e-02
-1.865764460393347646e-01
-1.301874759636928724e-01
-8.593320307612503650e-02
-6.943010530992332896e-02
-2.337157620557268889e-01
-1.705361472611812701e-01
7.561382557323800130e-03
1.262134688422105466e-01
-5.611300772636629297e-02
-1.005616592788591140e-01
-1.972287708569236131e-01
-2.667351380718304896e-02
-9.161078267307698475e-02
-2.767923611427282049e-01
-2.764091674680065891e-01
-3.429496364435056233e-01
-4.345991081161605929e-01
-3.322635885282416712e-01
-3.059504835231749986e-01
-3.115448075899232006e-01
-4.038408327875022685e-01
-4.731848085527373682e-01
-4.526501854506360112e-01
-4.780108810772760730e-01
-4.623469543045286012e-01
-3.663512885952350806e-01
-3.199172407005062557e-01
-3.614385707453529051e-01
-4.576866443112430627e-01
-5.446751286687292470e-01
-4.505147285160761017e-01
-2.556957063757296922e-01
-4.025826724976038773e-01
-4.522234053765394890e-01
-5.596115884461582146e-01
-5.848487316876167519e-01
-7.320748274469853767e-01
-7.216720165127212816e-01
-7.263760107564547486e-01
-7.951352641794393605e-01
-8.602984301266354272e-01
-7.526787484983403775e-01
-8.165568848306583583e-01
-8.063231165836213243e-01
-8.092770519192682421e-01
-6.948521214930304390e-01
-8.064266028775884942e-01
-7.092397486226188486e-01
-7.225790142165605667e-01
-6.339313025375408195e-01
-5.991291615752053490e-01
-6.320113702488227014e-01
-6.144315114749214768e-01
-5.596789644600996816e-01
-7.395621887883123691e-01
-7.388043953359696436e-01
-8.265496051150967860e-01
-9.411981618882764300e-01
-1.067122162412217801e+00
-1.093724179209494718e+00
-1.017116625208738689e+00
-1.124417205552764365e+00
-9.610058557786405053e-01
-9.282580268835012305e-01
-9.333759760208398815e-01
-7.290691043722319353e-01
-7.148989094370699071e-01
-7.419372046787633401e-01
-6.942295393627279099e-01
-8.054106627355269721e-01
-9.252526236243304725e-01
-8.073766439443295084e-01
-7.552353869658997576e-01
-8.710791142401491660e-01
-8.600722459767354833e-01
-7.689853539259272619e-01
-1.031179040143133108e+00
-9.512434685257440403e-01
-1.164658692172731547e+00
-1.170565138431326480e+00
-1.201866202703164799e+00
-1.275833066900041279e+00
-1.198375983680677770e+00
-1.238483912969287504e+00
-1.172264810650785583e+00
-1.183657189823225320e+00
-1.108148515831087311e+00
-1.247046336620117879e+00
-1.254085420703377141e+00
-1.307770564948479430e+00
-1.287205638992092283e+00
-1.139991910551891863e+00
-1.275577345425382259e+00
-1.444622331449277652e+00
-1.576233687511734427e+00
-1.592112546512211013e+00
-1.555155336946833167e+00
-1.605323323179031147e+00
-1.587514876323421031e+00
-1.474145601691571272e+00
-1.280011848733920488e+00
-1.367947180288273223e+00
-1.404294448543457641e+00
-1.390884974004054975e+00
-1.551432777579512701e+00
-1.421332923363342049e+00
-1.496950842952572858e+00
-1.622759951299181713e+00
-1.595335833764519595e+00
-1.715678828329594285e+00
-1.553473733332309870e+00
-1.568991493505312862e+00
-1.589680151146898313e+00
-1.662420076524453894e+00
-1.699861060402056978e+00
-1.655022010314032288e+00
-1.527009963560524985e+00
-1.464438494278065717e+00
-1.298734317249938819e+00
-1.393065848854292854e+00
-1.447457177995748356e+00
-1.464397082746149437e+00
-1.600614150649457779e+00
-1.608744937851603662e+00
-1.669241122302868918e+00
-1.885493114662727399e+00
-1.913493000238500219e+00
-2.116431567777283362e+00
-2.317066862277725292e+00
-2.402357754623077213e+00
-2.461904034958953158e+00
-2.574572608534005269e+00
-2.604917358035715225e+00
-2.565415755247307139e+00
-2.502218359355076416e+00
-2.625706099098443769e+00
-2.740737587041574219e+00
-2.842176945151454248e+00
-2.819606121795276366e+00
-2.960270896090128723e+00
-2.836500856434785334e+00
-2.786399174700529002e+00
-2.732713740010090930e+00
-2.893383275797728249e+00
-3.102192250269771634e+00
-3.354251459654064682e+00
-3.485617038885385099e+00
-3.490735129810943249e+00
-3.498851677527926363e+00
-3.489818097567221500e+00
-3.241084635912110379e+00
-3.264882352377350028e+00
-3.176742626804441194e+00
-3.067576780304721584e+00
-3.058040471782139225e+00
-3.333778368731057817e+00
-3.330184573816463267e+00
-3.512667588775906236e+00
-3.522666604897892295e+00
-3.399766535231892650e+00
-3.339891975960623594e+00
-3.208992745331633589e+00
-3.187325995194687067e+00
-3.140764058632916189e+00
-2.992356459139809299e+00
-2.900211635419974510e+00
-3.009210179312267641e+00
-3.262470329936169477e+00
-3.276950239066025894e+00
-3.071952072716527926e+00
-2.962025721282844248e+00
-3.252628022412827669e+00
-3.258251733197408129e+00
-3.128872080618698703e+00
-3.220332195737154457e+00
-3.224268991431655795e+00
-3.185955676623003718e+00
-3.468605922898839289e+00
-3.434537081473902465e+00
-3.479191430243265604e+00
-3.335287365327064713e+00
-3.142400423966677181e+00
-3.024240936180583539e+00
-3.071081666070498706e+00
-2.751471081576153832e+00
-2.682693861075507336e+00
-2.823643672857066189e+00
-2.792653186504742369e+00
-3.039224590965689643e+00
-3.058007255215389630e+00
-2.790587599554990916e+00
-2.950157103420584903e+00
-3.032303834221918848e+00
-3.150991769588328495e+00
-3.108823442472099963e+00
-2.938710105477742918e+00
-2.809254357814741532e+00
-2.844769188718075270e+00
-3.009735448250804968e+00
-3.290981080163882133e+00
-3.364201780198257552e+00
-3.321564371349828626e+00
-3.310970747194167174e+00
-3.281260082816118473e+00
-3.216034381907129536e+00
-3.209523641635786628e+00
-2.992222631222808182e+00
-3.047990692452408723e+00
-2.890283868262224054e+00
-3.109403347074087609e+00
-3.153884223903690831e+00
-3.089870722165945605e+00
-2.976910625358394569e+00
-3.144304722741206426e+00
-3.205489040263647116e+00
-3.387580919737865237e+00
-3.368138518350910715e+00
-3.567023077060607950e+00
-3.465702164445833233e+00
-3.421541834823259354e+00
-3.494245068005181754e+00
-3.329100612065482245e+00
-3.286534898336362254e+00
-3.471237421383268629e+00
-3.297343932346238127e+00
-3.146064915060745371e+00
-3.090542755252315921e+00
-3.332322585669663439e+00
-3.197026134291853339e+00
-3.207485035415325036e+00
-3.489488994311352954e+00
-3.649247914066603204e+00
-4.009648851253808211e+00
-4.173483908695749811e+00
-4.141724968693117681e+00
-3.908788720815299822e+00
-3.781854503326615546e+00
-3.672184507408266185e+00
-3.709453877711099246e+00
-3.593851200270540502e+00
-3.869661061457657869e+00
-3.596423123020670687e+00
-3.688152658596422384e+00
-3.587355697037025060e+00
-3.482963399368584234e+00
-3.437307918953985464e+00
-3.263005860789327528e+00
-3.389481708292374940e+00
-3.627325110961657550e+00
-4.089697154285108383e+00
-4.210124814505176616e+00
-4.322451292716205096e+00
-4.428816980516355528e+00
-4.520349524509086336e+00
-4.569201607972325441e+00
-4.243787895067536731e+00
-4.325900839429396072e+00
-4.199224354229814438e+00
-4.374732873131693012e+00
-4.476292651736719641e+00
-4.472177515567669737e+00
-4.478542599107325550e+00
-4.208717852045531060e+00
-3.989216240767615052e+00
-3.713819360862189001e+00
-3.586796072232231403e+00
-3.426534350553044117e+00
-3.489876565982508172e+00
-3.530702600084828724e+00
-3.570491938572624591e+00
-3.571930844867369004e+00
-3.720049305737374468e+00
-3.744177036324214836e+00
-3.755677155120988875e+00
-3.544382292740780649e+00
-3.577171196945408305e+00
-3.715649081975418877e+00
-3.780274930971477598e+00
-3.557527097640400982e+00
-3.696508889517605478e+00
-3.616146622279935663e+00
-3.704344722688247771e+00
-3.546502377202832346e+00
-3.361429649197996916e+00
-3.450834128484577601e+00
-3.117900729132010884e+00
-3.126389649699220286e+00
-3.166136013853232622e+00
-3.018041058005136890e+00
-2.919535124667900661e+00
-2.964770259323247892e+00
-2.939017632149353076e+00
-3.259049545226300193e+00
-3.375409881887883934e+00
-3.180116514400142869e+00
-3.200658063697769951e+00
-3.130189118265052528e+00
-2.994893495927431815e+00
-2.775101909095260222e+00
-2.705180016725483139e+00
-2.627546379672825783e+00
-3.048794366459215421e+00
-3.110979782950129113e+00
-3.184658330215092370e+00
-2.945480701866994178e+00
-2.894832072146186874e+00
-3.092862019288661557e+00
-2.871057975815801022e+00
-2.913276351290774890e+00
-2.747534079185383060e+00
-2.980381859589584792e+00
-3.059513774461047220e+00
-2.967989381027420492e+00
-2.990964847743279975e+00
-3.066946264128560529e+00
-3.195008461990830551e+00
-3.388199622101657038e+00
-3.260426150527951261e+00
-3.338647585048522881e+00
-3.682523110882584660e+00
-3.631571170552820416e+00
-3.611732142659783484e+00
-3.564492410109759479e+00
-3.529047832989422151e+00
-3.593189004117400387e+00
-3.731491263401928826e+00
-3.489973815182874084e+00
-3.474011228964790199e+00
-3.189224996088666941e+00
-3.209872592571206162e+00
-3.466683233752985149e+00
-3.695137542932956709e+00
-3.780800962471504878e+00
-3.612600817119153707e+00
-3.377244269868702187e+00
-3.394987187949197960e+00
-3.439393262179650801e+00
-3.362409712865785494e+00
-3.302157114328428289e+00
-3.294024651600252707e+00
-3.473183538243771018e+00
-3.655218695580706445e+00
-3.661499788133402600e+00
-3.625736079923393085e+00
-3.424130113505080786e+00
-3.595515875797240746e+00
-3.652288631794800455e+00
-3.788373851276942261e+00
-3.791643420542902376e+00
-3.717823053883549278e+00
-3.641328798645338871e+00
-3.674884446907039415e+00
-3.799407251182463696e+00
-3.594958691071719503e+00
-3.474203927465777664e+00
-3.363501287742909351e+00
-3.562515054284111748e+00
-3.471103119358658784e+00
-3.611018071626292070e+00
-3.613823454967048932e+00
-3.810086522727001768e+00
-3.731002474146739356e+00
-3.817946180037798509e+00
-3.902356987972025237e+00
-3.822415850789555591e+00
-3.996441577402159773e+00
-4.071530620338146278e+00
-3.927099403335996275e+00
-3.890278822310880624e+00
-3.784474636408829085e+00
-3.740593687007268464e+00
-3.686640615399324972e+00
-3.527193745225806421e+00
-3.158568133376947973e+00
-3.214176075295613444e+00
-3.395724689708106592e+00
-3.373202837669477372e+00
-3.209787091243493595e+00
-2.802176554981988144e+00
-2.813717780476753472e+00
-2.951259127887619016e+00
-2.893568864830503795e+00
-2.765724230256247473e+00
-2.726814731391129065e+00
-2.575020069598540129e+00
-2.301112703451485331e+00
-2.090482474341213148e+00
-2.122734914507867998e+00
-2.138615770427309215e+00
-2.214696415997313483e+00
-2.464626162981112145e+00
-2.693413389061353413e+00
-2.816069083600836187e+00
-3.314899678760065083e+00
-3.403302937532418859e+00
-3.123393284786439406e+00
-3.379482154788115977e+00
-3.328694222034132011e+00
-3.436705228936455470e+00
-3.667042407417592020e+00
-3.583025496309530489e+00
-3.481625181477123743e+00
-3.310441430453720635e+00
-3.043228994136229382e+00
-3.013802778679046668e+00
-3.218331355014675488e+00
-2.937587134039878034e+00
-3.035982023812682673e+00
-3.088044182820183892e+00
-3.068654266823831467e+00
-3.362074554499598023e+00
-3.301572996159069184e+00
-3.115746357337217276e+00
-2.932553067786633605e+00
-3.210843043132536323e+00
-3.132499412463826349e+00
-3.193915779391846677e+00
-3.374619658525360499e+00
-3.769225343452967891e+00
-3.882994400293378057e+00
-3.783577075637538201e+00
-3.763306380293644171e+00
-4.111513744470906673e+00
-4.226416883818441050e+00
-4.045281232220081513e+00
-4.218087608616353457e+00
-4.457817670006652300e+00
-4.433327899997824950e+00
-4.482345030071980041e+00
-4.678148040029348032e+00
-4.930278242816218182e+00
-4.927993002865864725e+00
-4.919439656477576861e+00
-4.501623023891031750e+00
-4.609408470643308497e+00
-4.442108142763206757e+00
-4.490149744633090023e+00
-4.697875438284365934e+00
-4.688837160429498496e+00
-4.753751917060606402e+00
-4.472839106844917367e+00
-4.439279195265440237e+00
-4.490424018628594638e+00
-4.532424181069810487e+00
-4.627740514091083668e+00
-4.856742721273802132e+00
-5.269671445667942322e+00
-5.236511592883594801e+00
-5.295411620569232980e+00
-5.211324426209360539e+00
-5.133886134834178883e+00
-5.489944164766251689e+00
-5.576225947969719599e+00
-5.611850957566699272e+00
-5.544659363205891367e+00
-5.525491250807675669e+00
-5.343867924782892409e+00
-5.322653766495204941e+00
-5.105346592351905244e+00
-5.188209346503007247e+00
-4.970149475588164556e+00
-4.807844664982244609e+00
-4.545441284548264349e+00
-4.684804682620201888e+00
-4.747569623967200947e+00
-4.828903723557930405e+00
-4.848190483772826909e+00
-4.918391278105816333e+00
-4.707578666129197842e+00
-4.720301204712455956e+00
-5.070612255093195131e+00
-5.170140721837792164e+00
-5.191529646512709206e+00
-5.320570449094720544e+00
-4.906404126079858763e+00
-4.901848937753020330e+00
-4.677776170147874168e+00
-4.561909113025042650e+00
-4.513884695078707487e+00
-4.458624977140748236e+00
-4.515567294396179321e+00
-4.530783295824758028e+00
-4.810921798416704753e+00
-4.780296126296834203e+00
-4.546401796964086195e+00
-4.726964030938376027e+00
-4.782323436957391927e+00
-5.047055390736536751e+00
-4.993414326047899365e+00
-4.916409485966251935e+00
-4.696048264852074716e+00
-4.370623585393150989e+00
-4.620438113857748164e+00
-4.469729874729335251e+00
-4.364993951256047389e+00
-4.622916700734298168e+00
-4.854891036444413110e+00
-5.141329528888930689e+00
-5.207171511683871934e+00
-5.352145981346605907e+00
-5.446527383108630715e+00
-5.588812836508966875e+00
-5.537391376362133855e+00
-5.464455598390243196e+00
-5.408082226265014114e+00
-5.362568529337924161e+00
-5.536615781511070367e+00
-5.583493117821398677e+00
-5.428341727759114832e+00
-5.409024523921786454e+00
-5.260200428295443764e+00
-5.130631409974904855e+00
-4.995582898811810502e+00
-5.032122333646956491e+00
-4.684091862523037442e+00
-4.481618977448984964e+00
-4.265809742904456137e+00
-4.389644494797893870e+00
-4.464500944628356116e+00
-4.598217864931548604e+00
-4.596471889006489953e+00
-4.525101962115174459e+00
-4.771374497489005329e+00
-4.663457179974205502e+00
-4.670023562738437661e+00
-4.263077972338381372e+00
-4.474889307801283245e+00
-4.235140837657461965e+00
-4.205455578168565189e+00
-4.219908140478538350e+00
-4.011597931193427335e+00
-3.973777011637625645e+00
-3.872495029101255870e+00
-4.043198183690861924e+00
-4.007021463515060944e+00
-3.990222781216687054e+00
-4.125787615214820292e+00
-4.131933554468746550e+00
-4.367475104326910440e+00
-4.712684634755878399e+00
-4.617031707449108957e+00
-4.753529324469543127e+00
-4.751662245224567371e+00
-4.961888902117029154e+00
-5.113842961294498224e+00
-5.102552012823348804e+00
-4.915306423705691152e+00
-4.621143063086414315e+00
-4.830664563475770557e+00
-4.676193228588155115e+00
-4.783222154815862659e+00
-4.972715729269330254e+00
-5.074535864027162724e+00
-5.075436872033090019e+00
-5.107573682638748558e+00
-4.915220523597521485e+00
-4.630587747623107653e+00
-4.494655284631185133e+00
-4.488072391177985843e+00
-4.349235336457746293e+00
-4.499388407615215080e+00
-4.579114217388454477e+00
-4.473498045560488023e+00
-4.417404135322141379e+00
-4.399062373656996705e+00
-4.411302478239341518e+00
-4.314765415697884521e+00
-3.926437733314221745e+00
-3.879803880939222793e+00
-4.042580736923845564e+00
-3.983402156515462256e+00
-4.052797148007400985e+00
-4.234002753731584967e+00
-4.215580073307751974e+00
-4.205322679257638363e+00
-4.285101682135504575e+00
-4.063066242066104117e+00
-4.006327332480458026e+00
-4.129590684632194808e+00
-4.395544379789928513e+00
-4.432106011825670322e+00
-4.213233160751332917e+00
-4.342314873483463344e+00
-4.387453558257027986e+00
-4.526219454898373407e+00
-4.174154207730653710e+00
-4.213111008388700007e+00
-4.448838488633961141e+00
-4.428684594209777892e+00
-4.457260713536235208e+00
-4.718069580201591506e+00
-4.690240064326992808e+00
-4.775218152499739688e+00
-4.913570885122429566e+00
-4.876085325141303883e+00
-4.804064489180841058e+00
-4.790786835284542633e+00
-4.459048538832405484e+00
-4.609860160406125118e+00
-4.568527769695879925e+00
-4.561496963853512554e+00
-4.543863417367567159e+00
-4.478054042470540175e+00
-4.366119593719536063e+00
-4.104650451268430977e+00
-3.824778145602754531e+00
-3.617757550867381156e+00
-3.315325639023314785e+00
-3.172671412380314138e+00
-2.993145807212156839e+00
-2.803877914437387986e+00
-2.917751295279972013e+00
-2.853337893920196322e+00
-2.839540472554747286e+00
-2.665006835301235277e+00
-2.834410269548562677e+00
-2.767490623322975019e+00
-2.415070246188909309e+00
-2.378339395770844078e+00
-2.356908981972702932e+00
-2.602445150783069927e+00
-2.498907785270411352e+00
-2.528988606382451820e+00
-2.585855086027023297e+00
-2.861093028281688877e+00
-2.859775492756450266e+00
-2.564217095085293607e+00
-2.381389167778391602e+00
-2.283047908576923302e+00
-2.292228318110610896e+00
-2.333732771827210506e+00
-2.346177797632397866e+00
-2.440589445227249410e+00
-2.395140770512124373e+00
-2.338683409672967173e+00
-2.372696013828067052e+00
-2.264642369537098965e+00
-2.467819864944140740e+00
-2.629969925267146014e+00
-2.698498470102741464e+00
-2.809296995883638015e+00
-2.813314593205663794e+00
-2.889274377600975274e+00
-2.790314256249013081e+00
-2.796847312098821536e+00
-2.806741694861656811e+00
-2.931515460149447527e+00
-2.888220584803413704e+00
-3.002038789089891857e+00
-2.970323258337335570e+00
-2.952435481215173851e+00
-3.093691552265087186e+00
-3.105229647459077036e+00
-2.942166902493638769e+00
-2.896318057882607988e+00
-2.960110557653424124e+00
-2.531337380547115323e+00
-2.463337760338882632e+00
-2.409653827239321533e+00
-2.537851048372582685e+00
-2.582425935122373950e+00
-2.548727040735668581e+00
-2.735854879290851915e+00
-2.642431304777306700e+00
-2.770912667340815094e+00
-2.740402413508488344e+00
-2.754048530028271990e+00
-2.922956187665873173e+00
-2.665348122221360860e+00
-2.474830780455280266e+00
-2.401074784814706486e+00
-2.367481994473016549e+00
-2.151326821671298184e+00
-2.188378764025510126e+00
-2.262328914785485701e+00
-2.500028410188209094e+00
-2.438370566703232267e+00
-2.312525087084337905e+00
-2.344822692643684370e+00
-2.285484605050340345e+00
-2.358736634001498356e+00
-2.420184505903341332e+00
-2.676960949039778104e+00
-2.584868079188614498e+00
-2.655636381576575111e+00
-2.688055967437069871e+00
-2.428389778933587984e+00
-1.896296100115815175e+00
-1.679022127717038293e+00
-1.665217656650175959e+00
-1.848846272786541345e+00
-1.798453805632659774e+00
-1.983213047778834559e+00
-2.112257033707260589e+00
-1.924576627625234515e+00
-1.926270367446530241e+00
-2.096470166077096131e+00
-2.081310950387956549e+00
-2.003934283247647663e+00
-1.899284956239005728e+00
-1.823796385799885122e+00
-1.895811794531847339e+00
-1.918821550273765553e+00
-1.752334305613691523e+00
-1.522641890927368458e+00
-1.611984846924952253e+00
-1.642378550767201517e+00
-1.937313377386988389e+00
-2.074582626085104575e+00
-2.344084268748965805e+00
-2.132518796277191431e+00
-2.092755237232627685e+00
-1.927225137599571925e+00
-1.841957840369617294e+00
-1.818926799108145920e+00
-1.764664848649204476e+00
-1.801044485616666746e+00
-1.753690174355832632e+00
-1.809688276177604083e+00
-1.760488946422181566e+00
-2.058846051983994396e+00
-2.146474594155356908e+00
-2.182613013075588970e+00
-2.116851198291211045e+00
-2.003586009541950652e+00
-1.971128956806595056e+00
-2.162722609395479889e+00
-2.452794879406662965e+00
-2.762245830785396983e+00
-3.000994815786607539e+00
-2.980656588461789713e+00
-3.215087523533385117e+00
-3.217723309393354825e+00
-3.382507266741729968e+00
-3.451879283942586252e+00
-3.403357468815822351e+00
-3.318140411201505380e+00
-3.289036555692899544e+00
-3.246217228503446073e+00
-3.595986323115397454e+00
-3.526764734665750911e+00
-3.539547026097275673e+00
-3.488773451828573346e+00
-3.382815340966776052e+00
-3.286113441747515296e+00
-3.365418386939452944e+00
-3.563098651033193676e+00
-3.774238668569557031e+00
-3.879189161009956255e+00
-3.978843359214454534e+00
-4.036403775553442763e+00
-4.058488440198420477e+00
-4.002142457334205261e+00
-4.138525396312137339e+00
-3.819565776283338820e+00
-3.993542599628701506e+00
-3.947849759952973159e+00
-3.848190560189012288e+00
-3.925792755700798331e+00
-4.041195465631937545e+00
-3.966642299394929960e+00
-3.854632354111433568e+00
-3.504327694475510402e+00
-3.593601100438421625e+00
-3.586101884794579142e+00
-3.376583640506849004e+00
-3.633519758766445840e+00
-3.635836730204879963e+00
-3.749053231656964691e+00
-3.615474011417219913e+00
-3.411884113235320370e+00
-3.584267512240482123e+00
-3.408170446481787685e+00
-3.343758089281349211e+00
-3.200834225382366061e+00
-3.180251780844558951e+00
-3.154170440252260121e+00
-3.410075044039647008e+00
-3.373988471449509419e+00
-3.276803371683525867e+00
-3.055288792890449301e+00
-3.021271741607096217e+00
-3.008227345073537062e+00
-2.801885457879851327e+00
-2.998553767626954691e+00
-2.872192691200409875e+00
-2.892593878652175210e+00
-3.058664429220199210e+00
-3.196220401684356283e+00
-3.308544108817438545e+00
-3.418905755445806882e+00
-3.468624990619394666e+00
-3.485129952360407568e+00
-3.397513706636991149e+00
-3.130163273529847690e+00
-3.098939528833645429e+00
-3.092214918680830316e+00
-3.203761808073109840e+00
-3.272418012548127031e+00
-3.421059573683703281e+00
-3.560729624178659680e+00
-3.860833133495673586e+00
-3.761095332141293213e+00
-3.833889936517672403e+00
-3.948851202340996736e+00
-4.081018821906825522e+00
-4.025642797860874644e+00
-3.975333759164416225e+00
-4.203523200858809261e+00
-4.403899261856646596e+00
-4.457787659477405739e+00
-4.772970448727566151e+00
-4.721999369700379923e+00
-4.574988152611457970e+00
-4.070038010933688000e+00
-3.883430371247060364e+00
-3.930760887965250916e+00
-3.744240163809754662e+00
-4.006560828833081622e+00
-4.136348283836252193e+00
-4.126726602442398750e+00
-4.268348406032332676e+00
-4.490335914019166097e+00
-4.477654619701305627e+00
-4.551435314891388195e+00
-4.457686203705140571e+00
-4.571161568046183454e+00
-4.726315747819151092e+00
-4.583351047073772833e+00
-4.827388237357649103e+00
-4.952522190966951676e+00
-4.956426951682765925e+00
-5.133993266373256148e+00
-5.201165771979836094e+00
-4.937912725254161472e+00
-4.897422627740419365e+00
-4.716026337699497084e+00
-4.559880587833837318e+00
-4.364531803067278837e+00
-4.273486027044561375e+00
-3.868270203075529157e+00
-3.713565405424484656e+00
-3.736907572391785948e+00
-3.915376837166086865e+00
-3.826355697113678733e+00
-3.905363873296996857e+00
-4.154083928454607388e+00
-4.031114299484331198e+00
-3.857224996589846189e+00
-3.732070691852360067e+00
-3.898761808601056256e+00
-3.996057020612310495e+00
-4.052813941107067386e+00
-3.940520644702621311e+00
-3.918732516966406898e+00
-4.008709606742471010e+00
-3.993658577891357808e+00
-3.725112561889231344e+00
-3.992550011574587110e+00
-3.919213626773052628e+00
-3.964024742105228594e+00
-4.061475783099406378e+00
-4.200124044905316545e+00
-4.106828252654107558e+00
-3.915165146442229460e+00
-3.857868863196579845e+00
-3.809013472687117652e+00
-3.661169377165717886e+00
-3.631246483100761147e+00
-3.659181396895397675e+00
-3.608612905759608580e+00
-3.556337777714718484e+00
-3.421861856378673128e+00
-3.198707046268330245e+00
-2.990073834427864341e+00
-2.872641355773791982e+00
-3.157230037391862254e+00
-3.498811196447051408e+00
-3.745983727170994371e+00
-3.813033010314615279e+00
-3.504996399356404169e+00
-3.401493610996050521e+00
-3.582873867293193904e+00
-3.553188485306896016e+00
-3.514036225955449844e+00
-3.419060358490527918e+00
-3.320448835332780568e+00
-3.122259488429889984e+00
-2.839374248856519234e+00
-2.774676046008323738e+00
-2.746483220951250193e+00
-2.835804888442644778e+00
-3.077983817593883842e+00
-3.072035747235488667e+00
-3.046480917507294883e+00
-3.169207222467597784e+00
-2.996077791665063828e+00
-2.901086754376272392e+00
-2.789371828792315711e+00
-2.802340728511206080e+00
-2.539993611839294729e+00
-2.304009454608239693e+00
-2.388770252763772195e+00
-2.480585235443486525e+00
-2.561434602421715390e+00
-2.490186903687688247e+00
-2.422859301685748701e+00
-2.459638144628596645e+00
-2.631352875811971082e+00
-2.834479746026413505e+00
-2.690198641227603993e+00
-2.724336391489083908e+00
-2.850565365187647693e+00
-2.834474815281958993e+00
-3.130505539306944307e+00
-3.102714366275021174e+00
-3.260228418741065504e+00
-3.186925419592985254e+00
-3.294516651726882461e+00
-3.248493930851865663e+00
-3.109628516490026584e+00
-3.097986735962713567e+00
-3.139766810499820870e+00
-3.254183462641062174e+00
-3.152344795086988061e+00
-2.928426965420847239e+00
-2.778835782447878877e+00
-2.782979475349740106e+00
-2.686894099960805971e+00
-2.779844908869933739e+00
-2.618527338130201443e+00
-2.693278986322926283e+00
-2.526630939476806947e+00
-2.584825552698648554e+00
-2.767115762901689813e+00
-2.616036986454252311e+00
-2.699259420492611028e+00
-2.883104667709531554e+00
-3.116428120148123426e+00
-3.253235967156900443e+00
-3.239928056906689946e+00
-3.059696264437294033e+00
-2.950647605746434365e+00
-2.883121839708140843e+00
-3.135234513201175854e+00
-3.071128102658951864e+00
-3.245411874046859602e+00
-3.317219058454289993e+00
-2.987766073498649533e+00
-2.791830077547681199e+00
-2.690462884853294767e+00
-2.623041008692827081e+00
-2.701719292043482046e+00
-2.802664403476841315e+00
-2.626700632215912545e+00
-2.390189831235972839e+00
-2.218117153018403620e+00
-2.105494121576950928e+00
-2.305936573921453014e+00
-2.455872739680548200e+00
-2.814880159284614880e+00
-2.806957028266078069e+00
-2.622413349520071435e+00
-2.606478695763732034e+00
-2.606878906791516570e+00
-2.676100451960233606e+00
-2.514274784921172845e+00
-2.651712006350026130e+00
-2.626427331584388902e+00
-2.745110278351689637e+00
-2.920164074107904462e+00
-2.544159271084401208e+00
-2.589392277928860508e+00
-2.749740884425444065e+00
-2.463639220431614874e+00
-2.219460099790468988e+00
-2.337147284320947982e+00
-2.259705951020373860e+00
-2.215758168475001622e+00
-2.112777552695948913e+00
-2.181508025953423857e+00
-2.205092087053563077e+00
-2.119033237841674744e+00
-1.885805348202008069e+00
-2.027922079430953151e+00
-2.177612281921821769e+00
-2.539964981772113273e+00
-2.836090142503746581e+00
-2.863252559880514525e+00
-2.925546493372335188e+00
-3.094566045078360084e+00
-3.468171770263356102e+00
-3.599194388302046299e+00
-3.379546697383625009e+00
-3.232356850504496837e+00
-3.173660650415703000e+00
-3.226698503033235355e+00
-3.170092068686024334e+00
-2.803121995041125913e+00
-2.677591977978545312e+00
-2.385675075386879840e+00
-2.556311112799759755e+00
-2.476277499153772599e+00
-2.371908775600926944e+00
-2.412764841556609863e+00
-2.597563143828390597e+00
-2.625848230837601438e+00
-2.921613067842318667e+00
-2.814673532874724771e+00
-2.698800261606097539e+00
-2.477830641202930284e+00
-2.426485586294857111e+00
-2.469120558590642389e+00
-2.432726971949570771e+00
-2.250114364697867853e+00
-2.532321593739032650e+00
-2.711340818812177478e+00
-2.779657295334068579e+00
-3.094055641120744493e+00
-3.449804542309387489e+00
-3.372613580328961636e+00
-3.483299768522899686e+00
-3.689501064618321280e+00
-3.548795471000056878e+00
-3.812906657534249177e+00
-3.838907571408294306e+00
-3.937738414426947831e+00
-3.781658445816967973e+00
-3.894417697318543148e+00
-4.211424370042392340e+00
-4.393004802383949858e+00
-4.483365433505350772e+00
-4.598989543827016746e+00
-4.499804472402058941e+00
-4.314160890146685468e+00
-4.429426548181570666e+00
-4.628584615314498940e+00
-4.463125822453816838e+00
-4.525458894961076339e+00
-4.529504718554168363e+00
-4.583242894926035760e+00
-4.845004694550310020e+00
-4.847742372546650635e+00
-4.718589087197648801e+00
-4.556715461784226484e+00
-4.560036930029663260e+00
-4.290427263503286959e+00
-4.474505355483631597e+00
-4.459139433926022633e+00
-4.586497947044449575e+00
-4.584265316398543177e+00
-4.637543604336873848e+00
-4.328054173252967374e+00
-4.327931506283487550e+00
-4.405713940693154917e+00
-4.484083999888968108e+00
-4.322186375808222181e+00
-4.147666614941150520e+00
-4.316069640654827566e+00
-4.104175582581767401e+00
-4.117564740286758784e+00
-4.161619193763673508e+00
-4.086241583718976500e+00
-4.366013954481819503e+00
-4.241172532099405146e+00
-4.309010735027893446e+00
-4.355148075103945082e+00
-4.363160431796519134e+00
-4.387256336341285312e+00
-4.442473654124889926e+00
-4.466556051388148596e+00
-4.553849233771371630e+00
-4.495281110199688790e+00
-4.289758004471868169e+00
-4.424988869486213616e+00
-4.574555016393541784e+00
-4.681758427166605507e+00
-4.247489186292569663e+00
-4.165508907780080428e+00
-3.984724225747066306e+00
-4.099207789212183428e+00
-3.968147100487389611e+00
-3.852718780103213891e+00
-3.996899024483195451e+00
-4.055658440107786866e+00
-3.892867313626366510e+00
-3.811605765307547244e+00
-3.449998088680457098e+00
-3.353061810882543625e+00
-3.366206836498851551e+00
-3.487162041054234329e+00
-3.504338767991827641e+00
-3.489644165570005008e+00
-3.648984042175683840e+00
-3.720760990958101200e+00
-3.796452121200642349e+00
-3.994913101918701859e+00
-3.856149955978455335e+00
-4.105373905673226353e+00
-4.088560589401840417e+00
-4.056384085077803014e+00
-4.203238230614627646e+00
-4.145426077329089409e+00
-4.257523256851821536e+00
-4.035772586444529964e+00
-4.017151974457571662e+00
-4.087403951660375512e+00
-4.071142382836338669e+00
-4.246942046458080711e+00
-4.310069954945339177e+00
-4.563613147948393234e+00
-4.592220909019429698e+00
-4.716151069034735244e+00
-4.829024007273677199e+00
-4.826927717594252876e+00
-5.091982840464090110e+00
-4.974354417489804447e+00
-4.753387085962015313e+00
-4.569464455986399720e+00
-4.411408397374014356e+00
-4.440807684970898173e+00
-4.012534748041127308e+00
-4.014847031790413467e+00
-3.786744532356256965e+00
-3.657279616916653708e+00
-3.962502050014665045e+00
-3.645697865411892113e+00
-3.557284648430434348e+00
-3.412676245056993185e+00
-3.651672254965305342e+00
-3.579625601186014805e+00
-3.410225134059927221e+00
-3.598702648441679308e+00
-3.688964993601891784e+00
-3.668105936514559406e+00
-3.615495757001094379e+00
-3.713498084877686622e+00
-3.810952105266628642e+00
-3.564048254628968682e+00
-3.270013791916596801e+00
-3.318273380555937013e+00
-3.441912165702408988e+00
-3.668584533460607755e+00
-3.597168621256829013e+00
-3.583358054489056865e+00
-3.889791746390554916e+00
-4.048454864760130612e+00
-4.134852059056638218e+00
-4.234612782451553592e+00
-3.778470168779794580e+00
-3.780942283118375880e+00
-3.926965946350722714e+00
-3.833620436248862617e+00
-4.027976901314317182e+00
-4.176346349179159034e+00
-4.020121476835671004e+00
-4.046555221389354529e+00
-3.960512321204794794e+00
-3.797640141421230187e+00
-3.745712081337799759e+00
-3.829637059361286955e+00
-4.028653438743145188e+00
-4.122521995766395442e+00
-4.265856792180276358e+00
-4.112781034339310082e+00
-4.181355144375869415e+00
-4.051833528791604522e+00
-4.191885953098907436e+00
-4.275845282476020692e+00
-4.229063783417907452e+00
-4.322387495844125738e+00
-4.329022378150323647e+00
-4.370144714828945176e+00
-4.356557722140678379e+00
-4.318898600131703347e+00
-4.304452578013026276e+00
-4.386553566559657114e+00
-4.125340077690724527e+00
-4.070303849446811562e+00
-4.068548400459961023e+00
-3.986704222456017188e+00
-3.858514777056440970e+00
-3.907559131081844495e+00
-4.178051548982322672e+00
-4.111236311391540887e+00
-4.055743321211003227e+00
-3.879058597898958016e+00
-4.155039017449236205e+00
-4.350651026709824620e+00
-4.128014797703475125e+00
-4.171625006484648068e+00
-4.251297757617615858e+00
-4.216731852092483912e+00
-4.046861351651322991e+00
-4.086125492727888719e+00
-3.927784562831748261e+00
-3.824674597744708304e+00
-3.784979198190061123e+00
-4.095702238419376862e+00
-4.312108010740740127e+00
-4.307360709948945932e+00
-4.283517347966530942e+00
-4.432954398305726684e+00
-4.401087310961163013e+00
-4.494469953258921180e+00
-4.370130822320287045e+00
-4.384595745802647215e+00
-4.338917681259384374e+00
-4.212221727405097482e+00
-4.180487017728842680e+00
-4.185812548583427883e+00
-4.111870705611234023e+00
-4.036649562645362899e+00
-4.185185190232068031e+00
-4.060387643304439464e+00
-3.983843915464416074e+00
-3.870379633979755152e+00
-3.915796271470002310e+00
-3.951514914372811216e+00
-3.971052088942728986e+00
-4.189504110214161692e+00
-4.199741280113649999e+00
-4.367591910443735514e+00
-4.475189251871452889e+00
-4.403951178328533445e+00
-4.259969886348780932e+00
-4.355310988012454310e+00
-4.353875143477512033e+00
-4.177258203202865339e+00
-4.203632074151236075e+00
-4.222654250031188106e+00
-4.200996411786263707e+00
-4.115806910480873881e+00
-4.082503344578964466e+00
-4.070176253187863580e+00
-4.129131723183587788e+00
-4.250180949710194334e+00
-4.413992525503635633e+00
-4.578476572395100419e+00
-4.520791487818237364e+00
-4.297738706083119808e+00
-4.562540952898068269e+00
-4.786905475975103741e+00
-4.593716092874382539e+00
-4.798809032441988087e+00
-4.672706873511106807e+00
-4.861540996998117592e+00
-5.109888566606940685e+00
-5.119899379680260765e+00
-5.105919565419049455e+00
-5.121762598069039107e+00
-5.126159941611762250e+00
-5.065741121513351430e+00
-5.176488179097726849e+00
-5.037482769823714790e+00
-4.862779745305486401e+00
-4.919947478350248815e+00
-4.845189917681990366e+00
-4.984604674815417802e+00
-5.135468173897880462e+00
-4.930583644406632438e+00
-4.987652603127279427e+00
-5.093551474990314354e+00
-5.053546278781528400e+00
-5.183241831604711081e+00
-5.285262905932566646e+00
-5.137762378605720492e+00
-5.095791246993034207e+00
-5.036896684079013475e+00
-5.248988396098638987e+00
-5.276520046278810661e+00
-5.387866498932623927e+00
-5.502967319588658590e+00
-5.564548810295701031e+00
-5.462952667171571797e+00
-5.799683872961090891e+00
-5.876131521950346048e+00
-6.145962153873352207e+00
-6.507481616030279525e+00
-6.541668034268781184e+00
-6.576040715018747207e+00
-6.735073034179698048e+00
-6.502895663029708118e+00
-6.455228775296487420e+00
-6.267749663907084212e+00
-6.170075309447814682e+00
-6.158353943069029945e+00
-6.100550762682114048e+00
-6.155016079335250190e+00
-6.278460214842429110e+00
-6.166097682305451855e+00
-6.112776048539886986e+00
-6.228330459878179681e+00
-6.084726257594804899e+00
-6.209381706321526195e+00
-5.956558899500255855e+00
-6.184230874490342700e+00
-6.334493296746613211e+00
-6.446425323620366576e+00
-6.279148457986361009e+00
-6.273427065728682805e+00
-6.203817921830985682e+00
-5.861618021935486311e+00
-5.773548836996007516e+00
-5.667389349112322172e+00
-5.434384153153410502e+00
-5.144908430588588821e+00
-5.093816298243193152e+00
-5.163654760549440503e+00
-5.300938426178936069e+00
-5.452190268422201669e+00
-5.376709558474586537e+00
-5.455678891079269732e+00
-5.664071324586943845e+00
-5.670086319339917580e+00
-5.825534174997434533e+00
-5.468320977023323870e+00
-5.516316824966153831e+00
-5.382611775702738299e+00
-5.505372267706366785e+00
-5.733314148038640923e+00
-6.065216681853979885e+00
-6.352675523401198454e+00
-6.414580267605596298e+00
-6.663920023977850882e+00
-6.708253539480192096e+00
-6.723048203154260882e+00
-6.968082864739715276e+00
-7.090651935159200114e+00
-6.890147252958437996e+00
-6.736725200403412828e+00
-6.536803032730587937e+00
-6.632853545997665634e+00
-6.467222674471246435e+00
-6.735554429896762230e+00
-6.594883002031727059e+00
-6.433273667291639519e+00
-6.579682963568575182e+00
-6.465600844090674926e+00
-6.644774556011626032e+00
-6.598953807362640589e+00
-6.611515035802094431e+00
-6.681707997127956489e+00
-6.748079470937493163e+00
-6.793267743963771643e+00
-6.617598690384348004e+00
-6.657742243450659458e+00
-6.633485421855372266e+00
-6.820697536351371326e+00
-6.777110993366711966e+00
-6.690239984455863542e+00
-6.643426957460774496e+00
-6.833165000974391390e+00
-7.016886794180162923e+00
-7.164905647047705273e+00
-6.943667354651161361e+00
-6.746658615330855646e+00
-6.615799503872044518e+00
-6.585819045383609627e+00
-6.580376416663581196e+00
-6.339293136464748457e+00
-6.398409039326748093e+00
-6.221171351193579113e+00
-6.413541016395240213e+00
-6.638256284884603176e+00
-6.922938357213202387e+00
-6.964243879444197205e+00
-7.154356239218170543e+00
-7.355381118626564074e+00
-7.483649997062646442e+00
-6.937198182437366967e+00
-6.789450073189213342e+00
-6.696388666420464375e+00
-6.918112226236467599e+00
-6.910795667675462717e+00
-6.942591645224429620e+00
-6.937881651448822851e+00
-6.823316054279088050e+00
-6.790342920775124469e+00
-6.883135788279285627e+00
-6.731883979577212074e+00
-6.776940108983223077e+00
-6.561671491664623268e+00
-6.503657424723177094e+00
-6.506440804962346114e+00
-6.622700375889314373e+00
-6.673681721589520777e+00
-7.044068697604420670e+00
-6.998693032106568346e+00
-7.030105840543005691e+00
-7.053278409921177605e+00
-6.999582308911071138e+00
-6.809497612579450632e+00
-6.416597739313161242e+00
-6.291742078026988594e+00
-6.447552761316846848e+00
-6.581147616028443892e+00
-6.582278541330262023e+00
-6.583824055743196624e+00
-6.603588962711071986e+00
-6.361462342759968358e+00
-6.564744598303827949e+00
-6.766613402975541369e+00
-6.752072182846851511e+00
-6.593649934017858705e+00
-6.330772080461535722e+00
-6.334017498394481471e+00
-6.269828069704725060e+00
-6.165618327100208518e+00
-5.833217035748146984e+00
-5.709639389834285872e+00
-5.840695933648616389e+00
-5.990339417688113954e+00
-6.148098688335246642e+00
-6.066224750994196668e+00
-6.228428094383046343e+00
-6.215644410802148023e+00
-6.432565139897077344e+00
-6.426175948080171452e+00
-6.502077883405892322e+00
-6.330498967701938540e+00
-6.288740635885206487e+00
-6.196639588685538769e+00
-6.227752897775016727e+00
-5.954241023441530167e+00
-6.004536560117977650e+00
-6.066075417000711845e+00
-6.052803767750045694e+00
-6.183235464865195929e+00
-6.084980097920064779e+00
-6.159940506846067976e+00
-6.251246676967972427e+00
-6.009815211365120646e+00
-5.835180461856233514e+00
-5.516920909396160866e+00
-5.382647084932228765e+00
-5.309182965738951765e+00
-5.340276350976235875e+00
-5.214941459722025385e+00
-5.067549361900478999e+00
-4.888214240357632967e+00
-4.997628712862773881e+00
-5.053690089764530491e+00
-5.052021608803143771e+00
-4.926729901543073886e+00
-4.803411988039341551e+00
-4.780675308456936889e+00
-4.934745225739201935e+00
-5.038042884982513847e+00
-5.145016487091660373e+00
-5.042438219217332929e+00
-5.111204341668473816e+00
-5.329845569226145940e+00
-5.375749394430512140e+00
-5.392818038662399616e+00
-5.511837314779108432e+00
-5.746780967194262679e+00
-5.706196211009227248e+00
-5.591793966505505864e+00
-5.569199053137814381e+00
-5.467799924696024938e+00
-5.261473079595180735e+00
-5.164630281991522409e+00
-4.997097793369920993e+00
-4.813237075567716516e+00
-4.928561736360220102e+00
-5.119899428175701317e+00
-5.202340229773999347e+00
-5.157966424783747783e+00
-5.004525764021662937e+00
-5.212473592116001697e+00
-5.155557500813992888e+00
-5.132639319893147700e+00
-5.140894358259566310e+00
-5.019812689397800121e+00
-4.900849425397885817e+00
-4.938926328014563438e+00
-4.771907654026474432e+00
-4.675437073304242297e+00
-4.622560293054515768e+00
-4.638576408554463626e+00
-4.611630759785205314e+00
-4.700855948582828958e+00
-4.777739544615617007e+00
-4.616290938009719902e+00
-4.320461351568163799e+00
-4.409419495415303203e+00
-4.563974432396784131e+00
-4.590223568662401554e+00
-4.839344638974562685e+00
-4.915959032600833112e+00
-4.949098371199967872e+00
-4.595586094833627122e+00
-4.594117751017644302e+00
-4.870083267398985782e+00
-4.897972822961881079e+00
-4.715982818870680937e+00
-4.936329934895612226e+00
-4.673909155480288291e+00
-4.558253007731963180e+00
-4.754587053759982140e+00
-4.552695328803259223e+00
-4.494820763478545089e+00
-4.596826790284000097e+00
-4.570527475715700838e+00
-4.506511199288438796e+00
-4.629500125719791193e+00
-4.574875315837569012e+00
-4.511135033527529536e+00
-4.719392327598815662e+00
-4.714444835131438083e+00
-4.811358683184851159e+00
-5.059528314901394097e+00
-5.237085082809358028e+00
-5.221526380559953218e+00
-5.158101574945744616e+00
-5.297580059779859241e+00
-5.325802923128468258e+00
-5.291086843782998983e+00
-4.985065762763971620e+00
-4.941288739569226429e+00
-4.931552650428281837e+00
-5.020859588896513515e+00
-5.156283376549747999e+00
-5.079273277608356452e+00
-4.926526976912098732e+00
-4.819029901513014025e+00
-4.766935112333438695e+00
-4.608924817169145705e+00
-4.478094394467867723e+00
-4.391621770859852170e+00
-4.304036401397610234e+00
-4.278080544689536246e+00
-4.316540672243721843e+00
-4.241336300023839989e+00
-4.430439962964156209e+00
-4.472773916225965429e+00
-4.464137117525985410e+00
-4.269972349129722566e+00
-4.296193655195839511e+00
-4.019001257448738151e+00
-4.153289557669775256e+00
-4.336073727775503706e+00
-4.366501279867339491e+00
-4.202914656092680445e+00
-4.246375136027294772e+00
-4.331516284506697012e+00
-4.357672108691501123e+00
-4.644523403833805020e+00
-4.646383554492790502e+00
-4.876836368105506914e+00
-4.867358992942805607e+00
-4.907903644638433427e+00
-4.968071738283871497e+00
-4.804382392932507351e+00
-4.922039839556446417e+00
-5.225056793141241940e+00
-5.635218654081764811e+00
-5.603733360002231656e+00
-5.520019766116955218e+00
-5.169664576230448283e+00
-5.047587361324040067e+00
-5.168889750183925713e+00
-5.099214303295066308e+00
-5.108026136782933158e+00
-5.090817815554535386e+00
-5.001589377063869080e+00
-4.945136966004895385e+00
-4.963101759034563187e+00
-5.331296857162766578e+00
-5.513037154534714546e+00
-5.510978713666704998e+00
-5.448254360482413183e+00
-5.272377672038734531e+00
-5.098037402502309412e+00
-5.216236880490023431e+00
-5.436304859724084615e+00
-5.266879764298824540e+00
-5.145980134250532245e+00
-4.851860701384089758e+00
-4.896891599446472121e+00
-4.912682128390738256e+00
-5.245112171311449245e+00
-5.220956898219267117e+00
-5.317781031963453309e+00
-5.265013427393724577e+00
-5.274402449893314859e+00
-5.305293370295669497e+00
-5.359586045658714326e+00
-5.521052325393201343e+00
-5.762369412360921928e+00
-5.799601952137702021e+00
-5.791287596515248381e+00
-6.032285617112909115e+00
-6.012026517249025481e+00
-5.920712424503305371e+00
-5.878428624614687514e+00
-5.868794440077554242e+00
-5.964162058145667800e+00
-6.165370527937035661e+00
-6.066188176826440959e+00
-5.784583606750626217e+00
-5.880799717755770040e+00
-5.962561566776431121e+00
-5.879783171144138620e+00
-5.931516205307835854e+00
-6.015633269594363952e+00
-5.975274520915842658e+00
-5.970420781952810785e+00
-5.860270312779970681e+00
-5.879752709400251298e+00
-5.899654365005584822e+00
-5.922255821074192461e+00
-6.140404872456203478e+00
-6.250105771866476090e+00
-6.393320770894309391e+00
-6.325661137620134156e+00
-6.413331539574067541e+00
-6.573291877859454679e+00
-6.722007307856496361e+00
-6.933536005368903687e+00
-7.322231090652609353e+00
-7.520671937828457665e+00
-7.425912779124217877e+00
-7.503985373277479276e+00
-7.424296739153334102e+00
-7.688602357054697300e+00
-7.670404134415292674e+00
-7.729647927259504669e+00
-8.044893374862246205e+00
-8.136281461461290831e+00
-8.307858184607361807e+00
-8.311159864429502164e+00
-8.476298184469374775e+00
-8.415159287730501703e+00
-8.069964514606425610e+00
-8.196837514657339341e+00
-8.018334000984294718e+00
-8.027736486647329528e+00
-8.082568716407674714e+00
-8.403428867784507261e+00
-8.514332312172022910e+00
-8.552822987050072712e+00
-8.716391835963081647e+00
-8.676875295033088520e+00
-8.632514224305875672e+00
-8.745164595102187022e+00
-8.931031326354045063e+00
-9.183462842333717902e+00
-9.304596699034537011e+00
-9.257716064628077390e+00
-9.410632309125354311e+00
-9.435403355973088324e+00
-9.900983875675501977e+00
-1.001949532927105757e+01
-1.011948390240476847e+01
-1.035630331355576139e+01
-1.035652103237734245e+01
-1.027497432426560309e+01
-1.016497506006658824e+01
-1.042909412127880486e+01
-1.066240872207892920e+01
-1.058725995819400190e+01
-1.031178625420044703e+01
-1.033823641355881939e+01
-1.071955154580424008e+01
-1.092113401523750582e+01
-1.094253365998603833e+01
-1.112765946288713970e+01
-1.102481734734093699e+01
-1.095048229623271396e+01
-1.132215622038293823e+01
-1.144416925029101684e+01
-1.150963889176912147e+01
-1.173688431310212721e+01
-1.178580870114632262e+01
-1.213829416433893016e+01
-1.221038255408756434e+01
-1.184653556214565029e+01
-1.200228652021734987e+01
-1.194562099394947907e+01
-1.211144571153369931e+01
-1.214563152154020464e+01
-1.208746876354491384e+01
-1.194660347273183199e+01
-1.199262405273447918e+01
-1.192021338614772752e+01
-1.196086072884247642e+01
-1.190002034455650559e+01
-1.184479492901986220e+01
-1.161257364654260016e+01
-1.138790367775554380e+01
-1.132849413038383446e+01
-1.149025345202561788e+01
-1.158359498255622810e+01
-1.153962775068776203e+01
-1.157657169117120866e+01
-1.152035453154788058e+01
-1.167536181998881162e+01
-1.183448983865846316e+01
-1.184761668192625095e+01
-1.165660182190867289e+01
-1.163018689327117627e+01
-1.157951594676152141e+01
-1.132089436584663389e+01
-1.126044697343397516e+01
-1.126228046600975929e+01
-1.114815068880266047e+01
-1.115436777352438114e+01
-1.165016348985842143e+01
-1.177510026084184780e+01
-1.193674079373747432e+01
-1.166318974476990533e+01
-1.159801775872583995e+01
-1.162569583655547234e+01
-1.180089862200247808e+01
-1.182993028991650064e+01
-1.177287852133779111e+01
-1.175026855935580805e+01
-1.180962774918975455e+01
-1.172013023256986841e+01
-1.165204468534104087e+01
-1.184473713824657359e+01
-1.192528517049350434e+01
-1.190502180764296902e+01
-1.169931018922645194e+01
-1.129185931175497437e+01
-1.125151772641417836e+01
-1.107072698723609960e+01
-1.104763027212710114e+01
-1.096676436303639335e+01
-1.081325619456896092e+01
-1.082728395927086495e+01
-1.081318128428918079e+01
-1.096846467725516661e+01
-1.097379465119128561e+01
-1.112735159013970687e+01
-1.103021998838583784e+01
-1.089871029827877713e+01
-1.098960792528594688e+01
-1.061970754898057301e+01
-1.044497079377149618e+01
-1.043472610735296158e+01
-1.026228008992125673e+01
-1.046997384720396873e+01
-1.038495499703915925e+01
-1.055712392761314611e+01
-1.073757765104751094e+01
-1.070624841476334943e+01
-1.094385445774891785e+01
-1.118717903499021737e+01
-1.096376674293627040e+01
-1.067121856760315168e+01
-1.084299296912916510e+01
-1.072241235695781469e+01
-1.080358973714202087e+01
-1.096635032269349175e+01
-1.093641300230331836e+01
-1.074319301662168691e+01
-1.078070414439143754e+01
-1.077843653056616624e+01
-1.076138758165545184e+01
-1.093972566633720866e+01
-1.109027464792347395e+01
-1.109387907956660690e+01
-1.129266979747539068e+01
-1.149664102907082075e+01
-1.165847995137545645e+01
-1.172139670396474109e+01
-1.166566637530697470e+01
-1.155627177533492578e+01
-1.154569632218805175e+01
-1.167463098211907990e+01
-1.148154443843342065e+01
-1.124357229323541318e+01
-1.120437995511043638e+01
-1.126316506181717614e+01
-1.128938816118019339e+01
-1.143198877148137527e+01
-1.137768107000982631e+01
-1.161962467233673735e+01
-1.165716925323874875e+01
-1.173816732586360878e+01
-1.165981417494163708e+01
-1.160669557395345564e+01
-1.141995329123005298e+01
-1.153593665212565966e+01
-1.182922321277037980e+01
-1.172871814586925154e+01
-1.162112554525262631e+01
-1.167959052919660401e+01
-1.178149196033662527e+01
-1.163304835600088794e+01
-1.152296876992519969e+01
-1.150811891999436831e+01
-1.182779980231369343e+01
-1.174750046230647094e+01
-1.165078629116326070e+01
-1.174213295022927817e+01
-1.177192238537324265e+01
-1.197037721708104918e+01
-1.207998604181524804e+01
-1.198522744214325364e+01
-1.189383394910282021e+01
-1.182621795278333110e+01
-1.192985584726205239e+01
-1.209873149289571792e+01
-1.233015531606658577e+01
-1.251705253255017780e+01
-1.260987487368999815e+01
-1.260294189039736246e+01
-1.269002424183739564e+01
-1.273310278692209430e+01
-1.295750970923037038e+01
-1.323044792473213960e+01
-1.342622077363700583e+01
-1.353390330673962438e+01
-1.344694357966610276e+01
-1.331139067432670409e+01
-1.340416757816761439e+01
-1.333469162058353596e+01
-1.366278526423689499e+01
-1.385303308192634120e+01
-1.373391633566716230e+01
-1.387757715076943654e+01
-1.383267717343102099e+01
-1.386870394622857994e+01
-1.396172547353451243e+01
-1.404588096547160880e+01
-1.410311643766521428e+01
-1.425960499647426083e+01
-1.423731016927936466e+01
-1.411822135805702239e+01
-1.419671821974087500e+01
-1.411932877615307724e+01
-1.394373052360920440e+01
-1.408388042880370250e+01
-1.420936949946856309e+01
-1.417453828483870559e+01
-1.420124469010445267e+01
-1.458356825844096782e+01
-1.457450983667400912e+01
-1.446520381961706470e+01
-1.446370080012073700e+01
-1.435185113256627254e+01
-1.437540327954296338e+01
-1.419805849199258674e+01
-1.422250975800164952e+01
-1.423700915104922871e+01
-1.422774912358392285e+01
-1.407856662650153368e+01
-1.395119757504299507e+01
-1.407958535721256332e+01
-1.391758896290243896e+01
-1.399547039151329031e+01
-1.402496983629328042e+01
-1.400904383273180187e+01
-1.401404285253696003e+01
-1.386348587449029068e+01
-1.402797660852913531e+01
-1.385161748094707512e+01
-1.359927746698001805e+01
-1.347867593278339449e+01
-1.334725267388871117e+01
-1.334937684922256196e+01
-1.313806921054230514e+01
-1.316476112915463226e+01
-1.325188664956302453e+01
-1.336835848085051204e+01
-1.329961456639730599e+01
-1.309854480847299207e+01
-1.301863741146870979e+01
-1.313573499246581378e+01
-1.331481234442428452e+01
-1.336407815414893641e+01
-1.319140036735312549e+01
-1.303432049763099165e+01
-1.291934036906627092e+01
-1.254711599398100574e+01
-1.243435417815602939e+01
-1.258158351293895016e+01
-1.268070013852723399e+01
-1.288670311687774195e+01
-1.300905842028644344e+01
-1.315361837967589942e+01
-1.301058801268958831e+01
-1.281444669235409606e+01
-1.290983401998688862e+01
-1.286250737775950093e+01
-1.286935737054756146e+01
-1.301565294480696799e+01
-1.292641848545641814e+01
-1.281545358468782148e+01
-1.278546168451915399e+01
-1.294667665397774847e+01
-1.316182899018595620e+01
-1.337753926872252919e+01
-1.334324913741695262e+01
-1.344211625361995033e+01
-1.337419684315725910e+01
-1.340245907697038952e+01
-1.348653025366801828e+01
-1.341014451899529369e+01
-1.353363068081353049e+01
-1.349242724959810857e+01
-1.350439026557299904e+01
-1.347160608704532336e+01
-1.361478033370200968e+01
-1.393266683233430392e+01
-1.417705352380294670e+01
-1.396260396071450849e+01
-1.369676162855327917e+01
-1.376190580994800605e+01
-1.375173265473396889e+01
-1.378824079640688893e+01
-1.363533816218111738e+01
-1.350760538695637791e+01
-1.353438014034212422e+01
-1.337803713195552646e+01
-1.348410638331849931e+01
-1.344476304422413548e+01
-1.332507830549259431e+01
-1.329805199875484512e+01
-1.351776471156604487e+01
-1.339432750253343229e+01
-1.334480917137837963e+01
-1.329971238570667680e+01
-1.360740281755189152e+01
-1.374878174948963760e+01
-1.404947920074838663e+01
-1.408421618219736615e+01
-1.398106656228491573e+01
-1.412065354572318832e+01
-1.428287368256889778e+01
-1.445365108573263768e+01
-1.455049374190101830e+01
-1.468862226505906499e+01
-1.494935184849076926e+01
-1.499351287830895352e+01
-1.517554292141295491e+01
-1.483716809419477478e+01
-1.460180215178584717e+01
-1.465629444478575216e+01
-1.465754203049435667e+01
-1.481437091797364580e+01
-1.497462548726468867e+01
-1.499676799011606221e+01
-1.493070929026371552e+01
-1.497743669404243505e+01
-1.501293081625367343e+01
-1.530423191243094294e+01
-1.520036070257595817e+01
-1.488983312716662333e+01
-1.483095753964871832e+01
-1.490718868309856582e+01
-1.450570792624525573e+01
-1.440023341769732390e+01
-1.456314818826294299e+01
-1.491554153938073313e+01
-1.486889532805834868e+01
-1.499044899075970960e+01
-1.515414036586657964e+01
-1.537880241755920352e+01
-1.524446577275525883e+01
-1.498386878062516203e+01
-1.475010842212946471e+01
-1.476442244158269190e+01
-1.479517655118345232e+01
-1.498025159110764193e+01
-1.474689804794887671e+01
-1.478938755578349173e+01
-1.481439460286058285e+01
-1.480941281110619023e+01
-1.520384279532002125e+01
-1.521395705891569960e+01
-1.517464142478699962e+01
-1.495623032305869415e+01
-1.513681691680990760e+01
-1.526222743792974157e+01
-1.520175771508359475e+01
-1.501040882589362901e+01
-1.517263363178874869e+01
-1.524804844825964523e+01
-1.543173529306048408e+01
-1.560983287652988771e+01
-1.581026117846273138e+01
-1.590796330853266483e+01
-1.600930641176704228e+01
-1.593546252800246776e+01
-1.586010805340820085e+01
-1.579080113971082966e+01
-1.577935128406472920e+01
-1.578726625451958832e+01
-1.569776592974353235e+01
-1.565645850508740189e+01
-1.588765750870217275e+01
-1.585842375413268002e+01
-1.585616940669985553e+01
-1.605540963768378049e+01
-1.614049522340601683e+01
-1.619354670927381434e+01
-1.612120711246456395e+01
-1.614915059343669057e+01
-1.603862174221510983e+01
-1.600035958345488396e+01
-1.606066846519571101e+01
-1.587769295984863760e+01
-1.580360781723172536e+01
-1.579309787461700587e+01
-1.559664056339652660e+01
-1.546541828096078319e+01
-1.542675010627635146e+01
-1.537794838320340673e+01
-1.561677696744106925e+01
-1.579432246983691002e+01
-1.592102985035480067e+01
-1.590745911714944683e+01
-1.590080610729410893e+01
-1.598237291269563087e+01
-1.597707692363197474e+01
-1.602303057396326125e+01
-1.605459265021827164e+01
-1.583604224440922614e+01
-1.568293441730932258e+01
-1.555725229106087681e+01
-1.539568115931837866e+01
-1.525489937259717621e+01
-1.502657561124951258e+01
-1.505154922041073284e+01
-1.514182541080387878e+01
-1.507315335838232606e+01
-1.508635992139887883e+01
-1.519708432965372502e+01
-1.516505125360436068e+01
-1.510376336914373496e+01
-1.516587381663716982e+01
-1.529982327861256408e+01
-1.533346663916612762e+01
-1.532802954962950714e+01
-1.542070474346839326e+01
-1.558986847874400716e+01
-1.571302107576937246e+01
-1.576094254617728652e+01
-1.572536800826976666e+01
-1.571956543313109478e+01
-1.554213579020291291e+01
-1.552911356428752576e+01
-1.566617373240359967e+01
-1.538877942655363995e+01
-1.523364891301650204e+01
-1.510088470230227387e+01
-1.511058906078480746e+01
-1.519039969530010836e+01
-1.507131878012418369e+01
-1.476808829710422621e+01
-1.486587979700276385e+01
-1.483337152684373805e+01
-1.468128762439108748e+01
-1.435427452445176399e+01
-1.414384653288944804e+01
-1.401714592115052760e+01
-1.403364059411654807e+01
-1.422252586177847178e+01
-1.426857438949613055e+01
-1.420351931023335013e+01
-1.417414955147287614e+01
-1.404046240977457138e+01
-1.401918537682665367e+01
-1.401783802033562232e+01
-1.407442401249510588e+01
-1.408808484819160611e+01
-1.399540706879192520e+01
-1.410191734191635504e+01
-1.414932703243150058e+01
-1.425837126330706184e+01
-1.398911769551079587e+01
-1.394284066202898664e+01
-1.387217846045256309e+01
-1.391424437360072375e+01
-1.389864547304472708e+01
-1.389083543017216726e+01
-1.385842355162099437e+01
-1.354857862435660287e+01
-1.372769377900673859e+01
-1.387934748436722288e+01
-1.398431193439828846e+01
-1.422924676067261984e+01
-1.434632214709277598e+01
-1.445268261644662289e+01
-1.443584195492890210e+01
-1.450259344275771589e+01
-1.466333526994223035e+01
-1.456367040907690225e+01
-1.448095823221141032e+01
-1.446826531114510317e+01
-1.450974861891912404e+01
-1.454565392777612232e+01
-1.456910243965371698e+01
-1.445993781200311190e+01
-1.399713898373416399e+01
-1.393765049745026374e+01
-1.411354249049266940e+01
-1.455249689600114849e+01
-1.439896870854570032e+01
-1.432509042008699574e+01
-1.449648191574224043e+01
-1.445428518245687322e+01
-1.439834969781817087e+01
-1.443277619728995553e+01
-1.444159683979278697e+01
-1.453884352976986172e+01
-1.443097395544987904e+01
-1.416403673891559123e+01
-1.432872813017288749e+01
-1.449166312724347350e+01
-1.453936482726473045e+01
-1.458483754697234858e+01
-1.446546036569647065e+01
-1.412127261688679170e+01
-1.400911809552797394e+01
-1.385896793326929100e+01
-1.377679650254867383e+01
-1.376296929286725224e+01
-1.367743314802123322e+01
-1.367707746938098268e+01
-1.361032934497287528e+01
-1.351012823081742198e+01
-1.359478706972265272e+01
-1.364159385771448818e+01
-1.344530591509103701e+01
-1.328670846826065777e+01
-1.301049521543403209e+01
-1.294000684294875114e+01
-1.315837553046813824e+01
-1.301267735892660404e+01
-1.314245934484066680e+01
-1.308839074269007163e+01
-1.299839843773840897e+01
-1.305946599953277776e+01
-1.316614250075819648e+01
-1.312158441972575673e+01
-1.317549765433519049e+01
-1.322393642387807056e+01
-1.329543294306232859e+01
-1.312057945296393413e+01
-1.299123024792314851e+01
-1.284237717452977989e+01
-1.261955357427341262e+01
-1.248001779598693162e+01
-1.226453140410962561e+01
-1.224734413024214952e+01
-1.193588803221674866e+01
-1.179651948029295561e+01
-1.186293482804903299e+01
-1.200198027653075172e+01
-1.213442673033384267e+01
-1.217352099796114295e+01
-1.220924595910608801e+01
-1.200620503065413480e+01
-1.211119817438363278e+01
-1.211169568569400923e+01
-1.208051019702489981e+01
-1.188890383478655721e+01
-1.167592389006549780e+01
-1.147133063237366990e+01
-1.138131035537039004e+01
-1.143411407408663294e+01
-1.159533001569302435e+01
-1.140604203766963742e+01
-1.110406194944904179e+01
-1.107087134400633666e+01
-1.107320830736225936e+01
-1.099712863619039993e+01
-1.103267858644528943e+01
-1.095838660931352848e+01
-1.080048196807604555e+01
-1.087348209312000336e+01
-1.099486842928068775e+01
-1.107400593938826816e+01
-1.088768827823246710e+01
-1.092970621321241786e+01
-1.078416407799550925e+01
-1.097202776742502905e+01
-1.098433792190298419e+01
-1.088974833393421449e+01
-1.062477093951820528e+01
-1.063947623956831734e+01
-1.075537870315870492e+01
-1.091863496547981605e+01
-1.132161604671059507e+01
-1.135439115061642923e+01
-1.145366667021523099e+01
-1.171726783644260905e+01
-1.186282818784124160e+01
-1.190495178328315973e+01
-1.192341313198604169e+01
-1.195309736285616076e+01
-1.178456087058969182e+01
-1.195065101522029671e+01
-1.175337915174530856e+01
-1.151005337098864878e+01
-1.148014897215421826e+01
-1.165846548408466354e+01
-1.190699581923824724e+01
-1.196994720787798450e+01
-1.200053865041595458e+01
-1.194890928783801343e+01
-1.191796204577321028e+01
-1.219321063484567169e+01
-1.244170383190146012e+01
-1.248508633937653123e+01
-1.255065692376296127e+01
-1.247517774522082590e+01
-1.241587764895809443e+01
-1.244076224852843637e+01
-1.241285839589515838e+01
-1.226942246003084946e+01
-1.231684558780414029e+01
-1.252275073427254171e+01
-1.223290173422146054e+01
-1.205824494455064588e+01
-1.189246351333099128e+01
-1.207369917353924471e+01
-1.220547069740747581e+01
-1.208633045017551133e+01
-1.215904742535848193e+01
-1.213600806086383166e+01
-1.203865065325003059e+01
-1.180610915364343683e+01
-1.178936608612043102e+01
-1.187676143221825598e+01
-1.190081865236119718e+01
-1.190326491953905830e+01
-1.167332507884446002e+01
-1.152378817256064458e+01
-1.156395655536787181e+01
-1.145264988523090111e+01
-1.140664438105488188e+01
-1.130201486398046562e+01
-1.117229615164884216e+01
-1.123505678195828850e+01
-1.138983724640779371e+01
-1.175867047848148594e+01
-1.165254350036665620e+01
-1.183710565198387776e+01
-1.200967396561170553e+01
-1.223889617060696722e+01
-1.232285971080204590e+01
-1.224389806051386564e+01
-1.238494813041817189e+01
-1.238331073197479526e+01
-1.246020846155432871e+01
-1.250004861292885217e+01
-1.237126502067138745e+01
-1.232233319768410063e+01
-1.259463414070559217e+01
-1.289581737115650739e+01
-1.312162743378956975e+01
-1.308613676664140435e+01
-1.312313269489345657e+01
-1.312192638331461936e+01
-1.325526622154644407e+01
-1.328276350317733545e+01
-1.337365810520957687e+01
-1.361188370138926729e+01
-1.385002082149884473e+01
-1.381922079032568007e+01
-1.367886159391898993e+01
-1.361927410525552418e+01
-1.347569302156713178e+01
-1.348160063835088884e+01
-1.347707647190473423e+01
-1.338843422718155551e+01
-1.339406737234173050e+01
-1.327109882717872225e+01
-1.331550995134659487e+01
-1.351017119738378547e+01
-1.328748601314983624e+01
-1.332325056605954927e+01
-1.335481693899110134e+01
-1.328407523774411381e+01
-1.344967714839465955e+01
-1.358844433775100136e+01
-1.355410594555463177e+01
-1.385102323495167198e+01
-1.375286499424213815e+01
-1.354487208610807869e+01
-1.339270213379246677e+01
-1.353500678896341824e+01
-1.350759703368296627e+01
-1.355761052740203709e+01
-1.351833139341259660e+01
-1.366838555609210992e+01
-1.372270795205958116e+01
-1.365305288272617901e+01
-1.348084975222243997e+01
-1.323069184567073187e+01
-1.337795762407863798e+01
-1.352632138009939666e+01
-1.350022808895180582e+01
-1.328432433459382978e+01
-1.325654631767456770e+01
-1.334651866032966616e+01
-1.343934456346536699e+01
-1.368908053046297368e+01
-1.415144060287211936e+01
-1.429545828020817311e+01
-1.443020757581640723e+01
-1.439495011553603732e+01
-1.421001050786547459e+01
-1.432450782676388812e+01
-1.420172982255837724e+01
-1.392979929955011187e+01
-1.355489347018022528e+01
-1.347732358464597269e+01
-1.335153814668129968e+01
-1.328866112201190752e+01
-1.340117045157585451e+01
-1.339552197160161739e+01
-1.336478897579339886e+01
-1.356302984356928931e+01
-1.366448936786962598e+01
-1.365036253324586468e+01
-1.369725205334903784e+01
-1.370916503360836991e+01
-1.375159177645207365e+01
-1.388494004149312211e+01
-1.399182831049467168e+01
-1.396130216688495018e+01
-1.402404633810050072e+01
-1.399966923321857593e+01
-1.418156502840445121e+01
-1.443473671748843223e+01
-1.433786264489560125e+01
-1.446110889917006581e+01
-1.437746283496443311e+01
-1.436369644199054285e+01
-1.423684768557881597e+01
-1.412809673414500367e+01
-1.415743222914307609e+01
-1.419517161515653036e+01
-1.421151492843964803e+01
-1.429925395014873857e+01
-1.422553939549134583e+01
-1.429909300920061455e+01
-1.428771598819373700e+01
-1.406204035454198475e+01
-1.410235791168451414e+01
-1.428562747879477257e+01
-1.422137300803119864e+01
-1.430102251317208584e+01
-1.457144036463096626e+01
-1.467293944568931785e+01
-1.453047745238459676e+01
-1.449299529663396591e+01
-1.435699421047903890e+01
-1.399366344143783181e+01
-1.365807492966330905e+01
-1.370000407256137009e+01
-1.360725111112430596e+01
-1.355264371432176063e+01
-1.371898210078884972e+01
-1.387203055177221422e+01
-1.391965332727033910e+01
-1.399007010440591792e+01
-1.377489539784977168e+01
-1.376140495428773924e+01
-1.360442526374730043e+01
-1.347427202927916845e+01
-1.352597463109817255e+01
-1.356373574904373491e+01
-1.365937577082813625e+01
-1.354983941107176015e+01
-1.355567882921157796e+01
-1.354987897142260778e+01
-1.352806478757421793e+01
-1.360578928610625127e+01
-1.365887071336487502e+01
-1.373337459605682476e+01
-1.383772285566606364e+01
-1.382754449210779057e+01
-1.411344718604606996e+01
-1.395141717298405659e+01
-1.406465451598829652e+01
-1.418030655374640681e+01
-1.418520162943624996e+01
-1.397612279483978703e+01
-1.358122990677068564e+01
-1.339691510670720298e+01
-1.370777225988512349e+01
-1.380147957549310966e+01
-1.366913727160800107e+01
-1.387745697850847648e+01
-1.396527427656640086e+01
-1.391243266372631204e+01
-1.378261700721588312e+01
-1.352408167947928952e+01
-1.371399682955641453e+01
-1.366216662067465926e+01
-1.359022670894093920e+01
-1.355775349610860658e+01
-1.344359050947820400e+01
-1.330743995727211981e+01
-1.331492623490287563e+01
-1.365706480290804414e+01
-1.366804335423379690e+01
-1.379412111336613300e+01
-1.362472091215556702e+01
-1.358921105381486605e+01
-1.375738365523753615e+01
-1.359009742804898480e+01
-1.356985344903160495e+01
-1.371267613004738273e+01
-1.373568206274459946e+01
-1.348899183820296699e+01
-1.325426944244479266e+01
-1.340714162419538624e+01
-1.373136205130824194e+01
-1.416122118799131080e+01
-1.417093372017148134e+01
-1.407275032417073923e+01
-1.389222261735855746e+01
-1.388516577171196076e+01
-1.380870248935626954e+01
-1.404722881301634452e+01
-1.444128224858807918e+01
-1.468162748688964925e+01
-1.462584521194339437e+01
-1.466191175413311498e+01
-1.461288315895801482e+01
-1.494793883824952552e+01
-1.487467879902860979e+01
-1.525564077483917558e+01
-1.527382057064671272e+01
-1.528429408258417510e+01
-1.530658796839525060e+01
-1.529125671558842470e+01
-1.512985849168527785e+01
-1.540975481103616040e+01
-1.534895494008281247e+01
-1.501652794639807809e+01
-1.494332923621922404e+01
-1.478969220862388489e+01
-1.474717446562996415e+01
-1.472849448133880834e+01
-1.450721438022307908e+01
-1.473330904761136573e+01
-1.488651424268006274e+01
-1.481982300602099123e+01
-1.486449935573624970e+01
-1.500925655662532776e+01
-1.519267916724466794e+01
-1.501675919245562696e+01
-1.489835434263302005e+01
-1.449461870951835074e+01
-1.414503710918640955e+01
-1.426268330482650626e+01
-1.450075415991566707e+01
-1.424413364611564248e+01
-1.405562021566701780e+01
-1.397077309537800005e+01
-1.416650886027254153e+01
-1.404341434447317560e+01
-1.425922775224392680e+01
-1.429628204097401856e+01
-1.414161218801202402e+01
-1.430609069488312102e+01
-1.451119635761225268e+01
-1.442943472651655945e+01
-1.453161009744965781e+01
-1.448590535304894367e+01
-1.458073865234589128e+01
-1.445167148652234701e+01
-1.446659760136743778e+01
-1.438285742331685668e+01
-1.445081476085204919e+01
-1.451313242006290949e+01
-1.460151660728277889e+01
-1.468283565886693864e+01
-1.475279557937163766e+01
-1.477712019193974946e+01
-1.485470276895786590e+01
-1.490684680367495396e+01
-1.484246513358452013e+01
-1.483024984270196711e+01
-1.466586973527105542e+01
-1.463547993989154428e+01
-1.464496700276533403e+01
-1.481153602909429878e+01
-1.453334469920644523e+01
-1.463213247994889343e+01
-1.469650024090484841e+01
-1.474126997492502689e+01
-1.468081851563775331e+01
-1.474530870191436982e+01
-1.464195861069304527e+01
-1.454150684846142561e+01
-1.444124451326967318e+01
-1.440187929751466633e+01
-1.424832625753245807e+01
-1.423331967873840753e+01
-1.410258753496107076e+01
-1.422900550825231214e+01
-1.438211678022464213e+01
-1.453327918034729471e+01
-1.479611743112941546e+01
-1.472955996702293291e+01
-1.487730030980504559e+01
-1.503428235904782362e+01
-1.515412016237062609e+01
-1.503990558917590903e+01
-1.500280097934250634e+01
-1.481509236743786140e+01
-1.494341691368832237e+01
-1.476293267964853584e+01
-1.472311331154767444e+01
-1.480719065005987112e+01
-1.480583380692602091e+01
-1.480470536793398395e+01
-1.479829851778091765e+01
-1.486411528885251165e+01
-1.464527187397763797e+01
-1.472367349586927077e+01
-1.472889215456699930e+01
-1.469115581838229900e+01
-1.468020935003419147e+01
-1.451072077239588332e+01
-1.450753316851918484e+01
-1.446368937553914158e+01
-1.444641530931059137e+01
-1.461223063497226349e+01
-1.474822880057919505e+01
-1.451075832106686114e+01
-1.431044789429869191e+01
-1.451827625857031734e+01
-1.449007269463550429e+01
-1.437808580903441680e+01
-1.453864196075165616e+01
-1.462158415360825181e+01
-1.462121427348355596e+01
-1.453947868545093769e+01
-1.457937558329609473e+01
-1.471321837897120410e+01
-1.455440273999312240e+01
-1.440373915453107756e+01
-1.452722878017245556e+01
-1.449918388122851987e+01
-1.417187053862877200e+01
-1.421840952964455340e+01
-1.413030973125723122e+01
-1.398401971429841595e+01
-1.422770938957484432e+01
-1.420553618867598900e+01
-1.432826479654013063e+01
-1.450901874242776657e+01
-1.456928518279868179e+01
-1.465998377308845768e+01
-1.458213352847059241e+01
-1.450343698100017065e+01
-1.490759059300506095e+01
-1.518858340876139756e+01
-1.555510621534042315e+01
-1.567842788529568132e+01
-1.557913776747724199e+01
-1.536368288561422091e+01
-1.542108242739667290e+01
-1.554414815334205180e+01
-1.544358852360885948e+01
-1.524532064049164681e+01
-1.541188684251437735e+01
-1.558920290068470393e+01
-1.554685557193785250e+01
-1.521539739573897698e+01
-1.539181473999500227e+01
-1.527312425051197131e+01
-1.519784241527452195e+01
-1.515515480943762228e+01
-1.516973544791016160e+01
-1.500118050555131077e+01
-1.516663000246683879e+01
-1.515298283477992847e+01
-1.507317346779716338e+01
-1.510381308896907271e+01
-1.513903377708002473e+01
-1.527994173678691503e+01
-1.535653037197904602e+01
-1.519628558219283043e+01
-1.516956598348908969e+01
-1.526408420898647122e+01
-1.522785671217561898e+01
-1.547399731236106390e+01
-1.555774882840011486e+01
-1.556574059982015790e+01
-1.556210858879908088e+01
-1.560096192496702905e+01
-1.565906652679943001e+01
-1.557443668007246274e+01
-1.559486551957384215e+01
-1.534784082604049793e+01
-1.548105770035201978e+01
-1.538531018481095991e+01
-1.524601904395926688e+01
-1.515119529511843233e+01
-1.504965640911070857e+01
-1.475627229532281248e+01
-1.469148229783292692e+01
-1.495772906508017996e+01
-1.504957059816424447e+01
-1.488174693796610981e+01
-1.475807849718411369e+01
-1.468201867146199646e+01
-1.454715242233027439e+01
-1.452863961095132694e+01
-1.437508846937360296e+01
-1.447185654785008779e+01
-1.425440933663324117e+01
-1.401300257265063820e+01
-1.403150005232766517e+01
-1.417140847205873122e+01
-1.420355809099793554e+01
-1.428478582357197979e+01
-1.455531347915063378e+01
-1.456197532164341979e+01
-1.475561859118564279e+01
-1.468407367348560122e+01
-1.475323771723133603e+01
-1.464268965734242656e+01
-1.479259110877975303e+01
-1.501938223620978974e+01
-1.521248213930875082e+01
-1.536963855144376012e+01
-1.543765504293180690e+01
-1.550066025130131386e+01
-1.536645696343390455e+01
-1.558049331819764127e+01
-1.584858458473892817e+01
-1.601554482055239603e+01
-1.597711574565417081e+01
-1.610573100481275333e+01
-1.619596620132954712e+01
-1.610901885447005455e+01
-1.594589890485196726e+01
-1.579880487468021322e+01
-1.558549337918432443e+01
-1.538763419290470758e+01
-1.534646847025827121e+01
-1.510897102474131870e+01
-1.525416114798007783e+01
-1.518871946686284247e+01
-1.541583108969420302e+01
-1.540753549360700170e+01
-1.564163868480670772e+01
-1.554461720092428578e+01
-1.553007840188907807e+01
-1.520902572491640647e+01
-1.531910032735705407e+01
-1.546425611332502648e+01
-1.538207127249242490e+01
-1.530973961887184487e+01
-1.529378116594780757e+01
-1.533970807910261236e+01
-1.511872070696904302e+01
-1.498258548964050085e+01
-1.506744021730785654e+01
-1.512140957963254806e+01
-1.487003155617396288e+01
-1.493229788135540304e+01
-1.527278921254576716e+01
-1.535489178690495926e+01
-1.539923998718436771e+01
-1.548156901751604408e+01
-1.557138935286910275e+01
-1.576624290011036322e+01
-1.558065759152446361e+01
-1.572446143389933937e+01
-1.577757411426244083e+01
-1.584210233598640905e+01
-1.586387740486094344e+01
-1.607659679552033438e+01
-1.590765010525961998e+01
-1.584985866226847762e+01
-1.566144149823935905e+01
-1.542666258457230555e+01
-1.540852117271154142e+01
-1.549389635849680857e+01
-1.531820028710051140e+01
-1.558213319898446692e+01
-1.547119303528742051e+01
-1.567041717030421211e+01
-1.587928096532300160e+01
-1.599555014763289940e+01
-1.595852772755822357e+01
-1.602250216288232210e+01
-1.578362764515074446e+01
-1.555330506609262464e+01
-1.561779243701543329e+01
-1.561386789598111235e+01
-1.569994322828426903e+01
-1.576335544388486731e+01
-1.566643869110668419e+01
-1.560750558794479836e+01
-1.561855830011330681e+01
-1.581362038179866403e+01
-1.578220235620248424e+01
-1.560190327632241036e+01
-1.570860844752687946e+01
-1.566306285774937912e+01
-1.575480552871605511e+01
-1.583933351115504351e+01
-1.588992518252177888e+01
-1.621420098585656433e+01
-1.623124452080548963e+01
-1.623919311709588342e+01
-1.652742247006567311e+01
-1.654221587370328095e+01
-1.680668478649185715e+01
-1.711367992596071019e+01
-1.718283329201116416e+01
-1.740106393293499210e+01
-1.746821190078022212e+01
-1.746908097547002114e+01
-1.751303132592862255e+01
-1.748751371696494061e+01
-1.735153031117355837e+01
-1.739567470357572887e+01
-1.709917273896878953e+01
-1.727966132231341589e+01
-1.735162362828030069e+01
-1.729269010624479108e+01
-1.727206251589323927e+01
-1.744385910544183815e+01
-1.750617067117341463e+01
-1.740730811100779007e+01
-1.747893076219879305e+01
-1.764253919796974301e+01
-1.755332436406688856e+01
-1.734962320497712440e+01
-1.730763436564366486e+01
-1.742235384822655320e+01
-1.741535265288599987e+01
-1.739329563274801060e+01
-1.728626709808461115e+01
-1.735125111898479844e+01
-1.764783087351134583e+01
-1.750110204275224746e+01
-1.747314531687988648e+01
-1.770431968623006824e+01
-1.751990740721684503e+01
-1.747157852727347915e+01
-1.731364773696806481e+01
-1.708472004436737990e+01
-1.722793063618080112e+01
-1.743686281019228090e+01
-1.737202253161229848e+01
-1.730413428653765351e+01
-1.714542509997746933e+01
-1.706446592279938201e+01
-1.700084080160166877e+01
-1.689011941815302364e+01
-1.684077330668131367e+01
-1.661258852349936177e+01
-1.665212653359249373e+01
-1.640985485507143693e+01
-1.628780997351392656e+01
-1.630101074166028141e+01
-1.633918041540337995e+01
-1.626008480266323630e+01
-1.611683973271713555e+01
-1.618398287268537672e+01
-1.601993069756105825e+01
-1.598051937822755342e+01
-1.572505104452257108e+01
-1.546184059314870041e+01
-1.532279953816648010e+01
-1.520245624657644612e+01
-1.528264977088097432e+01
-1.532764414140916998e+01
-1.537819342899455677e+01
-1.539442752853870289e+01
-1.568871313426599734e+01
-1.580558045952995805e+01
-1.574871169044683228e+01
-1.590412083467247051e+01
-1.608450257567749375e+01
-1.599943741471574654e+01
-1.581781894619746964e+01
-1.596596317226741668e+01
-1.612861678718375913e+01
-1.628488952976226756e+01
-1.622012041907737512e+01
-1.616605215172440069e+01
-1.644777994486538830e+01
-1.628701342200924529e+01
-1.624598471379206543e+01
-1.649215957234976315e+01
-1.661500815895897532e+01
-1.662022006463131518e+01
-1.678205472775035290e+01
-1.691176161786747656e+01
-1.699636828575082248e+01
-1.712267156743384078e+01
-1.692342844571416904e+01
-1.694502625801681006e+01
-1.720712828960548535e+01
-1.734660995711430331e+01
-1.717749766279157697e+01
-1.735909590787030155e+01
-1.717148645368468607e+01
-1.716044365615763567e+01
-1.727931355058505503e+01
-1.726246466631306120e+01
-1.731061855668785654e+01
-1.709369649092769805e+01
-1.726846419316425241e+01
-1.738956287905661569e+01
-1.762974242123824808e+01
-1.759475095218108720e+01
-1.770300646503714503e+01
-1.778361111144909046e+01
-1.789521460752870041e+01
-1.786856862608011909e+01
-1.781392111107962606e+01
-1.798333823077931370e+01
-1.815379296199383319e+01
-1.828715015456176118e+01
-1.841426685127106566e+01
-1.823465412217974091e+01
-1.817580195524152487e+01
-1.801902570693740913e+01
-1.786817691192049296e+01
-1.795925932217291532e+01
-1.774958077753924002e+01
-1.727645441995797526e+01
-1.727312590550827665e+01
-1.727538049232086692e+01
-1.757372386463105585e+01
-1.739057862462503934e+01
-1.742836893544527399e+01
-1.764102223624108490e+01
-1.774546631630818894e+01
-1.774509418765401492e+01
-1.771446088483687120e+01
-1.766069920351514000e+01
-1.764179489149761437e+01
-1.761551025970892681e+01
-1.739959267306458557e+01
-1.731144969890256391e+01
-1.757820916196142491e+01
-1.781956484463950829e+01
-1.784261152181835541e+01
-1.792740238507932915e+01
-1.805113500516741709e+01
-1.795467694668409564e+01
-1.788131096845793522e+01
-1.775330380504167849e+01
-1.769629453050112033e+01
-1.782626452160269181e+01
-1.796863528471404692e+01
-1.783202002494038396e+01
-1.785383540373972266e+01
-1.775766815892140826e+01
-1.782619999261457622e+01
-1.781637726232396801e+01
-1.792415505417328347e+01
-1.799903135018246658e+01
-1.799566626986266371e+01
-1.823679993491593265e+01
-1.836212838473852216e+01
-1.846077780292306869e+01
-1.852980347580328058e+01
-1.865729885972921309e+01
-1.847602063986294851e+01
-1.864246144115083226e+01
-1.874263339379902860e+01
-1.869261162213587824e+01
-1.875999772659544007e+01
-1.883385871356903252e+01
-1.895754945726082497e+01
-1.893331340250171735e+01
-1.896147407699377041e+01
-1.892214880175726677e+01
-1.876687959058532940e+01
-1.884014360558331447e+01
-1.902507873117504644e+01
-1.905577710215646903e+01
-1.925415168798696897e+01
-1.924968460135679393e+01
-1.913159067065993213e+01
-1.905688256262835267e+01
-1.900489949508095577e+01
-1.910011294901569556e+01
-1.892065848580960363e+01
-1.856902524258164178e+01
-1.845135193716278721e+01
-1.851739099251820875e+01
-1.839143871727038260e+01
-1.852087198773602239e+01
-1.863756209570914280e+01
-1.884941763744794585e+01
-1.880945311329896441e+01
-1.896391642058513582e+01
-1.894330231746621962e+01
-1.877571714642747125e+01
-1.869127053711301301e+01
-1.857330000126774650e+01
-1.871984047553760888e+01
-1.870643645203180583e+01
-1.854502713462407826e+01
-1.845012267590298549e+01
-1.838236089444205845e+01
-1.858407803031556327e+01
-1.869793341131900632e+01
-1.863945051790072682e+01
-1.854925615356550850e+01
-1.846509336354708708e+01
-1.839359478098671374e+01
-1.862905699802045945e+01
-1.866664078156814810e+01
-1.879550734220786978e+01
-1.886168222328415567e+01
-1.882830790210523730e+01
-1.886108354136405296e+01
-1.865296088408392450e+01
-1.853776504509297141e+01
-1.832676997062341684e+01
-1.802401228429765112e+01
-1.808965883484956905e+01
-1.808784998555030299e+01
-1.807644769696797482e+01
-1.812015111121483812e+01
-1.823598961807199004e+01
-1.804883673734166294e+01
-1.766782463362478950e+01
-1.764027232724367877e+01
-1.755548431702975165e+01
-1.755232793449981799e+01
-1.754567984074725473e+01
-1.786909927615499782e+01
-1.779127633101613171e+01
-1.761448256620862551e+01
-1.732882582367339808e+01
-1.739903918749226008e+01
-1.759341470414238984e+01
-1.753984651841301456e+01
-1.781631201016463351e+01
-1.782757464935179570e+01
-1.782941182153460247e+01
-1.770204235879221244e+01
-1.757879161801900381e+01
-1.752742699093135315e+01
-1.760310239865055237e+01
-1.773294778702858565e+01
-1.757065203059170955e+01
-1.764118927114789770e+01
-1.781474720221542896e+01
-1.789562420353437844e+01
-1.778367196898716074e+01
-1.742707887574253434e+01
-1.729977715309090058e+01
-1.717635410873598900e+01
-1.713828980950714254e+01
-1.686456619067352491e+01
-1.667985945679487969e+01
-1.685770402833171744e+01
-1.684378134048526121e+01
-1.698323944844981526e+01
-1.715551656276139525e+01
-1.714609403522732478e+01
-1.732686418895197278e+01
-1.750475211466638470e+01
-1.748630457130629168e+01
-1.736880931735986877e+01
-1.723879774737162052e+01
-1.718057130793168241e+01
-1.704431439534970849e+01
-1.708869862575244625e+01
-1.699526856438926359e+01
-1.708183998386880376e+01
-1.714723850475770206e+01
-1.713974854293068972e+01
-1.729198384680905320e+01
-1.709960307901161514e+01
-1.711479066017132311e+01
-1.691261385664267891e+01
-1.688980124112811154e+01
-1.697678960347700894e+01
-1.696350900199403000e+01
-1.685441210245205212e+01
-1.675803436277342939e+01
-1.659936898085251400e+01
-1.670571648842753376e+01
-1.692329591584555715e+01
-1.691911410100418678e+01
-1.666060068134489924e+01
-1.671698185243851853e+01
-1.658395623314193656e+01
-1.687067845587570147e+01
-1.698767914603076790e+01
-1.708499352683133310e+01
-1.685766124654062637e+01
-1.653338678735653744e+01
-1.646639821564228257e+01
-1.664098940795447845e+01
-1.645835879622382691e+01
-1.658189299304868669e+01
-1.666879708039753893e+01
-1.670928137696442306e+01
-1.653657652890025886e+01
-1.648746400423220138e+01
-1.640715074043118094e+01
-1.640870430129800894e+01
-1.645876808417357751e+01
-1.643412014058551662e+01
-1.642089186585939586e+01
-1.652258770700108670e+01
-1.656429186376831453e+01
-1.672000720926020634e+01
-1.694844646411216615e+01
-1.688772248266315046e+01
-1.692445373589806223e+01
-1.684513240856581717e+01
-1.697696695012247048e+01
-1.701495910738124451e+01
-1.705842954125331801e+01
-1.702159184672991543e+01
-1.697203919792147886e+01
-1.717132078299736975e+01
-1.729056469109946192e+01
-1.718111318208107718e+01
-1.737405133972847793e+01
-1.754965542410737811e+01
-1.755810308950132992e+01
-1.775619096295509536e+01
-1.764161002382538967e+01
-1.753583648592546140e+01
-1.754179213041878427e+01
-1.767011532285458131e+01
-1.785359157365492067e+01
-1.805406835608694749e+01
-1.817416142161139092e+01
-1.812471104904722452e+01
-1.807943368939115203e+01
-1.804956179358058321e+01
-1.813575925465050531e+01
-1.826698201988697079e+01
-1.855006730830726625e+01
-1.858941698578224688e+01
-1.855416058684783565e+01
-1.883208015448430217e+01
-1.888715414308017770e+01
-1.906100436121399966e+01
-1.907919553585093198e+01
-1.901653433847764774e+01
-1.871222105697137295e+01
-1.872189236968804593e+01
-1.881250869856168606e+01
-1.892749659254583605e+01
-1.898289417980139149e+01
-1.911746953980242480e+01
-1.908528139721921235e+01
-1.914623150612222346e+01
-1.906001081068527725e+01
-1.922226346073360048e+01
-1.944824984828414571e+01
-1.953705158264736141e+01
-1.981159423199315839e+01
-1.981212185563547123e+01
-1.985693851733054061e+01
-1.998911154597392326e+01
-2.013896697710100980e+01
-2.021397977801272816e+01
-2.025177816975368472e+01
-2.015103661737992979e+01
-2.001806585701272567e+01
-2.003396756310865356e+01
-2.005138358540632026e+01
-2.021386594975110995e+01
-2.035203908671506667e+01
-2.045365159314959769e+01
-2.046953962024512919e+01
-2.012006874881875973e+01
-2.006258404108861271e+01
-2.001205956794985497e+01
-1.979256746546846912e+01
-1.980023032952607309e+01
-1.994419008278857675e+01
-1.991802493649648298e+01
-2.006927711163774575e+01
-2.024247699886233676e+01
-2.034796074597197091e+01
-2.034082262508444217e+01
-2.039034492849669533e+01
-2.050948324732173589e+01
-2.035596167781647381e+01
-2.000775812827378886e+01
-1.971138291019754618e+01
-1.959117135375280228e+01
-1.958093482912594041e+01
-1.964438616450234321e+01
-1.966827685067903531e+01
-1.957711669927697784e+01
-1.932952539521028257e+01
-1.907500377552896609e+01
-1.899933052190150917e+01
-1.933273519650640537e+01
-1.956446814589287087e+01
-1.965872601107965068e+01
-1.971254404283898509e+01
-1.981825033549601756e+01
-1.992422404716878148e+01
-1.995566773446281772e+01
-2.007983438765718986e+01
-2.005088624534795372e+01
-2.000547585243640469e+01
-2.023526520890875702e+01
-2.036486586255682951e+01
-2.046931545920948281e+01
-2.046559426731498377e+01
-2.039045487748056118e+01
-2.015242129058895415e+01
-1.992811483928127458e+01
-2.021280503281284169e+01
-2.023764247212138656e+01
-2.023790013686702238e+01
-2.043073628262695252e+01
-2.039788199721332163e+01
-2.021308415688168481e+01
-2.025331717919680230e+01
-2.019850304049329637e+01
-1.993433900344685128e+01
-2.013351300516523423e+01
-2.025240673726171536e+01
-2.036007692973997862e+01
-2.027377317505807142e+01
-2.029896762035579272e+01
-2.015882874137635028e+01
-2.002901058876236462e+01
-2.018501039320098300e+01
-2.035218476458477355e+01
-2.026242600350220613e+01
-2.015634191483103166e+01
-1.977596767500580910e+01
-2.000557378500193195e+01
-2.011623671084478460e+01
-2.045576614333624832e+01
-2.058579325844510421e+01
-2.036140606663945363e+01
-2.049896956531337366e+01
-2.044668988692925993e+01
-2.048291996007252180e+01
-2.041674385027323524e+01
-2.022700009242683095e+01
-2.027217242360764260e+01
-2.016892253757126596e+01
-2.003013025463558705e+01
-2.008935797527122702e+01
-2.004737954135984879e+01
-2.002967517370149153e+01
-1.997042924192417956e+01
-2.010578666465962172e+01
-2.019971800055621358e+01
-2.019593165153469272e+01
-2.020288047324321212e+01
-2.036209652678025961e+01
-2.036982480937778561e+01
-2.051156728846113353e+01
-2.060881765767784657e+01
-2.077144286903545378e+01
-2.080605249110325872e+01
-2.063447657845419059e+01
-2.070635682510756226e+01
-2.076552269204844947e+01
-2.058375243841155111e+01
-2.036896035114283166e+01
-2.049525462455483549e+01
-2.027864967659785833e+01
-2.031213377990950519e+01
-2.034186452226731134e+01
-2.033002472653048187e+01
-2.012717610093027787e+01
-2.014411718310307364e+01
-2.007216791260496791e+01
-2.014915660661786845e+01
-2.006238254868952353e+01
-1.994671909289098366e+01
-1.993830699088366032e+01
-2.009070290614666376e+01
-1.992298981979474348e+01
-1.977924196993228989e+01
-1.976297514471223238e+01
-1.983522017569633533e+01
-1.984125268048082447e+01
-1.955655110893858861e+01
-1.953558632713816223e+01
-1.937944045039249730e+01
-1.905042269393322130e+01
-1.874990106551423708e+01
-1.853078216891778496e+01
-1.839419397847442283e+01
-1.848180472339774383e+01
-1.831596814801516970e+01
-1.834281672340180691e+01
-1.838906351865909983e+01
-1.846581281745597636e+01
-1.836448690273244111e+01
-1.850307283653508605e+01
-1.852095307884552966e+01
-1.851408365385412225e+01
-1.845568148248393214e+01
-1.827268323412600637e+01
-1.809684469820330932e+01
-1.792397688104421150e+01
-1.786791144562842248e+01
-1.770325028825504532e+01
-1.766271936593989977e+01
-1.765695377576604841e+01
-1.783678346561192285e+01
-1.801418622751347343e+01
-1.787603906471339599e+01
-1.761208079931771309e+01
-1.763062297222815289e+01
-1.752484805307997817e+01
-1.756567721199784060e+01
-1.735179657033376088e+01
-1.728181772440504105e+01
-1.717101616500993089e+01
-1.717055188560975409e+01
-1.699923377638478073e+01
-1.699888411336577931e+01
-1.689949555950584070e+01
-1.679837390126011698e+01
-1.693577224330213582e+01
-1.709297998499293669e+01
-1.708458651911652382e+01
-1.695765275429035412e+01
-1.693994067916906943e+01
-1.680012951559103840e+01
-1.689834472547839539e+01
-1.692291843086162828e+01
-1.697752538937597322e+01
-1.683028876125253603e+01
-1.696575422465057059e+01
-1.715074754655665856e+01
-1.700142259845193848e+01
-1.683130734794260874e+01
-1.680004587226738977e+01
-1.701216808966136540e+01
-1.711894688205329729e+01
-1.700175277854453881e+01
-1.686833653969167202e+01
-1.691006926831933299e+01
-1.706597674628407546e+01
-1.685807587458776524e+01
-1.685155806843736315e+01
-1.685615267414082652e+01
-1.638505785487612698e+01
-1.633800564141700562e+01
-1.613462170510864624e+01
-1.628609290393571385e+01
-1.639960602977993531e+01
-1.642559330570439258e+01
-1.655013690014608230e+01
-1.660075918481365065e+01
-1.655104739073564346e+01
-1.637682152031312910e+01
-1.617823603289589940e+01
-1.620973815461666234e+01
-1.609427701060349136e+01
-1.574966888214026994e+01
-1.561006151263448238e+01
-1.586618419732648810e+01
-1.611231221967130267e+01
-1.600755098326791170e+01
-1.624398948114432883e+01
-1.625751733702649915e+01
-1.624102066913719966e+01
-1.612118707092983172e+01
-1.636369833192079781e+01
-1.648205865095549782e+01
-1.675436515450004649e+01
-1.671797061362928360e+01
-1.684999217778023706e+01
-1.673020992568795862e+01
-1.678735462892860042e+01
-1.691950758327250526e+01
-1.696954713675725657e+01
-1.706582492625856418e+01
-1.672716476462554169e+01
-1.658107216893945690e+01
-1.644188497974306529e+01
-1.675085244202118417e+01
-1.701058161843558025e+01
-1.685315113843136103e+01
-1.670964144705851595e+01
-1.632857963258437195e+01
-1.641420334528518410e+01
-1.636607565095158279e+01
-1.638562275333694984e+01
-1.666385268291505284e+01
-1.673441971162773356e+01
-1.689609943204967735e+01
-1.710553594525902099e+01
-1.705944467138047926e+01
-1.719702591051643026e+01
-1.715866045347925350e+01
-1.722951403418304395e+01
-1.739051612321524232e+01
-1.755788698998069819e+01
-1.773213451911270511e+01
-1.780477614620625459e+01
-1.777573737018614963e+01
-1.805822226520881912e+01
-1.817406248672631364e+01
-1.796111981013642023e+01
-1.774128861996280193e+01
-1.762344633065085020e+01
-1.759278599956827094e+01
-1.760073937651266363e+01
-1.761764127094650334e+01
-1.751398702843749788e+01
-1.736559620607478394e+01
-1.732968745252458120e+01
-1.709908289239328028e+01
-1.691921431265946651e+01
-1.693485409543018605e+01
-1.658956747278845967e+01
-1.652284529170749749e+01
-1.651788269260014630e+01
-1.648634055638347462e+01
-1.630857538542259988e+01
-1.631243053272841692e+01
-1.637620796817702740e+01
-1.655661049159918718e+01
-1.669033732409068804e+01
-1.645822423220356256e+01
-1.649039252986419157e+01
-1.663118443329461726e+01
-1.684272191102323646e+01
-1.693280874958617943e+01
-1.697494782005233205e+01
-1.689436995457785073e+01
-1.681355233147485961e+01
-1.675601783762622787e+01
-1.661037084025292643e+01
-1.650143493185659338e+01
-1.639597970046752806e+01
-1.633732322602810427e+01
-1.638525694618449080e+01
-1.653792456423088453e+01
-1.651589050968681960e+01
-1.659364238421781224e+01
-1.641603552729198157e+01
-1.663539916615781422e+01
-1.660829943233576955e+01
-1.659734655198544928e+01
-1.664012477835221659e+01
-1.662689770212932672e+01
-1.668792088041565691e+01
-1.666753968217184223e+01
-1.666418936911891535e+01
-1.680759203809115476e+01
-1.673624182883408551e+01
-1.691201471950071422e+01
-1.678332841156553457e+01
-1.694142211884708260e+01
-1.706603540233474448e+01
-1.710680129463639076e+01
-1.689462874544213733e+01
-1.672760126927860469e+01
-1.673819193596686716e+01
-1.691281996863025583e+01
-1.693262923334482295e+01
-1.701288334818932313e+01
-1.711109338865632523e+01
-1.695536152438221222e+01
-1.710646316397026823e+01
-1.725079206188396697e+01
-1.741453440195227387e+01
-1.725769212747744064e+01
-1.730177471085967511e+01
-1.723776902568490854e+01
-1.725360552559103766e+01
-1.720552676964247851e+01
-1.722817727398740928e+01
-1.717215036990014809e+01
-1.722367700245316868e+01
-1.702291278739581415e+01
-1.674486363667540090e+01
-1.693003221657462021e+01
-1.693282286528523883e+01
-1.703299886829242027e+01
-1.717267086383716901e+01
-1.723723286759169682e+01
-1.728101684577991648e+01
-1.731303882188050025e+01
-1.717854500190062694e+01
-1.712065315520936792e+01
-1.719839710452128401e+01
-1.722511327968349804e+01
-1.743900968497198178e+01
-1.731071463668501309e+01
-1.748134617290709514e+01
-1.759236519969234180e+01
-1.754546972828224582e+01
-1.754382311861439803e+01
-1.757171485117890342e+01
-1.744070436334324370e+01
-1.741213133467272556e+01
-1.749722112309205713e+01
-1.762565883362711006e+01
-1.760906412959417011e+01
-1.758952721588991608e+01
-1.772392036922854430e+01
-1.782030807232846215e+01
-1.789082512892010968e+01
-1.788966690065846876e+01
-1.801514219640183256e+01
-1.802384984391757072e+01
-1.794105890063231712e+01
-1.786407355576936595e+01
-1.772790532296543731e+01
-1.779499479533591000e+01
-1.752739459784759646e+01
-1.727674268445521832e+01
-1.698395951984557328e+01
-1.679727068826096570e+01
-1.670584523105891961e+01
-1.660604622768194716e+01
-1.667768372860719595e+01
-1.655082260816877593e+01
-1.645013983242590072e+01
-1.640304051943031993e+01
-1.638157801184333096e+01
-1.630999066852509216e+01
-1.645473140104880017e+01
-1.638011125972699844e+01
-1.626563687914253009e+01
-1.641990592578296315e+01
-1.644897663418625910e+01
-1.632036554891052305e+01
-1.609499244718078614e+01
-1.616768230532840533e+01
-1.613374160743227392e+01
-1.623193193504710408e+01
-1.625625143099358638e+01
-1.626893957275298419e+01
-1.622184095706622031e+01
-1.602692903869365537e+01
-1.603148374020742750e+01
-1.590908352110425206e+01
-1.594549468326553310e+01
-1.594678987698286754e+01
-1.611811570029482255e+01
-1.635780662622217108e+01
-1.639348934553858683e+01
-1.624495828239695427e+01
-1.610550347285908401e+01
-1.596734699946229874e+01
-1.594421680148261444e+01
-1.593104707434087430e+01
-1.590075743859888036e+01
-1.599039486030542889e+01
-1.597199465097907733e+01
-1.563837909848059127e+01
-1.554323269765847293e+01
-1.577008093327970961e+01
-1.571661087177493776e+01
-1.575185690466244992e+01
-1.585374245267165882e+01
-1.606301984038717023e+01
-1.620522089636066454e+01
-1.647703194082045641e+01
-1.657574598837853230e+01
-1.626586159980525537e+01
-1.613156142236621449e+01
-1.630842291312965386e+01
-1.653961549189035907e+01
-1.661355817731862672e+01
-1.679827269653571875e+01
-1.662073045362738455e+01
-1.656968210532394892e+01
-1.646547903978619587e+01
-1.637268699157149499e+01
-1.621878274209003834e+01
-1.632953279991881601e+01
-1.627211138067795559e+01
-1.622624138412353645e+01
-1.616017653259434184e+01
-1.602285572054730167e+01
-1.628920554700493994e+01
-1.636544733238051563e+01
-1.658056908495125725e+01
-1.664062048770075819e+01
-1.658957052910686158e+01
-1.638401643838386690e+01
-1.628527150206310381e+01
-1.648996198423774118e+01
-1.644666617453540169e+01
-1.642916482012475399e+01
-1.670830063391716536e+01
-1.682666496889680730e+01
-1.686954458318852446e+01
-1.687711722744808895e+01
-1.723010526120566510e+01
-1.728894682612759937e+01
-1.723784554622333332e+01
-1.725517670101729095e+01
-1.718761754899725247e+01
-1.712751406695247525e+01
-1.712606414051493431e+01
-1.696746199919877540e+01
-1.676314024755798116e+01
-1.674681462365708029e+01
-1.681278770246846932e+01
-1.670667800985532025e+01
-1.659873555196737271e+01
-1.651258050858060145e+01
-1.649924016474742317e+01
-1.654991236358368667e+01
-1.663733356512578254e+01
-1.659123046466495310e+01
-1.660481564865834159e+01
-1.665748898814902290e+01
-1.662051279950630445e+01
-1.648079596541488456e+01
-1.648422976344757629e+01
-1.645422330611284423e+01
-1.660485543934577990e+01
-1.668554859927670009e+01
-1.662287103787188158e+01
-1.662754363398296675e+01
-1.678020924443147166e+01
-1.685062294196944777e+01
-1.670865825911567626e+01
-1.676117464797304990e+01
-1.687435027939881493e+01
-1.711124717257530392e+01
-1.712366141184967461e+01
-1.697368399833941766e+01
-1.709526796701687701e+01
-1.715822019530757458e+01
-1.729148519793945482e+01
-1.714285682334122640e+01
-1.711959614612883129e+01
-1.711815825226085153e+01
-1.709029083122820580e+01
-1.707331785083703934e+01
-1.692942265575101146e+01
-1.727031298573710316e+01
-1.750797227138393808e+01
-1.732587079883766634e+01
-1.748966199087274731e+01
-1.745828195067462474e+01
-1.765731275769622854e+01
-1.770830490533000301e+01
-1.787959167282538075e+01
-1.789913285268425724e+01
-1.790450800493346861e+01
-1.785938671045515136e+01
-1.787743220881933937e+01
-1.779797853450416412e+01
-1.787462205372476376e+01
-1.796131604374196300e+01
-1.797735439217704823e+01
-1.809067032555135057e+01
-1.815983863433125833e+01
-1.845261087986822091e+01
-1.837773498359750590e+01
-1.856965006885242531e+01
-1.853485776555460873e+01
-1.828772247047525923e+01
-1.811496614006835060e+01
-1.829652731488963369e+01
-1.849934249864583080e+01
-1.861543863902000595e+01
-1.854624528602609956e+01
-1.843277683945829892e+01
-1.846126710024658024e+01
-1.840847905735324019e+01
-1.835249844917975537e+01
-1.847679716661605909e+01
-1.880581635615246583e+01
-1.893560944463617091e+01
-1.905684047787100610e+01
-1.919371690442554268e+01
-1.910454497651321404e+01
-1.925302016687024675e+01
-1.936731011657318291e+01
-1.942045401722568698e+01
-1.933165256523555087e+01
-1.906414635876670616e+01
-1.885822612603331905e+01
-1.893571175468850143e+01
-1.894957068046723236e+01
-1.896300052514599344e+01
-1.916432319921490546e+01
-1.934673630537241351e+01
-1.962500664914701787e+01
-1.980868994669244287e+01
-1.994164781081809679e+01
-1.980629695236881460e+01
-1.976821369058584565e+01
-1.954000297089613980e+01
-1.909456851691819068e+01
-1.896547569002146716e+01
-1.893291611363231297e+01
-1.908542582189258496e+01
-1.910733176164889713e+01
-1.916969245420107271e+01
-1.928577014726630523e+01
-1.948635564128501585e+01
-1.947829445447406727e+01
-1.947218288589651181e+01
-1.952029709327008078e+01
-1.959119608695284143e+01
-1.973208982400130651e+01
-1.976737423739809429e+01
-1.982041863526044878e+01
-1.989088516627251835e+01
-1.996789342333537220e+01
-2.003032726726187107e+01
-2.017397079720984010e+01
-2.005147451768637268e+01
-2.022582382057062489e+01
-2.018926764546658958e+01
-2.007056767184017687e+01
-2.004143385779762809e+01
-2.003630461212203073e+01
-2.015339393294191694e+01
-2.006838732896670763e+01
-2.005791561932936062e+01
-2.006220060316955411e+01
-2.022246430626896796e+01
-2.027411771405830976e+01
-2.010670666245054861e+01
-1.991188050865144277e+01
-1.976305478107720148e+01
-1.986475147749568748e+01
-1.981058943498923952e+01
-1.973728403079927318e+01
-1.981863929388595480e+01
-1.989997638949121495e+01
-1.991711766772375825e+01
-2.005748540955460513e+01
-2.014850978722801500e+01
-2.013807054958370912e+01
-1.998893394574035653e+01
-1.987221911255235796e+01
-1.977244476661146066e+01
-1.974438882094442249e+01
-1.960428410443985214e+01
-1.955623294125956946e+01
-1.983667356011763161e+01
-1.985034195872874108e+01
-1.970348390613323275e+01
-1.965070333025292726e+01
-1.963708325917809105e+01
-1.963060024483406352e+01
-1.971621088893033402e+01
-1.983579724148943058e+01
-1.995394827939371396e+01
-1.991653292837476030e+01
-1.986432981730390068e+01
-1.992239266692508437e+01
-2.015122793594189332e+01
-2.032539901286311590e+01
-2.030022489637802607e+01
-2.025110913231714704e+01
-2.031812047416014977e+01
-2.023440358143773565e+01
-2.019935893514101366e+01
-2.008308015116719147e+01
-2.014486172385371887e+01
-2.009938410213402094e+01
-2.030227360902344103e+01
-2.044110455358472578e+01
-2.041231567761759180e+01
-2.025041056056994648e+01
-2.039714138804917809e+01
-2.034777927682606347e+01
-2.017382246102345178e+01
-1.992135799044511657e+01
-2.010650856902826433e+01
-1.999201969297165959e+01
-1.981708813143515258e+01
-1.975495269958234701e+01
-1.962954413136408505e+01
-1.946014722475563019e+01
-1.956655493532797152e+01
-1.956977044002147537e+01
-1.961470877790434031e+01
-1.965324792075119475e+01
-1.982079231449291967e+01
-2.006134382869458932e+01
-2.018431717814072712e+01
-2.047942141769666691e+01
-2.040035735122155103e+01
-2.045992162098041689e+01
-2.039311607127294579e+01
-2.022566310635667364e+01
-2.045716489737655763e+01
-2.056296994522449140e+01
-2.082465621357900787e+01
-2.096261650307744517e+01
-2.089704059519232260e+01
-2.108988321397199783e+01
-2.109062610238046531e+01
-2.100021342336154717e+01
-2.090487202213835261e+01
-2.090781439837454414e+01
-2.071113316526403381e+01
-2.098689673041623394e+01
-2.091341719491790485e+01
-2.081229882737598302e+01
-2.077407437693291925e+01
-2.087859171961941485e+01
-2.102669254380676378e+01
-2.106287355412278828e+01
-2.105727301301330101e+01
-2.109250487175520661e+01
-2.111749686695537420e+01
-2.109367497106552491e+01
-2.116389023832323346e+01
-2.123306449614316094e+01
-2.105965686758744582e+01
-2.095135748289586175e+01
-2.103990175677212804e+01
-2.085157471230571247e+01
-2.056750656032224001e+01
-2.086700675023152129e+01
-2.093173933029371270e+01
-2.080955843252403881e+01
-2.061324096147422580e+01
-2.064968638317796135e+01
-2.074144554739116941e+01
-2.072420209516313605e+01
-2.076545194630138624e+01
-2.071993737841505379e+01
-2.063659180326853004e+01
-2.076240277633617737e+01
-2.090154104747280783e+01
-2.088285004684321677e+01
-2.086457660959111138e+01
-2.091853857603952704e+01
-2.084815234650007199e+01
-2.086229811755777774e+01
-2.090243346906393995e+01
-2.092986164242951475e+01
-2.085929550754580930e+01
-2.099587868702986881e+01
-2.104232523865520932e+01
-2.115211722462457189e+01
-2.111526704393823195e+01
-2.113517448201183058e+01
-2.104152285811033352e+01
-2.092389335435622399e+01
-2.086237727498258465e+01
-2.116540108801302367e+01
-2.146184221524357838e+01
-2.143089250806008295e+01
-2.142794044856080049e+01
-2.132132406405029812e+01
-2.151557762619539460e+01
-2.172530602353134199e+01
-2.201913774679426794e+01
-2.177333948524118412e+01
-2.183957338863172737e+01
-2.174307086219511831e+01
-2.166780966026823663e+01
-2.175579176803055148e+01
-2.194140461546148302e+01
-2.214284934467577770e+01
-2.215795702044551163e+01
-2.218022408680407764e+01
-2.209794546260938120e+01
-2.201130427620472574e+01
-2.202314247285912430e+01
-2.206606308362143665e+01
-2.235963994572921010e+01
-2.244054618655017563e+01
-2.253633540562570303e+01
-2.256369490382076748e+01
-2.258785534682099794e+01
-2.257309937282816747e+01
-2.267189879879941117e+01
-2.273774070488074273e+01
-2.257493436919276064e+01
-2.250838968733310352e+01
-2.251453056012334031e+01
-2.233860706313582511e+01
-2.224968954696510792e+01
-2.215391747304931158e+01
-2.205416088025663157e+01
-2.196208284458349524e+01
-2.189283950457368277e+01
-2.163729157248723922e+01
-2.181891262389706299e+01
-2.183899893822283289e+01
-2.184672455299177329e+01
-2.186530182236244357e+01
-2.170397729884122739e+01
-2.180561021350574791e+01
-2.174951529896395286e+01
-2.174659091739970762e+01
-2.166849631821212085e+01
-2.165078613328154944e+01
-2.153307753345545805e+01
-2.147494283751716182e+01
-2.133177611300523324e+01
-2.134684010571442769e+01
-2.135727229890026635e+01
-2.142253011570235444e+01
-2.119884480369574220e+01
-2.115042128824261880e+01
-2.115895820574209552e+01
-2.120983850955770222e+01
