-4.353804043907583132e-01
-5.325951241217511400e-01
-5.857616114321667622e-01
-6.274625393963461084e-01
-6.094658340570319188e-01
-5.884833891113959714e-01
-6.056734289200735866e-01
-6.172123040217192269e-01
-6.172667420969197849e-01
-6.310407552664719644e-01
-6.089782622540736989e-01
-6.191756272490842594e-01
-6.244879951056181433e-01
-6.304933869217598241e-01
-6.245657470869878658e-01
-6.253694417854547272e-01
-6.019785404723483335e-01
-6.245857517403645698e-01
-5.849253394493553193e-01
-6.406728473973647420e-01
-6.448647452950081460e-01
-6.408475819471075585e-01
-6.433191564129188134e-01
-6.447708895749115765e-01
-6.031846886317409062e-01
-6.452080628912181259e-01
-6.383874199269414795e-01
-6.309175469533797598e-01
-6.167576276126547352e-01
-6.279017052453284009e-01
-6.212265021537834997e-01
-6.137374308562083547e-01
-6.205061990182609843e-01
-6.306771848803762737e-01
-6.374570227905758113e-01
-6.151482595444115464e-01
-6.177906834414368387e-01
-6.080244907549173794e-01
-6.371380349766863072e-01
-6.102661713261289256e-01
-6.144932371198809085e-01
-5.911888519876533632e-01
-6.073408233808071932e-01
-6.428289110472622525e-01
-6.308173595704508196e-01
-6.052887073153589981e-01
-5.918729907645323696e-01
-6.004819271784411772e-01
-6.065121777788136104e-01
-6.126576262476846058e-01
-6.233686138605071259e-01
-5.988479620565021477e-01
-6.082938314770647281e-01
-5.869271775109171640e-01
-6.265163807459070977e-01
-5.982442142584258882e-01
-5.939309733996802620e-01
-5.968031993625861897e-01
-6.047485063055260124e-01
-5.789583470596715298e-01
-5.826688129188254406e-01
-5.829241724802116664e-01
-5.947637401887891917e-01
-6.032313431322311459e-01
-5.957181680026901738e-01
-5.931660391442092894e-01
-5.843277704849108023e-01
-5.758100390949807412e-01
-5.809922912681346752e-01
-5.821765093747509612e-01
-5.702958785747318515e-01
-5.947131658008879551e-01
-5.906114601017273813e-01
-5.690922977033927577e-01
-5.706360127890710565e-01
-5.829358034740349526e-01
-5.787182899240446154e-01
-5.773799214590098483e-01
-5.681831063016665739e-01
-5.827058230215075296e-01
-5.658864126958821350e-01
-5.787828142048800917e-01
-5.614932448746599025e-01
-5.784229003736774954e-01
-5.580045409569106551e-01
-5.659160987880008653e-01
-5.523978449199019591e-01
-5.643516804762421790e-01
-5.753784302465789757e-01
-5.444032302214023566e-01
-5.562078251255020422e-01
-5.751786238067517765e-01
-5.557474660982973935e-01
-5.561600623131134347e-01
-5.572015456267948030e-01
-5.690374188773805741e-01
-5.439554650009835735e-01
-5.508698464510608517e-01
-5.431780901138604234e-01
-5.528682446004855588e-01
-5.450905631146510943e-01
-5.410533134242019315e-01
-5.506257560041838417e-01
-5.261840869299843071e-01
-5.588059266879423781e-01
-5.508481694484453906e-01
-5.444488858717904112e-01
-5.387838649293010818e-01
-5.289674719004442416e-01
-5.447666890266932294e-01
-5.455805556789496968e-01
-5.315512340408756753e-01
-5.290996821791492666e-01
-5.375825662010389472e-01
-5.456755309041145807e-01
-5.395099046662946707e-01
-5.323704069776894476e-01
-5.347949628651994525e-01
-5.160544868278008623e-01
-5.290050155557740608e-01
-5.388202078194305189e-01
-5.322462225803298308e-01
-5.237911780156382369e-01
-5.198028598788625443e-01
-5.153262708324261032e-01
-5.129595101758759323e-01
-5.135791591974796511e-01
-5.093329653480065389e-01
-5.094208785154779040e-01
-5.135675328535245221e-01
-5.023434849082039078e-01
-5.142735978751404868e-01
-4.984791265171562014e-01
-5.009045674283585381e-01
-4.959972931584611944e-01
-5.025304297810464504e-01
-4.944219345606986060e-01
-4.842440515395359801e-01
-4.846589679853146038e-01
-4.855902938955030113e-01
-4.898554355369799662e-01
-4.830159531953166496e-01
-4.760484715464317063e-01
-4.737748630701421604e-01
-4.798419164050691244e-01
-4.755021311704752396e-01
-4.701706957714104629e-01
-4.730744945128895207e-01
-4.705262467953394978e-01
-4.549156134278249386e-01
-4.580512146377742067e-01
-4.630321070793965710e-01
-4.580281369196135266e-01
-4.564664702671723528e-01
-4.534256062199260029e-01
-4.464143583591715370e-01
-4.506971150515026725e-01
-4.485353654403620993e-01
-4.515878606469363454e-01
-4.428187075078064971e-01
-4.319315548804614213e-01
-4.288303205927199713e-01
-4.411447589908319422e-01
-4.295590278565408759e-01
-4.267267975148489878e-01
-4.301226270767628534e-01
-4.242220605896525054e-01
-4.274807261799371538e-01
-4.208661237414115242e-01
-4.215338463420903459e-01
-4.239656467346095692e-01
-4.207821367797046630e-01
-4.178343953662557730e-01
-4.141714962664850841e-01
-4.157694116187389266e-01
-4.077691199966329005e-01
-4.082521256103053275e-01
-4.039902858751480696e-01
-4.036121231170632928e-01
-4.034212082341324113e-01
-4.072746018308339711e-01
-4.053926307712505395e-01
-4.045645224020921749e-01
-3.978149672839148554e-01
-4.002444932509048314e-01
-3.959274353463972940e-01
-3.966134409053128085e-01
-3.938531049692732822e-01
-3.910507874639803649e-01
-3.916961714990716548e-01
-3.889742552258137476e-01
-3.924819586044920872e-01
-3.929465793105679783e-01
-3.874237934791600058e-01
-3.855245897727781479e-01
-3.796553633605850298e-01
-3.818245429798652335e-01
-3.855096668957389561e-01
-3.845948474361533531e-01
-3.801137766879454372e-01
-3.777522116907778837e-01
-3.801243026562171057e-01
-3.785198992977114596e-01
-3.700128511026710143e-01
-3.710112419979298970e-01
-3.666034394510160332e-01
-3.736128478800806452e-01
-3.675434132616341998e-01
-3.647351515983809911e-01
-3.645417914968835937e-01
-3.598464027190368952e-01
-3.590748909963017432e-01
-3.572219740356303852e-01
-3.528779427095898313e-01
-3.554538086092500215e-01
-3.533201923533306754e-01
-3.492671323067768618e-01
-3.522738694491076572e-01
-3.488166245805905952e-01
-3.494491915469022381e-01
-3.451523541965972885e-01
-3.459095698793122065e-01
-3.446810651468745768e-01
-3.421954098337751660e-01
-3.431489964544831572e-01
-3.384796413921056235e-01
-3.410484297680682619e-01
-3.410056215465164797e-01
-3.359517227160917496e-01
-3.341061491756633917e-01
-3.368108835737495532e-01
-3.343542168861732833e-01
-3.317042975988728770e-01
-3.306881203966212102e-01
-3.311653747445166829e-01
-3.284805133243680064e-01
-3.270548659679897163e-01
-3.266981598560638744e-01
-3.217562208739512819e-01
-3.205669795551933099e-01
-3.196495907051479790e-01
-3.207295034759161112e-01
-3.200989608525568464e-01
-3.196008286577862734e-01
-3.161003949296152804e-01
-3.161381563460516908e-01
-3.109862625141106562e-01
-3.096175260032083543e-01
-3.118861611217305096e-01
-3.078319369544066930e-01
-3.056695174979768836e-01
-3.026538831218235082e-01
-3.024941209784457463e-01
-3.039839868573874782e-01
-3.012099766660805145e-01
-3.007463943901327319e-01
-2.992853995838720138e-01
-2.956318305294778348e-01
-2.934567149742961512e-01
-2.933700894325435016e-01
-2.929392874125940072e-01
-2.961560822231572576e-01
-2.884926874087785365e-01
-2.880104219938597332e-01
-2.898489886131176974e-01
-2.863823703598984416e-01
-2.890309190521143101e-01
-2.855504474283003802e-01
-2.811280943258358533e-01
-2.788650361260915922e-01
-2.820448903816457076e-01
-2.798220040120042995e-01
-2.813807097073079966e-01
-2.750890565903914009e-01
-2.793256691118273238e-01
-2.772671193662614719e-01
-2.746708450951840241e-01
-2.749371309413555231e-01
-2.671239707664327945e-01
-2.710123808131372769e-01
-2.683261972950079510e-01
-2.708684092661455267e-01
-2.667091119293050205e-01
-2.654105775070743078e-01
-2.692565304644616297e-01
-2.631524505484854615e-01
-2.630829291761607180e-01
-2.659309843031909537e-01
-2.601697819423236524e-01
-2.629164114541420183e-01
-2.572706172046954620e-01
-2.568253537424491917e-01
-2.557657165999320803e-01
-2.517147678292963597e-01
-2.508704586696808292e-01
-2.496646069731172091e-01
-2.521506926183363362e-01
-2.488805652823171677e-01
-2.482082339865696596e-01
-2.447071794393593791e-01
-2.453355551362772502e-01
-2.427811537153234944e-01
-2.434028566923158721e-01
-2.411438654839050955e-01
-2.403246221423707141e-01
-2.387039823398131588e-01
-2.350759617220448128e-01
-2.359283755139487404e-01
-2.369814756626693608e-01
-2.353236098287023736e-01
-2.349595162354938260e-01
-2.296858775329226887e-01
-2.325756941181116311e-01
-2.350479931625759633e-01
-2.314059196442772581e-01
-2.322660451313285357e-01
-2.327208236787416951e-01
-2.342705190939047277e-01
-2.286166593978409267e-01
-2.271204103650239503e-01
-2.272110956247264113e-01
-2.251612988387190484e-01
-2.262232145177209830e-01
-2.298118806078410792e-01
-2.271490162027394177e-01
-2.258527479589944598e-01
-2.234019092565260323e-01
-2.243669483115615648e-01
-2.208975812069500222e-01
-2.236401761278430378e-01
-2.232891081918815246e-01
-2.231332948836186603e-01
-2.223068301587005635e-01
-2.209670170882658269e-01
-2.190697359001596567e-01
-2.155684454029831443e-01
-2.139805223440385262e-01
-2.125617076514210169e-01
-2.114621086123742444e-01
-2.071949212392683037e-01
-1.998148517186217887e-01
-1.994347128419766690e-01
-1.994264938587297920e-01
-1.943637468507208865e-01
-1.944113954889283846e-01
-1.899978885644557636e-01
-1.873971015666215933e-01
-1.847413038170691024e-01
-1.829327582675173147e-01
-1.817174959593605976e-01
-1.767721106321200608e-01
-1.723036987814072774e-01
-1.710804794046190125e-01
-1.672256795520317141e-01
-1.656046318017301289e-01
-1.602262553890900776e-01
-1.617179877079641948e-01
-1.597190938075088162e-01
-1.551878545040921153e-01
-1.544676676491780754e-01
-1.514418650432673985e-01
-1.476144329877291383e-01
-1.453659300186807002e-01
-1.470992648212208209e-01
-1.466289234307014411e-01
-1.488267095056459155e-01
-1.424951519937334155e-01
-1.379602468089444756e-01
-1.376560787384653040e-01
-1.376183488329489890e-01
-1.357414276507284967e-01
-1.339735729954254495e-01
-1.326269677895908217e-01
-1.329265367980099199e-01
-1.369366568492278446e-01
-1.306507971460586504e-01
-1.290256461301941826e-01
-1.296270933738572495e-01
-1.260221098446727694e-01
-1.262608774288658253e-01
-1.223917115728383465e-01
-1.223798435089387127e-01
-1.251944917967415805e-01
-1.236216173614570479e-01
-1.208902265496094586e-01
-1.212874790480249487e-01
-1.195231227717021838e-01
-1.156632824923820024e-01
-1.175519882210656064e-01
-1.186212920555806960e-01
-1.170245125832725108e-01
-1.174776806082649117e-01
-1.175205478118499514e-01
-1.168006441982720744e-01
-1.125660278128295388e-01
-1.121937765124938480e-01
-1.139746767917779735e-01
-1.158900567384337776e-01
-1.153711541552073783e-01
-1.143049943625635834e-01
-1.098299714977644115e-01
-1.051212106991243900e-01
-1.048103610068942260e-01
-1.025417955998992880e-01
-1.054702818571291445e-01
-1.067768021450872240e-01
-1.074934409647827493e-01
-1.089795453203317166e-01
-1.102720921322157821e-01
-1.066734520400869357e-01
-1.047587705484795961e-01
-1.038347929832212913e-01
-1.025107389991593010e-01
-1.045764748743005512e-01
-1.059492629202969383e-01
-1.028263507168487578e-01
-1.024565581224932131e-01
-1.074424165982641455e-01
-1.106727835539764726e-01
-1.008839892132131766e-01
-9.814918790636451007e-02
-9.654666511466025725e-02
-9.207138118245694614e-02
-8.784845679793562567e-02
-7.922211351407870694e-02
-7.016295835599350994e-02
-6.421222887884159292e-02
-5.651812136324707581e-02
-5.311564089789211351e-02
-4.810078944567219850e-02
-4.477884780391949704e-02
-4.676150656202437972e-02
-4.561971723546420776e-02
-4.514453183475808373e-02
-4.472210577037305512e-02
-4.657743452634477421e-02
-4.710899528016287974e-02
-4.545024624611482267e-02
-4.582763220612218191e-02
-4.744421541989929381e-02
-4.863172556896522281e-02
-4.705828298204473015e-02
-4.930333189589042320e-02
-4.899831057641090837e-02
-4.710281204259114674e-02
-5.007276035492580490e-02
-5.089367423008006597e-02
-4.885064036534014775e-02
-5.108394872634391959e-02
-4.959124725805441614e-02
-4.971673837129575446e-02
-5.077316177407098508e-02
-5.244076694303423380e-02
-5.546475201628187079e-02
-5.475782346361857122e-02
-5.489937674429334891e-02
-5.466451701084462655e-02
-5.680038204807047464e-02
-5.813140587725040831e-02
-5.701128619897488647e-02
-5.978677672909338270e-02
-5.768449719240464901e-02
-5.850474252061843572e-02
-5.802504235400984811e-02
-5.698197556887674153e-02
-5.603937817750814787e-02
-5.567098410141024800e-02
-5.578243371832058983e-02
-5.472247182548528599e-02
-5.614479866974164679e-02
-5.508784632140351079e-02
-5.422402657891378652e-02
-5.238781274198611726e-02
-5.357629616512316062e-02
-5.223184738556607698e-02
-5.251617985655876453e-02
-5.178678400047687092e-02
-5.124962067506011465e-02
-5.175182047667803431e-02
-5.076444991959316866e-02
-5.107134907856725192e-02
-4.998869895845459155e-02
-4.985411784382343114e-02
-5.007444340477906763e-02
-4.901026572356670385e-02
-4.886251933194429853e-02
-4.814888638343983729e-02
-4.899776604372529931e-02
-4.745886167992452442e-02
-4.837860790873715899e-02
-4.656866981513108072e-02
-4.623206563057191687e-02
-4.665224142089741122e-02
-4.661795709305316393e-02
-4.605183894756326168e-02
-4.550595968549231429e-02
-4.557707468436689169e-02
-4.540740932402265173e-02
-4.502619736577084808e-02
-4.501230254945465248e-02
-4.547333882656445780e-02
-4.559973031945041555e-02
-4.424801143434731188e-02
-4.585327730959765091e-02
-4.480604354861839056e-02
-4.555225409651875168e-02
-4.470251719488871345e-02
-4.470522499580109610e-02
-4.447117465175409734e-02
-4.441118614971095724e-02
-4.496086566758350500e-02
-4.462783996898167516e-02
-4.469757199299539963e-02
-4.463314703788245907e-02
-4.461332403336815133e-02
-4.499449633802221626e-02
-4.428390052886665984e-02
-4.453623302049081190e-02
-4.506432767425216923e-02
-4.479665193241899601e-02
-4.457547675818585020e-02
-4.430956311883083032e-02
-4.524252838304487767e-02
-4.585239710184563222e-02
-4.534152447086903237e-02
-4.590777082716268609e-02
-4.521626073272688728e-02
-4.560233113851364095e-02
-4.581561081269036606e-02
-4.519410328430684132e-02
-4.657871646066524818e-02
-4.591394052875141796e-02
-4.518391752749995049e-02
-4.622695579930891085e-02
-4.631057116490744363e-02
-4.506596466896883868e-02
-4.606830607695489022e-02
-4.439502243204085374e-02
-4.494233876015485407e-02
-4.575273418577019413e-02
-4.383141042237337359e-02
-4.518801652476156505e-02
-4.504820398156983430e-02
-4.495923136532109510e-02
-4.496316190596516549e-02
-4.517503170952608116e-02
-4.463744820762904908e-02
-4.544891881840396053e-02
-4.510597815598327287e-02
-4.537944310246011526e-02
-4.494084186095737010e-02
-4.534505733374238901e-02
-4.501707116306086220e-02
-4.425872104295347498e-02
-4.455322579815135242e-02
-4.457163254142137987e-02
-4.420854052451250737e-02
-4.450369697816647374e-02
-4.492901136609361856e-02
-4.454174629225082782e-02
-4.505329472776775646e-02
-4.434597052547317730e-02
-4.415765850950048588e-02
-4.450112035155839862e-02
-4.399235473531604157e-02
-4.491638175904988373e-02
-4.453323352445970329e-02
-4.445463161376927985e-02
-4.396467226687761354e-02
-4.380748028569225738e-02
-4.465799240088852429e-02
-4.341591581770831709e-02
-4.410838348562329259e-02
-4.426277581233417635e-02
-4.330823019611340641e-02
-4.368979728264843487e-02
-4.428851059120564315e-02
-4.388683467796727911e-02
-4.418704655837935036e-02
-4.446140183808022783e-02
-4.412085453702907500e-02
-4.402577365863447056e-02
-4.493320363875863421e-02
-4.432158894261828408e-02
-4.485059307445116161e-02
-4.435521587033974811e-02
-4.356296571582518595e-02
-4.426548073807889949e-02
-4.386226600366960326e-02
-4.346318885118716224e-02
-4.372585521759297933e-02
-4.351558731524463042e-02
-4.357543672426000825e-02
-4.393678591023064683e-02
-4.377865510632972246e-02
-4.355593251887679429e-02
-4.359194706373958894e-02
-4.325062808014479288e-02
-4.327266043873834178e-02
-4.282579480407555650e-02
-4.322774186003552899e-02
-4.268204684398746451e-02
-4.285287966860096276e-02
-4.286033498272345810e-02
-4.317742790405887376e-02
-4.292702809581161461e-02
-4.344250985267716914e-02
-4.329855229654988591e-02
-4.333362256159034587e-02
-4.368532771563060635e-02
-4.320742228514529160e-02
-4.268665415610861658e-02
-4.341239574557764769e-02
-4.315995025368568605e-02
-4.310507720940304210e-02
-4.343626523931565231e-02
-4.361449092669911209e-02
-4.296701094759214357e-02
-4.247365556156967870e-02
-4.284897650584706952e-02
-4.266669227792796448e-02
-4.289692245410847704e-02
-4.284065740008280443e-02
-4.235327554799805938e-02
-4.238116172024053441e-02
-4.289640834984975726e-02
-4.312771784102231720e-02
-4.250168721226366131e-02
-4.269466887704709279e-02
-4.281156543337871767e-02
-4.217334388641091891e-02
-4.256464299797535489e-02
-4.215438527483694742e-02
-4.189048064132627758e-02
-4.250330050740735999e-02
-4.181702428399525218e-02
-4.177509393737377508e-02
-4.214528436140430045e-02
-4.177369268282760117e-02
-4.154677015479535385e-02
-4.139643167761608566e-02
-4.097334937002194977e-02
-4.170626987614411973e-02
-4.190009787005966047e-02
-4.118639095454845744e-02
-4.140619528063904653e-02
-4.160948516666884700e-02
-4.162303953515067434e-02
-4.146662782217447329e-02
-4.110331803563482822e-02
-4.118388987646781629e-02
-4.104517634869253584e-02
-4.056742860816608953e-02
-4.123131066103002951e-02
-4.063082195062062141e-02
-4.101520939274561073e-02
-4.161990960516348537e-02
-4.132546219768773454e-02
-4.024776429754073348e-02
-4.090933501771676362e-02
-4.093323372924473347e-02
-4.025614335115257347e-02
-4.006280284358609833e-02
-4.055083502508338711e-02
-4.071891641034586229e-02
-4.063234586404274040e-02
-4.038748357332000438e-02
-4.003398693791293539e-02
-4.022475121576896129e-02
-4.020842532982893403e-02
-3.954801038091559917e-02
-4.017388905714369685e-02
-3.975326029653913906e-02
-3.993768811181741540e-02
-3.972359439411654591e-02
-3.910245888726127106e-02
-4.022957441392538414e-02
-3.951060525222960251e-02
-3.986019365451465291e-02
-3.912755154902303190e-02
-3.930266531483539438e-02
-3.913155694936687468e-02
-3.942124771363353375e-02
-3.885336846669051880e-02
-3.919560352919937429e-02
-3.894106634717164894e-02
-3.927630464130071886e-02
-3.904546850189483109e-02
-3.904147697912918602e-02
-3.864069646124601576e-02
-3.921298572694453810e-02
-3.902438247159079054e-02
-3.878089524192063209e-02
-3.857450349792035382e-02
-3.892104820091901729e-02
-3.913735117262628904e-02
-3.843159306543064702e-02
-3.810403672164852651e-02
-3.824489627533012026e-02
-3.864239320708140468e-02
-3.846296029603823996e-02
-3.829647674490654907e-02
-3.789725648408825975e-02
-3.783248855275811451e-02
-3.788447269391514993e-02
-3.787959672664342747e-02
-3.777843949074455310e-02
-3.793235379449289013e-02
-3.762011213369298446e-02
-3.781260617380954869e-02
-3.771779653247442354e-02
-3.747488669242482473e-02
-3.757987442345278595e-02
-3.762197479160978020e-02
-3.777375071275024254e-02
-3.728185600709643666e-02
-3.748668005748889698e-02
-3.740357343626143916e-02
-3.728483921968894776e-02
-3.742221419707902896e-02
-3.749170732356787994e-02
-3.759245951753964476e-02
-3.718032347944699723e-02
-3.735638499494520204e-02
-3.727162342276724161e-02
-3.709110895146316977e-02
-3.701971042304030846e-02
-3.701354932769973516e-02
-3.672248988555359972e-02
-3.703966262320168568e-02
-3.660340078385360130e-02
-3.676289789066355951e-02
-3.693109120289950198e-02
-3.660462807398445761e-02
-3.607797205005347507e-02
-3.612038803161787826e-02
-3.647602568493635289e-02
-3.620401124712824270e-02
-3.628967814751682397e-02
-3.641370749901895465e-02
-3.622209168352341635e-02
-3.629613358882721741e-02
-3.592103329378204535e-02
-3.582680950087357985e-02
-3.562359825710181838e-02
-3.581982044048803715e-02
-3.557088439978972616e-02
-3.550435116762873378e-02
-3.538934468646459663e-02
-3.579457840660182910e-02
-3.557193464256425131e-02
-3.535769078184269887e-02
-3.547907752910983703e-02
-3.518076969263628229e-02
-3.495896686647359530e-02
-3.533819818509709165e-02
-3.540043206369603013e-02
-3.515939525905498186e-02
-3.474645174494472855e-02
-3.474295299088581146e-02
-3.530197373880561429e-02
-3.499417054851150510e-02
-3.519571237771135230e-02
-3.483784711894344355e-02
-3.457126683682876234e-02
-3.457095892394068670e-02
-3.465924377533724510e-02
-3.477781627323395242e-02
-3.448945224152044631e-02
-3.492128793936899456e-02
-3.424209148366230693e-02
-3.438984609808581894e-02
-3.445511697258396566e-02
-3.425970416586920919e-02
-3.389903235978142249e-02
-3.412609941027699989e-02
-3.422886092025301252e-02
-3.416958635360156649e-02
-3.377422314821654226e-02
-3.370685080859470162e-02
-3.375242326009608718e-02
-3.353999209297953144e-02
-3.378699709571275633e-02
-3.368225863114737706e-02
-3.376392624539104048e-02
-3.416231433939120876e-02
-3.353031423113872478e-02
-3.348213986244008566e-02
-3.358146233253300750e-02
-3.351304299441526524e-02
-3.334159434521666299e-02
-3.383915217615118820e-02
-3.346452480135653218e-02
-3.332812241112748097e-02
-3.331746828807435890e-02
-3.331195654749663504e-02
-3.325259844827410660e-02
-3.318958799437687901e-02
-3.322390781607964527e-02
-3.311305148365839557e-02
-3.307781878607052306e-02
-3.307152519951728209e-02
-3.288906326286866744e-02
-3.305567308961876449e-02
-3.276231285653619096e-02
-3.246247740749996780e-02
-3.241565706809979019e-02
-3.258623708681795961e-02
-3.233924837101831429e-02
-3.260517068572355015e-02
-3.190413863221408519e-02
-3.243958924816148226e-02
-3.224051481975376277e-02
-3.214333485452858241e-02
-3.215883764271332268e-02
-3.199904284105681285e-02
-3.237585977520218705e-02
-3.176475019683433487e-02
-3.221112398953973610e-02
-3.203328379969949680e-02
-3.186350010484950701e-02
-3.196983830237698498e-02
-3.168549262549991141e-02
-3.189986096714214625e-02
-3.185966903089987312e-02
-3.165225379746861023e-02
-3.181213326201426383e-02
-3.172114907528555960e-02
-3.160260978425810663e-02
-3.164892758829740416e-02
-3.143774875243732225e-02
-3.141468793145829608e-02
-3.147466504429452527e-02
-3.147324394694095417e-02
-3.131915817470165564e-02
-3.153933395481978152e-02
-3.107916315187431167e-02
-3.122973735349177105e-02
-3.123773294555398650e-02
-3.115439673233488804e-02
-3.094256326500754994e-02
-3.131768938916046352e-02
-3.118458324652095826e-02
-3.099084844508670500e-02
-3.087967510417932715e-02
-3.090698460079810417e-02
-3.100382533041745603e-02
-3.095771353397669401e-02
-3.115214737221716490e-02
-3.090270532573935469e-02
-3.078067729946187825e-02
-3.069534136976859173e-02
-3.078487512938465898e-02
-3.071081428372135491e-02
-3.065596834571415741e-02
-3.081749277436518497e-02
-3.055198732270181239e-02
-3.044696629416154821e-02
-3.057017620719904016e-02
-3.053251050659255839e-02
-3.055433147536490424e-02
-3.084761373489186553e-02
-3.038515631694682639e-02
-3.014011978301933681e-02
-3.028698542707441987e-02
-3.041868595610175419e-02
-3.023736311158575774e-02
-3.035151460410911994e-02
-3.022798014913785636e-02
-3.065421094806186630e-02
-3.009887986328863008e-02
-3.024827488882486648e-02
-2.987395677686777162e-02
-3.002885467982085999e-02
-2.956286925057938220e-02
-2.993044013769541323e-02
-2.989940020819759070e-02
-2.981455258729326374e-02
-2.980515245925108303e-02
-2.984517386838714259e-02
-2.994249878577459612e-02
-2.991339349736410469e-02
-2.979898687863791196e-02
-2.937954523226693482e-02
-2.962283878286431360e-02
-2.993680640469253973e-02
-2.971183834965707149e-02
-2.951987500734265524e-02
-2.937850511599648939e-02
-2.957048715568078023e-02
-2.914969887912732815e-02
-2.936283960274099769e-02
-2.902723580812960336e-02
-2.932568790380774004e-02
-2.909754212742932111e-02
-2.918670662551647865e-02
-2.917356487548605770e-02
-2.902268534767848962e-02
-2.917649356824014717e-02
-2.904722277895466220e-02
-2.938003071414740930e-02
-2.897793001713200312e-02
-2.916090918556779599e-02
-2.918645007978692973e-02
-2.907902642732018705e-02
-2.883092021744459998e-02
-2.902025012335407439e-02
-2.912207883098894001e-02
-2.904886845670340279e-02
-2.908986731743823384e-02
-2.906156667589421261e-02
-2.890208774654912105e-02
-2.888367979580674927e-02
-2.869498486231858436e-02
-2.852840805428158433e-02
-2.869730016900007286e-02
-2.852657380328427195e-02
-2.870029018031683421e-02
-2.860514866383212507e-02
-2.867454655055023949e-02
-2.849354861964137342e-02
-2.855582821554225603e-02
-2.848187856185102618e-02
-2.865248548575927146e-02
-2.847671879777635695e-02
-2.866100594258025325e-02
-2.859863116696459429e-02
-2.869746234688985709e-02
-2.861659966884833040e-02
-2.853619537348617285e-02
-2.843264964275071804e-02
-2.817528197014151914e-02
-2.837092922822570529e-02
-2.854815781709074685e-02
-2.843634035020148332e-02
-2.827538920470562545e-02
-2.824128148500726354e-02
-2.839701149039086658e-02
-2.853701171575995232e-02
-2.802061479255080201e-02
-2.802640067770489907e-02
-2.804487165255942216e-02
-2.809778299937715218e-02
-2.797596159732584908e-02
-2.825811478400908072e-02
-2.815711700429179842e-02
-2.805354609535637422e-02
-2.806765041371050984e-02
-2.802029713667408828e-02
-2.807316609426013798e-02
-2.804380864010980190e-02
-2.790142450544674801e-02
-2.768226216527569505e-02
-2.787945155227511407e-02
-2.809662554297798209e-02
-2.790473189656417219e-02
-2.801547903358159175e-02
-2.774339414650839331e-02
-2.789775227202362373e-02
-2.786918977833163780e-02
-2.799804699064800673e-02
-2.797021317653669570e-02
-2.795870195155192306e-02
-2.770080909202388142e-02
-2.798616932788444700e-02
-2.802476678287657563e-02
-2.770213152788336686e-02
-2.755437842232844048e-02
-2.753269262506297110e-02
-2.751548677313042646e-02
-2.760783613829609351e-02
-2.770456291647249714e-02
-2.762779366772782907e-02
-2.741097017694915650e-02
-2.759357174203369567e-02
-2.747404838321454434e-02
-2.763709135191927402e-02
-2.734537670070746884e-02
-2.769556549467555584e-02
-2.750290280073564020e-02
-2.748112683415016022e-02
-2.735586375582865770e-02
-2.719992974133944585e-02
-2.734827751805735119e-02
-2.718076863854079761e-02
-2.739860115622771985e-02
-2.732664935313966481e-02
-2.727104294189963696e-02
-2.704231298392922866e-02
-2.718605920307481938e-02
-2.688361713741649339e-02
-2.721205279871874438e-02
-2.705937308440820033e-02
-2.704444268835715093e-02
-2.695144458459530767e-02
-2.691632014734324230e-02
-2.710744481502391778e-02
-2.727285363831200016e-02
-2.721738684165408984e-02
-2.703276330149595452e-02
-2.700177860981334277e-02
-2.692060188622846795e-02
-2.680935485258650885e-02
-2.687523941503489056e-02
-2.704579526896111474e-02
-2.682122300707412421e-02
-2.653285385544990049e-02
-2.643694671805718599e-02
-2.679967721957154936e-02
-2.673105003499109955e-02
-2.658668368434380369e-02
-2.649706100881576987e-02
-2.655668886179629595e-02
-2.661490835094504348e-02
-2.676734082195686426e-02
-2.671861078981585536e-02
-2.630382816350795849e-02
-2.650484091420235444e-02
-2.656559260505098052e-02
-2.653883831823833361e-02
-2.663960916462215778e-02
-2.665080325763824476e-02
-2.654813839837100176e-02
-2.648644114309028907e-02
-2.649259946489390671e-02
-2.647395450404133044e-02
-2.643927872720475136e-02
-2.621963597804732871e-02
-2.630960806036863886e-02
-2.624274396044334878e-02
-2.641044341921450211e-02
-2.646499055380946430e-02
-2.636705164799213463e-02
-2.616889505569108820e-02
-2.637603028839929920e-02
-2.624489709169441909e-02
-2.640970776326856395e-02
-2.647605728379875956e-02
-2.621327804891837587e-02
-2.612493983602970360e-02
-2.614221280673234560e-02
-2.617387635186840811e-02
-2.617800965268290980e-02
-2.615529152434170612e-02
-2.618360316601009430e-02
-2.594191367273168680e-02
-2.601645327550095033e-02
-2.601639445690562269e-02
-2.598211065735522851e-02
-2.594137087616044113e-02
-2.617631981114421080e-02
-2.604322657820645759e-02
-2.612925971598567543e-02
-2.600566055942454824e-02
-2.586527311093167469e-02
-2.585140684682318835e-02
-2.591915097933572554e-02
-2.584946701993651175e-02
-2.584390817344850433e-02
-2.587374973045442061e-02
-2.562993686687242700e-02
-2.596123635135416663e-02
-2.578276289857939219e-02
-2.571603956863555140e-02
-2.566239707021278349e-02
-2.583190152192482714e-02
-2.582713140853520883e-02
-2.584176805265858690e-02
-2.556437991640159169e-02
-2.557514521264359075e-02
-2.551863291362455044e-02
-2.560673471836505399e-02
-2.560915209803305004e-02
-2.558127843013036085e-02
-2.565738799804151427e-02
-2.545864867531477671e-02
-2.550918256459588918e-02
-2.553635210892934992e-02
-2.558185140505830901e-02
-2.531548084964718726e-02
-2.558073177308184398e-02
-2.539451894492916750e-02
-2.538017133644565604e-02
-2.557988019694068527e-02
-2.518807038019321709e-02
-2.529303760804779699e-02
-2.550600056198071286e-02
-2.531316188978216530e-02
-2.527428823449007211e-02
-2.518557103039320566e-02
-2.530994600353420054e-02
-2.501167340821730534e-02
-2.516570837814668948e-02
-2.505007737873921059e-02
-2.502755652658272822e-02
-2.507843303696066783e-02
-2.504457105233637293e-02
-2.503499762014538277e-02
-2.509234067073595753e-02
-2.483890232048313607e-02
-2.497069287557529549e-02
-2.495307201938246067e-02
-2.480478615558912026e-02
-2.479080530336652544e-02
-2.485208121582083152e-02
-2.487868040492102750e-02
-2.472670499381646181e-02
-2.468397429719626501e-02
-2.478997209741162777e-02
-2.477097256981863893e-02
-2.491284552530359520e-02
-2.471166331340857170e-02
-2.473844369409583521e-02
-2.469574966422261042e-02
-2.499211547607504968e-02
-2.467917028318122874e-02
-2.453614188785468997e-02
-2.471211160926944927e-02
-2.464392832450634785e-02
-2.458420966140462127e-02
-2.460917759084590983e-02
-2.448774708398726574e-02
-2.459704986187727371e-02
-2.449830818601839155e-02
-2.443666241761555113e-02
-2.481241957823066002e-02
-2.470874134934852862e-02
-2.470534546570757328e-02
-2.450927585202133940e-02
-2.452396224045205742e-02
-2.440008869204213227e-02
-2.449845016307872214e-02
-2.461168099685195898e-02
-2.449745608646747286e-02
-2.439090268229460179e-02
-2.436932475590669611e-02
-2.436652430798069702e-02
-2.434250140184257560e-02
-2.429540146226738528e-02
-2.440597409415978802e-02
-2.443007490704474094e-02
-2.426990760879377262e-02
-2.437830308478083907e-02
-2.447643291792456210e-02
-2.420550611483918146e-02
-2.415493770392451722e-02
-2.403601506748209715e-02
-2.415598382097616792e-02
-2.403839249715389315e-02
-2.425098587346319334e-02
-2.408845902567069430e-02
-2.420229867708734162e-02
-2.428299235399666856e-02
-2.420918134157545865e-02
-2.429130427405912229e-02
-2.399687964054475486e-02
-2.427041099590621087e-02
-2.423225204333423477e-02
-2.416637517572173266e-02
-2.392288168453671204e-02
-2.392965481022812924e-02
-2.413839433080422481e-02
-2.393046564978629220e-02
-2.394538052744632495e-02
-2.388891274247750829e-02
-2.389150171415987955e-02
-2.387204271522325172e-02
-2.378150984764282327e-02
-2.372502249234376137e-02
-2.381551342715226838e-02
-2.377737847962446693e-02
-2.370430848327220730e-02
-2.366599771941402253e-02
-2.365988885073644354e-02
-2.391050308227704591e-02
-2.374672959817747397e-02
-2.384545284321948344e-02
-2.370166709584342613e-02
-2.375367334909750383e-02
-2.383570882659569179e-02
-2.392593115601915343e-02
-2.381511331784214036e-02
-2.370168196123945137e-02
-2.366248819247651625e-02
-2.370502639436455894e-02
-2.365293665022072389e-02
-2.362822952973697710e-02
-2.380361712504974747e-02
-2.384354441945379932e-02
-2.366775590221426029e-02
-2.381612160863522121e-02
-2.380025857284628898e-02
-2.365777998880780331e-02
-2.358650206174228714e-02
-2.363620303459601502e-02
-2.356931712371412857e-02
-2.385611563704781446e-02
-2.375409321355537173e-02
-2.366047226234968548e-02
-2.379842576088098127e-02
-2.389056275364342952e-02
-2.356838328451704712e-02
-2.382742757097755515e-02
-2.358675382466479675e-02
-2.363197791614002341e-02
-2.366496004018614485e-02
-2.368121640108000747e-02
-2.370116749127060274e-02
-2.345171409441171306e-02
-2.360634577764475495e-02
-2.363602868968328607e-02
-2.367045331623707227e-02
-2.351640778788866015e-02
-2.357932529072837013e-02
-2.356021772576433193e-02
-2.354209637207471673e-02
-2.364655823436745408e-02
-2.371799169898558546e-02
-2.370366951375491027e-02
-2.373140382104566015e-02
-2.379707374613015958e-02
-2.364167110382897619e-02
-2.362206230818486574e-02
-2.364108398210529316e-02
-2.353775586585804547e-02
-2.362979067515436071e-02
-2.374038969252367792e-02
-2.354358978698378735e-02
-2.367657060863415097e-02
-2.358015649516254086e-02
-2.367273037533745850e-02
-2.348736368866255475e-02
-2.350738286601483651e-02
-2.361587767759765200e-02
-2.356809693892625290e-02
-2.355892074333354458e-02
-2.349668214400058019e-02
-2.335889550537917358e-02
-2.339299505378455990e-02
-2.343545933437329865e-02
-2.341564544459551200e-02
-2.340296100630023801e-02
-2.337609744919610932e-02
-2.349733084437755082e-02
-2.350736434102262962e-02
-2.356004326741700794e-02
-2.376214745666960226e-02
-2.361012687671504295e-02
-2.365160701831303669e-02
-2.377731236497027112e-02
-2.373777321479764169e-02
-2.374087731232066290e-02
-2.353138614846717047e-02
-2.373372867366807526e-02
-2.366428280650989535e-02
-2.364112261936579529e-02
-2.378860891841583225e-02
-2.365367765142956102e-02
-2.371550409187328512e-02
-2.369851470712713848e-02
-2.362093649733676415e-02
-2.362832820676707968e-02
-2.365827149195265378e-02
-2.374563383655292625e-02
-2.361427987989728194e-02
-2.357125324890763096e-02
-2.365110516096358140e-02
-2.344120921121106704e-02
-2.362589556590233286e-02
-2.335789122286868746e-02
-2.350859904360635966e-02
-2.366048779213070219e-02
-2.373003067344559014e-02
-2.344055246041332197e-02
-2.362166805365450983e-02
-2.354113378474576024e-02
-2.351556866229653764e-02
-2.340885407306991794e-02
-2.345478757639352096e-02
-2.341637277145824925e-02
-2.348840310131361520e-02
-2.358882977009102433e-02
-2.365753837266293402e-02
-2.369510677915087626e-02
-2.368486034308503463e-02
-2.363589007407274067e-02
-2.363724719046800260e-02
-2.361198442187717461e-02
-2.365726161624959190e-02
-2.364215751380172037e-02
-2.362519199751211829e-02
-2.364075397674270107e-02
-2.377736217633952265e-02
-2.356701156504659167e-02
-2.376749433884928209e-02
-2.355133258275543540e-02
-2.364458758552689943e-02
-2.352475279341970094e-02
-2.361631291004950839e-02
-2.355311138440718821e-02
-2.365937438113530078e-02
-2.378548835515914561e-02
-2.356544984844788360e-02
-2.362976164825880687e-02
-2.381037013663522828e-02
-2.360041417815583742e-02
-2.373577476103427841e-02
-2.387325678008256347e-02
-2.382503450848361126e-02
-2.346255753920623022e-02
-2.386630647613152689e-02
-2.363969628791728894e-02
-2.350472044742613065e-02
-2.354186340088038065e-02
-2.364399552686347050e-02
-2.370328814987221477e-02
-2.376565889728166070e-02
-2.367632092786919884e-02
-2.358080118117911184e-02
-2.351233888293435825e-02
-2.358105089110651420e-02
-2.350225053020427168e-02
-2.363008057118509697e-02
-2.367040152513144591e-02
-2.351613264735963327e-02
-2.361030022549126528e-02
-2.354266547994576797e-02
-2.362725187068726029e-02
-2.342351562256350661e-02
-2.352121030736675777e-02
-2.343036908250439865e-02
-2.342826910745543501e-02
-2.340671749720346639e-02
-2.346468793110823015e-02
-2.360432783619437203e-02
-2.351541149760549843e-02
-2.342420807822964690e-02
-2.358890123026569086e-02
-2.344013793569388326e-02
-2.337288898550582417e-02
-2.353591177099811915e-02
-2.342486289358447493e-02
-2.359810035617204704e-02
-2.360538505056553049e-02
-2.340588482140582016e-02
-2.367624488571618002e-02
-2.346115751782740233e-02
-2.332223363788799020e-02
-2.345464827878096514e-02
-2.348532805703928972e-02
-2.351049122488912957e-02
-2.336540988292146181e-02
-2.342451421811109213e-02
-2.342524295378733967e-02
-2.332788784506334423e-02
-2.349506259666700458e-02
-2.350783042000514911e-02
-2.344118866361988296e-02
-2.337608246837596937e-02
-2.326267574974849595e-02
-2.359578301077291940e-02
-2.334957566358220049e-02
-2.328760670412410860e-02
-2.336684483734607909e-02
-2.355033002695172684e-02
-2.338775067718845690e-02
-2.345350281334468434e-02
-2.343099999380271470e-02
-2.339988663918912692e-02
-2.354406962533417413e-02
-2.348192292193829189e-02
-2.344751823821944470e-02
-2.350723780640340266e-02
-2.338699544792355312e-02
-2.352661314258241987e-02
-2.338300990882213881e-02
-2.361902292801953962e-02
-2.348889830584788285e-02
-2.349628167006834190e-02
-2.354073402505374446e-02
-2.367665426275422647e-02
-2.349191839128117465e-02
-2.347444273720888930e-02
-2.356771016710190736e-02
-2.344176821331167559e-02
-2.362664796129898548e-02
-2.362034611671504081e-02
-2.352825634032384983e-02
-2.361657587478216414e-02
-2.359264798912175110e-02
-2.362665881162140380e-02
-2.362494970101369773e-02
-2.360157395202033825e-02
-2.378327444914063449e-02
-2.365845883410067074e-02
-2.355109620263995396e-02
-2.355273405817825960e-02
-2.365858153495370431e-02
-2.371109352047895413e-02
-2.359450181813649294e-02
-2.349021521340777241e-02
-2.375497668151194119e-02
-2.378613360609271865e-02
-2.375123104059806423e-02
-2.363642251517372728e-02
-2.370293046269544845e-02
-2.378466357055852853e-02
-2.398348690321405741e-02
-2.386887878560273180e-02
-2.379079702901432114e-02
-2.383336061328655830e-02
-2.386082697501823446e-02
-2.381662633229009174e-02
-2.399000117646021835e-02
-2.380797351169405829e-02
-2.356869349245105383e-02
-2.367563737503175503e-02
-2.375588192335875704e-02
-2.357772822501935650e-02
-2.368056480017166621e-02
-2.353572511909529652e-02
-2.369170091719929871e-02
-2.362700525126903983e-02
-2.368078087636327211e-02
-2.368472902466844943e-02
-2.354643530461952849e-02
-2.362978970163354120e-02
-2.350324210252185964e-02
-2.362247722948129791e-02
-2.351250035906726765e-02
-2.360230441120769740e-02
-2.363664550769417616e-02
-2.370765298009036570e-02
-2.368084107991830223e-02
-2.388005023524808479e-02
-2.374200637762413635e-02
-2.375099742288178106e-02
-2.381943830505584003e-02
-2.370335240072041216e-02
-2.373454623622439641e-02
-2.377840670243536181e-02
-2.386094768864843729e-02
-2.374166551044698537e-02
-2.369700361434468050e-02
-2.387213609137628367e-02
-2.384076234875465161e-02
-2.380873125940130564e-02
-2.379280834730224115e-02
-2.370370162642032597e-02
-2.379903224080681667e-02
-2.381414511712964810e-02
-2.393181901516694410e-02
-2.398591304500019561e-02
-2.403554714427258432e-02
-2.391390888589750574e-02
-2.392885712737147230e-02
-2.395106320536566358e-02
-2.382277532658250152e-02
-2.386553697292814746e-02
-2.391391669481546245e-02
-2.391048720874611178e-02
-2.402787852019994119e-02
-2.386633058457565681e-02
-2.405315388427098355e-02
-2.408237043719818615e-02
-2.385877448232243125e-02
-2.395040470340870087e-02
-2.397407012660668357e-02
-2.398255376582802967e-02
-2.385664444605151147e-02
-2.402795340481933550e-02
-2.392977713164867737e-02
-2.389319575563497722e-02
-2.417239358446465758e-02
-2.414170629438672222e-02
-2.406972333373413875e-02
-2.397541949016179785e-02
-2.407882730909882696e-02
-2.408369369514407055e-02
-2.400478765034197437e-02
-2.404453934317718478e-02
-2.413971303667938884e-02
-2.411406267107629731e-02
-2.417807934432758543e-02
-2.402763613129010878e-02
-2.396084476929960516e-02
-2.417236788624421706e-02
-2.403531770295863623e-02
-2.396510306603794049e-02
-2.408114480790057854e-02
-2.397784535836322561e-02
-2.410117649999765632e-02
-2.409233335652061214e-02
-2.414014693171573356e-02
-2.415642538035367437e-02
-2.427300513046493080e-02
-2.416770883476804244e-02
-2.443744248901769112e-02
-2.432933720806218503e-02
-2.427134957392329540e-02
-2.450040746639903233e-02
-2.436160159803701930e-02
-2.448049491831127966e-02
-2.437501333335667653e-02
-2.444215879239575173e-02
-2.447524232580899906e-02
-2.447249880446289438e-02
-2.438571209532724993e-02
-2.436826646323719814e-02
-2.451960281007803388e-02
-2.441745969518471782e-02
-2.449180258148064837e-02
-2.441185042337412625e-02
-2.442917910660735714e-02
-2.460062302861487638e-02
-2.442042517078668595e-02
-2.451219907397739206e-02
-2.447345528025035577e-02
-2.462423061008589542e-02
-2.447405527018720051e-02
-2.464749333183036129e-02
-2.475814822103394874e-02
-2.464380357082252004e-02
-2.470856652873010262e-02
-2.482996632091349909e-02
-2.466905021268406273e-02
-2.476056944816473759e-02
-2.485347320085296019e-02
-2.482394780849972449e-02
-2.485877549084847260e-02
-2.487531960495914518e-02
-2.500062350570608771e-02
-2.500667587763949484e-02
-2.496514560487472778e-02
-2.500147151643883348e-02
-2.500946794935110518e-02
-2.506400954728249530e-02
-2.525260075842794549e-02
-2.536805945999542899e-02
-2.541144607605705374e-02
-2.524379196911485934e-02
-2.527064008524426697e-02
-2.536529941462273285e-02
-2.521465848028814349e-02
-2.518970132681719321e-02
-2.529298157440429407e-02
-2.550710833495273278e-02
-2.539937491061561303e-02
-2.565192618407241554e-02
-2.553241521032312278e-02
-2.564240298842346277e-02
-2.578015721267590266e-02
-2.556901474169315236e-02
-2.586614209329241021e-02
-2.583379433565724526e-02
-2.608773103772765722e-02
-2.603295160417129495e-02
-2.612053631117472463e-02
-2.615121498217387597e-02
-2.611163190157039793e-02
-2.605195893464262724e-02
-2.606341702595038612e-02
-2.611808874880061637e-02
-2.612694882932498075e-02
-2.620821530610406569e-02
-2.622364160337387062e-02
-2.612290159158359160e-02
-2.648441725488215326e-02
-2.643928677853590870e-02
-2.644213923440119629e-02
-2.630407204294549217e-02
-2.657810284078720997e-02
-2.653316670818561818e-02
-2.673401225325644504e-02
-2.684727408250697778e-02
-2.695134737767279631e-02
-2.706174499124358590e-02
-2.697257655421925193e-02
-2.709204824828770342e-02
-2.710751833988922499e-02
-2.718370015488869029e-02
-2.713601975144186440e-02
-2.719290849905764418e-02
-2.727733363799522692e-02
-2.736895205806977316e-02
-2.756758777921142212e-02
-2.752741186789986472e-02
-2.756557535977854911e-02
-2.784876134004576897e-02
-2.787025893234318374e-02
-2.792280294973270571e-02
-2.781861443178534898e-02
-2.814936530311307195e-02
-2.800881074052963271e-02
-2.831704382721067503e-02
-2.845909971578475250e-02
-2.868901441386650930e-02
-2.865914065941854716e-02
-2.891529922863611546e-02
-2.907402108246071037e-02
-2.913516447488095906e-02
-2.923432199484121696e-02
-2.944822353789167124e-02
-2.962129515671474422e-02
-2.985242895030992827e-02
-2.990553106370086311e-02
-3.013765962972758672e-02
-3.043437568098905643e-02
-3.060656743394840618e-02
-3.087320208604893423e-02
-3.096452851456366062e-02
-3.125411086237139813e-02
-3.164665946802092122e-02
-3.177179079185954436e-02
-3.186495714223624987e-02
-3.233952376763316039e-02
-3.245719066704122469e-02
-3.279122809945445027e-02
-3.323820904217189565e-02
-3.375669935813974121e-02
-3.409247224877276494e-02
-3.469396954173209480e-02
-3.525126356178454046e-02
-3.563331087879806347e-02
-3.616042256823970291e-02
-3.671749885428265969e-02
-3.742005163839046133e-02
-3.775330133560128587e-02
-3.879734383033284217e-02
-3.935530822144439611e-02
-3.993668634432001596e-02
-4.090057451011741563e-02
-4.130079512319984048e-02
-4.221392900536269366e-02
-4.336724780514700228e-02
-4.464348931951178656e-02
-4.607406228743116117e-02
-4.715709554702840478e-02
-4.855643695680722516e-02
-4.987157989210455611e-02
-5.098161280595903122e-02
-5.305952395624835560e-02
-5.436096632533526929e-02
-5.657125470025192726e-02
-5.836921117119509006e-02
-6.005523803498302726e-02
-6.242676991657436503e-02
-6.454320195364804391e-02
-6.645454242903525710e-02
-6.895928552775654197e-02
-7.102506196229718682e-02
-7.337578505533937090e-02
-7.569427470016254489e-02
-7.799480160354388403e-02
-7.982530358389006153e-02
-8.115272067908652076e-02
-8.293033297792895553e-02
-8.371074289211577479e-02
-8.508480272283769352e-02
-8.488003057498438864e-02
-8.504495815739776532e-02
-8.642102674275875529e-02
-8.655043798251327303e-02
-8.616951757877622242e-02
-8.634976938199123708e-02
-8.603371117789393452e-02
-8.530364515280020044e-02
-8.462750506993987898e-02
-8.364955881539426485e-02
-8.399405020097105989e-02
-8.375690195547758066e-02
-8.373517866266499965e-02
-8.307886189965252299e-02
-8.292159175241309299e-02
-8.233919974735481873e-02
-8.197518061223707520e-02
-8.192442620044282364e-02
-8.140582852660749325e-02
-8.138346201114643463e-02
-8.028003107712944342e-02
-7.957881681555711850e-02
-7.852831320521502789e-02
-7.799534926935969281e-02
-7.720820630048752520e-02
-7.668171582776484030e-02
-7.647748642640994632e-02
-7.588152903889433532e-02
-7.545235632726754460e-02
-7.454852681291512795e-02
-7.447047579786936211e-02
-7.464327301630291345e-02
-7.430809932376547522e-02
-7.329923784920744367e-02
-7.249098865765990496e-02
-7.094155088797204911e-02
-6.922899842013752192e-02
-6.896035996388594214e-02
-6.917715975273086570e-02
-6.739636517419533845e-02
-6.675728878607678496e-02
-6.595120572985990748e-02
-6.512014204725780075e-02
-6.505288597664371508e-02
-6.397382173155818919e-02
-6.256078428786615575e-02
-6.241203008529705443e-02
-6.207700991263820356e-02
-6.136522897310392466e-02
-6.025275493539528071e-02
-5.992495621511295667e-02
-5.929707959788554916e-02
-5.865193058539119875e-02
-5.826942020321546067e-02
-5.754317138810360888e-02
-5.693511348007262995e-02
-5.588211517064234357e-02
-5.590414378143204743e-02
-5.426985544545548379e-02
-5.386361492782665294e-02
-5.361977279466501045e-02
-5.224953151275357754e-02
-5.198997046981901349e-02
-5.093748741395565105e-02
-5.044226367457671500e-02
-4.947209332009894212e-02
-4.959242833774801795e-02
-4.924934604920405690e-02
-4.921150009253771884e-02
-4.876296858939621615e-02
-4.804647940075046364e-02
-4.724477888364475575e-02
-4.680926307903821026e-02
-4.637601563084992051e-02
-4.572715017080231092e-02
-4.523521067667157780e-02
-4.463790534144784772e-02
-4.382394279550183569e-02
-4.353268984026215094e-02
-4.315168466716290396e-02
-4.278834748870252724e-02
-4.228644260407588007e-02
-4.188520913210957985e-02
-4.093456974285425432e-02
-4.087719768404163290e-02
-4.049715227027306241e-02
-3.967294609281513118e-02
-3.951142366499205139e-02
-3.940685835794166536e-02
-3.885905441894177414e-02
-3.851737988355186104e-02
-3.815308725441646232e-02
-3.787516236512411538e-02
-3.754559014892766555e-02
-3.734958544888744569e-02
-3.741761631044093761e-02
-3.693993970465525578e-02
-3.671954469976679292e-02
-3.648536564855442421e-02
-3.642370651478543664e-02
-3.598998032084477217e-02
-3.569266153169881051e-02
-3.555204484617036087e-02
-3.540088710528710436e-02
-3.510287583942073297e-02
-3.465251868487095877e-02
-3.478020575716467278e-02
-3.442298668363097391e-02
-3.432386786058971850e-02
-3.419159122008297302e-02
-3.391933513965428304e-02
-3.355261150962451921e-02
-3.339215298507669516e-02
-3.325293175906463006e-02
-3.312166567057905908e-02
-3.288987068832005534e-02
-3.253421675671441804e-02
-3.243901943102711627e-02
-3.213551828957195156e-02
-3.192606618496318660e-02
-3.182688554902846079e-02
-3.157913020876801369e-02
-3.156122388978044313e-02
-3.152507111101332526e-02
-3.135980597188270380e-02
-3.128653013001780891e-02
-3.101246109754463021e-02
-3.111330942069256977e-02
-3.072001886469566401e-02
-3.054170271440659334e-02
-3.074813651643948376e-02
-3.037878712861052932e-02
-3.029073102199708600e-02
-3.028562147511681957e-02
-2.997931665239317311e-02
-2.991211804074733749e-02
-2.977963309758813182e-02
-2.975311948936276707e-02
-2.971577590181606610e-02
-2.958361019282795823e-02
-2.941490275466751569e-02
-2.937031590224759015e-02
-2.924341998276780430e-02
-2.922089611678746479e-02
-2.925350358531408901e-02
-2.897069625551162986e-02
-2.878638421507462297e-02
-2.870840972809762803e-02
-2.872627139744787783e-02
-2.852364842160692859e-02
-2.870662819579727909e-02
-2.853447893033322913e-02
-2.842147787383453306e-02
-2.833371359603242823e-02
-2.832929726954569460e-02
-2.834363206622558806e-02
-2.807638055784300590e-02
-2.819316852947029162e-02
-2.788088385043030470e-02
-2.798928343342677039e-02
-2.792307876272870359e-02
-2.788250734041275436e-02
-2.781607239606787019e-02
-2.781090364677618609e-02
-2.779120382771882447e-02
-2.762986290311841842e-02
-2.774784573003952204e-02
-2.772078792115939549e-02
-2.766234888394691893e-02
-2.780515454002419062e-02
-2.738085522024835683e-02
-2.749634390378696835e-02
-2.750948539226172329e-02
-2.750109812845380475e-02
-2.750716662356822440e-02
-2.745440295555212629e-02
-2.735649375465243338e-02
-2.761037606991223470e-02
-2.743032922659693895e-02
-2.743992155057517479e-02
-2.740533530226718639e-02
-2.727735830173738663e-02
-2.706633205503905515e-02
-2.697615806145403639e-02
-2.673790544005782976e-02
-2.695593431081011460e-02
-2.664029285592839358e-02
-2.653877907852919549e-02
-2.665783793848675032e-02
-2.668996047563432228e-02
-2.676030286001562786e-02
-2.666222545062968408e-02
-2.621490884588251191e-02
-2.639302217559080788e-02
-2.609613074133321220e-02
-2.626072286475711337e-02
-2.635911185257100442e-02
-2.620939605889116564e-02
-2.629360366018484996e-02
-2.622491623391987048e-02
-2.652095744324522997e-02
-2.632040050241091222e-02
-2.637370004387395994e-02
-2.629825356251558333e-02
-2.639393825949554184e-02
-2.613632523689979337e-02
-2.613498400666092181e-02
-2.629604569263221947e-02
-2.628820439595003222e-02
-2.608466754822558187e-02
-2.620209178412569173e-02
-2.598468626754169009e-02
-2.619592746195831268e-02
-2.619234520839430758e-02
-2.607908945391113065e-02
-2.616914838209094540e-02
-2.567452055652186260e-02
-2.538375216081067975e-02
-2.560825133835287204e-02
-2.538227438539308878e-02
-2.548483989269811900e-02
-2.524596204359053075e-02
-2.532077537452082083e-02
-2.526928374958004042e-02
-2.512608468139276852e-02
-2.483130757209739414e-02
-2.479076549063918833e-02
-2.480448237588461780e-02
-2.474424302902633599e-02
-2.469435009046527796e-02
-2.455568091449666923e-02
-2.452322059961442591e-02
-2.456887835745291682e-02
-2.440807563267721747e-02
-2.452160865546559876e-02
-2.408955272828450234e-02
-2.371872306889244442e-02
-2.371986570532857996e-02
-2.365241640654058841e-02
-2.347578319352638943e-02
-2.358385192924306040e-02
-2.352296761009231574e-02
-2.353553283843723420e-02
-2.348962307258606330e-02
-2.345156216912336333e-02
-2.351543680191969798e-02
-2.377231713462180096e-02
-2.372652450791701284e-02
-2.387237957532661881e-02
-2.396624558975979369e-02
-2.381167463793909533e-02
-2.361996477209515888e-02
-2.356932118062360360e-02
-2.327031552316594087e-02
-2.330717090308365158e-02
-2.328003409813117486e-02
-2.332538706344244872e-02
-2.299612986737553655e-02
-2.275850885735586360e-02
-2.274350966958227360e-02
-2.277068959625072608e-02
-2.266320865081183911e-02
-2.288380684159463385e-02
-2.267013105100446069e-02
-2.275384755675258219e-02
-2.284200328416829961e-02
-2.278133148878414005e-02
-2.284750094746446081e-02
-2.276091284081438459e-02
-2.278747067729813836e-02
-2.236341331134639177e-02
-2.232215206977983257e-02
-2.221764251224467301e-02
-2.214953296190369514e-02
-2.196674460304759435e-02
-2.198792250326508935e-02
-2.140509792009481771e-02
-2.139162408479844402e-02
-2.137686242577174767e-02
-2.090081738770521724e-02
-2.093984021549299968e-02
-2.050379626637166552e-02
-2.020260440720456074e-02
-1.983073264531576285e-02
-2.003411010622002664e-02
-2.014638799154599980e-02
-2.017368564073507287e-02
-2.020862668101486292e-02
-2.034657676166595763e-02
-2.010755415745091312e-02
-2.019201999595132691e-02
-2.003348431099194471e-02
-1.990495455813423575e-02
-2.007123438860869413e-02
-1.987906340421119467e-02
-2.011634122243721734e-02
-2.028547926541079960e-02
-2.019879026350368534e-02
-1.993400945172085770e-02
-1.959915818263802123e-02
-1.962059996742349099e-02
-1.979858635166298342e-02
-1.977789765819171208e-02
-1.957749869482849903e-02
-1.955552974417162915e-02
-1.949153347536336511e-02
-1.947850100524473049e-02
-1.915449191200968571e-02
-1.889736497367833223e-02
-1.894906423097175718e-02
-1.917391970721471495e-02
-1.914357895452534208e-02
-1.895208830037242720e-02
-1.888166099216270766e-02
-1.886139003547793180e-02
-1.899350697643820141e-02
-1.874875877280768321e-02
-1.859306591497134065e-02
-1.851840991673547876e-02
-1.873849625831436327e-02
-1.878320476607031608e-02
-1.884265954666464182e-02
-1.874944712497672583e-02
-1.890848844783343807e-02
-1.906079131266080751e-02
-1.904037294818294868e-02
-1.883006057194736016e-02
-1.905792243318993329e-02
-1.910616173899715164e-02
-1.887356165985698553e-02
-1.892913186546785198e-02
-1.917522306390928577e-02
-1.933036213140004733e-02
-1.924071234635027494e-02
-1.943466806625915311e-02
-1.965777680219593648e-02
-1.982132575175654665e-02
-1.963072444532754091e-02
-1.979362316521182663e-02
-1.965902196558033665e-02
-1.974462887804007138e-02
-1.955260985664208917e-02
-1.959666790540381953e-02
-1.961324996785762664e-02
-1.935069597739991210e-02
-1.896325904083218106e-02
-1.884285009558395174e-02
-1.851693870838566625e-02
-1.854599879548324282e-02
-1.811723644322205118e-02
-1.769184070230434003e-02
-1.794228570795564082e-02
-1.804601825352847300e-02
-1.836531250754891431e-02
-1.868587491539663858e-02
-1.894733347559274250e-02
-1.923153178581404887e-02
-1.960461682070535616e-02
-1.962958609457654546e-02
-1.986262792234239072e-02
-2.010699258978476678e-02
-2.063251058038728658e-02
-2.081389668128164061e-02
-2.093864649507137798e-02
-2.008847400676527784e-02
-1.976964392931535031e-02
-1.969732001325219528e-02
-2.012319873684598193e-02
-2.036067750184145098e-02
-2.031616862506613330e-02
-2.051682077861816111e-02
-2.098904113039168351e-02
-2.175136072504457729e-02
-2.206647377546211430e-02
-2.229089673323247922e-02
-2.250512126428994009e-02
-2.210735711024547356e-02
-2.208621619383599466e-02
-2.204096405541644543e-02
-2.236569424611101198e-02
-2.123887915059885501e-02
-2.096114364328638402e-02
-2.112729943689739542e-02
-2.145141389071802962e-02
-1.998589005709483502e-02
-1.933548093319981120e-02
-1.831684480194883946e-02
-1.837223276649435633e-02
-1.834397767364048804e-02
-1.818727215878013226e-02
-1.811679309288294348e-02
-1.802574100967557769e-02
-1.751516991499801890e-02
-1.740228045475689100e-02
-1.777119161447693330e-02
-1.804673843518500576e-02
-1.843960547335932176e-02
-1.897372919351347775e-02
-1.943364066755393083e-02
-1.971345250465184051e-02
-1.994554341827292632e-02
-2.040338114346518239e-02
-2.036366026498370729e-02
-1.985494813540533698e-02
-1.969649782006843708e-02
-1.960619306033262177e-02
-1.950531151466172730e-02
-1.936561538108794167e-02
-1.944949310411558940e-02
-1.956250435359674356e-02
-1.917724530038444897e-02
-1.911497265181694161e-02
-1.906933402697674751e-02
-1.854244934310411708e-02
-1.834949217337555893e-02
-1.837327149315814978e-02
-1.873568358844579507e-02
-1.944000389404187956e-02
-1.988324549793496487e-02
-2.034003585842647510e-02
-2.067735588497221499e-02
-1.991546641200514500e-02
-2.007660057516869045e-02
-2.022424109118148294e-02
-2.078772300350983926e-02
-2.135715456000397694e-02
-2.174412021083593771e-02
-2.209283647078930102e-02
-2.184791098080385296e-02
-2.253854773764629726e-02
-2.266886776718379792e-02
-2.285332412684848435e-02
-2.195019143613041734e-02
-2.151414181176658502e-02
-2.210413575402458974e-02
-2.259346002821960298e-02
-2.299828171675688537e-02
-2.306510760072733035e-02
-2.033441731858065538e-02
-2.047844774644591581e-02
-2.087215746413484396e-02
-2.120884520402022133e-02
-2.152649630201608488e-02
-2.236556713517057204e-02
-2.259316345640982604e-02
-2.186654901113538330e-02
-2.212483306539514416e-02
-2.264824890121808210e-02
-2.308315732907750828e-02
-2.289582538582379811e-02
-2.305429266075442740e-02
-2.119275201914483375e-02
-2.052980752461408542e-02
-1.929111114141424110e-02
-1.898966706777382996e-02
-1.748111012178288348e-02
-1.756757090883098726e-02
-1.767948578801536996e-02
-1.799581366292368756e-02
-1.678816733711308018e-02
-1.611560518974730627e-02
-1.602624882999403866e-02
-1.583765086694999269e-02
-1.501632355259019391e-02
-1.434025305240460568e-02
-1.460277958895872530e-02
-1.468014615091650654e-02
-1.346227561743695844e-02
-1.325686744858245447e-02
-1.278693389206431164e-02
-1.240020743268122061e-02
-1.239549992914401599e-02
-1.250517916940641072e-02
-1.266221038511616825e-02
-1.241308404821150901e-02
-1.231192321065410766e-02
-1.261879234856255749e-02
-1.280391767373423306e-02
-1.293310997033891852e-02
-1.295959195374329909e-02
-1.299461045456506980e-02
-1.362834504747478803e-02
-1.407719931862683183e-02
-1.444931753532419094e-02
-1.509151233649319579e-02
-1.499114675398516283e-02
-1.526972306969742732e-02
-1.571888287304279430e-02
-1.635349981419587095e-02
-1.675319453145185378e-02
-1.744182675724292864e-02
-1.772779386626055498e-02
-1.795081080632954240e-02
-1.831271727961603091e-02
-1.863446097539078750e-02
-1.883666568857833568e-02
-1.903674927909726478e-02
-1.923112547255456661e-02
-1.938352862723125014e-02
-1.979852570808571244e-02
-2.027277677934069544e-02
-2.086676992642910733e-02
-2.110047778718815437e-02
-2.134456107784199475e-02
-2.178392263895378989e-02
-2.204049769336169362e-02
-2.239902780534652749e-02
-2.288300278310995139e-02
-2.317748692988441661e-02
-2.339520993707822072e-02
-2.354682560123322332e-02
-2.402897792445646274e-02
-2.434721232138681302e-02
-2.455945676758286567e-02
-2.463527997112624490e-02
-2.492513106504556930e-02
-2.432374207317433701e-02
-2.450278228985691698e-02
-2.492609057267003436e-02
-2.548262848967386418e-02
-2.582447790874908833e-02
-2.541936106867037637e-02
-2.582894722006567889e-02
-2.634869755811486414e-02
-2.655019462672036923e-02
-2.676739748635537097e-02
-2.666792528821826380e-02
-2.647933183397466195e-02
-2.630085666562465008e-02
-2.594986684875699723e-02
-2.531170687867767555e-02
-2.484177110624319340e-02
-2.449818482880505854e-02
-2.382375935247882381e-02
-2.392517888213419042e-02
-2.373728729509760882e-02
-2.216705056140444441e-02
-2.116438706404721870e-02
-2.080862584920506464e-02
-2.070454133087640258e-02
-2.014600899422447355e-02
-1.950829905369211303e-02
-1.913670543443313221e-02
-1.887926997115840777e-02
-1.914923654146427623e-02
-1.896871693708757078e-02
-1.825287438214751035e-02
-1.747766644367310107e-02
-1.707479714858894937e-02
-1.675698144533210865e-02
-1.614930788118318361e-02
-1.574459722099597059e-02
-1.464673816797379402e-02
-1.422623393052280250e-02
-1.415263112442310955e-02
-1.372396183437984973e-02
-1.378376432313288547e-02
-1.393764428352817220e-02
-1.357700168935771501e-02
-1.336467202508728747e-02
-1.256716436385474367e-02
-1.264357917388814201e-02
-1.240705748921744345e-02
-1.210907190265597677e-02
-1.166375600351088337e-02
-1.154955957256831311e-02
-1.124858497520264677e-02
-1.081417124516992345e-02
-9.360968479004583287e-03
-9.000360281389951922e-03
-8.819368426379980974e-03
-8.472473611091047019e-03
-8.270027140184765813e-03
-8.068819944566207880e-03
-7.759300287303538823e-03
-7.289223185180659925e-03
-6.993805113967965781e-03
-6.742754066094036602e-03
-6.487642829173800862e-03
-6.464213737578994312e-03
-6.348069910226961099e-03
-6.476409469174271294e-03
-6.409039691917861603e-03
-6.941985463454258820e-03
-6.541041484350529345e-03
-6.852849354992862629e-03
-6.898423328885350259e-03
-7.236514667660287614e-03
-7.433201356704444152e-03
-7.629247599715505146e-03
-7.675101758748859027e-03
-8.061517157197606309e-03
-8.338665393383237756e-03
-8.602397424660956915e-03
-8.705533607888504832e-03
-8.844526721101253486e-03
-9.245441668459974949e-03
-9.557735290519175919e-03
-9.927974684538654060e-03
-1.016406694741522898e-02
-1.059959709677027462e-02
-1.065202650759555780e-02
-1.109620791499210668e-02
-1.134946552321824953e-02
-1.168893996744913011e-02
-1.184035438969566201e-02
-1.192104465146748282e-02
-1.220684902014301798e-02
-1.242830407159178918e-02
-1.280597510473313605e-02
-1.309591079187377716e-02
-1.349947486563696231e-02
-1.378247741716620567e-02
-1.348623248392843976e-02
-1.379163477485967348e-02
-1.399282586690553387e-02
-1.420360625289074363e-02
-1.452725968133972145e-02
-1.475475516074720161e-02
-1.493664646908676730e-02
-1.526563833666205738e-02
-1.542922695075166217e-02
-1.569456621274234465e-02
-1.583502294813854405e-02
-1.601350725557360022e-02
-1.643387807112794974e-02
-1.677108237694557857e-02
-1.712585935530341885e-02
-1.739740187443317154e-02
-1.762543381894232652e-02
-1.782804185438191524e-02
-1.798929642682445262e-02
-1.822798568940520170e-02
-1.828449173495538815e-02
-1.846541301999149454e-02
-1.851735587288505513e-02
-1.851031647415357639e-02
-1.867325813208964291e-02
-1.878509726265154001e-02
-1.891822500147988251e-02
-1.903363941102664825e-02
-1.908838591770312121e-02
-1.914178816189338050e-02
-1.912481127319320962e-02
-1.925927133633997812e-02
-1.937572780442398113e-02
-1.942717680756533838e-02
-1.946923856228810479e-02
-1.943783651462016593e-02
-1.942292631535202929e-02
-1.940356109719676425e-02
-1.925964646850086837e-02
-1.911647466387123018e-02
-1.909731402072090134e-02
-1.870463031913782714e-02
-1.857004296700104362e-02
-1.855836035224722735e-02
-1.849501089912131135e-02
-1.819681412541385157e-02
-1.791789449213077035e-02
-1.770984375905815256e-02
-1.774723612113504601e-02
-1.757983286993169969e-02
-1.730986939384138168e-02
-1.699163722501673135e-02
-1.677266461067183911e-02
-1.669312726392924162e-02
-1.670665021369543979e-02
-1.666432580736643132e-02
-1.648685272375871591e-02
-1.647544864311889512e-02
-1.598125779650860778e-02
-1.557593246358024430e-02
-1.552425741114760172e-02
-1.537133688739178439e-02
-1.555101672715597516e-02
-1.530471087289431154e-02
-1.470593714154411202e-02
-1.418045887816443695e-02
-1.400399503082550012e-02
-1.390717117743012210e-02
-1.388836357476375127e-02
-1.369853537488818773e-02
-1.379203550752627905e-02
-1.365874791396759491e-02
-1.344778286069558959e-02
-1.311959232941273257e-02
-1.305079644172746356e-02
-1.303217923523725119e-02
-1.292598384774645837e-02
-1.295110431479074009e-02
-1.277846843448759984e-02
-1.242678681893938375e-02
-1.217850440573364779e-02
-1.168927683482490210e-02
-1.174697239934108239e-02
-1.151363327089249822e-02
-1.137567365283231879e-02
-1.119661215203571203e-02
-1.071878883479993050e-02
-1.079224964429847944e-02
-1.086753016469277355e-02
-1.048150379472811977e-02
-1.040088334302780027e-02
-1.054163279347530846e-02
-1.029406776637920018e-02
-1.019028605218519345e-02
-9.987956976017287047e-03
-9.694937162177730272e-03
-9.610803314108018469e-03
-9.836724382756401042e-03
-9.817953992113714889e-03
-9.696373797676294259e-03
-1.006350011218337670e-02
-1.028423198550321160e-02
-9.952572361093814379e-03
-9.887812646503846281e-03
-9.768322167200693684e-03
-9.996092798679079294e-03
-1.000618136831477045e-02
-9.952819700820292326e-03
-9.881816812056243293e-03
-9.946833960598588931e-03
-1.018584643498599007e-02
-1.035538163244087428e-02
-1.050734929404395501e-02
-1.061081864110757778e-02
-1.057566003285614897e-02
-1.068423523726824698e-02
-1.044045542756943945e-02
-1.049425654949409648e-02
-1.053996881499319471e-02
-1.070018176610343374e-02
-1.072131309594848148e-02
-1.070568194166909848e-02
-1.086923174917231449e-02
-1.106876452317440140e-02
-1.117849645444657369e-02
-1.117020489061015809e-02
-1.096457176310750015e-02
-1.103612591671954135e-02
-1.102231749408311146e-02
-1.097312947531747795e-02
-1.117989369279470679e-02
-1.122742384846109331e-02
-1.127683104181276263e-02
-1.115986689476056171e-02
-1.125652620732164877e-02
-1.139619645292011541e-02
-1.141979022572581215e-02
-1.151457422220225624e-02
-1.175609584804782060e-02
-1.174448991090493166e-02
-1.166147305940690160e-02
-1.172498452526671286e-02
-1.179433781221383981e-02
-1.190552218287876940e-02
-1.209918456532310671e-02
-1.202879875885010108e-02
-1.197415340531637895e-02
-1.188826285907929048e-02
-1.186654973596024121e-02
-1.181888821666898792e-02
-1.187407505527993123e-02
-1.196222934694368689e-02
-1.210189769545166882e-02
-1.220393820497989168e-02
-1.213394693279390424e-02
-1.214037063454309617e-02
-1.220320549017106515e-02
-1.198577935535816152e-02
-1.200283210283270563e-02
-1.216934721064788505e-02
-1.220558015032402466e-02
-1.239448074408677769e-02
-1.243595665009422646e-02
-1.258898039994704732e-02
-1.286631925759174067e-02
-1.284201972452603258e-02
-1.286708816963511026e-02
-1.285931575832499618e-02
-1.288825370689661298e-02
-1.287985121301638003e-02
-1.282239232388882044e-02
-1.291873908446383723e-02
-1.300815899408735987e-02
-1.301924125014242151e-02
-1.318482989080038692e-02
-1.314953165425780668e-02
-1.323812088936815456e-02
-1.337251584196419429e-02
-1.330860513097853470e-02
-1.322456823525630654e-02
-1.323995521525755947e-02
-1.333001411568446315e-02
-1.348630802249584093e-02
-1.341565893702245660e-02
-1.352214040475185897e-02
-1.353085909545637122e-02
-1.354322474645019980e-02
-1.348194735769769892e-02
-1.348158828454071312e-02
-1.353249735272488152e-02
-1.360600865667205284e-02
-1.356785588694542355e-02
-1.353899275631498256e-02
-1.340074924346090768e-02
-1.343107063627790865e-02
-1.351326700645483214e-02
-1.355969358164976768e-02
-1.359581294789968808e-02
-1.346239729844533883e-02
-1.346749492302645734e-02
-1.350121065790865771e-02
-1.349508946178712421e-02
-1.354181701167433971e-02
-1.358529042899991879e-02
-1.369831077299910049e-02
-1.371030473574386122e-02
-1.381754673290025437e-02
-1.388496009873119164e-02
-1.378314674719050004e-02
-1.383641816090808163e-02
-1.391342410921669881e-02
-1.398003751914078663e-02
-1.408871048336646226e-02
-1.414886836730566699e-02
-1.405928504326681150e-02
-1.402485399871000737e-02
-1.415290638516797372e-02
-1.426212268304016817e-02
-1.435243235570293763e-02
-1.430529427095272865e-02
-1.426368475128292346e-02
-1.427698481210004644e-02
-1.432120476931864061e-02
-1.434929145126417893e-02
-1.433401966538916383e-02
-1.425325176492719947e-02
-1.427998540113772918e-02
-1.427227484142434832e-02
-1.417304100181304705e-02
-1.412170966688464091e-02
-1.413553611268714150e-02
-1.417995562833418433e-02
-1.418699356677155521e-02
-1.416335576439564647e-02
-1.412826414251888707e-02
-1.415075631590489991e-02
-1.413449190529902921e-02
-1.416929408588085693e-02
-1.421297728464487875e-02
-1.425119636034644088e-02
-1.423118749756646650e-02
-1.426436712192202805e-02
-1.213200344355325200e-02
-1.127482139488478197e-02
-1.147897307705125769e-02
-1.162465786686439628e-02
-1.188226523338542506e-02
-1.194860244685091999e-02
-1.203130961516940545e-02
-1.215266641924017677e-02
-1.217072978931632576e-02
-1.219861724795467950e-02
-1.219830551322864665e-02
-1.224135672270509900e-02
-1.233330584809788633e-02
-1.245676870933642988e-02
-1.253768849674585795e-02
-1.255988443593469839e-02
-1.260072487207875014e-02
-1.262067990269688522e-02
-1.265387330246259268e-02
-1.267560302912773551e-02
-1.273909528673389246e-02
-1.279507256493594980e-02
-1.296385542782108047e-02
-1.302585884154439100e-02
-1.308594079023706058e-02
-1.316745214504777550e-02
-1.317384703574830951e-02
-1.326703707420939793e-02
-1.333920259161569533e-02
-1.348339943547216535e-02
-1.350679962418066538e-02
-1.350611984830418777e-02
-1.351698338873674743e-02
-1.367588208645287295e-02
-1.364209082210265933e-02
-1.355477225583090473e-02
-1.359758864881843721e-02
-1.360435270916848793e-02
-1.362313339452914107e-02
-1.369706130445180747e-02
-1.373732055572141064e-02
-1.375401771738271606e-02
-1.387306907010987800e-02
-1.394696045388865713e-02
-1.391820711347868667e-02
-1.391226401375256216e-02
-1.392405590674261617e-02
-1.401454477690133871e-02
-1.405275835485664260e-02
-1.400235046332287681e-02
-1.400689766945006909e-02
-1.409628645820770743e-02
-1.422213901026392335e-02
-1.426090781549760322e-02
-1.428320038616792687e-02
-1.428317454602634484e-02
-1.430022301352540381e-02
-1.433311255441349630e-02
-1.435251277002791426e-02
-1.441331144092572458e-02
-1.446328434593180390e-02
-1.443078211065351724e-02
-1.445076664841504765e-02
-1.451316252860213041e-02
-1.451779549781306855e-02
-1.455083255478939464e-02
-1.459083538133398861e-02
-1.459567233227776484e-02
-1.458930812108505393e-02
-1.468904144460925210e-02
-1.485281826997031374e-02
-1.493095120828780153e-02
-1.495022889636121732e-02
-1.503909406140380156e-02
-1.514344539911860466e-02
-1.514558388626063845e-02
-1.519643984866192454e-02
-1.520892659826866833e-02
-1.531644314563340714e-02
-1.531016691260411733e-02
-1.531341196959168371e-02
-1.536655206492643089e-02
-1.528633009631885642e-02
-1.535495509810491654e-02
-1.537367692679403319e-02
-1.542455648294804860e-02
-1.536600905890406210e-02
-1.538272540198626359e-02
-1.527269797290742304e-02
-1.520061862404276098e-02
-1.525780723093816960e-02
-1.535822188860791471e-02
-1.527552084237182584e-02
-1.517936800145225362e-02
-1.522078067325693951e-02
-1.532124436325155159e-02
-1.527104812655277755e-02
-1.525490120788930426e-02
-1.530318339634817448e-02
-1.542516140650374012e-02
-1.539816711240682423e-02
-1.549900918998403654e-02
-1.550798692145249902e-02
-1.569471152549262172e-02
-1.569507557239813167e-02
-1.560330081580563188e-02
-1.558069954276852798e-02
-1.554484930423161160e-02
-1.552079911165371584e-02
-1.545490494118961777e-02
-1.552535113209430051e-02
-1.546284533377129122e-02
-1.543402364110502134e-02
-1.538398319602229947e-02
-1.535770413080150831e-02
-1.537914955791030991e-02
-1.542228379971888330e-02
-1.537424371453344207e-02
-1.517346898175286896e-02
-1.517587188031832568e-02
-1.519924165911579195e-02
-1.519170255818558246e-02
-1.522479068534110525e-02
-1.536033794085511772e-02
-1.538001622956830516e-02
-1.540079636452329481e-02
-1.537585657107065629e-02
-1.547136952572714108e-02
-1.561887867940203733e-02
-1.535004087858027333e-02
-1.533046493531919907e-02
-1.520263449131409317e-02
-1.505534657893203843e-02
-1.493564113409817651e-02
-1.481232147228705998e-02
-1.469672198687366205e-02
-1.475219264206373282e-02
-1.468196923207898408e-02
-1.461905994713053047e-02
-1.462319763232500236e-02
-1.445336325497503793e-02
-1.438078107335893918e-02
-1.420254863381842370e-02
-1.395400445036543147e-02
-1.404509247405449912e-02
-1.397226100780013525e-02
-1.394204754466521479e-02
-1.401199707457134735e-02
-1.391267407195684314e-02
-1.386227862372813036e-02
-1.370788897742514223e-02
-1.354110499173799553e-02
-1.354598045811528095e-02
-1.356531041265895965e-02
-1.351791177069028294e-02
-1.349051298513437303e-02
-1.348990325130827728e-02
-1.359965285802289259e-02
-1.357401533125734971e-02
-1.379514542645132735e-02
-1.380614790791412361e-02
-1.375976654823052314e-02
-1.387975780783090585e-02
-1.397699371588423389e-02
-1.401714860183922440e-02
-1.404457356200516926e-02
-1.413268426205238626e-02
-1.415072463471744868e-02
-1.409667057052921280e-02
-1.426784011862647361e-02
-1.413711258253336212e-02
-1.396477681207830557e-02
-1.968313356380679835e-02
-1.897532258097367475e-02
-1.823790457183971370e-02
-1.815928577619274620e-02
-1.795615209291678838e-02
-1.773841352870864085e-02
-1.774216953429963439e-02
-1.786153110443233771e-02
-1.828120043419279028e-02
-1.806760954935349162e-02
-1.809334718186494939e-02
-1.821772250322695186e-02
-1.824872910276109650e-02
-1.840191440602101380e-02
-1.811600230505305831e-02
-1.807731844806070853e-02
-1.777214396067705593e-02
-1.808345081036755175e-02
-1.784390411586578296e-02
-1.758635417661302824e-02
-1.748506959846274356e-02
-1.744246376002944743e-02
-1.677254236633629603e-02
-1.707360847778094382e-02
-1.597238983411841673e-02
-1.552001795034918530e-02
-1.529233639428984048e-02
-1.554076632819612058e-02
-1.522665308348702951e-02
-1.484539451874145044e-02
-1.457118381172506361e-02
-1.473959954930581517e-02
-1.410938851484466738e-02
-1.384571140959867108e-02
-1.397606482851720955e-02
-1.358795544399082900e-02
-1.261265912633025010e-02
-1.205983135064769840e-02
-1.215118857909569527e-02
-1.278625902347485521e-02
-1.278270404672987581e-02
-1.264387810247669108e-02
-1.196785994343319004e-02
-1.098066340418224485e-02
-1.126489740585068233e-02
-1.138085099797159216e-02
-1.185908950269976003e-02
-1.185272924457603239e-02
-1.237657300892092138e-02
-1.262945645696067487e-02
-1.159942392454649251e-02
-1.144116724767840765e-02
-1.122009050372252403e-02
-1.110869932022673368e-02
-1.109331178833272702e-02
-1.111743218328076210e-02
-1.167342171448026988e-02
-1.132479566720512310e-02
-1.155434563983526175e-02
-1.157845892128150922e-02
-1.169718784497764119e-02
-1.142053848281587847e-02
-1.147706424418526439e-02
-1.145373262212245891e-02
-1.179677886063412728e-02
-1.128571836140590534e-02
-1.113412189043749834e-02
-1.076102035893455877e-02
-1.078359733386236030e-02
-1.078936652187678646e-02
-1.112023308300980062e-02
-1.088171112467861690e-02
-1.100740450561765726e-02
-1.133050370783283967e-02
-1.145822119195116784e-02
-1.156344380674845240e-02
-1.197605749015373533e-02
-1.201091358714112545e-02
-1.237189874155930625e-02
-1.233983417697626095e-02
-1.258682921184739456e-02
-1.252176282930861362e-02
-1.247984959462478116e-02
-1.270736245333736747e-02
-1.293127376957592389e-02
-1.302175725123611016e-02
-1.294226347006954825e-02
-1.288652558003278159e-02
-1.258069989341414896e-02
-1.244857466602056206e-02
-1.246104015213145288e-02
-1.246753081401852370e-02
-1.267877636488279336e-02
-1.284085126420020373e-02
-1.279105149946957454e-02
-1.276615527658275795e-02
-1.281976729065981147e-02
-1.291527848128115608e-02
-1.275408013822776354e-02
-1.292912774253451857e-02
-1.300520414936112701e-02
-1.332147076016632070e-02
-1.336916788752606777e-02
-1.366196233396088644e-02
-1.358279539504270161e-02
-1.339427102655399437e-02
-1.351150489776831165e-02
-1.342734367693498854e-02
-1.338173994861335814e-02
-1.365258075653752456e-02
-1.374692078498629400e-02
-1.360269985574991125e-02
-1.387172011710546826e-02
-1.363013083052955210e-02
-1.353472380421560928e-02
-1.360590325341171081e-02
-1.353254758768418498e-02
-1.366379960454544573e-02
-1.362313272643511652e-02
-1.361920522924808807e-02
-1.363705234826984025e-02
-1.375514350295059529e-02
-1.381668115027245847e-02
-1.403450948549522792e-02
-1.417285354634501005e-02
-1.384982347136265446e-02
-1.396780600918301474e-02
-1.414514798159771658e-02
-1.420213803218395299e-02
-1.445516384973544177e-02
-1.446368250718332860e-02
-1.450354505904538627e-02
-1.462922510517827845e-02
-1.461459402097453619e-02
-1.437822390347598400e-02
-1.447196910020132066e-02
-1.446421545456555435e-02
-1.434273431089128081e-02
-1.445112139784043848e-02
-1.477002686051331892e-02
-1.499277746892868635e-02
-1.496804686901942461e-02
-1.544530827428580722e-02
-1.544524763729615557e-02
-1.528623523425842734e-02
-1.495181517200006027e-02
-1.505065490005019768e-02
-1.504951099442930484e-02
-1.497670555255581348e-02
-1.486697974737527517e-02
-1.504226508558215158e-02
-1.488459069887060338e-02
-1.480596374209941501e-02
-1.517674932082258010e-02
-1.533945208152687201e-02
-1.524230062675435704e-02
-1.511380019608221659e-02
-1.496324211364630230e-02
-1.477323353411108542e-02
-1.463435022711845335e-02
-1.477854364039288271e-02
-1.458231045927504965e-02
-1.458802326213604061e-02
-1.453836641497652238e-02
-1.455555883131864903e-02
-1.435254825592746641e-02
-1.449763797519132424e-02
-1.430446588243849959e-02
-1.432554333502089605e-02
-1.435980382620982709e-02
-1.436380866035857906e-02
-1.396869265262878912e-02
-1.381123188607613628e-02
-1.379561880139856811e-02
-1.398466314184965142e-02
-1.410161561285505627e-02
-1.436490354840280759e-02
-1.430826045373123634e-02
-1.395252156562953871e-02
-1.388632065134665083e-02
-1.404264161091450802e-02
-1.419826365260412615e-02
-1.417309672991962088e-02
-1.405426593121461565e-02
-1.419216250790000799e-02
-1.406904787814511337e-02
-1.379943750509049494e-02
-1.400906688310232795e-02
-1.415018124528089061e-02
-1.413924475835326433e-02
-1.389826555529971586e-02
-1.378825123868399061e-02
-1.378520383748416123e-02
-1.405184615209797983e-02
-1.401193426775382278e-02
-1.394697850230830483e-02
-1.386628928572530839e-02
-1.374121809636008607e-02
-1.359451923327803513e-02
-1.328532459370013186e-02
-1.342100139169488671e-02
-1.318382084510361096e-02
-1.311824691286567202e-02
-1.326271923086785876e-02
-1.311668873158033932e-02
-1.312303753475774215e-02
-1.308290631107933422e-02
-1.317425816751605083e-02
-1.330815003476359948e-02
-1.309390832522527859e-02
-1.296748636839861746e-02
-1.313331739665279940e-02
-1.291806650333970907e-02
-1.276923009004349296e-02
-1.275982850615875464e-02
-1.260295765237806620e-02
-1.259444811300713951e-02
-1.262985066241117948e-02
-1.276159442794266852e-02
-1.289211427014436140e-02
-1.291300702476405604e-02
-1.309818145947883039e-02
-1.300594933193544023e-02
-1.289638750176624882e-02
-1.272255503576236180e-02
-1.263787441362573816e-02
-1.264542740467433646e-02
-1.264462659748932793e-02
-1.267335368758448766e-02
-1.272427571698475646e-02
-1.276717992155873560e-02
-1.298110871185453874e-02
-1.292932244160382993e-02
-1.273575091181555763e-02
-1.295892467717241203e-02
-1.295671764715500274e-02
-1.310012573344643272e-02
-1.319769259058034550e-02
-1.317893482674481476e-02
-1.316840502320015815e-02
-1.306308813130385715e-02
-1.301504460243396721e-02
-1.293008335523637697e-02
-1.282596814464298518e-02
-1.272894049431538832e-02
-1.262389121748430654e-02
-1.262913735876569632e-02
-1.267806387285475012e-02
-1.268484760994503802e-02
-1.263782917352251900e-02
-1.274262043083140838e-02
-1.275638514856680672e-02
-1.271701466299468564e-02
-1.280057392110034442e-02
-1.287739600019399688e-02
-1.299498188572201229e-02
-1.299483106838028590e-02
-1.306384978013230835e-02
-1.308655746835984957e-02
-1.307163314145842747e-02
-1.294281400489527556e-02
-1.290916696391519736e-02
-1.293502789224998395e-02
-1.294791948340634491e-02
-1.300111944463111513e-02
-1.293032933163740239e-02
-1.295332322059827845e-02
-1.299594262263603639e-02
-1.288456618915745366e-02
-1.276817756679360372e-02
-1.280648376895676677e-02
-1.281022598653347444e-02
-1.276046920492213133e-02
-1.283549507090597785e-02
-1.284407605315962542e-02
-1.304759500871721656e-02
-1.327590121842092685e-02
-1.013271653042746578e-02
-9.604528981640214624e-03
-9.646976444811272700e-03
-9.643302665912401039e-03
-9.672510618847773856e-03
-9.653211512468118372e-03
-9.615106349387225748e-03
-9.557307275688486925e-03
-9.564310210593340855e-03
-9.501915505820690555e-03
-9.548992809145673277e-03
-9.475314371930387836e-03
-9.386473234057390869e-03
-9.302637558126214401e-03
-9.246523930389827228e-03
-9.281117995973531265e-03
-9.283248593207282795e-03
-9.241082215536877698e-03
-9.299774930735082989e-03
-9.285093394101551212e-03
-9.216646820609852853e-03
-9.180728560721718168e-03
-9.108865713317371160e-03
-9.114196882357816776e-03
-8.978513077018135391e-03
-8.897133031037895989e-03
-8.806291627179163584e-03
-8.810188471001012545e-03
-8.764468042006257065e-03
-8.723241695639316617e-03
-8.761990077605474880e-03
-8.776845656189635747e-03
-8.747914329559236535e-03
-8.703194785592671678e-03
-8.644952830097807350e-03
-8.607126308767476530e-03
-8.538248808040549420e-03
-8.504964260355407646e-03
-8.464751592731190044e-03
-8.398340231364542774e-03
-8.364146224804969165e-03
-8.310016836952982544e-03
-8.244031323203060424e-03
-8.198667661517333727e-03
-8.189908413489987993e-03
-8.195646514330690025e-03
-8.206227610100924608e-03
-8.238948582651062225e-03
-8.249419900089094426e-03
-8.207421907608036804e-03
-8.195189701682537020e-03
-8.226642958740981726e-03
-8.217384772649438673e-03
-8.256851973365897379e-03
-8.307118729096174548e-03
-8.313872823887180630e-03
-8.327048562838612611e-03
-8.330744657934374686e-03
-8.329028999565224467e-03
-8.258359317864005789e-03
-8.207639978037306605e-03
-8.161877406916318023e-03
-8.149594696654105519e-03
-8.197615322336204713e-03
-8.351512288758300429e-03
-8.651305589031821341e-03
-8.438030999750267824e-03
-8.931411221690055413e-03
-8.491038565937358840e-03
-7.135497670955004423e-03
-6.054350049449652715e-03
-6.178952325036846105e-03
-6.606319643562841293e-03
-6.785164423057210570e-03
-6.925801922582408565e-03
-7.052035035748360770e-03
-7.183404881965671507e-03
-7.300894897674936601e-03
-7.411713574214218170e-03
-7.489208779890788037e-03
-7.578086466246247710e-03
-7.652438842898234839e-03
-7.729999166850021197e-03
-7.811809141157866065e-03
-7.867780704820859228e-03
-7.958087795650214957e-03
-8.053219335305783488e-03
-8.098926613280710285e-03
-8.136858193060092503e-03
-8.208578289426782248e-03
-8.278894593841457095e-03
-8.386657932728525111e-03
-8.449531535839938101e-03
-8.506555424514061770e-03
-8.575588222225150048e-03
-8.658855520572217301e-03
-8.707741242220734534e-03
-8.792548295652125034e-03
-8.850314755044053072e-03
-8.967942466204803509e-03
-9.056357637000189698e-03
-9.121741847557984784e-03
-9.189287443417626378e-03
-9.242492919238287641e-03
-9.306250894361767223e-03
-9.363257325261997721e-03
-9.411046974728165537e-03
-9.442455673235983227e-03
-9.517365796360977015e-03
-9.569155778603288809e-03
-9.633588076022547853e-03
-9.666550616300284560e-03
-9.693586512517171627e-03
-9.760809717493046378e-03
-9.831626504677615230e-03
-9.900592461471902084e-03
-9.972645663266277438e-03
-1.002751411754942978e-02
-1.008714452376224813e-02
-1.011606200997583471e-02
-1.020414968391847310e-02
-1.028146489436210231e-02
-1.037326550736672459e-02
-1.041980197698322286e-02
-1.046223442297922190e-02
-1.055869384095053931e-02
-1.059794017082538176e-02
-1.065274879784894324e-02
-1.065142812283248475e-02
-1.072494490796493949e-02
-1.073007042707629921e-02
-1.076287337370018804e-02
-1.076836608221043434e-02
-1.083026761916983105e-02
-1.091252757304950194e-02
-1.099250055092149125e-02
-1.103892294149133591e-02
-1.108315119053493447e-02
-1.109213086157190276e-02
-1.115728002708138433e-02
-1.122989867614876403e-02
-1.128859834331308321e-02
-1.129634214188790509e-02
-1.135066798019757073e-02
-1.143867991364722059e-02
-1.147776735539807191e-02
-1.148956337386941584e-02
-1.153878475382263957e-02
-1.156885287705122778e-02
-1.163602743968361608e-02
-1.168646630224046135e-02
-1.174475884240955281e-02
-1.178504906597410695e-02
-1.184446339314959573e-02
-1.187749693415618424e-02
-1.190607053955439198e-02
-1.193316266569688366e-02
-1.204172776238365827e-02
-1.207869694210295108e-02
-1.217051026707594019e-02
-1.226202009701893303e-02
-1.235479956316432038e-02
-1.240752059333694035e-02
-1.246799238579754388e-02
-1.251740695598790865e-02
-1.251628854586606110e-02
-1.254832358982582718e-02
-1.265360665484394076e-02
-1.272870925750879678e-02
-1.277906691943009321e-02
-1.283819121010232323e-02
-1.287427043889621814e-02
-1.296925209808286183e-02
-1.301145214620191837e-02
-1.307888577669658048e-02
-1.312149600782497316e-02
-1.317766394844888111e-02
-1.324518013468889421e-02
-1.329126929197244067e-02
-1.334441408111963767e-02
-1.341510959131042569e-02
-1.340824226993753143e-02
-1.346515571022521840e-02
-1.355494029749237939e-02
-1.361036048283459365e-02
-1.367262249556056020e-02
-1.372361467471527874e-02
-1.374264775169997677e-02
-1.378886709534654642e-02
-1.388413965102053282e-02
-1.391754651358034778e-02
-1.396293147987393013e-02
-1.404542325552782245e-02
-1.412311943922084367e-02
-1.414357162875035101e-02
-1.415605801281039078e-02
-1.413441536756465666e-02
-1.422132551397758959e-02
-1.431455929482794431e-02
-1.435040011715393860e-02
-1.437797885409786147e-02
-1.444291345379511426e-02
-1.449387490830922331e-02
-1.456116462804146749e-02
-1.467061145115167164e-02
-1.474565064857813468e-02
-1.474168953803278725e-02
-1.483698047353065874e-02
-1.488604427099637917e-02
-1.493180867150734059e-02
-1.493356040740501101e-02
-1.496071049040281764e-02
-1.498841525423166843e-02
-1.503005054840045318e-02
-1.508884364520568511e-02
-1.517206905012713491e-02
-1.523489845284586863e-02
-1.530756958357670783e-02
-1.537893747457985683e-02
-1.538944665962382885e-02
-1.543986091656712745e-02
-1.551956716617830523e-02
-1.556366263574737729e-02
-1.565942244627827051e-02
-1.562867545479740272e-02
-1.568858863315192309e-02
-1.577484345368240781e-02
-1.579272905786233139e-02
-1.575747745349609374e-02
-1.582365149814002336e-02
-1.581577189199201428e-02
-1.593968675459755957e-02
-1.601431340654890789e-02
-1.600472888103254832e-02
-1.597055041500006212e-02
-1.598901584800493936e-02
-1.602159738365394048e-02
-1.603823879325005919e-02
-1.610680535959652104e-02
-1.624372058951095710e-02
-1.632430605814327862e-02
-1.637613515169533684e-02
-1.645924366283857410e-02
-1.637410968616315188e-02
-1.642283635942831665e-02
-1.647338756029270712e-02
-1.651633166996013813e-02
-1.653768210925221638e-02
-1.661723999290209974e-02
-1.667870663458081992e-02
-1.675139828550697985e-02
-1.686894864851673503e-02
-1.681784518468631973e-02
-1.679675962643933929e-02
-1.675388398141741675e-02
-1.689834571539350350e-02
-1.695137429967452647e-02
-1.695475464977391766e-02
-1.702488760145648428e-02
-1.706092136355330524e-02
-1.706068932742610400e-02
-1.703788666056915702e-02
-1.710717456759702770e-02
-1.719176654401088911e-02
-1.721696810337469685e-02
-1.731294845316888598e-02
-1.732124980826377225e-02
-1.734211129848262090e-02
-1.741669234698584035e-02
-1.743320732015085639e-02
-1.748399467962435949e-02
-1.751213242915916624e-02
-1.758439900960873103e-02
-1.762156928408131762e-02
-1.765064881053213242e-02
-1.769307404341269319e-02
-1.765528855182374457e-02
-1.762624218753572336e-02
-1.769551142956160561e-02
-1.771637935965308941e-02
-1.768779721272117911e-02
-1.773340914595067375e-02
-1.777779423792402724e-02
-1.784440810524401400e-02
-1.783556327045410228e-02
-1.786078142770186616e-02
-1.792967536113110327e-02
-1.799074088331842347e-02
-1.805641519757728020e-02
-1.809965467095864255e-02
-1.816926169357380161e-02
-1.818925674072424670e-02
-1.823084204240288386e-02
-1.825205834659904269e-02
-1.823881037576668973e-02
-1.820884190133931213e-02
-1.822783832672314475e-02
-1.839638528182696575e-02
-1.842472320775456751e-02
-1.834410450437218287e-02
-1.824744502587982709e-02
-1.825498452034146624e-02
-1.829141302980552553e-02
-1.827114594203216313e-02
-1.823237379058362251e-02
-1.833364289196381947e-02
-1.828678220654111897e-02
-1.832872183451250692e-02
-1.842952386411056409e-02
-1.848513051376521332e-02
-1.844006132019870847e-02
-1.851444030755189374e-02
-1.856442932270141455e-02
-1.854524829395920449e-02
-1.857944150772539160e-02
-1.848420897828617626e-02
-1.857485815885517866e-02
-1.857256874945711900e-02
-1.858886988559937947e-02
-1.859933137515845658e-02
-1.861277023802720976e-02
-1.874239101478636371e-02
-1.872403447423920397e-02
-1.862940043720406891e-02
-1.869752700577009819e-02
-1.874053342328885208e-02
-1.871160406271066279e-02
-1.866065774010827738e-02
-1.876683524751676657e-02
-1.872606817098976251e-02
-1.880811519643188490e-02
-1.880530240480560167e-02
-1.883794645576841731e-02
-1.877362014361771969e-02
-1.882120243600482468e-02
-1.887235940675857648e-02
-1.888850251861917684e-02
-1.886492301052555831e-02
-1.893472501920889783e-02
-1.899965538015990774e-02
-1.905635244585823784e-02
-1.903033089549843737e-02
-1.904580010274870006e-02
-1.900617917538305335e-02
-1.909139247863578248e-02
-1.910700223837125122e-02
-1.903959236326002724e-02
-1.910864262305800310e-02
-1.918129314494976256e-02
-1.919795924254330544e-02
-1.923914570784823752e-02
-1.926114765346653712e-02
-1.932318044965875004e-02
-1.939401347718039403e-02
-1.936518498596839777e-02
-1.939375881835303517e-02
-1.945619098203721364e-02
-1.941510252297007355e-02
-1.945875661810880786e-02
-1.946742905894183195e-02
-1.954632443712966960e-02
-1.957550627437143476e-02
-1.959395566459498639e-02
-1.966743542598869965e-02
-1.965208928984552017e-02
-1.965693120581235576e-02
-1.974069496151109604e-02
-1.966291308591827658e-02
-1.960547779171584182e-02
-1.960633498397079677e-02
-1.963694483114863942e-02
-1.965956273595281800e-02
-1.961077469264616013e-02
-1.960886830639196887e-02
-1.972459975793050546e-02
-1.977205822903549404e-02
-1.974129309912520114e-02
-1.980227452612659533e-02
-1.972140910009123616e-02
-1.975412698847911486e-02
-1.981506943871202964e-02
-1.970046730015795333e-02
-1.975176652337573557e-02
-1.982843698228542451e-02
-1.982770114442011788e-02
-1.988528201540873397e-02
-1.987013328019138214e-02
-1.980981657163027876e-02
-1.981094853017673074e-02
-1.984804807833562279e-02
-1.989650317878677299e-02
-1.991171908141531333e-02
-1.990866834745297353e-02
-1.990678890907737753e-02
-1.995423093876169673e-02
-2.002089100470882954e-02
-1.997917843964636120e-02
-1.994051332016510969e-02
-2.001150853015332132e-02
-2.006336837407651785e-02
-1.999319096272422769e-02
-2.006902979127467290e-02
-2.009843810250977469e-02
-2.014642037722147450e-02
-2.020521842687017511e-02
-2.017539567228254782e-02
-2.018092038449026404e-02
-2.010795033783097097e-02
-2.013666241307454641e-02
-2.014627258804502219e-02
-2.009622287808277008e-02
-2.012837228418717928e-02
-2.023779229958400094e-02
-2.024696587803909154e-02
-2.027989057826395936e-02
-2.030501474250634431e-02
-2.025121246598970970e-02
-2.030130967938426068e-02
-2.033965358894107567e-02
-2.033563855405162712e-02
-2.032057031162715077e-02
-2.039214369051300935e-02
-2.035660564486185820e-02
-2.030983351404458404e-02
-2.041498030947686004e-02
-2.036431755387901887e-02
-2.033565355031363708e-02
-2.029167852180790987e-02
-2.034433874803909248e-02
-2.028073775912808685e-02
-2.027046803102727779e-02
-2.033307270900941433e-02
-2.035844329924607621e-02
-2.038313320613838187e-02
-2.039525490786786577e-02
-2.041660932216693425e-02
-2.040606167684266836e-02
-2.040558991421548285e-02
-2.038218519109946669e-02
-2.043936733809736950e-02
-2.058435091196386679e-02
-2.053878867157621357e-02
-2.040315770787337613e-02
-2.041637390395578677e-02
-2.039639455921538058e-02
-2.035370166438355000e-02
-2.035058116455701338e-02
-2.029641011806937456e-02
-2.040943332958811141e-02
-2.037367806079082300e-02
-2.036895014665063286e-02
-2.038128885818935032e-02
-2.037206481095488186e-02
-2.041945529009225879e-02
-2.043992268573724402e-02
-2.043770887939722058e-02
-2.041875102404411280e-02
-2.045769668669095154e-02
-2.047220573199481919e-02
-2.042683456457439206e-02
-2.051127493032112170e-02
-2.040976504036962069e-02
-2.041204382570960263e-02
-2.048362909637369000e-02
-2.062127652464695871e-02
-2.052459850147059228e-02
-2.050670016486400016e-02
-2.052224077138298242e-02
-2.049119040127855840e-02
-2.047712973029192085e-02
-2.051914612676775107e-02
-2.052472747322831026e-02
-2.052900552274650181e-02
-2.059582143995797310e-02
-2.056462317292151454e-02
-2.062685877868730699e-02
-2.067217355581263405e-02
-2.064452563418583964e-02
-2.057246171809445912e-02
-2.062320642642312407e-02
-2.057051883339511278e-02
-2.053643142532557420e-02
-2.060566497826066268e-02
-2.056098841432429936e-02
-2.056292172428442200e-02
-2.059684884578061315e-02
-2.055720398275262539e-02
-2.056826439290126984e-02
-2.054058155439797417e-02
-2.053652417217932680e-02
-2.056736172825956999e-02
-2.053967636429021582e-02
-2.048184944698761001e-02
-2.046839579240966600e-02
-2.058332796364403805e-02
-2.052838268552292789e-02
-2.055152160624018620e-02
-2.057524188124837394e-02
-2.045765497854112880e-02
-2.045780436553279458e-02
-2.046681998250932111e-02
-2.050464237560589709e-02
-2.063194930332201693e-02
-2.057791318426893667e-02
-2.056933976957253662e-02
-2.057780771734663006e-02
-2.047747463898375031e-02
-2.045151604603034912e-02
-2.054875768723540830e-02
-2.061876973533038893e-02
-2.058052488283834691e-02
-2.059520326734620710e-02
-2.062803303862636994e-02
-2.059323025772208382e-02
-2.062078758225993624e-02
-2.062146071854975560e-02
-2.067998306442753176e-02
-2.066972919543808018e-02
-2.064777837513354086e-02
-2.068432657001295638e-02
-2.067889062704608705e-02
-2.072943404221661012e-02
-2.056410064288805017e-02
-2.059312182584527307e-02
-2.058836951238518509e-02
-2.057677587351314230e-02
-2.069337659090031423e-02
-2.068611560997268839e-02
-2.064538533069004700e-02
-2.072681247279639649e-02
-2.075924957515873359e-02
-2.070152136472991344e-02
-2.071669191883529493e-02
-2.069262911923175352e-02
-2.072780171956800643e-02
-2.073571167468202248e-02
-2.074689105703697578e-02
-2.077630695899834734e-02
-2.073950948127389893e-02
-2.065819314331740486e-02
-2.070933015255604914e-02
-2.066561789671439442e-02
-2.070399411768875098e-02
-2.064481916710114717e-02
-2.063671904047303940e-02
-2.058766508186060662e-02
-2.066145145952269502e-02
-2.067405851406256545e-02
-2.070169046658421053e-02
-2.076013769713647150e-02
-2.081121799517049453e-02
-2.081154252112682457e-02
-2.087401556393153612e-02
-2.088796470552800599e-02
-2.087627184593188190e-02
-2.095385959472650939e-02
-2.091756922994392198e-02
-2.087549632270935263e-02
-2.095560029894905085e-02
-2.086469371710286680e-02
-2.084532437594610599e-02
-2.088028519857232368e-02
-2.086387843452008894e-02
-2.094133997857028362e-02
-2.093293636371562627e-02
-2.090026537687705854e-02
-2.087565919567424544e-02
-2.098661241271138067e-02
-2.099599577250010896e-02
-2.099834284602941636e-02
-2.102291297937597392e-02
-2.098492298978804627e-02
-2.093452484762359234e-02
-2.102390409056020815e-02
-2.101470370940106136e-02
-2.097795329499696493e-02
-2.095135118816671138e-02
-2.103198616581281044e-02
-2.101428429644336404e-02
-2.105105324507938747e-02
-2.106460475154214862e-02
-2.112467560947095535e-02
-2.111166780893469763e-02
-2.113626589945027945e-02
-2.117082154758875845e-02
-2.122067447768216653e-02
-2.127105203146228973e-02
-2.124591607623393941e-02
-2.125278162412236327e-02
-2.120405067520181319e-02
-2.122563645494146556e-02
-2.124692629240954034e-02
-2.122108249000653757e-02
-2.119868878507347176e-02
-2.122728647651150879e-02
-2.129465887443515726e-02
-2.129089700705222299e-02
-2.127278263605170139e-02
-2.132508736280769313e-02
-2.129328875821911993e-02
-2.130970227306860920e-02
-2.136778872137767848e-02
-2.135471415967948872e-02
-2.138953828827361292e-02
-2.137582250129277384e-02
-2.129118815643060714e-02
-2.126585763222266223e-02
-2.129885147806298562e-02
-2.131464887236766970e-02
-2.125626844305372742e-02
-2.119865413278176902e-02
-2.126453010423112744e-02
-2.138381863185045972e-02
-2.144019429494825602e-02
-2.142696440802893676e-02
-2.147505113926584386e-02
-2.141077912837374697e-02
-2.137337137206962723e-02
-2.135588314096814599e-02
-2.140380016023613052e-02
-2.139883529369690507e-02
-2.145169729701912331e-02
-2.143694231017612140e-02
-2.146615507346538720e-02
-2.141154521464194715e-02
-2.145505375421308258e-02
-2.142883487930902220e-02
-2.143813334842903373e-02
-2.142334034131643250e-02
-2.141862206422118220e-02
-2.140981680903308870e-02
-2.150449801383658155e-02
-2.144107353819713069e-02
-2.149658815269717138e-02
-2.149837937611209782e-02
-2.150989371940070782e-02
-2.149748055277989067e-02
-2.148327150185558310e-02
-2.159958560626229485e-02
-2.154302997159973643e-02
-2.144336184779760401e-02
-2.152196843522169445e-02
-2.154500740672204984e-02
-2.149767762981014130e-02
-2.148690341751624544e-02
-2.150985716046172058e-02
-2.157890543487894774e-02
-2.152691151569108285e-02
-2.151771422682280388e-02
-2.150395489439915764e-02
-2.158014778830441571e-02
-2.156946094681622128e-02
-2.158847596366975097e-02
-2.161225766384511360e-02
-2.154705645848942197e-02
-2.155325876741009949e-02
-2.152270993948057765e-02
-2.150585886871425600e-02
-2.152773950152031546e-02
-2.160027077474424573e-02
-2.164910967148969689e-02
-2.161315541013308916e-02
-2.156388943703291261e-02
-2.159350232602541553e-02
-2.152046323061362898e-02
-2.161956201073245154e-02
-2.160190881275880770e-02
-2.161671377033336228e-02
-2.170928381375425431e-02
-2.157927848483787159e-02
-2.165439709869154683e-02
-2.169449659856326207e-02
-2.175937085070422938e-02
-2.177917420533503901e-02
-2.180569381053132361e-02
-2.177883756847798224e-02
-2.175948489714585321e-02
-2.174842176769153923e-02
-2.177419206134700858e-02
-2.181288919404700266e-02
-2.175818774057169946e-02
-2.177180062320971388e-02
-2.171541692665712731e-02
-2.173299080588897425e-02
-2.177399641151644971e-02
-2.184866227662674021e-02
-2.178291600239390391e-02
-2.169812234927803729e-02
-2.169493763757479599e-02
-2.173279339338840543e-02
-2.181264697036411349e-02
-2.187821368067943695e-02
-2.190994377473387544e-02
-2.192267869326691709e-02
-2.189323573511714471e-02
-2.192753277038050896e-02
-2.185528071261622074e-02
-2.189379654162948441e-02
-2.194481044036322714e-02
-2.198125786261684311e-02
-2.193312016536808073e-02
-2.187800034877263045e-02
-2.193257583317453907e-02
-2.191430363317969920e-02
-2.192792173829083424e-02
-2.191072048480080525e-02
-2.196787343505945955e-02
-2.189624596693029446e-02
-2.184765730385507254e-02
-2.185922643439397461e-02
-2.190025114515314897e-02
-2.199980904943110716e-02
-2.195559218891673936e-02
-2.197620212377415783e-02
-2.202534271100731189e-02
-2.208858970036864378e-02
-2.204104045728527694e-02
-2.204946323860212942e-02
-2.203925372103832103e-02
-2.205573006440353367e-02
-2.203475740960847418e-02
-2.202830539521194453e-02
-2.203565925262473968e-02
-2.204833278843665312e-02
-2.203988553535474182e-02
-2.205866616554175152e-02
-2.212008662184494767e-02
-2.210039486811510301e-02
-2.206268785036868962e-02
-2.197702125755540692e-02
-2.202451484281020555e-02
-2.203631545193296404e-02
-2.203537657677223649e-02
-2.194322258880454513e-02
-2.193290302875894326e-02
-2.195448703337810059e-02
-2.195631692394250933e-02
-2.203646240238299470e-02
-2.203851565284864478e-02
-2.209409050807842334e-02
-2.203056973075945280e-02
-2.201891262286181927e-02
-2.202658894030840031e-02
-2.203965741023417024e-02
-2.200409328509245199e-02
-2.203437923266804432e-02
-2.205091407997805675e-02
-2.199834636643949182e-02
-2.200651576917422858e-02
-2.206454653286549217e-02
-2.204064589817988917e-02
-2.212630091272238531e-02
-2.212568559464145324e-02
-2.215417450125123366e-02
-2.212314612302890282e-02
-2.209829290177012240e-02
-2.213734869180150611e-02
-2.219201118025893038e-02
-2.211892456995556699e-02
-2.213229356779322643e-02
-2.212633637883065774e-02
-2.212341984115084870e-02
-2.215390979483444767e-02
-2.219231655268139036e-02
-2.209418528949314009e-02
-2.202977892274127214e-02
-2.208365935040390582e-02
-2.219487026512112493e-02
-2.226566257689910344e-02
-2.231009868563305076e-02
-2.220094391089943997e-02
-2.218304661507630726e-02
-2.212054603867130709e-02
-2.218324379005665037e-02
-2.220531717721385689e-02
-2.222144582903595733e-02
-2.214411820900963335e-02
-2.213100774238974111e-02
-2.216089192244830031e-02
-2.208265553083954558e-02
-2.214672023482755492e-02
-2.214595241899353084e-02
-2.206306765899768152e-02
-2.214359504879581664e-02
-2.225904655433907919e-02
-2.221547810360746666e-02
-2.216221496879455799e-02
-2.212966049127906842e-02
-2.218278514556715209e-02
-2.213992065475167692e-02
-2.220080518123523916e-02
-2.226154131848900875e-02
-2.220971782972291919e-02
-2.223603517020578124e-02
-2.225968555651647307e-02
-2.222827585828746066e-02
-2.217890922664622622e-02
-2.223916774166134758e-02
-2.217973976717146911e-02
-2.214389663991944701e-02
-2.226671461480833614e-02
-2.226031871703604281e-02
-2.223719057414719202e-02
-2.224291724964366779e-02
-2.222755442084434208e-02
-2.227189247512484371e-02
-2.231801926016707682e-02
-2.225161012809806493e-02
-2.222176655753393959e-02
-2.223394324812488776e-02
-2.220832867208422101e-02
-2.224371045662287827e-02
-2.225122706762405755e-02
-2.233262425217752423e-02
-2.227699743290401102e-02
-2.222924645482038386e-02
-2.219175435187814571e-02
-2.224252228284129274e-02
-2.221749615114987364e-02
-2.229681574161190838e-02
-2.233601966639753300e-02
-2.235652767910600858e-02
-2.239671996319003711e-02
-2.238512574275830502e-02
-2.240334896018580935e-02
-2.240804574728549881e-02
-2.238450043512685284e-02
-2.250309229642333264e-02
-2.245670079110517747e-02
-2.247298331161218243e-02
-2.240206439478420464e-02
-2.239420517881640649e-02
-2.236850037084536780e-02
-2.236989108098086376e-02
-2.236885120244558323e-02
-2.237611776229186944e-02
-2.234947073618442914e-02
-2.240383435293935577e-02
-2.240270340413275107e-02
-2.243753331929632111e-02
-2.246512336125405795e-02
-2.244812278433094832e-02
-2.249955856350993599e-02
-2.246266836437449399e-02
-2.241305086715605910e-02
-2.243576819921599963e-02
-2.246674362904954592e-02
-2.248026849298234708e-02
-2.243946204278479684e-02
-2.249260610648562420e-02
-2.256051010613902008e-02
-2.254770511337333971e-02
-2.257053556363430857e-02
-2.248612989510334614e-02
-2.245686488909015566e-02
-2.253489506025552203e-02
-2.245938640838751610e-02
-2.246559502763112448e-02
-2.248428198291207991e-02
-2.249758573427840247e-02
-2.257267160590181732e-02
-2.259377360723036077e-02
-2.255558660414003214e-02
-2.252827737110152384e-02
-2.260103837337190669e-02
-2.258319205404646368e-02
-2.255786505726575797e-02
-2.251936229691864355e-02
-2.250922766468654856e-02
-2.253940953391619928e-02
-2.255845018919444556e-02
-2.257538832573224852e-02
-2.254199268388923372e-02
-2.251814111679983910e-02
-2.253661272313145503e-02
-2.256723157888096409e-02
-2.249948761313724788e-02
-2.249196532598496390e-02
-2.248423745965943965e-02
-2.253755038138471889e-02
-2.256394412368045721e-02
-2.252033345376958096e-02
-2.255067726529169647e-02
-2.258702507308463225e-02
-2.264248322719986106e-02
-2.262678808162910116e-02
-2.262731105368231965e-02
-2.265143523773183176e-02
-2.261704399599651083e-02
-2.277268385822495134e-02
-2.273254332054541749e-02
-2.277438434406953149e-02
-2.280247341672492212e-02
-2.279358682037013750e-02
-2.281385781466838125e-02
-2.283297257289262916e-02
-2.281432122916626781e-02
-2.282635141935784873e-02
-2.277317471006412575e-02
-2.279786209468070979e-02
-2.276419179782429580e-02
-2.274660519260152114e-02
-2.269127459319975060e-02
-2.268785724071342713e-02
-2.269533058275285953e-02
-2.275711695293658465e-02
-2.278428854471137299e-02
-2.273777450119496280e-02
-2.273786782476783230e-02
-2.277047484144567591e-02
-2.275576533519618749e-02
-2.279175985814596572e-02
-2.281799783052385067e-02
-2.284014219253016620e-02
-2.284766225449530452e-02
-2.286799899446378959e-02
-2.284199911567164065e-02
-2.293121318281876597e-02
-2.299263260864137237e-02
-2.292672408659335304e-02
-2.293655494829849317e-02
-2.289609306213336026e-02
-2.286898517041002776e-02
-2.293454286489371441e-02
-2.291925321631360646e-02
-2.290521906783382633e-02
-2.291019826052043129e-02
-2.303842655635790493e-02
-2.307653612413318456e-02
-2.299553925903730089e-02
-2.300170413859525809e-02
-2.290901629210218005e-02
-2.294156171219441376e-02
-2.289664675436675623e-02
-2.292368971878211426e-02
-2.298712893045440353e-02
-2.298239816120428713e-02
-2.291987233868653107e-02
-2.286082765052910304e-02
-2.287730444093583060e-02
-2.290910869624163126e-02
-2.294416987128933272e-02
-2.292805872138359291e-02
-2.295138563066245752e-02
-2.309613451261860462e-02
-2.297768670661248791e-02
-2.303345955406932433e-02
-2.310109942579785525e-02
-2.311417626886580479e-02
-2.304660271273739625e-02
-2.307327498393973997e-02
-2.311855813346141986e-02
-2.312497365164389862e-02
-2.307434855002377105e-02
-2.308020516593956017e-02
-2.303685317553139100e-02
-2.297973678754949844e-02
-2.308785880337538288e-02
-2.307728529873642742e-02
-2.307955488658919307e-02
-2.303301353360431847e-02
-2.305245482342321850e-02
-2.309860767282501115e-02
-2.301663223157213167e-02
-2.305824687197954859e-02
-2.310411913149046370e-02
-2.311430387467439118e-02
-2.310907008195073331e-02
-2.310745500218303050e-02
-2.317031110612255418e-02
-2.318192305270549980e-02
-2.316243399790707258e-02
-2.314466886785737643e-02
-2.313087552069070796e-02
-2.309531352426930084e-02
-2.306146892680871474e-02
-2.300851279801641169e-02
-2.300073947937875118e-02
-2.306656724922895307e-02
-2.307092346213934775e-02
-2.303699593735331064e-02
-2.307966492800339608e-02
-2.298465320560616476e-02
-2.295151496398339930e-02
-2.297968734584188155e-02
-2.302980454346581496e-02
-2.305237452317321356e-02
-2.304443452414517424e-02
-2.303813970991619442e-02
-2.306343829819468283e-02
-2.315697778172065568e-02
-2.320693147157015801e-02
-2.316738378768157247e-02
-2.316092738070629764e-02
-2.323127656464407664e-02
-2.317392204725976512e-02
-2.318797136652150925e-02
-2.313725711098157944e-02
-2.320642875346834444e-02
-2.316207292539473883e-02
-2.311445586173199729e-02
-2.315807525758728502e-02
-2.318634062475588564e-02
-2.320726784858173630e-02
-2.312531241233628521e-02
-2.316681171886081358e-02
-2.317298481734475502e-02
-2.318528451138313073e-02
-2.320591197699961583e-02
-2.313439353800106346e-02
-2.313539563988342707e-02
-2.320094887677903728e-02
-2.319219894390478487e-02
-2.317555041565988461e-02
-2.320713107524063901e-02
-2.321627908786183525e-02
-2.320820341559759470e-02
-2.323046719177135344e-02
-2.320299433503514308e-02
-2.316079256880954063e-02
-2.320847452902086161e-02
-2.315990998222439146e-02
-2.313973398566204764e-02
-2.315857579982782966e-02
-2.316263513608696201e-02
-2.317354262001458665e-02
-2.315480480364229265e-02
-2.315656376489982904e-02
-2.320083843221709685e-02
-2.323539775735383728e-02
-2.327299708633212560e-02
-2.321804807983163244e-02
-2.321793269799954373e-02
-2.324016934238670729e-02
-2.312167682229038235e-02
-2.309312653868822451e-02
-2.308106344022142764e-02
-2.323190458111668022e-02
