-4.534016194752504281e-01
-4.959183907950239778e-01
-5.766390767302882470e-01
-6.057273625385478644e-01
-6.439448208386027162e-01
-6.742647152494543050e-01
-7.097866401519465906e-01
-7.114755528728098355e-01
-7.157878860938882148e-01
-7.312863239636360202e-01
-7.181252732760192714e-01
-7.368927600489907359e-01
-7.345653486467336180e-01
-8.011643151836748133e-01
-7.704374654018528723e-01
-7.773962941177607888e-01
-7.885759154557787642e-01
-7.628410720410319090e-01
-7.943042078971886966e-01
-7.743351231862654060e-01
-7.709568926467920136e-01
-7.765999931073201967e-01
-7.753818210988641102e-01
-7.615449543873402671e-01
-7.340161857315663507e-01
-7.609216086530983247e-01
-7.603438670150655110e-01
-7.550102480083829004e-01
-8.118932725314986776e-01
-7.792210652641049506e-01
-7.635728422717771302e-01
-7.829780990734083179e-01
-7.538873453807288794e-01
-7.666230897079486795e-01
-7.469215261265791383e-01
-7.559814978453118783e-01
-7.622903359403787604e-01
-7.541760016495698826e-01
-7.794071109510053441e-01
-8.014354600948891960e-01
-7.425458270160464336e-01
-7.865077943091542956e-01
-7.657407587560189910e-01
-7.746505403924723865e-01
-7.848912392595556176e-01
-7.725814381038209611e-01
-7.994360584842150619e-01
-7.927865521674306581e-01
-7.548967372735102543e-01
-7.690325369705008907e-01
-7.738432663309415815e-01
-7.967829526073929580e-01
-7.573990606483962384e-01
-7.703244954512713516e-01
-7.585684018749816460e-01
-7.807723402300594806e-01
-7.510016491978213082e-01
-7.429368656707291407e-01
-7.588379475246187500e-01
-7.822137380704735632e-01
-7.554602307784468174e-01
-7.617983262938605726e-01
-7.515594206859507187e-01
-7.378906327614289662e-01
-7.341901639882099095e-01
-7.554205190260838698e-01
-7.456862550343482665e-01
-7.434838079945060851e-01
-7.651625996775648364e-01
-7.503295853447069508e-01
-7.555549131906983407e-01
-7.410732043054824025e-01
-7.212814333098082065e-01
-7.754262718365814155e-01
-7.455254333679031120e-01
-7.587141040056872843e-01
-7.693915482410046414e-01
-7.583071705137728324e-01
-7.335866296461932556e-01
-7.538867549922121380e-01
-7.249961438019688620e-01
-7.167285168250057126e-01
-7.341539458304305876e-01
-7.338337859785013517e-01
-7.271788354255124265e-01
-7.378407568061919886e-01
-7.102547263031389058e-01
-7.332431750285345329e-01
-6.996304877165411273e-01
-7.457128865912906468e-01
-7.142251083443261761e-01
-7.086826307080117404e-01
-7.159936555565129535e-01
-7.599714827083603463e-01
-7.289984264509197232e-01
-7.212059747965378076e-01
-7.137615752248829271e-01
-7.345811997819997607e-01
-7.174267408937279322e-01
-6.926717911296442765e-01
-7.010370427247236691e-01
-6.909904068289673962e-01
-7.056073571557321955e-01
-7.216208165723596579e-01
-7.076808803454671670e-01
-7.142293388143901023e-01
-7.045643501835923139e-01
-6.968562794699574292e-01
-7.057463596427475672e-01
-7.184225172909238788e-01
-6.923528958727301896e-01
-6.845869271584282822e-01
-6.728053090864226649e-01
-6.978456421498158146e-01
-6.710973966900062315e-01
-6.643827427880362180e-01
-6.535658348098811743e-01
-6.621609987825334276e-01
-6.705781948315607810e-01
-6.770611150549720181e-01
-6.769743982089713175e-01
-6.568307388137256675e-01
-6.728660829183786829e-01
-6.505939587694353765e-01
-6.869787638065196766e-01
-6.547976014839003156e-01
-6.846102685665881316e-01
-6.628363655508338059e-01
-6.372719896026458608e-01
-6.588070155758600777e-01
-6.567760994356897086e-01
-6.457805381253065580e-01
-6.460706278344823250e-01
-6.520538595945999383e-01
-6.778393360125115619e-01
-6.286356951508085267e-01
-6.425267835419923301e-01
-6.268103058337131106e-01
-6.450048997883688351e-01
-6.427980909812250898e-01
-6.292061797346750751e-01
-6.610504707754530918e-01
-6.342140348657435700e-01
-6.382867579473789910e-01
-6.560566280040440734e-01
-6.486036101206388294e-01
-6.351386954332562951e-01
-6.265812825564454069e-01
-6.446039561639778093e-01
-6.220149110512642743e-01
-6.417996782379419285e-01
-6.105130046424652734e-01
-5.964861598801554088e-01
-6.261185035967569146e-01
-6.435141266366353197e-01
-6.155926279958146008e-01
-6.309122905458313113e-01
-6.145766583198597477e-01
-6.040903637371179968e-01
-6.236805976263122275e-01
-6.106911242675407969e-01
-6.229812319865892789e-01
-6.279113139870217131e-01
-6.097427943925377569e-01
-5.842385519220445467e-01
-6.073337640562482820e-01
-6.152242452229467196e-01
-6.074962611939317414e-01
-6.015638883460300290e-01
-6.258903505595375671e-01
-5.902976439159801636e-01
-6.152530375711545707e-01
-5.840013416657023892e-01
-5.843290426797120851e-01
-6.001514746670034706e-01
-5.734203222883057505e-01
-6.159913657820922372e-01
-5.936228591800497556e-01
-6.125081277632865584e-01
-6.000260135621120483e-01
-5.933278293373134282e-01
-5.783259845987407388e-01
-5.945421381965116936e-01
-5.898523722344738429e-01
-6.022399486515829237e-01
-5.949907329142137824e-01
-5.924203350793848522e-01
-5.800795472363688976e-01
-5.823018904175227828e-01
-5.799988885393629889e-01
-5.948290596501906169e-01
-5.630833978300456844e-01
-5.798066506807038056e-01
-5.857174050216547023e-01
-5.887736159970303751e-01
-5.714010082484137776e-01
-5.736801227436589823e-01
-5.720850488868975958e-01
-5.651939076116592187e-01
-5.852919281320340117e-01
-5.590101548394208475e-01
-5.889144983089127372e-01
-5.565963290383820761e-01
-5.631617965443518337e-01
-5.480167044956605338e-01
-5.649314786434425084e-01
-5.747345526796393544e-01
-5.704455970414969990e-01
-5.481614097186009449e-01
-5.344436630196502946e-01
-5.776784584001122269e-01
-5.755374573165135121e-01
-5.642897802191302326e-01
-5.906721621574289038e-01
-5.482207879505005543e-01
-5.606903334674014916e-01
-5.545382136238912185e-01
-5.774530923972753804e-01
-5.525581695812672445e-01
-5.425171424929579045e-01
-5.517605388760090657e-01
-5.614036311429728698e-01
-5.628575255695325019e-01
-5.488552845342790087e-01
-5.515277571361884013e-01
-5.646259202378779429e-01
-5.474927376444443938e-01
-5.469157398140771509e-01
-5.363832227847193934e-01
-5.448535805919817454e-01
-5.387098462641316532e-01
-5.541965554282310968e-01
-5.388683574022553602e-01
-5.237094884937597561e-01
-5.277708881429213905e-01
-5.265179707676813647e-01
-5.268417607201353325e-01
-5.514981490145868248e-01
-5.558836101398810792e-01
-5.286743011798256120e-01
-5.081745304070256486e-01
-5.285562488020815186e-01
-5.390907277503440564e-01
-5.485297644078488410e-01
-5.327236806692590143e-01
-5.246956746391437942e-01
-5.113007633057436996e-01
-5.369570111631919440e-01
-5.455566445345210180e-01
-5.223805733305606491e-01
-5.292872298022599509e-01
-5.170350682369346806e-01
-4.985325001767406672e-01
-5.228988217767140956e-01
-5.286298105433355765e-01
-5.157204802318791081e-01
-5.024653835328224405e-01
-4.993765958879621270e-01
-5.301652204414208924e-01
-5.059327693697898143e-01
-5.171580534852112665e-01
-5.028890946423891783e-01
-5.163177397447169525e-01
-4.885103547728841811e-01
-4.967052878572564278e-01
-5.005188956061326078e-01
-5.058723242968452549e-01
-4.985484292429375186e-01
-5.099765399840199276e-01
-5.207586438810986040e-01
-5.076618825040636329e-01
-4.951630519546452169e-01
-4.838236094615409044e-01
-5.015736331230533640e-01
-5.331281273167711721e-01
-5.068016907902496149e-01
-5.228569600657713146e-01
-4.962117243530933530e-01
-4.881866776243537487e-01
-5.168986586122852334e-01
-4.925530526992448199e-01
-5.128241042457792886e-01
-5.058279791097400890e-01
-4.995531230623070362e-01
-4.905806573553202488e-01
-5.076208590429639456e-01
-4.689592579082157431e-01
-4.874146602411071338e-01
-4.869009965651986405e-01
-4.972873106835098977e-01
-4.736309176286453981e-01
-5.167743344291524377e-01
-4.905680499451051668e-01
-4.897362159785609848e-01
-4.982145070234811346e-01
-4.976799453849731214e-01
-4.832876002530963611e-01
-4.915602612473055633e-01
-4.872464807163659484e-01
-4.760860513190730559e-01
-4.735128235335345215e-01
-4.677359899025190226e-01
-4.920835320857237516e-01
-4.939536078885903292e-01
-4.875886279573197202e-01
-4.965604472466426667e-01
-4.771555210439088479e-01
-4.741375085929903088e-01
-4.765334285099894207e-01
-4.729742668984365239e-01
-4.903413955013020686e-01
-4.724622642909777070e-01
-4.903369139605581184e-01
-4.502553044545499206e-01
-4.725234623997219829e-01
-4.639949885048125777e-01
-4.641155990774652462e-01
-4.897125339772113728e-01
-4.757546143611694478e-01
-4.600389987620301380e-01
-4.511713796633572970e-01
-4.788111721019302491e-01
-4.533224503239556280e-01
-4.948763807677720172e-01
-4.818898788442279590e-01
-4.739133277436850533e-01
-4.889156191670209761e-01
-4.717631392110514521e-01
-4.947734095081486871e-01
-4.831750531606478494e-01
-4.725769641674210098e-01
-4.825341691167210345e-01
-4.545570591202537369e-01
-4.643439229091171350e-01
-4.645254903360741539e-01
-4.453529428467855600e-01
-4.692975567084124444e-01
-4.453366958408042642e-01
-4.592740489306206819e-01
-4.768208531959258201e-01
-4.664804774357754757e-01
-4.795770025968701944e-01
-4.490494659925514664e-01
-4.603789755143609663e-01
-4.634535821312197879e-01
-4.494407821132185843e-01
-4.629410775662836652e-01
-4.760719888864511917e-01
-4.668889813402485878e-01
-4.509524720350640559e-01
-4.591300258790530497e-01
-4.407787434797638126e-01
-4.592523713149251896e-01
-4.477420926766417786e-01
-4.490504505527809220e-01
-4.626864864512145736e-01
-4.635147341434541768e-01
-4.433164863281746637e-01
-4.283595086079950987e-01
-4.494566452564092152e-01
-4.600072774922887575e-01
-4.519080259958002110e-01
-4.401956068576806658e-01
-4.816271638293637136e-01
-4.428556594683680236e-01
-4.627248885570099390e-01
-4.574694598608421980e-01
-4.485328565709439941e-01
-4.349628742609935594e-01
-4.479671581063334740e-01
-4.578969372496414225e-01
-4.762727568413515078e-01
-4.405268941521466863e-01
-4.558961187469511289e-01
-4.573648306970856114e-01
-4.506984952605773143e-01
-4.468083329285655325e-01
-4.196529170297532696e-01
-4.540828002119797757e-01
-4.502318571293869032e-01
-4.552684520099115617e-01
-4.508402032326334630e-01
-4.436530011369726467e-01
-4.305799613044603569e-01
-4.456102264485070630e-01
-4.487441139329759743e-01
-4.401337657512789936e-01
-4.544075154296330910e-01
-4.507691790851410252e-01
-4.489003301356140896e-01
-4.596815029745516812e-01
-4.323562653233679054e-01
-4.493133739262047954e-01
-4.400142961435746791e-01
-4.267978838413189480e-01
-4.488358702477195372e-01
-4.642911914979332977e-01
-4.396284092248909925e-01
-4.336287326396212616e-01
-4.243149444244926904e-01
-4.364044733333560799e-01
-4.257558998419723184e-01
-4.339433606399207277e-01
-4.350398714542461631e-01
-4.044255633185974141e-01
-4.257770211696428886e-01
-4.601914878426316968e-01
-4.226625772169522177e-01
-4.328293592443555604e-01
-4.390632087293814823e-01
-4.204083139008795156e-01
-4.140615465753944013e-01
-4.507500974108151204e-01
-4.273700110133709096e-01
-4.204194190169562306e-01
-4.196813607034627358e-01
-4.298626790559396671e-01
-4.351256117860869410e-01
-4.643633500094491717e-01
-4.494681288746606440e-01
-4.255657789295426152e-01
-4.351671499231158924e-01
-4.447193735801290848e-01
-4.313160430281541835e-01
-4.144289239911209677e-01
-4.274228357846406312e-01
-3.987308515991054847e-01
-4.312612180800084460e-01
-4.316042227438078860e-01
-4.408745619651899261e-01
-4.329754467217661884e-01
-4.595212712693339530e-01
-4.317021318969197496e-01
-4.226509808714465910e-01
-4.206025268527194827e-01
-4.383859192561484486e-01
-4.580509428714073517e-01
-4.161164406700573193e-01
-4.196954534226425837e-01
-4.271724363328142648e-01
-4.348643300628365349e-01
-4.293431974465444778e-01
-4.402502251057040517e-01
-4.293710608081843239e-01
-4.146343440903580979e-01
-4.176956360433353721e-01
-4.127201860617709661e-01
-4.345826553801960257e-01
-4.270232682669113933e-01
-3.982504771858900727e-01
-4.219304597265529644e-01
-4.222387480360152434e-01
-4.198774541336533495e-01
-4.113940355612395461e-01
-4.251537466466486781e-01
-4.118713677449425958e-01
-4.336794627026008819e-01
-4.130357286231323699e-01
-4.382737252510273684e-01
-4.422524586215498266e-01
-4.133684344541145861e-01
-3.984125275510548292e-01
-4.166314698410086281e-01
-4.134225464151588536e-01
-4.320971427306008472e-01
-4.379395137993523091e-01
-4.072594851392793425e-01
-4.284457777408299251e-01
-4.135758364970827938e-01
-4.354478101103106402e-01
-4.180008937327001073e-01
-3.915562037300388543e-01
-4.152856871722410692e-01
-4.360189667243378198e-01
-4.153846908629020840e-01
-4.066192136365341936e-01
-4.022541584121766545e-01
-4.048271302749102407e-01
-4.330983702052265683e-01
-4.123811911684088782e-01
-4.020833232085675446e-01
-4.138846338060293006e-01
-4.115216765956939415e-01
-4.162956684560246701e-01
-4.208933114261181885e-01
-4.331091695226468863e-01
-3.998002791898278563e-01
-4.141944013478223718e-01
-4.304369466677249179e-01
-4.140510898850521260e-01
-3.898139316702547985e-01
-3.987992453075390742e-01
-4.153233090338177003e-01
-4.253795214031946270e-01
-4.193133470800699536e-01
-4.287953649379054877e-01
-3.845567829233098589e-01
-3.963250978182195627e-01
-4.183047468785400236e-01
-4.197716864575672391e-01
-4.063982414321178904e-01
-4.106043391090493655e-01
-3.846433256396651901e-01
-4.106437722431223181e-01
-4.183538216346225358e-01
-3.895426881202755931e-01
-4.132964583422269467e-01
-4.054772626219653731e-01
-3.816945541279102017e-01
-3.964831449677587161e-01
-3.991794517970914669e-01
-4.198480162333275700e-01
-4.146676140721247128e-01
-3.998231034590274957e-01
-4.150496037315768438e-01
-4.139398390465834909e-01
-4.057046135475381732e-01
-4.080676918544262621e-01
-4.161631733167617253e-01
-3.938172356422912079e-01
-4.142092050290681060e-01
-4.166502917285960783e-01
-4.023187611459330681e-01
-4.194998638390212697e-01
-4.000269728525511770e-01
-4.028800651065938543e-01
-4.117049470594850158e-01
-4.027030593592326735e-01
-4.075763763849056254e-01
-4.152672551171985305e-01
-4.072656792827554773e-01
-3.933929877776629613e-01
-3.975148092043071513e-01
-4.132126270144126368e-01
-4.360669253902630382e-01
-4.014106393292466990e-01
-3.992775520360124508e-01
-4.204264753201045757e-01
-4.075132125389493432e-01
-4.048543193853163524e-01
-3.845618373111724941e-01
-4.139790994749952824e-01
-3.931116312961511761e-01
-4.011963991628213488e-01
-4.114780136153968759e-01
-4.251817465456639855e-01
-3.883707513436363001e-01
-3.885254400378536643e-01
-4.304050498638296030e-01
-3.935643774100751613e-01
-3.827105594542376532e-01
-4.311460591239886786e-01
-3.764559987705847210e-01
-4.219358121044761156e-01
-3.972220448851473407e-01
-4.053381457817823996e-01
-3.990251095580067964e-01
-4.022018786395724632e-01
-3.949528461531188195e-01
-4.066005793353045794e-01
-4.035527581522422302e-01
-3.999072842414833628e-01
-4.056083105659393784e-01
-3.779375836569208724e-01
-4.015244112078032446e-01
-4.098764531204265316e-01
-3.821617489722305416e-01
-4.175484464955565578e-01
-3.812643066245887669e-01
-3.899504647706811822e-01
-3.592189698442597168e-01
-3.832277062960919300e-01
-4.046349143278242799e-01
-3.948837278515983096e-01
-3.969609731773382499e-01
-4.054517998504623133e-01
-4.051579094845405016e-01
-3.816089439431369912e-01
-4.101412244426788090e-01
-4.140511277981662741e-01
-3.963535258578418929e-01
-4.414807091045366283e-01
-3.765120052828523356e-01
-4.080380290838647728e-01
-4.148351830116691619e-01
-4.067840435436248514e-01
-4.073162662457426308e-01
-3.989724385667874351e-01
-3.961517541489909533e-01
-3.869884014149774787e-01
-3.971570280289657973e-01
-4.003192543112758517e-01
-3.801153722264754009e-01
-3.933823230752903077e-01
-3.948326356349471933e-01
-3.777498143974324374e-01
-4.093841871317490666e-01
-3.822048367751799680e-01
-3.805342765544273975e-01
-4.071377282565976641e-01
-3.857491852580322012e-01
-3.894202365557170031e-01
-4.028773485789634012e-01
-3.831589481626149207e-01
-4.014380451328486976e-01
-3.944857266482719726e-01
-3.753035430857877830e-01
-4.046658804647195740e-01
-3.695025220982127157e-01
-4.075231282523534282e-01
-3.925032609632713720e-01
-3.935000836190283291e-01
-3.755200376714561417e-01
-4.143185013912485948e-01
-3.737220936297197538e-01
-3.809407015705728594e-01
-3.978654297850077737e-01
-3.795818720684372427e-01
-3.968404781529490943e-01
-4.037079657679919498e-01
-3.822268725853698590e-01
-3.773617416521876100e-01
-3.755718823706558629e-01
-3.748987191744697078e-01
-3.847778591704382189e-01
-3.916308703204282038e-01
-3.872635325185093125e-01
-3.786526981929383973e-01
-3.771642135039969257e-01
-3.946575180079543443e-01
-3.702682204102082375e-01
-3.939865961132132388e-01
-3.854272181406704356e-01
-3.688441494256433639e-01
-3.959910240906868162e-01
-4.097881526720816847e-01
-3.733081198199195150e-01
-4.005859406949615620e-01
-3.707906488329528738e-01
-4.026115796780146416e-01
-3.814868356934853488e-01
-3.738381539957802424e-01
-3.837092611687109578e-01
-3.770659231093620445e-01
-3.873783745430576242e-01
-4.151005668676897020e-01
-3.761340994471379373e-01
-3.830842677567538601e-01
-3.658587323710418837e-01
-3.775359013793823659e-01
-3.704832615097879422e-01
-3.777135551589893003e-01
-3.918956251317111672e-01
-3.762639467920335656e-01
-3.982367336138894487e-01
-3.828940258966626042e-01
-3.968249402879431842e-01
-3.908288221913649441e-01
-3.881736464727151281e-01
-3.815577326148636428e-01
-3.657532594739261733e-01
-3.725217179278607071e-01
-3.673968945400660213e-01
-4.053614848339591736e-01
-3.763778256794821919e-01
-3.785490382275534804e-01
-4.008376064583310527e-01
-3.803006738204817161e-01
-3.692456025836288180e-01
-3.946489169143859166e-01
-3.658807137746881710e-01
-4.025609800699201934e-01
-3.793558832214484200e-01
-3.676792352574401179e-01
-3.738141089701076947e-01
-3.996841772376845681e-01
-3.520209040261650379e-01
-3.772609519020619362e-01
-3.775968900315882504e-01
-3.672272518023304011e-01
-3.600056567723061152e-01
-3.774381300468115930e-01
-3.675843302248192335e-01
-3.874439753035403555e-01
-3.619801493679339899e-01
-3.883801871740326095e-01
-3.848841057211754846e-01
-3.731685504222982952e-01
-3.766498960972084475e-01
-3.798213201474509582e-01
-3.680784022346292872e-01
-3.846329787042924164e-01
-3.924937819241347547e-01
-3.665238163914151803e-01
-3.794036804183039124e-01
-3.721411468697355951e-01
-3.557823321579904330e-01
-3.861267139775171886e-01
-3.493274463443850064e-01
-3.834108601079025402e-01
-3.487435126424472953e-01
-3.710152330251591524e-01
-3.727653712100246208e-01
-3.554468991216948037e-01
-3.833560443712201726e-01
-3.913016828625385246e-01
-3.687048624776062544e-01
-3.682665461693381825e-01
-3.727251058428939778e-01
-3.329363797966419236e-01
-3.787574200967205318e-01
-3.761268020635393228e-01
-3.628490822161601903e-01
-3.664510854077226432e-01
-3.818208072183788548e-01
-3.768213670907522017e-01
-3.788975866422651384e-01
-3.759897937052391059e-01
-3.404018747886035090e-01
-3.696929708691381045e-01
-3.693585561601734346e-01
-3.483535373119798217e-01
-3.797563246033566209e-01
-3.625492958661543086e-01
-3.888268104232464051e-01
-3.594402512186947174e-01
-3.608075170963595535e-01
-3.805132621798622550e-01
-3.673667504330239697e-01
-3.759496834094093187e-01
-3.733281349564718798e-01
-3.738447479424823472e-01
-3.821288777491165245e-01
-3.572203238793412727e-01
-3.593077036781365807e-01
-3.545758195329191675e-01
-3.704885554716599305e-01
-3.658330723317534949e-01
-3.555434709104654534e-01
-3.760798088931366912e-01
-3.556518757559632427e-01
-3.748255628339600687e-01
-3.621446388803244432e-01
-3.698502340487270779e-01
-3.725975859132227841e-01
-3.321929620412161777e-01
-3.577978138457738044e-01
-3.815513876858345199e-01
-3.556318064562912218e-01
-3.420531405706230821e-01
-3.640897487215706274e-01
-3.672096571861890313e-01
-3.837950491693900013e-01
-3.574795694062700147e-01
-3.505222509921435137e-01
-3.757256789664777941e-01
-3.602090137230102851e-01
-3.659368593290709404e-01
-3.626562511298507818e-01
-3.627914844409670936e-01
-3.594919307321321478e-01
-3.620773119295913611e-01
-3.711713100257242326e-01
-3.557729059890067935e-01
-3.534320282561101978e-01
-3.637341638703505131e-01
-3.689535371459258251e-01
-3.709981554273047433e-01
-3.672599523842612346e-01
-3.638026569651742204e-01
-3.448510430814559768e-01
-3.452405361434887077e-01
-3.644168579015966136e-01
-3.573877436771275562e-01
-3.569649215519652419e-01
-3.441284978473611034e-01
-3.648047900329638438e-01
-3.484868142190413742e-01
-3.592644690508339789e-01
-3.542058577137903175e-01
-3.740907838979603550e-01
-3.609550503674787691e-01
-3.484064633226024998e-01
-3.507847774061165769e-01
-3.666683945160160718e-01
-3.475480055252404554e-01
-3.889565746580434524e-01
-3.688957657181892724e-01
-3.545364371588228813e-01
-3.685135075648890979e-01
-3.468132823932588149e-01
-3.629519784594670284e-01
-3.540699500873019101e-01
-3.972352008434791859e-01
-3.534296532395901913e-01
-3.509914769020650027e-01
-3.633744333670159143e-01
-3.485492553723299469e-01
-3.935100214541482622e-01
-3.617991258369652741e-01
-3.692514545865930309e-01
-3.534744331459278577e-01
-3.782618999348128508e-01
-3.550472192023876872e-01
-3.527709551268254362e-01
-3.680393773517856015e-01
-3.398298781313517924e-01
-3.531057874910337180e-01
-3.612975636915398692e-01
-3.599003510714899878e-01
-3.704330302393172847e-01
-3.617293772670139296e-01
-3.576659603580705227e-01
-3.474762648938414245e-01
-3.590481338494527774e-01
-3.669267627099571660e-01
-3.607295271049550944e-01
-3.645788682283712667e-01
-3.596406638260143396e-01
-3.385846981545509449e-01
-3.576736009391164872e-01
-3.585876950262817386e-01
-3.738661696664205003e-01
-3.427210762919302711e-01
-3.805682190828708622e-01
-3.516916251303433549e-01
-3.795594216249797981e-01
-3.515285220178390180e-01
-3.525958062646743496e-01
-3.526254207602729229e-01
-3.396924000096576135e-01
-3.793933597997425355e-01
-3.315247252582782522e-01
-3.703399819222816802e-01
-3.505329003804565913e-01
-3.660618161717448249e-01
-3.566987558262020297e-01
-3.778383437778466414e-01
-3.305607010823591319e-01
-3.614811022237631732e-01
-3.710169458917030871e-01
-3.524267843157340430e-01
-3.540116330931942779e-01
-3.420025634868432141e-01
-3.936577282300233183e-01
-3.569078014841321478e-01
-3.540954449097875045e-01
-3.394731079909982241e-01
-3.752927217244956815e-01
-3.684090136408824656e-01
-3.837355752246283114e-01
-3.654624885024393977e-01
-3.640820332664089776e-01
-3.472774989221282249e-01
-3.636601554322910768e-01
-3.682820876974982616e-01
-3.762857307196806333e-01
-3.589133366569741135e-01
-3.705316792527235670e-01
-3.831621615625285249e-01
-3.484504964419574691e-01
-3.668120039180184921e-01
-3.634210812296125859e-01
-3.651386831885886641e-01
-3.613419157348529698e-01
-3.419439141261979564e-01
-3.712617860418438998e-01
-3.485032855127790929e-01
-3.604686787111861523e-01
-3.550431262087830886e-01
-3.327705956515321084e-01
-3.499812984929413506e-01
-3.292073324293490755e-01
-3.523363613893948365e-01
-3.799107572542732569e-01
-3.608850922878870104e-01
-3.610335816487139082e-01
-3.662150485714812387e-01
-3.539966302313064528e-01
-3.477119671367328024e-01
-3.616530163253827146e-01
-3.774386437128657290e-01
-3.705758103344105603e-01
-3.533117543483480505e-01
-3.745477503953084097e-01
-3.863593563832415922e-01
-3.561449748104674740e-01
-3.619193521103613032e-01
-3.795389116985107281e-01
-3.610251797133955387e-01
-3.837054475541129550e-01
-3.668175855081384773e-01
-3.629845756758482977e-01
-3.660647951328721561e-01
-3.706729541495583646e-01
-3.687572252088817670e-01
-3.608385613305268302e-01
-3.439354553275238979e-01
-3.570289408259561537e-01
-3.555203619737328236e-01
-3.570858492268680351e-01
-3.860087846636890418e-01
-3.510605875743508797e-01
-3.615762363375375488e-01
-3.837360998316072802e-01
-3.557676117628141288e-01
-3.646380020576099890e-01
-3.590765008080922804e-01
-3.738449001408646888e-01
-3.810879678058041176e-01
-3.665466450108304519e-01
-3.689749094417230646e-01
-3.658435446819238157e-01
-3.832305454928071065e-01
-3.614726212306209607e-01
-3.768606367318703132e-01
-3.537302989458064317e-01
-3.536514014572634812e-01
-3.904869908173469462e-01
-3.633716010762468862e-01
-3.860895360171613389e-01
-3.397705723948781786e-01
-3.640103439390076634e-01
-3.616807917690771923e-01
-3.718660345886725116e-01
-3.689438556758993792e-01
-3.669759233667434506e-01
-3.685386007519654283e-01
-3.515058942962050459e-01
-3.720967702408438660e-01
-3.739388124555651505e-01
-3.599225405971927527e-01
-3.771984711796613210e-01
-3.621341160533174675e-01
-3.675105338235722385e-01
-3.607770149717394181e-01
-3.620257488298073145e-01
-3.855717174226792610e-01
-3.559831313814800779e-01
-3.658016350051254140e-01
-3.772209313779235629e-01
-3.638049967557956954e-01
-3.703819348133517986e-01
-3.727798954050508540e-01
-3.684191034364742157e-01
-3.686283122444130589e-01
-3.712245364241909540e-01
-3.646630748605146355e-01
-3.508476103610815855e-01
-3.471693100208634863e-01
-3.734323939960303429e-01
-3.653084132163353370e-01
-3.592673125436273152e-01
-3.625163908121915579e-01
-3.748929719593587784e-01
-3.702431253021931656e-01
-3.570749453786720151e-01
-3.594853118079208709e-01
-3.720794949335829438e-01
-3.559172485189243673e-01
-3.619933280736656878e-01
-3.529501832232124769e-01
-3.706183220243297605e-01
-3.495896452686197975e-01
-3.679937618706182745e-01
-3.653695332294483178e-01
-3.648278927147313722e-01
-3.630153151705112213e-01
-3.534309159889624796e-01
-3.462381425469547302e-01
-3.664965505734446571e-01
-3.606211098717605479e-01
-3.612869056789951294e-01
-3.434637917265431772e-01
-3.718409846606907099e-01
-3.486748548699087902e-01
-3.598635123445571571e-01
-3.857360507093919866e-01
-3.588090969040729217e-01
-3.874227440462546523e-01
-3.648272800336636035e-01
-3.850366825221015477e-01
-3.805845112128581897e-01
-3.572575662839005961e-01
-3.594147555762543522e-01
-3.921422180336556762e-01
-3.603232304506286399e-01
-3.677345421820936711e-01
-3.576158713018570134e-01
-3.745227299089803896e-01
-3.567934165910434663e-01
-3.689339507521615102e-01
-3.784902149453391873e-01
-3.731228816863845221e-01
-3.580222308226366223e-01
-3.544415031399348326e-01
-3.538998286918160208e-01
-3.612445816617650962e-01
-3.581541589920343993e-01
-3.561359373716844745e-01
-3.472270794918390635e-01
-3.800460532594729379e-01
-3.602174744831475595e-01
-3.722388486607266511e-01
-3.706539389063601142e-01
-3.597578188150620804e-01
-3.720477047537333881e-01
-3.595920076675499510e-01
-3.561613437159474316e-01
-3.586296370941427503e-01
-3.642804183725435463e-01
-3.641014225713743446e-01
-3.500242120013791203e-01
-3.682142706991445857e-01
-3.917259752470289014e-01
-3.499855576380801470e-01
-3.588405206115011792e-01
-3.539054627164818223e-01
-3.651701210418372145e-01
-3.599311875136336214e-01
-3.606764159964075400e-01
-3.766835836451051245e-01
-3.721319390147900252e-01
-3.597399497221196452e-01
-3.599103374228190821e-01
-3.546069131043629863e-01
-3.776171592424789614e-01
-3.588361292591706331e-01
-3.508400026086697654e-01
-3.755118964058494768e-01
-3.526229637402980011e-01
-3.730545005309120477e-01
-3.648804653505222095e-01
-3.559977846833013437e-01
-3.551977341998596716e-01
-3.811769212208296898e-01
-3.582748962555823979e-01
-3.679285357800772260e-01
-3.588017831677852154e-01
-3.704125647660987397e-01
-3.670038280185553559e-01
-3.589422043086014646e-01
-3.539768237270488616e-01
-3.735436216633971629e-01
-3.605549325318504472e-01
-3.658249053595037381e-01
-3.703231825466805072e-01
-3.518157814183821008e-01
-3.735737093328604930e-01
-3.607415278469258135e-01
-3.701022360960810609e-01
-3.507591283427519135e-01
-3.440536981842815534e-01
-3.766837707264957258e-01
-3.609129861175444098e-01
-3.863019337018347432e-01
-3.602078327819119297e-01
-3.927464155343672880e-01
-3.597202653946098838e-01
-3.874593566868216321e-01
-3.685211199142948146e-01
-3.421577415681835710e-01
-3.720359525250159782e-01
-3.825506448738535958e-01
-3.714120284804554029e-01
-3.629982299348677444e-01
-3.774864258888759316e-01
-3.820919441023158392e-01
-3.754289367936965993e-01
-3.655760664259359860e-01
-3.532053919856740221e-01
-3.853374132839736399e-01
-3.554379069800542856e-01
-3.965360146886062198e-01
-3.759146170465286207e-01
-3.607246586466354987e-01
-3.834976513714561941e-01
-3.685604568174793982e-01
-3.834964350420843049e-01
-3.896631693553336273e-01
-3.727220030052078581e-01
-3.702375608274434127e-01
-3.662207185373665963e-01
-3.576328047055973292e-01
-3.679182118569328530e-01
-3.529216892742575995e-01
-3.771352955832245613e-01
-3.764871602658499405e-01
-3.867898488327231599e-01
-3.713196498341346796e-01
-3.440380445918255203e-01
-3.862890520742976452e-01
-3.680035617889078070e-01
-3.780771379299077140e-01
-3.650524242045987133e-01
-3.591170557657955564e-01
-3.672694047951268193e-01
-3.617966019328566762e-01
-3.647753305952593506e-01
-3.561391797744233312e-01
-3.907969032537749188e-01
-3.575350913739293590e-01
-3.685780254744223106e-01
-3.560919619134524927e-01
-3.930373072930799516e-01
-3.798013481644042511e-01
-3.810633106948075888e-01
-3.733533404562640046e-01
-3.766219410533964140e-01
-3.911739144971652093e-01
-3.508947486092420798e-01
-3.863016792370141950e-01
-3.858415497673208794e-01
-3.609938014985244470e-01
-3.612998617720317718e-01
-3.722289496448696333e-01
-3.726053965071824958e-01
-3.749420340666492768e-01
-3.967417075550482286e-01
-3.529004717810005909e-01
-3.699705188433632941e-01
-3.792699032744542009e-01
-3.994327169944422717e-01
-3.739811738558915799e-01
-3.717215991037311484e-01
-3.677829873896392154e-01
-3.771045440146415517e-01
-3.696563771855154723e-01
-3.783253362800426123e-01
-3.674693495693767131e-01
-3.838553033324334507e-01
-3.899654998638973913e-01
-3.702146466534630420e-01
-3.755153369749815173e-01
-3.789953896975142289e-01
-3.475476181711240065e-01
-3.843927555199658785e-01
-3.866747891145607685e-01
-3.807684630180262486e-01
-3.544440101846284552e-01
-3.789847336359176699e-01
-3.781855287046780312e-01
-3.733269847457221235e-01
-3.722011478939964979e-01
-3.621074887118401753e-01
-3.763984489179242887e-01
-3.667454112360444274e-01
-3.835540378225300584e-01
-3.544571647504449752e-01
-3.825273312114233493e-01
-3.722662935473387558e-01
-3.643757251547991016e-01
-3.621889684657364494e-01
-3.649604493360826263e-01
-3.674182167880318817e-01
-3.764221100020250788e-01
-3.578272044036549526e-01
-3.640740079802265994e-01
-3.612111332655323914e-01
-3.872367531571351273e-01
-3.716058251027617443e-01
-3.717095933671088481e-01
-3.810324172879651083e-01
-3.608530496422668876e-01
-3.893979447163349317e-01
-3.799299839131567991e-01
-3.764053197839649645e-01
-3.888818869699434688e-01
-3.739798668315268415e-01
-3.802356216253676147e-01
-3.633434382300012033e-01
-4.066165850874363663e-01
-3.621712454473974274e-01
-3.842671376171990505e-01
-3.751167470940224291e-01
-3.912720531734940610e-01
-3.846904256967358382e-01
-3.511815689938364571e-01
-3.741537120484641488e-01
-3.677216421397647150e-01
-3.658883692020415968e-01
-3.704670008108723045e-01
-3.679050337125350789e-01
-3.629407866479458233e-01
-3.866916110285112951e-01
-3.674367403308490543e-01
-3.571351806443770482e-01
-3.801503107609318644e-01
-3.890759202061722655e-01
-3.654252805151751993e-01
-3.736557292654221762e-01
-3.614739948684086990e-01
-3.718462254610688800e-01
-3.874743733408803625e-01
-3.629191695194236567e-01
-3.550148168516048530e-01
-3.843699159035441348e-01
-3.583633097283652758e-01
-3.840508226808206915e-01
-4.034038339248059435e-01
-3.719643270759481757e-01
-3.552580286285110245e-01
-3.573926200142154563e-01
-3.711158998586048807e-01
-3.770586729439092122e-01
-3.674247613345115182e-01
-3.802628901961173091e-01
-3.765031966719924461e-01
-3.636061501132357709e-01
-3.997327825442261728e-01
-3.848080728893915059e-01
-3.950876487389772818e-01
-3.958624412425530426e-01
-3.794404191722995368e-01
-3.624683003705784223e-01
-3.980824498853535731e-01
-3.486915354197404060e-01
-3.710440257281016341e-01
-3.900779516355059595e-01
-3.665923420299453395e-01
-3.630031514295842254e-01
-3.834005612570169919e-01
-3.983895060302710678e-01
-3.901674022801496222e-01
-3.913950010279926284e-01
-3.815505707068153618e-01
-3.827164912097136273e-01
-3.638585009078194599e-01
-3.817237693105691720e-01
-3.981426329493720218e-01
-3.817492308812274193e-01
-3.941089328623597066e-01
-3.642982443617151511e-01
-3.863318893044382918e-01
-3.765415471287522076e-01
-3.803489940039963546e-01
-3.819623484244695222e-01
-3.777117646065363266e-01
-3.699096637462069292e-01
-3.752093666072769951e-01
-3.774643983502862232e-01
-3.863304795378266765e-01
-3.681368049342891857e-01
-3.834062615886527081e-01
-3.784345571174311251e-01
-3.695535217138826711e-01
-3.888558513262965755e-01
-3.695805445075306395e-01
-3.842422303938340389e-01
-3.681851720011817819e-01
-3.800186454066196706e-01
-3.658553599624996266e-01
-3.685401382787828473e-01
-3.880254243743111453e-01
-3.721222488574383869e-01
-3.769028175241778134e-01
-3.809477735259026443e-01
-3.758346631400363846e-01
-3.698826437250503085e-01
-3.577842336706961723e-01
-3.777899568850179857e-01
-4.023966447355171727e-01
-3.729135085882112066e-01
-3.936637662020362471e-01
-3.634681741572878266e-01
-3.863369813496407845e-01
-3.820086796382911043e-01
-3.729827234213031195e-01
-3.718867714986180406e-01
-3.779814893470613280e-01
-3.845134996363888669e-01
-3.879081103793939334e-01
-3.782847282743154738e-01
-3.907582356075701702e-01
-3.886054083966111738e-01
-3.736634127493684288e-01
-3.855772563493486960e-01
-3.794096631764202199e-01
-3.947526296596225448e-01
-3.929375832862721518e-01
-3.781861260440263495e-01
-3.784576311471992138e-01
-3.648246387699395354e-01
-3.983684471517056069e-01
-3.664364306304410679e-01
-3.898073599569250591e-01
-3.748928039112876531e-01
-3.830737615799804097e-01
-3.785907844500522867e-01
-3.849784305696301034e-01
-3.641361552847205418e-01
-3.946843201257049238e-01
-3.710467160321366253e-01
-3.943110740321902341e-01
-3.926357314262328702e-01
-3.881701047489437562e-01
-3.759319937241439868e-01
-3.602797732846667045e-01
-3.692617085911110708e-01
-3.789886761494530854e-01
-3.978094749033294630e-01
-3.884522401535888125e-01
-3.739471610982080807e-01
-3.998159545290901895e-01
-3.902233016662766119e-01
-3.698895927800718297e-01
-3.810046189317052856e-01
-3.819194051478679297e-01
-3.672021655980808874e-01
-3.802158726226596008e-01
-3.655490208508345162e-01
-3.925578939438731374e-01
-3.842225029251843393e-01
-3.732903150436583939e-01
-3.841362434255897185e-01
-3.824025367085330807e-01
-3.710445668950895781e-01
-3.550750863351544440e-01
-3.639661035202047534e-01
-3.752918847660646762e-01
-3.822304539897991016e-01
-3.686096899897538526e-01
-4.077613036182422546e-01
-3.897868376368387455e-01
-3.601552627898120251e-01
-3.753845236570433341e-01
-3.907692794318036178e-01
-3.857445342355774187e-01
-3.611942731668397744e-01
-3.873645820216352620e-01
-3.841977964333153639e-01
-3.946383842903237738e-01
-3.813215874959371976e-01
-3.934469553589189372e-01
-3.616952704079781644e-01
-4.137085988068844311e-01
-3.911726094578744650e-01
-3.910609523678144628e-01
-3.839573322708339509e-01
-3.608699415596844373e-01
-3.853311929952883408e-01
-3.724866433883848860e-01
-3.871734707523367125e-01
-3.675820858965902493e-01
-3.812931004617194919e-01
-3.832279250278199934e-01
-4.068690788196823727e-01
-3.732179559611328856e-01
-3.634946296234016216e-01
-3.857840464439773465e-01
-3.990697354836186816e-01
-3.857785012281899628e-01
-4.046068625840333333e-01
-3.836541287661808797e-01
-3.798969848816818873e-01
-3.864929860262259487e-01
-3.843667278319585767e-01
-3.742827477613066001e-01
-3.699766338119431230e-01
-3.936058000931411671e-01
-3.817820456585641620e-01
-3.759186316807242023e-01
-3.866613188028327208e-01
-3.800258619685329409e-01
-3.882465374374391431e-01
-3.658255770868155121e-01
-3.941884806201003677e-01
-4.053204898463099726e-01
-4.017748193872576756e-01
-3.886802899778385445e-01
-3.775841666624923931e-01
-4.004800040235413916e-01
-3.997768189273598338e-01
-3.772681968103564487e-01
-3.852700083618926796e-01
-3.909772637677008111e-01
-3.656844432374474763e-01
-3.914699496942360968e-01
-3.536420161958328534e-01
-3.953843495228628879e-01
-3.634990814558145544e-01
-4.071030369040903318e-01
-3.911217198670500772e-01
-3.702482674747897828e-01
-3.822704604109848359e-01
-3.890667918986928653e-01
-3.878383855088108345e-01
-3.706542422753520971e-01
-3.896808158903125041e-01
-4.004255589993619413e-01
-3.762240264243343346e-01
-3.811335312185338275e-01
-3.816082753444874354e-01
-4.110030854145416690e-01
-3.750656588123792989e-01
-3.963316646116927799e-01
-3.740452873927726518e-01
-3.900850701126895581e-01
-3.949922635687997396e-01
-3.855129159704653308e-01
-3.773921299459971901e-01
-3.804490446286473149e-01
-3.658636069355134524e-01
-4.078369996708532397e-01
-3.768240509866867538e-01
-3.605729773664119731e-01
-3.729754460380241832e-01
-3.750626017165366033e-01
-3.859092724857152712e-01
-4.109667270464484878e-01
-3.671012480462857996e-01
-3.837801829906049011e-01
-3.913152104341360848e-01
-3.917390874923754041e-01
-3.829190208966169462e-01
-4.299181715212260779e-01
-3.688786993869566100e-01
-4.112877394502748585e-01
-3.721391114208605355e-01
-3.810801596906706612e-01
-3.868675413538518182e-01
-3.655720894322886938e-01
-3.979169519862109095e-01
-3.807354337156645396e-01
-3.868066778520310445e-01
-3.823651093655640043e-01
-3.836018921600063414e-01
-4.024720817024393105e-01
-3.906994884364228260e-01
-3.912357454387457301e-01
-3.736512227018800592e-01
-3.906322950191395416e-01
-3.655998722235032639e-01
-3.970560552621874573e-01
-3.950277400613635415e-01
-3.976309022607468213e-01
-4.037909945060945693e-01
-4.139021350384524123e-01
-3.903399790731975072e-01
-3.894109230156403978e-01
-3.916563336008118679e-01
-3.882716708838361286e-01
-3.813213647073971924e-01
-3.747380619309089167e-01
-3.741139490465036355e-01
-3.964416083952633230e-01
-3.715881372948295347e-01
-4.015050555231070017e-01
-3.940478898704423139e-01
-3.877647545418800301e-01
-3.829520897038470872e-01
-3.883465994149064571e-01
-3.935866258436970799e-01
-3.837021398425700669e-01
-3.949918066801967331e-01
-3.885162848183291717e-01
-3.949831536700088019e-01
-4.243841108514593286e-01
-3.771722141299655995e-01
-4.065105771165651860e-01
-3.818365823166379180e-01
-3.847806687742800769e-01
-3.961679084902768877e-01
-3.765449492093991823e-01
-4.099766010144438866e-01
-3.799116428753269714e-01
-3.893849116487383411e-01
-3.688389490928128955e-01
-3.715590967504223130e-01
-3.858365414302042939e-01
-3.915890714757453983e-01
-3.456201806772377649e-01
-3.810499487779275829e-01
-3.887333093661808348e-01
-3.908875842727869143e-01
-4.018887022289831523e-01
-3.879045609300420527e-01
-4.022216944242206216e-01
-3.979536877912300818e-01
-3.990184450276359485e-01
-4.030928418468762708e-01
-3.735100135904760865e-01
-4.047689164774337933e-01
-4.012135618815117488e-01
-3.747513611730562966e-01
-4.148169459602509268e-01
-3.976465614304911522e-01
-3.937471012668579684e-01
-4.000482429432316023e-01
-4.116805376914467463e-01
-3.792390243368962688e-01
-4.009408318458028697e-01
-4.085913694153056608e-01
-4.010063596515017759e-01
-3.929713640749943337e-01
-3.986491795218692902e-01
-3.853037978546229314e-01
-3.841874189358249758e-01
-3.821607497847056001e-01
-3.840431434711445435e-01
-3.753717367542160899e-01
-4.201781168688809576e-01
-3.869428938187617906e-01
-3.792603385778047231e-01
-3.808216623798983402e-01
-3.974418519896282809e-01
-3.975963562169274601e-01
-3.979447666951698159e-01
-3.998914226525194238e-01
-3.955425873574139328e-01
-3.865372815681216156e-01
-3.644965034609149446e-01
-3.974496553206662286e-01
-3.877726068311407315e-01
-3.905218611183148836e-01
-3.962279925425609139e-01
-3.730092461789175085e-01
-4.059999948205496034e-01
-4.065648360379726656e-01
-3.937803371818473508e-01
-4.042921122395902733e-01
-3.864856886749286624e-01
-3.882173946835270617e-01
-3.799917483749979952e-01
-4.072973308974641160e-01
-3.917429099137516024e-01
-4.058816848128545263e-01
-3.928780435330098686e-01
-3.893518915376242839e-01
-3.978766772777606597e-01
-3.868271766288784441e-01
-3.943054613877721160e-01
-3.874116387072639722e-01
-4.042697361102188802e-01
-3.807848210429851110e-01
-3.997879811634442726e-01
-4.017888594315133233e-01
-4.051249716405144752e-01
-3.723518509379084018e-01
-3.834238657299473552e-01
-3.951715530428107637e-01
-4.189339501941076183e-01
-3.863043814627350470e-01
-3.940014882921001327e-01
-3.674417828732388092e-01
-4.016991483163845356e-01
-3.833425775454704088e-01
-3.945125267405992231e-01
-3.956270164770210873e-01
-3.784017678876677726e-01
-3.985363079922119578e-01
-3.882134979337572567e-01
-3.828904523607102317e-01
-4.050478871804711889e-01
-3.974947957023505785e-01
-3.885701439500316434e-01
-4.077802790618340056e-01
-4.037205513432853277e-01
-3.961325244840261384e-01
-3.768106223155352485e-01
-4.000334637250012593e-01
-3.867793958431199886e-01
-3.801345944196910520e-01
-3.593911337404859241e-01
-3.985776861410911809e-01
-3.707882550822806378e-01
-3.667430988866106079e-01
-3.866682475869606117e-01
-3.985641573079138356e-01
-4.113737999901584397e-01
-3.833138098824634410e-01
-4.008501610612257848e-01
-3.836312020471387974e-01
-3.841050165344975231e-01
-3.752460584810153876e-01
-3.921916302876354288e-01
-3.642414102113573637e-01
-3.997702873982453831e-01
-4.003033504678145116e-01
-3.943141212112949989e-01
-3.881911637302842277e-01
-3.752909758169593046e-01
-3.994068946389105479e-01
-3.989421929925352495e-01
-3.775894053730318722e-01
-4.188390628812615479e-01
-3.847191669602533781e-01
-3.906532688992718771e-01
-3.610455731975024674e-01
-4.076208918891320865e-01
-3.873494936983065684e-01
-3.996691155929315564e-01
-3.936068793144546496e-01
-4.136648753973327652e-01
-3.848405988331505267e-01
-3.770316666111170334e-01
-3.867775093607600523e-01
-4.413280272241187352e-01
-3.898016711292278114e-01
-3.738738600812807622e-01
-3.887113257722197845e-01
-3.722045288248390094e-01
-3.971373161008003860e-01
-3.896108706055333437e-01
-3.707196195093453994e-01
-3.982417259894371897e-01
-3.963187741266860353e-01
-4.008247439573576210e-01
-4.155445503289357800e-01
-3.668812685584623701e-01
-4.122319453092431751e-01
-3.909866068634788028e-01
-3.981830157088506184e-01
-3.969830602808003261e-01
-3.964625031911171438e-01
-3.946246009060215831e-01
-4.081431865478281629e-01
-4.092701020495715936e-01
-3.694583782306366526e-01
-3.943959745069762768e-01
-3.984633407462945809e-01
-3.691894440241924036e-01
-3.652668548887441635e-01
-3.903400273174136292e-01
-3.746178728952572756e-01
-3.643998006045703342e-01
-4.074692819697969259e-01
-4.026871091410849091e-01
-3.741208588033770877e-01
-4.016472458216273078e-01
-3.785687397348911909e-01
-3.889132537350954433e-01
-3.916669377604640179e-01
-3.987361230713168947e-01
-3.875110446067733250e-01
-3.889716604593504989e-01
-3.781226048762464931e-01
-3.935401555828047515e-01
-3.921464775630156829e-01
-3.998876018940730748e-01
-4.223975604410883378e-01
-3.971749169947955682e-01
-3.957197475602179937e-01
-4.020228945313514268e-01
-4.046435864158907103e-01
-3.842025302132651143e-01
-3.927350712532382548e-01
-4.094305524407673147e-01
-3.904422662181921133e-01
-3.893989086413681133e-01
-3.988029320066546202e-01
-3.989305392413680096e-01
-3.903564206028292682e-01
-3.731847150091842646e-01
-3.847525214620921563e-01
-3.902697194228934019e-01
-4.021376421569494153e-01
-4.056423489745045741e-01
-4.026669177928654531e-01
-3.900894532089590472e-01
-4.151157140503411447e-01
-4.060743963863979178e-01
-4.122364201201519918e-01
-3.997562018375115933e-01
-3.879885363278766652e-01
-3.764291373075975833e-01
-4.325601161222414337e-01
-3.943197226039767411e-01
-3.885632292132721322e-01
-3.927293717199998313e-01
-4.035039493744300154e-01
-4.062396549832228976e-01
-4.171579300022995040e-01
-3.731286686745400871e-01
-3.837692492697714064e-01
-3.996352261436241782e-01
-4.114090778696700701e-01
-3.970788578240655453e-01
-3.880232792908547279e-01
-3.889446333202937200e-01
-4.109218149137279785e-01
-3.854947897344407348e-01
-4.054040182762759237e-01
-3.914370386260769830e-01
-4.067178884539376371e-01
-3.965219865040748304e-01
-3.861631738512879553e-01
-4.227336635890403538e-01
-4.005751301435034328e-01
-4.025708548031897704e-01
-3.770736229383795379e-01
-3.910542034418035828e-01
-3.914932131397363957e-01
-3.923164957692585886e-01
-4.138038294691909202e-01
-4.023822823453172548e-01
-3.892978892039625771e-01
-3.896851039366807656e-01
-4.132892157244467679e-01
-4.004740255251286740e-01
-3.845154514299641835e-01
-3.911530024815627060e-01
-4.069359731036025773e-01
-3.941653228127915964e-01
-3.777199554954077110e-01
-4.130216295193138709e-01
-4.047108383128785736e-01
-3.994021821039829834e-01
-4.028503297511166759e-01
-3.957442341923912976e-01
-3.937610776717190841e-01
-3.877001306542813275e-01
-4.099943225568556393e-01
-3.774162084040872944e-01
-4.013863217924120708e-01
-3.892747148738056606e-01
-3.606653421432370887e-01
-3.820917795868478684e-01
-3.900084473914851024e-01
-4.123722053067146454e-01
-4.090491513834139115e-01
-3.897319565321320511e-01
-3.845822915083181304e-01
-3.881523640999441360e-01
-3.892001954128939678e-01
-3.869926124346170782e-01
-4.179721516094059286e-01
-3.819057096338013269e-01
-3.821902848215230630e-01
-4.135560820854179975e-01
-4.179917864407722283e-01
-3.923975973695513209e-01
-4.033444392567507863e-01
-3.944074911936137906e-01
-4.072132201193000567e-01
-4.004180078564414380e-01
-4.142120510615747708e-01
-4.248771586148317736e-01
-3.985959332557399981e-01
-4.038883503902401806e-01
-3.917232761248041206e-01
-4.036546159489746710e-01
-4.111812994458218795e-01
-4.005966405988712342e-01
-4.106770375510875870e-01
-4.003676275940024620e-01
-4.046311580790734608e-01
-3.963646745538323968e-01
-3.795752775898240117e-01
-4.228819230833067988e-01
-3.940248432181309157e-01
-3.934243755406146015e-01
-4.259844794705506810e-01
-4.061365087184400924e-01
-3.927649772932241268e-01
-4.045444143609966403e-01
-3.899564473476147541e-01
-4.026348577337259260e-01
-4.093348755142781625e-01
-4.155718467633477964e-01
-4.005078440265209538e-01
-4.177510538286814401e-01
-3.862165204907746507e-01
-4.027512518451163981e-01
-3.825755118141028199e-01
-3.883294289618826056e-01
-3.741356979941793393e-01
-3.827029453493216993e-01
-3.846758696420887191e-01
-4.051510308838901508e-01
-4.046845507259589914e-01
-4.004102351244884783e-01
-3.899567116153745960e-01
-4.085655159225745070e-01
-4.021817130405326290e-01
-3.770286205550628100e-01
-3.999302956768818751e-01
-3.930212841308591276e-01
-3.765877012489837750e-01
-3.876822555865990783e-01
-3.858834173226933784e-01
-3.913552519020490061e-01
-3.916833396511141263e-01
-4.136473227613465253e-01
-3.867568712562895472e-01
-4.033885748172424401e-01
-3.735159937744064740e-01
-3.827671962088394775e-01
-3.773332771854741585e-01
-4.106651658713001973e-01
-4.019940096945138208e-01
-3.897650028309302961e-01
-3.870278055585825161e-01
-3.814366150764862962e-01
-3.923215763967643488e-01
-3.716575699848810865e-01
-3.890807519122874147e-01
-4.150406463601120644e-01
-3.723990371089888063e-01
-3.636828769721861532e-01
-3.720243902571659933e-01
-3.837010106502563023e-01
-3.661962607609106080e-01
-3.888900740239096265e-01
-3.607758064714827739e-01
-3.568522012581773484e-01
-3.231465366869777922e-01
-3.426593028235457861e-01
-3.178846455130381887e-01
-3.280005751606739350e-01
-3.331273472947087200e-01
-3.082564007889627700e-01
-2.987321510798877644e-01
-3.039594648107974972e-01
-3.003012035456477657e-01
-2.956164999279363714e-01
-3.085132048482857048e-01
-2.945039963656700954e-01
-2.879747942156144491e-01
-3.028746119725022057e-01
-2.912027764245213590e-01
-2.574388341112777701e-01
-2.879506070011897956e-01
-3.033847603087527212e-01
-3.058306529455090406e-01
-3.102659503255245088e-01
-2.685759577214610339e-01
-2.701837282734591561e-01
-2.795074376862304311e-01
-2.769557251156935518e-01
-2.957191863444514901e-01
-2.603120461987644685e-01
-2.884721538637202709e-01
-2.859885600475404743e-01
-2.887439879530682152e-01
-2.895085601098741357e-01
-2.841193833453863338e-01
-2.767710171305282074e-01
-2.855861506862420462e-01
-3.189868418745556156e-01
-2.754624385794974817e-01
-2.768974053658914691e-01
-2.986570879193810590e-01
-3.075770634482180022e-01
-2.572841991105776493e-01
-1.407993534876368358e-01
-1.521146175024297165e-01
-1.760318082515094917e-01
-1.677204596676802884e-01
-1.779722920264977248e-01
-1.992147540717557064e-01
-2.241039383844368182e-01
-2.411278441405604878e-01
-2.513020241944723399e-01
-2.484191737765004682e-01
-2.547481240638660438e-01
-2.655224735302464389e-01
-2.649828631605680163e-01
-2.689496155769383057e-01
-2.672816259661876526e-01
-2.798390829207795805e-01
-2.766291581397853361e-01
-2.788985699827149500e-01
-2.818684253753411251e-01
-2.866371688478652757e-01
-2.746969322943229597e-01
-2.802853729048550568e-01
-2.847430036995243219e-01
-2.783665395695040234e-01
-2.756763575976557412e-01
-2.725205652684072888e-01
-2.780568044387378701e-01
-2.738154151553208182e-01
-2.777191863702472840e-01
-2.818987736864687066e-01
-2.712248377300298108e-01
-2.742928598123523520e-01
-2.818875906008867505e-01
-2.729305977846973597e-01
-2.662417613541772088e-01
-2.895767587660952880e-01
-2.798789382929311453e-01
-2.695377543781691809e-01
-2.724742750431193850e-01
-2.792553776816090183e-01
-2.652289069461113979e-01
-2.614088534899665639e-01
-2.730911076479143884e-01
-2.711312523231121929e-01
-2.573612737033184605e-01
-2.720706847428982500e-01
-2.653555436715564486e-01
-2.523678464642080121e-01
-2.441394916393855863e-01
-2.435268734802353841e-01
-2.751530081166685959e-01
-2.685505232590779112e-01
-2.579641219103507854e-01
-2.445827989088736054e-01
-2.663206510751987555e-01
-2.615343672166270395e-01
-2.522908031736423862e-01
-2.891508856256315152e-01
-2.754365791384678630e-01
-2.833243026106166962e-01
-2.755384890668552966e-01
-2.850444884340508356e-01
-2.827135455312561607e-01
-2.936212389183576743e-01
-2.826628314133581288e-01
-2.993343917395439036e-01
-3.016982957154947798e-01
-2.826732240215237280e-01
-3.046255557635917377e-01
-2.886001229334713702e-01
-3.083802431549600431e-01
-3.130257319207143674e-01
-2.929519939154170416e-01
-2.848875310958232099e-01
-3.050774567446163932e-01
-2.983411443082688574e-01
-2.843096915996417007e-01
-2.943365215496964726e-01
-2.918576791917569802e-01
-2.992093504325605835e-01
-3.097773651555750796e-01
-3.224206685369663816e-01
-2.979795034326100378e-01
-3.053882447970868164e-01
-3.060307748065000943e-01
-3.114969875381938813e-01
-3.006419987806672189e-01
-3.110906761667782128e-01
-3.189010435843564473e-01
-3.068731811743972138e-01
-3.047150476544553399e-01
-2.903860049467903437e-01
-3.052030019879237166e-01
-2.986060860687893559e-01
-2.975154804473008063e-01
-3.078523891814071156e-01
-3.023693905255799841e-01
-3.237098053967848443e-01
-2.858572981257787582e-01
-3.060130047737783521e-01
-3.095426104087164454e-01
-3.069530366155110990e-01
-3.007339550411418649e-01
-2.782444487962161261e-01
-2.936948174451750049e-01
-2.999526423370943995e-01
-2.911355608734500500e-01
-3.039694468801292793e-01
-3.109501980936135723e-01
-2.835810898016939419e-01
-2.809278889799866619e-01
-2.777890257713377942e-01
-2.950871522567015681e-01
-2.856973371174089671e-01
-2.976491605262410189e-01
-2.824857324097709288e-01
-2.624688508233212758e-01
-2.894166711558239236e-01
-2.930403668856511601e-01
-3.007151879099994041e-01
-2.607143195437533478e-01
-2.752447759319869292e-01
-2.922222736695725409e-01
-2.687818841680873483e-01
-2.947412995200791030e-01
-2.653797313407291192e-01
-2.765490303204378719e-01
-2.575298718056955316e-01
-2.699756713026388866e-01
-2.680049580585333047e-01
-2.392065725262664255e-01
-2.580438924324814920e-01
-2.556712910041087916e-01
-2.506199167736862243e-01
-2.492005338890264099e-01
-2.517567068996178214e-01
-2.534370706838608989e-01
-2.389311355048833185e-01
-2.485881669247094194e-01
-2.353014793289482931e-01
-2.372758390682569996e-01
-2.326209250690980390e-01
-2.291461314164253693e-01
-2.451774273374343061e-01
-2.279283824475193398e-01
-2.350241503200236615e-01
-2.266641621807381490e-01
-2.265404119929685933e-01
-2.256445100402220127e-01
-2.252236914135754553e-01
-2.335855425998349943e-01
-2.079526769207116210e-01
-2.212714149839287714e-01
-2.237708096603516772e-01
-1.999826228305963127e-01
-2.329419190710342313e-01
-2.093109127299692673e-01
-2.100617766973535971e-01
-2.130814943971102160e-01
-2.117535460448105589e-01
-2.226386649776714854e-01
-2.039574644343091769e-01
-2.195423780941436753e-01
-2.018938299273185244e-01
-2.134203128644629466e-01
-1.917887927464603237e-01
-2.025599084177684972e-01
-1.964044172961294521e-01
-2.095464021058521809e-01
-1.975180263234275202e-01
-2.013908537529887077e-01
-1.893979417376758789e-01
-2.082404392601766574e-01
-1.995129163909239445e-01
-2.004851302679040437e-01
-1.975678452446030242e-01
-1.815694790302688766e-01
-2.089907906234160784e-01
-1.985473225086473725e-01
-1.955363978197786068e-01
-1.883568569631155487e-01
-1.940365197430797828e-01
-1.990596816205614239e-01
-1.788279739664728751e-01
-1.907759353039422123e-01
-1.878552579054497684e-01
-1.964335218906843039e-01
-1.838705770049968713e-01
-2.005088167161566126e-01
-1.918185584325264870e-01
-1.952969813191298698e-01
-1.876980808222601382e-01
-1.919935764975080339e-01
-1.994652206595239896e-01
-1.987302154666945597e-01
-1.919604732960751292e-01
-1.946008265044389951e-01
-1.928495888942105552e-01
-2.014725033185262859e-01
-1.751720551665592041e-01
-2.056078151849889402e-01
-1.889753444321704556e-01
-1.946161750572956706e-01
-1.838179726173305717e-01
-1.925031084585020480e-01
-1.811672779146147327e-01
-1.955131015233675384e-01
-1.727784238025829033e-01
-1.982555221656161493e-01
-2.014891702175156674e-01
-1.838999293206748931e-01
-1.970381691439868632e-01
-1.856260900168429373e-01
-1.890667574889031144e-01
-1.881703555304059527e-01
-1.927019136902576868e-01
-1.823593848800948436e-01
-1.845562067628239156e-01
-1.947996387336194957e-01
-2.016807837915592927e-01
-1.878793495685089354e-01
-1.966287523757994649e-01
-1.988409886442759067e-01
-1.761714200739468161e-01
-1.854202193081171401e-01
-2.018515221781238544e-01
-1.981158370887596831e-01
-1.975758291317046833e-01
-1.936964981842503875e-01
-1.856764936233221697e-01
-1.996183943086231594e-01
-2.022652210314044297e-01
-1.934931582916457060e-01
-1.998781046194908484e-01
-1.799316018646592852e-01
-2.056170389082128125e-01
-1.747846793876517424e-01
-1.680282787568359026e-01
-1.797995264208118726e-01
-1.876732363310908980e-01
-1.938622411701738102e-01
-2.047146452451169552e-01
-1.944349490596781749e-01
-2.192836904397710285e-01
-1.800293707339184479e-01
-1.687893929968149465e-01
-1.891314467990774517e-01
-2.093570133069695416e-01
-1.841113969679817330e-01
-1.950738376508223126e-01
-1.952987071429967969e-01
-1.930694558309964393e-01
-1.733660431509624900e-01
-2.105419756593276404e-01
-1.956595616518885805e-01
-1.837345696679379969e-01
-1.589722292359239120e-01
-1.793851803976505010e-01
-1.670922742576070874e-01
-2.101621195719394208e-01
-1.534554525577362938e-01
-1.578398133973042405e-01
-1.519482709126345199e-01
-1.401641418453687393e-01
-1.722793992779054761e-01
-1.676687026235148537e-01
-1.564710348105622373e-01
-1.655405096820192767e-01
-1.521312154829876917e-01
-1.594304573116707147e-01
-1.616102916145480961e-01
-1.482234662288774985e-01
-1.456992088445154820e-01
-1.391029359118496345e-01
-1.442613234201308714e-01
-1.396369720175814066e-01
-1.871457688510398398e-01
-1.549616723454345646e-01
-1.334204427876422017e-01
-1.218520619221621359e-01
-1.098068035464567771e-01
-8.741744413172192196e-02
-8.766305595510459625e-02
-8.181818119415673607e-02
-8.925988554124231200e-02
-8.341686455086794183e-02
-6.576654899940237442e-02
-9.324378016744461206e-02
-6.770867391167989524e-02
-1.036167274260701987e-01
-8.183269424249317581e-02
-8.196223002166824756e-02
-7.418366959683098116e-02
-5.077689158130738178e-02
-6.790012394822397823e-02
-6.289823870284294571e-02
-2.082531023295253192e-02
-4.508942632620183133e-02
-5.676664681406684565e-02
-2.893656585763437761e-02
-2.882973183327663946e-02
-4.208378803650880684e-02
-5.749961758993116234e-02
-2.613801130206816481e-02
1.859864431570024124e-02
1.871683493963871570e-02
8.458207940061690522e-03
1.082345801430584231e-02
1.530508983918466015e-02
1.001953578713354887e-02
1.890496840557176483e-02
3.468679456143419770e-02
2.843560301830905246e-02
5.219429984855139537e-04
-1.433734082550230937e-02
-1.517611771308224888e-02
-8.481508173971974429e-04
1.468138293690302021e-02
3.400298183884764569e-02
4.986412876123580418e-02
3.083837729660210414e-02
1.466740859796011875e-02
3.515307185247706911e-02
3.895181058864238821e-02
2.304548473884882043e-02
-1.536746139490574592e-02
-2.575152702127958548e-02
-5.002879414622007914e-02
-6.316153779830813164e-02
-3.890866856796471041e-02
-3.554410767883808830e-02
-6.221717208362065321e-02
-2.836926798072880729e-02
-3.091130928065410899e-02
-4.245915896897756170e-02
-3.418566486131702220e-02
-3.814729220879620186e-02
-3.901806086946102425e-02
-4.110428657929965368e-02
-4.076499431949187624e-02
-2.489060108930196691e-02
-3.514510404801463039e-02
-1.699276888829892584e-02
-3.175572714157048893e-02
-4.690012554849332105e-02
-2.374943964433740007e-02
-2.731941288229577935e-02
-1.045348314402616552e-02
-7.823123313485780272e-03
-1.085119101574960609e-02
-1.998416959999005371e-02
2.712539754632814493e-03
7.776228600455681317e-04
-1.079582198141970650e-02
-2.120270853168371161e-02
-3.395946894698376184e-02
-1.716835460997678808e-02
1.467035644718173160e-02
2.790161999318918618e-02
2.804162363544548953e-02
1.804314771897530534e-02
1.784669517803649796e-04
-8.938850363064076987e-03
-1.873662323201941149e-02
-4.221329344990465415e-02
-5.247555381270885277e-02
-2.893601615134322458e-02
-1.503751689815135961e-02
-2.562586524510201968e-02
-1.678722330777837612e-02
-3.161665303865746068e-03
-7.356353310145280489e-03
-1.708255881688369726e-02
-2.170041512134002204e-02
-8.968982066155817279e-03
6.165609205307731600e-03
2.465542858027447437e-02
4.269800666287792978e-04
6.254551170297162344e-03
4.264322752646876324e-03
8.573662615543931054e-03
1.413132882378143051e-02
1.129672343690657499e-03
-2.100224508522874345e-02
-1.839756416340598832e-02
2.292948912535841544e-02
5.499246724566120292e-02
5.232248417143203767e-02
4.029180886959338181e-02
2.901166939103383413e-02
2.072848956633066564e-02
1.643282097413845122e-02
1.293398286269287212e-02
1.067901312290508997e-02
8.879252943408744159e-03
7.461929237429387740e-03
6.288641054339905168e-03
5.510163404958134947e-03
4.833677068791786269e-03
4.322356983882613690e-03
3.923148365966966367e-03
3.589566127345733548e-03
3.313443202841881430e-03
3.084836161750814654e-03
2.887155267570662431e-03
2.720658803891495836e-03
2.577307807364093151e-03
2.449853467602736146e-03
2.341874221279738322e-03
2.250515726007762396e-03
2.169524112218823575e-03
2.099340249465342367e-03
2.040246044980875695e-03
1.988451701461002585e-03
1.944914122542940049e-03
1.904702672611335856e-03
1.868930431591309116e-03
1.820619436990966733e-03
1.720798274735813038e-03
1.698433410968647195e-03
1.681978420947416453e-03
1.633762795105297982e-03
1.627031268935041908e-03
1.653989904959018986e-03
1.612397960986555745e-03
1.612228817055694208e-03
1.616284473108464681e-03
1.622656090635388182e-03
1.629266230164461149e-03
1.637038069819851671e-03
1.646010466394898231e-03
1.660090254613777461e-03
1.673361024092656635e-03
1.690583255417266173e-03
1.715694341303475312e-03
1.588712441289885646e-03
1.603235781594491982e-03
1.625247296519916063e-03
1.652098123368972438e-03
1.685316057763230901e-03
1.731583660902202837e-03
1.796255329164608838e-03
1.907559625863086694e-03
2.087781294090262918e-03
2.471903912688588889e-03
3.511940420928283402e-03
4.091337458177690678e-03
4.918093723787819727e-03
5.753713414218708522e-03
6.691559875257269141e-03
7.614761915551326865e-03
8.815160970680580022e-03
9.561450721751185711e-03
1.078890148231437252e-02
1.217738561764392102e-02
1.397166582291120562e-02
1.571389442115744828e-02
1.762389646733453219e-02
1.967229239646428596e-02
2.247605948522490849e-02
2.499334355036353372e-02
2.787615119207664804e-02
2.996872809604944621e-02
2.934679180510357810e-02
2.944393525698707492e-02
3.358660115482159370e-02
2.665616997842157332e-02
2.989206694034862721e-02
3.265798115982754268e-02
3.283032164225652139e-02
3.357001775789747455e-02
3.409189648741772771e-02
3.302551989289881362e-02
3.399673559370164355e-02
3.546130405416647591e-02
3.505070635551810199e-02
3.565864111086547439e-02
3.619685495508306872e-02
3.668499484073528549e-02
3.703061647947869517e-02
3.687958284366388284e-02
3.723935982727688554e-02
3.776863864219315303e-02
3.799607651041370104e-02
3.821049595206105209e-02
3.890948790595949447e-02
3.915973705257336235e-02
3.939136572223489452e-02
3.950020662085940160e-02
3.956012020457855272e-02
4.068562148273713319e-02
3.961696638627998368e-02
4.089043446110984803e-02
4.124407493195114682e-02
4.194170015543896568e-02
4.212371222438093810e-02
4.215696289761083904e-02
4.293877624500730406e-02
4.349242283713117274e-02
4.347826156648082474e-02
4.430706407129747504e-02
4.419402227159885399e-02
4.384922935995305693e-02
4.453983316703791218e-02
4.441808976894101590e-02
4.503833482922026121e-02
4.566380534851699480e-02
4.562920908436751688e-02
4.574818017547155335e-02
4.644660134983347177e-02
4.635837271495457657e-02
4.698606928231363611e-02
4.705491336897349441e-02
4.750054003059300811e-02
4.781669724926285170e-02
4.758341213788952473e-02
4.855329710685207800e-02
4.848968773352790862e-02
4.880928168954579149e-02
4.910325610498222915e-02
4.849172505129129007e-02
5.010707906901856745e-02
4.960977964239710047e-02
5.070749059727752694e-02
5.007216343927201052e-02
5.111424202294578834e-02
5.093438601668331955e-02
5.043350394197432252e-02
5.070817290755069706e-02
5.065025926641197884e-02
5.188198019082079782e-02
5.127057165500836788e-02
5.194277582697814921e-02
5.171555419315332358e-02
5.172523945365625764e-02
5.258842456648782360e-02
5.261006996300476857e-02
5.225812446931854538e-02
5.368845333992489088e-02
5.575349858225830957e-02
5.586789619043219801e-02
5.749587121083443719e-02
5.749830463149852022e-02
5.773279840991385470e-02
5.860167364799284684e-02
5.931149050484130214e-02
6.085633097463372110e-02
6.137809152150630609e-02
6.190790366522591626e-02
6.244940779165020217e-02
6.322091689920483759e-02
6.481084989774199556e-02
6.484090324725855226e-02
6.424101523936176505e-02
6.700407525308804679e-02
6.519247551150364473e-02
6.745294449246763691e-02
6.780283215264759633e-02
6.530583881812912495e-02
6.072154715149391535e-02
5.989730774550938719e-02
6.030557412605475065e-02
6.155981870199767059e-02
5.999013391400520590e-02
5.909479094076619532e-02
5.811297703245799084e-02
5.788967014438739511e-02
5.721356439433389340e-02
5.836144948155208567e-02
5.959664596723168728e-02
6.274211658544004422e-02
6.338800140528721982e-02
6.633518890239287202e-02
6.662237937073900440e-02
6.768924907670648139e-02
6.649785288484100221e-02
6.705573855585544862e-02
6.768519534480610389e-02
6.893476724565505975e-02
6.959508099190259145e-02
6.900914924275980411e-02
6.983766993358209163e-02
7.057385992698428367e-02
7.321932769875516556e-02
7.251225767073865569e-02
7.210665098145252472e-02
7.114709381997830207e-02
6.933292307390992448e-02
6.863590746942804799e-02
6.843340455963975444e-02
6.807079547566008415e-02
6.698643931681314001e-02
6.419247520587934019e-02
6.404525582345321766e-02
6.424821885188780612e-02
6.195348597426342252e-02
6.021128237654949089e-02
5.893362304867633128e-02
5.842717507652128717e-02
5.635861886198423321e-02
5.736472037023876425e-02
5.644703660321859218e-02
5.591275007309093326e-02
5.510577849650477589e-02
5.230744489501226724e-02
5.036747442148392651e-02
4.888808544113931731e-02
5.102969766118548023e-02
4.697517435103915062e-02
4.793329978717952855e-02
4.836061266974756023e-02
4.748268584508252843e-02
4.007552511265455308e-02
4.107984854870316838e-02
4.400862645892367198e-02
4.216163763762637018e-02
2.897041363495045374e-02
3.008270278215263716e-02
3.179846721208434701e-02
3.298814669820515633e-02
3.831980617774455311e-02
2.591804459271429550e-02
2.385653378528473922e-02
3.269876333467003349e-02
2.663423684814603121e-02
4.108266979494956672e-02
4.380352034748113965e-02
4.451127574264379660e-02
3.744841613420923920e-02
2.956683969108642174e-02
2.413396575459536564e-02
2.415072123553496652e-02
4.188576475757965767e-02
4.622726695374090866e-02
3.487753113964409124e-02
3.944127416191989255e-02
4.080611975527403956e-02
4.190687010926996692e-02
4.284359619681588072e-02
4.480137735335176785e-02
4.628112064863820763e-02
4.344559550082571775e-02
4.371919078540376091e-02
4.219805084398675632e-02
4.050543100390413542e-02
4.082204509397779901e-02
4.347126962470682088e-02
4.590847129314923336e-02
4.601017808640861517e-02
4.813753360545192095e-02
4.998896916710560134e-02
5.126178039451367852e-02
5.252127711131571175e-02
5.379814911960689727e-02
5.216474962265049697e-02
5.430427841966078972e-02
5.407810517566424835e-02
5.538266861609386638e-02
5.621336373442797907e-02
5.716585761520320830e-02
5.750504204844730793e-02
5.808021931622331380e-02
5.882613165594641202e-02
5.817116227941898643e-02
5.831141066265033146e-02
5.832336638642665605e-02
5.850775658989526562e-02
5.924166905797800808e-02
5.931318311523980924e-02
5.791021369617865844e-02
5.801457542532961753e-02
5.940387241386702044e-02
6.041481558545491737e-02
6.139603723073960850e-02
6.271654861154907223e-02
6.323415467916415622e-02
6.339302441636185392e-02
6.393628702778020312e-02
6.439117544143702077e-02
6.499421772574365264e-02
6.574453725374063140e-02
6.634052678368540512e-02
6.738199434625968820e-02
6.905252805969475105e-02
6.851270349542826210e-02
6.864751849155403818e-02
6.932723588036537876e-02
6.970620059842325134e-02
7.070256640060001985e-02
7.092159592649327493e-02
7.258480862556915270e-02
7.194029380194244538e-02
7.315079786806677475e-02
7.446501747287292972e-02
7.349790620108631600e-02
7.455365456802010016e-02
7.587491015466518718e-02
7.598096857380376434e-02
7.596166422173666888e-02
7.510366251775124624e-02
7.473164328317505323e-02
7.523254677545043734e-02
7.435570479332120897e-02
7.156131051107017527e-02
6.983646268277787783e-02
6.773558020037029337e-02
6.568382326705091145e-02
6.383056300019518403e-02
6.345655628316748675e-02
6.207301985121649324e-02
6.037165075606587550e-02
5.961132995292484082e-02
5.770017327554022302e-02
5.721637318886507728e-02
5.740407682006143375e-02
5.561002211904941817e-02
5.622318499890788246e-02
5.471559530565706098e-02
5.436887365366160907e-02
5.301427907810740692e-02
5.401599204241236407e-02
5.433912606438795478e-02
5.351486888530665453e-02
5.562420430097070323e-02
5.455719370942624380e-02
5.579555995013762981e-02
5.530286732225242474e-02
5.498819812781441385e-02
5.512743753778259759e-02
5.522615507647721245e-02
5.511194236119010270e-02
5.376113771934676322e-02
5.502406180766783450e-02
5.425588628253485979e-02
5.454299947241558755e-02
5.641564934560783229e-02
5.700170595392251016e-02
5.494223562326538968e-02
5.756642151918178740e-02
5.567010086580026496e-02
5.483936026740465763e-02
5.464010041646005789e-02
5.529399284722202879e-02
5.433330136461300697e-02
5.429127183120385780e-02
5.452008436803268410e-02
5.409778347701887924e-02
5.507212640537773041e-02
5.393553025071184948e-02
5.468818466805736023e-02
5.450457276658404737e-02
5.484732687756732616e-02
5.482477169215727031e-02
5.673933942744291414e-02
5.581481262351140060e-02
5.527447428996623557e-02
5.458771803875706041e-02
5.473537470724387788e-02
5.466970955468397619e-02
5.434147705041780796e-02
5.666984173286948590e-02
5.513304196611912289e-02
5.509278507712167539e-02
5.495428076786623706e-02
5.480079023159412088e-02
5.521398257037013479e-02
5.472373245952688592e-02
5.543201669583375235e-02
5.449595673713858446e-02
5.580509571675129621e-02
5.681902446806574858e-02
5.439037772803878568e-02
5.441643488439495968e-02
5.532062340846977122e-02
5.530365104747403393e-02
5.495407962886034170e-02
5.569918036725773902e-02
5.571590489606847996e-02
5.530866135513257120e-02
5.762430234241833205e-02
5.526639550950562807e-02
5.512709881880617502e-02
5.455963190269308427e-02
5.526667780247151995e-02
5.521459468599232423e-02
5.566466922457991018e-02
5.502112524287738893e-02
5.550752861088881218e-02
5.508123343293291896e-02
5.489412644115887474e-02
5.510537451865715752e-02
5.540044541279520729e-02
5.722843832099933081e-02
5.437825678975904964e-02
5.465684007073079442e-02
5.524227421276783900e-02
5.426306468081065759e-02
5.507765928096830521e-02
5.498993110256300554e-02
5.448668394237898838e-02
5.495634749233602179e-02
5.517736234108738813e-02
5.485224036954150506e-02
5.554611342047621747e-02
5.397911820391776416e-02
5.550765637022436749e-02
5.492480281948175502e-02
5.481201652485800935e-02
5.472887503268530907e-02
5.519569407295499275e-02
5.654556991787984543e-02
5.507575150226529104e-02
5.456809105061388721e-02
5.606304324313882148e-02
5.445308882328170341e-02
5.560519210026093617e-02
5.431597873269922161e-02
5.520730153780917249e-02
5.468644542228595640e-02
5.465828766593539001e-02
5.474419681225661805e-02
5.478389444768261285e-02
5.478463826517554480e-02
5.414853181907197666e-02
5.522154541073298617e-02
5.526308553453773698e-02
5.421048732326561037e-02
5.417840003061691334e-02
5.475388735039388166e-02
5.414225509770886902e-02
5.538270701700653831e-02
5.418319974009300211e-02
5.438586836426750892e-02
5.430144258476587993e-02
5.589085472518995346e-02
5.502729598042854775e-02
5.525990473321940044e-02
5.484799114713112544e-02
5.465832324649255725e-02
5.491125677494146373e-02
5.420203771938503223e-02
5.519913978340440508e-02
5.481763360145031072e-02
5.444258914111976821e-02
5.454771625829835102e-02
5.501062200999129459e-02
5.532797050568127872e-02
5.555195597990270073e-02
5.471345783676540009e-02
5.473439166630811314e-02
5.492974370735481671e-02
5.485222257190791595e-02
5.600511316171719045e-02
5.537456210462821105e-02
5.466435175431172411e-02
5.487688020865633121e-02
5.527057057647155602e-02
5.503257706228481538e-02
5.473082399822892796e-02
5.481074160660703853e-02
5.555835299455935683e-02
5.461198316483617532e-02
5.486259340250931871e-02
5.644572986853191310e-02
5.474447900185808180e-02
5.476542351833124656e-02
5.518126545408641448e-02
5.535961086547125376e-02
5.434315711076642685e-02
5.504169945470138714e-02
5.495764861821861302e-02
5.437604690773767402e-02
5.733028055419708835e-02
5.455999834253333347e-02
5.538165554440510618e-02
5.516857984207845789e-02
5.474852658405282568e-02
5.522309630878119435e-02
5.513403498967228700e-02
5.537000066170172374e-02
5.472978019593277565e-02
5.510626430834975054e-02
5.487871815751788063e-02
5.490769847621201905e-02
5.451319433602463960e-02
5.455323525809774310e-02
5.560066180311196149e-02
5.473684407456858025e-02
5.456282779993770760e-02
5.457443798748862207e-02
5.475463774084232682e-02
5.474210703983750648e-02
5.461563899035581926e-02
5.506359236400015789e-02
5.446471202726499428e-02
5.465306029763894458e-02
5.452665655248090104e-02
5.447524806652914720e-02
5.481154216305306193e-02
5.429457600342502133e-02
5.483491825050812452e-02
5.670237264394373256e-02
5.441417960833483392e-02
5.539975675853092696e-02
5.407814586128978362e-02
5.514155742988435804e-02
5.478984158864186327e-02
5.470083480275533816e-02
5.474703429846172753e-02
5.473814379689301290e-02
5.497356642924344783e-02
5.486236138177957855e-02
5.500172008732029383e-02
5.493500226780767548e-02
5.460824904039540684e-02
5.466282364237073921e-02
5.529323523924567496e-02
5.427464447116037149e-02
5.428475007176558620e-02
5.532072864635217968e-02
5.455025071931274283e-02
5.395352003678155484e-02
5.514932002267158850e-02
5.550604011575721586e-02
5.468456335741578300e-02
5.498928511507372718e-02
5.532252125070513671e-02
5.435513288467852533e-02
5.468838381238505519e-02
5.447662799468311334e-02
5.485436967222412363e-02
5.472192929791219740e-02
5.427310102332683073e-02
5.447398726452234996e-02
5.514848145410944369e-02
5.402188466456614435e-02
5.472262533704252974e-02
5.568516471521611777e-02
5.437718502574107049e-02
5.502750331452510579e-02
5.492307953319830460e-02
5.492999108533069830e-02
5.471423970035615980e-02
5.466392690113508479e-02
5.508262093349891586e-02
5.560886598457059904e-02
5.509647379635040920e-02
5.448105189246454927e-02
5.473305786043880516e-02
5.620655518550243812e-02
5.451772008031419148e-02
5.521330463157347879e-02
5.542541223362817959e-02
5.503303602377762616e-02
5.530507877001866746e-02
5.485044637036295967e-02
5.452633198255796287e-02
5.507404365440038418e-02
5.446626274417987190e-02
5.542237411751216314e-02
5.488794254142170814e-02
5.481016241618696938e-02
5.494756641505738060e-02
5.433710722778428703e-02
5.491495679536129160e-02
5.473143408536351728e-02
5.509821236525525023e-02
5.510501537663792249e-02
5.518502024612637058e-02
5.488673433868029861e-02
5.496475593807126359e-02
5.467190445571823432e-02
5.453346667224145961e-02
5.466756570546493776e-02
5.485779853145444918e-02
5.514081559674011146e-02
5.474935906803324315e-02
5.413474369350801396e-02
5.489694914193954389e-02
5.513061101473581971e-02
5.513515156633808090e-02
5.540184034637185562e-02
5.529369391687311008e-02
5.514002090976077852e-02
5.518011693895807923e-02
5.470114567055084365e-02
5.464073281354941969e-02
5.522684050251847054e-02
5.454625063285156727e-02
5.462624757671541431e-02
5.494596007548402383e-02
5.498630469568333012e-02
5.527382694199012292e-02
5.506148758262341403e-02
5.561455222596478620e-02
5.442626341905132392e-02
5.487974796111494413e-02
5.544438062833911829e-02
5.459295631279026395e-02
5.538296676324705459e-02
5.492903935379622737e-02
5.499275904026035278e-02
5.529146828109254841e-02
5.500072447423676181e-02
5.539836963788680180e-02
5.508596102774454550e-02
5.518086126745558317e-02
5.584604322727493297e-02
5.525093450313178778e-02
5.519746328928221146e-02
5.520515969706529802e-02
5.498974561406555495e-02
5.522845524157737884e-02
5.566417312139115836e-02
5.541314639282823862e-02
5.573181319394926447e-02
5.522129847878964881e-02
5.497372420643387159e-02
5.493817990372917848e-02
5.497960215508435056e-02
5.579248647143231210e-02
5.489914651086991171e-02
5.473728721617554527e-02
5.496857560054912994e-02
5.444809462908395403e-02
5.445772932714909587e-02
5.468234469714161605e-02
5.495895800135208731e-02
5.501992802841826347e-02
5.448754322352478141e-02
5.477459298065134874e-02
5.475674385965056956e-02
5.498614178293692589e-02
5.492771670395413253e-02
5.487720444411614551e-02
5.479440722465511726e-02
5.492395865193699933e-02
5.469920957452423238e-02
5.479729162469304526e-02
5.490126650168924982e-02
5.466687301005279664e-02
5.462318674901034399e-02
5.446415168106710780e-02
5.458219921674078989e-02
5.413240549268216739e-02
5.460066997698120872e-02
5.461180669714771341e-02
5.526081669701632393e-02
5.411759599844678803e-02
5.396137386039256967e-02
5.438501571610920848e-02
5.415490767348707379e-02
5.453195797379706278e-02
5.400009512317716087e-02
5.403933973901864363e-02
5.373478019697408570e-02
5.418749468098305044e-02
5.398129224984771213e-02
5.406605967958633130e-02
5.397979116991358239e-02
5.329775242567258431e-02
5.331368060595131908e-02
5.272818637978282652e-02
5.313616752429517476e-02
5.273247742533015980e-02
5.330032161734976626e-02
5.229643328310373818e-02
5.253691122477199826e-02
5.191527028554432377e-02
5.296014978334184775e-02
5.251211449398418551e-02
5.242529095701442543e-02
5.207653960141733762e-02
5.247643084221920162e-02
5.258477054791477201e-02
5.223538272656114145e-02
5.185069051613488966e-02
5.278934919206790255e-02
5.235725509855626569e-02
5.127690591146993881e-02
5.152350485908208100e-02
5.120483203243963999e-02
5.118435659869291499e-02
5.068709881648203464e-02
5.066957650274872549e-02
5.126986146727752214e-02
5.083588046535325589e-02
5.162452730752065122e-02
5.195344972255711014e-02
5.125085746790070118e-02
5.084444425614798035e-02
5.181309601948136390e-02
5.261707210957489167e-02
5.234693592228722991e-02
5.251384324793129110e-02
5.243820657612374703e-02
5.219551112701736884e-02
5.187582493037723452e-02
5.228515347581286221e-02
5.278085764487805420e-02
5.304824922690087874e-02
5.203114830939092883e-02
5.247856738505696228e-02
5.232348609186665556e-02
5.250781213768007660e-02
5.219450636722378079e-02
5.283280083417096762e-02
5.313351096888219161e-02
5.292709333006229144e-02
5.262268650636237055e-02
5.268856246599895599e-02
5.305298032702410183e-02
5.261789046666187630e-02
5.340142756212884478e-02
5.355359828503658548e-02
5.354851505471813766e-02
5.369949142765939598e-02
5.384646311755325598e-02
5.368741785136599276e-02
5.291689455974335488e-02
5.363310609377691662e-02
5.349409089070533696e-02
5.332815395610701614e-02
5.356496646788855287e-02
5.338380460294622765e-02
5.319002116397086866e-02
5.372633014972905130e-02
5.375301140564481273e-02
5.338456519867840200e-02
5.415856677481301062e-02
5.354499130972811827e-02
5.354871560675711351e-02
5.367501904369831323e-02
5.369917538010327007e-02
5.419387157430044510e-02
5.414629754558042407e-02
5.389603801295628216e-02
5.403966276535498992e-02
5.469755172762802431e-02
5.410084412758209282e-02
5.429834382050735542e-02
5.428217856697870047e-02
5.430213598045696699e-02
5.407844103426029392e-02
5.429115526039129946e-02
5.409626972456127447e-02
5.474954118291108784e-02
5.505086123215896521e-02
5.454290197596733947e-02
5.432718673773351270e-02
5.424671933991742634e-02
5.453617969737134530e-02
5.430918438662146741e-02
5.463801618451835651e-02
5.430153399679937820e-02
5.445235678108240052e-02
5.523620984693966562e-02
5.419919531992967165e-02
5.444222731327652554e-02
5.433774846128081037e-02
5.448813607135960524e-02
5.456623005502247992e-02
5.432194277713708885e-02
5.427080000902151369e-02
5.405191882811433146e-02
5.418900843897667130e-02
5.471666920702311643e-02
5.436358005694241768e-02
5.463475944887985492e-02
5.447581749903651627e-02
5.469937678285141658e-02
5.443277682757496905e-02
5.463882275451847903e-02
5.450493069929596146e-02
5.458383919838016851e-02
5.466126743218779893e-02
5.478050215375329657e-02
5.438343080561303111e-02
5.491044009557555228e-02
5.473213435017321160e-02
5.451375196766683473e-02
5.495287393774717088e-02
5.454737519807739687e-02
5.471935900518154483e-02
5.481548913667655398e-02
5.474872196249869205e-02
5.488111532476125376e-02
5.511332758570830492e-02
5.468068617641463902e-02
5.467561081538097056e-02
5.468517853360044256e-02
5.441267425416640435e-02
5.423039152741626623e-02
5.496058379873858257e-02
5.514949089428000661e-02
5.472324258799687868e-02
5.521333559258145840e-02
5.500050107046483561e-02
5.450822991240045212e-02
5.424847773154262143e-02
5.449007934473293346e-02
5.456163968122229591e-02
5.456447104404826831e-02
5.470220547219106777e-02
5.462224729123121847e-02
5.483255214280902123e-02
5.506573917976087529e-02
5.490768163727377527e-02
5.455204912545053020e-02
5.495447975381662076e-02
5.565825683602110274e-02
5.492617459363025034e-02
5.560102853877868512e-02
5.510710913163752167e-02
5.521693611278610803e-02
5.593404138240831713e-02
5.531826898076985799e-02
5.464529366318249259e-02
5.517596865215335100e-02
5.544972197693098792e-02
5.560318249485085573e-02
5.540050186359657403e-02
5.571613017395193879e-02
5.544171649905749177e-02
5.510438491798463900e-02
5.476899326594519835e-02
5.489583062775604816e-02
5.527514537077404810e-02
5.530051074644237730e-02
5.520768395036146359e-02
5.543958861894893175e-02
5.487858709404580537e-02
5.521162443959326538e-02
5.547754866191123568e-02
5.561127601512794172e-02
5.498917667284342059e-02
5.485452460043216405e-02
5.536900978780323612e-02
5.518994823706169228e-02
5.626419367676849248e-02
5.588695283157107951e-02
5.574714525559087974e-02
5.534006942019686903e-02
5.532095848820617334e-02
5.522752665742292066e-02
5.526448135154193864e-02
5.571677075297731818e-02
5.582262583243124965e-02
5.577283934274035460e-02
5.582630851272440964e-02
5.540396795461166590e-02
5.591992951985780280e-02
5.826165689311935125e-02
5.526279394888966578e-02
5.602468082227041180e-02
5.591183065218441328e-02
5.598940891017534227e-02
5.575328436856530345e-02
5.616480024089920420e-02
5.596148125806799101e-02
5.555344754714308664e-02
5.574956241717998751e-02
5.539905576178405511e-02
5.584946505468124656e-02
5.593133602792033088e-02
5.601758368342757421e-02
5.582686134436620762e-02
5.586911170257202741e-02
5.598508419691494709e-02
5.617120050101753748e-02
5.599820999490301432e-02
5.592278261227701108e-02
5.609001344701347591e-02
5.636510879406042562e-02
5.597641007236120458e-02
5.627522955220687351e-02
5.618195584593177472e-02
5.596404107823627072e-02
5.603855943837121600e-02
5.637102640477831272e-02
5.607791127536554399e-02
5.655343779479427013e-02
5.688105400116505450e-02
5.665288802885726227e-02
5.688753226657716766e-02
5.624055396313565325e-02
5.659758536848080723e-02
5.684386131647123364e-02
5.635216821197630566e-02
5.647355357047079139e-02
5.656183023690797285e-02
5.644494597232974087e-02
5.623089528326730147e-02
5.663765448567126271e-02
5.670308880479613123e-02
5.639756822617059129e-02
5.681291753036354919e-02
5.638762851853673652e-02
5.652647195636184563e-02
5.661499492040533710e-02
5.667648466795238704e-02
5.627090002345536135e-02
5.675353259505211412e-02
5.669853201855001856e-02
5.700110390349610867e-02
5.709663015417287824e-02
5.685187247339129613e-02
5.666508962982685915e-02
5.674182347702405593e-02
5.695695249728771614e-02
5.683297683570920356e-02
5.691527784403138668e-02
5.680599270088038111e-02
5.675000636337568238e-02
5.711091280309776863e-02
5.686226153359541513e-02
5.660241893972006721e-02
5.664881030960344788e-02
5.652442403621016354e-02
5.749001259951480591e-02
5.710472081095208097e-02
5.645154916751593532e-02
5.675569355569898278e-02
5.698710033230725003e-02
5.700950738656640482e-02
5.725283241524614652e-02
5.747819246248653258e-02
5.691581640631504513e-02
5.711985588690193794e-02
5.723439887296244422e-02
5.693918116959029163e-02
5.705184789634376585e-02
5.668093646323502099e-02
5.677057911300131821e-02
5.683747052726051407e-02
5.678726736369199557e-02
5.709978989402220151e-02
5.731526618261018058e-02
5.755877055179503543e-02
5.744287483279908457e-02
5.716209280979622775e-02
5.698955130822280779e-02
5.724808710383300081e-02
5.739232602470689670e-02
5.708094797895491013e-02
5.729390663718625376e-02
5.720161956194758091e-02
5.726656256002016221e-02
5.742144904756152357e-02
5.745450149767883374e-02
5.708182204724732145e-02
5.740647635376827651e-02
5.762133782573108931e-02
5.751032454769511304e-02
5.718403975356611824e-02
5.695312234524152473e-02
5.737812586583768137e-02
5.775768116789770090e-02
5.817003947469601144e-02
5.751353981456919229e-02
5.726181921509354567e-02
5.758560427046965913e-02
5.762218984056399762e-02
5.769630130805936119e-02
5.767818216868292325e-02
5.758353021306561459e-02
5.767689596629210769e-02
5.728314956911173539e-02
5.736587275833127109e-02
5.766237817705910373e-02
5.800798795439288114e-02
5.791468095845786479e-02
5.788518651090956979e-02
5.743978721485554217e-02
5.794377930690597367e-02
5.764224957415908790e-02
5.824706662334211416e-02
5.838263110415642387e-02
5.813361055757049201e-02
5.803549438651245396e-02
5.781316600201247269e-02
5.747595945389072369e-02
5.782524224675089641e-02
5.816516281007899636e-02
5.778912111500300597e-02
5.903144531899062741e-02
5.807859020479622103e-02
5.810508476171882819e-02
5.812209376407295736e-02
5.796226271731708124e-02
5.854314136096139265e-02
5.839899916736879248e-02
5.805681766547543532e-02
5.841215048493531015e-02
5.837535597915088914e-02
5.843490004221596479e-02
5.907921155410811309e-02
5.854224582079492478e-02
5.861776743096669406e-02
5.849457276738956324e-02
5.821131829538828129e-02
5.849188023288398597e-02
5.832499475949326495e-02
5.852683742922693000e-02
5.881108938606516290e-02
5.886096996323164632e-02
5.876646164416676754e-02
5.885981441666299219e-02
5.896962265630278921e-02
5.905256470836128813e-02
5.864524440452001386e-02
5.876364606718720296e-02
5.862571915100112108e-02
5.874938509637317452e-02
5.898196713874437336e-02
5.890574788178870591e-02
5.864510784210441585e-02
5.875207352159073082e-02
5.912769359484038034e-02
5.869229725438973588e-02
5.859433867874841440e-02
5.925911066191869025e-02
5.870506862508140244e-02
5.891169320971645362e-02
5.870747105067497529e-02
5.877039758439028816e-02
5.919846653090221622e-02
5.945651613968561122e-02
5.941154412826854525e-02
5.923101144404352425e-02
5.903871972865015749e-02
5.956489810017284725e-02
5.930619122839875246e-02
5.932477957620285736e-02
5.959161082583186442e-02
5.957895593172768400e-02
5.920877868939200539e-02
5.961279281967435395e-02
5.971497529251834635e-02
5.922584370921146757e-02
5.930026776699381941e-02
5.957313547437070866e-02
5.936712018616852049e-02
5.970732352830232514e-02
5.928716375226272817e-02
5.923358079324181347e-02
5.930509329694721998e-02
5.935848884137673309e-02
5.961223983512198288e-02
5.979561694460411303e-02
5.968134673250524713e-02
5.981096629332949277e-02
5.956775884304654767e-02
5.982255464487007401e-02
5.957500580822472358e-02
5.938176927833094254e-02
5.936668090126318020e-02
5.955480546855174140e-02
5.969323395965631107e-02
6.000255375938845503e-02
5.962764639641271458e-02
5.949571557703858815e-02
5.989995182733665047e-02
5.980585542851368785e-02
6.248763312243177381e-02
6.101330916280023331e-02
6.023399364289172553e-02
6.037022858459817343e-02
6.012495702874964820e-02
6.007778638680960626e-02
6.003761566900944757e-02
6.029134850305695181e-02
6.009566906775543060e-02
6.037313361991891725e-02
6.056345139734276017e-02
5.981686613875947245e-02
6.019522361128526455e-02
6.017441431673375973e-02
6.027700972816507630e-02
6.019491082623762424e-02
6.029653233609444385e-02
5.997546993073132882e-02
6.016469884328046192e-02
6.025980346686310440e-02
6.015066184449047171e-02
6.034010568285719245e-02
6.035823345266688733e-02
6.054614594129770211e-02
6.012869378591112479e-02
6.008539932898493419e-02
6.032464086610822562e-02
6.039611166461433811e-02
6.059241186012442881e-02
6.026116228700129085e-02
6.043299491757991859e-02
6.051133833248734106e-02
6.068797470594233801e-02
6.072484996566540616e-02
6.095297139625177607e-02
6.060632385869269001e-02
6.026451262186061086e-02
6.058533428773049678e-02
6.084641902500553812e-02
6.061630831389930307e-02
6.071706221887307464e-02
6.078489207824855356e-02
6.061818028901377886e-02
6.035858161297014135e-02
6.104455696481370097e-02
6.074375959110867029e-02
6.063446431755448174e-02
6.070045929972511800e-02
6.065324688103768125e-02
6.124815600669464288e-02
6.106442109756304859e-02
6.144507130273879625e-02
6.103843050672530524e-02
6.102748850722505836e-02
6.114630632192064041e-02
6.168341552600686839e-02
6.134725648532679543e-02
6.109762872634139086e-02
6.108828061277282728e-02
6.073860863599023219e-02
6.066892435916493298e-02
6.108202840747534168e-02
6.119399362659017072e-02
6.137842304211726940e-02
6.114592643882854617e-02
6.116790716022002528e-02
6.128010113204673814e-02
6.159791625873101140e-02
6.112218589944706792e-02
6.126205976289433863e-02
6.169407465473053520e-02
6.187081451863463144e-02
6.161837582886775522e-02
6.147147797692653626e-02
6.155348745805078181e-02
6.144173357975013516e-02
6.150429623804143375e-02
6.163097622214408489e-02
6.158489134677225252e-02
6.130167440221256925e-02
6.142789140937487957e-02
6.170879082622704459e-02
6.155351291184274487e-02
6.158670916694397590e-02
6.161125838692171897e-02
6.203753033515724269e-02
6.198436491144931892e-02
6.203030066111914209e-02
6.140133396683111755e-02
6.153244096011256659e-02
6.200130084036992173e-02
6.170804053470035910e-02
6.159779939802412230e-02
6.174126499990251205e-02
6.188791430502149638e-02
6.142033451405026767e-02
6.168599329506285756e-02
6.198174792153210433e-02
6.195354320835555484e-02
6.186158497673588386e-02
6.172033196240533925e-02
6.182710722748829824e-02
6.187040768871732155e-02
6.243444192868174980e-02
6.172639593268947067e-02
6.164755252931364282e-02
6.201325970984683522e-02
6.204121701499332175e-02
6.237248230127967474e-02
6.206508140292399389e-02
6.213018548167603683e-02
6.276668160951359710e-02
6.177413074646054270e-02
6.260354328751560615e-02
6.172236657462448761e-02
6.195016004307518642e-02
6.197464504668204199e-02
6.210531485364967352e-02
6.198901942395984577e-02
6.212185888652754784e-02
6.187835706772659705e-02
6.194441749932089181e-02
6.246252085660941589e-02
6.217139386514425325e-02
6.183770311678848941e-02
6.200507732568283359e-02
6.260929700545148080e-02
6.233893159531866957e-02
6.208459449400827168e-02
6.231863288274297474e-02
6.211294963226698940e-02
6.210698653073798425e-02
6.209175388453047617e-02
6.205339395146935999e-02
6.220543487663299231e-02
6.249938291598056139e-02
6.247491627328649599e-02
6.244039701506309825e-02
6.205273104649577931e-02
6.205632496415347532e-02
6.250822130650313113e-02
6.229830206359032729e-02
6.293756295824337599e-02
6.280950479202473957e-02
6.249409850402720679e-02
6.202383715101333905e-02
6.253567074096899603e-02
6.267982613450762130e-02
6.269695738285108177e-02
6.271812151258693291e-02
6.280693960160554923e-02
6.253260778969504941e-02
6.270767086250828015e-02
6.291176737231296556e-02
6.286322528405108301e-02
6.295610356040093336e-02
6.267596331344549299e-02
6.288591429680856493e-02
6.273933422354183165e-02
6.305167740812223087e-02
6.320137743979437062e-02
6.283222393835252717e-02
6.310840610842305409e-02
6.280226853318815472e-02
6.293731511805944479e-02
6.301090265234421395e-02
6.272389358941410364e-02
6.251998234500177887e-02
6.272463480358858590e-02
6.286037052773352229e-02
6.324723306048518623e-02
6.311558719138332663e-02
6.290016955825450395e-02
6.342092527441778316e-02
6.340338940717948901e-02
6.338013144773313456e-02
6.276032629314620692e-02
6.273274775742976317e-02
6.299399717097031726e-02
6.296010773847449116e-02
6.311633028480834184e-02
6.340835168003522426e-02
6.322360877243582422e-02
6.338982437178763973e-02
6.334287015956086009e-02
6.323790594909617369e-02
6.332505745879224435e-02
6.384664962109098951e-02
6.316460556900338474e-02
6.364472731586623411e-02
6.362783407523586732e-02
6.367899650264696731e-02
6.373812416632951283e-02
6.360285078442551310e-02
6.323943615074867353e-02
6.315198471592431417e-02
6.320358088798272433e-02
6.347229920791797042e-02
6.334524229610316581e-02
6.321054578635099119e-02
6.354787780102455486e-02
6.362843522353500703e-02
6.343283752364570205e-02
6.433478362552591534e-02
6.369122668991167302e-02
6.377053992470038679e-02
6.375460888569506324e-02
6.394477413990529158e-02
6.372603719451319648e-02
6.333590495781749041e-02
6.341124666658615183e-02
6.355698863760750328e-02
6.389635569971829909e-02
6.400810183196270486e-02
6.375299775928766621e-02
6.348227598898859014e-02
6.373803742463479693e-02
6.394227265441898567e-02
6.363096571470805429e-02
6.369812137107544459e-02
6.370856580173267503e-02
6.372859212288162212e-02
6.389812226844426846e-02
6.384556465123836233e-02
6.398404228324849896e-02
6.393878262102603571e-02
6.364963080957863895e-02
6.407362411979633521e-02
6.392915610622651457e-02
6.450562054398290002e-02
6.403555457295340148e-02
6.384020607968210470e-02
6.365161523003948219e-02
6.417874793101319142e-02
6.409928659648045368e-02
6.399569051723119628e-02
6.401643977497428750e-02
6.435922370020108474e-02
6.388028387478428272e-02
6.408558361444249840e-02
6.424001870012219229e-02
6.458301492196483196e-02
6.418911033027896451e-02
6.447129388466521505e-02
6.485309418365403644e-02
6.435374964514295471e-02
6.459973188339063199e-02
6.454455697388894464e-02
6.450026160344890513e-02
6.447181164802628928e-02
6.426878109168043807e-02
6.437396028958985994e-02
6.429956222235944097e-02
6.475479068678424710e-02
6.450089987050589002e-02
6.456234513098735306e-02
6.455758375740927590e-02
6.469802033587512824e-02
6.435231752187675625e-02
6.451012339978134946e-02
6.472812157250373843e-02
6.488950718455299693e-02
6.509946468086624805e-02
6.444072512529785968e-02
6.451222894206054548e-02
6.437318339262532163e-02
6.433291488518122492e-02
6.461204555950317285e-02
6.458791540326203062e-02
6.451034401665367568e-02
6.487546208583694352e-02
6.437631165463386651e-02
6.456293652846056830e-02
6.459634023385518731e-02
6.479257986842767991e-02
6.486983959156233936e-02
6.487408175767939156e-02
6.506449271435243986e-02
6.493747837162189285e-02
6.475497026572440973e-02
6.492565513453030235e-02
6.475935910863128697e-02
6.462917068404649967e-02
6.487100949065194300e-02
6.505765074876279641e-02
6.490045394452081950e-02
6.529390337409779477e-02
6.496086817096013988e-02
6.488446304227224459e-02
6.485522391388087726e-02
6.511204510955082014e-02
6.499320112864737098e-02
6.495310182490499074e-02
6.485764324026632721e-02
6.491717586586531752e-02
6.492860077902307125e-02
6.475341639363563218e-02
6.486037894161000850e-02
6.489187814272057153e-02
6.505781136688781885e-02
6.495884055082967734e-02
6.506104411599977766e-02
6.548257460348949621e-02
6.488987152363279165e-02
6.470066734592450075e-02
6.520592420638138265e-02
6.481660358011609446e-02
6.514358360887584354e-02
6.481498622610004645e-02
6.549482853584365216e-02
6.483221957836349247e-02
6.508585086850260382e-02
6.509973922338119223e-02
6.502239944282450779e-02
6.504914920177995441e-02
6.545980426991349077e-02
6.529519412212536622e-02
6.569941521082967029e-02
6.541368750596987525e-02
6.553157324522729255e-02
6.540927408245167385e-02
6.546872928211300291e-02
6.549974214132703310e-02
6.566172859787755556e-02
6.550601179543136254e-02
6.556589894863051882e-02
6.537002941692904301e-02
6.533804723925484836e-02
6.543813781450680267e-02
6.536908277976749559e-02
6.517407583213241651e-02
6.550666764475820969e-02
6.551979333140067752e-02
6.546337056240503216e-02
6.541636039447951134e-02
6.560935930368927416e-02
6.562160969685493228e-02
6.585744219877653904e-02
6.573235085830475555e-02
6.553260957357665006e-02
6.567935332851249086e-02
6.556012048501358436e-02
6.560525836867014959e-02
6.537641805145000262e-02
6.553106850015311124e-02
6.585965782115721368e-02
6.621824663588071758e-02
6.600818313059875209e-02
6.562766285750498696e-02
6.556439997535079556e-02
6.543347858022841024e-02
6.562028824770038682e-02
6.568702139089666048e-02
6.603349377683898069e-02
6.598994686817505340e-02
6.584129817557382580e-02
6.613079525305565198e-02
6.589138468353894496e-02
6.594415221141858297e-02
6.593493107789427654e-02
6.602532193079113654e-02
6.607061455038731879e-02
6.597327056560686742e-02
6.602544318445069393e-02
6.587824998591429448e-02
6.591054549548402974e-02
6.613521341024153344e-02
6.584676221709884203e-02
6.591397834957746227e-02
6.598350150154530525e-02
6.607161039709552597e-02
6.619368057848618037e-02
6.612014707871693986e-02
6.634197733535174279e-02
6.656129192598569944e-02
6.638542578270545391e-02
6.625014463998013525e-02
6.624012019464942114e-02
6.641317135215274448e-02
6.624877327416811568e-02
6.610477112468160499e-02
6.625397511385955340e-02
6.641086590763123354e-02
6.607617506294261034e-02
6.601019168893529354e-02
6.631012611434528026e-02
6.605734887562775270e-02
6.627534787895683621e-02
6.632817183484718271e-02
6.615760053022867737e-02
6.601908213457363672e-02
6.613660974315749286e-02
6.595164929540331400e-02
6.617762615422506656e-02
6.618941379363363353e-02
6.615788429895275158e-02
6.622350367923601766e-02
6.615470755687979931e-02
6.626296260352049217e-02
6.620450648551212680e-02
6.607200308548044632e-02
6.607088933993665592e-02
6.608477326477668612e-02
6.628067045889096676e-02
6.635662551862964165e-02
6.663042106760386218e-02
6.630992266136459534e-02
6.643077271462871636e-02
6.685925976436735141e-02
6.668825995781091365e-02
6.656802166654784969e-02
6.671688847247025933e-02
6.666756801907069985e-02
6.667029757696241177e-02
6.686751855080430573e-02
6.688089185864143360e-02
6.682731261817309587e-02
6.689961188598303465e-02
6.660266031891381999e-02
6.671080038297816373e-02
6.690555936668474146e-02
6.682090375950977545e-02
6.682897420337496897e-02
6.667039940668217923e-02
6.653364304605347002e-02
6.657150879179596359e-02
6.680188961078670218e-02
6.653769461877345748e-02
6.671054580399626843e-02
6.663118010457225182e-02
6.659924785593673846e-02
6.640462654681655863e-02
6.638959164617475039e-02
6.644612501562718876e-02
6.659758965120587959e-02
6.683252808066342254e-02
6.690658620133760337e-02
6.665914540019457490e-02
6.675112517861236938e-02
6.673461200686503503e-02
6.693714254567240118e-02
6.688235922787910681e-02
6.693846645333323409e-02
6.693218367696118776e-02
6.673435106572611630e-02
6.673193346283312621e-02
6.675620055152720056e-02
6.676037334452189498e-02
6.659771512828172035e-02
6.656828135404779800e-02
6.663216757026901860e-02
6.678208817416120269e-02
6.675487087811404763e-02
6.718680230424212141e-02
6.698692896518920747e-02
6.699330580752516084e-02
6.729266729695737581e-02
6.716399172156073405e-02
6.701250093622590498e-02
6.704826241294270517e-02
6.722037272474423730e-02
6.727270514352667874e-02
6.717072113183419901e-02
6.729519598525968149e-02
6.748723686711244341e-02
6.737511608023183385e-02
6.720066251167722271e-02
6.738857342066850720e-02
6.731085644972978344e-02
6.734045566474122779e-02
6.723369728228334452e-02
6.732751064329178803e-02
6.742766468356364840e-02
6.709835664529961718e-02
6.710993274809240461e-02
6.733452109923376838e-02
6.765392889711208113e-02
6.761713924638002027e-02
6.735763627119339958e-02
6.723335536214491981e-02
6.734207072693010332e-02
6.745783298620722235e-02
6.751760474746504315e-02
6.735736643691581094e-02
6.744761132864240949e-02
6.753533629608554634e-02
6.764383812751262326e-02
6.779259226917844217e-02
6.783221106422487878e-02
6.787264672324155867e-02
6.795826422516881848e-02
6.797014873163931270e-02
6.797479828917118994e-02
6.810493963302732823e-02
6.794482032384863146e-02
6.779761710865983559e-02
6.798198464468896418e-02
6.755411880364192712e-02
6.769267307723580984e-02
6.757766745040072465e-02
6.746439615829302738e-02
6.795764116529312560e-02
6.777511238080435874e-02
6.765628469868900652e-02
6.751863945695291136e-02
6.762844543524693108e-02
6.784803368363157006e-02
6.773875810457496982e-02
6.780518881774710849e-02
6.792940573399874893e-02
6.786994928559408891e-02
6.804480967916148870e-02
6.785458637293828588e-02
6.790976926345493325e-02
6.792206439941850249e-02
6.766251707345105615e-02
6.782895057397553273e-02
6.768762665191019323e-02
6.773036253845887700e-02
6.785400555557785651e-02
6.801417353004168831e-02
6.796994341125639494e-02
6.806176148607079313e-02
6.801257408594096887e-02
6.796213950033092033e-02
6.792399019908401669e-02
6.798876828984390386e-02
6.790385187473901851e-02
6.796709791708366311e-02
6.813106628919385344e-02
6.795498069779881689e-02
6.798480831362141430e-02
6.800230192014566910e-02
6.795476142379897055e-02
6.793871031967668728e-02
6.791495783644663220e-02
6.804977552657121009e-02
6.805289994576568802e-02
6.816997051073769853e-02
6.831490113989957536e-02
6.809978858681020597e-02
6.810408985318971986e-02
6.813245901609832345e-02
6.843388763910596140e-02
6.825735528202159230e-02
6.822470154547488619e-02
6.800674983705690124e-02
6.798763709258892618e-02
6.811171178521036040e-02
6.821618474045720859e-02
6.824192500613790457e-02
6.820507178149881611e-02
6.835494043848200363e-02
6.867804864261373154e-02
6.863330026413194673e-02
6.835042389728585022e-02
6.843588754822249598e-02
6.881284565204026649e-02
6.852331544542877850e-02
6.840738893547282373e-02
6.837389632177703902e-02
6.816796360893562223e-02
6.839784955057837124e-02
6.815695828352730246e-02
6.816397590126754835e-02
6.811062637597231628e-02
6.805492660278744665e-02
6.807061502324529556e-02
6.812100670857645923e-02
6.803586296307528869e-02
6.836161767429871361e-02
6.839999647570138563e-02
6.851105959221470698e-02
6.862078506106783493e-02
6.873768691093928851e-02
6.866065200723170392e-02
6.851432429476744801e-02
6.836660917909398449e-02
6.851723689210942325e-02
6.851992958081609686e-02
6.858005780501130744e-02
6.854544053027211703e-02
6.845309644214836453e-02
6.870188743166849576e-02
6.870878364470556221e-02
6.878140288706546812e-02
6.856624059740568100e-02
6.830441677779930387e-02
6.825061021745781886e-02
6.855894297981279806e-02
6.845027219075561220e-02
6.841444068604118911e-02
6.850834988089005151e-02
6.862442700864335166e-02
6.860548050283910015e-02
6.826777521528626380e-02
6.830576962829582044e-02
6.813863728797997510e-02
6.836983850956812603e-02
6.838389963783342296e-02
6.850931620278188916e-02
6.848516840641494241e-02
6.831665729625413519e-02
6.817569223816377644e-02
6.834439895694899292e-02
6.860829589802364126e-02
6.869013173093918567e-02
6.885837488297141817e-02
6.860849072910468749e-02
6.848785792915279558e-02
6.837847868343160940e-02
6.835300338897454253e-02
6.861987028261395949e-02
6.853191445623707523e-02
6.844192593413822578e-02
6.870439869516786757e-02
6.846795825232732113e-02
6.849862528550332286e-02
6.858377050227204563e-02
6.853903279230166845e-02
6.868513297131073614e-02
6.865946124846544762e-02
6.873009143832575774e-02
6.851217570486767272e-02
6.836872426710627337e-02
6.856004293118900250e-02
6.853884442392299547e-02
6.896823425980969091e-02
6.871144364632542079e-02
6.835583871918160526e-02
6.837843486402306326e-02
6.842581419044435620e-02
6.839829282964871027e-02
6.840290312715069376e-02
6.836805560998726605e-02
6.825749021843208197e-02
6.860062686093826301e-02
6.836285279081977251e-02
6.815679459407419927e-02
6.842027649370763243e-02
6.853007067607208569e-02
6.845170224565677586e-02
6.874026962508494876e-02
6.864803223925974862e-02
6.848032356614552896e-02
6.866022650037706399e-02
6.862120662858472997e-02
6.863695219755072685e-02
6.865094658603609901e-02
6.881553108778604155e-02
6.867746964578813618e-02
6.861206311771184119e-02
6.862114906612148957e-02
6.870588751501571778e-02
6.873956676893655526e-02
6.858211979990613827e-02
6.870955117065946638e-02
6.861161895818312928e-02
6.870951987432860619e-02
6.873368548440339509e-02
6.882184898737264689e-02
6.908164651737180861e-02
6.903229772938246356e-02
6.882737100870528479e-02
6.881692685191254100e-02
6.847057968562708652e-02
6.869723735574950751e-02
6.850922016398186543e-02
6.866182195537717803e-02
6.878061697907966732e-02
6.882232117097331070e-02
6.848078117676692500e-02
6.854605397981927695e-02
6.852826854209581597e-02
6.849784920314050396e-02
6.850214775201735051e-02
6.868574226908918945e-02
6.894319151263061940e-02
6.883325757609171092e-02
6.866123894927866900e-02
6.870004226002635050e-02
6.868034896978869597e-02
6.877535907021936623e-02
6.884354349395493955e-02
6.856062006399099573e-02
6.842866997648400229e-02
6.840571974638010033e-02
6.829133462268544008e-02
6.832491364375314902e-02
6.846751951530194447e-02
6.871634455703201638e-02
6.877485587249410059e-02
