1.284026289475912908e+00
1.839353065665419562e+00
1.858297660110081351e+00
1.667890694979385469e+00
1.789726478134893606e+00
1.623957374213356841e+00
1.473634088991777835e+00
1.398719070558091193e+00
1.317087580779508160e+00
1.132589346771307071e+00
1.283312690977701065e+00
1.274761576767715177e+00
1.445742675782218045e+00
1.456236313697720552e+00
1.489885714181631737e+00
1.424987704194654148e+00
1.439035692395838284e+00
1.378683476805654173e+00
1.225461572265606369e+00
1.248754464456362179e+00
1.167711020615544548e+00
1.253158095073025891e+00
1.332732250166424937e+00
1.413289371063277011e+00
1.534100690128407107e+00
1.366381888976073933e+00
1.231489673730586709e+00
1.223217050013323037e+00
1.082463076835973537e+00
1.102791512513829009e+00
1.158507724032500796e+00
1.292356058918930461e+00
1.398190296474780325e+00
1.376568824836078564e+00
1.408126201797874621e+00
1.410258189314455013e+00
1.356481016048776356e+00
1.372112633381522340e+00
1.416432814856855238e+00
1.365900102833782048e+00
1.413394342540668314e+00
1.401848403178420188e+00
1.465834075933916125e+00
1.417691613367200398e+00
1.514276638721179014e+00
1.703467592050265322e+00
1.626097501981302651e+00
1.864009649088581577e+00
1.763665772552502231e+00
1.694863403239724953e+00
2.003833706991652086e+00
1.996742114743190522e+00
2.083720873713383881e+00
1.983359725465152490e+00
1.965789111359162122e+00
1.912288722623689097e+00
1.993227733567418447e+00
2.082902565285920105e+00
1.965207011476302945e+00
1.818110358838483043e+00
1.783132681563806887e+00
1.921818230390069271e+00
1.925277554951246639e+00
1.909398997864806935e+00
1.899592257096212933e+00
1.935066040372467322e+00
2.012322343454879370e+00
1.925530694793385011e+00
1.882912215018721858e+00
1.748145425868453895e+00
1.859544293722975805e+00
1.826552651689969053e+00
1.851715529323905818e+00
1.901789125348311682e+00
1.944208364763022168e+00
1.771206190056932250e+00
1.741402932108511603e+00
1.717539078600635927e+00
1.770926638304955558e+00
1.754351271204553031e+00
1.728401415931351659e+00
1.661917866417242040e+00
1.497226724546810495e+00
1.469915311809108838e+00
1.487806816317115199e+00
1.362180635841220955e+00
1.473786223427049125e+00
1.366293403440496546e+00
1.317060771241896910e+00
1.243427102459540246e+00
1.308910583010031825e+00
1.395224966469647221e+00
1.398721502585856591e+00
1.503017790210800619e+00
1.543802029477971294e+00
1.589699323222725003e+00
1.496406154293267399e+00
1.544246516428768423e+00
1.534373831795947218e+00
1.555264843084003257e+00
1.573474603858843412e+00
1.596413346445623604e+00
1.525144200298739205e+00
1.469938468233784601e+00
1.346091517517269409e+00
1.314395936201322890e+00
1.320182378181276261e+00
1.410016783241965665e+00
1.415549801225988169e+00
1.479317987174450177e+00
1.435095441542319605e+00
1.236890912573920032e+00
1.125759906451159198e+00
1.150966632191823047e+00
1.120199685509422061e+00
1.091937333398846688e+00
1.143820803380206863e+00
1.092913871114305824e+00
1.110087296739351803e+00
1.137429289704061652e+00
1.036544452689183382e+00
9.756967620161005605e-01
1.028811884671193333e+00
1.034677749379536049e+00
9.356942192645346656e-01
9.374829432625703118e-01
8.530229013503398683e-01
7.917830246367665303e-01
8.053418277474789777e-01
8.234676745082102345e-01
7.786102112752454341e-01
7.923949553966984638e-01
8.476315470200311841e-01
8.633119587723222521e-01
9.018970922047238048e-01
8.943833375152752119e-01
9.001415847925596792e-01
8.266363672587958566e-01
8.539205618573062484e-01
9.150473333056297065e-01
9.539178206922609426e-01
8.921590255861509000e-01
8.678963250643586536e-01
8.713772490188218534e-01
8.640224228355055658e-01
9.546563321356933418e-01
9.501229239966720863e-01
9.323386670845429380e-01
9.181890661336787884e-01
8.759858496671053540e-01
8.369650358542046753e-01
8.633793758727963397e-01
8.481204400726074510e-01
8.337289006607426778e-01
8.087747767252496667e-01
5.747230749737620714e-01
6.338007226722022214e-01
6.098374655986087411e-01
5.951460729102758807e-01
5.963680222131435560e-01
6.006003341084232838e-01
6.752327863229586891e-01
6.836817361796536652e-01
6.406564982203062364e-01
7.760378422067881754e-01
7.783079472353517936e-01
7.955219661196674119e-01
7.436082209833452250e-01
6.948620294453100588e-01
8.383525520124982533e-01
8.276252430033113061e-01
8.816876534046618197e-01
9.143140646345676581e-01
1.009240171170993072e+00
1.129037644864232748e+00
1.141166720674070545e+00
1.230663132421538020e+00
1.100689528467150957e+00
1.177630262939022732e+00
1.241759266262315586e+00
1.199992887982243683e+00
1.217285884984733002e+00
1.222379288364541683e+00
1.245916168755755171e+00
1.137011821569136050e+00
1.059326350119307980e+00
1.090988128894365250e+00
1.127769865463695176e+00
1.151542011853866398e+00
1.103273009071416233e+00
1.143869568186185015e+00
1.256732842187996191e+00
1.296848812863016009e+00
1.158516543962380352e+00
1.156166840673016116e+00
1.085024975304867079e+00
1.153390136349374151e+00
1.130078977948100638e+00
1.041916113861387272e+00
9.873926673996012982e-01
9.902612283824792083e-01
9.532070445730419506e-01
1.069254549601679427e+00
1.075318629161838402e+00
1.097245771204982789e+00
1.003283803331400659e+00
1.009046657049714524e+00
9.608104705243802890e-01
9.920092751484475002e-01
1.024042770499978161e+00
1.019390838887671569e+00
1.070814864184975290e+00
1.019665085118640180e+00
9.582685103172564611e-01
9.594954887121378562e-01
9.720417651803762160e-01
1.028084330737548902e+00
1.004073009814798079e+00
9.389857582445778617e-01
9.420174414990335476e-01
9.742872243739120197e-01
9.328591340609789784e-01
9.638675473020070772e-01
8.934044695920564383e-01
8.919399566041918970e-01
8.579156980154908352e-01
9.208828847689898289e-01
8.987773076771049530e-01
9.068296325220595033e-01
9.306477418676423197e-01
9.706020245445104999e-01
9.717406651921527416e-01
1.045435047013748342e+00
1.002159838715854789e+00
1.095134422996439261e+00
1.091847049229931477e+00
1.097468951086652433e+00
1.070002331747992308e+00
1.041650591778652712e+00
9.641213389693198410e-01
8.925899223833135832e-01
8.617006074074251565e-01
7.581663856631464249e-01
7.269101584308705899e-01
7.297521930776300625e-01
7.311813024893332180e-01
6.974576523968856190e-01
8.060963891674455262e-01
7.655799665505355067e-01
8.037260799068345341e-01
9.055696972051836546e-01
9.927085884521458237e-01
1.017110480017288987e+00
9.863172259674336528e-01
9.188632635815056071e-01
8.962475372345279911e-01
9.729571131186559585e-01
9.686760347388690962e-01
9.089529930430013671e-01
9.552287163473622833e-01
9.507567648593440168e-01
8.264985520165990529e-01
8.711603567528519720e-01
7.546476689958150352e-01
7.165592717491942043e-01
6.658291907134241683e-01
6.483366732363715634e-01
6.883715418066036484e-01
7.059942685918311200e-01
8.043085802328264755e-01
8.413159127886210564e-01
7.565434882568449204e-01
6.773083793473789749e-01
6.751335656902539561e-01
6.280741144084817096e-01
6.183750102844943752e-01
7.700490303467741882e-01
6.944831511480005215e-01
5.921369952833926975e-01
5.112434843324229483e-01
4.741997388814506165e-01
5.146567601092679745e-01
4.459534876937382153e-01
5.072708615427639067e-01
5.108666797365494228e-01
5.496762261100480718e-01
5.543318141560436008e-01
5.055993307260295833e-01
5.372564670188353375e-01
5.175898484979488678e-01
6.003716132318113186e-01
5.354028310354530529e-01
4.931904313410443996e-01
5.063339446632064700e-01
4.498827081591287302e-01
5.495813251857887272e-01
4.894310981990213638e-01
4.938438546608237001e-01
4.203795373136529623e-01
4.166149808774998742e-01
3.956753882780921217e-01
5.001513842575252555e-01
4.762241637558847218e-01
5.545565354180644890e-01
5.006533309694845002e-01
4.835238907745564862e-01
5.433649837022015427e-01
4.554234533133941221e-01
5.358129137330643887e-01
4.340192867650067843e-01
3.877008719817462978e-01
3.917599098412309355e-01
3.525562482220353511e-01
2.142025133776378210e-01
2.290440312873206208e-01
2.173133479051822525e-01
8.068041743800494214e-02
5.583584381567222032e-02
8.308080832011278949e-02
1.117933157925978110e-01
3.776304666117648312e-02
1.783324825533794816e-02
3.547201329590617212e-04
9.623110708644194364e-03
-4.885519151037834296e-02
1.104966220954508617e-02
4.170461371574515214e-02
6.679497079061668188e-03
-5.280895160645618369e-02
-1.746440334989303456e-01
-2.226958802744818111e-01
-2.876474373389278916e-01
-2.772305094041841445e-01
-2.966969413024860280e-01
-2.754645097401025589e-01
-1.786537484607626791e-01
-1.855135455532141431e-01
-1.577319807421347087e-01
-9.405097924755474736e-02
-5.600456386068779907e-02
-1.203954670332975235e-01
-1.304574865643894355e-01
-1.467583403616464777e-01
-1.193652583655873678e-01
-1.081846863268924597e-01
-1.148439979447987008e-01
-5.484340922074209396e-02
-5.425016658744938325e-02
-4.845999213381636805e-02
3.814182333352637844e-02
7.955841293995148666e-02
3.587712277486834050e-02
-1.339469145354851322e-02
1.668177655418070712e-02
7.322581950336903844e-02
1.183578990801616715e-01
1.756918053705295744e-03
-3.195883581248658289e-02
-8.729755882451666711e-04
2.184377226027718610e-02
5.828930505502744747e-02
8.025964200170898621e-02
3.017830408523292096e-02
1.333255236241595067e-02
1.716942591178070854e-02
1.053610246114365379e-01
1.952866577618397048e-01
1.547799441096618933e-01
1.587105995143527626e-01
2.540408366269281126e-01
2.822838659584230858e-01
2.567083000888115696e-01
3.215249985405624900e-01
2.444979160338592861e-01
2.587652775078971290e-01
3.595063249394135352e-01
3.110212010587126152e-01
3.166780126060497746e-01
2.371259849613609749e-01
2.446242477510846836e-01
2.394531834638427836e-01
2.961545411709786135e-01
2.770510829514701845e-01
2.285434599189691551e-01
1.907511265434858327e-01
1.711543853357902489e-01
1.627149794189899912e-01
1.917361573155771659e-01
1.338891079650722515e-01
1.560744887045725782e-01
1.984804841653355911e-01
2.126192304715843473e-01
1.779965150860304823e-01
2.529544828504257659e-01
2.164288757360602888e-01
2.415221211612472441e-01
2.036524943599043180e-01
2.482080974153010045e-01
1.806911754054519870e-01
1.426594132710654050e-01
1.029264052241537358e-01
1.147904880236405856e-01
6.109714855975978409e-02
9.476535059682943130e-02
1.143454587493715202e-01
1.246922345747615152e-01
1.534484766144886825e-01
1.607682514401709284e-01
1.134148049516948559e-01
1.302489097666416351e-01
1.575867299042438274e-01
1.937456914604929470e-01
1.660768484014716884e-01
1.521648504043194017e-01
1.393250148617487527e-01
9.894411816734949294e-02
5.877970101472799330e-02
-7.474566615016159377e-02
-7.920906786342285510e-02
-4.500018481184779595e-02
5.863033018642149763e-02
8.772700911530968704e-02
1.219663746407940175e-01
1.117852053570792953e-01
1.097078930894204718e-01
4.696341811144504746e-02
1.044228942147119449e-01
9.475617969281259489e-02
1.248146143456095036e-01
1.872820457571069963e-01
1.873765609986777492e-01
2.068044238687218317e-01
1.822244664794540059e-01
1.145947070717577010e-01
8.588972466794185176e-03
3.224593375584640376e-02
-6.479056422108457527e-04
-6.743586154723252291e-02
-7.951596160668208957e-02
-6.148159726384156559e-02
2.373046164380080217e-02
1.404282698221568683e-02
9.382677510852057562e-03
1.118985018728117656e-03
-2.072368186152757571e-02
-6.356103145114035124e-02
-8.889079970843370704e-02
-7.381093294608955316e-03
8.669688378018866604e-02
1.171303708975731106e-01
8.548062084815953587e-02
1.029934459527999391e-01
4.775708254820369703e-02
3.771143391373193293e-02
3.716598684898664295e-02
5.339039709648426418e-02
-1.746102862748875537e-02
-6.425005239934176993e-02
-5.465998688299398937e-03
3.921139733318711879e-02
5.928336599355532588e-02
2.973465803381192263e-02
3.260282962596618844e-02
1.034123219577488956e-01
3.826787552969031919e-02
5.975542443025573525e-02
5.014985316827201556e-02
6.270226489040148232e-02
8.686160084939038850e-02
7.629642792842419863e-02
1.923337346996373265e-01
1.521930340857523267e-01
1.653990907214329398e-01
2.211433704834406544e-01
2.481289655603976518e-01
2.278306858126041556e-01
2.279826017186220022e-01
1.272579080787615835e-01
7.383788795218521051e-02
1.312060267062123142e-01
1.768022720112942814e-01
1.632180267033289112e-01
1.189322307278046081e-01
1.939718305974820478e-01
1.602235097012577048e-01
1.418063034167699188e-01
1.084931059429398818e-02
-5.846473684153262289e-03
-4.865250187998435699e-02
3.879760534746604095e-02
5.198099519393371837e-02
-3.702502798336047840e-02
1.223735760566844466e-01
6.191486346800902096e-02
6.031531933215006358e-02
2.557944227219964214e-02
8.918220412738104468e-04
2.102730015374822820e-02
-4.299831813597806973e-02
-6.773071051053511371e-02
-9.820517041142683146e-02
-1.499167074025679336e-01
-7.939848582514159869e-02
-4.595445499907360731e-02
-1.559607796410384661e-01
-6.430709339140640302e-02
-5.660189376198890981e-02
-4.720235659700743047e-02
-7.228813665656060039e-02
-6.450500805309533625e-02
-1.027597562505674911e-02
2.816767006885977087e-02
5.673983695268557115e-02
1.131054026335496232e-01
1.331141037361340540e-01
2.562592944685878390e-03
-6.756021278343074532e-02
2.449167229969588522e-02
9.203619372332376425e-02
1.597839019593059462e-01
1.325592623262081549e-01
6.016199977310886238e-02
1.231899461682963021e-01
1.410283357342285993e-01
2.625247099036787102e-01
1.797387388471345382e-01
6.958058008798580218e-02
1.085010883875965615e-01
1.316064350657771831e-01
2.484939523619202340e-01
1.663017073831439541e-01
1.848161275970015560e-01
1.268887594527886020e-01
6.229095158914255137e-02
1.156065664250273683e-01
1.949709668773739191e-01
1.397918475193365984e-01
1.311443682827735102e-01
1.943603936458314640e-01
2.146687738161474901e-01
2.511308860079309313e-01
2.018969307265915669e-01
1.437691147407396952e-01
8.173031297573167542e-02
1.354873201309379771e-01
1.001939804605119499e-01
6.666829603282578565e-02
4.964702086360950339e-02
1.168308418019884803e-01
1.981351013799320382e-01
2.136408282667375258e-01
1.069207481154780259e-01
1.720470926688686397e-01
2.132477582319997067e-01
2.174080520697576346e-01
2.472860214123604738e-01
3.362192245554306846e-01
3.142441614576231279e-01
3.778296858438556782e-01
2.685876921940429374e-01
1.630458403177443005e-01
1.789675033175408825e-01
1.720107598573180629e-01
3.366208666490751455e-01
2.612255759997903493e-01
2.063935889185918859e-01
2.225321865578292202e-01
2.619121750432258366e-01
3.342073913066432311e-01
4.014885411186130404e-01
4.762910980530876137e-01
5.805570821621054423e-01
5.633790136136772597e-01
4.431151192846932152e-01
4.421730678991537822e-01
3.612767801731509021e-01
4.392407947989723782e-01
4.352023818971621494e-01
3.398366186552336243e-01
3.076247018034546366e-01
3.538630127423006422e-01
2.922726478083869095e-01
3.069701908510253374e-01
3.291141612581352516e-01
2.566211091967912639e-01
3.541701004211702530e-01
4.033495562185152039e-01
4.041557403384546387e-01
4.348220952481421930e-01
3.497650443809103837e-01
3.347292554456314240e-01
4.485265236134740596e-01
4.236804804516523526e-01
3.439849436051291010e-01
2.697324781156675844e-01
2.589300051416399406e-01
2.845682475460871164e-01
3.547665824392398082e-01
4.083465542171705875e-01
3.461564707456546985e-01
3.909356291388732529e-01
3.231605390738950256e-01
3.505457700588439085e-01
2.013815136014713014e-01
1.951997743648804795e-01
2.361247046091536628e-01
2.412563947471894621e-01
1.713730804966312471e-01
1.885687264116080175e-01
1.134820466566746344e-01
7.963421194186685870e-02
5.003479757051005478e-02
1.301702834736739867e-01
9.347282201664007528e-02
6.507334306779415101e-02
-2.053503245302049779e-02
-5.755758863044443951e-02
-3.550055969735918526e-02
5.958223471071836391e-02
1.895328546178825721e-02
5.132606967803074460e-02
-6.696275011148849002e-03
-8.405176525260064924e-02
-5.583164466753387511e-02
-8.637047284823176629e-02
4.788520367231812597e-02
8.248465074495263394e-02
4.713014960824266075e-02
4.068223951473278616e-02
2.504291224175534888e-02
-4.751976233291901885e-02
-1.054888368747572275e-01
-1.036434148715889014e-01
-1.708697055501893769e-01
-1.291154632233182109e-01
-1.590053086489757739e-01
-2.982650016977990148e-01
-2.279862264557660223e-01
-2.186583901904982641e-01
-1.971915748182754557e-01
-2.288577483863153406e-01
-2.081747708112155204e-01
-7.765420434282030437e-02
1.638598369021334600e-01
6.517230503946119802e-02
5.874862034292113039e-02
6.789297363654465955e-02
1.790479557655146603e-01
1.349795856247425763e-01
9.388641607315235948e-02
1.357778738951586905e-01
1.492631037072194577e-01
-2.590141349775774635e-02
5.499760918228319140e-02
7.555721744473273271e-02
-1.185447610896229187e-01
-1.355765405417630187e-01
-1.030942937787233254e-01
-6.170995624549464528e-03
1.813327521478755033e-01
4.232929061747333493e-02
1.996389345322808206e-01
4.724261923188113887e-01
5.957787765023936366e-01
6.978024987525031086e-01
4.236245683291010589e-01
3.614169581073309878e-01
2.822375793974763458e-01
4.212158097323548400e-01
5.322932832517469626e-01
5.365196870593896827e-01
5.510846077688048572e-01
4.037037541426706233e-01
4.179292828005822802e-01
4.000710265467180560e-01
4.328419044224381396e-01
5.389674883670630967e-01
3.793231915894667572e-01
5.222238760735273821e-01
5.582623176338541438e-01
4.748940483788220424e-01
3.074475753840081871e-01
2.056771998989624373e-01
3.054715970273255699e-01
2.663137735239570203e-01
2.774295060669072499e-01
2.367524435349289691e-01
2.670726030319144906e-01
2.366011277049761552e-01
3.166994700104982519e-01
3.451429453901840860e-01
3.000051936940644759e-01
2.992673189094826047e-01
3.554501349263181065e-01
3.524130319406915679e-01
4.220789716991109608e-01
4.066918014429523609e-01
4.310079562684079324e-01
3.463341167878998261e-01
4.919514557313150460e-01
6.324802710503670822e-01
6.456133164350311704e-01
6.033967329550341541e-01
5.194750154760172656e-01
5.596409905230022019e-01
6.449086796435883340e-01
6.884908171869804638e-01
5.240701172640956917e-01
4.993333620570747367e-01
5.016788558018432376e-01
6.752153864646880388e-01
6.077139033508563992e-01
6.471391992176278585e-01
7.048728670034870580e-01
7.125617646027196939e-01
7.998709485119055440e-01
8.063589625331402111e-01
7.916392208972369282e-01
8.357138084852424598e-01
8.841898174815051581e-01
8.216102982330784066e-01
8.367248318813396146e-01
7.982249191255874621e-01
7.084728779729682069e-01
6.432795624089450159e-01
7.072617300507832994e-01
6.689732721363087498e-01
6.121256747454865144e-01
5.890546231733202465e-01
5.903430700058621694e-01
5.030722118798688358e-01
5.904890774398336983e-01
7.071728347360488609e-01
6.973921799139781719e-01
6.213527337527176009e-01
5.524733371822279082e-01
5.582411486584764049e-01
4.795289484624248311e-01
4.181305604225113437e-01
4.017941175686556288e-01
5.822516337734957581e-01
6.940501951879922693e-01
7.319326319621867194e-01
7.053146528132209214e-01
8.201398048711703304e-01
7.352491328766457279e-01
8.215242458414375726e-01
7.504028833628469952e-01
7.867268364923309942e-01
7.661118914502200727e-01
6.889582885784721888e-01
7.603311792433695704e-01
8.391189556741829314e-01
8.042130425143542150e-01
7.269967500221752310e-01
8.195706720881364982e-01
7.711518990047632194e-01
7.417414269005571104e-01
6.916383856406485009e-01
7.089434462127424119e-01
6.758830469364828231e-01
7.623423893097963644e-01
8.302711531308538673e-01
6.615875373739853460e-01
6.114909604092741979e-01
6.307276137080101153e-01
6.575925501377462012e-01
6.702923768355059098e-01
6.525911963311862296e-01
5.104934131545905140e-01
6.499647734064093463e-01
5.539300726809961439e-01
4.168786369815415949e-01
4.878691791230530539e-01
4.831857486920626554e-01
4.218256808181222728e-01
3.967580894267581648e-01
3.503713366316273392e-01
4.086837003625563569e-01
3.734991225733360620e-01
4.065007875075854482e-01
3.620164067777558725e-01
5.577690468119674838e-01
4.835491189565688241e-01
4.843764873974184537e-01
4.708933536953165966e-01
4.159054498504197173e-01
5.100573754112728286e-01
4.983415513531868068e-01
5.495228524935090730e-01
6.807765396478246966e-01
6.906670156528501581e-01
8.038596290113750875e-01
8.331066897797114734e-01
8.931414185494995772e-01
9.568340990819371727e-01
9.747818384334618891e-01
9.828184317960013683e-01
1.021964626185792868e+00
1.085859183738121070e+00
9.566614896609123564e-01
1.055967929127788363e+00
1.176372679840035129e+00
1.165523129893655918e+00
1.141596405551919657e+00
1.112321210534418015e+00
1.142820710448295474e+00
1.095127168740048118e+00
1.071583539127046514e+00
9.591802340665993576e-01
8.524922824046856640e-01
1.030105400426602369e+00
1.034839445664592628e+00
1.047036881739682901e+00
1.031725822682841853e+00
1.052160556288814774e+00
1.036383830138314588e+00
1.053933207388199511e+00
1.068095711776358314e+00
1.075849904393022971e+00
1.095207378646411156e+00
1.038114005308479193e+00
9.167645978866223455e-01
8.711815228362337349e-01
8.609129661324464999e-01
8.299355367981839926e-01
8.858480511191515472e-01
8.149752046955438534e-01
8.991118146494179175e-01
8.700129427842148155e-01
9.050031834598617486e-01
8.067127552880812846e-01
8.853687350682452051e-01
7.926229622918279372e-01
7.964639002836860771e-01
7.813957002810589803e-01
7.819740991303552047e-01
7.965747363945093751e-01
8.586876786893485880e-01
8.807699896862444255e-01
8.218462129409869199e-01
9.906595609207126119e-01
1.000314333761469054e+00
9.904450218177939247e-01
8.885982369516948198e-01
9.099980630819365368e-01
9.526532989154939957e-01
9.447817634566431089e-01
9.421313310154487697e-01
8.190055053611056124e-01
9.065111755942152350e-01
8.856160714874652395e-01
8.020315424524615544e-01
8.914595452090251504e-01
9.462690370035953258e-01
9.537113474798700752e-01
9.629529588263575635e-01
9.962005678518153218e-01
9.843262386064848268e-01
8.998020412801742696e-01
8.447525404744015143e-01
8.726655737688689962e-01
8.901597724474721307e-01
8.805915494388509845e-01
8.190665582067099271e-01
7.992635019140443831e-01
7.437224972899707520e-01
7.626517210842419514e-01
7.497367843643947261e-01
7.338956713020894362e-01
7.278513004765247985e-01
7.845120112633092724e-01
9.258448512555305099e-01
1.024477644520923159e+00
9.779091338406387113e-01
9.212914479084233221e-01
8.834903158173956772e-01
7.751035463250374180e-01
7.430546692812199927e-01
7.706138027380630140e-01
8.116261587080546569e-01
7.487282728020114853e-01
8.547764297005255862e-01
8.729253834798651468e-01
8.775120398947736655e-01
9.487834724567861810e-01
9.234793317730076723e-01
9.404422188202331556e-01
9.903293779203592440e-01
1.041133360357180626e+00
9.970866133374362006e-01
9.901012447210136846e-01
8.566046937703089004e-01
8.593599152935327279e-01
7.901110951617853484e-01
8.173749129288504500e-01
8.763479859967042707e-01
9.342890945511652667e-01
9.310484029294257002e-01
9.230343462774359686e-01
9.472285278880229198e-01
9.215530321309883810e-01
9.369509357259937499e-01
9.242734701788033469e-01
8.494610731532813430e-01
8.596483434534135659e-01
8.095238169819292118e-01
7.604514448196868504e-01
7.903003995908147727e-01
8.635976994369668480e-01
8.476557093472901760e-01
7.715022841781122853e-01
6.774496864487979941e-01
6.335515321332734207e-01
5.391736259825589128e-01
6.240022900104320591e-01
5.328809700911985026e-01
5.331513081317401648e-01
4.592577157995517134e-01
4.115117474496932104e-01
3.804555691543152762e-01
3.370210628788051777e-01
4.070020647617266785e-01
4.098130581298970454e-01
3.070823725775629898e-01
2.767008027799533476e-01
2.609180971688462858e-01
2.882605087163859214e-01
3.235016534665600130e-01
3.300101550688904761e-01
2.552085513779664416e-01
1.972494436325107348e-01
1.857079236370257069e-01
2.270942580702345892e-01
2.113984002449632305e-01
1.960050452269107568e-01
1.713542402040958423e-01
1.797384827052277145e-01
1.760158445152108508e-01
2.785339348984157692e-01
2.229820142830007679e-01
2.320393356996613421e-01
1.807748843032675190e-01
2.465164689327118408e-01
1.577297290323388945e-01
1.392182481604037347e-01
1.583339929916195710e-01
2.218210701733356605e-01
1.792120293336911807e-01
1.902534904156523154e-01
1.877890527899785389e-01
1.092165684544220833e-01
1.524291080317791147e-01
2.662316561037446350e-02
1.149798818907946524e-01
1.371120119503065338e-01
7.785534824001488774e-02
1.566159148721723848e-01
1.949355322445623928e-01
2.262176611499717716e-01
2.135725386483984800e-01
2.353914444082825241e-01
1.275408972381472938e-01
1.740885525163790581e-01
1.951080193644428584e-01
2.219179264601293666e-01
1.797814566172049044e-01
1.516064693863516388e-01
1.727717382307450977e-01
1.504717854637834251e-01
1.324707231411274833e-01
9.539501590469728898e-02
1.102991568452630217e-01
6.419254473383201320e-02
9.526730303010706724e-02
9.479228943730810819e-02
7.742422463835459123e-02
7.028202025398366803e-02
1.004881235170698717e-01
1.643048784229405035e-01
1.939540700109776972e-01
2.670113673979563895e-01
1.726736895893152546e-01
1.233406670295223578e-01
8.853214297244184350e-02
1.091500982759155830e-01
3.585341347464029299e-02
2.730381823161708021e-02
2.256658862904504376e-02
-1.553829015965651171e-02
-5.941187868209862888e-02
-1.472316130896113122e-02
-5.081523101662040881e-02
-1.797561208025023616e-01
-1.730678574614922249e-01
-1.111355705552870970e-01
-2.055276113545546346e-01
-2.302819354026917897e-01
3.335176031915434991e-02
2.674236352612211487e-01
2.093724494108679390e-01
2.351863586604133471e-01
3.217558141396596461e-01
1.909189772222056047e-01
1.762722279638000156e-01
1.543565826891063475e-01
1.425671292127733691e-01
3.874744729153097728e-02
2.931115922191446926e-02
6.023529151464998566e-02
6.352246977465843270e-02
1.039149208471668723e-01
1.756109497182341272e-02
1.936961333089000023e-02
-1.157179288388144739e-01
6.213086228544896158e-03
4.683369061134821931e-02
-5.408434275980456007e-02
-1.147792318397785061e-01
-4.842978389626016733e-02
1.487460279960415854e-01
1.721796670954131303e-01
1.653958372372512642e-01
2.229242204686362749e-01
2.582059153704067689e-01
3.772857650009895925e-01
4.551808718610960702e-01
3.860859669737088939e-01
2.588253956161764013e-01
3.010702788498269555e-01
1.972077083802479258e-01
1.784106519292986415e-01
1.251896355567960195e-01
2.016809384490282075e-01
2.820980415451458945e-01
2.422659859103364621e-01
2.447136738351350926e-01
1.716350565791087690e-01
1.515872617999285410e-01
1.388577264941460998e-01
2.155226869678489310e-01
2.610103568311187838e-01
3.413989743214764228e-01
1.924152621666917196e-01
1.213637441093392694e-01
1.132411587541493070e-01
5.064229489495980507e-02
-7.368428768789682393e-02
-4.149846445480964707e-02
3.827869810056576741e-03
-1.288449375473742047e-02
7.782214217141542566e-03
5.513835915992658376e-02
7.619706949103136062e-02
1.114636083350560997e-01
4.038654469928502078e-01
8.027921327665152873e-01
2.277114828557673387e-01
2.483351951479693120e-01
4.109639879287685371e-01
4.273394216042414318e-01
2.517343186354105145e-01
3.466784173054433538e-01
2.566193970269288194e-01
2.618872228639935740e-01
3.651442911663543289e-01
3.348067814356895933e-01
2.136140995267147569e-01
2.901079672522395847e-01
2.651001361185995608e-01
2.883181152192400010e-01
2.694421197096339982e-01
2.562865096705311818e-01
3.177237886267782474e-01
3.546169610227065672e-01
3.775895809609113862e-01
2.929291624721037657e-01
2.825598406584632905e-01
2.786430965373478674e-01
2.992595736365737391e-01
2.295570942549522708e-01
2.192558542011080747e-01
2.233433685708732241e-01
2.428019860218469383e-01
2.783312673183053199e-01
2.988388792990737675e-01
3.093968159379433258e-01
3.078181153480719079e-01
2.898305382133527508e-01
3.707375001429618067e-01
3.709552865506238750e-01
3.870334636353628954e-01
3.558637268274147392e-01
3.517891454066235379e-01
2.600803681634567543e-01
3.630196745117687529e-01
3.773764298803199413e-01
3.389457436336683060e-01
4.014369281354808194e-01
3.220705998012253213e-01
3.195554446079534872e-01
2.241032919353928843e-01
2.480289029458486449e-01
1.404172402201982195e-01
8.617954219539861183e-02
8.223552312382327589e-02
3.638069863846712937e-02
-9.890397750581611178e-03
-1.599027353103966986e-01
-1.631026316328992309e-01
-2.198595560324776987e-01
-3.627512510544861901e-01
-6.061798116349120802e-01
-8.050272495762800240e-01
-1.143467897827071811e+00
-1.522223870037471505e+00
-2.007103289249974054e+00
-2.518541483538816461e+00
-2.846270505523159855e+00
-3.133972619240179558e+00
-3.187378328328989596e+00
-3.259229200158975992e+00
-3.324715341986006933e+00
-3.378035477549678589e+00
-3.317076330793338190e+00
-3.302831801949835278e+00
-3.106258460642193242e+00
-3.113883819503835415e+00
-2.971090568962505341e+00
-3.011984629250033851e+00
-2.965130356442274628e+00
-3.067782396086171648e+00
-2.971362526877853405e+00
-2.811429884251140709e+00
-2.700219390744666104e+00
-2.581217662266644730e+00
-2.513972554598449261e+00
-2.578056665732227692e+00
-2.542665053442473067e+00
-2.451444912936598275e+00
-2.397069838894387850e+00
-2.190140878780392875e+00
-2.095930009892041479e+00
-2.222849977986550485e+00
-2.226178983066360750e+00
-2.333292903100461224e+00
-2.316314436788200037e+00
-2.259429021046734487e+00
-2.182610353007131909e+00
-2.111523230563495890e+00
-2.099565211274133869e+00
-2.047478778384822284e+00
-2.112063116293145804e+00
-2.118274214359656682e+00
-2.205624926655049389e+00
-2.239084921257944671e+00
-2.153998785291614482e+00
-2.109297345581017336e+00
-2.145599209143457919e+00
-2.003389023616422904e+00
-1.801004327370636870e+00
-1.673875716224531462e+00
-1.714341161714660888e+00
-1.571798441222925780e+00
-1.430492163531186689e+00
-1.400264197932724164e+00
-1.391769990635320253e+00
-1.249788501475571856e+00
-1.049487824147556259e+00
-1.144313366792994335e+00
-1.122234943753738001e+00
-1.403464693895450033e+00
-1.614252324959376095e+00
-1.506961849508281936e+00
-1.449217137734162053e+00
-1.588150335325171358e+00
-1.804683681336584300e+00
-1.770923066978904004e+00
-1.699100207753424074e+00
-1.517778838157862076e+00
-1.470173928554529663e+00
-1.475466615623712396e+00
-1.300062710028765167e+00
-1.057478305077781622e+00
-8.200282000947007877e-01
-6.412906548652682615e-01
-6.034508389246203697e-01
-3.704611810397445693e-01
-2.203647545688269260e-01
5.618292152213297252e-02
-9.434827121193999078e-02
-1.683377257867785248e-01
-3.712115984899254095e-01
-2.756285594728066779e-01
-3.763788162296170109e-02
1.322116193217527484e-02
-9.198357187834733939e-02
-4.938428851299799666e-02
-2.920067915691602900e-02
2.369631406411828456e-01
4.666241245061817505e-02
-4.388853762894634469e-03
-2.372862225879653619e-01
-3.835169957052316225e-01
-6.154082093014002774e-01
-6.413719579941707938e-01
-6.634753048118638974e-01
-8.333631711301813239e-01
-6.168502112170471952e-01
-8.523585395911358331e-01
-8.763841152499978193e-01
-8.004904726214512323e-01
-5.083694565486085448e-01
-3.896090307675301734e-01
-6.710483472408986794e-01
-6.224408986080018913e-01
-7.489181273376558368e-01
-8.607505571694002988e-01
-6.177779568033149316e-01
-4.593160387199177186e-01
-2.740368880306775501e-01
-9.262858554518065002e-02
3.994305300241307033e-01
9.004999998146726026e-02
-9.563748651896400443e-02
6.759057045150516918e-02
-2.337757555619335292e-01
-3.329880485399578927e-01
-3.860891771268669670e-01
-1.108546144710933212e-01
-1.106533016971498334e-01
2.693516006322549394e-01
3.046314956199458468e-01
4.766357893061521356e-01
1.362598533915583554e-01
2.352733374314725789e-01
2.853257301749701491e-01
6.827955558507019518e-01
4.887810501493510817e-01
6.261607823616421875e-01
3.301858486281133986e-01
3.622963665718524906e-01
5.759354495670878649e-01
2.996930651811606783e-01
3.767462845834435026e-01
2.592679220581453059e-01
4.067295550495669820e-01
7.693228519987470593e-01
5.453384042189025616e-01
6.552043238406835002e-01
4.891965355789298919e-01
9.409383239993398540e-01
1.054686048278086652e+00
9.480776233649330642e-01
6.946461067481983775e-01
7.235389322639966814e-01
6.133178774205849670e-01
4.198772024587882346e-01
3.494708258745232166e-01
1.344695376516713003e-01
1.329242221076848696e-01
1.125024117739550356e-01
4.095434131508680631e-01
3.423799185735012518e-01
4.751311739551521973e-01
6.147958740650794063e-01
7.561657413882572065e-01
6.400760588022670339e-01
6.698029491207536656e-01
5.276762095297111710e-01
7.733288597044984947e-01
1.011516462193582377e+00
1.145040340461741524e+00
1.235622993273259418e+00
8.633152596802240453e-01
7.014299059662524316e-01
5.953892584948263789e-01
5.380405761620941085e-01
5.540737873269994118e-01
5.471983247913034809e-01
5.848345278279334369e-01
1.485299055496546172e-01
3.914409922005269160e-01
2.898655602002559450e-01
2.573465184149968388e-01
4.238676516162880915e-03
-7.084563793472116455e-02
1.107833227405950471e-01
5.422553998907377742e-02
5.537726504560873675e-01
6.202535114456924070e-01
3.048680860835109585e-01
6.186402683613110298e-01
5.446429328741630993e-01
5.177240504180657954e-01
2.920036418860728622e-01
3.144391195500877978e-01
-6.914291486195761616e-02
-4.625310340143137799e-01
-5.590891733691655263e-01
-6.863736357597437499e-01
-3.822996138389915810e-01
-1.902061411321610829e-01
-2.975707920934835826e-01
-7.356766870022088400e-02
-1.631829626966417035e-01
2.734284447725938150e-01
5.398264885259863588e-01
8.571310709015742546e-01
1.015949923248224307e+00
5.908510374929607512e-01
9.699183842673119171e-01
1.102002304821171563e+00
9.804639187251810162e-01
7.273223792497700568e-01
8.745137483010552160e-01
1.003534595596546675e+00
6.282826542060894193e-01
4.292654416055215472e-01
3.680736979366636685e-01
2.885964620531281666e-01
2.110680562084160383e-01
1.943585264972704785e-01
5.188940270343065375e-01
9.939547898322219632e-01
6.958911343611193789e-01
4.746965800529649449e-01
4.195411114983499945e-01
8.783804986113898927e-01
8.299315307030299405e-01
3.481029287903049663e-01
2.046562278283766967e-01
2.066105976089789575e-01
3.318578065075578065e-01
7.990131114731461315e-01
7.897588268536506195e-01
7.534251210293078094e-01
6.438089540303137959e-01
4.502858943791557822e-01
2.319005103347310248e-01
2.596738855790106659e-01
3.028714151817854527e-01
5.545876549005954725e-01
4.804258856790443177e-01
4.179118374795091073e-01
1.733125330769576256e-02
-1.192747846705336651e-01
-2.320167801173271538e-01
-4.899609879201896612e-01
-1.937917741487017453e-01
-9.045484205570014646e-02
1.302761268556329177e-01
-1.860481645258800845e-02
-6.350996452992140051e-02
2.101857549533439964e-02
-2.984439698300990484e-02
-3.265271132152403749e-02
2.547199927387345381e-02
2.416224783613966642e-01
6.097197342502163053e-01
7.230496479444266100e-01
9.037885814393974426e-01
1.264771408170128675e+00
1.572101019433008506e+00
1.265466301483474165e+00
1.292433397030441578e+00
1.336120384012693840e+00
1.416102452242186338e+00
1.074586149481254749e+00
1.297102504419266777e+00
1.305373849179573220e+00
1.556367069856116725e+00
1.293326880833721049e+00
1.116016091621294892e+00
1.423258488542695543e+00
1.316655313806986083e+00
1.565404184702148704e+00
1.681109701278222568e+00
1.725718738889386428e+00
1.685294340614244213e+00
1.951959445684262162e+00
1.864874239562849256e+00
1.707983117063632816e+00
1.590382836743666539e+00
1.266136832316426819e+00
1.277073122604834188e+00
1.338511729375805537e+00
1.171344434580470883e+00
1.120600462576866185e+00
9.949872866229034774e-01
1.261627700066363822e+00
1.558377767056733809e+00
1.358480694634296437e+00
1.360714853546181491e+00
1.051821456564655088e+00
7.887846804406832835e-01
1.023193077164931797e+00
1.278264770854577570e+00
1.114428846850559873e+00
1.179369779991795486e+00
1.115241482683438923e+00
1.296952758017517304e+00
1.252281551557371975e+00
1.340163742573765582e+00
1.281888003799400710e+00
7.072097971260246085e-01
8.622577309448742344e-01
7.819008419937393262e-01
6.733424477602319991e-01
9.671768503148775453e-01
1.327931799503069055e+00
1.163515868518771867e+00
1.185602403015953321e+00
1.247581633673219947e+00
8.470825110200802532e-01
6.169565181716742952e-01
6.300544960197249633e-01
9.868068910175361586e-01
1.113618787026545043e+00
1.222089819549606382e+00
1.169564315370453578e+00
8.847667787508211035e-01
8.119781488675431591e-01
6.855658007384470842e-01
6.845069077241743294e-01
8.104726256761339842e-01
4.578702424040598795e-01
-7.012029526395496815e-02
3.156649918760423557e-01
2.731496759008696928e-01
3.487968769849272288e-01
-1.273992648838889741e-01
-3.730676889840864319e-01
-2.021934880278406510e-01
-1.639532798205197706e-01
-2.649635568290466345e-04
-9.125123723669341380e-02
3.896657886941487514e-02
1.121423194775123117e-01
2.784324217560001369e-01
3.655624126891903192e-01
2.742351507117912757e-01
2.027882344416605254e-01
-3.386255840350557711e-02
-3.187768329338365736e-01
-1.174927032409180672e-01
-8.023005140067433760e-02
-1.334335011871552179e-01
-4.235828966314130611e-02
-3.460238597820064488e-01
-6.927419216825713155e-01
-4.075230960590746632e-01
-4.050402909795269846e-01
-5.774152095165748788e-01
-6.759323059290246460e-01
-6.767916527994464193e-01
-6.643383118655885600e-01
-8.442152062134712365e-01
-1.076131316576355745e+00
-1.001933568169914857e+00
-1.139517034956976316e+00
-1.102930708348162092e+00
-1.326648568455794042e+00
-1.896020566528970885e+00
-2.001294621150293995e+00
-2.125530529017800596e+00
-2.383311925572737078e+00
-2.453895101570776394e+00
-2.335701477852163421e+00
-2.039840459991226318e+00
-2.091242647808603028e+00
-1.707393927009666079e+00
-1.535638543012521673e+00
-1.481989842055353002e+00
-1.754554350150040243e+00
-1.395617997239975816e+00
-1.519679792499849524e+00
-1.812871814308570473e+00
-1.630288054015315291e+00
-1.607031603078380444e+00
-1.349528595817423238e+00
-1.619092454202815334e+00
-1.662986509802055091e+00
-1.707236724134597816e+00
-1.765889348042299467e+00
-2.309025506381172210e+00
-2.395560302336849468e+00
-2.116311240456747456e+00
-2.326909142800373864e+00
-2.396914386224151539e+00
-2.358171751336619604e+00
-1.877303923387570128e+00
-1.562464525573230123e+00
-1.705391764751524875e+00
-1.882495276064603651e+00
-2.633535926703855612e+00
-2.699209285972670624e+00
-2.764671236020386669e+00
-2.952852620595542987e+00
-2.501490240552822986e+00
-2.305964636893588438e+00
-1.907479740520718225e+00
-1.898858535573139772e+00
-1.820042039823312585e+00
-2.174328039237561239e+00
-2.604437153258491122e+00
-3.056683816841922141e+00
-3.512274065126407940e+00
-3.327674803713398077e+00
-3.782793787779071160e+00
-3.725504242991380277e+00
-3.633245893896955181e+00
-4.061171257416205549e+00
-4.172214768272466401e+00
-3.980129201337154310e+00
-3.513552656402859853e+00
-2.900957661864441928e+00
-3.003148467162368718e+00
-2.570609883326963274e+00
-2.667783717879358640e+00
-2.395110715481428620e+00
-1.822305832974541628e+00
-1.941083424416759851e+00
-1.600470123811672529e+00
-1.553947692569117578e+00
-1.366147579252017019e+00
-1.498780481589971902e+00
-1.925131979452175734e+00
-2.337917648029706807e+00
-2.350414540332699254e+00
-2.068657750822539221e+00
-2.072488624663784584e+00
-2.004748837399214167e+00
-2.318243765227000264e+00
-2.158114856653778446e+00
-2.136506501890750975e+00
-2.034816364897515939e+00
-2.350852859684337659e+00
-2.588062390797221557e+00
-2.748037802463008106e+00
-2.507507340376825766e+00
-1.986984000915341220e+00
-1.784491933440700784e+00
-1.654727483501277741e+00
-1.551303908925265818e+00
-1.365448550860123289e+00
-1.275590146495333421e+00
-9.281523529705848485e-01
-1.002642934359052607e+00
-1.246803869021348765e+00
-1.549614913115775483e+00
-1.515410402929851186e+00
-1.672575753008306298e+00
-1.824760945324380712e+00
-1.932508158615401594e+00
-1.332208457748795150e+00
-1.107185668035963300e+00
-8.292373161662046632e-01
-9.728021461984996954e-01
-1.011826406643318244e+00
-1.512670351954014336e+00
-1.882613902022620911e+00
-2.081152969132284092e+00
-2.070724831904284358e+00
-2.221133202544296026e+00
-2.124507555299793182e+00
-2.039155445130555133e+00
-1.381976888090501454e+00
-1.466587930385522487e+00
-1.342414199139259967e+00
-1.557015491852864253e+00
-1.696543989437709676e+00
-2.006472079358063709e+00
-2.059546401766082280e+00
-2.209457777504902687e+00
-2.212813090171655173e+00
-2.287205477000566756e+00
-2.085435287762129164e+00
-1.551976325469019313e+00
-1.571938014542461737e+00
-1.668869639849880571e+00
-1.861371316451804869e+00
-1.969408843416676991e+00
-1.680818011950944602e+00
-1.575939262637551908e+00
-1.456156699116918363e+00
-1.680081068092829533e+00
-2.245501822184005292e+00
-2.088302698270888769e+00
-1.790622072070343185e+00
-1.339900513239188129e+00
-1.730808971239388150e+00
-1.732767562231502634e+00
-1.824009984711765231e+00
-1.197610263253880980e+00
-9.584063585465339985e-01
-1.196698519967402508e+00
-1.654798313851919112e+00
-2.100179845741912743e+00
-1.801535397572127106e+00
-1.884954166076709736e+00
-2.126602091606446976e+00
-2.261071112762532920e+00
-2.311632970188153724e+00
-2.699336869486134827e+00
-2.470869577221678881e+00
-2.374912267689041290e+00
-2.244742468633818433e+00
-2.360576816831684521e+00
-2.195675718890329975e+00
-2.273625603806005202e+00
-2.403468091791077121e+00
-2.552030745625717412e+00
-2.897449404689863783e+00
-2.580157287476017913e+00
-2.581118007608187881e+00
-3.122182942276903184e+00
-3.053516165530979709e+00
-2.869888225212718247e+00
-2.302709542374912211e+00
-1.784200044780533734e+00
-1.593536736367122897e+00
-1.560204634443575600e+00
-1.485317788373459402e+00
-1.325509606956580821e+00
-9.478753128244233883e-01
-1.229953590288453746e+00
-1.283633153178354469e+00
-1.577134595787401450e+00
-1.653101938686538430e+00
-1.346379695213385297e+00
-1.372230656179200370e+00
-1.581442431195482889e+00
-1.375505404703518231e+00
-1.304299793609000613e+00
-1.084550336856418440e+00
-9.122565829880124877e-01
-1.323047036600086823e+00
-1.617378980538321187e+00
-1.396934665889107086e+00
-1.442964122673972671e+00
-1.695103191531597719e+00
-1.507593885227267227e+00
-1.275150671465948848e+00
-9.774106646113113195e-01
-8.425289585368604950e-01
-4.772929850417578779e-01
-3.499461381016295558e-01
-2.028847704701804491e-02
2.467800184151685838e-01
-8.320886038140809515e-02
-2.380436160894873199e-01
-5.567852829602265574e-01
-6.102626394628711815e-01
-4.340534664329963599e-01
-8.897375587202837055e-01
-7.801344476324572064e-01
-8.829105098008863672e-01
-1.194716999125927437e+00
-1.116944780527983738e+00
-7.088537571231455781e-01
-9.457465870019829968e-01
-6.650421597224618342e-01
-5.553988340621662800e-01
-4.883444720252306248e-01
-6.262549462656856747e-01
-3.934554683337282421e-01
-6.673376929183483242e-01
-7.957894068618445171e-01
-4.552750701358281304e-01
-3.252501476955707571e-02
-2.958489787372206949e-04
-2.142215132081148332e-01
-2.815886788589598289e-01
-8.072297279548948934e-01
-9.150786390217218180e-01
-9.953282105402558866e-01
-3.540709570072213541e-01
-2.433885350113759172e-01
-9.635993177732591342e-01
-1.191363653743546358e+00
-7.707412446634034353e-01
-1.137761934705336264e+00
-6.260457581097838009e-01
-9.673491459622403088e-01
-1.177017886769491151e+00
-9.048160665109583611e-01
-5.235519407791959789e-01
-6.349142274743593273e-01
-3.916744181180015216e-01
-2.396519527471679678e-01
-6.175111298134251525e-01
-6.837792119812079461e-01
-7.477603822355658458e-01
-1.116491948712404092e+00
-1.292330008218965709e+00
-1.776539746529042674e+00
-2.111169183074439459e+00
-2.185725103159375404e+00
-1.800610552029735745e+00
-1.737193369517423314e+00
-2.002480345932228012e+00
-2.152591328662642578e+00
-2.007744036953236222e+00
-1.400234060619513166e+00
-1.009588649454586484e+00
-9.515178416811882478e-01
-9.446929724921512284e-01
-1.266215937983554474e+00
-1.219573424508188619e+00
-8.040219437759144050e-01
-3.739614928354011436e-01
-3.989688254014162605e-01
-1.049185847020372431e-01
-2.518113928387506473e-01
-3.789217212603548379e-01
-2.650833525579345262e-01
-7.602431225334776999e-02
-1.152985951655611796e-01
-6.508856041702319739e-02
-2.792686196333218351e-01
-3.688015157752149165e-01
-2.655593281817277829e-01
3.763404111764299675e-01
4.152575441959148184e-01
4.740818273701504215e-01
-8.696035024051695927e-03
-2.002622215854485410e-01
-1.763431037762423215e-01
5.868010780836575846e-02
-1.026340939448904671e-01
-3.304151275677653099e-01
-1.334825097674035010e-01
-5.851964431897732632e-01
-3.642604056735722629e-01
-2.965795891563974274e-01
-6.623028222449993674e-01
-7.769537447373612293e-01
-1.057957580013103138e+00
-9.586263431868573548e-01
-1.177429713189503069e+00
-1.812083550308986712e+00
-2.328889590387561270e+00
-1.984931899258262300e+00
-1.775787139989608576e+00
-1.353782266771713427e+00
-1.259208040316243116e+00
-1.239388155415718007e+00
-1.044391136750498106e+00
-4.288026489783855477e-01
-3.560880139170194969e-01
-9.664211357869158248e-02
-2.686866036783852052e-01
-3.895769588400103678e-01
-8.490403070383191197e-01
-1.072588557647485397e+00
-1.020769164024196041e+00
-7.658578021934766555e-01
-5.736794354321853584e-01
-4.673618774966797340e-01
-7.256986828799993905e-01
-1.062629541059791238e+00
-7.689255940449979398e-01
-5.651555396447685009e-01
-2.997565876045301184e-02
-1.105845973041615776e-01
-2.779421288484572594e-01
-6.655877561734473424e-01
-4.608203941098971135e-01
-6.208088912356335420e-01
-9.668909724792362770e-01
-1.041403998639647277e+00
-1.126579745134488775e+00
-1.192058790093981635e+00
-1.421684237382360161e+00
-1.798742646159047220e+00
-1.761866248678849889e+00
-1.656659102444680620e+00
-1.851757356445132396e+00
-1.951623807468112926e+00
-1.594465984931896507e+00
-1.930277157056002002e+00
-2.058472245022478830e+00
-2.145571069296673627e+00
-2.092614756105491303e+00
-2.166913209780817695e+00
-1.902868950790608693e+00
-2.034642997256120189e+00
-2.211627982176032514e+00
-2.093452119928442379e+00
-2.196333649837155289e+00
-2.194088433787801495e+00
-2.020395870004958017e+00
-1.832928798424386940e+00
-1.821014241403944744e+00
-1.885918592101666347e+00
-2.008805643001782659e+00
-1.961533930488100319e+00
-2.434274803548525323e+00
-2.700484654340217450e+00
-2.843206446292373624e+00
-2.850895688132755623e+00
-3.212344084514904274e+00
-3.464721681410148690e+00
-3.601735429340410022e+00
-3.741184751330886460e+00
-3.999150505829117908e+00
-4.478950967941400130e+00
-4.215722599543084925e+00
-4.365442098131040893e+00
-4.291512936203610629e+00
-4.651768828904248920e+00
-4.258077997923909841e+00
-4.253836345439331090e+00
-4.734431999726400164e+00
-4.777474189518060577e+00
-5.074280786913444530e+00
-5.221614478365235179e+00
-5.185473654544338729e+00
-5.030285474004433155e+00
-4.365519650905756777e+00
-4.494600487780053832e+00
-4.293448598921449921e+00
-3.898365376799806992e+00
-4.287618915398727637e+00
-4.776624642511177576e+00
-5.026724366593876780e+00
-4.979657432441870313e+00
-5.209780601122130150e+00
-4.990947918501198899e+00
-4.985853891681003347e+00
-5.085227573532939083e+00
-5.127672706274235992e+00
-5.421925814707510227e+00
-5.572406173170826094e+00
-5.548634991899714208e+00
-5.591718596809518438e+00
-5.783893664945992441e+00
-6.511461416863620677e+00
-6.779473968820947327e+00
-7.016642468130528165e+00
-7.276443603398143445e+00
-7.113274188432121115e+00
-6.890445452592056874e+00
-6.708659172762638789e+00
-7.224211810179927973e+00
-7.622954403902614473e+00
-7.490537533067399778e+00
-6.995814888008175636e+00
-7.021636290033977268e+00
-7.565456990514807245e+00
-7.841019932640770129e+00
-8.066035059904258731e+00
-8.388246306303337008e+00
-8.287861024401413701e+00
-8.384870403317286502e+00
-8.947848355643955642e+00
-8.718000453472969369e+00
-9.010965184324302157e+00
-9.489441372916846973e+00
-9.660281321036165991e+00
-1.011514027121036285e+01
-1.050130850733306964e+01
-1.014259983095829476e+01
-1.026391299712117444e+01
-1.020607409232256479e+01
-1.051454088921729202e+01
-1.051244941457917292e+01
-1.017460850127709371e+01
-1.001461980482742575e+01
-9.959048638527722375e+00
-9.841686281585806384e+00
-9.782731027404913959e+00
-9.463018288825541191e+00
-9.386433445578399315e+00
-8.868312808709633899e+00
-8.612671506077649752e+00
-8.330481018094481271e+00
-8.652384656217499526e+00
-8.641687643038569178e+00
-8.438770792125975362e+00
-8.404409763896644847e+00
-7.959575693500982041e+00
-7.962748535551829043e+00
-8.157258462150331013e+00
-8.428256388069963023e+00
-8.099956047064262421e+00
-7.794278303691482890e+00
-7.411740940567707270e+00
-6.872148275696043918e+00
-6.555123778693545233e+00
-6.289334274019823923e+00
-6.099303745219751605e+00
-5.836873850257558338e+00
-6.341084838898983556e+00
-6.771617173571099713e+00
-7.039902610486608481e+00
-6.646055989011085074e+00
-6.356685174523369675e+00
-6.178827535349910249e+00
-6.191696414496690615e+00
-6.499746812185334122e+00
-6.359241609600630341e+00
-6.107524872985408138e+00
-5.998099415643717514e+00
-5.573940499318659647e+00
-5.407868932512261750e+00
-5.703460575220290707e+00
-5.810861919812684739e+00
-5.818942092197659122e+00
-5.561281060731873893e+00
-5.201225489867902674e+00
-4.996673987629924873e+00
-4.774532436302280303e+00
-4.776960938047754013e+00
-4.622499283937240300e+00
-4.447844532260993411e+00
-4.527757184229145970e+00
-4.113776222458633391e+00
-4.185142424265547945e+00
-4.532980638835015341e+00
-4.775827024002812671e+00
-4.961962441517303368e+00
-4.622860045905927251e+00
-4.745835056046625589e+00
-4.582275927552149852e+00
-4.438985140542413887e+00
-4.341735871270701708e+00
-3.996051535408751132e+00
-4.185583827117346445e+00
-3.843445481960872101e+00
-3.893492334294871515e+00
-4.347218119430836580e+00
-4.134887033979222082e+00
-4.571692428271253661e+00
-4.874606472058953699e+00
-4.589290606671650785e+00
-4.054016809317888104e+00
-3.752594233665481394e+00
-3.598496737640401122e+00
-3.497022634426802501e+00
-3.739005798453504781e+00
-3.910414540188638988e+00
-3.696415325581682509e+00
-3.683582961264720623e+00
-3.518055601635775798e+00
-3.713698155723620609e+00
-3.878721420532130537e+00
-4.166015391202776641e+00
-4.042636511962479418e+00
-4.269889980278799513e+00
-4.436053821572645717e+00
-4.921004289876563575e+00
-4.902379942459848650e+00
-4.955373581833411478e+00
-4.283225652997700195e+00
-4.122033734317856357e+00
-4.168128075005982147e+00
-3.805993686733862624e+00
-3.601019337218600569e+00
-3.651116681021678634e+00
-4.025986630737261152e+00
-4.145832207013135040e+00
-4.549706609030652160e+00
-4.601057550803584029e+00
-4.835195272255422339e+00
-5.034554455121426741e+00
-5.303714843334931928e+00
-5.409922719401005331e+00
-5.268290813489855395e+00
-5.063100083602757984e+00
-5.098967412756095996e+00
-5.498761065304007545e+00
-5.637327355020547159e+00
-5.575159919831149224e+00
-5.504754688196808132e+00
-5.767623656289771361e+00
-5.637381707364385264e+00
-5.649223115944810303e+00
-5.593623205481467409e+00
-5.944048780000126264e+00
-5.823634827476228182e+00
-5.430761976280693126e+00
-5.225589751608068489e+00
-5.268053568233252548e+00
-5.287132115871953530e+00
-5.457932660651552581e+00
-5.500305861972814014e+00
-5.543489566682708869e+00
-5.487978199875931828e+00
-5.605025081375757168e+00
-6.024563186151445926e+00
-6.295030109645328054e+00
-6.355308659475976896e+00
-6.362481889555302139e+00
-6.203420193345837497e+00
-5.931374913774713598e+00
-6.078004363852484104e+00
-6.561231515100508283e+00
-6.957657245408150892e+00
-7.107949679418470446e+00
-7.382143152207618186e+00
-7.281310180988668890e+00
-7.224186255759993180e+00
-7.650800768518051242e+00
-7.405937969679415644e+00
-7.609778193133927893e+00
-7.664539336455817420e+00
-7.516945336491011709e+00
-7.673095116337800725e+00
-7.552952798343509855e+00
-7.506185455318379773e+00
-7.502305954581921732e+00
-7.595006473611983999e+00
-7.764005782378033516e+00
-7.841512598441230608e+00
-7.756143030948046579e+00
-7.750607023656761463e+00
-7.724947781959397020e+00
-7.683034712762100149e+00
-7.097071248713706204e+00
-7.044001223286964652e+00
-7.148124024260225085e+00
-7.026187707949442363e+00
-6.976890598490761874e+00
-7.449388924903658449e+00
-7.282341967389214688e+00
-7.448517575862202200e+00
-7.385895873552840385e+00
-7.261490454129930328e+00
-7.314277679410935207e+00
-7.107051556728539055e+00
-6.963990462561353567e+00
-6.703178910578014182e+00
-6.549947822064559944e+00
-6.424864652269407728e+00
-6.360893662122327541e+00
-6.445102163502560266e+00
-6.443048400152843413e+00
-6.451620718844190527e+00
-6.520365224880997346e+00
-6.493985047278318490e+00
-6.180596658754094364e+00
-6.000900075218364549e+00
-6.337325559154663779e+00
-6.038102190511270173e+00
-5.849227492619855084e+00
-5.557966285885631130e+00
-5.301782079470378939e+00
-5.293828948073883822e+00
-5.096019549408891791e+00
-4.964705644366767423e+00
-5.071041688336715758e+00
-5.171768430418335782e+00
-5.303024771980750174e+00
-5.325959420832881541e+00
-5.609639691606023604e+00
-5.792323504076956731e+00
-6.001023989885895915e+00
-6.166418930965035017e+00
-5.881579947916474538e+00
-5.528506671125984262e+00
-5.186927918943449178e+00
-4.750687210975815589e+00
-4.571814697665639748e+00
-4.824095081557064901e+00
-5.117711655107453517e+00
-5.256188908753027356e+00
-5.262676814444876783e+00
-5.468595577257765683e+00
-5.275720834980784701e+00
-4.950193645993406832e+00
-5.061753106816029302e+00
-4.910214590337154128e+00
-4.923758446483015305e+00
-5.364524667134206837e+00
-5.156429428995063624e+00
-5.211914427487617907e+00
-5.205146761262522404e+00
-5.294845627016359302e+00
-5.511388674334249949e+00
-5.737908989445902996e+00
-5.873975232420061587e+00
-5.983119537240810359e+00
-5.910760565234004282e+00
-6.058079198527709153e+00
-6.104946846582937958e+00
-5.951504344962872395e+00
-6.261049780086301197e+00
-6.139278346277355247e+00
-6.091966911801057982e+00
-6.056095376768830363e+00
-6.170730264812362975e+00
-6.523724664667778228e+00
-6.718130646420708452e+00
-6.114683804376097598e+00
-5.810293628993083104e+00
-5.938765214520556057e+00
-5.880467719709847607e+00
-5.962663649345436134e+00
-5.592355372029920169e+00
-5.431379055698903890e+00
-5.685882929856025392e+00
-5.656250107883207257e+00
-5.865942448539815501e+00
-5.982190790450570894e+00
-5.711863717592664536e+00
-5.442810702213238372e+00
-5.519236833146533350e+00
-5.231888438345484893e+00
-4.949652595011873046e+00
-4.857549967707162075e+00
-5.412116021905664986e+00
-5.732319887368608313e+00
-6.046220183282709826e+00
-6.002233521857552212e+00
-5.997621284812508335e+00
-6.112484000623404690e+00
-6.546775790661330419e+00
-7.006075204460780803e+00
-6.998646999194555463e+00
-6.979007941432808337e+00
-7.430372799625660107e+00
-7.544700009972548749e+00
-7.963442744791545458e+00
-7.605402117204413948e+00
-7.012401353647443436e+00
-6.980933289461573210e+00
-7.017544444964540773e+00
-7.219803349058569353e+00
-7.637697669667622868e+00
-7.689557143968384523e+00
-7.639280093247807102e+00
-7.822057164265673990e+00
-7.752230585926167095e+00
-8.130706417400432429e+00
-7.976480279441188870e+00
-7.561176058464038618e+00
-7.325129293311302803e+00
-7.342591320650159403e+00
-6.612591143236027591e+00
-6.377413652764523988e+00
-6.538351379748997161e+00
-7.018271927317678127e+00
-6.937454009083572792e+00
-7.048596311750529253e+00
-7.485676185600583565e+00
-7.951556914350351946e+00
-7.823261121707143495e+00
-7.392104064001055796e+00
-6.847074925758552588e+00
-6.946674797052428296e+00
-7.103677762421932940e+00
-7.167320170142646774e+00
-6.624845414242890307e+00
-6.817304585694596852e+00
-6.841382569631115018e+00
-6.765616143998949283e+00
-7.148429512462876723e+00
-7.152589201351080561e+00
-7.013799104829271158e+00
-6.828636096264655286e+00
-6.974400715833131592e+00
-7.055987424813861431e+00
-7.118203722630550345e+00
-6.894360625641819063e+00
-7.108847001387731623e+00
-7.164883655607171775e+00
-7.208719624184000807e+00
-7.139359016862617757e+00
-7.110128568500545754e+00
-7.276559415887334126e+00
-7.504002904256164896e+00
-7.454830382194182370e+00
-7.154325266671782479e+00
-7.105756687441726172e+00
-7.258647438972513299e+00
-7.258842673984648997e+00
-7.008186036913517825e+00
-6.710947886080132818e+00
-6.991317035047846851e+00
-7.223795723842018290e+00
-7.508783944628991236e+00
-7.860295725826495605e+00
-8.160912571046569752e+00
-8.117151076774081986e+00
-8.097423776676837548e+00
-8.100222244339075672e+00
-7.890686933518998636e+00
-7.905272723360111442e+00
-7.889312492883980177e+00
-7.738754913355405662e+00
-7.712784860281317378e+00
-7.521529767140729739e+00
-7.165218497156936373e+00
-7.117151103241364574e+00
-7.159156638187726074e+00
-7.288666352065890308e+00
-7.657681697786287600e+00
-7.804238939536205066e+00
-7.660723257359459915e+00
-7.677692914377479916e+00
-7.521001734354661572e+00
-7.562999247440796324e+00
-7.452542787287973702e+00
-7.666433898403089309e+00
-7.856309461505968983e+00
-7.492605380695668948e+00
-7.229066591555778132e+00
-7.072133638523663279e+00
-6.683150271405106757e+00
-6.550667270961543664e+00
-6.279027040316004005e+00
-6.403805221647328239e+00
-6.629037352328315258e+00
-6.578611588034894098e+00
-6.545022201481911495e+00
-6.775227702470634661e+00
-6.710463636814501420e+00
-6.707327116368938746e+00
-6.996312680060032818e+00
-6.879111575600280304e+00
-7.014343170646687220e+00
-7.068198938018176669e+00
-7.310119671849581557e+00
-7.543670908555990984e+00
-7.808310837077830691e+00
-7.798532773434173393e+00
-7.510546055078659577e+00
-7.233175404464213365e+00
-6.883403354002000540e+00
-6.867410070876662331e+00
-7.261998685916804419e+00
-7.046929076779651524e+00
-6.550575307481094178e+00
-6.405733858788865476e+00
-6.369709897080412020e+00
-6.805984269109404572e+00
-6.583623755437397307e+00
-6.078809336982022415e+00
-6.039232880905707646e+00
-6.068539779821888303e+00
-5.969972545301618361e+00
-5.728841952987402841e+00
-5.584557039939273437e+00
-5.208956425275467872e+00
-5.197920897673015794e+00
-5.715351825417822162e+00
-5.775364070599588118e+00
-5.760607212275213662e+00
-5.775814770443257196e+00
-5.556925770476226489e+00
-5.733836985372106732e+00
-5.707529959274888043e+00
-5.754216222303083050e+00
-5.685726493073499199e+00
-5.550059786412109730e+00
-5.927781548194215766e+00
-6.099443493646252712e+00
-6.040686619623325093e+00
-5.716808996598367720e+00
-5.718548920658419021e+00
-5.670005325909329486e+00
-5.684163323846573412e+00
-5.587082458586760225e+00
-5.407329060141601751e+00
-5.347013031262209282e+00
-5.001689339060039430e+00
-5.142756772018805655e+00
-5.458539367109402463e+00
-5.705747553540911454e+00
-5.951555196923084878e+00
-6.172704071675018334e+00
-6.621536472174705423e+00
-6.697738648275888274e+00
-6.912901659367133966e+00
-7.317989474963898289e+00
-7.427475308167662327e+00
-7.314415711450221735e+00
-7.428861667180557404e+00
-7.522265641833111971e+00
-7.758449212427440678e+00
-7.831989519447737358e+00
-7.781330814735999191e+00
-7.413289537862054246e+00
-7.371468753114685413e+00
-7.584085219896151031e+00
-8.016915338111450851e+00
-7.917885343300381962e+00
-7.910617096150957650e+00
-8.181515304364697982e+00
-8.217132060453762321e+00
-8.101964258400847996e+00
-8.105958565307076924e+00
-8.225946771958067671e+00
-8.473970155259632264e+00
-8.299249907446718311e+00
-7.994005433211349931e+00
-8.135523167504731035e+00
-8.338722763705584740e+00
-8.511146138381626258e+00
-8.395449328051521221e+00
-8.255470288568094617e+00
-7.818143995504324373e+00
-7.683113558931233378e+00
-7.525033474672180311e+00
-7.273838013451637607e+00
-7.285707416644460643e+00
-7.119195188999315249e+00
-7.019844893981511014e+00
-6.858789273923848739e+00
-6.708164471594849410e+00
-6.807156406032087048e+00
-6.664749810613892045e+00
-6.422050510816352364e+00
-6.505673989910390809e+00
-6.205332691809124945e+00
-6.257521074837208097e+00
-6.385464475498998205e+00
-6.264489819736174248e+00
-6.408211463791187334e+00
-6.371072316560486115e+00
-6.537138363857830647e+00
-6.607511448136143883e+00
-6.803237209166042021e+00
-6.806789801976041332e+00
-7.015730349341053440e+00
-7.142469133260437530e+00
-7.277716137659548501e+00
-7.083982576778096174e+00
-7.104736416750783157e+00
-6.962474158150527614e+00
-6.766784965698462884e+00
-6.373720218819929784e+00
-6.034912760123762432e+00
-6.034415995993005488e+00
-5.597827029014092126e+00
-5.364699709362562352e+00
-5.263239405896761092e+00
-5.422050161750387787e+00
-5.602339870951619893e+00
-5.723812091562461291e+00
-5.625729682038835833e+00
-5.514416797677474058e+00
-5.771598061153714099e+00
-5.596812716165258550e+00
-5.551422049473377029e+00
-5.426266303298313609e+00
-5.272996345824672026e+00
-5.170299385996262487e+00
-5.109747466629170454e+00
-5.319685828034443453e+00
-5.340702689035374817e+00
-5.143694076078195287e+00
-4.965344533855438947e+00
-4.775664678702845833e+00
-4.866058667757688916e+00
-4.924677204017500642e+00
-5.003114618017742821e+00
-4.887322600316622356e+00
-4.467346248935737840e+00
-4.485611533173731402e+00
-4.635769753695107021e+00
-4.620649675374087550e+00
-4.455976525321052151e+00
-4.520678228278525168e+00
-4.343222539495929624e+00
-4.528074317888873601e+00
-4.574087524307849151e+00
-4.552896780427754031e+00
-4.163735078704775106e+00
-4.092499011569245226e+00
-4.175060106378801983e+00
-4.528602419090836939e+00
-5.113327898573834851e+00
-5.060486006860088537e+00
-5.241384402885532090e+00
-5.708166757515958700e+00
-5.926231356945826256e+00
-5.949981814980492167e+00
-6.018090349864165134e+00
-5.895065497216720019e+00
-5.809297361538878768e+00
-5.998515383706412685e+00
-5.745608866126007186e+00
-5.491663657364171058e+00
-5.340725418126141655e+00
-5.439885833068329291e+00
-5.713124368227247452e+00
-5.804690059620167375e+00
-5.807427915335342306e+00
-5.826154487048278874e+00
-5.813346848329469907e+00
-6.131918342319601756e+00
-6.566881805996050758e+00
-6.812261893745567676e+00
-6.703044960702377431e+00
-6.595002062414902610e+00
-6.550830943836288611e+00
-6.580976902935053552e+00
-6.799859963262316676e+00
-6.816971104679743654e+00
-6.796784104798387460e+00
-6.965188448132916044e+00
-6.772685039593776324e+00
-6.535108918298915270e+00
-6.379158515268176011e+00
-6.459349354791526387e+00
-6.545889740371687360e+00
-6.509185385144203195e+00
-6.657143895976673775e+00
-6.577235176982970444e+00
-6.474347621588362856e+00
-6.267652334834686201e+00
-6.226512088541724665e+00
-6.287813084165239097e+00
-6.308393246987946235e+00
-6.390013236987316603e+00
-6.085353807147701133e+00
-6.081874178060948211e+00
-6.152882503573745332e+00
-6.087576858483512154e+00
-5.980233496591700337e+00
-5.801005969767544457e+00
-5.479666421056277770e+00
-5.680575523238831082e+00
-5.844195891926667663e+00
-6.150842738282373823e+00
-6.034349205431260188e+00
-6.346150445814321195e+00
-6.563925012998240049e+00
-6.554308083864611945e+00
-6.671643322063243176e+00
-6.438534815971773462e+00
-6.482370876733607012e+00
-6.418168096660198607e+00
-6.498456441966961705e+00
-6.491528901579076027e+00
-6.212866016776262157e+00
-6.070945199361267974e+00
-6.353625833922591504e+00
-6.783230367640502578e+00
-7.034285066609304415e+00
-6.971343169018680008e+00
-7.022041271873752599e+00
-6.904198090306749691e+00
-7.132272973405526351e+00
-7.220025126000239268e+00
-7.316210345648809010e+00
-7.553682106835895027e+00
-7.852004830403426006e+00
-7.683533608795043435e+00
-7.591766250254421422e+00
-7.656462286844324616e+00
-7.492535105660045325e+00
-7.423886427709861735e+00
-7.314978618814560463e+00
-7.119686835591137353e+00
-7.125438638763408328e+00
-6.995772574500151997e+00
-6.959192069158969929e+00
-7.133305521553054973e+00
-6.976234708289260844e+00
-6.935327143139074835e+00
-7.014211409877170844e+00
-6.869377726275972762e+00
-7.033530728069326443e+00
-7.159210771538115026e+00
-7.028046859579183625e+00
-7.356298312771070158e+00
-7.317983178486075602e+00
-7.062352882412182176e+00
-7.007085990252405416e+00
-7.220965218268283969e+00
-7.275706661864041358e+00
-7.301166061941548158e+00
-7.284438672221019040e+00
-7.407049015125753755e+00
-7.569369460241590630e+00
-7.452789636718459398e+00
-7.353687645778677506e+00
-7.122507926009237877e+00
-7.312198512015710250e+00
-7.425073898790259364e+00
-7.365725454478081247e+00
-7.189795351129504297e+00
-7.066482226686587431e+00
-7.071214307634197560e+00
-7.229658963879188605e+00
-7.711647484172491573e+00
-8.250444298159239409e+00
-8.543931147037360674e+00
-8.769434292871810754e+00
-8.661006247469854813e+00
-8.466930619802329971e+00
-8.360367762340811026e+00
-8.098258831367729726e+00
-7.861206899401127046e+00
-7.440523235531862234e+00
-7.341411232613874738e+00
-7.212901434628719244e+00
-6.911177363400424767e+00
-7.262325891400365663e+00
-7.210370773454621407e+00
-7.159356677454699280e+00
-7.390772533699379920e+00
-7.614000404142576173e+00
-7.579985633503619091e+00
-7.898448803239596749e+00
-7.931919292948371059e+00
-8.084810282342457910e+00
-8.477968839699968839e+00
-8.632993224287226042e+00
-8.687714881975464820e+00
-8.683939448118401572e+00
-8.775687863594232141e+00
-8.950138614302382223e+00
-9.124497263500778388e+00
-8.874678607713624601e+00
-9.030829674285095976e+00
-8.944288161157835759e+00
-8.738262848964700069e+00
-8.717671740535264391e+00
-8.498109509074931012e+00
-8.629403989392411489e+00
-8.684961641042594493e+00
-8.568144402640720969e+00
-8.717167264513696168e+00
-8.711499377637494490e+00
-8.653403639356913146e+00
-8.755487739522594737e+00
-8.343659972323154150e+00
-8.309424594652265128e+00
-8.437546867130414796e+00
-8.321460837474262462e+00
-8.423729990597884409e+00
-8.593279057339261229e+00
-8.682581407021167763e+00
-8.593926344245655713e+00
-8.511986649729228915e+00
-8.348200671024581965e+00
-8.085710776451429993e+00
-7.761335104791609041e+00
-7.650810022488910178e+00
-7.518420864340541243e+00
-7.448297369151807068e+00
-7.713162442691810838e+00
-7.844181069598562317e+00
-7.960051832816408712e+00
-8.112888962483182809e+00
-7.903044492987776337e+00
-7.795757038066909672e+00
-7.492358777805817383e+00
-7.194760453977504966e+00
-7.269529542397492605e+00
-7.277022996537736432e+00
-7.542762979070819718e+00
-7.601997360145371196e+00
-7.631442882622725854e+00
-7.612143899649130852e+00
-7.587269391210302416e+00
-7.776727451796822344e+00
-7.824487639430616426e+00
-7.968243239816577450e+00
-8.002411911605031847e+00
-7.911471428772936854e+00
-8.245176129740157123e+00
-8.252719684987393833e+00
-8.511403661343061700e+00
-8.555735551214981527e+00
-8.521606434436177935e+00
-8.302893996819248557e+00
-7.819253624474220565e+00
-7.542211922676368197e+00
-7.714330538739878840e+00
-7.786342523909553393e+00
-7.656320888158521853e+00
-7.904782599955993305e+00
-8.071886684072309137e+00
-7.957724201713584300e+00
-7.716055386931752302e+00
-7.434940111622227121e+00
-7.595397959311672942e+00
-7.550839126087456776e+00
-7.560005053923431362e+00
-7.497669231340984730e+00
-7.410600649655521011e+00
-7.392641625695606677e+00
-7.356010315391969812e+00
-7.656286761916366146e+00
-7.718228870304951528e+00
-7.733296896494004535e+00
-7.536900790449633902e+00
-7.458700632071333381e+00
-7.677860388732530517e+00
-7.621970325748431918e+00
-7.540400037796526789e+00
-7.781073084252436267e+00
-7.700369991179418783e+00
-7.540523209692038265e+00
-7.309016839884500349e+00
-7.535556964759233090e+00
-7.895713944238972992e+00
-8.243511430300095810e+00
-8.322519013919336572e+00
-8.272906436336601388e+00
-8.328942975160531503e+00
-8.271087925146225928e+00
-8.375474313479017496e+00
-8.653830359389440119e+00
-9.118277753162145061e+00
-9.229686695670157093e+00
-9.203073033374487011e+00
-9.208814552711736212e+00
-9.282543492625395132e+00
-9.554730485997682266e+00
-9.398500613938477244e+00
-9.816658161076256661e+00
-9.802091033242049889e+00
-9.831588040198145251e+00
-1.001949666470843603e+01
-1.010949667633587268e+01
-9.931870219762334528e+00
-1.022891795205343790e+01
-1.019894301878829879e+01
-9.949624954231781615e+00
-9.939977168267194685e+00
-9.837633451334765411e+00
-9.918302063731934126e+00
-9.810885476354478385e+00
-9.741981524523581015e+00
-9.960627173560379077e+00
-1.005086602255512851e+01
-9.946898304868893703e+00
-1.002309486904911573e+01
-1.008528428718595116e+01
-1.023339837970471855e+01
-1.005307189416871871e+01
-1.002293338823455571e+01
-9.659425326494483599e+00
-9.215023482261861076e+00
-9.237929876542210650e+00
-9.514214177238109471e+00
-9.278013695503808833e+00
-8.967443055386787876e+00
-8.892238702377426307e+00
-9.139227929285489438e+00
-8.985076949207323693e+00
-9.093416379434083652e+00
-9.025987740932114534e+00
-9.000054173380197753e+00
-9.126011135753088865e+00
-9.326536084600849819e+00
-9.216687899861620181e+00
-9.227119285797925841e+00
-9.231655158230008595e+00
-9.172233259140805117e+00
-8.894140969804141150e+00
-8.831363745566120471e+00
-8.730685422502137527e+00
-8.775287194260906531e+00
-8.824136662097693318e+00
-9.014717691856434456e+00
-9.009970020329181040e+00
-9.063368193156032149e+00
-8.965126679654250808e+00
-8.809636487446603326e+00
-8.841114663295751797e+00
-8.667167924075245722e+00
-8.532910627875091691e+00
-8.360495462564898617e+00
-8.254591755093599659e+00
-8.352907457278247350e+00
-8.499584612625987745e+00
-8.246193333367919820e+00
-8.274676024375716921e+00
-8.434058219120272426e+00
-8.348434236547667808e+00
-8.182558962666531599e+00
-8.305463215264875743e+00
-8.147966101935976369e+00
-8.073432546831655898e+00
-8.004112571743004168e+00
-7.898275790089073212e+00
-7.811419593022116636e+00
-7.748604778708736873e+00
-7.488042242332700660e+00
-7.616591629161281851e+00
-7.750166158226262425e+00
-7.852418865405867976e+00
-8.013586112014571938e+00
-8.179544264860936664e+00
-8.379866472695413293e+00
-8.430410679820107944e+00
-8.592102821614780339e+00
-8.511857884228215099e+00
-8.485763564178803620e+00
-8.165870675735224182e+00
-8.338630750424417926e+00
-8.247779456547222665e+00
-8.227382622513326638e+00
-8.275488316518313070e+00
-8.182138274361223651e+00
-8.203898496357417969e+00
-8.185035263251165816e+00
-8.247841347023573633e+00
-8.067833383843581174e+00
-8.104499072094034418e+00
-8.111502977585956842e+00
-8.039878107013732844e+00
-8.123450837880518804e+00
-7.896395420971661139e+00
-7.964202052498772666e+00
-7.995203177442598452e+00
-8.121195674813950660e+00
-8.420189705785666945e+00
-8.558148055559206213e+00
-8.516990233855860737e+00
-8.388771404765265061e+00
-8.522489118624527293e+00
-8.481701849603146215e+00
-8.461097865493430348e+00
-8.531741492190986875e+00
-8.601804249286596260e+00
-8.507338850606478431e+00
-8.520863669047271216e+00
-8.603616899683203201e+00
-8.696058005304390548e+00
-8.597561655245009149e+00
-8.386024044004237510e+00
-8.338592399694839230e+00
-8.330187232861284485e+00
-7.940450758334328007e+00
-7.743066408988277693e+00
-7.741072010208360332e+00
-7.577364516732682631e+00
-7.833729761585532358e+00
-7.880408797902712870e+00
-8.044545276052016192e+00
-8.029426606433641922e+00
-8.122942489514393571e+00
-8.318669879037887682e+00
-8.282124036550875701e+00
-8.208316400658288714e+00
-8.598762302588475848e+00
-8.710529257695602823e+00
-9.278535143092632609e+00
-9.655249108682420811e+00
-9.516913276690841528e+00
-9.358821328145435103e+00
-9.338639438535214055e+00
-9.441722681875797107e+00
-9.397367194977597649e+00
-9.296290554275101314e+00
-9.441239958636623797e+00
-9.687601658341401745e+00
-9.637252190310846345e+00
-9.417265681169542546e+00
-9.581621404423614763e+00
-9.536690645217881013e+00
-9.403648528935374173e+00
-9.360786266457305160e+00
-9.394769604500130100e+00
-9.425053094070069193e+00
-9.496105152432708252e+00
-9.469826128958093392e+00
-9.379931787816316202e+00
-9.321609920401089155e+00
-9.388309155692420305e+00
-9.570871372902606922e+00
-9.657574546403218108e+00
-9.503946668650220531e+00
-9.440406457533420337e+00
-9.549790078009655403e+00
-9.582357218690408018e+00
-9.737013830392136526e+00
-9.779119518966950864e+00
-9.940368735796459632e+00
-1.000023512691651639e+01
-1.000820351122198915e+01
-1.015568500202289925e+01
-1.011692282508181151e+01
-1.015804989810322922e+01
-1.005984803238717973e+01
-1.001969484877507988e+01
-1.003984806914283823e+01
-9.784896569934980803e+00
-9.758885340447582379e+00
-9.683206066826109293e+00
-9.391815846050219463e+00
-9.346301378626943546e+00
-9.557293488288252092e+00
-9.667119658312051556e+00
-9.494745323672857396e+00
-9.402092379901560548e+00
-9.319500446748810063e+00
-9.132945487693413966e+00
-9.110098236885566081e+00
-9.143438719697481787e+00
-9.085123574686242875e+00
-8.915866486791086842e+00
-8.609185928535731946e+00
-8.688656322754221506e+00
-8.750104015215121933e+00
-8.844517771517720561e+00
-9.012465325721572995e+00
-9.268942938870818438e+00
-9.401622375642340046e+00
-9.534854630784979079e+00
-9.412417277585120701e+00
-9.437130141719364929e+00
-9.232138773521629815e+00
-9.237544222032189722e+00
-9.426286584394558687e+00
-9.568824788886411525e+00
-9.794241744616227763e+00
-9.844179729169139748e+00
-9.959321975703517182e+00
-9.694877015220031424e+00
-9.639420460616300090e+00
-9.830687736521014131e+00
-1.000152819973833829e+01
-1.001739821581471368e+01
-1.003099887205350882e+01
-1.007905154175073470e+01
-9.932547142770513204e+00
-9.805826938212929278e+00
-9.747315023830148917e+00
-9.488826501889683129e+00
-9.153030249161631104e+00
-9.146713963012551574e+00
-8.939632526428255233e+00
-9.125054594398928742e+00
-8.935082506158453342e+00
-9.107208327241947288e+00
-9.226022957004030189e+00
-9.334644599115582864e+00
-9.384817740430223765e+00
-9.391065928123255802e+00
-9.253483673092370410e+00
-9.351478700265733579e+00
-9.437368621340766595e+00
-9.326264045859526064e+00
-9.275145804587205944e+00
-9.249763144810231097e+00
-9.106314013642823113e+00
-8.740407748206333594e+00
-8.648924885320710132e+00
-8.645589886594784446e+00
-8.681579663106058220e+00
-8.514800343622916046e+00
-8.466244977797707350e+00
-8.799350413744832622e+00
-8.700999292502991977e+00
-8.680526547058377673e+00
-8.814803160711878860e+00
-8.718300383808763598e+00
-8.829031142452148373e+00
-8.578154380761747078e+00
-8.720021350044328656e+00
-8.803170935741706060e+00
-8.730982986680421831e+00
-8.578389361585266215e+00
-8.833190379698798722e+00
-8.625279737975429128e+00
-8.475189421755620955e+00
-8.428187622125934197e+00
-8.211007478651348279e+00
-8.113853560207681781e+00
-8.285376496236104060e+00
-8.134900488781925176e+00
-8.445350936168928513e+00
-8.345196068432114700e+00
-8.561974913526883668e+00
-8.903029900849057654e+00
-9.068332357358116269e+00
-9.142766325958771034e+00
-9.218671823791739328e+00
-9.072021722818037759e+00
-8.802534330478792413e+00
-8.826640990704605727e+00
-8.922818306523353726e+00
-9.037263878358162472e+00
-9.126997551940112530e+00
-8.919879579592567609e+00
-8.880715652092447954e+00
-8.915322124374529977e+00
-9.036557588698311605e+00
-9.081545106681113921e+00
-8.891308213806919269e+00
-8.951611990485751846e+00
-8.944022701010480247e+00
-9.080526912557944641e+00
-9.165876868818811474e+00
-9.101706190110510519e+00
-9.377369549185633701e+00
-9.415872605903842896e+00
-9.403193617163461582e+00
-9.601412109019841878e+00
-9.656627130951445537e+00
-9.882467857375011988e+00
-1.027258204415516829e+01
-1.048864620321692698e+01
-1.076805240781519402e+01
-1.097532887061238149e+01
-1.090847185659204044e+01
-1.089612279387035088e+01
-1.088755953244432462e+01
-1.093364642399263431e+01
-1.094247779856198832e+01
-1.055326709863977719e+01
-1.063392404815047598e+01
-1.066120214881231298e+01
-1.065101242045996877e+01
-1.063571857717879965e+01
-1.067097325627709559e+01
-1.079105025465424106e+01
-1.072137176307616890e+01
-1.088683604240258340e+01
-1.103758869911367668e+01
-1.096369636888411492e+01
-1.082167233114558513e+01
-1.086620068483887636e+01
-1.102603371389787412e+01
-1.111387770636052430e+01
-1.104606178865734911e+01
-1.099039124478975182e+01
-1.107485964778671317e+01
-1.142756799513774268e+01
-1.129612268343520576e+01
-1.135927176562679364e+01
-1.162381732452674754e+01
-1.148832485225559630e+01
-1.141012251038265646e+01
-1.128695760314554697e+01
-1.121177320623428564e+01
-1.134583367851011637e+01
-1.150711212665604144e+01
-1.145471004031259810e+01
-1.148840859958366423e+01
-1.125497986860043653e+01
-1.112496140319762183e+01
-1.104961027264632456e+01
-1.089656968955985938e+01
-1.085126988612005761e+01
-1.068941835401605189e+01
-1.069570362252634688e+01
-1.051879511991510974e+01
-1.038933450717760820e+01
-1.046950811975325024e+01
-1.043465974311131816e+01
-1.035988976976500098e+01
-1.025824762275657775e+01
-1.027231508791335379e+01
-1.013828839588770059e+01
-9.917624899973834118e+00
-9.603974501556898247e+00
-9.317529717538279854e+00
-9.198633209176607650e+00
-8.999897807845222530e+00
-8.940508297757089551e+00
-8.965468225995293139e+00
-9.044291742713333804e+00
-9.020809406152958232e+00
-9.277361061229463246e+00
-9.436856484600845363e+00
-9.245801888423612169e+00
-9.342877912819233188e+00
-9.455535963393256083e+00
-9.535950745086680058e+00
-9.441118758598426197e+00
-9.600461243418017432e+00
-9.731102458422014934e+00
-1.001079617230768548e+01
-1.003335132971897181e+01
-1.007209865104915281e+01
-1.044792756322331151e+01
-1.038446995572756393e+01
-1.026992260140311686e+01
-1.047448377404778519e+01
-1.055509167199734044e+01
-1.066867592364803308e+01
-1.085857396584345125e+01
-1.102953563698556572e+01
-1.112034075513295761e+01
-1.123237187469110943e+01
-1.101037506796188303e+01
-1.108398539083496637e+01
-1.124621114449850978e+01
-1.134601879166168459e+01
-1.137186239338573301e+01
-1.166789132831095976e+01
-1.152600315098509043e+01
-1.141709973969262926e+01
-1.144042296906205536e+01
-1.141717211931636022e+01
-1.138107788265650022e+01
-1.127235621082498618e+01
-1.138089298933681093e+01
-1.154457784071609261e+01
-1.182245141110512243e+01
-1.185039959193294656e+01
-1.194431701613592267e+01
-1.194634469805134103e+01
-1.196983827930694844e+01
-1.193942830383929277e+01
-1.188902506296514616e+01
-1.207747259601183742e+01
-1.223607258020595978e+01
-1.227218380028254607e+01
-1.246827328386286204e+01
-1.235424120210643650e+01
-1.209044264137303415e+01
-1.190715420329245688e+01
-1.167450249281327146e+01
-1.174609056775396532e+01
-1.155064281685352512e+01
-1.103460145611449228e+01
-1.102969625766224127e+01
-1.107238498589928888e+01
-1.144330714453534803e+01
-1.126189852968756000e+01
-1.123743894803799748e+01
-1.146216596863389547e+01
-1.151731527387422460e+01
-1.139693106597389516e+01
-1.119566785936562248e+01
-1.114892723406849662e+01
-1.110665047518653914e+01
-1.106306625706395508e+01
-1.091374264340529443e+01
-1.068657108300168979e+01
-1.084630177868030820e+01
-1.114999290702759716e+01
-1.115849718032144189e+01
-1.120228478726874144e+01
-1.147504873129073388e+01
-1.151672454987384420e+01
-1.143382449666196266e+01
-1.125821868670664117e+01
-1.118001263026307690e+01
-1.129967304752575252e+01
-1.147298583856803944e+01
-1.138980118723572943e+01
-1.143879484652580558e+01
-1.131303841653109110e+01
-1.118345393889441297e+01
-1.121450907599058766e+01
-1.130987617167702730e+01
-1.140068165694205149e+01
-1.149413557675001485e+01
-1.168512960151943680e+01
-1.177236697988866609e+01
-1.174564423133027269e+01
-1.182138295415247953e+01
-1.189948453725186006e+01
-1.167214831300060141e+01
-1.176859833735306538e+01
-1.199027188228263263e+01
-1.189494197082098736e+01
-1.192782606999216100e+01
-1.185783860170988646e+01
-1.190510599077564535e+01
-1.192138352116572975e+01
-1.206793731767453082e+01
-1.203107952329498431e+01
-1.199951466710619918e+01
-1.202571781189467970e+01
-1.212181534326862042e+01
-1.226080194377076538e+01
-1.247378573981016459e+01
-1.260185639473898966e+01
-1.255945216980092916e+01
-1.248508129880500483e+01
-1.233003136660596155e+01
-1.238998208476858309e+01
-1.219897234559784138e+01
-1.191101707647307428e+01
-1.176866342384125019e+01
-1.190401170268813402e+01
-1.183142963976310291e+01
-1.193322899632178391e+01
-1.204433643523328357e+01
-1.210992503420005839e+01
-1.201504980219722007e+01
-1.216458042504168446e+01
-1.215301912526747152e+01
-1.200521133511445449e+01
-1.191451679338370262e+01
-1.180043586861861904e+01
-1.192931597334307980e+01
-1.179289073549659150e+01
-1.157419947380793701e+01
-1.151621612893105429e+01
-1.147853471748494592e+01
-1.160117423089313782e+01
-1.152676599611938713e+01
-1.145392496766091561e+01
-1.134890688468434838e+01
-1.132049935909704885e+01
-1.133133986708151930e+01
-1.152337559139055223e+01
-1.154121328223487275e+01
-1.172796010796205302e+01
-1.190224882336798018e+01
-1.196914551379988545e+01
-1.197494353751941887e+01
-1.175418632869986268e+01
-1.151445621758814220e+01
-1.129895288980166335e+01
-1.102775061691751013e+01
-1.105299730879528752e+01
-1.098489882885204771e+01
-1.091352271575384059e+01
-1.097099161079118623e+01
-1.099019649213407313e+01
-1.074125543018118734e+01
-1.039390847375345217e+01
-1.042966448831192317e+01
-1.042313700822854372e+01
-1.039917090459258731e+01
-1.054430978221118487e+01
-1.071084387147927686e+01
-1.074142753592745869e+01
-1.060577915050951248e+01
-1.034757182847286217e+01
-1.044127324400701262e+01
-1.056335253235679517e+01
-1.065895741698242638e+01
-1.093450850132580676e+01
-1.089632478233870394e+01
-1.083865747664579793e+01
-1.068737094817249478e+01
-1.067186242981352073e+01
-1.073856057164498345e+01
-1.087998703079812124e+01
-1.088647826604746882e+01
-1.067330758482757247e+01
-1.081902868995819667e+01
-1.094859200972208946e+01
-1.102730236492807592e+01
-1.093970868688636777e+01
-1.056380338873456637e+01
-1.035731225176701997e+01
-1.023674674525325834e+01
-1.014225536825299656e+01
-9.874272922296077226e+00
-9.657511047639481205e+00
-9.776181249233736992e+00
-9.749861512891952131e+00
-9.974522207837557275e+00
-9.926622985049878167e+00
-9.810726083795300312e+00
-9.933154138688442103e+00
-1.005143845794780511e+01
-1.007390154410013494e+01
-1.004732081639784980e+01
-1.000138014154940969e+01
-9.941597534339111419e+00
-9.971163011979099267e+00
-9.974588014034752703e+00
-9.982584292166372109e+00
-1.010290292123238842e+01
-1.008504297475011668e+01
-1.018545204980474495e+01
-1.016673995801339281e+01
-1.008822078331238714e+01
-1.001511369245037031e+01
-9.828481827738613674e+00
-9.783187815455173464e+00
-9.916111361232427868e+00
-9.921888546495406302e+00
-9.737699346667277212e+00
-9.760085390709187791e+00
-9.691511917482820593e+00
-9.812304856146703003e+00
-9.950037000017447397e+00
-9.967114590905133298e+00
-9.908901937030748286e+00
-9.904779661350742614e+00
-9.889911237843280745e+00
-1.003933582772548228e+01
-1.034485612492233919e+01
-1.061553941731227013e+01
-1.047259087214163564e+01
-1.015738302308471042e+01
-1.008061032686982372e+01
-1.034936479240351304e+01
-1.020954665690110907e+01
-1.028684014747935471e+01
-1.036014703469744447e+01
-1.031275684237027512e+01
-1.014801915487015904e+01
-1.002037973830349316e+01
-9.963061632945056090e+00
-9.978047887347921474e+00
-1.004002052990788663e+01
-9.980187087952844038e+00
-9.867417949623668250e+00
-9.853238904920933905e+00
-9.888003116723300678e+00
-1.005605381113356955e+01
-1.024539083410424745e+01
-1.031706483170387578e+01
-1.033170869116195156e+01
-1.022121995088919100e+01
-1.026294044163235952e+01
-1.034148331872084015e+01
-1.041800104514855185e+01
-1.042332039539519606e+01
-1.034588424573837706e+01
-1.042177970333467307e+01
-1.065375031396445671e+01
-1.053174153136543367e+01
-1.081066109296769717e+01
-1.105280769005623931e+01
-1.102036552819905602e+01
-1.119899203874483007e+01
-1.113509985665510271e+01
-1.099912332739103071e+01
-1.115239174621066454e+01
-1.121043590803567191e+01
-1.139563144538005979e+01
-1.148215063438223993e+01
-1.153546122923420292e+01
-1.154982938766493739e+01
-1.140994421768019329e+01
-1.119514463030444951e+01
-1.124511488608691678e+01
-1.125913493916634600e+01
-1.143828390690332419e+01
-1.147439268938779833e+01
-1.132468923616962364e+01
-1.160356792078142263e+01
-1.164007904302033936e+01
-1.177278486416774506e+01
-1.172148900753844813e+01
-1.150844936738457847e+01
-1.132824778220748385e+01
-1.121544001709839122e+01
-1.126220253609871769e+01
-1.138035844807872721e+01
-1.136643412788499496e+01
-1.146713012462705983e+01
-1.143323476864642352e+01
-1.139155953687560441e+01
-1.122245456591971191e+01
-1.127506523722748177e+01
-1.135292316681240266e+01
-1.143134619515553574e+01
-1.173803216424091289e+01
-1.172521547407779074e+01
-1.183055206854566421e+01
-1.195336505085503020e+01
-1.201309619901038239e+01
-1.194335105578865708e+01
-1.195616336581852046e+01
-1.174740525646799583e+01
-1.161485446857984805e+01
-1.163568472619187766e+01
-1.163873420713552953e+01
-1.190166801376012984e+01
-1.207718365903853019e+01
-1.225152256087197600e+01
-1.211674978946029313e+01
-1.175404073584413034e+01
-1.158429416882992946e+01
-1.155073421673355227e+01
-1.145230337092850093e+01
-1.150040874735621621e+01
-1.159216716015566995e+01
-1.164246637306108134e+01
-1.174604969392354015e+01
-1.190140547948150385e+01
-1.201612296487857812e+01
-1.207714943939693164e+01
-1.225614661703610864e+01
-1.245558461740319345e+01
-1.235555484780427804e+01
-1.202723058660836664e+01
-1.184170381498105762e+01
-1.172083418977020841e+01
-1.162805170391612464e+01
-1.158278190628774951e+01
-1.154070235810506340e+01
-1.144142832203883131e+01
-1.117040876424811380e+01
-1.094492561183279200e+01
-1.096924165713411625e+01
-1.134127043719828976e+01
-1.155664912813723255e+01
-1.153370505313689343e+01
-1.155577412363081891e+01
-1.171319735856728350e+01
-1.180513605307537972e+01
-1.184125035624748534e+01
-1.190404003394769461e+01
-1.185014909542913486e+01
-1.164175396190028522e+01
-1.181536057816780172e+01
-1.190286878618877253e+01
-1.187854684913328285e+01
-1.190134399545239852e+01
-1.171483552248020210e+01
-1.151119133222428914e+01
-1.137082342529765633e+01
-1.147720375085243205e+01
-1.145831692291277193e+01
-1.141527186478528755e+01
-1.158597629128416884e+01
-1.169209774513693567e+01
-1.153018436544122061e+01
-1.159906440915196768e+01
-1.151790213987615097e+01
-1.127112106497190602e+01
-1.137999313507223320e+01
-1.162503065959839077e+01
-1.181777546253923106e+01
-1.171651242131319925e+01
-1.176849510284426614e+01
-1.162390090399745723e+01
-1.169763489684087610e+01
-1.172946195580231787e+01
-1.202677431971485333e+01
-1.200747382202476032e+01
-1.197043383010809059e+01
-1.183300393648313076e+01
-1.207675748570408025e+01
-1.222818487849705527e+01
-1.250905636110666208e+01
-1.272681572852166809e+01
-1.257472242166601184e+01
-1.262788883045652355e+01
-1.254160070998138288e+01
-1.255183319980177359e+01
-1.232800649019017492e+01
-1.224142530057158851e+01
-1.232372573784899039e+01
-1.226728353151666617e+01
-1.218118017804363973e+01
-1.214766959261715762e+01
-1.213675618719698157e+01
-1.232001940484976998e+01
-1.227322569828731247e+01
-1.226967623670421048e+01
-1.240777841852634111e+01
-1.234737066037522446e+01
-1.224916877011407479e+01
-1.238245050787479506e+01
-1.230650205722752411e+01
-1.248026891736383170e+01
-1.271427150876491474e+01
-1.280225277254725569e+01
-1.273560031950700022e+01
-1.255836277492760722e+01
-1.259338097291484360e+01
-1.266329183306878470e+01
-1.256821089574585493e+01
-1.239140020628090078e+01
-1.231043214481199222e+01
-1.222090568525688958e+01
-1.229676827070344558e+01
-1.243819905910193846e+01
-1.244031253001568516e+01
-1.224355051803124894e+01
-1.218453572074934499e+01
-1.221319367740476736e+01
-1.230553977685728562e+01
-1.222121664782362416e+01
-1.216419291559283877e+01
-1.203528677105626699e+01
-1.210923745620404013e+01
-1.207668927077555665e+01
-1.205826750109539347e+01
-1.197664832864690787e+01
-1.204072596763055003e+01
-1.202117027805581984e+01
-1.179945332225692489e+01
-1.180929552892794909e+01
-1.167337944050410137e+01
-1.147305216078720491e+01
-1.123523478386912799e+01
-1.112887246352120130e+01
-1.099258933393087823e+01
-1.103383543891176721e+01
-1.085086132773274947e+01
-1.081486406433640468e+01
-1.089792775435132199e+01
-1.090094380245758288e+01
-1.084733325231701428e+01
-1.106913768184790214e+01
-1.114345593137321977e+01
-1.119970829046000382e+01
-1.125175403792930418e+01
-1.107002952819231290e+01
-1.095716274001295432e+01
-1.076963800249371417e+01
-1.072072045288785169e+01
-1.068550397933065810e+01
-1.058669484466056154e+01
-1.064181081671650198e+01
-1.071467365852334730e+01
-1.086692498458781841e+01
-1.082004046935309027e+01
-1.068385186449272872e+01
-1.067354175819547990e+01
-1.074145818247681383e+01
-1.073134783662683134e+01
-1.053067225704991294e+01
-1.036822401215808576e+01
-1.032333072572117061e+01
-1.030245302243103289e+01
-1.022435661826249564e+01
-1.020347741816955534e+01
-1.014685340389637780e+01
-1.003331914923480994e+01
-1.009242886784169535e+01
-1.023064082908521932e+01
-1.030655454343975386e+01
-1.023930083549458914e+01
-1.017575883352859023e+01
-1.008513901243288657e+01
-1.023170081378411034e+01
-1.020008663413250716e+01
-1.030841477587578225e+01
-1.020739912008365735e+01
-1.038960777046979800e+01
-1.047623374498842175e+01
-1.031516667264054199e+01
-1.017335668285907069e+01
-1.008505418446478785e+01
-1.031845522315749797e+01
-1.040413406897996218e+01
-1.029005394117316108e+01
-1.013892982417919164e+01
-1.006596165463814607e+01
-1.025647052866500353e+01
-1.018788502300927412e+01
-1.007468720007017993e+01
-1.009267361825511244e+01
-9.818061675577343550e+00
-9.819472702526619301e+00
-9.699446879493955009e+00
-9.924862265528718197e+00
-1.002179906129864051e+01
-1.005015235192396972e+01
-1.000134049653252255e+01
-1.006994398968846127e+01
-1.002097905048153592e+01
-9.897780176464728186e+00
-9.756258505921861612e+00
-9.613769951924290069e+00
-9.487671055233400708e+00
-9.267369980873091606e+00
-9.048841367246247103e+00
-9.204729921540812043e+00
-9.428108129682009064e+00
-9.366182216299014485e+00
-9.447245289151018355e+00
-9.405035051314410310e+00
-9.342303124607095555e+00
-9.372052948675161588e+00
-9.544903966072761037e+00
-9.609860952022764025e+00
-9.752188794294797347e+00
-9.762025176276697636e+00
-9.853029055633328426e+00
-9.671622041626761757e+00
-9.702811380837893296e+00
-9.834605080964909263e+00
-9.843208865147509812e+00
-9.958019045946814529e+00
-9.692938061222781343e+00
-9.434800852906484181e+00
-9.291032929489858816e+00
-9.541537466208149354e+00
-9.766165857803704498e+00
-9.683708609163273806e+00
-9.525192741331302670e+00
-9.241614886330985712e+00
-9.267089824512872553e+00
-9.232853162976688566e+00
-9.122282622792223350e+00
-9.316276118344347879e+00
-9.491054055168477888e+00
-9.703159893247281786e+00
-9.900467814878243900e+00
-9.969244142506802575e+00
-1.002636825344667493e+01
-1.005641759816664127e+01
-1.007745995515576531e+01
-1.019548630784162846e+01
-1.027279522785514132e+01
-1.043644438648617268e+01
-1.039668154070532857e+01
-1.024423599683831299e+01
-1.037352474415600945e+01
-1.045951326222170152e+01
-1.040264059075703784e+01
-1.027639165984119352e+01
-1.011804437409956670e+01
-1.026139161379420983e+01
-1.028666699479772895e+01
-1.023970356068235787e+01
-1.015883096673930730e+01
-9.981592407440473380e+00
-9.980220786331173599e+00
-9.852402386533695378e+00
-9.779708021320239197e+00
-9.763200589136980412e+00
-9.519989099814081257e+00
-9.504217237130351492e+00
-9.436486972268419038e+00
-9.444178989737372021e+00
-9.431708747792450609e+00
-9.293480156420429239e+00
-9.284469462934939799e+00
-9.363323292299437384e+00
-9.294542056990382051e+00
-9.110505186682164691e+00
-9.188639447195793508e+00
-9.415593704969799305e+00
-9.640317629318991166e+00
-9.833235404999818741e+00
-9.959743159261940093e+00
-9.931925477667967073e+00
-9.878407807611710112e+00
-9.820022102209289727e+00
-9.680585017719989693e+00
-9.620111592236371578e+00
-9.428582340088089708e+00
-9.222804326660249075e+00
-9.282940436086470015e+00
-9.444254713079704544e+00
-9.378845895182097436e+00
-9.345331277793107461e+00
-9.348043053894201648e+00
-9.433279830537763644e+00
-9.337245084346642798e+00
-9.264592771458147524e+00
-9.200413564400909294e+00
-9.043849801700341473e+00
-9.084083070196802723e+00
-9.086740799206104668e+00
-9.111751660026637722e+00
-9.180234824390330672e+00
-9.079740958219339575e+00
-9.195041470376217774e+00
-9.120096497477341302e+00
-9.202496042939452892e+00
-9.126676452996690614e+00
-9.106196413603647954e+00
-8.933231969674409356e+00
-8.688307293801605269e+00
-8.711116905649843645e+00
-8.821117649503220193e+00
-8.760244605756684066e+00
-8.857640382811233337e+00
-8.968099597519477939e+00
-8.820487575819084825e+00
-8.963776584540321224e+00
-9.108588108350149426e+00
-9.256443786720128131e+00
-9.034233719697542853e+00
-9.134621399883362969e+00
-9.004212327591979204e+00
-8.948537948155385280e+00
-8.860260068059110594e+00
-8.891890327031140018e+00
-8.839103557099978303e+00
-8.821320190822641294e+00
-8.736883444046641856e+00
-8.515332760510712973e+00
-8.466501213177297203e+00
-8.454468789499198778e+00
-8.598147834060679173e+00
-8.754067174909664573e+00
-8.837650130625190670e+00
-8.924161495789510568e+00
-9.010211961510561807e+00
-8.882271994965115880e+00
-8.772887562611167311e+00
-8.777685020083479728e+00
-8.880249891069603052e+00
-9.118412680991959007e+00
-9.004836589494967569e+00
-9.131051654274862983e+00
-9.254788267355941400e+00
-9.295202241109279839e+00
-9.354478817355202480e+00
-9.390359195277568460e+00
-9.393959851685195872e+00
-9.298741364742776128e+00
-9.331312584186635561e+00
-9.448764542780022424e+00
-9.509598103535415348e+00
-9.532429425633532460e+00
-9.667364050175898171e+00
-9.811766330815055781e+00
-9.882796247633987008e+00
-9.893594668951761761e+00
-1.015438138010974889e+01
-1.008874273032900426e+01
-1.008997885478654233e+01
-1.001153100042348143e+01
-9.933607664719302122e+00
-1.011406230927495287e+01
-1.006951281733209846e+01
-9.786974386137284654e+00
-9.496911125845896251e+00
-9.357782604096463785e+00
-9.290457122267177681e+00
-9.123428785502190053e+00
-9.187678658316697167e+00
-9.130422376938122753e+00
-9.037209097757518350e+00
-9.022649451359184170e+00
-9.008145325833872619e+00
-9.038726292977770527e+00
-9.140819786692045312e+00
-9.047916963638407140e+00
-8.850361838787010882e+00
-9.024530662612640697e+00
-9.121485471064652018e+00
-8.927532849285734429e+00
-8.765550323079814632e+00
-8.742096894248854611e+00
-8.789837169321167210e+00
-8.883427517880319257e+00
-8.839773252712543439e+00
-8.906098828425758285e+00
-8.890334566574733088e+00
-8.699593280925455474e+00
-8.573093501607916167e+00
-8.470751302131235505e+00
-8.438473913534505044e+00
-8.455637515603042331e+00
-8.500998303246841914e+00
-8.707281367296381802e+00
-8.801732380896282848e+00
-8.644352141121357747e+00
-8.463118515801353325e+00
-8.363130442334970382e+00
-8.313400185583272872e+00
-8.279993312975664210e+00
-8.246398489920677477e+00
-8.318217279944402520e+00
-8.247986877255604199e+00
-7.808312000991033841e+00
-7.620101207105532737e+00
-7.805869173846433640e+00
-7.856890422722604406e+00
-7.945308596345634022e+00
-8.053890617182839051e+00
-8.228502729477265021e+00
-8.303407812047908010e+00
-8.368746988235907125e+00
-8.459260373001374234e+00
-8.271016480700673412e+00
-8.255364293299091827e+00
-8.407466922972689716e+00
-8.530314746937930792e+00
-8.588513326982473828e+00
-8.743993274921431080e+00
-8.597752564518501117e+00
-8.537028827382250995e+00
-8.535117885173889363e+00
-8.593822289387750502e+00
-8.586886436149784529e+00
-8.647043675636288285e+00
-8.643700517692236573e+00
-8.602393966655300872e+00
-8.547049952518138483e+00
-8.336467294594667621e+00
-8.633078964799324240e+00
-8.868705127726997262e+00
-9.073001425579914070e+00
-9.265860425317915983e+00
-9.261808022783787564e+00
-9.009424560491314793e+00
-8.789390376624309553e+00
-8.964943199056525813e+00
-8.905940573545391814e+00
-8.824988986655249334e+00
-9.005077807404724410e+00
-9.222428937278996486e+00
-9.290096964477310593e+00
-9.259476905337908903e+00
-9.505085599341709823e+00
-9.592878371584715680e+00
-9.493138409773584030e+00
-9.472491174326032493e+00
-9.558712335756236911e+00
-9.479141216332051201e+00
-9.375863285445205975e+00
-9.326977505140298774e+00
-9.023599934788812504e+00
-8.981258286972519045e+00
-8.956542405218183234e+00
-8.902336557334338707e+00
-8.751224039839236468e+00
-8.674801162931849774e+00
-8.711053355031364021e+00
-8.740229047842664301e+00
-8.853912153310675492e+00
-8.773180865310600041e+00
-8.770656298971989173e+00
-8.701242287456896207e+00
-8.685223967622558661e+00
-8.491530837864578629e+00
-8.513452596710195053e+00
-8.473664706545690706e+00
-8.546018598093830576e+00
-8.619056662187290385e+00
-8.571984011823110094e+00
-8.561579728446938375e+00
-8.791247741353394929e+00
-8.891731862053656954e+00
-8.846728961382106959e+00
-8.807852582055009094e+00
-8.910840355121868228e+00
-9.132622586849825197e+00
-9.212814297074977787e+00
-9.151493462600578610e+00
-9.298243713729718252e+00
-9.333468556373155423e+00
-9.457850696239407995e+00
-9.346372187487402172e+00
-9.240992470468407660e+00
-9.242181778771664469e+00
-9.153971690683157192e+00
-9.020995069517342202e+00
-8.940586540094699330e+00
-9.197438145000532472e+00
-9.326860316371595516e+00
-9.124316004273213210e+00
-9.222616201645168488e+00
-9.241138247821952589e+00
-9.552680248631242321e+00
-9.715897280374948153e+00
-9.826111515427227161e+00
-9.787970639871888423e+00
-9.779541313599473540e+00
-9.781281524578808728e+00
-9.788308597428482472e+00
-9.687149712572157512e+00
-9.782123893448789076e+00
-9.883779093846387198e+00
-1.002880172383513901e+01
-1.021864692527281449e+01
-1.045140349984670003e+01
-1.064675089920333839e+01
-1.062277042838980101e+01
-1.071745433069619224e+01
-1.073439843344812772e+01
-1.064082424518492331e+01
-1.058983067028159653e+01
-1.079417484563973773e+01
-1.101622816793610582e+01
-1.117997739843882776e+01
-1.101580517364440226e+01
-1.087476264743680510e+01
-1.080020263457992513e+01
-1.084464634908307623e+01
-1.084838073340829112e+01
-1.092032517193577945e+01
-1.123935903003363457e+01
-1.139903357016158658e+01
-1.146062522494072944e+01
-1.157882495874504691e+01
-1.156250555856008511e+01
-1.159624025223552479e+01
-1.168105786789734424e+01
-1.163208115363570450e+01
-1.154655701632235143e+01
-1.135483179633353501e+01
-1.127200927091896787e+01
-1.142626832934227288e+01
-1.144784678001089340e+01
-1.143930841381169472e+01
-1.144433299440511753e+01
-1.150633832168107595e+01
-1.170963847959596826e+01
-1.191648156462388997e+01
-1.196802384782577633e+01
-1.184765786067336535e+01
-1.180740647976440449e+01
-1.168700550647736591e+01
-1.131965153652634370e+01
-1.132471253229790875e+01
-1.119409167846290565e+01
-1.126661001295963160e+01
-1.146723381626940963e+01
-1.149246708736447964e+01
-1.156538886656435139e+01
-1.171465452742802782e+01
-1.167973684158234171e+01
-1.177496624599296382e+01
-1.199899210568514007e+01
-1.224037467279695335e+01
-1.246778484374313933e+01
-1.250699915342735125e+01
-1.267530564154848882e+01
-1.270416591961714836e+01
-1.286725455909003379e+01
-1.304522307100030964e+01
-1.312983303381809463e+01
-1.307087065614690680e+01
-1.319224621156514132e+01
-1.323383787159697711e+01
-1.320645187020615374e+01
-1.328841906437787301e+01
-1.333792153328606922e+01
-1.350703413734114378e+01
-1.340594316566143718e+01
-1.332707734963105395e+01
-1.336811906379934278e+01
-1.345591549520552910e+01
-1.358695362419237185e+01
-1.342249482206057998e+01
-1.329083752906112892e+01
-1.319853434744207199e+01
-1.339116984200485483e+01
-1.340639532267234557e+01
-1.349409813530279756e+01
-1.351106451864557556e+01
-1.366507627299358063e+01
-1.370165537897969799e+01
-1.367826782636740468e+01
-1.371181087907585905e+01
-1.380090788227853160e+01
-1.367841969564918259e+01
-1.366810008916444552e+01
-1.360394660002996403e+01
-1.350107068240010122e+01
-1.341422067486427849e+01
-1.344364481397149369e+01
-1.358545746469636484e+01
-1.353790295805757005e+01
-1.341401032003087579e+01
-1.335418031676915085e+01
-1.327760322484729016e+01
-1.326225647754679571e+01
-1.327931829748609260e+01
-1.349357270103545048e+01
-1.364766732338939192e+01
-1.366875789339892044e+01
-1.373266960757922206e+01
-1.374674833892650305e+01
-1.401648363371394446e+01
-1.404139388493499929e+01
-1.404931121208039357e+01
-1.406201388463492741e+01
-1.425947641985013448e+01
-1.409748210271735758e+01
-1.415643414984499593e+01
-1.415657835622993765e+01
-1.419614303206959427e+01
-1.411489808842305571e+01
-1.422579736984294208e+01
-1.444241786334443312e+01
-1.442400212768513512e+01
-1.424952683618939453e+01
-1.443075849632632845e+01
-1.451696477911600347e+01
-1.445556590749449377e+01
-1.420566149775442710e+01
-1.432007620751133103e+01
-1.425840080138886279e+01
-1.399932252176614966e+01
-1.390077245040827059e+01
-1.374583222121601267e+01
-1.357212672969609812e+01
-1.362616169061423221e+01
-1.358138606952751815e+01
-1.359447929407741285e+01
-1.346724623782009900e+01
-1.359208813512218050e+01
-1.375443589251456089e+01
-1.374157513887652371e+01
-1.393481400207823206e+01
-1.397226138455790334e+01
-1.408079466595716944e+01
-1.407302749121813790e+01
-1.394633785632990453e+01
-1.413855711167686025e+01
-1.424671975912364452e+01
-1.447875422518878530e+01
-1.448285255179413511e+01
-1.452426930802816862e+01
-1.474879759236630861e+01
-1.489698200153136654e+01
-1.473992502549701733e+01
-1.472741620243957428e+01
-1.480562688331733057e+01
-1.459499216131681898e+01
-1.480187888077149516e+01
-1.487605495931278909e+01
-1.478954927637235883e+01
-1.472879944107516259e+01
-1.486890080163739292e+01
-1.494131126899638140e+01
-1.498034273037995057e+01
-1.493376343603578427e+01
-1.499226545277152667e+01
-1.508327221415449593e+01
-1.507407704552200123e+01
-1.516999448696620334e+01
-1.509913369734501210e+01
-1.487383667913294261e+01
-1.480656299458219927e+01
-1.477498250848582551e+01
-1.462280470982662095e+01
-1.432614961293914924e+01
-1.455417782448813568e+01
-1.467972638575213651e+01
-1.452520115494617237e+01
-1.429214376943436804e+01
-1.430533016364535115e+01
-1.435068717621886769e+01
-1.429001137491514228e+01
-1.426622311885645011e+01
-1.429816626709877347e+01
-1.422499619828338169e+01
-1.429928470624470371e+01
-1.438798523784590344e+01
-1.435205704690028128e+01
-1.436841932957443646e+01
-1.440382808070869380e+01
-1.438759746055406019e+01
-1.431502549976882044e+01
-1.426924932092723886e+01
-1.435861361994454022e+01
-1.425767216595177977e+01
-1.429665802256036855e+01
-1.434664531197247683e+01
-1.436161251175349207e+01
-1.435521938422784416e+01
-1.431996781559139542e+01
-1.417548316261231456e+01
-1.416861186909909520e+01
-1.418173758523654016e+01
-1.449056344476492519e+01
-1.475790146274985659e+01
-1.474848913372059300e+01
-1.458004416371475465e+01
-1.446143648894225997e+01
-1.456007262907370858e+01
-1.468769905676176357e+01
-1.488558662900173779e+01
-1.469483474247342869e+01
-1.466033943261502692e+01
-1.461102137226423459e+01
-1.452512426946582202e+01
-1.455718092002955366e+01
-1.471171211790739797e+01
-1.482816306440575183e+01
-1.466023361053148300e+01
-1.456481453243327806e+01
-1.440472630456316239e+01
-1.438627183916202945e+01
-1.452909767527681417e+01
-1.443916653515581494e+01
-1.460794527136285659e+01
-1.480426327023425870e+01
-1.477023537820917909e+01
-1.476237566491531439e+01
-1.482968649967760122e+01
-1.482747739831084210e+01
-1.485273591770079982e+01
-1.490548097150572637e+01
-1.483481230378401072e+01
-1.479971730209297931e+01
-1.490605706830241495e+01
-1.479158410027049619e+01
-1.472354296754824787e+01
-1.467072255861876329e+01
-1.461255075816339399e+01
-1.449802269086999473e+01
-1.440174639551823610e+01
-1.431291027669166738e+01
-1.453372444333714064e+01
-1.457265454084514111e+01
-1.455839602035395153e+01
-1.453154642122317597e+01
-1.443392589378756163e+01
-1.442767423563136298e+01
-1.439709201994569732e+01
-1.443213565275944887e+01
-1.435219648066630072e+01
-1.436330713835176986e+01
-1.420080927245431646e+01
-1.415070831602411516e+01
-1.392844860871868917e+01
-1.388041240542529309e+01
-1.387757244458890327e+01
-1.386771385022371561e+01
-1.362969206710289782e+01
-1.354953646092519470e+01
-1.367311258629701243e+01
-1.368025346308883705e+01
