3.210554461072116506e-01
6.339319254132652626e-01
4.614962303883539674e-01
4.122385861237639615e-01
5.149473224194203169e-01
3.879508619639538414e-01
2.683125752480128856e-01
2.792166635301935318e-01
3.240497442616062651e-01
1.389919020719011244e-01
7.934249282001278047e-02
1.746324191153098282e-01
3.314661291835894197e-01
1.480647696301629068e-01
-1.007194158476885405e-02
-5.442048107334063883e-02
-1.943209218958385498e-01
-1.976830901329659773e-01
-6.426244657993203380e-02
-2.123823743820783261e-01
5.805288954590416550e-02
1.603582047043539682e-01
4.361147454232629228e-02
-1.053206865177071100e-01
-1.503153226204481663e-01
-3.772853119443093650e-01
-3.532250551497811974e-01
-2.498285676760353957e-01
-4.330251248035026368e-01
-6.288422921177144742e-01
-5.614901951228198351e-01
-7.149546447927530579e-01
-7.005589532407771047e-01
-8.285479073846025999e-01
-9.725586732069417817e-01
-1.070524992651817442e+00
-9.488643666190006432e-01
-7.864478354760056078e-01
-6.817071358119521918e-01
-5.838382889118299834e-01
-6.958998747413396302e-01
-7.685232428270399874e-01
-6.375192291109396114e-01
-7.145563026294291520e-01
-9.330688627165066862e-01
-1.018266223059143050e+00
-1.049089843985031800e+00
-1.214689643892774784e+00
-1.257329398125998088e+00
-1.303021606226471230e+00
-1.312586543494830060e+00
-1.490306249410306982e+00
-1.363040801212742403e+00
-1.300620181714286616e+00
-1.315648138183488136e+00
-1.147740723049047284e+00
-1.293554343719802935e+00
-1.393577466994190717e+00
-1.433403579377442227e+00
-1.525402998640820407e+00
-1.671239801095955491e+00
-1.660283418907959829e+00
-1.791445940884723198e+00
-1.766191269084733895e+00
-1.850688478178271312e+00
-1.734378364036671227e+00
-1.715981125003432473e+00
-1.730813361074448054e+00
-1.835238795872630835e+00
-1.790600545841913194e+00
-1.877385069872989032e+00
-1.843813263684295656e+00
-1.884582186647506319e+00
-1.821183186028817680e+00
-1.837608648642121922e+00
-1.835086789490938175e+00
-1.785544009248368091e+00
-1.784954842166179390e+00
-1.878188912845432101e+00
-1.957192982773547252e+00
-1.724005552740460523e+00
-1.570531796990389140e+00
-1.600283281613316788e+00
-1.458992944134274161e+00
-1.613900981459972739e+00
-1.639491681681259472e+00
-1.689354087173444263e+00
-1.725577437225955357e+00
-1.651343470491023258e+00
-1.702468658622788622e+00
-1.735194344226391072e+00
-1.807948766152978948e+00
-1.817944117624108458e+00
-1.899944850242441419e+00
-2.052318376633357477e+00
-2.032632974877885523e+00
-2.243133057986113066e+00
-2.368438647852179280e+00
-2.394390451625600047e+00
-2.473899645361777644e+00
-2.514482002885259249e+00
-2.480751912239437473e+00
-2.522663263938282885e+00
-2.483683309762232838e+00
-2.523628796342586522e+00
-2.571067570597012075e+00
-2.650138447159400279e+00
-2.697489969343088489e+00
-2.880559568117939229e+00
-2.734655565403054212e+00
-2.816564787223041488e+00
-2.816849142939274575e+00
-2.777172928990341294e+00
-2.678464856285195594e+00
-2.678273052096266760e+00
-2.807412601877985914e+00
-2.772569671370548328e+00
-2.594556561928655025e+00
-2.541321315385522084e+00
-2.656507655442696958e+00
-2.518857709692687852e+00
-2.598908548338238589e+00
-2.556294675098228719e+00
-2.555562573187370123e+00
-2.634053035114126029e+00
-2.677788756151193716e+00
-2.839905095392781575e+00
-2.905806404386487962e+00
-2.818611972704204049e+00
-2.739167646023320746e+00
-2.855552249160238532e+00
-2.851315927147310969e+00
-2.730450516750361878e+00
-2.788019002048912398e+00
-2.797944786952881291e+00
-2.774833862818321339e+00
-2.951953361054702185e+00
-2.954898130686712587e+00
-3.075161602479128842e+00
-2.940780754604567004e+00
-2.991018169066162802e+00
-3.062054162908187216e+00
-3.066263833925592763e+00
-2.993807736353042870e+00
-2.929219779909911558e+00
-2.775420324416060680e+00
-2.891135728917248571e+00
-2.966031683676546127e+00
-2.743308323158265338e+00
-2.791677797896811253e+00
-2.723464543114957337e+00
-2.698053967883448312e+00
-2.749746861416122901e+00
-2.606780093841622126e+00
-2.580015956062918558e+00
-2.569496477206855367e+00
-2.766633367689394163e+00
-2.810729571613638900e+00
-2.708786929376208796e+00
-2.580501671406499664e+00
-2.769844862833672039e+00
-2.768325527275229625e+00
-2.828070158650041854e+00
-2.803026491119773311e+00
-2.941747290314478125e+00
-2.861647582571047455e+00
-2.876103382602457792e+00
-2.762201710568385593e+00
-2.764530431866365934e+00
-2.778490373290900539e+00
-2.579378917319430364e+00
-2.568411670868711916e+00
-2.693428855115076015e+00
-2.562557400844713396e+00
-2.521728304445290725e+00
-2.563057286543138691e+00
-2.455265933996397809e+00
-2.556434153329818493e+00
-2.283102500669992541e+00
-2.247083380718394530e+00
-2.440733606823258572e+00
-2.358675526538201339e+00
-2.429295655152665212e+00
-2.369457287323983863e+00
-2.213943184424233213e+00
-2.202784984950641345e+00
-2.408266561322281785e+00
-2.137759738855047331e+00
-1.971250804394653944e+00
-2.157625770106982976e+00
-1.942369711718847647e+00
-1.905474421826860443e+00
-1.934445342765569897e+00
-1.822414173879940202e+00
-1.917365922873359274e+00
-1.974643033493143518e+00
-1.875352477813125196e+00
-1.685960027369746150e+00
-1.585857221715669452e+00
-1.816836966388234220e+00
-1.891713675448005727e+00
-1.803504325550092879e+00
-1.721671380329033552e+00
-1.806313429736754017e+00
-1.777089360401933771e+00
-1.765499003837588399e+00
-1.769397234054603585e+00
-1.920314321738278096e+00
-1.943406170935010779e+00
-1.916053463038256854e+00
-1.765331041917344246e+00
-1.799193035640678007e+00
-1.790211929028098892e+00
-1.823014706594708212e+00
-1.856834029806647246e+00
-1.974544056732357999e+00
-1.976152179071585691e+00
-2.028888085802539987e+00
-1.860489049742150902e+00
-1.508391869109876771e+00
-1.379618337148556861e+00
-1.359113425432064259e+00
-1.324966409984108084e+00
-1.207480027991703064e+00
-1.288650743683320998e+00
-1.252259404248956098e+00
-1.333293139598371368e+00
-1.330780962917565535e+00
-1.350637694204685824e+00
-1.567284588589208605e+00
-1.424991368567399164e+00
-1.403921918418843839e+00
-1.255134373998305186e+00
-1.294091862500556189e+00
-1.199330413366479053e+00
-1.168484144353082677e+00
-1.266080874350393071e+00
-1.431226505500285517e+00
-1.434675179391833089e+00
-1.465220553163850248e+00
-1.362833138317367743e+00
-1.431809514210137912e+00
-1.602388092313812518e+00
-1.595190188205047654e+00
-1.544476159844478058e+00
-1.606877941901446283e+00
-1.722235833518943382e+00
-1.504127565183209336e+00
-1.311076930463834334e+00
-1.342888272188948795e+00
-1.559937724043676033e+00
-1.719728591284531261e+00
-1.571526598578670386e+00
-1.506503835702093674e+00
-1.555906152571449930e+00
-1.245926701678960580e+00
-1.377981878875084387e+00
-1.245140072784930219e+00
-1.205842371209685071e+00
-1.187757326843573491e+00
-1.243480393287071273e+00
-1.214509821977046489e+00
-1.486570353732662664e+00
-1.545711194861746796e+00
-1.635202614374466235e+00
-1.568253509191746664e+00
-1.426933821364148924e+00
-1.303776732404398064e+00
-1.527876779633788873e+00
-1.687831395304478788e+00
-1.751894683624975579e+00
-1.670969353387649514e+00
-1.665528943533087558e+00
-1.650714458160165377e+00
-1.686895611438962161e+00
-1.666060747309281664e+00
-1.603982895734195058e+00
-1.615710084292833137e+00
-1.552373159426020832e+00
-1.650168659534395177e+00
-2.038552494736902254e+00
-2.228240444426618616e+00
-2.102964732521968028e+00
-1.988973966618271305e+00
-2.081257885955360099e+00
-2.319101959710370142e+00
-2.261988210994445136e+00
-2.462782375481248121e+00
-2.452861184978014641e+00
-2.369166275719078119e+00
-2.125176740514138185e+00
-2.175690498797439698e+00
-1.956818218866402503e+00
-2.000269316584587731e+00
-1.991394338242106876e+00
-2.044748586135604729e+00
-1.995353459514860095e+00
-1.934594098177043087e+00
-1.769151346388545543e+00
-1.690258470802298518e+00
-1.687365211553053745e+00
-1.663337194482095382e+00
-1.779167748328304377e+00
-1.806796625553606095e+00
-1.747460197859009856e+00
-1.726799729354094648e+00
-1.822870880733154841e+00
-1.962171836064062092e+00
-1.970565818813200698e+00
-1.872580806913390905e+00
-1.856467693922075002e+00
-2.121318336413315464e+00
-2.231130185424550216e+00
-2.178975782928811000e+00
-2.190422129394069550e+00
-2.103697739023924207e+00
-2.279149874966623024e+00
-2.315179987817982621e+00
-2.221658421168276387e+00
-2.360515314361368855e+00
-2.329471594900586862e+00
-2.333521515070976271e+00
-2.125084919798919447e+00
-1.876442240293818564e+00
-1.913652774410832924e+00
-2.021553186026334270e+00
-1.842880856643177800e+00
-2.067992586373405217e+00
-2.182875717979589680e+00
-2.126674499814662944e+00
-2.340388021216907255e+00
-2.469962922510305248e+00
-2.465889396731701044e+00
-2.332923631240175322e+00
-2.670418602799947028e+00
-2.728758159367758118e+00
-2.739067598981714813e+00
-2.683111563622600837e+00
-2.736490397942789254e+00
-2.959859057953931671e+00
-2.833719633116509762e+00
-2.756582237479435538e+00
-3.043068583040647646e+00
-3.095349690498038875e+00
-2.883324873711167857e+00
-2.846118189850234348e+00
-2.884638531470376854e+00
-2.798376629354015321e+00
-2.759565873733718533e+00
-2.852594412274775060e+00
-2.818472770666897720e+00
-2.659185700211131209e+00
-2.646091966802432527e+00
-2.589258416121574591e+00
-2.794821927172718823e+00
-2.758203590297118257e+00
-2.411391188471076585e+00
-2.104805261586397247e+00
-2.259118011248043345e+00
-2.238244214675153998e+00
-2.310266065948815672e+00
-2.205907235105536657e+00
-2.374863723575696639e+00
-2.314540110527705696e+00
-2.278169626915965917e+00
-2.323947215561348756e+00
-2.382079720927086530e+00
-2.777730881942865437e+00
-2.640349125040589495e+00
-2.404587481887375588e+00
-2.457113742625336883e+00
-2.617626434883396414e+00
-2.591242252298397553e+00
-2.605863185699754503e+00
-2.627220107843204477e+00
-2.735705555118670418e+00
-2.939475012147277244e+00
-2.966244162784077432e+00
-2.949697702806262534e+00
-2.907340458577910791e+00
-2.886995471772690447e+00
-2.856886449223246416e+00
-2.930806207503378502e+00
-3.038762478642427212e+00
-3.125009666231097771e+00
-2.828152488567972966e+00
-2.925615521878421887e+00
-2.889067072039231743e+00
-2.940923387817616419e+00
-2.914104409159214981e+00
-2.927123056896475006e+00
-2.819838311508066298e+00
-2.719786063051488068e+00
-2.771394566140733318e+00
-2.815198320947490895e+00
-2.838047775971061615e+00
-2.958055975624267475e+00
-3.059170463087884428e+00
-3.000093804953243737e+00
-2.760073657815948156e+00
-2.874799496367742790e+00
-2.740907789630619540e+00
-2.596022920515882237e+00
-2.680155340213604021e+00
-2.526310155938984003e+00
-2.540643006066629184e+00
-2.465393175608285414e+00
-2.119601020945550474e+00
-2.265705662859053504e+00
-2.166017811341650834e+00
-2.286289021085790463e+00
-2.362938290115253803e+00
-2.282431845605438880e+00
-2.303960012239638200e+00
-2.109735849199750657e+00
-2.160334629912193272e+00
-2.286773875056473226e+00
-2.543617948129503592e+00
-2.320552026464796747e+00
-2.540798406148548239e+00
-2.430877416228020671e+00
-2.448530198322337981e+00
-2.392918738118342770e+00
-2.409865389329474805e+00
-2.490365983009148465e+00
-2.428993986000071104e+00
-2.457954389634537939e+00
-2.245052490969290826e+00
-2.216179034602705489e+00
-2.341540578874779399e+00
-2.438516358051188604e+00
-2.379808225590592130e+00
-2.384882719700799569e+00
-2.344822435065558430e+00
-2.232293534265097357e+00
-2.214266537346746055e+00
-1.968662440876664199e+00
-1.860580660608452064e+00
-1.555856652509028493e+00
-1.691352834279477468e+00
-1.799538276914550039e+00
-2.145761217949285982e+00
-2.233869246660028285e+00
-2.256015880491291981e+00
-1.935384494619331708e+00
-1.918223247738770398e+00
-1.729228904003758061e+00
-1.639410660634625039e+00
-1.765833842806363352e+00
-1.854078470938422374e+00
-1.508036653209182454e+00
-1.637225857479136293e+00
-1.613025755634194702e+00
-1.411482862096793633e+00
-1.393280940919416677e+00
-1.415936185085438392e+00
-1.402085956921774290e+00
-1.304355598794554538e+00
-1.407161730776800290e+00
-1.464385199482176381e+00
-1.495688461370972000e+00
-1.243605039119547673e+00
-1.127064550051064762e+00
-1.103807957302486820e+00
-9.963432362637969497e-01
-9.626476968934944978e-01
-9.809576325590154688e-01
-1.039883860920761238e+00
-1.227301224633099652e+00
-1.273589188513869486e+00
-1.124804673411206046e+00
-1.040200746513508134e+00
-8.206774911001902817e-01
-6.357022766507963718e-01
-8.919725210023672357e-01
-1.037242265626907578e+00
-9.580976479868099638e-01
-1.092718843178217991e+00
-1.151466622475766144e+00
-1.104713636679942601e+00
-9.467951171388064857e-01
-9.467178639587577882e-01
-8.845018365737290500e-01
-1.169173753141368843e+00
-1.263973157416859561e+00
-1.152001771199295366e+00
-1.155910452401148536e+00
-1.209559981547156271e+00
-1.010262826869851249e+00
-1.080923100715329266e+00
-1.040955845214267983e+00
-1.167808297313209120e+00
-1.135876754592692883e+00
-1.065812464398232295e+00
-1.179491632716542115e+00
-1.381122905516934063e+00
-1.418839411857296229e+00
-1.394872414194775478e+00
-1.246666868751365786e+00
-1.480239105629505669e+00
-1.291325355969568101e+00
-1.387595861091206917e+00
-1.257235111145724948e+00
-9.881320958450222625e-01
-8.932159209521669530e-01
-9.081377990087552421e-01
-1.013030889297900750e+00
-1.074793474798660942e+00
-9.564018605476130030e-01
-7.500100911134285342e-01
-8.177541158820297307e-01
-7.390394798120994979e-01
-6.657386857558904580e-01
-5.940196754117229583e-01
-6.618883359940640476e-01
-7.094547446320849104e-01
-9.775268671963152078e-01
-8.319537561576287876e-01
-8.857297444888568849e-01
-8.233807670158750369e-01
-8.564026734481862135e-01
-8.784903054377172227e-01
-8.282881556290077052e-01
-7.126039382457070026e-01
-8.067288213883245795e-01
-9.037697705783968027e-01
-8.552721341006813693e-01
-8.010472138696052014e-01
-6.427884049867615968e-01
-6.621346979515442266e-01
-7.098650410831593982e-01
-4.057166246772194729e-01
-2.593514270235980912e-01
-1.090443432027037030e-01
-3.359331793218978124e-01
-2.160568235858496555e-01
-4.113398680241605598e-01
-5.015303515925274569e-01
-6.389555474786171585e-01
-1.034446490768076821e+00
-1.002357970512171237e+00
-1.110571667967552134e+00
-1.273024721429895756e+00
-1.140023750929791913e+00
-8.285994362387746337e-01
-6.094133515884827546e-01
-6.277036174987203898e-01
-3.946234036081788243e-01
-5.581184661375351297e-01
-5.994230223877479169e-01
-5.948387725682720006e-01
-6.890159768171060239e-01
-5.975522406756206273e-01
-4.284371937771445094e-01
-5.457188454589323445e-01
-4.476897364452570027e-01
-7.210366256061262469e-01
-6.286575854446715406e-01
-8.264659837128309761e-01
-8.065570552297850471e-01
-8.675517129473608868e-01
-9.066682293773311585e-01
-1.018029600429112280e+00
-1.097337178194361940e+00
-1.192815036538811713e+00
-1.338479368446452655e+00
-1.384430235888067129e+00
-1.185856545955169539e+00
-1.174897357082491434e+00
-1.094458296712620626e+00
-1.009486296501964198e+00
-1.086040684649227428e+00
-1.035051054428402173e+00
-9.312468387732677488e-01
-9.707966167946473490e-01
-1.132756555332901316e+00
-1.225112005381574276e+00
-1.071627326833449745e+00
-1.297732255143526858e+00
-1.109933056644145655e+00
-1.077997250588575318e+00
-1.024766549638742141e+00
-1.073277476744276093e+00
-1.182856485062361962e+00
-1.340966301144036477e+00
-1.350998978119488214e+00
-1.359964127060762307e+00
-1.375071365197256812e+00
-1.422847531209684435e+00
-1.285697882445602458e+00
-1.287768543030316515e+00
-1.343124090370075630e+00
-1.367086405425737450e+00
-1.324757948405837382e+00
-1.201342144771209375e+00
-1.288529348486613824e+00
-1.201185503873555938e+00
-1.164789523350491685e+00
-1.129757435843686375e+00
-1.401952880739826046e+00
-1.565499524269964526e+00
-1.461195138558012419e+00
-1.576159311718217992e+00
-1.709521508927139166e+00
-1.801895743703132213e+00
-1.689509427796408447e+00
-1.905307600171219473e+00
-1.977817570631211330e+00
-1.938697768130313470e+00
-1.970150599963623961e+00
-1.833326489949976157e+00
-1.855250429304730497e+00
-1.759382055694513669e+00
-1.781634902949703836e+00
-1.831671391377057478e+00
-1.845777527502110216e+00
-1.748374532469449294e+00
-1.805561673084900898e+00
-1.847097256065586945e+00
-1.799400545845720067e+00
-1.776718051506881668e+00
-1.801223595537978062e+00
-1.762168802009369095e+00
-1.531278316224755409e+00
-1.632068625353809699e+00
-1.641358753993022779e+00
-1.531766664213866314e+00
-1.550251680647932506e+00
-1.657082678212855598e+00
-1.888999676028361829e+00
-1.916907413495231971e+00
-1.917299963779891092e+00
-1.924174048917104640e+00
-2.274084219388095907e+00
-2.445799298486589279e+00
-2.456396284951593678e+00
-2.319564357160662560e+00
-2.540307888332830277e+00
-2.596764849496369987e+00
-2.624045610637145032e+00
-2.607138063693512642e+00
-2.591096599341664586e+00
-2.646838598692076605e+00
-2.643009594011546781e+00
-2.405126072282410821e+00
-2.239658630016837737e+00
-2.093978942264113741e+00
-2.036733056463411629e+00
-2.092917565349151854e+00
-2.112103516687688032e+00
-2.187281624404146196e+00
-2.121677237386169868e+00
-2.145037053829979001e+00
-2.147658911843161267e+00
-2.143703938749405680e+00
-2.349588955494389175e+00
-2.201268674125290037e+00
-2.291984574278208786e+00
-1.914984984759144027e+00
-1.828305189301603129e+00
-1.863805306983910004e+00
-2.043750337981218745e+00
-1.886376304142520333e+00
-1.719606348471677482e+00
-1.774199308403118902e+00
-1.717718070531468744e+00
-1.683769469219098092e+00
-1.670444349407296025e+00
-1.582104560717369601e+00
-1.860072243311605256e+00
-1.920772791171175164e+00
-1.881197094492507382e+00
-1.896337523904850553e+00
-2.021388696538237717e+00
-2.039460598849192952e+00
-1.946640979778482272e+00
-1.728563921859882724e+00
-1.793689794501569290e+00
-1.850275952174267324e+00
-1.808462822869759234e+00
-1.859324293494343472e+00
-1.905835893942440462e+00
-1.984924187308007903e+00
-2.168000565698377180e+00
-2.257498300273364844e+00
-2.220188457801632431e+00
-2.259179720634991728e+00
-2.122671173281652557e+00
-2.092150369854836711e+00
-2.044561374925642383e+00
-1.835248569726496859e+00
-1.798951243760357421e+00
-1.968727264805431920e+00
-2.030314350769277798e+00
-1.947987732464224742e+00
-1.963778655845035637e+00
-2.048593414583690375e+00
-1.813208740973077493e+00
-1.829656465204602789e+00
-1.778610303591401598e+00
-1.838141712272898909e+00
-1.906962433577068516e+00
-2.010811014349747516e+00
-1.987646106928330880e+00
-2.023055431248911074e+00
-2.139516239384506413e+00
-2.003624075059130760e+00
-2.175056992242285769e+00
-2.351472554867714226e+00
-2.357942012453985381e+00
-2.139363248149814822e+00
-2.155952544036078944e+00
-2.339726614180209552e+00
-2.345996980256130904e+00
-2.086722584745274389e+00
-2.123819869495966017e+00
-2.398634894010854168e+00
-2.274597861856749947e+00
-2.407054512757282883e+00
-2.429773648358426907e+00
-2.414056357629017935e+00
-2.175304891234607130e+00
-1.920507574483190760e+00
-2.095416646274957717e+00
-2.222346068392049290e+00
-1.852119855703024731e+00
-1.808649618155716343e+00
-1.811262666968746382e+00
-1.946095596438319753e+00
-1.940563122635063698e+00
-2.048481509183403659e+00
-2.058059726855475446e+00
-2.086494766684490187e+00
-2.174195492631517901e+00
-2.263132385090364185e+00
-2.229036263225919523e+00
-2.501422445586785059e+00
-2.434329971739753962e+00
-2.139386986448414518e+00
-1.995316667720183235e+00
-2.113687207958597991e+00
-2.038833151651212816e+00
-1.933541479165197918e+00
-1.800038203457875907e+00
-1.793395429188077816e+00
-1.987613439238935076e+00
-1.943502424368803494e+00
-1.965595601526178182e+00
-2.061034266395379344e+00
-2.054669938942782270e+00
-1.924542746167220875e+00
-1.732207061395674152e+00
-1.787394518313060399e+00
-1.708674080063863121e+00
-1.542901473474032059e+00
-1.498699905644583108e+00
-1.711720911294849712e+00
-1.782933587760441752e+00
-1.712923610259172280e+00
-1.725804064199466525e+00
-1.952393419142872233e+00
-1.766981535243614010e+00
-1.977517608617339384e+00
-2.049682117668052861e+00
-1.975123425801597499e+00
-1.994436443049781627e+00
-1.808521907642304027e+00
-1.552271060302635730e+00
-1.376461864848722350e+00
-1.548654830122325965e+00
-1.593256474410497781e+00
-1.800612734500162126e+00
-1.902256493779729718e+00
-1.905775490116035087e+00
-1.929560619020161294e+00
-1.950320943920992534e+00
-1.783379130545061475e+00
-1.539833547228179000e+00
-1.531188674916330372e+00
-1.588265001685409183e+00
-1.391354523640085494e+00
-1.484059858627068573e+00
-1.387903173829825088e+00
-1.453147265622905415e+00
-1.525617976363720096e+00
-1.684929671100801274e+00
-1.717115168050188156e+00
-1.741368683061312872e+00
-1.539747418374005861e+00
-1.733469004681483572e+00
-1.878003172901624662e+00
-1.895060011859673654e+00
-2.044710700276913595e+00
-2.258772721985525145e+00
-2.311349293897996038e+00
-2.314861073938976777e+00
-2.343446188678500963e+00
-2.309080022732390880e+00
-2.107560136176626298e+00
-2.160420008136130221e+00
-1.954719804746154033e+00
-2.101956533248058978e+00
-2.137806229583230522e+00
-2.089618624646787381e+00
-2.087732348017073303e+00
-1.969686672602043664e+00
-2.316344455256694523e+00
-2.136985814664383199e+00
-2.448152622095546960e+00
-2.325846453096901634e+00
-2.192028105493273316e+00
-2.041362014487361431e+00
-2.092478604313812607e+00
-2.260067863657452936e+00
-2.207056459498176082e+00
-1.939244625423652169e+00
-1.815887771604581813e+00
-1.841849749610238840e+00
-1.914873816654583116e+00
-1.965712471554671881e+00
-2.130267154767754523e+00
-2.079804727856270574e+00
-2.022260255013037522e+00
-2.213582612102621638e+00
-2.386507106874038886e+00
-2.585765077860931793e+00
-2.592236116091067188e+00
-2.680856605820649108e+00
-2.613734996839507385e+00
-2.717353719379725252e+00
-2.906263897809724828e+00
-2.906764380762305144e+00
-2.824250445777155338e+00
-2.781890296568393595e+00
-2.786751974799485332e+00
-3.023279076271927934e+00
-2.885319511439685236e+00
-2.716772077421274467e+00
-2.682564720195076191e+00
-2.613229542061661359e+00
-2.602120871101733179e+00
-2.631771769339223965e+00
-2.698120386179987840e+00
-2.677055117382788563e+00
-2.808222228080053284e+00
-3.027958621502246483e+00
-3.058051848760885871e+00
-3.098677969808925958e+00
-2.924800281408811209e+00
-2.840714952311647501e+00
-2.814583177747268738e+00
-3.149934022963920999e+00
-3.296566106714131195e+00
-3.209565566211589616e+00
-3.212153244463791246e+00
-3.384364124956366293e+00
-3.274415496714768281e+00
-3.109768170947540433e+00
-3.004663018169897892e+00
-3.003109516905608345e+00
-2.801024801706747613e+00
-2.704407635084792538e+00
-2.560111151041665423e+00
-2.352238712756607786e+00
-2.498416084417669047e+00
-2.435628653003770960e+00
-2.255158354117146491e+00
-2.258699343020303729e+00
-2.301126007985744515e+00
-2.697367638126579870e+00
-2.893735667084264662e+00
-3.121638216613675354e+00
-3.136813376830466460e+00
-3.183103591345944228e+00
-3.026599123177192929e+00
-3.145244960701835790e+00
-2.802963292069902135e+00
-2.532806838567797758e+00
-2.310413727151237939e+00
-2.207488052878991525e+00
-2.221239435577367693e+00
-2.398603085750945940e+00
-2.398065730196827339e+00
-2.458331255271978044e+00
-2.430009601067891989e+00
-2.417467792237196544e+00
-2.506699307292715062e+00
-2.289417273387326812e+00
-2.424691138469063922e+00
-2.386464490954310236e+00
-2.263654508954998867e+00
-2.192614879737800226e+00
-2.229040719547523697e+00
-2.122478109387086143e+00
-1.927254689323813164e+00
-1.985698276789684691e+00
-1.964632497043526937e+00
-2.064415465581428411e+00
-2.102303023231309798e+00
-1.927656772535547569e+00
-1.825058204694560704e+00
-1.776484018169795176e+00
-1.695702578906192581e+00
-1.634429564054689754e+00
-1.628934351746101905e+00
-1.581935908502051680e+00
-1.677301248406383616e+00
-1.779387634817433783e+00
-1.570010018469853996e+00
-1.592385546396170692e+00
-1.722657653298076630e+00
-1.908585519899564265e+00
-1.972134642996519860e+00
-1.909932616415257911e+00
-1.946044582207266282e+00
-1.965188030177205558e+00
-2.138830000158704614e+00
-2.055499615097472255e+00
-1.960576717424380888e+00
-2.012981026229522019e+00
-1.912474608147370692e+00
-2.280790331823583372e+00
-2.218046766315588059e+00
-2.029216019607611443e+00
-1.894390606258364640e+00
-1.701338624732194438e+00
-1.684945965458663153e+00
-1.918517696677660922e+00
-1.525198082473102401e+00
-1.439211652756736681e+00
-1.665168539025339678e+00
-1.748956766720829448e+00
-1.800707056460413069e+00
-1.821910345481333460e+00
-1.903014411489271085e+00
-1.789031090695597737e+00
-1.660767911252560625e+00
-1.928472914445239494e+00
-1.989632467679920635e+00
-2.220901442920253377e+00
-2.276559989420416041e+00
-2.156394899493346617e+00
-1.899108913411820199e+00
-2.043248617658446786e+00
-2.036069113314671331e+00
-2.068568833479320634e+00
-1.887593942208935838e+00
-1.673422817968284404e+00
-1.624930398932545428e+00
-1.690061853462190955e+00
-1.872564238250015611e+00
-2.008581127583975334e+00
-1.792727123495883035e+00
-1.786409033752470954e+00
-1.474528252582589793e+00
-1.552593960612451696e+00
-1.540118890944639496e+00
-1.421780727517456544e+00
-1.365578603557951132e+00
-1.589281808355688108e+00
-1.668006379800262673e+00
-1.570024869999650630e+00
-1.500628985472671761e+00
-1.693152814082592661e+00
-1.751696842880617888e+00
-1.674796201860501155e+00
-1.493672442884415474e+00
-1.260824071597184126e+00
-1.005102595907587215e+00
-9.256653844208074799e-01
-1.100569938546093862e+00
-1.176785302478488227e+00
-1.374886149658385071e+00
-1.369088473104605130e+00
-1.394500206515820961e+00
-1.459397402219756223e+00
-1.333244651724762253e+00
-1.369819466934332652e+00
-1.317764953591128441e+00
-1.318453705637633089e+00
-1.404866817723885664e+00
-1.663823751197413880e+00
-1.691779453948149659e+00
-1.658929238985593857e+00
-1.873013180061090965e+00
-1.903821429454648051e+00
-2.018809544183937099e+00
-2.207651847370980747e+00
-2.109289525346333072e+00
-2.399832151125068869e+00
-2.544156136279275948e+00
-2.410873124773322829e+00
-2.326776845034914665e+00
-2.296122737512916512e+00
-2.301842521492055926e+00
-2.419264430914947361e+00
-2.419588281785406192e+00
-2.092705521850894534e+00
-1.823497769805970448e+00
-1.707073756232349693e+00
-1.827875727349716595e+00
-1.787652163728603805e+00
-1.783880617148695391e+00
-1.947227867696691872e+00
-2.106709221588083381e+00
-2.082587060745001217e+00
-1.928386752074467303e+00
-1.902915777789947471e+00
-1.755926162659259937e+00
-1.859228773212453056e+00
-2.206081309826606329e+00
-2.210088789246439589e+00
-2.222020040420375153e+00
-2.111907620113330442e+00
-2.023684740633904688e+00
-1.699851237387628222e+00
-1.914028165319438424e+00
-1.847696574586479956e+00
-1.930085643146721708e+00
-2.040636191948513201e+00
-2.190424788836838221e+00
-2.381527466717260566e+00
-2.319564558907321938e+00
-2.404038060071719052e+00
-2.343204615063347873e+00
-2.419186029732044219e+00
-2.581615337003027033e+00
-2.564313462309367520e+00
-2.663793113826623316e+00
-2.492946788889808474e+00
-2.589252855306424461e+00
-2.674303567900237155e+00
-2.733989478008838958e+00
-2.551715264100139713e+00
-2.510403300054397935e+00
-2.480275192951475915e+00
-2.615824307549582617e+00
-2.602278335964461675e+00
-2.400364021968895756e+00
-2.501451569654392415e+00
-2.321182836728387322e+00
-2.298671422629574579e+00
-2.270975578006806828e+00
-2.341451202557965683e+00
-2.441695262979587611e+00
-2.489149956004624187e+00
-2.412061218038674681e+00
-2.432667000589635808e+00
-2.296800968741374849e+00
-2.395762403143950170e+00
-2.481565348166577145e+00
-2.655845757212953018e+00
-2.939614249641542276e+00
-2.902416552562323560e+00
-3.079443168381411411e+00
-3.135939573834908511e+00
-3.083602758235683083e+00
-3.172369030216726671e+00
-2.947987675710225020e+00
-2.824327318920074603e+00
-2.947950998154434288e+00
-3.087139777632971427e+00
-3.285456962131328318e+00
-3.363817422910105215e+00
-3.313565456210452620e+00
-3.506198093604017796e+00
-3.686308830095677003e+00
-3.555222886674641369e+00
-3.301289861131901038e+00
-3.117776234295022597e+00
-2.996127830484072607e+00
-3.041435134044481625e+00
-3.062276347415836764e+00
-2.980376789104998370e+00
-2.971590926400900834e+00
-2.918642294123617642e+00
-2.845422525795138213e+00
-2.704208485579325139e+00
-2.439322454282299546e+00
-2.608459711752709964e+00
-2.635081010321711048e+00
-2.475537750443220109e+00
-2.662687329725631713e+00
-2.880048143523705750e+00
-2.879348529585731065e+00
-2.636938628421561681e+00
-2.570317340393321270e+00
-2.659367899576947636e+00
-2.408479577261500637e+00
-2.377049289996625792e+00
-2.536252551466334104e+00
-2.587509223771864431e+00
-2.671996365741232449e+00
-2.679544692982000598e+00
-2.719401158200826174e+00
-2.759745465954051458e+00
-2.375096071248108842e+00
-2.418881838165581222e+00
-2.540408622272503081e+00
-2.570386403610281700e+00
-2.519317842457535761e+00
-2.706032843452370606e+00
-2.526408733116849437e+00
-2.423532614669822394e+00
-2.342729785110817531e+00
-2.563726766116155353e+00
-2.652426822782580462e+00
-2.789678125534063025e+00
-2.657817362808081008e+00
-2.441168747440800146e+00
-2.590911486042213330e+00
-2.416123518284976512e+00
-2.372776331628691171e+00
-2.360960309239534372e+00
-2.344817692393741382e+00
-2.338867353629404455e+00
-2.283667632930685087e+00
-2.303956953665585949e+00
-2.230346657638046626e+00
-2.205694941865250502e+00
-2.133493394189614811e+00
-1.984827635600543205e+00
-2.086353189571143130e+00
-2.304899158581754648e+00
-2.266463986538670206e+00
-1.989317706461477986e+00
-2.085008892806927250e+00
-2.319922335618324727e+00
-2.286534212600694005e+00
-2.284790818176140270e+00
-2.324659613175240835e+00
-2.041799188323662140e+00
-1.792881935347127031e+00
-1.798387362104744813e+00
-1.721859094245784982e+00
-1.829434545532807155e+00
-2.013407109733359235e+00
-2.077820022656022836e+00
-2.258587730732651622e+00
-2.274580471651790337e+00
-2.215574705312168380e+00
-1.907244920991021386e+00
-1.879995811627169777e+00
-2.086320296942513419e+00
-1.978929965200573626e+00
-1.937512854752494906e+00
-2.220319662312377318e+00
-2.243495856558108681e+00
-2.159310767580493895e+00
-2.289362904444231184e+00
-2.325260997740012936e+00
-2.562264313328317833e+00
-2.396134256786213168e+00
-2.478893222139334718e+00
-2.376207582710182731e+00
-2.352606846549306852e+00
-2.529705544199345901e+00
-2.674985178449629686e+00
-2.947930687491868262e+00
-2.963264352819924508e+00
-2.889361465613407898e+00
-2.983730740099717949e+00
-3.187815925621500845e+00
-3.423811026739503660e+00
-3.545116577488139242e+00
-3.351033862317240430e+00
-3.148955399540005029e+00
-2.894719517955714139e+00
-2.909455708830612330e+00
-3.045394938693379405e+00
-2.812156374240580625e+00
-2.873633341521431017e+00
-2.767226817062220956e+00
-2.746482193479574896e+00
-2.832711380528222911e+00
-2.853412335631644314e+00
-2.715723544513908294e+00
-2.601748423536231147e+00
-2.580171673759027229e+00
-2.421351766825577290e+00
-2.493265313496956459e+00
-2.476050170496891134e+00
-2.482624573667798096e+00
-2.242762945400557761e+00
-2.002837710725402509e+00
-2.200244389229392805e+00
-2.132233032141090057e+00
-2.212242612932816765e+00
-2.186044996286852449e+00
-2.346659526331075440e+00
-2.425043668480337811e+00
-2.496336871995564533e+00
-2.565404054659133681e+00
-2.929535668267206905e+00
-3.435568137032028346e+00
-3.709497202120324744e+00
-4.016167333582732368e+00
-4.069644614993524812e+00
-3.899286655200465024e+00
-4.138120531667131452e+00
-4.028335631877295597e+00
-4.094835159896310195e+00
-4.035165140373605297e+00
-4.033352579610433253e+00
-4.181220803159122923e+00
-4.209536705273854373e+00
-4.220091327951311477e+00
-4.234601805713144707e+00
-4.148122151083634357e+00
-4.069373140295852842e+00
-4.157994503054632141e+00
-3.904947520393894589e+00
-3.795813424658299517e+00
-3.560749972016880704e+00
-3.670443103440736987e+00
-3.781978760423741370e+00
-3.466051576727144035e+00
-3.389995111566598940e+00
-3.294622218159380722e+00
-3.405774462425440241e+00
-3.569347791148227866e+00
-3.365781706760986758e+00
-3.327869941844809443e+00
-3.597597020814006008e+00
-3.623080491536947001e+00
-3.604285667909625790e+00
-3.475961344943294229e+00
-3.202749385294868745e+00
-3.051500170468306905e+00
-3.103359791306480098e+00
-2.968808203422647729e+00
-3.097100687363850913e+00
-3.127285567086628859e+00
-2.974879249420584681e+00
-2.994587579307212089e+00
-3.025639758352964392e+00
-2.761256463003884942e+00
-3.008987435075340500e+00
-3.037990849807346905e+00
-2.890282205138936078e+00
-2.816010088060068917e+00
-2.888608068636479231e+00
-2.798372323532603900e+00
-2.799310240437606900e+00
-2.637761413159315893e+00
-2.534198956870906905e+00
-2.376777934983613783e+00
-2.443406819495610005e+00
-2.497307077815276610e+00
-2.562388251845075349e+00
-2.553184326791122505e+00
-2.535337956023508088e+00
-2.513165908930843351e+00
-2.648774905524672985e+00
-2.483314451421559266e+00
-2.422673118609759868e+00
-2.437865400403625760e+00
-2.704556695124296084e+00
-2.761623614429807638e+00
-2.881865506745935779e+00
-3.080509223069362701e+00
-3.113307446394435019e+00
-3.161477237386717043e+00
-3.362700553856414309e+00
-3.258782727222095943e+00
-2.980130921515095288e+00
-2.920374706531807529e+00
-3.103158766924753120e+00
-3.238986080219310892e+00
-3.329467724126841333e+00
-3.232860621694754855e+00
-3.252334210656503632e+00
-3.260213167550315649e+00
-3.295299268473402154e+00
-3.085964413624642244e+00
-3.096768918947872873e+00
-3.269679316953892023e+00
-3.160340378341322420e+00
-3.100938127164611480e+00
-3.358459850304018612e+00
-3.383765389451101058e+00
-3.200027848047307444e+00
-2.797075866898902419e+00
-2.864863615534380514e+00
-3.055660612756252004e+00
-3.078643788732625453e+00
-3.015643850309892571e+00
-2.800782404654872604e+00
-2.950917698274277967e+00
-2.795489982761060865e+00
-2.733446372647671208e+00
-2.782204023725495468e+00
-2.753030607667078300e+00
-2.695103995777932582e+00
-2.428980773151009132e+00
-2.240954542879930678e+00
-2.199736972685385261e+00
-2.310340122591022727e+00
-2.173885642473997848e+00
-2.094594252973971837e+00
-2.072187652953131121e+00
-2.096272913235539992e+00
-2.066928289130180119e+00
-2.140455597926934406e+00
-2.210245666342906201e+00
-2.244427507073285977e+00
-2.156017779949531477e+00
-2.309206468800050871e+00
-2.387622897962354163e+00
-2.438258209882343763e+00
-2.421070242747833223e+00
-2.189826917391441086e+00
-1.976960665926989824e+00
-1.964197564637517379e+00
-1.943162491094748701e+00
-2.120764378248634952e+00
-1.996747762014861260e+00
-2.023020436083525109e+00
-1.832371094650467436e+00
-1.700154997288047420e+00
-1.463277428711992290e+00
-1.411785801324690670e+00
-1.527947012336320798e+00
-1.907684632674049530e+00
-2.036553163767346408e+00
-2.059756558956324923e+00
-2.115321836942554157e+00
-2.125089916824792979e+00
-2.248201091901908644e+00
-2.189084543401428995e+00
-2.170114355460993849e+00
-2.047535387952510444e+00
-1.969395234146293028e+00
-2.164306294267825947e+00
-2.230880204064933814e+00
-2.244708220646052244e+00
-1.943179378501371124e+00
-1.845615356688596886e+00
-1.801948507760659179e+00
-1.798031533590380482e+00
-1.851643351086268430e+00
-2.008458069964996984e+00
-2.037512713258787134e+00
-2.145016237728962327e+00
-2.203787971449160388e+00
-2.165758866286093376e+00
-2.148730998340533827e+00
-2.384310054906222831e+00
-2.344804737418049623e+00
-2.217312635457795000e+00
-2.209854443554966963e+00
-2.425077959750165046e+00
-2.388975243774561719e+00
-2.283966027775649721e+00
-2.130615020729032416e+00
-2.195752113784838588e+00
-2.246836449059948837e+00
-2.313593651663303774e+00
-2.467415156877263982e+00
-2.393247301163751839e+00
-2.339485034742820879e+00
-2.247186583506659119e+00
-2.091599597288834822e+00
-1.880694768428936792e+00
-1.928984865336358157e+00
-1.984138604753861168e+00
-2.050504428444286820e+00
-2.147375431027043646e+00
-2.104443064091102489e+00
-2.314908276263056841e+00
-2.164697167483144558e+00
-2.147136074261625893e+00
-2.100167227916891477e+00
-2.007894713838575651e+00
-2.086604032574375989e+00
-2.240658946139653107e+00
-2.304757872078733616e+00
-2.131019812968559801e+00
-1.947818426880265408e+00
-1.993388634126079806e+00
-2.136240804807757243e+00
-2.311895351167689849e+00
-2.070614914987151778e+00
-2.149903346970270412e+00
-2.366842305716981620e+00
-2.475667994474195499e+00
-2.596498819618088927e+00
-2.835722237218655017e+00
-2.926821960529927047e+00
-3.013365265622941269e+00
-3.024677525961465108e+00
-3.339462255275980951e+00
-3.511177628534972950e+00
-3.608275523165355381e+00
-3.554500344003145074e+00
-3.693684440468839814e+00
-3.743525416738562761e+00
-3.620886836659371166e+00
-3.730318334256780943e+00
-3.628305058414544870e+00
-3.472865593060516787e+00
-3.595882561141828582e+00
-3.762788068869240554e+00
-3.598956932669941544e+00
-3.356939834386056365e+00
-3.336299163896659703e+00
-3.810872745496938663e+00
-4.077863441263423816e+00
-4.294900605051584108e+00
-4.428368736284807206e+00
-4.610305766121462590e+00
-4.778015714911210132e+00
-4.896347882836632692e+00
-5.085915173968667879e+00
-5.018473398648822581e+00
-4.962413703240837748e+00
-4.892877489085017295e+00
-4.615238223034783260e+00
-4.634265881117176633e+00
-4.508287520120851433e+00
-4.461021271010031874e+00
-4.439041211230697392e+00
-4.825797830007425127e+00
-4.805550629102437910e+00
-4.806899371668368559e+00
-4.806527245655939140e+00
-4.634308479383625112e+00
-4.627058700849285167e+00
-4.544794876531542016e+00
-4.663200716554785075e+00
-4.712504995318353984e+00
-4.586671609322248599e+00
-4.649018040628962289e+00
-4.544975629204464518e+00
-4.629146425713515534e+00
-4.578034490829968384e+00
-4.437502241654939006e+00
-4.561605140226969723e+00
-4.600891224932913026e+00
-4.555164736746517562e+00
-4.490251415572183546e+00
-4.685121161468629225e+00
-4.474024486356931618e+00
-4.374602513262275671e+00
-4.523403281414841715e+00
-4.542236831571168310e+00
-4.561169605400321458e+00
-4.639120001988150221e+00
-4.562409257609457924e+00
-4.394633609619138959e+00
-4.554257342890497107e+00
-4.303850600283672279e+00
-4.239723881519160464e+00
-4.126969884521868082e+00
-4.109008892675871216e+00
-4.251616921802699345e+00
-3.955487403084410936e+00
-4.211888748051280551e+00
-4.300424793574416427e+00
-4.166310026638035957e+00
-3.908437597159160948e+00
-3.802884651277067540e+00
-3.628279721642902800e+00
-3.626587551455151548e+00
-3.834268950060442549e+00
-3.656989829556368310e+00
-3.244681694417880458e+00
-2.950630428290581087e+00
-2.743771829275098995e+00
-2.935833697179750068e+00
-3.195971880631670814e+00
-3.419925141346155328e+00
-3.310983389998741089e+00
-3.389810458988402164e+00
-3.564569048228563908e+00
-3.328940966784885269e+00
-3.411274651264675661e+00
-3.459887613098628911e+00
-3.431075288553552483e+00
-3.435565403787952388e+00
-3.585149617996202132e+00
-3.736187142417656482e+00
-3.451590421582525270e+00
-3.169014459562980779e+00
-3.056742099227302223e+00
-2.927492713750669218e+00
-2.736333813537852322e+00
-2.723557612144082540e+00
-2.892780671679475279e+00
-3.285584904478299428e+00
-3.367106504178208226e+00
-3.286895138633827873e+00
-3.431902850809738670e+00
-3.330742849462529964e+00
-3.410113195715709811e+00
-3.559371682781948820e+00
-3.661687753446385862e+00
-3.599146535759091936e+00
-3.506867075235163611e+00
-3.430747104648482093e+00
-3.308730948731669841e+00
-3.141941646944680144e+00
-3.178984969622935974e+00
-3.017336554035047858e+00
-3.104528376664996259e+00
-3.033459216773512157e+00
-3.122256707098893358e+00
-3.068427971531125120e+00
-3.006394711311446866e+00
-3.097529510089620963e+00
-3.077168164261022909e+00
-3.038133546974586707e+00
-3.053274642415350737e+00
-3.219347026364575370e+00
-3.191916229335089561e+00
-3.180829063755906461e+00
-3.078646631539452727e+00
-2.983182384573593637e+00
-2.981632257456519941e+00
-3.094762241894549515e+00
-3.118298894209805994e+00
-3.198314765948364613e+00
-3.230519135639929207e+00
-3.303029887423241995e+00
-3.451147374343765950e+00
-3.284824129774620793e+00
-3.033316571756396129e+00
-3.113491721987442951e+00
-3.191930672446059436e+00
-3.127141658603428631e+00
-3.067969355782214524e+00
-3.153509071748258563e+00
-3.461753698325944484e+00
-3.648513606287079103e+00
-3.583653025734870656e+00
-3.355119700821763029e+00
-3.273517512300797350e+00
-3.219033860532139801e+00
-3.261469759576862693e+00
-3.041919585775882506e+00
-2.963709835711179963e+00
-2.827111553887883932e+00
-2.731609215104588984e+00
-2.639379617324676630e+00
-2.493296477380299692e+00
-2.711967118054565695e+00
-2.778709796350883998e+00
-2.652393691283492672e+00
-2.527959509586134246e+00
-2.520434342365014846e+00
-2.412805366165785337e+00
-2.507923776091778301e+00
-2.493117712940904340e+00
-2.748517983374710649e+00
-2.776101251949652848e+00
-2.898256585441639999e+00
-3.043015914826137092e+00
-3.041652931415543382e+00
-3.117723583338159798e+00
-3.174151127344398748e+00
-2.921537414710508429e+00
-2.816677769379776652e+00
-3.011923437507381340e+00
-3.200857979731918768e+00
-3.172756306063618581e+00
-3.046881756752088943e+00
-3.137138767677909890e+00
-2.784002758656641596e+00
-2.671959308850484494e+00
-2.421725249756959464e+00
-2.277876958630285387e+00
-2.283297861538191142e+00
-2.057051703684281474e+00
-1.957082470323822765e+00
-2.156288549315394487e+00
-2.210895111846697958e+00
-2.093460909826400318e+00
-2.115118228139918788e+00
-2.192615235102837179e+00
-2.098436347269764468e+00
-2.058710325194464286e+00
-2.094004817111893679e+00
-2.017290534594291529e+00
-2.018225403275998975e+00
-1.979260130125598760e+00
-1.901680715924846776e+00
-1.750567780595957856e+00
-1.879516366780652259e+00
-2.039752771362542738e+00
-2.208132409387726813e+00
-2.151435147172147122e+00
-2.065369162123977809e+00
-2.221848975703815121e+00
-1.930226716343602655e+00
-1.925761210771481879e+00
-2.041221035465798028e+00
-2.343463347515485129e+00
-2.166791845414973938e+00
-2.260212011566242740e+00
-2.414549514615609294e+00
-2.579714416851022651e+00
-2.615721084505491234e+00
-2.819170354197699790e+00
-2.980290581215065515e+00
-3.047121689879955131e+00
-2.986162481620404208e+00
-2.747898093946113285e+00
-2.898865972091122956e+00
-2.832701013536804258e+00
-2.803612231073606686e+00
-3.000989920995499105e+00
-2.995924296747923599e+00
-2.884760482507619628e+00
-2.891553748030019300e+00
-2.701436357008519806e+00
-2.605795985676948590e+00
-2.634554403926328447e+00
-2.638604989175928672e+00
-2.655886200693724053e+00
-2.829205143141951151e+00
-2.910149346929973735e+00
-3.124822709049275282e+00
-3.132010924060695256e+00
-3.050662729050015454e+00
-3.089009372747042459e+00
-3.307570800966203706e+00
-3.318866114595005357e+00
-3.130272555016444525e+00
-3.180030499311948589e+00
-3.001602001160626365e+00
-2.851554354945200487e+00
-2.901760185129173664e+00
-3.096517903060636900e+00
-3.154040600789732807e+00
-3.072242225087810752e+00
-3.153427511782662673e+00
-2.941781740448533355e+00
-3.212396820308770273e+00
-3.405933725998174566e+00
-3.419917766943205706e+00
-3.418847752623962677e+00
-3.397169357580325233e+00
-3.595974779834726576e+00
-3.859412064056371605e+00
-4.042514639955161471e+00
-4.152047823223709244e+00
-4.176235608262899746e+00
-4.045610479805972659e+00
-4.071590770698080064e+00
-4.114110345481547526e+00
-4.283557471225901025e+00
-4.112603406184551780e+00
-4.150669074779271384e+00
-4.176834089695367958e+00
-4.272345712430210440e+00
-4.097867667595674668e+00
-4.186779582048663961e+00
-4.350035655894043174e+00
-4.415038607381887914e+00
-3.958423525499139561e+00
-3.875816607506424205e+00
-3.981425038104224878e+00
-4.255641410662634350e+00
-4.576360346165297521e+00
-4.459500712108796172e+00
-4.474010146722911863e+00
-4.473022575985800664e+00
-4.393287296204063885e+00
-4.389645284347886367e+00
-4.165029821845624980e+00
-4.154605223164547390e+00
-4.227798612323510952e+00
-4.218856050169596195e+00
-4.301720151599337072e+00
-4.091748630676954157e+00
-4.040948594002537142e+00
-4.097960445236759064e+00
-3.939887587486863296e+00
-4.092446632244080007e+00
-4.254226918977487948e+00
-4.393133323018966863e+00
-4.218982304335282763e+00
-4.259929379420801077e+00
-4.281816354411832393e+00
-4.320166029943327324e+00
-4.413165433115057823e+00
-4.444677625873554305e+00
-4.446908915452984168e+00
-4.509785185903940175e+00
-4.549389868426833239e+00
-4.703475347618344848e+00
-4.697080102803950830e+00
-4.708935786988905470e+00
-4.729816314383390896e+00
-4.741669430223905302e+00
-4.788757525376222013e+00
-5.093693221370846125e+00
-5.147665333901549900e+00
-5.297699399377251872e+00
-5.114978742665194922e+00
-5.232383369201312640e+00
-5.432830979849585518e+00
-5.352573582527266005e+00
-5.306199591482973155e+00
-5.422716287881115704e+00
-5.558877618216233607e+00
-5.647387368717892819e+00
-5.580341980398908497e+00
-5.642044298358150023e+00
-5.603534984844613653e+00
-5.593691819583473723e+00
-5.535939859282104081e+00
-5.741137706238603755e+00
-5.911856662222065850e+00
-6.150822897841750070e+00
-6.352118993494944021e+00
-6.218703624345500280e+00
-6.132273822757785098e+00
-5.878220924227824717e+00
-5.756147495785878476e+00
-5.717545919310769165e+00
-5.628661207200732264e+00
-5.591200797268367495e+00
-5.536697021933147056e+00
-5.678099000394636775e+00
-5.617179326748707346e+00
-5.776420242635398772e+00
-5.870229540010027947e+00
-5.812490571185322530e+00
-5.534489560814598086e+00
-5.593471689109059675e+00
-5.406799362769037387e+00
-5.423989859058041318e+00
-5.384120678891052947e+00
-5.298510212052691237e+00
-5.317355843642176616e+00
-5.379321624561370641e+00
-5.247056282608489219e+00
-5.214720348454338961e+00
-5.283639124680043153e+00
-5.067069099376507069e+00
-4.833028495054680462e+00
-4.638317389136721758e+00
-4.318538571022618733e+00
-4.230177707783984609e+00
-4.214700849529488202e+00
-4.208488812834398907e+00
-4.325383350511783576e+00
-4.326154580412879369e+00
-4.403229156767480390e+00
-4.235272158844321844e+00
-4.180515805289583220e+00
-4.251500005257017989e+00
-4.260016338206587427e+00
-4.230889707786068321e+00
-4.212757729176050070e+00
-4.148692316262149404e+00
-4.171930774864893721e+00
-4.267238330996791618e+00
-4.245988394463712012e+00
-4.264078979388930435e+00
-4.052623646920301859e+00
-3.741301736068003869e+00
-3.580756949408245404e+00
-3.445244129511804143e+00
-3.399405654263238485e+00
-3.272127143527051807e+00
-3.192632795018942815e+00
-2.978451118731617608e+00
-3.025903081430984187e+00
-3.081742727507430502e+00
-3.280787333496892000e+00
-3.264570391180869446e+00
-3.189126650384491501e+00
-3.250481387076130435e+00
-3.195411048431011647e+00
-3.364067231969886773e+00
-3.427011944199167104e+00
-3.326691034551501502e+00
-2.935221907680181985e+00
-2.775749731944370691e+00
-2.866775480246078533e+00
-2.737557715155084281e+00
-2.900207930791276034e+00
-2.835139723857394767e+00
-2.716874620697376841e+00
-2.783276605517516433e+00
-2.668925118056582058e+00
-2.606375840269153699e+00
-2.696542772894134465e+00
-2.597378082184155446e+00
-2.623594603565560401e+00
-2.572975666576649001e+00
-2.560062145612539197e+00
-2.661512078785909452e+00
-2.735400713172662535e+00
-2.699620304534585458e+00
-2.486396506766142878e+00
-2.497849570386610818e+00
-2.574672703379462746e+00
-2.436094813016089766e+00
-2.472716433789024837e+00
-2.394088485389748833e+00
-2.402039579427089677e+00
-2.394013467571438181e+00
-2.618406405804760251e+00
-2.492918525263965623e+00
-2.493542386806303135e+00
-2.516715101066033355e+00
-2.403173053910313328e+00
-2.621945993321900481e+00
-2.640075910347274402e+00
-2.784350838842343023e+00
-2.945576362862400099e+00
-3.089635125019640771e+00
-3.025635175396745424e+00
-3.278298665249031796e+00
-3.287943127847964941e+00
-3.297841943587385138e+00
-3.223198850091849810e+00
-3.069888470591743079e+00
-3.094182723549926628e+00
-3.138943090721255658e+00
-3.119622634202596334e+00
-3.351913395342042801e+00
-3.461625563919729753e+00
-3.708401130548716118e+00
-3.658899385905451940e+00
-3.647004850973576406e+00
-3.754481815666578015e+00
-3.753188580788380690e+00
-3.830951739140116885e+00
-3.800186778001529486e+00
-3.983966545402966464e+00
-3.909232659161233414e+00
-4.141891192731037563e+00
-4.092542482340282284e+00
-3.974907170855146887e+00
-3.846271236199377164e+00
-3.855607375697433170e+00
-3.844991478852877620e+00
-4.283215694633199178e+00
-4.246369827874112879e+00
-4.255689818867300467e+00
-4.220887161937325160e+00
-4.057855242574119004e+00
-4.221995067456293604e+00
-4.348382189345234572e+00
-4.504934706030630842e+00
-4.642689401180405184e+00
-4.625359633539545712e+00
-4.650594877897451518e+00
-4.539688938887320724e+00
-4.533269928198397913e+00
-4.592629774160631229e+00
-4.463258547225706252e+00
-4.447902068713662338e+00
-4.463491165747472067e+00
-4.524361100982044803e+00
-4.594005436495365302e+00
-4.415983877999597240e+00
-4.468265574308261101e+00
-4.416837658833152602e+00
-4.295560390963028219e+00
-4.207709091254100642e+00
-4.301911012728539596e+00
-4.319574123802451204e+00
-4.476756123778368845e+00
-4.505371000561916084e+00
-4.420347860258005745e+00
-4.391593953071098788e+00
-4.488329903386042652e+00
-4.442818194761571249e+00
-4.346628385486256185e+00
-4.324214030666483133e+00
-4.220895467489463648e+00
-4.283236353158005549e+00
-4.225162180442347371e+00
-4.316003773490020734e+00
-4.049945380814722995e+00
-3.950434068538112076e+00
-4.088154691544822583e+00
-4.073919943294337820e+00
-3.924152875092981940e+00
-3.739658866529806502e+00
-3.580052741551138507e+00
-3.526888725825101378e+00
-3.462990335178437018e+00
-3.493932853929908600e+00
-3.786245921929654479e+00
-3.615745671498189928e+00
-3.574474972823349805e+00
-3.690440112965796438e+00
-3.667559815611791674e+00
-3.760023339381442842e+00
-3.767534070495431209e+00
-3.708591414918085416e+00
-3.676182530489588984e+00
-3.568250696485699258e+00
-3.595194368605699520e+00
-3.369890774548983003e+00
-3.106910909329951398e+00
-3.223746656349321782e+00
-3.264546682178254056e+00
-3.440240079118518146e+00
-3.551629536161146738e+00
-3.658737061967340498e+00
-3.633581213373827001e+00
-3.457222203389089810e+00
-3.436672320299197114e+00
-3.624237349291143495e+00
-3.868979176295824551e+00
-4.106649166407470908e+00
-4.110870937339116793e+00
-4.315100271062075166e+00
-4.517762924333242225e+00
-4.536596521896171019e+00
-4.485426367785492197e+00
-4.479483870828946834e+00
-4.655662142558650629e+00
-4.785759833459358070e+00
-4.595136850899553593e+00
-4.658372712355829393e+00
-4.746173646443718752e+00
-4.635338986761106561e+00
-4.603057117859170155e+00
-4.653777116849791007e+00
-4.508096399827023149e+00
-4.310537838811288047e+00
-4.480779956049848245e+00
-4.470546178135241355e+00
-4.450280237351992518e+00
-4.433250265948227131e+00
-4.545889619428399087e+00
-4.420179611446808821e+00
-4.377021098238476071e+00
-4.276243825619137517e+00
-4.240886566049466566e+00
-4.138219187124300369e+00
-3.997132135419799059e+00
-3.932895264008342107e+00
-3.930343771286461063e+00
-4.082648950693074319e+00
-4.226784070001184723e+00
-3.999235995100519858e+00
-4.034615857553971452e+00
-4.214179782581173761e+00
-4.304440395452969526e+00
-4.327098910526739672e+00
-4.379822713528848332e+00
-4.247353317169203279e+00
-4.144696664194693625e+00
-4.016352396721218909e+00
-3.866386673454327294e+00
-3.851607438508516168e+00
-3.901055519380259629e+00
-3.902468708262385011e+00
-3.973456426362945493e+00
-3.845563194966783893e+00
-3.854681317200100654e+00
-3.846069233713715452e+00
-3.765689591976883133e+00
-3.880723167198498302e+00
-3.705494539972820078e+00
-3.674758762747911689e+00
-3.542481237909036906e+00
-3.472327740647642713e+00
-3.485412366301370746e+00
-3.583398088176898533e+00
-3.480639222830991475e+00
-3.454146871686568865e+00
-3.338863751236006205e+00
-3.511983389531954991e+00
-3.545255054666209382e+00
-3.742061449214375557e+00
-3.737200531628048772e+00
-3.816111834448136619e+00
-3.748042140485422280e+00
-3.699974895999691871e+00
-3.597845852961805591e+00
-3.581048268366946896e+00
-3.736720329311558508e+00
-3.962632772619634203e+00
-4.032961823629305442e+00
-3.977200678841736892e+00
-3.796082748606243396e+00
-3.948103073723337353e+00
-3.992342327090989684e+00
-3.982926020620820129e+00
-4.016325883970927713e+00
-3.983689120516976878e+00
-3.951008892596761690e+00
-3.804679629530467899e+00
-3.749302446382377862e+00
-3.863336839933103839e+00
-4.029919197191268232e+00
-4.080627784898397614e+00
-4.218455668378289225e+00
-4.265000994884697860e+00
-4.289519596508608146e+00
-4.419704741207785226e+00
-4.513380182790793782e+00
-4.517464590326135898e+00
-4.535926342426770397e+00
-4.405487936668785132e+00
-4.172200270396579036e+00
-4.164409289399156222e+00
-4.270756218090571821e+00
-4.253201154453885025e+00
-4.452669259942311442e+00
-4.552266033995509886e+00
-4.773023444387238357e+00
-4.971087924785006606e+00
-4.951992015705342531e+00
-4.821459070733867591e+00
-4.870003697653372043e+00
-4.790803365059289831e+00
-4.926285687234980060e+00
-5.022204446784688692e+00
-4.990151417262744360e+00
-4.799672945562337034e+00
-4.887159099096111348e+00
-4.850223175209722015e+00
-4.608647901710601680e+00
-4.628343759373665378e+00
-4.694453452622716405e+00
-4.860928176564404346e+00
-4.865840865227075263e+00
-4.831529917706729016e+00
-4.860022305626815253e+00
-4.946837337551300173e+00
-5.116628465462705222e+00
-5.303990133647967120e+00
-5.452114819837882820e+00
-5.590559146941970425e+00
-5.519121912010804820e+00
-5.556359293511355268e+00
-5.654449238775530517e+00
-5.622764582480956008e+00
-5.593326147132578363e+00
-5.580206411254552634e+00
-5.491087111472681137e+00
-5.565750572515787198e+00
-5.614280379697833112e+00
-5.704958186642757667e+00
-5.617678924618022762e+00
-5.611865413010813874e+00
-5.626362755976089147e+00
-5.585829416595678332e+00
-5.627122532479805983e+00
-5.680268431827767195e+00
-5.559577668438323350e+00
-5.514173676508021593e+00
-5.634856799803076299e+00
-5.698881826244213578e+00
-5.728179304067354316e+00
-5.718408641595811304e+00
-5.666494481291637797e+00
-5.724655911083015525e+00
-5.757743681452556217e+00
-5.760752659499676298e+00
-5.928149506171988214e+00
-5.875357859329105814e+00
-5.764925051401639244e+00
-5.752941611921304599e+00
-5.874357951967875913e+00
-6.156822359383756549e+00
-6.056390371142081896e+00
-5.911475286646861171e+00
-5.854194078008362112e+00
-5.958771880231820361e+00
-6.099836251728323333e+00
-6.121801359388602926e+00
-6.112974142110569886e+00
-6.025971552100275019e+00
-5.990058642347118933e+00
-5.961971977538037315e+00
-5.791673403549355115e+00
-5.913784038801139786e+00
-5.987686635365708554e+00
-5.927843007942340314e+00
-5.813457391548401354e+00
-5.884235159162286344e+00
-6.248647714282670407e+00
-6.268829408620529620e+00
-6.049556624186384290e+00
-6.013033460164141530e+00
-6.105241354922032571e+00
-6.155866800654586690e+00
-6.183809754318349228e+00
-6.323817127140715755e+00
-6.423150913423457453e+00
-6.338300647195699966e+00
-6.288989587599713715e+00
-6.036246990951067204e+00
-5.861207671109475825e+00
-5.846712769151602096e+00
-5.908415751078024414e+00
-5.810320498669368838e+00
-5.835166803455562601e+00
-5.910338760618630616e+00
-5.954095576842037829e+00
-6.000809927815685008e+00
-6.057085302134042060e+00
-6.050047794489979758e+00
-6.005927673163158786e+00
-5.950678136531589502e+00
-6.055506375212423187e+00
-6.070399761887998125e+00
-6.151472412445182059e+00
-6.169070871585996763e+00
-6.063448480797553053e+00
-6.052110817576651591e+00
-5.999145989632312492e+00
-5.951737706226839286e+00
-5.963570773012921045e+00
-5.980883260877443597e+00
-5.993850625991263392e+00
-6.021495065911482314e+00
-5.976618191322453200e+00
-6.014109416968808297e+00
-6.021977738557196425e+00
-6.101216755806353476e+00
-5.939649186219361887e+00
-6.058637829845438638e+00
-6.051946713333503425e+00
-6.082596710162629705e+00
-6.245600280662873871e+00
-6.399410765598555706e+00
-6.506336564209456164e+00
-6.703837354219814415e+00
-6.701458535644296610e+00
-6.757983010592586659e+00
-6.744809962845634388e+00
-6.870874386938457867e+00
-6.902928503554615958e+00
-6.841870156892809085e+00
-6.940361088664503519e+00
-7.085448343924251269e+00
-7.205219255122329969e+00
-7.159465713455345437e+00
-7.154593695326759040e+00
-7.073536829264650549e+00
-6.927428704922078850e+00
-7.022175730438956265e+00
-7.170302487008765269e+00
-7.238735512344965706e+00
-7.169349782455201492e+00
-7.163926004168745365e+00
-7.139595018887547440e+00
-7.253513144055489192e+00
-7.273191310524432573e+00
-7.325924277401101747e+00
-7.427253788922588917e+00
-7.512344305844727010e+00
-7.614180480601343781e+00
-7.518047465006848284e+00
-7.509452639942038488e+00
-7.571700831110301344e+00
-7.614226059679931602e+00
-7.639728684936859082e+00
-7.513173889810051520e+00
-7.508142070191411221e+00
-7.532256378254920115e+00
-7.639933688560511804e+00
-7.784961252363324924e+00
-7.737087730196368973e+00
-7.896367461669310472e+00
-7.829581787578360874e+00
-7.860721962313320432e+00
-7.946783474249110135e+00
-7.960062551378992879e+00
-7.886538332817805141e+00
-7.991241234535724658e+00
-8.118570278667945672e+00
-8.294502501643783887e+00
-8.144279407105585733e+00
-8.113642240532957572e+00
-8.172476782614479518e+00
-8.210713230776637062e+00
-8.217176752682153307e+00
-8.240925760773746944e+00
-8.338554075236803698e+00
-8.367089382629893990e+00
-8.368471396687327868e+00
-8.500219846232726084e+00
-8.598928184257994545e+00
-8.640316541827056440e+00
-8.611986307277799568e+00
-8.652779698315859136e+00
-8.587257956198090625e+00
-8.610975740371817011e+00
-8.754813124798143775e+00
-8.808953857520467778e+00
-8.758586990480033307e+00
-8.654651333480304132e+00
-8.693692798543926514e+00
-8.695247653650142183e+00
-8.681758352475661411e+00
-8.612778298314534453e+00
-8.685692920411534956e+00
-8.860007207682278008e+00
-8.900476025139482772e+00
-8.962916182487468575e+00
-9.075833496918182419e+00
-9.082797727179205083e+00
-8.883635934250033728e+00
-8.865136941080123734e+00
-8.928538028322513753e+00
-8.919099657639902645e+00
-9.098343262417273536e+00
-9.130430499561063229e+00
-9.057552691216352869e+00
-9.059580640348391611e+00
-9.122343727107601552e+00
-9.044216579259861888e+00
-8.988647712299552950e+00
-9.030125445209510104e+00
-8.999183741113878199e+00
-9.027874378127114241e+00
-8.995180056169216343e+00
-8.878086848900377248e+00
-8.944572482582053397e+00
-8.865618122428912784e+00
-8.801205109742104682e+00
-8.803911128269763964e+00
-8.892058488401476168e+00
-8.812586544311541203e+00
-8.841709288315200865e+00
-8.876302344684907197e+00
-8.853250232621977744e+00
-8.874068082351161735e+00
-8.868400787336431890e+00
-8.822178001994288365e+00
-8.711332784895628123e+00
-8.693660563149014919e+00
-8.898546905029091292e+00
-8.762700016450828855e+00
-8.802753305817397234e+00
-8.931921083970795650e+00
-8.890737579673100299e+00
-8.912356610874885732e+00
-9.027427885657928641e+00
-9.180261533296484089e+00
-9.102770200614763496e+00
-9.193326642279316729e+00
-9.208333970566405569e+00
-9.247337834791640176e+00
-9.192971561525020263e+00
-9.305817588248629590e+00
-9.322367527217785721e+00
-9.435074477203665211e+00
-9.565520214848381997e+00
-9.523368477943312982e+00
-9.418504189207201449e+00
-9.273628080017083164e+00
-9.412965113033358477e+00
-9.487985993284006270e+00
-9.489100644140616936e+00
-9.410270660727510617e+00
-9.410678184689857062e+00
-9.509912335037663311e+00
-9.532318076010755092e+00
-9.575359337724794528e+00
-9.618800659648488960e+00
-9.643532613420019217e+00
-9.707657968914766400e+00
-9.728275393073545274e+00
-9.812183674598653482e+00
-9.900361982324776378e+00
-9.926351134306012014e+00
-9.953442128164404323e+00
-9.993289099532729480e+00
-9.952717123435226299e+00
-9.927012195708890374e+00
-9.972323849339371549e+00
-9.991644285731467789e+00
-9.925383176934170493e+00
-9.858571801025885151e+00
-9.929132368278061449e+00
-9.868898909676470765e+00
-9.831553543284494268e+00
-9.953070141652538894e+00
-9.972201517498350043e+00
-1.002636184417426790e+01
-1.008403112267104973e+01
-1.006324807213542272e+01
-1.020108442099521895e+01
-1.029190304544449575e+01
-1.021354821226160858e+01
-1.035082687682597147e+01
-1.041818632577138359e+01
-1.034677142027476648e+01
-1.034472364737135663e+01
-1.039090033060673335e+01
-1.042271013169720284e+01
-1.057248281454418226e+01
-1.064277462929356766e+01
-1.067658236024774965e+01
-1.076589980614776643e+01
-1.090528980674006476e+01
-1.090961142354713331e+01
-1.096415014513258868e+01
-1.096630065951133126e+01
-1.089008606028781045e+01
-1.097593253653601941e+01
-1.108667234310751404e+01
-1.109405856606443308e+01
-1.108231135258929534e+01
-1.113446901217539420e+01
-1.113049886993957571e+01
-1.114457037090701874e+01
-1.121705028597142118e+01
-1.135283790100660539e+01
-1.130390250847509037e+01
-1.130142969626206906e+01
-1.127277482438639211e+01
-1.128400216362391006e+01
-1.133372264732991042e+01
-1.130036587390316427e+01
-1.124296429762374849e+01
-1.119137033872709708e+01
-1.120397771085837491e+01
-1.117061235869150693e+01
-1.136462894149069136e+01
-1.134928166298119301e+01
-1.131962473485143406e+01
-1.141874776823961568e+01
-1.149098070401936589e+01
-1.150597210538691506e+01
-1.157220229762473629e+01
-1.169069288366459070e+01
-1.171740355416826240e+01
-1.181030361665100514e+01
-1.168786949227780525e+01
-1.180068849249024510e+01
-1.185107599967019709e+01
-1.191029820256617633e+01
-1.197937098307142278e+01
-1.207197006876702972e+01
-1.202385371627952182e+01
-1.202341810502084307e+01
-1.195022859011453065e+01
-1.185241725342891250e+01
-1.195385212532220187e+01
-1.196680759916244341e+01
-1.198852739158342295e+01
-1.209521491110093194e+01
-1.213114760345527543e+01
-1.206178636671042526e+01
-1.205819077523254990e+01
-1.201491159508138296e+01
-1.196133399358682325e+01
-1.200031753038217630e+01
-1.189041837288240089e+01
-1.180393801990394564e+01
-1.182580798972900737e+01
-1.184903326179737881e+01
-1.193025234043555471e+01
-1.196338632238724564e+01
-1.200757923217531875e+01
-1.199995970399320555e+01
-1.198075364017133637e+01
-1.194782995073258824e+01
-1.184334353009037244e+01
-1.176214958470442262e+01
-1.178013037197646540e+01
-1.180463022278528129e+01
-1.187549655492593637e+01
-1.188683447366125634e+01
-1.187908335087821143e+01
-1.195577826328358384e+01
-1.207094738749536411e+01
-1.218463007708424328e+01
-1.222872363629111625e+01
-1.224458253628186277e+01
-1.224902827321531085e+01
-1.227152287702642397e+01
-1.226064704383605886e+01
-1.235998325679238086e+01
-1.244962323634030810e+01
-1.247850996469893481e+01
-1.237299589119889554e+01
-1.239821470372249124e+01
-1.243950960981298870e+01
-1.247508866414516682e+01
-1.251603399505708580e+01
-1.248464962100534770e+01
-1.235951106933507404e+01
-1.235116971083670556e+01
-1.236742792852974304e+01
-1.238819353397628475e+01
-1.244118306643867733e+01
-1.243439356634325677e+01
-1.239586091216145647e+01
-1.237437569472660215e+01
-1.231140216702144841e+01
-1.229265505443760098e+01
-1.239627990592589413e+01
-1.252747487287255090e+01
-1.247405126986759782e+01
-1.252112496617095161e+01
-1.234728395602724760e+01
-1.222775465454659738e+01
-1.224361582235957968e+01
-1.235609421259080953e+01
-1.241614402424854013e+01
-1.250824157798253822e+01
-1.249769927377832346e+01
-1.248885484626021736e+01
-1.256625165825269619e+01
-1.263201718612861413e+01
-1.269024296454713507e+01
-1.268270820236568674e+01
-1.271393170307421094e+01
-1.283188506962413378e+01
-1.286892456265049667e+01
-1.282966477383475734e+01
-1.280642166772904922e+01
-1.278383894245597396e+01
-1.277818088122591789e+01
-1.280345859315931634e+01
-1.288421644499502428e+01
-1.291251502846507471e+01
-1.280433286285326844e+01
-1.288175381518328777e+01
-1.289011365065898573e+01
-1.284300347172010781e+01
-1.281125215221009483e+01
-1.272169941869889165e+01
-1.278551705489500812e+01
-1.280173254811984407e+01
-1.277764244113384606e+01
-1.281387604722481122e+01
-1.278470962227048702e+01
-1.283997174523842411e+01
-1.287681953438918292e+01
-1.283744838787005627e+01
-1.285023218048355176e+01
-1.293025933512358172e+01
-1.294929778029904277e+01
-1.298789054493685313e+01
-1.292323878956654681e+01
-1.295084684264032227e+01
-1.288791297504150890e+01
-1.274257245871030797e+01
-1.270464335551655388e+01
-1.279873564170455680e+01
-1.268121560925485802e+01
-1.286757703183312707e+01
-1.288836392019721089e+01
-1.293115062608205434e+01
-1.296130172821885829e+01
-1.295060392073438038e+01
-1.300324539825743742e+01
-1.298246686580023024e+01
-1.300692482031960040e+01
-1.314676963738201820e+01
-1.315660613611330199e+01
-1.299780563135192324e+01
-1.302958288134179554e+01
-1.305190324192822260e+01
-1.310197643591288497e+01
-1.310674595232888784e+01
-1.310295169089415168e+01
-1.312452029293968714e+01
-1.294749559018939955e+01
-1.292123491351402009e+01
-1.282598773283195470e+01
-1.292691901594343307e+01
-1.291287559857497058e+01
-1.298860873473150335e+01
-1.297108459942515779e+01
-1.295559556242798749e+01
-1.295029451983364233e+01
-1.294270337533094661e+01
-1.287517788164715427e+01
-1.295990874159041439e+01
-1.302680951638157225e+01
-1.308956320727478584e+01
-1.319728474504471372e+01
-1.317314969804329827e+01
-1.320400561201927658e+01
-1.307458517831573097e+01
-1.296768286011934634e+01
-1.297697418773040745e+01
-1.297709567870318992e+01
-1.293289610752062657e+01
-1.298810862861899551e+01
-1.292326021975230788e+01
-1.300543711744172271e+01
-1.300357619412177712e+01
-1.307880848579800137e+01
-1.300346344699914880e+01
-1.307737335449098026e+01
-1.322947207799960978e+01
-1.329179298236023676e+01
-1.321538235126478078e+01
-1.327526021761741326e+01
-1.332020833781313129e+01
-1.334652020332507050e+01
-1.333366758197058743e+01
-1.344137941562109084e+01
-1.341305488479225794e+01
-1.338926522440487510e+01
-1.335711702279490609e+01
-1.339371235898799739e+01
-1.337092292807884952e+01
-1.327474200118809478e+01
-1.324574963875529932e+01
-1.315198870410613274e+01
-1.316080977871815350e+01
-1.317375564128450627e+01
-1.312506642274782109e+01
-1.315170610235144544e+01
-1.319892187558068919e+01
-1.328324132887236253e+01
-1.334438309338997897e+01
-1.340084083835670548e+01
-1.335833686009758914e+01
-1.344544677791294340e+01
-1.347465866245853228e+01
-1.348901825882649419e+01
-1.364816804158017938e+01
-1.366329296444796704e+01
-1.368711045489183498e+01
-1.379180801308932480e+01
-1.398183677394477087e+01
-1.388244638870109071e+01
-1.392999123229296998e+01
-1.390460917200547009e+01
-1.394864413600182829e+01
-1.389380809522779359e+01
-1.380359415124925526e+01
-1.382038834077238576e+01
-1.375519144133307492e+01
-1.373312915367948861e+01
-1.379540065646746250e+01
-1.392233598249418236e+01
-1.404462876114719627e+01
-1.413222961803826117e+01
-1.412972511850614410e+01
-1.411282269579307602e+01
-1.415728123064531907e+01
-1.415896424481001503e+01
-1.416748000905204208e+01
-1.427924793964473338e+01
-1.410709419107945095e+01
-1.423505702424643005e+01
-1.435356835448131640e+01
-1.437530980108847878e+01
-1.426641333511925147e+01
-1.428022683118893355e+01
-1.418345454659077376e+01
-1.429710809061173649e+01
-1.425349122557653203e+01
-1.437507013143184942e+01
-1.441755727077338634e+01
-1.438652169695733818e+01
-1.446386447184385915e+01
-1.444025506828526417e+01
-1.446080107639171075e+01
-1.436446369646001031e+01
-1.447492136278847497e+01
-1.455887516588813213e+01
-1.447601199116868642e+01
-1.463044891024368432e+01
-1.464347503413302753e+01
-1.472793116926343693e+01
-1.480015624080294856e+01
-1.495199448356883209e+01
-1.486126445235658267e+01
-1.488552191117189949e+01
-1.497279495341028088e+01
-1.494924291927854831e+01
-1.506120041033926782e+01
-1.503835562025072115e+01
-1.503358823001824618e+01
-1.508813077422581017e+01
-1.502784636935319540e+01
-1.504019350068799454e+01
-1.514690917048996077e+01
-1.517193851358441847e+01
-1.513579655442838323e+01
-1.510216906361100797e+01
-1.516983545344258211e+01
-1.523396591534116595e+01
-1.517183389107444214e+01
-1.525918611005850245e+01
-1.528007736343298895e+01
-1.531679173313361630e+01
-1.546490235871302410e+01
-1.552170238793146595e+01
-1.550596953021097413e+01
-1.557841280589055799e+01
-1.570612121025471453e+01
-1.570343309453988034e+01
-1.569885800800742892e+01
-1.566692600007577063e+01
-1.569284716142301050e+01
-1.576078084348880992e+01
-1.576576688065652654e+01
-1.578569423210365841e+01
-1.573405525710592912e+01
-1.586618815804558835e+01
-1.597293544922218445e+01
-1.605572902599625706e+01
-1.615104422271734208e+01
-1.609878670291410785e+01
-1.606764273168494128e+01
-1.609348028903169237e+01
-1.596415987815985638e+01
-1.600571809828356251e+01
-1.601281764939147578e+01
-1.599341871004951798e+01
-1.606440794336743494e+01
-1.628572179416561028e+01
-1.636933848993800567e+01
-1.637125376199839621e+01
-1.652972414263210510e+01
-1.668539298018317396e+01
-1.650412224786780868e+01
-1.647914026681787902e+01
-1.640561537579820950e+01
-1.649789031405338591e+01
-1.662448085545497634e+01
-1.664341747483638656e+01
-1.669898801078038986e+01
-1.676402584030685361e+01
-1.675174665728805223e+01
-1.687819627041795911e+01
-1.688928271739593967e+01
-1.686048633479910919e+01
-1.695190018117123643e+01
-1.681966302332924101e+01
-1.697781918846133564e+01
-1.705748589765241618e+01
-1.690538493347092697e+01
-1.706464457282260483e+01
-1.712857341409015532e+01
-1.720196033074936537e+01
-1.714505615994855248e+01
-1.720984761182584677e+01
-1.727927262284706345e+01
-1.745573735770996393e+01
-1.739789200894457011e+01
-1.740107926601583088e+01
-1.746182122756032840e+01
-1.751686013480853887e+01
-1.764867511083434692e+01
-1.754156763845584166e+01
-1.765232271114714990e+01
-1.755821129828266791e+01
-1.752107848755170139e+01
-1.769817609939238068e+01
-1.776313185186917565e+01
-1.772980381956452689e+01
-1.762477195957491460e+01
-1.762343115334091692e+01
-1.763796931588901629e+01
-1.780123747366250697e+01
-1.778664572637969954e+01
-1.789587303050309686e+01
-1.784669468565440198e+01
-1.789330504649389653e+01
-1.789158179459142772e+01
-1.799239909217644495e+01
-1.802876647762846218e+01
-1.803341635715635860e+01
-1.812195042541508982e+01
-1.809881721363326790e+01
-1.799031552947871404e+01
-1.831333787341297281e+01
-1.812454016825536485e+01
-1.813159383523837676e+01
-1.819967821354845938e+01
-1.828970095382895167e+01
-1.837831669420091885e+01
-1.832266612563848796e+01
-1.825026194122114021e+01
-1.828097316578400822e+01
-1.831526766092686387e+01
-1.832765425511831481e+01
-1.831610891195714430e+01
-1.823656116270718996e+01
-1.826697994362348254e+01
-1.838570575420424547e+01
-1.850609439119279287e+01
-1.846473143684244178e+01
-1.847371550149110675e+01
-1.849857549396731926e+01
-1.860472356666257809e+01
-1.856274141550760959e+01
-1.867434834941723665e+01
-1.865556767105895020e+01
-1.867917675763629148e+01
-1.881138418838414950e+01
-1.893524939235031113e+01
-1.899379179356414937e+01
-1.908778294214294746e+01
-1.926710451170391991e+01
-1.923480511913044921e+01
-1.940293584872726740e+01
-1.955241270351351446e+01
-1.963490880134929029e+01
-1.965197376418208819e+01
-1.964866160430780795e+01
-1.966298674318167272e+01
-1.977538808775405599e+01
-1.979965722478153367e+01
-1.978618203844436252e+01
-1.984517255001190605e+01
-1.990696244742336773e+01
-2.002902340732837771e+01
-2.017146196109310807e+01
-2.009340717941510235e+01
-2.015006946602528259e+01
-2.031090801710764993e+01
-2.029411348566817352e+01
-2.029246161546644345e+01
-2.028361138475461800e+01
-2.041188170534079305e+01
-2.039777469504690544e+01
-2.046715274945510288e+01
-2.041293732965176844e+01
-2.040643684993079887e+01
-2.046638787416320326e+01
-2.054313040799269530e+01
-2.055068794168804303e+01
-2.061110955216853924e+01
-2.074882329938189685e+01
-2.078979112827350662e+01
-2.076162169388533840e+01
-2.071472846106514254e+01
-2.076216899915879566e+01
-2.072759331673074357e+01
-2.074554859737132162e+01
-2.082087832922507431e+01
-2.095223647845499215e+01
-2.101838191848442605e+01
-2.099657825815628698e+01
-2.095211829278616733e+01
-2.086063981783685861e+01
-2.085903989617905552e+01
-2.082750618070014781e+01
-2.092295444573493057e+01
-2.095044440408865327e+01
-2.077696393336824698e+01
-2.060487343233749158e+01
-2.058400441218797638e+01
-2.057922110585644049e+01
-2.064983202266628481e+01
-2.061574470744618992e+01
-2.062302801292634058e+01
-2.058434469292019031e+01
-2.060726712026297491e+01
-2.065709300350351540e+01
-2.073854366707763575e+01
-2.077804202648979981e+01
-2.079713306678904772e+01
-2.077079627622902791e+01
-2.087504557490271395e+01
-2.090357085584093255e+01
-2.090378752397115392e+01
-2.076764371519703190e+01
-2.071340278663382151e+01
-2.061950987916894462e+01
-2.062363429521958835e+01
-2.058489704814924437e+01
-2.053624660804334567e+01
-2.057645611542380237e+01
-2.050277490972081296e+01
-2.045793931022650014e+01
-2.045149228021349685e+01
-2.033677343083221700e+01
-2.038137375870913104e+01
-2.043934008797817725e+01
-2.027932952220772478e+01
-2.021017558433416994e+01
-2.015899706178650774e+01
-2.019888124627231463e+01
-2.012630518329147833e+01
-2.002139688734983736e+01
-1.991979978044226129e+01
-1.991608032576749920e+01
-2.000840012691057268e+01
-1.987440694029833921e+01
-1.990380578578295712e+01
-1.992933143354715497e+01
-1.989627439956732502e+01
-1.991713396849429074e+01
-1.978931228938458986e+01
-1.970611353146604472e+01
-1.962484769544877850e+01
-1.957671594966463147e+01
-1.962579437016374584e+01
-1.963855578155701309e+01
-1.959645806838987525e+01
-1.955623899580414360e+01
-1.951419089625142078e+01
-1.952444924727434739e+01
-1.957173697999727580e+01
-1.964519132499455978e+01
-1.955461154187581130e+01
-1.937150612767284841e+01
-1.931062303743328101e+01
-1.941412042027506146e+01
-1.950278035950541877e+01
-1.956028190876484629e+01
-1.959932451863200242e+01
-1.964132631399363405e+01
-1.974855691053795681e+01
-1.969915837845842077e+01
-1.972284360555930149e+01
-1.979665179901192218e+01
-1.981600575634604766e+01
-1.990901593044787532e+01
-1.998645705975624409e+01
-1.993445837153083389e+01
-1.992527118174666612e+01
-1.997897879587965519e+01
-2.003811311474472134e+01
-1.998970755322493176e+01
-2.003247493396717260e+01
-2.007690377245427982e+01
-2.011104220429247746e+01
-2.004669595673453486e+01
-1.997127066091573155e+01
-1.999075451161736083e+01
-2.000871421835634933e+01
-1.995614554225039683e+01
-1.994243676685669797e+01
-1.988367619228647953e+01
-1.989770349378413172e+01
-1.988729331219539986e+01
-1.985053974907241070e+01
-1.998076608376656438e+01
-2.003725415553269684e+01
-2.000628753928569026e+01
-1.991034312606606349e+01
-1.981756906675024510e+01
-1.979121617490325846e+01
-1.979750467765390809e+01
-1.982087483593497623e+01
-1.968524183428827001e+01
-1.969383822372411430e+01
-1.966426261924741326e+01
-1.959810405643629849e+01
-1.949472754511137040e+01
-1.938771307088632057e+01
-1.936986472273491344e+01
-1.939861357450607571e+01
-1.934527777466496445e+01
-1.944389107283167917e+01
-1.954013764519925189e+01
-1.948025712088356443e+01
-1.940126561721528375e+01
-1.935700607586505484e+01
-1.946650775248582832e+01
-1.941325167286210984e+01
-1.952624536213421891e+01
-1.954089867991480745e+01
-1.961249024778384609e+01
-1.962915901578071498e+01
-1.955585073389589468e+01
-1.968939405463563830e+01
-1.961600436341278098e+01
-1.960702415588313485e+01
-1.983769492491029496e+01
-1.986252843103884302e+01
-2.001996726907691837e+01
-2.010671156566085926e+01
-2.008965916705915333e+01
-2.009758641745393959e+01
-2.017986209394424080e+01
-2.020089138207224977e+01
-2.020257583945195634e+01
-2.023232865717751139e+01
-2.028395624851118129e+01
-2.011679925138225045e+01
-2.005278277482234017e+01
-2.008563787944651580e+01
-2.020269352238777216e+01
-2.017302061629965948e+01
-2.008837852950142278e+01
-2.010100404339040381e+01
-2.026954473149594094e+01
-2.031491330464620404e+01
-2.030648232008825715e+01
-2.038432589686934904e+01
-2.032648339676938321e+01
-2.031121098740074515e+01
-2.021316624027085851e+01
-2.022337485626973574e+01
-2.029534751676423809e+01
-2.033839625686504604e+01
-2.017256061903442799e+01
-2.011638222050175528e+01
-2.006602722554106677e+01
-2.005298886939041481e+01
-2.009627363312468162e+01
-2.015898809065365072e+01
-2.006100658515503454e+01
-2.008759599632788806e+01
-2.012798233073703358e+01
-2.012513896761376131e+01
-2.012836444856192841e+01
-2.017209212577150979e+01
-2.021285272792472298e+01
-2.013077165885424691e+01
-1.998777490762869036e+01
-1.989191483109852499e+01
-1.989266273335790913e+01
-1.987311418666136476e+01
-1.983730598667398226e+01
-1.983355473875606378e+01
-1.980670176637227797e+01
-1.979366418647574477e+01
-1.967822592021070705e+01
-1.958618477668193236e+01
-1.951546712433479058e+01
-1.956008735378642527e+01
-1.941609663653014906e+01
-1.945196690893682501e+01
-1.941410068561792457e+01
-1.944354330929249031e+01
-1.937698116854221553e+01
-1.944121207180337052e+01
-1.947215002709575771e+01
-1.943425952367918441e+01
-1.936692745552750949e+01
-1.936226845442866562e+01
-1.930900958826607550e+01
-1.925107240977973788e+01
-1.923649893168117231e+01
-1.914426398142071761e+01
-1.898090510774865436e+01
-1.881074206227366119e+01
-1.877208450322983424e+01
-1.880071592977612482e+01
-1.891362110912877270e+01
-1.889895296088967314e+01
-1.883279612848116358e+01
-1.869831331376445149e+01
-1.883808467006380383e+01
-1.878704676270053398e+01
-1.882854726280733360e+01
-1.886337537234053841e+01
-1.883684699900118886e+01
-1.880583565126152479e+01
-1.862070598616848116e+01
-1.852936373726122099e+01
-1.850098705710851021e+01
-1.849222963863409674e+01
-1.840656984712828148e+01
-1.831450203598727455e+01
-1.831532201763706880e+01
-1.821966227626940338e+01
-1.821238886204650953e+01
-1.815645544376091181e+01
-1.818971642343110418e+01
-1.811223287451101882e+01
-1.820540221631340216e+01
-1.827264328974841234e+01
-1.832626242232017688e+01
-1.834588068102441127e+01
-1.825873415216152296e+01
-1.822408672023806275e+01
-1.827684129494160459e+01
-1.812540609253363044e+01
-1.807528617164950546e+01
-1.813169582175430605e+01
-1.809582280030010182e+01
-1.820454352592367542e+01
-1.824640750527385080e+01
-1.825357866368991111e+01
-1.817249738732390085e+01
-1.831766988325496825e+01
-1.831452994055567984e+01
-1.806223427046545993e+01
-1.782327875037712062e+01
-1.796019197712216808e+01
-1.802224775886757513e+01
-1.791879250429608206e+01
-1.781544411926466864e+01
-1.776949692785030521e+01
-1.786435501962979089e+01
-1.775351827071033739e+01
-1.783456822367193340e+01
-1.776713731445684630e+01
-1.778533015360066827e+01
-1.785155164392655536e+01
-1.776688420813193758e+01
-1.760879131729132041e+01
-1.752282748889530950e+01
-1.736736313682000343e+01
-1.733522119619232882e+01
-1.720970865203257461e+01
-1.718266886406039262e+01
-1.726691498952010306e+01
-1.739211783638069875e+01
-1.747358318075590944e+01
-1.773821102520705395e+01
-1.771150660565917434e+01
-1.768502799778932655e+01
-1.761583194473174174e+01
-1.742133321857971495e+01
-1.713616923128360270e+01
-1.698378832853894949e+01
-1.703687396059184067e+01
-1.709136593822374905e+01
-1.696148810410227981e+01
-1.691772630552917889e+01
-1.695154464405403871e+01
-1.686425128016804820e+01
-1.693271064287058181e+01
-1.680989493354730513e+01
-1.684375268410040505e+01
-1.689285531582906330e+01
-1.677719027823327735e+01
-1.681863586519524745e+01
-1.670419082852899706e+01
-1.668181720876383878e+01
-1.660721789740388488e+01
-1.645592604557604943e+01
-1.615294953968104252e+01
-1.588762591907691224e+01
-1.575988836478724231e+01
-1.562728784694596484e+01
-1.565908650440999139e+01
-1.564099341882005234e+01
-1.558496464123605740e+01
-1.538839306365606063e+01
-1.525492058508959303e+01
-1.530884690673623361e+01
-1.521739688591950745e+01
-1.523770758502310052e+01
-1.517793487183799783e+01
-1.501434647159467417e+01
-1.487505114283185215e+01
-1.472590788924702920e+01
-1.449995390964262043e+01
-1.450290025605813327e+01
-1.438204301056544665e+01
-1.434727470480661182e+01
-1.422066630898346951e+01
-1.412604255031244271e+01
-1.403446385199002577e+01
-1.398683959516306352e+01
-1.382340124721549124e+01
-1.352399848812835792e+01
-1.337940625826435870e+01
-1.304923675925983062e+01
-1.292744251108167397e+01
-1.286531552704763470e+01
-1.264508041688386797e+01
-1.241518014839651052e+01
-1.228681609407544073e+01
-1.211020707656317086e+01
-1.196303374155237620e+01
-1.194184656151235302e+01
-1.187283326174174114e+01
-1.183269062289609330e+01
-1.161768923943668064e+01
-1.164651267710604543e+01
-1.166542688546268636e+01
-1.167287565913405167e+01
-1.160884073793478599e+01
-1.165333308987844063e+01
-1.158568123245465564e+01
-1.140103935047956618e+01
-1.147052048484456144e+01
-1.153578432739095661e+01
-1.151116746941753632e+01
-1.150035036674998068e+01
-1.140871062885185694e+01
-1.138998270380004207e+01
-1.133904550044490200e+01
-1.149769989895758471e+01
-1.149182211961049305e+01
-1.126886293946688689e+01
-1.131105874527161070e+01
-1.124125433246587491e+01
-1.121593083545502267e+01
-1.112448224863659085e+01
-1.108388652857389722e+01
-1.101281305760921470e+01
-1.070826946033996130e+01
-1.054217282528510857e+01
-1.051794474288035808e+01
-1.045919477665743891e+01
-1.039514466061971198e+01
-1.046449081069924425e+01
-1.052478601795075619e+01
-1.046727868864438271e+01
-1.036137118669584645e+01
-1.021690483006912231e+01
-1.005702459114991498e+01
-9.914461020836444760e+00
-9.715190854402154130e+00
-9.591731286526488987e+00
-9.509307407613640351e+00
-9.358933429421918859e+00
-9.401095562114408111e+00
-9.400771247571258371e+00
-9.210022125095832735e+00
-9.261486366911491075e+00
-9.357245497847255677e+00
-9.253264163132131515e+00
-9.188176048379425254e+00
-9.236465404034646554e+00
-9.119403054239624495e+00
-8.992457111474404741e+00
-8.993342008709069191e+00
-9.006460212795941445e+00
-8.792201763191542341e+00
-8.795668422697787037e+00
-8.830427153500188808e+00
-8.759032984759913987e+00
-8.562935802237293004e+00
-8.346207872499311620e+00
-8.091748992239550020e+00
-7.943270374871992168e+00
-7.760892109197722100e+00
-7.533462952324892825e+00
-7.438302756150708461e+00
-7.308042500831135158e+00
-7.217916462205018924e+00
-7.199206291609519859e+00
-7.101208475727039726e+00
-7.097472130990861494e+00
-6.968446422225152759e+00
-6.694689597012615678e+00
-6.489489021412836678e+00
-6.328728776567398739e+00
-6.181172710043300711e+00
-6.128865993349843500e+00
-6.033413286010777199e+00
-6.104383598473288153e+00
-6.160638475487333565e+00
-6.137948613314694768e+00
-6.056328822436563009e+00
-6.147792754143992511e+00
-6.166183965300304770e+00
-6.217020062482278675e+00
-6.306413715833537381e+00
-6.069029703179541713e+00
-6.042500715032996794e+00
-6.004488224855141887e+00
-5.950630048375870729e+00
-5.849292749704574135e+00
-5.868105846644962931e+00
-5.838087993057058611e+00
-5.786946762586103965e+00
-5.778853250127799157e+00
-5.816446014371799755e+00
-5.746281380206391454e+00
-5.718980297304956828e+00
-5.681531519749870363e+00
-5.583460226890991862e+00
-5.440663105095811858e+00
-5.577583972274147150e+00
-5.590033965165253527e+00
-5.543353556279516425e+00
-5.399310447377787980e+00
-5.462576330515522827e+00
-5.325946696381194556e+00
-5.215953688359259210e+00
-5.128742439279450060e+00
-4.948903948913703665e+00
-4.855954952293066285e+00
-4.593860501856365630e+00
-4.533906684441687318e+00
-4.594625628754097413e+00
-4.436984999449445688e+00
-4.226760723213154769e+00
-4.176773366549046074e+00
-4.066704796319339010e+00
-4.109985871312423988e+00
-4.095449636572809027e+00
-4.042132228336758892e+00
-3.983624634378652107e+00
-4.106096372671142802e+00
-4.116774507338323730e+00
-4.090636203558070783e+00
-4.068787310370285404e+00
-3.858060597709816797e+00
-3.942999014054282991e+00
-3.762307969475104930e+00
-3.635642114307194639e+00
-3.802232083465352463e+00
-3.831868560002710922e+00
-3.812676353400385132e+00
-3.830163703559334110e+00
-3.740243926798802576e+00
-3.571998370532676326e+00
-3.461229267188871805e+00
-3.450094675934172628e+00
-3.584121231346389269e+00
-3.599944607901294891e+00
-3.564783500018525952e+00
-3.447443111054477871e+00
-3.457104279104453060e+00
-3.356307781982853289e+00
-3.349543886944254645e+00
-3.455589757633600101e+00
-3.484218457380563017e+00
-3.351865455726533938e+00
-3.381903369812703453e+00
-3.312769139855439970e+00
-3.290214567048152183e+00
-3.297475726495293635e+00
-3.311359660197706223e+00
-3.332841214157989285e+00
-3.293000159236612934e+00
-3.161874559377500393e+00
-3.127332815969542157e+00
-3.024217564194223051e+00
-2.903735165420661790e+00
-2.716718970764679497e+00
-2.537507664164132759e+00
-2.356702522519196652e+00
-2.217336332806391308e+00
-2.228255041489210608e+00
-2.203055412236566202e+00
-2.129572776372953946e+00
-2.008200788816805638e+00
-2.053368671581909055e+00
-2.041491136399166351e+00
-1.916304037191771670e+00
-1.897582169000766594e+00
-1.931177129677049020e+00
-1.838155925234153720e+00
-1.757131659744186614e+00
-1.759298309621973200e+00
-1.820005043861585126e+00
-1.744751978344705856e+00
-1.711132665942364905e+00
-1.714521194742208321e+00
-1.765461952185741312e+00
-1.819062829163331951e+00
-1.952268346883489158e+00
-2.030201166121331724e+00
-1.891486900406929239e+00
-1.886394637307904132e+00
-2.047455960978896261e+00
-1.986762936565579896e+00
-1.910800558162885521e+00
-1.974775978012412336e+00
-2.028294810227743383e+00
-2.112586558731008868e+00
-2.064998891733982322e+00
-2.132456658820193418e+00
-2.169419822869333547e+00
-2.182005796965555522e+00
-2.187767735562096583e+00
-2.181284785968396367e+00
-2.188167896369039855e+00
-2.254649188015046324e+00
-2.321995884122181941e+00
-2.323247878526837784e+00
-2.177075494306565773e+00
-2.174913666478557772e+00
-2.180748487555680626e+00
-2.241674228390134971e+00
-2.157980873079291317e+00
-2.154265911280584422e+00
-2.237030555628640283e+00
-2.358083903624355937e+00
-2.360829584480345300e+00
-2.217028994715556145e+00
-2.162873135930984958e+00
-2.015933001523707802e+00
-1.950281499246287353e+00
-1.813737389186578230e+00
-1.732220260749503860e+00
-1.704086885300055032e+00
-1.707366643285574082e+00
-1.680312737437550386e+00
-1.661840156200574903e+00
-1.667563970575582033e+00
-1.704489582301449646e+00
-1.611452867508490483e+00
-1.477259356613269015e+00
-1.387317363607988963e+00
-1.343864543960395563e+00
-1.189909224420572897e+00
-1.154661307078338695e+00
-1.219877238034675848e+00
-1.160904226211261214e+00
-1.237630115895638871e+00
-1.169054335363234109e+00
-1.170669103013422419e+00
-1.132240734301947604e+00
-1.104699997092034147e+00
-1.026666632782190502e+00
-8.418146991966123371e-01
-8.397153393418282930e-01
-9.058694738408821223e-01
-9.275748638378250588e-01
-8.531945214157506951e-01
-8.121678762585182731e-01
-9.270480614395277819e-01
-9.916706767829774893e-01
-1.021141097032378653e+00
-1.126734423169599930e+00
-9.969844282628653742e-01
-9.642726796599014882e-01
-8.460900746026320807e-01
-9.224564687795729911e-01
-9.432101127824038533e-01
-8.858853420608492346e-01
-8.958607616063090084e-01
-1.047896801693166013e+00
-1.217367328672109617e+00
-1.302176928854193338e+00
-1.274690899509725694e+00
-1.213946467445786048e+00
-1.196834040813921085e+00
-1.171268674860155956e+00
-1.184749310725715654e+00
-1.106162951244516801e+00
-1.003553684544510993e+00
-9.901526966878356761e-01
-9.107427397639260569e-01
-9.301458811275522542e-01
-9.427189304199418141e-01
-9.221084034476407787e-01
-9.240987514507561507e-01
-7.620080472621343359e-01
-9.695812692793421839e-01
-9.487052491635746820e-01
-7.349962787460818658e-01
-8.366218436589316632e-01
-9.462721119097862177e-01
-1.012712223494365071e+00
-1.028128144440438207e+00
-1.139749464867387818e+00
-9.704630228114063950e-01
-9.305275931796717082e-01
-9.407204178492859503e-01
-7.571331288935291282e-01
-8.287247559073097625e-01
-9.536221523664217825e-01
-9.435634833396532306e-01
-8.522967366663674049e-01
-7.944783509368084085e-01
-7.148576320917027216e-01
-6.383686127508529928e-01
-5.803512094271773281e-01
-4.963522777472041958e-01
-5.456687034045928364e-01
-6.102250399053757990e-01
-7.984391564796394780e-01
-7.687057167500770394e-01
-7.828698486251358668e-01
-8.519482610528535949e-01
-8.276789341952183188e-01
-8.866421125704202488e-01
-9.727626651636109845e-01
-1.127890661431112829e+00
-1.225964769983296954e+00
-1.257778267514125581e+00
-1.114210372581119213e+00
-1.095402141047920885e+00
-1.099301841208565111e+00
-9.895229554180597908e-01
-1.071275009913096543e+00
-1.097147274633104130e+00
-1.128095852182064540e+00
-1.109888014185159033e+00
-1.241767303115637766e+00
-1.314543966155794941e+00
-1.382140510445299064e+00
-1.330302201485157543e+00
-1.368039849426441634e+00
-1.407669841476968609e+00
-1.490381307863034355e+00
-1.575441334422475803e+00
-1.684523539720379270e+00
-1.786098563247813020e+00
-1.801934993668667717e+00
-1.900429788197496084e+00
-1.849805237706743544e+00
-1.726126049841018029e+00
-1.615428283087532613e+00
-1.655710095127632009e+00
-1.823540030610453888e+00
-1.827518026324644884e+00
-1.877669470856964118e+00
-1.911797662986717494e+00
-1.912743469780511685e+00
-1.893967791203746920e+00
-1.839159847605759124e+00
-1.623483315195784815e+00
-1.573287372259666306e+00
-1.460862876569924973e+00
-1.470492572390902142e+00
-1.509692767511224387e+00
-1.599663646899185387e+00
-1.548617622911057090e+00
-1.476164666086176691e+00
-1.482192350282623527e+00
-1.392880754138841493e+00
-1.389436536596443394e+00
-1.357005058550141863e+00
-1.330695119288505923e+00
-1.195492025111418721e+00
-1.235395613827587225e+00
-1.380657461452712065e+00
-1.383383751109214632e+00
-1.252423428770219838e+00
-1.216416144104433661e+00
-1.252007063501593631e+00
-1.319001295817018082e+00
-1.277796517809488996e+00
-1.105670772303358085e+00
-1.205106005449010809e+00
-1.089144438017554783e+00
-9.942410530773463373e-01
-9.762030976572376728e-01
-9.435478483410904005e-01
-8.955968011229870074e-01
-9.732513687657310397e-01
-1.025526588753981949e+00
-1.060224120385447000e+00
-1.121376878410023092e+00
-1.192440734164806893e+00
-1.265723722365259762e+00
-1.360831904646970347e+00
-1.539499025674708976e+00
-1.509709817245491248e+00
-1.269984623652259392e+00
-1.147802073523515709e+00
-1.108134488089487224e+00
-1.256329874678984604e+00
-1.441252246015608751e+00
-1.378197793029122487e+00
-1.327311150090292990e+00
-1.312915133246943977e+00
-1.443862068225944206e+00
-1.504731640459881170e+00
-1.430034616961004978e+00
-1.394570541853709100e+00
-1.397356081499018465e+00
-1.374129816139642912e+00
-1.316259778161571914e+00
-1.173422218955396890e+00
-1.239181748817061113e+00
-1.357682726317302579e+00
-1.361714478196214051e+00
-1.290543269800858317e+00
-1.228978283416234163e+00
-1.407035712474099975e+00
-1.344978573517123577e+00
-1.382283167073240060e+00
-1.481273884231928406e+00
-1.415143447975202085e+00
-1.433451771763765370e+00
-1.576475884400745597e+00
-1.594001379797444828e+00
-1.595179900195911937e+00
-1.647627568916957053e+00
-1.529070094031470539e+00
-1.545692015955251186e+00
-1.502057991015441241e+00
-1.383664466391223868e+00
-1.320521716499770681e+00
-1.343936521218709546e+00
-1.349036609413178711e+00
-1.386856852702432974e+00
-1.487674582357347175e+00
-1.661423248645194084e+00
-1.648089624284378552e+00
-1.647332612006040309e+00
-1.792959940094996929e+00
-1.839492846668718151e+00
-1.873493648778544962e+00
-1.783347178711446768e+00
-1.880850762088550177e+00
-1.817114485795151779e+00
-1.929160874423421879e+00
-2.055486155636324863e+00
-2.073980746069899794e+00
-2.127243634429786479e+00
-2.159394513983997399e+00
-2.028609762276823769e+00
-1.998049756887599226e+00
-1.960280397693341836e+00
-1.941886381502321512e+00
-1.898386137098978965e+00
-1.933919792750183442e+00
-1.862513801655469647e+00
-1.772991457872639121e+00
-1.711309164028754104e+00
-1.767300314461665911e+00
-1.874557352392391740e+00
-1.856316853685314072e+00
-1.826205213322280807e+00
-1.926045459497188972e+00
-1.867867328622899059e+00
-1.716107466541471060e+00
-1.621356389612472526e+00
-1.536076713364684432e+00
-1.555025829448607233e+00
-1.451750700599319543e+00
-1.330086834521365002e+00
-1.344816474082749291e+00
-1.275046820177264228e+00
-1.256179380948227342e+00
-1.400098064822492994e+00
-1.358909428189858160e+00
-1.280135540454501619e+00
-1.263902865440157841e+00
-1.287402561149530555e+00
-1.198485280125877184e+00
-1.260189824527784053e+00
-1.230597770782257516e+00
-1.300422804080433092e+00
-1.350819252232919432e+00
-1.478850563234487048e+00
-1.393085289003327176e+00
-1.413132311819428999e+00
-1.586732190690710809e+00
-1.828976406716204206e+00
-1.587020081856862497e+00
-1.621077186816446636e+00
-1.726194513005510522e+00
-1.847860806149068669e+00
-1.874884861540825787e+00
-1.863992647653377466e+00
-1.799773552356296991e+00
-1.738957370462585139e+00
-1.813782749314126752e+00
-1.772242173345190963e+00
-1.754269609900073856e+00
-1.811806958733234163e+00
-1.864109145019046121e+00
-1.885056937814864719e+00
-1.893035139249715559e+00
-1.967868592442357123e+00
-1.862206772805021560e+00
-1.851441527526048514e+00
-1.831161039007857205e+00
-1.827916321294986490e+00
-1.815305328973320975e+00
-1.834138538576803201e+00
-1.844278944458788372e+00
-1.750599072481510809e+00
-1.793541033406262919e+00
-1.687439525721541544e+00
-1.696012661952701395e+00
-1.778223043910275747e+00
-1.725696380502894867e+00
-1.638523560811468549e+00
-1.596647890456214025e+00
-1.481700339213721129e+00
-1.508989776209173517e+00
-1.634893107723081496e+00
-1.679326440699859369e+00
-1.734844779160218176e+00
-1.752795645836995542e+00
-1.827353595952065923e+00
-1.818264138830333554e+00
-1.806278211280286428e+00
-1.876456146031060701e+00
-1.867352506524877942e+00
-1.870051870224564539e+00
-1.913083893101196198e+00
-1.912561057684529997e+00
-1.943704097075293902e+00
-1.963294711751764954e+00
-2.122585008553023123e+00
-2.147922467486163001e+00
-2.188973543604652683e+00
-2.180996228677392512e+00
-2.135010851388066566e+00
-2.156421680579251543e+00
-2.201033898429198388e+00
-2.209263054982593122e+00
-2.090372478082180407e+00
-2.061608931201314832e+00
-1.980918294552763248e+00
-1.960121455315077865e+00
-1.924830441165908068e+00
-1.935714765089833644e+00
-1.947594872648220399e+00
-1.871897424149931322e+00
-1.721846193471877617e+00
-1.664873607397303612e+00
-1.669371626989257784e+00
-1.713994481005090442e+00
-1.849968240667928532e+00
-1.826213134919199454e+00
-1.934574983470379150e+00
-1.859448300353743644e+00
-1.803139611333058223e+00
-1.882972933719792907e+00
-1.966740287158845302e+00
-2.009173169169744533e+00
-2.118556063184518390e+00
-2.141393343982450848e+00
-2.214443278237144153e+00
-2.247614171677478900e+00
-2.221337453458702260e+00
-2.314309409177598642e+00
-2.364296874757338074e+00
-2.334982816374624459e+00
-2.210979892391784496e+00
-2.261610605437619270e+00
-2.320154862530363626e+00
-2.345717579826940735e+00
-2.370754345369694427e+00
-2.276549062866514372e+00
-2.255720700731958850e+00
-2.437739219843009231e+00
-2.596892991210506541e+00
-2.500446882166922347e+00
-2.479584313033943221e+00
-2.419582847764667921e+00
-2.465934351064122954e+00
-2.393005307670887927e+00
-2.426494218833695093e+00
-2.457887590522630727e+00
-2.486762829425403609e+00
-2.512514223523355739e+00
-2.629360209007940874e+00
-2.554817903022813752e+00
-2.485528663367157165e+00
-2.382802342021745901e+00
-2.418705034072842430e+00
-2.346526961042013415e+00
-2.324285834909857851e+00
-2.354757644851966703e+00
-2.297765232360459375e+00
-2.158571762858844778e+00
-2.022752849489132032e+00
-1.922601435523014546e+00
-1.992405688584250489e+00
-2.051311799291360316e+00
-2.151548207223811460e+00
-2.219810510943518445e+00
-2.243051198186095885e+00
-2.164844969513488149e+00
-2.204913734630496780e+00
-2.229507517397324889e+00
-2.288720648753117093e+00
-2.282601035964218816e+00
-2.314248669895642152e+00
-2.358774503277169643e+00
-2.434078841652592917e+00
-2.546913185536074931e+00
-2.601975605375452361e+00
-2.605470122417270495e+00
-2.518261049148711628e+00
-2.503204386917730062e+00
-2.534461807068616679e+00
-2.590946456731335612e+00
-2.564687960298865033e+00
-2.499259977046845549e+00
-2.330124090808400883e+00
-2.265574546963866620e+00
-2.187685988607776189e+00
-2.054594930156074195e+00
-1.935510061918391367e+00
-1.814171378502369425e+00
-1.738886033023498090e+00
-1.685831827183273512e+00
-1.619703052812480948e+00
-1.516476971727639400e+00
-1.472976724467788268e+00
-1.540586385788007995e+00
-1.595791960184266278e+00
-1.532207219371845675e+00
-1.561068640020857545e+00
-1.629374284894596459e+00
-1.591260035727667610e+00
-1.594280592836650801e+00
-1.724755155428299380e+00
-1.653058049603476576e+00
-1.648284532052713303e+00
-1.571025924243309335e+00
-1.596859412294548086e+00
-1.504629995063336168e+00
-1.404215661802680204e+00
-1.483833374073701528e+00
-1.546228000049499673e+00
-1.578245621170894619e+00
-1.476393048470536540e+00
-1.510463230023552761e+00
-1.532987357925969851e+00
-1.660862108658036407e+00
-1.713313060468375948e+00
-1.744228033556704416e+00
-1.728048850216219678e+00
-1.721904910662486410e+00
-1.757539195840967405e+00
-1.819161629619781007e+00
-1.876674930265213703e+00
-1.932213610045041330e+00
-1.901415441243182292e+00
-1.839889798350355932e+00
-1.848646589800370776e+00
-1.902557022969321165e+00
-1.978896301268449953e+00
-2.100922944951663318e+00
-2.046051868629984671e+00
-2.094249495349496115e+00
-2.120502244443219109e+00
-2.096904739016388852e+00
-2.140587769995086376e+00
-2.255483222311049474e+00
-2.321137077439936025e+00
-2.294593845671353716e+00
-2.418888230339652168e+00
-2.417095431311055531e+00
-2.407871302654862156e+00
-2.485141090740814906e+00
-2.450598583051899482e+00
-2.258221141292928280e+00
-2.249802296596407292e+00
-2.071708853556618379e+00
-1.880413061071850800e+00
-1.888632467616376154e+00
-1.817016395420989028e+00
-1.761371809217390894e+00
-1.741350394076869756e+00
-1.691885136518075372e+00
-1.691313505509207449e+00
-1.694463797853449138e+00
-1.646215504839795729e+00
-1.751725114548297269e+00
-1.699240362557124628e+00
-1.784545006998827565e+00
-1.867875625198185618e+00
-1.979828261142608348e+00
-2.054264522114579439e+00
-2.059300174949219908e+00
-1.854090668801380959e+00
-1.718402978902198841e+00
-1.693009122791923282e+00
-1.646390066430533317e+00
-1.617999779304281294e+00
-1.569465875417437983e+00
-1.730336835779807236e+00
-1.765306783111966427e+00
-1.762944493344499097e+00
-1.872647809550544329e+00
-1.866273960464574611e+00
-1.836185574159966194e+00
-1.839454128944075118e+00
-1.843073175263126418e+00
-1.881747980274419918e+00
-1.895615682375584310e+00
-1.912026792799093489e+00
-1.934720978755266163e+00
-2.070999387665279912e+00
-2.117169188898227361e+00
-2.194294655668409977e+00
-2.296525890255905367e+00
-2.301320295923905856e+00
-2.152286442414307999e+00
-2.165097768990597693e+00
-2.096914798532489854e+00
-2.127940380234583984e+00
-2.163783531125488491e+00
-2.061145261794627537e+00
-2.082158549697552097e+00
-2.158898747825825026e+00
-2.210250422984009866e+00
-2.188931442483086354e+00
-2.073386988388205232e+00
-2.077765220547881153e+00
-2.112685315864561542e+00
-2.213339999442919925e+00
-2.185552824047328091e+00
-2.234189156571885881e+00
-2.162398451743485328e+00
-2.226410109940181847e+00
-2.251273396787472958e+00
-2.129608025967400842e+00
-2.083636399700095510e+00
-2.158875118853444075e+00
-2.245017778535425723e+00
-2.326753938128937271e+00
-2.270755104831876370e+00
-2.230185413276604134e+00
-2.152566326731656599e+00
-2.147103561531042093e+00
-2.097637247388314918e+00
-1.989340655397270119e+00
-2.028191972547003008e+00
-2.051295971558718012e+00
-2.174767778724551626e+00
-2.220696387084396761e+00
-2.285881675479793262e+00
-2.262508445577841254e+00
-2.308428349835392801e+00
-2.211256060551013647e+00
-2.217723661811146663e+00
-2.314759819534087715e+00
-2.357553213058648733e+00
-2.346665054531606120e+00
-2.357612983940405638e+00
-2.439438747333166901e+00
-2.450547112921605653e+00
-2.489677866507415516e+00
-2.533078251829890437e+00
-2.474190441778304717e+00
-2.304431979977244360e+00
-2.168467283569264215e+00
-2.218556529530506083e+00
-2.307244207661038882e+00
-2.296614231083757840e+00
-2.292600564141920483e+00
-2.315188657870369315e+00
-2.300125735130729598e+00
-2.173987916210633031e+00
-2.064047279686059166e+00
-2.049470932990545169e+00
-1.907541995832594317e+00
-1.890499122436404056e+00
-1.959272316551063930e+00
-1.973183852692840468e+00
-2.026148399956031465e+00
-2.062941602181675549e+00
-1.986595832931610461e+00
-2.011894091559859099e+00
-1.955371489388354256e+00
-2.052734504699163409e+00
-2.047217538412266613e+00
-2.145452988693046681e+00
-2.179067563868849255e+00
-2.237990948076638009e+00
-2.165823377879189326e+00
-2.250774835777388905e+00
-2.270468013383782235e+00
-2.297960196315349979e+00
-2.279751762081909661e+00
-2.267819032658560108e+00
-2.167597553856070558e+00
-2.116186947333378310e+00
-2.180143472500491786e+00
-2.143034176052150297e+00
-2.236810611340355859e+00
-2.239325504495534247e+00
-2.098311886530249026e+00
-1.994901280652537245e+00
-1.921222572102037285e+00
-1.900443370616513583e+00
-1.841736855192807276e+00
-1.788253808410333656e+00
-1.749039965428411003e+00
-1.776889529417265523e+00
-1.708906664036525136e+00
-1.727118597459869953e+00
-1.707839271034077511e+00
-1.661804123289082780e+00
-1.737836623186418405e+00
-1.787702951463805645e+00
-1.686650566251144623e+00
-1.789121732726453029e+00
-1.827817778868691345e+00
-1.816615216208278261e+00
-1.875393035831250499e+00
-1.736117750451802610e+00
-1.808556302560437423e+00
-1.717597588671314179e+00
-1.657024811952575893e+00
-1.663776713727336487e+00
-1.755025449928397485e+00
-1.804963154769171352e+00
-1.903234333415157131e+00
-1.945791484247999525e+00
-2.005421189041401764e+00
-2.040792346108173394e+00
-2.045431031200822147e+00
-2.066164534596163893e+00
-2.049146780810561452e+00
-2.175272289750465049e+00
-2.233090930315360101e+00
-2.173024289664560627e+00
-2.297804952782720456e+00
-2.296990034628761279e+00
-2.336775718103237143e+00
-2.371982525236973949e+00
-2.330778910703554363e+00
-2.274235735882311982e+00
-2.348278948560705182e+00
-2.447750787851286081e+00
-2.474633042732365951e+00
-2.367946930578155751e+00
-2.386116353448854088e+00
-2.456404900364518973e+00
-2.393634340115874615e+00
-2.463284559558966968e+00
-2.411254148235860040e+00
-2.265435338458546610e+00
-2.354342922383410475e+00
-2.406905205135958070e+00
-2.357440385849294273e+00
-2.316317227051778005e+00
-2.319935157154018324e+00
-2.335227506730300551e+00
-2.274249907201706833e+00
-2.309730105076534645e+00
-2.349895528220608654e+00
-2.382001874827468058e+00
-2.386723971878952355e+00
-2.489614311764749122e+00
-2.474294674378766157e+00
-2.394790997094286222e+00
-2.445498654548906803e+00
-2.390362448229398140e+00
-2.364260877894034607e+00
-2.406576821162632829e+00
-2.452585959731639509e+00
-2.476671359151953578e+00
-2.437216184612389647e+00
-2.402869351706772072e+00
-2.390694414018283087e+00
-2.444434860854277858e+00
-2.531436633383334911e+00
-2.473592554764850515e+00
-2.452671383223504087e+00
-2.510745970928000226e+00
-2.462594380410525030e+00
-2.385517334718016969e+00
-2.429644877585614093e+00
-2.397990260862694623e+00
-2.451434156040576795e+00
-2.489315566976920913e+00
-2.576952748364286450e+00
-2.563974111980309889e+00
-2.442058214739903477e+00
-2.408833554770907881e+00
-2.481124156016058180e+00
-2.496764113567848220e+00
-2.405783964850332080e+00
-2.324833088612125565e+00
-2.228311273287276517e+00
-2.219360613200954901e+00
-2.270406082268712211e+00
-2.321465310737265142e+00
-2.395614340212234517e+00
-2.426915198465844359e+00
-2.518161743172647959e+00
-2.651889217119526521e+00
-2.787297953489602520e+00
-2.882582492986346612e+00
-2.940333415445543164e+00
-2.944889505641417049e+00
-2.938118333214653433e+00
-2.994863030050121555e+00
-3.035575586148540062e+00
-3.077328534274116123e+00
-3.056430954117533627e+00
-2.981047118305954147e+00
-2.824756277319989906e+00
-2.860924561860668458e+00
-2.871358564991544959e+00
-2.803247017334097979e+00
-2.726048541476654652e+00
-2.707291921675254898e+00
-2.773609819968581913e+00
-2.709634401333911757e+00
-2.810415436063018468e+00
-2.822780956177328271e+00
-2.765398354511433787e+00
-2.748349943214436486e+00
-2.682028857571526537e+00
-2.778426975172171520e+00
-2.878628568828498047e+00
-2.931279534363552486e+00
-2.928975737317256023e+00
-2.973580502938395487e+00
-3.111595089886152188e+00
-3.181854538599978355e+00
-3.304372074496290779e+00
-3.420871878551320577e+00
-3.412914077395462265e+00
-3.473264022858699729e+00
-3.610927363922385780e+00
-3.556182664151088524e+00
-3.653600037946099555e+00
-3.550685208309935170e+00
-3.525678100967960749e+00
-3.561406679793637675e+00
-3.559253535409412805e+00
-3.518207778131786423e+00
-3.545141338592431079e+00
-3.604377334860752402e+00
-3.535233817626381114e+00
-3.523176685346781412e+00
-3.588895709720227423e+00
-3.547503425518689468e+00
-3.522762687588090191e+00
-3.586505792490861211e+00
-3.554767780587359649e+00
-3.566230744028475286e+00
-3.624524029836523553e+00
