Timestamp,Open,High,Low,Close,Volume,Log_return
2020-01-02,7174.7,7184.94,6900.0,6950.56,3972.70795427,-0.03229329027737427
2020-01-03,6945.7,7402.31,6853.53,7338.91,8072.72908749,0.05436809836637257
2020-01-04,7332.58,7396.1,7256.03,7344.48,3256.73735349,0.0007586804228685627
2020-01-05,7356.05,7495.0,7310.0,7356.7,2707.27385549,0.0016624519684020128
2020-01-06,7352.12,7817.0,7342.46,7762.74,6728.28277831,0.053723902028167826
2020-01-07,7768.17,8220.0,7697.03,8159.01,12158.32281238,0.04978747343026358
2020-01-08,8151.79,8463.57,7872.09,8044.44,11913.23248192,-0.014141668517198428
2020-01-09,8048.94,8048.94,7737.97,7806.78,5957.24423978,-0.029988582666622365
2020-01-10,7812.7,8200.0,7667.0,8200.0,8999.98825687,0.049141567367719
2020-01-11,8200.0,8286.0,8000.0,8016.22,3788.3273136000003,-0.02266716519452806
2020-01-12,8008.1,8190.0,7960.0,8180.76,2056.08675369,0.02031806675860516
2020-01-13,8180.75,8196.81,8039.0,8105.01,4011.43909644,-0.00930266684111372
2020-01-14,8105.01,8895.0,8105.01,8813.04,17009.43193382,0.08375005386362715
2020-01-15,8813.2,8903.2,8555.0,8809.17,8606.88339936,-0.00043921847057953097
2020-01-16,8810.62,8852.35,8573.91,8710.15,6713.2584764,-0.011304212085711078
2020-01-17,8715.39,9015.22,8661.52,8892.63,9363.15892644,0.020733831494114684
2020-01-18,8898.03,9000.1,8798.9,8908.53,3678.00926615,0.0017864009118932311
2020-01-19,8901.02,9188.1,8461.38,8696.6,8785.449927,-0.024077100027696686
2020-01-20,8698.97,8740.54,8507.93,8625.17,4420.19825219,-0.008247471810710014
2020-01-21,8629.66,8778.66,8480.0,8717.89,3394.68916005,0.010692563295652198
2020-01-22,8728.47,8792.98,8567.68,8655.93,3143.81212331,-0.007132600968489261
2020-01-23,8661.63,8665.95,8280.0,8378.44,8611.0107876,-0.03258289554864103
2020-01-24,8382.08,8530.7,8212.9,8422.13,6430.43023326,0.005201025737451887
2020-01-25,8435.83,8437.47,8252.72,8329.5,2812.78995216,-0.011059335016447808
2020-01-26,8320.0,8600.0,8276.22,8590.48,6340.58577579,0.030851182996347426
2020-01-27,8600.0,9004.35,8546.55,8894.54,9619.7747426,0.03478299197026043
2020-01-28,8894.57,9413.24,8876.0,9400.0,9565.55935515,0.05527208394171598
2020-01-29,9386.57,9443.96,9215.5,9289.18,6481.91594603,-0.011859407299681511
2020-01-30,9280.83,9570.0,9166.07,9500.0,7945.15877894,0.022441516630218494
2020-01-31,9510.84,9529.35,9195.93,9327.85,5009.62230695,-0.018287249745148792
2020-02-01,9339.26,9464.16,9280.33,9377.17,1669.00246242,0.005273462877518969
2020-02-02,9379.6,9474.28,9135.0,9329.39,3015.79158859,-0.0051083795100437795
2020-02-03,9309.69,9615.0,9211.07,9288.09,4758.13350441,-0.004436697957697542
2020-02-04,9281.0,9348.6,9075.0,9159.37,4867.22545881,-0.013955535242927874
2020-02-05,9168.49,9775.0,9142.52,9618.42,8063.96793828,0.04890261099612093
2020-02-06,9617.84,9859.57,9521.0,9754.63,7554.48867469,0.014062034064382056
2020-02-07,9754.63,9878.0,9706.94,9803.42,4013.49096731,0.0049892603004494645
2020-02-08,9803.71,9948.97,9658.58,9902.0,3268.73554695,0.010005452550082686
2020-02-09,9907.7,10178.54,9885.04,10173.97,4830.33787739,0.027095740764248283
2020-02-10,10173.51,10199.85,9731.2,9850.01,7560.66789084,-0.03236002729157103
2020-02-11,9851.99,10383.9,9706.94,10268.98,8127.59636283,0.04165523019304309
2020-02-12,10270.98,10495.0,10247.35,10348.78,6553.40942709,0.007740937762558591
2020-02-13,10348.78,10500.5,10068.0,10228.67,9347.45128374,-0.011674076631149596
2020-02-14,10229.19,10398.0,10093.26,10364.04,6190.37749036,0.013147560469756328
2020-02-15,10364.04,10408.04,9739.0,9899.78,5762.30634481,-0.045829587534712134
2020-02-16,9909.71,10051.24,9598.49,9912.89,4133.47675014,0.0013233957778913926
2020-02-17,9925.96,9973.45,9467.57,9697.15,5913.20492551,-0.02200390254486582
2020-02-18,9725.57,10288.0,9602.6,10185.17,6754.35394103,0.0491007128476096
2020-02-19,10190.3,10300.0,9312.0,9595.72,9936.8206814,-0.0596155750248122
2020-02-20,9589.1,9706.27,9396.91,9612.76,6608.4910792,0.0017742168531753506
2020-02-21,9610.4,9773.2,9562.6,9696.13,4271.47074293,0.008635454247433545
2020-02-22,9696.13,9722.39,9568.51,9668.13,2096.56353593,-0.002891927655819229
2020-02-23,9664.08,10024.08,9664.08,9965.21,3329.22433648,0.03026511802884557
2020-02-24,9969.79,10027.66,9480.0,9652.58,5877.00770771,-0.03187479007066596
2020-02-25,9664.87,9682.73,9234.21,9305.4,6280.00295543,-0.03663036031887195
2020-02-26,9305.4,9369.99,8627.78,8779.36,11564.19794381,-0.05819136475961565
2020-02-27,8778.37,8974.75,8520.0,8816.5,9273.9036636,0.004221453814131644
2020-02-28,8816.5,8900.94,8421.49,8703.84,6546.98122765,-0.01286065827415298
2020-02-29,8710.0,8805.06,8525.0,8527.74,2338.06785643,-0.02043992843784001
2020-03-01,8525.0,8756.11,8410.0,8528.95,4156.57173933,0.00014187981396508053
2020-03-02,8516.0,8980.34,8486.72,8917.34,6186.86088929,0.04453143687374415
2020-03-03,8917.34,8921.8,8660.04,8755.45,4629.97228611,-0.018321332224178966
2020-03-04,8755.45,8850.0,8663.76,8753.28,3353.2325223,-0.0002478763463838528
2020-03-05,8757.79,9169.0,8757.79,9066.65,6448.68567336,0.03517435912586367
2020-03-06,9059.0,9187.85,8990.01,9153.79,4136.42339429,0.00956515478053722
2020-03-07,9154.1,9219.13,8859.49,8893.93,2805.5915714,-0.02879897959434019
2020-03-08,8901.12,8901.12,7995.48,8033.7,9068.89040196,-0.10172382764264568
2020-03-09,8035.79,8191.13,7636.0,7936.25,12177.39425093,-0.012204322437886942
2020-03-10,7937.2,8158.42,7733.99,7885.92,8274.9537573,-0.006361980658523247
2020-03-11,7893.63,7988.78,7591.99,7934.57,7289.61145281,0.006150271369869626
2020-03-12,7956.29,7969.9,4776.59,4841.67,58513.38918903,-0.4939694596760823
2020-03-13,4841.67,5990.35,3850.0,5622.74,54419.64133553,0.14955938704060256
2020-03-14,5623.16,5663.01,5051.0,5169.37,15370.8681496,-0.08406826534974021
2020-03-15,5167.38,5965.77,5092.34,5343.64,16589.303863780002,0.03315624446709302
2020-03-16,5353.04,5353.04,4435.89,5033.42,34905.46359769,-0.05980739514816401
2020-03-17,5051.41,5569.9,4936.0,5324.99,17517.84242049,0.05631116011187519
2020-03-18,5340.95,5452.43,5006.87,5406.92,22559.23112903,0.015268780995670621
2020-03-19,5413.0,6433.98,5266.38,6181.18,24783.73487365,0.13382957709936516
2020-03-20,6192.94,7139.0,5670.0,6210.14,30082.50248252,0.0046742482201938525
2020-03-21,6207.66,6461.91,5866.44,6187.78,11796.72656887,-0.0036070605784862533
2020-03-22,6199.17,6419.0,5705.0,5813.15,10813.38456907,-0.06245378677801253
2020-03-23,5816.57,6629.79,5686.34,6493.51,19053.80456405,0.11068062395017808
2020-03-24,6494.7,6893.0,6400.01,6768.64,19719.09402414,0.04149696391254893
2020-03-25,6768.64,6989.04,6457.17,6692.22,16675.73512097,-0.01135452282199079
2020-03-26,6695.47,6798.89,6528.07,6760.72,7393.70723365,0.010183735600024533
2020-03-27,6765.15,6872.67,6210.0,6376.03,10816.28556504,-0.05858374663780903
2020-03-28,6376.03,6376.03,6030.51,6253.08,11613.49398164,-0.019471504258867973
2020-03-29,6275.11,6278.24,5869.0,5870.9,9298.9390511,-0.06306619829872588
2020-03-30,5878.47,6630.0,5856.0,6407.77,14974.444163,0.08750337242415285
2020-03-31,6408.95,6527.24,6337.42,6421.14,6342.29832651,0.002084355543929826
2020-04-01,6428.74,6710.21,6137.71,6652.07,11319.14793815,0.03533241239462049
2020-04-02,6669.95,7236.39,6575.13,6801.99,17212.82067331,0.022287132001841285
2020-04-03,6789.63,7047.96,6610.0,6742.57,10570.10640235,-0.008774058544408918
2020-04-04,6737.36,7014.0,6655.54,6879.61,6018.51563233,0.02012080640834828
2020-04-05,6887.22,6914.01,6678.51,6775.2,3981.97692417,-0.01529307766677374
2020-04-06,6780.57,7376.59,6773.75,7352.43,13683.03789416,0.08176198420420579
2020-04-07,7335.85,7469.0,7077.0,7202.73,11669.014265239999,-0.020570750006296774
2020-04-08,7204.78,7428.95,7152.0,7367.36,8720.21050049,0.02259931225070732
2020-04-09,7370.85,7376.59,7107.38,7293.93,8324.9217727,-0.010016937662413409
2020-04-10,7299.12,7306.1,6750.15,6877.03,10727.86685616,-0.058855622715959746
2020-04-11,6866.03,6955.59,6771.24,6883.18,3326.67476213,0.000893881766266692
2020-04-12,6882.75,7201.76,6790.74,6908.24,7264.51928043,0.003634147546905297
2020-04-13,6908.21,6914.01,6542.91,6864.22,10837.57453223,-0.006392489054586258
2020-04-14,6864.66,6991.0,6766.96,6879.75,7275.68657382,0.002259901121656427
2020-04-15,6868.88,6940.0,6598.55,6619.0,8109.73234254,-0.0386380129389518
2020-04-16,6619.0,7224.18,6472.67,7111.67,15726.69637377,0.07179279554833976
2020-04-17,7121.35,7158.22,6995.39,7024.19,8539.61835086,-0.012377190604262582
2020-04-18,7020.13,7306.15,7020.13,7262.26,5102.50261952,0.03333116907951924
2020-04-19,7265.94,7276.21,7057.46,7126.4,4662.19209244,-0.018884877079470914
2020-04-20,7124.27,7220.0,6757.75,6841.0,11365.00931766,-0.04087227830205049
2020-04-21,6833.0,6950.98,6774.48,6854.98,5570.95619043,0.0020414756527505342
2020-04-22,6850.6,7171.26,6819.59,7137.79,6273.40631495,0.04042780919797639
2020-04-23,7138.29,7756.69,7031.07,7484.58,14779.54814354,0.04744169944320518
2020-04-24,7494.2,7612.91,7391.57,7505.53,7357.10670681,0.0027951781061286225
2020-04-25,7518.81,7723.77,7432.8,7547.56,3800.82773036,0.005584250040539571
2020-04-26,7547.56,7718.0,7485.0,7701.73,5247.54081807,0.020220646729131337
2020-04-27,7708.87,7813.68,7637.03,7786.41,6878.02253788,0.010934927471287565
2020-04-28,7794.22,7798.42,7650.0,7767.79,7248.9559695,-0.002394209781862893
2020-04-29,7762.07,8970.0,7717.14,8790.32,26396.09715679,0.1236654194021106
2020-04-30,8789.79,9485.26,8407.0,8627.32,24057.73933525,-0.01871720378557347
2020-05-01,8629.72,9075.0,8616.17,8832.44,11379.68574201,0.02349739487984786
2020-05-02,8836.0,9022.0,8760.0,8983.79,5524.26706572,0.01699053513985216
2020-05-03,8982.56,9207.82,8723.78,8915.98,9218.274909,-0.007576669911514618
2020-05-04,8924.14,8974.34,8528.42,8882.87,10018.97499887,-0.003720469377749465
2020-05-05,8889.24,9120.0,8760.1,9034.85,9592.13446226,0.016964618818452303
2020-05-06,9040.0,9417.95,8921.03,9154.32,15110.941813290001,0.013136577212686339
2020-05-07,9163.63,10074.0,9030.03,10000.0,25012.90031203,0.0883591939779168
2020-05-08,10008.19,10048.38,9725.0,9801.35,19203.48379461,-0.020064961702841333
2020-05-09,9809.04,9914.0,9515.4,9546.56,11278.63371513,-0.026339251113647162
2020-05-10,9527.31,9565.2,8109.0,8731.17,31639.42874341,-0.08928149868745032
2020-05-11,8740.88,9182.97,8181.0,8571.98,34465.18657226,-0.018400637059286296
2020-05-12,8574.19,8984.87,8534.97,8825.46,14010.261205499999,0.029141981675989994
2020-05-13,8816.99,9418.46,8804.47,9315.5,12762.85161682,0.05403895337146099
2020-05-14,9323.73,9945.34,9254.85,9793.5,19936.18545561,0.0500392208343893
2020-05-15,9809.91,9844.66,9112.0,9306.21,17324.14460144,-0.05103698105841853
2020-05-16,9307.43,9590.0,9216.08,9389.07,6170.09609719,0.00886432752744639
2020-05-17,9377.79,9894.88,9326.53,9665.7,9515.79358021,0.029037289536342513
2020-05-18,9672.95,9966.12,9451.2,9721.91,12362.32763823,0.005798564907929197
2020-05-19,9730.0,9903.89,9455.05,9787.65,12149.68534917,0.00673928564402225
2020-05-20,9776.3,9843.87,9100.0,9516.51,12351.42817701,-0.028093201918339045
2020-05-21,9505.61,9573.29,8800.0,9062.47,16879.82890788,-0.04888647512115731
2020-05-22,9062.25,9272.97,8924.91,9171.96,7261.28419694,0.012009294056665037
2020-05-23,9171.96,9316.12,9084.83,9183.46,3477.27850858,0.0012530360519867477
2020-05-24,9183.93,9310.91,8669.0,8718.77,8855.47763284,-0.051925867013319894
2020-05-25,8710.12,8984.16,8630.0,8903.56,8919.92378955,0.020973023833602847
2020-05-26,8903.22,9012.0,8690.0,8840.91,5923.00523696,-0.00706138423147766
2020-05-27,8835.79,9230.21,8810.99,9210.0,6867.67101935,0.04090003773927209
2020-05-28,9209.99,9625.01,9105.79,9577.38,11523.40889483,0.039114217881257504
2020-05-29,9581.49,9610.0,9330.0,9421.04,7226.77389995,-0.016458582257179995
2020-05-30,9428.52,9758.27,9326.28,9705.1,6781.84196225,0.029706034643622568
2020-05-31,9705.1,9711.7,9373.96,9446.19,5697.99838373,-0.0270400349291708
2020-06-01,9444.61,10429.26,9416.5,10203.64,12109.14149664,0.07713303376921425
2020-06-02,10203.64,10241.26,9135.68,9525.73,22725.11942099,-0.06874796087897363
2020-06-03,9522.52,9699.95,9380.99,9668.99,6928.76322878,0.014927298771774287
2020-06-04,9668.0,9888.0,9430.0,9791.92,8938.7688887,0.012633698534196078
2020-06-05,9791.0,9856.48,9592.74,9619.99,7157.37095675,-0.017714330625920337
2020-06-06,9616.17,9744.39,9525.76,9669.85,4047.26924742,0.005169572276406258
2020-06-07,9673.08,9829.31,9356.0,9750.04,6762.65158822,0.008258590113001486
2020-06-08,9759.04,9813.67,9645.0,9783.0,5379.07801648,0.0033747979098488713
2020-06-09,9786.64,9897.46,9566.81,9776.84,6922.79788471,-0.0006298620237846792
2020-06-10,9782.3,10011.4,9578.0,9894.32,7107.20140335,0.011944531665032454
2020-06-11,9894.32,9981.24,9078.91,9264.26,16389.44455357,-0.06579686904933528
2020-06-12,9265.95,9555.0,9230.0,9463.07,6934.13533535,0.02123286866285394
2020-06-13,9465.92,9500.0,9345.71,9473.46,2938.68222067,0.0010973500469848797
2020-06-14,9478.93,9479.59,9235.01,9329.99,3477.25235863,-0.015260261729726348
2020-06-15,9329.99,9505.4,8900.0,9435.15,11765.1135339,0.011208133898013091
2020-06-16,9435.41,9596.31,9374.9,9530.3,6864.21822439,0.010034119763610452
2020-06-17,9530.3,9566.53,9230.32,9461.29,5902.36636044,-0.007267459305465425
2020-06-18,9459.82,9478.69,9250.0,9374.78,3997.01284654,-0.009185632489013735
2020-06-19,9374.83,9429.99,9225.15,9304.32,5305.9077191,-0.007544296480437287
2020-06-20,9287.6,9400.0,9138.0,9355.46,3071.79384829,0.005481321649154438
2020-06-21,9355.93,9421.26,9271.52,9283.03,1435.21189641,-0.007772127956719329
2020-06-22,9287.89,9798.76,9267.2,9683.12,6615.64540882,0.042196161279598694
2020-06-23,9688.26,9725.3,9571.0,9622.81,4866.11470545,-0.006247841589181533
2020-06-24,9617.88,9666.35,9193.99,9286.06,10072.57541802,-0.03562197090036965
2020-06-25,9286.3,9343.49,8989.0,9239.48,8701.2461746,-0.005028743902803936
2020-06-26,9237.98,9289.71,9024.61,9158.26,7912.38375487,-0.0088294027035306
2020-06-27,9158.13,9189.0,8830.63,9009.3,4399.67602419,-0.016398827162002992
2020-06-28,9008.33,9191.72,8933.06,9118.01,3231.85728086,0.011994201374218645
2020-06-29,9118.8,9240.36,9014.92,9188.88,4942.72533003,0.007742478818696236
2020-06-30,9187.85,9201.95,9060.0,9132.96,2781.63125132,-0.006104209363020882
2020-07-01,9136.89,9300.0,9089.8,9233.38,4321.56559235,0.010935330685972282
2020-07-02,9233.38,9268.54,8939.0,9092.92,6866.04897352,-0.015329089935427464
2020-07-03,9091.68,9127.11,9027.17,9063.08,3510.00353809,-0.0032870705957274513
2020-07-04,9053.87,9196.0,9045.94,9138.52,2180.37237178,0.008289428620061864
2020-07-05,9142.16,9147.37,8905.0,9076.82,3067.87780852,-0.00677453574549695
2020-07-06,9077.18,9376.34,9060.5,9348.22,5361.35284949,0.029462039838106004
2020-07-07,9346.9,9385.81,9201.78,9257.16,4702.82565367,-0.009788644692498615
2020-07-08,9257.21,9479.57,9228.91,9437.16,6275.54666358,0.019257781283054325
2020-07-09,9441.76,9448.5,9157.11,9234.9,4575.44853951,-0.021665302213861495
2020-07-10,9234.91,9318.92,9053.14,9283.53,3910.32678996,0.005252077177750552
2020-07-11,9291.0,9304.95,9180.0,9238.3,1453.16535935,-0.004883976357276383
2020-07-12,9234.07,9347.76,9153.48,9306.17,2037.15363045,0.007319734997108184
2020-07-13,9304.94,9351.17,9190.49,9233.1,3875.17319052,-0.007882767592078649
2020-07-14,9234.19,9282.08,9095.0,9251.59,4479.91060569,0.002000575196757887
2020-07-15,9256.33,9276.98,9153.38,9190.07,3810.04841103,-0.006671875330947765
2020-07-16,9191.0,9217.5,9026.51,9132.87,5541.85389383,-0.006243559801458095
2020-07-17,9134.44,9184.28,9073.53,9156.5,3593.49712953,0.002584016086764981
2020-07-18,9150.51,9214.63,9122.72,9177.43,1358.28531978,0.0022831994114016463
2020-07-19,9175.7,9243.36,9106.3,9211.99,1585.39916859,0.0037586874069823056
2020-07-20,9213.15,9224.73,9128.21,9162.43,3064.80739401,-0.005394469069953325
2020-07-21,9161.77,9442.89,9152.23,9391.25,5559.47430975,0.02466697735393634
2020-07-22,9395.98,9573.0,9280.8,9539.51,5520.76262356,0.015663716756415823
2020-07-23,9537.23,9690.0,9453.38,9617.2,10413.94384743,0.0081110405626382
2020-07-24,9614.85,9650.55,9474.35,9547.91,8012.90509154,-0.007230879645942541
2020-07-25,9549.34,9751.82,9532.79,9710.98,5065.44989566,0.016934921715619344
2020-07-26,9712.45,10200.0,9657.0,9944.65,9090.21430682,0.023777514032057873
2020-07-27,9944.65,11417.11,9933.77,11046.19,27736.83221358,0.10505085400571017
2020-07-28,11049.4,11263.85,10583.48,10939.27,17062.37380128,-0.00972650496540169
2020-07-29,10931.91,11358.47,10855.81,11111.17,12452.86303565,0.01559184147549647
2020-07-30,11105.01,11189.0,10832.0,11112.12,10456.84804792,8.549589197451056e-05
2020-07-31,11110.84,11457.95,10973.8,11356.74,10417.50746157,0.021774995747922576
2020-08-01,11357.98,11883.36,11228.0,11817.49,11195.80752332,0.0397692372045066
2020-08-02,11808.21,12100.0,10559.59,11071.66,12656.41102944,-0.06519194717090576
2020-08-03,11074.92,11480.0,10933.26,11236.39,6984.67078032,0.014768928189459471
2020-08-04,11236.39,11420.0,11000.79,11192.42,5522.11051757,-0.003920855036856673
2020-08-05,11193.48,11795.86,11094.35,11755.24,7514.79142531,0.04906233516358042
2020-08-06,11759.9,11913.5,11575.57,11770.08,9855.99436305,0.0012616195629544281
2020-08-07,11770.26,11920.0,11219.0,11600.85,10503.36174678,-0.014482346900619496
2020-08-08,11601.75,11817.95,11527.0,11776.9,3983.74888665,0.015061614406745923
2020-08-09,11767.93,11808.28,11527.92,11683.03,2649.48917649,-0.008002624131270173
2020-08-10,11684.6,12080.0,11510.0,11895.12,7701.72806914,0.01799087041109928
2020-08-11,11896.37,11945.05,11130.0,11392.64,10470.68807136,-0.04316069910954184
2020-08-12,11386.5,11625.0,11150.0,11565.35,5668.60180464,0.015046026085350729
2020-08-13,11567.74,11806.61,11270.91,11793.26,6839.55121466,0.019514622889595143
2020-08-14,11797.55,11862.0,11652.01,11779.77,5526.79649808,-0.0011445284269860094
2020-08-15,11771.97,11986.93,11667.7,11852.2,3983.17592982,0.006129850943170026
2020-08-16,11858.6,11938.55,11685.97,11914.02,2494.17000289,0.0052023535444111315
2020-08-17,11916.83,12473.0,11771.44,12298.38,9778.32856833,0.03175168848471063
2020-08-18,12301.27,12408.53,11823.0,11958.1,8818.18784117,-0.028058673360940027
2020-08-19,11950.0,12022.18,11574.4,11757.55,9401.50118445,-0.016913285593444197
2020-08-20,11762.18,11894.12,11675.29,11859.37,4191.75792092,0.008622684995747205
2020-08-21,11857.18,11887.67,11485.49,11531.74,6391.17972721,-0.02801503886556974
2020-08-22,11527.81,11694.02,11367.0,11667.7,3401.42192253,0.011721106764736682
2020-08-23,11678.17,11715.09,11524.7,11644.65,1632.87091819,-0.001977493260986575
2020-08-24,11653.7,11832.55,11588.61,11761.8,2887.05808264,0.010010144915625081
2020-08-25,11750.4,11772.22,11112.75,11328.88,7073.69374623,-0.03750177443232927
2020-08-26,11328.5,11549.8,11250.14,11469.3,4273.08016903,0.012318682958274603
2020-08-27,11462.91,11602.92,11122.72,11330.0,7796.15569663,-0.012219825468326949
2020-08-28,11332.26,11555.61,11277.95,11536.58,6046.49746388,0.018068781631322875
2020-08-29,11538.74,11592.0,11423.64,11471.71,2095.93600275,-0.005638852073519185
2020-08-30,11471.71,11715.69,11458.62,11708.97,2328.65701886,0.020471210133892977
2020-08-31,11713.11,11780.0,11573.39,11655.0,4534.21810201,-0.00461994224389131
2020-09-01,11658.48,12065.82,11515.0,11923.96,7960.82238043,0.02281454874347759
2020-09-02,11919.53,11956.45,11155.32,11398.44,13056.07287751,-0.04507331729974642
2020-09-03,11395.1,11477.35,9987.86,10160.0,18554.73121203,-0.11501806178111569
2020-09-04,10160.0,10646.75,9902.43,10456.32,17415.36005733,0.0287481381409222
2020-09-05,10460.2,10567.9,9850.0,10167.19,12165.47308504,-0.028040711260979137
2020-09-06,10165.47,10353.39,10000.0,10260.17,5121.25180431,0.00910353977585669
2020-09-07,10258.43,10415.66,9880.0,10377.14,8725.09203962,0.011335901101154617
2020-09-08,10377.5,10446.18,9825.07,10123.96,10560.87470567,-0.024700418239724724
2020-09-09,10126.01,10353.39,9981.38,10232.8,5872.2195124,0.010693355635480933
2020-09-10,10221.76,10495.75,10220.0,10342.59,10223.19117775,0.010672073970461968
2020-09-11,10341.38,10409.44,10200.5,10393.04,5245.7424448599995,0.004866030069717312
2020-09-12,10400.46,10482.42,10275.0,10443.33,2509.23983418,0.004827145769822373
2020-09-13,10446.4,10576.78,10214.9,10334.78,4325.10556518,-0.01044859109509677
2020-09-14,10338.82,10765.03,10250.13,10675.15,7325.23245633,0.03240370452026361
2020-09-15,10671.4,10940.01,10611.17,10783.83,6456.66295267,0.010129179412526371
2020-09-16,10785.0,11100.0,10662.81,10951.54,8300.239832019999,0.015432295692400302
2020-09-17,10950.15,11054.0,10739.23,10940.47,5525.71740992,-0.0010113279633546463
2020-09-18,10947.35,11040.18,10816.54,10931.2,4398.92439287,-0.0008476719477824144
2020-09-19,10935.49,11183.01,10890.53,11077.22,2253.35153789,0.013269661578752643
2020-09-20,11077.22,11079.25,10755.9,10923.5,3250.01749577,-0.013974315526746491
2020-09-21,10921.53,10996.98,10286.56,10411.29,9948.02125053,-0.04802563752613869
2020-09-22,10418.83,10573.05,10353.39,10534.31,4800.59855196,0.011746754887497938
2020-09-23,10525.72,10541.39,10138.3,10233.42,5711.36066207,-0.028978714200815596
2020-09-24,10236.86,10795.53,10193.2,10744.02,6703.91881646,0.04869048577874515
2020-09-25,10738.46,10762.65,10553.14,10689.81,6346.72379355,-0.0050583694645038955
2020-09-26,10694.23,10830.0,10655.29,10729.09,2550.31630347,0.0036677928404518787
2020-09-27,10731.09,10807.14,10593.58,10780.66,2286.86162473,0.004795043997257338
2020-09-28,10779.99,10950.0,10628.52,10689.48,4991.57062725,-0.008493707834830727
2020-09-29,10681.41,10865.0,10636.66,10836.42,4029.39173043,0.013652602899960052
2020-09-30,10840.0,10847.5,10658.56,10778.22,4304.6226949,-0.005385251908380844
2020-10-01,10780.83,10940.22,10437.08,10622.71,8678.34728292,-0.014533269084338683
2020-10-02,10611.17,10667.53,10380.0,10578.54,8333.45852437,-0.0041667414803967275
2020-10-03,10571.6,10605.79,10500.0,10553.66,1134.79775814,-0.002354701497794253
2020-10-04,10543.17,10699.88,10524.81,10669.63,1057.77530355,0.010928668858146782
2020-10-05,10666.16,10805.82,10620.71,10795.0,3618.01529204,0.011681675917900817
2020-10-06,10797.36,10801.86,10525.0,10606.33,4800.69513633,-0.017632071272366052
2020-10-07,10602.31,10682.56,10547.71,10669.14,5560.24913562,0.005904469558359372
2020-10-08,10669.1,10957.0,10535.06,10925.2,6969.04085121,0.023716585197481106
2020-10-09,10927.02,11118.49,10826.4,11052.0,5355.33959365,0.011539359610925021
2020-10-10,11060.46,11496.06,11059.62,11301.2,3270.37027031,0.022297507709133368
2020-10-11,11300.97,11447.44,11272.11,11372.93,2177.65085818,0.0063270554847232935
2020-10-12,11372.48,11731.7,11175.99,11535.98,7088.22778528,0.014234876582873498
2020-10-13,11539.42,11567.4,11314.53,11427.98,5097.96082433,-0.009406112558409506
2020-10-14,11440.28,11555.1,11287.42,11428.84,3788.25075923,7.52510629568553e-05
2020-10-15,11430.49,11623.6,11250.01,11511.11,4864.42955616,0.007172670621614502
2020-10-16,11506.53,11548.65,11200.0,11321.86,4309.22448566,-0.01657728573252792
2020-10-17,11331.88,11415.48,11264.01,11365.8,1124.42019876,0.003873476148616733
2020-10-18,11365.8,11526.34,11352.79,11519.97,1047.16869132,0.013473204717536635
2020-10-19,11518.58,11840.0,11409.94,11764.14,5459.93398846,0.020973870237290745
2020-10-20,11759.2,12059.94,11680.0,11921.11,5859.83732437,0.013254856772121322
2020-10-21,11921.33,13235.0,11899.1,12802.67,20093.61486293,0.07134296481582025
2020-10-22,12802.63,13208.25,12686.73,12983.26,9277.56218571,0.014007092442767053
2020-10-23,12983.26,13037.26,12729.82,12941.59,4996.39791976,-0.003214679034622695
2020-10-24,12940.03,13182.83,12887.38,13122.73,2820.82333324,0.013899684807682952
2020-10-25,13122.73,13363.53,12903.74,13039.09,3658.60280875,-0.006394072351419717
2020-10-26,13041.12,13250.0,12773.5,13066.73,5725.19571956,0.002117536268008571
2020-10-27,13065.1,13788.0,13057.09,13647.9,11242.75450774,0.0435163585862528
2020-10-28,13642.31,13864.89,12892.0,13274.73,10670.86461819,-0.02772343570347741
2020-10-29,13275.82,13650.0,12993.0,13468.44,8894.95694501,0.014486942859732418
2020-10-30,13456.14,13675.56,13129.26,13562.13,8981.11986042,0.00693217902470712
2020-10-31,13569.42,14100.0,13420.97,13816.08,6337.39292768,0.01855178139301791
2020-11-01,13799.44,13907.47,13629.31,13762.0,2534.0858149700002,-0.003921960435281138
2020-11-02,13762.0,13842.5,13220.0,13563.72,7065.41110933,-0.014512589608170137
2020-11-03,13578.82,14083.76,13287.7,14041.58,7225.86635614,0.03462434670642573
2020-11-04,14041.58,14277.5,13520.87,14160.59,10926.32680544,0.00843982618566527
2020-11-05,14168.49,15770.58,14100.0,15605.04,18422.63186045,0.09713118493624842
2020-11-06,15608.32,15968.98,15196.01,15598.09,13479.46706771,-0.0004454681382881867
2020-11-07,15603.28,15778.6,14351.0,14838.97,10933.92419186,-0.04989164253979883
2020-11-08,14829.32,15664.9,14727.19,15489.15,5046.49916395,0.04288295048843727
2020-11-09,15484.68,15854.48,14824.66,15332.04,14466.07953692,-0.01019502237338702
2020-11-10,15349.32,15482.76,15092.47,15313.65,8966.48171393,-0.0012001689116754874
2020-11-11,15314.94,15991.01,15290.85,15707.89,10013.26427187,0.025418546364377924
2020-11-12,15702.0,16369.99,15481.0,16300.0,16261.47118864,0.03700197392259358
2020-11-13,16300.0,16494.52,15970.33,16335.58,7843.22421583,0.0021804431909341567
2020-11-14,16339.06,16341.89,15715.1,16086.34,5046.32670498,-0.015375086353250461
2020-11-15,16092.8,16170.0,15786.46,15975.49,3225.70533016,-0.006914791930758953
2020-11-16,15975.49,16894.93,15875.5,16724.62,7511.71484029,0.045826212558210705
2020-11-17,16727.85,17868.0,16570.0,17680.63,9824.73852957,0.05558780478095056
2020-11-18,17681.77,18483.0,17041.47,17785.95,15717.92072069,0.005939129714873965
2020-11-19,17792.96,18189.97,17346.62,17825.47,10506.69646215,0.0022195136404981226
2020-11-20,17822.37,18824.88,17755.81,18687.65,10020.01351326,0.04723454446036905
2020-11-21,18685.08,18977.0,18333.45,18725.0,5937.50536305,0.001996651528739331
2020-11-22,18726.43,18770.55,17600.0,18435.2,6417.21771734,-0.015597648847356232
2020-11-23,18432.6,18786.31,18001.95,18383.35,9412.08722183,-0.0028165169066226006
2020-11-24,18386.92,19442.13,18068.56,19160.85,13262.83116668,0.04142377116617474
2020-11-25,19175.13,19490.0,18470.91,18732.43,8962.62225501,-0.022612888387165405
2020-11-26,18727.24,18911.04,16218.0,17160.09,21424.98655676,-0.08766990762700655
2020-11-27,17168.31,17471.89,16435.47,17154.39,8964.83242941,-0.00033222126941322394
2020-11-28,17160.38,17896.03,16875.01,17741.79,4471.52202455,0.03366875617585612
2020-11-29,17724.41,18352.47,17534.87,18192.03,3736.1591794,0.025060712375587324
2020-11-30,18196.75,19864.15,18196.75,19700.19,10612.67092499,0.07964469428414639
2020-12-01,19703.53,19918.01,18100.0,18771.43,11799.58943351,-0.04829224726878928
2020-12-02,18773.21,19346.9,18334.0,19226.55,6749.36401948,0.023956103230314094
2020-12-03,19220.09,19621.0,18881.62,19448.4,6196.52507218,0.011472668140928548
2020-12-04,19439.94,19552.5,18573.89,18673.76,6261.69674357,-0.04064547458461227
2020-12-05,18650.08,19185.17,18500.0,19162.16,2376.72322359,0.025818171167593003
2020-12-06,19162.17,19418.39,18870.62,19380.58,2503.4542629,0.0113340327224539
2020-12-07,19385.13,19431.0,18905.0,19173.5,4323.27044132,-0.010742416439819885
2020-12-08,19183.13,19300.55,18163.52,18316.43,5979.96623279,-0.045730646074630434
2020-12-09,18311.31,18654.92,17640.33,18556.64,8906.94524733,0.013029205225654556
2020-12-10,18546.38,18562.13,17908.0,18250.3,6784.45549144,-0.016646158237019353
2020-12-11,18250.3,18290.43,17569.58,18040.02,6687.92267389,-0.011588894968243352
2020-12-12,18031.23,18956.46,18022.55,18815.63,3515.32704607,0.04209528412591579
2020-12-13,18806.83,19416.64,18628.1,19162.36,4251.96121032,0.018260030827942007
2020-12-14,19151.82,19346.9,18979.21,19274.33,3618.37690457,0.005826220558196943
2020-12-15,19274.33,19567.84,19050.0,19434.87,6750.77219425,0.008294716525236568
2020-12-16,19434.55,21576.76,19277.66,21365.7,14974.62184371,0.09471795710679616
2020-12-17,21358.96,23777.0,21244.04,22814.24,22626.69253048,0.06559806998120071
2020-12-18,22829.89,23284.68,22360.93,23136.14,11360.33890442,0.014010994727101225
2020-12-19,23142.05,24217.38,22719.78,23842.99,8672.0376961,0.03009435666217018
2020-12-20,23842.38,24298.04,23092.77,23470.85,5095.96264009,-0.015731028142213156
2020-12-21,23470.85,24123.83,21864.86,22732.01,12675.12801873,-0.03198516231038266
2020-12-22,22750.07,23843.21,22383.59,23835.1,9367.60948339,0.047385220815514086
2020-12-23,23819.08,24096.9,22624.92,23247.71,11541.96937133,-0.024952651599995813
2020-12-24,23215.0,23779.14,22700.1,23726.28,7185.48205493,0.020376662009788913
2020-12-25,23747.22,24777.0,23403.82,24705.15,6469.22897257,0.040428429356112676
2020-12-26,24714.01,26809.5,24485.32,26466.28,7491.46184626,0.06885974598177413
2020-12-27,26472.89,28377.94,25770.0,26259.6,13234.33412894,-0.007839833440293523
2020-12-28,26242.82,27473.49,26079.6,27037.91,7987.77761059,0.02920831882192743
2020-12-29,27037.9,27395.0,25831.85,27370.0,9577.27829174,0.012207567764482806
2020-12-30,27370.0,29010.32,27328.37,28881.3,11741.7333812,0.05374680380936038
2020-12-31,28893.21,29300.0,27930.75,28992.79,9477.67661813,0.0038528515236236007
2021-01-01,28999.63,29700.0,28720.0,29402.64,8781.46555456,0.01403728784601936
2021-01-02,29410.77,33333.0,29050.0,32216.53,17867.8788985,0.09139520863493254
2021-01-03,32216.51,34800.0,31977.45,33097.83,14160.5812801,0.02698804645502758
2021-01-04,33068.83,33669.76,27734.0,32005.88,22446.94000548,-0.03354808540178805
2021-01-05,32054.23,34500.0,29936.26,34039.05,14806.49650719,0.06158875905283962
2021-01-06,34081.24,37050.83,33348.27,36849.94,19219.28788972,0.07934559543889373
2021-01-07,36875.96,40402.46,36327.5,39510.49,23102.26120863,0.06971221585846342
2021-01-08,39510.59,42000.0,36618.36,40667.07,22183.95174233,0.02885246777879061
2021-01-09,40682.76,41422.77,38788.16,40239.06,8535.84731272,-0.01058050837106627
2021-01-10,40239.06,41450.0,34322.07,38173.73,16218.9974052,-0.052690582971823496
2021-01-11,38164.88,38261.39,30261.13,35455.58,40786.96425433,-0.07386693731907241
2021-01-12,35449.71,36639.23,32479.91,34035.02,18267.87445007,-0.0408906508566657
2021-01-13,34035.02,37800.0,32327.76,37393.49,13662.38751261,0.09410663056831475
2021-01-14,37393.49,40112.78,36717.23,39134.35,10923.5047334,0.04550397284705616
2021-01-15,39147.98,39694.0,34380.0,36756.57,13499.11727006,-0.0626836127548808
2021-01-16,36778.66,37944.12,35350.0,36000.0,7688.58269814,-0.020798046734502536
2021-01-17,36013.51,36839.0,33833.55,35819.25,6821.71255949,-0.005033480066198371
2021-01-18,35826.36,37449.86,34777.85,36616.95,6251.2145414,0.022025789566966793
2021-01-19,36665.82,37874.71,35888.0,35917.62,6578.85825052,-0.019283265069954245
2021-01-20,35888.13,36440.1,33400.0,35496.91,12160.46753333,-0.011782332447471927
2021-01-21,35516.17,35620.96,30044.16,30818.18,21214.6412581,-0.14134087485442443
2021-01-22,30817.86,33864.85,28800.0,32992.06,17019.5834508,0.06816215087056432
2021-01-23,32989.1,33468.46,31426.11,32117.49,5255.74586786,-0.02686618488874977
2021-01-24,32098.38,33075.75,30960.77,32288.83,4658.70962563,0.005320608418656696
2021-01-25,32289.06,34888.0,31939.12,32261.22,10038.75547087,-0.0008554602725722808
2021-01-26,32264.15,32953.28,30847.4,32504.53,11554.91101117,0.007513574525016895
2021-01-27,32521.65,32580.12,29150.49,30424.62,22403.70666206,-0.06612731517119134
2021-01-28,30427.34,33870.58,29899.99,33484.87,17879.35697563,0.09584154595235118
2021-01-29,33488.66,38620.0,31990.0,34249.64,31439.61903418,0.022582358684985426
2021-01-30,34265.71,34931.39,32860.0,34323.0,7281.28566632,0.002139629682827666
2021-01-31,34300.19,34380.21,32193.7,33141.38,4750.12315608,-0.035033030734663025
2021-02-01,33110.32,34736.1,32333.01,33532.74,8374.05662032,0.011739622351759786
2021-02-02,33497.16,36008.67,33431.67,35522.16,7225.86501969,0.05763445208186461
2021-02-03,35496.91,37732.87,35382.45,37691.63,8777.33287657,0.059281326803786095
2021-02-04,37693.0,38748.52,36197.65,36996.32,11762.80234811,-0.018619605651319007
2021-02-05,36984.28,38359.69,36618.36,38320.0,5211.97488137,0.03515350486431477
2021-02-06,38320.0,41025.48,38230.81,39282.1,8635.66020711,0.02479699127633854
2021-02-07,39274.8,39727.44,37412.93,38858.39,5973.24016085,-0.010844932065131473
2021-02-08,38870.36,46712.12,38050.97,46416.45,19053.71343569,0.17772990995096738
2021-02-09,46445.51,48216.09,45000.0,46505.2,12505.08248337,0.001910212033185636
2021-02-10,46493.9,47364.09,43746.06,44854.63,9483.3289564,-0.03613731812248899
2021-02-11,44854.63,48696.84,44040.96,47981.48,9390.81635484,0.06738828694619464
2021-02-12,48044.88,49000.0,46231.16,47395.84,5970.13590277,-0.012280641985234967
2021-02-13,47424.25,48220.0,46133.0,47228.48,4271.67215148,-0.0035373606809219527
2021-02-14,47258.66,49714.66,47081.02,48662.5,5201.6939256,0.029911612481005514
2021-02-15,48620.48,49048.82,45914.75,47942.57,6924.33408866,-0.014904876689716044
2021-02-16,47954.05,50602.53,47036.02,49166.53,8376.07608814,0.02520927120002663
2021-02-17,49136.7,52640.0,48896.19,52174.28,9571.64796874,0.05937654570865692
2021-02-18,52141.23,52566.98,50869.61,51579.54,6330.14291878,-0.011464570927453226
2021-02-19,51560.46,56399.99,50627.32,55988.58,9229.78250415,0.082022659139374
2021-02-20,56000.59,57553.81,54000.0,55936.04,5187.25046252,-0.0009388462316727836
2021-02-21,55919.75,58354.14,55537.99,57492.91,3562.96950963,0.02745274071708327
2021-02-22,57485.74,57564.19,47400.0,54173.65,17002.83273081,-0.05946700798413275
2021-02-23,54173.64,54196.58,44845.72,48887.93,17766.39814895,-0.10266409212136592
2021-02-24,48927.33,51459.51,47000.0,49754.0,8774.36674339,0.017560326635209608
2021-02-25,49715.13,52079.16,46723.0,47088.58,7920.69294708,-0.055060353604089986
2021-02-26,47070.18,48476.62,44151.97,46314.83,8126.22740854,-0.01656829659635029
2021-02-27,46324.15,48365.31,45050.0,46109.98,3071.56836645,-0.0044327997090146684
2021-02-28,46142.1,46659.88,43021.0,45240.96,6668.91811403,-0.01902654129120225
2021-03-01,45261.56,49831.52,45020.25,49629.33,8512.7594378,0.09257911842704397
2021-03-02,49641.89,50250.0,47069.52,48516.35,4945.78880692,-0.02268113507342693
2021-03-03,48438.0,52652.82,48168.45,50379.68,6151.4871525,0.0376870646418724
2021-03-04,50376.05,51817.54,47500.0,48360.5,5641.61213573,-0.04090455436103017
2021-03-05,48353.09,49471.24,46294.0,48739.21,5219.24690875,0.007800474796299925
2021-03-06,48774.67,49200.0,47082.29,48904.63,2141.06029528,0.0033882354125705097
2021-03-07,48933.12,51477.53,48933.12,50967.3,2818.44991057,0.04131217558694179
2021-03-08,50952.55,52427.8,49316.98,52427.8,4419.56113432,0.028252734382350802
2021-03-09,52427.8,54939.26,51857.0,54929.02,5428.89224399,0.04660482131242609
2021-03-10,54927.29,57402.89,53010.0,55852.29,6916.27818124,0.016668721053412962
2021-03-11,55918.09,58155.99,54269.0,57772.09,6640.48776529,0.03379525972541126
2021-03-12,57847.92,58098.5,55011.0,57271.04,5232.31057076,-0.00871070125001549
2021-03-13,57297.67,61781.83,56080.96,61165.19,6187.83400169,0.06578315100994289
2021-03-14,61177.03,61700.0,58959.57,59016.39,3274.12215493,-0.035763034908171606
2021-03-15,58956.9,60595.13,54555.0,55644.37,7725.21404982,-0.05883429734820548
2021-03-16,55616.42,56950.0,53221.0,56908.34,7733.22669474,0.022460998737146184
2021-03-17,56928.38,58968.8,54124.0,58901.8,5840.07702599,0.03442974713573658
2021-03-18,58939.73,60083.25,57000.0,57648.05,5516.46389423,-0.02151522912409272
2021-03-19,57648.01,59450.95,56279.34,58072.0,3523.4823315099998,0.007327198644399828
2021-03-20,58029.94,59957.0,57815.61,58138.39,2382.94564802,0.0011425829863002163
2021-03-21,58072.87,58632.52,55500.0,57381.79,3628.79780904,-0.013099197363676545
2021-03-22,57410.54,58461.78,53715.0,54070.92,6566.96696309,-0.05943048737542223
2021-03-23,54117.71,55866.44,52933.03,54361.57,4996.46365198,0.005360952166675645
2021-03-24,54360.07,57207.33,51638.76,52287.52,6867.5643368,-0.038899751127575495
2021-03-25,52281.77,53271.59,50360.0,51326.11,6682.61740401,-0.018558129710220025
2021-03-26,51292.65,55114.86,51263.38,55081.37,4874.25111496,0.0706119569046349
2021-03-27,55081.26,56686.15,53948.35,55839.42,2609.96757961,0.01366852511743322
2021-03-28,55817.85,56573.04,54677.51,55790.92,2073.4491914,-0.0008689394487499558
2021-03-29,55790.28,58402.68,54892.42,57600.1,5360.42566319,0.0319131716795102
2021-03-30,57623.66,59388.66,57011.0,58760.59,3392.3386191600002,0.01994708828792958
2021-03-31,58767.75,59816.17,56713.45,58782.58,4595.25252072,0.00037416040858093683
2021-04-01,58789.96,59490.0,57935.42,58728.53,2786.58091029,-0.0009199130841604471
2021-04-02,58744.0,60103.04,58450.0,59003.6,2564.6000207,0.004672819569614029
2021-04-03,58967.61,59801.39,56922.0,57064.42,1663.26835296,-0.03341765388774583
2021-04-04,57064.13,58501.0,56466.25,58212.18,1440.63181986,0.019913806086580672
2021-04-05,58213.69,59280.0,56800.0,59125.0,2402.43713513,0.015559235619848618
2021-04-06,59135.36,59473.9,57216.0,58018.3,2711.39784733,-0.018895368789395628
2021-04-07,58024.9,58668.0,55441.93,55932.83,5454.57661606,-0.03660697150629976
2021-04-08,55912.38,58145.49,55680.4,58096.6,4586.80685854,0.03795563583565437
2021-04-09,58066.18,58890.25,57657.43,58109.56,2660.64809651,0.00022305185979342752
2021-04-10,58129.02,61222.22,57870.0,59766.93,3917.95081704,0.028122303744845922
2021-04-11,59773.19,60679.0,59165.15,59979.26,1822.72044967,0.0035463378422454206
2021-04-12,59972.26,61234.56,59361.11,59831.66,3707.43645474,-0.002463883503604999
2021-04-13,59814.87,63769.0,59780.0,63564.48,5711.52676941,0.06051987147075576
2021-04-14,63605.69,64895.22,61327.0,62986.09,6002.89354304,-0.00914091540385925
2021-04-15,62954.2,63855.37,61998.9,63239.19,3433.44934498,0.004010295547865209
2021-04-16,63247.24,63580.4,60042.04,61436.24,5778.81668659,-0.028924314860016436
2021-04-17,61436.23,62596.48,59676.67,60032.29,3091.48365756,-0.02311730492106002
2021-04-18,60048.82,60433.81,51541.16,56280.6,12869.85937399,-0.06453269095885039
2021-04-19,56260.83,57633.0,54252.88,55694.55,5791.23906226,-0.010467596625561675
2021-04-20,55694.55,57119.0,53400.0,56503.19,5863.88283884,0.014414800190961594
2021-04-21,56493.02,56850.0,53628.79,53806.24,4578.25708723,-0.04890765116347563
2021-04-22,53823.48,55491.8,50450.01,51683.95,7838.95634691,-0.04024215712997181
2021-04-23,51693.98,52131.34,47555.0,51176.65,11649.31918465,-0.009863915108728626
2021-04-24,51177.77,51227.38,48713.34,50118.94,3445.13658315,-0.020884392770995113
2021-04-25,50126.34,50608.94,47004.2,49128.43,4167.43570798,-0.019961090927456862
2021-04-26,49122.75,54404.78,48823.01,54073.41,6046.79682802,0.09590467816578256
2021-04-27,54015.32,55519.37,53325.75,55091.39,4111.12521596,0.018650874805055076
2021-04-28,55094.73,56500.0,53811.49,54901.97,4542.50992013,-0.0034442113096821675
2021-04-29,54898.45,55239.33,52379.9,53593.97,4172.67670698,-0.024112669547941674
2021-04-30,53585.93,58008.0,53087.15,57775.27,4809.18204712,0.07512426770296879
2021-05-01,57790.66,58549.0,57049.63,57851.91,2248.55545142,0.0013256400653105934
2021-05-02,57893.01,57967.01,56064.51,56622.66,1887.08427188,-0.021477211070429915
2021-05-03,56599.91,59000.0,56500.0,57222.37,3636.51735676,0.01053564740244793
2021-05-04,57227.64,57250.85,53080.69,53236.84,5747.19401914,-0.072194267952325
2021-05-05,53221.75,57976.62,52924.5,57509.93,5504.55788108,0.07720699064917204
2021-05-06,57517.08,58420.83,55283.0,56447.39,5144.23317131,-0.018648574625260362
2021-05-07,56425.82,58743.85,55288.11,57381.73,4234.70954424,0.016416906056685873
2021-05-08,57371.02,59564.24,56977.5,58984.75,2928.99345356,0.02755297594241109
2021-05-09,58964.89,59300.62,56256.0,58305.24,2589.62561937,-0.011586966670260672
2021-05-10,58336.16,59603.0,53500.0,55880.72,6589.4271403,-0.04247255019008141
2021-05-11,55854.43,56972.33,54500.0,56763.7,4203.16906929,0.015677617859715633
2021-05-12,56763.7,58021.26,48530.0,49386.56,6367.35410217,-0.1392187145182979
2021-05-13,49419.44,51420.72,45700.0,49694.96,9096.38363317,0.0062251971094808645
2021-05-14,49711.64,51572.0,48875.69,49880.43,4011.0819038,0.003725221954638787
2021-05-15,49883.89,50710.93,46448.53,46708.89,3613.92837843,-0.06569423088071734
2021-05-16,46753.4,49800.0,43769.4,46444.75,5750.08326356,-0.005671076469351392
2021-05-17,46446.42,46648.5,42100.0,43593.39,12262.722681019999,-0.06335790075713887
2021-05-18,43581.27,45872.05,42023.69,42877.75,6275.91387222,-0.016552489986208483
2021-05-19,42900.85,43601.63,30066.0,36780.43,32468.86397019,-0.15338713312659544
2021-05-20,36793.39,43000.0,35000.0,40640.9,14703.03041947,0.09980903844998464
2021-05-21,40566.13,42297.89,33520.0,37335.16,13106.84060164,-0.08483943869285612
2021-05-22,37318.43,38887.99,35260.0,37500.54,5720.00562166,0.004419822871236196
2021-05-23,37474.34,38311.74,31107.46,34706.79,9376.29208573,-0.07741998782873591
2021-05-24,34735.35,39960.0,34426.21,38839.86,10213.18324641,0.11251169384126677
2021-05-25,38848.36,40000.0,36486.85,38397.72,5765.3472603,-0.011448956054300845
2021-05-26,38385.87,40904.0,37859.74,39309.56,4205.61283515,0.02346966345956862
2021-05-27,39299.46,40429.47,37212.9,38503.47,4113.43820958,-0.020719379188069122
2021-05-28,38578.5,38905.12,34710.23,35692.46,6167.02059154,-0.07580890510542258
2021-05-29,35691.36,37348.01,33650.0,34632.08,4457.16762006,-0.03015904185767171
2021-05-30,34644.09,36516.99,33425.0,35677.72,2979.71977699,0.029745984185417858
2021-05-31,35675.3,37540.96,34195.2,37341.41,4383.79233382,0.04557649418999126
2021-06-01,37279.89,37927.44,35699.98,36693.3,4348.7544836,-0.01750872142845181
2021-06-02,36693.3,38256.3,35933.19,37589.36,4270.10341121,0.02412685454013193
2021-06-03,37585.12,39490.0,37176.06,39219.88,4058.94293164,0.042462729473671766
2021-06-04,39242.94,39277.36,35576.67,36887.32,5786.18608707,-0.061315900544726305
2021-06-05,36851.58,37927.93,34849.65,35532.14,4106.34880652,-0.03743022154534063
2021-06-06,35532.59,36510.58,35250.0,35808.85,2526.73361997,0.007757430550007318
2021-06-07,35810.69,36808.3,33321.09,33582.62,4913.0402250199995,-0.0641863983217158
2021-06-08,33567.51,34085.61,31025.0,33411.69,9044.64846998,-0.005102832491364239
2021-06-09,33413.19,37556.25,32423.72,37400.0,8539.5873422,0.11276486567354359
2021-06-10,37414.64,38446.24,35824.69,36707.54,5761.7248874,-0.018688520870558112
2021-06-11,36724.97,37680.65,35958.49,37341.11,3741.23051559,0.01711268095630861
2021-06-12,37338.91,37445.55,34630.0,35542.76,3727.9523535,-0.049358385819231694
2021-06-13,35563.66,39386.43,34783.9,39013.76,3601.91766642,0.09317792572894078
2021-06-14,39035.52,41050.0,38758.4,40532.79,6281.28059699,0.03819687175290523
2021-06-15,40544.19,41341.57,39526.47,40171.47,4078.8019744,-0.008954233993734151
2021-06-16,40166.93,40506.59,38095.41,38353.99,4008.51296381,-0.04629847805282562
2021-06-17,38361.38,39553.05,37350.0,38097.68,3569.2526164,-0.006705176232104407
2021-06-18,38110.25,38208.68,35143.68,35840.0,4240.40486721,-0.061088799783457354
2021-06-19,35849.18,36440.0,34718.21,35507.06,3129.33472247,-0.009333038158584288
2021-06-20,35494.7,36125.0,33337.0,35589.77,3958.11811992,0.002326687063610478
2021-06-21,35598.66,35763.8,31238.69,31634.16,8580.06222043,-0.11782068763410011
2021-06-22,31628.83,33315.85,28600.0,32545.26,9778.51694548,0.02839418655317627
2021-06-23,32547.57,35000.0,31670.89,33652.28,5855.58129399,0.0334490741795567
2021-06-24,33693.99,35289.0,32314.37,34649.32,4725.82718452,0.029197290513329355
2021-06-25,34652.68,35517.22,31271.02,31597.75,5099.26353351,-0.09219218509751785
2021-06-26,31595.95,32714.46,30082.79,32269.38,3300.16005776,0.021032877461870096
2021-06-27,32293.98,34772.94,32015.82,34699.5,3260.56534452,0.07260648463902733
2021-06-28,34716.02,35357.13,33878.23,34487.11,3369.99371686,-0.006139646592722913
2021-06-29,34494.42,36623.79,34240.0,35907.93,3179.50783988,0.0403725314318554
2021-06-30,35900.05,36099.82,34049.36,35037.23,3381.0453953,-0.02454695203426938
2021-07-01,35059.71,35071.34,32700.88,33564.21,3118.76325902,-0.04295088974009995
2021-07-02,33537.11,33981.51,32700.05,33811.56,2086.83881625,0.007342435158716169
2021-07-03,33810.46,34959.72,33333.1,34688.3,1244.49692391,0.025599698453191103
2021-07-04,34672.08,35960.0,34404.29,35289.21,1204.00371528,0.01717479718781468
2021-07-05,35255.0,35258.7,33143.0,33704.21,2254.35340918,-0.0459544961198229
2021-07-06,33730.76,35100.49,33510.58,34244.09,2386.50511711,0.015891239702666003
2021-07-07,34231.95,35059.02,33800.0,33882.47,1540.04244824,-0.01061622357960756
2021-07-08,33858.33,33943.02,32101.0,32898.79,2945.85492495,-0.029461892515325078
2021-07-09,32892.94,34115.44,32285.73,33826.43,1636.57507041,0.02780657060650003
2021-07-10,33830.73,34261.04,33014.21,33517.6,1442.42483187,-0.009171775580791065
2021-07-11,33521.48,34635.82,33335.49,34258.53,1635.01765874,0.021864910789846953
2021-07-12,34266.84,34677.0,32660.0,33105.0,1879.53733471,-0.03425125641823969
2021-07-13,33091.53,33340.0,32190.0,32728.0,1870.57403303,-0.011453347749712019
2021-07-14,32737.56,33111.72,31589.35,32823.55,2753.09806091,0.0029152649379442265
2021-07-15,32818.68,33179.0,31121.57,31848.65,2470.21303625,-0.030151250630432263
2021-07-16,31885.7,32264.53,31012.93,31388.17,1912.46866725,-0.014563924601470239
2021-07-17,31376.3,31950.0,31176.66,31529.68,1550.07201059,0.004498254107945083
2021-07-18,31509.33,32440.98,31100.0,31776.65,1256.54606075,0.007802418902291979
2021-07-19,31794.49,31881.71,30400.0,30829.29,2506.27744084,-0.030266531227205015
2021-07-20,30822.08,31068.62,29296.39,29786.58,3413.2420645400002,-0.03440725560679841
2021-07-21,29792.99,32875.42,29500.0,32138.45,4842.16399723,0.07599517612803525
2021-07-22,32115.82,32609.83,31703.15,32300.88,2392.46948134,0.005041341802119207
2021-07-23,32306.98,33684.17,32000.0,33684.17,1976.38421775,0.04193351962202583
2021-07-24,33685.0,34534.32,33419.31,34301.78,1440.46627864,0.018169253807571548
2021-07-25,34301.86,35448.97,33874.03,35428.28,2063.49425027,0.032313123400260345
2021-07-26,35438.93,40581.3,35282.7,37291.24,8840.39875048,0.05124807525128989
2021-07-27,37271.44,39539.5,36386.19,39475.41,5896.66715588,0.05691949988754946
2021-07-28,39446.94,40927.53,38786.8,40036.32,3943.47800378,0.01410909572307984
2021-07-29,40024.8,40662.8,39239.95,40037.51,2306.03838571,2.9722569785657625e-05
2021-07-30,40045.21,42335.5,38331.37,42234.89,3651.71579023,0.05342989200001679
2021-07-31,42236.72,42411.32,41007.51,41490.13,1507.86822076,-0.017791089076110128
2021-08-01,41489.16,42614.85,39424.27,39839.0,2042.01706796,-0.04060923562522597
2021-08-02,39875.2,40459.31,38687.62,39165.55,2407.96526999,-0.017048798128400506
2021-08-03,39157.52,39792.83,37639.0,38177.07,3279.64493738,-0.02556246026817449
2021-08-04,38173.75,39973.94,37481.0,39741.12,4080.83535873,0.040151346314076214
2021-08-05,39742.77,41401.96,37300.0,40894.67,5804.4070686,0.028613316790964727
2021-08-06,40893.77,43381.0,39879.47,42856.59,2937.38483944,0.04685968880944528
2021-08-07,42857.09,44763.14,42251.0,44612.94,4886.93838098,0.04016452595660113
2021-08-08,44624.4,45355.0,43298.84,43858.42,3647.1306298,-0.01705723284522079
2021-08-09,43836.05,46529.02,42811.26,46292.89,4961.58828106,0.05402166695610883
2021-08-10,46282.3,46759.0,44643.0,45609.7,2390.08850832,-0.01486797238812712
2021-08-11,45596.21,46787.6,45353.02,45539.85,2606.12636675,-0.001532646374516659
2021-08-12,45536.8,46236.7,43800.02,44444.45,2463.50628392,-0.02434767205077259
2021-08-13,44413.35,47929.18,44253.97,47860.58,2934.74203072,0.07405210631452375
2021-08-14,47855.0,48190.0,46000.0,47119.73,1908.9514115299999,-0.015600391810297749
2021-08-15,47130.97,47424.0,45500.27,47028.3,1726.79562797,-0.001942261112471037
2021-08-16,47024.96,48075.22,45654.14,45930.51,2410.15099528,-0.023619946033764567
2021-08-17,45930.48,47183.37,44417.51,44694.35,3286.2732645,-0.02728250670943986
2021-08-18,44631.47,46041.62,44218.73,44721.13,2247.93415783,0.0005990014436141454
2021-08-19,44734.16,47114.99,43935.54,46764.3,2776.2376849,0.04467399445124861
2021-08-20,46759.29,49436.1,46645.77,49356.0,2815.55159523,0.053939247721119424
2021-08-21,49332.31,49833.02,48300.0,48884.34,1768.24156609,-0.009602239243742278
2021-08-22,48883.84,49540.01,48080.17,49301.86,985.76533304,0.00850470873913504
2021-08-23,49296.71,50562.11,49010.0,49561.37,2419.86814706,0.005249891107887801
2021-08-24,49516.08,49893.5,47593.66,47731.33,2217.80305724,-0.03762370393560998
2021-08-25,47670.8,49273.93,47100.0,49011.75,1902.72053396,0.02647206957859017
2021-08-26,49022.39,49387.6,46309.33,46856.29,2091.1098261,-0.044974807338874115
2021-08-27,46857.86,49187.0,46363.0,49100.49,1943.55725598,0.04678375644040591
2021-08-28,49100.49,49325.0,48244.88,48935.36,692.70588551,-0.003368770835697246
2021-08-29,48947.1,49666.0,47798.29,48808.72,1044.48189034,-0.0025912581275838553
2021-08-30,48782.56,48915.29,46855.41,47003.44,1676.48255108,-0.03768819489974483
2021-08-31,46969.05,48270.33,46699.0,47156.09,2239.1677032000002,0.0032423724658317277
2021-09-01,47118.02,49134.0,46532.42,48853.49,2194.6300788,0.03536265614341195
2021-09-02,48830.93,50390.0,48625.0,49274.79,2267.93197524,0.008586772103362126
2021-09-03,49284.93,51050.0,48351.6,50025.04,2226.78294854,0.015111088836017427
2021-09-04,50033.5,50570.94,49388.26,49943.16,869.28839285,-0.0016381212887700294
2021-09-05,49965.32,51900.0,49500.0,51809.28,986.487083,0.03668372501813203
2021-09-06,51809.28,52810.0,51024.32,52708.2,2057.32862241,0.017201757367167426
2021-09-07,52719.43,52956.47,42900.01,46866.82,6811.92218815,-0.11746107877035841
2021-09-08,46894.3,47386.72,44436.93,46091.94,3309.09834404,-0.01667186498926484
2021-09-09,46070.43,47419.95,45550.0,46392.81,2595.98696952,0.0065063929220141115
2021-09-10,46368.11,47029.08,44125.0,44857.38,2392.57110617,-0.033656366865427875
2021-09-11,44858.2,45993.32,44767.75,45176.66,906.80620376,0.007092458327830549
2021-09-12,45162.96,46491.63,44752.96,46035.0,1015.76215832,0.01882139494880909
2021-09-13,46039.42,46895.82,43400.0,44974.34,2308.42207379,-0.023309871830232757
2021-09-14,44983.77,47273.38,44704.18,47103.18,1643.95662405,0.046248409757265165
2021-09-15,47123.81,48465.77,46702.26,48150.94,1307.24871087,0.022000145712799225
2021-09-16,48188.12,48505.0,47035.0,47760.64,1886.04173385,-0.008138791050069502
2021-09-17,47773.44,48179.0,46712.14,47305.18,1558.52317573,-0.009582066085804277
2021-09-18,47316.21,48834.0,47052.9,48326.74,1452.50623073,0.021365227410386413
2021-09-19,48307.05,48389.52,46860.0,47245.25,999.59599085,-0.022632910868319523
2021-09-20,47257.86,47334.54,42453.97,43035.99,4240.48541968,-0.0933153774178009
2021-09-21,43003.07,43643.34,39573.21,40596.54,5961.58790269,-0.05835390106679625
2021-09-22,40702.07,44031.85,40580.18,43589.53,3040.94514066,0.07113414260141905
2021-09-23,43586.0,45013.17,43105.0,44903.5,2317.75578384,0.029698758809758332
2021-09-24,44893.7,45159.9,40693.27,42848.5,4348.92828394,-0.04684510411564968
2021-09-25,42835.88,43010.69,41689.6,42722.19,879.19677382,-0.002952181213837541
2021-09-26,42699.1,43956.38,40808.0,43204.73,1659.78466242,0.011231522614204759
2021-09-27,43162.82,44377.7,42130.0,42189.81,1936.64957217,-0.02377125730785842
2021-09-28,42154.87,42778.93,40888.0,41049.0,2246.85357977,-0.027412247623490607
2021-09-29,41024.21,42595.93,40750.0,41542.9,1804.77808474,0.011960153174600047
2021-09-30,41537.56,44117.74,41427.87,43834.43,2614.50420927,0.05369295340776333
2021-10-01,43835.47,48500.0,43291.07,48171.86,3446.87226506,0.09435545149326935
2021-10-02,48185.61,48361.83,47468.15,47685.8,1361.84402667,-0.010141373487086353
2021-10-03,47644.63,49225.55,47119.87,48235.93,1164.6029687,0.011470519387688982
2021-10-04,48231.04,49530.53,46900.0,49242.14,2737.78053315,0.020645581930987495
2021-10-05,49283.89,51914.68,49075.0,51501.19,2206.59644303,0.04485515322584366
2021-10-06,51521.89,55800.0,50428.64,55345.79,4441.90271751,0.07199568063569886
2021-10-07,55360.1,55360.32,53289.57,53787.6,2349.70121453,-0.028557637503535818
2021-10-08,53816.16,56168.0,53623.02,53957.21,2217.75513685,0.0031483677051532782
2021-10-09,53952.82,55512.05,53674.69,54976.92,1061.02324334,0.01872213576069073
2021-10-10,54984.49,56561.0,51000.0,54714.95,1735.42193508,-0.0047764797530575765
2021-10-11,54657.0,57855.79,54462.45,57485.2,1955.78560334,0.049390542324331495
2021-10-12,57490.0,57701.0,53909.0,55995.49,3224.83970306,-0.02625637159044125
2021-10-13,56004.61,57773.89,54231.0,57374.55,3359.69683046,0.024329673435008043
2021-10-14,57395.84,58550.0,56830.56,57371.58,1879.45401231,-5.176645174284931e-05
2021-10-15,57370.48,62944.94,56877.0,61657.35,4205.4230703,0.072043385154284
2021-10-16,61703.45,62352.0,60100.27,60870.26,1263.44800176,-0.012847730020465744
2021-10-17,60885.27,61712.0,58933.0,61538.97,1261.12996084,0.01092591877748427
2021-10-18,61519.52,62679.0,59013.0,62034.65,5754.5518416,0.008022467230358925
2021-10-19,62014.99,64499.0,61350.0,64241.61,3253.73979225,0.034958031688338394
2021-10-20,64282.2,67016.5,63529.0,65990.31,3070.68430005,0.026856781474809528
2021-10-21,66027.81,66664.1,61850.0,62219.44,3891.52853281,-0.05884042195821519
2021-10-22,62207.51,63757.28,59953.74,60702.68,3159.42528548,-0.02467964245167276
2021-10-23,60698.54,61737.38,59633.61,61338.76,1056.07965827,0.01042409463190007
2021-10-24,61306.64,61497.33,59510.0,60910.16,1204.84773547,-0.00701195161636662
2021-10-25,60883.96,63733.93,60670.0,63101.43,1730.14621615,0.03534344005954031
2021-10-26,63101.43,63299.3,59830.0,60328.22,1965.54522515,-0.044943444106049446
2021-10-27,60331.4,61489.0,58100.01,58465.9,3479.73809611,-0.03135630932573566
2021-10-28,58471.06,62524.0,56425.0,60592.76,3769.75506439,0.03573173569156876
2021-10-29,60608.95,62971.54,60154.53,62301.59,3884.64236172,0.02781153314634444
2021-10-30,62278.92,62376.32,60660.02,61932.3,1542.31917477,-0.005945094171742561
2021-10-31,61904.96,62438.85,60000.0,61359.44,1548.12901591,-0.009292822414733696
2021-11-01,61356.57,62500.0,59500.0,60922.85,2507.39797107,-0.007140720952123245
2021-11-02,60949.78,64300.0,60669.91,63260.0,3336.52681752,0.03764490827902526
2021-11-03,63260.0,63567.21,60018.46,62930.72,2148.47086339,-0.005218779120145227
2021-11-04,62945.38,63136.82,60725.0,61457.25,1507.54272229,-0.023692627605386565
2021-11-05,61430.02,62666.52,60769.17,61031.91,1569.40792218,-0.006944969001386465
2021-11-06,61008.19,61609.5,60109.91,61542.44,1268.5118197,0.008330175966084758
2021-11-07,61542.43,63300.0,61396.57,63300.0,1115.66885061,0.02815831103346113
2021-11-08,63300.0,67803.55,63300.0,67559.0,2715.42386367,0.06511596102213757
2021-11-09,67547.49,68564.4,66250.0,66945.72,2136.85836086,-0.009119148383292633
2021-11-10,66928.42,69000.0,62856.71,64921.43,3419.11869317,-0.030704372274888585
2021-11-11,64919.18,65625.44,64140.0,64821.33,1583.28379977,-0.0015430536526527643
2021-11-12,64783.13,65497.53,62294.84,64158.41,2519.30730563,-0.010279534405759908
2021-11-13,64140.23,64980.0,63400.0,64417.52,830.13101807,0.004030464345268214
2021-11-14,64403.43,65509.87,63595.76,65509.87,1247.88451724,0.016815172511015598
2021-11-15,65509.87,66387.4,63348.91,63606.09,2000.8236224,-0.029491597833090688
2021-11-16,63621.61,63628.0,58563.0,60142.31,4632.77331708,-0.05599563328035407
2021-11-17,60115.12,60888.5,58400.0,60373.65,3716.8105591099998,0.003839164275782233
2021-11-18,60376.94,60978.39,56516.44,56917.66,6160.70975752,-0.05894708942798475
2021-11-19,56924.94,58402.05,55640.0,58128.55,3277.02585927,0.021051275265008555
2021-11-20,58126.46,59896.54,57424.27,59768.54,1172.15930996,0.027822498256448294
2021-11-21,59785.85,60090.55,58525.84,58678.47,895.6750948,-0.018406556252541298
2021-11-22,58679.27,59516.78,55628.57,56294.11,2943.1633727099997,-0.04148296775966768
2021-11-23,56283.8,57897.54,55128.6,57579.99,2732.08480061,0.02258519995704236
2021-11-24,57583.91,57750.2,55894.62,57185.06,1809.45432912,-0.006882436053775743
2021-11-25,57169.19,59445.45,57044.42,58990.14,1362.17480499,0.031077635836949724
2021-11-26,59004.88,59207.36,53524.03,53789.35,5221.84056738,-0.09229481911412529
2021-11-27,53794.32,55382.0,53653.45,54774.66,1360.56586778,0.01815218606929671
2021-11-28,54764.24,57482.42,53308.93,57338.55,1377.55454862,0.045745494127299224
2021-11-29,57327.32,58931.07,56750.0,57845.12,2069.734969,0.008795921609919795
2021-11-30,57843.33,59250.0,55918.8,56974.12,3562.71762735,-0.015171964346474992
2021-12-01,57027.28,59099.64,56469.22,57251.59,2515.54071956,0.004858285332762278
2021-12-02,57232.71,57413.52,55839.85,56547.96,2758.14469791,-0.012366287333572368
2021-12-03,56534.26,57652.0,51556.01,53743.69,2964.76818531,-0.05086286287331852
2021-12-04,53685.47,53877.77,41967.5,49234.97,10025.68966854,-0.08762212139061824
2021-12-05,49240.81,49777.62,47836.34,49463.22,5156.66613697,0.004625219710838207
2021-12-06,49484.0,50986.0,47111.0,50555.0,4652.11767659,0.02183248945558077
2021-12-07,50550.09,51991.0,50062.13,50627.32,1719.31761862,0.0014294989938024806
2021-12-08,50635.87,51249.41,48656.2,50543.3,1598.4357131900001,-0.001660956892742912
2021-12-09,50535.15,50839.01,47332.43,47593.12,2585.43270776,-0.060142181668770105
2021-12-10,47573.43,50132.88,46886.0,47142.42,2705.17070403,-0.00951498034070382
2021-12-11,47179.53,49539.4,46789.0,49400.54,1323.03955982,0.046788122673273105
2021-12-12,49420.51,50800.0,48675.0,50124.38,1233.78838616,0.014546161164707673
2021-12-13,50102.31,50226.2,45750.0,46725.02,3337.44792896,-0.07022773509501087
2021-12-14,46736.7,48689.3,46310.4,48389.96,2016.58981458,0.03501257280989796
2021-12-15,48386.95,49514.85,46560.0,48876.84,2593.35180959,0.01001131046790465
2021-12-16,48876.84,49449.0,47506.21,47663.42,1456.25725801,-0.02513943727175487
2021-12-17,47654.99,48018.52,45478.74,46210.92,2077.28024679,-0.03094809358939227
2021-12-18,46141.63,47370.14,45501.0,46881.87,827.39374258,0.014414899757133988
2021-12-19,46854.18,48307.34,46450.0,46704.67,1275.49937089,-0.0037868738765224363
2021-12-20,46671.66,47547.5,45572.94,46915.0,1726.01603262,0.00449329406682817
2021-12-21,46926.72,49353.49,46667.08,48929.86,1674.16446918,0.04205039032459685
2021-12-22,48907.75,49600.0,48449.87,48618.99,1306.16574192,-0.0063736487387042245
2021-12-23,48618.99,51386.66,48051.1,50850.0,1715.35802664,0.044865927166663384
2021-12-24,50850.0,51864.56,50442.34,50841.48,1446.08883091,-0.00016756566075997858
2021-12-25,50857.42,51179.36,50190.9,50442.22,823.04872916,-0.007884034017277417
2021-12-26,50421.51,51292.65,49458.85,50791.21,1015.22197466,0.006894785300165344
2021-12-27,50885.32,52098.6,50479.44,50718.11,1102.98343745,-0.0014402620889643414
2021-12-28,50708.05,50719.59,47300.0,47543.3,2215.26863352,-0.06464217127552939
2021-12-29,47597.7,48157.41,46099.94,46483.36,2089.30815829,-0.022546475664655806
2021-12-30,46474.59,47916.32,45934.37,47150.71,2162.27044303,0.014254668203040286
2021-12-31,47110.3,48589.47,45655.31,46214.37,1798.55260406,-0.02005827860444458
2022-01-01,46230.0,47960.98,46199.9,47777.42,741.52060313,0.033262354265115056
2022-01-02,47745.25,47989.0,46660.0,47350.22,702.0947554,-0.0089816770786442
2022-01-03,47290.55,47586.58,45692.13,46439.89,1140.17908832,-0.01941267769344541
2022-01-04,46464.01,47526.0,45539.05,45820.0,1832.61283694,-0.013438111153818502
2022-01-05,45828.77,46855.06,42413.59,43435.8,3397.54577759,-0.0534366911568463
2022-01-06,43417.31,43782.86,42414.0,43097.6,2450.1130935,-0.007816674763994329
2022-01-07,43093.4,43135.35,40600.0,41535.66,2984.20586087,-0.03691497572664869
2022-01-08,41576.73,42315.31,40517.05,41690.77,1581.47361959,0.0037274260012752514
2022-01-09,41697.32,42796.49,41200.0,41875.81,1532.58823403,0.004428571862598215
2022-01-10,41853.98,42256.55,39558.7,41845.42,3494.01378649,-0.0007259807658045553
2022-01-11,41842.22,43144.74,41284.11,42736.0,2442.65415081,0.021059303891676047
2022-01-12,42754.44,44337.26,42471.17,43933.5,2502.76210107,0.02763547065220345
2022-01-13,43935.01,44456.34,42321.0,42571.94,1993.88324273,-0.03148177621905909
2022-01-14,42579.44,43468.95,41782.21,43102.35,1386.83275834,0.012382169184502571
2022-01-15,43085.76,43826.8,42387.86,43102.01,707.65852297,-7.88823210331167e-06
2022-01-16,43084.77,43495.59,42615.0,43107.7,621.95302734,0.00013200369211898376
2022-01-17,43099.08,43209.47,41581.0,42255.07,1060.00938797,-0.019977288841509046
2022-01-18,42230.09,42685.25,41290.06,42377.4,1638.87085963,0.0028908546611732945
2022-01-19,42378.23,42589.9,41145.23,41683.21,1664.70405269,-0.016516791430264438
2022-01-20,41733.21,43518.69,40554.14,40736.05,2425.15260695,-0.022984960044871057
2022-01-21,40654.72,41115.58,35423.0,36495.46,6201.04610092,-0.10992558049927141
2022-01-22,36447.37,36825.98,34000.0,35091.11,4510.37218636,-0.03924004725185382
2022-01-23,35084.79,36574.47,34624.59,36293.62,2533.70397599,0.03369414620920358
2022-01-24,36262.21,38050.0,32950.72,36724.99,6335.15428027,0.011815481517951408
2022-01-25,36721.59,37552.3,35722.43,36975.91,2793.69107911,0.006809169751985884
2022-01-26,37006.76,38946.0,36279.21,36829.32,3663.15557069,-0.003972352440625729
2022-01-27,36824.02,37251.0,35511.32,37208.36,3103.82301099,0.01023920013644046
2022-01-28,37179.62,38022.11,36173.98,37748.36,2420.65410706,0.014408563829092167
2022-01-29,37713.14,38741.67,37327.79,38192.65,1296.90892268,0.011701057679980411
2022-01-30,38176.45,38378.88,37372.59,37941.82,708.79481272,-0.006589154886673466
2022-01-31,37914.1,38776.33,36631.66,38491.92,2009.13000337,0.01439441530202456
2022-02-01,38483.56,39285.0,38033.78,38733.04,2073.9387171,0.006244633433231983
2022-02-02,38768.08,38883.96,36618.36,36923.5,1672.70719509,-0.047844777863195936
2022-02-03,36924.5,37391.74,36264.55,37320.11,1624.39014671,0.010684118747955577
2022-02-04,37330.75,41760.39,37064.28,41579.57,3901.59890405,0.10807661741000904
2022-02-05,41608.82,41983.12,40975.0,41427.72,1892.23797403,-0.003658718876172689
2022-02-06,41422.7,42701.86,41141.81,42420.24,854.67571444,0.023675384839280642
2022-02-07,42420.24,44524.18,41682.11,43869.04,2601.46944039,0.03358322527387959
2022-02-08,43895.6,45501.0,42701.19,44091.56,2591.80146351,0.00505954881370115
2022-02-09,44106.95,44865.72,43164.0,44426.84,1625.88352507,0.007575410386695797
2022-02-10,44426.24,45850.0,43209.07,43524.6,2692.62339808,-0.020517495812032986
2022-02-11,43540.15,43969.72,41983.12,42406.19,2170.37239741,-0.026031953343038716
2022-02-12,42392.22,43034.0,41740.06,42241.11,892.34533043,-0.0039004246865386237
2022-02-13,42232.68,42779.6,41882.54,42077.74,515.45574228,-0.0038750576989904366
2022-02-14,42078.53,42871.68,41575.0,42540.3,1270.88651697,0.010933002170567183
2022-02-15,42567.27,44785.66,42469.96,44582.48,1772.92325828,0.04688909480451225
2022-02-16,44590.75,44590.75,43312.83,43901.48,1251.8335941999999,-0.015392924241004136
2022-02-17,43901.49,44204.78,40088.88,40556.11,2437.49036088,-0.07926158511121213
2022-02-18,40532.66,40996.31,39450.0,39996.99,2212.7149201,-0.013882246103185468
2022-02-19,40008.75,40471.27,39587.08,40109.02,695.654296,0.0027970453911893723
2022-02-20,40108.62,40151.62,37974.18,38373.9,1283.5115474,-0.044223705672289594
2022-02-21,38384.09,39494.11,36810.72,37076.6,3501.42036418,-0.03439149814325979
2022-02-22,37036.98,38463.88,36368.99,38269.94,2388.75903515,0.031678688770546685
2022-02-23,38269.94,39303.24,37060.16,37274.18,1778.27525833,-0.02636386987848998
2022-02-24,37253.26,39720.0,34324.05,38376.88,6302.85095659,0.029154333185182395
2022-02-25,38360.93,39727.97,38027.61,39231.64,2202.85182731,0.022028369153544544
2022-02-26,39242.64,40330.99,38600.0,39146.66,912.7240869,-0.0021684581905829585
2022-02-27,39146.66,39886.92,37015.74,37712.68,1701.81704307,-0.03731872847129998
2022-02-28,37717.1,44256.08,37468.99,43178.98,3160.61807044,0.1353574253333586
2022-03-01,43221.71,44981.22,42847.85,44443.96,2831.29722228,0.028875266951944794
2022-03-02,44443.98,45332.38,43350.0,43936.72,2043.55683949,-0.011478652788382162
2022-03-03,43936.73,44118.53,41832.34,42476.26,2253.43076958,-0.03380508529742759
2022-03-04,42476.25,42540.57,38590.95,39175.56,2493.65743037,-0.08089224865574594
2022-03-05,39170.19,39620.3,38600.3,39416.79,806.91142871,0.006138784692295355
2022-03-06,39390.31,39701.0,38100.0,38438.89,1194.37373381,-0.025122160148585104
2022-03-07,38404.97,39557.26,37169.52,38016.47,1949.69691981,-0.011050220635267408
2022-03-08,38002.23,39377.0,37885.05,38753.65,1864.9046138200001,0.01920545803256527
2022-03-09,38761.13,42591.68,38667.65,41960.02,1980.29362461,0.07949231526059657
2022-03-10,41952.13,42053.95,38545.19,39444.45,2506.23482676,-0.061823907188149174
2022-03-11,39433.48,40237.22,38244.76,38729.79,2063.22335158,-0.018284281625665384
2022-03-12,38729.79,39458.58,38653.89,38822.02,962.85566586,0.002378540061985079
2022-03-13,38798.68,39312.5,37595.62,37790.54,737.88013225,-0.026928804666697607
2022-03-14,37763.37,39913.42,37567.19,39665.71,1439.76768221,0.04842827975164658
2022-03-15,39688.55,39896.13,38142.35,39302.7,1638.68402951,-0.00919386770012813
2022-03-16,39302.8,41693.97,38865.67,41142.76,5987.10388902,0.04575475116133655
2022-03-17,41142.76,41497.24,40449.06,40963.22,1657.76165332,-0.004373379044093821
2022-03-18,40963.22,42362.0,40068.88,41794.37,2125.12318171,0.02008705054147773
2022-03-19,41781.96,42405.01,41553.88,42235.31,976.88885105,0.010494959572387405
2022-03-20,42240.43,42324.06,40930.2,41242.14,1061.35307364,-0.0237960518664526
2022-03-21,41293.19,41588.7,40516.86,41043.14,1779.49806583,-0.00483684051308725
2022-03-22,41018.36,43337.41,40901.13,42393.41,2375.4246535,0.03236921697300085
2022-03-23,42393.62,43021.73,41779.11,42925.41,1906.72354645,0.012471032651346655
2022-03-24,42912.21,44240.0,42636.54,44025.99,2173.30497451,0.02531618307129137
2022-03-25,44025.99,45137.12,43616.88,44320.6,1725.0715699,0.006669438900924293
2022-03-26,44340.49,44815.31,44101.0,44535.65,494.7242021,0.004840411785947468
2022-03-27,44553.24,46950.0,44456.9,46864.39,1548.88890527,0.05096811996415886
2022-03-28,46854.96,48234.0,46672.25,47152.38,2691.93784761,0.0061263730023243795
2022-03-29,47152.38,48128.87,46941.84,47459.03,1716.32392308,0.006482327528992532
2022-03-30,47459.03,47721.41,46572.15,47068.08,1627.54321756,-0.00827174826614955
2022-03-31,47086.07,47624.18,45234.0,45517.27,1372.96510736,-0.033503249887179176
2022-04-01,45522.53,46739.81,44244.0,46307.81,1953.21952857,0.0172188149906702
2022-04-02,46306.38,47218.17,45650.0,45820.28,724.30875007,-0.01058384149699928
2022-04-03,45820.28,47458.48,45565.64,46401.57,1063.6287324,0.012606506991380008
2022-04-04,46414.88,46891.17,45124.79,46598.2,1496.64154125,0.004228618909456806
2022-04-05,46598.2,47201.0,45342.33,45502.73,1127.69043708,-0.023789589619154627
2022-04-06,45512.95,45548.77,43086.8,43191.59,3073.55689716,-0.0521265237846559
2022-04-07,43172.83,43896.45,42741.52,43454.53,1381.67737796,0.006069303672165629
2022-04-08,43467.82,43986.09,42120.0,42290.11,1453.744661,-0.027161851475744635
2022-04-09,42258.22,42807.63,42131.51,42767.89,525.17354399,0.011234334808052708
2022-04-10,42774.85,43450.72,41888.88,42133.85,862.61310467,-0.01493613174910523
2022-04-11,42159.45,42415.57,39218.15,39524.86,2288.47921183,-0.06392161460041285
2022-04-12,39545.37,40691.01,39273.65,40097.46,2111.92057359,0.014383149633194939
2022-04-13,40099.51,41557.61,39584.86,41147.74,1563.48448746,0.025856013933736773
2022-04-14,41159.29,41504.29,39582.53,39961.53,1169.49381805,-0.029251763258544904
2022-04-15,39962.6,40869.99,39788.97,40563.18,752.39943803,0.014943517240823441
2022-04-16,40576.41,40701.0,40014.79,40395.67,365.72624783,-0.004138157571199784
2022-04-17,40379.81,40602.69,39565.68,39691.27,485.0037186,-0.017591336737858714
2022-04-18,39660.62,41101.0,38547.12,40814.6,2421.08185584,0.027908596269357273
2022-04-19,40814.6,41754.05,40578.58,41505.77,1457.11081239,0.016792593179816344
2022-04-20,41476.89,42220.04,40893.21,41375.85,1359.54131303,-0.0031350764237495178
2022-04-21,41378.77,42978.95,39770.0,40470.76,2163.31405365,-0.022117639238684702
2022-04-22,40497.0,40808.66,39197.64,39726.03,2136.9997712,-0.01857309771075414
2022-04-23,39700.55,39983.98,39301.0,39421.59,398.24448783,-0.007693004576864461
2022-04-24,39438.51,39944.65,38987.0,39467.4,663.70417243,0.001161378923701608
2022-04-25,39464.67,40602.85,38202.91,40441.11,2220.04402771,0.024371827156545282
2022-04-26,40452.52,40800.0,37701.0,38137.67,2909.72251989,-0.05864433425904278
2022-04-27,38105.68,39494.73,37885.75,39256.05,1769.00930667,0.02890306488968398
2022-04-28,39254.4,40387.0,38880.44,39754.2,1842.0050844300001,0.012609923418597664
2022-04-29,39753.28,39923.61,38174.27,38593.42,1600.89916681,-0.02963370027752793
2022-04-30,38599.3,38786.95,37597.36,37639.8,728.27961992,-0.025019794411725138
2022-05-01,37638.78,38672.2,37400.0,38488.34,1248.04269032,0.02229333707361342
2022-05-02,38484.46,39153.13,38045.79,38521.01,1434.10079893,0.0008484684511666648
2022-05-03,38506.38,38641.57,37515.83,37729.95,1157.92207652,-0.02074959796162782
2022-05-04,37735.35,40050.19,37665.46,39685.23,2297.27213438,0.05052486939678039
2022-05-05,39685.23,39840.37,35579.4,36533.93,3736.73012912,-0.08273766033748836
2022-05-06,36542.41,36648.2,35268.69,36019.22,2594.53333069,-0.014188732952194354
2022-05-07,36019.15,36123.99,34777.85,35463.46,1224.39699253,-0.015549814258982124
2022-05-08,35465.46,35496.55,33710.16,34025.5,2670.3998161600002,-0.04139262711134244
2022-05-09,34051.2,34224.35,30015.0,30082.0,7631.12166167,-0.12318325727368577
2022-05-10,30066.48,32650.0,29731.03,30999.97,7402.30231296,0.030059250509720963
2022-05-11,31002.27,32148.15,27757.77,29000.0,11180.84883589,-0.06669040675626851
2022-05-12,28999.99,30090.7,25401.05,28896.19,16578.810599,-0.0035860774689759948
2022-05-13,28932.69,30974.6,28686.37,29238.81,6010.27363922,0.011787183861488292
2022-05-14,29239.41,30281.49,28561.23,30033.96,2910.99216303,0.026831805054282724
2022-05-15,30041.16,31411.48,29440.71,31295.03,2085.06630084,0.04113055756252381
2022-05-16,31275.27,31275.27,29060.0,29832.45,3112.79429009,-0.047862571759993845
2022-05-17,29847.53,30753.96,29400.0,30425.36,2143.92566327,0.01967974394248149
2022-05-18,30423.9,30670.0,28615.23,28681.26,2318.15544994,-0.059032523357496265
2022-05-19,28681.15,30505.14,28656.46,30290.33,2516.77484526,0.05458457184372929
2022-05-20,30271.22,30725.56,28690.13,29176.7,2337.17319044,-0.037458074123489025
2022-05-21,29176.7,29621.01,28914.7,29421.05,490.42738451,0.008339959002191621
2022-05-22,29400.34,30457.58,29209.03,30264.66,1318.89417974,0.028270290638537292
2022-05-23,30264.66,30628.0,28839.29,29081.76,2158.65047198,-0.03986952165184854
2022-05-24,29081.76,29810.38,28632.4,29632.15,1490.23613231,0.01874874701608388
2022-05-25,29626.53,30189.7,29313.78,29510.15,1563.30877003,-0.004125648581355175
2022-05-26,29511.95,29853.34,28003.0,29183.06,2835.00522362,-0.011145868021272192
2022-05-27,29183.39,29360.34,28253.57,28589.48,2109.94198208,-0.02054958595223255
2022-05-28,28606.08,29231.9,28498.73,29010.82,721.5469467,0.014630045857837278
2022-05-29,29010.82,29561.04,28814.46,29448.94,909.19180016,0.014989052392029778
2022-05-30,29454.69,32195.68,29276.15,31731.22,3257.5487365,0.07464313803190376
2022-05-31,31677.13,32375.81,31181.26,31762.76,1621.62249868,0.0009934800935198
2022-06-01,31777.06,31962.79,29309.84,29787.4,2629.80184718,-0.06420904906007714
2022-06-02,29791.96,30688.82,29568.13,30437.18,1226.29074296,0.02157940213417773
2022-06-03,30437.77,30670.07,29232.99,29669.39,1151.14514737,-0.02554901283683714
2022-06-04,29688.17,29948.84,29444.21,29853.51,472.40386055,0.006186546261706329
2022-06-05,29834.06,30153.18,29514.96,29888.98,563.06294053,0.0011874297227215502
2022-06-06,29905.46,31737.31,29868.16,31351.21,2494.10424691,0.047763012237221215
2022-06-07,31351.1,31536.11,29184.25,31115.82,3672.30493412,-0.007536491302781649
2022-06-08,31108.3,31310.53,29831.85,30185.58,1909.67240307,-0.030352044616954968
2022-06-09,30190.31,30672.56,29920.56,30089.03,953.92926451,-0.0032036734067159137
2022-06-10,30068.53,30333.81,28832.83,29065.66,2545.34126907,-0.034603244879315605
2022-06-11,29065.66,29403.62,28085.75,28390.94,1587.1952467,-0.02348732843272855
2022-06-12,28397.38,28523.06,26500.0,26585.1,2588.83347441,-0.06571917171795438
2022-06-13,26538.63,26845.63,21910.26,22450.43,12621.88318574,-0.16904114078921414
2022-06-14,22407.53,23288.88,20816.35,22097.3,8576.80050998,-0.01585433856526129
2022-06-15,22077.83,22756.0,20079.72,22555.27,13481.53959307,0.020513312412500494
2022-06-16,22563.82,22957.01,20200.0,20382.88,4889.1243038,-0.10127340870163304
2022-06-17,20387.66,21325.06,20220.16,20440.7,3615.09731757,0.002832678499172688
2022-06-18,20428.19,20758.0,17592.78,18956.8,7958.38532206,-0.07536530511321247
2022-06-19,18952.14,20783.48,17930.7,20552.82,5100.88311828,0.08083545159371833
2022-06-20,20557.2,21036.89,19616.1,20555.44,5112.85052521,0.00012746829973075025
2022-06-21,20555.44,21708.76,20332.07,20712.29,3543.16812013,0.007601617791531619
2022-06-22,20710.01,20863.44,19743.99,19963.68,4210.49538322,-0.036812621269248
2022-06-23,19977.24,21204.14,19869.63,21093.42,2677.89902823,0.05504652087901729
2022-06-24,21102.75,21538.4,20713.77,21215.42,2444.77217091,0.005767132265562553
2022-06-25,21229.66,21586.67,20890.0,21486.8,1196.38466227,0.012710517327079828
2022-06-26,21486.67,21868.0,20968.85,21028.69,1437.6070946300001,-0.021551097288103317
2022-06-27,21029.19,21516.85,20491.28,20699.72,1648.58803237,-0.015767522200732034
2022-06-28,20699.72,21178.73,20176.0,20261.34,2048.6845194,-0.02140553679872802
2022-06-29,20253.88,20398.99,19827.0,20093.18,1605.32356204,-0.008334182805070202
2022-06-30,20098.0,20131.06,18595.6,19924.89,4907.84854025,-0.008410750047587356
2022-07-01,19960.61,20895.08,18944.69,19239.47,4424.08855864,-0.03500580587781044
2022-07-02,19263.41,19425.08,18960.0,19228.25,1478.97411836,-0.0005833462611340564
2022-07-03,19232.76,19616.43,18763.96,19294.46,1438.93649433,0.0034374562534852963
2022-07-04,19296.88,20319.88,19032.44,20209.53,2016.0820069,0.046336267258209926
2022-07-05,20209.02,20720.0,19281.82,20168.63,2882.22647228,-0.002025848329295142
2022-07-06,20164.65,20648.76,19750.16,20547.45,2093.38193195,0.018608418649640353
2022-07-07,20546.29,21847.25,20237.58,21643.56,3422.57159508,0.05197110496282528
2022-07-08,21620.85,22401.0,21164.07,21584.14,3352.94753796,-0.0027491648838238185
2022-07-09,21592.69,21955.18,21311.36,21588.35,865.38701575,0.0001950316052349242
2022-07-10,21581.98,21593.73,20629.99,20856.08,1398.91806277,-0.03450830488527245
2022-07-11,20851.14,20858.75,19869.0,19949.71,1381.03847332,-0.04443090556109791
2022-07-12,19948.55,20036.24,19237.42,19321.14,1738.03082444,-0.0320147736346126
2022-07-13,19337.91,20367.88,18905.55,20232.35,3196.86413812,0.046082975291075724
2022-07-14,20225.24,20880.0,19608.47,20577.23,2574.75885317,0.01690231610530432
2022-07-15,20569.17,21186.35,20368.7,20835.39,1581.8301293,0.012467858550613446
2022-07-16,20823.7,21577.0,20472.68,21195.49,1740.63926769,0.017135439995682185
2022-07-17,21198.34,21664.52,20751.08,20801.85,1497.20354125,-0.01874649813759782
2022-07-18,20786.76,22760.04,20757.29,22435.04,4288.35687434,0.07558209729498527
2022-07-19,22439.63,23800.0,21578.45,23405.02,4682.35297064,0.04232650691511682
2022-07-20,23392.04,24280.3,22893.95,23208.53,4052.6845923700002,-0.0084306457588156
2022-07-21,23217.0,23430.33,22340.34,23163.34,2267.47408756,-0.0019490270418377888
2022-07-22,23166.09,23760.87,22512.42,22682.26,2025.58385843,-0.02098773530787459
2022-07-23,22696.19,23005.68,21944.47,22468.69,1010.85783614,-0.0094603366191731
2022-07-24,22468.7,23006.77,22272.23,22595.81,681.19673676,0.005641706317542305
2022-07-25,22589.47,22673.68,21250.0,21306.56,2128.78016831,-0.058749484340219406
2022-07-26,21314.26,21344.09,20700.13,21259.78,1965.57798404,-0.002197981730791563
2022-07-27,21266.14,23112.9,21047.7,22969.04,2976.18882906,0.07733019739498048
2022-07-28,22972.22,24198.95,22600.0,23853.11,3463.79018298,0.03776738497233421
2022-07-29,23856.91,24445.0,23438.5,23785.31,2536.49166787,-0.002846443932341418
2022-07-30,23777.85,24676.0,23523.29,23644.58,1739.57494563,-0.005934250026194918
2022-07-31,23652.53,24190.09,23241.0,23322.53,1624.15172546,-0.013714067033889247
2022-08-01,23287.38,23511.5,22861.0,23282.92,1310.17180502,-0.0016998016127805714
2022-08-02,23291.67,23468.33,22665.98,23001.52,1441.50641868,-0.012159743848848107
2022-08-03,22997.07,23642.14,22686.12,22835.88,1306.29502305,-0.00722731747456493
2022-08-04,22830.37,23228.77,22400.0,22615.24,1537.96629545,-0.009708967928583237
2022-08-05,22630.14,23478.0,22587.94,23326.4,2070.35989801,0.030961751069543998
2022-08-06,23326.5,23354.54,22919.76,22956.61,672.14529689,-0.01597985390172979
2022-08-07,22946.0,23411.55,22855.14,23187.62,691.3833738,0.010012603089728308
2022-08-08,23177.72,24246.06,23169.64,23821.68,1845.04091771,0.026977574850938848
2022-08-09,23811.29,23927.44,22880.22,23164.78,1206.11169091,-0.027963068669965088
2022-08-10,23151.68,24228.0,22668.57,23964.0,2251.388441,0.03391968248428576
2022-08-11,23961.0,24921.0,23867.0,23959.0,1964.2043205,-0.00020866807245548957
2022-08-12,23957.0,24459.0,23615.0,24407.0,1258.79271631,0.01852594025213147
2022-08-13,24421.0,24900.0,24301.0,24456.0,891.4216972300001,0.002005608187178882
2022-08-14,24459.0,25053.0,24161.0,24320.0,1360.86975366,-0.005576527490567083
2022-08-15,24324.0,25212.0,23782.0,24110.0,1764.96054871,-0.0086723649048866
2022-08-16,24103.0,24250.0,23673.0,23867.0,761.78640254,-0.010129940511672911
2022-08-17,23867.0,24448.0,23176.0,23340.0,1814.51630224,-0.022328124822996818
2022-08-18,23348.0,23593.0,23103.0,23201.0,888.93580166,-0.005973245666796764
2022-08-19,23192.0,23202.0,20785.0,20841.0,3558.4209748,-0.10727318081275962
2022-08-20,20840.0,21368.0,20769.0,21146.0,1475.27766281,0.014528561931481282
2022-08-21,21150.0,21778.0,21070.0,21514.0,1070.7625595,0.017253123699478828
2022-08-22,21517.0,21530.0,20901.0,21411.0,1428.98968096,-0.004799077352773647
2022-08-23,21404.0,21672.0,20899.0,21520.0,1237.15547461,0.005077926636543737
2022-08-24,21523.0,21892.0,21142.0,21372.0,1825.65585841,-0.0069010811980587065
2022-08-25,21364.0,21813.0,21319.0,21571.0,1134.96366241,0.009268165917054814
2022-08-26,21550.0,21870.0,20119.0,20250.0,3482.0913778,-0.06319502646003158
2022-08-27,20242.0,20376.0,19766.0,20045.0,1322.83765891,-0.01017504745807791
2022-08-28,20044.0,20159.0,19526.0,19557.0,883.35771116,-0.024646467483958344
2022-08-29,19571.0,20415.0,19557.0,20302.0,1226.5339045,0.03738612475172735
2022-08-30,20300.0,20575.0,19552.0,19819.0,2061.62816733,-0.02407832982002868
2022-08-31,19836.0,20490.0,19822.0,20059.0,2271.16555773,0.012036857300349917
2022-09-01,20049.0,20202.0,19573.0,20128.0,1841.61890225,0.003433949675469538
2022-09-02,20133.0,20440.0,19762.0,19959.0,1704.54970941,-0.008431711090169885
2022-09-03,19950.0,20053.0,19667.0,19840.0,454.45221631,-0.005980067571133366
2022-09-04,19840.0,20025.0,19586.0,20007.0,468.46460815,0.00838211046155207
2022-09-05,20014.0,20051.0,19634.0,19794.0,975.96352852,-0.01070335084377949
2022-09-06,19794.0,20181.0,18669.0,18789.0,3216.97354596,-0.05210726926311384
2022-09-07,18808.0,19456.0,18540.0,19276.0,1946.27402334,0.025589206566700728
2022-09-08,19301.0,19454.0,19023.0,19322.0,1759.19295086,0.0023835443172314607
2022-09-09,19327.0,21610.0,19303.0,21371.0,4009.32373236,0.1007905197127362
2022-09-10,21371.0,21814.0,21125.0,21672.0,1355.39296702,0.01398624197473987
2022-09-11,21663.0,21871.0,21360.0,21835.0,844.39459098,0.007493082154730358
2022-09-12,21836.0,22485.0,21565.0,22401.0,2496.98699671,0.025591413784150113
2022-09-13,22396.0,22781.0,19862.0,20177.0,3927.08003147,-0.10456225888913337
2022-09-14,20175.0,20526.0,19623.0,20233.0,2793.90630535,0.0027715929645166087
2022-09-15,20226.0,20432.0,19500.0,19691.0,2531.5711628,-0.027153256234024387
2022-09-16,19704.0,19887.0,19330.0,19802.0,2514.42684614,0.005621264137289728
2022-09-17,19802.0,20187.0,19757.0,20114.0,947.27782708,0.015633147321965805
2022-09-18,20116.0,20116.0,19343.0,19419.0,1609.63965374,-0.035164121790805795
2022-09-19,19418.0,19679.0,18271.0,19538.0,3418.2169402,0.006109318999267992
2022-09-20,19535.0,19634.0,18717.0,18878.0,2544.25288865,-0.03436406432799817
2022-09-21,18877.0,19902.0,18157.0,18466.0,5332.93776764,-0.02206601955231647
2022-09-22,18458.0,19541.0,18368.0,19403.0,2607.0417597,0.04949648993869934
2022-09-23,19411.0,19491.0,18533.0,19294.0,2593.18338023,-0.005633526540773557
2022-09-24,19291.0,19309.0,18817.0,18921.0,922.02394143,-0.019521750398738026
2022-09-25,18919.0,19182.0,18636.0,18810.0,979.44306377,-0.0058837730366848445
2022-09-26,18809.0,19313.0,18690.0,19226.0,3167.38799752,0.021874886330685496
2022-09-27,19233.0,20381.0,18822.0,19075.0,4423.71693902,-0.007884952473103756
2022-09-28,19085.0,19770.0,18461.0,19413.0,3817.64021997,0.017564367572718082
2022-09-29,19413.0,19630.0,18852.0,19592.0,1812.62118977,0.009178374906627805
2022-09-30,19593.0,20171.0,19152.0,19425.0,2413.78432301,-0.008560423396155434
2022-10-01,19419.0,19484.0,19174.0,19312.0,378.60698732,-0.005834231898535487
2022-10-02,19306.0,19395.0,18931.0,19051.0,518.03380521,-0.013607070721877874
2022-10-03,19060.0,19715.0,18975.0,19636.0,1109.13176723,0.030245022562508272
2022-10-04,19633.0,20469.0,19497.0,20343.0,2455.5428922,0.0353722561740088
2022-10-05,20343.0,20366.0,19735.0,20162.0,1789.84892196,-0.008937227738064917
2022-10-06,20161.0,20447.0,19864.0,19951.0,1438.88952495,-0.010520377238825642
2022-10-07,19960.0,20056.0,19335.0,19532.0,1290.58016407,-0.021225121193510266
2022-10-08,19533.0,19624.0,19259.0,19420.0,517.3187632400001,-0.005750683336234934
2022-10-09,19421.0,19604.0,19324.0,19445.0,707.27451611,0.0012865047445317912
2022-10-10,19436.0,19525.0,19029.0,19131.0,1052.98301829,-0.016279911606466295
2022-10-11,19131.0,19265.0,18853.0,19059.0,1332.93245318,-0.0037706250487384023
2022-10-12,19061.0,19229.0,18967.0,19157.0,870.27070879,0.005128753130458094
2022-10-13,19157.0,19504.0,18183.0,19377.0,2920.78208384,0.011418611635481482
2022-10-14,19374.0,19947.0,19083.0,19181.0,1313.80111372,-0.010166589978894417
2022-10-15,19184.0,19229.0,18990.0,19066.0,331.43098278,-0.006013561668164537
2022-10-16,19072.0,19425.0,19067.0,19264.0,417.01160964,0.010331425055024235
2022-10-17,19262.0,19672.0,19160.0,19547.0,1141.62350258,0.014583752844474282
2022-10-18,19547.0,19700.0,19099.0,19334.0,1524.52635389,-0.010956617928471118
2022-10-19,19329.0,19356.0,19078.0,19126.0,1302.59535401,-0.01081653811506278
2022-10-20,19128.0,19340.0,18913.0,19043.0,1491.66449329,-0.004349085950671363
2022-10-21,19043.0,19245.0,18660.0,19165.0,1923.43991085,0.006386118855838866
2022-10-22,19166.0,19250.0,19118.0,19206.0,455.42088912,0.002137031383262669
2022-10-23,19208.0,19689.0,19079.0,19574.0,1195.62013587,0.01897942478784673
2022-10-24,19576.0,19588.0,19169.0,19332.0,1155.8634844,-0.012440401020790142
2022-10-25,19332.0,20418.0,19222.0,20087.0,2804.51314609,0.0383110856695735
2022-10-26,20096.0,21012.0,20062.0,20775.0,2711.06904662,0.033677501089100656
2022-10-27,20771.0,20872.0,20210.0,20296.0,1669.88399576,-0.02332651844453115
2022-10-28,20295.0,20750.0,20008.0,20599.0,1827.61380674,0.014818708630951324
2022-10-29,20596.0,21078.0,20566.0,20821.0,1213.18946622,0.01071956184512522
2022-10-30,20820.0,20931.0,20525.0,20628.0,679.83876303,-0.009312716584344691
2022-10-31,20631.0,20833.0,20243.0,20498.0,1880.02456732,-0.006322055779341289
2022-11-01,20493.0,20681.0,20334.0,20480.0,1276.69180973,-0.0008785202380641816
2022-11-02,20480.0,20802.0,20055.0,20154.0,2292.08236192,-0.016046020313096297
2022-11-03,20152.0,20387.0,20039.0,20209.0,1004.11893277,0.0027252698779005493
2022-11-04,20209.0,21290.0,20184.0,21153.0,3501.47535754,0.045653689668901876
2022-11-05,21152.0,21473.0,21089.0,21301.0,774.12522007,0.006972280565134213
2022-11-06,21299.0,21364.0,20899.0,20907.0,551.95849001,-0.01866998884565584
2022-11-07,20899.0,21070.0,20400.0,20590.0,1417.9956347300001,-0.015278510084793428
2022-11-08,20591.0,20669.0,17114.0,18550.0,12035.90178845,-0.10433573198625395
2022-11-09,18546.0,18588.0,15632.0,15877.0,8350.5654456,-0.15559826795806966
2022-11-10,15900.0,18150.0,15748.0,17551.0,8375.25692463,0.10023940725017855
2022-11-11,17548.0,17645.0,16394.0,17007.0,5636.75561159,-0.03148590433527676
2022-11-12,17020.0,17054.0,16610.0,16788.0,1882.26415655,-0.012960678538931859
2022-11-13,16788.0,17240.0,16263.0,16310.0,2703.91194662,-0.028885928838421986
2022-11-14,16300.0,17130.0,15784.0,16589.0,7964.34006887,0.01696140847721549
2022-11-15,16586.0,17095.0,16511.0,16874.0,5633.3993478,0.01703415063329699
2022-11-16,16875.0,16980.0,16371.0,16654.0,4035.80042365,-0.013123547929807453
2022-11-17,16655.0,16724.0,16412.0,16686.0,2458.66689134,0.0019196166662551622
2022-11-18,16687.0,16971.0,16540.0,16683.0,2673.28041964,-0.00017980760634617526
2022-11-19,16683.0,16799.0,16548.0,16690.0,1377.3963971,0.00041950080020699166
2022-11-20,16687.0,16730.0,16169.0,16256.0,1827.05676561,-0.02634766627767237
2022-11-21,16250.0,16269.0,15479.0,15766.0,5633.48780213,-0.030606348758354926
2022-11-22,15757.0,16281.0,15613.0,16197.0,3718.55455894,0.02697031726654318
2022-11-23,16199.0,16647.0,16150.0,16603.0,3505.29313128,0.02475736202138968
2022-11-24,16594.0,16783.0,16456.0,16591.0,2141.4844617,-0.0007230222644310443
2022-11-25,16589.0,16604.0,16339.0,16508.0,2043.43507991,-0.005015267770882934
2022-11-26,16511.0,16685.0,16387.0,16454.0,1503.64131011,-0.0032765031435968233
2022-11-27,16451.0,16587.0,16402.0,16424.0,1189.79470656,-0.0018249290301061085
2022-11-28,16420.0,16477.0,16004.0,16210.0,3254.70177817,-0.013115343969047769
2022-11-29,16205.0,16529.0,16102.0,16434.0,2310.87079583,0.013724023761411365
2022-11-30,16437.0,17223.0,16430.0,17170.0,4442.42726142,0.04381131540038801
2022-12-01,17166.0,17250.0,16864.0,16977.0,3207.29094124,-0.011304188080887635
2022-12-02,16976.0,17102.0,16800.0,17095.0,2329.03284999,0.006926536262768043
2022-12-03,17095.0,17150.0,16868.0,16886.0,1177.01264514,-0.012301146843956478
2022-12-04,16886.0,17195.0,16886.0,17114.0,1603.5516013,0.013411965748554865
2022-12-05,17113.0,17418.0,16879.0,16968.0,2251.51957602,-0.008567624733481749
2022-12-06,16968.0,17101.0,16914.0,17087.0,1303.3712247400001,0.006988723203755041
2022-12-07,17091.0,17131.0,16736.0,16836.0,1185.39328287,-0.01479848955781214
2022-12-08,16838.0,17296.0,16734.0,17229.0,1724.69349744,0.02307455964194497
2022-12-09,17229.0,17353.0,17073.0,17128.0,1226.70564841,-0.0058794592628874775
2022-12-10,17129.0,17223.0,17100.0,17128.0,677.74180701,0.0
2022-12-11,17128.0,17264.0,17080.0,17091.0,1239.3577856,-0.00216254212101346
2022-12-12,17089.0,17240.0,16881.0,17209.0,1695.0565253,0.006880493616405783
2022-12-13,17214.0,18106.0,17093.0,17772.0,3838.86501115,0.032191682290888105
2022-12-14,17771.0,18373.0,17667.0,17803.0,3836.86554644,0.0017427973490634525
2022-12-15,17806.0,17853.0,17288.0,17362.0,1887.37172156,-0.025083072453109416
2022-12-16,17361.0,17525.0,16572.0,16633.0,2853.96835966,-0.04289523616121837
2022-12-17,16635.0,16794.0,16596.0,16781.0,1114.37024438,0.00885862021062685
2022-12-18,16780.0,16850.0,16676.0,16749.0,695.99091766,-0.0019087390226915915
2022-12-19,16744.0,16815.0,16293.0,16446.0,2157.44154575,-0.018256268447629353
2022-12-20,16441.0,17046.0,16402.0,16898.0,2115.97889225,0.027112985181949337
2022-12-21,16899.0,16919.0,16719.0,16824.0,1618.76729861,-0.004388833330254461
2022-12-22,16823.0,16863.0,16570.0,16821.0,1946.30526969,-0.00017833259075348225
2022-12-23,16821.0,16916.0,16750.0,16779.0,2138.4466876,-0.00250000130208456
2022-12-24,16779.0,16848.0,16779.0,16839.0,960.3266097,0.003569520120611407
2022-12-25,16839.0,16850.0,16731.0,16828.0,717.96557265,-0.0006534588998975168
2022-12-26,16828.0,16933.0,16801.0,16917.0,731.85697007,0.005274867764880335
2022-12-27,16920.0,16961.0,16588.0,16700.0,2204.70406525,-0.012910314070445352
2022-12-28,16699.0,16772.0,16465.0,16540.0,2220.78816676,-0.009627029827164199
2022-12-29,16540.0,16650.0,16486.0,16628.0,1560.43976985,0.005306331794845706
2022-12-30,16628.0,16650.0,16337.0,16603.0,2223.64394181,-0.0015046194647417323
2022-12-31,16602.0,16627.0,16471.0,16528.0,602.43437164,-0.004527489548366522
2023-01-01,16530.0,16622.0,16496.0,16615.0,473.83273801,0.005249989429274768
2023-01-02,16615.0,16782.0,16552.0,16673.0,1046.7274368,0.0034847427717641867
2023-01-03,16668.0,16766.0,16605.0,16670.0,1388.07196613,-0.00017994781561923894
2023-01-04,16673.0,16984.0,16652.0,16849.0,2038.03012252,0.010680611093545556
2023-01-05,16847.0,16871.0,16755.0,16826.0,1131.61941681,-0.0013659987276263348
2023-01-06,16826.0,17024.0,16669.0,16950.0,1738.57975267,0.007342524697837496
2023-01-07,16951.0,16975.0,16907.0,16945.0,523.75442441,-0.00029502876744460073
2023-01-08,16946.0,17163.0,16915.0,17119.0,816.57209307,0.010216152733626565
2023-01-09,17124.0,17393.0,17108.0,17179.0,2213.34824624,0.003498749851667201
2023-01-10,17177.0,17490.0,17147.0,17446.0,1354.43514717,0.015422688366718309
2023-01-11,17448.0,17992.0,17318.0,17930.0,1904.45231601,0.02736489160601462
2023-01-12,17948.0,19114.0,17911.0,18853.0,5124.55845338,0.05019676480740448
2023-01-13,18852.0,19991.0,18720.0,19931.0,3765.2742592,0.05560425615615455
2023-01-14,19936.0,21247.0,19895.0,20960.0,6843.48563958,0.05033955087224074
2023-01-15,20961.0,21052.0,20549.0,20885.0,1352.72025796,-0.003584661503702723
2023-01-16,20879.0,21456.0,20634.0,21189.0,3236.95717404,0.014450981145756199
2023-01-17,21186.0,21594.0,20863.0,21134.0,2302.39736137,-0.00259906107605583
2023-01-18,21136.0,21646.0,20358.0,20670.0,3794.75671744,-0.022199744325162127
2023-01-19,20678.0,21185.0,20654.0,21086.0,2391.67069084,0.019925939461081017
2023-01-20,21085.0,22750.0,20869.0,22678.0,2937.14734339,0.0727859783948901
2023-01-21,22670.0,23362.0,22442.0,22783.0,3013.23007247,0.004619352267264961
2023-01-22,22791.0,23076.0,22314.0,22717.0,1548.97073883,-0.002901100935829453
2023-01-23,22708.0,23167.0,22525.0,22922.0,1699.036477,0.00898360519342369
2023-01-24,22922.0,23162.0,22473.0,22637.0,1953.73212508,-0.012511412353518636
2023-01-25,22636.0,23815.0,22334.0,23054.0,2582.12043347,0.018253554457832014
2023-01-26,23063.0,23282.0,22866.0,23010.0,1472.74474346,-0.0019103861315463064
2023-01-27,23011.0,23500.0,22541.0,23083.0,2086.70647505,0.003167511814586594
2023-01-28,23082.0,23187.0,22894.0,23033.0,834.3522255,-0.002168445641092729
2023-01-29,23031.0,23954.0,22981.0,23746.0,1620.98279529,0.0304861250228321
2023-01-30,23748.0,23799.0,22504.0,22831.0,2081.82272658,-0.03929483364628386
2023-01-31,22831.0,23318.0,22724.0,23127.0,1557.98459142,0.012881504547918183
2023-02-01,23134.0,23810.0,22768.0,23735.0,2468.52240577,0.025949985858046466
2023-02-02,23736.0,24258.0,23377.0,23498.0,2609.58252721,-0.010035440857900535
2023-02-03,23503.0,23719.0,23212.0,23434.0,1742.07112849,-0.002727351899417037
2023-02-04,23421.0,23582.0,23266.0,23330.0,778.73091268,-0.004447873212625186
2023-02-05,23328.0,23428.0,22766.0,22937.0,1525.50154971,-0.016988758821259987
2023-02-06,22942.0,23148.0,22643.0,22763.0,1731.60284453,-0.007614916446827017
2023-02-07,22761.0,23338.0,22751.0,23252.0,2758.47564405,0.021254739073852662
2023-02-08,23246.0,23439.0,22686.0,22961.0,1236.37140064,-0.012594025329218042
2023-02-09,22965.0,23003.0,21700.0,21802.0,2260.7850853,-0.051795415803719304
2023-02-10,21803.0,21939.0,21454.0,21639.0,1503.99323818,-0.007504466516521488
2023-02-11,21631.0,21904.0,21610.0,21868.0,699.37255295,0.010527138843107504
2023-02-12,21868.0,22086.0,21649.0,21789.0,1481.78576998,-0.0036191257406120387
2023-02-13,21790.0,21897.0,21376.0,21790.0,1923.03740841,4.5893664387598664e-05
2023-02-14,21790.0,22316.0,21569.0,22211.0,2032.44280719,0.01913651269984328
2023-02-15,22208.0,24374.0,22064.0,24332.0,2316.23830307,0.09120469480208704
2023-02-16,24332.0,25270.0,23520.0,23521.0,3634.8002493,-0.0338987173250523
2023-02-17,23518.0,25014.0,23369.0,24580.0,3328.63120407,0.04403946500448217
2023-02-18,24577.0,24869.0,24450.0,24640.0,721.18871725,0.0024380345274302557
2023-02-19,24638.0,25183.0,24211.0,24296.0,1717.15816149,-0.014059410921871376
2023-02-20,24271.0,25118.0,23862.0,24843.0,1828.53775073,0.022264294976225132
2023-02-21,24843.0,25250.0,24165.0,24450.0,2506.05738181,-0.015945806798791647
2023-02-22,24450.0,24474.0,23594.0,24188.0,1951.95970979,-0.010773573509914612
2023-02-23,24188.0,24590.0,23636.0,23939.0,2000.28221308,-0.01034771424797846
2023-02-24,23939.0,24124.0,22865.0,23189.0,2782.78873072,-0.031830899860689384
2023-02-25,23186.0,23215.0,22770.0,23161.0,863.37221739,-0.001208198636723573
2023-02-26,23166.0,23678.0,23068.0,23562.0,1019.2008877,0.017165415158352567
2023-02-27,23560.0,23890.0,23126.0,23493.0,1768.12573577,-0.002932740387017223
2023-02-28,23497.0,23594.0,23048.0,23136.0,1185.70463735,-0.015312658460556157
2023-03-01,23146.0,23990.0,23040.0,23634.0,1748.04686969,0.02129650724046957
2023-03-02,23632.0,23791.0,23206.0,23466.0,1090.90317933,-0.007133788215391742
2023-03-03,23469.0,23477.0,22000.0,22359.0,2878.02219561,-0.04832364043376558
2023-03-04,22359.0,22401.0,22170.0,22347.0,608.34767678,-0.0005368407054175539
2023-03-05,22347.0,22652.0,22212.0,22428.0,944.66432972,0.003618094399177136
2023-03-06,22427.0,22590.0,22263.0,22407.0,1156.23472957,-0.0009367682183867291
2023-03-07,22414.0,22547.0,21931.0,22200.0,1837.72234137,-0.009281121164805495
2023-03-08,22197.0,22275.0,21590.0,21704.0,1477.18402948,-0.022595713521603136
2023-03-09,21697.0,21824.0,20043.0,20367.0,3373.14910671,-0.06358063136901086
2023-03-10,20368.0,20368.0,19569.0,20220.0,4695.23685366,-0.007243730395294328
2023-03-11,20226.0,20874.0,19893.0,20618.0,3590.95407524,0.01949226708186763
2023-03-12,20615.0,22269.0,20456.0,22183.0,3599.49467653,0.07316174908990392
2023-03-13,22190.0,24618.0,21900.0,24209.0,6738.26574302,0.0873982350870187
2023-03-14,24210.0,26533.0,24070.0,24750.0,7966.02323163,0.022101024163583498
2023-03-15,24745.0,25273.0,23940.0,24368.0,4368.44571382,-0.015554692861893345
2023-03-16,24361.0,25217.0,24229.0,25050.0,2430.85019301,0.027603031378067813
2023-03-17,25051.0,27818.0,24954.0,27466.0,5166.28277037,0.09207504857721627
2023-03-18,27466.0,27776.0,26707.0,26980.0,2933.79686267,-0.01785302532848036
2023-03-19,26992.0,28474.0,26900.0,28054.0,2615.71251826,0.03903537351786976
2023-03-20,28081.0,28567.0,27231.0,27815.0,3998.09358215,-0.008555780770223126
2023-03-21,27808.0,28497.0,27436.0,28192.0,2955.11628597,0.013462806226512478
2023-03-22,28184.0,28936.0,26688.0,27320.0,5024.21040571,-0.031419215051179665
2023-03-23,27320.0,28818.0,27187.0,28343.0,3199.6545122,0.03676105140274815
2023-03-24,28352.0,29380.0,27043.0,27493.0,2789.44951461,-0.03044865928955005
2023-03-25,27497.0,27810.0,27210.0,27499.0,963.8384074100001,0.00021821355920173053
2023-03-26,27493.0,28217.0,27453.0,28004.0,1100.20331067,0.018197716739962136
2023-03-27,27992.0,28051.0,26541.0,27142.0,2258.96393636,-0.03126501345577218
2023-03-28,27142.0,27514.0,26647.0,27272.0,2137.04196923,0.004778191176423102
2023-03-29,27272.0,28650.0,27258.0,28353.0,2161.81292594,0.0388723098454268
2023-03-30,28353.0,29170.0,27706.0,28039.0,2912.7258869,-0.011136446488679752
2023-03-31,28036.0,28653.0,27533.0,28476.0,2301.18236248,0.01546522904927783
2023-04-01,28476.0,28816.0,28237.0,28469.0,656.33679146,-0.0002458512612260307
2023-04-02,28469.0,28544.0,27891.0,28186.0,689.98223995,-0.00999037521108145
2023-04-03,28179.0,28506.0,27236.0,27816.0,2393.226229,-0.013214006063759057
2023-04-04,27820.0,28447.0,27686.0,28178.0,1294.59736105,0.012930136925524725
2023-04-05,28178.0,28782.0,27823.0,28183.0,1576.30733991,0.00017742765433958468
2023-04-06,28181.0,28199.0,27723.0,28051.0,1064.88009436,-0.004694677328301688
2023-04-07,28054.0,28118.0,27797.0,27931.0,436.4796401,-0.004287098845775729
2023-04-08,27931.0,28174.0,27891.0,27969.0,417.7631391,0.0013595708713191156
2023-04-09,27968.0,28544.0,27833.0,28340.0,718.54765779,0.01317748027986812
2023-04-10,28353.0,29789.0,28184.0,29652.0,2711.67320655,0.045255342531938955
2023-04-11,29657.0,30575.0,29617.0,30246.0,2689.4048951,0.019834367534075456
2023-04-12,30255.0,30503.0,29689.0,29903.0,1926.94195052,-0.011405134516911579
2023-04-13,29914.0,30614.0,29889.0,30410.0,1503.93427177,0.01681269187763614
2023-04-14,30411.0,31035.0,30001.0,30498.0,2540.14059427,0.002889606003547241
2023-04-15,30498.0,30620.0,30249.0,30332.0,560.64010658,-0.005457846854131346
2023-04-16,30327.0,30567.0,30157.0,30330.0,656.81163772,-6.593913819934924e-05
2023-04-17,30328.0,30337.0,29247.0,29448.0,2077.00292863,-0.029511325623769718
2023-04-18,29452.0,30483.0,29122.0,30395.0,1827.46761436,0.03165212512396582
2023-04-19,30388.0,30423.0,28603.0,28827.0,3869.09654939,-0.052965673237445325
2023-04-20,28814.0,29098.0,28005.0,28238.0,2450.06329929,-0.020643859375907094
2023-04-21,28240.0,28362.0,27140.0,27254.0,2455.89969552,-0.03546828925970432
2023-04-22,27253.0,27883.0,27137.0,27817.0,1010.44737158,0.020447045263794192
2023-04-23,27820.0,27820.0,27347.0,27596.0,798.04552773,-0.007976509907561036
2023-04-24,27594.0,27998.0,26981.0,27512.0,2236.65500868,-0.003048561553897161
2023-04-25,27515.0,28392.0,27197.0,28300.0,1874.16625132,0.02823953151922682
2023-04-26,28306.0,30022.0,27242.0,28428.0,5277.187044,0.004512770315456705
2023-04-27,28427.0,29887.0,28389.0,29485.0,3748.60576512,0.03650708448781872
2023-04-28,29486.0,29600.0,28922.0,29333.0,2449.0749774,-0.00516849734330092
2023-04-29,29339.0,29460.0,29061.0,29247.0,932.47961185,-0.002936157793922326
2023-04-30,29252.0,29961.0,29115.0,29235.0,1415.2550609099999,-0.00041038268761031476
2023-05-01,29254.0,29344.0,27666.0,28079.0,2913.86283351,-0.040344655639777356
2023-05-02,28079.0,28894.0,27876.0,28680.0,1935.55649138,0.021178049743563087
2023-05-03,28682.0,29276.0,28138.0,29033.0,2838.45231646,0.012233098336762865
2023-05-04,29033.0,29378.0,28691.0,28851.0,1656.27922902,-0.006288459669727973
2023-05-05,28860.0,29701.0,28832.0,29547.0,1923.16974421,0.02383756145722067
2023-05-06,29537.0,29851.0,28422.0,28911.0,1443.17174676,-0.021760070318414898
2023-05-07,28909.0,29194.0,28444.0,28472.0,1021.45715582,-0.015300997329368531
2023-05-08,28485.0,28667.0,27290.0,27690.0,2936.79913382,-0.027849811025021064
2023-05-09,27688.0,27841.0,27372.0,27650.0,1573.53076474,-0.0014456092145267215
2023-05-10,27648.0,28328.0,26842.0,27618.0,2848.942523,-0.0011579939051844204
2023-05-11,27624.0,27640.0,26720.0,26991.0,2126.87109348,-0.02296425696006794
2023-05-12,26987.0,27093.0,25800.0,26811.0,4842.98246111,-0.006691226035726841
2023-05-13,26816.0,27052.0,26710.0,26789.0,1269.30464643,-0.0008208955684860487
2023-05-14,26789.0,27202.0,26598.0,26933.0,1325.63421938,0.005360945045851436
2023-05-15,26933.0,27666.0,26736.0,27166.0,1805.12956433,0.00861389085556903
2023-05-16,27166.0,27300.0,26868.0,27037.0,1730.33763378,-0.004759893126143173
2023-05-17,27037.0,27488.0,26550.0,27404.0,2653.36761994,0.013482689866496752
2023-05-18,27413.0,27481.0,26374.0,26818.0,1987.57678586,-0.021615684283202267
2023-05-19,26824.0,27176.0,26651.0,26893.0,1277.23274821,0.002792725838123631
2023-05-20,26889.0,27153.0,26840.0,27115.0,603.01939692,0.008221050597450123
2023-05-21,27123.0,27277.0,26688.0,26750.0,654.14743859,-0.013552606951008385
2023-05-22,26753.0,27078.0,26547.0,26856.0,1111.87388791,0.003954786335718161
2023-05-23,26856.0,27478.0,26810.0,27226.0,1174.41963411,0.013683139412547566
2023-05-24,27225.0,27225.0,26076.0,26325.0,2214.54386081,-0.03365334107024211
2023-05-25,26325.0,26611.0,25878.0,26478.0,1646.8258379,0.005795141495425895
2023-05-26,26486.0,26937.0,26338.0,26718.0,1666.10237235,0.00902329605215515
2023-05-27,26716.0,26893.0,26566.0,26872.0,636.46388614,0.005747356742371395
2023-05-28,26875.0,28248.0,26785.0,28072.0,1665.64922634,0.043687785970922405
2023-05-29,28071.0,28452.0,27542.0,27749.0,1684.67833372,-0.011572834773820042
2023-05-30,27748.0,28054.0,27570.0,27706.0,1567.55117507,-0.0015508072714066935
2023-05-31,27701.0,27840.0,26857.0,27219.0,1863.47625267,-0.017733737380085702
2023-06-01,27220.0,27356.0,26625.0,26826.0,2004.35720265,-0.014543692375702948
2023-06-02,26821.0,27300.0,26519.0,27251.0,1671.434456,0.015718651203733336
2023-06-03,27250.0,27332.0,26937.0,27076.0,772.42193183,-0.006442491037270786
2023-06-04,27076.0,27451.0,26963.0,27125.0,789.8995641,0.0018080852142623167
2023-06-05,27114.0,27138.0,25389.0,25739.0,3837.59032264,-0.05244846048617539
2023-06-06,25730.0,27357.0,25350.0,27236.0,3965.21160442,0.056532276246272016
2023-06-07,27252.0,27388.0,26140.0,26348.0,2996.80495663,-0.033147256842273695
2023-06-08,26347.0,26809.0,26225.0,26510.0,1530.42554212,0.006129649522487731
2023-06-09,26507.0,26778.0,26289.0,26484.0,1059.79847008,-0.0009812432383344797
2023-06-10,26486.0,26528.0,25420.0,25857.0,3074.54228424,-0.02395941972922775
2023-06-11,25857.0,26209.0,25657.0,25941.0,1020.99238041,0.00324337131303109
2023-06-12,25940.0,26103.0,25634.0,25906.0,1761.02544893,-0.0013501265383386565
2023-06-13,25906.0,26422.0,25718.0,25934.0,1895.96796692,0.0010802470186283659
2023-06-14,25935.0,26078.0,24819.0,25127.0,2747.12869314,-0.03161188392547322
2023-06-15,25125.0,25729.0,24756.0,25573.0,2880.44240822,0.0175941422100604
2023-06-16,25567.0,26485.0,25188.0,26333.0,2556.84039324,0.029285798079667903
2023-06-17,26333.0,26785.0,26173.0,26507.0,1155.48522656,0.006585943562907224
2023-06-18,26513.0,26685.0,26267.0,26340.0,1005.71439822,-0.006320152738719887
2023-06-19,26336.0,27050.0,26260.0,26842.0,1828.96524085,0.01887912866047915
2023-06-20,26840.0,28441.0,26651.0,28315.0,3123.51386312,0.053423874590154116
2023-06-21,28316.0,30755.0,28280.0,30009.0,6043.64316714,0.05810563710538501
2023-06-22,30010.0,30505.0,29600.0,29889.0,3777.43149847,-0.004006816940324504
2023-06-23,29891.0,31458.0,29820.0,30716.0,4388.38562374,0.027293171737468307
2023-06-24,30703.0,30821.0,30287.0,30548.0,1211.73495461,-0.005484474442159452
2023-06-25,30550.0,31047.0,30295.0,30477.0,1480.27114787,-0.0023269162486200526
2023-06-26,30480.0,30657.0,29941.0,30274.0,2062.07924358,-0.006683042437144131
2023-06-27,30278.0,31025.0,30235.0,30696.0,2087.55806488,0.013843094604277906
2023-06-28,30697.0,30712.0,29868.0,30079.0,1867.54566498,-0.020305099096479845
2023-06-29,30078.0,30825.0,30041.0,30444.0,1924.6183445,0.012061676556973796
2023-06-30,30445.0,31268.0,29508.0,30469.0,4944.39013815,0.0008208428875187241
2023-07-01,30469.0,30647.0,30321.0,30592.0,603.9348395,0.004028763576326979
2023-07-02,30590.0,30785.0,30175.0,30616.0,1091.40198046,0.0007842112544103488
2023-07-03,30616.0,31378.0,30587.0,31158.0,1549.49344257,0.017548285966835782
2023-07-04,31165.0,31327.0,30637.0,30771.0,848.52450967,-0.01249834609685332
2023-07-05,30767.0,30866.0,30206.0,30501.0,1179.48935068,-0.008813218032249931
2023-07-06,30498.0,31500.0,29868.0,29912.0,3087.63379638,-0.01949973228632103
2023-07-07,29901.0,30445.0,29722.0,30348.0,1886.47101822,0.014470879801015737
2023-07-08,30348.0,30383.0,30056.0,30293.0,602.99398251,-0.0018139547527627816
2023-07-09,30293.0,30439.0,30073.0,30167.0,640.48477925,-0.004168051022585683
2023-07-10,30170.0,31037.0,29964.0,30421.0,1899.48550714,0.00838454770015414
2023-07-11,30417.0,30804.0,30310.0,30621.0,1275.01882493,0.0065528886888368415
2023-07-12,30631.0,30960.0,30219.0,30382.0,1734.61976884,-0.00783572030400007
2023-07-13,30383.0,31818.0,30259.0,31471.0,3038.41085113,0.0352161590808729
2023-07-14,31474.0,31635.0,29961.0,30331.0,2687.88498106,-0.03689619505325812
2023-07-15,30328.0,30403.0,30260.0,30301.0,483.23087175,-0.0009895765420291536
2023-07-16,30300.0,30442.0,30067.0,30253.0,999.67578186,-0.001585362157858856
2023-07-17,30247.0,30341.0,29675.0,30154.0,1810.6123199,-0.003277768756470941
2023-07-18,30144.0,30244.0,29521.0,29868.0,1637.26704348,-0.009529911183271511
2023-07-19,29862.0,30188.0,29757.0,29919.0,1446.88422668,0.0017060569143854027
2023-07-20,29917.0,30414.0,29567.0,29806.0,1431.36195596,-0.003784014561239539
2023-07-21,29806.0,30051.0,29735.0,29908.0,1197.73385418,0.0034162876110680365
2023-07-22,29908.0,29995.0,29640.0,29789.0,630.39179913,-0.003986805287420511
2023-07-23,29790.0,30342.0,29742.0,30085.0,766.46726746,0.009887510822066419
2023-07-24,30085.0,30099.0,28842.0,29177.0,2817.83813249,-0.03064598100693476
2023-07-25,29176.0,29362.0,29054.0,29224.0,1213.4912944,0.0016095618276009884
2023-07-26,29224.0,29678.0,29100.0,29354.0,1517.24148332,0.0044385336960256466
2023-07-27,29353.0,29563.0,29081.0,29219.0,1313.64370824,-0.004609640586917538
2023-07-28,29214.0,29525.0,29121.0,29317.0,1241.48419113,0.0033483699453748903
2023-07-29,29316.0,29404.0,29251.0,29360.0,402.48554375,0.0014656511988506064
2023-07-30,29360.0,29446.0,29034.0,29279.0,792.17888595,-0.002762668241895721
2023-07-31,29279.0,29511.0,29115.0,29231.0,899.87088387,-0.0016407455398456312
2023-08-01,29221.0,29715.0,28574.0,29696.0,2302.7701885,0.01578256663921649
2023-08-02,29697.0,30025.0,28929.0,29164.0,1990.0712660899999,-0.018077284659606164
2023-08-03,29157.0,29395.0,28925.0,29176.0,1359.65240342,0.00041138156219530224
2023-08-04,29175.0,29306.0,28784.0,29077.0,1430.63487436,-0.003398969849181999
2023-08-05,29075.0,29107.0,28950.0,29049.0,339.31235387,-0.0009634243596933679
2023-08-06,29049.0,29159.0,28962.0,29042.0,494.23722676,-0.00024100118895806265
2023-08-07,29041.0,29244.0,28671.0,29181.0,1440.49544476,0.004774754446867203
2023-08-08,29186.0,30210.0,29107.0,29764.0,2548.20876694,0.019781796979601803
2023-08-09,29776.0,30119.0,29352.0,29565.0,1342.08176495,-0.0067083802622215916
2023-08-10,29565.0,29703.0,29294.0,29423.0,1091.25819091,-0.0048145478502418645
2023-08-11,29424.0,29525.0,29222.0,29398.0,839.58343645,-0.0008500366027554334
2023-08-12,29398.0,29465.0,29350.0,29415.0,349.63678295,0.0005781034966234114
2023-08-13,29415.0,29443.0,29254.0,29284.0,357.15476053,-0.00446345653202308
2023-08-14,29280.0,29659.0,29086.0,29408.0,1281.1078171,0.004225454388880346
2023-08-15,29408.0,29455.0,29060.0,29172.0,1081.01044207,-0.008057401051289962
2023-08-16,29171.0,29224.0,28693.0,28701.0,1798.07617139,-0.016277379757846683
2023-08-17,28692.0,28757.0,26266.0,26642.0,4949.55887437,-0.07444304743486894
2023-08-18,26632.0,26813.0,25601.0,26051.0,2639.68823694,-0.022432762750753683
2023-08-19,26051.0,26264.0,25798.0,26097.0,1021.34929591,0.001764210014996155
2023-08-20,26097.0,26297.0,25979.0,26192.0,711.93303045,0.0036336554352657717
2023-08-21,26193.0,26240.0,25828.0,26125.0,1609.35464365,-0.0025613103438039677
2023-08-22,26125.0,26137.0,25350.0,26042.0,1785.38604286,-0.0031820909784384763
2023-08-23,26048.0,26800.0,25805.0,26431.0,2472.52719071,0.014826944386565555
2023-08-24,26429.0,26562.0,25852.0,26168.0,1678.6281579,-0.010000273457019357
2023-08-25,26169.0,26281.0,25748.0,26048.0,1924.7079294,-0.00459630041595296
2023-08-26,26050.0,26102.0,25976.0,26008.0,249.0430185,-0.0015368068185255953
2023-08-27,26007.0,26168.0,25962.0,26090.0,399.56936642,0.0031479161470328084
2023-08-28,26087.0,26223.0,25856.0,26103.0,1212.34458122,0.0004981511033600531
2023-08-29,26103.0,28142.0,25913.0,27726.0,4581.62209762,0.060320350864187335
2023-08-30,27722.0,27757.0,27006.0,27300.0,2084.64468373,-0.015483898925270231
2023-08-31,27302.0,27537.0,25683.0,25932.0,2809.73176445,-0.051408974878164794
2023-09-01,25927.0,26134.0,25333.0,25798.0,1970.6890186,-0.005180757769804918
2023-09-02,25801.0,25980.0,25753.0,25870.0,557.92664336,0.002787026654993375
2023-09-03,25870.0,26112.0,25807.0,25970.0,719.53811642,0.0038580294767193127
2023-09-04,25972.0,26081.0,25646.0,25819.0,1083.70424928,-0.005831370673098439
2023-09-05,25827.0,25862.0,25547.0,25783.0,1006.67988402,-0.0013952949823860783
2023-09-06,25783.0,26000.0,25386.0,25748.0,1278.20847185,-0.0013584058288031076
2023-09-07,25750.0,26417.0,25600.0,26245.0,1647.35197985,0.01911854051389363
2023-09-08,26256.0,26429.0,25652.0,25908.0,1649.47774994,-0.012923693383592434
2023-09-09,25908.0,25927.0,25801.0,25899.0,436.09095941,-0.0003474433991753568
2023-09-10,25899.0,26018.0,25588.0,25836.0,876.91159297,-0.002435489751268985
2023-09-11,25836.0,25881.0,24920.0,25155.0,2016.08262659,-0.026712184226944456
2023-09-12,25157.0,26529.0,25129.0,25844.0,3217.44248767,0.02702178175263724
2023-09-13,25842.0,26395.0,25762.0,26226.0,1566.27745586,0.014672819413313484
2023-09-14,26229.0,26849.0,26143.0,26529.0,2087.02602594,0.011487189152475371
2023-09-15,26529.0,26878.0,26228.0,26607.0,1388.80900435,0.0029358648007171547
2023-09-16,26609.0,26767.0,26459.0,26571.0,609.7138034,-0.001353943566869362
2023-09-17,26571.0,26618.0,26414.0,26535.0,522.97891573,-0.001355779215697294
2023-09-18,26533.0,27422.0,26382.0,26770.0,2015.8296667,0.008817241252402921
2023-09-19,26766.0,27486.0,26682.0,27214.0,1886.73059609,0.01644968923640556
2023-09-20,27220.0,27389.0,26852.0,27128.0,2264.83849151,-0.0031651419453291585
2023-09-21,27124.0,27177.0,26376.0,26563.0,1557.05559404,-0.021047134786450594
2023-09-22,26568.0,26733.0,26479.0,26581.0,683.49903344,0.0006774048128976677
2023-09-23,26577.0,26634.0,26519.0,26583.0,263.32261736,7.52388834904089e-05
2023-09-24,26582.0,26730.0,26148.0,26248.0,778.78029835,-0.012682118074474558
2023-09-25,26215.0,26436.0,25977.0,26297.0,1307.38610948,0.0018650685775544141
2023-09-26,26298.0,26386.0,26085.0,26208.0,884.58189615,-0.003390156565695887
2023-09-27,26203.0,26823.0,26095.0,26361.0,1845.69530452,0.00582093751115698
2023-09-28,26361.0,27297.0,26325.0,27026.0,2763.60813176,0.024913720434078426
2023-09-29,27029.0,27235.0,26682.0,26911.0,1536.61509999,-0.004264240660803169
2023-09-30,26910.0,27093.0,26884.0,26966.0,532.6068557,0.0020416882567916225
2023-10-01,26965.0,28053.0,26959.0,27995.0,1264.64540463,0.03744910958897387
2023-10-02,27995.0,28592.0,27333.0,27507.0,2577.97315012,-0.01758540506498314
2023-10-03,27509.0,27670.0,27170.0,27435.0,1304.18286171,-0.0026209472249347655
2023-10-04,27431.0,27831.0,27221.0,27790.0,1275.01105837,0.012856673243473695
2023-10-05,27787.0,28125.0,27369.0,27417.0,1535.57836693,-0.0135129847962381
2023-10-06,27420.0,28301.0,27185.0,27948.0,1718.75354746,0.019182381732029914
2023-10-07,27945.0,28034.0,27864.0,27971.0,355.00216419,0.0008226184766183004
2023-10-08,27976.0,28104.0,27715.0,27933.0,559.68781341,-0.0013594735923201646
2023-10-09,27930.0,27996.0,27280.0,27594.0,1186.72451465,-0.012210427788660706
2023-10-10,27598.0,27733.0,27294.0,27395.0,1183.58370853,-0.007237842795462688
2023-10-11,27394.0,27474.0,26533.0,26874.0,2042.77738655,-0.019201238537160985
2023-10-12,26870.0,26933.0,26545.0,26756.0,1099.96996575,-0.004400529197056406
2023-10-13,26744.0,27108.0,26675.0,26867.0,1292.1278671,0.004140020459236567
2023-10-14,26867.0,26981.0,26800.0,26855.0,421.71980002,-0.00044674435797548015
2023-10-15,26858.0,27299.0,26814.0,27174.0,758.25452068,0.011808610444709043
2023-10-16,27161.0,29900.0,27123.0,28518.0,4785.41944077,0.04827483305779562
2023-10-17,28520.0,28627.0,28081.0,28408.0,1864.88114061,-0.0038646712191406293
2023-10-18,28408.0,28984.0,28156.0,28328.0,1413.07638125,-0.0028200808311841267
2023-10-19,28327.0,28916.0,28138.0,28733.0,1546.73974905,0.014195573196569687
2023-10-20,28734.0,30233.0,28595.0,29688.0,2771.39284798,0.03269663575212433
2023-10-21,29682.0,30364.0,29483.0,29927.0,918.26190297,0.008018159203509005
2023-10-22,29921.0,30247.0,29678.0,30002.0,921.90910142,0.0025029631448931656
2023-10-23,30007.0,34283.0,29898.0,33074.0,5126.76615313,0.09748342912130602
2023-10-24,33090.0,35198.0,32852.0,33917.0,5503.07515361,0.02516888838812341
2023-10-25,33928.0,35138.0,33686.0,34498.0,2514.83797747,0.016984987726309093
2023-10-26,34494.0,34834.0,33738.0,34165.0,2077.76612107,-0.009699623109695507
2023-10-27,34148.0,34245.0,33407.0,33906.0,2094.03774293,-0.007609738356980353
2023-10-28,33902.0,34506.0,33878.0,34091.0,772.85563761,0.005441429959390158
2023-10-29,34090.0,34755.0,33945.0,34538.0,949.33336318,0.01302674732732694
2023-10-30,34549.0,34860.0,34095.0,34495.0,1843.15676539,-0.001245781164406262
2023-10-31,34489.0,34730.0,34061.0,34661.0,1565.28762452,0.004800749575436043
2023-11-01,34667.0,35612.0,34102.0,35440.0,2098.16618447,0.022225990163372157
2023-11-02,35440.0,35968.0,34320.0,34937.0,1636.75756043,-0.014294686194094689
2023-11-03,34947.0,34947.0,34132.0,34727.0,1346.42679593,-0.006028957168560357
2023-11-04,34734.0,35276.0,34609.0,35086.0,789.13294208,0.010284708132767823
2023-11-05,35086.0,35396.0,34495.0,35045.0,816.1044247,-0.0011692405547049642
2023-11-06,35043.0,35290.0,34766.0,35042.0,1069.01973133,-8.560788739226141e-05
2023-11-07,35061.0,35891.0,34530.0,35414.0,1785.9642087299999,0.010559880119129384
2023-11-08,35417.0,36150.0,35111.0,35640.0,1364.35565296,0.006361380418583553
2023-11-09,35633.0,37978.0,35578.0,36693.0,3016.28242591,0.02911739857072717
2023-11-10,36700.0,37558.0,36343.0,37319.0,1622.63844082,0.016916579162777303
2023-11-11,37350.0,37422.0,36673.0,37152.0,808.30673359,-0.004484974820632063
2023-11-12,37136.0,37237.0,36758.0,37086.0,549.56241452,-0.0017780656102897655
2023-11-13,37085.0,37421.0,36355.0,36485.0,1510.51918187,-0.016338322687607824
2023-11-14,36474.0,36749.0,35002.0,35564.0,1717.04521008,-0.02556732695869089
2023-11-15,35564.0,37975.0,35378.0,37877.0,2493.86082433,0.06301017745701894
2023-11-16,37886.0,37960.0,35539.0,36165.0,2074.97812228,-0.04625226741466743
2023-11-17,36167.0,36800.0,35891.0,36625.0,1897.08043126,0.012639267035987311
2023-11-18,36626.0,36851.0,36211.0,36590.0,600.63676547,-0.000956088306115954
2023-11-19,36591.0,37520.0,36420.0,37426.0,1248.86330778,0.02259067102448141
2023-11-20,37426.0,37769.0,36716.0,37480.0,2466.92303789,0.0014418073146247482
2023-11-21,37473.0,37664.0,35758.0,35758.0,2635.3433892900002,-0.04703343704059313
2023-11-22,35762.0,37865.0,35651.0,37424.0,2070.1723192,0.04553818951219491
2023-11-23,37432.0,37649.0,36886.0,37301.0,1022.40658624,-0.0032920738999510984
2023-11-24,37312.0,38437.0,37266.0,37746.0,1802.03174883,0.011859373874075374
2023-11-25,37750.0,37908.0,37619.0,37809.0,420.03700069,0.001667659707516751
2023-11-26,37811.0,37837.0,37173.0,37460.0,956.68366321,-0.009273472507521927
2023-11-27,37467.0,37574.0,36727.0,37240.0,1461.30815081,-0.005890244607076138
2023-11-28,37240.0,38420.0,36883.0,37839.0,2929.17942076,0.01595686436429958
2023-11-29,37842.0,38457.0,37597.0,37863.0,1596.97584281,0.0006340651714374675
2023-11-30,37864.0,38173.0,37510.0,37719.0,1238.49574253,-0.0038104356654493567
2023-12-01,37731.0,39000.0,37628.0,38707.0,1584.74431912,0.025856515953000803
2023-12-02,38707.0,39725.0,38663.0,39474.0,1009.37914772,0.01962176509976119
2023-12-03,39474.0,40210.0,39304.0,39989.0,1030.43113816,0.012962188962586663
2023-12-04,39988.0,42404.0,39988.0,41985.0,2457.14266074,0.04870799534102397
2023-12-05,41979.0,44490.0,41415.0,44075.0,2381.71882149,0.048580316648407465
2023-12-06,44087.0,44282.0,43419.0,43764.0,1590.89524265,-0.007081166669390467
2023-12-07,43764.0,44044.0,42849.0,43291.0,1537.57678097,-0.010866800404355694
2023-12-08,43296.0,44729.0,43078.0,44193.0,1710.26021181,0.020621644290723183
2023-12-09,44210.0,44362.0,43605.0,43712.0,1039.35957631,-0.010943741552586124
2023-12-10,43710.0,44038.0,43582.0,43786.0,872.82567587,0.0016914676368194781
2023-12-11,43786.0,43801.0,40181.0,41242.0,4261.48533556,-0.059856977007069975
2023-12-12,41232.0,42071.0,40649.0,41458.0,1610.56081406,0.005223711999245169
2023-12-13,41483.0,43440.0,40589.0,42888.0,2644.83644066,0.03391119994791715
2023-12-14,42899.0,43409.0,41509.0,43031.0,2002.07782305,0.003328719655515127
2023-12-15,43047.0,43082.0,41664.0,41925.0,1753.91862839,-0.02603847847147923
2023-12-16,41926.0,42676.0,41639.0,42246.0,702.47727547,0.007627367055778554
2023-12-17,42228.0,42364.0,41266.0,41345.0,1244.1407649,-0.02155817959092117
2023-12-18,41337.0,42732.0,40513.0,42650.0,2330.26582426,0.031075778763558094
2023-12-19,42664.0,43456.0,41794.0,42258.0,2275.97294212,-0.009233588946359856
2023-12-20,42257.0,44291.0,42207.0,43665.0,2554.20268131,0.03275318087436789
2023-12-21,43667.0,44240.0,43305.0,43873.0,1843.00224824,0.004752230835765323
2023-12-22,43871.0,44409.0,43430.0,44002.0,1262.6906742,0.0029359907292274352
2023-12-23,44011.0,44027.0,43347.0,43733.0,762.80816546,-0.006132121569076941
2023-12-24,43730.0,43954.0,42700.0,43033.0,934.47643082,-0.016135702640510046
2023-12-25,43015.0,43807.0,42771.0,43591.0,808.86227682,0.012883443807580577
2023-12-26,43587.0,43605.0,41639.0,42510.0,2476.91150728,-0.025111364657984102
2023-12-27,42511.0,43698.0,42121.0,43473.0,2029.37372014,0.02240071336119811
2023-12-28,43468.0,43812.0,42288.0,42583.0,1410.60181535,-0.020684943135479677
2023-12-29,42587.0,43128.0,41306.0,42072.0,2740.01043427,-0.012072676309374057
2023-12-30,42069.0,42599.0,41529.0,42148.0,931.22212329,0.0018047974502381676
2023-12-31,42148.0,42867.0,41976.0,42258.0,1192.72615807,0.002606451254047166
2024-01-01,42258.0,44192.0,42188.0,44187.0,1633.49861779,0.04463694318418734
2024-01-02,44187.0,45922.0,44167.0,44970.0,3948.65907593,0.01756497260710039
2024-01-03,44972.0,45510.0,41454.0,42865.0,3980.8280561,-0.047939958651896764
2024-01-04,42863.0,44795.0,42656.0,44186.0,2918.11934919,0.030352354698117076
2024-01-05,44195.0,44366.0,42500.0,44184.0,3155.46638326,-4.526422995001362e-05
2024-01-06,44189.0,44253.0,43440.0,43999.0,980.53899688,-0.004195826211620869
2024-01-07,43988.0,44500.0,43636.0,43944.0,1747.44187033,-0.0012508103469461868
2024-01-08,43936.0,47281.0,43213.0,46995.0,3636.8610002,0.06712511703194539
2024-01-09,47012.0,47897.0,44903.0,46124.0,4033.07482445,-0.018707791163394997
2024-01-10,46103.0,47751.0,44304.0,46681.0,4041.55249105,0.012003807730756388
2024-01-11,46678.0,49048.0,45600.0,46360.0,4473.0234105,-0.006900211168075177
2024-01-12,46343.0,46516.0,41509.0,42778.0,5206.89076802,-0.08041306672828422
2024-01-13,42772.0,43246.0,42440.0,42843.0,1045.15461483,0.0015183193956391599
2024-01-14,42834.0,43060.0,41704.0,41715.0,1256.25694151,-0.026681494784867917
2024-01-15,41701.0,43324.0,41680.0,42493.0,1455.98525511,0.018478580128477043
2024-01-16,42483.0,43566.0,42056.0,43131.0,2368.79032451,0.014902639626050438
2024-01-17,43128.0,43187.0,42172.0,42738.0,1669.71805706,-0.009153541884293405
2024-01-18,42738.0,42871.0,40600.0,41283.0,2233.62523855,-0.03463766127301747
2024-01-19,41250.0,42152.0,40258.0,41628.0,2637.87840623,0.0083222248243586
2024-01-20,41622.0,41854.0,41428.0,41673.0,751.43386965,0.001080419307749028
2024-01-21,41658.0,41849.0,41485.0,41560.0,466.94666893,-0.0027152708523352875
2024-01-22,41555.0,41649.0,39437.0,39528.0,3032.78218553,-0.0501288846875777
2024-01-23,39515.0,40133.0,38505.0,39868.0,2741.44335926,0.008564715561760906
2024-01-24,39849.0,40515.0,39461.0,40074.0,2648.46142608,0.005153747866344179
2024-01-25,40074.0,40278.0,39531.0,39916.0,2295.83198262,-0.003950498949487783
2024-01-26,39929.0,42233.0,39808.0,41818.0,3525.68226372,0.04654962282716528
2024-01-27,41817.0,42187.0,41396.0,42124.0,788.19903211,0.0072907806691194345
2024-01-28,42126.0,42824.0,41629.0,42026.0,1354.31455222,-0.002329175146871726
2024-01-29,42027.0,43305.0,41804.0,43305.0,2305.13461431,0.029979627411528993
2024-01-30,43302.0,43853.0,42692.0,42946.0,2291.56721174,-0.008324589238067653
2024-01-31,42945.0,43738.0,42264.0,42558.0,3286.47977633,-0.009075661096935713
2024-02-01,42548.0,43263.0,41859.0,43071.0,1870.52097244,0.01198206536566184
2024-02-02,43075.0,43451.0,42538.0,43183.0,1896.67516524,0.00259698246914843
2024-02-03,43183.0,43352.0,42876.0,42994.0,759.46228085,-0.004386328208870958
2024-02-04,42991.0,43097.0,42243.0,42570.0,774.92253866,-0.009910791233882952
2024-02-05,42568.0,43515.0,42244.0,42659.0,2029.09192619,0.002088491765713532
2024-02-06,42657.0,43366.0,42521.0,43092.0,1541.85229531,0.010099093426171553
2024-02-07,43093.0,44389.0,42764.0,44346.0,1666.78621772,0.028685147998858577
2024-02-08,44342.0,45587.0,44325.0,45300.0,3101.76569244,0.02128451945818362
2024-02-09,45299.0,48201.0,45252.0,47161.0,3267.79290468,0.040260247365888874
2024-02-10,47156.0,48186.0,46894.0,47770.0,1059.76317922,0.01283054754699317
2024-02-11,47770.0,48601.0,47593.0,48313.0,950.74155544,0.011302848180703168
2024-02-12,48313.0,50333.0,47720.0,49937.0,2595.07694979,0.033061535378149626
2024-02-13,49937.0,50385.0,48325.0,49720.0,2127.3979635,-0.00435494431821299
2024-02-14,49728.0,52093.0,49267.0,51844.0,2470.06233311,0.04183194291861831
2024-02-15,51841.0,52884.0,51364.0,51942.0,2580.54668239,0.0018885019005630843
2024-02-16,51935.0,52600.0,51615.0,52161.0,1766.36935764,0.004207377752070766
2024-02-17,52163.0,52210.0,50647.0,51664.0,999.96707794,-0.00957387519784297
2024-02-18,51661.0,52393.0,51196.0,52130.0,925.21142925,0.008979384764095205
2024-02-19,52155.0,52496.0,51694.0,51789.0,1123.41042877,-0.006562827277493095
2024-02-20,51776.0,53015.0,50770.0,52275.0,2464.04913744,0.009340473812175744
2024-02-21,52272.0,52397.0,50611.0,51843.0,2252.9078781,-0.008298324574732965
2024-02-22,51857.0,52049.0,50921.0,51253.0,2025.24575372,-0.011445767849279975
2024-02-23,51252.0,51507.0,50519.0,50743.0,1923.68472986,-0.010000475516630351
2024-02-24,50738.0,51683.0,50581.0,51562.0,508.41676974,0.01601128970413291
2024-02-25,51564.0,51958.0,51282.0,51722.0,587.08498174,0.0030982558380614174
2024-02-26,51738.0,54969.0,50909.0,54524.0,2566.50806379,0.052757748792348194
2024-02-27,54534.0,57615.0,54500.0,57068.0,4197.17042096,0.045602567543971385
2024-02-28,57065.0,64000.0,56724.0,62512.0,5991.00971487,0.09111499906014679
2024-02-29,62512.0,63684.0,60365.0,61161.0,4398.26024998,-0.021848806829603214
2024-03-01,61161.0,63265.0,60801.0,62444.0,2116.10682875,0.020760423611308608
2024-03-02,62433.0,62488.0,61645.0,62042.0,856.26122565,-0.0064585800394118195
2024-03-03,62034.0,63249.0,61402.0,63142.0,1242.8927295,0.0175745832146065
2024-03-04,63140.0,68577.0,62376.0,68359.0,4423.23610151,0.07938707143309574
2024-03-05,68359.0,69210.0,59313.0,63796.0,7391.4541923,-0.06908273724220299
2024-03-06,63815.0,67645.0,62843.0,66120.0,4235.32811565,0.035780780492315756
2024-03-07,66124.0,68061.0,65623.0,66941.0,3354.92016734,0.01234036146989546
2024-03-08,66928.0,70184.0,66264.0,68285.0,4423.05734977,0.019878488707668937
2024-03-09,68285.0,68685.0,68050.0,68463.0,856.10732179,0.002603330220995701
2024-03-10,68464.0,69999.0,68196.0,69026.0,1987.10943818,0.008189791864419078
2024-03-11,69013.0,72910.0,67120.0,72118.0,5028.35031787,0.04382042117627357
2024-03-12,72105.0,73054.0,68636.0,71473.0,4051.75855118,-0.008983910387021192
2024-03-13,71473.0,73679.0,71340.0,73121.0,3647.59207209,0.02279584719611847
2024-03-14,73130.0,73794.0,68555.0,71371.0,4144.37504552,-0.024223978826936044
2024-03-15,71387.0,72415.0,65569.0,69516.0,4952.41009755,-0.02633468247174988
2024-03-16,69505.0,70069.0,64780.0,65248.0,2215.16496436,-0.06336154751044266
2024-03-17,65245.0,68867.0,64522.0,68352.0,2040.41028069,0.046475429505630224
2024-03-18,68344.0,68902.0,66585.0,67613.0,2891.66816826,-0.01087055164520285
2024-03-19,67603.0,68123.0,61447.0,61897.0,5318.12575849,-0.08832855900295963
2024-03-20,61919.0,68168.0,60760.0,67872.0,4989.90459203,0.09215186513275943
2024-03-21,67842.0,68249.0,64537.0,65485.0,2935.80449282,-0.03580246960090568
2024-03-22,65477.0,66631.0,62332.0,63807.0,2420.55836222,-0.025958206580848537
2024-03-23,63812.0,66027.0,63016.0,64001.0,1252.51357681,0.0030358060370851633
2024-03-24,64007.0,67613.0,63807.0,67188.0,1391.93505712,0.04859595191715377
2024-03-25,67208.0,71213.0,66407.0,69898.0,3049.19168605,0.03954237637237795
2024-03-26,69889.0,71572.0,69257.0,69997.0,2479.9479934299998,0.0014153474609738224
2024-03-27,69999.0,71754.0,68362.0,69421.0,2306.37023009,-0.008262968587635262
2024-03-28,69406.0,71587.0,68863.0,70803.0,2146.14929567,0.019711957282851737
2024-03-29,70769.0,70929.0,69073.0,69903.0,1131.13270761,-0.012792805909595122
2024-03-30,69934.0,70344.0,69586.0,69613.0,589.84093164,-0.004157235265673264
2024-03-31,69616.0,71391.0,69594.0,71285.0,857.97967024,0.023734595097867853
2024-04-01,71296.0,71296.0,68073.0,69699.0,2032.76552736,-0.02249995614466368
2024-04-02,69694.0,69706.0,64545.0,65469.0,3531.6205486,-0.06260922229628813
2024-04-03,65471.0,66942.0,64511.0,65988.0,1876.12270366,0.007896159148705428
2024-04-04,65984.0,69328.0,65100.0,68538.0,2332.36734433,0.03791542866618717
2024-04-05,68522.0,68767.0,65999.0,67857.0,2200.99431004,-0.009985786265911081
2024-04-06,67851.0,69680.0,67476.0,68917.0,729.56296087,0.015500332269411157
2024-04-07,68907.0,70310.0,68858.0,69358.0,1123.92861936,0.00637861500974562
2024-04-08,69336.0,72756.0,69073.0,71613.0,2247.97574988,0.03199512473850628
2024-04-09,71623.0,71748.0,68217.0,69135.0,2320.07201561,-0.03521550689103582
2024-04-10,69100.0,71150.0,67482.0,70630.0,2494.31665671,0.021393868580249522
2024-04-11,70638.0,71287.0,69555.0,70015.0,1976.13409975,-0.008745478613090508
2024-04-12,70019.0,71236.0,65230.0,67150.0,2855.3300716,-0.041780581838493785
2024-04-13,67146.0,67930.0,61308.0,64054.0,3638.57218138,-0.04720244536650681
2024-04-14,64039.0,65859.0,62162.0,65749.0,2675.95110563,0.026117984213998965
2024-04-15,65748.0,66900.0,62340.0,63438.0,2619.50946939,-0.03578141083829427
2024-04-16,63467.0,64376.0,61654.0,63830.0,2685.27308755,0.006160248289521379
2024-04-17,63821.0,64636.0,59672.0,61278.0,3227.19219541,-0.04080241144394907
2024-04-18,61256.0,64182.0,60830.0,63515.0,2353.15232284,0.035855210651407114
2024-04-19,63512.0,65506.0,59629.0,63821.0,3756.32419865,0.004806191321172116
2024-04-20,63847.0,65450.0,63136.0,64990.0,1178.86192275,0.01815112210966146
2024-04-21,64978.0,65710.0,64294.0,64950.0,871.65106463,-0.0006156687896489205
2024-04-22,64951.0,67241.0,64545.0,66855.0,2019.58758121,0.028908351950020374
2024-04-23,66845.0,67201.0,65837.0,66421.0,1200.34622413,-0.006512823525251718
2024-04-24,66413.0,67057.0,63554.0,64259.0,2072.24874267,-0.03309147975501815
2024-04-25,64254.0,65286.0,62785.0,64493.0,1851.69406596,0.003634898994089589
2024-04-26,64488.0,64793.0,63306.0,63745.0,1213.85952947,-0.011665941190363025
2024-04-27,63746.0,63903.0,62405.0,63429.0,833.17012398,-0.004969579479244099
2024-04-28,63417.0,64310.0,62811.0,63098.0,807.23701868,-0.005232096787071644
2024-04-29,63106.0,64181.0,61764.0,63832.0,1496.50152656,0.011565558682209957
2024-04-30,63849.0,64714.0,59068.0,60632.0,2740.34760244,-0.051431825496251825
2024-05-01,60611.0,60786.0,56500.0,58256.0,3523.30096206,-0.03997571507665031
2024-05-02,58272.0,59623.0,56932.0,59099.0,1700.0955159,0.014366912362048755
2024-05-03,59076.0,63340.0,58829.0,62915.0,2560.04102097,0.0625706052488048
2024-05-04,62907.0,64522.0,62585.0,63899.0,1400.47938778,0.01551910276483467
2024-05-05,63901.0,64625.0,62947.0,64021.0,918.78327523,0.0019074427296710327
2024-05-06,64024.0,65513.0,62720.0,63164.0,1643.13715228,-0.013476635934040401
2024-05-07,63159.0,64389.0,62278.0,62320.0,1357.12199145,-0.01345211704190394
2024-05-08,62310.0,62996.0,60873.0,61181.0,1469.20210523,-0.018445717762463735
2024-05-09,61143.0,63409.0,60634.0,63075.0,1386.15467473,0.030487810727092335
2024-05-10,63072.0,63876.0,60176.0,60793.0,2229.56085163,-0.036849843762096525
2024-05-11,60799.0,61454.0,60474.0,60816.0,516.41893738,0.000378261481867918
2024-05-12,60813.0,61848.0,60600.0,61462.0,638.44732414,0.010566185416383204
2024-05-13,61446.0,63444.0,60758.0,62934.0,1831.88901336,0.023667460544245848
2024-05-14,62917.0,63075.0,61108.0,61543.0,1560.7659125,-0.02235044072052885
2024-05-15,61552.0,66471.0,61322.0,66242.0,3794.61266735,0.0735785853709196
2024-05-16,66234.0,66766.0,64598.0,65252.0,1760.07421083,-0.015058005783856385
2024-05-17,65252.0,67482.0,65129.0,67053.0,1703.98497047,0.02722665438201165
2024-05-18,67059.0,67391.0,66663.0,66930.0,526.31056179,-0.0018360543435171062
2024-05-19,66923.0,67654.0,65901.0,66275.0,535.79306702,-0.00983454493746155
2024-05-20,66255.0,71500.0,66074.0,71401.0,2681.31745309,0.07449912267461274
2024-05-21,71435.0,71958.0,69156.0,70136.0,1968.84633605,-0.017875660563417564
2024-05-22,70155.0,70649.0,68879.0,69118.0,1537.25078005,-0.014621025394300055
2024-05-23,69151.0,70024.0,66343.0,67945.0,2160.78304618,-0.01711663451952366
2024-05-24,67915.0,69254.0,66623.0,68548.0,1132.91119417,0.008835675426142017
2024-05-25,68549.0,69580.0,68503.0,69275.0,499.49995762,0.010549860950439454
2024-05-26,69288.0,69500.0,68136.0,68489.0,610.501155,-0.011410942317449985
2024-05-27,68471.0,70601.0,68225.0,69392.0,1406.51067265,0.013098438661418264
2024-05-28,69363.0,69513.0,67193.0,68327.0,2285.11775116,-0.01546658384486905
2024-05-29,68347.0,68852.0,67096.0,67564.0,1273.08586449,-0.011229706430042733
2024-05-30,67566.0,69524.0,67105.0,68338.0,1757.50551322,0.011390684003287653
2024-05-31,68330.0,69010.0,66624.0,67477.0,1880.05905818,-0.012679181748959555
2024-06-01,67477.0,67810.0,67387.0,67723.0,368.62403719,0.003639057270356035
2024-06-02,67722.0,68405.0,67281.0,67752.0,544.3606243,0.00042812327651530087
2024-06-03,67744.0,70268.0,67590.0,68801.0,2391.37592427,0.015364300098090705
2024-06-04,68798.0,71074.0,68553.0,70564.0,2051.63351034,0.025301819716770927
2024-06-05,70546.0,71759.0,69600.0,71119.0,2051.7699104,0.00783443093022944
2024-06-06,71109.0,71629.0,70116.0,70775.0,1673.7608677599999,-0.0048486993664254895
2024-06-07,70771.0,71949.0,68450.0,69326.0,3140.9712716,-0.02068581478948377
2024-06-08,69321.0,69538.0,69150.0,69306.0,428.02241418,-0.0002885336738812387
2024-06-09,69306.0,69840.0,69131.0,69640.0,464.35226548,0.00480763236539005
2024-06-10,69649.0,70167.0,69173.0,69501.0,830.15464417,-0.001997973943546539
2024-06-11,69506.0,69548.0,66011.0,67306.0,2436.68224536,-0.0320917552335939
2024-06-12,67306.0,70007.0,66911.0,68243.0,2448.03512812,0.013825478979599858
2024-06-13,68240.0,68433.0,66242.0,66733.0,1996.6514887,-0.0223752815069073
2024-06-14,66765.0,67314.0,64936.0,65996.0,2391.47091898,-0.01110544906634249
2024-06-15,65995.0,66415.0,65828.0,66182.0,659.40470208,0.002814388518090943
2024-06-16,66181.0,66914.0,66010.0,66622.0,738.0346897000001,0.006626330682333289
2024-06-17,66622.0,67260.0,65066.0,66475.0,2463.1706555,-0.0022089162005387605
2024-06-18,66475.0,66559.0,64032.0,65145.0,2210.70701056,-0.02021038247418859
2024-06-19,65141.0,65702.0,64664.0,64946.0,927.57952823,-0.0030593992700296505
2024-06-20,64947.0,66455.0,64516.0,64845.0,2185.32362168,-0.0015563485971604714
2024-06-21,64841.0,65004.0,63356.0,64102.0,1656.40021868,-0.011524242099779296
2024-06-22,64116.0,64491.0,63917.0,64233.0,277.84084542,0.0020415326372243193
2024-06-23,64245.0,64490.0,63136.0,63154.0,633.14997106,-0.016940909283632222
2024-06-24,63152.0,63302.0,58456.0,60252.0,3965.34722322,-0.04704042120094877
2024-06-25,60250.0,62395.0,60223.0,61789.0,2662.52829079,0.025189588252840456
2024-06-26,61798.0,62458.0,60675.0,60807.0,1392.69465818,-0.016020441169472027
2024-06-27,60820.0,62323.0,60561.0,61622.0,1601.14628175,0.013314035712350212
2024-06-28,61609.0,62151.0,59923.0,60315.0,1742.50478624,-0.021438120618940338
2024-06-29,60312.0,61114.0,60296.0,60879.0,580.79352981,0.009307458645594483
2024-06-30,60882.0,62931.0,60620.0,62676.0,969.08894969,0.029090311579220464
2024-07-01,62676.0,63794.0,62465.0,62829.0,1936.67850292,0.002438151082321838
2024-07-02,62822.0,63211.0,61731.0,62033.0,1129.73936644,-0.012750248813957058
2024-07-03,62046.0,62196.0,59334.0,60142.0,2033.0635548,-0.03095806876648881
2024-07-04,60165.0,60430.0,56748.0,57045.0,2423.25294936,-0.05286800269570521
2024-07-05,57030.0,57500.0,53550.0,56632.0,3234.2285631,-0.007266233576444595
2024-07-06,56632.0,58488.0,56044.0,58251.0,1203.36563905,0.028187063208538334
2024-07-07,58253.0,58441.0,55729.0,55829.0,1080.88868598,-0.04246781203567596
2024-07-08,55852.0,58200.0,54296.0,56710.0,3198.87849576,0.015657114381186252
2024-07-09,56697.0,58278.0,56300.0,58033.0,2404.8954909,0.023061252238213592
2024-07-10,58028.0,59459.0,57152.0,57733.0,1861.63028273,-0.00518288049264819
2024-07-11,57700.0,59516.0,57072.0,57348.0,2085.4392283399998,-0.006690964387480524
2024-07-12,57345.0,58539.0,56551.0,57889.0,2139.09979841,0.009389414417080544
2024-07-13,57907.0,59853.0,57783.0,59226.0,1402.77014751,0.02283325086270396
2024-07-14,59257.0,61424.0,59257.0,60823.0,1472.24156208,0.02660737224857637
2024-07-15,60827.0,64926.0,60685.0,64769.0,3739.21959674,0.06285908691669227
2024-07-16,64759.0,65403.0,62446.0,65081.0,3199.09903583,0.004805554107460547
2024-07-17,65081.0,66129.0,63890.0,64091.0,1880.4909098599999,-0.015328699483926577
2024-07-18,64104.0,65108.0,63227.0,63964.0,1526.40752618,-0.0019835233554127995
2024-07-19,63977.0,67466.0,63303.0,66705.0,3112.2854205,0.04195948753357378
2024-07-20,66705.0,67617.0,66284.0,67155.0,1186.52410101,0.0067234677302690895
2024-07-21,67164.0,68364.0,65833.0,68158.0,1881.46231613,0.014825159006510895
2024-07-22,68170.0,68486.0,66583.0,67562.0,2375.20572016,-0.008782844550548287
2024-07-23,67561.0,67776.0,65452.0,65944.0,2417.1788543,-0.024239797806074735
2024-07-24,65943.0,67112.0,65117.0,65376.0,1796.81531975,-0.008650678375714803
2024-07-25,65363.0,66135.0,63424.0,65796.0,2022.67493049,0.00640382757470019
2024-07-26,65794.0,68214.0,65712.0,67921.0,1786.03393977,0.03178621888856396
2024-07-27,67952.0,69404.0,66637.0,67892.0,1875.17940599,-0.0004270577991907607
2024-07-28,67837.0,68298.0,67064.0,68264.0,861.95803297,0.00546433393499881
2024-07-29,68240.0,70016.0,66445.0,66780.0,2363.69521213,-0.02197890671877523
2024-07-30,66765.0,66983.0,65302.0,66171.0,1561.0859685,-0.009161334016947967
2024-07-31,66170.0,66814.0,64507.0,64612.0,1629.25774256,-0.023842148447048902
2024-08-01,64612.0,65568.0,62233.0,65293.0,2890.60704678,0.010484680935035552
2024-08-02,65293.0,65548.0,61169.0,61421.0,3479.04685468,-0.06113303676482789
2024-08-03,61419.0,62151.0,59839.0,60672.0,1821.49896119,-0.012269489589162618
2024-08-04,60669.0,61073.0,57155.0,58142.0,2394.63310114,-0.04259401236868156
2024-08-05,58137.0,58280.0,49577.0,54014.0,8238.87212141,-0.07364502204221562
2024-08-06,54040.0,57058.0,53977.0,56053.0,3769.72498337,0.03705439950377793
2024-08-07,56048.0,57737.0,54568.0,55136.0,3993.76663285,-0.0164948113799184
2024-08-08,55132.0,62729.0,54748.0,61699.0,3876.67202263,0.11246486297905127
2024-08-09,61733.0,61740.0,59571.0,60860.0,2241.31073361,-0.01369157885574542
2024-08-10,60842.0,61476.0,60270.0,60952.0,1018.51751275,0.0015105247018835386
2024-08-11,60940.0,61868.0,58315.0,58725.0,1496.95386612,-0.03722113862573199
2024-08-12,58718.0,60700.0,57681.0,59362.0,3412.56068233,0.010788760468933381
2024-08-13,59361.0,61600.0,58455.0,60620.0,2874.93115361,0.020970580615747223
2024-08-14,60607.0,61809.0,58456.0,58697.0,3027.98966223,-0.03223625342701344
2024-08-15,58694.0,59851.0,56138.0,57557.0,3240.34341745,-0.019612857069195935
2024-08-16,57556.0,59841.0,57104.0,58883.0,2945.17331922,0.022776663076167183
2024-08-17,58883.0,59704.0,58828.0,59487.0,913.41960834,0.01020537707516332
2024-08-18,59487.0,60271.0,58414.0,58430.0,1375.04482657,-0.0179283447184324
2024-08-19,58440.0,59631.0,57844.0,59497.0,2045.09787264,0.018096434546031773
2024-08-20,59462.0,61424.0,58553.0,59012.0,2569.3787569,-0.008185078057056913
2024-08-21,59012.0,61838.0,58816.0,61159.0,2508.0146228099998,0.03573621731595033
2024-08-22,61169.0,61416.0,59774.0,60383.0,1929.30627319,-0.012769422000586051
2024-08-23,60383.0,64988.0,60348.0,64085.0,3470.07123728,0.059502718811102626
2024-08-24,64095.0,64506.0,63594.0,64174.0,1163.89809817,0.0013878170621129027
2024-08-25,64176.0,65103.0,63814.0,64262.0,918.66616491,0.0013703325200196124
2024-08-26,64248.0,64502.0,62826.0,62852.0,1460.73492982,-0.022185720436034426
2024-08-27,62822.0,63236.0,58090.0,59427.0,2540.60072662,-0.05603408777923165
2024-08-28,59433.0,60212.0,57866.0,59033.0,2782.47691366,-0.006652058971302831
2024-08-29,59033.0,61182.0,58701.0,59365.0,2511.22388288,0.005608217540404698
2024-08-30,59363.0,59905.0,57721.0,59113.0,2039.74822306,-0.00425396073565906
2024-08-31,59113.0,59431.0,58750.0,58967.0,738.75417566,-0.0024729009891949786
2024-09-01,58967.0,59060.0,57205.0,57310.0,1650.43196007,-0.028502836829255414
2024-09-02,57278.0,59411.0,57131.0,59133.0,1642.91265395,0.03131401564925605
2024-09-03,59133.0,59803.0,57402.0,57493.0,1476.9343549,-0.028125942950841584
2024-09-04,57506.0,58518.0,55602.0,57956.0,2077.78659826,0.008020900696415194
2024-09-05,57974.0,58315.0,55649.0,56158.0,1485.69244111,-0.03151495541067409
2024-09-06,56179.0,56984.0,52546.0,53955.0,2938.3981761,-0.04001878073210482
2024-09-07,53947.0,54839.0,53731.0,54147.0,1046.863932,0.003552204434523936
2024-09-08,54150.0,55306.0,53636.0,54866.0,1237.77945151,0.01319127858253208
2024-09-09,54876.0,58070.0,54587.0,57059.0,2644.12002332,0.039191971387181876
2024-09-10,57056.0,58042.0,56406.0,57659.0,1878.56149502,0.010460528794490147
2024-09-11,57646.0,58000.0,55554.0,57342.0,3024.35845323,-0.005513009502327408
2024-09-12,57342.0,58560.0,57335.0,58139.0,2392.01885139,0.013803355608311882
2024-09-13,58139.0,60670.0,57640.0,60545.0,2622.28151587,0.04055019508592013
2024-09-14,60551.0,60655.0,59438.0,60012.0,744.81553897,-0.008842347981562616
2024-09-15,60012.0,60388.0,58708.0,59130.0,1377.74210648,-0.014806132392028451
2024-09-16,59121.0,59209.0,57488.0,58212.0,1692.12077561,-0.01564689078165874
2024-09-17,58208.0,61331.0,57627.0,60316.0,2677.19875968,0.035505889452469235
2024-09-18,60318.0,61787.0,59189.0,61757.0,3237.8308454,0.023609920903628123
2024-09-19,61765.0,63882.0,61584.0,62940.0,3050.8160287700002,0.018974562229083627
2024-09-20,62950.0,64121.0,62353.0,63211.0,1646.72507369,0.004296445004408197
2024-09-21,63211.0,63574.0,62760.0,63364.0,578.82075001,0.0024175401859352613
2024-09-22,63364.0,63990.0,62390.0,63563.0,932.57108331,0.0031356632245884107
2024-09-23,63577.0,64730.0,62585.0,63325.0,1113.07851811,-0.0037513441634538834
2024-09-24,63325.0,64677.0,62720.0,64260.0,1621.50232416,0.01465715779997344
2024-09-25,64291.0,64795.0,62941.0,63147.0,1172.76426267,-0.017472011957897438
2024-09-26,63121.0,65851.0,62675.0,65175.0,1758.77420578,0.03161061808975047
2024-09-27,65175.0,66508.0,64840.0,65781.0,1261.81543351,0.009255083014908714
2024-09-28,65781.0,66255.0,65442.0,65876.0,557.50374744,0.001443144177487959
2024-09-29,65875.0,66071.0,65450.0,65601.0,487.19186994,-0.004183247275666667
2024-09-30,65605.0,65634.0,62859.0,63302.0,1759.70729545,-0.035674015508675244
2024-10-01,63331.0,64122.0,60164.0,60807.0,2797.97709897,-0.04021201030368297
2024-10-02,60760.0,62350.0,59972.0,60634.0,2437.72512955,-0.002849122076188907
2024-10-03,60627.0,61461.0,59860.0,60745.0,1412.60368684,0.0018289824589573078
2024-10-04,60747.0,62473.0,60474.0,62081.0,1394.47802907,0.02175520968594413
2024-10-05,62080.0,62368.0,61699.0,62063.0,449.65424183,-0.00028998582494747446
2024-10-06,62057.0,62962.0,61816.0,62814.0,846.73208591,0.012027980397570822
2024-10-07,62831.0,64444.0,62130.0,62212.0,1815.26837202,-0.009630071382959175
2024-10-08,62211.0,63172.0,61839.0,62133.0,1116.30278349,-0.0012706584201901143
2024-10-09,62114.0,62503.0,60268.0,60582.0,1354.90943313,-0.0252794295118845
2024-10-10,60589.0,61246.0,58867.0,60278.0,1799.4872895600001,-0.005030624542694636
2024-10-11,60278.0,63409.0,60041.0,62452.0,1582.70508322,0.03543106697172961
2024-10-12,62511.0,63455.0,62474.0,63194.0,685.69286582,0.011811098257902502
2024-10-13,63193.0,63271.0,62039.0,62849.0,653.16610878,-0.005474335926465501
2024-10-14,62850.0,66479.0,62450.0,66070.0,2390.38938585,0.04997976203108348
2024-10-15,66070.0,67922.0,64802.0,67061.0,2488.99178965,0.014887866904192526
2024-10-16,67061.0,68388.0,66744.0,67622.0,1716.95969807,0.008330720944571463
2024-10-17,67608.0,67914.0,66631.0,67392.0,1298.22146294,-0.0034070573790479326
2024-10-18,67392.0,68998.0,67176.0,68420.0,1434.33126968,0.015138863037948308
2024-10-19,68420.0,68668.0,68020.0,68359.0,414.91156597,-0.0008919498467480131
2024-10-20,68367.0,69363.0,68102.0,69011.0,606.10309373,0.009492682478339775
2024-10-21,69011.0,69487.0,66815.0,67340.0,1752.72054327,-0.024511498448121997
2024-10-22,67345.0,67784.0,66559.0,67382.0,1626.8596456,0.0006235062033025313
2024-10-23,67382.0,67409.0,65000.0,66601.0,1927.8417095300001,-0.011658327487596681
2024-10-24,66602.0,68800.0,66455.0,68155.0,2140.08818467,0.02306493057417206
2024-10-25,68155.0,68726.0,65521.0,66578.0,2730.81362994,-0.023410330377874815
2024-10-26,66576.0,67352.0,66344.0,67003.0,489.32578253,0.006363201863016856
2024-10-27,67009.0,68232.0,66850.0,67938.0,739.97895752,0.013858130052008946
2024-10-28,67937.0,70218.0,67541.0,69918.0,2063.86332457,0.028727602259223755
2024-10-29,69918.0,73600.0,69716.0,72729.0,3975.6902031,0.039417077768348664
2024-10-30,72727.0,72928.0,71313.0,72331.0,2263.68354591,-0.005487398299998734
2024-10-31,72330.0,72660.0,69591.0,70231.0,1776.40915493,-0.029462997288742198
2024-11-01,70202.0,71596.0,68768.0,69490.0,2717.47179295,-0.01060695167255306
2024-11-02,69468.0,69887.0,69015.0,69330.0,1047.12468684,-0.0023051443718369825
2024-11-03,69339.0,69354.0,67459.0,68738.0,1915.47157334,-0.008575537097094478
2024-11-04,68738.0,69444.0,66798.0,67818.0,2538.3408022099998,-0.01347452942065546
2024-11-05,67817.0,70538.0,67443.0,69386.0,2370.70518293,0.022857471619428357
2024-11-06,69396.0,76481.0,69284.0,75637.0,7732.00129394,0.086260463392906
2024-11-07,75638.0,76990.0,74479.0,75921.0,3265.43357289,0.003747744525689176
2024-11-08,75918.0,77270.0,75665.0,76561.0,2466.52573117,0.008394482735716333
2024-11-09,76560.0,76941.0,75648.0,76722.0,837.82745419,0.0021006903466974027
2024-11-10,76707.0,81482.0,76554.0,80425.0,2739.76560525,0.04713657406800381
2024-11-11,80426.0,89643.0,80280.0,88770.0,6695.15671543,0.098723681955138
2024-11-12,88771.0,90243.0,85121.0,88031.0,8037.51453432,-0.00835972990821797
2024-11-13,88038.0,93483.0,86263.0,90521.0,7338.0297277,0.027892842814674336
2024-11-14,90498.0,91804.0,86685.0,87333.0,3805.7616409,-0.035853469694874365
2024-11-15,87298.0,91909.0,87119.0,91070.0,4491.15106913,0.041900043287917244
2024-11-16,91069.0,91778.0,90100.0,90608.0,1538.87717754,-0.00508593220827808
2024-11-17,90643.0,91429.0,88709.0,89861.0,2016.09767635,-0.008278477369365917
2024-11-18,89865.0,92624.0,89392.0,90512.0,4276.18821636,0.007218406598716648
2024-11-19,90514.0,94057.0,90407.0,92424.0,3884.88262437,0.020904246579917525
2024-11-20,92434.0,94942.0,91407.0,94373.0,9293.97029198,0.020868330110936435
2024-11-21,94374.0,99121.0,94106.0,98451.0,7280.76958238,0.04230394718221921
2024-11-22,98451.0,99800.0,97236.0,99013.0,4646.09454486,0.005692192171215272
2024-11-23,99010.0,99015.0,97226.0,97775.0,1719.12474462,-0.01258223400351068
2024-11-24,97765.0,98660.0,95796.0,98007.0,1814.0075721,0.0023699840495238224
2024-11-25,98021.0,98966.0,92584.0,93035.0,2969.54841533,-0.05206313825149687
2024-11-26,93006.0,94999.0,90742.0,91928.0,3575.09743077,-0.011970104484272135
2024-11-27,91929.0,97353.0,91760.0,95978.0,2999.13415798,0.04311333658314396
2024-11-28,95945.0,96658.0,94670.0,95661.0,2070.2707683,-0.003308306650812562
2024-11-29,95670.0,98745.0,95410.0,97512.0,2410.84197795,0.01916475546587132
2024-11-30,97510.0,97510.0,96112.0,96441.0,646.22078077,-0.011044024952889095
2024-12-01,96471.0,97880.0,95758.0,97291.0,884.6556605,0.00877506508253506
2024-12-02,97260.0,98200.0,94403.0,95859.0,3225.0210163,-0.014828125685933275
2024-12-03,95858.0,96301.0,93590.0,95926.0,3484.90912488,0.0006986990924802812
2024-12-04,95926.0,99250.0,94661.0,98773.0,4309.94473587,0.02924722716426036
2024-12-05,98751.0,103647.0,92092.0,97057.0,7450.45018748,-0.017525853270860963
2024-12-06,96968.0,102098.0,96463.0,99898.0,2613.21105227,0.02885123065095668
2024-12-07,99898.0,100575.0,99121.0,99929.0,587.87674509,0.00031026838463958005
2024-12-08,99969.0,101407.0,98752.0,101204.0,1073.32763391,0.012678347945221055
2024-12-09,101188.0,101271.0,94249.0,97468.0,2468.79283854,-0.03761416275943946
2024-12-10,97318.0,98300.0,94306.0,96648.0,2092.49724122,-0.008448606787243015
2024-12-11,96658.0,101961.0,95725.0,101201.0,2196.1813751,0.04603312601020641
2024-12-12,101238.0,102582.0,99309.0,100068.0,1393.19342191,-0.011258683334620564
2024-12-13,99998.0,101918.0,99250.0,101435.0,1030.49421453,0.013568244360444104
2024-12-14,101433.0,102643.0,100643.0,101382.0,566.5366089,-0.0005226386467250579
2024-12-15,101408.0,105149.0,101243.0,104427.0,1369.98798554,0.029592702095059972
2024-12-16,104476.0,107821.0,103322.0,106073.0,2171.77263705,0.015639273624990138
2024-12-17,106109.0,108364.0,105363.0,106187.0,1405.93900566,0.0010741544422988537
2024-12-18,106187.0,106523.0,99997.0,100153.0,2557.28814854,-0.058502674038334604
2024-12-19,100133.0,102747.0,95537.0,97375.0,3425.5015449,-0.02812951253966979
2024-12-20,97416.0,98123.0,92118.0,97760.0,2706.24143724,0.003945991232372965
2024-12-21,97745.0,99514.0,96399.0,97211.0,1740.04323929,-0.005631621635709003
2024-12-22,97245.0,97376.0,94200.0,95098.0,2075.50874332,-0.0219759349515922
2024-12-23,95098.0,96420.0,92389.0,94750.0,2428.60426472,-0.003666094873448288
2024-12-24,94750.0,99419.0,93461.0,98596.0,1444.53568991,0.03978884887183403
2024-12-25,98637.0,99478.0,97576.0,99374.0,849.51224828,0.007859817196413273
2024-12-26,99357.0,99881.0,95111.0,95687.0,1501.36776618,-0.03780806196944573
2024-12-27,95666.0,97337.0,93282.0,94168.0,2416.24232245,-0.01600202695115768
2024-12-28,94159.0,95529.0,94026.0,95139.0,839.50518103,0.01025855901256578
2024-12-29,95139.0,95139.0,92868.0,93557.0,851.80554921,-0.0167681039058961
2024-12-30,93564.0,94891.0,91315.0,92628.0,1841.04308392,-0.009979404461132227
2024-12-31,92637.0,96117.0,91900.0,93381.0,1128.82793677,0.008096426660982313
2025-01-01,93347.0,94951.0,92768.0,94388.0,777.13942547,0.01072604801042822
2025-01-02,94380.0,97745.0,94205.0,96907.0,1219.19370744,0.02633780928253625
2025-01-03,96895.0,98951.0,96042.0,98133.0,1159.41909795,0.012571945732048248
2025-01-04,98133.0,98753.0,97540.0,98209.0,445.49130336,0.0007741594136324494
2025-01-05,98218.0,98799.0,97277.0,98327.0,454.72019157,0.0012007979624988378
2025-01-06,98389.0,102514.0,97919.0,102280.0,1742.61289193,0.03941549160514245
2025-01-07,102278.0,102760.0,96130.0,96946.0,1490.59996722,-0.05356002796608396
2025-01-08,96922.0,97248.0,92502.0,95065.0,2081.0446275,-0.019593254295352403
2025-01-09,95034.0,95333.0,91215.0,92542.0,1877.80058869,-0.026898272640465102
2025-01-10,92545.0,95797.0,92227.0,94702.0,1798.96999215,0.02307252377212015
2025-01-11,94702.0,94975.0,93843.0,94568.0,639.87740098,-0.0014159668451285434
2025-01-12,94573.0,95363.0,93685.0,94497.0,570.97876662,-0.0007510644840406848
2025-01-13,94498.0,95846.0,89164.0,94505.0,2125.86232734,8.465518888444985e-05
2025-01-14,94537.0,97339.0,94345.0,96523.0,1477.80944326,0.021128578761997734
2025-01-15,96560.0,100715.0,96474.0,100512.0,1811.81706595,0.04049580144131867
2025-01-16,100512.0,100860.0,97319.0,99975.0,1817.77460574,-0.005356968623353988
2025-01-17,99975.0,105932.0,99944.0,104119.0,3087.39708067,0.04061432104463339
2025-01-18,104119.0,104909.0,102238.0,104436.0,1306.42802809,0.003039967817861508
2025-01-19,104432.0,106294.0,99528.0,101237.0,2602.44233467,-0.031110140913808423
2025-01-20,101191.0,109356.0,99462.0,102141.0,3921.86906882,0.008889908973652643
2025-01-21,102155.0,107265.0,100087.0,106149.0,3058.41033426,0.03848955581848705
2025-01-22,106149.0,106370.0,103322.0,103632.0,1713.55368827,-0.023997605033147143
2025-01-23,103659.0,106848.0,101233.0,103933.0,3790.17304182,0.002900298325769914
2025-01-24,103922.0,107149.0,102754.0,104855.0,1725.23369955,0.00883198261675163
2025-01-25,104855.0,105237.0,104126.0,104738.0,735.89058503,-0.0011164496157121636
2025-01-26,104741.0,105424.0,102450.0,102573.0,798.34131897,-0.020887253557552766
2025-01-27,102573.0,103186.0,97750.0,102090.0,3210.12625421,-0.004719963028893579
2025-01-28,102065.0,103745.0,100225.0,101292.0,1721.67321227,-0.00784734239134083
2025-01-29,101291.0,104769.0,101288.0,103747.0,1535.93165933,0.023947808240508073
2025-01-30,103768.0,106447.0,103313.0,104738.0,1543.13930195,0.009506750737279246
2025-01-31,104737.0,106046.0,101303.0,102412.0,2016.51235916,-0.022458100527881723
2025-02-01,102408.0,102754.0,100270.0,100638.0,785.48911683,-0.01747397329881582
2025-02-02,100638.0,101430.0,96168.0,97675.0,1747.97820698,-0.029884278999538633
2025-02-03,97670.0,102569.0,91530.0,101457.0,4081.88402077,0.03798942245747928
2025-02-04,101456.0,101785.0,96147.0,97786.0,2068.16739103,-0.03685364588893224
2025-02-05,97809.0,99168.0,96181.0,96614.0,1576.92222741,-0.012057759255958044
2025-02-06,96614.0,99174.0,95678.0,96573.0,1723.92521071,-0.0004244592091141579
2025-02-07,96566.0,100185.0,95662.0,96535.0,1936.93167774,-0.00039356215682919695
2025-02-08,96534.0,96896.0,95700.0,96472.0,615.71243239,-0.0006528260864886184
2025-02-09,96472.0,97337.0,94726.0,96477.0,1008.66870716,5.1827166775957814e-05
2025-02-10,96533.0,98349.0,95307.0,97469.0,994.10887876,0.010229740761375424
2025-02-11,97465.0,98490.0,94853.0,95754.0,1284.47141085,-0.017751976084338275
2025-02-12,95756.0,98144.0,94091.0,97882.0,1476.47049215,0.021980268904101836
2025-02-13,97882.0,98091.0,95249.0,96627.0,857.75893529,-0.012904466278859926
2025-02-14,96631.0,98871.0,96300.0,97520.0,1251.2726876,0.009199279902669822
2025-02-15,97515.0,97974.0,97237.0,97591.0,335.74480408,0.0007277908793859728
2025-02-16,97591.0,97727.0,96066.0,96132.0,445.57381146,-0.015063029031422003
2025-02-17,96066.0,97014.0,95227.0,95772.0,800.63807134,-0.00375188033910788
2025-02-18,95779.0,96714.0,93340.0,95612.0,1415.52902397,-0.0016720314893183992
2025-02-19,95612.0,96866.0,95011.0,96642.0,1420.10472761,0.010715094144043364
2025-02-20,96639.0,98758.0,96439.0,98337.0,1681.57650135,0.01738692577552096
2025-02-21,98335.0,99508.0,94805.0,96131.0,2838.77561898,-0.02268851050866002
2025-02-22,96137.0,96967.0,95750.0,96572.0,795.72262624,0.0045769995264496235
2025-02-23,96571.0,96666.0,95260.0,96262.0,539.9144753,-0.0032152034086612687
2025-02-24,96264.0,96492.0,91330.0,91554.0,1692.14741385,-0.050144678583593026
2025-02-25,91516.0,92512.0,85953.0,88576.0,4284.62546279,-0.03306802158250391
2025-02-26,88573.0,89279.0,82133.0,84071.0,3118.75478282,-0.052199260629157154
2025-02-27,84150.0,86988.0,82615.0,84639.0,2559.94908433,0.006733473369400531
2025-02-28,84621.0,85082.0,78197.0,84321.0,3567.36797341,-0.00376420899012254
2025-03-01,84316.0,86517.0,83803.0,86033.0,1461.96601707,0.020099999276421292
2025-03-02,86031.0,95152.0,85029.0,94273.0,3153.02965002,0.09146388480574315
2025-03-03,94272.0,94422.0,85069.0,86160.0,2856.70424439,-0.0899887955393019
2025-03-04,86161.0,88922.0,81463.0,87240.0,3206.20571035,0.012456908485295216
2025-03-05,87262.0,90993.0,86397.0,90611.0,1832.66540574,0.037912677149099475
2025-03-06,90590.0,92790.0,87835.0,89918.0,2169.68972472,-0.007677474577386153
2025-03-07,89922.0,91277.0,84713.0,86759.0,3286.78015466,-0.035763984061763836
2025-03-08,86754.0,86861.0,85190.0,86192.0,579.74911104,-0.006556793905199851
2025-03-09,86204.0,86469.0,80000.0,80708.0,1710.17938787,-0.06573966298574635
2025-03-10,80728.0,84007.0,77393.0,78561.0,2977.79268756,-0.02696230986299943
2025-03-11,78599.0,83568.0,76600.0,82869.0,2656.56371178,0.05338565460567372
2025-03-12,82941.0,84437.0,80607.0,83620.0,2469.21846953,0.009021678233313188
2025-03-13,83677.0,84287.0,79910.0,81079.0,1830.00089168,-0.0308587379184578
2025-03-14,81084.0,85294.0,80801.0,83975.0,1986.99511377,0.03509514748839528
2025-03-15,83984.0,84672.0,83633.0,84347.0,486.19010212,0.004420106767475047
2025-03-16,84362.0,85059.0,81983.0,82555.0,1178.20234353,-0.021474504382035593
2025-03-17,82569.0,84741.0,82466.0,84058.0,1198.89639605,0.018042298880982258
2025-03-18,84058.0,84058.0,81138.0,82715.0,1290.21505333,-0.016106072705798745
2025-03-19,82694.0,87010.0,82567.0,86868.0,1926.60953491,0.048988761040025405
2025-03-20,86870.0,87470.0,83631.0,84158.0,1877.13235545,-0.031693740650534596
2025-03-21,84179.0,84801.0,83142.0,84061.0,1146.50782993,-0.0011532586776865127
2025-03-22,84061.0,84490.0,83682.0,83823.0,316.86484991,-0.0028352929336671277
2025-03-23,83823.0,86116.0,83806.0,86084.0,649.91397891,0.02661613089822208
2025-03-24,86084.0,88772.0,85541.0,87512.0,1888.33413141,0.016452363082151034
2025-03-25,87488.0,88539.0,86321.0,87436.0,2134.77215325,-0.0008688296497337841
2025-03-26,87448.0,88296.0,85869.0,86913.0,1552.95977276,-0.00599947884675574
2025-03-27,86966.0,87755.0,85828.0,87219.0,1289.3728971,0.0035145787676320963
2025-03-28,87224.0,87481.0,83544.0,84379.0,1392.33624956,-0.03310364161222669
2025-03-29,84384.0,84561.0,81629.0,82608.0,745.3934536,-0.021212027339112358
2025-03-30,82608.0,83500.0,81551.0,82359.0,840.38263469,-0.0030187878678327672
2025-03-31,82367.0,83914.0,81287.0,82538.0,1937.3372797,0.002171053085371777
2025-04-01,82537.0,85530.0,82417.0,85170.0,1504.00240153,0.031390465798157206
2025-04-02,85171.0,88563.0,81188.0,82502.0,2861.64666347,-0.03182672368195463
2025-04-03,82477.0,83896.0,81200.0,83132.0,1777.45240819,0.007607170485791691
2025-04-04,83182.0,84708.0,81659.0,83851.0,2005.88282699,0.008611708299713987
2025-04-05,83852.0,84226.0,82358.0,83507.0,518.1818542999999,-0.004110953578135358
2025-04-06,83514.0,83741.0,77098.0,78342.0,2165.48130222,-0.06384660302444879
2025-04-07,78381.0,81180.0,74434.0,79127.0,4083.99710956,0.009970298952234878
2025-04-08,79134.0,80836.0,76159.0,76244.0,2245.5090104,-0.03711543273936484
2025-04-09,76252.0,83565.0,74588.0,82595.0,4038.27621051,0.08001042214027743
2025-04-10,82594.0,82722.0,78424.0,79543.0,1564.07737754,-0.03765139006680865
2025-04-11,79558.0,84257.0,78942.0,83384.0,1728.84098877,0.04715868849672579
2025-04-12,83384.0,85892.0,82784.0,85274.0,847.63757574,0.02241315703258496
2025-04-13,85277.0,86084.0,83031.0,83712.0,1210.92223051,-0.01848726507492741
2025-04-14,83774.0,85787.0,83680.0,84583.0,1425.88175716,0.010350964398743785
2025-04-15,84583.0,86450.0,83612.0,83686.0,1162.91179825,-0.010661601326414033
2025-04-16,83632.0,85528.0,83102.0,84046.0,1593.44839937,0.004292568535332105
2025-04-17,84045.0,85478.0,83751.0,84954.0,1119.58782405,0.010745665528548056
2025-04-18,84954.0,85121.0,84310.0,84468.0,323.24096242,-0.0057371691168939766
2025-04-19,84466.0,85611.0,84367.0,85069.0,631.49083813,0.0070899274794340265
2025-04-20,85074.0,85305.0,83974.0,85198.0,462.80974618,0.001515267487914664
2025-04-21,85197.0,88527.0,85134.0,87505.0,2179.81586603,0.02671797520677724
2025-04-22,87505.0,93928.0,87094.0,93481.0,2859.469206,0.06606227250071477
2025-04-23,93482.0,94700.0,91970.0,93730.0,2423.4269158,0.00266010166955899
2025-04-24,93730.0,94035.0,91700.0,94010.0,1192.7081751,0.0029828508320651342
2025-04-25,94010.0,95857.0,92891.0,94726.0,2287.68750103,0.007587354133646608
2025-04-26,94720.0,95249.0,93934.0,94662.0,518.68073079,-0.0006758612207341677
2025-04-27,94662.0,95353.0,93685.0,93769.0,582.20526798,-0.009478341520299497
2025-04-28,93780.0,95633.0,92846.0,95041.0,1571.43868511,0.013474066461429764
2025-04-29,95040.0,95479.0,93775.0,94285.0,877.67378025,-0.007986267265616099
2025-04-30,94284.0,95269.0,92946.0,94181.0,1384.2436258,-0.0011036474542498419
2025-05-01,94181.0,97470.0,94141.0,96535.0,1742.18663518,0.024687174163143893
2025-05-02,96557.0,97938.0,96399.0,96925.0,919.20772116,0.004031846669212791
2025-05-03,96926.0,96956.0,95800.0,95916.0,696.37418877,-0.010464675125110534
2025-05-04,95850.0,96295.0,94162.0,94316.0,562.77317581,-0.016821961923081018
2025-05-05,94301.0,95198.0,93550.0,94725.0,936.93369617,0.0043271103958632965
2025-05-06,94725.0,96895.0,93376.0,96814.0,1074.63503655,0.021813655019405104
2025-05-07,96815.0,97717.0,95823.0,97054.0,1333.27237851,0.0024759127097083193
2025-05-08,97059.0,104159.0,96907.0,103261.0,2303.46314389,0.061992239062910875
2025-05-09,103234.0,104332.0,102350.0,102991.0,1336.0859085499999,-0.002618157925565637
2025-05-10,102992.0,104985.0,102845.0,104809.0,624.26506624,0.01749804029112151
2025-05-11,104809.0,104958.0,103369.0,104129.0,718.36832309,-0.006509130946942733
2025-05-12,104138.0,105706.0,100764.0,102796.0,1914.47205431,-0.012884073357107142
2025-05-13,102796.0,104997.0,101471.0,104135.0,1432.50405705,0.012941692532784668
2025-05-14,104126.0,104357.0,102622.0,103531.0,1171.49377037,-0.005817049523577745
2025-05-15,103514.0,104184.0,101442.0,103793.0,1339.09330148,0.002527446310808031
2025-05-16,103800.0,104570.0,103137.0,103506.0,994.76037696,-0.0027689490385476
2025-05-17,103503.0,103720.0,102668.0,103153.0,459.80988884,-0.003416259086869989
2025-05-18,103172.0,106635.0,103149.0,106520.0,905.17939556,0.03211943799293922
2025-05-19,106520.0,107115.0,102126.0,105622.0,1677.9321234,-0.0084660780386123
2025-05-20,105630.0,107340.0,104232.0,106855.0,1462.42485262,0.011606092335035257
2025-05-21,106891.0,110730.0,106141.0,109682.0,2430.79413683,0.026112494710713363
2025-05-22,109696.0,112000.0,109252.0,111743.0,1375.74025669,0.018616321757825884
2025-05-23,111742.0,111816.0,106827.0,107329.0,1588.22862639,-0.04030270832020069
2025-05-24,107319.0,109501.0,106908.0,107799.0,577.06680579,0.004369498603529648
2025-05-25,107798.0,109383.0,106666.0,109068.0,908.97625311,0.011703158930611244
2025-05-26,109114.0,110461.0,108759.0,109468.0,736.73662452,0.0036607281793168698
2025-05-27,109474.0,110789.0,107562.0,108980.0,1296.61250535,-0.004467889948998259
2025-05-28,108980.0,109307.0,106804.0,107811.0,1079.82738975,-0.010784685069538962
2025-05-29,107821.0,108924.0,105374.0,105578.0,1431.77890157,-0.020929677850988967
2025-05-30,105577.0,106329.0,103675.0,104034.0,1224.11022278,-0.014732247443833531
2025-05-31,103988.0,104947.0,103127.0,104646.0,483.31138627,0.005865456723995659
2025-06-01,104646.0,105908.0,103832.0,105705.0,648.06747831,0.010068969932508937
2025-06-02,105677.0,106001.0,103708.0,105905.0,941.7313758,0.0018902703988661039
2025-06-03,105890.0,106854.0,104947.0,105454.0,924.42389243,-0.0042676269710919135
2025-06-04,105426.0,106036.0,104219.0,104745.0,791.94847355,-0.0067460139087613695
2025-06-05,104734.0,105959.0,100426.0,101559.0,1374.3295089,-0.03088891457432569
2025-06-06,101558.0,105416.0,101159.0,104393.0,1474.94148302,0.027522713000387628
2025-06-07,104416.0,105959.0,103992.0,105619.0,613.87145578,0.011675655937989762
2025-06-08,105619.0,106507.0,105060.0,105792.0,353.13072588,0.0016366228683988967
2025-06-09,105791.0,110587.0,105389.0,110307.0,1163.27877626,0.04179248532914718
2025-06-10,110311.0,110400.0,108403.0,110292.0,920.65276216,-0.0001359933637334995
2025-06-11,110292.0,110398.0,108113.0,108678.0,717.4883123,-0.01474201242513822
2025-06-12,108670.0,108833.0,105731.0,105731.0,855.76506249,-0.027491248985593957
2025-06-13,105725.0,106209.0,102816.0,106118.0,1268.16488329,0.003653549749931629
2025-06-14,106117.0,106250.0,104376.0,105464.0,516.90004886,-0.006182020047503524
2025-06-15,105475.0,106163.0,104532.0,105617.0,487.58970132,0.0014496807083069908
2025-06-16,105612.0,108990.0,105023.0,106829.0,932.05599039,0.01141008208352963
2025-06-17,106853.0,107773.0,103388.0,104584.0,1157.65258947,-0.021238848987946393
2025-06-18,104617.0,105566.0,103521.0,104922.0,971.05031921,0.0032266407000184735
2025-06-19,104922.0,105254.0,103957.0,104688.0,464.84582604,-0.0022327188321945046
2025-06-20,104682.0,106521.0,102309.0,103316.0,971.51619457,-0.013192245322036531
2025-06-21,103329.0,104013.0,100945.0,102139.0,817.52134527,-0.011457622117425594
2025-06-22,102198.0,103387.0,98240.0,101015.0,1366.05281274,-0.011065610022415068
2025-06-23,100990.0,106125.0,99705.0,105464.0,1771.47809411,0.04310064179016298
2025-06-24,105418.0,106344.0,104695.0,106131.0,1158.17542632,0.006304517680154319
2025-06-25,106132.0,108182.0,105872.0,107418.0,1202.13073102,0.012053585661367891
2025-06-26,107417.0,108358.0,106640.0,107004.0,791.37974938,-0.0038615488564482862
2025-06-27,107005.0,107794.0,106351.0,107100.0,1286.60711501,0.0008967605129603889
2025-06-28,107100.0,107584.0,106880.0,107348.0,204.99976689,0.0023129160501191895
2025-06-29,107353.0,108546.0,107239.0,108384.0,526.42907649,0.009604583131538882
2025-06-30,108389.0,108800.0,106751.0,107179.0,809.671168,-0.011180142711081703
2025-07-01,107164.0,107560.0,105280.0,105709.0,918.59180036,-0.013810298031419041
2025-07-02,105698.0,109802.0,105130.0,108885.0,910.95167606,0.029602243512053192
2025-07-03,108885.0,110557.0,108586.0,109648.0,902.39480928,0.006982955438554251
2025-07-04,109647.0,109799.0,107303.0,108033.0,607.8822874,-0.014838498836284277
2025-07-05,108033.0,108416.0,107811.0,108240.0,219.21691172,0.0019142478553490108
2025-07-06,108240.0,109717.0,107858.0,109233.0,420.08244319,0.009132231597911307
2025-07-07,109231.0,109711.0,107520.0,108287.0,708.78251782,-0.00869810559294967
2025-07-08,108286.0,109225.0,107471.0,108947.0,676.89664809,0.006076415577250374
2025-07-09,108947.0,112040.0,108352.0,111287.0,1206.49472676,0.02125092457737943
2025-07-10,111318.0,117000.0,110610.0,116031.0,1983.52144626,0.04174494676093434
2025-07-11,116038.0,118839.0,115226.0,117579.0,1872.27005924,0.013253051307120983
2025-07-12,117579.0,118227.0,116971.0,117464.0,657.61118852,-0.000978544429542823
2025-07-13,117464.0,119482.0,117256.0,119135.0,699.60199797,0.014125400225975854
2025-07-14,119140.0,123236.0,118972.0,119879.0,2008.67990115,0.006225596852049989
2025-07-15,119862.0,119945.0,115729.0,117769.0,5844.5567311,-0.017757822048027373
2025-07-16,117770.0,120086.0,117047.0,118718.0,1446.65793099,0.008025854225348059
2025-07-17,118692.0,121000.0,117506.0,119275.0,1630.82389973,0.0046808184861878484
2025-07-18,119275.0,120900.0,116915.0,118022.0,1825.06401069,-0.01056070363644306
2025-07-19,118023.0,118553.0,117352.0,117916.0,499.25171162,-0.0008985412026194806
2025-07-20,117917.0,118896.0,116551.0,117339.0,615.19846734,-0.004905325344763125
2025-07-21,117220.0,119682.0,116594.0,117437.0,1334.5015779999999,0.000834838362454373
2025-07-22,117437.0,120297.0,116186.0,120011.0,1298.08983461,0.021681385666781235
2025-07-23,120011.0,120165.0,117376.0,118813.0,980.23169548,-0.010032576696372435
2025-07-24,118795.0,119525.0,117201.0,118347.0,1079.42129756,-0.003929841454953629
2025-07-25,118400.0,118509.0,114518.0,117653.0,5661.93875187,-0.005881372885470183
2025-07-26,117652.0,118340.0,117196.0,117962.0,618.43322749,0.002622924492524692
2025-07-27,117983.0,119798.0,117888.0,119469.0,579.57477524,0.01269438478862452
2025-07-28,119514.0,119826.0,117400.0,118051.0,1062.35423495,-0.011940189009420022
2025-07-29,118068.0,119267.0,116928.0,117926.0,1161.32333055,-0.0010594253820624872
2025-07-30,117926.0,118775.0,115784.0,117834.0,1043.63562888,-0.000780454739309788
2025-07-31,117833.0,118904.0,115512.0,115750.0,1022.71220262,-0.017844161394797494
2025-08-01,115749.0,116054.0,112680.0,113243.0,2329.78743891,-0.021896740668051775
2025-08-02,113243.0,114008.0,111987.0,112522.0,1093.67089437,-0.00638719421675652
2025-08-03,112522.0,114774.0,111919.0,114226.0,757.70817537,0.015030183980386618
2025-08-04,114245.0,115732.0,114129.0,115051.0,933.27650923,0.0071965662547777
2025-08-05,115051.0,115106.0,112660.0,114133.0,941.80637472,-0.008011073282234573
2025-08-06,114129.0,115729.0,113365.0,115030.0,1202.63711783,0.007828528873454066
2025-08-07,115030.0,117675.0,114280.0,117515.0,1447.58301804,0.021373021102972775
2025-08-08,117515.0,117661.0,115896.0,116675.0,1599.13538797,-0.00717369317501243
2025-08-09,116675.0,117929.0,116350.0,116495.0,985.99079289,-0.0015439382060829336
2025-08-10,116490.0,119310.0,116490.0,119310.0,1018.22600871,0.023876794257912448
2025-08-11,119312.0,122312.0,118043.0,118712.0,2061.10609204,-0.005024756183883695
2025-08-12,118711.0,120304.0,118214.0,120107.0,1834.33264903,0.011682620446319488
2025-08-13,120113.0,123715.0,118940.0,123360.0,2624.51093464,0.026723897664874454
2025-08-14,123360.0,124517.0,117201.0,118394.0,2568.14323965,-0.041088864324845126
2025-08-15,118393.0,119336.0,116856.0,117446.0,1480.94500475,-0.008039392010758088
2025-08-16,117445.0,118057.0,117252.0,117460.0,818.55779223,0.00011919661495719786
2025-08-17,117451.0,118626.0,117266.0,117490.0,822.50240192,0.00025537348510773044
2025-08-18,117465.0,117622.0,114706.0,116265.0,1938.43650897,-0.010481155177896809
2025-08-19,116295.0,116765.0,112702.0,112870.0,1676.74821297,-0.02963535443404946
2025-08-20,112870.0,114618.0,112353.0,114263.0,2261.15590441,0.012266094891680459
2025-08-21,114263.0,114801.0,111972.0,112472.0,1865.84099631,-0.01579850708160915
2025-08-22,112471.0,117421.0,111658.0,116891.0,2747.02375092,0.03853757485723645
2025-08-23,116908.0,116985.0,114536.0,115392.0,1011.7640787,-0.012906849053990723
2025-08-24,115391.0,115626.0,110671.0,113478.0,1706.85921657,-0.016726042046479702
2025-08-25,113491.0,113645.0,109283.0,110136.0,2458.05879872,-0.029893019773730295
2025-08-26,110128.0,112400.0,108717.0,111788.0,1921.06840005,0.014888254673655028
2025-08-27,111789.0,112646.0,110381.0,111273.0,1115.69227815,-0.0046175791830078425
2025-08-28,111272.0,113473.0,110876.0,112581.0,1313.36312523,0.01168632131753432
2025-08-29,112581.0,112654.0,107488.0,108362.0,1977.32412474,-0.038195488527056336
2025-08-30,108376.0,108924.0,107389.0,108827.0,790.83013066,0.004281991357743548
2025-08-31,108827.0,109503.0,108092.0,108269.0,747.36779711,-0.0051405942881946505
2025-09-01,108268.0,109907.0,107270.0,109244.0,1584.06180608,0.008965041447763254
2025-09-02,109255.0,111775.0,108426.0,111238.0,2118.59829056,0.018088137500865218
2025-09-03,111238.0,112615.0,110550.0,111759.0,2089.17921268,0.004672717103562144
2025-09-04,111758.0,112223.0,109343.0,110747.0,1931.55865495,-0.009096446641266725
2025-09-05,110738.0,113402.0,110226.0,110669.0,2214.24201717,-0.0007045561587834775
2025-09-06,110668.0,111314.0,110021.0,110223.0,753.36082686,-0.00403817798808703
2025-09-07,110223.0,111597.0,110212.0,111144.0,1147.75813028,0.008321071471190785
2025-09-08,111144.0,112935.0,110624.0,112098.0,1382.32507241,0.008546830859194806
2025-09-09,112097.0,113279.0,110768.0,111531.0,1444.08044039,-0.005070909542070324
2025-09-10,111551.0,114348.0,110932.0,113988.0,1623.88652527,0.021790600532360697
2025-09-11,113987.0,115533.0,113460.0,115533.0,1488.7439821,0.013463023742963215
2025-09-12,115533.0,116805.0,114770.0,116108.0,2158.42031268,0.00496458900633729
2025-09-13,116108.0,116364.0,115177.0,115981.0,637.92000888,-0.0010944078579851958
2025-09-14,115980.0,116216.0,115190.0,115342.0,709.05249747,-0.005524756512283187
2025-09-15,115316.0,116786.0,114421.0,115387.0,1496.61808415,0.0003900680068007564
2025-09-16,115389.0,117006.0,114776.0,116837.0,1255.43431844,0.01248810496971499
2025-09-17,116836.0,117323.0,114747.0,116477.0,2153.84805045,-0.0030859724294018563
2025-09-18,116482.0,117968.0,116144.0,117125.0,2093.19820754,0.00554791193639434
2025-09-19,117124.0,117506.0,115144.0,115702.0,1802.70990238,-0.012223820423656212
2025-09-20,115703.0,116197.0,115479.0,115759.0,1111.98890244,0.0004925235884424672
2025-09-21,115758.0,115901.0,115258.0,115292.0,789.19772796,-0.00404240307064632
2025-09-22,115275.0,115435.0,111986.0,112741.0,1951.76217647,-0.022374888072341087
2025-09-23,112741.0,113344.0,111463.0,112025.0,1468.03878727,-0.00637109190817838
2025-09-24,112025.0,114005.0,111115.0,113339.0,1320.90667792,0.011661267019932394
2025-09-25,113351.0,113542.0,108652.0,109021.0,2615.57202808,-0.03884280346919706
2025-09-26,109021.0,110372.0,108676.0,109696.0,1849.1098284,0.006172379312317931
2025-09-27,109694.0,109789.0,109130.0,109679.0,475.39719794,-0.00015498575529595337
2025-09-28,109679.0,112375.0,109239.0,112203.0,789.14477935,0.022751812919093475
2025-09-29,112203.0,114486.0,111597.0,114379.0,1866.13986072,0.019207764962693916
2025-09-30,114359.0,114842.0,112714.0,114065.0,1873.80348877,-0.0027490343169129616
2025-10-01,114079.0,118708.0,113982.0,118668.0,2297.03276139,0.039561216731015855
2025-10-02,118674.0,121106.0,118355.0,120612.0,2079.67690093,0.016249103754749115
2025-10-03,120645.0,123966.0,119353.0,122308.0,3097.07232266,0.013963671642243304
2025-10-04,122329.0,122885.0,121575.0,122441.0,628.47218404,0.0010868278366128485
2025-10-05,122458.0,125725.0,122209.0,123519.0,1675.31764003,0.008765709079312805
2025-10-06,123519.0,126272.0,123148.0,124728.0,2416.9019815,0.009740375985478316
2025-10-07,124728.0,125235.0,120648.0,121395.0,2470.10489687,-0.027085674758475557
2025-10-08,121407.0,124220.0,121113.0,123345.0,2511.13170614,0.015935615475193645
2025-10-09,123349.0,123819.0,119736.0,121695.0,2339.50892075,-0.01346739257583046
2025-10-10,121695.0,122582.0,109683.0,112996.0,4713.81894506,-0.07416549465941807
2025-10-11,112989.0,113444.0,109711.0,110764.0,2954.91390717,-0.01995060808443679
2025-10-12,110769.0,115854.0,109711.0,115090.0,2969.34386191,0.03831261920911665
2025-10-13,115089.0,116035.0,113751.0,115265.0,1947.58068078,0.0015193942711596742
2025-10-14,115275.0,115508.0,109971.0,113078.0,2253.66732902,-0.019155979176141456
2025-10-15,113077.0,113655.0,110217.0,110804.0,2023.01367329,-0.020314971330830336
2025-10-16,110804.0,112012.0,107450.0,108206.0,3004.36833057,-0.023726057004594927
2025-10-17,108206.0,109261.0,103530.0,106476.0,4616.53928421,-0.01611721009879149
2025-10-18,106470.0,107534.0,106368.0,107220.0,852.54214319,0.006963190758190731
2025-10-19,107214.0,109488.0,106137.0,108684.0,2023.09215463,0.01356179078142004
2025-10-20,108683.0,111717.0,107452.0,110580.0,2416.65967333,0.01729465172897507
2025-10-21,110580.0,114088.0,107460.0,108372.0,4329.34460736,-0.020169487853124946
2025-10-22,108324.0,109160.0,106101.0,107595.0,2975.12108444,-0.0071955748101545335
2025-10-23,107572.0,111336.0,107510.0,110111.0,1735.25029935,0.0231147696650165
2025-10-24,110110.0,112066.0,109731.0,111039.0,1412.66498963,0.008392543042729713
2025-10-25,111038.0,111945.0,110704.0,111668.0,461.82280861,0.005648692429925837
2025-10-26,111658.0,115447.0,111281.0,114551.0,953.31627049,0.025489955289529548
2025-10-27,114551.0,116381.0,113856.0,114101.0,1510.78251849,-0.0039361176021916406
2025-10-28,114101.0,116077.0,112218.0,112925.0,1398.6106738,-0.010360139530849452
2025-10-29,112920.0,113654.0,109265.0,110038.0,1666.55640703,-0.02589812085848005
2025-10-30,110037.0,111603.0,106303.0,108306.0,2489.03576718,-0.01586520654780844
2025-10-31,108307.0,111049.0,108272.0,109554.0,1789.04697521,0.011457024248271587
2025-11-01,109554.0,110478.0,109370.0,110047.0,566.13804885,0.00448996888203935
2025-11-02,110039.0,111129.0,109475.0,110530.0,971.54551341,0.00437943005817393
2025-11-03,110524.0,110730.0,105300.0,106548.0,2920.15812883,-0.03669138948467395
2025-11-04,106550.0,107260.0,98898.0,101466.0,5333.62771462,-0.04887182084258746
2025-11-05,101473.0,104532.0,98943.0,103865.0,2852.19774457,0.023368211991045322
2025-11-06,103865.0,104187.0,100246.0,101284.0,2708.20760477,-0.02516352689989383
2025-11-07,101288.0,104044.0,99192.0,103275.0,2790.81081749,0.01946688119607416
2025-11-08,103275.0,103345.0,101435.0,102286.0,1224.83513732,-0.00962252208530774
2025-11-09,102295.0,105425.0,101394.0,104705.0,1718.06176241,0.023374061030595143
2025-11-10,104677.0,106623.0,104256.0,105972.0,1858.36284442,0.012028036046550018
2025-11-11,105972.0,107465.0,102442.0,103015.0,1836.8384477,-0.028300299580243136
2025-11-12,103027.0,105301.0,100812.0,101635.0,1780.49932854,-0.01348664468349708
2025-11-13,101634.0,104019.0,97950.0,99618.0,3403.60227589,-0.020045092857221006
2025-11-14,99618.0,99815.0,93961.0,94509.0,6242.59326859,-0.052647803093628556
2025-11-15,94511.0,96736.0,94491.0,95539.0,1766.66154855,0.010839473026782552
2025-11-16,95540.0,96538.0,92929.0,94187.0,2865.93071437,-0.014252373274287532
2025-11-17,94186.0,95938.0,91168.0,92102.0,4149.8301696300005,-0.022385509260486634
2025-11-18,92112.0,93753.0,89189.0,92911.0,4742.0424366199995,0.008745387147294453
2025-11-19,92911.0,92936.0,88497.0,91474.0,3769.12562257,-0.015587266802482106
2025-11-20,91468.0,93065.0,85912.0,86527.0,5180.9142115,-0.055598274935897134
2025-11-21,86511.0,87386.0,80537.0,85060.0,8467.35355799,-0.017099614135511903
2025-11-22,85054.0,85530.0,83432.0,84679.0,2384.78905136,-0.004489252792462953
2025-11-23,84686.0,88082.0,84624.0,86803.0,2773.78769575,0.024773546248002126
2025-11-24,86808.0,89222.0,85225.0,88277.0,4092.88381218,0.016838414748024205
2025-11-25,88276.0,88463.0,86076.0,87331.0,2871.1718489,-0.010774100850235831
2025-11-26,87331.0,90646.0,86304.0,90477.0,2971.04093074,0.03539017758068754
2025-11-27,90476.0,91926.0,90091.0,91325.0,1908.75344376,0.00932889792184374
2025-11-28,91326.0,93091.0,90233.0,90913.0,2305.99037956,-0.004521567422053208
2025-11-29,90913.0,91179.0,90216.0,90832.0,681.59946371,-0.0008913588309226498
2025-11-30,90832.0,91969.0,90362.0,90382.0,1020.91842738,-0.00496651390051958
2025-12-01,90369.0,90421.0,83814.0,86291.0,4297.0003516,-0.046319827246415105
2025-12-02,86291.0,92328.0,86190.0,91300.0,4590.27780876,0.05642548231948705
2025-12-03,91303.0,94172.0,91030.0,93472.0,4462.81522934,0.023511138604407657
2025-12-04,93460.0,94086.0,90903.0,92103.0,2700.62528856,-0.014754410184665116
2025-12-05,92109.0,92690.0,88156.0,89348.0,3068.81366007,-0.030368658549354943
2025-12-06,89342.0,90286.0,88932.0,89249.0,1058.7437302,-0.0011086413561252884
2025-12-07,89256.0,91767.0,87744.0,90405.0,2387.94536185,0.01286935948793203
2025-12-08,90406.0,92296.0,89618.0,90649.0,3033.70925459,0.002695330097293367
2025-12-09,90642.0,94652.0,89558.0,92695.0,3420.15950535,0.022319627984145315
2025-12-10,92693.0,94494.0,91579.0,92036.0,3493.06940422,-0.007134728827269366
2025-12-11,92037.0,93562.0,89269.0,92531.0,3855.94833075,0.005363918650992783
2025-12-12,92531.0,92757.0,89466.0,90275.0,2653.35034927,-0.024683156344757644
2025-12-13,90275.0,90640.0,89789.0,90264.0,588.9306767,-0.0001218573273765022
2025-12-14,90260.0,90492.0,87607.0,88164.0,2245.28512647,-0.02353999341000423
2025-12-15,88170.0,90015.0,85140.0,86412.0,3042.86671686,-0.02007216137141065
2025-12-16,86413.0,88135.0,85260.0,87843.0,2848.88747564,0.016424575128754244
2025-12-17,87842.0,90317.0,85274.0,86215.0,3340.0060966300002,-0.018706953731389458
2025-12-18,86214.0,89423.0,84398.0,85460.0,3975.60917787,-0.008795746236216092
2025-12-19,85459.0,89349.0,85078.0,88095.0,3013.6629094,0.030367347426713626
2025-12-20,88095.0,88522.0,87791.0,88324.0,593.71520281,0.002596093715710682
2025-12-21,88324.0,89017.0,87576.0,88636.0,1067.66979397,0.003526224268655428
2025-12-22,88637.0,90536.0,87867.0,88539.0,3033.70931489,-0.0010949627169911957
2025-12-23,88554.0,88876.0,86561.0,87423.0,2425.45718247,-0.0126847269737059
2025-12-24,87423.0,87976.0,86363.0,87605.0,1586.51838352,0.002079668002789464
2025-12-25,87605.0,88516.0,86896.0,87172.0,1026.06124365,-0.004954895505486153
2025-12-26,87168.0,89476.0,86584.0,87296.0,1995.30168019,0.0014214643473774466
2025-12-27,87296.0,87902.0,87180.0,87810.0,482.15727159,0.0058707465909619335
2025-12-28,87802.0,88001.0,87377.0,87870.0,559.35879313,0.0006830601358476304
2025-12-29,87871.0,90307.0,86701.0,87119.0,2713.91365162,-0.008583449369493651
2025-12-30,87111.0,89310.0,86718.0,88390.0,1997.61555935,0.014483840934598362
2025-12-31,88390.0,89079.0,87085.0,87496.0,1905.50552287,-0.010165763039931965
2026-01-01,87496.0,88782.0,87268.0,88728.0,1395.46879155,0.013982432269515881
2026-01-02,88728.0,90925.0,88284.0,89952.0,3580.71314243,0.013700684421680879
2026-01-03,89952.0,90677.0,89289.0,90590.0,830.75213082,0.007067636957075078
2026-01-04,90590.0,91728.0,90590.0,91501.0,1249.27665922,0.010006069502307199
2026-01-05,91498.0,94792.0,91484.0,93876.0,3369.25944401,0.02562486130744022
2026-01-06,93876.0,94418.0,91221.0,93712.0,2746.410348,-0.0017485131435174745
2026-01-07,93712.0,93712.0,90526.0,91273.0,2544.89091077,-0.026371233850777952
2026-01-08,91273.0,91562.0,89199.0,91031.0,3047.61486403,-0.002654907650357947
2026-01-09,91032.0,91924.0,89596.0,90510.0,2812.731608,-0.005739766007211166
2026-01-10,90510.0,90694.0,90286.0,90382.0,416.98576685,-0.0014152093112286593
2026-01-11,90382.0,91146.0,90090.0,90872.0,856.51847229,0.005406790401269622
2026-01-12,90872.0,92392.0,90016.0,91195.0,2412.5772724,0.0035481480868404225
2026-01-13,91195.0,96474.0,90949.0,95366.0,4730.60046022,0.04472204978481959
2026-01-14,95367.0,97939.0,94249.0,96942.0,5227.41310032,0.01639074072196788
2026-01-15,96946.0,97165.0,95113.0,95577.0,2812.14817177,-0.01418065618485139
2026-01-16,95583.0,95811.0,94251.0,95521.0,1782.92777503,-0.0005860867366795112
2026-01-17,95520.0,95603.0,95011.0,95113.0,471.76539206,-0.004280460179814224
2026-01-18,95113.0,95480.0,93584.0,93636.0,918.99519084,-0.015650733498778914
2026-01-19,93627.0,93632.0,91917.0,92560.0,1871.62721794,-0.011557842037203322
2026-01-20,92559.0,92799.0,87777.0,88316.0,4353.6405891,-0.046935791237324886
2026-01-21,88317.0,90471.0,87193.0,89374.0,4896.02575856,0.011908520492291371
2026-01-22,89373.0,90254.0,88421.0,89464.0,2031.68926269,0.0010064975854994704
2026-01-23,89468.0,91122.0,88463.0,89493.0,2347.64120002,0.00032410020567909243
2026-01-24,89493.0,89778.0,89037.0,89089.0,472.12028436,-0.004524539866342859
2026-01-25,89089.0,89180.0,86000.0,86567.0,1952.93731653,-0.028717189475201375
2026-01-26,86568.0,88750.0,86422.0,88247.0,2317.09931351,0.019221020311286103
2026-01-27,88247.0,89416.0,87197.0,89135.0,2324.46278911,0.010012373502516925
2026-01-28,89135.0,90438.0,88722.0,89168.0,2234.89028223,0.00037015642335564634
2026-01-29,89167.0,89214.0,83242.0,84530.0,3681.40597733,-0.05341572988634429
2026-01-30,84520.0,84599.0,81040.0,84130.0,5197.26894551,-0.004743279378114116
2026-01-31,84124.0,84137.0,75555.0,78635.0,5126.14877716,-0.0675463286200334
2026-02-01,78644.0,79322.0,75651.0,76888.0,3780.29100762,-0.022467075421705587
2026-02-02,76888.0,79301.0,74532.0,78666.0,5904.57069753,0.022861224224336507
2026-02-03,78666.0,79113.0,72863.0,75662.0,6491.42242041,-0.03893498884275722
2026-02-04,75661.0,76873.0,71704.0,73000.0,6664.20590605,-0.035816611754171425
2026-02-05,73000.0,73175.0,62200.0,62795.0,12980.44506677,-0.15058398867830103
2026-02-06,62795.0,71673.0,59930.0,70531.0,12389.36347229,0.11617687701330257
2026-02-07,70515.0,71622.0,67313.0,69246.0,5313.40541323,-0.018386947817069788
2026-02-08,69249.0,72174.0,68850.0,70283.0,3209.084422,0.014864567138803526
2026-02-09,70283.0,71383.0,68265.0,70094.0,4251.33624282,-0.0026927504391992996
2026-02-10,70094.0,70465.0,67870.0,68802.0,4052.50039834,-0.018604384081704534
2026-02-11,68801.0,69235.0,65719.0,67053.0,6069.91114912,-0.025749462828154327
2026-02-12,67034.0,68364.0,65080.0,66207.0,3577.43834177,-0.012697153921935503
2026-02-13,66205.0,69405.0,65828.0,68812.0,3679.26812952,0.03859195080066027
2026-02-14,68812.0,70513.0,68701.0,69791.0,1855.0088025,0.014126913291999414
2026-02-15,69791.0,70937.0,68044.0,68792.0,2583.79100836,-0.014417602518196944
2026-02-16,68792.0,70066.0,67268.0,68867.0,2561.43683283,0.0010896491681741877
2026-02-17,68867.0,69205.0,66557.0,67468.0,3173.29499982,-0.02052369688100151
2026-02-18,67469.0,68428.0,65840.0,66425.0,3269.12137366,-0.015579919749890883
2026-02-19,66425.0,67281.0,65620.0,66973.0,2883.19175749,0.008216061450155689
2026-02-20,66973.0,68298.0,66431.0,67992.0,4286.2528682,0.015100498100292202
2026-02-21,67992.0,68668.0,67518.0,67966.0,1421.65471687,-0.00038247106190074625
2026-02-22,67967.0,68224.0,67160.0,67612.0,1206.46701391,-0.005222098046493094
2026-02-23,67612.0,67654.0,63868.0,64630.0,5280.3221423,-0.045106782813127244
2026-02-24,64630.0,64984.0,62525.0,64059.0,4165.22296831,-0.008874165580917531
2026-02-25,64059.0,70038.0,63920.0,67994.0,6032.18559863,0.059614932295139984
2026-02-26,67993.0,68841.0,66511.0,67488.0,3855.80807448,-0.007469661692662343
2026-02-27,67488.0,68207.0,64935.0,65868.0,4056.20640648,-0.024297064940611592
2026-02-28,65868.0,67743.0,63037.0,66985.0,5941.59308309,0.01681597437319661
2026-03-01,66982.0,68201.0,65051.0,65771.0,4640.41251723,-0.018289702030744617
2026-03-02,65776.0,70111.0,65259.0,68821.0,6481.12468127,0.04532991922525279
2026-03-03,68821.0,69256.0,66147.0,68336.0,5194.30176765,-0.0070722168243465295
2026-03-04,68336.0,74075.0,67405.0,72691.0,6743.89222058,0.0617808663532943
2026-03-05,72691.0,73573.0,70671.0,70896.0,4548.71307503,-0.025003565995271378
2026-03-06,70898.0,71415.0,67753.0,68114.0,3520.23830882,-0.04003124240097694
2026-03-07,68114.0,68543.0,66943.0,67269.0,1602.73980283,-0.012483265596653404
2026-03-08,67269.0,68186.0,65623.0,65975.0,2829.70777868,-0.01942362407011557
2026-03-09,65974.0,69575.0,65844.0,68453.0,4665.57773266,0.03687149599606358
2026-03-10,68453.0,71775.0,68400.0,69963.0,5202.71519204,0.02181915249221358
2026-03-11,69958.0,71335.0,68991.0,70196.0,4649.31092584,0.0033247984736953424
2026-03-12,70196.0,70805.0,69222.0,70529.0,4885.75029631,0.004732643404396896
2026-03-13,70537.0,73933.0,70412.0,70949.0,4593.78432038,0.005937336318267991
2026-03-14,70947.0,71308.0,70305.0,71218.0,1520.25473636,0.0037842863818615124
2026-03-15,71218.0,73223.0,70878.0,72831.0,2292.61546545,0.022396093285193024
2026-03-16,72849.0,74916.0,72294.0,74876.0,3772.15166866,0.027691723198003126
2026-03-17,74884.0,76013.0,73429.0,73928.0,3923.49624615,-0.012741765353343393
2026-03-18,73931.0,74676.0,70492.0,71259.0,3059.47018424,-0.03677051962467335
2026-03-19,71241.0,71604.0,68799.0,69921.0,3381.21580722,-0.01895509365656293
2026-03-20,69921.0,71356.0,69399.0,70502.0,2786.90640315,0.008275044905659399
2026-03-21,70498.0,71082.0,68563.0,68910.0,1361.20269127,-0.022839772841046026
2026-03-22,68910.0,69564.0,67354.0,67860.0,2109.6159151,-0.015354546013032523
2026-03-23,67853.0,71801.0,67435.0,70883.0,3654.99346849,0.043583871101494864
2026-03-24,70875.0,71382.0,68893.0,70519.0,3323.54868049,-0.005148453402813856
2026-03-25,70519.0,72026.0,70387.0,71301.0,2612.72355105,0.011028175512574118
2026-03-26,71305.0,71405.0,68110.0,68779.0,3000.04397195,-0.03601188677911936
2026-03-27,68779.0,69127.0,65505.0,66359.0,3005.97680194,-0.035819069898386215
2026-03-28,66359.0,67245.0,65883.0,66321.0,869.91978741,-0.0005728067687520509
2026-03-29,66320.0,67067.0,64955.0,65954.0,1293.83955401,-0.005549059787918932
2026-03-30,65961.0,68109.0,65741.0,66731.0,2769.150905,0.011712083233591686
2026-03-31,66741.0,68517.0,65926.0,68215.0,2152.37368471,0.021994869448083106
2026-04-01,68215.0,69268.0,67542.0,68102.0,2176.81429582,-0.0016579007149948096
2026-04-02,68104.0,68644.0,65696.0,66890.0,1629.62243304,-0.017957102169525906
2026-04-03,66890.0,67359.0,66282.0,66944.0,799.7654875,0.0008069698720862747
2026-04-04,66949.0,67528.0,66782.0,67290.0,407.12820025999997,0.0051551881978236635
2026-04-05,67296.0,69104.0,66608.0,68999.0,645.41692971,0.025080374538388614
2026-04-06,69005.0,70355.0,68332.0,68857.0,1269.73380382,-0.002060121434277117
2026-04-07,68856.0,72762.0,67724.0,71940.0,1555.8436309,0.043800547963139695
2026-04-08,71911.0,72865.0,70705.0,71110.0,1681.53724973,-0.011604464372051287
2026-04-09,71064.0,73159.0,70480.0,71812.0,1764.99624298,0.009823619113155857
2026-04-10,71797.0,73465.0,71432.0,72980.0,2356.29877946,0.016133837999719146
2026-04-11,72980.0,73832.0,72559.0,73071.0,760.05196907,0.0012461402082271616
2026-04-12,73060.0,73166.0,70526.0,70746.0,953.31624651,-0.03233557339393746
2026-04-13,70742.0,74911.0,70584.0,74447.0,3621.422576,0.0509914649952054
2026-04-14,74451.0,76120.0,73861.0,74184.0,4058.73780895,-0.00353896931987183
2026-04-15,74183.0,75445.0,73528.0,74818.0,824.24583731,0.008510004244164301
2026-04-16,74828.0,75541.0,73309.0,75178.0,1166.08154755,0.004800137220182506
2026-04-17,75172.0,78384.0,74571.0,77108.0,2558.4395203,0.025348401573073113
2026-04-18,77107.0,77451.0,75441.0,75737.0,576.88981552,-0.017940224035492787
2026-04-19,75734.0,76264.0,73804.0,73825.0,794.5007864199999,-0.02556938486986583
2026-04-20,73834.0,76597.0,73753.0,75870.0,812.61140257,0.02732392171999717
2026-04-21,75870.0,76944.0,74817.0,76345.0,1106.67718991,0.006241192285491584
2026-04-22,76346.0,79500.0,76154.0,78208.0,1500.95939972,0.024109402473600494
2026-04-23,78209.0,78695.0,76988.0,78269.0,928.43606242,0.0007796673388430122
2026-04-24,78269.0,78557.0,77295.0,77466.0,861.89309297,-0.01031248102728179
2026-04-25,77460.0,77906.0,77173.0,77639.0,273.88400022,0.002230747838441387
2026-04-26,77639.0,78969.0,77348.0,78660.0,608.62901057,0.013064888744585485
2026-04-27,78666.0,79490.0,76455.0,77373.0,886.75879861,-0.01649688447513703
2026-04-28,77374.0,77474.0,75657.0,76323.0,931.62772644,-0.013663547984940797
2026-04-29,76324.0,77882.0,74912.0,75745.0,1208.06442879,-0.0076018989332987215
2026-04-30,75746.0,76629.0,75299.0,76310.0,584.61885651,0.007431555691254893
2026-05-01,76310.0,78924.0,76294.0,78232.0,829.68234395,0.024874779708432222
