-5.520567838515897385e-01
-6.619755534539446540e-01
-7.270063344784896131e-01
-7.773379386358398868e-01
-7.647746714220782227e-01
-8.050188999537424284e-01
-8.273712616550031873e-01
-8.200106026002662585e-01
-8.093432373502165156e-01
-8.056232631582764814e-01
-7.829167137456543024e-01
-8.187393665532207709e-01
-8.301494432767924092e-01
-7.942400991006782762e-01
-8.108895322611381351e-01
-8.305800530040186036e-01
-8.098446570275200651e-01
-8.039646432592971736e-01
-8.080788019385916066e-01
-8.326075183452540385e-01
-8.347797502760626598e-01
-8.102394369688674658e-01
-8.172353374338100496e-01
-7.886450480418336628e-01
-8.181680663827202160e-01
-8.130277733247383010e-01
-7.966103591122846161e-01
-7.880136930372636517e-01
-7.879795550495641843e-01
-8.160870536913967799e-01
-7.735578366927129412e-01
-8.043115939627548672e-01
-7.731778843548308133e-01
-7.996908080716353950e-01
-8.313091158447314388e-01
-7.890994796916243059e-01
-7.944818339610127955e-01
-7.997710968332385484e-01
-8.027150274686203346e-01
-8.148561327315774205e-01
-7.954665892172396724e-01
-7.634704954343334293e-01
-8.061510653529747605e-01
-7.742904841621346401e-01
-8.116204368056650909e-01
-8.200520007439355830e-01
-7.896033085804461393e-01
-8.141282188366854022e-01
-7.852114794992777203e-01
-7.874659171452738082e-01
-7.831482158624827328e-01
-7.993310716215760170e-01
-7.693858675676144010e-01
-8.019768669737494804e-01
-7.629826329508737626e-01
-7.963138917940424388e-01
-7.970836061437533981e-01
-8.032730261897664814e-01
-7.832073972644547633e-01
-7.859799483049684232e-01
-8.052328430058924846e-01
-7.573894450202236506e-01
-7.819362493982064954e-01
-7.873614807275615135e-01
-7.885877603060940100e-01
-7.662173209085760828e-01
-7.836356134467981072e-01
-7.861520887686072045e-01
-7.678658718737195743e-01
-7.599478258030353262e-01
-7.920974071781683445e-01
-7.803608445679450778e-01
-7.842973276971725305e-01
-7.626625573982538375e-01
-7.720640438225551128e-01
-7.577160574937964466e-01
-7.630539165444282235e-01
-7.737636483247483099e-01
-7.635207643140949907e-01
-7.309757647010413084e-01
-7.617618204736131826e-01
-7.638255346233919774e-01
-7.559146052344538624e-01
-7.734977699279157459e-01
-7.646804628651038271e-01
-7.487952315207808685e-01
-7.691580570988019172e-01
-7.500115729156546784e-01
-7.574561115064176731e-01
-7.469146089959349810e-01
-7.742150592537139220e-01
-7.598833274367378099e-01
-7.331691058086950985e-01
-7.712103999585605552e-01
-7.650881205164743459e-01
-7.368380464284853826e-01
-7.437480709234922660e-01
-7.461426141831613013e-01
-7.645192488428429467e-01
-7.525651746558179589e-01
-7.402420171032572105e-01
-7.268914658044368649e-01
-7.534943915828684613e-01
-7.225008325073056792e-01
-7.445499842781176936e-01
-7.619847880598012990e-01
-7.406405639682234199e-01
-7.407782591879852330e-01
-7.477819290327603063e-01
-7.363589460428474620e-01
-7.567943129370252597e-01
-7.349552521554857387e-01
-7.377407163889361241e-01
-7.285226419439745360e-01
-7.087174739319915817e-01
-7.417926220452506492e-01
-7.379013625128491016e-01
-7.320464947755681573e-01
-7.236617635228528300e-01
-7.269595127492449738e-01
-7.383421292463576702e-01
-7.192837790280404153e-01
-7.161066713162045350e-01
-7.773321475945644821e-01
-7.466948407609992344e-01
-7.270236022031082435e-01
-7.334911277969693444e-01
-6.971341684693918017e-01
-7.269812243257756101e-01
-7.127453512506009004e-01
-7.279341790300835058e-01
-7.235411387682486595e-01
-6.964030717787180746e-01
-7.115055403174965765e-01
-7.312339988746764385e-01
-7.292934467895524353e-01
-7.160811403071590808e-01
-7.221120832230401021e-01
-7.200004528677549365e-01
-7.353692724716944795e-01
-6.936440553410953003e-01
-7.026256307634647369e-01
-7.065218102722394811e-01
-7.106542419554239265e-01
-6.972872809474210953e-01
-6.964478882164970575e-01
-7.167783290112830219e-01
-6.822292359757025082e-01
-7.005999815306598322e-01
-7.244046346141235215e-01
-6.944404736902245467e-01
-7.049418228679880105e-01
-6.706582754559669013e-01
-7.061860365589897048e-01
-6.971209636401355381e-01
-6.741648789831133914e-01
-7.164288711254844788e-01
-7.064686510622548710e-01
-6.807563298338357161e-01
-6.951457049697074009e-01
-6.962244469449963002e-01
-7.060317571952015037e-01
-7.036736434850885402e-01
-7.161804810338809890e-01
-6.859703038824369603e-01
-6.828653128897188562e-01
-6.723389048362609088e-01
-7.019856428186282971e-01
-6.933272297354606817e-01
-7.004663088949127925e-01
-6.746598900901223939e-01
-6.852543774140613664e-01
-6.932200425925842957e-01
-7.048052037816352478e-01
-6.725686155314237746e-01
-6.813837510196223413e-01
-6.812982595652685713e-01
-7.073116195627136005e-01
-6.645990161442544286e-01
-7.038390488132970635e-01
-7.064879980879625876e-01
-6.840417997577503684e-01
-6.897110633697631776e-01
-6.833944042085585702e-01
-6.695137065043366142e-01
-6.562959115796538345e-01
-6.641403178973325216e-01
-6.465304065268733247e-01
-6.672708846763441004e-01
-6.763163486977217254e-01
-6.578476022527186551e-01
-6.694058318022854115e-01
-6.755190837705293827e-01
-6.872346059508210869e-01
-6.714001609375349622e-01
-6.588063409180228147e-01
-6.781331381333348673e-01
-6.701433325458452384e-01
-6.809116135400022918e-01
-6.491549784417515179e-01
-6.609241795588647328e-01
-6.780633363522869939e-01
-6.700636947324845050e-01
-6.590875145579125904e-01
-6.444384393278426160e-01
-6.613960210422625829e-01
-6.497039544934445354e-01
-6.634525037535535796e-01
-6.699400074043194708e-01
-6.861947219880731863e-01
-6.599117234766951334e-01
-6.735054696852589284e-01
-6.595354674945742568e-01
-6.654878328900649676e-01
-6.875105577355474784e-01
-6.644477419372462057e-01
-6.505702673473134912e-01
-6.618584660151827226e-01
-6.524667243443782461e-01
-6.538893151568764273e-01
-6.757518197618559430e-01
-6.589870892133173896e-01
-6.681888140727508807e-01
-6.505539333577278205e-01
-6.754947422152310921e-01
-6.553492447965854062e-01
-6.912276409504144459e-01
-6.549031339939507257e-01
-6.917902188477593750e-01
-6.584860040055700026e-01
-6.516322767799967997e-01
-6.453272939499680172e-01
-6.680494368613313361e-01
-6.374572727396400351e-01
-6.509385710949365800e-01
-6.481727319980677970e-01
-6.587104169516808660e-01
-6.637616693035816029e-01
-6.474513031908287752e-01
-6.428798249756624283e-01
-6.643066650912375914e-01
-6.519155635493558698e-01
-6.326673501736506111e-01
-6.298720245731932454e-01
-6.244169626055613431e-01
-6.664544201652041755e-01
-6.562309051695378592e-01
-6.541200937501251422e-01
-6.145053796180384165e-01
-6.224021941908348676e-01
-6.607961632737338054e-01
-6.427724813652910818e-01
-6.364921415237747571e-01
-6.417163394155740441e-01
-6.429120956133812514e-01
-6.326553207521781186e-01
-6.276032334688319558e-01
-6.517347336864577345e-01
-6.389286968548931744e-01
-6.435124748824408991e-01
-6.344058033647650419e-01
-6.420327851544211928e-01
-6.573370686017526721e-01
-6.524244271424741726e-01
-6.348572712318238942e-01
-6.382779964896255764e-01
-6.144542262586490944e-01
-6.331654281200340684e-01
-6.082921852939239260e-01
-6.038322861957513554e-01
-6.241250630335578586e-01
-6.239221753487738109e-01
-6.274804009585929210e-01
-6.269430396689482654e-01
-6.189225520266578018e-01
-6.273437023325671991e-01
-6.299207480419279914e-01
-6.216861734284873098e-01
-6.399417300030050271e-01
-6.192435995298001261e-01
-5.939106002273240037e-01
-6.001865139518650638e-01
-6.104527624629009219e-01
-5.997811528906276113e-01
-6.148388677132712310e-01
-5.995539630317727742e-01
-6.155467382433281731e-01
-6.110552768148149738e-01
-5.900543450204012164e-01
-6.148201824581258634e-01
-6.203015145299071165e-01
-6.052023802680018827e-01
-6.027585103701130764e-01
-6.131055197988158900e-01
-6.198545598942419854e-01
-6.185628010444940150e-01
-5.978217919012617232e-01
-6.014669372769599898e-01
-5.881989928672075596e-01
-6.044532661456047951e-01
-6.127280507008224797e-01
-5.987480626728469701e-01
-5.751134702520299680e-01
-5.937945671549376137e-01
-5.869003365547678097e-01
-5.955284050361293602e-01
-5.841880482945241981e-01
-5.810285330322751962e-01
-5.786349269793094052e-01
-5.878788105466519198e-01
-5.987998320023910637e-01
-5.788678031560519077e-01
-5.758577115469712959e-01
-5.744469186445502196e-01
-5.693470381140302017e-01
-5.964614054914685326e-01
-5.761401204928980890e-01
-5.661625972164171516e-01
-5.998317507888699662e-01
-5.760079662086221575e-01
-5.805974451698301397e-01
-5.695603828292125081e-01
-5.962581420150042666e-01
-5.795272593112466009e-01
-5.629996002601193039e-01
-5.803099826106820069e-01
-5.755809777417471018e-01
-5.829503901831668555e-01
-5.825437747363354513e-01
-5.759377856593264067e-01
-5.692804151363486387e-01
-5.669612469025789858e-01
-5.694211809665571389e-01
-5.772649387751213057e-01
-5.666869100811532389e-01
-5.511914589685665833e-01
-5.715143931066234417e-01
-5.777604906301525567e-01
-5.574545525109754207e-01
-5.300508279826170455e-01
-5.425052756798264264e-01
-5.377737402691891155e-01
-5.521089338940103897e-01
-5.605279269134588738e-01
-5.628417846444598860e-01
-5.366927635850662348e-01
-5.396271333982776142e-01
-5.215402490283738146e-01
-5.242597040060688052e-01
-5.428649467647764792e-01
-5.489621021036995563e-01
-5.548546230911709509e-01
-5.525454828747801139e-01
-5.324447997434863522e-01
-5.472597739812588014e-01
-5.489679152952244845e-01
-5.452972367169242052e-01
-5.316598095227260679e-01
-5.160333095862965624e-01
-5.210348709679606394e-01
-5.291223467538578307e-01
-5.247640306829034484e-01
-5.072804980967358102e-01
-5.337869426318142541e-01
-5.261163417680921883e-01
-5.156243100102801957e-01
-5.187200345640319288e-01
-5.170868194331723622e-01
-5.104659004384368703e-01
-5.097275796827509531e-01
-5.131023545445965173e-01
-5.197958296788565136e-01
-5.233391532873534757e-01
-5.231421351531615471e-01
-5.045681475141982064e-01
-4.859739075860579627e-01
-5.075279511606081151e-01
-5.016287961027687814e-01
-5.125281933913228283e-01
-4.952035485452572772e-01
-5.088675409137028982e-01
-5.145809712624875853e-01
-5.138919562149006914e-01
-5.035577158032751299e-01
-5.029082387186984970e-01
-5.064249707479575591e-01
-5.034583593685815206e-01
-4.927502478944806308e-01
-5.076562588235319362e-01
-5.059380611643694570e-01
-4.907062069737257448e-01
-4.982756785417194467e-01
-4.925383423955914663e-01
-4.871947828922819079e-01
-4.742968623071540102e-01
-5.073919769885748554e-01
-4.874778402484969408e-01
-4.850921851044956989e-01
-4.719267044962259794e-01
-4.780094007436209713e-01
-4.856143907228426260e-01
-5.038975586985503519e-01
-4.722988660527633886e-01
-4.777534090838857495e-01
-4.724369538790148537e-01
-4.690365276939341133e-01
-4.821562827310010846e-01
-4.729886946989934060e-01
-4.588304406600579588e-01
-4.696424678080840520e-01
-4.694782374896173671e-01
-4.547506296034550255e-01
-4.600294292274189623e-01
-4.644171028969568127e-01
-4.720679089726373956e-01
-4.568624406991441678e-01
-4.547855224256308615e-01
-4.371459573740491544e-01
-4.477479043220674582e-01
-4.589874696772505702e-01
-4.741701968236849973e-01
-4.568335395575582325e-01
-4.493896601464126839e-01
-4.584167487743102676e-01
-4.523214387439540296e-01
-4.493551893397769170e-01
-4.608805670681981326e-01
-4.413424318855241335e-01
-4.414316517567624665e-01
-4.470264483412321743e-01
-4.496950226911060611e-01
-4.474132891669211354e-01
-4.479056054447810853e-01
-4.465983049361382795e-01
-4.511859502493003049e-01
-4.347863828554427990e-01
-4.431155598904332749e-01
-4.607167179454363382e-01
-4.501076689076950466e-01
-4.425297882515997205e-01
-4.289183876294143660e-01
-4.397427451018771638e-01
-4.615662897186976199e-01
-4.533865138838089059e-01
-4.457030049230710222e-01
-4.426184218165498674e-01
-4.289314560979076152e-01
-4.340944309556838965e-01
-4.370354692151061649e-01
-4.370692024860757252e-01
-4.354233882546664214e-01
-4.300386036948659063e-01
-4.452929765956432639e-01
-4.288815426425927058e-01
-4.347210161087697866e-01
-4.470873623125596330e-01
-4.418510967215010243e-01
-4.295339121218402223e-01
-4.185098869699337421e-01
-4.281531285660299391e-01
-4.497201567497339791e-01
-4.499785123338532200e-01
-4.223297146414736192e-01
-4.298174678802395565e-01
-4.286814316566975869e-01
-4.289047476055011243e-01
-4.367175532955509532e-01
-4.342997054652801836e-01
-4.239645600627741651e-01
-4.285590559682094236e-01
-4.142198453668972657e-01
-4.257598213523531294e-01
-4.218944960579739112e-01
-4.235611053810742765e-01
-4.235765008103137275e-01
-4.300007428794252462e-01
-4.305363590957467235e-01
-4.408731566289365578e-01
-4.357021821754579749e-01
-4.286775386291590273e-01
-4.354557569001774597e-01
-4.171615610727702483e-01
-4.214943534884172394e-01
-4.362281706503989831e-01
-4.194698303615689294e-01
-4.244609690204271812e-01
-4.051448213912438590e-01
-4.237356295258382088e-01
-4.170024250244358521e-01
-4.285252936914549782e-01
-4.259498505581211791e-01
-4.239099997191178026e-01
-4.142734781685066814e-01
-4.205117111794880458e-01
-4.257571315944262969e-01
-4.120014743669742074e-01
-4.225863319984103361e-01
-4.260163457793824104e-01
-4.345823175642642422e-01
-4.315617972586933693e-01
-4.170661553593607573e-01
-4.208199150386635612e-01
-4.110466234047065459e-01
-4.282313145114049480e-01
-4.120629864406812892e-01
-4.164494916477774478e-01
-4.350326572359144439e-01
-4.202735835671806974e-01
-4.068272042201952488e-01
-4.291986270269521064e-01
-4.237403685487506344e-01
-4.210073481234992698e-01
-4.259335654598261911e-01
-4.113910331408919818e-01
-4.144417763607526339e-01
-4.258254685945821461e-01
-4.129546333197846586e-01
-4.275433516651130361e-01
-4.263856413849054228e-01
-4.053989796401624712e-01
-4.298790343278511283e-01
-4.234577409285915639e-01
-4.211351928802833378e-01
-4.300304595540254127e-01
-4.175728094804818102e-01
-4.277387700838071183e-01
-4.417188597288943530e-01
-4.378842020474016383e-01
-4.418373144212484060e-01
-4.424561423053675613e-01
-4.233073167249132851e-01
-4.194781713898318998e-01
-4.222228039679025713e-01
-4.149546866104765197e-01
-4.248816157406392069e-01
-4.179198399793491170e-01
-4.233875005403635594e-01
-4.247695223229850381e-01
-4.203690252483840428e-01
-4.303769684508197413e-01
-4.103352971416640571e-01
-4.032433368453139932e-01
-4.249882927176140690e-01
-4.169523797373005936e-01
-4.241646537154022401e-01
-4.295413837973696136e-01
-4.320665216933330388e-01
-4.239108990735345195e-01
-4.297192295811207430e-01
-4.380380420573257716e-01
-4.154764508144788149e-01
-4.291138154008629080e-01
-4.110027630510395547e-01
-4.207295557760316607e-01
-4.144775768370489999e-01
-4.245463197249335074e-01
-4.082374321381661009e-01
-4.292010191497879212e-01
-4.295096637140567442e-01
-4.189563306910913942e-01
-4.291917282040671466e-01
-4.200880163877934725e-01
-4.291240448233353266e-01
-4.003056113639739122e-01
-4.372501701087961878e-01
-4.092339057032065019e-01
-4.058818797003990175e-01
-4.169209705819412193e-01
-3.920695546005162901e-01
-4.196156010908543843e-01
-4.332254990512114379e-01
-4.098110465588599149e-01
-4.246900633221858401e-01
-4.176659886543180322e-01
-4.077647945595410661e-01
-4.027580572548650206e-01
-4.185392948184527562e-01
-4.248571759488753985e-01
-4.195353937981034509e-01
-4.312798642948408867e-01
-4.214603261901296305e-01
-4.207108597187039223e-01
-4.104292587179803053e-01
-4.267352224392186866e-01
-4.266289730799401880e-01
-4.326345379111945499e-01
-4.007639297622238583e-01
-4.201501021316290663e-01
-4.058722808005980065e-01
-4.283965913763690958e-01
-4.058854881740930898e-01
-4.197255661126496618e-01
-4.069601488184558802e-01
-4.147421512083330208e-01
-4.405200662395001299e-01
-4.157417023649723209e-01
-4.486717707341694172e-01
-4.214481231847254650e-01
-4.267407211453351223e-01
-4.241581994205805284e-01
-4.228652361470969234e-01
-4.092960624930104263e-01
-4.274577593100239437e-01
-4.227920438509980006e-01
-4.350260153550906672e-01
-4.261081839517744108e-01
-4.285855499140678315e-01
-4.266910183753371832e-01
-4.195300481081019051e-01
-4.177600150611973095e-01
-4.133299762660858079e-01
-4.270681476426814172e-01
-4.287439033353339646e-01
-4.324159658707287246e-01
-4.389391873658621268e-01
-4.312502313160544443e-01
-4.228617432413843691e-01
-4.297869240884553133e-01
-4.103092812608206685e-01
-4.299515441546504224e-01
-4.289776289442155388e-01
-4.207920851317472621e-01
-4.041056901894741760e-01
-4.025249764953029441e-01
-4.020991366882356033e-01
-3.919690450575066265e-01
-4.169233200642505910e-01
-4.360006026084859432e-01
-4.134793824598048673e-01
-4.220936716411642919e-01
-4.365246506442912455e-01
-4.359783194533788375e-01
-3.985634209958890395e-01
-4.226274428034026975e-01
-4.196480047418003068e-01
-4.206311597312775152e-01
-4.153307351247985668e-01
-4.209206109295735576e-01
-4.354271383742513990e-01
-4.321129972854356183e-01
-4.200792812994451619e-01
-4.139088687619572049e-01
-4.318684405204513688e-01
-4.181004648546091662e-01
-4.002454883162842592e-01
-4.236674750335307493e-01
-4.433064653467024829e-01
-4.083173268021953461e-01
-4.265559707466037853e-01
-4.211787730237128713e-01
-4.288683468756788741e-01
-4.173376351394790795e-01
-4.138522900620922318e-01
-4.236877617798329165e-01
-4.286297567678227782e-01
-4.133543331163880286e-01
-4.437261380804813360e-01
-4.195647953490797555e-01
-4.550797964500266080e-01
-4.583297430693815677e-01
-4.382357506510052847e-01
-4.270828325389979252e-01
-4.401399861783752421e-01
-4.261894078268819719e-01
-4.515504728216521713e-01
-4.490631530895228263e-01
-4.257808902028994424e-01
-4.409634823013790506e-01
-4.118291630584098861e-01
-4.435394404219326070e-01
-4.132702266749079811e-01
-4.003988166276708505e-01
-4.252837854663022998e-01
-4.241150785564835601e-01
-4.383409721188000763e-01
-4.279759754686145445e-01
-4.218578549878693185e-01
-4.038029793541149104e-01
-4.122572997253797222e-01
-4.221775058499157574e-01
-4.295591589285523426e-01
-4.281169204575967502e-01
-4.266520345979425421e-01
-4.430679232578447202e-01
-4.275283417376074535e-01
-4.324656522403484971e-01
-4.339798042620364171e-01
-4.372508146769125137e-01
-4.231966927833576975e-01
-4.305534844007889994e-01
-4.205857038543365789e-01
-4.319273858857535231e-01
-4.383379589969420564e-01
-4.153845504455253579e-01
-4.430454706314876923e-01
-4.221605423935743673e-01
-4.218790506822032160e-01
-4.217869239613578625e-01
-4.432599419282587938e-01
-4.259099331039134517e-01
-4.357842329335201992e-01
-4.269485058395890986e-01
-4.368905934751066145e-01
-4.256494480039186845e-01
-4.205568626335802751e-01
-4.345756491401027155e-01
-4.202072077072679379e-01
-4.223492936603594483e-01
-4.498869956831121897e-01
-4.186559890742052037e-01
-4.331153182274912750e-01
-4.247285077923557139e-01
-4.311514460508578672e-01
-4.278964732156148587e-01
-4.353146470507136545e-01
-4.175294862736225188e-01
-4.306623902066790688e-01
-4.253102584047905310e-01
-4.240053010112153631e-01
-4.279269340282084721e-01
-4.135411434308999823e-01
-4.431956870238739077e-01
-4.412055716526623872e-01
-4.423052619764104021e-01
-4.308767709650322963e-01
-4.400808726485860856e-01
-4.152416315567162286e-01
-4.278570025303762847e-01
-4.406795679990196390e-01
-4.494887978499753078e-01
-4.243568250891724958e-01
-4.477981619341563357e-01
-4.283059403891070760e-01
-4.235692250684983673e-01
-4.300542408076040157e-01
-4.479778038663690953e-01
-4.381180826426664954e-01
-4.189480073487554801e-01
-4.437930814127490908e-01
-4.359562922294901721e-01
-4.496739371019842224e-01
-4.236683285602312887e-01
-4.567665135341930638e-01
-4.529644781261432662e-01
-4.449461152481116732e-01
-4.454889491269350410e-01
-4.576875804246766100e-01
-4.497863541609797844e-01
-4.391175510499519818e-01
-4.414799836320717485e-01
-4.464791079198273671e-01
-4.528238130291426522e-01
-4.443472229461457035e-01
-4.435131206253795089e-01
-4.458385716750314920e-01
-4.304555683103420405e-01
-4.392750649153494003e-01
-4.328989406107424109e-01
-4.435577313712953940e-01
-4.269724805692631797e-01
-4.280849919838608519e-01
-4.358150467843315834e-01
-4.345458088902420246e-01
-4.518197755705650742e-01
-4.332921864629760700e-01
-4.452564938019135665e-01
-4.479167367978614811e-01
-4.299233180357004969e-01
-4.349171961673179432e-01
-4.499851510688555045e-01
-4.489789191836434101e-01
-4.238937059432873466e-01
-4.322655866488473997e-01
-4.403414989143599190e-01
-4.278770267337121957e-01
-4.374335373890618772e-01
-4.273296177947665253e-01
-4.396495781618778853e-01
-4.218473380259728511e-01
-4.374256611327700384e-01
-4.412351696081862062e-01
-4.364649444322270533e-01
-4.386415552962718012e-01
-4.270546219665047882e-01
-4.276510475708689141e-01
-4.524634945312383527e-01
-4.333308500892293358e-01
-4.474814807988896082e-01
-4.186397851484778831e-01
-4.388554499598446013e-01
-4.327393812317957278e-01
-4.077497005640471350e-01
-4.273260376740234401e-01
-4.319877485171220721e-01
-4.274698321793088396e-01
-4.409474137075489741e-01
-4.399248294138712878e-01
-4.456238891238819555e-01
-4.350808126377324614e-01
-4.478258562469379367e-01
-4.500283670461683316e-01
-4.476944302886451954e-01
-4.553514699564009671e-01
-4.499588413321300440e-01
-4.387020884369959295e-01
-4.240982832378695222e-01
-4.521288499075439837e-01
-4.344888385882070825e-01
-4.430462010963749919e-01
-4.224322376695332504e-01
-4.332325124252391357e-01
-4.331547615688007280e-01
-4.337740782361508285e-01
-4.313501447571849168e-01
-4.133417915361931594e-01
-4.235504004488342411e-01
-4.129181404924902599e-01
-4.325300812535899375e-01
-4.338370462423518092e-01
-4.542826070175653985e-01
-4.503019728028742064e-01
-4.399324454400463935e-01
-4.330069439041361878e-01
-4.407746640050095310e-01
-4.164012933014981654e-01
-4.322856760800008469e-01
-4.462141956383414154e-01
-4.450962911882067052e-01
-4.302471767556391713e-01
-4.426436707856254427e-01
-4.286233140771794625e-01
-4.262711917167798514e-01
-4.458687128625918872e-01
-4.135571321105360743e-01
-4.336481908030803134e-01
-4.388896814514783307e-01
-4.311619799200538949e-01
-4.285689210138947658e-01
-4.365553203342938948e-01
-4.364751853996127751e-01
-4.221234780199343284e-01
-4.392055103181640163e-01
-4.352208407324271167e-01
-4.360103656539963679e-01
-4.450967668268316357e-01
-4.465884696947651777e-01
-4.452825678152598776e-01
-4.306027962791862951e-01
-4.296813237791438089e-01
-4.423751522780938750e-01
-4.412521578635547059e-01
-4.371743972658578281e-01
-4.302969139096891604e-01
-4.308577555255007074e-01
-4.339962687354359527e-01
-4.277055368117547163e-01
-4.410669454218238972e-01
-4.263023561184428045e-01
-4.388062650426857725e-01
-4.360945337907883301e-01
-4.282224423960972470e-01
-4.339611028107707158e-01
-4.175491391285415799e-01
-4.295463165745405099e-01
-4.363760036475002879e-01
-4.416342808823743860e-01
-4.206002938426133819e-01
-4.165670163404406878e-01
-4.210827499867343393e-01
-4.368031316042937373e-01
-4.202588608567072725e-01
-4.288980628065982015e-01
-4.252133516903263133e-01
-4.378431587797884106e-01
-4.337017343317207674e-01
-4.502767788776625979e-01
-4.473254032748049114e-01
-4.455548681060961802e-01
-4.381170028959530116e-01
-4.367544815814571324e-01
-4.231834596078087318e-01
-4.241254398144347904e-01
-4.325667602128310252e-01
-4.266891396832209749e-01
-4.563752620444646579e-01
-4.297715134912313273e-01
-4.418944632594793975e-01
-4.079610167043235536e-01
-4.148868025896183531e-01
-4.290665662087544407e-01
-4.308061325148837550e-01
-4.303092106297338182e-01
-4.089718916210680622e-01
-4.291304467948428014e-01
-4.499816072845378434e-01
-4.293517022321090559e-01
-4.353557022815163213e-01
-4.387046573454854714e-01
-4.417261038776654214e-01
-4.220687555453617734e-01
-4.248725365142754784e-01
-4.388263028513585962e-01
-4.424358123544068766e-01
-4.413915238980829492e-01
-4.252395737651692986e-01
-4.049224127875015178e-01
-4.117020473580044193e-01
-4.322673400761624096e-01
-4.451753821374832554e-01
-4.334387987180915447e-01
-4.302805969939196284e-01
-4.527087294014079388e-01
-4.296646177836200287e-01
-4.182600459884932009e-01
-4.330655791668349686e-01
-4.217540170048962311e-01
-4.459013690066699898e-01
-4.251842456047338903e-01
-4.373738755542320167e-01
-4.414096583206396085e-01
-4.471362560197510438e-01
-4.193111792500388013e-01
-4.236217262330170819e-01
-4.185054012135051016e-01
-4.197947574159148765e-01
-4.444181319319715495e-01
-4.297284375932025613e-01
-4.387275864099279277e-01
-4.333245355899127960e-01
-4.255441585910125779e-01
-4.213622921625398421e-01
-4.565754510546085054e-01
-4.214402042712664942e-01
-4.443808495151959637e-01
-4.412800273003077978e-01
-4.261511803100519469e-01
-4.369401229271085985e-01
-4.167985509783721509e-01
-4.242208059511671792e-01
-4.281398567338849936e-01
-4.096585718977379109e-01
-4.329600706640350793e-01
-4.189887163437073792e-01
-4.427882788246673140e-01
-4.213255210770043835e-01
-4.244350803784260329e-01
-4.362061374719319318e-01
-4.238150072615277653e-01
-4.480527814865075120e-01
-4.209396593987866364e-01
-4.264343855476812051e-01
-4.265110385554231609e-01
-4.297950713978613280e-01
-4.387910524533522594e-01
-4.283577241812707159e-01
-4.139781940364275492e-01
-4.327739330496150894e-01
-4.265411980619588928e-01
-4.461891280026296647e-01
-4.289578226430249552e-01
-4.281426333485240932e-01
-4.112277240543590340e-01
-4.471544358970978017e-01
-4.201522469146692362e-01
-4.280296315434024557e-01
-4.253466839761156360e-01
-4.319331990447463632e-01
-4.165528737737447251e-01
-4.135619160089261115e-01
-4.303326138715103388e-01
-4.153962524400039991e-01
-4.275253585759768438e-01
-4.329049524433535856e-01
-4.196177429115237612e-01
-4.294549728769327945e-01
-4.272660409177488905e-01
-4.222885826932178954e-01
-4.149131801478507242e-01
-4.164225964497740851e-01
-4.231777852269187346e-01
-4.331252340036818582e-01
-4.129632433921474055e-01
-4.246637628128304698e-01
-4.279407815250371172e-01
-4.216252150419004252e-01
-4.253424278861006602e-01
-4.142015466332333862e-01
-4.145184799175067880e-01
-4.365350259293796498e-01
-4.217913018961274574e-01
-4.245044289108599322e-01
-4.133947365169030608e-01
-4.271911694420376104e-01
-4.044397139127033913e-01
-4.066650566989415960e-01
-4.370696695295224199e-01
-4.389729146314946817e-01
-4.212285234952295454e-01
-4.150564339419460236e-01
-4.205171681556534313e-01
-4.154524786989086671e-01
-4.151183126822407532e-01
-4.155925855755751019e-01
-4.213386445885604070e-01
-4.189808820203051454e-01
-4.168500166108568550e-01
-4.173058068383872499e-01
-4.277589061242701440e-01
-4.184864965910821688e-01
-4.291204160799864109e-01
-4.193599233483349398e-01
-4.305102115212477987e-01
-4.166435499454994584e-01
-4.069784657785229243e-01
-4.285113915117908512e-01
-4.332863581424992727e-01
-4.259515666017246183e-01
-4.210781860317442948e-01
-4.269805274918356819e-01
-4.282291127083928117e-01
-4.247070867297400021e-01
-4.103453859398753512e-01
-4.233240700363585240e-01
-4.199686234642294735e-01
-4.121705650254474662e-01
-4.230054528761610921e-01
-4.254291438406986314e-01
-4.242671109550690822e-01
-4.145050456115888515e-01
-4.189857706736749288e-01
-4.119563739480041065e-01
-4.201571892574618161e-01
-4.142966573475483916e-01
-4.177335872030193409e-01
-4.140123958042952745e-01
-4.093667059511140183e-01
-4.129042054988543153e-01
-4.074469431326928071e-01
-4.291103569330647627e-01
-4.116425379761150527e-01
-4.232763285803931019e-01
-4.159413602788819553e-01
-4.281164800383118196e-01
-4.273387302017548350e-01
-4.046809279336174292e-01
-4.202216270095087136e-01
-4.155097221956556286e-01
-4.183324670413266499e-01
-4.051532790881662294e-01
-4.099469486097315762e-01
-4.280013362469459182e-01
-4.199385108769435604e-01
-4.134233666181796885e-01
-4.121074324529508948e-01
-4.201173151875766676e-01
-4.238922466140351286e-01
-4.031329836295034497e-01
-4.092295546423284636e-01
-4.055494007772116882e-01
-4.095803975447283585e-01
-4.135290756527965073e-01
-3.982100349408307371e-01
-4.076801053551547538e-01
-4.088435912354018154e-01
-3.957623762690150038e-01
-4.050001802153956332e-01
-4.207738975871126996e-01
-4.099053275580035738e-01
-4.097339641670003640e-01
-4.077872879685678909e-01
-4.167546923916150003e-01
-4.142603448061409344e-01
-4.088208781159637928e-01
-3.991468185993399809e-01
-4.073491155928700702e-01
-4.077887357425499792e-01
-4.032051133744922744e-01
-4.046864380764693125e-01
-4.204279670495386645e-01
-4.004055516733823206e-01
-4.159066274448619538e-01
-4.110420703141544063e-01
-4.066125327210258211e-01
-4.154493476128457985e-01
-4.224199277963652799e-01
-4.021062511056117117e-01
-4.177107138387701757e-01
-4.033724321059691809e-01
-4.057612853919057017e-01
-4.118447997525801485e-01
-3.884486642110919208e-01
-4.063837447096677602e-01
-4.318805582999228898e-01
-4.191698851654847013e-01
-4.172927941479540603e-01
-4.166881483052532475e-01
-4.067819623639470361e-01
-4.056100686249306531e-01
-4.191654890148127643e-01
-3.937137562425935267e-01
-4.072348372919916137e-01
-4.227326319347612937e-01
-4.083049242458005601e-01
-4.007052612208457099e-01
-4.004488444601237429e-01
-4.195871864943820917e-01
-4.178056940431718047e-01
-4.165140233595163721e-01
-3.968229682015629312e-01
-4.221186387248176963e-01
-4.057425491263925155e-01
-4.182295350926020783e-01
-4.214040446114915017e-01
-4.110578379211045075e-01
-4.147942662492112298e-01
-4.126865418743435043e-01
-4.113287684346812467e-01
-4.211448885171192869e-01
-4.114457600374746837e-01
-4.108000655975116988e-01
-3.931307948139326491e-01
-4.051491979098373886e-01
-4.196471322768577927e-01
-4.037870366649365383e-01
-4.145134932685372586e-01
-3.913985247335480810e-01
-4.063193913220954911e-01
-4.240775992887730883e-01
-4.009126842763229837e-01
-4.157632270175850575e-01
-4.215555603249458994e-01
-4.056102382863178146e-01
-4.095515684726938055e-01
-4.017591869336890609e-01
-3.956287611373201507e-01
-4.030700340498090117e-01
-3.942893330598351564e-01
-4.017864875299664851e-01
-3.944976320108977141e-01
-4.040705532101195874e-01
-4.093491396427900719e-01
-4.005202996762704526e-01
-3.866840408733533963e-01
-4.006712941151351348e-01
-4.008967032529442420e-01
-4.115545797538782136e-01
-4.009183820800056308e-01
-3.971205781572556548e-01
-4.009032937155242449e-01
-4.081763446642044935e-01
-4.030692270915429143e-01
-4.077678328203249158e-01
-3.920218525481671268e-01
-4.070306449535264770e-01
-4.154566025687065345e-01
-4.166948959778766781e-01
-4.081373507040726989e-01
-3.969439910946587213e-01
-4.106388565788234857e-01
-3.998912230098531362e-01
-4.020898911857334612e-01
-4.181520828430547176e-01
-4.090698603043725345e-01
-3.878192235599239313e-01
-4.047099168708143679e-01
-4.122778600570234930e-01
-4.030735159995673111e-01
-4.011430877942702145e-01
-3.988534440490792976e-01
-3.940604721576973501e-01
-3.973459388023766747e-01
-3.813275891723360012e-01
-4.102123783343396557e-01
-3.886102445816013162e-01
-3.989680422643155921e-01
-4.129852998253360497e-01
-3.945333908585806348e-01
-3.940391011184831704e-01
-3.941724454923565268e-01
-4.088005619005965485e-01
-3.838761366666094688e-01
-3.945904413675718203e-01
-4.113905974217302308e-01
-3.853380920161162404e-01
-4.106877159426871593e-01
-3.972702998912159833e-01
-4.054773473654114113e-01
-4.040660417530778092e-01
-3.961514476039287302e-01
-3.924826626554426268e-01
-4.061934903405921560e-01
-4.118374236438423486e-01
-3.841048499068844269e-01
-4.054482407164321511e-01
-3.957452357158994793e-01
-4.029076917867994156e-01
-3.970806099940412670e-01
-3.910682116562076427e-01
-3.963526554198664176e-01
-3.904817635312910484e-01
-3.963718758019574295e-01
-3.913970772017938415e-01
-3.867914869105706366e-01
-3.955125013627895925e-01
-3.881833633180358234e-01
-3.830426078129973710e-01
-3.804436907028994064e-01
-3.813506960152355241e-01
-3.752434525883945327e-01
-3.739231377702996184e-01
-3.682811657283622253e-01
-3.696604099608604699e-01
-3.721737796255149000e-01
-3.580689258477560699e-01
-3.661132302934495542e-01
-3.522500441777598468e-01
-3.581191525362812378e-01
-3.588553757479484574e-01
-3.521687927139964813e-01
-3.553765476060735118e-01
-3.476839209809079456e-01
-3.459876020412471220e-01
-3.391473276572396500e-01
-3.410358567459645940e-01
-3.316629735088225672e-01
-3.316717242804041454e-01
-3.410590456450313113e-01
-3.315903955427605965e-01
-3.295938440263030955e-01
-3.233795252594169334e-01
-3.280652955652128000e-01
-3.283266053671352047e-01
-3.398385164319224216e-01
-3.275199565951152358e-01
-3.154067089047787320e-01
-3.100277715277064416e-01
-3.103112742815752334e-01
-3.239956842955913352e-01
-3.194037908211977417e-01
-3.133967326033650913e-01
-3.194459318324902597e-01
-3.198250705218472767e-01
-3.160496445197185089e-01
-3.155150127768822088e-01
-3.032202961630368065e-01
-3.169163687662859274e-01
-3.091242758775454291e-01
-3.053091251056581079e-01
-3.134316618514279007e-01
-3.055702296156224129e-01
-3.096022342358963897e-01
-3.099720670268482081e-01
-3.127067214248318017e-01
-3.043002209588223650e-01
-2.990385434218989502e-01
-3.057604311277852815e-01
-2.950626759748908867e-01
-3.103766129058804779e-01
-2.954629365548928632e-01
-3.099450192920505387e-01
-2.949812264925979477e-01
-2.962738081812021917e-01
-3.131367433289256041e-01
-2.901198013659800345e-01
-2.988905665043151139e-01
-3.004294164932792555e-01
-2.978777351184760391e-01
-2.950026139299319894e-01
-3.043007198033604865e-01
-3.032203604071161962e-01
-2.881310457924382007e-01
-2.973149888195254498e-01
-2.909089249409677613e-01
-2.913158566711224751e-01
-2.996797255103174074e-01
-2.945315512754120846e-01
-2.933054857951638006e-01
-2.943839704106667732e-01
-3.000378946004040870e-01
-2.906390449284339539e-01
-2.860298663417224496e-01
-2.911867185634395838e-01
-2.803096893935652645e-01
-2.935382828309327508e-01
-2.906792578994572551e-01
-2.955040324762494564e-01
-2.848296135597792045e-01
-2.935513970435401632e-01
-2.876308901728874545e-01
-2.883845505996989189e-01
-2.903780741899439910e-01
-2.888269862064478666e-01
-2.906288623119239745e-01
-2.799510698325358149e-01
-2.848092311632806073e-01
-2.858303060544837848e-01
-2.851480336886966782e-01
-2.920894143991148439e-01
-2.855315426414826163e-01
-2.757281385383478778e-01
-2.719284641034738215e-01
-2.816891798509351119e-01
-2.733428145014933364e-01
-2.766403109107247182e-01
-2.830265521166697162e-01
-2.828376291514471674e-01
-2.732606481154249423e-01
-2.705179575101510636e-01
-2.804738797806431982e-01
-2.834676936102371592e-01
-2.757141217474874395e-01
-2.799916030667826128e-01
-2.799366602952977345e-01
-2.851847493984216442e-01
-2.817463479572466234e-01
-2.763758250637828873e-01
-2.749684409166648358e-01
-2.799725216355688495e-01
-2.670099200850262200e-01
-2.802096772119684331e-01
-2.816337793927798927e-01
-2.811441774957543771e-01
-2.765219983452840147e-01
-2.804112084326035870e-01
-2.820832341181978009e-01
-2.753532003126082373e-01
-2.743146298252443493e-01
-2.747290252710499203e-01
-2.755368449582871193e-01
-2.700584526258285045e-01
-2.750097189575568812e-01
-2.716538222421323034e-01
-2.689059025660407443e-01
-2.676704215495759875e-01
-2.681170236816083907e-01
-2.833606798558103712e-01
-2.764520155305407734e-01
-2.777164237812312919e-01
-2.791419216493835620e-01
-2.652438459016739358e-01
-2.746118621981614716e-01
-2.800711304387362155e-01
-2.752406639089275409e-01
-2.735539700622915404e-01
-2.767557653487129343e-01
-2.702794867105180465e-01
-2.751471827463825015e-01
-2.726077407260736329e-01
-2.580300414810330345e-01
-2.728767067896771259e-01
-2.651206042341405222e-01
-2.723386761967905301e-01
-2.723434451700308401e-01
-2.757917977986221736e-01
-2.701786399900498736e-01
-2.712854823408314964e-01
-2.672816553309411702e-01
-2.651413627658540939e-01
-2.749763610876985176e-01
-2.672353829211067122e-01
-2.663414838069999568e-01
-2.647214171455707366e-01
-2.734232617437135637e-01
-2.742738145733754074e-01
-2.699034779671238837e-01
-2.700501801013541758e-01
-2.713232801406828543e-01
-2.727897585757839138e-01
-2.664600261480734034e-01
-2.699047426807226202e-01
-2.679405300597346162e-01
-2.785746654896912311e-01
-2.685364373903831314e-01
-2.726507936887645478e-01
-2.709338012597823919e-01
-2.635296587159023929e-01
-2.675078973139037863e-01
-2.721242436715827218e-01
-2.703649044451652550e-01
-2.684092744854220669e-01
-2.610265603086170394e-01
-2.716924337975106241e-01
-2.610295898112884316e-01
-2.613501827428854618e-01
-2.660572999904387004e-01
-2.648586805669026489e-01
-2.685322553270523827e-01
-2.659452981350014511e-01
-2.593748008212806155e-01
-2.774377031507753166e-01
-2.709904164668079929e-01
-2.689823025205413387e-01
-2.707066621439206955e-01
-2.738194387542991493e-01
-2.716747968931185753e-01
-2.713885444393091539e-01
-2.664872529760873299e-01
-2.665879595092706111e-01
-2.703173162179615119e-01
-2.738283554320952717e-01
-2.672770815352540907e-01
-2.720883278414789608e-01
-2.692424704680309588e-01
-2.590548556350684706e-01
-2.630655263513284048e-01
-2.611618099382875258e-01
-2.615463397683370772e-01
-2.628671951049748046e-01
-2.692035921188975500e-01
-2.650348716656050208e-01
-2.641123547732822097e-01
-2.641397260865803176e-01
-2.619443176444566923e-01
-2.732401146791314517e-01
-2.582760697877799494e-01
-2.635923571294078727e-01
-2.763084825612800444e-01
-2.669141099316569843e-01
-2.604282809074538463e-01
-2.728033126295086319e-01
-2.710302162689735006e-01
-2.662745341766084017e-01
-2.690899598595004605e-01
-2.680378764573263517e-01
-2.705659546934664483e-01
-2.717664827769916691e-01
-2.603505564854904364e-01
-2.657942552281542525e-01
-2.688672466128596561e-01
-2.671316834313928190e-01
-2.656987371943664300e-01
-2.629403987217093785e-01
-2.706252802553148484e-01
-2.710119895071998464e-01
-2.659311708566081123e-01
-2.634521876582076594e-01
-2.548040947145988611e-01
-2.664439983814457236e-01
-2.703673797594170480e-01
-2.665743016262829279e-01
-2.604470531283249457e-01
-2.634593720437914399e-01
-2.664155547469762020e-01
-2.664557167827683593e-01
-2.684770748434224252e-01
-2.693952857349999341e-01
-2.671425008851571192e-01
-2.650053863101398122e-01
-2.726333628736647974e-01
-2.621967854525291131e-01
-2.652594437963848861e-01
-2.647306745276698514e-01
-2.637068646267648475e-01
-2.606736544787002785e-01
-2.616035804454628355e-01
-2.702016810442731121e-01
-2.660953864913153666e-01
-2.581698750191163683e-01
-2.668488762424257033e-01
-2.623744646318693086e-01
-2.599894176765538134e-01
-2.657559177840669307e-01
-2.625246161333940620e-01
-2.630186480416556449e-01
-2.625703645245742734e-01
-2.635643346573299794e-01
-2.611555216561169956e-01
-2.658103054992322356e-01
-2.652653162021412214e-01
-2.614142210000256483e-01
-2.661226488487304920e-01
-2.693415244586994106e-01
-2.657990300993162691e-01
-2.617340220197776901e-01
-2.691055609373531610e-01
-2.629536299263328658e-01
-2.549351847320204811e-01
-2.612006044504227020e-01
-2.725390054641856352e-01
-2.639177438986575197e-01
-2.684411883829991297e-01
-2.685465854723023682e-01
-2.588479215724319715e-01
-2.618973938535846813e-01
-2.603658001317841197e-01
-2.610254058224530382e-01
-2.685729017385485307e-01
-2.668789065440675401e-01
-2.666172142507132747e-01
-2.724815909442561690e-01
-2.689368126375084600e-01
-2.693399026612972591e-01
-2.675793635240779622e-01
-2.642708842013536952e-01
-2.659750458162797315e-01
-2.700807798264968085e-01
-2.688089977081515869e-01
-2.629287469332846072e-01
-2.621096439020647040e-01
-2.618234593498396379e-01
-2.628844159858632068e-01
-2.666461453982513774e-01
-2.651329867661020856e-01
-2.628514782381472514e-01
-2.651290189331501068e-01
-2.703496920483310362e-01
-2.680387039561882290e-01
-2.629498597225650158e-01
-2.600748017836105319e-01
-2.614092131050096413e-01
-2.610554128655477868e-01
-2.575091195281187240e-01
-2.637085996418440104e-01
-2.636299113234503722e-01
-2.639199980961537406e-01
-2.629323900757691845e-01
-2.510135518413187938e-01
-2.609085387823073532e-01
-2.612893520669201664e-01
-2.587958768064462234e-01
-2.538233890052463693e-01
-2.639569925314724230e-01
-2.640365727114613037e-01
-2.635738637847326871e-01
-2.630454486752329402e-01
-2.647240363075713532e-01
-2.699891563014604756e-01
-2.684476398423472077e-01
-2.610469707642444348e-01
-2.640284728425399408e-01
-2.566874642809553464e-01
-2.571137501419364924e-01
-2.608335753062043239e-01
-2.650145174641549417e-01
-2.629274294817847135e-01
-2.532491398450895659e-01
-2.641221030668141623e-01
-2.684851752048453832e-01
-2.536473427995424856e-01
-2.542501914468155988e-01
-2.612070780580655338e-01
-2.610265566255600689e-01
-2.582881647415380399e-01
-2.550457763168187952e-01
-2.657237712769173754e-01
-2.618166937315358211e-01
-2.621624083901146207e-01
-2.640148474131622791e-01
-2.568372484563541391e-01
-2.598128664013028555e-01
-2.602895532675404411e-01
-2.607377865084439250e-01
-2.596107257582662697e-01
-2.554110839819676571e-01
-2.537967936811016401e-01
-2.644939030101500776e-01
-2.524180717416362185e-01
-2.587726872392064337e-01
-2.589037548576378356e-01
-2.613606831278740827e-01
-2.583385560075246445e-01
-2.577177072362912824e-01
-2.590273347668201609e-01
-2.636023894155030689e-01
-2.654634463442011594e-01
-2.510997726828803067e-01
-2.581858966650703024e-01
-2.697798650474236837e-01
-2.621390242465446718e-01
-2.514293790054455968e-01
-2.614321522857068203e-01
-2.603044760200932117e-01
-2.596474284608776273e-01
-2.568679258396890930e-01
-2.553372682118144610e-01
-2.577581644121718085e-01
-2.647393807941238464e-01
-2.570419763779998590e-01
-2.615949540732582790e-01
-2.618890988282478460e-01
-2.590370819262544089e-01
-2.540739316164071226e-01
-2.551822511573229590e-01
-2.604174372423804229e-01
-2.604043822455013313e-01
-2.665071664412330676e-01
-2.549777805514699125e-01
-2.601454475480835526e-01
-2.593658674616010629e-01
-2.628140331150259357e-01
-2.591468786602106888e-01
-2.582012025810920264e-01
-2.527559959328140593e-01
-2.662019599280629478e-01
-2.586006435797516545e-01
-2.625654725123034439e-01
-2.589766327580935723e-01
-2.670635153333549283e-01
-2.594743091154887438e-01
-2.604766194555576675e-01
-2.651836093246311421e-01
-2.573988735951120432e-01
-2.553198310740709687e-01
-2.571668394895381127e-01
-2.609817543218539981e-01
-2.613886778695162505e-01
-2.634496348937505061e-01
-2.678649648552582363e-01
-2.607092738129708209e-01
-2.657478468915801528e-01
-2.627327173368092517e-01
-2.638495601721704276e-01
-2.522928878651997664e-01
-2.579232925511876218e-01
-2.562798495042466485e-01
-2.515388822675417302e-01
-2.542560825410919989e-01
-2.704841743156753964e-01
-2.575832738277163969e-01
-2.581199696448015501e-01
-2.622351877911048845e-01
-2.592158179074202096e-01
-2.615788532036118497e-01
-2.700429593281201690e-01
-2.646859723227148464e-01
-2.683165895056891515e-01
-2.690544137718564599e-01
-2.653518636560789901e-01
-2.642731497753736392e-01
-2.657157105353027404e-01
-2.722104464897894260e-01
-2.676861818346134569e-01
-2.630645565965545885e-01
-2.668671758541210082e-01
-2.626487979054257238e-01
-2.645602760270451270e-01
-2.590204044207995437e-01
-2.602537073527155798e-01
-2.575647292635867558e-01
-2.625883197763583254e-01
-2.606321723057005713e-01
-2.596892903628988947e-01
-2.597910428226333224e-01
-2.675219405051230126e-01
-2.644671676167860142e-01
-2.650473549193606004e-01
-2.683654456381709963e-01
-2.671654331837141072e-01
-2.690201359682413695e-01
-2.688730030131569748e-01
-2.685196034271415400e-01
-2.656806797550679278e-01
-2.612629658549385780e-01
-2.607884969790124075e-01
-2.676241321812966589e-01
-2.682612708419185310e-01
-2.532246363730754624e-01
-2.614337362605745341e-01
-2.632885006304732656e-01
-2.668487707108502249e-01
-2.624114721077255297e-01
-2.689187527492373775e-01
-2.644781285147672634e-01
-2.669947055797745605e-01
-2.681048997387511790e-01
-2.641152722708630662e-01
-2.659656690119200917e-01
-2.613890898094082260e-01
-2.553237317310230736e-01
-2.664243422732157640e-01
-2.733596077041084982e-01
-2.679676393036345416e-01
-2.651328361875311401e-01
-2.626532675997532706e-01
-2.638275084041579177e-01
-2.727389961265247464e-01
-2.660677259958603713e-01
-2.671491671276635671e-01
-2.648189622930239295e-01
-2.612133312453934764e-01
-2.640183831348927868e-01
-2.749519607672619159e-01
-2.712011278814712156e-01
-2.732019071761584428e-01
-2.773567060746247037e-01
-2.732741684873740695e-01
-2.753942831649833778e-01
-2.760148225594116767e-01
-2.760279723966085896e-01
-2.717240111489767074e-01
-2.712618473064427604e-01
-2.623630942620831519e-01
-2.606427085792244469e-01
-2.652151971483869275e-01
-2.646770402192908378e-01
-2.719717966769632511e-01
-2.708241617782514155e-01
-2.718899509947050319e-01
-2.753148374384277730e-01
-2.741039237156899233e-01
-2.686060887314907220e-01
-2.622830925729200402e-01
-2.571462500701597875e-01
-2.622951424897266293e-01
-2.732597548075137439e-01
-2.738989780499414550e-01
-2.640684111778348608e-01
-2.697843787534086601e-01
-2.713797526713737085e-01
-2.731986356449844777e-01
-2.689752584994415940e-01
-2.601579400303082323e-01
-2.637790626830502916e-01
-2.676686056589607787e-01
-2.686833296821484751e-01
-2.670756832247729307e-01
-2.670786046283115667e-01
-2.700267983455377774e-01
-2.682642762856533025e-01
-2.607811059564131284e-01
-2.712936321209262758e-01
-2.750948529063155235e-01
-2.704883628094236769e-01
-2.683751389434507750e-01
-2.635308057272025550e-01
-2.656131854063463749e-01
-2.608118925336313509e-01
-2.634820006722993213e-01
-2.642943623304443435e-01
-2.555955743166329341e-01
-2.547992583930711596e-01
-2.619565802519234765e-01
-2.652471972315941784e-01
-2.713276041693157836e-01
-2.664399181454184529e-01
-2.656564130479903696e-01
-2.638378327124915046e-01
-2.688442790210032740e-01
-2.679052956400731489e-01
-2.702083903664833642e-01
-2.677702267906436617e-01
-2.674197190249776312e-01
-2.591164797744394122e-01
-2.650860521363886946e-01
-2.658504079788990282e-01
-2.665398411221930886e-01
-2.697849774845417770e-01
-2.720343050923723638e-01
-2.722472063032714829e-01
-2.622706983684750526e-01
-2.652494449962086165e-01
-2.654127984658458672e-01
-2.648404465174616362e-01
-2.641603837564030499e-01
-2.619569868676334679e-01
-2.659361640468214105e-01
-2.630715716013147798e-01
-2.622572671013330137e-01
-2.709251535542680500e-01
-2.753839637188395528e-01
-2.720025622176205360e-01
-2.724172439484329189e-01
-2.684120835298928753e-01
-2.685574700111432733e-01
-2.593041369413251473e-01
-2.626196832004925596e-01
-2.701578209101285211e-01
-2.695275233417859795e-01
-2.685543531823002539e-01
-2.680019598243230661e-01
-2.703912203247398338e-01
-2.669561936591922091e-01
-2.596815868575221842e-01
-2.644831799249143245e-01
-2.618611848633296546e-01
-2.601055919977186548e-01
-2.657551125011092807e-01
-2.667939433158528217e-01
-2.733000300411818628e-01
-2.614683510111950326e-01
-2.645993819385861201e-01
-2.655313305917692546e-01
-2.587053470481235351e-01
-2.593041573832133295e-01
-2.629423718077044114e-01
-2.669828034811470019e-01
-2.645126102846244720e-01
-2.661122549631391720e-01
-2.653357590081286688e-01
-2.630670353497475134e-01
-2.696066235103220521e-01
-2.673104543056394888e-01
-2.683800540605538743e-01
-2.657873989511969626e-01
-2.684564076351643180e-01
-2.661015959959724952e-01
-2.644370334651995336e-01
-2.641018111484241260e-01
-2.694310645567856710e-01
-2.639989674523013363e-01
-2.611503117075306690e-01
-2.661307293802570584e-01
-2.670965832790868077e-01
-2.677750146125035258e-01
-2.685516405940875373e-01
-2.667865373298221598e-01
-2.682669272543831696e-01
-2.708057128336820440e-01
-2.672188587877499799e-01
-2.679227127108978479e-01
-2.658648179509848219e-01
-2.683679562125176332e-01
-2.687878797542539999e-01
-2.701655075340587686e-01
-2.616966322542895185e-01
-2.644832770554810253e-01
-2.652688118305723819e-01
-2.624671807961922454e-01
-2.571787060865746710e-01
-2.613840900393631372e-01
-2.670216464834735959e-01
-2.666266678348074848e-01
-2.623413605507165514e-01
-2.642180612822082608e-01
-2.692286144100339840e-01
-2.650167898388282595e-01
-2.623225484980507005e-01
-2.655365011985253432e-01
-2.684898561711417386e-01
-2.616238207706045316e-01
-2.598021613002448049e-01
-2.576433329478176049e-01
-2.612848455698939532e-01
-2.639058075728444308e-01
-2.633042488813144288e-01
-2.627635882435184200e-01
-2.608945252678882554e-01
-2.602738908641963889e-01
-2.668649866079544353e-01
-2.684953487398580307e-01
-2.607209823921117220e-01
-2.575798905383308579e-01
-2.542893785024809006e-01
-2.567607502652062834e-01
-2.631296796332662780e-01
-2.640176655293497987e-01
-2.596385216354732961e-01
-2.613482249117460299e-01
-2.607999350152852003e-01
-2.653250100446609139e-01
-2.591243702604497656e-01
-2.609253313613955072e-01
-2.606632810278792789e-01
-2.620666162231213292e-01
-2.580030309871084171e-01
-2.614892506048001053e-01
-2.579880636396971738e-01
-2.578224802960438211e-01
-2.609838154827421874e-01
-2.588835744458020116e-01
-2.569547402949012849e-01
-2.594055967719945954e-01
-2.578728915319654647e-01
-2.574713943890714063e-01
-2.582287880437661443e-01
-2.578333048058620847e-01
-2.594904587131132701e-01
-2.584751521879855574e-01
-2.641592088343553968e-01
-2.644046012664542644e-01
-2.594987559723591630e-01
-2.587606507922508570e-01
-2.619882669928657037e-01
-2.586811126859593912e-01
-2.560519325753833897e-01
-2.612456875114084198e-01
-2.593696146264790059e-01
-2.573947414777038034e-01
-2.584687422387279554e-01
-2.619317613430176550e-01
-2.525450785162242084e-01
-2.558541523262434225e-01
-2.589353049392908446e-01
-2.591875860141090726e-01
-2.605210142820055808e-01
-2.581019667811013107e-01
-2.607442033422042726e-01
-2.616643662046271857e-01
-2.607326234847189284e-01
-2.623145505825696944e-01
-2.562129482475352660e-01
-2.613133359640116282e-01
-2.613222272639923460e-01
-2.619685852283080152e-01
-2.645402562777796618e-01
-2.623474531178384694e-01
-2.572423662633447350e-01
-2.538278220445615574e-01
-2.572261228269070443e-01
-2.573586857379446258e-01
-2.576977346661522006e-01
-2.604469838708496354e-01
-2.600821942000948184e-01
-2.590961497401380598e-01
-2.577326234135330907e-01
-2.603086806194152558e-01
-2.581433862556199443e-01
-2.605477703273813006e-01
-2.594897952917811779e-01
-2.579796450675537756e-01
-2.586474305781045757e-01
-2.600425478357379916e-01
-2.597740057176736173e-01
-2.586933276114198321e-01
-2.571712890318949007e-01
-2.512265018121890847e-01
-2.593145706774553361e-01
-2.596697970325791971e-01
-2.579541390132327194e-01
-2.582072699276665162e-01
-2.557410711132277470e-01
-2.574762260045293516e-01
-2.603907939785372605e-01
-2.562953693898162300e-01
-2.550139086738560934e-01
-2.562552061590519514e-01
-2.554595011142950511e-01
-2.547345291373126486e-01
-2.541469140185785847e-01
-2.571950839044916393e-01
-2.607110931765941331e-01
-2.567185257878410454e-01
-2.513077415544380244e-01
-2.564582503488601617e-01
-2.537898943595706669e-01
-2.551919927596379978e-01
-2.575370048364966635e-01
-2.577851228362639802e-01
-2.607142166148737061e-01
-2.546245216976856796e-01
-2.535644872462530230e-01
-2.607599528191890670e-01
-2.567560138331845820e-01
-2.554701942076977872e-01
-2.541302966955729659e-01
-2.540260165625163324e-01
-2.506409117603105585e-01
-2.546406315103748597e-01
-2.536193584000372425e-01
-2.542669129460985999e-01
-2.581218443126456208e-01
-2.623547325198209990e-01
-2.566132753183740789e-01
-2.609013587499831033e-01
-2.569162378016649484e-01
-2.595549382253459214e-01
-2.530843100796484890e-01
-2.587460967798111966e-01
-2.628794937637852769e-01
-2.623042320372732661e-01
-2.558467872707037571e-01
-2.602293463156257758e-01
-2.606074903347543881e-01
-2.585504835908043475e-01
-2.581724351252638883e-01
-2.596643579611974673e-01
-2.589038236842124974e-01
-2.561407304832190590e-01
-2.514607003326077006e-01
-2.561827892482355651e-01
-2.603199047969368962e-01
-2.581799787974290439e-01
-2.525030477840495280e-01
-2.540875147213217389e-01
-2.576090613971206977e-01
-2.589596462864207638e-01
-2.619268416337536820e-01
-2.558776043003661016e-01
-2.579567666770845591e-01
-2.553547475318804771e-01
-2.556831733143347662e-01
-2.564349888186789883e-01
-2.588974848248692950e-01
-2.578711082824654000e-01
-2.559247350407947152e-01
-2.560203044342994616e-01
-2.555125784358622809e-01
-2.553782237035004954e-01
-2.561805576356199765e-01
-2.497514066623534035e-01
-2.566448658653328607e-01
-2.566540051521268850e-01
-2.566914645140112583e-01
-2.569240339985601196e-01
-2.529170769386137607e-01
-2.553636983045954878e-01
-2.464660916217411568e-01
-2.573974441040789429e-01
-2.481434539069322653e-01
-2.541030898974980801e-01
-2.557095095129540141e-01
-2.559168221405609955e-01
-2.541987919179824473e-01
-2.579828432919821779e-01
-2.578978055058680496e-01
-2.635913110258787384e-01
-2.564119043631194472e-01
-2.506986050168595881e-01
-2.539380216737665563e-01
-2.542724567390202139e-01
-2.529434606419567189e-01
-2.540339179924693269e-01
-2.593750078962990813e-01
-2.559015643384334737e-01
-2.532628174083555450e-01
-2.522147845578430747e-01
-2.591030571842694030e-01
-2.608622035562664365e-01
-2.539946028668165212e-01
-2.545143335283324149e-01
-2.551767947174266027e-01
-2.553252695495764613e-01
-2.456709414190054730e-01
-2.460614459903425200e-01
-2.481768321563180280e-01
-2.495756241110402840e-01
-2.520110008396283519e-01
-2.538211696426042607e-01
-2.549104028951134637e-01
-2.581606855113260934e-01
-2.594479597335581644e-01
-2.540436681445434886e-01
-2.516243968235691852e-01
-2.515005874278859466e-01
-2.496305574683432837e-01
-2.557792097662794362e-01
-2.571374461552391466e-01
-2.598052431584481070e-01
-2.579515129554295072e-01
-2.485933259571311282e-01
-2.563899865027838842e-01
-2.554295572293145966e-01
-2.552439192994544470e-01
-2.492823346025971887e-01
-2.517616773551196729e-01
-2.539707711403664803e-01
-2.539944799757005711e-01
-2.571640514715411996e-01
-2.513115888969732481e-01
-2.512408572466267032e-01
-2.543680296865158397e-01
-2.564948003060472104e-01
-2.579473744324687345e-01
-2.543688891611406433e-01
-2.534686545613258346e-01
-2.514716538906203169e-01
-2.469600088607322164e-01
-2.503297682783767186e-01
-2.528739584777444094e-01
-2.572749257071151874e-01
-2.533533883046814594e-01
-2.551399140115044872e-01
-2.567802108689285490e-01
-2.538406670097863582e-01
-2.492147195463250142e-01
-2.526793330155641115e-01
-2.524728640715441230e-01
-2.509698983991359711e-01
-2.491205229845281366e-01
-2.570258196653636418e-01
-2.592874796751605260e-01
-2.549769807732378268e-01
-2.542026207034080443e-01
-2.527320119728138081e-01
-2.531944734273050557e-01
-2.527525306357745194e-01
-2.486182379940462539e-01
-2.470050202251332649e-01
-2.502600968731787390e-01
-2.497767247173747762e-01
-2.548976902415009960e-01
-2.527294870455616405e-01
-2.475283752567865037e-01
-2.515184515942223697e-01
-2.495316189532967854e-01
-2.525854357434003106e-01
-2.497191137710075282e-01
-2.501984638668162120e-01
-2.525101902383148911e-01
-2.527793761135903594e-01
-2.572063918532521143e-01
-2.522885009723516703e-01
-2.502130318488777760e-01
-2.518869603098696786e-01
-2.544053910715362576e-01
-2.525363099624886587e-01
-2.550140433890302205e-01
-2.518887523590294109e-01
-2.510892572501361997e-01
-2.488301636906928849e-01
-2.465254055179038062e-01
-2.487052977412194110e-01
-2.541078850220692686e-01
-2.546149712446776903e-01
-2.462425538644268386e-01
-2.489120451768478404e-01
-2.533614836938653525e-01
-2.500294541129779446e-01
-2.478436897800531113e-01
-2.514681925029815801e-01
-2.514162175125722598e-01
-2.504369347449078020e-01
-2.539324050754068196e-01
-2.515449891552385964e-01
-2.502395276274231861e-01
-2.460748035806030742e-01
-2.482025757000485555e-01
-2.525320150457321944e-01
-2.505540666684336060e-01
-2.535637209411785165e-01
-2.507228154514233864e-01
-2.499193847314558070e-01
-2.479362388648169713e-01
-2.464440829692762236e-01
-2.453616387834234303e-01
-2.499759962281071779e-01
-2.499969870770719638e-01
-2.487425475393987284e-01
-2.486124846457471449e-01
-2.500393498991559937e-01
-2.523241156454378853e-01
-2.523130970578986165e-01
-2.500176241343226025e-01
-2.491126854058496320e-01
-2.478426145335088648e-01
-2.437813160752959618e-01
-2.476265674567894592e-01
-2.459213492401026713e-01
-2.471968770957744255e-01
-2.472014242414903862e-01
-2.523732580269797410e-01
-2.473120273480287068e-01
-2.489861345719663888e-01
-2.485729812681505280e-01
-2.450093298485729321e-01
-2.488758749906505585e-01
-2.487035321607677929e-01
-2.497830134054854767e-01
-2.491502587920795264e-01
-2.482511935780955525e-01
-2.487449111263675405e-01
-2.479898589959539379e-01
-2.532195612266736617e-01
-2.519753486739322312e-01
-2.520939957402337228e-01
-2.531153059122956961e-01
-2.510480193759132561e-01
-2.479628288143516102e-01
-2.488707809928900616e-01
-2.512960309876461906e-01
-2.458525423766957374e-01
-2.495614502194136719e-01
-2.497373787970182946e-01
-2.450119962977534982e-01
-2.462138626412819775e-01
-2.486760187748409123e-01
-2.479362708933923187e-01
-2.482111199305361282e-01
-2.461076097848700073e-01
-2.453552421988653975e-01
-2.476962825259843015e-01
-2.444915280214594588e-01
-2.493615264462736292e-01
-2.497680359787040061e-01
-2.484396329390214930e-01
-2.498453056168230546e-01
-2.509335878148437615e-01
-2.494799212539149380e-01
-2.489527851394139901e-01
-2.516339238525375777e-01
-2.526939856765189063e-01
-2.475664808486897073e-01
-2.519438280427266363e-01
-2.512244389133293510e-01
-2.485459512888503752e-01
-2.430522149087330774e-01
-2.471955370770437810e-01
-2.513069969019632310e-01
-2.487908520608286267e-01
-2.491999654968690692e-01
-2.470492341859813479e-01
-2.482262581772847199e-01
-2.514244511355006040e-01
-2.535793948615090443e-01
-2.505082326857976938e-01
-2.474068254473138495e-01
-2.454375976888290012e-01
-2.432124933856307791e-01
-2.462746641954929316e-01
-2.426152690758307529e-01
-2.466435740675763100e-01
-2.477864620116783101e-01
-2.467819215184849924e-01
-2.423254643016878873e-01
-2.403978142024421061e-01
-2.377461695990454871e-01
-2.473826178432414480e-01
-2.457183902692250399e-01
-2.413401844415510311e-01
-2.435481193835169478e-01
-2.463645451083138482e-01
-2.473000911490128573e-01
-2.500786609749283684e-01
-2.484732534011744320e-01
-2.482057290401566974e-01
-2.460079552328924279e-01
-2.500949827198155617e-01
-2.469315709920376634e-01
-2.481363112931447290e-01
-2.487690550567407399e-01
-2.466832862464407583e-01
-2.515491304985228993e-01
-2.469777945933806507e-01
-2.497000930356030324e-01
-2.487141075947327806e-01
-2.486522278152261123e-01
-2.466883276779423539e-01
-2.473549557331438109e-01
-2.445937826788693314e-01
-2.475515203168399125e-01
-2.435495089720021156e-01
-2.466072425360845699e-01
-2.479544225718512962e-01
-2.468473325042985778e-01
-2.453147210304482684e-01
-2.439797624397694875e-01
-2.440120866642843112e-01
-2.454460473714270563e-01
-2.450065997767083559e-01
-2.451370201125531167e-01
-2.434571499443691778e-01
-2.486599480790392391e-01
-2.522953950987503191e-01
-2.514400172561579438e-01
-2.495070237729120066e-01
-2.508215240031557158e-01
-2.485642277711939130e-01
-2.486676012519630774e-01
-2.469270130438374622e-01
-2.453954189525173746e-01
-2.453289110962959541e-01
-2.478890101614972252e-01
-2.532554987383406342e-01
-2.494592758144076328e-01
-2.455329114181754591e-01
-2.447328164501563208e-01
-2.455640195397013059e-01
-2.457798754160371857e-01
-2.500010780733443738e-01
-2.500546134411312238e-01
-2.478653184304118184e-01
-2.465393285256496370e-01
-2.477879786458334621e-01
-2.454836420440891231e-01
-2.455099893689016710e-01
-2.500657571610513941e-01
-2.507873982674588831e-01
-2.454935237903814738e-01
-2.471103097527169723e-01
-2.488151684899548854e-01
-2.497626962522208061e-01
-2.501956665588398465e-01
-2.503895150254784596e-01
-2.442224061523265988e-01
-2.420542456811656251e-01
-2.430393570304794082e-01
-2.423779710382163444e-01
-2.456898829467455414e-01
-2.453571897739816876e-01
-2.438210969297340824e-01
-2.417251707195511301e-01
-2.412097300799018740e-01
-2.462011664585261883e-01
-2.455628298759400252e-01
-2.449600545985290978e-01
-2.439279150980677713e-01
-2.440561470210766970e-01
-2.422986400998752288e-01
-2.469332365089673686e-01
-2.468960264839896723e-01
-2.462536384206135409e-01
-2.424064482817822608e-01
-2.443312270257855801e-01
-2.455008830539906484e-01
-2.510008195484161320e-01
-2.461811146769878889e-01
-2.493087869632120146e-01
-2.453681188086704879e-01
-2.467459262077209559e-01
-2.463578849833290008e-01
-2.464490081323855719e-01
-2.467165467966641046e-01
-2.457228063226928327e-01
-2.449519766434615775e-01
-2.491871433891041931e-01
-2.501581467992508578e-01
-2.444864295200606108e-01
-2.467373617103412187e-01
-2.443081489163567710e-01
-2.421912507660177738e-01
-2.452443001688511259e-01
-2.431935276703427462e-01
-2.438421931065519743e-01
-2.462897073357215305e-01
-2.448867502372973348e-01
-2.433150125822649557e-01
-2.422260997448617559e-01
-2.450307915281015880e-01
-2.408129898745485775e-01
-2.452127187541979225e-01
-2.419013791237336619e-01
-2.457003486644726564e-01
-2.462319546071629617e-01
-2.478532169755691683e-01
-2.479241227419759497e-01
-2.430831049276847011e-01
-2.455562051585182815e-01
-2.439948814678380984e-01
-2.442285807126030051e-01
-2.447303198037413807e-01
-2.419325599047539299e-01
-2.458013190837124995e-01
-2.437384913083953109e-01
-2.418447762112556632e-01
-2.427032329630414154e-01
-2.454949813174351902e-01
-2.468019376270671472e-01
-2.476049934524358065e-01
-2.484322086148011977e-01
-2.474264792478795272e-01
-2.457389917325585316e-01
-2.471296821339823424e-01
-2.446944138643925015e-01
-2.455589033097442808e-01
-2.413119698648866773e-01
-2.428556756595519062e-01
-2.465627390210194392e-01
-2.492524114132592672e-01
-2.462958629085267859e-01
-2.444377758208737816e-01
-2.415343392252466970e-01
-2.434181961243826464e-01
-2.460260384924470856e-01
-2.501857118773465061e-01
-2.476218802791159135e-01
-2.476730625119465401e-01
-2.481212827855117098e-01
-2.472992983842843273e-01
-2.475323184368765084e-01
-2.437222201552842193e-01
-2.496455244962305642e-01
-2.459552219032321574e-01
-2.465314143501142752e-01
-2.490359111445137330e-01
-2.510064478166693647e-01
-2.422525315992469785e-01
-2.426605082150370407e-01
-2.492606519771598528e-01
-2.514776006370897932e-01
-2.480268513462657864e-01
-2.503604600199196284e-01
-2.517972941398198827e-01
-2.484201829237608905e-01
-2.485568880291424421e-01
-2.468440903609643300e-01
-2.460303039208007192e-01
-2.447721393295676506e-01
-2.466947378494488419e-01
-2.486054723625041873e-01
-2.497531262894323589e-01
-2.509898081240944379e-01
-2.494023056561012197e-01
-2.514157680939916872e-01
-2.498402798692342941e-01
-2.526167103213676768e-01
-2.486629947209166858e-01
-2.485098163893884049e-01
-2.449907270673357118e-01
-2.475224898315318001e-01
-2.501127636173361424e-01
-2.452346351474723463e-01
-2.495161842132027630e-01
-2.466670315372780919e-01
-2.467179704791959693e-01
-2.498468070269215247e-01
-2.525171316315297787e-01
-2.466022084818941806e-01
-2.467214970859288314e-01
-2.468219266017257496e-01
-2.479861623589343367e-01
-2.484346117504863116e-01
-2.451980889353606585e-01
-2.502076187568107457e-01
-2.457271223256753956e-01
-2.453740344431789566e-01
-2.458134658610546808e-01
-2.432201597993834952e-01
-2.458316349258495848e-01
-2.470064259735060830e-01
-2.453996263557183255e-01
-2.469773234166456888e-01
-2.496771507108714871e-01
-2.487178501089442051e-01
-2.476062596793866533e-01
-2.499691311923672998e-01
-2.511125592820935282e-01
-2.486465926952057259e-01
-2.498360338846463691e-01
-2.507834674325764013e-01
-2.554748011437624200e-01
-2.493425857222213438e-01
-2.490842426549555455e-01
-2.521348193001369253e-01
-2.546919221740182593e-01
-2.512826136181871561e-01
-2.473363950599942740e-01
-2.492551013063941667e-01
-2.476129331995320371e-01
-2.496004781995200261e-01
-2.504559174459686233e-01
-2.470615020139366180e-01
-2.498406668490655846e-01
-2.514016256933579996e-01
-2.499818845473615880e-01
-2.458833645402158652e-01
-2.455460343835476067e-01
-2.492706596625602344e-01
-2.501694988623057725e-01
-2.526011761937194677e-01
-2.505143458572511861e-01
-2.475959732311956429e-01
-2.495249908891565838e-01
-2.546034050108882951e-01
-2.505246332160115941e-01
-2.494580108152124609e-01
-2.520175658438610355e-01
-2.502479448117398420e-01
-2.535682796992375643e-01
-2.528020522867677755e-01
-2.521873950682174126e-01
-2.484832785743513739e-01
-2.523099735581499914e-01
-2.531375107132767255e-01
-2.483608922398445884e-01
-2.494011878541773086e-01
-2.517559453681617043e-01
-2.504363058076624071e-01
-2.510273700111635975e-01
-2.533837928472770784e-01
-2.509184128692414362e-01
-2.479503583104332165e-01
-2.485098637559453039e-01
-2.499809249835660552e-01
-2.442038110561988162e-01
-2.464646496668354558e-01
-2.498724820515718648e-01
-2.476222797040321666e-01
-2.490928666902476607e-01
-2.486884697783473541e-01
-2.487333275117009634e-01
-2.452986743927763058e-01
-2.457467394463339616e-01
-2.487169417654460091e-01
-2.520839366984493068e-01
-2.440452171099032341e-01
-2.487589538457406491e-01
-2.406287975258951661e-01
-2.446413920136123465e-01
-2.425121027564145493e-01
-2.448473579888084117e-01
-2.467462052164233199e-01
-2.481399408860980316e-01
-2.475058135218315414e-01
-2.477249873665119395e-01
-2.493275546073370208e-01
-2.499738976743977048e-01
-2.488007815701980263e-01
-2.508437570741026690e-01
-2.495074193831854359e-01
-2.478681098991302179e-01
-2.507524329711419142e-01
-2.476210381335359756e-01
-2.483098536815280255e-01
-2.536492403584222899e-01
-2.560485173983426677e-01
-2.488339556931276064e-01
-2.506378311782206936e-01
-2.514677124540689590e-01
-2.498302957675591074e-01
-2.517750841542465423e-01
-2.500445332543677068e-01
-2.482426539006628019e-01
-2.501290057186675853e-01
-2.517051916217987184e-01
-2.523278111215905284e-01
-2.487432626129280067e-01
-2.484893271502759404e-01
-2.517430819595141145e-01
-2.480563865836931114e-01
-2.512410876245212421e-01
-2.476927995952244999e-01
-2.532336630843534664e-01
-2.473340876161689295e-01
-2.509658160600860555e-01
-2.493992674196015003e-01
-2.510514119061291183e-01
-2.517028588942071821e-01
-2.461580301017853856e-01
-2.496652330133279918e-01
-2.504212964412655396e-01
-2.499739121307236189e-01
-2.493704604376905110e-01
-2.492613565452757030e-01
-2.505237376459987786e-01
-2.502130460108844545e-01
-2.489555970943815311e-01
-2.472708209607237251e-01
-2.461790335748634817e-01
-2.456120167436139923e-01
-2.472511997814432760e-01
-2.453245694933805510e-01
-2.487582450561838243e-01
-2.489239085579093569e-01
-2.471351715295337925e-01
-2.513975654046642916e-01
-2.505551516616844054e-01
-2.499176821133914927e-01
-2.485956372913058487e-01
-2.503229456086710769e-01
-2.521743626291019780e-01
-2.493224795805168981e-01
-2.479439004994450357e-01
-2.464803068881398218e-01
-2.494639343037938772e-01
-2.470749297320526949e-01
-2.508018809626211265e-01
-2.487826851158114749e-01
-2.473332468647324589e-01
-2.447100978630611934e-01
-2.500316766118846346e-01
-2.489322363023784845e-01
-2.485501021189158166e-01
-2.445339516663800339e-01
-2.460904744413525691e-01
-2.468942047503386306e-01
-2.476071746998886880e-01
-2.507214811759848061e-01
-2.528150852356105815e-01
-2.534675040797917944e-01
-2.492369012942816653e-01
-2.469388903002549540e-01
-2.480210753084097774e-01
-2.459674172406547399e-01
-2.449644418493566178e-01
-2.468660351512248496e-01
-2.436302458236365709e-01
-2.446893868129453864e-01
-2.462261369496783203e-01
-2.434902096456745824e-01
-2.490367956503192204e-01
-2.494571746649842936e-01
-2.474561413359026574e-01
-2.487227203899493588e-01
-2.512937809093767072e-01
-2.490174955014943237e-01
-2.493862941881346273e-01
-2.518524065463552120e-01
-2.501737872895581916e-01
-2.507663441714953478e-01
-2.518197610122925312e-01
-2.542351374857485524e-01
-2.516167121618639868e-01
-2.496950644789137641e-01
-2.447517887341970066e-01
-2.480887600578558505e-01
-2.484918407669933771e-01
-2.478139798283827133e-01
-2.521793064048392097e-01
-2.533710513090241534e-01
-2.455825331577869974e-01
-2.492526544563329338e-01
-2.503177687851714239e-01
-2.465590345899606461e-01
-2.460209193354749857e-01
-2.478699429054955772e-01
-2.520778566794081854e-01
-2.489287451942985285e-01
-2.487932447816856296e-01
-2.515503977680904057e-01
-2.525693032465898824e-01
-2.491918436389521929e-01
-2.505463856213943075e-01
-2.476441987696205160e-01
-2.452369861892709224e-01
-2.506631958748037903e-01
-2.476880540383952223e-01
-2.523100950492924710e-01
-2.529030305921402544e-01
-2.485177097154487313e-01
-2.474140574253080871e-01
-2.467535639099782685e-01
-2.451305821755678238e-01
-2.463907308421013909e-01
-2.496849228904327589e-01
-2.456436248910698339e-01
-2.439185445975766697e-01
-2.512421307923435876e-01
-2.482063877308320343e-01
-2.507392102216705609e-01
-2.525075135296361850e-01
-2.456337401663333253e-01
-2.500268016248732295e-01
-2.497874986182289092e-01
-2.477326098770227247e-01
-2.531290028331092401e-01
-2.509204163123097686e-01
-2.466972409036429781e-01
-2.497407149102155444e-01
-2.478663006138823732e-01
-2.498002257137912352e-01
-2.493210390568219026e-01
-2.479557503284457454e-01
-2.491314467725764814e-01
-2.479273242597628268e-01
-2.509427201023637366e-01
-2.494488579282414520e-01
-2.498551883175199606e-01
-2.498950470435961080e-01
-2.475989544947143628e-01
-2.500639154216255378e-01
-2.481373081509321565e-01
-2.483774570970602724e-01
-2.498955055151590443e-01
-2.494312095177697586e-01
-2.482666135634001847e-01
-2.486633466224716926e-01
-2.469598807675055241e-01
-2.496175605011945464e-01
-2.490407696865108989e-01
-2.519629236400895422e-01
-2.486691333045936148e-01
-2.499680004477262685e-01
-2.485926099995925398e-01
-2.501539508385501875e-01
-2.500592075583831786e-01
-2.515104004043120511e-01
-2.485481631913213363e-01
-2.515620065919552673e-01
-2.519562484583293127e-01
-2.511990044580443282e-01
-2.506448321606082885e-01
-2.518716094436754815e-01
-2.511954869638781673e-01
-2.520952154312627869e-01
-2.491756397606366136e-01
-2.497091971063909455e-01
-2.491717043210890381e-01
-2.493262781371328174e-01
-2.514490136748364080e-01
-2.547198985542777905e-01
-2.489523119942287366e-01
-2.499669965792961079e-01
-2.481275613383093770e-01
-2.523343215911921789e-01
-2.530976586606055179e-01
-2.492541651247144330e-01
-2.485663541548195354e-01
-2.545298130966422434e-01
-2.536110483617886047e-01
-2.492482653006149462e-01
-2.509358654663742527e-01
-2.526251833025270344e-01
-2.484778335309218988e-01
-2.539309563471512377e-01
-2.529369807321319996e-01
-2.519525400502011792e-01
-2.492876154770264918e-01
-2.473975755746504746e-01
-2.496001084233370193e-01
-2.517125019748931436e-01
-2.511572586171517685e-01
-2.492252632345905994e-01
-2.482820996928332136e-01
-2.458035446976527538e-01
-2.453701426570713551e-01
-2.450658894221913187e-01
-2.465141935702579445e-01
-2.510889845753325744e-01
-2.501994118096497743e-01
-2.500212610482961395e-01
-2.503048263875768953e-01
-2.532317876796899014e-01
-2.491320085829382691e-01
-2.488594400287702513e-01
-2.488830573631961585e-01
-2.503524928807010497e-01
-2.531263978578639495e-01
-2.481854751947167870e-01
-2.465548246434607904e-01
-2.501848130832353689e-01
-2.464543827757257333e-01
-2.491924097991446985e-01
-2.520530369846607499e-01
-2.497210981872743929e-01
-2.498786994455350907e-01
-2.486984248155881261e-01
-2.487821211687144540e-01
-2.489381080718082728e-01
-2.528866226659403083e-01
-2.484736238788212148e-01
-2.459080795580632639e-01
-2.529937097938130819e-01
-2.501814256972654249e-01
-2.527178307516688704e-01
-2.498719764243020336e-01
-2.477129776521937998e-01
-2.494857066693629832e-01
-2.472732441898681799e-01
-2.524237348129876324e-01
-2.503589305328866033e-01
-2.495675185932348938e-01
-2.513683248448206342e-01
-2.497407399894573388e-01
-2.516244386604373773e-01
-2.503298593996969856e-01
-2.518547667560060432e-01
-2.438266221167300074e-01
-2.487780815520839184e-01
-2.500383373724073266e-01
-2.513510613140343963e-01
-2.491340428633534998e-01
-2.491235436677410320e-01
-2.514486351593951952e-01
-2.531994563427648615e-01
-2.479104134360419209e-01
-2.528213474300322616e-01
-2.521798959634473647e-01
-2.533611122859067422e-01
-2.548962305455564348e-01
-2.523235017191556295e-01
-2.460880111936862846e-01
-2.502474919357773331e-01
-2.506573559167755150e-01
-2.491240666552041461e-01
-2.527030323561998415e-01
-2.494554629506211541e-01
-2.489651817304903147e-01
-2.481356134436296657e-01
-2.493170414738763441e-01
-2.528729984678612652e-01
-2.532338752168605822e-01
-2.530641876297643478e-01
-2.492532713946253864e-01
-2.495521075491602403e-01
-2.522567483963165103e-01
-2.524081774253907895e-01
-2.540169358288668633e-01
-2.475847753019966291e-01
-2.545066033480125611e-01
-2.496872590162517724e-01
-2.548481175637835605e-01
-2.522963965937865538e-01
-2.526844873611437947e-01
-2.525875463875220106e-01
-2.545392327229443197e-01
-2.521201084126030167e-01
-2.496614616154939625e-01
-2.536156368711139919e-01
-2.523645307713575647e-01
-2.546116914637934769e-01
-2.504766848080972608e-01
-2.520854525983562411e-01
-2.538460192134017746e-01
-2.553212623306322371e-01
-2.528805079296674307e-01
-2.540446676076513199e-01
-2.505747901520738452e-01
-2.556722289386321734e-01
-2.529339753197721308e-01
-2.528021959634703109e-01
-2.502810966955912875e-01
-2.535334145520184990e-01
-2.508890879913181493e-01
-2.519456919662559358e-01
-2.508806742233922193e-01
-2.519949604238878038e-01
-2.492712550193143528e-01
-2.574564631754014954e-01
-2.539173426303502623e-01
-2.543139286915891972e-01
-2.514831663369978543e-01
-2.534929079529071316e-01
-2.533593544121579555e-01
-2.554592107554700675e-01
-2.515238983590180055e-01
-2.513380928338655451e-01
-2.529975326951063863e-01
-2.517043605659274874e-01
-2.526946996614043428e-01
-2.539766170277335533e-01
-2.514400620184265023e-01
-2.524547876802092361e-01
-2.537917134640270689e-01
-2.507834072936123704e-01
-2.542147058302219875e-01
-2.510034423620126631e-01
-2.559097917182953097e-01
-2.492522313663609879e-01
-2.544697367946842093e-01
-2.503558750032208735e-01
-2.515251680441945581e-01
-2.528025765429315896e-01
-2.526355570862008904e-01
-2.516323027787912281e-01
-2.492156211906149110e-01
-2.515406329245486461e-01
-2.541225454405999784e-01
-2.542541155669812980e-01
-2.494756974086378420e-01
-2.529296387210901997e-01
-2.548768620787598138e-01
-2.511274871455988489e-01
-2.509576711865122434e-01
-2.500292258349059438e-01
-2.512622332662637348e-01
-2.535144506635340633e-01
-2.516988309300334237e-01
-2.507300394845852765e-01
-2.545557656874066765e-01
-2.570695823273414504e-01
-2.525183622900577518e-01
-2.519978839047318786e-01
-2.548676036467654171e-01
-2.513544556366369420e-01
-2.561452479316645992e-01
-2.553032312851861718e-01
-2.559807610003801415e-01
-2.550312731602950578e-01
-2.523498780237698469e-01
-2.531466115173817144e-01
-2.555288172721361661e-01
-2.560885270405588443e-01
-2.554042600412795849e-01
-2.542769044370221110e-01
-2.508272071870258912e-01
-2.532957968193940701e-01
-2.560120987334304488e-01
-2.535180159835022096e-01
-2.551494630280721765e-01
-2.518727702970622317e-01
-2.542967434622553924e-01
-2.540278871723060661e-01
-2.522324162065174846e-01
-2.518935415921461640e-01
-2.531992772418956150e-01
-2.529931876863376061e-01
-2.569661901041317975e-01
-2.588946484665637371e-01
-2.532553144612936791e-01
-2.586643025281780695e-01
-2.552568292496282254e-01
-2.544332364460544227e-01
-2.549817407829095828e-01
-2.586914735110052987e-01
-2.541915329605490825e-01
-2.540120445555995587e-01
-2.566476500750045631e-01
-2.560289136092670503e-01
-2.569294127355465918e-01
-2.572378176121929982e-01
-2.522144533937211719e-01
-2.542532712811169660e-01
-2.514207368241372365e-01
-2.552068764964481318e-01
-2.539165715836801951e-01
-2.525456785496356105e-01
-2.526711044159206665e-01
-2.526086723785212484e-01
-2.549335779994876816e-01
-2.537983613558196794e-01
-2.526977404343515587e-01
-2.558269365843912624e-01
-2.559478270683523959e-01
-2.526128883509777268e-01
-2.526842670668791868e-01
-2.544304967291530772e-01
-2.533352503999282135e-01
-2.531773287819802931e-01
-2.552098318126745369e-01
-2.564627969955264319e-01
-2.523302099160389389e-01
-2.540560099458204490e-01
-2.546247980474092287e-01
-2.551481724643469562e-01
-2.583721570933015244e-01
-2.552548370364018382e-01
-2.560440274929245419e-01
-2.589882855163896380e-01
-2.554305958753957384e-01
-2.536532346806499305e-01
-2.565563223470110898e-01
-2.564028688700670244e-01
-2.557623607001779931e-01
-2.551970150187639064e-01
-2.556961048090329314e-01
-2.534749426160018970e-01
-2.559337614651653325e-01
-2.548129645280798883e-01
-2.566391643231096253e-01
-2.540498336298995241e-01
-2.540501319407226788e-01
-2.556408981851223672e-01
-2.551677314598155277e-01
-2.546695673465855236e-01
-2.560064186795543151e-01
-2.555931026334814504e-01
-2.537147967191728526e-01
-2.559821421581851553e-01
-2.524694435219156929e-01
-2.568667781309788012e-01
-2.539125264929023018e-01
-2.592286815838278358e-01
-2.520954851370582617e-01
-2.524382991194755732e-01
-2.563299734816553155e-01
-2.583768757393691828e-01
-2.561457665576529763e-01
-2.555702683805751718e-01
-2.570555286843667631e-01
-2.544545137451414973e-01
-2.519800591641647713e-01
-2.556646444297356879e-01
-2.595203160804420150e-01
-2.586692470990588077e-01
-2.550051422362908937e-01
-2.585952781051776839e-01
-2.543162147466588863e-01
-2.604688469567424391e-01
-2.557189197910076928e-01
-2.557011781141920181e-01
-2.582832252055666800e-01
-2.583477150248381093e-01
-2.577589725519082720e-01
-2.550282152659573143e-01
-2.530974610935903257e-01
-2.517098752274726792e-01
-2.547750543848383842e-01
-2.571840479962244075e-01
-2.543593469579761290e-01
-2.541661748239523178e-01
-2.575114153843891529e-01
-2.538805586516392765e-01
-2.550156700827148626e-01
-2.573379662921695399e-01
-2.565115415283667488e-01
-2.539936005071794511e-01
-2.547835858508360474e-01
-2.545863030965733742e-01
-2.554900922223648507e-01
-2.571928003760035608e-01
-2.547628672040449516e-01
-2.560758816086323719e-01
-2.579309604402943989e-01
-2.543113729633663667e-01
-2.542492768163402417e-01
-2.548723826608227938e-01
-2.524027947487184065e-01
-2.555212354004154918e-01
-2.578660384714215326e-01
-2.520461068161328200e-01
-2.548426892619790607e-01
-2.557849205787068314e-01
-2.531304969406971139e-01
-2.577908086199069970e-01
-2.569341316338409342e-01
-2.561421807262433958e-01
-2.566917744155965408e-01
-2.549380994375898268e-01
-2.506785322615154854e-01
-2.547144191436956362e-01
-2.566036689978830054e-01
-2.546477391851151850e-01
-2.561342362301459730e-01
-2.552162513026008384e-01
-2.521512491634521069e-01
-2.549373954588123325e-01
-2.537211320251806512e-01
-2.581887895234764585e-01
-2.567083707832473749e-01
-2.563080043469163627e-01
-2.523179424020902673e-01
-2.530448348507299272e-01
-2.537861260892029236e-01
-2.543413010128503515e-01
-2.524939473235363607e-01
-2.548296698977488006e-01
-2.546166147789357126e-01
-2.510756324942580164e-01
-2.577254942556823636e-01
-2.532818727157106764e-01
-2.521668738785507458e-01
-2.541241052604448214e-01
-2.574391673739011566e-01
-2.534597776141787051e-01
-2.572568893883229180e-01
-2.530517270899306226e-01
-2.568496455207878171e-01
-2.559768032649714087e-01
-2.546012274085462934e-01
-2.570668827504540843e-01
-2.558237378395542549e-01
-2.547061324296020501e-01
-2.571714710132155801e-01
-2.561393384911081483e-01
-2.608436583133748599e-01
-2.566180809904938798e-01
-2.588440123797610681e-01
-2.596118349274778581e-01
-2.569209783548203063e-01
-2.558543585719963431e-01
-2.546008656406115733e-01
-2.566333479779938642e-01
-2.549339880373224787e-01
-2.571647793528253345e-01
-2.543406120715463459e-01
-2.548165907419068787e-01
-2.575940360576858268e-01
-2.575240245794780947e-01
-2.520476218480371955e-01
-2.602474541243680051e-01
-2.604683488657766333e-01
-2.557946303840807900e-01
-2.575904621053997090e-01
-2.575781985863727641e-01
-2.541004640241091295e-01
-2.568948018711783021e-01
-2.578043581366724624e-01
-2.570146775956470009e-01
-2.551096611893228783e-01
-2.542026411531619345e-01
-2.586754564572419923e-01
-2.587532158418728301e-01
-2.562452010399933755e-01
-2.577003433673059618e-01
-2.551516960254058830e-01
-2.565669513382911049e-01
-2.580546185185070840e-01
-2.515564126152849411e-01
-2.551599884690745057e-01
-2.556512620432123128e-01
-2.567457216896844585e-01
-2.578851888176494356e-01
-2.542853487553653480e-01
-2.555161283931077776e-01
-2.550376674469756466e-01
-2.505520192277863600e-01
-2.570872504515762103e-01
-2.565916930023171005e-01
-2.592612735274890667e-01
-2.534926378249569012e-01
-2.533598898992810433e-01
-2.571060546083447917e-01
-2.581959645124687341e-01
-2.536372435566445205e-01
-2.581465303051775351e-01
-2.567801756076537600e-01
-2.559470134604939773e-01
-2.573417839850389299e-01
-2.563665298468613685e-01
-2.524982604625218841e-01
-2.602681059878122483e-01
-2.521963140662233371e-01
-2.559652399705640846e-01
-2.572740232960235574e-01
-2.601334230571179518e-01
-2.569006324862570523e-01
-2.581107355279979032e-01
-2.560938528895757571e-01
-2.561751313630349358e-01
-2.553011353591116972e-01
-2.540309536777307642e-01
-2.589939358301958094e-01
-2.549863634527902434e-01
-2.554121624532754709e-01
-2.574391963116102744e-01
-2.551686624759614830e-01
-2.530533249557560538e-01
-2.531146711421818907e-01
-2.554735275785784410e-01
-2.531692419998812227e-01
-2.539059403460637299e-01
-2.541636421693986847e-01
-2.530289652461235050e-01
-2.573327205237188053e-01
-2.552056933155881779e-01
-2.559695179185776936e-01
-2.571703928157376140e-01
-2.554073678752306620e-01
-2.564831431841305687e-01
-2.521192614374019314e-01
-2.571262140819623454e-01
-2.553447932831556244e-01
-2.577522232222690945e-01
-2.549828796937188002e-01
-2.548276121529955418e-01
-2.582467440011964044e-01
-2.552490854261790787e-01
-2.550260600433364999e-01
-2.575253069222025459e-01
-2.569552458938950679e-01
-2.553189355952145689e-01
-2.556702699542920953e-01
-2.537811320311202934e-01
-2.597997289531814857e-01
-2.592134033207678101e-01
-2.576548205343254239e-01
-2.590435196619065294e-01
-2.537363657048832266e-01
-2.555067950466369808e-01
-2.580501769262646405e-01
-2.585167361610043457e-01
-2.590763480711313349e-01
-2.573931274255301105e-01
-2.610563285575224768e-01
-2.575640272564392319e-01
-2.606975966585007853e-01
-2.604851706665840538e-01
-2.570526984787182556e-01
-2.581139475068567890e-01
-2.604280797799827241e-01
-2.610828985085404952e-01
-2.609745797917923937e-01
-2.592387836346894403e-01
-2.590141411474178312e-01
-2.583873822346447469e-01
-2.578302445555351596e-01
-2.649973746561951060e-01
-2.581775102720129667e-01
-2.580372775028934029e-01
-2.587165948750165256e-01
-2.611072920755326265e-01
-2.599164243459046730e-01
-2.583661559289787135e-01
-2.569928756050874341e-01
-2.605749310871363633e-01
-2.564097526083060075e-01
-2.551435616344353008e-01
-2.596825353372569367e-01
-2.581631982408172377e-01
-2.589804072347146047e-01
-2.581821844472269589e-01
-2.585133096794649532e-01
-2.578016268998091221e-01
-2.605174216491867867e-01
-2.545969588128969008e-01
-2.557100483580594386e-01
-2.588485763321006772e-01
-2.598593583473167712e-01
-2.557716306706243614e-01
-2.583382414006134553e-01
-2.585793280256574178e-01
-2.571320766163012195e-01
-2.593711122231674437e-01
-2.573804521173563842e-01
-2.589268781529359131e-01
-2.556838932817697696e-01
-2.572597389983819482e-01
-2.586975872632013562e-01
-2.632985913599430461e-01
-2.541082268831420521e-01
-2.570326660078059433e-01
-2.591510506953476067e-01
-2.591591514747726421e-01
-2.536976813190019442e-01
-2.632432459459028706e-01
-2.573725965549940042e-01
-2.620936399692652685e-01
-2.563201721431873636e-01
-2.617400446535338432e-01
-2.592983442237510872e-01
-2.548366567060451615e-01
-2.619368430523998370e-01
-2.626596527445030915e-01
-2.607776757314095306e-01
-2.539171670851949614e-01
-2.581935433258593093e-01
-2.564784739632681720e-01
-2.580411794332633235e-01
-2.615479646564899951e-01
-2.562575385692706931e-01
-2.592114386464370313e-01
-2.591157557689438562e-01
-2.594557955361587176e-01
-2.576770398573167142e-01
-2.594373988909488560e-01
-2.587554709582722268e-01
-2.584652251328645178e-01
-2.594724839326261190e-01
-2.578660991453674001e-01
-2.603924313876895269e-01
-2.560809731098530051e-01
-2.583957166459907029e-01
-2.577835197830680158e-01
-2.603516857951859720e-01
-2.609876104349151404e-01
-2.575979154075902500e-01
-2.619513891306315401e-01
-2.570573806164677677e-01
-2.573936603668833811e-01
-2.588521972610653421e-01
-2.594021070390137851e-01
-2.588850522706653834e-01
-2.576982893818673404e-01
-2.595337339037655511e-01
-2.609990586528194711e-01
-2.553420709158693569e-01
-2.592119277029230062e-01
-2.584623379597026371e-01
-2.586578568360540231e-01
-2.580573609354264164e-01
-2.595017713492637768e-01
-2.606277720466518844e-01
-2.590043758156514997e-01
-2.566134964872546220e-01
-2.622388352013338420e-01
-2.581999673116346372e-01
-2.633258987270021834e-01
-2.618079209485504322e-01
-2.590493140574494646e-01
-2.603604385775053487e-01
-2.616237798397875736e-01
-2.611233810855875248e-01
-2.588179814645172883e-01
-2.592549222403235376e-01
-2.596275323572410088e-01
-2.552840816491404041e-01
-2.609036729633444907e-01
-2.606877753279004395e-01
-2.612576677001765546e-01
-2.610056939780989183e-01
-2.567119174794747494e-01
-2.618036439221462786e-01
-2.589081559108237229e-01
-2.613963849291653929e-01
-2.599935896282730141e-01
-2.610393835052331468e-01
-2.580990526839403998e-01
-2.605513593047508181e-01
-2.584839781879075815e-01
-2.616142948800899148e-01
-2.615533577540674059e-01
-2.605779755462052094e-01
-2.589720106780770692e-01
-2.602494202412497515e-01
-2.604018225534048270e-01
-2.615862805718300876e-01
-2.602969714411109692e-01
-2.584222839140597472e-01
-2.619192422264244868e-01
-2.629561434319747093e-01
-2.574733712004508845e-01
-2.559159662680805525e-01
-2.641129936932067324e-01
-2.595638381260876315e-01
-2.622928583265977664e-01
-2.570105993302345126e-01
-2.569469519620994902e-01
-2.608130443242213659e-01
-2.622903941389971294e-01
-2.614862116080836074e-01
-2.617102787784979512e-01
-2.577616671750071475e-01
-2.608589012618676151e-01
-2.582188697714524750e-01
-2.578535029081567842e-01
-2.583628986445400955e-01
-2.606208844467730046e-01
-2.596269868377678591e-01
-2.589452933704432525e-01
-2.554674469556470484e-01
-2.612051552612602023e-01
-2.558329591700854166e-01
-2.591319472921700395e-01
-2.601224529748833447e-01
-2.598756733002467456e-01
-2.596651545725361387e-01
-2.613378335809670716e-01
-2.596258645147191402e-01
-2.596753091252335111e-01
-2.597885239858133133e-01
-2.566081487902120983e-01
-2.619779109413027385e-01
-2.625590742715964154e-01
-2.565249492820580457e-01
-2.642835750752272617e-01
-2.572301002628787359e-01
-2.593477282568290576e-01
-2.593454256932421487e-01
-2.589125062700219360e-01
-2.588836152355984410e-01
-2.584526388975820765e-01
-2.588976760686136913e-01
-2.598473850446740840e-01
-2.588144666765384017e-01
-2.592243325739271853e-01
-2.585875039543008569e-01
-2.591358996326036390e-01
-2.573694432410373878e-01
-2.627917900183263100e-01
-2.606895751450224452e-01
-2.578585148969363416e-01
-2.605695577688944553e-01
-2.629150673071638522e-01
-2.589786714220618791e-01
-2.589336866821252414e-01
-2.591068104978262454e-01
-2.602998987947966469e-01
-2.602334138640252093e-01
-2.590890978905626696e-01
-2.609717143034995246e-01
-2.613115321254930734e-01
-2.588123862804483366e-01
-2.600377817282915061e-01
-2.625707501516707509e-01
-2.585547101606078257e-01
-2.644019106053132617e-01
-2.589524712210540258e-01
-2.625192210528481951e-01
-2.574056648411389148e-01
-2.631903511438498100e-01
-2.633224805940539426e-01
-2.628780351003854321e-01
-2.571835223249188118e-01
-2.583380693062125033e-01
-2.639073496796360274e-01
-2.600088073771278374e-01
-2.588892789734948963e-01
-2.638264074507663537e-01
-2.549609468534299594e-01
-2.603481816339776600e-01
-2.613317189395552020e-01
-2.584166157539193875e-01
-2.595257937144097582e-01
-2.626879642787827152e-01
-2.617649446222856113e-01
-2.577300406514204667e-01
-2.646230357996302018e-01
-2.617570333819756456e-01
-2.596944619546057709e-01
-2.600803273625391654e-01
-2.621315241505559612e-01
-2.588262929075053620e-01
-2.621902953506793921e-01
-2.631709474780272728e-01
-2.634270651811263519e-01
-2.568362193721931419e-01
-2.582982930685506773e-01
-2.599802163765723151e-01
-2.609028901644041554e-01
-2.589745369166926992e-01
-2.613839805097697422e-01
-2.605188638830924219e-01
-2.616644036652715499e-01
-2.581687737356137546e-01
-2.589890728849546520e-01
-2.614715282143134090e-01
-2.613811151147000800e-01
-2.616955943612264690e-01
-2.560252146409549567e-01
-2.644758559667934605e-01
-2.611155773243822864e-01
-2.628234095411379201e-01
-2.610448751704108616e-01
-2.616102260513244460e-01
-2.626309985554335924e-01
-2.597117752543294245e-01
-2.638876596839736521e-01
-2.590667957980450353e-01
-2.592571764493030173e-01
-2.633111075562126757e-01
-2.576998120770461753e-01
-2.595980973128710900e-01
-2.632867012138078167e-01
-2.624236102264365655e-01
-2.648851689392390796e-01
-2.636431866764361587e-01
-2.601715583840338297e-01
-2.642162484270258460e-01
-2.609768611209606348e-01
-2.614034057894674135e-01
-2.597510186489362383e-01
-2.600230284255928837e-01
-2.612113587380235913e-01
-2.603080194983995455e-01
-2.635845528493412360e-01
-2.591679063742304834e-01
-2.624690046673912036e-01
-2.649108250422340660e-01
-2.619858183798999818e-01
-2.623487962118371541e-01
-2.632867992729153173e-01
-2.638983598151014576e-01
-2.622088773853228361e-01
-2.601205611115737781e-01
-2.653450202515177381e-01
-2.642593618836102110e-01
-2.643395756681954367e-01
-2.629483657966904531e-01
-2.602223099520752925e-01
-2.609806528517921720e-01
-2.614903425630501488e-01
-2.646160308860245891e-01
-2.623744028600096811e-01
-2.639218708754338394e-01
-2.633243489824099726e-01
-2.630751569304052850e-01
-2.598868081081935344e-01
-2.631064050757352391e-01
-2.637083329170746282e-01
-2.652503315800487371e-01
-2.640505174519987008e-01
-2.632957787914946834e-01
-2.648268172865435588e-01
-2.597685866583159253e-01
-2.641767173312743466e-01
-2.658007645623623461e-01
-2.658459911913695350e-01
-2.651837725740655571e-01
-2.625094025757501726e-01
-2.624410992043859636e-01
-2.581407297708402382e-01
-2.637776617571514493e-01
-2.637371758861810633e-01
-2.598821472385459685e-01
-2.616784144965222936e-01
-2.616402803141006927e-01
-2.601891445649684442e-01
-2.621018125163221413e-01
-2.648722054990173547e-01
-2.655340860158599270e-01
-2.626820061783785576e-01
-2.663229856386610805e-01
-2.610801575427466048e-01
-2.586719784478130890e-01
-2.660061819555963325e-01
-2.628861990475144239e-01
-2.588545752172759506e-01
-2.606823737565715504e-01
-2.612722514503094118e-01
-2.633043294386130384e-01
-2.625402164996284426e-01
-2.637702852790493324e-01
-2.640419410221124252e-01
-2.660871532065200995e-01
-2.613635915135930077e-01
-2.643455401297316598e-01
-2.646581131757397287e-01
-2.604541610660913165e-01
-2.624805324873857870e-01
-2.622961753724855072e-01
-2.640367260673990302e-01
-2.613266000196574623e-01
-2.635991070801253500e-01
-2.641433122872776096e-01
-2.633550739115122497e-01
-2.627996220327268873e-01
-2.579749424652799661e-01
-2.663292341668750396e-01
-2.634439935312276049e-01
-2.626287355287697522e-01
-2.636896284177048244e-01
-2.595458229133829064e-01
-2.633603196180249739e-01
-2.598732938105960955e-01
-2.638763067379592542e-01
-2.597573709940927955e-01
-2.604231472256905988e-01
-2.607922304169427719e-01
-2.623478295679060324e-01
-2.642409823362239507e-01
-2.606834604980630132e-01
-2.617948433843313438e-01
-2.633982958524700990e-01
-2.606830531835111486e-01
-2.638468079524418641e-01
-2.634154993556272473e-01
-2.627172509565536274e-01
-2.602836885867336747e-01
-2.636669054622053920e-01
-2.620922714120421659e-01
-2.663866977368520850e-01
-2.609863863818624452e-01
-2.610610962954815761e-01
-2.643856247807221393e-01
-2.645459393369620216e-01
-2.616021960613519326e-01
-2.629444464265926484e-01
-2.642145668780084833e-01
-2.638604163832631855e-01
-2.581052205992424575e-01
-2.629400278096873933e-01
-2.636683357399700611e-01
-2.629191689902512508e-01
-2.607775987299483234e-01
-2.598121207683483647e-01
-2.665836921300677176e-01
-2.638597887510929496e-01
-2.595119287207392489e-01
-2.655973164749312332e-01
-2.658152613853186352e-01
-2.652531523992518458e-01
-2.619011875946615220e-01
-2.615753349475671286e-01
-2.652467758778982443e-01
-2.629462645935021214e-01
-2.641565932961462693e-01
-2.622634047550285175e-01
-2.661254737388407676e-01
-2.670416246630278323e-01
-2.675956506831909110e-01
-2.663599278578274721e-01
-2.655408407539887605e-01
-2.631198719664826768e-01
-2.649373398274672553e-01
-2.660950024601582697e-01
-2.649294754587234735e-01
-2.624809978194910798e-01
-2.635538703520641235e-01
-2.664655645369560233e-01
-2.655623878705579699e-01
-2.640005184137343974e-01
-2.697249365090677031e-01
-2.666060901664142335e-01
-2.641657725663684175e-01
-2.659821538161502019e-01
-2.613520889755562848e-01
-2.634893755628535672e-01
-2.644233664767430270e-01
-2.661628874619434981e-01
-2.651802546696657714e-01
-2.643558892893977941e-01
-2.641405223292814242e-01
-2.653860444295172982e-01
-2.638752874916310276e-01
-2.664978304974816581e-01
-2.616621553485316554e-01
-2.677152409783207787e-01
-2.643592063173052509e-01
-2.665145343373644948e-01
-2.616449198261125986e-01
-2.629361181422762428e-01
-2.640743693619285182e-01
-2.626198630345211171e-01
-2.690703369768279174e-01
-2.619341103599506226e-01
-2.633684839015284496e-01
-2.633880559142856015e-01
-2.652257496685272997e-01
-2.657824469486058661e-01
-2.663355212266225180e-01
-2.633150422629348952e-01
-2.703478815891635634e-01
-2.678748150625942515e-01
-2.660104831144902704e-01
-2.669388479504011258e-01
-2.641941471995608026e-01
-2.651474766905455027e-01
-2.659337972379702819e-01
-2.652048426621522736e-01
-2.642144289112113853e-01
-2.679059497392284328e-01
-2.654360880006976231e-01
-2.684020149246002518e-01
-2.681184029450101036e-01
-2.647086942031720014e-01
-2.658264432790762299e-01
-2.667718815669104515e-01
-2.683478655265449930e-01
-2.637629230981275441e-01
-2.652185714028103547e-01
-2.695831872375347160e-01
-2.652267484054036117e-01
-2.672649871840437896e-01
-2.655372925263090877e-01
-2.636892836399269413e-01
-2.648497134370284556e-01
-2.678751751063401798e-01
-2.669554199315467002e-01
-2.644172691458219759e-01
-2.672392390179290089e-01
-2.671649592280278540e-01
-2.642491118428509367e-01
-2.666032243289357950e-01
-2.629741077878033906e-01
-2.658944868256369887e-01
-2.681150291512519601e-01
-2.643469040271142489e-01
-2.655055276411353304e-01
-2.680907542245716257e-01
-2.690050074147354309e-01
-2.638275336529503079e-01
-2.656616815402603748e-01
-2.692977534158398356e-01
-2.666301899202103698e-01
-2.663432177967948178e-01
-2.668374653765095417e-01
-2.647465128919019861e-01
-2.674630502159693890e-01
-2.651080719672300745e-01
-2.655612700467226972e-01
-2.661924695421493681e-01
-2.702843621382324812e-01
-2.630404142772810872e-01
-2.678109690181802449e-01
-2.642202965777755708e-01
-2.679566502529517891e-01
-2.652695155997619736e-01
-2.681215787865536271e-01
-2.652798942667260462e-01
-2.662729681554765193e-01
-2.677463208759203184e-01
-2.670287384344796067e-01
-2.653785514108708554e-01
-2.708123505987636293e-01
-2.662928681488043736e-01
-2.669471525378828147e-01
-2.650891805844732829e-01
-2.716264632456386607e-01
-2.659312053622162608e-01
-2.663986412240717527e-01
-2.643489139883037353e-01
-2.691825612419744829e-01
-2.662234452796017337e-01
-2.658233871140573967e-01
-2.736018466798544324e-01
-2.665721803011873448e-01
-2.640205861304423252e-01
-2.675204890481044373e-01
-2.668306868648819830e-01
-2.691089276248153084e-01
-2.655907856385937293e-01
-2.663918609854416530e-01
-2.687458866717502559e-01
-2.657612406879970024e-01
-2.667631512811166061e-01
-2.642727829153965757e-01
-2.682608493109555070e-01
-2.677740073719672154e-01
-2.686076156364745060e-01
-2.702881860312160711e-01
-2.688736045680339970e-01
-2.644894762820708678e-01
-2.686333246080181425e-01
-2.674934828495452166e-01
-2.675740023786250532e-01
-2.676302607399598799e-01
-2.671915797841251106e-01
-2.674371785074409757e-01
-2.650077134509913890e-01
-2.669252717837551359e-01
-2.688244327856352811e-01
-2.673868516061812528e-01
-2.680690636857470110e-01
-2.736099304286057077e-01
-2.665172605620789170e-01
-2.676006831664619057e-01
-2.651568946252442771e-01
-2.656250334914034283e-01
-2.656356866476876633e-01
-2.664019543012177138e-01
-2.700451445837437348e-01
-2.642806420256995636e-01
-2.666088177610816956e-01
-2.702289282609839915e-01
-2.718494696224169616e-01
-2.687423760275322593e-01
-2.698409547851170487e-01
-2.659835763265832043e-01
-2.651362570035242783e-01
-2.648386205797699233e-01
-2.698482734591856058e-01
-2.654263656981683539e-01
-2.645950844225648524e-01
-2.697613949422610347e-01
-2.638453072154902657e-01
-2.695994862117139235e-01
-2.678972365612004580e-01
-2.670615926945885121e-01
-2.683286666674788989e-01
-2.659048873763207865e-01
-2.692595330051634761e-01
-2.661340120298270051e-01
-2.649492083169402434e-01
-2.696006658117919841e-01
-2.625754774322235363e-01
-2.694650952501334018e-01
-2.671264458845552525e-01
-2.662599003281513887e-01
-2.720684913205673183e-01
-2.664108432538121463e-01
-2.664967927140118320e-01
-2.689252278601141910e-01
-2.659635280160621562e-01
-2.690691901162782784e-01
-2.698576621280768251e-01
-2.683358122114558597e-01
-2.687845201956751140e-01
-2.672353846795836319e-01
-2.689113910553757592e-01
-2.689608215177461403e-01
-2.701487138588696268e-01
-2.676025485915793922e-01
-2.701264206157922843e-01
-2.703671447186319909e-01
-2.675810133760485598e-01
-2.686314725544356463e-01
-2.674981225131993767e-01
-2.698263955869393271e-01
-2.695855326803595631e-01
-2.713202405581078835e-01
-2.691450548858664860e-01
-2.669690341146999657e-01
-2.691409383840941416e-01
-2.709073634891545623e-01
-2.707371077031375250e-01
-2.695455930245778120e-01
-2.716260499162466147e-01
-2.685751060434888871e-01
-2.683020074732560545e-01
-2.711854010053134090e-01
-2.674064027690317147e-01
-2.699786117340465808e-01
-2.665534254796515512e-01
-2.686663720333370975e-01
-2.686307436126824655e-01
-2.704305380783473822e-01
-2.726319890326482920e-01
-2.665387402683396800e-01
-2.681425203122351775e-01
-2.680887488688661335e-01
-2.672525859386318814e-01
-2.680501920092108747e-01
-2.688417187767822014e-01
-2.708903465876577599e-01
-2.708798368991605088e-01
-2.663740613815708258e-01
-2.710068611921983006e-01
-2.679465216143519513e-01
-2.708479792216458293e-01
-2.683787383759348444e-01
-2.672167481704494918e-01
-2.697342388208543440e-01
-2.707588887852701021e-01
-2.687352423792415124e-01
-2.698526691126392762e-01
-2.681857514693604116e-01
-2.693093733829563519e-01
-2.708870370342619793e-01
-2.699087628076366485e-01
-2.683368624797264346e-01
-2.698901425875632754e-01
-2.720670953952719628e-01
-2.690695153779234516e-01
-2.720649851574794553e-01
-2.688140673680745607e-01
-2.766785192018712536e-01
-2.680247159854491912e-01
-2.704833226892695563e-01
-2.703927159239150058e-01
-2.658517155108519603e-01
-2.692313105480419466e-01
-2.730392185558692120e-01
-2.702915548209716690e-01
-2.679663264688603164e-01
-2.696800760100153127e-01
-2.718880894254933622e-01
-2.681185494274007652e-01
-2.721576647757171230e-01
-2.727417400941440917e-01
-2.683768096466110364e-01
-2.711393432498088174e-01
-2.679448140479951945e-01
-2.693772116000605621e-01
-2.716018781215900901e-01
-2.704481792073227808e-01
-2.715978256945223990e-01
-2.737487628082533320e-01
-2.695088070514124468e-01
-2.700582026890216980e-01
-2.707540653143727383e-01
-2.715450404565391551e-01
-2.699053325479052745e-01
-2.712609416517910432e-01
-2.728250447336968421e-01
-2.740689626773615828e-01
-2.701959807207678921e-01
-2.713514244588388635e-01
-2.725251531810819472e-01
-2.728843864544820974e-01
-2.700799128596500509e-01
-2.734043087098410041e-01
-2.731147515319491959e-01
-2.720681296474900535e-01
-2.698887548335378028e-01
-2.758070151936813375e-01
-2.720716684331456747e-01
-2.723744916356078960e-01
-2.717504312879377437e-01
-2.760077738938058189e-01
-2.692295261063435419e-01
-2.742319963225678947e-01
-2.698849016585924687e-01
-2.729678379466307092e-01
-2.705308019337273606e-01
-2.741170278491473766e-01
-2.730349677167396294e-01
-2.682670888939870935e-01
-2.710717483085769430e-01
-2.739770004700528006e-01
-2.722895696451779202e-01
-2.693127650303246412e-01
-2.734320071764209104e-01
-2.724538102851834509e-01
-2.740642637344965493e-01
-2.702735870161703247e-01
-2.708763429694567293e-01
-2.698634010224711943e-01
-2.699796806692198459e-01
-2.726683661899738098e-01
-2.689531134739500118e-01
-2.696916220468406067e-01
-2.725550711689859185e-01
-2.735195712442326510e-01
-2.710092724281967236e-01
-2.683898131248056984e-01
-2.716912787836740506e-01
-2.704378074151012612e-01
-2.688561576333263758e-01
-2.717022664726531644e-01
-2.693363440607576820e-01
-2.762908627550224594e-01
-2.687326082591354748e-01
-2.746463157331398008e-01
-2.679491545167813626e-01
-2.748430262680692238e-01
-2.689482201742912082e-01
-2.696877516040636635e-01
-2.729226087028209236e-01
-2.704748724119916403e-01
-2.696196573972606814e-01
-2.691505546342796151e-01
-2.705824875028284282e-01
-2.709921274869699914e-01
-2.699941565870567217e-01
-2.730240197470195085e-01
-2.650679817713630371e-01
-2.733580146736649397e-01
-2.704277326180424268e-01
-2.706785908308049216e-01
-2.724936205666033118e-01
-2.717932622018750521e-01
-2.715977646691687397e-01
-2.741867588347872697e-01
-2.719160821093726810e-01
-2.725180799998145886e-01
-2.718974719183009370e-01
-2.709157111156947906e-01
-2.770257610501474232e-01
-2.716537557459410834e-01
-2.737711082669349594e-01
-2.730345893778967081e-01
-2.727439551179138277e-01
-2.698378003074317633e-01
-2.709810168670543362e-01
-2.741672800732821713e-01
-2.725627959020187063e-01
-2.708386303641816539e-01
-2.716247837232756979e-01
-2.686278719112706881e-01
-2.741918196349999448e-01
-2.707120239672349271e-01
-2.706478677787522713e-01
-2.687222288000334913e-01
-2.716018635848911345e-01
-2.722036284611100143e-01
-2.715361859120939414e-01
-2.704098817860618453e-01
-2.662729695781145267e-01
-2.713585656968220405e-01
-2.715195470210574058e-01
-2.729515051758575339e-01
-2.734744656481034042e-01
-2.717492677716606408e-01
-2.682449544874074832e-01
-2.708372088878228112e-01
-2.707778499236681569e-01
-2.736428718033359075e-01
-2.722196388503768105e-01
-2.697242637926642317e-01
-2.728788373813486601e-01
-2.715070836250852437e-01
-2.705723164681792525e-01
-2.694729275793115164e-01
-2.711014083520950635e-01
-2.707281177777787207e-01
-2.712222251818694474e-01
-2.709221595019357665e-01
-2.718233476251228353e-01
-2.753393139056221628e-01
-2.704605550610743592e-01
-2.761673522676133530e-01
-2.697470175571758944e-01
-2.713027997753236775e-01
-2.757364371647312851e-01
-2.724406815486659639e-01
-2.717670003061485318e-01
-2.733983608150971634e-01
-2.715179171588850693e-01
-2.710836612805920254e-01
-2.725263710602341405e-01
-2.720528901381200626e-01
-2.703324814475678295e-01
-2.724393538431222339e-01
-2.722229354306975324e-01
-2.713773976022331169e-01
-2.725686853292152989e-01
-2.704684018311240834e-01
-2.736979424931114124e-01
-2.741657900138214643e-01
-2.724181156815959071e-01
-2.696300869791485866e-01
-2.734420589952577529e-01
-2.716000403904033078e-01
-2.698139478930485780e-01
-2.716795525616149121e-01
-2.704120824163567249e-01
-2.702943704565612393e-01
-2.699775096234411365e-01
-2.715558224487679695e-01
-2.716071840158669204e-01
-2.718790761841880510e-01
-2.727261974085095630e-01
-2.716620319053077992e-01
-2.708959891561484312e-01
-2.699339612886824114e-01
-2.712663936798769271e-01
-2.696168098935523005e-01
-2.730881558141931009e-01
-2.699184095416740092e-01
-2.726184318797386652e-01
-2.728657446805691222e-01
-2.706060057982107026e-01
-2.723123233132085375e-01
-2.717924436713943237e-01
-2.698778111308435257e-01
-2.714643080107634887e-01
-2.730568135539463981e-01
-2.693912587068361120e-01
-2.724843323389869454e-01
-2.703538614833469467e-01
-2.736769271679442284e-01
-2.674567513732810653e-01
-2.771195602613438780e-01
-2.703299092954196681e-01
-2.716047280704216860e-01
-2.703876451011311133e-01
-2.700670334061250344e-01
-2.713147921663860984e-01
-2.740020944417373983e-01
-2.720398205916048084e-01
-2.718395620629259213e-01
-2.680239513825348752e-01
-2.736135393839091989e-01
-2.696826037206427884e-01
-2.722879726409175305e-01
-2.708061123713427776e-01
-2.718249529608023352e-01
-2.684763472202256196e-01
-2.731754726424711066e-01
-2.722908805417389999e-01
-2.724551064095273034e-01
-2.720281522055607581e-01
-2.715958231368489351e-01
-2.731478844757724289e-01
-2.697161171028970017e-01
-2.743518835677427603e-01
-2.695366004443204844e-01
-2.717181373932149313e-01
-2.726057379452466733e-01
-2.705231767099096629e-01
-2.700324123328492476e-01
