-4.761043486667231317e-01
-8.153940136901870472e-01
-9.402030063678026295e-01
-1.123523184707973854e+00
-1.042325707162344628e+00
-1.063120121557102449e+00
-1.016163688423914691e+00
-6.471640897665972281e-01
-4.483876983988820397e-01
-4.561502331917682840e-01
-2.864941101804529544e-01
-3.439144915909612132e-01
-3.283933580496213867e-01
-3.228345837169369070e-01
-3.593713051485149246e-02
6.914014066834234251e-02
1.654997317512847677e-02
2.235037964332139138e-01
2.471370255163000129e-01
2.053818713630936876e-01
2.831523412576549270e-01
1.158876547510009486e-01
1.714271853677962754e-01
7.972448356394765123e-02
3.507257892933327570e-01
7.455092029568335388e-01
4.656887851933962374e-01
5.208201601662323377e-01
8.075416725071354884e-01
8.984911505245057883e-01
6.220662075255374290e-01
5.592841161877831757e-01
4.597409328772179005e-01
4.694228674633789122e-01
3.259592732213549282e-01
3.338800620705424382e-01
4.313713738890295191e-01
2.292397644815576119e-01
2.029350086406099263e-01
5.409485331777574846e-01
4.771913245105089962e-01
2.913621721746322280e-01
3.498748997741930045e-01
4.672489894047981429e-01
5.399664637539830503e-01
3.555858126292922305e-01
1.485517604651055978e-01
3.635709193158900288e-01
2.657764675784794473e-01
1.393795107362353070e-01
1.589739565594343040e-01
1.455030970571523918e-01
1.139159357875409034e-01
3.045460130948171029e-01
7.272270164365972622e-01
5.439328399734599806e-01
5.618081702730451932e-01
7.081352698282947777e-01
6.493509880167035453e-01
7.791267147003690940e-01
8.865801261790502430e-01
8.099272460183031264e-01
1.066918040980646465e+00
1.073105539853795642e+00
8.301406212844665289e-01
9.947482697600743551e-01
1.100217783994678067e+00
1.263231606764506187e+00
1.353912614458185448e+00
1.419280009568465006e+00
1.203683085008594666e+00
1.307315223927451697e+00
1.509176890567371476e+00
1.419969416091809489e+00
1.349166960228587619e+00
1.497213417561556570e+00
1.227127454005552787e+00
1.184169663028975306e+00
8.626536527370386453e-01
9.101222687090396724e-01
7.973457980573984694e-01
8.585378129890859356e-01
7.883082085450732190e-01
7.732573273685350301e-01
9.206465297097159439e-01
8.861698456109299293e-01
1.021651154119723515e+00
1.042153482255942176e+00
7.099354635709347328e-01
4.994031256588434831e-01
7.101008819208581846e-01
4.824309065541542152e-01
5.915285499561898641e-01
7.604090368374953890e-01
8.652455986716790504e-01
5.321230860682314434e-01
3.649186954570264874e-01
1.198017444470153431e-01
-1.929740893855868000e-01
-2.032803240899098696e-01
-4.034052851343919444e-01
-5.086416395363859699e-01
-6.732413756843355079e-01
-7.797899043024540955e-01
-6.217931401539925629e-01
-5.428623930803436748e-01
-7.436885128755224006e-01
-8.187094240792881505e-01
-8.142655334703223780e-01
-9.594748985869467894e-01
-6.443341919116650773e-01
-7.446474437784309508e-01
-1.168996982204716817e+00
-5.570963864500142471e-01
-8.061584576435577576e-01
-5.101071081530778040e-01
-4.099460792184379532e-01
-9.834357096913780294e-02
-1.642436956919047786e-01
-4.974291299373631570e-01
-5.139030873925900522e-01
-2.683700349128874674e-01
2.469968130550999341e-02
3.247389879744091989e-02
3.278032314987373019e-01
1.418161826313359131e-01
4.460248186975516727e-01
5.595681631518468757e-01
6.689962895382440822e-01
7.460324952527317421e-01
1.059790459561583909e+00
7.890552574644024153e-01
8.408340937942777593e-01
7.679001703611797458e-01
1.286298541226905012e+00
1.305891365978679053e+00
1.142598082653938585e+00
1.034952408565891879e+00
1.081016551586718721e+00
1.251568443257081054e+00
1.522653524726272245e+00
1.139543842709648036e+00
5.723483821989674425e-01
6.199532514369879843e-01
6.964646727080570088e-01
8.442183265268232706e-01
6.182648235676391213e-01
4.178758864682804997e-01
6.657131567694327678e-01
9.651419156903729979e-01
1.075794016289475463e+00
9.073677471006349471e-01
8.886077598964412516e-01
9.159091845631793793e-01
1.125146755524709885e+00
9.539590195282371399e-01
1.170408921789999113e+00
1.062713854001477776e+00
9.533446935611000761e-01
9.155353078479385731e-01
1.232080893867331772e+00
1.410776715201133680e+00
1.318383810751721619e+00
1.106001635485095669e+00
1.089737079295480804e+00
1.041446350323246728e+00
8.779050647444164301e-01
7.690028550642908911e-01
9.515554194278712519e-01
5.484890077717322621e-01
6.335058955339070152e-01
6.790776754050316111e-01
6.113896438680601619e-01
7.696425814527436682e-01
5.558340541889239539e-01
5.028952401260229355e-01
4.140465262017278270e-01
6.599711969052659555e-01
4.013299808257673740e-01
2.512253554785009446e-01
4.034892622839663656e-01
2.965794152517296500e-01
2.934123083306616753e-01
3.774372399671213074e-01
5.440159903748786885e-01
7.750620508982430934e-01
1.058899997113628366e+00
1.154256895137240058e+00
1.029326142135423616e+00
1.184681233704382830e+00
1.065112356801926952e+00
8.161413181832850583e-01
6.558720489265164044e-01
6.782888494383639832e-01
6.635867615298732813e-01
9.529527035340161767e-01
1.087126282987171955e+00
9.633072027360256584e-01
9.881573598454578278e-01
9.758676204384875152e-01
1.003629821828379010e+00
9.827201677342115582e-01
8.151361069921576608e-01
7.346676245894617763e-01
5.195182715406799767e-01
7.113839168242694910e-01
6.941881087127463879e-01
3.444137296667508785e-01
1.885464324987978224e-01
4.610533509795221030e-01
5.411587818111518455e-01
5.192243635306807992e-01
4.412384072996131668e-01
6.920657324604123639e-01
6.740394001419495185e-01
6.623968451192688844e-01
8.923023799843581294e-01
9.387349286145523219e-01
7.611315518986224715e-01
5.442566558884048833e-01
5.613337057728243762e-01
6.737611738266952033e-01
6.839515013798378451e-01
6.130817917980644349e-01
3.928623872064132549e-01
4.480993301800688666e-01
7.422515072025829275e-01
6.580218654069488471e-01
5.530329017881460141e-01
6.437872451441699617e-01
4.556655364662183794e-01
4.329553110750547495e-01
3.868599592416924748e-01
3.462692464236388212e-01
4.115232041492114523e-01
3.894298529256789432e-01
4.405343379386060798e-01
4.315635043548681771e-01
3.858342386726826279e-01
4.656971697573777935e-01
4.775688401451407827e-01
5.786119956575414003e-01
4.022752477121691594e-01
3.400648007417791940e-01
3.107628755941729826e-01
3.722018054113804819e-01
4.219107754434817115e-01
3.777257839308544307e-01
4.138056768799872054e-01
3.969501436846665787e-01
5.532756394882629714e-01
8.328031538864255623e-01
9.751841414031962030e-01
7.114599598455298990e-01
5.509295057534927542e-01
6.278186367504358101e-01
7.051398369708452574e-01
7.441874760195360539e-01
6.614072296475869139e-01
6.435701781929739074e-01
4.893678678836831941e-01
6.780041969290605541e-01
5.924308301795316867e-01
3.357712407112496966e-01
4.476908193954209358e-01
6.028828218699940900e-01
3.878665145811967530e-01
3.931449864875365963e-01
4.551531516741800232e-01
4.034835740748119459e-01
4.870206552041803083e-01
5.092672097696477884e-01
6.803904810512945156e-01
6.752087267683992700e-01
7.787200114494170489e-01
8.820763181331631175e-01
7.469158662885296840e-01
7.163190931489145097e-01
6.689026147947997325e-01
8.790963944697439691e-01
6.372201368171226399e-01
6.493196966653714819e-01
7.651249182213702982e-01
6.911063297628265989e-01
6.705962393645441555e-01
5.898210996144114260e-01
6.884907463358272972e-01
7.559604773657637722e-01
7.861782546475075684e-01
7.563773744165486201e-01
8.234232226133142429e-01
8.137304306670816167e-01
8.155985407194896730e-01
8.387961923423034039e-01
1.186766895376350828e+00
8.882821169139906159e-01
8.860382728219193815e-01
1.111343728028638678e+00
1.082974344339650896e+00
1.211381111554405088e+00
1.328483011638943223e+00
1.399343564831279751e+00
1.175098564435116621e+00
1.010126887225054615e+00
1.145859497817391492e+00
1.240359771167951486e+00
1.261446305983177307e+00
1.141418344529623985e+00
9.007617759918257194e-01
1.122281584345324656e+00
8.953570021319519068e-01
8.650041061784049523e-01
8.007442837053968532e-01
6.581565903305106602e-01
6.564285622506607076e-01
7.783363957740763173e-01
9.051478663776238998e-01
7.796602032959536466e-01
6.761438328866504754e-01
6.198623827757528959e-01
6.034701800271214944e-01
6.139631152840974160e-01
6.488387769953958273e-01
6.103706861361988256e-01
5.054785410535486134e-01
2.578845966877191254e-01
2.613174926747279248e-01
3.419277948498505304e-01
4.614226074681694878e-01
2.980588717584058411e-01
4.413308694941469046e-01
2.832564219454467014e-01
2.141113468797142538e-01
4.729437354665633753e-01
3.970487683751247610e-01
2.189315069659160395e-01
2.963169112027123631e-01
4.455369042894761211e-01
5.843651151529766219e-01
4.745681176104281085e-01
5.095088750791273435e-01
6.416019971934537880e-01
5.632372800836802362e-01
6.861154243284977028e-01
6.331874797376395581e-01
4.861246803560825835e-01
5.953467324602983446e-01
5.646442910665311343e-01
6.295345503944878018e-01
7.382205222203328532e-01
7.430606378204202001e-01
6.392395553949187237e-01
7.562302899818631463e-01
7.620568063651305124e-01
7.552060417149007998e-01
8.948640008095808396e-01
8.451331093300478159e-01
9.004381771538729762e-01
1.017921115416805744e+00
1.106060714671272427e+00
1.090397609400761469e+00
1.074210499655956275e+00
1.006720644152002464e+00
9.179357789378068677e-01
9.465620458380499258e-01
8.450395686348376456e-01
7.784099599615275089e-01
8.612641998862746728e-01
9.190008247562752031e-01
1.072671610032247091e+00
1.057796129024089815e+00
1.071592965203364001e+00
9.662176070572816577e-01
1.045054634034733532e+00
8.938426373383386858e-01
7.764831273424133151e-01
8.287662561971098629e-01
8.870893622571103254e-01
9.993340672879279518e-01
1.066184484719637560e+00
1.176737595613127851e+00
1.066766988615036826e+00
9.607616163482011196e-01
1.012946750144053887e+00
9.431625498340842073e-01
8.853605668853794519e-01
7.783620396259169905e-01
6.791611311557887998e-01
7.765086830215476299e-01
9.440124438230702575e-01
1.146860233602681411e+00
1.264226185578382067e+00
1.462187842802836313e+00
1.540928322356462710e+00
1.413706649952525707e+00
1.484258626845184059e+00
1.596879148269708670e+00
1.441079285677027810e+00
1.330126972501625593e+00
1.292816147124811854e+00
1.242952226173084984e+00
9.941322736400771687e-01
1.185853707809170210e+00
1.363295740212261409e+00
1.230878883622371855e+00
1.324571577782556187e+00
1.547575656528620947e+00
1.471106643803756109e+00
1.409773748029060636e+00
1.446866799277231053e+00
1.461135510713085228e+00
1.347935973344918548e+00
1.402521963614971723e+00
1.273147942142125233e+00
1.252086942245086432e+00
1.358440680001413936e+00
1.243956592549369411e+00
1.272466560180516071e+00
1.208536119911348683e+00
1.152915136882960212e+00
1.102298045703247853e+00
9.648580664866892587e-01
1.018814183410601260e+00
1.243725435970699289e+00
1.368162563359067052e+00
1.424135568989540523e+00
1.421038798514827173e+00
1.473816815597454699e+00
1.387138840801959372e+00
1.571304867079343248e+00
1.665610403199622391e+00
1.713750926563083254e+00
1.741726146024226818e+00
1.563536898832819988e+00
1.643423648163642836e+00
1.678232295345428504e+00
1.686470051415239757e+00
1.622316140105215077e+00
1.688805897477407392e+00
1.781698176466172345e+00
1.754399238167262398e+00
1.486773646156093198e+00
1.314624711176874960e+00
1.457819984529487689e+00
1.575773397204145443e+00
1.553375397707936090e+00
1.559619368144593787e+00
1.484123135739106480e+00
1.710628233126450404e+00
1.652885290471869606e+00
1.637573342803776644e+00
1.589090671890125872e+00
1.576276827241837930e+00
1.606755573382417701e+00
1.373639682197693723e+00
1.324929087676072870e+00
1.281448932442758482e+00
1.300771294285805402e+00
1.494693349161051232e+00
1.517942798149042316e+00
1.305407290967491418e+00
1.380374887229264047e+00
1.239792785163448485e+00
1.427203735113065752e+00
1.501580422923133984e+00
1.478962766519124727e+00
1.563140779230931976e+00
1.658505366745162357e+00
1.658360453247688104e+00
1.566662254367470419e+00
1.580560986197397266e+00
1.705523939743823991e+00
1.677625290723067986e+00
1.705002234684670270e+00
1.708048800552353752e+00
1.727714591942874245e+00
1.675625412583756413e+00
1.635089723748513135e+00
1.652490783425480281e+00
1.664979376141309864e+00
1.436408565217715427e+00
1.288746558672006604e+00
1.493087124017350220e+00
1.285117681373179943e+00
1.296652468604232666e+00
1.412922976019352461e+00
1.396453457387042629e+00
1.310956861700103726e+00
1.350238106090430712e+00
1.135084178138545008e+00
1.103060439056281261e+00
1.140781975419634442e+00
1.154684062541633693e+00
9.648638242197592474e-01
1.195726686016663542e+00
1.158719663215394435e+00
1.168137520661811202e+00
1.392556553938805841e+00
1.388118182181310667e+00
1.419953593685192139e+00
1.296480353255551110e+00
1.430546853353633407e+00
1.471579317279253285e+00
1.358175943849348810e+00
1.348035127580214709e+00
1.349880171055127809e+00
1.251784022605153091e+00
1.267642976506845320e+00
1.077647740496797013e+00
1.170065795503416828e+00
1.110385053732249272e+00
1.285964096424779823e+00
1.015172438086530349e+00
8.953329675170724755e-01
9.922881483001382286e-01
1.052335147543444149e+00
1.068070298820800845e+00
1.091224108886113431e+00
1.103155306389958623e+00
1.259202881740295377e+00
1.133245259816867634e+00
1.183059856982447533e+00
1.051399518154352286e+00
1.150603475782496554e+00
1.031534833332681256e+00
1.085670220403844199e+00
9.690975472132493662e-01
9.679382218265123461e-01
1.028565565183360953e+00
1.038673202330190115e+00
8.212937009581178227e-01
7.223601982598268911e-01
7.318324067364962993e-01
7.824809788632482999e-01
8.313105617501248545e-01
9.210545523464888085e-01
8.379214362773521607e-01
9.820921897674218526e-01
8.543265907588616370e-01
8.999093698888943615e-01
8.972595422652052122e-01
1.125357950361361103e+00
1.216279733190799739e+00
1.229048784818572493e+00
1.246197325195386174e+00
1.284599629321248937e+00
1.192252184375024449e+00
1.116572287805270847e+00
1.026180560434574396e+00
9.718125104181398743e-01
9.314211292026727262e-01
8.566440998476921864e-01
8.698846240521095341e-01
8.446583855991899314e-01
9.826835349999881730e-01
9.496803842915702010e-01
8.538310769344862328e-01
9.200630358915987683e-01
9.737228448192970509e-01
7.869192523149763918e-01
6.610728181050811170e-01
6.162664100496394459e-01
7.032877033885602813e-01
4.213563859696483060e-01
3.241642078074522537e-01
2.215001065862089169e-01
6.184025443116241555e-02
3.371825286441911679e-02
9.715249637061440513e-02
3.903546537793404353e-02
-2.109208995464611769e-01
-2.272634584864265672e-01
-2.077592995082557792e-01
-3.917850131459778007e-01
-5.824359748746944510e-01
-7.493523109048909614e-01
-6.395424918259807745e-01
-6.465461311344087303e-01
-5.724208454046804118e-01
-5.875486915820231637e-01
-6.160112728245308311e-01
-6.134926225154850865e-01
-6.634511395049585980e-01
-4.555787086454856638e-01
-3.974578306442956288e-01
-4.248576547242346457e-01
-6.067663459537137038e-01
-5.253820286074487589e-01
-3.049020109171755588e-01
-4.544221032174229347e-01
-6.039106607668391913e-01
-6.370378362433185560e-01
-6.799620927936822490e-01
-5.547193864302416566e-01
-6.111847029331113346e-01
-3.026788007597161489e-01
-2.531607071995770064e-01
-2.347898310264449340e-01
-3.354995138268976884e-01
-4.210150844532378756e-01
-3.910312368544699990e-01
-3.239384869758504260e-01
-3.223764008042848128e-01
-4.896954846775678494e-01
-4.538205041105777271e-01
-3.144331922124259382e-01
-2.070987853023495973e-01
-1.176000678995822724e-01
-1.879753724817877780e-01
-8.989817212168507710e-02
-2.398265507638990546e-01
-1.714462719237537514e-02
-5.856994290865513708e-02
-1.008677703973240476e-02
3.170234498058190076e-02
1.438052801293492056e-01
2.185366321352238683e-01
2.481444359884731887e-01
3.146599059281908750e-01
2.975654917994521864e-01
4.335371907134514813e-01
2.929437373666036182e-01
1.881279424846018788e-01
1.978467764642090343e-01
2.779198848104635355e-01
1.785565113713446506e-01
2.226904946824829756e-01
3.366247415479494687e-01
4.327059488431972412e-01
4.195418546796543802e-01
3.761074838011304600e-01
3.323175744056044989e-01
3.572500645367429062e-01
5.105906216612650095e-01
6.305586296249581224e-01
4.969658878173402461e-01
4.827201288761531206e-01
4.633252798221721425e-01
4.386082808358122143e-01
2.637909017738004347e-01
1.543347624075214197e-01
2.665311334432446944e-01
3.670554541532957682e-01
3.675770163472884544e-01
2.423574554904537603e-01
2.681009883719406295e-01
4.133070597579998617e-01
7.071316597956456285e-02
1.473748437348509910e-01
9.040231872449394634e-02
7.133295707626670368e-02
2.161503396189703441e-01
1.713107027526858672e-01
2.408052599610659428e-01
2.679282494466934117e-01
2.453922383611283065e-01
2.189644538959745479e-01
2.619780173616527152e-01
2.335276209592001551e-01
4.588497591466107750e-02
-5.331709491553377443e-03
1.989980392876813386e-01
1.288198069141689439e-01
1.814268658054804251e-01
2.644324586852855319e-01
1.814966020256482959e-01
2.384623402004041326e-01
1.540517991163268263e-01
8.907548461944905793e-02
1.017080225176447868e-02
-1.687816268193941815e-01
-2.828393193899373936e-01
-3.887808172064299850e-01
-2.550794927308745463e-01
-1.923217976690582420e-01
-2.827688135986468065e-01
-2.974140437825425476e-01
-3.487827781095279023e-01
-3.432345053257019885e-01
-1.894053518272652836e-01
-1.689469585545903263e-01
-2.021571365352647920e-01
-4.215990494115459675e-02
-6.274472335548052226e-02
-3.285077404086831909e-01
-3.427943486131160289e-01
-3.416451560344517802e-01
-2.234299727210424524e-01
-2.254047636419022060e-01
-1.281337675392942022e-01
-1.892265500646804766e-01
-8.274249368448487185e-02
-9.456219609088899192e-02
-6.319999593598092658e-02
-1.172417335261914939e-01
-4.101788229765659932e-02
-1.068157442374833427e-01
-8.758670563423368027e-02
1.658801926275641977e-02
-8.023978221239668265e-03
6.660475705394205970e-02
-1.038370444666953003e-02
4.163983602817981629e-04
7.532330432092242123e-02
1.063050843270517271e-01
4.525322366096166254e-02
-2.958621158875045926e-02
-2.055497161421577512e-01
-2.841630610241991928e-01
-3.036496218926739710e-01
-4.075390871158631745e-01
-4.732455114592999390e-01
-3.037683762852467217e-01
-2.635598841063535591e-01
-2.446224604904469191e-01
-3.479044172880250696e-01
-3.354529871499174476e-01
-4.317805085429651246e-01
-4.916515613791702655e-01
-4.596864005945593967e-01
-3.877683877753048680e-01
-4.421343778928292778e-01
-4.760606979840691366e-01
-4.195067742422189383e-01
-4.583091691921205024e-01
-4.521591976033260685e-01
-3.342565241425388134e-01
-2.438403394941265900e-01
-1.486935388522582224e-01
-9.626713635001936387e-02
-1.406410342699688509e-01
-2.229381733329369175e-01
-2.003724053543036454e-01
-4.991124615020154504e-02
3.555401259926421753e-02
1.426377641140745001e-01
1.385761475097546658e-01
6.534463150370824203e-02
-1.315974521342482169e-02
-8.176556571253094929e-03
-7.898399489296209497e-02
-7.607963429094224961e-02
-1.192553122155604606e-01
-1.606174352413074768e-01
-1.476374061232728352e-01
-1.065748677138968481e-01
-1.560537189575715578e-01
-7.039892823282707657e-02
-5.579710126572777484e-02
-8.199421022834335604e-02
-2.120896669259343670e-01
-8.155409668616252217e-02
-4.365514723040798961e-02
-7.910046130378239893e-03
-1.501881240706327662e-02
-2.525996068375206682e-02
-5.347531849215890476e-02
-4.141433634530918700e-02
-1.617214514093767430e-01
-8.000314030470753734e-02
-1.150481898680543735e-01
-6.881478943469493403e-02
-7.703002611556925006e-02
-8.124640786900969025e-02
-8.658176902475130110e-02
-5.283996186037899501e-02
3.675242662407608024e-02
-1.063734208157288271e-03
2.353283970189083002e-02
-2.529957944042105639e-02
-2.282899016055477820e-02
-4.302526149039093833e-02
-1.559078119216037450e-01
-2.227033826656646953e-01
-1.460597469973818896e-01
-1.328283399492667938e-01
-2.189680106985512076e-01
-3.412731898741412362e-01
-2.992263163232291578e-01
-2.766752474868158784e-01
-3.813437305696013579e-01
-4.150548884877733880e-01
-3.702271713346583226e-01
-4.709892848798042930e-01
-4.670600745193599912e-01
-4.157205784410471505e-01
-3.940904669615977185e-01
-3.773236607346779348e-01
-3.748075402809487033e-01
-4.247022369444468093e-01
-4.827451761397263397e-01
-5.063472404551847550e-01
-5.380112823303169201e-01
-5.368460783226479682e-01
-6.226566770349573066e-01
-6.690088056424972063e-01
-5.565320604695312978e-01
-5.897788376700623392e-01
-6.677175616589243745e-01
-8.305675664719510687e-01
-9.148518034051258407e-01
-8.314459206424570370e-01
-8.281630330280049801e-01
-8.315845323863708671e-01
-9.129991340882330775e-01
-8.990947680000253017e-01
-9.288949850627096216e-01
-8.873898676784658379e-01
-9.114948275158573088e-01
-1.041846477971952289e+00
-9.893949342669456914e-01
-9.803700663408179139e-01
-8.933284847162386022e-01
-1.110124267519066565e+00
-1.212906254121635108e+00
-1.152949946765131406e+00
-1.058626901888067406e+00
-1.099203361751277308e+00
-1.079789673909702374e+00
-1.126845717161941485e+00
-1.183230415959233284e+00
-1.216933848310746580e+00
-1.132182249487451609e+00
-1.051970097228738021e+00
-1.022109078500455182e+00
-1.077580024336310061e+00
-9.888339546021343018e-01
-9.796006480116395965e-01
-9.878828929895983046e-01
-1.052211563510021985e+00
-9.903664369740101669e-01
-9.412005299493100274e-01
-8.774919534560314816e-01
-9.125925076303040839e-01
-9.176637233184562481e-01
-8.735576287266426654e-01
-8.709463162314791118e-01
-8.864651472819361500e-01
-8.734597012357884216e-01
-9.725448488542904890e-01
-8.207268797183758791e-01
-8.057820810241184128e-01
-7.790109488546667071e-01
-8.313364760480927984e-01
-9.409048029845832328e-01
-9.511260452765202267e-01
-9.575706007808043596e-01
-9.924361760849849112e-01
-9.993593763362879079e-01
-9.240008729952305933e-01
-9.959751273654333659e-01
-1.044681656356482025e+00
-1.042178055951211491e+00
-9.487425302829556317e-01
-9.331211743285662275e-01
-9.398594704109313192e-01
-1.088804908050946540e+00
-1.091266877664713419e+00
-1.058979494345319461e+00
-1.131846142030253466e+00
-1.218522264473897110e+00
-1.286022658381249073e+00
-1.249925485962996685e+00
-1.212898279214299935e+00
-1.160400638217456315e+00
-1.130044094790096265e+00
-1.166546435032016937e+00
-9.694398845942865384e-01
-9.835503207517677371e-01
-9.607984849497491764e-01
-9.583661241131535835e-01
-1.039439899498111997e+00
-9.480007829722517654e-01
-9.649273293666910112e-01
-1.017630187892037075e+00
-1.111232089336183115e+00
-9.764045979134342579e-01
-1.038364788787938142e+00
-9.735409376486864330e-01
-9.826048312500736959e-01
-9.924849017694863385e-01
-8.439661131497706581e-01
-8.502486514935916340e-01
-9.231158103612978616e-01
-9.570730206726582034e-01
-9.756293423853983349e-01
-9.534754165387175906e-01
-8.639590280498631314e-01
-8.107683012742328277e-01
-8.023847897651609218e-01
-8.239918827390130263e-01
-7.636277379845191060e-01
-7.722718071713993160e-01
-7.915701519005319264e-01
-7.739608112802367490e-01
-7.990867193607242847e-01
-7.901957554057845723e-01
-8.234268194984603051e-01
-7.810779073149718421e-01
-8.239003325285412238e-01
-7.990517220690153133e-01
-7.036829352675645355e-01
-7.193561090732545349e-01
-7.051013344192500476e-01
-6.559388333681016592e-01
-7.217196028555312726e-01
-7.965186597566893401e-01
-8.746324278800803320e-01
-1.030231342914908366e+00
-9.942140248395983093e-01
-8.684408304305590853e-01
-9.087457832628326182e-01
-8.547314038333112540e-01
-7.731509699505689781e-01
-8.296100570593738510e-01
-7.586579176142704828e-01
-7.158487520272174276e-01
-6.295773036574888737e-01
-6.842399175865850891e-01
-5.858876778337368529e-01
-5.460748034890371416e-01
-5.649652086614295188e-01
-5.287397205927776289e-01
-6.568988933409917186e-01
-7.036563328394592753e-01
-7.995544981836019138e-01
-6.829304329983612032e-01
-6.478756173595558998e-01
-7.076251642400401831e-01
-6.569620189116448516e-01
-7.639260933682073818e-01
-8.666200627042512927e-01
-8.443561794751087701e-01
-9.226321816873210846e-01
-8.931019939670190588e-01
-8.422385125487442670e-01
-8.485767290098560345e-01
-7.782198321676992991e-01
-8.456431249660292249e-01
-7.929033167467102183e-01
-7.628488545975146140e-01
-7.982491735216387108e-01
-8.110424049152366033e-01
-7.591159646491006940e-01
-7.236344232781521946e-01
-7.081353244331355379e-01
-7.743812566000327635e-01
-6.345593487789670251e-01
-7.177516796113201369e-01
-6.912855118671468180e-01
-6.360695644455969244e-01
-7.626862268728985539e-01
-7.228782535795794661e-01
-8.051184171162921732e-01
-7.513310215344505272e-01
-7.527452176574447318e-01
-7.207422149304120174e-01
-7.803191683063442907e-01
-8.205215041765582251e-01
-9.092974516800196305e-01
-9.602150778430270650e-01
-1.052331732057570690e+00
-1.070874309423204274e+00
-1.089373637430610220e+00
-1.085767165156642733e+00
-1.040703233283795548e+00
-1.142744992863395925e+00
-1.116387333949977023e+00
-1.013328417747705767e+00
-9.407350311524562692e-01
-9.488587613431510581e-01
-8.390172280002130556e-01
-7.943259822795087910e-01
-7.570053214949786780e-01
-8.597057336024556129e-01
-8.830033245796007346e-01
-9.163481110176125988e-01
-1.011416336227486834e+00
-1.015025329191786563e+00
-1.105986181664678325e+00
-9.681645164548626781e-01
-9.917977096649815971e-01
-1.041751811951389328e+00
-1.096754360916244231e+00
-1.097480979560264913e+00
-1.197037020411068520e+00
-1.220553666612945953e+00
-1.141590950891186784e+00
-1.140111921463552669e+00
-1.260366501437475639e+00
-1.362559353746960689e+00
-1.356261973896504269e+00
-1.254753326175301886e+00
-1.214333431096082272e+00
-1.341683408002283029e+00
-1.283415630100411597e+00
-1.275464740232941541e+00
-1.283532100596235459e+00
-1.340261357747926318e+00
-1.221296289556276449e+00
-1.266897358862499878e+00
-1.305861967446846128e+00
-1.297298917475165236e+00
-1.322815790192418905e+00
-1.221798386308881046e+00
-1.115605316157193938e+00
-1.267998671232169583e+00
-1.220911969722506818e+00
-1.228859398105911271e+00
-1.251394246786984521e+00
-1.296235753160807302e+00
-1.212964943836168485e+00
-1.271464971499852936e+00
-1.258744564381799602e+00
-1.275060413355412869e+00
-1.285769742674364169e+00
-1.280009733409065653e+00
-1.300254921434155220e+00
-1.310383388204058530e+00
-1.311445097891433598e+00
-1.290887901112672598e+00
-1.254322431884062006e+00
-1.324236362678909540e+00
-1.264325311782428685e+00
-1.314390305501865974e+00
-1.426951297971652544e+00
-1.334904747032359618e+00
-1.238994623785734328e+00
-1.165637753134146415e+00
-1.142285373779666324e+00
-1.127513463880675415e+00
-1.143712155745169268e+00
-1.145929911256859279e+00
-1.160045228561209729e+00
-1.145068237704750747e+00
-1.131088921829071392e+00
-1.192541570059082012e+00
-1.156101184656871173e+00
-1.270491479975407456e+00
-1.186900856541531546e+00
-1.212714282169939706e+00
-1.158528063315205525e+00
-1.175829938240517958e+00
-1.084878619812079448e+00
-1.057723105743024528e+00
-1.040755889607749562e+00
-1.047089829567677821e+00
-1.029131922232283225e+00
-1.084120355550942882e+00
-1.028958467872177485e+00
-1.004693060255539949e+00
-9.281547712234173853e-01
-9.184918371274721771e-01
-9.322500081053056720e-01
-9.353761362618244757e-01
-9.406446575325796422e-01
-9.473920075497177518e-01
-9.799714880454245547e-01
-9.177414575530219443e-01
-9.180103869788673876e-01
-9.582662344239485375e-01
-9.451243319781212904e-01
-9.412531260955260271e-01
-9.158989548408962289e-01
-1.024167023966144674e+00
-1.070610610302205279e+00
-9.828518561144505838e-01
-8.936681026349402313e-01
-9.344160421203839828e-01
-9.482197720037974786e-01
-9.035675940119148875e-01
-1.041292098963494617e+00
-9.898203463258651302e-01
-8.880260722568138476e-01
-8.162560282265363121e-01
-7.681056226163476275e-01
-7.110256004498984872e-01
-6.846830988522297767e-01
-6.457826292997180806e-01
-6.971320717783010545e-01
-6.334061202534859714e-01
-6.736855182257204255e-01
-7.972387436932749649e-01
-8.456955594494248718e-01
-9.129944978801209921e-01
-8.448354052863317198e-01
-7.925038017275520819e-01
-7.041226608805174481e-01
-6.701188476344425160e-01
-6.617891450518562646e-01
-5.601544479584670277e-01
-4.815962764737180546e-01
-5.016640878268623371e-01
-5.041391940094135382e-01
-4.488735748640412804e-01
-4.127170390711782932e-01
-4.473328595004538166e-01
-4.751959788400410556e-01
-4.309956136585972875e-01
-4.301613380899358408e-01
-3.588429299565932262e-01
-4.817584907034207498e-01
-5.097773082072539763e-01
-4.813175540050657064e-01
-4.482257388029924905e-01
-4.544518614776349441e-01
-4.901422339670133965e-01
-5.196291236770115285e-01
-5.543948036784622779e-01
-4.924443915162541874e-01
-5.082986893875951484e-01
-5.155225300407373368e-01
-5.692122752620317749e-01
-5.554934638788014967e-01
-5.641613077959202194e-01
-5.309649782093709414e-01
-4.509160268752316347e-01
-4.113306109075980932e-01
-4.069032163071389929e-01
-4.930454906168617035e-01
-4.793009614722273382e-01
-5.468235112600264847e-01
-5.115357631307254627e-01
-4.604321412486882537e-01
-4.415429965127454781e-01
-4.868205749415182026e-01
-5.011859403464185014e-01
-4.843519095699988508e-01
-4.573368265349235795e-01
-3.767870434787298217e-01
-4.459220797866352282e-01
-3.732106246673507766e-01
-3.698799772127775443e-01
-3.934830057285787497e-01
-3.902418748322498132e-01
-3.831103126577552476e-01
-3.440500089241654291e-01
-3.043254878503013905e-01
-3.259184189935827591e-01
-3.818647622346971193e-01
-3.863325051902994911e-01
-3.920521171017247730e-01
-4.448238429526869542e-01
-4.441092592454687349e-01
-4.488248666637596473e-01
-4.686609696053797292e-01
-4.617113934318668456e-01
-4.914871953325865572e-01
-4.674068036115791025e-01
-4.288668135178726470e-01
-4.498583430698234742e-01
-4.577448342918222224e-01
-4.633582065644692993e-01
-4.336530513473297876e-01
-4.155738641822858126e-01
-3.545315776780803008e-01
-3.227319752272975184e-01
-2.915442649522205221e-01
-3.283219292764271158e-01
-3.784438941196475725e-01
-5.110861932906857197e-01
-5.341716651375187919e-01
-5.281833869052303676e-01
-5.358619634997227044e-01
-5.511141051383909861e-01
-5.836108747019770338e-01
-6.529983743962392007e-01
-6.205055411144163591e-01
-6.367078555270930806e-01
-6.577549293187647805e-01
-6.292437043583769540e-01
-6.777737606520080060e-01
-6.424945115071897250e-01
-5.665074209188354359e-01
-5.920048135992970195e-01
-5.500806646916869269e-01
-5.047493345392393138e-01
-5.486464131600514715e-01
-4.863341477656414891e-01
-3.811242629328374654e-01
-4.871020270354491921e-01
-5.719392726199130639e-01
-6.759550428830751745e-01
-6.925354928266798105e-01
-6.705064023741810209e-01
-5.872820629285173677e-01
-5.523145442714939568e-01
-5.661433795274852798e-01
-5.302720362321767800e-01
-4.399397721035425701e-01
-4.670185237027930092e-01
-4.764326071334900048e-01
-4.803874022345250294e-01
-4.731880439130049520e-01
-4.625780680596953687e-01
-4.626949594113735076e-01
-5.186065364457612681e-01
-5.343703082266882953e-01
-5.896112606621249919e-01
-6.527673562996521017e-01
-5.805718595193463116e-01
-5.394989147516321415e-01
-4.157545583240989662e-01
-4.390984482076983886e-01
-2.770485190572282708e-01
-2.356783561799500326e-01
-2.804561591137734733e-01
-3.278536975711948687e-01
-3.265966821512143459e-01
-3.481479008177090217e-01
-3.724170420202273513e-01
-3.732639985020868023e-01
-3.229478099999844587e-01
-3.970908633254819353e-01
-3.016175516020261904e-01
-2.157137045886637627e-01
-2.226437356765874898e-01
-3.066507925764802023e-01
-1.529611327186259639e-01
-2.187496098523918908e-01
-2.343587151269855839e-01
-1.997823907560102030e-01
-1.784613808048880479e-01
-2.557907319178391869e-01
-3.558237892959442150e-01
-3.179753276803464201e-01
-3.372071272985414647e-01
-2.562674217513218333e-01
-2.380912766868609198e-01
-2.630027561170210082e-01
-2.980809286326289165e-01
-2.194905308892712847e-01
-2.217008518776517612e-01
-2.068378307598006671e-01
-7.932717719664300615e-02
-1.771571133919206953e-01
-1.408662219252910242e-01
4.835632530318402511e-02
9.197651722162406007e-02
5.446632743914169017e-02
5.891856028719377747e-02
9.575533973028949042e-02
1.050771820140074531e-01
1.205701608645554507e-01
1.221193465182042193e-01
9.695119099217516800e-02
1.045606045277721469e-01
1.702034901601424677e-01
8.395814265108805796e-02
1.195557376490109652e-01
6.611908384347869871e-02
2.203723938339037514e-02
1.471584958929318399e-01
1.059710751886158292e-01
6.611967051690871566e-02
5.199654818975936454e-02
-3.133855614569690251e-02
-5.561739192842801022e-02
-1.624401623703780259e-02
-1.444034588867798216e-02
6.113812363852752507e-02
5.914722370485585995e-02
1.134796541477312293e-01
8.120237839477587038e-02
1.360270053373285049e-01
1.825222927358398362e-01
2.554039140756018678e-01
2.909132369089818537e-01
2.372005361975834115e-01
1.864976731562509871e-01
2.001302642772771478e-01
1.321375911206506271e-01
1.089963031025457524e-01
1.919471069271850086e-02
-3.581954489508213518e-02
-2.916121164414052155e-02
2.944302058492852259e-02
-1.091297952428227531e-02
-6.688050671386294721e-02
2.606829241608480882e-02
1.598125749051257025e-02
7.205304518568486638e-02
1.108883423293532677e-01
5.346848208078962966e-02
5.859716443529090074e-02
8.241151662374170128e-02
8.967591660238471984e-02
4.925539052945614865e-02
1.155920425053985484e-01
3.082708636004952152e-01
2.041214195859203107e-01
1.519029976223811862e-01
6.845700165795672032e-02
1.099095662029557913e-01
2.284251610358294660e-01
2.936706467450665436e-01
3.307545233101767956e-01
3.355471615485730030e-01
3.798236693873124348e-01
3.747344889743444152e-01
3.436500259674526991e-01
3.192291111131383419e-01
2.945910497877453071e-01
3.621503981170040021e-01
3.869828127451813704e-01
4.561674019436018357e-01
5.700821630971145693e-01
6.133003723948304842e-01
5.964640360943057606e-01
5.976427018514230971e-01
5.818365057397560935e-01
5.425835071511553309e-01
6.251325146990667214e-01
6.440837715216836123e-01
6.669637635612840620e-01
6.823724497603197436e-01
7.371118815226714860e-01
7.082741493424358215e-01
7.015697965610949716e-01
6.978240311848035171e-01
7.297852115906570125e-01
8.109217206699743663e-01
7.892559191507821925e-01
8.642698599839726548e-01
8.962875991929922792e-01
9.148311102768180714e-01
9.850003429305229652e-01
1.059897335252162565e+00
1.042601894425607023e+00
9.796537775464412290e-01
9.042294929254468538e-01
8.921858172837988654e-01
9.288735840296848956e-01
1.026572897274303786e+00
1.070076936262296385e+00
1.034744689800976891e+00
1.053535693721425526e+00
1.052449961143607560e+00
1.085022807406718526e+00
1.076192611327264625e+00
1.142741265280300400e+00
1.049698704302294061e+00
9.534356143469033817e-01
9.391377620433770668e-01
9.783848315303562693e-01
1.005806350576617270e+00
1.021528586161148944e+00
9.742255313529449845e-01
9.430421785441708282e-01
9.652625168256299126e-01
9.437788769540268463e-01
9.180569354716473507e-01
8.857981972060220421e-01
9.971695173209648155e-01
8.654017342254700651e-01
1.024351574366149986e+00
1.049077458270711638e+00
1.091974045453226960e+00
1.112031241738304255e+00
1.097304594506505193e+00
1.082765760571522407e+00
1.094165332716036776e+00
1.102876641683166126e+00
1.146912604719040996e+00
1.169679115702420669e+00
1.085627992667117070e+00
1.099601582025916180e+00
1.181590945467761333e+00
1.181382504675434264e+00
1.172283788445169783e+00
1.169708208613430056e+00
1.184132858506027342e+00
1.170150457820430923e+00
1.211899303997208577e+00
1.175884406618436628e+00
1.152540053713018153e+00
1.118239997031890587e+00
1.056452124474751564e+00
1.073020269334636900e+00
9.792947261342356269e-01
1.024467303974452737e+00
1.017806029869318118e+00
1.004068651499870235e+00
1.018967878934878613e+00
1.016822295796488307e+00
1.033601572203533214e+00
1.028103837490139671e+00
1.052095675214202997e+00
1.037140144887298554e+00
1.096925366876849495e+00
1.179176341748840562e+00
1.228222309954755342e+00
1.200600561431167224e+00
1.196781120854470082e+00
1.112705523583949363e+00
1.134927627179105114e+00
1.133224175329051508e+00
1.149738811279078288e+00
1.095328226835107444e+00
1.147071487538561252e+00
1.066913709153213707e+00
1.075256197436817107e+00
1.057984879109651777e+00
1.006326514458719457e+00
1.037670063693660882e+00
1.125265518339774395e+00
1.090733542127711786e+00
1.043344632822447160e+00
9.878591574468009728e-01
9.153472542435859838e-01
9.898863568343645447e-01
1.014892912347508336e+00
1.122328620679626576e+00
1.051430387550600809e+00
1.082193832355202279e+00
1.029435067933156089e+00
1.096445482841655661e+00
1.104106326574499919e+00
1.054199208591489745e+00
1.022894252702973850e+00
9.279229867084715089e-01
1.021079128330280916e+00
8.629440664948395678e-01
8.681297821987414842e-01
8.813540562868427131e-01
9.199519475806278157e-01
9.336889854877323813e-01
8.113320882444132742e-01
8.865729904465293743e-01
9.432245503843996737e-01
9.096974276844740359e-01
9.429097143318583285e-01
9.833610248412474331e-01
9.202781412939849970e-01
9.189450951241074916e-01
9.258613154656869515e-01
9.770241440984235304e-01
9.197954922303518410e-01
9.110080457531873899e-01
7.504800210595470311e-01
8.188374288784756594e-01
7.772094987997566484e-01
6.811082028491739493e-01
6.634449812269199720e-01
7.194346272508388429e-01
6.631681984920825279e-01
7.799135348210568530e-01
7.599891501961240081e-01
6.383015491931769425e-01
7.003000146533183701e-01
7.243066624240354079e-01
7.319565440630656505e-01
6.963222906309991522e-01
5.843039532343003994e-01
6.883419500492823362e-01
6.561544407326910244e-01
7.978189293426686257e-01
8.672068187623470648e-01
8.364033675638018472e-01
8.343245144861586304e-01
9.215452274291442425e-01
9.459476890837446028e-01
9.105975230423010158e-01
9.117804014935408929e-01
8.702653960178751147e-01
8.947445999412992901e-01
8.685197685246601740e-01
8.784788946260625453e-01
8.328369395933824526e-01
8.667222507654038788e-01
7.866564209091111426e-01
8.621076316537151785e-01
8.260735234542831984e-01
7.661442705952732357e-01
7.995722391378989879e-01
8.035214694485881548e-01
7.852400136352940541e-01
6.813057626926819488e-01
7.785972291719507332e-01
7.296690745691305491e-01
8.194193756964919251e-01
7.032338732157479289e-01
7.055700967788623990e-01
7.795231675130749327e-01
8.482106400201039342e-01
8.240036703710788002e-01
7.058016104877994357e-01
7.476708458767691301e-01
7.297873268037337047e-01
7.673268747757668873e-01
7.193970251136422300e-01
7.186019517362676190e-01
7.207403863238514008e-01
7.705823167920875516e-01
7.859230623848477704e-01
7.778981470546404431e-01
8.606815460056775891e-01
8.442266414861918644e-01
8.649240308707980551e-01
8.334983988180879599e-01
8.933583958286439586e-01
9.070993945756617993e-01
8.450456495218803266e-01
7.983604545812253983e-01
8.634991996634118205e-01
8.686593217914414522e-01
9.579154849990061393e-01
9.834195141055026568e-01
1.078275018354429404e+00
1.128776452366823557e+00
1.083211961921391797e+00
1.157185343119959686e+00
1.118102050612900022e+00
1.088931716961940799e+00
1.196569399217934260e+00
1.031775842363207962e+00
1.019978921001304162e+00
9.790841185854978201e-01
1.042469880464135024e+00
1.035574923637246458e+00
1.027033174032134122e+00
1.049412360980700232e+00
9.692105951669913733e-01
9.626173431418401094e-01
1.034260891050287068e+00
9.452253667379895141e-01
9.449923767788467321e-01
9.486287108395150547e-01
9.016483583592358464e-01
8.935172554017548618e-01
8.986868086545618528e-01
8.890687302551465443e-01
8.942657530310786917e-01
9.365572619058192272e-01
8.524644587856231581e-01
7.814925519935547182e-01
7.889990078350476166e-01
8.594569888972873883e-01
7.215556832156330147e-01
7.861161735285963070e-01
7.416949151771391469e-01
7.148791115712920252e-01
6.585344193702441506e-01
5.651449967863905188e-01
5.890276207914558748e-01
6.359033538057308199e-01
6.758879057489165509e-01
6.557784474437018396e-01
6.361667006610104425e-01
6.308679693375927044e-01
6.826383294224318554e-01
6.737540860139444865e-01
6.781096038133873627e-01
6.142155605517048977e-01
5.509807000538162747e-01
5.334484840188484789e-01
5.914758192983951002e-01
5.643300690189509972e-01
5.630538917033436341e-01
5.742545693468039669e-01
5.460827865951687343e-01
5.359534913137434797e-01
5.262323378469814239e-01
5.738695408160600087e-01
5.885058750125783389e-01
6.345468731864076783e-01
7.017061363496986948e-01
6.686694230191505550e-01
6.052976732482603373e-01
7.647087516386896766e-01
7.540929043019656275e-01
7.588363665027506588e-01
8.893788149914444441e-01
8.744686983612578457e-01
9.641858955510866913e-01
1.046943696438684013e+00
1.143141201877321489e+00
1.111354546256561937e+00
1.178220496719699861e+00
1.213816415103074808e+00
1.242447244927837424e+00
1.291207610242578463e+00
1.226112464611740061e+00
1.201319350977867018e+00
1.237751148631308640e+00
1.238282032777608954e+00
1.210019475908960862e+00
1.292221324419350559e+00
1.247443669009676182e+00
1.340799451175580526e+00
1.319956900825045132e+00
1.399680723971880703e+00
1.500692578992506743e+00
1.526378352542863581e+00
1.541788218423451040e+00
1.523010881773694258e+00
1.354271560748808279e+00
1.388512086651538358e+00
1.484811070647955145e+00
1.463090252782348610e+00
1.441028219679381550e+00
1.396162467098261750e+00
1.374957338911427795e+00
1.382320013891140231e+00
1.425042899035444011e+00
1.461860188754248613e+00
1.502374393573624234e+00
1.584935818070511093e+00
1.619426827552001846e+00
1.582363015781042437e+00
1.610089181620170562e+00
1.608527132405264126e+00
1.601154792532399229e+00
1.534848214204708405e+00
1.498283725774776531e+00
1.355881647960919034e+00
1.402490544975912634e+00
1.480537478568135112e+00
1.435818473357218794e+00
1.379414631466409968e+00
1.344832119268086101e+00
1.395145482991744235e+00
1.433370242959873586e+00
1.573434654901352703e+00
1.582698829570896804e+00
1.676878963483330764e+00
1.644946143327840282e+00
1.646538661358071032e+00
1.661551153314988927e+00
1.589415049357394416e+00
1.606805565977477368e+00
1.427327983714369974e+00
1.486529484306062576e+00
1.435357028450568784e+00
1.448742289189998145e+00
1.468646945313080598e+00
1.559307805809933445e+00
1.500680137407207848e+00
1.455414559002514485e+00
1.457479296852250750e+00
1.555039205042935357e+00
1.602175627809855563e+00
1.624808853407713194e+00
1.617103279483716793e+00
1.536643573307104438e+00
1.594235774701846964e+00
1.630001609099700932e+00
1.573530677511145726e+00
1.480598141937127021e+00
1.575221061426657299e+00
1.532529173765961428e+00
1.478768724886693198e+00
1.468593253152955080e+00
1.429666858569089039e+00
1.535769177737217994e+00
1.446791175531778162e+00
1.524590600182476274e+00
1.436285137217620633e+00
1.438626296387086390e+00
1.430633882368443910e+00
1.494539321053252268e+00
1.568349631805956657e+00
1.591629102526191719e+00
1.602242904198107887e+00
1.604078473271448146e+00
1.569473771607834633e+00
1.584845294418959272e+00
1.544235197821853145e+00
1.593625503174583624e+00
1.555276658764371822e+00
1.556963218588803377e+00
1.554130741516646985e+00
1.509830234453777953e+00
1.455210022529251468e+00
1.505672560152319539e+00
1.554287008717494256e+00
1.558950493060758502e+00
1.534274016579968647e+00
1.548562075551649819e+00
1.481490265169333354e+00
1.446118755983603954e+00
1.568432026148824487e+00
1.567833565898285153e+00
1.436279176477234687e+00
1.480672859902713467e+00
1.451480548596222331e+00
1.431496740729828909e+00
1.444405580209588758e+00
1.520698919402563964e+00
1.482120399176985348e+00
1.430574285008252344e+00
1.554128368024533247e+00
1.583690842758347816e+00
1.613818642126384484e+00
1.615326941923753923e+00
1.637941214548953583e+00
1.513067093981616429e+00
1.583393900314866265e+00
1.570218102479477684e+00
1.616676358899698407e+00
1.730010695044331692e+00
1.594625889942735908e+00
1.597862032064873983e+00
1.560732524815357625e+00
1.634146378430558100e+00
1.566031284232039855e+00
1.518327408959443181e+00
1.645896915559171170e+00
1.683447431084093004e+00
1.621844785190389659e+00
1.695409683975714454e+00
1.666901655108301572e+00
1.696566539749147617e+00
1.705084365412408154e+00
1.618376308168214539e+00
1.668119952901832237e+00
1.560331710898139157e+00
1.549818399667872493e+00
1.618554318745993426e+00
1.553326883379256618e+00
1.512110576638106663e+00
1.529690877609751309e+00
1.556379209742764225e+00
1.529926274010444454e+00
1.527381172504309825e+00
1.447885443346790479e+00
1.528296285933642640e+00
1.463983829285967708e+00
1.516785427484584448e+00
1.532441307830666455e+00
1.528606684921144598e+00
1.568141422796481166e+00
1.534560135823870519e+00
1.603279452724269749e+00
1.596958149885657985e+00
1.572305402399793328e+00
1.530734176514048972e+00
1.485941896614656921e+00
1.516160403265331524e+00
1.550776804344843329e+00
1.511506937716128096e+00
1.527941888860360642e+00
1.573921143190678329e+00
1.705155181450245694e+00
1.659565121678248101e+00
1.600043388801824396e+00
1.674643652050471943e+00
1.744030860864402621e+00
1.735226055353816577e+00
1.704059544040057661e+00
1.603743233031527105e+00
1.682418757712190294e+00
1.635472170274851145e+00
1.681509319160555682e+00
1.624320019671812387e+00
1.691231796954963063e+00
1.656162250185141183e+00
1.650657373688172225e+00
1.603569128899941187e+00
1.582466009508598503e+00
1.556927247495459188e+00
1.527671451030268024e+00
1.576404873160633269e+00
1.587454201305249946e+00
1.644095577447917567e+00
1.611386050109323342e+00
1.572019373955344301e+00
1.656806687196602956e+00
1.621217438067610761e+00
1.666772780694919742e+00
1.638849435864933035e+00
1.691015591773221027e+00
1.719159224383573381e+00
1.695496450705410885e+00
1.729179123424569031e+00
1.741665479309340903e+00
1.733927430632643318e+00
1.676246773246240940e+00
1.654149155787577374e+00
1.660561355338742384e+00
1.615494438097429875e+00
1.657109910212131609e+00
1.591125898812354444e+00
1.555551385967409050e+00
1.575877742385835667e+00
1.503479094075247158e+00
1.531672695035921183e+00
1.498847434057110739e+00
1.486059978969621831e+00
1.491934611003240319e+00
1.555889002326726445e+00
1.558276320946256677e+00
1.573330629181133311e+00
1.572087424898030994e+00
1.466158551126006016e+00
1.412864520517129074e+00
1.409158319994638031e+00
1.390313642374469971e+00
1.410102380599708605e+00
1.427606973760848330e+00
1.482026596318434475e+00
1.398108153798585329e+00
1.337207718405292622e+00
1.359607931185339513e+00
1.321879109899186222e+00
1.351503308404575332e+00
1.383358030036277997e+00
1.297662618901916254e+00
1.253314278261969728e+00
1.231459535699873875e+00
1.183029372448226146e+00
1.273768356325453377e+00
1.276417212975611060e+00
1.238243833967207497e+00
1.180212599400269902e+00
1.156130314144756532e+00
1.086166881107677229e+00
1.106252969853967150e+00
1.072909682970037970e+00
1.024573175062779562e+00
9.376909787655063333e-01
1.001822692759429145e+00
9.734675190725149418e-01
1.033858866747523031e+00
1.019134586051847702e+00
9.525530534067594424e-01
1.015703356923209011e+00
1.072484597496589309e+00
1.004440906332852101e+00
9.915916941512410432e-01
8.892756477957743932e-01
9.713742368643956127e-01
1.025545279085027239e+00
1.109295076816541714e+00
1.077516338656163697e+00
1.006142951519300111e+00
9.944348027299092507e-01
1.070144231895252762e+00
1.034564310893251626e+00
1.059590243700950563e+00
1.014251783359098935e+00
9.847503363023256684e-01
9.941018494513250703e-01
1.026853963982971241e+00
9.994890126547234521e-01
1.046547868095027090e+00
1.029924319473476846e+00
1.020647555162045750e+00
1.105289313991876243e+00
1.072734636278573905e+00
1.034466645693368214e+00
9.380615525483642081e-01
1.024755139605052712e+00
9.256909897210682248e-01
1.012105188874421691e+00
9.298478435200500103e-01
9.965803398024861703e-01
9.806157966546729110e-01
1.037199750053846126e+00
1.036716934599725803e+00
9.424689035745709154e-01
9.493627871672691843e-01
9.357963708354333221e-01
9.616573050445301751e-01
9.459533743871659794e-01
9.494597679284354497e-01
9.913628383075443473e-01
9.527985970329760912e-01
1.038964053891051620e+00
1.023398412455281736e+00
1.036403339133798118e+00
1.097312069339615892e+00
1.086626528841197370e+00
1.078966946078614209e+00
1.077999077104925707e+00
1.026790105654119323e+00
1.017429435953826955e+00
1.005026860877502815e+00
1.096121179599134798e+00
1.118315212401556957e+00
1.177017554946498290e+00
1.179252280461823288e+00
1.236923053937024619e+00
1.269471627875708331e+00
1.237715585657062967e+00
1.275343446981274109e+00
1.239271549726168153e+00
1.270315446646717250e+00
1.363538047495464145e+00
1.442564139347648711e+00
1.392836683610063186e+00
1.501905366417868981e+00
1.463958859295531489e+00
1.417162092444187671e+00
1.374836933450963583e+00
1.397043781689122577e+00
1.420499566222986232e+00
1.396106103412202204e+00
1.382548064118055642e+00
1.354640441951425078e+00
1.375759908279187593e+00
1.354847932708295843e+00
1.333864529363638418e+00
1.351684496734569363e+00
1.388956976292883505e+00
1.379107128169820173e+00
1.352751689533750357e+00
1.392421977623952367e+00
1.453263656893808653e+00
1.412758078217252633e+00
1.366710063134385145e+00
1.403081270811628922e+00
1.353555363787116939e+00
1.349702479014012191e+00
1.340689109647901445e+00
1.413432148094989405e+00
1.452293464488741970e+00
1.444003565288729973e+00
1.470284803692828657e+00
1.446495845414852432e+00
1.490646904679967300e+00
1.461405741624385524e+00
1.448266227184037858e+00
1.426555999341891035e+00
1.455145785682398829e+00
1.491597677600145166e+00
1.453023688888528397e+00
1.422739236901562343e+00
1.372829812932960580e+00
1.326267381538328571e+00
1.350798573680536352e+00
1.393424043175146343e+00
1.468202800125969709e+00
1.449003723932336563e+00
1.454754145517314079e+00
1.405682492646870285e+00
1.345045234515775290e+00
1.420064937827761664e+00
1.431834096703899606e+00
1.431775285850664714e+00
1.351019817751212937e+00
1.376419505556003786e+00
1.438013393204500945e+00
1.502219670487906278e+00
1.488807330586471744e+00
1.463296824645891725e+00
1.456533629127198859e+00
1.407800392879736684e+00
1.350320016904959619e+00
1.348352136551078218e+00
1.392249841230209340e+00
1.437675605926637790e+00
1.417257282380046668e+00
1.455512755558799665e+00
1.514475638969416282e+00
1.432223690952707074e+00
1.419563752553028468e+00
1.406804942616297849e+00
1.380134381284044753e+00
1.456919686466424890e+00
1.326125508025123745e+00
1.294172340886778683e+00
1.238703464665765086e+00
1.370178378541997422e+00
1.291361913312867538e+00
1.351576387570902149e+00
1.219856668434819769e+00
1.337477255206868998e+00
1.361656554470072278e+00
1.265799533152747181e+00
1.355732982611324022e+00
1.341123930374151341e+00
1.328298487062162136e+00
1.327106651731884801e+00
1.271513938495145490e+00
1.295196370933331398e+00
1.301725425519968837e+00
1.279104863673849790e+00
1.240932641677425341e+00
1.271441317036277052e+00
1.277964368138351459e+00
1.252551533477595846e+00
1.277484984851186667e+00
1.248369678872123689e+00
1.242181694728981212e+00
1.288218695140881387e+00
1.278174467387762636e+00
1.282498611199588634e+00
1.399203491818671985e+00
1.391741079973995765e+00
1.386032913814681855e+00
1.331344444468533617e+00
1.293708110906428566e+00
1.264141198728693238e+00
1.206598794287742304e+00
1.191658799358628951e+00
1.192172190425835110e+00
1.138176130914734463e+00
1.133550685395223745e+00
1.179887599866970227e+00
1.117791454744655910e+00
1.176752550271625619e+00
1.277882966106935747e+00
1.288879023927165468e+00
1.195148195905086697e+00
1.109830642133041723e+00
1.172409199037405481e+00
1.074626348572640833e+00
1.087829584256081006e+00
1.131720554154911129e+00
1.130017669492222820e+00
1.103845083457992926e+00
1.158176620279980806e+00
1.068553274294743893e+00
9.805482968268085520e-01
1.068903244390271956e+00
1.126202492005188294e+00
1.099450352559333544e+00
1.155423023294414486e+00
1.120603762193573161e+00
1.046527129501084952e+00
1.070568070511717318e+00
1.113366893690652226e+00
1.135981491532223941e+00
1.127821751066614198e+00
1.174889290503972061e+00
1.047354551004501921e+00
1.074303406440390685e+00
1.152380207852008676e+00
1.104286512284647692e+00
1.115219194151007009e+00
1.167387711244991744e+00
1.137125494522289060e+00
1.194356439276186954e+00
1.153581858227238133e+00
1.105947773015435454e+00
1.184037027918332763e+00
1.181910892932561241e+00
1.151438187008622105e+00
1.127738332980889213e+00
1.080080762371025793e+00
1.044040659478832955e+00
1.035773032711387875e+00
1.041571022709044447e+00
1.070882627251467767e+00
1.101991454036954643e+00
1.081433844176218351e+00
1.058287399897922976e+00
1.129018694439315240e+00
1.093355047874298158e+00
1.142828343245676725e+00
1.047952261735456414e+00
1.064388409001034042e+00
9.955069591736263046e-01
1.023410378743304872e+00
1.056515405237172134e+00
1.042687099886310031e+00
1.029493031766713251e+00
1.037322142777245215e+00
1.041027303215863897e+00
1.014063662934282073e+00
1.004946584730441295e+00
1.010057942772747630e+00
9.517479204287064842e-01
1.004404147066753517e+00
9.741323907215918565e-01
9.948099909013075060e-01
1.010071617625539320e+00
9.837790260966146061e-01
1.011585234338848061e+00
1.068781210946452731e+00
1.102286675306847874e+00
1.220609398752777075e+00
1.140204795748892774e+00
1.164581342337394743e+00
1.188602184780856552e+00
1.223383572406681274e+00
1.244229528163775633e+00
1.201994631780030076e+00
1.299903778321460646e+00
1.422318246823645715e+00
1.393811255432970464e+00
1.382894320187969761e+00
1.461566750878732890e+00
1.324048810639252283e+00
1.394477556949593300e+00
1.426823692329914239e+00
1.388325653926686831e+00
1.337526969546003919e+00
1.315870617040912016e+00
1.321183655308965310e+00
1.348317262814575201e+00
1.370304142543100845e+00
1.347975630601362829e+00
1.321596788153472923e+00
1.296279369661948344e+00
1.260206736867572674e+00
1.201338399200142071e+00
1.186781330635195530e+00
1.263086768621950462e+00
1.237812467016359941e+00
1.333172031251903311e+00
1.285414303801604596e+00
1.311240108294117190e+00
1.266332883962194122e+00
1.371703826878361232e+00
1.290970732598993642e+00
1.300033166918505678e+00
1.200310501729268786e+00
1.273745917521656112e+00
1.292064719901207415e+00
1.202936898704297874e+00
1.176778197944074122e+00
1.216858346044958239e+00
1.242249359335420689e+00
1.215481456917333114e+00
1.333529139270655861e+00
1.259507874442709729e+00
1.234401039852037085e+00
1.239106520879845741e+00
1.219420870663955991e+00
1.247202951454915887e+00
1.306649817113047174e+00
1.264512035289027114e+00
1.311798914773188329e+00
1.277446102520743088e+00
1.253276367996851937e+00
1.291678847396539265e+00
1.309195904031486890e+00
1.332784224265921802e+00
1.317795535366819593e+00
1.381308963330703854e+00
1.346653020402788004e+00
1.342690610204842150e+00
1.463821186255165552e+00
1.490672213710021676e+00
1.510309117664251799e+00
1.487867220871807117e+00
1.517763085350153585e+00
1.556043323086244490e+00
1.546782607003343024e+00
1.538781634465132386e+00
1.606611304011497543e+00
1.651015710723452212e+00
1.614588232518759048e+00
1.605123940683955475e+00
1.612506220510401045e+00
1.642057761134383176e+00
1.719642833478958188e+00
1.624520445224519438e+00
1.604816046518701134e+00
1.567124392317999160e+00
1.649363245635321107e+00
1.535268008024178288e+00
1.584341272560842562e+00
1.624760408739471584e+00
1.669221724092498249e+00
1.582049147729424066e+00
1.627980124831502007e+00
1.651862662324667497e+00
1.661603693671048099e+00
1.734088982002774948e+00
1.698418128618662148e+00
1.650649956840586574e+00
1.678955681049361992e+00
1.663056467066305721e+00
1.699621156026726254e+00
1.677671355056754576e+00
1.583982427171655161e+00
1.651002945703245128e+00
1.686936535590514818e+00
1.749609885729550340e+00
1.714753419698128001e+00
1.614573696247712187e+00
1.659715085373486998e+00
1.672754989440409901e+00
1.630721205623273828e+00
1.677915247385795672e+00
1.759474680316347017e+00
1.636093959880928317e+00
1.607663890791894090e+00
1.593848636143305963e+00
1.593368524207031234e+00
1.604960071288401791e+00
1.720791096437770173e+00
1.715463134463874884e+00
1.635503249770478895e+00
1.631643831617013207e+00
1.557796365992313747e+00
1.573225513971482581e+00
1.555055189251578263e+00
1.608636099275054132e+00
1.588941178594803327e+00
1.604327279455649569e+00
1.725420062905496543e+00
1.671511578876357484e+00
1.687226062592446452e+00
1.712633586371124617e+00
1.655212127094297880e+00
1.693797756772551510e+00
1.616439993540617737e+00
1.545291071073626288e+00
1.589987396487713367e+00
1.562183478091919264e+00
1.539131441626466090e+00
1.556423804203183270e+00
1.446275963919691376e+00
1.510248495220573695e+00
1.510558754744758092e+00
1.501321209889881381e+00
1.501458906684400185e+00
1.468362649297103806e+00
1.497079144078078183e+00
1.470267795869149241e+00
1.393962671717215107e+00
1.421443158624120739e+00
1.401571172504808782e+00
1.415997730512223107e+00
1.440124877561625993e+00
1.504071031034713180e+00
1.485621459852731752e+00
1.499315226883092489e+00
1.458130200860296100e+00
1.365494545858807918e+00
1.474803868037243282e+00
1.467247726638912786e+00
1.503953592219670732e+00
1.494989937690894610e+00
1.543298153610870527e+00
1.575675088853366823e+00
1.524842005536206635e+00
1.467378726953985746e+00
1.543670450792339999e+00
1.529113949227057123e+00
1.495692739102027824e+00
1.412240719308475168e+00
1.419589856811375173e+00
1.422711940802770192e+00
1.361204656730023999e+00
1.347530019097705312e+00
1.246790779968222296e+00
1.316117776244857929e+00
1.338880693446474979e+00
1.332515326524085442e+00
1.335309570671062041e+00
1.330840650353066534e+00
1.390257145747816336e+00
1.347679536682760082e+00
1.334924700826519040e+00
1.383504992802907729e+00
1.455167223541355748e+00
1.350248323554170682e+00
1.373305908524526497e+00
1.345384274487979148e+00
1.441611172390518281e+00
1.431565399393070592e+00
1.458741278307015277e+00
1.408831905177904353e+00
1.268206980659168259e+00
1.301361169351281655e+00
1.390385517896434386e+00
1.349277730626105676e+00
1.401698760547633871e+00
1.416615178995128455e+00
1.289064388808250916e+00
1.352622411180927076e+00
1.535896333271563385e+00
1.412590983814893786e+00
1.515077383158930591e+00
1.448935847705126401e+00
1.428756775079348840e+00
1.497744834503054845e+00
1.396106438094183888e+00
1.459020625904393187e+00
1.449591664768758115e+00
1.448059067073025563e+00
1.430980076757837338e+00
1.468539970932542182e+00
1.489294334019656940e+00
1.490282107020923785e+00
1.510993431658775421e+00
1.401497292279276996e+00
1.390305233079516034e+00
1.423487815380035437e+00
1.456146711869918731e+00
1.449357466100853919e+00
1.343788434081494065e+00
1.352623708541148773e+00
1.327373644020620080e+00
1.385657048188546181e+00
1.335582262509729112e+00
1.384717350235020072e+00
1.458308675118696662e+00
1.392468811106860604e+00
1.393021431156914458e+00
1.425005166178040961e+00
1.449575847896258818e+00
1.429267548173475788e+00
1.311374723426333988e+00
1.466447397201009029e+00
1.405158147565682247e+00
1.401262054551884795e+00
1.470232695265202505e+00
1.450714148364782963e+00
1.459738364449593595e+00
1.395283713279920734e+00
1.464899667522496118e+00
1.480581268742114043e+00
1.502072553647040953e+00
1.424848128710292539e+00
1.470464249334257456e+00
1.483335378453269238e+00
1.412560471076022894e+00
1.476532230227433740e+00
1.435695055049750035e+00
1.474437718583635482e+00
1.582885123117385273e+00
1.583175799115599913e+00
1.636843759718350055e+00
1.633481632842086695e+00
1.620912403406136404e+00
1.564497596211164909e+00
1.583182464161290826e+00
1.665867922193603468e+00
1.720335525749013383e+00
1.661000596658482653e+00
1.685961564204325525e+00
1.702909107437654557e+00
1.715721149916646482e+00
1.657753908379523855e+00
1.590723574607228574e+00
1.606554293400754618e+00
1.589617577391302383e+00
1.655079462857481865e+00
1.587233541291956485e+00
1.465072248834074609e+00
1.470712938640541978e+00
1.419516354597707863e+00
1.397916754282718887e+00
1.355339917705528752e+00
1.410175199250842448e+00
1.410121602826946319e+00
1.465599582209969221e+00
1.434845762729129337e+00
1.497603659488275563e+00
1.514542660734952362e+00
1.427920124107639577e+00
1.423266692105118469e+00
1.412271207637677106e+00
1.413975870990837436e+00
1.409590383573893435e+00
1.373733653672179589e+00
1.346844962828855019e+00
1.322852832168581294e+00
1.407074725804331461e+00
1.385527802296325550e+00
1.377197310395427809e+00
1.370714189787843873e+00
1.382877835535293976e+00
1.415346742773285094e+00
1.373765167323882430e+00
1.349465938446349433e+00
1.347086282864506490e+00
1.343609522975970139e+00
1.325245023497731323e+00
1.326920319244363933e+00
1.309002551907693546e+00
1.368169896259129104e+00
1.402859669222879857e+00
1.446876325683368547e+00
1.449139159845051372e+00
1.421064273451752236e+00
1.416508547344855540e+00
1.420879510583368921e+00
1.441433132337025302e+00
1.455708752153909602e+00
1.483141334355455587e+00
1.458444788395110381e+00
1.469525121456203509e+00
1.455404436010230063e+00
1.504439429443212628e+00
1.538457863580513729e+00
1.547096490551173709e+00
1.626950606337034033e+00
1.623327083199988419e+00
1.718475358007725884e+00
1.655038420837026347e+00
1.719942491818259089e+00
1.751970354813316311e+00
1.667784638960296606e+00
1.627378406681900813e+00
1.677987524830855115e+00
1.681899454632844293e+00
1.673409212835003101e+00
1.661299592491826793e+00
1.679421498160384552e+00
1.668329147493742282e+00
1.749843321057592771e+00
1.745899512612025140e+00
1.744443678837959810e+00
1.680077660127653028e+00
1.477587760847502318e+00
1.526997307268139981e+00
1.532487755747964808e+00
1.493374073429611038e+00
1.545706912518295395e+00
1.596160477232777319e+00
1.568602752121583288e+00
1.542808738389782164e+00
1.526514309671435976e+00
1.530686889439241360e+00
1.563645713811279592e+00
1.561337958931083403e+00
1.515833991005556936e+00
1.414838806185219955e+00
1.478985038424399212e+00
1.480785851348189741e+00
1.493770341487093756e+00
1.488191492615449363e+00
1.549705189055306853e+00
1.553960311637055947e+00
1.492653830529339531e+00
1.456490264119182143e+00
1.354485131428208255e+00
1.379954105549671128e+00
1.376514929716929903e+00
1.332369645238854483e+00
1.355889657942336290e+00
1.351142314574940606e+00
1.381202628613628747e+00
1.361283387581441851e+00
1.331318779152467435e+00
1.355287948236267859e+00
1.348360129377872862e+00
1.385896877296722396e+00
1.354352333907746120e+00
1.280723738469448758e+00
1.293630696497729549e+00
1.261660306312194724e+00
1.240306348518317670e+00
1.248767249061768059e+00
1.257446145345706423e+00
1.263997611259930487e+00
1.210607774404239834e+00
1.228145451852022063e+00
1.223995611477469048e+00
1.171124748374911206e+00
1.172907634768537655e+00
1.268986925323028592e+00
1.264491914888220103e+00
1.262846799934461917e+00
1.233079801146806487e+00
1.178074462787861654e+00
1.130597147350555387e+00
1.150295507801378125e+00
1.044594913750929388e+00
1.093755769204361572e+00
1.105086524062447229e+00
1.148969826210774814e+00
1.108880646831102990e+00
1.052384053761543203e+00
9.882255812771381098e-01
9.930811946789286360e-01
9.423034346140966022e-01
1.004326798555561284e+00
9.684908679422102873e-01
9.835311347022704931e-01
1.025028581566564512e+00
1.047758965925177810e+00
1.151997445374212115e+00
1.120156741911604970e+00
1.115619338622471313e+00
1.175211460287244991e+00
1.270412113110356067e+00
1.267691459555415623e+00
1.390457561042375723e+00
1.244636983916630690e+00
1.279117611126620035e+00
1.259670701091067713e+00
1.352367256713371324e+00
1.315771913241085889e+00
1.336188791522574526e+00
1.365419744464547058e+00
1.347066567149926897e+00
1.275122827773068401e+00
1.332374605092491171e+00
1.304403178117399698e+00
1.255988856618540872e+00
1.291563534856933870e+00
1.359217524477881245e+00
1.423413346251237943e+00
1.418202455561962561e+00
1.463485303759346490e+00
1.448299591530269437e+00
1.406561680845553441e+00
1.444857628094602831e+00
1.390451507315267898e+00
1.420850060052543107e+00
1.414876620430449483e+00
1.393878856432305469e+00
1.391038360549276431e+00
1.384782169062176216e+00
1.470991518660933473e+00
1.418591163561140567e+00
1.434331973627572809e+00
1.422287083935446228e+00
1.433592587091083947e+00
1.444440928585984274e+00
1.336782704295221835e+00
1.292978672974965271e+00
1.353470216514541802e+00
1.367092044194571532e+00
1.374700335689494679e+00
1.390788240580849155e+00
1.362183271343468727e+00
1.339862154364273472e+00
1.253913218791733675e+00
1.264276187097940429e+00
1.179139384740501839e+00
1.089059436846217421e+00
1.111194067672391261e+00
1.083873956334990840e+00
1.143201574092207906e+00
1.169450636264210752e+00
1.232943002385440856e+00
1.192765417462086752e+00
1.250927826827833877e+00
1.238834762730333772e+00
1.267426968182478797e+00
1.240636939646326375e+00
1.297403634772284153e+00
1.343729285498029613e+00
1.385857702729099028e+00
1.368939163249335733e+00
1.400018214879501066e+00
1.388162624935907585e+00
1.416629469418416720e+00
1.408863668584858120e+00
1.386389897453563114e+00
1.325663584144736840e+00
1.297542374433022561e+00
1.367337418030117657e+00
1.344902744376857084e+00
1.373786669038777442e+00
1.345525753258234536e+00
1.349518644521151778e+00
1.272431527764440684e+00
1.250039981767455011e+00
1.269146633298927185e+00
1.245815529700809998e+00
1.255801650729421848e+00
1.288785946578802966e+00
1.186018836059340886e+00
1.271746468433402777e+00
1.320463016953196567e+00
1.299332247124271200e+00
1.263361148841614545e+00
1.252606417096186808e+00
1.312165536905075092e+00
1.242631189220644083e+00
1.262258066695695069e+00
1.228459359051734090e+00
1.208065343978456774e+00
1.203668398127666572e+00
1.134578499554967035e+00
1.127582343875261905e+00
1.131874876720657674e+00
1.191515639188539755e+00
1.198446032236246017e+00
1.230478873876065915e+00
1.273082404134705525e+00
1.270499711760132433e+00
1.234546524688419744e+00
1.181570823041686813e+00
1.276332827399228043e+00
1.271896552607466147e+00
1.351467837607898126e+00
1.293980866817062036e+00
1.318817718563393804e+00
1.291449863749439819e+00
1.286065488927274902e+00
1.276762254993702328e+00
1.289421972536093808e+00
1.306709827836275428e+00
1.358707549969660588e+00
1.255167843237834147e+00
1.289933851723267244e+00
1.292112581946760486e+00
1.317509792881172537e+00
1.199466882064217366e+00
1.233169679418574916e+00
1.291564823706202070e+00
1.278457231089898061e+00
1.230979176530503150e+00
1.260987151714698884e+00
1.341304376690864775e+00
1.351117250479787479e+00
1.382981287260827363e+00
1.404476230677181414e+00
1.396211889547790186e+00
1.425204803176066681e+00
1.378077948979178791e+00
1.424193383095286203e+00
1.407164511798296047e+00
1.461699444652028168e+00
1.575349882693223291e+00
1.524667827030557810e+00
1.578741750322259163e+00
1.605809799282691852e+00
1.608633319301641107e+00
1.624618530672341965e+00
1.742862638037721235e+00
1.595423987282160283e+00
1.562805821594213329e+00
1.494423013320119953e+00
1.541655745338985861e+00
1.501687984088936112e+00
1.486671633095378864e+00
1.453841944460283253e+00
1.476319818779730619e+00
1.549980511701710251e+00
1.520842943103764666e+00
1.483947967731863882e+00
1.396855779875431747e+00
1.405504405361821973e+00
1.357772382196694272e+00
1.440319991747262218e+00
1.435445356832546260e+00
1.415866179938047198e+00
1.445592484277325340e+00
1.370998355066179064e+00
1.368323919752348461e+00
1.341788082240236601e+00
1.366786337285087471e+00
1.385958454096073655e+00
1.382512518642557087e+00
1.337571727502299579e+00
1.271543191043467136e+00
1.416726336620927951e+00
1.433783001611373731e+00
1.380360152063484058e+00
1.348783250844542314e+00
1.338972250286166288e+00
1.374585994450162607e+00
1.385123946766310787e+00
1.296675025663972747e+00
1.247456154666425343e+00
1.277498246138559335e+00
1.257314287008995723e+00
1.185303361031326386e+00
1.231495805503004970e+00
1.292167221327184423e+00
1.274730735570250850e+00
1.242451699420235700e+00
1.308368529837291794e+00
1.360709659877726851e+00
1.375379093891073712e+00
1.396383115234957728e+00
1.422985503811267316e+00
1.287362901960135142e+00
1.258189747526458291e+00
1.153600768646235508e+00
1.120068539280693720e+00
1.092998396085359758e+00
1.065910729369858423e+00
1.131718609940024711e+00
1.103018136951452455e+00
1.117420925095549133e+00
1.108828429815401639e+00
1.146965060598189146e+00
1.105023453737370431e+00
1.144495074751691099e+00
1.093489696332451855e+00
1.071801104556294737e+00
1.142012398279806273e+00
1.224284617857192226e+00
1.186924192636627851e+00
1.243358787282060396e+00
1.200833710893968176e+00
1.197406619496129032e+00
1.214040825352253439e+00
1.312599027347449709e+00
1.235500824551635013e+00
1.377087076840785684e+00
1.382853495192017279e+00
1.314681884013578550e+00
1.403040590555447720e+00
1.326218100084460838e+00
1.359363698096063722e+00
1.273058670702217343e+00
1.178116878724464911e+00
1.237248997800234340e+00
1.220094535169168104e+00
1.206501745360710309e+00
1.216690064883837463e+00
1.257512017138839200e+00
1.087089047035698641e+00
1.140021058646985663e+00
1.131113973409165974e+00
1.183354375496050048e+00
1.072895444400785436e+00
1.124292163343046491e+00
1.077617156218948047e+00
1.146629458935531698e+00
1.172772347907951040e+00
1.097602249149520759e+00
1.146712882837643832e+00
1.099464346393391745e+00
1.158305546222051285e+00
1.233909691338672232e+00
1.234014125981171883e+00
1.184480448558317578e+00
1.241988401527076569e+00
1.256461132256146529e+00
1.223228459660464562e+00
1.265962652683560785e+00
1.232150636134846877e+00
1.192119203184245357e+00
1.141986091795757163e+00
1.150338604500443784e+00
1.182111169050857447e+00
1.162563573725594601e+00
1.193622450791499645e+00
1.212701491742793847e+00
1.177586823596936672e+00
1.214715093530340795e+00
1.265786620516036853e+00
1.224319816080695178e+00
1.174429936611844916e+00
1.216997694965977095e+00
1.143013055541289402e+00
1.083373249616459200e+00
1.014121554764031874e+00
1.039957473216220230e+00
1.019451168790265871e+00
1.055753462348969718e+00
9.931196362839893599e-01
8.661948224856904632e-01
9.205233484850643411e-01
9.904600122952234020e-01
9.444362482694876881e-01
1.037631411100803813e+00
1.085220975826080236e+00
1.102470627669200010e+00
1.150744063933077710e+00
1.160860790890854588e+00
1.150750807075785920e+00
1.215877627015458540e+00
1.260413351795834691e+00
1.239403570465365423e+00
1.153528960179506235e+00
1.143796918683526398e+00
1.124296479225723733e+00
1.112328750535604760e+00
1.096367334923211034e+00
1.059830455354101142e+00
1.046214772223764466e+00
1.045120338387021119e+00
1.006863424757667769e+00
9.888818643444969858e-01
1.019078908835896247e+00
9.424437157551766031e-01
9.545974958813361333e-01
8.926556887385623806e-01
9.725707014836485476e-01
1.000071102049759464e+00
9.255910419485017249e-01
8.681822965081599230e-01
8.727047354833996629e-01
9.044459160716521451e-01
8.967973010174214998e-01
8.565848367302471011e-01
9.216134805909609318e-01
9.290449464699849225e-01
9.411695892708473732e-01
9.490507647472095076e-01
8.519125797098439090e-01
9.319498765092448789e-01
1.001855246493447149e+00
9.909427757013244964e-01
9.523951064673141786e-01
9.424672878594341219e-01
9.017908399008996989e-01
8.323256039969820774e-01
8.203680560172608160e-01
8.238704529228981777e-01
7.869662393842565828e-01
7.513112831652730694e-01
7.307531110205762737e-01
7.326800649331288717e-01
6.903857856309587593e-01
7.565467625413668795e-01
7.568421939437788293e-01
7.505001239633939392e-01
6.766851672149164498e-01
7.381723128933062039e-01
7.054956072362976727e-01
6.587818714826636501e-01
6.307614112362068814e-01
7.415657218656654948e-01
7.041804125712227691e-01
7.287336237247294957e-01
7.502884518197059371e-01
7.653434700983204886e-01
6.832903119249618129e-01
7.396645157474635024e-01
7.085396947871642759e-01
6.658129833285666432e-01
6.537069641231426642e-01
6.772459244481482399e-01
6.623017146493554996e-01
6.855246366811900138e-01
7.331923881276467547e-01
6.949818314152609311e-01
7.720806686139959352e-01
7.414576438963804694e-01
7.375651927345998615e-01
7.067750873587764771e-01
6.902013962365169952e-01
7.159840400672679017e-01
6.674070232162150340e-01
6.498628670594003287e-01
6.823784596170814343e-01
6.419357622115577922e-01
6.725638239961277964e-01
6.165802309945944693e-01
6.863549481653770101e-01
6.672116189451988699e-01
6.810512511829904803e-01
6.112682455498803513e-01
6.024232262031087304e-01
5.987492836773844473e-01
5.559396191209656779e-01
5.174030383835267477e-01
5.246373370035267714e-01
5.448381255907754905e-01
6.203845498831422889e-01
6.389196632532185838e-01
6.744727939224216540e-01
6.568895803968004543e-01
7.920110891265798037e-01
7.731653114416151551e-01
7.582568420786431895e-01
7.640813162797285285e-01
7.493155566958142888e-01
7.413669308384822632e-01
6.984950613727324287e-01
6.532486991460140224e-01
7.188074960601575913e-01
7.179896636835467749e-01
6.630155995671276337e-01
7.080952195865483079e-01
7.306901017860032432e-01
6.789235714245338560e-01
6.673910220729762921e-01
7.100092276528080504e-01
7.597124763377942624e-01
8.377495216094522634e-01
8.177360337174703897e-01
7.701403246599141106e-01
8.160164741521777065e-01
8.332710461724622819e-01
7.870096585404553480e-01
8.114873301129138516e-01
7.457726916228502034e-01
7.737096753032102203e-01
7.574511143981479400e-01
8.604104291511954772e-01
7.964562223351712156e-01
7.495385605760915837e-01
8.330046479678325788e-01
7.486373888157626943e-01
8.083845771965889604e-01
8.507620544342605617e-01
7.584040866790751068e-01
7.203848726412989123e-01
7.235333177949708761e-01
6.761400456776424095e-01
6.711796542930150711e-01
7.252865152034551066e-01
7.214681480180387130e-01
6.983143809513275846e-01
6.694511013146863254e-01
7.137128885405110701e-01
7.464292139674619797e-01
7.017637893927963777e-01
7.263579277007433666e-01
7.280872214772651230e-01
6.971248515443458915e-01
6.017303362861038396e-01
6.033108436799491381e-01
5.211290098919191260e-01
5.287783097707163815e-01
4.501765231489012198e-01
4.848587046262047839e-01
4.839278214896290398e-01
4.170371555321252810e-01
4.112002330355530866e-01
3.830791286028712439e-01
3.271290079653741412e-01
3.491724576271508784e-01
3.891482786733851951e-01
3.451525986824153236e-01
3.437721440601133605e-01
4.264636119549297111e-01
5.049261489006547921e-01
5.098523222530827459e-01
5.061193158710293183e-01
4.587233589452080484e-01
4.805553248329726967e-01
4.795625983385687907e-01
4.721999574869402139e-01
5.410089233815900123e-01
5.971093710803491161e-01
6.089826943822960192e-01
5.892489489744427988e-01
6.227639197051320075e-01
6.506284295659031658e-01
7.183294759108603822e-01
7.944837381191601766e-01
8.254095676266262060e-01
8.284767542511889404e-01
8.990657129092731736e-01
8.903399298862078037e-01
8.258921292571117512e-01
7.886596862114910733e-01
8.391288981350777387e-01
8.561098693465510889e-01
9.032960908304217273e-01
9.032735360288088877e-01
8.748122071851556214e-01
8.566911123433283981e-01
8.343375308331817397e-01
8.645785388038641495e-01
8.664838523178403085e-01
8.788324468457748839e-01
8.315131093083810709e-01
8.385347074539465373e-01
7.852727064428446369e-01
7.541030165391732210e-01
7.112573122510981172e-01
7.671623299721365141e-01
7.342162394088846966e-01
6.911538064622190225e-01
7.174780499017907598e-01
6.735434052037618802e-01
6.925064083145293647e-01
7.715132877190270522e-01
8.072062913113242644e-01
8.315253160797573262e-01
8.003315379283544306e-01
7.750702785145487939e-01
8.199709112592721283e-01
8.615152588930006239e-01
8.502093258303813350e-01
7.490243095023871867e-01
7.032218649913599684e-01
7.790608451148872682e-01
7.950197595739736389e-01
7.831014809439731383e-01
7.921974748570911329e-01
8.916754974493197317e-01
8.725752185409253459e-01
8.508866477735556044e-01
8.392603481587223024e-01
8.517271155612727851e-01
8.940716159638542049e-01
8.656248095371420481e-01
7.940829917987550779e-01
8.006102234139158558e-01
8.654553532884314837e-01
8.691047115732650763e-01
8.480305038113947758e-01
8.752906012102052991e-01
9.582173700787204318e-01
9.323638046039105509e-01
9.201260617398673292e-01
9.141591992886581863e-01
9.887024099637531371e-01
1.037924860469057409e+00
1.066155662318239328e+00
1.060422202054990271e+00
1.079568488880296107e+00
1.070327145921283751e+00
1.071691716182451293e+00
1.136228598626049413e+00
1.134806327071554044e+00
1.163957686463064523e+00
1.130702464211423397e+00
1.196354719569909131e+00
1.152293469865802944e+00
1.120477410373591720e+00
1.148288653622433042e+00
1.132294541304662783e+00
1.176443487242753161e+00
1.173567574168119299e+00
1.259241017414728825e+00
1.260547686067058581e+00
1.270709190115502762e+00
1.268914160203667763e+00
1.334255226314282172e+00
1.259635904897435932e+00
1.211636853370723355e+00
1.267742195468698263e+00
1.303724323073187863e+00
1.194735868592804673e+00
1.226795377808309384e+00
1.213325233880170551e+00
1.174861917189651717e+00
1.174058485271699537e+00
1.214763354442823573e+00
1.185711725536690020e+00
1.206555788542368779e+00
1.196112452135278836e+00
1.204860776521347709e+00
1.095610596740283604e+00
1.067932550008277026e+00
1.123375395306122515e+00
1.115718300091030457e+00
1.126021588107366522e+00
1.142832442249692049e+00
1.087119971344201685e+00
1.131984945598872194e+00
1.059709188036829453e+00
1.082924363731412987e+00
1.103368153186030876e+00
1.166241020958025176e+00
1.139179529159503268e+00
1.152199001398791722e+00
1.142205230716291986e+00
1.125113680617777279e+00
1.213637391981779112e+00
1.186427263217005423e+00
1.139597730523375541e+00
1.130457783106305847e+00
1.118941596445328646e+00
1.090186000441421221e+00
1.094463483193987230e+00
1.162427939921780506e+00
1.193937929001540832e+00
1.201706400513639750e+00
1.132297834236962730e+00
1.134808018608134184e+00
1.284380105695683172e+00
1.259129117582917123e+00
1.257302491276829137e+00
1.233528617631256097e+00
1.324551678250183606e+00
1.459772908007481940e+00
1.440015732392961212e+00
1.438450342889172839e+00
1.376852457168981081e+00
1.359893627528918403e+00
1.288455055100053093e+00
1.350100332522696345e+00
1.290795290429173070e+00
1.309057944292566056e+00
1.316957833485634222e+00
1.283313730811822317e+00
1.265651077561831928e+00
1.310646803487367507e+00
1.315577215266832134e+00
1.310743704971818469e+00
1.291603636534879085e+00
1.424578303196548656e+00
1.375552665632243210e+00
1.381517491690986921e+00
1.378667759682150828e+00
1.338651472214395177e+00
1.280588374968714360e+00
1.295112230999073244e+00
1.264386332554700898e+00
1.291383919834291127e+00
1.244421099178847356e+00
1.140441576631727294e+00
1.176032643972986236e+00
1.233675830832300591e+00
1.227355876064029294e+00
1.235532461374129864e+00
1.209515879633628055e+00
1.192446399861519124e+00
1.291237413680693225e+00
1.242266213206320691e+00
1.273067543981970084e+00
1.291180057466019493e+00
1.258188440694083532e+00
1.265390202229803585e+00
1.215304424341960177e+00
1.183991916377987286e+00
1.351380098207919822e+00
1.338190704869823389e+00
1.277988701105099434e+00
1.308604120999890208e+00
1.396158258510827199e+00
1.387952803510860811e+00
1.355897298124224104e+00
1.406669970113193058e+00
1.375641019963736333e+00
1.415771642253117246e+00
1.407330476486164050e+00
1.436625539492679904e+00
1.386531458052944865e+00
1.346791057474282072e+00
1.354983797829960146e+00
1.371394066777667620e+00
1.326880955782583138e+00
1.391167753959326792e+00
1.339804813499302583e+00
1.332377546850241901e+00
1.363405774253782399e+00
1.365055324117288915e+00
1.362710870846821187e+00
1.367135829248364187e+00
1.365450550338740188e+00
1.365460221838030064e+00
1.453883600946729304e+00
1.410572874257895570e+00
1.380685084215506730e+00
1.368290212770464587e+00
1.358747856782655417e+00
1.362295847878363553e+00
1.375980692834812391e+00
1.349250443203318772e+00
1.410259220263495594e+00
1.405212652568451404e+00
1.363771662985335364e+00
1.328774000823910173e+00
1.326088841998109835e+00
1.281893348640605446e+00
1.230644917824215590e+00
1.260367061192061433e+00
1.270523759316805279e+00
1.133260055643054764e+00
1.182974318957114024e+00
1.192682251516018699e+00
1.181541792529156920e+00
1.171130155463174116e+00
1.143958475811600373e+00
1.141326388778413303e+00
1.102524708231081840e+00
1.129877856850858509e+00
1.172341158557466345e+00
1.154238482320884662e+00
1.144027306675013289e+00
1.162594167168586434e+00
1.118106675008492479e+00
1.142546635358292928e+00
1.221712055288236787e+00
1.229833124205950146e+00
1.162889294348679492e+00
1.145192289905078820e+00
1.123959482511819319e+00
1.122040474334657256e+00
1.170845111372494918e+00
1.198632795387684524e+00
1.227478311964606661e+00
1.142537618667619048e+00
1.143358719297344672e+00
1.112947127193889107e+00
1.200934101230139550e+00
1.231485515090506411e+00
1.251556502085194866e+00
1.273138096397423702e+00
1.303202563827192462e+00
1.248369555115319995e+00
1.191362256524474805e+00
1.193785713455499886e+00
1.173511528936443504e+00
1.136114108382379140e+00
1.124869239167952450e+00
1.126274049408200417e+00
1.055488268775614191e+00
1.003731012014152268e+00
9.930489423549262451e-01
1.005423195647844103e+00
8.763240850013931382e-01
8.715242752585645736e-01
7.874685156661983543e-01
8.277795487732387825e-01
8.251549552388585118e-01
8.048337000476729619e-01
8.027015502088047372e-01
8.036610719083850940e-01
7.814104771864833765e-01
8.607414395984256394e-01
8.791307342809551173e-01
8.832208806212277219e-01
9.216679174921169615e-01
8.941952643177756288e-01
9.030672827663869251e-01
9.326484765109108732e-01
9.254520040998018837e-01
9.126935610973434532e-01
8.271998052362666831e-01
8.470236272719878778e-01
8.675763875437918493e-01
7.833648273091006198e-01
7.788180255018100073e-01
7.738559666513779023e-01
8.034830352840782730e-01
8.082955563934784982e-01
7.445931937140303214e-01
7.504646576218824139e-01
6.874326881457952787e-01
6.815061419181329683e-01
7.202440890525824146e-01
7.297769300974744633e-01
7.031599092435245613e-01
6.524046962738376809e-01
6.801477069428867317e-01
7.079832316719110175e-01
6.414782102726552804e-01
6.685435001350118478e-01
6.124284413424759821e-01
6.864528776115839115e-01
6.822565228297398088e-01
6.903488409738857134e-01
7.389543969475281804e-01
7.449931976877661732e-01
7.160672683747885126e-01
7.959979752919901230e-01
7.096787352738042065e-01
6.946245304030194134e-01
7.191510547077299975e-01
7.154859237274736605e-01
7.101350545764092415e-01
8.154587271281427130e-01
8.515328247800157957e-01
7.528188370296764464e-01
8.181003959484960397e-01
8.193315885228914519e-01
7.661895223277727096e-01
7.715832105422761877e-01
8.555946914741990872e-01
8.619754043556774326e-01
8.607080939283209275e-01
9.451970606013825327e-01
9.513755393119198711e-01
9.595983608859239844e-01
9.392289705971764713e-01
9.359559328667129696e-01
8.982551988750834271e-01
9.521610983368317127e-01
9.037159571915527323e-01
1.014487629082980957e+00
1.049798983048985113e+00
1.113011423462372473e+00
1.141706543840555810e+00
1.131989753866909920e+00
1.118118530115424392e+00
1.112869546137276178e+00
1.069788199649753579e+00
1.065408127043923514e+00
1.068956668989204495e+00
1.111177597140817319e+00
1.104514119112962156e+00
1.041867320012373588e+00
1.039648365738318869e+00
9.912876323086573516e-01
9.725003293433428508e-01
1.005784519173856362e+00
1.009215539345778456e+00
1.000343373564924976e+00
1.026761630243652412e+00
1.036058123041990298e+00
9.974261136318161025e-01
1.030698975492971625e+00
9.937738196624587017e-01
1.017803467081647595e+00
1.159083042591455115e+00
1.137467602120075805e+00
1.159428947829865830e+00
1.200553147508069296e+00
1.253536327150094776e+00
1.242614041981177087e+00
1.304926034873425067e+00
1.282882079975107503e+00
1.157628177220276555e+00
1.213993030087198832e+00
1.227952066397773656e+00
1.309862554074699981e+00
1.236914042326238139e+00
1.287124804757606045e+00
1.321212382264133289e+00
1.283474755977201287e+00
1.324594918248052977e+00
1.371087175290502502e+00
1.310481328680000113e+00
1.379004145129676395e+00
1.338697196315191906e+00
1.400912796540001670e+00
1.401686708397526182e+00
1.441365158424580795e+00
1.391989420680967315e+00
1.432528131960491447e+00
1.448871309537411500e+00
1.414624631241302222e+00
1.465453276291614371e+00
1.384217146330715797e+00
1.403131058246335661e+00
1.441011879153472508e+00
1.436951077651802411e+00
1.448289677842840462e+00
1.418128241578067161e+00
1.350695356779371359e+00
1.318817746558361925e+00
1.284475865795909222e+00
1.292148490395224725e+00
1.272734367883336715e+00
1.166627074380993445e+00
1.157454898858174763e+00
1.122685539232571195e+00
1.160567433607060384e+00
1.176154722035398059e+00
1.117770562079960950e+00
1.117764016872387467e+00
1.130847406627783158e+00
1.168285511023564371e+00
1.219496505704032341e+00
1.192325352580803965e+00
1.165067483324371711e+00
1.171643474126002893e+00
1.111943219625749046e+00
1.018548904355867535e+00
9.704100004304341276e-01
1.026554244545207162e+00
1.049646975882318589e+00
1.094816641100910148e+00
1.097650833545867899e+00
1.035833189304746771e+00
9.879452615608728117e-01
1.026683561174828618e+00
1.007405688956912293e+00
9.905921003983135797e-01
1.008737651560263071e+00
1.042502714417370857e+00
1.010903446362524605e+00
1.090412487607720804e+00
1.136062580905777164e+00
1.175564376111144727e+00
1.133502193142154946e+00
1.169485094113148715e+00
1.132899850464184732e+00
1.142836853145852816e+00
1.079702817331168907e+00
1.057098080517892669e+00
1.083032875181425769e+00
1.080564329449347438e+00
1.052785815908329647e+00
1.017816163495723014e+00
9.791506794340357756e-01
9.323337841072878440e-01
9.241127987414022860e-01
8.869398730469503223e-01
8.921476071990268597e-01
8.524266150216214255e-01
8.870299949159198283e-01
9.779007082710536869e-01
9.107730555753518198e-01
1.031113774156309004e+00
1.025373656843529879e+00
1.031363184491669527e+00
1.017641874967298188e+00
1.087175765440717479e+00
1.130894473926538524e+00
1.136398284985477680e+00
1.165012870681063184e+00
1.153646865543232591e+00
1.192484811823815383e+00
1.225098272497341156e+00
1.128746753014149506e+00
1.203543681979267754e+00
1.251857199375505214e+00
1.279280618381688495e+00
1.337399389270403027e+00
1.373325359976960813e+00
1.389677204050186354e+00
1.426832812913560566e+00
1.398834391613736905e+00
1.428772458375128451e+00
1.426539919860200456e+00
1.441859022527453682e+00
1.388093293184034405e+00
1.426047817266684170e+00
1.444113574688995927e+00
1.390195241948515292e+00
1.356033742432783296e+00
1.399409690935804695e+00
1.379825079977438085e+00
1.407052694709406637e+00
1.407778860761533579e+00
1.378893361507513182e+00
1.372611652575413510e+00
1.392335035301621948e+00
1.409262187426634449e+00
1.407449749330079269e+00
1.333889590790910518e+00
1.353558711717997909e+00
1.395935505768857166e+00
1.443246971154653169e+00
1.443580852354581223e+00
1.407113006956895340e+00
1.445077319400903226e+00
1.416978878459839164e+00
1.426958878633659555e+00
1.384122384699517427e+00
1.397575813484508434e+00
1.363671748768576775e+00
1.387008500501130781e+00
1.376523940400940393e+00
1.372344798404594446e+00
1.399318829903245076e+00
1.425276993816082083e+00
1.402168641412389283e+00
1.374011110804248537e+00
1.383406076746912960e+00
1.357906547543701326e+00
1.356955989956909026e+00
1.359645896316590497e+00
1.324816884682729512e+00
1.309222956612399846e+00
1.317614028117528591e+00
1.366375779916869648e+00
1.390183346757782878e+00
1.456387779773621105e+00
1.430514380148047993e+00
1.414929940307340983e+00
1.502947488469353221e+00
1.488797448423931247e+00
1.393589013872783333e+00
1.472127247492869051e+00
1.494436164942443357e+00
1.511562613988954418e+00
1.478969706485945945e+00
1.521743371901595587e+00
1.401196349651249173e+00
1.411777111148641239e+00
1.396050081545262334e+00
1.360068779027873154e+00
1.299924203436221948e+00
1.326926619213785852e+00
1.325850242502947918e+00
1.340433516105581369e+00
1.275745556135439607e+00
1.257519711215602021e+00
1.256498010333785942e+00
1.256884713222425454e+00
1.210362046944139625e+00
1.211617199554908542e+00
1.190793564858330100e+00
1.219222509239769270e+00
1.261135251161864979e+00
1.220419288494610122e+00
1.267159167719517532e+00
1.275864409095242458e+00
1.420239190685340880e+00
1.440482223261476902e+00
1.411819908292839765e+00
1.361736923036117597e+00
1.315333868710158560e+00
1.319008482164974572e+00
1.367974056350450773e+00
1.373730248043907087e+00
1.443787736918052955e+00
1.441238540710092053e+00
1.424275302072503413e+00
1.427838493800351660e+00
1.431256567165874127e+00
1.391236279798732767e+00
1.486460401119528596e+00
1.532947727694048412e+00
1.522927133537247624e+00
1.506109922532478995e+00
1.616376476359153491e+00
1.617890056428543666e+00
1.570820285101172553e+00
1.502551484017712102e+00
1.462314900554147368e+00
1.467729428942731840e+00
1.498206165167528914e+00
1.582516141155781764e+00
1.586940146883054847e+00
1.579517885077523998e+00
1.596793357593564222e+00
1.593683357437003734e+00
1.548100202255037416e+00
1.567372849231909449e+00
1.610254450384461800e+00
1.600195001439689957e+00
1.522254875941419616e+00
1.575031854530593467e+00
1.575522169105963100e+00
1.549032115749257033e+00
1.598436875020795345e+00
1.443339155498718052e+00
1.543909248087290909e+00
1.550661508501407271e+00
1.502563777259732669e+00
1.483060659834545270e+00
1.483033410060757395e+00
1.493834331021719031e+00
1.492973700046492880e+00
1.388323403423965763e+00
1.355932444218679089e+00
1.329137211504902494e+00
1.403311631486449995e+00
1.383573518855321538e+00
1.293097147841925088e+00
1.262333945101777211e+00
1.289003365693984549e+00
1.292185008120617873e+00
1.238669368292043327e+00
1.296371477758344382e+00
1.255018165954204790e+00
1.259083711881839651e+00
1.312778013589559922e+00
1.346069789660227389e+00
1.337175702822594126e+00
1.263475271490525520e+00
1.236083846778595063e+00
1.277204017776740752e+00
1.322107369212832673e+00
1.223270181837977200e+00
1.280705405379581441e+00
1.251876289719146440e+00
1.240594828954885598e+00
1.234139749333514668e+00
1.249411236739672582e+00
1.254864852818004861e+00
1.194122535603134416e+00
1.190778024295296555e+00
1.147304384214703710e+00
1.127515449960720950e+00
1.120150754520062408e+00
1.095315770160902646e+00
1.100162038584241220e+00
1.068935568883059739e+00
1.091844376368784175e+00
1.064843383203167626e+00
1.059878365386248911e+00
1.015043290267054088e+00
9.914146680974416093e-01
9.797439054505190370e-01
1.010661839980494081e+00
9.640469615174692697e-01
9.073322985847666056e-01
9.451098377021760477e-01
8.532105434003141031e-01
9.155705644018801159e-01
9.401318692531263066e-01
9.089126321381887363e-01
9.215750280150373230e-01
9.912674746541543236e-01
9.575057831045606926e-01
9.425251833805583512e-01
9.736079384566144190e-01
9.549740885201788432e-01
9.075842103756652790e-01
8.494303467204380453e-01
8.738281886290226730e-01
8.198178351271669939e-01
8.647562523671710188e-01
7.757050936876979108e-01
8.279307418160387622e-01
8.361172556023199753e-01
8.031987798008048962e-01
8.360721531176518173e-01
8.934807459396605367e-01
8.403777744142336692e-01
8.176510404980056324e-01
8.058313126080504096e-01
8.611992988515512204e-01
8.920523843620793425e-01
9.686872800702904796e-01
8.817877385380666899e-01
8.046577331369536568e-01
7.812387713880338813e-01
7.795631176529067563e-01
7.655030190211701280e-01
8.892470104894505400e-01
9.302405322735088911e-01
8.812638163854037421e-01
8.956748983091369354e-01
9.386181115159489829e-01
9.533195223879337155e-01
9.499030757258269952e-01
9.778510621239168144e-01
9.939505549795586425e-01
9.394475028176729747e-01
9.399757251138980418e-01
9.402060648303335322e-01
9.932111589143014507e-01
9.507476577789435446e-01
9.911998055677303521e-01
1.025857205446691456e+00
1.013481627645522964e+00
1.088081425609763730e+00
1.095438260434309363e+00
1.079775729351849511e+00
1.094295537279555530e+00
1.048855373578696071e+00
1.068742909990697987e+00
1.033157918382418661e+00
1.066836921523439452e+00
1.034735668248685236e+00
9.801094585797895942e-01
9.539639009267367742e-01
1.027774743756267206e+00
1.025903913146017477e+00
1.029637651255033592e+00
1.042376631727845337e+00
1.060751335820764307e+00
1.040489453999598801e+00
9.615509849162879874e-01
9.376145151060938376e-01
1.006134977744808978e+00
1.089111372431126767e+00
1.083553021800580662e+00
1.129596261365434451e+00
1.120527826295325990e+00
1.118978505725641615e+00
1.027809269054817509e+00
1.077157041416727079e+00
1.106566811353219215e+00
1.092482705195604087e+00
1.146587591082519175e+00
1.163390611003079611e+00
1.110371961814645259e+00
1.118339963246968161e+00
1.165335969540522099e+00
1.216276516765185667e+00
1.193750278065860648e+00
1.192729586141919373e+00
1.249107506234683918e+00
1.282554218635559407e+00
1.332843108514771835e+00
1.291450152770578619e+00
1.296163995308439176e+00
1.195828081689434885e+00
1.236141740947104717e+00
1.235760731464999873e+00
1.216154006717089509e+00
1.188380685245369106e+00
1.158950335852766411e+00
1.173384123761924691e+00
1.187363540237513782e+00
1.153699251079403298e+00
1.141088079224017893e+00
1.137098087197853102e+00
1.173348575061976540e+00
1.139957423020924621e+00
1.176213952746737457e+00
1.156459623353649491e+00
1.157615145610301655e+00
1.161528054742997140e+00
1.135078948916479202e+00
1.199806741871112914e+00
1.224787843924184161e+00
1.153555822450915480e+00
1.158893474413132063e+00
1.212959986996321682e+00
1.172589989742514049e+00
1.191921341356372288e+00
1.215251509802686147e+00
1.193273320607057153e+00
1.182647620621077644e+00
1.119529563325888821e+00
1.076838321493748918e+00
1.128118668506406852e+00
1.042713262120368745e+00
1.106486204848076582e+00
1.073688255453562279e+00
1.119344274390890348e+00
1.157115095635147695e+00
1.096381249895707732e+00
1.069602690215075258e+00
1.066467914248773408e+00
1.027481894622024328e+00
9.804449625298619075e-01
9.419960608470331342e-01
9.394073149525650201e-01
8.867403836742689949e-01
8.552759775087381833e-01
8.955014637388417631e-01
8.365339059255957332e-01
9.098857278369395507e-01
9.063673103918651330e-01
1.011872126394264049e+00
9.845835358589971609e-01
9.890047511459554297e-01
9.687090200608230450e-01
1.049705939936883992e+00
1.102311694826594968e+00
1.094751158244609668e+00
1.053945499633373029e+00
1.072126216594062376e+00
1.046852094193291727e+00
1.130349751380347101e+00
1.162390596125228104e+00
1.171380832431455410e+00
1.145271608000219432e+00
1.163153375490468155e+00
1.143550350801095128e+00
1.036449668643688371e+00
1.077163389785066983e+00
1.033335574865104745e+00
1.080619707976627986e+00
1.101735630652916020e+00
1.129856326108290121e+00
1.140645868761496207e+00
1.134120978763681231e+00
1.108556968817663524e+00
1.162209149037755962e+00
1.169314041607507182e+00
1.091391565882826598e+00
1.109684650049968857e+00
1.161831916942121845e+00
1.199429829816636595e+00
1.197313682789693523e+00
1.150588011011572265e+00
1.167523128358423090e+00
1.111910190408480936e+00
1.067220675403670604e+00
1.035566081123018289e+00
1.021689158481537962e+00
9.563440419750612875e-01
9.976267899702180308e-01
1.021897065269828042e+00
9.322082959400039837e-01
9.474945949598144734e-01
1.000626613379185459e+00
1.061756725053109918e+00
1.077299125467173768e+00
1.115408377198071177e+00
1.056753995306114469e+00
9.812883573663206960e-01
9.953848104122788865e-01
1.000513684800981906e+00
9.686223880932488539e-01
9.556174730452779986e-01
9.926100574829543888e-01
1.051072012771889330e+00
1.134773104462012849e+00
1.150030613575240057e+00
1.155587405504676646e+00
1.197123168411061478e+00
1.209476877355519120e+00
1.166905432544746768e+00
1.190532643813295710e+00
1.109183157072850756e+00
1.098337192567474307e+00
1.171861135615054117e+00
1.210782944008358841e+00
1.251780125546884115e+00
1.252176809732258533e+00
1.264374352907266186e+00
1.321792383155081740e+00
1.352853280276467451e+00
1.400505131435749284e+00
1.326760162857852698e+00
1.328399644609086216e+00
1.320126110859994428e+00
1.276621531683750144e+00
1.236806299567861034e+00
1.205001343835280903e+00
1.257396262241744722e+00
1.309025415770150857e+00
1.302283664035713606e+00
1.286892283753857891e+00
1.358761063967757421e+00
1.360374027068359748e+00
1.401880476192874259e+00
1.405672752232769218e+00
1.387996150638144410e+00
1.411570230540567072e+00
1.322646124764149000e+00
1.275464785749102825e+00
1.274795070113480699e+00
1.331525590801122982e+00
1.333621402496364405e+00
1.282782885546158935e+00
1.298937824900833427e+00
1.281430779503406558e+00
1.224584092806147995e+00
1.199706835329673371e+00
1.275056035631330076e+00
1.272276262293643656e+00
1.228675774879296911e+00
1.237304274974200702e+00
1.226301454717094952e+00
1.210269464465647093e+00
1.159099832055642043e+00
1.184888800858523217e+00
1.184604254761117526e+00
1.176720663529807975e+00
1.153197067632234507e+00
1.125166118608815990e+00
1.156285108404425443e+00
1.147971715153813355e+00
1.172337901358867951e+00
1.177589493707841051e+00
1.093619159573260058e+00
1.131523192379954468e+00
1.061257600995612727e+00
1.108306562184246946e+00
1.117065201005653430e+00
1.116254091069245336e+00
1.072229403154184801e+00
1.040418449226162778e+00
1.102780228330214829e+00
1.064192202707417101e+00
1.064686190547606826e+00
1.060692696026766413e+00
1.062244046238012940e+00
1.048818374695685840e+00
1.028779342701022115e+00
9.740216428773386115e-01
9.808330931330436764e-01
9.945205357910524846e-01
1.013592905129354849e+00
1.007585884706017287e+00
9.594708577188604259e-01
9.403443388588385021e-01
9.250124570641692356e-01
9.691041734579111111e-01
9.902147007141945956e-01
9.964943052709559490e-01
9.747226694914803424e-01
9.664416632744189384e-01
8.446854633283089608e-01
8.552890403271109498e-01
8.459611919221313725e-01
9.610892008365586880e-01
9.222635517425151752e-01
9.285523655107215113e-01
9.563093240050305477e-01
9.009061413905011806e-01
8.805156336988626542e-01
9.289024587833468738e-01
8.687211266100656193e-01
9.063866052980884547e-01
8.843038896262367388e-01
9.450469068750710910e-01
9.176760884861840939e-01
9.663389080988424862e-01
9.458637830616127840e-01
1.019760734482080267e+00
9.308330349163935757e-01
8.477561536781638152e-01
7.811284465712124980e-01
7.698449878226486520e-01
7.083717164582590264e-01
7.592040477828975176e-01
8.170575640865807010e-01
7.410976585308267639e-01
6.611370602414909925e-01
6.853515231402003138e-01
6.710367618967387759e-01
6.519910915856316214e-01
5.804489135499606434e-01
5.535807545526929552e-01
5.571744114333052611e-01
5.283193276392870175e-01
4.986881410810755089e-01
5.252963878468455139e-01
5.091227401153075593e-01
4.829387725347101257e-01
4.383149424983496800e-01
3.840705775301449520e-01
4.096397724461608991e-01
4.179361702313589833e-01
4.802440319905220134e-01
5.376684101002523475e-01
4.050466282665946549e-01
4.281274720271440182e-01
3.676699457250066083e-01
3.656327484157834151e-01
2.791971625100436727e-01
3.357318377568073164e-01
3.976437310412659354e-01
3.389049623789057719e-01
3.436935662522344614e-01
3.683281355263615664e-01
3.883292820811264368e-01
4.247768605536640929e-01
5.457096294450930474e-01
5.328647050159402987e-01
5.704614689926620352e-01
5.132682972853764847e-01
5.018841721477664830e-01
4.603760929921489886e-01
4.630718724982296752e-01
5.067684569376065262e-01
4.692949136760670159e-01
4.627153900459764491e-01
4.955368229776835332e-01
4.823202800591062100e-01
4.924713009927753071e-01
4.456037647522628764e-01
5.132467765028581042e-01
5.205224496961650127e-01
5.461103470845105612e-01
5.456476832773264896e-01
5.461609311132098465e-01
5.414009758215493351e-01
5.232528539163197046e-01
5.012439838397590997e-01
4.688182065132997511e-01
5.646584200842078571e-01
5.812145392066938587e-01
5.207333797423204791e-01
4.890817784151175185e-01
5.364655841852735696e-01
4.813862189700857663e-01
5.000344716227912434e-01
4.343694485001419747e-01
4.387432427539685320e-01
4.262849027082976083e-01
4.054625379191054702e-01
3.583120909645137742e-01
3.562112831527369794e-01
3.707807419829860507e-01
3.602166053535126866e-01
3.407014827399742485e-01
2.993980205699486863e-01
3.439785475135075932e-01
3.693306929696083540e-01
3.795482150697438439e-01
2.935424044923845566e-01
3.168284875490618435e-01
3.710770192600686412e-01
3.127323428104233916e-01
3.281460859072121150e-01
3.439464308454721064e-01
3.215467412352481791e-01
3.065713889197222430e-01
2.890387573313395464e-01
3.022524256038938706e-01
3.605696754087475142e-01
3.620997461660944716e-01
4.097869787197560010e-01
3.911448520439161358e-01
3.350134610538480495e-01
4.174697823714665357e-01
4.077094465682998825e-01
4.175076311871063761e-01
3.149580868089705277e-01
3.360822930208438586e-01
3.061378093642599385e-01
2.819029920947973555e-01
2.682068923904015745e-01
2.956354348352523975e-01
3.515332115582155970e-01
3.492189583889346860e-01
3.494941090413590801e-01
3.739452806000763685e-01
3.461633088756720933e-01
3.289572858741576789e-01
3.857916419243992978e-01
3.637030814014421409e-01
3.601529297357659032e-01
3.737907607453800352e-01
4.514652817857301437e-01
4.353820607823044586e-01
4.851259603370123297e-01
4.967242295988289480e-01
4.756092849452845384e-01
4.242341822534658191e-01
4.779477372664373003e-01
5.052529955067845968e-01
4.443905841479348640e-01
4.446760582332987544e-01
4.535970291717333347e-01
4.330484721524082703e-01
5.190617471755319956e-01
4.870711385934208271e-01
4.944540826369673847e-01
5.141264480997347341e-01
4.845449239186623291e-01
4.757993029243595684e-01
4.821100949128879209e-01
4.344939423886749474e-01
4.369488763444678847e-01
5.020800604949218204e-01
4.843696107126079231e-01
4.193006114095855774e-01
3.686468578927665218e-01
4.086966931277605797e-01
3.981129179297757115e-01
4.449796994012760742e-01
4.624986151906840259e-01
3.753387595090744711e-01
3.776451423343979430e-01
4.048254978241144220e-01
4.300160053486211664e-01
3.302677716697273724e-01
3.356939165344168807e-01
3.124495125437546927e-01
2.752931510682355420e-01
2.843121522012930225e-01
2.587023546561002529e-01
