-1.090053411986263709e-01
-1.221857361105752604e-01
-1.142040324875400747e-01
-1.002094428253723635e-01
-9.408641044634724615e-02
-6.838835255243946865e-02
-5.798067498984715851e-02
-4.245166926989518696e-02
-2.605174554108480311e-02
-5.283812091172346292e-03
7.221853646999454313e-03
2.607011729635566599e-02
4.029819406971235640e-02
4.145273981484487447e-02
5.524253717293103882e-02
7.116436151592608894e-02
9.023649186252780119e-02
9.170173061111050461e-02
1.132699175439142447e-01
1.162125227598125865e-01
1.312296693065572728e-01
1.437667234356944379e-01
1.385381563486015599e-01
1.365431799159590176e-01
1.355619380823045450e-01
1.043891963188075672e-01
9.025791299540934787e-02
3.837813945168527113e-02
-4.942227535273988059e-02
-1.638521787306520261e-01
-2.340673069747182811e-01
-3.003793621652675605e-01
-2.883596624690603627e-01
-2.792765235635652488e-01
-2.642839869531806163e-01
-2.269038013771851325e-01
-1.802182749326871614e-01
-1.629912411015683738e-01
-1.183297145926422989e-01
-9.248988979649819253e-02
-7.028732672475179744e-02
-5.722338356812567417e-02
-5.286964595601836153e-02
-2.884585937838884256e-02
-2.910590825689618466e-04
3.491353430198405189e-02
7.177427738680455804e-02
1.125236343101349429e-01
1.413367919602615541e-01
1.740161997802621985e-01
1.961222204866264751e-01
1.904856273967073799e-01
2.015500202475165037e-01
1.604933916044981590e-01
1.392630550492045538e-01
1.038915934756761139e-01
5.425135238855616215e-02
-9.253607220841120196e-02
-2.612942862988803516e-01
-3.143416960289244777e-01
-3.460913074828554925e-01
-3.452976388232888993e-01
-3.473544138093126454e-01
-3.139807769810131766e-01
-3.019956656343885104e-01
-2.794863468244546123e-01
-2.596688789151488930e-01
-2.135934056846529316e-01
-1.875820333460294642e-01
-1.639723447481836738e-01
-1.300594851959755993e-01
-9.874594767471218948e-02
-7.306651160348187624e-02
-5.143421988931506927e-02
-3.305190890270581772e-02
-8.643942221725042785e-03
1.558754294974196153e-02
4.316717754992316358e-02
7.359978435543107489e-02
9.292812419455154238e-02
1.045414658982898870e-01
1.240411339469776331e-01
1.197625189802621337e-01
1.119393957946546170e-01
7.872369225070413590e-02
3.331475015017609786e-02
-1.370034760125654616e-02
-6.597357826550293014e-02
-1.354314282233933242e-01
-2.173783561761123972e-01
-2.568846863283176241e-01
-2.724702686781016459e-01
-2.980206017450903744e-01
-2.891742213964371144e-01
-2.834591442359892799e-01
-2.837742884930383180e-01
-2.326252457966667686e-01
-2.163643490953437443e-01
-1.892910158244647256e-01
-1.621200498797806810e-01
-1.593298762508341682e-01
-1.394253150963054022e-01
-1.230376119308980165e-01
-1.251442428873269508e-01
-1.061508282142626380e-01
-1.122835882644049321e-01
-1.073024308632001822e-01
-1.069408649544229817e-01
-1.447884491708007482e-01
-1.051083774116733927e-01
-1.108382663386862643e-01
-1.307213716327328967e-01
-1.011700682618031921e-01
-1.059124084538220489e-01
-9.691787118788730560e-02
-1.424335094403489377e-01
-1.362124734045367935e-01
-1.347673370091666545e-01
-1.486496123120176760e-01
-1.407269106581889861e-01
-1.302421909915482123e-01
-1.384548463883754632e-01
-1.441130571486628487e-01
-1.197317723728374417e-01
-1.419451610236526218e-01
-1.285592114797029506e-01
-1.439688192015883272e-01
-1.357848632309456849e-01
-9.893601352224490331e-02
-1.187225562796567768e-01
-1.322583799293461093e-01
-1.240267003374447286e-01
-1.202276443224311597e-01
-1.303368222405615895e-01
-1.457939457028362140e-01
-1.380829547334344598e-01
-1.267054299416460195e-01
-1.329266404090856946e-01
-1.299899292155981545e-01
-1.302195539212934738e-01
-1.311676164821548862e-01
-1.260747563255497639e-01
-1.224517357355262570e-01
-1.295712205448487087e-01
-1.317266383406793251e-01
-1.166022031180704577e-01
-1.264372115053077339e-01
-1.395935092830104529e-01
-1.224369964011354783e-01
-1.277430129942924153e-01
-1.555774112496002837e-01
-1.437038113630350056e-01
-1.106988019147130686e-01
-1.481805785910234041e-01
-1.396089444265884716e-01
-1.350518381115164424e-01
-1.292250374651371381e-01
-1.547026824199384532e-01
-1.515922500311496501e-01
-1.556858007067487559e-01
-1.356535553421620854e-01
-1.464540892472753486e-01
-1.474016899309391337e-01
-1.466137466716838644e-01
-1.330118461177073330e-01
-1.360329330878204956e-01
-1.300496114171300621e-01
-1.281917334286873378e-01
-1.267507765985593782e-01
-1.526508768797844029e-01
-1.415740755249819127e-01
-1.353743632206292902e-01
-1.349348292631223911e-01
-1.585168130352938576e-01
-1.287891565844804798e-01
-1.549445702654374535e-01
-1.447587342269406885e-01
-1.345853434681573702e-01
-1.321904807769909151e-01
-1.358689200672030806e-01
-1.275179764002617455e-01
-1.326093858383300961e-01
-1.353722982762635696e-01
-9.944234056794964971e-02
-1.321925829048550827e-01
-1.469001406196769333e-01
-1.353860776617454020e-01
-1.158146007302884306e-01
-1.299091928087148240e-01
-1.181813910762298248e-01
-1.562579956152463090e-01
-1.466945145048874632e-01
-1.581615791538399929e-01
-1.491487389009902298e-01
-1.368610538998613069e-01
-1.576514696212258926e-01
-1.333443530636883589e-01
-1.401261149225186409e-01
-1.307833811838963189e-01
-1.568130862549337867e-01
-1.363175793571762551e-01
-1.297942344017634086e-01
-1.477829977619500301e-01
-1.350017436962397954e-01
-1.504673849051860746e-01
-1.393795057905658497e-01
-1.335783958766856294e-01
-1.296481480454169111e-01
-1.333599439388081231e-01
-1.310488266660310153e-01
-1.177385646430810229e-01
-1.061581031152643573e-01
-1.216700216401577217e-01
-1.258557668490224990e-01
-1.375682622374452824e-01
-1.290039997834634411e-01
-1.298057540736191062e-01
-1.211571013323665125e-01
-1.304185508614289501e-01
-1.298780453329627105e-01
-1.150652494756820299e-01
-1.372573151535427805e-01
-1.297326738607850749e-01
-1.442740940440495057e-01
-1.364101103287488903e-01
-1.358046507040474027e-01
-1.497634421028326834e-01
-1.169120852655318177e-01
-1.201562296553119746e-01
-1.337612433595779804e-01
-1.323455322861948336e-01
-1.340947998444793621e-01
-1.330943457893632997e-01
-1.363999766410781134e-01
-1.224763427190795340e-01
-1.169090101283918326e-01
-1.211535930412809825e-01
-1.496212534629974833e-01
-1.399249009504238694e-01
-1.408069769014591577e-01
-1.336588105058003628e-01
-1.298416252564218443e-01
-1.375907802046980044e-01
-1.410436043584117893e-01
-1.556133708960213413e-01
-1.513197176285210332e-01
-1.426203430167518049e-01
-1.377583501237130137e-01
-1.220793040018036679e-01
-1.485185860980322015e-01
-1.467732380352647081e-01
-1.209631636865404480e-01
-1.362239199625445984e-01
-1.354641027424212107e-01
-1.280888266448812207e-01
-1.179088082216419586e-01
-1.330295823380324982e-01
-1.196978470914339954e-01
-1.298534796358034038e-01
-1.574372894056649264e-01
-1.225488908587178405e-01
-1.340776645106176723e-01
-1.266975616899669588e-01
-1.311580432207763436e-01
-1.507869952009801007e-01
-1.472706583257488433e-01
-1.399111839150216086e-01
-1.283028392106190241e-01
-1.347934979536579703e-01
-1.233633250698600303e-01
-1.457175381151677718e-01
-1.241599806377677306e-01
-1.353683049305570707e-01
-1.244102247570200021e-01
-1.202950070268276883e-01
-1.317303140497666225e-01
-1.278031380120725480e-01
-1.429520430138730702e-01
-1.249344401990049036e-01
-1.320554713595939178e-01
-1.488166866249189813e-01
-1.410701769721716958e-01
-1.499046829289906180e-01
-1.088622698492996421e-01
-1.333997502845538918e-01
-1.170471760326967370e-01
-1.519756889798177246e-01
-1.424819132636541696e-01
-1.471526459684661392e-01
-1.328748813835545217e-01
-1.408359889759079331e-01
-1.237649200956439377e-01
-1.369750204122296977e-01
-1.248399179127197556e-01
-1.361311171377334595e-01
-1.284130560061707005e-01
-1.563984376230120321e-01
-1.359749448911009018e-01
-1.349890183334065408e-01
-1.275951783960866948e-01
-1.433933063518741946e-01
-1.334051922377844646e-01
-1.428046590712072073e-01
-1.070164228016365349e-01
-1.368249211031634660e-01
-1.106972115491126063e-01
-1.229098546056454078e-01
-1.209993636884921786e-01
-1.141799690915104026e-01
-1.300130594471389789e-01
-1.046289046208498386e-01
-1.174653932355377850e-01
-1.243092985709793319e-01
-1.304204478687931434e-01
-1.323098103668389758e-01
-1.102124146187686282e-01
-1.424299036112816608e-01
-1.294970554207144353e-01
-1.302501113212872763e-01
-1.350090946416583337e-01
-1.165313625021344723e-01
-1.181937329483293553e-01
-1.086394964859260792e-01
-1.326203934005264484e-01
-1.059105250341108029e-01
-1.149158363973419306e-01
-1.148388822968884337e-01
-9.848169829371844486e-02
-1.231704231738319777e-01
-1.346300894420507932e-01
-1.114300472856913915e-01
-1.130403656008982516e-01
-1.423467659968025156e-01
-1.314539635752165481e-01
-1.375429112342377858e-01
-1.326106887721929528e-01
-1.216088252202189857e-01
-1.069814571280500726e-01
-1.039174769114423746e-01
-9.743076824259377933e-02
-1.137407189516316253e-01
-1.271349691462553277e-01
-9.631661466501750812e-02
-1.261463910479603268e-01
-1.474202694848203432e-01
-1.132629928474487846e-01
-1.383651782877763914e-01
-1.275316429535385820e-01
-1.276435408744206468e-01
-1.213296442637344930e-01
-1.071166538590226369e-01
-1.283843229238653127e-01
-1.060303387912938655e-01
-1.060085408845172772e-01
-1.158048938623042479e-01
-1.140461783491718561e-01
-1.243017822190637944e-01
-1.121750662567335688e-01
-1.082900304776043821e-01
-1.221138447414106820e-01
-1.032720496790150710e-01
-9.858516231162933741e-02
-1.076044773780359398e-01
-1.122041833816652123e-01
-1.156916986603575281e-01
-1.003730440781037403e-01
-1.008757135016761231e-01
-1.286623284743493301e-01
-1.261649173877727459e-01
-9.913048471870952727e-02
-1.137977113359305015e-01
-1.078798147376270611e-01
-1.094793024503504242e-01
-1.186950180189117465e-01
-1.062512705261298984e-01
-8.900589229117672474e-02
-1.046875714126522805e-01
-9.515505853675326753e-02
-1.092808153708620250e-01
-9.383459612809519346e-02
-9.520174239499880342e-02
-1.024965466150015159e-01
-7.444639917335926782e-02
-1.206766859947004944e-01
-1.157816478099649715e-01
-9.263866120734551290e-02
-9.645971208040143852e-02
-8.686924698838882630e-02
-1.136810025015665970e-01
-1.216774458987147367e-01
-8.989350177787860940e-02
-1.099202051974027261e-01
-8.985862968231400627e-02
-1.025963345083169692e-01
-8.388098581002995102e-02
-6.312211472835700665e-02
-1.112805882724606787e-01
-9.166285612660793336e-02
-8.535753532615752981e-02
-9.491254357393842656e-02
-9.249390774841106944e-02
-1.050831759393432846e-01
-1.024559858668227380e-01
-1.010048645944607165e-01
-9.471672928875668473e-02
-7.371799868179541859e-02
-9.595474653497670925e-02
-8.794573683941767084e-02
-8.391656195636115756e-02
-1.132247903112341414e-01
-7.979475330124126409e-02
-9.025460902656534667e-02
-7.622476538725969641e-02
-9.264877368897136978e-02
-8.774605894856341015e-02
-6.104811135629382990e-02
-1.155155083721598336e-01
-7.168430699136063566e-02
-8.103053969074087981e-02
-9.700186741345687147e-02
-8.908088351864403009e-02
-8.754371115006134851e-02
-7.068352150684947821e-02
-6.940662614321291279e-02
-7.886350804356058453e-02
-8.423317279934278146e-02
-8.153906578217312573e-02
-9.934321227576833890e-02
-8.008243038297532812e-02
-6.292962844665173083e-02
-7.296930303749328550e-02
-7.109216672656409886e-02
-7.588802318806442404e-02
-8.451242961831283151e-02
-6.946731973235892310e-02
-7.165428107224479370e-02
-8.784017218047764086e-02
-6.805851626756168060e-02
-5.953117488464623741e-02
-6.451033521746760147e-02
-8.123921119534251167e-02
-8.318990072228990562e-02
-6.324049733289754949e-02
-6.333053115133692457e-02
-6.749842749118407925e-02
-6.612251343368702461e-02
-8.980350986075201491e-02
-7.356750763585354069e-02
-4.654801626201632292e-02
-6.737584771097715475e-02
-5.442464190009467517e-02
-6.537283119021637667e-02
-6.926195928904348154e-02
-7.941204226512016406e-02
-9.235482025732355549e-02
-7.096996634034195839e-02
-8.128566753994062588e-02
-9.524548326647785945e-02
-6.680746525813313630e-02
-7.796990826981554934e-02
-1.017170122026625767e-01
-9.155545943475003334e-02
-7.545512558016717608e-02
-4.564853713275401903e-02
-5.132530864269552184e-02
-5.657347064003691306e-02
-4.511814776472428123e-02
-5.902441025715319395e-02
-7.307505599893143744e-02
-7.562512090519148134e-02
-7.727384857574295940e-02
-7.096788683145344168e-02
-4.571999118167372617e-02
-7.809391430638636111e-02
-7.495070947927340299e-02
-5.933406154668578736e-02
-7.664092044013826044e-02
-6.368601816080000921e-02
-7.455672962722542652e-02
-7.976605552364013363e-02
-6.660875219732205477e-02
-7.706689036697253470e-02
-7.634345187336265270e-02
-8.185110899117170602e-02
-7.071036672705481585e-02
-6.495346298452187028e-02
-5.531649543531734492e-02
-6.581231038943786971e-02
-7.521093227835587425e-02
-8.475348942248744910e-02
-8.115008422248035092e-02
-8.087327475347662331e-02
-8.492260322444358800e-02
-7.455863206281815314e-02
-6.019722840379607143e-02
-4.913302520387827221e-02
-3.900313518811371338e-02
-7.429329546807050821e-02
-7.193142541752664543e-02
-4.933226000294103908e-02
-8.515857256368089545e-02
-8.772457374334127755e-02
-6.356649583777328194e-02
-8.189341392117316376e-02
-8.857522332413787780e-02
-6.962278403034642682e-02
-6.959440658431086113e-02
-5.775001923618496014e-02
-5.401107759877726844e-02
-5.719581387167213538e-02
-7.041788901419046565e-02
-8.345527869858543335e-02
-7.211412874816891527e-02
-6.557791431917209257e-02
-7.196856342526058992e-02
-6.058072176489653904e-02
-8.496836124179146799e-02
-6.184982873030286932e-02
-6.115247523756139891e-02
-7.049509261758390988e-02
-6.764856170033048399e-02
-5.190515504372211764e-02
-7.446350660876674410e-02
-6.207719066943578889e-02
-8.644570062680007050e-02
-1.071225879178872020e-01
-8.059629305502280516e-02
-8.294385814160104564e-02
-8.370222738600222034e-02
-6.158211652756032106e-02
-5.815309445580457703e-02
-6.865966710916782123e-02
-6.985317585444161814e-02
-6.964152383369309751e-02
-7.948408469722545444e-02
-4.211743693512270958e-02
-7.415133158771947119e-02
-9.232555720653104481e-02
-8.583588440884049042e-02
-6.934385626882388909e-02
-6.934434003975536998e-02
-8.221893424986512211e-02
-8.186268175405182757e-02
-7.956627318972853136e-02
-6.964765651906443256e-02
-5.442386365704204865e-02
-8.716471907125006302e-02
-7.409655466517214850e-02
-7.719997830831010210e-02
-7.258475927670471339e-02
-7.264608747071696349e-02
-7.153256631379484309e-02
-6.975661033371680086e-02
-7.041598937110529755e-02
-6.293902320886549107e-02
-7.621909187345213277e-02
-5.744883056413480071e-02
-6.547654250369838724e-02
-7.513046986514575198e-02
-7.281585591212630382e-02
-8.361929136901016801e-02
-9.332127466326056719e-02
-7.913354372010167337e-02
-9.630239125786960175e-02
-8.745492509551544558e-02
-7.574336800100089917e-02
-7.007561774514964315e-02
-4.426866140928437110e-02
-7.671626016096810829e-02
-5.908205705614061332e-02
-8.143995327586972532e-02
-9.908852042619298306e-02
-8.240961942386160199e-02
-9.187738528724787024e-02
-8.316507598022782055e-02
-8.540992462937568863e-02
-7.808230843069963178e-02
-8.455487447987208860e-02
-8.887538732467248348e-02
-8.626486979835357172e-02
-9.136970415087353192e-02
-6.421361973692085723e-02
-9.700558975394601990e-02
-6.074924401571990540e-02
-1.010754969634358735e-01
-6.009269494720592686e-02
-6.892462549826927631e-02
-6.718992165414594542e-02
-7.163548127991958836e-02
-7.215801077258288121e-02
-6.920463754112737842e-02
-5.517781149886991088e-02
-6.723933435480278220e-02
-8.180600862419040720e-02
-1.011659942655399602e-01
-7.049854963822299592e-02
-6.678836972829149676e-02
-8.119606659686762207e-02
-1.048882064474294662e-01
-9.030309032971139960e-02
-8.108251472486927014e-02
-8.460937274234481276e-02
-6.867747619677799786e-02
-1.038769822347058724e-01
-8.197217026479486357e-02
-7.955493408518066190e-02
-7.773101603793319825e-02
-9.614594905073770015e-02
-9.683118493976872188e-02
-6.243655600542696860e-02
-7.687243960992162783e-02
-7.112282724303775616e-02
-8.464072050957804905e-02
-4.921347269279235936e-02
-4.037032278313484879e-02
-8.530590391231568370e-02
-5.132084852970358879e-02
-6.518210709514232759e-02
-8.423067943785023104e-02
-6.844567948076701880e-02
-7.785043108973749293e-02
-8.380056633476112848e-02
-7.486558911188195831e-02
-4.741301488842847300e-02
-7.623095672924706800e-02
-9.468950595853148355e-02
-9.312176968161889334e-02
-9.391430082078416897e-02
-7.815349082934475167e-02
-7.819029878259653454e-02
-8.221354599124430784e-02
-7.284525067259839393e-02
-9.026412533430760998e-02
-7.418877900146703119e-02
-8.892589085183236208e-02
-6.646295345413472111e-02
-9.076052441675730442e-02
-9.309429221106924057e-02
-8.713217018544572312e-02
-9.841890970166550234e-02
-1.036425949583452688e-01
-7.261878042614577922e-02
-7.704108637371842594e-02
-6.602517997950574369e-02
-9.051816758282510422e-02
-6.970857871524926974e-02
-6.062616431339007406e-02
-1.062989655738576511e-01
-8.889052435957350840e-02
-7.323068079289318799e-02
-9.820329843030595196e-02
-7.416418144956143932e-02
-7.370429946051604286e-02
-6.512951320847348846e-02
-7.644037252043134334e-02
-7.117896553903713119e-02
-9.773643048764357744e-02
-7.559676536591908302e-02
-7.658712790726729391e-02
-7.973002257218264610e-02
-8.688319114879250460e-02
-5.898278004948981357e-02
-9.565332440432805505e-02
-8.567478135640016479e-02
-8.642493297978276479e-02
-1.045047366876840633e-01
-6.333754535530161656e-02
-9.121455581171084015e-02
-6.901820920693468864e-02
-8.324303733894433677e-02
-8.226582738200771683e-02
-9.950905365884932241e-02
-9.199176476599268959e-02
-9.096459476097884522e-02
-7.064430127347376409e-02
-8.110884899265413672e-02
-8.093747524195205045e-02
-1.078767496002084325e-01
-9.515756226855176525e-02
-8.624239857228688244e-02
-7.455470103112216140e-02
-8.229980192579866571e-02
-9.893332082162220598e-02
-9.578272297098266996e-02
-9.542864885292479116e-02
-9.712982055972974038e-02
-5.436172519490922728e-02
-8.256202953102909081e-02
-5.981320774092557802e-02
-7.912465706868021531e-02
-7.996997474445344256e-02
-8.455399518792394709e-02
-8.467304481990922671e-02
-7.347143736139194470e-02
-1.017723109402606241e-01
-7.530547433943246549e-02
-9.971323625406103286e-02
-7.923447516753878705e-02
-9.625502631678128918e-02
-1.105657743925356762e-01
-1.081499864790435028e-01
-9.674101761953990408e-02
-9.573018988061898771e-02
-9.076073289948716205e-02
-1.018124278809721117e-01
-6.063283672513342104e-02
-9.116714411241877425e-02
-7.322683991026790462e-02
-9.512336795201858930e-02
-9.546441336194866345e-02
-1.005805198143553403e-01
-9.896255172289913915e-02
-9.355777909814455562e-02
-9.630488635703438050e-02
-5.795577946134267133e-02
-9.616293814178933363e-02
-9.335357359891571782e-02
-1.049245860146338361e-01
-8.133230251440193292e-02
-1.058826348735356637e-01
-7.721680814578923968e-02
-1.033448518030279928e-01
-9.577821170807199191e-02
-1.099972965722506579e-01
-9.969849596118607327e-02
-9.748902613020038466e-02
-1.037956474599296408e-01
-9.849952376758175365e-02
-1.045265367466062800e-01
-7.151114228725452548e-02
-8.086884436209085258e-02
-1.021842656400038241e-01
-1.007586157460789167e-01
-1.025813988715923442e-01
-1.057468491562119084e-01
-1.032741308109195177e-01
-8.471126896138342355e-02
-1.016024291797619217e-01
-7.144987720758155803e-02
-9.677312651357328210e-02
-1.017453494878725051e-01
-8.441313477506284801e-02
-7.645488912706877027e-02
-7.618910355502794829e-02
-8.858644271919546842e-02
-1.008438391783657018e-01
-1.136710414738060226e-01
-9.886276098918866939e-02
-9.755153265775051707e-02
-1.024123553126932151e-01
-9.661624353350617422e-02
-1.036823563482472954e-01
-8.617910110187576578e-02
-1.022322355896290169e-01
-1.141671811543497617e-01
-7.952903163521740648e-02
-9.998246113081910025e-02
-9.977157526461954973e-02
-9.861507691035920065e-02
-9.508060466607071159e-02
-9.837193377344544132e-02
-6.110283955452744387e-02
-1.073290678776944729e-01
-8.532951038571623403e-02
-9.191081936563572086e-02
-9.303528243845426982e-02
-9.351737711446184154e-02
-7.463542225003416686e-02
-5.743453284359023581e-02
-8.356772124272260349e-02
-7.723084509678623810e-02
-8.644051275986996963e-02
-8.186453528998449691e-02
-9.963301121988177300e-02
-9.760438308712171551e-02
-8.143018040272165248e-02
-9.895713983887088894e-02
-9.218137336698495332e-02
-1.174126964494284220e-01
-1.106257670375379032e-01
-9.407060894656082972e-02
-1.061886287658175831e-01
-8.151209567948836110e-02
-1.012109526990738750e-01
-1.050469468740296008e-01
-8.819427273326496675e-02
-9.406428299352209699e-02
-7.849436327779502065e-02
-8.658150631240424389e-02
-1.060791621189449696e-01
-1.052714249612896058e-01
-8.884057318596783048e-02
-8.153762455087565364e-02
-8.767063599495950044e-02
-1.053665753338606237e-01
-1.093956392907675657e-01
-8.701387308215480232e-02
-9.253377540874585527e-02
-8.721452282750918883e-02
-1.043923411885916419e-01
-8.390256383626870651e-02
-1.050102350785573346e-01
-7.961197738435332738e-02
-9.772303671245530232e-02
-1.117335958446799005e-01
-8.631819422063458092e-02
-9.169566655473393446e-02
-6.750932715944801821e-02
-8.262448771273334103e-02
-1.020102557740913962e-01
-8.125956192444783177e-02
-7.390093869708169727e-02
-6.219214249359050761e-02
-8.606538171998368014e-02
-7.248915732163641046e-02
-7.924156233727264187e-02
-8.723680188357119114e-02
-8.111654380902910688e-02
-9.333242755000270563e-02
-9.294076243974158658e-02
-8.306128599336615181e-02
-6.800414729666082181e-02
-8.796421291621014937e-02
-8.021475505359410008e-02
-8.776338594862198583e-02
-8.369997087112612810e-02
-7.835015148407742380e-02
-8.368409098586004902e-02
-1.021397954510421258e-01
-8.441479937049467530e-02
-9.884814631189131617e-02
-8.495669641553105222e-02
-1.006740769348128950e-01
-8.718523759329266376e-02
-9.176523738683250997e-02
-1.029701063279533368e-01
-8.802987533263961772e-02
-9.412198809013028189e-02
-6.918580678871188994e-02
-9.680872952795915864e-02
-1.032209126234595598e-01
-8.427328288539470691e-02
-1.083894360521973077e-01
-9.512582211327891279e-02
-1.269714152813610220e-01
-1.055481732138687789e-01
-7.800678753726630887e-02
-1.020002013355936210e-01
-9.137051562054243625e-02
-1.062435178036176264e-01
-9.327122969742585035e-02
-9.460828423858846925e-02
-7.236200796635716692e-02
-9.643169369323589812e-02
-9.131905678207608013e-02
-8.616297937992789535e-02
-1.051358519075051845e-01
-6.965111634889020742e-02
-8.622637319739889783e-02
-6.252360190187467026e-02
-9.206213935412610461e-02
-7.656814678139678421e-02
-8.824655406966841475e-02
-8.297692350138152761e-02
-8.709419917436433956e-02
-9.086641623998992223e-02
-8.543496788601068204e-02
-6.231490481818480198e-02
-7.826602054228026795e-02
-9.968172712230360943e-02
-7.323452339882940976e-02
-7.430273170298162810e-02
-5.804483686954853283e-02
-8.858649666657880672e-02
-9.851678563186161419e-02
-1.094435765534318428e-01
-1.003046379789280795e-01
-9.953392059671184455e-02
-8.295815554022478722e-02
-1.017332143931948263e-01
-8.565598327403090018e-02
-7.902150179198619284e-02
-7.693341154029798012e-02
-8.185950061559132962e-02
-1.204731939006422614e-01
-9.510394139124889179e-02
-9.257061960918533394e-02
-9.144927607602015840e-02
-9.353700473502435386e-02
-7.338391509082420328e-02
-7.057116761403614547e-02
-8.331697028588069820e-02
-8.251750240062194486e-02
-9.949272754354709924e-02
-9.398687758106616386e-02
-8.921975456310460295e-02
-9.452108063040665087e-02
-1.012474935634029016e-01
-9.187643907020359713e-02
-9.259196353282073133e-02
-9.643595028188434171e-02
-9.647178389549182498e-02
-9.946407793015010768e-02
-9.101678306021288023e-02
-9.639291586596954176e-02
-1.046033998477060578e-01
-1.094253882997813232e-01
-8.419948678918687257e-02
-9.030870195722862093e-02
-1.074672545044759175e-01
-1.070115518302450219e-01
-8.580912180386945920e-02
-8.909912670733644013e-02
-8.362262012161236768e-02
-8.558341473367958585e-02
-8.554476361028973130e-02
-7.230433178468942401e-02
-9.287909935408111828e-02
-9.519667238896878381e-02
-7.957989633981044086e-02
-1.063650460982543677e-01
-1.215530169179899200e-01
-9.936830934813190019e-02
-7.448002206329706887e-02
-8.753514297290676538e-02
-1.136473068971990408e-01
-8.150239925342872560e-02
-1.033756823495401989e-01
-8.244737375541966173e-02
-8.587697511195679922e-02
-9.334593043093808440e-02
-8.423112090023532339e-02
-7.670079347605640585e-02
-9.258485525083637313e-02
-9.250725132292192399e-02
-7.149869620440529872e-02
-6.401072220155468173e-02
-7.875622314747343644e-02
-6.330037758498008316e-02
-5.702561108907389098e-02
-6.501316478904795026e-02
-7.725908575676188050e-02
-7.400580054012650955e-02
-7.094124289340641987e-02
-8.301839309871938966e-02
-9.464821143260904179e-02
-6.864753975837545319e-02
-1.098596618949641002e-01
-9.114549769845825544e-02
-1.137901437020671924e-01
-9.716144170937113245e-02
-1.007930447412030972e-01
-1.041194287008124775e-01
-9.848132990305757950e-02
-1.048733897686244809e-01
-1.090418355199354039e-01
-8.607824609675995831e-02
-8.623341207646606499e-02
-9.115853900553227973e-02
-8.441188624558071396e-02
-8.707454836822625666e-02
-9.267981480825415730e-02
-8.319187317223830647e-02
-9.163340191430924264e-02
-8.483478976947456118e-02
-8.765072003417451185e-02
-9.827503695878370138e-02
-8.921124648667344559e-02
-9.990417346583901903e-02
-4.732013926733547038e-02
-7.858689667934370959e-02
-9.821166671336056808e-02
-8.189872890090299506e-02
-9.902446531658570805e-02
-9.881859156369143804e-02
-9.995682006117023732e-02
-9.206563540994361361e-02
-9.611485716038492555e-02
-8.169252722539255274e-02
-9.113323030745412723e-02
-8.834472826187100836e-02
-8.604866833503477253e-02
-1.004753954385759762e-01
-7.614926035822389139e-02
-8.532332093907246673e-02
-8.562478281199936703e-02
-9.213615257992069374e-02
-8.603363225165816530e-02
-8.669501414216895796e-02
-9.103710342393700472e-02
-9.057461572122882387e-02
-7.350478430893225834e-02
-9.496081743162365640e-02
-8.583364720448338758e-02
-8.070540890690569569e-02
-8.307081504001478933e-02
-8.071394304497614414e-02
-1.028172906330384606e-01
-8.750676386712852306e-02
-8.095542894952245661e-02
-9.958628719908224625e-02
-1.096928893301325481e-01
-8.311774767437496436e-02
-1.056617256848273456e-01
-8.644288708524161535e-02
-5.766461160227009941e-02
-7.377519681841882004e-02
-1.112449503231007775e-01
-1.007543430812054552e-01
-1.023853489605532907e-01
-9.444330385010601958e-02
-7.911228891044608247e-02
-1.143913647469476658e-01
-9.956429742055261656e-02
-9.341846544589937906e-02
-9.805040284240362780e-02
-7.381600181580649789e-02
-8.689444339886343016e-02
-8.757138751014137412e-02
-1.015401536000863914e-01
-9.647370631046481293e-02
-8.826219197724283205e-02
-1.180489082423075153e-01
-1.007982621055116823e-01
-9.812683783202480470e-02
-1.040968659367251803e-01
-8.113486948743631189e-02
-8.954264629991248725e-02
-9.486231887068052870e-02
-1.051868347556119687e-01
-1.088162521904316726e-01
-1.002434776971479202e-01
-9.922376589579506856e-02
-9.600521666107741936e-02
-1.067395869506913009e-01
-8.548648656786150823e-02
-8.183394224549367379e-02
-9.503673953771452076e-02
-9.216024411434853292e-02
-8.012785827183765974e-02
-1.075747018115027487e-01
-9.778893101383845377e-02
-9.347500434517330703e-02
-1.021050699680636775e-01
-1.083429687734858149e-01
-1.083089698020196501e-01
-9.059052894182784144e-02
-8.355888282936474454e-02
-9.089174379311382168e-02
-1.027593382397098409e-01
-1.073649722992295885e-01
-9.482028151588650644e-02
-9.719315131882755310e-02
-9.277022081640273754e-02
-9.373204381699729026e-02
-8.713243040997564748e-02
-9.104880816005289645e-02
-9.475510644284579342e-02
-7.953652622182127985e-02
-9.549418442699320053e-02
-1.080735776869570230e-01
-7.479468235337272120e-02
-1.062608792951227343e-01
-9.085548638591633974e-02
-8.873837387939653709e-02
-1.074926644613549698e-01
-9.702660129671247802e-02
-1.000206345889917969e-01
-8.638051735045149115e-02
-9.836955268796154783e-02
-9.745391666274372255e-02
-9.740150845636375010e-02
-1.110781788426660199e-01
-1.094438742482100047e-01
-9.068632056477232695e-02
-8.296099071350893084e-02
-1.133437948938387230e-01
-1.249202908824753600e-01
-9.068631392562886973e-02
-7.520059726692762680e-02
-9.229026439973830875e-02
-8.320354906462501532e-02
-1.098546929165005182e-01
-8.156257670012134753e-02
-8.753500788659085430e-02
-8.448831049784955027e-02
-1.094064976798003741e-01
-9.467252636658951559e-02
-1.148942951844222904e-01
-1.001902048027627501e-01
-7.837368424415824819e-02
-8.566315348519482065e-02
-1.056025066770891474e-01
-1.074837607154017771e-01
-7.795101151341032875e-02
-8.199806603421677664e-02
-1.147344894160866602e-01
-9.161135911200402049e-02
-1.059124415290693122e-01
-1.241276753650781828e-01
-9.093738384862182222e-02
-9.725536161680081726e-02
-1.016462665157229495e-01
-1.047936973925227555e-01
-9.170810205156376682e-02
-1.000221084296271101e-01
-8.601564947083328860e-02
-8.353573516526546783e-02
-9.386638226559806952e-02
-9.579641497510982262e-02
-7.026869190223128392e-02
-7.368355695230821567e-02
-9.087545593724133397e-02
-8.924706464288023611e-02
-9.109491396171920385e-02
-1.129270713120855696e-01
-1.009974887943272392e-01
-9.136878437249684737e-02
-9.835869684472919872e-02
-7.290651158978178614e-02
-1.139718689787434514e-01
-1.225002028812580690e-01
-9.050187934543640900e-02
-9.834818842345827150e-02
-9.623032935308195590e-02
-1.008999444538214441e-01
-9.915415726777276895e-02
-9.065361827663909189e-02
-9.868380927261299895e-02
-1.001803606825426574e-01
-1.103913405284566718e-01
-9.567348548751408721e-02
-8.943175496053368256e-02
-1.055295177249619964e-01
-9.950845979028311028e-02
-1.082876667287844263e-01
-1.107476296062763765e-01
-9.510031540681551654e-02
-1.072802019908132287e-01
-9.198162171584778335e-02
-1.057813920887205050e-01
-9.597271368070670050e-02
-9.102852949124695670e-02
-1.256554144409955942e-01
-1.265340617012793434e-01
-1.099254148988337842e-01
-9.293108433961716486e-02
-8.666184456519943069e-02
-9.682673624661530809e-02
-9.874491624746828400e-02
-9.044999120599661602e-02
-9.632318909330761514e-02
-8.186116269072418739e-02
-1.060975601706859450e-01
-7.924447769777165362e-02
-8.794765749950483880e-02
-9.076994332091770090e-02
-9.486415131054970473e-02
-1.045040908953753789e-01
-1.016565512630673851e-01
-8.779351385517841777e-02
-1.056268021388366840e-01
-8.258024555972509617e-02
-1.192309553546233580e-01
-9.658430192522127200e-02
-1.012680292843235463e-01
-1.139775693117437427e-01
-9.890299517646550242e-02
-8.991713052829908293e-02
-1.070945643116734125e-01
-1.045681288066564463e-01
-7.654371975497342717e-02
-9.403305169994569113e-02
-9.625757347164531907e-02
-8.355945028113476170e-02
-8.812305725939806322e-02
-9.000570723169332155e-02
-1.047114562998725518e-01
-9.521340422476010090e-02
-1.008414854003678585e-01
-7.985088940705908911e-02
-1.082317049331074088e-01
-9.707418649798249533e-02
-9.347526003043071796e-02
-1.076125180963170003e-01
-1.185120685870444390e-01
-9.348118048043563277e-02
-8.995197478390526413e-02
-9.883012130185875321e-02
-9.715054364785968843e-02
-1.146088002684453322e-01
-9.117420056398284345e-02
-1.003865711851594789e-01
-1.047249178529812141e-01
-1.147130089613623838e-01
-1.014117688726874356e-01
-1.033423468486796004e-01
-8.264787430684661373e-02
-1.034959581299061959e-01
-1.006423559560096770e-01
-7.470148469213588882e-02
-9.344833480747150034e-02
-1.201402905033948088e-01
-1.113306876607547125e-01
-1.041389274804942477e-01
-1.061537069705131842e-01
-9.881192796265225731e-02
-9.756621711155477605e-02
-9.163274032698187632e-02
-1.057807821821239447e-01
-8.110040199867607491e-02
-1.038191039333058452e-01
-1.104475165395990555e-01
-1.021035628044288934e-01
-1.028747909912446357e-01
-9.891000722678611190e-02
-1.153439226061989675e-01
-9.140999487435297333e-02
-8.806710771363435164e-02
-9.428788466324222739e-02
-7.914916073110145334e-02
-9.694359241246752745e-02
-1.027811597718424341e-01
-1.008604663613985597e-01
-1.018193040428294616e-01
-1.026404033179448838e-01
-1.142617772742742233e-01
-1.030207713380268952e-01
-9.359855770755842741e-02
-9.080906405081301536e-02
-9.843521901390683837e-02
-8.697819209153356823e-02
-1.146326520104739011e-01
-9.927820279476140541e-02
-1.074858298919496580e-01
-9.941787095631937632e-02
-9.838366299512446567e-02
-6.875829446800585387e-02
-1.015296172872472980e-01
-1.092199133842250980e-01
-1.242315507364200045e-01
-9.939316602794301403e-02
-9.612184893925612705e-02
-1.077435320765254279e-01
-1.170851263291434741e-01
-9.808099851822804638e-02
-1.071892294235567977e-01
-9.676675809433721298e-02
-8.863980592092945976e-02
-1.121958717536328809e-01
-1.026820592576880298e-01
-1.060812536172219822e-01
-1.083000180301230131e-01
-8.713373363619525414e-02
-1.040354499002209554e-01
-9.314118931104853338e-02
-7.912672458545011445e-02
-8.533960502527726533e-02
-1.002121494355261433e-01
-9.229751013978737539e-02
-9.115564456755853584e-02
-9.322604425109037862e-02
-1.043013664793690509e-01
-9.846457473856684572e-02
-1.077241740023942018e-01
-9.086196252151523822e-02
-8.397134385406346269e-02
-1.012298824704727096e-01
-9.520068962954497671e-02
-1.046126906333311180e-01
-1.011247846275782347e-01
-7.968577345388960786e-02
-8.339168316467349129e-02
-9.419913932566870152e-02
-9.705141167673114744e-02
-8.269739414525378862e-02
-8.976340824381789929e-02
-1.027969436248328261e-01
-9.595970722325719571e-02
-7.961863722347772843e-02
-9.735445503319106741e-02
-1.068971291991869244e-01
-8.985741716711515004e-02
-9.378016807307032465e-02
-9.651880977104765336e-02
-1.093421209864378074e-01
-1.000422592692686852e-01
-8.925017107334820565e-02
-9.626013465416316528e-02
-9.289634529714585476e-02
-1.004798553315207066e-01
-8.544054206916729122e-02
-9.732938011847203086e-02
-8.898535858714140545e-02
-7.805327678818319015e-02
-9.535327808341853562e-02
-8.036133622148766698e-02
-9.973248983267635204e-02
-1.008072485841593480e-01
-9.121742774801511189e-02
-7.856727986852574119e-02
-9.264642826196411995e-02
-1.005080261315056678e-01
-1.139474046751751679e-01
-9.275267481839222228e-02
-8.894159012677116394e-02
-1.020412585776557801e-01
-8.849294635015358956e-02
-9.801819109269382935e-02
-9.898607590627617192e-02
-1.026376733187044366e-01
-8.794439328496861386e-02
-9.819988474698759795e-02
-8.566602236728537711e-02
-9.548252395853262797e-02
-1.031009081131153415e-01
-9.172834412830743744e-02
-7.623941856390503702e-02
-1.178597177779410199e-01
-1.004703687764920694e-01
-9.942871066307334971e-02
-9.843453656801104401e-02
-1.040692003165928359e-01
-1.053033436134698242e-01
-1.256569429177645247e-01
-1.042618091338189945e-01
-9.790749831502920664e-02
-1.081683031552322927e-01
-1.102764623183316584e-01
-8.897492184033084506e-02
-1.088525453842466018e-01
-7.608519147059644716e-02
-9.331668091470390891e-02
-1.060755957773105163e-01
-9.586851689848008284e-02
-1.205339689513156287e-01
-9.678942498020881580e-02
-1.050285553458008003e-01
-1.003156908875826314e-01
-9.825538130258393288e-02
-9.599732558914975122e-02
-1.006036300885464474e-01
-9.388181466098188821e-02
-1.015315147098023729e-01
-9.561228370250662856e-02
-1.030467199573164017e-01
-1.040719690771338968e-01
-9.971490656255799223e-02
-1.040913580755440382e-01
-9.752151921510576749e-02
-1.107300144914233897e-01
-9.698085295225333802e-02
-1.060833365007973761e-01
-1.102864054651835346e-01
-1.108137086849272368e-01
-9.833304889923089043e-02
-1.149533920752938698e-01
-1.056622615354192440e-01
-1.077569853410906831e-01
-1.180628432169252839e-01
-9.560637808187255615e-02
-1.006911087498225665e-01
-1.173570915087824851e-01
-1.147880386061339575e-01
-1.041403911023875972e-01
-9.621564233671475730e-02
-9.507255498742983590e-02
-1.025207219973012229e-01
-9.911875040504369849e-02
-9.532481466489750588e-02
-1.067268308880655603e-01
-9.857778575852838010e-02
-1.124049771710035062e-01
-1.015047183407922216e-01
-9.141600609104294506e-02
-8.603258196689422821e-02
-1.084547964258367747e-01
-1.033286001982678393e-01
-1.026622269536539012e-01
-1.061687449072390432e-01
-9.944301626038443143e-02
-9.544553724478954670e-02
-1.053249572820824653e-01
-9.889665261059898960e-02
-9.688754105674235451e-02
-8.230351830547699699e-02
-1.023291268322331637e-01
-1.044053928290566979e-01
-8.387305692875413055e-02
-1.068475631206610155e-01
-9.502558631604962613e-02
-1.053391344752291348e-01
-1.064379965595040334e-01
-9.495661257664078647e-02
-9.574263725037668316e-02
-1.020643110168724110e-01
-1.057897897564982204e-01
-1.014178864918934275e-01
-9.961806283495655556e-02
-1.109470063716997412e-01
-9.504831883981490481e-02
-9.514366175922339686e-02
-9.542807004597053666e-02
-1.169067464900945819e-01
-9.957292209809642802e-02
-1.076313042141509024e-01
-9.473460199790828540e-02
-1.012281324955579542e-01
-1.119240534320236069e-01
-1.179936759800573887e-01
-8.358621675807509366e-02
-9.597502954297887356e-02
-1.049557917867250945e-01
-9.615069428098610427e-02
-8.824411230692108532e-02
-8.584966288977158300e-02
-1.016525915366452981e-01
-1.102636715795699551e-01
-1.086603512648789405e-01
-1.007682016445737849e-01
-9.991729059637910471e-02
-1.159939836149407322e-01
-1.043394770681415062e-01
-9.103974489483790400e-02
-1.071103788794783851e-01
-9.441908782299124336e-02
-1.047577607693975787e-01
-1.163404896725787063e-01
-1.129132068757657814e-01
-1.029910251825244538e-01
-1.142663101372320966e-01
-1.098308153525837660e-01
-1.126624628561287977e-01
-1.258161319822299617e-01
-1.127640730575768524e-01
-1.203592569129376955e-01
-1.125275688804682206e-01
-1.239757226116078304e-01
-1.022749399338001020e-01
-1.175970626039428701e-01
-8.495786664082760620e-02
-9.905795422245511350e-02
-1.164668684959766498e-01
-9.829064214707683433e-02
-1.040718913776637056e-01
-1.077228598110028246e-01
-1.065736769153353691e-01
-1.048026059489615136e-01
-1.223148379389253915e-01
-1.194526752347542242e-01
-1.060565214762672070e-01
-8.878467067342654673e-02
-1.055746033627110725e-01
-1.047859355407458892e-01
-1.076335118788935841e-01
-1.105722143107016331e-01
-8.460610060596840398e-02
-1.014896615902252108e-01
-1.003749129740755253e-01
-1.040642996078098292e-01
-1.012987080479178514e-01
-1.016131881925607106e-01
-1.091393227494580342e-01
-1.121254979754600090e-01
-9.870643564334458109e-02
-1.118921312584078009e-01
-1.115933415601395584e-01
-1.047477422286904325e-01
-1.148995073636386310e-01
-1.135865855420760129e-01
-9.887803883056323073e-02
-1.047624882798846579e-01
-1.202632300266011089e-01
-1.077070566625557557e-01
-1.049246648411834570e-01
-1.183585725541084210e-01
-1.159998765645645635e-01
-1.206390483639069311e-01
-1.112716628953278608e-01
-1.210636630346562104e-01
-1.004899553215078400e-01
-8.564088370864908484e-02
-1.141887454005282576e-01
-1.055015036531107286e-01
-8.544296563836117908e-02
-1.004273177669351425e-01
-1.210394561576205730e-01
-9.578983538850138757e-02
-1.139385652829338902e-01
-1.132081067495551707e-01
-1.139659997572790573e-01
-1.238939598549990695e-01
-1.101818658377221594e-01
-1.132066056619821515e-01
-9.791007908550386496e-02
-1.211930038958966005e-01
-1.163261237702264417e-01
-1.235010758014576382e-01
-9.860653548508480082e-02
-1.093187551930807633e-01
-9.750932284418134532e-02
-1.078001477896466387e-01
-1.063940526686375510e-01
-1.161824957805196457e-01
-1.153492054130353939e-01
-1.146555132509033958e-01
-9.438007364434897184e-02
-1.140499864632542604e-01
-1.061996643398136486e-01
-1.154952286565618103e-01
-1.123273767969080739e-01
-1.010019337109037130e-01
-1.103916216266567218e-01
-1.222680092580716860e-01
-8.541558607310550943e-02
-1.016946737137508494e-01
-1.049245281881113767e-01
-1.045785123576054021e-01
-1.005537552415364244e-01
-1.090365703354313487e-01
-9.594286518098638084e-02
-1.197568078100946787e-01
-1.059365458912769897e-01
-1.195378081231116552e-01
-1.086832995823965309e-01
-1.065119080056621259e-01
-1.157377724322717905e-01
-1.207467091004772453e-01
-1.100042721794339817e-01
-1.138706738061583401e-01
-1.169994405722596387e-01
-1.166201406091982307e-01
-1.151325683261260613e-01
-1.235363545496441784e-01
-1.044535534844029945e-01
-1.242366662418602496e-01
-1.140093605241075947e-01
-1.025630731503258675e-01
-1.129838052319298569e-01
-1.128909359316722094e-01
-1.068016666022139072e-01
-9.993209532699165454e-02
-1.006098860289921237e-01
-1.223818944831274180e-01
-1.118418678593735560e-01
-1.114441158551572331e-01
-1.074176294014170807e-01
-1.062748933508705917e-01
-9.365605954741118566e-02
-1.073823292915183636e-01
-1.071405340647254567e-01
-1.191671004824886859e-01
-1.121834214406748353e-01
-1.146902241615055384e-01
-1.041510981243143341e-01
-1.245576845152958079e-01
-1.135934219072702867e-01
-1.021547967371091437e-01
-1.011078348418295025e-01
-1.157069600865713310e-01
-9.959597876284398410e-02
-9.489144683552686033e-02
-1.082344219091702087e-01
-1.020284050395922071e-01
-1.079252272044368688e-01
-1.132621838503575784e-01
-1.134070291909643480e-01
-9.113598203382622387e-02
-1.143321975402673552e-01
-9.305939067753676852e-02
-9.447430559208347400e-02
-1.061645064708093278e-01
-1.095058509132978974e-01
-1.051806466171092413e-01
-1.155777818705584492e-01
-1.116476390690057663e-01
-1.032744330547510359e-01
-1.164535745807869782e-01
-9.083279292760892965e-02
-1.188678098604519784e-01
-1.077574105872876054e-01
-9.204652322354589522e-02
-1.187642022002005637e-01
-9.656664374254908534e-02
-1.030718066782642106e-01
-1.074058454024656717e-01
-1.169871615431680167e-01
-1.011541497181351890e-01
-1.212949404947906151e-01
-9.903677125789600577e-02
-9.956730364806509748e-02
-1.143328445717645137e-01
-1.108450787646663160e-01
-1.223423560105983410e-01
-1.031869366393444176e-01
-1.096204790153716413e-01
-1.042150872043793863e-01
-1.248380940543038498e-01
-1.001513641714385505e-01
-1.127373309706345972e-01
-1.141083293752689354e-01
-1.059359181935639049e-01
-1.102035671042169152e-01
-1.051774952263752061e-01
-1.075543517721330167e-01
-1.298735979349585068e-01
-1.194182749482030625e-01
-8.633836768314151477e-02
-1.090305378275548687e-01
-8.983008804732794950e-02
-1.152985187135285861e-01
-9.578625188668279944e-02
-1.028481810903182914e-01
-1.175598024065863112e-01
-1.135445844231051105e-01
-1.214854575978590590e-01
-1.137593851176820769e-01
-1.130961569143693057e-01
-1.112158915233643630e-01
-1.107266299828758571e-01
-1.304387178411015036e-01
-1.071495355230405733e-01
-1.049596833118041084e-01
-1.080044875079895217e-01
-1.184616246297384712e-01
-1.110967628733755819e-01
-1.111675103927906028e-01
-1.194629908939994767e-01
-1.089274387582146453e-01
-1.155394262367952507e-01
-1.054786372343834988e-01
-1.161306167813851986e-01
-1.093556116318727955e-01
-1.295796041093699724e-01
-1.023770656966814796e-01
-1.277112871453991993e-01
-1.040696603920147068e-01
-1.262803384090737668e-01
-1.083687343767456013e-01
-9.679199635564605941e-02
-1.151286956093350300e-01
-1.155290737797460277e-01
-1.069490381038987747e-01
-9.684373952796532237e-02
-1.125000731867120130e-01
-9.658701767940502947e-02
-1.264276822523855426e-01
-1.054479467674189763e-01
-1.154643215469639550e-01
-1.081413001451435596e-01
-1.088826856747582839e-01
-1.269113692322937914e-01
-1.034716813406909575e-01
-1.089788876162072206e-01
-1.063027063675666128e-01
-1.347777110018644198e-01
-7.981817077294511842e-02
-1.251754300811630527e-01
-1.073497177369060473e-01
-1.132093185112078570e-01
-1.265656745179986054e-01
-1.101746780975088047e-01
-1.171942881580839702e-01
-1.150335395129435945e-01
-9.118898282531850974e-02
-1.087978701520267988e-01
-1.303912900717797418e-01
-1.279776863549906274e-01
-1.127339461165073886e-01
-1.081471805186269841e-01
-1.268326314553268608e-01
-1.129422817422092162e-01
-1.147071810125886993e-01
-9.975736262460421777e-02
-1.300856161964114577e-01
-1.201888934000300835e-01
-1.064769372159805605e-01
-1.449784126194167966e-01
-1.075756029578320838e-01
-1.125755375833819572e-01
-1.080543251315495556e-01
-1.216330423555732620e-01
-9.979996872327645541e-02
-1.037639637136364978e-01
-1.041587679570903369e-01
-1.112213312659507958e-01
-1.085614252663884560e-01
-9.834432875991050427e-02
-1.046889682792531695e-01
-1.158550770330469826e-01
-1.141739554119967082e-01
-1.149524271732806358e-01
-1.025433484706450016e-01
-1.349802873188713503e-01
-1.155183355601637207e-01
-1.285836671807475962e-01
-1.110402982445675701e-01
-1.174332278970176002e-01
-1.060495182333272002e-01
-1.259732638850067366e-01
-1.236477382339985498e-01
-1.307109457126628405e-01
-1.202063701428050524e-01
-1.073016094733348913e-01
-8.797107113348545671e-02
-9.826862523968876717e-02
-1.116522217752993762e-01
-1.082886622734831050e-01
-1.080848566117440512e-01
-1.272502858141944526e-01
-1.203632377161530376e-01
-1.164672867629304442e-01
-1.267172642351850897e-01
-9.627583853494259269e-02
-1.221163287100701100e-01
-1.087688254966464596e-01
-1.092163406969481887e-01
-1.101308445842945072e-01
-8.612889054774852671e-02
-1.061606816778893347e-01
-1.185824690503350376e-01
-1.126858867159107325e-01
-1.012464452909360713e-01
-1.222556329353396976e-01
-1.122142297896883134e-01
-1.034321524312842300e-01
-1.261487819404905064e-01
-1.195072888142790779e-01
-1.137641825008821606e-01
-1.237349072038651521e-01
-1.099070078855006183e-01
-1.077102792691897459e-01
-1.104463385789798968e-01
-8.929559519915586385e-02
-9.705307446319388909e-02
-1.122396979837089193e-01
-1.121736448865043867e-01
-1.161629418218197429e-01
-1.028836494173167582e-01
-1.157979786809589795e-01
-1.108339915149171295e-01
-1.243204021703442352e-01
-8.852536126754773083e-02
-1.038291747171522506e-01
-8.796377323730297793e-02
-1.093568342114674685e-01
-1.209076995156871948e-01
-1.164763523261825306e-01
-1.016594037568472331e-01
-1.201764152698471810e-01
-1.168847698746585673e-01
-9.813117325284370640e-02
-1.222091380362255730e-01
-9.875073765625980160e-02
-1.110895718242058128e-01
-1.106287248250124589e-01
-1.102087795236236234e-01
-1.150582496869900773e-01
-1.192998687942572467e-01
-1.204703458580389519e-01
-1.116561003391449702e-01
-1.138966992880692253e-01
-1.150134157364215426e-01
-1.174819857311715232e-01
-1.115943377394048586e-01
-9.883230350009297727e-02
-1.204557651827972142e-01
-1.068604529104018042e-01
-1.245372772215778134e-01
-1.062537205495804882e-01
-1.088571398730207029e-01
-1.151098330348217513e-01
-9.441095763502027616e-02
-1.251236961791644675e-01
-1.067279430410791319e-01
-9.213205783011646499e-02
-1.043840164783796931e-01
-1.237176893163061120e-01
-1.274953227727613214e-01
-1.036645453337766698e-01
-1.168216075289474354e-01
-1.221790665222503014e-01
-1.165243278866909815e-01
-1.179391784469561166e-01
-1.117957814312849907e-01
-1.215479006516778648e-01
-1.217200232281800965e-01
-1.125765244305372281e-01
-9.753716928213929105e-02
-1.101231181382859026e-01
-1.224678486560879520e-01
-1.148947498878643003e-01
-1.232282799565228570e-01
-1.116345792246755675e-01
-1.090148027705990508e-01
-1.299465351363950916e-01
-1.049564802308644573e-01
-1.270200983258727989e-01
-1.080029395379611401e-01
-1.062834375771805062e-01
-1.083057939644378465e-01
-1.177968338695201123e-01
-1.017625025228643398e-01
-1.259489010384494678e-01
-1.222472292574139363e-01
-1.117005345863660848e-01
-1.185385790977162568e-01
-1.272687574287479917e-01
-1.104365037595531618e-01
-1.126672059645525970e-01
-1.103301534327181255e-01
-1.105062501848403933e-01
-1.068600361826923528e-01
-1.122971237795908905e-01
-1.154806297703265816e-01
-1.058591757756641716e-01
-1.136584523384600587e-01
-1.251126206388937234e-01
-1.188662002889704361e-01
-1.294164704625455631e-01
-1.007373130711464171e-01
-1.119407425914940024e-01
-1.141629540131865461e-01
-9.882854997794887630e-02
-1.214396273810116611e-01
-1.223152241422091890e-01
-9.532479933887127999e-02
-1.342126751000987106e-01
-1.067773506385600868e-01
-1.159933823303924694e-01
-1.208934495513320773e-01
-1.259783948041943713e-01
-1.242583848938112467e-01
-1.196239535014393951e-01
-1.025799402030196372e-01
-1.080260882776966636e-01
-1.028436999354731540e-01
-1.013127243661053889e-01
-1.150230336488551330e-01
-1.187755488092252509e-01
-1.184958499967976309e-01
-1.145483544351726390e-01
-1.300859205636797356e-01
-1.189362286778155031e-01
-1.109107245821563392e-01
-1.042428921807392328e-01
-1.355572887831704154e-01
-1.168226464642019291e-01
-1.044480424979818967e-01
-1.091145383327924989e-01
-9.267268937652395344e-02
-1.161550103345267981e-01
-1.083744876827399395e-01
-1.189725693161090003e-01
-1.104263930363902357e-01
-1.131190133147814691e-01
-9.609184183745034247e-02
-1.011396057048243868e-01
-1.171855195335000932e-01
-1.079329365439178900e-01
-1.196084506272283576e-01
-1.191524080603587610e-01
-9.191589256565024790e-02
-1.179587691626196033e-01
-1.023218270061641011e-01
-1.235802136014909625e-01
-1.112852134431960849e-01
-1.176562601169197642e-01
-1.077795680435100767e-01
-1.192246750548988654e-01
-1.097779980714215231e-01
-1.301232629955322295e-01
-1.132913490487101882e-01
-1.356940537512401068e-01
-1.022326685710339689e-01
-1.122430583077134170e-01
-1.213911829444920265e-01
-1.302285384418682135e-01
-9.501000944514981228e-02
-1.296842056345859362e-01
-1.026281558376560543e-01
-1.097266261225406936e-01
-8.620972815680549850e-02
-1.172238070649271879e-01
-1.104481131933705562e-01
-1.039102144459376209e-01
-1.161439239559085568e-01
-1.192098068327480664e-01
-1.279182990958036559e-01
-1.107546849154390500e-01
-1.230675735037167762e-01
-1.089252007460530525e-01
-1.246439783643241705e-01
-1.052718176671958439e-01
-1.207223344131241882e-01
-1.272236585954150678e-01
-1.140114497509120417e-01
-1.082736259471108742e-01
-1.048239184829136139e-01
-1.017270011222324300e-01
-1.047589194014402203e-01
-1.157352330426715259e-01
-1.105986899472024554e-01
-9.101642801918230496e-02
-1.089875483943403278e-01
-1.221141173070693364e-01
-1.098640827878337722e-01
-1.081386915071773647e-01
-9.881624722731063848e-02
-1.121645577076763045e-01
-1.332483370784445231e-01
-1.156827888727520737e-01
-1.198261875792576703e-01
-1.117943709233273353e-01
-9.920924643619721817e-02
-1.134309286720885934e-01
-1.127980033686060146e-01
-1.012097056472901491e-01
-1.221222513646712526e-01
-1.226614197435473841e-01
-1.162585852605353409e-01
-1.160716664520831110e-01
-1.161045302656288358e-01
-1.056748630664484656e-01
-1.214892473491056002e-01
-1.363019139987755590e-01
-1.276743766470533892e-01
-1.223851778479077002e-01
-1.002000721580680320e-01
-1.182593901116315571e-01
-1.191048848157234552e-01
-1.150264570929360186e-01
-9.884941096050425813e-02
-1.143426379356751177e-01
-1.119056063158747616e-01
-1.243189788550227437e-01
-1.328252292673817170e-01
-1.311051441709512044e-01
-1.069707168632230143e-01
-1.087143486092747580e-01
-1.211780211506849891e-01
-1.195248919173192981e-01
-1.105504252298168399e-01
-8.625176507868781428e-02
-1.096138556876862236e-01
-1.225682629163058479e-01
-1.189594314880024761e-01
-1.090330943046060597e-01
-1.098785150032819402e-01
-1.194164164164184250e-01
-1.209149434544680712e-01
-1.225428595839679335e-01
-1.366128683682577005e-01
-1.018714224257135648e-01
-1.176721059476382170e-01
-1.326631690075443792e-01
-1.411401507107308273e-01
-1.288530765842712533e-01
-1.030275446750446022e-01
-1.312237425190481144e-01
-1.116951585744641040e-01
-1.158332585646151269e-01
-1.295988992646375237e-01
-1.361440502639021943e-01
-1.286306988934622364e-01
-1.089973484474029419e-01
-1.202469851130281153e-01
-1.268447165680128830e-01
-1.161059369234325178e-01
-1.225094539712701103e-01
-1.069296056136301853e-01
-1.212848530094638999e-01
-1.187243959728057074e-01
-1.333327677725104632e-01
-1.136728179307606723e-01
-1.011498791890153015e-01
-1.240291646208671050e-01
-1.143282451235014818e-01
-1.118160477903298311e-01
-1.048191460715608425e-01
-1.167109959739818237e-01
-1.073988078392356105e-01
-1.091906564097406829e-01
-1.218235939777061461e-01
-1.112543594428261340e-01
-1.113932560117831816e-01
-1.272711727775284185e-01
-1.031916956116656348e-01
-1.147644971343124709e-01
-1.118972723379871859e-01
-1.089948877399449234e-01
-1.018249876512011820e-01
-1.037038963648415635e-01
-1.120293642668273026e-01
-1.092964132336666783e-01
-1.141175935704792366e-01
-1.264534791973088712e-01
-1.111354225596696832e-01
-1.227230448167142551e-01
-1.074509168062862674e-01
-1.246722168600278291e-01
-1.237383639564644255e-01
-1.128869217084136345e-01
-1.202401715865104581e-01
-1.171111352017601970e-01
-1.139631969967780378e-01
-1.132265935038725413e-01
-1.053226701209806215e-01
-1.224609282692135093e-01
-1.222580117418861079e-01
-1.002419900695739052e-01
-1.194298149761889860e-01
-1.097403583733862487e-01
-1.154064077122944898e-01
-1.154663439736196562e-01
-1.255561994429574835e-01
-1.097575478640191449e-01
-1.184181137620596846e-01
-1.035950733998902695e-01
-1.133047916668670219e-01
-1.089287742046118890e-01
-1.056200352042742097e-01
-1.041711594648451200e-01
-1.188169472154383399e-01
-1.083762433028601091e-01
-1.381625202980414358e-01
-1.090234880680223117e-01
-1.234767815875539299e-01
-1.121048419404193641e-01
-1.023556111174455108e-01
-1.220268981411061215e-01
-1.239280014791539486e-01
-1.141453649823236383e-01
-1.080522656030884487e-01
-1.009482326552306741e-01
-1.251279624245686950e-01
-1.253782141815493745e-01
-1.094252493958303152e-01
-1.224448935203397149e-01
-1.323983557716295056e-01
-1.132968005560939240e-01
-1.378845610935599542e-01
-1.057742028015724589e-01
-1.175523206442090629e-01
-1.125493916067896727e-01
-1.134409496709307685e-01
-1.031438274443621239e-01
-1.190395432132809184e-01
-1.081269617278126649e-01
-1.150493099532541308e-01
-1.114325609161230801e-01
-1.161728454833244051e-01
-1.112084314361316828e-01
-9.925307675274996910e-02
-1.028081020897209097e-01
-1.071010271986976292e-01
-1.040304971802403777e-01
-1.235061738197160697e-01
-1.130079866473379102e-01
-1.107658597304868042e-01
-1.163617854797729390e-01
-1.019960972556892553e-01
-1.035488437753568913e-01
-1.149451222999113842e-01
-1.145325148908820090e-01
-1.167792758107026874e-01
-1.272687134351975224e-01
-1.164233227472737386e-01
-1.229781097667064227e-01
-1.227935281425311942e-01
-1.144806763861878629e-01
-1.287114766096424390e-01
-1.047116143141828548e-01
-1.008657062585298636e-01
-1.110863539974527026e-01
-1.076845702632849289e-01
-1.152481714522937128e-01
-1.057176759118299003e-01
-1.271483303800742259e-01
-1.255469577302672501e-01
-1.060756170285594990e-01
-1.166771454747292935e-01
-1.186791921590073517e-01
-1.127328168485559612e-01
-1.125059479312797706e-01
-1.040927248333738397e-01
-9.005542386448972536e-02
-1.291690944163264021e-01
-1.362355430842341342e-01
-1.037073547282951758e-01
-1.175340534588069641e-01
-1.201565396333947877e-01
-1.060196932122201563e-01
-1.146576301735720005e-01
-1.410677732326193201e-01
-1.170184175710449193e-01
-1.200725772796333857e-01
-1.296415182227590446e-01
-1.296369424258561054e-01
-1.085344517198181258e-01
-1.220014862859073457e-01
-1.189495937504083667e-01
-1.242775123067481058e-01
-1.131291635661724193e-01
-1.228076553759127609e-01
-1.313515163789451545e-01
-1.147333686495088934e-01
-1.265965623035454346e-01
-1.121185631729959553e-01
-1.021704463785868544e-01
-1.210623848269811731e-01
-1.147582131526598825e-01
-1.076696390659699354e-01
-1.244674284783664486e-01
-1.208547908849875174e-01
-1.302248053441639186e-01
-1.196410135059551294e-01
-1.239372283022996957e-01
-1.182947381402748022e-01
-1.209864355377507916e-01
-9.783710517332155909e-02
-1.417550656258323993e-01
-1.166723582065405385e-01
-1.164664507928923065e-01
-1.116791776435079875e-01
-1.125034365328625441e-01
-9.937907044235494425e-02
-1.255906627984957336e-01
-1.304500549642313434e-01
-9.897044881937189231e-02
-1.049528037240976541e-01
-1.175532110477537362e-01
-1.157616340062108673e-01
-1.205119639119609509e-01
-1.152067833015482101e-01
-1.375991851007625222e-01
-1.226152656339658531e-01
-1.074114210352608012e-01
-9.933458482091728214e-02
-1.078794486395489027e-01
-1.273832433282693355e-01
-1.125595351895876117e-01
-1.133630523345137142e-01
-1.006254442533858207e-01
-1.236241602310292897e-01
-1.036631341920939420e-01
-8.281806162740501520e-02
-1.283681050692211389e-01
-1.238676092212491753e-01
-1.171341020380987086e-01
-1.376246024347331787e-01
-1.152368381132220509e-01
-1.266504739442086969e-01
-1.325912715591315294e-01
-1.047301760101366774e-01
-1.128992140990814352e-01
-1.321119829474839413e-01
-1.319418577204374277e-01
-1.152451435548085268e-01
-1.050412714916402201e-01
-1.185268187461676614e-01
-1.177926171372607467e-01
-1.227608633341987776e-01
-1.170089734490120659e-01
-1.165975194843369422e-01
-1.161869105451334150e-01
-9.877073717003048703e-02
-1.100366155293052151e-01
-9.171947702629035248e-02
-1.218498284095363982e-01
-1.178770666783344190e-01
-1.099713405438433877e-01
-1.126007020150638915e-01
-1.132844847349343542e-01
-1.384800283578533353e-01
-1.364022579493111564e-01
-9.911362316649396931e-02
-1.270236486569251699e-01
-1.089087720502719403e-01
-1.175649373205944759e-01
-1.114808129414095461e-01
-1.245864064884025790e-01
-1.040985596138361835e-01
-1.163356390359049364e-01
-1.209022390408212022e-01
-1.205721243246957730e-01
-1.278032162934987781e-01
-1.346607266533776937e-01
-1.025954839110454486e-01
-1.315068362147433501e-01
-1.228187876780977295e-01
-1.241187698400934014e-01
-1.141257102421142644e-01
-1.326757144982924075e-01
-1.136731946716500463e-01
-1.219132646613441118e-01
-1.294679066716635241e-01
-1.062970974105796884e-01
-1.237755777371665200e-01
-9.860393829156777201e-02
-1.246603765498222050e-01
-1.251042902027161841e-01
-1.332018556258232067e-01
-1.052221891710540813e-01
-1.275206816962415335e-01
-1.173930719344593587e-01
-1.197870593485497182e-01
-1.127186294668862665e-01
-1.110704869956224972e-01
-1.213384953722640436e-01
-1.240550429086904050e-01
-1.164428357443605400e-01
-1.338286207475627432e-01
-1.223562295072566641e-01
-1.054797402551921337e-01
-1.103133490780574544e-01
-1.220543628382924073e-01
-1.114837946223636855e-01
-1.111332158187019470e-01
-1.032458886885807559e-01
-1.299938882466047385e-01
-1.193380469058908933e-01
-1.138173515479585785e-01
-1.264969803121280822e-01
-1.098987002641751420e-01
-1.212205752269710501e-01
-1.280695447853921198e-01
-1.222530753701016604e-01
-1.101592832357960461e-01
-1.286462970771515835e-01
-1.244255665003350941e-01
-1.172094062042416951e-01
-1.153492688635358032e-01
-1.237249347312272540e-01
-1.169802237442867376e-01
-1.287883836268435278e-01
-1.199760241610510203e-01
-1.303025127329060506e-01
-1.275683051250060540e-01
-1.110229202753429956e-01
-1.244990754309982517e-01
-1.194699736060447215e-01
-1.212250003175119328e-01
-1.214411109961797131e-01
-1.164124067032155097e-01
-1.123312503301474585e-01
-1.067821619669728772e-01
-1.146561841862927533e-01
-1.167004958127459968e-01
-1.088747363111177702e-01
-1.224928449966662392e-01
-1.286351251059911771e-01
-1.163081167422501672e-01
-1.172213383599847170e-01
-1.120620740556372841e-01
-1.131279633219084424e-01
-1.148963008393653062e-01
-1.137562011556578767e-01
-1.261359601314631096e-01
-9.897333153196652411e-02
-1.091896712020270499e-01
-1.240111035710078635e-01
-1.159743502119341407e-01
-1.118172420788421384e-01
-1.277866234221831654e-01
-1.333512359595205865e-01
-1.169358706029721695e-01
-1.133275638803561414e-01
-1.256431903535768502e-01
-1.152464280048797196e-01
-1.254296719599889975e-01
-1.116337342487292439e-01
-1.247925460807839393e-01
-1.035925198362432909e-01
-1.260512231199015787e-01
-1.241363693287862446e-01
-1.147252960220437323e-01
-1.098914210366548350e-01
-1.153069499931764774e-01
-1.314256125232209360e-01
-1.399151923914696560e-01
-1.276673430125458975e-01
-1.127747207513154493e-01
-1.105327809278164874e-01
-1.136716853652024461e-01
-1.250191829432292234e-01
-1.059175449938081215e-01
-1.302918466829678934e-01
-1.209254775667574222e-01
-1.067174169291904562e-01
-1.319955397197767333e-01
-1.064926799512158073e-01
-1.324476990811831456e-01
-1.059740638403803281e-01
-1.204895453963692464e-01
-1.031287378552783185e-01
-1.420309482826769276e-01
-1.204630535067228170e-01
-1.210618273694494818e-01
-1.127907948800259685e-01
-1.195254349797554294e-01
-1.121735798595582256e-01
-1.073393674619782523e-01
-1.135114023609102851e-01
-1.161183222344954746e-01
-1.177208153274649227e-01
-1.110069687694199558e-01
-1.273005388199788257e-01
-1.208833433992089201e-01
-1.304698814641165328e-01
-1.198028346322150828e-01
-1.134300245377584115e-01
-1.314966804888304530e-01
-1.284491909167377877e-01
-1.325249636394643105e-01
-1.246401063033304446e-01
-1.339738212416405894e-01
-1.008714989908074955e-01
-1.264782699113780051e-01
-1.260414543345986793e-01
-1.357822302934061920e-01
-1.214223800454539148e-01
-1.235564270236246820e-01
-1.377141711144735936e-01
-1.259432669427866802e-01
-1.167617240673619605e-01
-1.071425608093354853e-01
-1.277696273805133398e-01
-1.017691228523893709e-01
-1.102680434673577459e-01
-1.218973338606730294e-01
-1.115520846136961453e-01
-1.278864870602633985e-01
-1.010511833742047116e-01
-1.206139863022517300e-01
-1.219503098571104172e-01
-1.160391051857869726e-01
-1.221613611689800205e-01
-1.211447368611318076e-01
-1.370418617436226505e-01
-1.252842691811377751e-01
-1.196888137412905895e-01
-1.050224543388400544e-01
-1.238331394874807589e-01
-1.290269008020168418e-01
-1.020964568858815369e-01
-1.305161869832054400e-01
-1.290487244214717499e-01
-1.198452518679411494e-01
-1.207442351651144552e-01
-1.186194222125538378e-01
-1.300900627515730879e-01
-1.313954759824287333e-01
-1.248794474593089010e-01
-1.255272867501455725e-01
-1.267531577541123333e-01
-1.221872160618773240e-01
-1.103526288311438286e-01
-1.218556212303905095e-01
-1.268270963522744044e-01
-1.241393555420406969e-01
-1.135597674888879638e-01
-1.119846513284699085e-01
-1.319136529716522510e-01
-1.088442334382528909e-01
-1.298328970148512340e-01
-1.039280963766384680e-01
-1.139377949639714949e-01
-1.144158138024462534e-01
-1.191907673655552280e-01
-1.143585920616514429e-01
-1.199765578680733746e-01
-1.128404797394209069e-01
-1.339846889660378793e-01
-1.212940685860737222e-01
-1.169575591323002151e-01
-1.322622573078893193e-01
-1.200328693333247987e-01
-1.301339122805422743e-01
-1.220125896225088269e-01
-1.405689798305755911e-01
-1.411930094262214830e-01
-1.318693326329003490e-01
-1.441493924910299818e-01
-1.316167414030209315e-01
-1.159451740158956579e-01
-1.300074338306993482e-01
-1.132275392458141905e-01
-1.239338516080927821e-01
-1.313822973126408389e-01
-1.118231640348033018e-01
-1.131477689494120309e-01
-1.365421908021402508e-01
-1.317189498046453799e-01
-1.152578628754075130e-01
-1.290523085788686242e-01
-1.346884036464632839e-01
-1.140848009251735906e-01
-1.228122176476258431e-01
-1.128562810076148004e-01
-1.268971995173686640e-01
-1.204066916787847052e-01
-1.263234850760839301e-01
-1.451622307853104310e-01
-1.274702332644856995e-01
-1.327910889850005827e-01
-1.203909186509406481e-01
-1.312215596057968447e-01
-1.348479756507203753e-01
-1.239384766463298426e-01
-1.085032639817793410e-01
-1.185939635165216277e-01
-1.219148479757439230e-01
-1.261258667478539763e-01
-1.133876981844539333e-01
-1.150797139391668278e-01
-1.458296209775549190e-01
-1.211138426190880857e-01
-1.249402176226757089e-01
-1.101461790654236772e-01
-1.182528782642775500e-01
-1.234780525649499250e-01
-1.088897611694206180e-01
-1.117813263873481677e-01
-1.379750522631268961e-01
-1.282289840528860747e-01
-1.557080651686606476e-01
-1.268102612148234165e-01
-1.268044787170132803e-01
-1.185708320638640956e-01
-1.281769400407115622e-01
-1.081863950916539530e-01
-1.240268718405017623e-01
-1.100581894430439078e-01
-1.195908121042761341e-01
-1.077035986625951569e-01
-1.047079115155333806e-01
-1.221725983266477300e-01
-1.071076267826547301e-01
-1.338889348379728172e-01
-1.136044628686356806e-01
-1.130903589945553289e-01
-1.225935864927081287e-01
-1.197346694330603256e-01
-1.204000480631775005e-01
-1.213931443206419658e-01
-1.247948873434698847e-01
-1.426590451076874544e-01
-1.236583214313942136e-01
-1.183017351397577244e-01
-1.361081217068313975e-01
-1.231545584622595335e-01
-1.213209088468421015e-01
-1.258134924518743425e-01
-1.252577025978514058e-01
-1.109403171423126722e-01
-1.105535177229937105e-01
-1.244926311913077122e-01
-1.071200178718734186e-01
-1.405681274580299345e-01
-1.307221726985212662e-01
-1.305996274892482489e-01
-1.097986200916478694e-01
-1.296001983350985043e-01
-1.054966628391471595e-01
-1.191796924043191375e-01
-1.040341908484885280e-01
-1.258014322697502685e-01
-1.215762462650644693e-01
-1.219756066835513408e-01
-1.263763676174693984e-01
-1.212381019610297983e-01
-1.244741672617997175e-01
-1.163140845211636520e-01
-1.297531443112964755e-01
-1.104252269591918800e-01
-1.319751300021401175e-01
-1.223845066457895925e-01
-1.031143660183051480e-01
-1.333620705456102229e-01
-1.160437882943623489e-01
-1.259966923527207072e-01
-1.083677251496819594e-01
-1.164250595101137264e-01
-1.081371728574314073e-01
-1.270923886445634032e-01
-1.229336607747795185e-01
-1.185817302018250530e-01
-1.028597856354300788e-01
-1.288815576202604340e-01
-1.218977631025890407e-01
-1.265388210919211609e-01
-1.295070617135207769e-01
-1.257678779339446162e-01
-1.251879857962605591e-01
-1.020169151839902533e-01
-1.097247176744846620e-01
-1.296131077096644990e-01
-1.086354154509376890e-01
-1.288139082479906605e-01
-1.365198743979640916e-01
-1.255532561014955917e-01
-1.346353058413356507e-01
-1.114605000813635449e-01
-1.351443806375498546e-01
-1.186134543344730119e-01
-1.193645313635613991e-01
-1.343349779302145386e-01
-1.266018503931760630e-01
-1.369958706164462470e-01
-1.272317544558148050e-01
-1.288795828719617731e-01
-1.190141774778337158e-01
-1.286587079911147846e-01
-1.156910846036964813e-01
-1.345040503212646676e-01
-1.287169277268356282e-01
-1.303522357888500238e-01
-1.344770921772715511e-01
-1.339550853523756579e-01
-1.370783881961190609e-01
-1.397958680546498300e-01
-1.056294427536230707e-01
-1.233382667673272870e-01
-1.191586466803067346e-01
-1.203469876116343151e-01
-1.262602309827483005e-01
-1.054450319597757257e-01
-1.382925622766220108e-01
-1.308797436416058169e-01
-1.355066820024783958e-01
-1.094291005075147538e-01
-1.119933400928569966e-01
-1.326497614217387877e-01
-1.126571115243848453e-01
-1.252049710538694072e-01
-9.195956811287597787e-02
-1.166601123880393054e-01
-1.111629277545205241e-01
-1.187013030513170975e-01
-1.301674617069195072e-01
-1.245506534988831682e-01
-1.229966443512835461e-01
-1.171641426963696553e-01
-1.194479011071551966e-01
-9.818816077648317986e-02
-1.221776136553045511e-01
-1.115653749531668737e-01
-1.339399181828428986e-01
-1.252413095203661619e-01
-1.148847947675428749e-01
-1.279540049999541296e-01
-1.360844754898851150e-01
-1.246354993766400909e-01
-1.211588363192048767e-01
-1.217545382385050168e-01
-1.277269949888792944e-01
-1.087714482774049252e-01
-1.095399421066374224e-01
-1.296810819114151414e-01
-1.290715428000703824e-01
-1.158257695482571847e-01
-1.131102720162315833e-01
-1.122275656900657559e-01
-1.145326624196840726e-01
-1.195185006865426836e-01
-1.068315917309901053e-01
-1.045034053730287127e-01
-1.007089750126506367e-01
-1.200096843118392265e-01
-1.176691596934964501e-01
-1.189862546414621747e-01
-1.273491238016744020e-01
-1.265472078341902673e-01
-1.108048811799196010e-01
-1.304754088469737283e-01
-1.218641651418477245e-01
-1.281155413564358803e-01
-1.260360069008541473e-01
-1.111415648009677071e-01
-1.283788259015365973e-01
-1.126440860864765803e-01
-1.098701762274885141e-01
-1.274268764023935852e-01
-1.230568977328942992e-01
-1.208843475381962129e-01
-1.309296164140079100e-01
-1.292844091983997856e-01
-9.770346412300057182e-02
-1.206663346425442818e-01
-1.098774267238686875e-01
-1.281389393595815385e-01
-1.153935917135262557e-01
-1.117199571595905994e-01
-1.374226553637782899e-01
-1.260208981115895632e-01
-1.329690138596402171e-01
-1.328381366801205665e-01
-1.306403695095768036e-01
-1.360542237531969789e-01
-1.281470101879365053e-01
-1.422032648350541884e-01
-1.107022853840953225e-01
-1.196841849175451777e-01
-1.232015985355054966e-01
-1.230474945819339805e-01
-1.240657930000597098e-01
-1.241826679533297728e-01
-1.196132925382675793e-01
-1.407728757316042412e-01
-1.364178038602095189e-01
-1.187295992864250138e-01
-1.286176755948962303e-01
-1.167668066919000935e-01
-1.146525312437898236e-01
-1.223428052784307773e-01
-1.380474451189925844e-01
-1.139739405467503630e-01
-1.262332950890070471e-01
-1.155920698363388510e-01
-1.263447897200000725e-01
-1.306444517305869191e-01
-1.344646499840647103e-01
-1.166946097580092712e-01
-1.228905244943341302e-01
-1.320616072411922026e-01
-1.202050085808474833e-01
-1.168374383989090326e-01
-1.170874564328512335e-01
-1.158191865233297868e-01
-1.289074810457773168e-01
-1.109816106989223172e-01
-1.351078588814336179e-01
-1.200223749758198011e-01
-1.248901570257694438e-01
-1.089129120456115984e-01
-1.243083607094259690e-01
-1.182377868528634579e-01
-1.249260383622257109e-01
-1.058790751065989966e-01
-1.136949691897513048e-01
-1.354252692671997771e-01
-1.095637675871103944e-01
-1.002640824667047070e-01
-1.201644354252939806e-01
-1.263077308383526720e-01
-1.261481309743848200e-01
-1.297753827866330312e-01
-1.256066715453036942e-01
-1.205324357457291384e-01
-1.307993204808295395e-01
-1.129754775587379356e-01
-1.065779483010298456e-01
-1.165320038003931913e-01
-1.120488084076476376e-01
-1.294552670776512038e-01
-1.067777578064692534e-01
-1.233752779072503358e-01
-1.213110210715813153e-01
-1.324420020006584764e-01
-1.199459719458921825e-01
-1.195982340242145447e-01
-1.151363878290596610e-01
-1.137950861448744355e-01
-1.300678076774142156e-01
-1.240884578300955887e-01
-1.107876126073628065e-01
-1.179106282798834116e-01
-1.271092610263115930e-01
-1.158312519913100580e-01
-1.433294258433064350e-01
-1.221155380278160507e-01
-1.234024648515390510e-01
-1.417519686809072255e-01
-1.250624890709541859e-01
-1.248547069172634139e-01
-1.182867519534851475e-01
-1.219850221237157584e-01
-1.167294569670174198e-01
-1.283898299305823443e-01
-1.306408147320641255e-01
-1.256155665042566483e-01
-1.121329041369527602e-01
-1.216364272032492977e-01
-1.228460845403955837e-01
-1.249653397530066101e-01
-1.163447186921846566e-01
-1.209784548708556784e-01
-1.233542179682665108e-01
-1.207786301457907108e-01
-1.220191139254969137e-01
-1.198109210733706576e-01
-1.107353144385547772e-01
-1.179739727528872351e-01
-1.177025861362017700e-01
-1.241202311074962594e-01
-1.195001885650861517e-01
-1.298501353703715999e-01
-1.030301227795464847e-01
-1.106330554283965206e-01
-1.344225424092280186e-01
-1.149587387973540764e-01
-1.173715045704222248e-01
-1.182042929389468533e-01
-1.317050278529321439e-01
-1.357847231014610578e-01
-1.032619843393662862e-01
-1.458475480592755780e-01
-1.134038410330227009e-01
-1.346006035765294762e-01
-1.211258423505938708e-01
-1.205226980879050558e-01
-1.107602738988524571e-01
-1.125743192249544222e-01
-1.185488580981020057e-01
-1.063780020621400979e-01
-1.125125973483576125e-01
-1.279769278348705797e-01
-1.244055017818208597e-01
-1.146430370429589729e-01
-1.179027960794338803e-01
-1.040959018394587154e-01
-1.147352412701434510e-01
-1.196575387839162730e-01
-1.118828521970911538e-01
-1.129042768815913256e-01
-1.155053357394497660e-01
-1.229869115813078118e-01
-1.224986593559580506e-01
-1.152959401792466032e-01
-1.368539830148889358e-01
-1.214355382569385355e-01
-1.271497699781334312e-01
-1.196392450930487961e-01
-1.219733754028080597e-01
-1.233714524057654138e-01
-1.255889543946975273e-01
-1.235730292756973547e-01
-1.254953276449506383e-01
-1.068949721444387713e-01
-1.020435452351184935e-01
-1.111160286767072236e-01
-1.237864335388603187e-01
-1.176971552260326348e-01
-1.164429239669311222e-01
-1.140982126118981199e-01
-1.266761655401742459e-01
-9.811434012219200085e-02
-1.233613102270711970e-01
-1.264330827781590116e-01
-1.204709108619255176e-01
-1.245601131434370679e-01
-1.152663386172076976e-01
-1.141327328739398794e-01
-1.190948997731515746e-01
-1.325161321268879533e-01
-1.312979677429910730e-01
-1.255037569139760834e-01
-1.128295665704537321e-01
-1.195686020527642057e-01
-1.205406956600119095e-01
-1.150870060667554817e-01
-1.326420425694161409e-01
-1.368007263225954340e-01
-1.169927259139642572e-01
-1.263954431189109329e-01
-1.180249101710986182e-01
-1.163188964584969121e-01
-1.316083404285377512e-01
-1.272911077453753315e-01
-1.227204937415788955e-01
-1.147820275663042899e-01
-1.136166612589142311e-01
-1.278887097671996820e-01
-1.068941905432132522e-01
-1.219224951652195799e-01
-1.255957531097022795e-01
-1.018293937427343643e-01
-1.213450833874682999e-01
-1.261194327487653588e-01
-1.277054267445412172e-01
-1.065815798183411545e-01
-1.282168873992408642e-01
-1.352117746807004472e-01
-1.327072230413435250e-01
-1.170884195643875358e-01
-1.126464633527239911e-01
-1.040154996396402964e-01
-1.060618015228582678e-01
-1.139528567329142206e-01
-1.317885988324696278e-01
-1.192182441862823516e-01
-1.243888952454121899e-01
-1.134079894467356908e-01
-1.210081710399646404e-01
-1.212119700437344072e-01
-1.042715614886144948e-01
-1.024370937383927149e-01
-1.165287037998812281e-01
-1.060846652387237299e-01
-1.207194108697069446e-01
-1.292157461812073471e-01
-1.291127571707053612e-01
-1.050583336811166113e-01
-8.953167190244837315e-02
-1.179162770689345940e-01
-1.232160152344841109e-01
-1.321123525143241828e-01
-1.210634033149791122e-01
-1.172517704045406006e-01
-1.197944536871928811e-01
-1.234941834427836227e-01
-1.081056507558235680e-01
-1.198689608654244232e-01
-1.158577630699140215e-01
-1.242145547001340944e-01
-1.040462848956766884e-01
-1.185088471052555548e-01
-1.327771799505983452e-01
-1.107604409962106295e-01
-1.094765429051927086e-01
-1.310346004987605895e-01
-1.177813362848301182e-01
-1.241537649225876727e-01
-1.148384073705996933e-01
-1.257706083272163156e-01
-1.255046712858516322e-01
-1.231672568821768898e-01
-1.234582175947673832e-01
-1.062695950757372998e-01
-1.160264411259772643e-01
-1.146005195829347123e-01
-1.228309160107379228e-01
-1.155848380661366193e-01
-1.189492996947820735e-01
-1.223442686252056433e-01
-1.337559420566503121e-01
-1.167603562872181477e-01
-1.034807711537233388e-01
-1.219058780846018486e-01
-1.302659286419558526e-01
-1.066372041287242389e-01
-1.252840501151264441e-01
-1.256440616169425262e-01
-1.276806990946930398e-01
-1.011215258952327112e-01
-9.844969820751048317e-02
-1.132590422866028845e-01
-1.183551030314897723e-01
-1.278360109901028885e-01
-1.257997457675776865e-01
-1.166643895267389652e-01
-1.117051609664980738e-01
-1.101677268743164184e-01
-1.205147342808192690e-01
-1.197043200847702771e-01
-1.294210531451365220e-01
-1.339626928350545754e-01
-1.103888519436027060e-01
-1.169502822112957752e-01
-1.164001784748784907e-01
-1.186264900262994360e-01
-1.213400147416239250e-01
-1.299254974259094197e-01
-1.376533697194139982e-01
-1.184332932194394061e-01
-1.295219103536315863e-01
-1.234229617969790915e-01
-1.061865799211201278e-01
-1.229747560643814630e-01
-1.110682775755376106e-01
-1.261625449173973124e-01
-1.181992443084745048e-01
-1.286403938591997864e-01
-1.215905556387886222e-01
-1.165588469785174830e-01
-1.167524282014897885e-01
-9.890369117273500876e-02
-1.107391877098291566e-01
-1.327676736580087891e-01
-1.242990624698725455e-01
-1.060148097158584157e-01
-1.264929806598411588e-01
-1.280427236662964319e-01
-1.038139489579843477e-01
-1.233728141862222571e-01
-1.135328137833515605e-01
-1.354920997729940346e-01
-1.016942958076549886e-01
-1.082721707416287593e-01
-1.152179830220299017e-01
-1.216980445933231181e-01
-1.120582697115648507e-01
-1.334607209100031611e-01
-1.040747675450024445e-01
-1.281243982911730583e-01
-1.126537817471802150e-01
-1.240811337534424297e-01
-1.173637199209638382e-01
-1.212658359732068369e-01
-1.379583963035719840e-01
-1.146082419919300932e-01
-1.131667088791252773e-01
-1.233989394282195562e-01
-1.219636374523149769e-01
-1.210483586929793631e-01
-1.136577881226892295e-01
-1.281187951495983413e-01
-1.260337745424826572e-01
-1.253696537043089698e-01
-1.149479983667238692e-01
-1.332580051891256723e-01
-9.685206609284024992e-02
-1.277136774842113631e-01
-1.199290934003935938e-01
-1.146654386199896791e-01
-1.084312864405183596e-01
-1.181654028281191593e-01
-1.010708293089468413e-01
-1.248060830418209477e-01
-1.085376995723388305e-01
-1.143180478323677640e-01
-1.012340518487957475e-01
-1.152012540070792568e-01
-9.966021265642943661e-02
-1.142223395309036604e-01
-1.203855132987157184e-01
-1.132415474727497262e-01
-1.287355633247968534e-01
-1.025220471619356921e-01
-1.291283723317606658e-01
-1.256977534330734336e-01
-1.165987759567617132e-01
-1.419509719685736471e-01
-1.248837757869005749e-01
-8.770782618549599619e-02
-1.232861991515408207e-01
-1.057380374683725144e-01
-1.206935029654618852e-01
-1.184188387229019312e-01
-1.088420780824668199e-01
-1.010387176574538692e-01
-1.141308768738280577e-01
-1.302029468838838966e-01
-1.061252620873687214e-01
-1.254482524846434188e-01
-1.014211784975622699e-01
-1.148241286003859329e-01
-1.238825192869992264e-01
-1.090252523213428582e-01
-1.140360162680176259e-01
-1.078509089845192115e-01
-1.179476569875759218e-01
-1.194652039236019370e-01
-1.129677649063602907e-01
-1.293529978941880820e-01
-1.102310319536585759e-01
-1.083700164115857234e-01
-1.098214653127711493e-01
-1.057509643870995220e-01
-1.119274352988579579e-01
-1.156025001748779424e-01
-9.421967911469097956e-02
-1.092101182313021113e-01
-1.202548278789410396e-01
-1.257211599210563691e-01
-1.171575335535539608e-01
-1.120712123976836949e-01
-1.294929955631802798e-01
-1.194840851289864503e-01
-1.112965008156510116e-01
-1.342806989923128747e-01
-1.087665998044871074e-01
-9.812816327719930953e-02
-1.240555432213819032e-01
-1.133667697342906067e-01
-1.177722653848234380e-01
-1.176624350949206921e-01
-1.181578793408029071e-01
-1.334038621611646214e-01
-1.175464636813128294e-01
-1.296267772010022412e-01
-1.164359518975657259e-01
-1.285040191698656464e-01
-1.352755622782186862e-01
-1.385166200286858107e-01
-1.233241103136086814e-01
-1.190412341106381611e-01
-1.245704098250466352e-01
-1.356973927626414778e-01
-1.045619472147367723e-01
-1.194803274951938832e-01
-1.116461642222601469e-01
-1.160309020134264735e-01
-1.373825893908917628e-01
-1.215278387678826455e-01
-1.187595480131760084e-01
-1.336385125100556515e-01
-1.171539216841890330e-01
-1.146242966499517735e-01
-1.164661910740090178e-01
-1.253088280713017255e-01
-1.241380365956539222e-01
-1.304044097447034645e-01
-1.175673466656146360e-01
-1.175146049531234915e-01
-1.246201279351928370e-01
-1.096799261525234215e-01
-1.165435207810667784e-01
-1.210592105200842816e-01
-1.280544235223346483e-01
-1.235384910387322677e-01
-1.153475542743338522e-01
-1.145469382445503115e-01
-1.187112862497410326e-01
-1.255385036327285597e-01
-1.251591634595596858e-01
-1.357060005522852109e-01
-1.327048128823729023e-01
-9.570061957347286707e-02
-1.046698740483509305e-01
-1.174555263587913068e-01
-1.359938623355190224e-01
-1.170992500588292629e-01
-1.238674396089778362e-01
-1.177366571836846454e-01
-1.287332119775350669e-01
-1.230280531255409926e-01
-1.230634457975492424e-01
-1.264074085705146899e-01
-1.335477258227277808e-01
-1.101296008649970126e-01
-1.244646508646516381e-01
-1.195721275706183029e-01
-1.202933843476818865e-01
-1.265410056928999438e-01
-1.249244710794350510e-01
-1.151307823618106241e-01
-1.150979893000947385e-01
-1.282220967210290219e-01
-1.220371387313092804e-01
-1.166631391492551906e-01
-1.158542321235520589e-01
-1.325894668074436566e-01
-1.137760612175435782e-01
-1.216194397581680242e-01
-1.179225448556535660e-01
-9.460993342808698969e-02
-1.207451916601718356e-01
-1.053736160977236658e-01
-1.158848315309821686e-01
-1.239367757851628227e-01
-1.152819565057314755e-01
-1.117376150756843600e-01
-1.229415543713412440e-01
-1.159156488142332186e-01
-1.307599891807864623e-01
-1.145099901260282493e-01
-1.187051775625054262e-01
-1.236953864837699868e-01
-1.177972196450225439e-01
-1.155648294133544418e-01
-1.270914237844622541e-01
-1.041424305132276906e-01
-1.082641385639249165e-01
-1.271708030853866411e-01
-1.249705167722972021e-01
-1.135952119301473218e-01
-1.180742730547610364e-01
-1.097234116771508283e-01
-1.173907249810874909e-01
-1.272255499405163803e-01
-1.225398916595916710e-01
-1.195643639551282611e-01
-1.201779464075616310e-01
-1.129374806011074206e-01
-1.155659320663957601e-01
-1.211625445391653066e-01
-1.111419570635123755e-01
-1.164505964837525553e-01
-1.138456675913253058e-01
-1.133234620684864247e-01
-1.157213322195480565e-01
-1.139888256542977985e-01
-1.147333935320298259e-01
-1.158637614754325362e-01
-1.362864454344263621e-01
-1.094940279425418161e-01
-1.355643925126523985e-01
-1.219955590309322879e-01
-1.302985172360713317e-01
-1.341541568435176135e-01
-1.210708600033965077e-01
-1.221793796135690613e-01
-1.268645845357718738e-01
-1.335926361721087030e-01
-1.321189848974790859e-01
-1.322447004565523443e-01
-1.242764828238978048e-01
-1.219627814790911202e-01
-1.108362355035399371e-01
-1.196054993701314295e-01
-1.286064594502649427e-01
-1.244505564787967700e-01
-1.324574840175678503e-01
-1.206339820588271383e-01
-1.240777191192876661e-01
-1.251025543005355178e-01
-1.273594226272984908e-01
-1.270432281969378074e-01
-1.293454983440873729e-01
-1.363035700894392743e-01
-1.156910462080225077e-01
-1.307278100333850723e-01
-1.171611616542587164e-01
-1.421270295438921138e-01
-1.031644031935785577e-01
-1.237764925924205173e-01
-1.098272034580787260e-01
-1.156575222362623556e-01
-1.073927888227361738e-01
-1.298186328256543121e-01
-1.274346321442860752e-01
-1.214795464650886281e-01
-1.238176114534632610e-01
-1.266856515211232104e-01
-1.096869786123422230e-01
-1.031097812842853845e-01
-1.135845691916594902e-01
-1.348115454643865618e-01
-1.202161419866167869e-01
-1.047897584238528523e-01
-1.205588054627637629e-01
-1.273016296309885664e-01
-1.215084627763889369e-01
-1.193522237965705113e-01
-1.200109204322634682e-01
-1.255164058462650001e-01
-1.349495707721641846e-01
-1.286958558450619350e-01
-1.363445767121735930e-01
-1.439764182209510857e-01
-1.261067681181311517e-01
-1.185927222971028261e-01
-1.217549452411845756e-01
-1.054380749255323657e-01
-1.155672640388891725e-01
-1.266218386653423789e-01
-1.247478636525793938e-01
-1.273710380163326494e-01
-1.209784981293349215e-01
-1.206156230072090718e-01
-1.210629076941087678e-01
-1.163858113133500183e-01
-1.293522013471668508e-01
-1.233661961435721377e-01
-1.301908125472257538e-01
-1.155754290285646579e-01
-1.191907758135437589e-01
-1.401266681553383631e-01
-1.247874118454284087e-01
-1.298112091814700442e-01
-1.046026413946619105e-01
-1.166904829626824736e-01
-1.268498848556494085e-01
-1.284963074851148690e-01
-1.184937162532391230e-01
-1.275083882917986688e-01
-1.069657123673031229e-01
-1.353979245219467664e-01
-1.018783342351170518e-01
-1.259809545421406440e-01
-1.225483345847917516e-01
-1.220993043138289824e-01
-1.105336271610974919e-01
-1.270547485234225782e-01
-1.387014604344232183e-01
-1.380548722787158233e-01
-1.259596500632438332e-01
-1.344097291924242210e-01
-1.259351497671934439e-01
-1.305894860921783529e-01
-1.246219935808023926e-01
-1.249138666801572484e-01
-1.267757451899080845e-01
-1.245426430804466023e-01
-1.187528969243050181e-01
-1.204128213407433812e-01
-1.226872718146601038e-01
-1.187638806680264558e-01
-1.364886529471653898e-01
-1.179175588923719875e-01
-1.290735007186947225e-01
-1.296089759372727190e-01
-1.251488671633567140e-01
-1.245508844701976869e-01
-1.270154112612134067e-01
-1.302489753053461818e-01
-1.249092583364543874e-01
-1.140314582951071909e-01
-1.404811401731811404e-01
-1.351662401998392493e-01
-1.213978913149387218e-01
-1.268415992624474242e-01
-1.424762421787562072e-01
-1.255256650544862573e-01
-1.273458476353943603e-01
-1.211990056169764962e-01
-1.146958221370584230e-01
-1.381313646971944475e-01
-1.324580698776058885e-01
-1.344066632754570279e-01
-1.460944743996097639e-01
-1.350508524179838687e-01
-1.397197794729709841e-01
-1.143871827199081093e-01
-1.210817780758459694e-01
-1.268295594757944400e-01
-1.276918265221855808e-01
-1.301819340427539107e-01
-1.283466907900923104e-01
-1.210429620723714184e-01
-1.208276777560042259e-01
-1.323238408782974052e-01
-1.195703765533302487e-01
-1.285632827997564842e-01
-1.062910634330926918e-01
-1.220422625532511240e-01
-1.232865314785032140e-01
-1.273530669945792670e-01
-1.238498558699716590e-01
-1.214818382456002155e-01
-1.247972032804303133e-01
-1.179966183359351106e-01
-1.302309287043921238e-01
-1.320417591726898987e-01
-1.418955119948479560e-01
-1.176122625167062008e-01
-1.267763431852191314e-01
-1.335092461120781504e-01
-1.353194370408732361e-01
-1.311535947661119916e-01
-1.246642495132044282e-01
-1.279729684745600782e-01
-1.082896098024190845e-01
-1.266312665262609993e-01
-1.099084528960425633e-01
-1.256836392881888198e-01
-1.219245311248153829e-01
-1.254776754498609925e-01
-1.212705630041626126e-01
-1.290389494140427029e-01
-1.304413489971150142e-01
-1.223957115168474719e-01
-1.326566179265094014e-01
-1.406076651464061023e-01
-1.104704855286973153e-01
-1.258605601612143854e-01
-1.312926782804417769e-01
-1.449410466907961048e-01
-1.406271618946273172e-01
-1.200371311059523771e-01
-1.306783671672380187e-01
-1.316263035959653882e-01
-1.207905548980803268e-01
-1.441076131016560957e-01
-1.288070706762693973e-01
-1.109525703436757826e-01
-1.235164031830706666e-01
-1.229242100323043596e-01
-1.185596680153910842e-01
-1.345388099940286741e-01
-1.424607183535991917e-01
-1.272233733464227523e-01
-1.470917196040204544e-01
-1.239864629985261146e-01
-1.289225674209764083e-01
-1.282722055055878219e-01
-1.347906737274995326e-01
-1.339380439113213583e-01
-1.305427354279105057e-01
-1.344836761898677846e-01
-1.204695245950417881e-01
-1.436269156400982183e-01
-1.342111662958354046e-01
-1.323932312996174421e-01
-1.387906376338732262e-01
-1.406871799886528773e-01
-1.257620477445837714e-01
-1.303801457129076802e-01
-1.295530504649569092e-01
-1.343598483344812244e-01
-1.363616020767151049e-01
-1.335071071784894592e-01
-1.231066776827096643e-01
-1.205874330555141150e-01
-1.364270610457174460e-01
-1.272007320002445097e-01
-1.377974889769062461e-01
-1.318035392791554461e-01
-1.315011719257687117e-01
-1.338916680673886139e-01
-1.245315954892398658e-01
-1.361650066861075370e-01
-1.321378241673205611e-01
-1.389621910860587839e-01
-1.360316957005549554e-01
-1.412255243742581712e-01
-1.223842292621242223e-01
-1.325600604383059267e-01
-1.358984067088406800e-01
-1.177549850008230425e-01
-1.095010235872559967e-01
-1.272577769605238718e-01
-1.328587431061629687e-01
-1.405878721524396191e-01
-1.149038880875188351e-01
-1.196311816775830206e-01
-1.344771068410711701e-01
-1.245040066483947827e-01
-1.372129282853797871e-01
-1.248564715197468811e-01
-1.281555638138198727e-01
-1.350998899543975895e-01
-1.482726305608410566e-01
-1.384557564699833154e-01
-1.306295545594635676e-01
-1.355108970080838304e-01
-1.315178295993394419e-01
-1.157054278800122571e-01
-1.423557608489258719e-01
-1.345181583740344688e-01
-1.248040914302028792e-01
-1.285324625543147192e-01
-1.277170984907380902e-01
-1.297367578242053510e-01
-1.262002942810043216e-01
-1.245020334168873699e-01
-1.362529850032564438e-01
-1.317957023404550121e-01
-1.334753316289088998e-01
-1.437423078394839404e-01
-1.322802569304821763e-01
-1.279549330676107433e-01
-1.366598015023023915e-01
-1.310100956757027646e-01
-1.520113342018967195e-01
-1.459247926131754802e-01
-1.393661280301855543e-01
-1.308157457261286405e-01
-1.544172188730982276e-01
-1.236478121633602933e-01
-1.213689181070483070e-01
-1.179642183725400084e-01
-1.352267135957593291e-01
-1.398453188832383676e-01
-1.220699221567484449e-01
-1.461355382902992384e-01
-1.255643384572529553e-01
-1.392429426266325598e-01
-1.392051149549892175e-01
-1.219059598421769475e-01
-1.487156010100409986e-01
-1.364184988685102351e-01
-1.221351707306490564e-01
-1.306470019121931947e-01
-1.475075458063387079e-01
-1.362213276571454801e-01
-1.185057471166360565e-01
-1.441908906359488651e-01
-1.411623017000407931e-01
-1.293470463635564283e-01
-1.288549925401415996e-01
-1.459111072490838490e-01
-1.201292065924244312e-01
-1.396658169829801122e-01
-1.297424731750058680e-01
-1.207708575575131144e-01
-1.375964778752412632e-01
-1.216207205144994447e-01
-1.215813526355087881e-01
-1.405589375368738181e-01
-1.266712205029336680e-01
-1.428884125554565065e-01
-1.315563552665241775e-01
-1.366154544330284715e-01
-1.246032776276373988e-01
-1.500210017778700611e-01
-1.443166289028467442e-01
-1.378462219324297910e-01
-1.420129554874114408e-01
-1.328086746045703814e-01
-1.217757827421194761e-01
-1.261104472030406543e-01
-1.313610056825745276e-01
-1.275325431678862309e-01
-1.357558398346254691e-01
-1.488749704988656664e-01
-1.406429930767258973e-01
-1.343757156803949693e-01
-1.394709633057810705e-01
-1.424672455211482558e-01
-1.293107456508086894e-01
-1.403283951200513524e-01
-1.265543653689927828e-01
-1.365295413199500985e-01
-1.331940273358504512e-01
-1.497027224392505629e-01
-1.406251503934674574e-01
-1.373065365718691422e-01
-1.468253222932456303e-01
-1.221193016860917524e-01
-1.346008946674795426e-01
-1.172153274735785455e-01
-1.283962241374512203e-01
-1.374745217634036898e-01
-1.331998287485927079e-01
-1.489249238926220187e-01
-1.393496241323921581e-01
-1.370894263883696285e-01
-1.449829865103746673e-01
-1.384339538458526642e-01
-1.351107769952429871e-01
-1.308200166754733829e-01
-1.542051672784719996e-01
-1.312261652905110099e-01
-1.429866482229701363e-01
-1.474601583271240024e-01
-1.272217188486842732e-01
-1.318458623311922207e-01
-1.475672697046268578e-01
-1.361634969682283813e-01
-1.349182726034696689e-01
-1.400020910894985704e-01
-1.495095008070213005e-01
-1.397009072063135626e-01
-1.536291866988851451e-01
-1.296513294327782395e-01
-1.386145656824175898e-01
-1.392253195503079244e-01
-1.342578453335052657e-01
-1.365214134328089912e-01
-1.311934080330868779e-01
-1.331094126826434243e-01
-1.327415581800168720e-01
-1.540760768140320147e-01
-1.370123379078802550e-01
-1.463689334051938573e-01
-1.456552306630274352e-01
-1.425422765282901016e-01
-1.358274629894650198e-01
-1.416192443458081929e-01
-1.472897394198804388e-01
-1.297890831792650745e-01
-1.370127017811086922e-01
-1.503855242329470432e-01
-1.367829522780620310e-01
-1.366159115210372477e-01
-1.305698027301899211e-01
-1.446068999009874623e-01
-1.324140155605076918e-01
-1.299236402901983167e-01
-1.256058353755952206e-01
-1.255478569751740103e-01
-1.250038739999884685e-01
-1.297287414242658254e-01
-1.451966332965558548e-01
-1.413694676604572154e-01
-1.526500679549777084e-01
-1.475152585953241058e-01
-1.341461577513511916e-01
-1.383731286745017997e-01
-1.479900581726919517e-01
-1.411738304141531009e-01
-1.465464123652098216e-01
-1.531810595398306329e-01
-1.314441673887298823e-01
-1.387229533115228453e-01
-1.406517443060106842e-01
-1.409470601464263284e-01
-1.348963536598407620e-01
-1.396727442501677907e-01
-1.402490751624999032e-01
-1.159105867076637431e-01
-1.443006773805773912e-01
-1.619313381807404584e-01
-1.369599671493845205e-01
-1.385866062098159990e-01
-1.331033230388108946e-01
-1.359999267050847616e-01
-1.580945697700329999e-01
-1.462279144763327654e-01
-1.531269862822799421e-01
-1.413158295996316260e-01
-1.367742704789891017e-01
-1.236957781929309275e-01
-1.159015735860199348e-01
-1.414117727312943218e-01
-1.356350399607433865e-01
-1.373960500573077614e-01
-1.474806672386574369e-01
-1.491203645238456388e-01
-1.571772529986451006e-01
-1.370298253282518641e-01
-1.504601880406138958e-01
-1.410949853918317953e-01
-1.250209031869310150e-01
-1.435472190609420329e-01
-1.405717072002928836e-01
-1.550494493830399667e-01
-1.551349558292445807e-01
-1.362966534999158763e-01
-1.326314299717473721e-01
-1.392630420623919563e-01
-1.321738435828190561e-01
-1.447856741267437020e-01
-1.359087591498847336e-01
-1.632525718533423265e-01
-1.372290091607299978e-01
-1.498490495101862385e-01
-1.524292126671598635e-01
-1.443951336630809879e-01
-1.447721413198711504e-01
-1.463766938927409944e-01
-1.359339026413585449e-01
-1.287020312170785163e-01
-1.322902933700910721e-01
-1.406727157828610020e-01
-1.421027424138125994e-01
-1.324735580309373550e-01
-1.462323463499211051e-01
-1.395917476679628677e-01
-1.250072140183709768e-01
-1.556671554874141661e-01
-1.443193993488712246e-01
-1.451915807515079815e-01
-1.235753879182975162e-01
-1.414278026655095555e-01
-1.299773681060802377e-01
-1.362422198450957689e-01
-1.302595830492558060e-01
-1.510910119054454381e-01
-1.447893643177541878e-01
-1.269302092184732556e-01
-1.333658418897056275e-01
-1.377469354648608313e-01
-1.358187961409071387e-01
-1.627852414089604183e-01
-1.397419886321080995e-01
-1.333302717582694474e-01
-1.412149939981691693e-01
-1.279874714612992959e-01
-1.462877140765176109e-01
-1.393624498663522115e-01
-1.379871721840590926e-01
-1.487837453476838212e-01
-1.431722188808084995e-01
-1.519682015725707380e-01
-1.610742467916060350e-01
-1.403285427540801600e-01
-1.462219230761678257e-01
-1.558786165281564884e-01
-1.615427790650960649e-01
-1.442587773982209887e-01
-1.369302639327433790e-01
-1.365664444611640049e-01
-1.441865773684703755e-01
-1.474552473628724103e-01
-1.472696632994667520e-01
-1.445246940491050625e-01
-1.464868906450482178e-01
-1.320150985232419749e-01
-1.504441927509937715e-01
-1.361796547981279359e-01
-1.586288104955596023e-01
-1.554389676949206045e-01
-1.423047130905325808e-01
-1.517036515438714983e-01
-1.453808901472931070e-01
-1.477502468153633342e-01
-1.499203235709163917e-01
-1.431068944232568863e-01
-1.621343519035214065e-01
-1.466609654949083963e-01
-1.577965918142242574e-01
-1.350885079126514787e-01
-1.378188180426714315e-01
-1.260124431420504565e-01
-1.312876787126599498e-01
-1.362258817400629485e-01
-1.405449506993318165e-01
-1.478160262830318650e-01
-1.512403226845053517e-01
-1.434267331234175269e-01
-1.360318439041494076e-01
-1.475131285350736454e-01
-1.358097991977575969e-01
-1.216338780786032081e-01
-1.427061187456276636e-01
-1.574156093693616643e-01
-1.463662584274118272e-01
-1.463166893971880878e-01
-1.473170170307111226e-01
-1.365621585397362447e-01
-1.404176757892920402e-01
-1.478518683638248565e-01
-1.350704211935747079e-01
-1.401958619542181261e-01
-1.236585631936935048e-01
-1.300731595396936169e-01
-1.209973621861509252e-01
-1.391142819850891277e-01
-1.373315328525780699e-01
-1.486453565828169676e-01
-1.279324160135635879e-01
-1.244500574839423612e-01
-1.476165537627196489e-01
-1.565879874957983864e-01
-1.344719293645114111e-01
-1.552347123416448205e-01
-1.413259322193312628e-01
-1.420049577143101815e-01
-1.348036340630440755e-01
-1.436558213341770918e-01
-1.493291962750159518e-01
-1.445978566110307506e-01
-1.610910053612469306e-01
-1.402782513335202597e-01
-1.550936182985780398e-01
-1.491336896303868120e-01
-1.398566409289600798e-01
-1.133717625330801920e-01
-1.527817040164216322e-01
-1.454962328971670660e-01
-1.373560810406071753e-01
-1.517155275412322979e-01
-1.351674956772056235e-01
-1.526414441832008861e-01
-1.579657364751551052e-01
-1.581714912287917607e-01
-1.464741609399867750e-01
-1.418461210574150089e-01
-1.421400345062672765e-01
-1.469560125492173353e-01
-1.416770824028386888e-01
-1.388384010717492179e-01
-1.386324756395611035e-01
-1.421490063919744196e-01
-1.419152249200820726e-01
-1.385051928333568827e-01
-1.437649443607268707e-01
-1.369824335395457282e-01
-1.546840790276850786e-01
-1.504758609997966234e-01
-1.465425649823054177e-01
-1.490077181689575259e-01
-1.421116813749119523e-01
-1.470716880787116820e-01
-1.459992552988850223e-01
-1.461770765364107938e-01
-1.353743479750460776e-01
-1.398589489467124691e-01
-1.527819162078691284e-01
-1.426689742470043099e-01
-1.486341702365350792e-01
-1.531335905049827084e-01
-1.403120422873929685e-01
-1.492590599837716470e-01
-1.258654947205516961e-01
-1.598728575613521663e-01
-1.334986577641378291e-01
-1.433959308455458048e-01
-1.519940089146941675e-01
-1.364178563304526692e-01
-1.400672765804988895e-01
-1.344057425728698574e-01
-1.432979038070212319e-01
-1.474002250794719249e-01
-1.354645433204120231e-01
-1.437450113565399423e-01
-1.448645202447234048e-01
-1.480358675615403019e-01
-1.377478505834641709e-01
-1.410187293239260065e-01
-1.237416796352079906e-01
-1.551181559725425263e-01
-1.404278396740162860e-01
-1.451246042208401699e-01
-1.338226138322696768e-01
-1.480070947407375881e-01
-1.388853318690622674e-01
-1.409256894836811158e-01
-1.327939211028243971e-01
-1.450860209524044153e-01
-1.495708647104793121e-01
-1.527409111585478207e-01
-1.420994520778816605e-01
-1.253953707153626640e-01
-1.384134890755590597e-01
-1.516135928349138240e-01
-1.338858720890787612e-01
-1.458706351195941942e-01
-1.337316846751157584e-01
-1.343879041792257478e-01
-1.475318015596569499e-01
-1.405775924551512235e-01
-1.457048625485635185e-01
-1.495848189766358916e-01
-1.444426149985949537e-01
-1.502647135686198676e-01
-1.384703206795201980e-01
-1.479852509434369523e-01
-1.444900553453048464e-01
-1.532763658787699157e-01
-1.389780037047640415e-01
-1.145904972279054024e-01
-1.476466912912026697e-01
-1.456068968381511730e-01
-1.342018292376372934e-01
-1.476831164312049638e-01
-1.466844160247416651e-01
-1.395109284800565286e-01
-1.502296075000250086e-01
-1.417733745730828110e-01
-1.233203174941433222e-01
-1.328556993387446927e-01
-1.494956004223914614e-01
-1.549991404967620001e-01
-1.553501755770879122e-01
-1.395731629697453124e-01
-1.351210406078597881e-01
-1.431428886343085183e-01
-1.229949713616408924e-01
-1.423846320211785699e-01
-1.489226514746950225e-01
-1.561574179221858483e-01
-1.315484168531868003e-01
-1.499403392205040375e-01
-1.479678116445163061e-01
-1.423695531847541940e-01
-1.472747827082507843e-01
-1.595832237231600281e-01
-1.415177350575839710e-01
-1.429532874515991869e-01
-1.443981516230655737e-01
-1.533484051472944754e-01
-1.349812977528432323e-01
-1.280424522598839210e-01
-1.463005623122105026e-01
-1.476886697770783130e-01
-1.477496307313242441e-01
-1.468988526898757918e-01
-1.400028234466879906e-01
-1.527471310107016422e-01
-1.372982974260796296e-01
-1.372459494225862497e-01
-1.264171498927161019e-01
-1.504075477018295137e-01
-1.405088093417233286e-01
-1.442893224746655267e-01
-1.480526106483462667e-01
-1.530014381769685128e-01
-1.436965211157106570e-01
-1.474197985495905860e-01
-1.394684241514296819e-01
-1.528834477244269408e-01
-1.449328861514199707e-01
-1.364989640340645571e-01
-1.439020072567955277e-01
-1.386793281600590122e-01
-1.484950184186417665e-01
-1.475449334733909268e-01
-1.416455112296356456e-01
-1.453213583596910663e-01
-1.610117436744701314e-01
-1.446225853812110884e-01
-1.400478654260635114e-01
-1.334742082535256280e-01
-1.617885838751954575e-01
-1.510897850615552374e-01
-1.388772604068106986e-01
-1.538473224353307245e-01
-1.354816138825712946e-01
-1.575417703771211930e-01
-1.522298639686348043e-01
-1.664431573797781061e-01
-1.541710334685661987e-01
-1.369653301372674159e-01
-1.401037320676346565e-01
-1.284489606969072550e-01
-1.462620059248745386e-01
-1.357844805791493803e-01
-1.633135073806554205e-01
-1.373337110676345896e-01
-1.280207492924555490e-01
-1.533114631848218612e-01
-1.392640229773235983e-01
-1.437465781330581893e-01
-1.456549090153268500e-01
-1.446215063973404491e-01
-1.461850804019381167e-01
-1.535279093816789842e-01
-1.454390199156669894e-01
-1.589519500625291570e-01
-1.523787542668812722e-01
-1.544394504877644736e-01
-1.298458307451978155e-01
-1.261406453793789129e-01
-1.310379760389757675e-01
-1.445868083961864281e-01
-1.452693668150729644e-01
-1.340229436681933395e-01
-1.467257687740922689e-01
-1.373743204126510742e-01
-1.552215817778601625e-01
-1.235428708095317463e-01
-1.446732556213738974e-01
-1.473621673980939351e-01
-1.573907070285935905e-01
-1.412603423937400793e-01
-1.561775297144910590e-01
-1.411074216257690583e-01
-1.584677767561430972e-01
-1.321042074311770120e-01
-1.423388892499528602e-01
-1.504417769931547522e-01
-1.447817623704489298e-01
-1.552383105221725179e-01
-1.515494849504703812e-01
-1.589594809246189788e-01
-1.327229635760355242e-01
-1.480182912052961930e-01
-1.504441776298408584e-01
-1.443652005799894722e-01
-1.546048156270415364e-01
-1.572122173578515136e-01
-1.451004779372915277e-01
-1.447881859746044664e-01
-1.480996146988501350e-01
-1.499680221363604016e-01
-1.504205148502115730e-01
-1.629007711405829895e-01
-1.471292725492534537e-01
-1.326408570563664124e-01
-1.411081851475257665e-01
-1.264061572853965032e-01
-1.480817127410032352e-01
-1.512038845270117227e-01
-1.573809805330884659e-01
-1.359373304762849233e-01
-1.559841377896247216e-01
-1.528723803891064437e-01
-1.457229264531415547e-01
-1.470119136695723361e-01
-1.498577320830531412e-01
-1.613450417661708158e-01
-1.359454841422887972e-01
-1.530461110834854255e-01
-1.582219404494652482e-01
-1.632692463413315531e-01
-1.616012700561609838e-01
-1.578085550022179095e-01
-1.258752405239241812e-01
-1.439359443043666253e-01
-1.482970898587303576e-01
-1.524985833077533437e-01
-1.465759920199239952e-01
-1.556610784060373787e-01
-1.334838347820145321e-01
-1.372502208552300873e-01
-1.436634375413051723e-01
-1.327605415353489970e-01
-1.504760695150798577e-01
-1.500425103249602987e-01
-1.638862173254408416e-01
-1.542448253435884098e-01
-1.319988566528765839e-01
-1.486418115873839874e-01
-1.520615840528291018e-01
-1.601172891866875503e-01
-1.685618603608615151e-01
-1.376107903658096987e-01
-1.545567584159295293e-01
-1.469038328341703004e-01
-1.508515249726256613e-01
-1.650558346151368427e-01
-1.405694875514446052e-01
-1.471394978324471747e-01
-1.522594976674634948e-01
-1.400547508955456433e-01
-1.378975128519586146e-01
-1.580637325993896614e-01
-1.402210853797152268e-01
-1.408905580189880880e-01
-1.645125498266650776e-01
-1.621532183632743429e-01
-1.581796901969692026e-01
-1.529459851766463707e-01
-1.462874359040737815e-01
-1.432550246782771097e-01
-1.501188804608366567e-01
-1.427184161070103041e-01
-1.547058562916820978e-01
-1.490007011635339218e-01
-1.520671289421393624e-01
-1.592099616099265091e-01
-1.435469398168027766e-01
-1.433251664110772872e-01
-1.527904503399295510e-01
-1.615267678242338079e-01
-1.619722678694841544e-01
-1.492377960557600414e-01
-1.646223581660954949e-01
-1.434260113483871724e-01
-1.341754181224559250e-01
-1.524828270878324510e-01
-1.458604866561996616e-01
-1.349858838767930003e-01
-1.402712682020614832e-01
-1.525738437698693772e-01
-1.523070110147393130e-01
-1.503109000167626164e-01
-1.505166587330810657e-01
-1.465677811205616798e-01
-1.345161801741647789e-01
-1.472838541027163828e-01
-1.426475031641902813e-01
-1.304367093611240591e-01
-1.420535556493383034e-01
-1.496587244963176744e-01
-1.438961976113666275e-01
-1.500691422591919899e-01
-1.643861766896483889e-01
-1.550677260764099508e-01
-1.559821244807999552e-01
-1.404314139965407993e-01
-1.629870405674958000e-01
-1.610673722943085640e-01
-1.570068289727655220e-01
-1.466087938989040218e-01
-1.425907124081402522e-01
-1.412487123329637662e-01
-1.483555004170324931e-01
-1.620547964037288846e-01
-1.446611983130712265e-01
-1.696718638687271241e-01
-1.724891080299351120e-01
-1.483154824713457387e-01
-1.607387675098108648e-01
-1.442023795196443192e-01
-1.654350452415103145e-01
-1.389356718821894709e-01
-1.288921473223680891e-01
-1.447643639101316992e-01
-1.439552707886966321e-01
-1.582691641279898587e-01
-1.405663223851614241e-01
-1.459051055796303231e-01
-1.414211736489929816e-01
-1.464026954579515927e-01
-1.402210384864792658e-01
-1.498380233323937105e-01
-1.498674348602331285e-01
-1.421819546848221982e-01
-1.522478992970870415e-01
-1.395565646392402659e-01
-1.491737858737072209e-01
-1.550267807104981355e-01
-1.560357663118630001e-01
-1.499987898634096428e-01
-1.635474493689592634e-01
-1.604023739780344737e-01
-1.511027995387841383e-01
-1.234644892035881014e-01
-1.646079581913224565e-01
-1.535101487485077687e-01
-1.685682353885817886e-01
-1.537299841135744138e-01
-1.578913950547227163e-01
-1.473349278050533062e-01
-1.648444583488157811e-01
-1.589371529654088899e-01
-1.477789501484660928e-01
-1.388141004745229168e-01
-1.339001820678791255e-01
-1.651356985833574154e-01
-1.613644123966897492e-01
-1.446688231697492721e-01
-1.511813061261437774e-01
-1.450213886452473844e-01
-1.444257758038871575e-01
-1.421223219815233030e-01
-1.435391144136657360e-01
-1.515104559892670455e-01
-1.353681061132203656e-01
-1.559548466154945245e-01
-1.528075375352666576e-01
-1.587105562633719380e-01
-1.449468081709117673e-01
-1.498581278237944847e-01
-1.458059607322303997e-01
