-4.195941025981830830e-01
-5.813372992518520688e-01
-7.124467259305418132e-01
-9.649844018448590077e-01
-9.952669588372626830e-01
-8.638033840967903609e-01
-9.072981807555657863e-01
-7.779159703410469806e-01
-6.396605904065013615e-01
-6.304541970373153115e-01
-6.367282350887024656e-01
-6.440122335618655436e-01
-7.669189993387610649e-01
-7.482602760080254711e-01
-5.447113473539832995e-01
-4.071501783078246839e-01
-4.393732235601148783e-01
-2.848175360627969166e-01
-3.856078481051274931e-01
-4.489391878739343866e-01
-3.613257264986161066e-01
-2.747254462464135405e-01
-4.590916319247833055e-01
-2.259934234260686514e-01
6.786004019809088739e-02
1.455070792708571328e-02
-1.207153842425236490e-01
3.289048919681802213e-02
2.225419571360833793e-01
4.108779313697177304e-01
-3.639945154753759099e-02
-2.308941427403810587e-01
-2.749577719352122585e-01
-2.354083108181909134e-01
-4.845806333873424188e-01
-5.377859120463028830e-01
-5.903056864046253294e-01
-6.188235605637749659e-01
-7.174279024237458779e-01
-7.677596976238176829e-01
-7.970051635067691986e-01
-3.713140879529968075e-01
4.265935651014420016e-02
7.222171436209506856e-02
2.058558881903553572e-01
-9.222287319153003871e-02
-5.751625106984462055e-02
5.293613086024594183e-02
2.466895324603771700e-01
1.952153021643872333e-01
3.568490837218560308e-01
3.892916651098863312e-01
4.956742346542060695e-01
5.052329529955622567e-01
7.089969509644945544e-01
7.114195953138724438e-01
7.185951706546613860e-01
2.249799846118558100e-01
-6.226504636240760837e-02
-1.568256566541103292e-01
-7.930021819713845010e-02
-2.543547501059619798e-01
-1.175002912339705580e-01
-6.452294516994057372e-02
-2.580745504113777233e-01
-1.163797401074275067e-01
-1.100418087266131356e-02
-2.423794258585635075e-01
-1.207506863965723820e-02
-1.826703771070346816e-02
-1.665081965010061782e-01
-1.072649409357496163e-02
3.399931868746648433e-01
7.763191965011001505e-01
9.045804882862555907e-01
9.153252604220314392e-01
8.353316175274111410e-01
6.240492986633064953e-01
3.940263596241422861e-01
3.463524534915337072e-01
3.892009306682301939e-01
3.530701169623769453e-01
3.084959145898675814e-01
3.002609119989991249e-01
4.439343919223373569e-01
3.521680171466360365e-01
2.723797310203113775e-01
1.786436420344238163e-01
-1.218760807256207834e-01
-4.165369166111125288e-01
-3.806583954052757957e-01
-6.778453048309527329e-01
-6.443365289156868236e-01
-6.668402243195186152e-01
-6.226089675874899587e-01
-7.918173559288792518e-01
-6.358886898218977235e-01
-7.452727283227696953e-01
-6.906700396293925515e-01
-5.677434763277694474e-01
-6.320138667411261402e-01
-6.529209467654687460e-01
-6.148599409385823167e-01
-5.451927501862017245e-01
-3.201286107882173604e-01
-1.778090768222845286e-01
-2.575820930469630010e-01
-2.079064853465892593e-01
-2.766460167698108208e-01
-3.669901188048252383e-01
-3.899906426888919975e-01
-3.686415059862996890e-01
-5.050862008457630559e-01
-4.694915691993009621e-01
-6.330469512772581853e-01
-6.082155812922062088e-01
-6.690763683526732564e-01
-5.797151176176752463e-01
-6.213896812580923523e-01
-7.151320714866348238e-01
-8.374975694454136477e-01
-7.719998124688413066e-01
-5.956313937586253937e-01
-4.762398705774539276e-01
-6.455937633524886365e-01
-5.771417825094997678e-01
-5.969913254768661748e-01
-4.390053035398707171e-01
-3.640652053695127566e-01
-3.350475472498439800e-01
-2.342657727792498978e-01
-4.238475348754698335e-01
-5.112032245675796061e-01
-4.838597275679056842e-01
-3.610309459695641987e-01
-3.723922396146991387e-01
-5.685133440260490278e-01
-4.038669802585994062e-01
-4.363747161317784728e-01
-2.474039652671372047e-01
-1.662452892938322824e-01
-2.753815560617478009e-01
-5.426584438451365067e-01
-5.310938473643334046e-01
-5.434103398106089333e-01
-3.952567052292614846e-01
-3.887179911224695195e-01
-4.296117475923008633e-01
-2.712472111810425579e-01
-1.492385714456314627e-01
-4.839094737456349493e-02
-9.682282062865447958e-02
-1.190407195845035460e-01
-1.781496568409054460e-01
-1.359638975873480315e-01
-2.452157247083824876e-01
-5.645613665818229043e-02
-1.280206891959956295e-01
-1.421166554390245473e-01
-2.608607462340142291e-01
-1.291028640913538805e-01
-1.085045752574617384e-01
-1.683103690726749646e-01
-3.645728885828418142e-01
-3.273841550405516831e-01
-3.625226048787261179e-01
-3.753578953722437883e-01
-2.930280915990049473e-01
-1.568537924481824830e-01
-4.639291966418409574e-01
-3.827984866413289833e-01
-3.832095086663250272e-01
-3.888026144570633225e-01
-3.458379472062504956e-01
-4.885345066116085211e-01
-4.869117004383636815e-01
-4.623088128747398495e-01
-4.544957095567839223e-01
-5.493400809638484539e-01
-5.856455503004773799e-01
-4.338816999488557258e-01
-4.801741031564152329e-01
-4.601744524596092512e-01
-3.333855677841991438e-01
-3.964589565935540683e-01
-2.571942952879401334e-01
-2.126827228126403069e-01
-2.214833154851743036e-01
-2.596127712766352902e-01
-2.281698217696379039e-01
-2.225436368358797712e-01
-3.545753641964479730e-01
-4.481961509849534675e-01
-3.749809040490151846e-01
-4.299726725156120533e-01
-3.417047970493629072e-01
-2.756291472546487098e-01
-4.000478732836125206e-01
-3.714760698760526392e-01
-3.756627704225096731e-01
-3.596288830311262230e-01
-3.047485439016952569e-01
-4.137290297863738253e-01
-4.507847694074001432e-01
-5.347877360617798725e-01
-4.348928420744467283e-01
-4.193675532311904597e-01
-5.748909537314191853e-01
-6.095373033354886116e-01
-5.006724028665979764e-01
-4.442007670360336724e-01
-4.745087921747113691e-01
-5.218889228454103302e-01
-4.467437285643368061e-01
-4.189590832067874859e-01
-3.904900066641259215e-01
-3.320406898034378163e-01
-2.886626479064250961e-01
-3.843674105168692900e-01
-4.789855096842379756e-01
-3.885003190907672654e-01
-4.039128498684129154e-01
-3.161997917387348589e-01
-3.990741247570013805e-01
-3.958037799884341346e-01
-3.224160716958686113e-01
-2.070063900094526732e-01
-2.255888935098190884e-01
-3.105181828146384437e-01
-2.360998049085523409e-01
-3.207060655991780806e-01
-3.437167933102236450e-01
-3.701871227725519464e-01
-3.059381169379762344e-01
-2.884962064626393485e-01
-3.621789574349164598e-01
-3.340687500743477756e-01
-3.580480291470552467e-01
-4.184168843073241550e-01
-3.578957599128791411e-01
-3.252976460205535547e-01
-2.623950255174087864e-01
-3.284666750129668911e-01
-4.489148713431001525e-01
-4.320201536670705833e-01
-4.208915467613633110e-01
-3.259320662590441398e-01
-3.276948083429351288e-01
-3.194095266719197967e-01
-3.429603832980168132e-01
-3.309988074187875107e-01
-2.182144488728827991e-01
-1.197063661904745058e-01
-2.235922218435386077e-01
-2.376419398943120098e-01
-2.380529844846240861e-01
-1.540212403617521042e-01
-2.602623040600912097e-01
-2.484418227078563080e-01
-2.908646979033638336e-01
-2.794627307810608752e-01
-1.870662698731028473e-01
-2.300144720241898144e-01
-3.317817139259771064e-01
-2.773512595693928828e-01
-1.993980002227145054e-01
-2.130159998282572520e-01
-1.828581503796559149e-01
-1.292514577001115939e-01
-1.394276733344603225e-01
-1.589110322361375893e-01
-1.424976699509677980e-01
-1.335803414934471633e-01
-1.075995298968124986e-01
-5.989387097968176116e-02
-5.820130927471426491e-02
-9.024823373457080411e-02
-9.030141433704463871e-02
-8.920216779393291828e-02
-5.593484709537504401e-02
-1.058293114208753855e-01
-1.622293055116550697e-01
-1.236853652351298377e-01
-1.482846955187228644e-01
-1.756451623266520323e-01
-2.425016895969049624e-01
-3.252121669588274866e-01
-2.973052256902512513e-01
-2.436615264947305792e-01
-3.195901395637066322e-01
-3.109911912951408564e-01
-3.152737019071334967e-01
-3.904156545324157235e-01
-3.616781898528994010e-01
-2.473489386639774468e-01
-3.873527738315080127e-01
-3.685121592571321547e-01
-2.952576478422158646e-01
-3.546361034036812354e-01
-3.231583321439848167e-01
-2.786418065473313388e-01
-2.074231399252819963e-01
-2.606276153038643018e-01
-2.822764486936490957e-01
-3.133265065225984691e-01
-2.592277200358607536e-01
-1.942713719489229662e-01
-2.900189086287277007e-01
-4.212552026189000376e-01
-3.547386095510358661e-01
-3.511777957746409218e-01
-3.529378471258751704e-01
-4.388164420578150593e-01
-5.607024173707115811e-01
-5.556717402579610665e-01
-5.266429900064666381e-01
-4.501000646683244732e-01
-4.322198517302695553e-01
-4.845880974797311946e-01
-5.248344906320618897e-01
-5.816451647220648447e-01
-5.504247353716268387e-01
-5.864006793708580467e-01
-5.818001869903329792e-01
-6.362371668804158720e-01
-6.781138852949434304e-01
-6.893992148846214141e-01
-6.386341168267746227e-01
-6.348042814395882250e-01
-6.623263087936186455e-01
-6.118116690757585685e-01
-6.462076805725064377e-01
-7.183786402682672545e-01
-6.206835818115968850e-01
-7.011745242416111967e-01
-7.752919129502924278e-01
-6.793960318739706850e-01
-6.085820583372506531e-01
-5.692339279950591191e-01
-6.038182364772057831e-01
-6.019845610327406726e-01
-5.031779696571893057e-01
-4.666050062971851542e-01
-4.251285442150546379e-01
-5.262842947227692747e-01
-6.218005737835341495e-01
-5.294799011994231197e-01
-5.494080601315155521e-01
-4.766422785412373075e-01
-3.819429747899617533e-01
-3.877230848915202976e-01
-3.694221555893992814e-01
-2.927567964071526863e-01
-3.231324564291278012e-01
-2.968022279686902132e-01
-2.385875680910115593e-01
-2.623738822174447316e-01
-2.461903761054195505e-01
-2.219447235568257071e-01
-1.537942642865833820e-01
-1.124121188508789004e-01
-1.170785013182094048e-01
-1.721291877184548402e-01
-2.041181401663169082e-01
-1.862329498916215631e-01
-1.886022115706690594e-01
-1.864278422664194523e-01
-2.499425509783453903e-01
-2.316860998335208977e-01
-1.739372792472308749e-01
-2.084796102517294802e-01
-1.804338822115189866e-01
-2.519744930304980146e-01
-1.812570015467582230e-01
-2.230060703658486576e-01
-2.253794449600463601e-01
-2.410293260824794004e-01
-2.125521790751297435e-01
-1.041697290090931732e-01
-2.881445015762560194e-02
-6.730652645636180098e-02
-1.421730932719373897e-01
-1.614192505001541822e-01
-1.317810433559994387e-01
-1.599575744707338876e-01
-1.487993959652762210e-01
-1.667539100267703689e-01
-2.538352063363917277e-01
-1.685359096058386408e-01
-7.126829890974278880e-02
2.382608463931618070e-02
5.031610429209370378e-02
1.386774688298392788e-01
1.474455854447553060e-01
1.408496268813288488e-01
1.263807065754491976e-01
8.522798465240993826e-02
3.394074091806090210e-02
3.553659301827294392e-02
3.029590829763386187e-02
2.654722094604737223e-03
-3.203711369245874907e-02
2.864231453691966876e-03
8.182703585720724204e-02
5.882096692653807773e-02
4.851990010923137864e-02
1.354273059522645706e-01
1.411168265249267140e-01
1.012437974305429589e-01
8.088173252146102499e-02
8.621232145455576257e-02
1.301255049780618116e-02
1.119545631307119760e-01
5.685527732335411005e-02
4.602911683322372105e-02
1.208886290607652098e-01
-6.799821583117498895e-03
2.472890466896476153e-02
-3.763849004778832552e-02
-5.195965026562893857e-02
-8.444339039791191881e-02
-1.734768082433555680e-01
-1.005662960806849582e-01
-4.275305710970218193e-02
1.559326248338657392e-02
1.893683284088470975e-02
2.816938421301680776e-02
-1.999765393936129079e-02
-4.784484023401397446e-02
7.903964454288016361e-02
7.472601218551744306e-02
1.284067415955024161e-01
1.298437954805855832e-01
1.320993859693558592e-01
1.229952667674584083e-01
1.349946223693978542e-01
1.011209185336666150e-01
1.220955111776750451e-01
1.787095661954724857e-01
1.921339288137974832e-01
1.774005219474226458e-01
3.391951264536210986e-02
6.815345906165507645e-03
5.043523149184421517e-02
1.254916720162034816e-01
8.354368908223265555e-02
-7.775391675455530036e-04
-3.180129191577399372e-02
1.244197015105124732e-01
1.023544080256674343e-01
2.266533806059015457e-02
2.768540938260099019e-02
1.124213617925138436e-02
-2.305041022663144659e-03
-5.112247739883010733e-02
-8.505822646101195150e-02
-1.360378444966646172e-01
-1.257220405029743082e-01
-2.168666889944699180e-02
-3.891572085634054361e-03
-1.569120270540231010e-01
-7.502999596303418228e-02
-1.309972562134499308e-01
-2.638278431613753916e-02
-9.932520816793719703e-03
-1.374774096997797949e-02
-1.609894523594606816e-02
3.751242272292278773e-02
5.048795542772228223e-02
-1.084768941001296774e-04
6.560386331077302374e-03
5.331704411074926486e-02
4.315192276050832526e-02
8.465727745977244534e-03
-1.016659805577021809e-03
8.017823987346271719e-02
4.393028039018236769e-02
8.374341984561098351e-02
7.220490496843753880e-02
9.845191129699260024e-02
2.515005871298205478e-02
-5.908250476732520434e-02
1.001023955155147943e-01
-8.730366826568283778e-02
-2.481607894138250503e-02
4.083821780110397093e-02
1.777657314514411932e-02
-3.089262355282516859e-02
-5.378917563835981103e-02
-1.404258178635901244e-01
-1.269349756204536384e-01
-1.150376231298643609e-01
-1.291080756242155292e-01
-2.218334622702068382e-01
-1.202084437001351425e-01
-1.530378387964045350e-01
-5.899450425278859877e-02
-3.447246413502069121e-03
2.141014890860311326e-02
6.632394435496011265e-02
1.075904452928641564e-02
5.322773036477041614e-02
3.682679326708187401e-02
4.399523401997577216e-02
-4.625004796718672206e-02
4.686837612663838359e-02
-1.026482972875450428e-02
-6.792193806942127543e-02
-2.146486335662529110e-01
-2.014591218721716037e-01
-2.440633120628536712e-01
-1.312815582739658149e-01
-2.313453542623657988e-01
-3.177158757671716960e-01
-2.657026202750631949e-01
-2.440947293686016040e-01
-2.832238144348478426e-01
-3.425752603660556228e-01
-3.247383954850264209e-01
-2.279417984748635106e-01
-2.221356703135092536e-01
-1.713801017992628295e-01
-2.112188987745604873e-01
-1.523589255055021741e-01
-2.804847584754787682e-01
-2.972751601778866326e-01
-3.032224429146579414e-01
-2.547168209043816911e-01
-2.345936248438558469e-01
-1.715011683103043749e-01
-2.927961940315559897e-01
-3.459816371288079173e-01
-3.748906761503748020e-01
-3.281065599176712366e-01
-2.749481341312849381e-01
-2.571034333527468796e-01
-2.807825115445134467e-01
-2.339642162169573159e-01
-2.522741653575164000e-01
-2.279257810529841111e-01
-2.730982749261246512e-01
-1.330307233258517519e-01
-6.873601178399620093e-02
-1.085142015363315671e-01
-4.447482857111170751e-02
-6.963535288550398716e-02
-1.780808059967390888e-01
-1.657316292047672224e-01
-2.261654709449865130e-01
-1.510989461226508179e-01
-1.916719168647080529e-01
-2.321883212935108576e-01
-1.811724496977535626e-01
-1.695157916375543694e-01
-1.288609159218262468e-01
-6.495834179866222247e-02
-1.450142545288498064e-01
-1.095729368827600136e-01
-8.214432583552137845e-02
-2.087220973976186555e-01
-2.441044123590392634e-01
-2.677293035206202987e-01
-2.082287332090766441e-01
-3.216123363050454320e-01
-3.458936967825796405e-01
-3.946469533808760755e-01
-4.554498951959725095e-01
-4.655700118437047785e-01
-4.845529080844883651e-01
-4.622815068415266349e-01
-5.766524478425808509e-01
-5.433124529773808442e-01
-5.961934981681806800e-01
-7.133394010593896439e-01
-8.466326867008334700e-01
-9.415932289430085644e-01
-9.142762376933468715e-01
-8.945035046637974663e-01
-8.429645016341766883e-01
-9.396809108302256464e-01
-8.373831189606630865e-01
-8.394466267359034228e-01
-8.470812886196461555e-01
-7.132401053483784503e-01
-7.645416551477667300e-01
-6.929965033606093616e-01
-7.634946110733691338e-01
-7.198542800758009896e-01
-6.973964488520857374e-01
-7.598187930185624772e-01
-8.708752567314590465e-01
-8.188861256401595012e-01
-8.653754765197579912e-01
-7.995314191936775394e-01
-8.825588132677063546e-01
-7.129398103456853208e-01
-7.355260555013451995e-01
-7.485258317582464960e-01
-7.949914500844389442e-01
-8.382781840422650621e-01
-8.956339473494985270e-01
-8.291918807393299229e-01
-8.140656869249967009e-01
-8.636160760467674891e-01
-7.823883445800213776e-01
-7.493346723086412586e-01
-6.504448942538765266e-01
-6.898412401801405913e-01
-6.751815139053580772e-01
-6.304496103337449142e-01
-6.340103282870023227e-01
-5.332267648399784399e-01
-5.982249297055913795e-01
-4.404358097935791028e-01
-4.277077323110105023e-01
-4.476522827550525885e-01
-4.111240178415185298e-01
-3.746205276751077284e-01
-3.938307376132917370e-01
-3.385385960432509833e-01
-3.411913724200791864e-01
-3.500398511895911335e-01
-3.904772671222310754e-01
-3.462772814820994638e-01
-2.952855232842236388e-01
-3.861549049272339218e-01
-3.785896162926628561e-01
-3.385823402464637200e-01
-2.290277854988688189e-01
-3.437084339587591630e-01
-3.501389691061073117e-01
-3.623417366695381170e-01
-3.663679413450819378e-01
-2.921856681107336540e-01
-2.374642766808629235e-01
-3.195777739545874740e-01
-3.485324862173848071e-01
-3.350538872539492452e-01
-3.664632636043869685e-01
-4.363394205712594620e-01
-5.013244578205465762e-01
-4.347825066439694464e-01
-3.453426401621928488e-01
-3.628113919734547443e-01
-4.375999185856244700e-01
-3.660835093141238117e-01
-3.427468023866403479e-01
-5.814015467417852356e-01
-4.609769209940133838e-01
-5.102314174361252119e-01
-4.883436001958249006e-01
-4.482343501472770275e-01
-4.034861807839547621e-01
-3.699796491319746750e-01
-3.486597767929066061e-01
-3.668474362252299725e-01
-3.776533954734590526e-01
-3.097384361731171931e-01
-3.597273338422628530e-01
-4.484078730217733177e-01
-5.769094658236189055e-01
-3.998378520616066023e-01
-4.214265489369088957e-01
-4.155127448411261026e-01
-3.781180853637945982e-01
-4.336371166792507004e-01
-3.833966887189890760e-01
-4.245620053379455805e-01
-4.815700689818598335e-01
-5.038005271711306632e-01
-5.760895648181780793e-01
-6.969157595639455804e-01
-7.822495112415912555e-01
-7.653377809211109328e-01
-7.391637876862371392e-01
-7.252967525688662764e-01
-7.678086640984986833e-01
-8.510359990718137091e-01
-7.925319340204283192e-01
-7.967196185163775146e-01
-6.731591691441285441e-01
-6.482747098064199909e-01
-5.996942246307842561e-01
-6.226912916606620607e-01
-7.459494821910875872e-01
-7.597097700262569475e-01
-7.463132316506708719e-01
-6.766981020507115696e-01
-7.023231779217944393e-01
-6.546096939794183722e-01
-6.486442334924878983e-01
-6.443005933407550678e-01
-6.609407371776000462e-01
-5.708294522563321927e-01
-6.505569448871381111e-01
-5.171438842164314265e-01
-6.109318220462917060e-01
-5.664294305890518189e-01
-5.765524926301791586e-01
-5.877863510251655210e-01
-5.994331497586438129e-01
-5.594432959771844516e-01
-5.917341019961236404e-01
-5.276230200272473692e-01
-5.595504551486824019e-01
-5.669474424435018145e-01
-6.070815384750543053e-01
-6.569594848155033695e-01
-7.324588810333162447e-01
-7.706720606963501918e-01
-8.381130602532039786e-01
-8.320963265823103638e-01
-7.696901216349676389e-01
-7.743950357006634810e-01
-7.169228588176872474e-01
-7.758180400154086609e-01
-7.929713060775555045e-01
-8.311734628496121324e-01
-8.429835195206413223e-01
-9.126462911223932606e-01
-8.316097318165778240e-01
-8.000553534697991687e-01
-8.783573133265480948e-01
-8.637570955117324090e-01
-8.745628108669075695e-01
-8.270408452732401772e-01
-8.196279704988028714e-01
-7.514326925538203916e-01
-7.237245002458359000e-01
-6.884760443653468176e-01
-6.581958796694341585e-01
-7.751661237757456746e-01
-7.350341706003775677e-01
-6.148432718587267809e-01
-6.246485574874998115e-01
-5.916929984979060198e-01
-4.968948844802470455e-01
-5.209724571478748789e-01
-5.574096544936690822e-01
-6.524907088987300652e-01
-6.422310115915360607e-01
-6.707600449393323894e-01
-6.858605182005064194e-01
-7.295383942795883314e-01
-7.237055825482793248e-01
-6.676228263917378669e-01
-6.954776082948233018e-01
-6.810596898041054725e-01
-7.235292064332882189e-01
-7.748117182148235305e-01
-8.096398068681734950e-01
-7.623275671452144353e-01
-6.087027957214511398e-01
-6.586096577000747354e-01
-7.062008465942812840e-01
-6.330132191706394629e-01
-6.892320644889345926e-01
-6.916201328120261671e-01
-7.568069852823314791e-01
-7.233344587126305791e-01
-7.397540567208393814e-01
-6.222436589304314314e-01
-6.669087817608931879e-01
-6.804447916063358637e-01
-7.244871099151803939e-01
-6.743345223434783486e-01
-7.198418313325459783e-01
-6.677074656031429800e-01
-6.116321765268587507e-01
-6.893874860557074324e-01
-6.821009329745971739e-01
-6.634544957867698489e-01
-7.671609988163338167e-01
-8.433076353704237471e-01
-7.829406778029119884e-01
-7.716028674877142279e-01
-8.818566149880011640e-01
-9.788019273732457837e-01
-9.610186935106495021e-01
-1.038161827407361848e+00
-1.064279501244409953e+00
-1.095157243786034407e+00
-9.951238307865164501e-01
-1.104600618738160289e+00
-1.111845343291951727e+00
-1.074136766892309414e+00
-1.095298112139850844e+00
-1.099289895713641663e+00
-1.079501434851709796e+00
-1.103068182757762417e+00
-1.213849712641619893e+00
-1.209207782480558269e+00
-1.163649726830917608e+00
-1.224633752349552962e+00
-1.294257326329460778e+00
-1.293507143374998281e+00
-1.264317999295023531e+00
-1.283323479217344021e+00
-1.272216091090089485e+00
-1.457755713484272908e+00
-1.449802473793739610e+00
-1.431245069793344316e+00
-1.454091360649130582e+00
-1.487883561367912888e+00
-1.570477206000596926e+00
-1.558715164382519003e+00
-1.666849299634129533e+00
-1.561354101069335032e+00
-1.614875089985514656e+00
-1.717423932217019722e+00
-1.648280485047338928e+00
-1.594351211086597386e+00
-1.548890899543446942e+00
-1.714813335322077581e+00
-1.761371780570244683e+00
-1.770165482943242941e+00
-1.695012975985836334e+00
-1.669516213524201653e+00
-1.688469998756344959e+00
-1.747088769564759225e+00
-1.798673537563301617e+00
-1.715767212025432142e+00
-1.748259766378261748e+00
-1.616115780872959373e+00
-1.584257448397660584e+00
-1.642421613085059517e+00
-1.514247583455557988e+00
-1.595189701433366247e+00
-1.563602912058464689e+00
-1.611214431953833071e+00
-1.582265198266068040e+00
-1.515853594723279407e+00
-1.528113265577509594e+00
-1.524506815639161905e+00
-1.597455231841266254e+00
-1.606942828739078788e+00
-1.611135879647487279e+00
-1.595884365862108023e+00
-1.610603477433729891e+00
-1.669931437512933936e+00
-1.579439217315592225e+00
-1.544573277424052815e+00
-1.526798393717853308e+00
-1.510455219459660325e+00
-1.667008282779398609e+00
-1.650897592092900101e+00
-1.649471174801058426e+00
-1.653906261987128090e+00
-1.630803895341709220e+00
-1.568940940584453880e+00
-1.634280966592613682e+00
-1.685138198241757257e+00
-1.661920683047673153e+00
-1.621344016102638896e+00
-1.543721727052227655e+00
-1.607643559607163875e+00
-1.669415069515856498e+00
-1.681324785669427335e+00
-1.711477799336093009e+00
-1.630143569708791595e+00
-1.813243481420232506e+00
-1.797857053830287155e+00
-1.790139840416357764e+00
-1.760032495098520666e+00
-1.721400697978485717e+00
-1.744956151473467942e+00
-1.754333536780800618e+00
-1.596103846617426436e+00
-1.652189476853691552e+00
-1.680290705139964924e+00
-1.619313781872283364e+00
-1.689454520455698994e+00
-1.616059732479333322e+00
-1.675500861772596606e+00
-1.747138201451296391e+00
-1.724219296200384388e+00
-1.658926025389438452e+00
-1.695532104022213105e+00
-1.704805007414937901e+00
-1.716343839469685939e+00
-1.695009565194349532e+00
-1.547943468508477416e+00
-1.602848237444174595e+00
-1.615499377993238728e+00
-1.720360825607987199e+00
-1.689092120923934015e+00
-1.654426946351898353e+00
-1.608863364754695935e+00
-1.521851878695129834e+00
-1.598923719222324680e+00
-1.625530555558030166e+00
-1.567627159632012157e+00
-1.570985580162189033e+00
-1.603848298639740877e+00
-1.580492211003420078e+00
-1.586358581647329791e+00
-1.630216852799651006e+00
-1.683849532662760273e+00
-1.670202986586398985e+00
-1.677346114290607648e+00
-1.659266047636161368e+00
-1.601918424940794061e+00
-1.628822223870471708e+00
-1.639104159164568530e+00
-1.591349538286954690e+00
-1.706447265692526472e+00
-1.794462572621850827e+00
-1.817429976711530060e+00
-1.917174537712174054e+00
-1.911888188146213530e+00
-1.865384815927439321e+00
-1.821568397777448389e+00
-1.829412491744947467e+00
-1.782278882851987323e+00
-1.798518452924920741e+00
-1.772139353880417101e+00
-1.739244455725035277e+00
-1.667114479242114866e+00
-1.723450028173279636e+00
-1.640654257900669100e+00
-1.651515215655821711e+00
-1.694492119842021305e+00
-1.624165342238281351e+00
-1.696923961420331306e+00
-1.738814887848248558e+00
-1.826915425530175163e+00
-1.754077071038885105e+00
-1.755163446210478817e+00
-1.759397964294833416e+00
-1.728647588510544786e+00
-1.814768385828201769e+00
-1.877347696162204649e+00
-1.862713374900992536e+00
-1.940230551069586529e+00
-1.914481782049495262e+00
-1.907171156301643578e+00
-1.853116805275534240e+00
-1.841241978177826866e+00
-1.820906042801509805e+00
-1.779964914782279362e+00
-1.784027818852407021e+00
-1.861296583008369643e+00
-1.881380362693445552e+00
-1.926657299402688039e+00
-1.801852667756197679e+00
-1.847383195489472163e+00
-1.834742412668582734e+00
-1.821794423892575177e+00
-1.895388586119913565e+00
-1.881747928312505147e+00
-1.856196019987015111e+00
-1.871032598196781693e+00
-1.834757502350575331e+00
-1.851971085691291874e+00
-1.840646828906435495e+00
-1.875522118148675199e+00
-1.786360698989224893e+00
-1.873557454100165387e+00
-1.919038862466638573e+00
-2.005374957014044224e+00
-2.090662399350931011e+00
-2.082405605487343436e+00
-2.112903955702703840e+00
-2.164041421670879650e+00
-2.200788474279737006e+00
-2.198531688420160890e+00
-2.258140604319630373e+00
-2.218100109623176497e+00
-2.155041767010941189e+00
-2.043727372038928625e+00
-2.051248614732822162e+00
-2.021228512881641404e+00
-2.003428334530387378e+00
-2.054808336474722275e+00
-2.083200946501199358e+00
-2.058384639839681007e+00
-2.152263827086272396e+00
-2.173567269197813179e+00
-2.159247886932823768e+00
-2.193698871208459078e+00
-2.066738239622665230e+00
-2.062095760137706346e+00
-2.167757915010221303e+00
-2.171622237767488084e+00
-2.169275985072170343e+00
-2.215442081635460969e+00
-2.232907006646399850e+00
-2.192966019106258990e+00
-2.162260862511876880e+00
-2.277117502225307177e+00
-2.342766614043149787e+00
-2.334734085298683759e+00
-2.315293421665453710e+00
-2.253176740546295242e+00
-2.354488013280262138e+00
-2.334665283285978887e+00
-2.306325371508658240e+00
-2.351683310367514324e+00
-2.378112720658482448e+00
-2.359532186609910376e+00
-2.393747271218659822e+00
-2.448638668218511505e+00
-2.419228572856610526e+00
-2.455585742250210313e+00
-2.403741760196327792e+00
-2.296803523763889299e+00
-2.320076604978156265e+00
-2.343851586221239014e+00
-2.327471308900953773e+00
-2.349245022769168134e+00
-2.309500413977932265e+00
-2.281408124190608344e+00
-2.380268287820332951e+00
-2.338932439008949871e+00
-2.392451440185114464e+00
-2.364237040515865917e+00
-2.361692529804737095e+00
-2.398638507248612051e+00
-2.425675784699992565e+00
-2.368499839203542123e+00
-2.371021217254168256e+00
-2.295798444878136557e+00
-2.392131785296322199e+00
-2.417568679858830727e+00
-2.401148858799736274e+00
-2.460783204604567231e+00
-2.383973316009918353e+00
-2.299070524093832724e+00
-2.254371877625881648e+00
-2.270570222918465220e+00
-2.270105309120803661e+00
-2.239061792533358908e+00
-2.229531543354750678e+00
-2.235952574775818658e+00
-2.257775668504624189e+00
-2.249586839177638353e+00
-2.341042061264933860e+00
-2.316956710454223245e+00
-2.362042384944229578e+00
-2.275540118859797456e+00
-2.343740515769217936e+00
-2.294064922589495126e+00
-2.325952786254085414e+00
-2.233805656036940590e+00
-2.234249263231921301e+00
-2.252557858862015205e+00
-2.213740000691375887e+00
-2.157467981447276362e+00
-2.198862132740647901e+00
-2.188342072523928650e+00
-2.140335230370247199e+00
-2.066647413502574082e+00
-2.067705526619320722e+00
-2.103399334422288991e+00
-2.174815795001343588e+00
-2.138624843395400266e+00
-2.165365770209467300e+00
-2.185044605655720229e+00
-2.074651407828573824e+00
-2.165330125588070143e+00
-2.220108609962607282e+00
-2.148170203996592420e+00
-2.233997483070551127e+00
-2.166058176518806722e+00
-2.224024984343804690e+00
-2.298549604046012274e+00
-2.253166451770201473e+00
-2.185958642502503935e+00
-2.144965702630547089e+00
-2.191693549861212453e+00
-2.210403135922500262e+00
-2.260893200643367074e+00
-2.285946777037416222e+00
-2.262389889127386144e+00
-2.206326153785698629e+00
-2.087274612966905529e+00
-2.100393282332977396e+00
-2.114803210697851821e+00
-2.015316887978036320e+00
-2.051269000461702685e+00
-2.052700670533289529e+00
-2.067091900032025364e+00
-2.196646625088377380e+00
-2.197801679186559998e+00
-2.208846192077360548e+00
-2.174187655910618577e+00
-2.096215134169934213e+00
-2.085377137218010102e+00
-2.101150826929230941e+00
-2.008403987365792176e+00
-1.983685458142617097e+00
-1.957095868479936884e+00
-1.945140360410180902e+00
-1.912796581807756580e+00
-1.857507295918359169e+00
-1.861459841001068982e+00
-1.931292602469356190e+00
-1.962134457417707534e+00
-1.915332887043124099e+00
-1.971204636158485624e+00
-1.917657377093948012e+00
-1.958783227856299325e+00
-1.999125115382086371e+00
-2.010538595853918586e+00
-1.957038300771266393e+00
-1.974477923073809205e+00
-2.018540251959533904e+00
-1.997604478255511573e+00
-2.035292218271815390e+00
-2.072837898726436645e+00
-1.954405246120837214e+00
-2.060656612543244393e+00
-2.050826600270120537e+00
-2.060619213456890808e+00
-2.028513964328392927e+00
-2.083117194539431338e+00
-2.002905188214237686e+00
-1.936159139612199986e+00
-1.948394975173919796e+00
-2.005711496477102784e+00
-2.025542341127827495e+00
-2.085039556527441107e+00
-1.986030793536241790e+00
-1.972800602998248998e+00
-1.936569337749561193e+00
-1.963973275172535171e+00
-1.996807360160633094e+00
-1.899945924535024755e+00
-1.903071702892398465e+00
-1.910849787680825473e+00
-1.939621661872900082e+00
-1.942625202814647567e+00
-1.956171321649679440e+00
-1.979387088734833045e+00
-1.973236474017132425e+00
-2.012529128328486738e+00
-1.976783676596830297e+00
-1.925327348184931564e+00
-1.959363254104276031e+00
-1.944328625010192546e+00
-1.988689443207138918e+00
-1.950748976333982476e+00
-2.023102174740255332e+00
-1.965998267277603739e+00
-1.953062296520678975e+00
-1.968474623245233035e+00
-1.946382834422496710e+00
-1.990386059868928026e+00
-1.933366813873321099e+00
-1.978573092390499832e+00
-1.945663844439073253e+00
-1.954692874611201336e+00
-1.897219490383337037e+00
-1.966712719060737857e+00
-1.958500471125369735e+00
-1.919488076085513750e+00
-1.928518246618476706e+00
-1.956819211227403876e+00
-1.952907066115747936e+00
-2.038010040570481518e+00
-2.125538354908460992e+00
-2.133901249212849738e+00
-2.178107864014445116e+00
-2.145567708893706182e+00
-2.157128662897759508e+00
-2.161758122610742294e+00
-2.184214056722003861e+00
-2.174224706854910316e+00
-2.211324722759328232e+00
-2.222135162755802806e+00
-2.207301503436943868e+00
-2.220237115304664499e+00
-2.124384100403156506e+00
-2.120918616793591394e+00
-2.127525870090599014e+00
-2.058273123386543446e+00
-2.062191980574980210e+00
-2.073825815099508585e+00
-2.053980899718624187e+00
-1.969637429079817537e+00
-2.081046811983270572e+00
-2.072745432164553314e+00
-2.161661381224961431e+00
-2.173256423167485796e+00
-2.169728555515841428e+00
-2.163107609783736507e+00
-2.140260305666755958e+00
-2.109721671504605656e+00
-2.109263660336641699e+00
-2.105982017470068079e+00
-2.128204522301624380e+00
-2.071538153101276425e+00
-2.066809861952443761e+00
-2.068528651419957232e+00
-2.054590515498927239e+00
-2.006540788147512799e+00
-1.975815755787138528e+00
-2.021069839431873127e+00
-2.074714067357671610e+00
-2.071418307286336358e+00
-1.998603907160140913e+00
-2.020189042650355038e+00
-1.958830920420624011e+00
-1.947216886054779383e+00
-1.894664838140978524e+00
-1.830607035077896239e+00
-1.838358917705971596e+00
-1.869232471268950313e+00
-1.899469401655534684e+00
-1.884774614657419134e+00
-1.852496570958186206e+00
-1.944417342965917728e+00
-1.903769915361144038e+00
-1.924549313119070071e+00
-1.916082127454268536e+00
-1.852969579973503755e+00
-1.863916067012419964e+00
-1.843464783046124600e+00
-1.752592453332890932e+00
-1.797762498750690385e+00
-1.779981471587290143e+00
-1.739443597879267944e+00
-1.763932351287490707e+00
-1.803143699870616956e+00
-1.901969966314923433e+00
-1.898976298995378009e+00
-1.857566302965337535e+00
-1.858603816242476059e+00
-1.803565739707443605e+00
-1.866669266025946738e+00
-1.805164828456361059e+00
-1.772742183325962451e+00
-1.827464046062429626e+00
-1.764626685457217237e+00
-1.744025923069295381e+00
-1.759890201094129747e+00
-1.735159218691332494e+00
-1.622876452903745825e+00
-1.613099742791409774e+00
-1.611692500335837108e+00
-1.704006870280234232e+00
-1.592901482740147978e+00
-1.547266072725840935e+00
-1.580066863015548551e+00
-1.569965789406804646e+00
-1.607507902422429691e+00
-1.589035544207886508e+00
-1.547512875837369739e+00
-1.605688088063135233e+00
-1.666356009834035756e+00
-1.663096394768648567e+00
-1.640452542613306308e+00
-1.586265250356482248e+00
-1.579674728931167893e+00
-1.567846363685491351e+00
-1.555848892042268172e+00
-1.596194664670651742e+00
-1.628869211796899030e+00
-1.584442330041912816e+00
-1.598865911230867631e+00
-1.544515635633125772e+00
-1.525897265251960677e+00
-1.457441035501882531e+00
-1.562665596446105365e+00
-1.493006108664804987e+00
-1.476166282773697880e+00
-1.441695682278807622e+00
-1.408108967495931729e+00
-1.421449201264490370e+00
-1.466801975817104253e+00
-1.488892867736091974e+00
-1.507128472901479332e+00
-1.570094320500703411e+00
-1.673966615597033192e+00
-1.661634155374801081e+00
-1.642482325145761424e+00
-1.641466977684819417e+00
-1.695546616819530339e+00
-1.672559007096225958e+00
-1.634289327935356084e+00
-1.648326358257583335e+00
-1.604367809080152529e+00
-1.605743198257446380e+00
-1.610195509504727340e+00
-1.597226439839906531e+00
-1.619768941771552839e+00
-1.595071090749252241e+00
-1.638249644359476287e+00
-1.631350112021977772e+00
-1.533610050758655641e+00
-1.530506171853577069e+00
-1.621292232501404307e+00
-1.632889820922605040e+00
-1.647978016871477935e+00
-1.553997397810313430e+00
-1.553253542021611588e+00
-1.558288811777475802e+00
-1.523292657558860563e+00
-1.497095353770962589e+00
-1.510625795327866339e+00
-1.515117688470649204e+00
-1.598576306962711691e+00
-1.634960383942257733e+00
-1.545617083314843709e+00
-1.530491328218262170e+00
-1.453825537968033377e+00
-1.416851704997220240e+00
-1.352361255926494144e+00
-1.355822609380982646e+00
-1.377738976701206930e+00
-1.324765861429977321e+00
-1.338444011086914465e+00
-1.323988513843029624e+00
-1.239220698218710837e+00
-1.273203100769050078e+00
-1.233524752040779493e+00
-1.249854647135152375e+00
-1.206387607599308076e+00
-1.246443355216897420e+00
-1.245809706100028391e+00
-1.209973902672254242e+00
-1.154519203510657066e+00
-1.197422506542762610e+00
-1.164252320083996484e+00
-1.161611078975773204e+00
-1.177581518786572135e+00
-1.089701069486236129e+00
-1.082464500221900217e+00
-1.079834656606171395e+00
-1.135447674227190618e+00
-1.104595189864830740e+00
-1.143572717520651150e+00
-1.126936692684472829e+00
-1.122145134363619956e+00
-1.110708517811866303e+00
-1.130787564340943963e+00
-1.126231878126428443e+00
-1.127159083942489648e+00
-1.094727501188756946e+00
-1.102951765292865538e+00
-1.071222524188497838e+00
-1.142762296296615965e+00
-1.282534441510544410e+00
-1.243985103030338601e+00
-1.245213208709406549e+00
-1.226071657208720023e+00
-1.235040091321046196e+00
-1.238998246893341815e+00
-1.246147775207006925e+00
-1.212643210951876549e+00
-1.249968561766118036e+00
-1.259741664123986249e+00
-1.264922039909401219e+00
-1.198024910314074098e+00
-1.271404230960959891e+00
-1.128015960310147170e+00
-1.079514851707171985e+00
-1.047876963169028341e+00
-1.007633809832400251e+00
-1.083326110967116840e+00
-9.725840795608624578e-01
-1.000502783075350122e+00
-9.875671196182145284e-01
-9.617440381270867533e-01
-9.417656357264093669e-01
-9.380616607962853903e-01
-9.509754913504195883e-01
-9.157648057060379099e-01
-8.846872050954652789e-01
-8.770859574077001231e-01
-8.232946230609958782e-01
-8.597102082076423235e-01
-8.436715004140986629e-01
-8.355937627218634756e-01
-8.540462572579688993e-01
-8.263661104750364972e-01
-8.436475084001059388e-01
-8.633113146342318300e-01
-9.027550795452941035e-01
-9.603178498762829918e-01
-9.336568446813254818e-01
-8.836032841709344776e-01
-8.943798901291929448e-01
-9.201379423962128268e-01
-9.108628852755283889e-01
-9.274072010991507575e-01
-9.371218414980605482e-01
-9.413036478954153186e-01
-9.152888813916448818e-01
-8.574720028886022583e-01
-7.992336439731315689e-01
-7.853950983202923064e-01
-7.724701589112571432e-01
-7.541335660336445645e-01
-8.458517289526663596e-01
-7.848067928167715701e-01
-8.034552373927010827e-01
-7.749064690140881062e-01
-8.233718795236872889e-01
-7.934971480515315978e-01
-8.707603105122875276e-01
-8.703258178325994354e-01
-8.456110561430411066e-01
-8.802004539049390619e-01
-8.312036008858932901e-01
-7.921629896233608470e-01
-7.059851877025702382e-01
-7.877397720813229531e-01
-8.022588348298785865e-01
-8.377472418134972454e-01
-8.115234415757969222e-01
-7.445110011890831991e-01
-6.784287917255716893e-01
-6.704908331272116939e-01
-6.592782464957611666e-01
-6.600351605170121649e-01
-6.666607518270761812e-01
-6.935826720772814147e-01
-7.719480292300491264e-01
-7.546161130859716515e-01
-7.917875492137468330e-01
-7.834924704293926290e-01
-8.500918160273082114e-01
-8.003426805805449185e-01
-8.149652334137876819e-01
-7.733920679582266811e-01
-7.559733846609039132e-01
-7.914288305821655101e-01
-8.059925705414138219e-01
-7.092895268349068694e-01
-7.462936316415598181e-01
-7.135421370800281160e-01
-7.157417592062633727e-01
-7.457614758286259526e-01
-7.204950732783788059e-01
-7.299317194158274624e-01
-6.990222246161340580e-01
-7.620912286177484729e-01
-6.904882536836626228e-01
-8.196790097002686348e-01
-7.580431626561469072e-01
-7.605645374324205843e-01
-8.777079858847363081e-01
-8.365889683112784914e-01
-8.680390767370984584e-01
-7.796595378824459077e-01
-8.280440533451205454e-01
-8.309931260406622222e-01
-9.043073421268736922e-01
-8.690851060191417954e-01
-8.141351488924395419e-01
-8.829873391284850381e-01
-8.561545378100432480e-01
-8.953326535272905229e-01
-8.389909353662442504e-01
-8.529292944997547421e-01
-7.580431903667896876e-01
-7.337581345010585343e-01
-7.815504387770736416e-01
-7.227331422132218242e-01
-6.801567837477590084e-01
-6.904477182683533831e-01
-7.168357876233240056e-01
-6.877905287727119621e-01
-7.485594315724539705e-01
-7.197151307404416887e-01
-7.212238203286719385e-01
-7.062012867608135069e-01
-7.528005416682975737e-01
-8.095636912780924677e-01
-7.972751396850266126e-01
-7.713461313808885889e-01
-8.073862828809064141e-01
-8.083867295228859273e-01
-8.117576316660978231e-01
-8.414290031677070791e-01
-8.450339366158277077e-01
-8.087379137920033267e-01
-8.177484175872857808e-01
-7.692222280576278548e-01
-7.810469027031978761e-01
-8.139368519109615452e-01
-8.613245164581938562e-01
-7.237316408500539255e-01
-7.276200479300098944e-01
-6.924031640767426277e-01
-8.650766817900391592e-01
-7.854061840461957766e-01
-8.324858824152294723e-01
-8.834189772745317804e-01
-8.875842456213469678e-01
-8.571168524496841634e-01
-7.677272659864529114e-01
-8.039212561511757116e-01
-7.944680486924126095e-01
-7.555687311501098069e-01
-7.666763179269864281e-01
-7.314052287032952737e-01
-7.343883850012916659e-01
-7.433376159425751917e-01
-7.106849844096360114e-01
-7.177084853370274686e-01
-7.578399449945874000e-01
-7.852809443787575061e-01
-8.202879862612254547e-01
-7.623424591650106441e-01
-7.267593773001563839e-01
-7.124769459345462463e-01
-5.996161662382618607e-01
-5.434771805659805999e-01
-6.210528801419843425e-01
-5.594183978252649236e-01
-6.008662061745677629e-01
-6.086250172414268134e-01
-5.373088948380961849e-01
-6.292253938852362394e-01
-6.575962226017488810e-01
-6.471647475628390378e-01
-6.647183660508568792e-01
-6.011344007743220086e-01
-6.543334219980097011e-01
-6.394827418650663731e-01
-6.384383273594883557e-01
-6.632842415154245330e-01
-6.054943172694942088e-01
-6.620304635662600523e-01
-6.823017609946533391e-01
-6.296051884052563663e-01
-6.564458036440328215e-01
-6.894876970861082421e-01
-6.684356990965185652e-01
-6.936390076904280777e-01
-7.232213096904466232e-01
-7.219898166977890552e-01
-7.186992870920758669e-01
-7.665612838166429022e-01
-8.237887355696577041e-01
-7.495176304514322707e-01
-8.309720199556721587e-01
-8.292683477781938040e-01
-9.026017341994544418e-01
-8.308656400518307228e-01
-8.747350570986189844e-01
-8.956359390840629153e-01
-9.039181573762533617e-01
-9.118545182961675932e-01
-8.674495211218592461e-01
-9.096233369834860749e-01
-8.544348552613895142e-01
-8.716612656336925058e-01
-8.755075266410830004e-01
-8.766891662985115685e-01
-8.390562882436096714e-01
-9.284761199467390647e-01
-9.486887305447884167e-01
-9.456313248667116422e-01
-9.341599713992752019e-01
-9.361955471925670347e-01
-9.118094357310135845e-01
-9.437339722995466973e-01
-1.017521879534053930e+00
-1.044917680797159854e+00
-9.809105967511797530e-01
-9.648191654026790909e-01
-1.003320111470904941e+00
-9.283996797573266235e-01
-9.085704251325861236e-01
-9.260208623479113665e-01
-9.299745813018067686e-01
-7.983922878248248534e-01
-8.564718730511222677e-01
-8.224353145131000353e-01
-7.658432271045746420e-01
-7.850312306502725823e-01
-7.024105720779459938e-01
-6.534591561075513422e-01
-5.791658096063820871e-01
-6.385963254449943394e-01
-5.631649115524398619e-01
-6.042978132908837230e-01
-5.344815263299244057e-01
-5.165123091503619479e-01
-5.585816678666537527e-01
-5.541453077870913679e-01
-5.526476119281465982e-01
-5.421853794766248180e-01
-5.515454296257857880e-01
-5.421786166766432435e-01
-5.355215550232444999e-01
-5.031284454538279549e-01
-4.644279352672234795e-01
-4.395240521405041623e-01
-3.784347765069602243e-01
-3.806943591535847937e-01
-3.769164913519934546e-01
-3.469088618436657612e-01
-4.042140413948485667e-01
-4.850714567352639173e-01
-3.743364111625925861e-01
-4.425222836428170381e-01
-4.358174190640878853e-01
-4.441101326982455633e-01
-4.797489898983485213e-01
-4.733308336281955020e-01
-4.541738378428955558e-01
-4.247244039623381817e-01
-3.464559468792756669e-01
-2.420703980152918433e-01
-2.457320070286061753e-01
-1.944403909801681873e-01
-2.426327856690279061e-01
-2.441253854791513855e-01
-2.573230794988339842e-01
-3.114700569783103723e-01
-3.498192317871950952e-01
-4.450714232371335011e-01
-4.247334230814155398e-01
-4.027911131981813386e-01
-3.688749400045782112e-01
-4.598361675719068176e-01
-4.894314129497513433e-01
-3.635605860833945879e-01
-3.680156774828666211e-01
-2.871932156815095172e-01
-2.634474337778981989e-01
-1.479965055072036406e-01
-2.166420702463534020e-01
-2.533081655588261261e-01
-2.517777821714528574e-01
-2.940611173799825839e-01
-2.784913669587721352e-01
-4.008577459496157069e-01
-3.715751374948605412e-01
-4.620796715193726811e-01
-3.965576627488428541e-01
-3.793541601925855544e-01
-3.461383199236279795e-01
-3.998611812455153403e-01
-3.248023948761685209e-01
-3.456675090988552412e-01
-3.094436755404095796e-01
-2.667543741298284421e-01
-2.812170661456477871e-01
-2.674186655828584835e-01
-4.049307839114761332e-01
-3.696145400531107850e-01
-3.419767233580288668e-01
-3.972277462627021860e-01
-4.705403013704484438e-01
-3.547426193824095297e-01
-4.344159898162067157e-01
-4.762346230067300845e-01
-4.664641726689915391e-01
-5.202008472401941086e-01
-4.366681051850704320e-01
-5.134533349042607053e-01
-4.919801035113866017e-01
-6.039723685597342406e-01
-6.008115228070081137e-01
-5.990087928906585590e-01
-5.559882436541969675e-01
-5.271812071850864312e-01
-4.501482848532181169e-01
-4.655393968201363419e-01
-4.360444891852999216e-01
-5.143504732065404816e-01
-5.029609271500855572e-01
-5.108927255905458820e-01
-4.919825547573036251e-01
-4.522592571200728107e-01
-5.189213780451503721e-01
-4.957284675479146641e-01
-4.922719707379563658e-01
-4.888288385572955308e-01
-5.444685631418287874e-01
-4.789163529028272470e-01
-4.944782722712683376e-01
-5.379854739677478737e-01
-5.043352091001038762e-01
-4.942350590387608045e-01
-5.968624244871855167e-01
-5.421586797513122669e-01
-4.836346281142116510e-01
-5.706387083464343757e-01
-5.204116455396454732e-01
-5.371210858055666115e-01
-5.566372171977893579e-01
-5.666861024981661998e-01
-4.919552525962138101e-01
-5.324175364334632343e-01
-5.545289306395427831e-01
-4.796928607735780337e-01
-4.319177790399712502e-01
-4.405751429364171967e-01
-3.973388237438634785e-01
-3.488271531716890528e-01
-4.145653353963962284e-01
-3.873424992197683769e-01
-3.581468799112806356e-01
-3.788082204820826249e-01
-2.885829391951881817e-01
-3.817495274358281288e-01
-3.208233299812057182e-01
-3.693881080113132764e-01
-3.647183925396226822e-01
-4.038526531825497590e-01
-3.637801018508275419e-01
-2.928123928503152396e-01
-2.890185387154166063e-01
-3.171783474965468863e-01
-2.804394368160915696e-01
-3.365211799611352861e-01
-3.153170591358273045e-01
-2.683683551473885487e-01
-2.973067848082398545e-01
-3.485947911905409313e-01
-4.113260743706351752e-01
-4.614583791711754368e-01
-4.169529182086655350e-01
-4.604188442397209591e-01
-4.712379978990289264e-01
-4.767041035670008808e-01
-4.087613603576478738e-01
-5.001739730144569851e-01
-5.105458896301772187e-01
-5.681172361525701486e-01
-5.049037052245730628e-01
-5.576842687781284891e-01
-5.040440327058316461e-01
-5.396975643300878644e-01
-4.779450031513447494e-01
-4.807890915214844130e-01
-5.149699403705088052e-01
-4.809189745402056015e-01
-4.906785872712815522e-01
-5.328493998642582774e-01
-5.912686473743257176e-01
-5.515989192247521267e-01
-5.522084297576724810e-01
-5.301230285295572831e-01
-5.301420736512453269e-01
-5.178359929155303965e-01
-4.742959760899790878e-01
-4.514401525605710175e-01
-4.145366637397895904e-01
-5.022042078752880778e-01
-4.343990994705526076e-01
-4.039991108451608803e-01
-3.557000168110188154e-01
-3.904148078079267559e-01
-4.545890520117905620e-01
-3.948436399093135929e-01
-4.958639070712830277e-01
-4.232389127033592824e-01
-4.618693413343640253e-01
-4.580718310380180180e-01
-4.881048470476228029e-01
-4.633419612024896050e-01
-5.085421913774875735e-01
-5.412524040883823773e-01
-5.219809838618707509e-01
-5.426802591271155940e-01
-5.394616262976502652e-01
-5.420059789645050863e-01
-5.184774605861064423e-01
-5.178674186548529734e-01
-5.844955766125955465e-01
-5.677280544195659751e-01
-5.929031014091283858e-01
-5.874644135506724707e-01
-5.553266392994172795e-01
-4.894910454018128187e-01
-4.006208072286999156e-01
-4.444053766124357874e-01
-4.313362671369000978e-01
-4.291809311279444206e-01
-4.502196433977133649e-01
-4.811403918447937356e-01
-4.981507649430625406e-01
-5.134515144155931132e-01
-6.202621499067380029e-01
-5.687323995155900702e-01
-5.647802094319716026e-01
-6.456742715026289048e-01
-6.205518070373675643e-01
-6.587663768096745365e-01
-7.182058635788859391e-01
-6.533985129516511892e-01
-7.148746452272289886e-01
-7.070480775872665102e-01
-6.775453008904861463e-01
-6.749950789111502925e-01
-6.147138991895162441e-01
-6.168728371307725666e-01
-7.574654088584624745e-01
-7.934376623303812659e-01
-8.352484088232130510e-01
-8.546572942496017955e-01
-8.647548192346745655e-01
-8.990529137148089989e-01
-8.180268097547478412e-01
-8.987161137155208479e-01
-8.572242944588617242e-01
-9.931292147567071238e-01
-9.562225759764970690e-01
-9.350839075552200841e-01
-9.513679489125421718e-01
-9.849148657744463131e-01
-1.039531908035061125e+00
-1.025701289985442077e+00
-1.054615057081623508e+00
-1.081920270789818117e+00
-1.028057393278783316e+00
-1.023396120728425895e+00
-1.100972053825885810e+00
-1.101344771804928069e+00
-1.203803726534395935e+00
-1.165927667539661705e+00
-1.216067717228697775e+00
-1.202649635628326941e+00
-1.220096305392383895e+00
-1.221037425407895727e+00
-1.197180052655576699e+00
-1.097030239066385748e+00
-1.218102495245195094e+00
-1.257403933977867316e+00
-1.176219703730280175e+00
-1.179008302955331100e+00
-1.171315950301668352e+00
-1.298535643401879769e+00
-1.315716228969583845e+00
-1.294061126825296393e+00
-1.275440172956351592e+00
-1.232022212381880699e+00
-1.251287642950971390e+00
-1.295704841903180249e+00
-1.290554073670596713e+00
-1.252450417034358221e+00
-1.288551366866951930e+00
-1.282014659753629715e+00
-1.302024689046865857e+00
-1.317529678069704113e+00
-1.316218176924154548e+00
-1.376745581584548184e+00
-1.387168670874464604e+00
-1.307065151103580014e+00
-1.348829571972104180e+00
-1.314313134824275142e+00
-1.207126406424211318e+00
-1.253229966128769801e+00
-1.266179136749939316e+00
-1.354437750955441055e+00
-1.344095597523913277e+00
-1.347671031577635681e+00
-1.363130810710714069e+00
-1.310095763113289458e+00
-1.328449641067439568e+00
-1.322395497623164218e+00
-1.333129168943951504e+00
-1.359530284657036070e+00
-1.372610998401844640e+00
-1.418305364328756202e+00
-1.388783725963775417e+00
-1.352310698759112917e+00
-1.372181852310683903e+00
-1.349797854553075105e+00
-1.367782496680168158e+00
-1.374177112841970416e+00
-1.339619502655142069e+00
-1.374035872699773009e+00
-1.301845969124465929e+00
-1.285328982373202367e+00
-1.307558940835556349e+00
-1.360655550367293909e+00
-1.336492614022829706e+00
-1.396387103232549665e+00
-1.432002320682143726e+00
-1.375370089679371910e+00
-1.307438783620234801e+00
-1.285547302206334175e+00
-1.242111414177619277e+00
-1.230446428114344570e+00
-1.198640401017967871e+00
-1.206305829338883306e+00
-1.215089517136433983e+00
-1.162364253880284082e+00
-1.195507748637694601e+00
-1.179033719690952609e+00
-1.130454062172546514e+00
-1.048218606952025844e+00
-1.041096242191593024e+00
-9.719433234084051687e-01
-9.661232601665640241e-01
-9.898315325478217463e-01
-9.927524190025470707e-01
-9.721525092128627810e-01
-9.395362718137286739e-01
-9.685993567503758950e-01
-9.653137774963940210e-01
-1.012644154948042718e+00
-9.851922475192549378e-01
-1.027277020439139044e+00
-1.001156913359126044e+00
-9.985964068140167349e-01
-9.491004780425069676e-01
-9.643794309552676802e-01
-9.869032714945006335e-01
-9.524276809462823845e-01
-9.155594057989127066e-01
-9.682831592076729388e-01
-9.738941391664928116e-01
-1.019412873961595967e+00
-1.036167010638423092e+00
-1.069838734226196131e+00
-9.872298380165874798e-01
-9.627341646348782644e-01
-9.694785801074985443e-01
-9.693904778419467627e-01
-9.582507375314476272e-01
-9.736868617027010231e-01
-9.299769011244689576e-01
-8.506871199508631021e-01
-9.389522790936738472e-01
-9.356760622906558078e-01
-9.301921679142033383e-01
-9.526329504348658439e-01
-9.781436355270167748e-01
-9.778619069836484989e-01
-9.772302877833176638e-01
-1.022251596404081919e+00
-1.002565891451359770e+00
-9.685940904627285963e-01
-9.487430886407626218e-01
-1.021845045819345321e+00
-9.969666157422234498e-01
-1.026710071925710288e+00
-1.085349442904481654e+00
-1.089116167079234421e+00
-1.022659646021241597e+00
-1.051046511320406607e+00
-1.137023250881086245e+00
-1.138103134981405473e+00
-1.085711758572049712e+00
-1.065977666279491309e+00
-1.071813372483675142e+00
-1.118662330906515345e+00
-1.125742868271851105e+00
-1.155192459117963422e+00
-1.195105954783764135e+00
-1.241356012867671943e+00
-1.103358749064290212e+00
-1.074811334398922069e+00
-1.062594856074276173e+00
-1.050154341991146323e+00
-1.016099300080959944e+00
-1.053971054854855982e+00
-1.137008150486634728e+00
-1.097464449992270774e+00
-1.103435055371655649e+00
-1.122115090594488329e+00
-1.126696654600501724e+00
-1.211279975980660062e+00
-1.210473316686390355e+00
-1.162072223581684272e+00
-1.126605865734555678e+00
-1.127929467613610903e+00
-1.161543883311880521e+00
-1.120376457199922182e+00
-1.098338632764547240e+00
-1.213207489771195968e+00
-1.098458015662564291e+00
-1.153977024356766856e+00
-1.124837739354717314e+00
-1.131782515045452131e+00
-1.181620017999263972e+00
-1.154659589092270844e+00
-1.211336784746588346e+00
-1.208997520445948659e+00
-1.216879736491004671e+00
-1.159740001448731350e+00
-1.193352946551422766e+00
-1.197880826618740180e+00
-1.151540443066138675e+00
-1.150601453488960146e+00
-1.227539718928976509e+00
-1.177064129811603355e+00
-1.168932988191688338e+00
-1.185009826560689872e+00
-1.093289717921096305e+00
-1.118171984396002294e+00
-1.103487141885929335e+00
-1.215506897846391876e+00
-1.232006584871208288e+00
-1.273754103611468569e+00
-1.264571787633828270e+00
-1.306290719859699134e+00
-1.321345742555579683e+00
-1.379414349843327781e+00
-1.369473429898844907e+00
-1.359338843520980333e+00
-1.388071308993868991e+00
-1.311695980477606938e+00
-1.307722015849361430e+00
-1.287105391629578044e+00
-1.326026031922484805e+00
-1.367174260266795782e+00
-1.326607379546616006e+00
-1.417980643956043396e+00
-1.408003523714190575e+00
-1.395682061771981175e+00
-1.411792047991618615e+00
-1.439433736759930582e+00
-1.404529236012176385e+00
-1.432510843921538823e+00
-1.486829882868261565e+00
-1.454375587511381740e+00
-1.366904500633801867e+00
-1.378385577556808350e+00
-1.311399593025198262e+00
-1.362671938163094287e+00
-1.398875484787446943e+00
-1.400786649345385104e+00
-1.356393330724321000e+00
-1.372690202070388832e+00
-1.326389059694110584e+00
-1.356660223481183314e+00
-1.368887068639126570e+00
-1.359698176039231043e+00
-1.351790042819186688e+00
-1.336757195433196710e+00
-1.352613052569199281e+00
-1.242475657428808056e+00
-1.285598558139167569e+00
-1.282579972293336867e+00
-1.270152379217222460e+00
-1.351851393921748912e+00
-1.285538735365349794e+00
-1.309650856484799952e+00
-1.348573970001396116e+00
-1.364553876316747960e+00
-1.383957175802714712e+00
-1.394612986681038169e+00
-1.354935082758266685e+00
-1.385310843260565861e+00
-1.323983032795850390e+00
-1.365806521621679481e+00
-1.379894403027877692e+00
-1.412645374299569934e+00
-1.431516758640686726e+00
-1.380102202561717561e+00
-1.433803109108246154e+00
-1.428575935439407640e+00
-1.491956178289280066e+00
-1.500728597411913778e+00
-1.445606384067569472e+00
-1.430772089377507994e+00
-1.436224229242791361e+00
-1.430556757257534839e+00
-1.425246494286658283e+00
-1.467359232985710804e+00
-1.496075406648950556e+00
-1.504915594964349790e+00
-1.469075169556974592e+00
-1.544091359082360837e+00
-1.515164977025557969e+00
-1.532552201321903507e+00
-1.490196889454932672e+00
-1.554708776939703441e+00
-1.522008261858331490e+00
-1.554393599927410996e+00
-1.471381293176547977e+00
-1.535519600746948710e+00
-1.391110286577969868e+00
-1.445460358120400413e+00
-1.457588766568018279e+00
-1.456478274502601256e+00
-1.407067928784008881e+00
-1.394241913045427328e+00
-1.429528355011984386e+00
-1.342932768688895884e+00
-1.250492619654462345e+00
-1.243431208035421065e+00
-1.194060663392473964e+00
-1.199902113297685258e+00
-1.197843747962628935e+00
-1.140828732910325050e+00
-1.120109763360312760e+00
-1.193674821044246492e+00
-1.204757720455943648e+00
-1.271543204597028742e+00
-1.221522760467320667e+00
-1.233172446466016092e+00
-1.179621898759343424e+00
-1.223565090945669009e+00
-1.265859350314113785e+00
-1.299118272007020458e+00
-1.308928896510672901e+00
-1.382034077523921711e+00
-1.402563766053334327e+00
-1.333796324672635647e+00
-1.315104513780140261e+00
-1.286064482349353888e+00
-1.313653520921630014e+00
-1.318320014014238595e+00
-1.351796479262154627e+00
-1.314423389996828950e+00
-1.321825363774157047e+00
-1.324859602012474102e+00
-1.453174659342816977e+00
-1.356791891027399943e+00
-1.361262328718981118e+00
-1.422904948898402022e+00
-1.493240850209083703e+00
-1.457015148753705747e+00
-1.479542691555542078e+00
-1.455692273451179908e+00
-1.456458319803366264e+00
-1.457212469918163888e+00
-1.473183202648657764e+00
-1.471866596257840776e+00
-1.438447232545159382e+00
-1.460688937372671026e+00
-1.419286960699510436e+00
-1.418981341227573800e+00
-1.400138837620421350e+00
-1.454570854950044900e+00
-1.445788075294037078e+00
-1.433775372495393885e+00
-1.467341728995510186e+00
-1.405104603526758478e+00
-1.386173051218818619e+00
-1.300431507475284576e+00
-1.349233874751262441e+00
-1.372484314231003033e+00
-1.288130379036353634e+00
-1.237996411097747718e+00
-1.170257609085649353e+00
-1.190667359957809257e+00
-1.198480621375352717e+00
-1.133059889496776051e+00
-1.206343407609285823e+00
-1.158900418052243753e+00
-1.116630967116045925e+00
-1.134185476897951350e+00
-1.131075709907567672e+00
-1.148502859824417577e+00
-1.107554188303946585e+00
-1.136914920234316950e+00
-1.088739312720379271e+00
-1.072664630029151578e+00
-1.156940574862150850e+00
-1.140612059925741439e+00
-1.131513354742402111e+00
-1.234991274060978972e+00
-1.138410552006942300e+00
-1.119253551786857814e+00
-1.014983059551383571e+00
-1.097015841908493217e+00
-9.985791666668695221e-01
-1.004069020925530964e+00
-1.003734611606761806e+00
-9.954199046709142351e-01
-1.001486587692199670e+00
-1.007326120006069914e+00
-9.927605625647895060e-01
-1.035122735019415652e+00
-9.830583491964873799e-01
-9.915609698780633030e-01
-1.109012445280551651e+00
-1.053420902925353175e+00
-1.027958143409430924e+00
-1.003609819582137908e+00
-1.000405744441131839e+00
-1.041298816006088757e+00
-1.049467215130644338e+00
-1.064208050560364160e+00
-1.066583624250733386e+00
-1.057504009194121686e+00
-1.046896985876233144e+00
-1.128702103758680186e+00
-1.162735535633454997e+00
-1.192666415486679066e+00
-1.151985898713728584e+00
-1.141868965109599010e+00
-1.054738609781033620e+00
-1.092466229100474973e+00
-1.186009033754345854e+00
-1.197842628392183251e+00
-1.173060103095749040e+00
-1.299457702871616327e+00
-1.238076609154136642e+00
-1.199650744600776031e+00
-1.188465024648903245e+00
-1.136033134711088577e+00
-1.040914998339943054e+00
-1.141741495070008217e+00
-1.059896994412192761e+00
-1.010159477704392961e+00
-1.120515800166500320e+00
-1.068932193506098249e+00
-1.153027200926165285e+00
-1.235842447757547369e+00
-1.238981821081854839e+00
-1.208338657659599358e+00
-1.282551980004012160e+00
-1.267357770321166477e+00
-1.310219274053139760e+00
-1.253560565935982973e+00
-1.233428363625671098e+00
-1.258689127268992847e+00
-1.294053919078440362e+00
-1.341944829499742697e+00
-1.351874177723564552e+00
-1.317537656675564550e+00
-1.402058283999166433e+00
-1.417385616902215428e+00
-1.431845915682522064e+00
-1.374751792602068035e+00
-1.374570203263858481e+00
-1.363886988914832621e+00
-1.339094068093109380e+00
-1.343407997755845740e+00
-1.303797987176176898e+00
-1.365356064220041077e+00
-1.259982660603065296e+00
-1.320638101982509749e+00
-1.302678515253106850e+00
-1.285383334020968826e+00
-1.173866797278643626e+00
-1.163067205337977805e+00
-1.240883310256674754e+00
-1.314584237901340380e+00
-1.267069017189999647e+00
-1.294026779549836803e+00
-1.373571377296465501e+00
-1.402411222640577382e+00
-1.423476999777811614e+00
-1.379266023316445988e+00
-1.434949817609549205e+00
-1.412506244563671354e+00
-1.599506776981665990e+00
-1.456664538937707531e+00
-1.448794130818080728e+00
-1.483942362770642509e+00
-1.427301014167631443e+00
-1.458625422275166006e+00
-1.432256553185042636e+00
-1.492661060210726198e+00
-1.474910870167898569e+00
-1.439455912184377517e+00
-1.413480930380047074e+00
-1.498075316052942307e+00
-1.484229462691599943e+00
-1.439467152425055740e+00
-1.411366435840250677e+00
-1.343961716004632656e+00
-1.362304605799912860e+00
-1.367765564198576422e+00
-1.451087173471103497e+00
-1.380052563500207219e+00
-1.341449548515722512e+00
-1.354251482445541166e+00
-1.298922479822422815e+00
-1.307946784448632105e+00
-1.362782389938082872e+00
-1.328031711643886892e+00
-1.205634616594127628e+00
-1.183578488333923762e+00
-1.154696917884773022e+00
-1.255476592609158226e+00
-1.264239906182416329e+00
-1.245030574530858525e+00
-1.253884502876018381e+00
-1.253561092592106574e+00
-1.306379457575407077e+00
-1.286434866402409005e+00
-1.240896200754745271e+00
-1.221918073069226507e+00
-1.200006503992999018e+00
-1.235191419923115763e+00
-1.258133204233798930e+00
-1.309980922120681734e+00
-1.323532798745602257e+00
-1.315382757075064024e+00
-1.332050750522771221e+00
-1.289243347088207647e+00
-1.396835934449160099e+00
-1.436579385056852232e+00
-1.434585307210164196e+00
-1.426723475153563347e+00
-1.479801162063963060e+00
-1.493681886753302379e+00
-1.405667608772490418e+00
-1.485170264261937545e+00
-1.510843180207992464e+00
-1.478291573373881951e+00
-1.423419293860899604e+00
-1.423475918742481250e+00
-1.458063581993507940e+00
-1.403257883336733292e+00
-1.437872970949514606e+00
-1.386017260347098157e+00
-1.355212475286521556e+00
-1.407030468706254700e+00
-1.370084760451929062e+00
-1.399069567235835754e+00
-1.412591190175672029e+00
-1.442976633718385804e+00
-1.389206212573041777e+00
-1.470344483510838351e+00
-1.375449759775795977e+00
-1.372383037909176373e+00
-1.379359854314106570e+00
-1.395763982190490360e+00
-1.370881506278367690e+00
-1.316708895824060921e+00
-1.215868087550458831e+00
-1.212662577228180494e+00
-1.200295460613512555e+00
-1.195166255099694208e+00
-1.246871037143862937e+00
-1.250982806731791630e+00
-1.180464922306719178e+00
-1.148072886705083340e+00
-1.136855637853548151e+00
-1.156189798992354412e+00
-1.108639244182428207e+00
-1.140406819050362008e+00
-1.062740243936314721e+00
-1.140845592143011622e+00
-1.198026290552107520e+00
-1.235758563658059472e+00
-1.200948466222795608e+00
-1.130622655635464602e+00
-1.239194307570797626e+00
-1.332332584387186047e+00
-1.359411517948127646e+00
-1.363385884797915004e+00
-1.415187630744460634e+00
-1.481734091702740841e+00
-1.400081866575046519e+00
-1.382411413499237351e+00
-1.318440319688791051e+00
-1.394259741815416564e+00
-1.322661093877264715e+00
-1.261741122901208323e+00
-1.409126544205036247e+00
-1.438539426371844288e+00
-1.435959802308423017e+00
-1.426076873751303653e+00
-1.490525676148262590e+00
-1.505295473609422618e+00
-1.529180814640318964e+00
-1.564956153893832580e+00
-1.488728363538134980e+00
-1.549296388295104521e+00
-1.454819601130060924e+00
-1.459719746194501067e+00
-1.490549265210262542e+00
-1.454442481696847533e+00
-1.457294328773587333e+00
-1.487713123490242539e+00
-1.502558523318399786e+00
-1.501020423888072886e+00
-1.501184160974030846e+00
-1.542004894503561152e+00
-1.485564612437372034e+00
-1.509526732762894508e+00
-1.482485697868539898e+00
-1.447433627042794768e+00
-1.450068256160527813e+00
-1.489923359750366272e+00
-1.481831674395541976e+00
-1.480698592062592356e+00
-1.470472406740913618e+00
-1.432455055739558780e+00
-1.467317236064888286e+00
-1.479750872847677590e+00
-1.452901302766758551e+00
-1.495209004700067457e+00
-1.457424889259763656e+00
-1.398935177692788523e+00
-1.420120495043504683e+00
-1.407617747630818483e+00
-1.347655440350102651e+00
-1.240948453472169533e+00
-1.326920689381350549e+00
-1.274708863617802335e+00
-1.311615270040838999e+00
-1.323094734622887403e+00
-1.358573119195434442e+00
-1.293652741515222582e+00
-1.295523192561389703e+00
-1.326701443849625406e+00
-1.333297326405630256e+00
-1.355325217121368109e+00
-1.296320275250439247e+00
-1.279633310065691809e+00
-1.266643112933860671e+00
-1.229732827966214748e+00
-1.313619435004789615e+00
-1.479962343554232174e+00
-1.436019196134639353e+00
-1.511304836303438925e+00
-1.522019293693262831e+00
-1.463419481569448788e+00
-1.472559558689485959e+00
-1.493537512281998270e+00
-1.455133880687342618e+00
-1.547711626434226551e+00
-1.508883608120371589e+00
-1.527093888139410494e+00
-1.532331027821159264e+00
-1.575587048244968313e+00
-1.615200011075490272e+00
-1.653191907532060689e+00
-1.651355535206317837e+00
-1.686783709247807517e+00
-1.660242661859068436e+00
-1.604522745883665502e+00
-1.598647890463926968e+00
-1.666891417157007727e+00
-1.670946667155438936e+00
-1.714904971073942797e+00
-1.772995772965428429e+00
-1.748629865644034886e+00
-1.804145217333416040e+00
-1.812977914204812357e+00
-1.814554805046921349e+00
-1.777238269258854864e+00
-1.789661656427979475e+00
-1.780504239823082591e+00
-1.801899405629896478e+00
-1.814856559990282392e+00
-1.762294021304781744e+00
-1.742907620833210824e+00
-1.849484432874123341e+00
-1.913499261343087898e+00
-1.919842012176279145e+00
-1.949388724890167568e+00
-1.911347909564119485e+00
-1.963747972734553704e+00
-1.967047836532860972e+00
-1.963144807976008099e+00
-1.977413887643604262e+00
-2.058353418366058118e+00
-2.057015062276435380e+00
-2.075385039069074011e+00
-1.974316272191223298e+00
-1.968823228318402396e+00
-2.000974076091732279e+00
-2.011284034025229150e+00
-2.055666487976583579e+00
-2.084805870217009804e+00
-2.095212007297309498e+00
-2.147587104335736186e+00
-2.110682297842410460e+00
-2.086858083727525681e+00
-2.049696307433685583e+00
-2.090516467896083252e+00
-2.108207260860584409e+00
-2.187075505904936712e+00
-2.161775689248104815e+00
-2.237396464519337158e+00
-2.159923459786166067e+00
-2.210219084348532537e+00
-2.187284945495636013e+00
-2.171048585954500787e+00
-2.159170154561514288e+00
-2.106257985630811458e+00
-2.144770015633651994e+00
-2.077903306926895066e+00
-2.053555773340761448e+00
-1.939064069702522319e+00
-1.972976955828135148e+00
-1.911718940957958912e+00
-1.982322184859414138e+00
-1.988605348129932615e+00
-1.970745416973027186e+00
-1.946012373023336739e+00
-1.945336775929829232e+00
-1.990059049690241721e+00
-1.959941383718856400e+00
-1.933152092269318167e+00
-1.974382860802568862e+00
-1.984615536552989834e+00
-2.001619507777316453e+00
-2.052568535793286575e+00
-1.999104934855626681e+00
-2.032331085122376368e+00
-1.903522313375068942e+00
-1.923407815917042019e+00
-1.834437966328246183e+00
-1.834136155369891830e+00
-1.878547021812398743e+00
-1.860760047382634674e+00
-1.854768359872460470e+00
-1.811028204111568396e+00
-1.801188438420822102e+00
-1.882142888215240895e+00
-1.868321242594813025e+00
-1.863718245165517651e+00
-1.810186986075097648e+00
-1.829609476130737988e+00
-1.863789379884493336e+00
-1.786940426156241823e+00
-1.827261652965874505e+00
-1.830032705290418171e+00
-1.915819244480782002e+00
-2.023142872390609970e+00
-1.969754171509250362e+00
-1.951984066619775859e+00
-1.945783500144663947e+00
-1.970128450116065189e+00
-2.005526793818169118e+00
-2.012640720992219467e+00
-2.058344451051770552e+00
-2.077099281302295708e+00
-2.162234990770397491e+00
-2.227129466089057264e+00
-2.306587403968596295e+00
-2.291412810401964428e+00
-2.189878451376759738e+00
-2.132867283101295808e+00
-2.093194620628548552e+00
-2.090395379993232883e+00
-2.110019961438546421e+00
-2.084133488594146044e+00
-2.144564870314927152e+00
-2.174255071531734362e+00
-2.067891257481741629e+00
-1.984486689349353572e+00
-2.013137444802755027e+00
-2.083755527886440362e+00
-2.040006146191517988e+00
-2.050556266559268259e+00
-2.006231108610655234e+00
-2.024814507253209328e+00
-2.117854987631799357e+00
-2.221086645502076351e+00
-2.191772498662701629e+00
-2.149390167637839077e+00
-2.208855633650343098e+00
-2.159442012026901558e+00
-2.169600348158948755e+00
-2.214824954058783213e+00
-2.259911719007544395e+00
-2.241220447470299248e+00
-2.299931016473071299e+00
-2.328447691062848435e+00
-2.339976029715649108e+00
-2.314162875395600949e+00
-2.311445632224559343e+00
-2.286926266758483983e+00
-2.195488508798896454e+00
-2.257018592277865388e+00
-2.283344470682306504e+00
-2.216602651351802233e+00
-2.234090681434445891e+00
-2.345450437275405253e+00
-2.319234595748290051e+00
-2.331170221885577654e+00
-2.345714833100953189e+00
-2.337851120030717045e+00
-2.361050082326694888e+00
-2.465266997648782876e+00
-2.436799271745775375e+00
-2.376151827437271713e+00
-2.412745304229425791e+00
-2.343494255277009053e+00
-2.354142498619959500e+00
-2.301670869196445590e+00
-2.283679639892156388e+00
-2.369760903115837092e+00
-2.352283971751841118e+00
-2.340401084699424761e+00
-2.268113568482992282e+00
-2.330292282890812139e+00
-2.275123120192016124e+00
-2.238297110958126446e+00
-2.341456830299311509e+00
-2.313614913265480411e+00
-2.337133513130447149e+00
-2.273512526482731388e+00
-2.338719333499043707e+00
-2.415639330838693866e+00
-2.337722302735427249e+00
-2.399788947344838164e+00
-2.359270526421614722e+00
-2.414582881777622703e+00
-2.392183505462421422e+00
-2.393744682068823515e+00
-2.357889629996926750e+00
-2.355151801388547739e+00
-2.311911379835841274e+00
-2.301934202884582614e+00
-2.218531038090279406e+00
-2.188810984113878977e+00
-2.197781850236804502e+00
-2.198913621986889666e+00
-2.136265164203620337e+00
-2.149191457213298406e+00
-2.132595020759454396e+00
-2.115710035206579409e+00
-2.113159006093477288e+00
-1.977073009621792332e+00
-2.073086786538369530e+00
-1.888482227016399673e+00
-1.952661173441629039e+00
-1.961179778867435886e+00
-1.987311257715708601e+00
-1.913957853682767052e+00
-2.019861744683852489e+00
-2.136607695459638023e+00
-2.102239374816936124e+00
-2.158759639424476351e+00
-2.141044576981057546e+00
-2.163997669599690088e+00
-2.232490948896454164e+00
-2.207366290276165710e+00
-2.189865988671799713e+00
-2.197206223400447911e+00
-2.256628285489609365e+00
-2.311598285611550008e+00
-2.334111448094448704e+00
-2.366757833282372658e+00
-2.277921796246362707e+00
-2.291335752692780670e+00
-2.317641611220957465e+00
-2.276725189813941785e+00
-2.364900223030764526e+00
-2.372895609559866337e+00
-2.410640989835442394e+00
-2.394659401845427027e+00
-2.364842752210217558e+00
-2.338366461127551421e+00
-2.392384137044586634e+00
-2.407304233248802383e+00
-2.276298902513017808e+00
-2.250438507789521925e+00
-2.283751573900937970e+00
-2.402238461907249878e+00
-2.356053697798980107e+00
-2.284172130210368579e+00
-2.306677298530468434e+00
-2.386221014142610120e+00
-2.406388816987652390e+00
-2.405121602306317996e+00
-2.381448110959032416e+00
-2.376835701990350103e+00
-2.406136171513407973e+00
-2.374051226801593195e+00
-2.359921649768432772e+00
-2.405446915468277158e+00
-2.303973079683687253e+00
-2.214568969013930300e+00
-2.226666574235440788e+00
-2.216126599140202824e+00
-2.190610675044522448e+00
-2.326848299913772067e+00
-2.423252087845408909e+00
-2.494576556772580389e+00
-2.473351487822992301e+00
-2.590173060586605569e+00
-2.568123587942173991e+00
-2.522782496087902615e+00
-2.587489974469061149e+00
-2.576167119983475029e+00
-2.570128903997329850e+00
-2.552388850245038920e+00
-2.629506043279556948e+00
-2.590868383004883757e+00
-2.670969312843559429e+00
-2.671575221492073826e+00
-2.605783632130323824e+00
-2.581250487367743762e+00
-2.594020311147442914e+00
-2.573156633538735250e+00
-2.644726229149757302e+00
-2.650377171745755600e+00
-2.617261852374176634e+00
-2.575852057092885339e+00
-2.588038189898656416e+00
-2.473797351899468921e+00
-2.507728813849521732e+00
-2.542567341615884047e+00
-2.502221003892683981e+00
-2.546883363242776976e+00
-2.610449457900636538e+00
-2.640172923179829212e+00
-2.698959096922122214e+00
-2.689875535974034282e+00
-2.673262284667401900e+00
-2.715060697785427912e+00
-2.641962537184710413e+00
-2.634566814615096231e+00
-2.743576449865981370e+00
-2.765242015814893595e+00
-2.746872234317613959e+00
-2.761908148617956194e+00
-2.829597293974954297e+00
-2.782201394510450676e+00
-2.796673615690411285e+00
-2.690650420779082452e+00
-2.622454773024888386e+00
-2.717509233320884565e+00
-2.741078376989671384e+00
-2.762567787160379318e+00
-2.643214820928750264e+00
-2.569768188670955578e+00
-2.640172693833213735e+00
-2.610835690120256292e+00
-2.577608564192525265e+00
-2.547736897444161208e+00
-2.603391886485894258e+00
-2.483444652952844223e+00
-2.473763322097950024e+00
-2.522371648735018290e+00
-2.638672926525218898e+00
-2.656626768966676266e+00
-2.567940031039586568e+00
-2.549622732530950842e+00
-2.643868204235756192e+00
-2.626485249705119873e+00
-2.629347907342859614e+00
-2.524770979160098960e+00
-2.521027786558446504e+00
-2.624280720928977129e+00
-2.701384050268569315e+00
-2.625090537927992518e+00
-2.763970313525430544e+00
-2.845253066757213123e+00
-2.904404778848027391e+00
-2.893668741175305925e+00
-2.896029163300050335e+00
-2.889470406047848439e+00
-2.931617083846236316e+00
-3.037152992875532309e+00
-3.036254506655760466e+00
-2.956206370047378407e+00
-2.949391172842302122e+00
-2.827243126980895305e+00
-2.744020448181288430e+00
-2.701035329426149545e+00
-2.625772388757965814e+00
-2.719111186988496076e+00
-2.704127053917587453e+00
-2.644920280852768979e+00
-2.565454577269778991e+00
-2.610045172081468579e+00
-2.617235384373746587e+00
-2.685892343605782884e+00
-2.713718270308369540e+00
-2.687331008957333456e+00
-2.751869477975119160e+00
-2.736363087305115460e+00
-2.816794182583793216e+00
-2.792386411544921287e+00
-2.757965841601541346e+00
-2.735312190792924980e+00
-2.721743119567165081e+00
-2.791220849494592038e+00
-2.799981085328781205e+00
-2.828790361009855037e+00
-2.808914388406465790e+00
-2.841069636150503452e+00
-2.896829847667675928e+00
-2.932786460887273794e+00
-3.004023727870923643e+00
-2.899500490346696768e+00
-2.921049142845307145e+00
-2.959585885240962000e+00
-2.907584245379041477e+00
-2.918450339563107399e+00
-2.879534141687644766e+00
-2.942291323883646115e+00
-2.942835402273052736e+00
-2.890687418909947404e+00
-2.820156732004569733e+00
-2.749564951034296545e+00
-2.840555042565998001e+00
-2.936867057065141839e+00
-3.048724734292443728e+00
-3.067002965766017386e+00
-3.112936616436946302e+00
-3.083163419130999117e+00
-3.102679043913773249e+00
-3.125206145857009510e+00
-3.112314489324909506e+00
-3.131216090280131592e+00
-3.121164171580096180e+00
-3.060743139403099278e+00
-3.093825342327775729e+00
-3.110577869613560420e+00
-3.207831709262642050e+00
-3.169157937422376392e+00
-3.265613959781561881e+00
-3.261271591033950479e+00
-3.182522897451255162e+00
-3.053452926172868676e+00
-3.119431396125778910e+00
-3.089790778498409551e+00
-3.089374152539286378e+00
-3.135013883013006541e+00
-3.133833866474865282e+00
-3.167627245882107090e+00
-3.197496332435740385e+00
-3.218610837047498840e+00
-3.168572517265505706e+00
-3.220200536679930448e+00
-3.189811470354096290e+00
-3.148411630150439677e+00
-3.122735556775483978e+00
-3.123765393282985414e+00
-3.041497103939073021e+00
-3.128548947605404251e+00
-3.116157342271486996e+00
-3.058214835961472033e+00
-3.171077108229294339e+00
-3.129256390554909562e+00
-3.247366694655811514e+00
-3.253515358786051692e+00
-3.180990922262308729e+00
-3.187582969265468691e+00
-3.295791820070256062e+00
-3.348920315959513783e+00
-3.301078764120619624e+00
-3.292595606544560294e+00
-3.240558094483764862e+00
-3.311436027740065846e+00
-3.311255321474420921e+00
-3.331685555559807277e+00
-3.425198842420315692e+00
-3.483255661152526717e+00
-3.459531626818492356e+00
-3.374951398695751337e+00
-3.291999353119770433e+00
-3.288190657403356809e+00
-3.168357991113223804e+00
-3.233163155925879995e+00
-3.178007741562010491e+00
-3.156852218017340839e+00
-3.154329151990830304e+00
-3.195181901876604780e+00
-3.190274566381332555e+00
-3.233289085928710005e+00
-3.260515839445017772e+00
-3.261649644532233161e+00
-3.171319119821961241e+00
-3.263387464202637922e+00
-3.253220778473699060e+00
-3.283191901853681927e+00
-3.278222752973353860e+00
-3.333273505104443313e+00
-3.308196213337552649e+00
-3.266120180969894538e+00
-3.145492017127893725e+00
-3.111474903634403155e+00
-3.155746872460805541e+00
-3.137812817067631155e+00
-3.095745843075396575e+00
-3.073235792333885996e+00
-3.013393610729410810e+00
-3.108165471945706582e+00
-3.225208282407369342e+00
-3.168214407903684027e+00
-3.204240596862251156e+00
-3.075579456573280801e+00
-3.145254410584053417e+00
-3.227286789743162743e+00
-3.200197975015254936e+00
-3.241184760139695253e+00
-3.175266625572219947e+00
-3.201173810457515145e+00
-3.282417700228959401e+00
-3.302212575090575530e+00
-3.306426880250836309e+00
-3.311479321177786872e+00
-3.298094134158993995e+00
-3.219801947861126834e+00
-3.250145700424039497e+00
-3.304502607500651390e+00
-3.343688619462940270e+00
-3.367607035150117500e+00
-3.341104474213521414e+00
-3.399958736986732344e+00
-3.335838998892032503e+00
-3.311789764007190051e+00
-3.366991854514840288e+00
-3.507080557206966098e+00
-3.489169019373816294e+00
-3.584728317864408709e+00
-3.583078121720739695e+00
-3.666250408607522715e+00
-3.648218580826736002e+00
-3.657191095875879761e+00
-3.701931567112683563e+00
-3.728768371306025564e+00
-3.762349816979868589e+00
-3.693300528157239526e+00
-3.658717837898481928e+00
-3.638845887657908840e+00
-3.689958628503464677e+00
-3.774903938685689297e+00
-3.588099109304484724e+00
-3.515374633704418272e+00
-3.461407958406766738e+00
-3.502709801258340860e+00
-3.558315830889617004e+00
-3.522872508326194918e+00
-3.477053258944438952e+00
-3.533024205788446448e+00
-3.471038266717831444e+00
-3.447493725600009551e+00
-3.384095929649516776e+00
-3.421380102601217388e+00
-3.390680248610728142e+00
-3.309819497972058766e+00
-3.207195100839215218e+00
-3.107017476475322670e+00
-3.082772699658862692e+00
-3.097717216607339896e+00
-3.021368296591150582e+00
-3.045457312207458855e+00
-3.082266820140640462e+00
-3.161977412724966019e+00
-3.115236162010643906e+00
-3.069005648065877612e+00
-3.085027921684768248e+00
-3.079072161873252167e+00
-3.115434517348010690e+00
-3.144361233460477578e+00
-3.245858051553845769e+00
-3.141286524212188347e+00
-3.135266853430481060e+00
-3.127058428759431852e+00
-3.156641954518493165e+00
-3.217294986714080096e+00
-3.249703844686896659e+00
-3.250542649751047897e+00
-3.221986577929029316e+00
-3.140087685334313594e+00
-3.193106462976188720e+00
-3.258093885265695988e+00
-3.233994266718863919e+00
-3.311559720139410690e+00
-3.262169415622977908e+00
-3.189748309232716572e+00
-3.141170522632248829e+00
-3.124442705006421406e+00
-3.068567815810372412e+00
-3.232781300891002463e+00
-3.113526428454966855e+00
-3.057439550588261667e+00
-3.079229469538620645e+00
-3.174074791967337106e+00
-3.219506483957457643e+00
-3.156538336982535053e+00
-3.155342993265129348e+00
-3.126691991370996959e+00
-3.048919333173414348e+00
-2.987421747916181314e+00
-3.042975085953748327e+00
-3.087808952017163655e+00
-3.100813276410028241e+00
-3.111080824460850103e+00
-2.972268657383088097e+00
-3.050953221535244619e+00
-3.058000579866105184e+00
-2.990669920249840796e+00
-2.884625346394794398e+00
-2.892552055075691797e+00
-2.886373167466053324e+00
-2.903650877787378626e+00
-2.863608262411948324e+00
-2.873106643614061984e+00
-2.916416679388776245e+00
-2.872166217318847803e+00
-2.780555441149395346e+00
-2.630008794234084846e+00
-2.580015082510229263e+00
-2.570246024881918778e+00
-2.605738524691402880e+00
-2.623890889803378368e+00
-2.579345794984559959e+00
-2.542551195425888366e+00
-2.567260951786507484e+00
-2.522297001093070534e+00
-2.563104069507282645e+00
-2.505429155322878465e+00
-2.467183030769107610e+00
-2.466567264988591468e+00
-2.544088481953875824e+00
-2.511502693395043728e+00
-2.485653841280749177e+00
-2.440156357195518044e+00
-2.362752827972672609e+00
-2.344944411600733858e+00
-2.367096510686451438e+00
-2.403171278663617016e+00
-2.372770312773439638e+00
-2.515595463874203297e+00
-2.525357793583629551e+00
-2.410517723832972692e+00
-2.470479725418636363e+00
-2.555068991561117997e+00
-2.561076906805762388e+00
-2.498690734715845352e+00
-2.556545546895129917e+00
-2.625741440692506146e+00
-2.529910243572824680e+00
-2.591104191431058190e+00
-2.542977555444034365e+00
-2.468193063901417794e+00
-2.580658449523483444e+00
-2.627645146431410339e+00
-2.735458459347208660e+00
-2.629003388253248197e+00
-2.605399144804747991e+00
-2.673637428150710260e+00
-2.643978999932108387e+00
-2.652854286551574958e+00
-2.563577916202793627e+00
-2.642407984728135872e+00
-2.599557282757731347e+00
-2.538559065964762773e+00
-2.582615970989520005e+00
-2.592611206330119877e+00
-2.541830904010390135e+00
-2.561570413329293139e+00
-2.617484675687065110e+00
-2.516516507494212629e+00
-2.498257403865351556e+00
-2.502506768468636622e+00
-2.531247241737648590e+00
-2.570617608596746262e+00
-2.556866682010868530e+00
-2.497578982598601449e+00
-2.427422089383911796e+00
-2.424952099202054345e+00
-2.415677568448981294e+00
-2.400907317423058185e+00
-2.421410155530540731e+00
-2.280461323361912207e+00
-2.321989410062723191e+00
-2.268181973634264992e+00
-2.297915104239337758e+00
-2.143331201668136288e+00
-1.992704182556420678e+00
-2.108852331286332760e+00
-2.045919887686262317e+00
-2.153130882110583233e+00
-2.203653901272299098e+00
-2.249717570096566366e+00
-2.253222451794884673e+00
-2.351909284044813919e+00
-2.386811058329122659e+00
-2.397329850821516395e+00
-2.342812725270862373e+00
-2.346454926796037288e+00
-2.267311182901134536e+00
-2.362806628859603908e+00
-2.284262365668878303e+00
-2.226635662951261363e+00
-2.095653127275864946e+00
-2.075755916964681091e+00
-2.092534001941343647e+00
-2.087553854831633693e+00
-2.177941206327412615e+00
-2.225726693757699159e+00
-2.244754979350656043e+00
-2.156959043061872361e+00
-2.186898324592916776e+00
-2.292490094145317236e+00
-2.377601566922804999e+00
-2.363132496533495441e+00
-2.209362197446888221e+00
-2.202399488345318179e+00
-2.218008832595281810e+00
-2.266317681675761975e+00
-2.152142269086013915e+00
-2.052309004843808182e+00
-2.043466924403338325e+00
-2.006236680715067777e+00
-1.945395104957099885e+00
-2.006589058970596806e+00
-2.027353803718427550e+00
-2.074537727276808852e+00
-1.964510458008450255e+00
-1.775289753477826915e+00
-1.847567211349443461e+00
-1.881641430500435197e+00
-1.824450160597558712e+00
-1.750050979940247275e+00
-1.807080749184032387e+00
-1.775973600001912622e+00
-1.657964253040852043e+00
-1.790754596347896133e+00
-1.707585339519104961e+00
-1.736114362053269078e+00
-1.747562771247554103e+00
-1.596731875161736536e+00
-1.576370782902738910e+00
-1.537409847768928861e+00
-1.582946122471416972e+00
-1.656879494611413373e+00
-1.603961850290861246e+00
-1.616745743597759466e+00
-1.640519739290157597e+00
-1.554777109884509789e+00
-1.626355744567895334e+00
-1.693949468585321805e+00
-1.668756162457149639e+00
-1.626653468383904455e+00
-1.678636890036245166e+00
-1.689824079989122652e+00
-1.596495464557994071e+00
-1.677551819506374331e+00
-1.657071034090730643e+00
-1.619675105788529246e+00
-1.718999955096156107e+00
-1.725470273056160408e+00
-1.716562430831417574e+00
-1.745673355795726467e+00
-1.686324385976434748e+00
-1.702790068696534709e+00
-1.539763512644600763e+00
-1.521210543889408351e+00
-1.501991819091927249e+00
-1.443046980434466331e+00
-1.363135941234173032e+00
-1.469986273312407832e+00
-1.497036959687809698e+00
-1.429496299115583735e+00
-1.381650035180491898e+00
-1.409279373084511899e+00
-1.435517257791464996e+00
-1.396084959073065734e+00
-1.452115721833890039e+00
-1.493171205169953497e+00
-1.363533046455796427e+00
-1.472302836852536156e+00
-1.434254836698335422e+00
-1.480599735010230233e+00
-1.508016951729394650e+00
-1.448474391588555399e+00
-1.483371804403581073e+00
-1.545660243267357181e+00
-1.547592065185344534e+00
-1.549015065419041992e+00
-1.731804869380457301e+00
-1.691976229330868886e+00
-1.679358988654476859e+00
-1.694364790906463858e+00
-1.667527000371558099e+00
-1.589279839183961096e+00
-1.592015151534265538e+00
-1.529713491878253118e+00
-1.577446056056279744e+00
-1.622127991591391982e+00
-1.549850532710552065e+00
-1.405931178941616011e+00
-1.396620012144650813e+00
-1.399009029780303281e+00
-1.387888315610942280e+00
-1.487840624478067753e+00
-1.362947662337675503e+00
-1.384961490746705826e+00
-1.335494347171554352e+00
-1.338586401638008683e+00
-1.289707238228896768e+00
-1.321363392067032017e+00
-1.329873192815070659e+00
-1.309807445213658106e+00
-1.308846059031958609e+00
-1.322997340150749768e+00
-1.320134565405433280e+00
-1.302824732102898952e+00
-1.427369256540258924e+00
-1.545637502916410888e+00
-1.507151044443645560e+00
-1.497883610682540168e+00
-1.484416630882881005e+00
-1.507183045451649939e+00
-1.505250354540584867e+00
-1.504370934627278000e+00
-1.512188772711357876e+00
-1.573691473981216671e+00
-1.539338867825875479e+00
-1.610858364650156416e+00
-1.631931357436309238e+00
-1.570861400398051000e+00
-1.673950346482716789e+00
-1.795856191088140541e+00
-1.729014957505014660e+00
-1.665550915408731569e+00
-1.614743321549557908e+00
-1.697246680236077720e+00
-1.749112816402847548e+00
-1.833869052476209571e+00
-1.803513390771934732e+00
-1.825133820301565457e+00
-1.815291505559122776e+00
-1.776357608799956189e+00
-1.767707735447882733e+00
-1.741149826800897360e+00
-1.673291575702418266e+00
-1.671343398988955453e+00
-1.638678384326260673e+00
-1.653996230393787625e+00
-1.701056670601687415e+00
-1.656989521852167080e+00
-1.581775072904433532e+00
-1.740110232904222842e+00
-1.691679980232576597e+00
-1.794159555419129637e+00
-1.788727740477132899e+00
-1.759753797445159584e+00
-1.776845337359248767e+00
-1.676607442299246076e+00
-1.775616021430038938e+00
-1.795700551463373928e+00
-1.693110796888171787e+00
-1.578556437293457293e+00
-1.632556785361347629e+00
-1.649622260917657401e+00
-1.670934805952003721e+00
-1.553106333415741336e+00
-1.552607057128129187e+00
-1.523203565594570597e+00
-1.439181807965861370e+00
-1.426456484502112376e+00
-1.504910160667404018e+00
-1.554139699047438761e+00
-1.597810832889396959e+00
-1.440654210476085773e+00
-1.426586001283023153e+00
-1.470297466928419672e+00
-1.414903131355518262e+00
-1.375081746665861582e+00
-1.237969007822047773e+00
-1.063720893632027931e+00
-1.213626418782136174e+00
-1.330580608288149502e+00
-1.347098956607897025e+00
-1.327738111627777551e+00
-1.275320672217734375e+00
-1.259184129461159651e+00
-1.305220612003652692e+00
-1.211812407453568774e+00
-1.191686652342641928e+00
-1.057203860725398625e+00
-1.122202784159722633e+00
-1.160024131937478664e+00
-1.133844105652015877e+00
-1.063602478825294462e+00
-1.111946549998770850e+00
-1.032299072933914319e+00
-1.093543279432555693e+00
-1.066652987007667974e+00
-1.138612032969809729e+00
-9.632093989315705373e-01
-9.125018348791651412e-01
-9.786739849772109201e-01
-1.037251914236850148e+00
-1.034357760641168689e+00
-1.028710486589265560e+00
-9.807942448585349471e-01
-9.061462961679431771e-01
-7.458011800285021531e-01
-7.218756975022098121e-01
-8.613226151928313756e-01
-8.496694558116494322e-01
-9.005886750657983164e-01
-9.812946427616151546e-01
-1.091750943389534712e+00
-1.206949586397706886e+00
-1.200870689972481031e+00
-1.147994665270703596e+00
-1.257605341003774413e+00
-1.365437521936827103e+00
-1.303405063211692472e+00
-1.394247691280819490e+00
-1.350257273429306792e+00
-1.327282766418126814e+00
-1.322288698986942013e+00
-1.199608107867281337e+00
-1.198767801700571844e+00
-1.143588254310778041e+00
-1.157955055819842149e+00
-1.094709699263851865e+00
-1.127200825706666576e+00
-1.179183908060448704e+00
-1.212726655730284930e+00
-1.181742376828649466e+00
-1.197446299824197258e+00
-1.065024932989081519e+00
-9.881662884356173793e-01
-1.056962364448768010e+00
-1.027260243474853230e+00
-9.964248704008588087e-01
-9.851571906330011119e-01
-9.808696902613893709e-01
-1.143701011256797129e+00
-1.207372331793950204e+00
-1.243839510300528417e+00
-1.191874111260281976e+00
-1.129827745579260245e+00
-1.256210875665368487e+00
-1.289607408884037465e+00
-1.207327226623962968e+00
-1.137334606016888738e+00
-1.175863431053258967e+00
-1.168489425949692295e+00
-1.049431804516688604e+00
-1.009162833261830317e+00
-9.716830645973131286e-01
-8.699836000186138563e-01
-8.464629685594952102e-01
-8.472042602260033695e-01
-9.575412416372066637e-01
-8.956494341910996582e-01
-9.083575390723448439e-01
-8.543706172507746777e-01
-8.883800788629550027e-01
-9.446305185052916720e-01
-9.103490982423585454e-01
-7.784518298350098231e-01
-8.122227823412784264e-01
-8.041273435685025728e-01
-7.683143613695023744e-01
-8.731520621613222399e-01
-7.977898882388255730e-01
-8.160581174798466897e-01
-8.204715640425315204e-01
-7.947686446719287590e-01
-8.049444162948977688e-01
-7.628709615485130824e-01
-8.028627051620026434e-01
-8.174016565030784998e-01
-8.020849246919325992e-01
-7.709540983687214188e-01
-6.875895027991310027e-01
-7.437074174477668054e-01
-8.564380905160321467e-01
-8.286997491030860807e-01
-8.300619090292769009e-01
-8.210266251553093309e-01
-8.573181415116811754e-01
-8.808226392682859673e-01
-8.065474721372918321e-01
-7.740881871619523791e-01
-5.867757416315727559e-01
-4.181188444748906718e-01
-5.308264137840554842e-01
-4.442704205604935952e-01
-4.319675401088626798e-01
-3.841742310128595239e-01
-3.909353379751650537e-01
-3.484278217437140057e-01
-2.660027973079822639e-01
-3.436666818097440790e-01
-2.075605509405804572e-01
-2.449168343268307846e-01
-3.133767882755824630e-01
-2.368955641796497980e-01
-2.222045907718950553e-01
-2.149560968906875924e-01
-2.244715922246844075e-01
-1.826108133813186818e-01
-2.109454047703601676e-01
-1.906765913369162235e-01
-2.431824730695079095e-01
-1.843082527286951100e-01
-2.200670609442885173e-01
-2.093416966766973031e-01
-7.846379971516885543e-02
-1.005141911442540420e-01
-1.127489441460870073e-01
-2.617101523892441731e-02
3.424308576013950639e-02
-9.854746422029718456e-02
-1.867485550045216991e-01
-1.253322742292402314e-01
-1.132228512428458678e-01
-1.922249986593752014e-01
-1.823696219033265065e-01
-2.030415192867460472e-01
-2.588755556019182169e-01
-1.996259778087168812e-01
-2.304329335568992554e-01
-2.339726262325149964e-01
-3.059408488889798217e-01
-2.781511673783155225e-01
-3.702948075247591286e-01
-1.822250049907154501e-01
-3.198869507516489130e-01
-3.565026800714944377e-01
-2.132930582677560194e-01
-2.824238843711863733e-01
-2.001127749940024847e-01
-9.753274322762088555e-02
-1.220949177076745967e-01
-2.406500834163379787e-01
-3.215924264617402439e-01
-2.945885187809705319e-01
-2.570204021498761482e-01
-1.805928362916276730e-01
-2.838716065297019475e-01
-4.590308333667691421e-01
-3.863984509699839309e-01
-4.308681176759108222e-01
-3.626028491970136325e-01
-5.138698529159313466e-01
-5.933040061967436163e-01
-5.943132198248264331e-01
-5.447325846711081887e-01
-4.168966044908882784e-01
-4.688662865247604783e-01
-5.010472092706800273e-01
-5.159878081924171855e-01
-6.371042023309055891e-01
-5.786498969135895898e-01
-5.869648842967605251e-01
-6.261611215056294144e-01
-7.189710247544005561e-01
-8.406733054686232887e-01
-9.271369776997420153e-01
-9.134101581891042043e-01
-8.933433214028489999e-01
-9.512289215818319210e-01
-9.607008786388040456e-01
-9.590893384446421699e-01
-1.023791546907248717e+00
-8.952528175798504240e-01
-9.647420811022091591e-01
-9.731087697014483284e-01
-9.712274456881776485e-01
-9.106919621010691746e-01
-8.671103801372344044e-01
-9.378591545567227516e-01
-9.543273903087339249e-01
-7.568767940545875206e-01
-7.682939301224144257e-01
-7.343836606924942778e-01
-8.194081627025316950e-01
-8.992113881112477891e-01
-8.577422784430221991e-01
-8.493329417440380613e-01
-7.853817376070408862e-01
-6.693040748397753870e-01
-7.030902464468022917e-01
-6.614668258159996928e-01
-6.585483978738264632e-01
-6.223581052384447032e-01
-6.571243021902559711e-01
-5.654233263234604845e-01
-5.855299734638372833e-01
-5.825202254825266879e-01
-4.742802181644269477e-01
-4.675761948813449420e-01
-4.511792807111579817e-01
-4.416270240954630610e-01
-4.944858433754905080e-01
-5.401278200484002090e-01
-5.847671274460626289e-01
-6.065815594437418135e-01
-6.089455354284825095e-01
-6.695871710449797787e-01
-6.469824896051619145e-01
-5.377836738152078633e-01
-6.560675476748276669e-01
-5.599002950814641055e-01
-6.004625910068605021e-01
-5.753086577965134119e-01
-5.256875008115322601e-01
-5.601019872651947784e-01
-5.961795925580063438e-01
-5.831311583256587605e-01
-5.209197651292163389e-01
-4.826663747136246130e-01
-4.105845046391208286e-01
-4.931380728287063087e-01
-5.427107598304345970e-01
-5.898542156475049536e-01
-5.934843399075996340e-01
-5.815854559883177899e-01
-6.306043520800148627e-01
-6.957317937321289003e-01
-6.580221696589695357e-01
-5.406691482576629904e-01
-4.158301050158568213e-01
-3.120146772828917836e-01
-2.544225576901407715e-01
-2.027999383390991506e-01
-2.311626918913186612e-01
-1.877397476855228731e-01
-2.214093487181985898e-01
-2.652229143065473194e-01
-2.579453397163871120e-01
-3.062274698906719550e-01
-3.763311678036018182e-01
-4.331972690523238634e-01
-2.109382147655303741e-01
-2.030497557586632973e-01
-3.443524731367254010e-01
-2.264354706681913354e-01
-1.214084182136550005e-01
-1.207330437676696899e-01
-2.035143753396686239e-01
-2.128596811900216323e-01
-1.675987757738583994e-01
-2.120096322062462457e-01
-1.321280109302627459e-01
-1.906698558183453629e-01
-2.232030181747773900e-01
-1.066346022422072215e-01
-2.352801458676802293e-01
-2.453339116260103148e-01
-2.265195253473807346e-01
-3.327917710896348691e-01
-3.548655524160733710e-01
-3.821108180820396161e-01
-2.906404086536348852e-01
-1.532517296981577293e-01
-2.109866414751276897e-01
-1.871343418521119184e-01
-2.368145421320235755e-01
-2.137495652348418984e-01
-2.798766321177614258e-01
-1.279607426373503554e-01
-9.531186895385077018e-02
-1.489136675221514744e-02
1.882547016596736178e-03
-1.215530947280746427e-01
-9.958315988795160556e-02
-1.109708732002744475e-01
-1.387830718443553157e-01
-7.753520787877360432e-02
-2.192082080291875984e-02
6.825179492354425947e-02
8.134439389216457927e-02
-2.491459200138337535e-02
-1.213863802571019251e-01
-6.821811288876540591e-02
4.448990472072235358e-02
5.538562419037332263e-02
1.867719620841399794e-02
-3.953228423229979138e-02
1.116644251662719245e-01
4.969772766310197321e-02
-2.707914090579047889e-02
-3.121372604544950594e-02
-6.467581205946830794e-03
1.531123364786607724e-02
-9.240942575707980500e-02
-1.015208942994303420e-01
-1.345598190893490531e-01
-1.648601831274926766e-01
-1.493052203068592418e-02
-4.599143843699739220e-02
-7.980421692143511991e-02
-6.600550585573793094e-02
-1.306693475921639480e-01
-5.038472620873825358e-02
2.142314879762895544e-03
-5.031087201853838391e-03
5.694807650823949241e-02
1.103043249275731386e-01
5.810672697472651915e-02
3.892823264775276126e-02
8.580889342150184451e-02
1.777400429467370091e-01
1.172364864990567829e-01
1.211757777853660206e-01
9.169377239865895979e-02
1.459574310628257154e-01
1.677461092114892471e-01
1.189362199690782856e-01
1.383012274907439443e-01
1.068497878343169644e-01
7.310405265084174951e-03
-1.068860757469527190e-01
1.199100337033789064e-02
-1.461788835857402991e-01
-5.404524901134934167e-02
2.752127525486253862e-02
3.302158779551623430e-02
-1.278270575362443033e-02
-6.083350244259993350e-02
-1.740204551455700188e-01
-1.745834642669055747e-01
-2.055355005313078409e-01
-1.792128775910712402e-01
-2.733477049620179899e-01
-1.884614570742290107e-01
-1.999104764445200355e-01
-2.120563401119783253e-01
-7.564531736386741201e-02
-9.044832272990704913e-02
-5.618575804298934356e-02
-5.283803054012248951e-02
5.552508790226238881e-03
8.413014614563610327e-02
7.486066309845552935e-02
6.726394137269167683e-02
1.562052381934462830e-01
7.784937732269019139e-02
-2.425743275516594952e-02
-1.898694865290471712e-01
-9.800148724546725587e-02
-1.714857983441033795e-01
-1.250492005617195590e-01
-1.530490045962587531e-01
-2.659318235404770636e-01
-1.696491969305992387e-01
-1.275113825689694336e-01
-1.205819782472780516e-01
-1.203680737370912968e-01
-1.233308092513958343e-01
1.396673836567714592e-02
7.286833555881105408e-03
2.791618021463091251e-02
-3.931573711499680712e-02
6.733917732911742782e-02
1.244498169368471203e-03
-5.662000143174001493e-02
-9.210870349979943805e-02
-1.421175596681787390e-01
-5.725253043389428795e-03
1.141412291807955559e-02
-1.003497524724861617e-01
-2.056944097130021520e-01
-2.463558740082865128e-01
-2.487859976419015406e-01
-2.444580517410122056e-01
-1.792713654104185761e-01
-2.160610104956120214e-01
-1.599820215377744659e-01
-2.279988946731967836e-01
-1.681939191910061249e-01
-1.689143041806678847e-01
-2.376991808284050281e-02
8.762692878133288010e-02
8.984806064941885939e-02
5.882697779122273568e-02
4.605764958063848086e-02
-3.096287514872080038e-02
-7.425057148223689063e-02
-8.472553431809072555e-02
3.992235762648656261e-02
-6.817206802223215074e-03
-2.214906465816081013e-02
-1.730308190373450183e-02
4.284209560018305274e-02
9.375739810244312911e-02
1.515152488530905617e-01
6.472864384511146929e-02
1.303075942313650926e-01
1.449320290603901829e-01
6.370870061039945499e-03
3.317979530133736282e-02
-7.359988105644373058e-02
-7.440754154769531337e-02
-2.717092592369289017e-01
-2.880909345190002524e-01
-3.506831680464617129e-01
-4.623966013087386084e-01
-4.501828705751901860e-01
-5.080087753355293501e-01
-5.449790865992167888e-01
-6.220975535940541645e-01
-5.707234335215232157e-01
-6.436168426424515587e-01
-7.870843684061278323e-01
-9.982645585212736039e-01
-1.068792041292566442e+00
-1.118754071256237159e+00
-1.079319492782753853e+00
-1.015038078189162141e+00
-1.060172640343683081e+00
-1.010619897883165530e+00
-9.826594561347561374e-01
-1.069823798262647729e+00
-9.367642775734705829e-01
-9.400412902895101119e-01
-8.682276929500581941e-01
-9.100690111612629307e-01
-8.365207422619875821e-01
-7.519807020552703447e-01
-7.986170830961950573e-01
-9.175107095521694012e-01
-9.193529935022763944e-01
-9.023203274722367828e-01
-7.918293684541705124e-01
-8.370058930785323481e-01
-6.796909116935001549e-01
-6.930758212913136207e-01
-6.987235426303024521e-01
-7.749060022040299422e-01
-8.373452563851278008e-01
-8.635115077453163757e-01
-7.636056562937088010e-01
-7.775646254091179710e-01
-7.673404870925337740e-01
-7.607163133667069754e-01
-6.126532159416078205e-01
-5.402057041298714557e-01
-4.623400725767648489e-01
-4.380251628744273318e-01
-4.486982038603647971e-01
-4.857890302877151401e-01
-4.279877385165993808e-01
-3.884462842620236556e-01
-3.105063552541275085e-01
-2.213053053367681489e-01
-2.004141182481585792e-01
-1.356204366775211334e-01
-1.361193844060450305e-02
-6.031647424752871467e-02
1.494585933959209113e-02
-1.719218369219254958e-02
-8.708429182620092135e-02
-1.735855560882635928e-01
-9.428971081146070299e-02
-1.270189839197448656e-01
-2.358852672698255604e-01
-1.260947759701517290e-01
-1.049910068211923203e-01
-2.967587996552722290e-02
-6.717201703881317543e-02
-5.146951017628684233e-02
-7.377057827384997379e-02
-1.207953829783036254e-01
-7.390263999427555686e-02
2.136375376223352204e-02
-6.997052000252705628e-02
-8.181606984206550581e-02
-8.244815606722896706e-02
-9.737815393189024060e-02
-1.686162250177171140e-01
-2.669330278953673807e-01
-2.027471550804084699e-01
-1.533777699288325636e-01
-1.037079100075856686e-01
-1.055803854643975054e-01
-1.526148764323087548e-01
-1.041307418726615669e-01
-2.584219198682265461e-01
-1.529362445961335026e-01
-2.085092552510025010e-01
-2.449034063079844059e-01
-1.691248060597846103e-01
-1.992183423019066590e-01
-3.084377601600053753e-02
3.100091399881417867e-02
-3.354586611449374752e-03
-2.010499609618444927e-02
3.102263651978336145e-02
-7.114636990274662842e-02
-1.648614637174244668e-01
-2.359478126758392802e-01
-1.329250099917091144e-01
-1.163726941773313150e-01
-8.390859746103371264e-02
-7.137315594469778590e-02
-1.111726817710750326e-01
-4.142325986140124594e-02
-9.487633518667699939e-02
-1.823774809424675292e-01
-2.652382618522974855e-01
-4.592852031039748040e-01
-5.168424117712389076e-01
-5.936822742271611331e-01
-5.987205501142729425e-01
-5.813970915969954856e-01
-6.224668278870657545e-01
-6.808715698814443718e-01
-7.476670210520744986e-01
-7.149208010771059829e-01
-7.101625090170438082e-01
-5.828652401927068016e-01
-5.152374449673634560e-01
-4.572870376222602506e-01
-4.477451121581469407e-01
-6.238144098623359390e-01
-6.375192145043520053e-01
-6.447955552015502967e-01
-4.448760043094011629e-01
-5.158283717884173392e-01
-3.710034092491175106e-01
-4.042431065222571451e-01
-3.929675813288191488e-01
-3.915862714775431019e-01
-2.996263034036028561e-01
-3.098220185748853384e-01
-2.887756024165139546e-01
-3.272197729941995203e-01
-3.404298012304168286e-01
-2.920392520659598201e-01
-2.728615587205026616e-01
-2.771122235471673578e-01
-2.462097381314939382e-01
-2.493412407158978050e-01
-2.005844374335439551e-01
-2.221548909871396971e-01
-2.396829501229500170e-01
-2.618676680989661110e-01
-4.377380378523889060e-01
-5.378036419002102386e-01
-5.764082689808984750e-01
-6.311149004928114925e-01
-6.235358514074922365e-01
-6.019835057431789371e-01
-5.983331401749625300e-01
-5.223880248667197579e-01
-6.058477463683451525e-01
-6.214437507849359665e-01
-6.664105992242296272e-01
-6.944501676993184436e-01
-7.669095595313965008e-01
-6.573929154660783647e-01
-6.887562515795127016e-01
-7.923979443355848584e-01
-7.829837209326527825e-01
-7.938784436853205673e-01
-8.047114826069827753e-01
-7.104486220110357575e-01
-5.846487316498711895e-01
-5.436821370845869028e-01
-5.353665631853435913e-01
-5.819867506173778127e-01
-6.147912758675381228e-01
-6.527795379699282696e-01
-4.834943685483434894e-01
-4.260294193766380744e-01
-3.803027433987200556e-01
-2.961430977127772479e-01
-3.588079179249590300e-01
-5.029435123426995169e-01
-5.414555436171978320e-01
-5.698172410873202365e-01
-6.024261744130886553e-01
-6.335818265281625283e-01
-6.446036805124966129e-01
-5.905529269857835439e-01
-5.138259863516297932e-01
-5.214555111030335643e-01
-5.042709324566065909e-01
-4.763282063555115964e-01
-5.912611491082233606e-01
-6.171456958810265236e-01
-5.556258458893708063e-01
-4.556188131623208903e-01
-4.586580620684974074e-01
-4.979944671562268610e-01
-4.574203826632557979e-01
-4.763083120704612039e-01
-5.450125219705429513e-01
-6.117770865871583474e-01
-5.516504015783986192e-01
-6.245245364278259048e-01
-5.405621140445745487e-01
-5.391913597648758660e-01
-5.816319654276272955e-01
-6.444567828518169561e-01
-6.041197587373304811e-01
-5.641414994477362832e-01
-5.143091764175378167e-01
-5.132255717453981791e-01
-6.171483728752834574e-01
-6.043951403954972434e-01
-6.086837758732381864e-01
-7.318327382173150930e-01
-7.267206053512241803e-01
-7.608989958897336425e-01
-7.141668665787214154e-01
-7.737161579621980589e-01
-9.230302269188245257e-01
-8.202152846270363007e-01
-8.734651337166735585e-01
-9.539039852306012701e-01
-9.606816600414620488e-01
-8.665131442258589001e-01
-9.733044248163567058e-01
-9.265772884153474775e-01
-9.265410740384746324e-01
-8.653040492095693814e-01
-8.996265786923957064e-01
-8.986618267499717483e-01
-8.940778576071690686e-01
-1.051918659251152688e+00
-1.076798341157395811e+00
-1.087454658110707850e+00
-1.107765183568154566e+00
-1.237603466425010179e+00
-1.227694191741362850e+00
-1.200169611151427951e+00
-1.247023195959995334e+00
-1.298230838076288585e+00
-1.526922227659645026e+00
-1.610001851324916577e+00
-1.551772952674797201e+00
-1.521437573593693582e+00
-1.579510714837621510e+00
-1.671747925653582989e+00
-1.622836092214546166e+00
-1.754958461455290886e+00
-1.755938341093409738e+00
-1.851045903758410383e+00
-1.979438988140332034e+00
-1.897745901084268327e+00
-1.855199222665213643e+00
-1.795979020008189764e+00
-1.997976685628463533e+00
-2.002353242319383941e+00
-2.079199299849360472e+00
-1.990366835551323543e+00
-1.975558942970812693e+00
-1.976965972216674139e+00
-1.994693950369570423e+00
-2.058910081290038718e+00
-2.033673757611014210e+00
-2.099788868586649926e+00
-1.923385293809202645e+00
-1.852052410113532943e+00
-1.858184316916221546e+00
-1.800484015156859074e+00
-1.891482249458873888e+00
-1.871506341815838859e+00
-1.975707566259295334e+00
-1.973086243678790597e+00
-1.948741781009464935e+00
-1.920603711834080407e+00
-1.922809899461529026e+00
-1.957605051973230870e+00
-1.912473304130204887e+00
-1.927374052237065039e+00
-1.944401403451426535e+00
-1.928320169950762608e+00
-2.007078697669172573e+00
-1.840443246421465062e+00
-1.769303063562673195e+00
-1.750190492374823492e+00
-1.769450271160504462e+00
-1.883816693067575043e+00
-1.901624090263623001e+00
-1.916150245933039287e+00
-1.848638248670264828e+00
-1.854839022107783286e+00
-1.808725875221266488e+00
-1.861755587573891813e+00
-1.944597987798402983e+00
-1.935792755488784600e+00
-1.863180207344002914e+00
-1.841792965138170368e+00
-1.875915700645147677e+00
-1.956373793458117127e+00
-1.991261746072650718e+00
-1.984126763210783073e+00
-1.919413137178078710e+00
-2.077940262478078282e+00
-2.071978334844154279e+00
-2.060050817478066953e+00
-2.023154471227025297e+00
-1.954948119207901014e+00
-1.910177957821204586e+00
-1.986084472065018369e+00
-1.845272233964593056e+00
-1.742090583890362643e+00
-1.754446937781111604e+00
-1.761657393551672390e+00
-1.805045065528585457e+00
-1.727130942061260610e+00
-1.753413174425564547e+00
-1.836491751082741208e+00
-1.868027620922545262e+00
-1.792886698044036997e+00
-1.864271579428725678e+00
-1.836639267300317346e+00
-1.852074028440060971e+00
-1.847866853380957908e+00
-1.671454334598095226e+00
-1.711041460702635852e+00
-1.762592914650493059e+00
-1.846227543384441505e+00
-1.863207173635484937e+00
-1.876461516365454552e+00
-1.797765052816788112e+00
-1.685500270428382352e+00
-1.787109358071687915e+00
-1.816099122783994657e+00
-1.748624390489341929e+00
-1.821604786717063273e+00
-1.825610983534917464e+00
-1.843919818622185680e+00
-1.864685598244311571e+00
-1.881667076601171384e+00
-1.915234737474899473e+00
-1.867750767314534377e+00
-1.868613865607586355e+00
