-1.944218004570577307e-01
-2.905460874921282910e-01
-3.144631973233917299e-01
-3.350865971654135578e-01
-3.754638735852509068e-01
-3.949468939153099045e-01
-3.970897645807126008e-01
-3.897903533164588930e-01
-3.806508732307887222e-01
-3.906965562443440731e-01
-3.905269085466302470e-01
-3.984940163360286003e-01
-4.160591934518916291e-01
-4.058763665119005659e-01
-3.926163898484064108e-01
-4.001965163928917768e-01
-4.009063837212221149e-01
-3.890096351234084704e-01
-4.178413319386740099e-01
-4.027066963367675334e-01
-4.135840683537931883e-01
-3.934285407104090027e-01
-4.110359209569779959e-01
-3.909298619213625314e-01
-4.028809930153162688e-01
-3.912798971230175837e-01
-3.964771901099135021e-01
-3.984446449655109079e-01
-3.791203862041127026e-01
-3.790588856264720530e-01
-3.831975016867840145e-01
-3.870748683629870457e-01
-3.796187927175607713e-01
-3.808021222887574830e-01
-3.872254532029679730e-01
-3.973874319923455523e-01
-3.925698296188200320e-01
-3.742007028301761462e-01
-3.817184604973467010e-01
-3.906711728507890613e-01
-3.804932805457891254e-01
-3.633477263196751572e-01
-3.922470359608823398e-01
-3.587226684975217683e-01
-3.840407180346934735e-01
-3.681919672882060235e-01
-3.772231731780563146e-01
-3.818025638742638117e-01
-3.773314471265289960e-01
-3.700659833482106698e-01
-3.683793449525358810e-01
-3.760406182051960200e-01
-3.729064588664528501e-01
-3.689199195177168544e-01
-3.568334748234768261e-01
-3.621166342333989041e-01
-3.579521319143319502e-01
-3.701374050519810055e-01
-3.717951125572122040e-01
-3.682185036213875828e-01
-3.638288554943012176e-01
-3.436444739645885815e-01
-3.638682792814921241e-01
-3.582571407366993421e-01
-3.515763319895695571e-01
-3.541155614932631202e-01
-3.694158170208324266e-01
-3.545908411622444301e-01
-3.397080068392439589e-01
-3.461835878289662438e-01
-3.520647075614958821e-01
-3.417647167894276028e-01
-3.479381512938912735e-01
-3.422350906324915787e-01
-3.389112635225071668e-01
-3.379274295182495003e-01
-3.348864202615889907e-01
-3.367266926524140613e-01
-3.353857395406439901e-01
-3.145729142974799109e-01
-3.383695205735909872e-01
-3.415610375628051476e-01
-3.404567556447368193e-01
-3.375187933850558042e-01
-3.307483560528119981e-01
-3.331845762168489378e-01
-3.205856259011787834e-01
-3.436896619107641104e-01
-3.326022227378753193e-01
-3.410187374449019093e-01
-3.425088549237261804e-01
-3.324858899493252640e-01
-3.261849012663450287e-01
-3.246812351093109617e-01
-3.206600790060595285e-01
-3.200539613844161080e-01
-3.336933432822223322e-01
-3.313413423306144079e-01
-3.341610619962426254e-01
-3.218727405128305463e-01
-3.144346841206540621e-01
-3.217515027266037442e-01
-3.063123601170714139e-01
-2.934587551961708174e-01
-3.382423035635855335e-01
-3.194246359496227816e-01
-3.105598105894343819e-01
-3.259370595287989780e-01
-3.029617986105710425e-01
-2.979053461307359374e-01
-3.078673369574640439e-01
-3.056383028145061020e-01
-3.139469408313886323e-01
-3.043260305758728190e-01
-2.952462624849747641e-01
-3.118581583603956542e-01
-3.189867258739047529e-01
-2.954216331537691254e-01
-3.097321704310411761e-01
-2.993792654528963926e-01
-3.081328466172179592e-01
-3.117604122131867328e-01
-3.069558324924370751e-01
-3.002269311354912595e-01
-2.980964595632911163e-01
-2.961928530000792481e-01
-3.035792697982853117e-01
-2.858303897777565439e-01
-2.977331666027405177e-01
-2.991272896685785998e-01
-2.942792633688978698e-01
-2.940058223751897959e-01
-2.928201965121212114e-01
-3.054464485960728393e-01
-3.045336009469903349e-01
-3.053476537211803343e-01
-2.758796838788025729e-01
-3.013788550846676628e-01
-2.980167749684905498e-01
-2.992010914712546210e-01
-2.795938936300668143e-01
-2.782188478285869682e-01
-2.721507109275315139e-01
-2.881352215456195465e-01
-2.824617347840331361e-01
-2.740401717929985548e-01
-2.831968666105084687e-01
-2.762567805316601399e-01
-2.716824759158849023e-01
-2.857837258934008418e-01
-2.726250916146341075e-01
-2.792736794882558771e-01
-2.723083249888109680e-01
-2.620283665529723471e-01
-2.650991157852948810e-01
-2.685271110882463397e-01
-2.618474072332441782e-01
-2.573311866186098751e-01
-2.384371824332818246e-01
-2.622407940116997516e-01
-2.688740199207859671e-01
-2.689642600416506379e-01
-2.521985025499087207e-01
-2.683676593908257413e-01
-2.638794494419267611e-01
-2.627280478434426136e-01
-2.614703319416656901e-01
-2.603172789203238580e-01
-2.568436810302139328e-01
-2.582573263602431224e-01
-2.570002201524907992e-01
-2.569261531049958913e-01
-2.468473398834327703e-01
-2.521121435648137066e-01
-2.462177059120686240e-01
-2.410651548724422888e-01
-2.592394753509237870e-01
-2.619028554166673572e-01
-2.586507606521158409e-01
-2.553526653978477334e-01
-2.454040436176001538e-01
-2.265184840293343049e-01
-2.399287391001793945e-01
-2.423447362025491492e-01
-2.535377786378105736e-01
-2.394658342401261297e-01
-2.476218257482059870e-01
-2.428393354498494250e-01
-2.525974136253262836e-01
-2.507438049438946992e-01
-2.419912344647280888e-01
-2.487296319248845367e-01
-2.367593604720804046e-01
-2.454443967533111171e-01
-2.508616696644664357e-01
-2.489128325075875003e-01
-2.459033403954115071e-01
-2.439570671037978866e-01
-2.305534373416626703e-01
-2.378586644574487430e-01
-2.323287281536987603e-01
-2.471152818806265916e-01
-2.350888743515910928e-01
-2.323407342899531103e-01
-2.362099729949254101e-01
-2.238500144847458961e-01
-2.264736933337337388e-01
-2.319035991497171434e-01
-2.408376140921634212e-01
-2.417077892227867397e-01
-2.185554187894613865e-01
-2.289799084652066052e-01
-2.196581383641295071e-01
-2.127996972137408682e-01
-2.137050229630563791e-01
-2.198357025700120038e-01
-1.978516643461896152e-01
-2.154103060575480733e-01
-2.229392608083052840e-01
-2.362589091002526009e-01
-2.011458841851645474e-01
-2.002691056842041961e-01
-2.046017885588491403e-01
-2.159442234144210992e-01
-2.283177412466123046e-01
-2.034340867340942438e-01
-2.153988232855353901e-01
-2.239373073028760874e-01
-2.132300254636654291e-01
-2.166832661462715359e-01
-2.227214570255616755e-01
-2.061634763639481616e-01
-2.246452159201840493e-01
-2.126674323887030038e-01
-2.214661206845568442e-01
-2.068540862764990385e-01
-2.016017883983364234e-01
-2.050919207083331530e-01
-2.225784165775885892e-01
-2.137709052452438918e-01
-2.190611236966727438e-01
-1.976302454185647761e-01
-2.005783898597233161e-01
-2.030001957000358015e-01
-2.108582351131171873e-01
-1.995222696416376618e-01
-2.077921700828360141e-01
-1.904511965882740299e-01
-1.976855505850962924e-01
-1.969756296300534393e-01
-2.100684396509066021e-01
-2.024386712112474784e-01
-2.019565751561180900e-01
-1.988767154145453242e-01
-1.886221614747770614e-01
-1.828509730401288724e-01
-1.876186571514827373e-01
-2.029234850551818736e-01
-2.014108805952026238e-01
-1.917581582126383077e-01
-1.882866521882022859e-01
-1.813665315196573147e-01
-1.779369241608647068e-01
-1.798257947340853313e-01
-1.806625752735058210e-01
-1.940533303406046794e-01
-1.824493928581227831e-01
-1.796124036532675827e-01
-1.871643003272643879e-01
-1.836354068316198296e-01
-1.883398076555203859e-01
-1.845840332755195323e-01
-1.696129353129618433e-01
-1.764669914400607276e-01
-1.800372833321555177e-01
-1.885572655149605481e-01
-1.534800222271663905e-01
-1.738740567272423210e-01
-1.710120580122300726e-01
-1.678423562460851226e-01
-1.684464826686817851e-01
-1.874535423083578678e-01
-1.673977679064382329e-01
-1.739291355556280561e-01
-1.670072523050767366e-01
-1.722245655550305177e-01
-1.852156921195955430e-01
-1.881481734241707837e-01
-1.607218192823114400e-01
-1.798764451063099568e-01
-1.592985870789005443e-01
-1.821748557289266657e-01
-1.721877947767129768e-01
-1.781662609673486664e-01
-1.595682276748480177e-01
-1.440871791801672241e-01
-1.617195328083420591e-01
-1.424533842439110742e-01
-1.579275139870142119e-01
-1.575937500690323123e-01
-1.600207616058517690e-01
-1.606176974167392579e-01
-1.510432235926093547e-01
-1.543217217562780075e-01
-1.570465059965102661e-01
-1.470946427145416457e-01
-1.438776714912013421e-01
-1.540904886491942793e-01
-1.571157607280986301e-01
-1.472165007218719790e-01
-1.469880828658296501e-01
-1.441156981643518797e-01
-1.597785283562545011e-01
-1.367711439310501653e-01
-1.520994912840829549e-01
-1.423772865314165692e-01
-1.424791326931340585e-01
-1.344768133903073704e-01
-1.429473272605847889e-01
-1.384020356017061637e-01
-1.439179728768245070e-01
-1.531646037817582240e-01
-1.442771468521137912e-01
-1.288489189068511287e-01
-1.602880118522764796e-01
-1.437428774874121018e-01
-1.575706069119080510e-01
-1.337298171762570931e-01
-1.502190564896466185e-01
-1.409048702776840578e-01
-1.331472916493972036e-01
-1.361770056082907132e-01
-1.509012038862178606e-01
-1.500087645711252193e-01
-1.466653597549010257e-01
-1.451395322514295039e-01
-1.566835215728024089e-01
-1.418405123989163741e-01
-1.528989499429576071e-01
-1.255886965314547687e-01
-1.470225563593303697e-01
-1.335046599778206833e-01
-1.518521097482539162e-01
-1.412467148059657340e-01
-1.436276518414967285e-01
-1.496674260030150805e-01
-1.325650187470079899e-01
-1.185724057500472384e-01
-1.466319420981290200e-01
-1.479207817968317684e-01
-1.515505695708943001e-01
-1.431449641027171538e-01
-1.492209260614902888e-01
-1.409179317602884396e-01
-1.403204897612924107e-01
-1.612639624229244006e-01
-1.602019596576718108e-01
-1.508306113859454456e-01
-1.227908671003250518e-01
-1.412639701671118964e-01
-1.640220825600806620e-01
-1.524538267829922411e-01
-1.639441512988955019e-01
-1.646576965070609688e-01
-1.457756175184421465e-01
-1.198641674086839970e-01
-1.476952345374953346e-01
-1.611987169392521402e-01
-1.472426786916694041e-01
-1.536238703440644393e-01
-1.568008619541387816e-01
-1.501706788916195023e-01
-1.621453839039008749e-01
-1.625212476638775438e-01
-1.496326577911879507e-01
-1.438940541970650244e-01
-1.569902872870756472e-01
-1.688026430046010162e-01
-1.622614356436029581e-01
-1.518202352109434550e-01
-1.434971360349159841e-01
-1.570065901565314004e-01
-1.459862937403824112e-01
-1.461647679334461269e-01
-1.521133340085589758e-01
-1.536979961460338551e-01
-1.376363367547313032e-01
-1.575266350138209148e-01
-1.618289202336304911e-01
-1.741014947081178654e-01
-1.531444597543552000e-01
-1.557440174599853400e-01
-1.463914433206374710e-01
-1.504989311107631789e-01
-1.572229736457182447e-01
-1.373497818661026937e-01
-1.550069279037016301e-01
-1.657056699690597767e-01
-1.490508526322589233e-01
-1.423404690077330059e-01
-1.537035069900682949e-01
-1.597421037255064569e-01
-1.567041477846675690e-01
-1.440438450730150421e-01
-1.532840153228947067e-01
-1.551344128739624573e-01
-1.590785007467081513e-01
-1.522159531363018736e-01
-1.458018469866799727e-01
-1.505620289689910685e-01
-1.355347648903904023e-01
-1.540892355978709105e-01
-1.440940550715583690e-01
-1.588025833132249431e-01
-1.380485350486648777e-01
-1.406751734828306510e-01
-1.526519093531248927e-01
-1.601176273534381522e-01
-1.449505330655513902e-01
-1.425942177080781192e-01
-1.540041071779554294e-01
-1.538019608595631027e-01
-1.589684127782926559e-01
-1.568592863268327697e-01
-1.286053368057369362e-01
-1.519115538042172808e-01
-1.475662181105095172e-01
-1.540273925431314694e-01
-1.305895015404723303e-01
-1.487065546864290155e-01
-1.328377839107579561e-01
-1.647535801537651778e-01
-1.644082538830953233e-01
-1.608939308994097317e-01
-1.449193590434267875e-01
-1.481257374640425617e-01
-1.442421109588067907e-01
-1.513647446262744722e-01
-1.627778947327755965e-01
-1.427369918765206691e-01
-1.368063398417356247e-01
-1.452929840434986630e-01
-1.605887301792532362e-01
-1.526731020099418856e-01
-1.472142661288229348e-01
-1.500752222765155963e-01
-1.353425531754193223e-01
-1.415558679594157709e-01
-1.312917644915856386e-01
-1.314510194460503101e-01
-1.381940076472263357e-01
-1.227150867093160791e-01
-1.532081786111976207e-01
-1.048505139091053806e-01
-1.521797272900671238e-01
-1.458041321269947233e-01
-1.614840968764617024e-01
-1.343407444299531406e-01
-1.253149083761546656e-01
-1.526194109106646657e-01
-1.611498277734200180e-01
-1.497779188633279190e-01
-1.462559885499019607e-01
-1.462056177972015369e-01
-1.391787045393710898e-01
-1.297680469035964457e-01
-1.382404389296740810e-01
-1.293041019380822831e-01
-1.174697733386862453e-01
-1.365919371286343775e-01
-1.340748947595500340e-01
-1.430635456394560023e-01
-1.145161026164100981e-01
-1.180959072848857261e-01
-1.180756030081808738e-01
-1.158596437468404350e-01
-1.235019260123908502e-01
-1.264006212150285968e-01
-1.204562735009346852e-01
-1.166845370809923566e-01
-1.381267217273776104e-01
-1.210849081260643167e-01
-1.354180719755158080e-01
-9.757258452417305605e-02
-1.109784875518928793e-01
-1.146126423433888597e-01
-1.131625119053309980e-01
-1.129025582832090535e-01
-1.037070956851242620e-01
-1.012125670142864919e-01
-1.121057598959267487e-01
-8.810609308973393894e-02
-1.218539654977073283e-01
-1.127385587938709577e-01
-1.122622449992838334e-01
-1.037801663124384710e-01
-1.111964901341839784e-01
-1.245759150480281185e-01
-1.297626558861253443e-01
-1.056623622301837706e-01
-1.222750985875151741e-01
-1.037473822333851992e-01
-1.182637010587015425e-01
-1.217767844747084105e-01
-1.279172877158964994e-01
-1.161252444316653865e-01
-1.271674475451964881e-01
-1.211639975164837679e-01
-1.126607775385646271e-01
-1.105457480411975446e-01
-1.167886783195020151e-01
-1.078442814945468342e-01
-1.158494109017875751e-01
-1.201176094195179900e-01
-1.130525158538904229e-01
-1.167053025292825730e-01
-1.111518539470930378e-01
-1.178018442849491088e-01
-1.175043699372997352e-01
-1.159522563837329656e-01
-1.044538643721759641e-01
-1.164518315937708159e-01
-9.657408444846504736e-02
-1.129535985554275257e-01
-1.033418899778637545e-01
-1.082129038248154096e-01
-1.101450355485980026e-01
-1.055252424210291196e-01
-1.109459211868291106e-01
-1.012128516729466909e-01
-9.999788936733899902e-02
-9.027428698935668905e-02
-8.590639022778612244e-02
-1.065922486118369150e-01
-1.101730603041999323e-01
-9.828916914161789364e-02
-9.772329634253518194e-02
-1.098263041760518810e-01
-9.293337842134619109e-02
-1.033591724264506517e-01
-9.928815460042983432e-02
-9.669319434705414551e-02
-9.497439093391157883e-02
-9.413596883310670904e-02
-1.067565589921857239e-01
-9.041885733131671543e-02
-9.569713203091545495e-02
-9.417317743100328542e-02
-1.088360801268684064e-01
-9.399098787826654089e-02
-7.955459177830848105e-02
-9.017891193270344274e-02
-8.964703537032914227e-02
-8.636559550940647867e-02
-8.049807506925787948e-02
-9.262320906204379867e-02
-9.937209958808201904e-02
-1.067806695332262912e-01
-1.027967296192882074e-01
-9.137258886812338332e-02
-9.207371875682834883e-02
-8.466821612516817197e-02
-9.534606821301627733e-02
-9.149035371418756668e-02
-1.039125680261006046e-01
-7.085426182313492305e-02
-7.449398600373591250e-02
-8.424202575449557528e-02
-8.009719143586435663e-02
-8.226058241281908323e-02
-7.914582868632047408e-02
-8.198140985657520474e-02
-9.621467586097254276e-02
-9.874376627563941078e-02
-7.844216316900154418e-02
-6.644966500521243269e-02
-7.613121970375047454e-02
-5.679358281991886415e-02
-8.773849416064427587e-02
-8.810548713398214105e-02
-8.569575031416043487e-02
-7.894336250522293597e-02
-9.607975859695283560e-02
-6.569962975168852637e-02
-7.578118929857469155e-02
-1.013616737923253019e-01
-8.536299289968063420e-02
-8.354969449154747707e-02
-8.537206280777054346e-02
-8.064524056721689149e-02
-6.641456699683123688e-02
-8.434325574029655215e-02
-7.579000535983926312e-02
-6.760710068828990060e-02
-8.443880867634501186e-02
-7.967789270236647070e-02
-8.469252663536330772e-02
-7.726457850015755469e-02
-6.569883749575122778e-02
-6.817812251575494642e-02
-7.210149505582963414e-02
-8.985358455727965321e-02
-9.579446275992564708e-02
-6.895107113109766317e-02
-8.101378204996345644e-02
-8.938990541956570723e-02
-6.361240288526248676e-02
-8.058369717229796336e-02
-8.057665274999603611e-02
-8.086502356438529659e-02
-5.795531659411734537e-02
-7.243617247977374163e-02
-7.636759836833117987e-02
-4.996303411895652857e-02
-6.849496196196369624e-02
-7.523482347354937261e-02
-7.447337275887955244e-02
-7.193296560840778398e-02
-6.315197544363559956e-02
-7.004107824363492441e-02
-7.730220145811506072e-02
-7.141568419108423882e-02
-5.984132678598941268e-02
-7.483698362152679806e-02
-7.754109522418017875e-02
-6.979706863265899841e-02
-6.723880919728086880e-02
-6.636977949196243287e-02
-5.893004178678706850e-02
-6.110061755483320312e-02
-6.962504381615453042e-02
-7.808116193344938338e-02
-8.555583741676331400e-02
-6.126605570102983123e-02
-7.056640812805659024e-02
-4.618940285830275272e-02
-4.764975886548583617e-02
-4.873900776676531876e-02
-6.943588483475826578e-02
-5.778948978553977156e-02
-5.398597745808730863e-02
-5.504665489695126368e-02
-6.731411831942191171e-02
-6.706372401912519265e-02
-7.133810583217936596e-02
-6.009816840305060026e-02
-7.323722657909392808e-02
-7.070923014513486038e-02
-8.693917658642735802e-02
-6.763093765112815348e-02
-6.658460502093888067e-02
-7.354100349751480081e-02
-7.025196484336326819e-02
-8.162679660174232410e-02
-5.740823016092022613e-02
-7.137320570946315001e-02
-7.870923699111109784e-02
-8.521879321202652235e-02
-6.424290699516221892e-02
-8.200548780973626606e-02
-7.542030893609608100e-02
-7.779062859352192660e-02
-7.287226885988395964e-02
-6.006217987555384497e-02
-6.779114818720621827e-02
-6.908488210240104621e-02
-8.114925120442473272e-02
-8.535594754460396061e-02
-7.557783648452431891e-02
-7.791497585083462241e-02
-7.942023383629459587e-02
-8.471219987720690625e-02
-7.226003812790482428e-02
-7.574326848113743793e-02
-6.552831270933623387e-02
-8.896563345651031796e-02
-7.466570204350597706e-02
-7.260896655407167444e-02
-8.562964727941935195e-02
-6.165884442396851739e-02
-9.153103723828648342e-02
-8.598451085345049094e-02
-7.172702209893788705e-02
-6.548927766953660523e-02
-6.706015841821155732e-02
-6.285596906632173742e-02
-7.631790490260481619e-02
-7.570607333820955631e-02
-6.129420994221179697e-02
-7.053994139414321296e-02
-8.322588997824631463e-02
-9.855780340972675191e-02
-7.669924112346926393e-02
-7.765120727337926354e-02
-6.685633446311012307e-02
-7.769819862598437155e-02
-8.059955320292777614e-02
-8.339170312754307091e-02
-5.935813287955271633e-02
-6.549099317704731860e-02
-8.284608860698927657e-02
-8.793020061094125595e-02
-9.136503562960296421e-02
-9.968056493327859258e-02
-7.262043037572807336e-02
-7.659021099053364701e-02
-6.963837759301738650e-02
-7.811058610552290560e-02
-8.007825881693708681e-02
-7.327922997406211003e-02
-9.471817311563457409e-02
-7.593890567527239455e-02
-9.757738715325992018e-02
-8.689345214378008109e-02
-9.785326874400457342e-02
-8.994128274541535184e-02
-8.054318089527856550e-02
-7.733298679868183534e-02
-7.988885171490478498e-02
-9.271387975792477754e-02
-7.632898534176790761e-02
-8.993459165609318795e-02
-9.475843167838826631e-02
-8.753276084656413936e-02
-1.041575158727503503e-01
-9.016868442788594784e-02
-8.019650313879478354e-02
-8.775099531721108903e-02
-8.533167311125122723e-02
-7.500200300425907685e-02
-8.991334813939433346e-02
-9.734645398224861523e-02
-1.015206430539021820e-01
-9.985857926741292800e-02
-1.083786426300581418e-01
-8.437062812222961838e-02
-1.289584886953796250e-01
-1.045306999203901022e-01
-1.005587492421131657e-01
-7.726589628148294864e-02
-9.000437868306310207e-02
-1.130935213386634608e-01
-9.893044766962355574e-02
-1.076786831843876691e-01
-9.593074960114877925e-02
-7.953584832322024845e-02
-1.244082100333119278e-01
-9.858908843376457121e-02
-1.000381231601512599e-01
-1.027928138009763792e-01
-1.142297690028688528e-01
-1.097135925120147348e-01
-1.157945594121561061e-01
-1.108799426868052329e-01
-1.092780271101001510e-01
-1.207179798222526301e-01
-1.169815758329226796e-01
-1.118625026548789592e-01
-1.341821667018736619e-01
-1.113153905598691651e-01
-1.196172626024729624e-01
-1.078653993438096759e-01
-1.219283041599890094e-01
-1.173225805574238390e-01
-8.850373205268180499e-02
-8.587564237341394069e-02
-1.038859978931050421e-01
-1.192611238708085608e-01
-1.208896789598776778e-01
-1.102452765028116843e-01
-9.768047506325050477e-02
-1.228430574516439222e-01
-1.168239869191940450e-01
-1.216148925976487938e-01
-1.354611678991028967e-01
-1.269453128971131939e-01
-1.047196308812989862e-01
-1.134947815519664616e-01
-1.188499169039283210e-01
-1.193230530668145661e-01
-1.196409199667662904e-01
-1.083792615249183910e-01
-1.324533073830349572e-01
-9.612693267752625559e-02
-1.213790895758526389e-01
-1.115398809804806213e-01
-1.126480273092407280e-01
-1.143395200533756650e-01
-1.070580473475177818e-01
-1.259679313498272002e-01
-1.196266677543675883e-01
-9.826561747501205701e-02
-1.114802684534645927e-01
-1.178014493524994766e-01
-1.135472617879569324e-01
-1.252310555741955600e-01
-1.157278424281653617e-01
-1.181527088160201355e-01
-1.231333888802674803e-01
-1.286549836763464238e-01
-1.212774009104566897e-01
-1.228075022800576566e-01
-1.244551985184481069e-01
-1.115811054083502007e-01
-1.083603507118411358e-01
-1.160745748444977909e-01
-1.360209777049781188e-01
-8.339707896823322919e-02
-1.123557046840824025e-01
-1.014563209277457023e-01
-1.322971120073526130e-01
-1.115724085995033477e-01
-1.206850054468309175e-01
-1.335148435031630054e-01
-1.117871075393166436e-01
-9.817822761288108602e-02
-9.415395099908985266e-02
-1.338445185730969822e-01
-1.155034789103888127e-01
-1.557564040120869020e-01
-1.176098367013040935e-01
-1.290536263765620362e-01
-1.311251157565556102e-01
-1.331065657395971158e-01
-1.234878106436596568e-01
-1.352137428340893788e-01
-1.406364558017687560e-01
-1.383891314149889862e-01
-1.358769117161504614e-01
-1.379741732997283865e-01
-1.230212878851242309e-01
-1.257120309890120691e-01
-1.453115889775433711e-01
-1.275839462320940143e-01
-1.266560345868041892e-01
-1.083862111689199992e-01
-1.211055164305336884e-01
-1.215440824564930633e-01
-1.272950214098329536e-01
-1.346864479648277602e-01
-1.340128420384165686e-01
-1.367673299375240514e-01
-1.222466288626038455e-01
-1.148606020191118571e-01
-1.444871164223029414e-01
-1.209068543776916638e-01
-1.269123844634501008e-01
-1.349157450200064723e-01
-1.233898372426123213e-01
-1.274072111134547658e-01
-1.351977213416588608e-01
-1.207559736205945367e-01
-1.317425127065150470e-01
-1.370610206746565307e-01
-1.460227261419915212e-01
-1.160414926744997022e-01
-1.424122656679189802e-01
-1.403139957071009025e-01
-1.483268243656428176e-01
-1.238607666450648459e-01
-1.327816875428082799e-01
-1.440267539679727093e-01
-1.284970317875930856e-01
-1.471310028345149679e-01
-1.436776241415245181e-01
-1.320316120423048467e-01
-1.369906695796501150e-01
-1.192813395428287127e-01
-1.482699175446937634e-01
-1.257148594690953303e-01
-1.322725740246157855e-01
-1.265054281780075840e-01
-1.292077011635042183e-01
-1.396306590252471835e-01
-1.477818073407075605e-01
-1.220258547076806810e-01
-1.361557270793962715e-01
-1.444134458066890225e-01
-1.308684488350591035e-01
-1.103610992773185195e-01
-1.103583891929571514e-01
-1.375558890535422130e-01
-1.365911488289570652e-01
-1.294852143556652901e-01
-1.262254211599849185e-01
-1.374492196553802614e-01
-1.546319597476326635e-01
-1.484986925505202837e-01
-1.527071002544506673e-01
-1.348655298196186347e-01
-1.476481858845275497e-01
-1.406628779776266658e-01
-1.406247542665242101e-01
-1.379558721688576295e-01
-1.519460769544436207e-01
-1.463240899266717854e-01
-1.130037764821629764e-01
-1.422927976473422618e-01
-1.315602337779195885e-01
-1.516909778612407500e-01
-1.476635750749162312e-01
-1.212254403435915062e-01
-1.319584355097269679e-01
-1.576050313369015132e-01
-1.235408922915715024e-01
-1.299586604737323903e-01
-1.438305044011600753e-01
-1.242429072687449843e-01
-1.507272454036392428e-01
-1.489118184601909700e-01
-1.534153454400200012e-01
-1.545539828946189687e-01
-1.509251550244969931e-01
-1.622083839124752735e-01
-1.506144592586391440e-01
-1.477586364358680626e-01
-1.342297863989376783e-01
-9.187135018425740540e-02
-1.477989623590194590e-01
-1.300367987137680537e-01
-1.440691579756459006e-01
-1.603900313465560501e-01
-1.530745740783587827e-01
-1.496355470308499136e-01
-1.656166057144647930e-01
-1.629777881162439712e-01
-1.397541320736417347e-01
-1.472909269903306395e-01
-1.583175725506404952e-01
-1.620277534993959101e-01
-1.363823396971564073e-01
-1.263235129235926735e-01
-1.447917123828652564e-01
-1.662753200782565166e-01
-1.334997420393957412e-01
-1.395215007646126715e-01
-1.621634578818689221e-01
-1.403069341283744720e-01
-1.456640533790016789e-01
-1.471055287409179790e-01
-1.581937523669472156e-01
-1.346463362757259752e-01
-1.466828304194138788e-01
-1.547731432565546683e-01
-1.264471628786671964e-01
-1.374877551166169276e-01
-1.567127300968991221e-01
-1.298142581685448604e-01
-1.222627198955392736e-01
-1.364851168450620378e-01
-1.515638335216866750e-01
-1.550830771545648190e-01
-1.413494309830674034e-01
-1.685646652907113463e-01
-1.549059779027266437e-01
-1.542432263645867607e-01
-1.590541804325793507e-01
-1.533624233055967956e-01
-1.690353348992825744e-01
-1.409626186280648064e-01
-1.614065392934618259e-01
-1.453427395715203296e-01
-1.629191752886782751e-01
-1.581882080672651902e-01
-1.644887352881077014e-01
-1.667129013790815684e-01
-1.815683417990960891e-01
-1.604450709471052505e-01
-1.491127240219065619e-01
-1.692121554309826692e-01
-1.594533053569744396e-01
-1.782519385731142769e-01
-1.570138574049098068e-01
-1.675258945886897166e-01
-1.408694238889083294e-01
-1.557024256302175225e-01
-1.520546919813900999e-01
-1.761860968835602392e-01
-1.612292994627333442e-01
-1.549274494669492519e-01
-1.635213537537913986e-01
-1.527796395177438704e-01
-1.744815565389274958e-01
-1.833453933744193520e-01
-1.418273745489511128e-01
-1.664300566127465686e-01
-1.583596202340609160e-01
-1.585351707994511194e-01
-1.687520133831803548e-01
-1.773350008945957512e-01
-1.628622183573660287e-01
-1.571040459802119926e-01
-1.684034260755837842e-01
-1.500549394495234168e-01
-1.415974651583939981e-01
-1.584604931271340611e-01
-1.693779134413730958e-01
-1.596330730957329358e-01
-1.550620851784660914e-01
-1.668176880930150041e-01
-1.641328976668643413e-01
-1.609458379845301046e-01
-1.614073677652108074e-01
-1.497080890933362163e-01
-1.732613973207999258e-01
-1.666425387382646228e-01
-1.627324593735952618e-01
-1.463838537447972321e-01
-1.700684852356162402e-01
-1.583697133870485274e-01
-1.672243156444377377e-01
-1.636829289626375861e-01
-1.827754257745337618e-01
-1.794093283484450296e-01
-1.740175113530857409e-01
-1.768595374217838412e-01
-1.537096063025429338e-01
-1.628638199296750244e-01
-1.772681792216510566e-01
-1.634937174386776881e-01
-1.654918114740544510e-01
-1.452253545620085795e-01
-1.589181480185515305e-01
-1.491335869103806999e-01
-1.708624385042387672e-01
-1.721634082972900437e-01
-1.738469541937663898e-01
-1.598065014757468205e-01
-1.567842014505593795e-01
-1.620443676834253388e-01
-1.668039137715644493e-01
-1.776218684988966068e-01
-1.575391437661641802e-01
-1.724308329030463938e-01
-1.807067620658893148e-01
-1.631834069308673030e-01
-1.696891639573427923e-01
-1.720530224674559072e-01
-1.657719497000909037e-01
-1.486697907149516773e-01
-1.690435982746349985e-01
-1.748296056789557795e-01
-1.578233113913189989e-01
-1.762377426396128932e-01
-1.842122625713256134e-01
-1.703996617549390358e-01
-1.702380090972446247e-01
-1.558962302122046673e-01
-1.460772210195653287e-01
-1.663013860182660508e-01
-1.764519658098153698e-01
-1.757099630209100205e-01
-1.918354041347796191e-01
-1.827376340718926961e-01
-1.866057571741324139e-01
-1.852018498712650896e-01
-1.742423069255782941e-01
-1.706663309587233002e-01
-1.776024638510986797e-01
-1.780243622317763119e-01
-1.754772061124620919e-01
-1.837028564869189751e-01
-1.814618865365438261e-01
-1.781392510718706745e-01
-1.663803556024778807e-01
-1.917014001275436641e-01
-2.074488319091085664e-01
-1.898967702360709886e-01
-1.580324081955670756e-01
-1.717154531537028461e-01
-2.057555490905995654e-01
-1.740144359313582356e-01
-2.011421554787564681e-01
-1.979161715130821619e-01
-1.868805827440684908e-01
-1.765197820132029527e-01
-1.862995935701445838e-01
-1.617347640528259411e-01
-2.189464500884854559e-01
-1.949804018358221036e-01
-2.086404459417896540e-01
-1.710339133874612116e-01
-1.546131610049781280e-01
-1.711039253506929647e-01
-1.773158857047039128e-01
-1.860377551712946165e-01
-1.785527317014845572e-01
-1.840178816976107967e-01
-1.880770110697289610e-01
-1.835091622666307209e-01
-1.771448659957184368e-01
-1.826914101961736314e-01
-1.651523416696596414e-01
-1.856489607117062235e-01
-1.823246581678978906e-01
-2.002781881908242134e-01
-1.834492642115859162e-01
-1.924646355367953809e-01
-1.874300781047946174e-01
-1.844454516556144341e-01
-1.709716649706152225e-01
-1.785193341621584828e-01
-1.715546659544981978e-01
-1.837368646283930040e-01
-1.958357328505053729e-01
-1.965369638028482413e-01
-2.045229122460949789e-01
-2.125661653883859081e-01
-1.894202135832530054e-01
-1.928189158288904359e-01
-1.972689273810965815e-01
-1.861188320523661233e-01
-1.911966476008890581e-01
-1.667182231579160678e-01
-1.884531217801694858e-01
-2.091580654522000593e-01
-1.916173096706703660e-01
-1.873122624432710381e-01
-2.039478535730645525e-01
-1.811832768771082236e-01
-1.681540501971547918e-01
-1.807298611114891429e-01
-1.882963715579757391e-01
-1.868055624232640710e-01
-1.942930933093554025e-01
-1.896550223151112213e-01
-1.894272521302182710e-01
-1.962355168517677662e-01
-2.003269148395969701e-01
-1.997381018667652164e-01
-1.918326338119213936e-01
-1.842838925060128474e-01
-1.983494937617931164e-01
-1.998811812630250095e-01
-1.971793844531051221e-01
-1.841219258269948256e-01
-1.632980406461981282e-01
-1.866949864520917046e-01
-1.912285412470606794e-01
-1.839461996250455478e-01
-2.095052870614879659e-01
-1.941593938356627191e-01
-1.914607875915681490e-01
-1.869606770485092717e-01
-1.864570237761182803e-01
-1.890065435502510383e-01
-1.790639274226308864e-01
-1.746985519835955181e-01
-1.908534316945336151e-01
-1.863604890730656827e-01
-1.943866889834042766e-01
-1.931706968243558364e-01
-1.891008587741573876e-01
-2.112211400955175122e-01
-2.036612715699246401e-01
-1.979827382223362520e-01
-1.882558945316641363e-01
-1.854766334077302403e-01
-1.789731610985705323e-01
-1.987897804692768666e-01
-1.697408273591194394e-01
-1.804515197121085990e-01
-1.985751847961898520e-01
-1.701549612083366192e-01
-1.996796304545012113e-01
-1.959422926868548132e-01
-1.897355128050750572e-01
-2.035921482338989286e-01
-1.851807513015937268e-01
-1.900921256997185615e-01
-2.029183888502403832e-01
-2.109756235985424944e-01
-1.851827570859314598e-01
-1.914341116043543067e-01
-1.860774288426090273e-01
-1.840579175460801409e-01
-2.131247906150175453e-01
-1.834289968930189474e-01
-1.774998458969960780e-01
-1.777844142482507550e-01
-1.953360683622933358e-01
-1.889995303567251206e-01
-1.833235464056008901e-01
-1.910657895038685439e-01
-2.004810380057633346e-01
-1.866076582249869276e-01
-1.763231378618281830e-01
-1.807036072903192014e-01
-1.826566247450145397e-01
-1.943092563110901949e-01
-1.861053022463110551e-01
-1.879801665304561276e-01
-1.895232003663078757e-01
-1.754854088115709310e-01
-1.810740504506296311e-01
-1.988679385297111857e-01
-1.807975594832149646e-01
-1.841551857883243493e-01
-1.960132688853457594e-01
-1.818530050982034574e-01
-1.987746185493395323e-01
-1.733378621645411677e-01
-1.828666877484130815e-01
-1.820208111360201997e-01
-1.792417187474253382e-01
-1.984656503140169725e-01
-1.829046433030625529e-01
-1.674464671184132669e-01
-1.808738106228453546e-01
-2.002564409397669110e-01
-1.689891713141586926e-01
-1.814587730188774728e-01
-1.822514051730905749e-01
-1.676589655429832071e-01
-1.803497390073465212e-01
-1.660651104622949958e-01
-1.793214794377862020e-01
-1.849009756108745961e-01
-1.662938448795499013e-01
-1.548998882873711125e-01
-1.762025388913768253e-01
-1.803267639902896846e-01
-1.802527200686387943e-01
-1.670125839269180901e-01
-1.739343015665451020e-01
-1.786809386343684025e-01
-1.752470053983081755e-01
-1.713941755546573020e-01
-1.832878697133208945e-01
-1.835683425746292841e-01
-1.821011013267650469e-01
-1.997497435369837149e-01
-1.883238829655553559e-01
-1.872930558389418465e-01
-1.817196381231740432e-01
-1.776202850977339764e-01
-1.631480536237965850e-01
-1.798328515133187366e-01
-1.768509439811660755e-01
-1.803370699373587627e-01
-1.801597803761900707e-01
-1.786947420700579769e-01
-1.913409126823415463e-01
-1.926664038031384862e-01
-1.878475218480764042e-01
-1.833657152804875068e-01
-1.933662457532010492e-01
-1.765040606688721425e-01
-1.927011423513915744e-01
-2.035978478601281338e-01
-1.964574503521312465e-01
-1.705825335443229562e-01
-1.940345031221406558e-01
-1.918351108456590737e-01
-2.024761679185553831e-01
-1.902746974801354796e-01
-1.869932494981600968e-01
-1.861107764014420241e-01
-1.922166320905924763e-01
-1.839149382153202339e-01
-1.772988459856552623e-01
-1.938941736990749121e-01
-1.857714366249512139e-01
-1.856982588495581510e-01
-1.787921108362926503e-01
-1.898740996370458234e-01
-1.791656515983879316e-01
-1.826363250597395904e-01
-1.943371832030411639e-01
-1.722251704823776208e-01
-1.655610783780536721e-01
-1.881552035461426797e-01
-1.840442518483076384e-01
-1.763722200142110452e-01
-1.623843108553701953e-01
-1.833777373717442316e-01
-1.579076531643419656e-01
-1.791754883347334015e-01
-1.944744278909613655e-01
-1.817097763470227889e-01
-1.785441952503745711e-01
-1.918585759765605303e-01
-1.801421248396728458e-01
-1.947730092538328961e-01
-1.814467781313560124e-01
-1.838316175656649065e-01
-1.733504690062837028e-01
-1.928068603095045574e-01
-1.904642242451508594e-01
-1.905887169484117294e-01
-1.754281119925638066e-01
-1.495658172483844695e-01
-1.704117074646829266e-01
-1.866441260325526486e-01
-1.965673667272076486e-01
-1.887261576754353243e-01
-1.836942250197006743e-01
-1.804742467747297852e-01
-1.937509747835450824e-01
-1.652843534405326054e-01
-1.709018963453958762e-01
-1.721994912933970667e-01
-1.681278311204108533e-01
-1.759533344597530302e-01
-1.850846045028422537e-01
-1.899883994426527778e-01
-1.869477706096249747e-01
-1.716616595248714461e-01
-1.845334784708718701e-01
-1.732153203096054028e-01
-1.719436155839551006e-01
-1.905109304120893299e-01
-1.818235258096425611e-01
-1.834239768367060819e-01
-1.734131161287697509e-01
-1.772322086409063857e-01
-1.855942285079175136e-01
-1.974981123427124174e-01
-1.877691939995482784e-01
-1.783429386853647713e-01
-1.679706496879767030e-01
-1.873012496264099269e-01
-1.783295970474547687e-01
-1.588628257291446744e-01
-1.596250553968303620e-01
-1.788816157868131640e-01
-1.855573330671118626e-01
-1.799927175582318739e-01
-1.721019773041092549e-01
-1.707990078625458708e-01
-1.777177386794619451e-01
-1.701654461421115982e-01
-1.725768534293736778e-01
-1.766793687697951754e-01
-1.675647729715175061e-01
-1.558616918220536718e-01
-1.805947818883799627e-01
-1.845638086768452979e-01
-1.878847577210018827e-01
-1.718737383682427122e-01
-1.739305966877138232e-01
-1.809692869664685233e-01
-1.598083679218165187e-01
-1.696220791352196500e-01
-1.724574379713601502e-01
-1.781861601649401550e-01
-1.547580975589086805e-01
-1.640863077406580217e-01
-1.751558086761857425e-01
-1.679547043786673299e-01
-1.710820197607221260e-01
-1.581014600839862894e-01
-1.703630140066705323e-01
-1.730107544226155980e-01
-1.528478223890736842e-01
-1.795545663579911633e-01
-1.548461407485568486e-01
-1.827831513560642662e-01
-1.734414597818112469e-01
-1.669269868975558069e-01
-1.644285619055896319e-01
-1.715243871855767210e-01
-1.961307361249469139e-01
-1.699287827513158433e-01
-1.616402825180980329e-01
-1.742836924131401233e-01
-1.644805918409115719e-01
-1.790332347633851739e-01
-1.715557188830469926e-01
-1.594407228443062152e-01
-1.478257921801580110e-01
-1.510637910740291190e-01
-1.589762778497068041e-01
-1.753795721122513029e-01
-1.657989970761111209e-01
-1.698219127455509181e-01
-1.718218223357528274e-01
-1.725873458826168161e-01
-1.710020692964357991e-01
-1.536989254676575101e-01
-1.674748387017750417e-01
-1.771991625700737316e-01
-1.548577843190077630e-01
-1.661709961282680226e-01
-1.573824397182006507e-01
-1.582652608431089902e-01
-1.721719947644908544e-01
-1.644814563100416294e-01
-1.697724032216942902e-01
-1.752778537660564240e-01
-1.593010593717343326e-01
-1.708171393115804904e-01
-1.491559266635116288e-01
-1.661219502052864172e-01
-1.691482991505095512e-01
-1.629928708714691865e-01
-1.496404771385142496e-01
-1.873976221439148659e-01
-1.774284995349946215e-01
-1.838879955861267845e-01
-1.596221097076861994e-01
-1.820195539920961281e-01
-1.574752437520805515e-01
-1.643219444762138437e-01
-1.654012756642400106e-01
-1.898084023710131518e-01
-1.883462564879909706e-01
-1.647050520524455663e-01
-1.631805384000744041e-01
-1.668276736528033766e-01
-1.447196538795996190e-01
-1.582741654374109075e-01
-1.662954736931974153e-01
-1.791887523263859805e-01
-1.552390795430023118e-01
-1.512877618020782577e-01
-1.556091797077376881e-01
-1.642627182513223261e-01
-1.506074683391736002e-01
-1.642680075720637234e-01
-1.676097639828508790e-01
-1.516781230182893125e-01
-1.642965202766095700e-01
-1.519575315828936013e-01
-1.629067620459716537e-01
-1.640785353811553549e-01
-1.604909381479080466e-01
-1.472482655428350995e-01
-1.689980330906859507e-01
-1.742434082631989511e-01
-1.708254598567169324e-01
-1.778915909757046165e-01
-1.612204862483421763e-01
-1.403327471066813104e-01
-1.806158620193718534e-01
-1.570100583994360477e-01
-1.651363977274264982e-01
-1.595522226416186129e-01
-1.745756479949234219e-01
-1.778174857950869381e-01
-1.651259231143207273e-01
-1.621448555150415416e-01
-1.622683496365722178e-01
-1.590946935725803257e-01
-1.714882644130009126e-01
-1.653908166760666987e-01
-1.747312360199133607e-01
-1.644221736639615017e-01
-1.712571100396962365e-01
-1.650352339618397224e-01
-1.707799904716109651e-01
-1.571407901844983357e-01
-1.546555750207696533e-01
-1.511413175010787313e-01
-1.675870207887442120e-01
-1.607240255769815107e-01
-1.551581020323347104e-01
-1.743604986394293732e-01
-1.601807278211486718e-01
-1.737669927819185389e-01
-1.558231716228970498e-01
-1.331474244387411687e-01
-1.504366798865826027e-01
-1.630078193242496809e-01
-1.263135322048158926e-01
-1.458436171146679783e-01
-1.549090033958755441e-01
-1.644563661219526907e-01
-1.601372591053369376e-01
-1.374379514614183506e-01
-1.597890422547614264e-01
-1.332391339896297211e-01
-1.563287974710627637e-01
-1.486141127638465065e-01
-1.516432974671708678e-01
-1.503629887378910013e-01
-1.447925486332000133e-01
-1.612380855722674866e-01
-1.576878537835018079e-01
-1.682565994873312931e-01
-1.457391571612598469e-01
-1.625704440699928810e-01
-1.551833321748867789e-01
-1.586864342433287334e-01
-1.337569519353536407e-01
-1.423692561361038500e-01
-1.521143358032270854e-01
-1.618292255513775757e-01
-1.539896087964791604e-01
-1.458095060914104124e-01
-1.362857017713476893e-01
-1.516030274939996758e-01
-1.548652844524216476e-01
-1.517154343427691288e-01
-1.488957067810749990e-01
-1.566891419568241517e-01
-1.581064827746443413e-01
-1.622325867635936447e-01
-1.576532612428458435e-01
-1.439205376114420787e-01
-1.425167637797404296e-01
-1.400561043256427496e-01
-1.552622869820794449e-01
-1.597119749786219955e-01
-1.738068671461538983e-01
-1.667807369332949818e-01
-1.624638618534381962e-01
-1.596166715248861223e-01
-1.721414977135848901e-01
-1.627725242942155148e-01
-1.435475073617471509e-01
-1.580396725925758972e-01
-1.558923623914951762e-01
-1.443663495503750838e-01
-1.673939853170596237e-01
-1.642348076798532119e-01
-1.615469967864298084e-01
-1.460119665795875932e-01
-1.582677848720477343e-01
-1.517468256004290694e-01
-1.576803465318290520e-01
-1.487675356247102343e-01
-1.464925268893777499e-01
-1.425912925576415802e-01
-1.444167125018331888e-01
-1.607930423159515954e-01
-1.539583745361179368e-01
-1.422333302827105683e-01
-1.472686997799286246e-01
-1.533280559932643783e-01
-1.553299838657578036e-01
-1.698118485498492092e-01
-1.544696937472993525e-01
-1.457954702623958099e-01
-1.556381626603053903e-01
-1.683821781152294861e-01
-1.530212668113994923e-01
-1.708328195251977988e-01
-1.425787255418766719e-01
-1.602569705726439864e-01
-1.618403251503659490e-01
-1.540861500609933543e-01
-1.552731310092472228e-01
-1.452293461857863122e-01
-1.545706565958209211e-01
-1.632560576678843134e-01
-1.523958022276907798e-01
-1.608647107669600729e-01
-1.488523319083077112e-01
-1.567454235441303467e-01
-1.527314508807604554e-01
-1.703607088042833340e-01
-1.390843918474899965e-01
-1.461067268856686141e-01
-1.653087262504735477e-01
-1.585618297124975484e-01
-1.534430854721735571e-01
-1.459863855201160021e-01
-1.548775109098539104e-01
-1.437455725716896282e-01
-1.425220130028961307e-01
-1.376674153890684593e-01
-1.484248348678072205e-01
-1.718195467720322611e-01
-1.509224171442067330e-01
-1.378767771615754256e-01
-1.412077548490699996e-01
-1.498885603832240676e-01
-1.581539979367239113e-01
-1.289053356915408344e-01
-1.569504350721304675e-01
-1.575881167077710643e-01
-1.346243532066164761e-01
-1.400888465094878299e-01
-1.533850153318576659e-01
-1.463891189960140338e-01
-1.593363437011179329e-01
-1.530911767920226652e-01
-1.444956080306045720e-01
-1.461963418974665530e-01
-1.211548627271614720e-01
-1.561632039079547951e-01
-1.319988413879871203e-01
-1.448678984893811972e-01
-1.484652771415202466e-01
-1.498819974815450706e-01
-1.285031177630786559e-01
-1.413519527837605594e-01
-1.425276379347089062e-01
-1.560306990593574028e-01
-1.591823951882389565e-01
-1.479038005573132253e-01
-1.606589312501238709e-01
-1.649319895007188563e-01
-1.502541880814387554e-01
-1.466891180361589164e-01
-1.683045002636678333e-01
-1.504144266884379633e-01
-1.549000388903527536e-01
-1.519197737772568502e-01
-1.539795099763727748e-01
-1.503370836498039154e-01
-1.466949504227841317e-01
-1.568809599823719481e-01
-1.850794739381251830e-01
-1.601985255381430662e-01
-1.530701151139153282e-01
-1.588529170397716683e-01
-1.498636581319159333e-01
-1.576945837296737096e-01
-1.383683737437868544e-01
-1.419187625425806232e-01
-1.420033789667494162e-01
-1.325670470108732957e-01
-1.587261907792214544e-01
-1.412990999560959082e-01
-1.592619071135699116e-01
-1.500896229809551841e-01
-1.587405905665537631e-01
-1.650973315857111601e-01
-1.564092569834638624e-01
-1.478207705979421860e-01
-1.439041773008691294e-01
-1.545194234080096152e-01
-1.500898193006872106e-01
-1.419203703270595085e-01
-1.747459214623789947e-01
-1.556125744406990918e-01
-1.792579205121009878e-01
-1.393220599377347213e-01
-1.227388190308431604e-01
-1.495701350868170465e-01
-1.388158513349919687e-01
-1.677443565949259252e-01
-1.529016422800584252e-01
-1.480929070602208242e-01
-1.512940742003401340e-01
-1.404888953077394476e-01
-1.532411019477377678e-01
-1.612426472941592692e-01
-1.435742088419846851e-01
-1.534935633232876739e-01
-1.510062625940760128e-01
-1.787980444170944594e-01
-1.585375489425446816e-01
-1.645528388884844873e-01
-1.544044149866907745e-01
-1.500390573729077914e-01
-1.502410550309427606e-01
-1.416368111464967328e-01
-1.579426261242344864e-01
-1.491719145505063793e-01
-1.440636821973422244e-01
-1.667817799182920169e-01
-1.645899905233036975e-01
-1.704347848164218249e-01
-1.450038376199973555e-01
-1.749516251769209774e-01
-1.583519781483317956e-01
-1.391736484612415836e-01
-1.525396815267683337e-01
-1.690828639775006081e-01
-1.409355045828561970e-01
-1.247447698137964522e-01
-1.640288031764018939e-01
-1.539045700615222501e-01
-1.333083592934558581e-01
-1.445380763046726358e-01
-1.594870014718097195e-01
-1.560307528461581938e-01
-1.615859498950555917e-01
-1.711133051498121560e-01
-1.566217981784285840e-01
-1.608462177999694376e-01
-1.555778852238924870e-01
-1.507287555082221786e-01
-1.199915519230145833e-01
-1.455159330315503041e-01
-1.528916737876713228e-01
-1.484456805209024566e-01
-1.550343447923134832e-01
-1.492698927658491215e-01
-1.376666868060354432e-01
-1.390817489412468078e-01
-1.619247852508758356e-01
-1.488296097741397261e-01
-1.463928732646326836e-01
-1.491394933736733819e-01
-1.512634922881082034e-01
-1.317560226415732672e-01
-1.489074775771443981e-01
-1.476456006942878929e-01
-1.462485379282121301e-01
-1.483804787829967609e-01
-1.542020471715463970e-01
-1.338532218592423106e-01
-1.472973299375208711e-01
-1.396282799369696903e-01
-1.598036100831254913e-01
-1.249670674216361022e-01
-1.511104787885244605e-01
-1.340630407413980762e-01
-1.247890876489510248e-01
-1.505691983306727266e-01
-1.529045699569895334e-01
-1.651297106488289756e-01
-1.494367904428637317e-01
-1.497541037072220860e-01
-1.341142213138031281e-01
-1.434720613200672901e-01
-1.392903216616847573e-01
-1.529861270643309012e-01
-1.439548874481983987e-01
-1.617737792493816329e-01
-1.424875508886547237e-01
-1.313432926215174490e-01
-1.506409255154164128e-01
-1.499769758454529978e-01
-1.501988128321052329e-01
-1.689264416499858257e-01
-1.355532800226768586e-01
-1.389119046118105771e-01
-1.439704927292861925e-01
-1.509245953336586510e-01
-1.444509371562014977e-01
-1.499216159300882367e-01
-1.412389138399277044e-01
-1.417649973674661723e-01
-1.554040186797127632e-01
-1.522203762596667787e-01
-1.502738421841289806e-01
-1.478276789154451265e-01
-1.444905234822186912e-01
-1.664899443537359858e-01
-1.439156782079313857e-01
-1.421434771484122450e-01
-1.540723721799039936e-01
-1.562007902403976800e-01
-1.362886662605689025e-01
-1.624512124993486850e-01
-1.416910897161844929e-01
-1.580524740381168414e-01
-1.356132520221180471e-01
-1.533724385180068595e-01
-1.540760896873614172e-01
-1.527273323737672328e-01
-1.427965448632528833e-01
-1.399574464233577231e-01
-1.647695412954766070e-01
-1.434590671057405231e-01
-1.237644930358143824e-01
-1.316858264168159209e-01
-1.417954013073421393e-01
-1.434270475843151260e-01
-1.493590263081001623e-01
-1.491256251772252739e-01
-1.366432608007350780e-01
-1.455409320426204189e-01
-1.463532665418814105e-01
-1.407763751799491203e-01
-1.579864952659990607e-01
-1.573431716746478415e-01
-1.426529770936202368e-01
-1.509140859107693800e-01
-1.338636652522309234e-01
-1.482446482620458639e-01
-1.432359251674437672e-01
-1.342853050605672394e-01
-1.308949269385077940e-01
-1.573155499339566887e-01
-1.535201429188628452e-01
-1.442606518142088845e-01
-1.338668884817995064e-01
-1.427148097040271679e-01
-1.678346308972038514e-01
-1.389479534827877671e-01
-1.317153089475917582e-01
-1.478533472792973313e-01
-1.442234665887820455e-01
-1.391533851793029797e-01
-1.589507283938607074e-01
-1.341602332988154345e-01
-1.373794925711058212e-01
-1.370350448407027244e-01
-1.596425673378396581e-01
-1.626515706000102313e-01
-1.501548791206186451e-01
-1.548643688857351819e-01
-1.417875862113007202e-01
-1.335727533763906294e-01
-1.582096184887431534e-01
-1.619097085522600565e-01
-1.605045079432301236e-01
-1.598520432133803126e-01
-1.529970489811294243e-01
-1.671237420111815197e-01
-1.400049059562764597e-01
-1.589259399559006525e-01
-1.536217776557045056e-01
-1.418546436208458772e-01
-1.332137908168542495e-01
-1.524365640130831423e-01
-1.625779196841765639e-01
-1.587523803602337580e-01
-1.413151187518977281e-01
-1.500968022412871861e-01
-1.509861633443136952e-01
-1.491966237855884003e-01
-1.520904998103205230e-01
-1.386708525081647991e-01
-1.630683252648417181e-01
-1.401280732748917401e-01
-1.451624527423325262e-01
-1.538041985717111260e-01
-1.554741687827743135e-01
-1.692295422902452273e-01
-1.628294966565944080e-01
-1.536530921551122475e-01
-1.551909081523721312e-01
-1.692920606702754682e-01
-1.505650331959760280e-01
-1.491785811731602962e-01
-1.577209410916493582e-01
-1.554528312299163773e-01
-1.856944920877037219e-01
-1.636911883957594682e-01
-1.586224840497481026e-01
-1.472324903395412221e-01
-1.592006119815110310e-01
-1.327905067090675573e-01
-1.419526075514374597e-01
-1.705475082600997894e-01
-1.658041212038421364e-01
-1.613531428228673903e-01
-1.629312900056207880e-01
-1.669775705092044760e-01
-1.633833225891869745e-01
-1.617202488710463015e-01
-1.618688679060031888e-01
-1.450787612237771640e-01
-1.520036123269372652e-01
-1.661564839553504314e-01
-1.588147129083221643e-01
-1.608248677940071758e-01
-1.660803318063042155e-01
-1.567163111868863368e-01
-1.566795145034189929e-01
-1.811193618457922483e-01
-1.756737870688800385e-01
-1.796956739985873241e-01
-1.538280331721360028e-01
-1.684671316410844000e-01
-1.577050496191256812e-01
-1.745452009701802254e-01
-1.579889887466601195e-01
-1.682720501173831096e-01
-1.532810362542358362e-01
-1.728903401447956512e-01
-1.784343859427917067e-01
-1.696133812072702085e-01
-1.785242356884424453e-01
-1.754726853594519298e-01
-1.724257934912643009e-01
-1.617226073158501976e-01
-1.604297816024775614e-01
-1.514453460461764323e-01
-1.580078297786080554e-01
-1.556604330167514760e-01
-1.659926305282946046e-01
-1.650800967285288579e-01
-1.799073803245985204e-01
-1.763063208615012201e-01
-1.564811565538848370e-01
-1.723400206580771865e-01
-1.570584443686460219e-01
-1.596560347720226147e-01
-1.631600261445633748e-01
-1.583476309185716246e-01
-1.726442605075773074e-01
-1.586163214245752684e-01
-1.387508158821146864e-01
-1.510160730142624530e-01
-1.694159128416030669e-01
-1.643390767214070181e-01
-1.594377803771056534e-01
-1.510027750937323887e-01
-1.612878548172957949e-01
-1.708348148855076687e-01
-1.543664502798103300e-01
-1.413620153334242957e-01
-1.575649225434956335e-01
-1.593765834048905816e-01
-1.686896966628115280e-01
-1.586520700588369692e-01
-1.669791394799648998e-01
-1.571349089803613097e-01
-1.486881405211581963e-01
-1.646659228345264125e-01
-1.672246115832178859e-01
-1.607733342500994311e-01
-1.553638453076855441e-01
-1.618564316519197632e-01
-1.595925030549167900e-01
-1.589858108155279837e-01
-1.711103912469855715e-01
-1.591804075541372043e-01
-1.646180773533876263e-01
-1.781322043434263591e-01
-1.801688616416399213e-01
-1.694788091603403046e-01
-1.663433115372354720e-01
-1.647228499612278796e-01
-1.565573721920729966e-01
-1.615782642929959323e-01
-1.573628908517230585e-01
-1.701736329058558539e-01
-1.475596683121001007e-01
-1.570234754126822452e-01
-1.730879814434445052e-01
-1.682326479893614390e-01
-1.655992283977836266e-01
-1.646167476145912190e-01
-1.636880889714822374e-01
-1.780016580070515886e-01
-1.602406544003569522e-01
-1.663149517072666228e-01
-1.471033987478760352e-01
-1.569983896497975095e-01
-1.641174501345954440e-01
-1.698440870690705040e-01
-1.582001394160252872e-01
-1.550639513611384857e-01
-1.749955775081080134e-01
-1.556489439028680977e-01
-1.501543439711650052e-01
-1.757455408067620795e-01
-1.560301697439951951e-01
-1.611413229501668098e-01
-1.573937378424288269e-01
-1.551295828471284111e-01
-1.559040524033417086e-01
-1.481793023353459304e-01
-1.292606062333190309e-01
-1.604963330622277695e-01
-1.596521654438536331e-01
-1.665450145954627814e-01
-1.704165734659301989e-01
-1.660471323240040320e-01
-1.666147202650840597e-01
-1.473369807485038763e-01
-1.551484915350469507e-01
-1.477109936077640739e-01
-1.563125538146161730e-01
-1.585506386936872403e-01
-1.465917635391953411e-01
-1.539266617448964425e-01
-1.598483443941205451e-01
-1.569463311044598797e-01
-1.622077556630925343e-01
-1.558096580866106251e-01
-1.663578414166080321e-01
-1.503331553842368606e-01
-1.564268401269561792e-01
-1.617938176455853139e-01
-1.550060858837412070e-01
-1.627634217353763901e-01
-1.482521791168416314e-01
-1.576674011680756493e-01
-1.566886574442838409e-01
-1.580274952956957080e-01
-1.584323004706638116e-01
-1.544078411823548436e-01
-1.553910700209879536e-01
-1.358226452204940315e-01
-1.632170917232320662e-01
-1.600404474319718773e-01
-1.737527711999753421e-01
-1.497929166097513587e-01
-1.563512059513749719e-01
-1.615020318124713583e-01
-1.806966075126466009e-01
-1.562163430075811377e-01
-1.637566986919436474e-01
-1.696199387436676531e-01
-1.618460059259323458e-01
-1.391093919837818049e-01
-1.509822016953954460e-01
-1.623375037013534694e-01
-1.431482559802157439e-01
-1.304443811661260000e-01
-1.577801529234514888e-01
-1.475569913457084326e-01
-1.376108307593728597e-01
-1.270196116805752951e-01
-1.422370639738685938e-01
-1.085544437193908252e-01
-1.187565346864474236e-01
-1.118553467989027439e-01
-1.189798707998690475e-01
-1.154925778879638543e-01
-8.183626840798474689e-02
-1.015255965517809500e-01
-1.053278587706873992e-01
-8.344162454578984978e-02
-7.628055852238890822e-02
3.140569034958939909e-02
2.907738142188254216e-02
6.123503356549786503e-02
1.127406910811652452e-01
1.048462665595870646e-01
6.097931518278709717e-02
3.474041064321120587e-02
2.667948197235592289e-02
2.655568323520984819e-02
2.897710815459220157e-02
2.861380024732973482e-02
3.094782843802157402e-02
3.615013146047907355e-02
4.756920518688545485e-02
6.559791883541699065e-02
4.195417712022120327e-02
4.348987669639647891e-02
2.845074807420111540e-02
2.879701963952818744e-02
3.641065643487273462e-02
4.677314155518352834e-02
3.111197757830197475e-02
2.847635923803082392e-02
3.312408010470413444e-02
2.586521328966817634e-02
2.353486959603046103e-02
2.062611707533434924e-02
2.068386497677821012e-02
1.817744597260606554e-02
1.875729189282360210e-02
1.746514570662860422e-02
1.754268821946425305e-02
1.696688346751606957e-02
1.704383759094341144e-02
1.648618669781143353e-02
1.672934397575431831e-02
1.641605716326921538e-02
1.645455290802111392e-02
1.601936616487797949e-02
1.639375524468711376e-02
1.587217022721532089e-02
1.579614836513698606e-02
1.584522007287425538e-02
1.596696925898832831e-02
1.522857272155064834e-02
1.555388676108648838e-02
1.537940713624053046e-02
1.584495770864435826e-02
1.561511660373327004e-02
1.533497662333083156e-02
1.529691394235044299e-02
1.545143836935736203e-02
1.606451295636901477e-02
1.564516186302000733e-02
1.585979751392585513e-02
1.542805695209281680e-02
1.563052420040911272e-02
1.554197602243867493e-02
1.527675898051050751e-02
1.521915251587380169e-02
1.529315367295147610e-02
1.505055267528376817e-02
1.525363127588796885e-02
1.483933105226142857e-02
1.538673247567956537e-02
1.513898557016801760e-02
1.534445458650246508e-02
1.479093834838174359e-02
1.491966803838451483e-02
1.476857083421734274e-02
1.476568940951672460e-02
1.482529380473351921e-02
1.517649156897959983e-02
1.495977467146225592e-02
1.528977417577337405e-02
1.533498502736385660e-02
1.512635519972960196e-02
1.537909250047952980e-02
1.535754786683440898e-02
1.567703090067951166e-02
1.569190689258803673e-02
1.572904419059817371e-02
1.530373020546527130e-02
1.568427555693041597e-02
1.534625251027676995e-02
1.559376895488107095e-02
1.567451976462663765e-02
1.564694168250468920e-02
1.542804069290859559e-02
1.554097709832369389e-02
1.554990954519652746e-02
1.491389766869133382e-02
1.516419490781295565e-02
1.541698425431725639e-02
1.530946626051132853e-02
1.510801424264052173e-02
1.514361604956526719e-02
1.531043884552829581e-02
1.516215665258791034e-02
1.533407399888275791e-02
1.535375235572722374e-02
1.488547352171387672e-02
1.467743141398081264e-02
1.478010566779630608e-02
1.501002873572865326e-02
1.517298957947410543e-02
1.516107909727182346e-02
1.479278363605374125e-02
1.467124404040021091e-02
1.487854083688233686e-02
1.476752915543677602e-02
1.517027404334569951e-02
1.555164690333299404e-02
1.541169524069374575e-02
1.535971256553203546e-02
1.551282781763774210e-02
1.543636322314156928e-02
1.552945557049945080e-02
1.558757255452292156e-02
1.503859901069048988e-02
1.547137762911177106e-02
1.566252575864268692e-02
1.597384521911493493e-02
1.591097748495862163e-02
1.558014584053424301e-02
1.540793470389800746e-02
1.547222584163421288e-02
1.604204155524158182e-02
1.589210924948325498e-02
1.571149119140535788e-02
1.561696219173747124e-02
1.563517409128323266e-02
1.563435069669694144e-02
1.578687622291674586e-02
1.554107376206026458e-02
1.593606687710291681e-02
1.587896002522981576e-02
1.624604014799224672e-02
1.629478767555703200e-02
1.628398101578198975e-02
1.659184294255311443e-02
1.661580490660696796e-02
1.634537880129194320e-02
1.621849040957457078e-02
1.639790140041519351e-02
1.707224020693587363e-02
1.673168578708050802e-02
1.738631610827390261e-02
1.752735749176359548e-02
1.758467983068889851e-02
1.742523735340917312e-02
1.681030133295990936e-02
1.663947335436510855e-02
1.688892223877580534e-02
1.667714957537214104e-02
1.673570791180978290e-02
1.688636957135791761e-02
1.702657561951781418e-02
1.723990438869016373e-02
1.756959762570353689e-02
1.744256020932155593e-02
1.719568340011612406e-02
1.700808106131646014e-02
1.721295298389158290e-02
1.758585616966357179e-02
1.749051033870507865e-02
1.744312329503827641e-02
1.716170214948320449e-02
1.714239649829529810e-02
1.743914198302931595e-02
1.759364939501217862e-02
1.775979673026384376e-02
1.822218575563638865e-02
1.832996755953608670e-02
1.827197668969482436e-02
1.833873714006273303e-02
1.850086073689460875e-02
1.847614608551317872e-02
1.890540077911673222e-02
1.921138111049991437e-02
1.951287002891710642e-02
1.914061164333880072e-02
1.887535106264515150e-02
1.885563288227221079e-02
1.884939033907695460e-02
1.853110020930692770e-02
1.886059397975881069e-02
1.919277369330085747e-02
1.906866953426789024e-02
1.880126070244436676e-02
1.859055158542144426e-02
1.914067542625996765e-02
1.929109598902645217e-02
1.958395156778625079e-02
1.951856375138927291e-02
1.965978146277702621e-02
1.960033038276609574e-02
1.960499007115057424e-02
1.967677014123569990e-02
1.987461534951950881e-02
1.988886526469801908e-02
1.968169852405932119e-02
1.967573356262786177e-02
1.965608795813977849e-02
1.993618383961681673e-02
1.992882628693770641e-02
1.986048581315635886e-02
2.015715814369301029e-02
2.033410149605785477e-02
2.069313097598968199e-02
2.067162187079585323e-02
2.072751477053103031e-02
2.062453274380171564e-02
2.058679825048947976e-02
2.081825557930017112e-02
2.099102898369853420e-02
2.104179328418975814e-02
2.110428745214143476e-02
2.109783613672266966e-02
2.084728877750929854e-02
2.106083962486149375e-02
2.089177925696450444e-02
2.134002226731634977e-02
2.148502730643375713e-02
2.131982006660493312e-02
2.124043572101541599e-02
2.153161876931353191e-02
2.132535115879807819e-02
2.156255912847182543e-02
2.180322739440576640e-02
2.139449637605483900e-02
2.113471374571229688e-02
2.086827708266447701e-02
2.151653662074615170e-02
2.130239952133639036e-02
2.112693947945398776e-02
2.151129587534494902e-02
2.131816683150233871e-02
2.141884173907993016e-02
2.140088840303988604e-02
2.169185187410604954e-02
2.180098436425925712e-02
2.213495733643799923e-02
2.190586247913195450e-02
2.193351417918965041e-02
2.201065560391946008e-02
2.212237932417338016e-02
2.212808502006957667e-02
2.227166431267413316e-02
2.185429176910957949e-02
2.210125771456095123e-02
2.242192262566078398e-02
2.242424860562763911e-02
2.254609082023328881e-02
2.251720052800099126e-02
2.293917117814459061e-02
2.283325666394997455e-02
2.272949854493955257e-02
2.246072066303383963e-02
2.301440998494808099e-02
2.302945618846496956e-02
2.285349751258625162e-02
2.257865502389311274e-02
2.240031334260184082e-02
2.247813988691937936e-02
2.244349327396211180e-02
2.244692362240385819e-02
2.278015354026230455e-02
2.308567874783395979e-02
2.287790457000937749e-02
2.287035333977982532e-02
2.309349385097636542e-02
2.333822902186799553e-02
2.304493360407455782e-02
2.324396324086919208e-02
2.328018219186933635e-02
2.331712592884915836e-02
2.329419536656818224e-02
2.344138079988411505e-02
2.342567992041111324e-02
2.352484809930288634e-02
2.371597151035587103e-02
2.376964560662564452e-02
2.383895760639997974e-02
2.385424107939027039e-02
2.371035807265187145e-02
2.347684503655766974e-02
2.328961042777244472e-02
2.379123325976006953e-02
2.356654969988625226e-02
2.323504562539024931e-02
2.370164638953831115e-02
2.366682014323373551e-02
2.369886966335865708e-02
2.388480761937472607e-02
2.425986271490021551e-02
2.404670482511672702e-02
2.393111353807508834e-02
2.401604297889026185e-02
2.425504335354133900e-02
2.418240540641924952e-02
2.416383010795453146e-02
2.406018150102795516e-02
2.438514631350408024e-02
2.454253756905089290e-02
2.460652495968673747e-02
2.445508494646375652e-02
2.464443216908751566e-02
2.495784513149601480e-02
2.473863915152296755e-02
2.497571325567449207e-02
2.491663312483183290e-02
2.477253873308615795e-02
2.499625041174535767e-02
2.522842222501608944e-02
2.538237130025500221e-02
2.518693258010262781e-02
2.523277990879879695e-02
2.492988101800008849e-02
2.478153100834212808e-02
2.483389469216490397e-02
2.494649355673494995e-02
2.512250429334628166e-02
2.512300109238285728e-02
2.531370746434813412e-02
2.532548155058211847e-02
2.517021694946919297e-02
2.523100119343713033e-02
2.543582725497284258e-02
2.527613786890192671e-02
2.551673914223506756e-02
2.562587374046376709e-02
2.561046010454948174e-02
2.573097636978705083e-02
2.564249054651757120e-02
2.574753491264747396e-02
2.573551780236815745e-02
2.572329807350381969e-02
2.552386053526678467e-02
2.567510319058374790e-02
2.589146834007571840e-02
2.620088713521173673e-02
2.615730477663191778e-02
2.587013678354299628e-02
2.602992119877356458e-02
2.614798246301752727e-02
2.658698552613714128e-02
2.617575797732829557e-02
2.604355313348971634e-02
2.658340980985141044e-02
2.652897145130150847e-02
2.655378146731646183e-02
2.658931049408241876e-02
2.659930075250116488e-02
2.654196237571238015e-02
2.639523080210182115e-02
2.675984622509552935e-02
2.699004407234451008e-02
2.680751811412829255e-02
2.661348529416507347e-02
2.637916887438507274e-02
2.685908818923810060e-02
2.693475510464704570e-02
2.668268182222011120e-02
2.670584973713019394e-02
2.662548622357352457e-02
2.699380525394978747e-02
2.667783776660037631e-02
2.659242827273544663e-02
2.673479501932174429e-02
2.686522747855946136e-02
2.693564199163400730e-02
2.689174516263648229e-02
2.708348896726509025e-02
2.749599518085865668e-02
2.701761035390326526e-02
2.715055287442957876e-02
2.728270364551210747e-02
2.727941149178647606e-02
2.738549426624015126e-02
2.723513564882740212e-02
2.737256199059956430e-02
2.752962693141913775e-02
2.799760396145423158e-02
2.807580388528663207e-02
2.814828107378719579e-02
2.804697154245605617e-02
2.785925578456360796e-02
2.804609189459306151e-02
2.826392390293008816e-02
2.798864348150154058e-02
2.769711257989815323e-02
2.772814129136857986e-02
2.810476693509933455e-02
2.831113723133160676e-02
2.850020843273792792e-02
2.847767770788589559e-02
2.854752430899498705e-02
2.848090116115820081e-02
2.816369564365306388e-02
2.791435315095736058e-02
2.800970279306191912e-02
2.840667328612145326e-02
2.826167166742354908e-02
2.814531616343440845e-02
2.812614399966140155e-02
2.816924234293782803e-02
2.783999657538771544e-02
2.837212014974888064e-02
2.886916970466124610e-02
2.864644156380968809e-02
2.868523659214972099e-02
2.874432382631653127e-02
2.880250263604988703e-02
2.891813884638416710e-02
2.864778552197932981e-02
2.855041607891006805e-02
2.902604985972256912e-02
2.900028680976074469e-02
2.895360042959982394e-02
2.889758316886492651e-02
2.890470228219399473e-02
2.868815681851888399e-02
2.873885142983390040e-02
2.866289455376946904e-02
2.848660414719184075e-02
2.835522467548567960e-02
2.840297504564404107e-02
2.870817105389011914e-02
2.879306559514827057e-02
2.899759366147502959e-02
2.888700330616167378e-02
2.911988506182527914e-02
2.900959562828564486e-02
2.890343831072783587e-02
2.904920850008263500e-02
2.904214400699522969e-02
2.917912140584899561e-02
2.917723619245204958e-02
2.933078090902974111e-02
2.919134187473204634e-02
2.912552901035070363e-02
2.926292977889399793e-02
2.951343773958736705e-02
2.947023639471879619e-02
2.944846275980772532e-02
2.931142148393117708e-02
2.937242441810727911e-02
2.936353022238691324e-02
2.927804854998061757e-02
2.927206671532189830e-02
2.929520526739892716e-02
2.936590705806541024e-02
2.950444053761014374e-02
2.975202552774280917e-02
2.965635162464508312e-02
2.977099055610299416e-02
2.968398010434025736e-02
2.969406634502824716e-02
2.967357974096085371e-02
2.966273549659792508e-02
2.989389013850285437e-02
2.961100387092496788e-02
2.972732200097727429e-02
2.971633129876671831e-02
2.995383641209148351e-02
3.007853618865397038e-02
2.976838756688326981e-02
2.978125243340912220e-02
2.989687803129292831e-02
3.012093436185825368e-02
3.002200973533586392e-02
3.020203965031953430e-02
3.021142146179922605e-02
2.982394933068110987e-02
3.008794502348965949e-02
3.025423118894376984e-02
3.048098983726355016e-02
3.060498051981586087e-02
3.028896312866891094e-02
3.009907887298712836e-02
2.993967338201475314e-02
3.018559551708133171e-02
3.036523666153101431e-02
3.060862756717153133e-02
3.016175246408270283e-02
3.028627794736671319e-02
3.041479957427650760e-02
3.034633574894574082e-02
3.032077157708812365e-02
3.037266348281697503e-02
3.049156850764944693e-02
3.086986522871004723e-02
3.048598415527337124e-02
3.052524228958652941e-02
3.057625584303558242e-02
3.060039226821054115e-02
3.055703270568610463e-02
3.048796538580855753e-02
3.047223380518371272e-02
3.076243096987862913e-02
3.072171964850145542e-02
3.073977738596855858e-02
3.085592556904526162e-02
3.103196481928538475e-02
3.134016288330254696e-02
3.127057053919024554e-02
3.112086896300514383e-02
3.104999451222134610e-02
3.097046378768020247e-02
3.100908707945038145e-02
3.111521874386724562e-02
3.109712527292174400e-02
3.099182696731883624e-02
3.102240601569405953e-02
3.120769051147131989e-02
3.117565379168407702e-02
3.112934859999327841e-02
3.127680472385918620e-02
3.139887648104888740e-02
3.151552228159903990e-02
3.141178078769613080e-02
3.133420568897804515e-02
3.146487025713806673e-02
3.141044052876651449e-02
3.157821809924143963e-02
3.148141133249282575e-02
3.149808259433584112e-02
3.163221829063633805e-02
3.185726823318901779e-02
3.194632671234032273e-02
3.174947665785499140e-02
3.170264742645212408e-02
3.176761840259700875e-02
3.184001947749592887e-02
3.191845242399438121e-02
3.164105652861959328e-02
3.164506764639618552e-02
3.170282403542223904e-02
3.198020591638606192e-02
3.221372990344661957e-02
3.220429421982995422e-02
3.179026367014969878e-02
3.192707711271758342e-02
3.192618485194209654e-02
3.198234740545391475e-02
3.224156416964252259e-02
3.214226795767416434e-02
3.209030489397690644e-02
3.213446585808288347e-02
3.211284024015359506e-02
3.200217561508278408e-02
3.203819528732143596e-02
3.225371165884904912e-02
3.240683526430121475e-02
3.201884268027122005e-02
3.218868006452257902e-02
3.223683256015430487e-02
3.239049432191976052e-02
3.216769013935305566e-02
3.211126180694812149e-02
3.232931371735059400e-02
3.241471476843926780e-02
3.267809954248868110e-02
3.278662207569649212e-02
3.259232525490318721e-02
3.237014711838615000e-02
3.236266418605637796e-02
3.252440256376054606e-02
3.294421360195709525e-02
3.287623895493130277e-02
3.278143335622996091e-02
3.275777902488741233e-02
3.250978117358194197e-02
3.261800039031204079e-02
3.278507963910914924e-02
3.282337284854364157e-02
3.262848362784787071e-02
3.254246060480969760e-02
3.263093100097602672e-02
3.273270178121112650e-02
3.275280662323254433e-02
3.280945995074713295e-02
3.279447687540226752e-02
3.300365579688335771e-02
3.318313558545682440e-02
3.323719849927186942e-02
3.334156664096976641e-02
3.335008741090828011e-02
3.345411091034833362e-02
3.344266657039884905e-02
3.354392490623858691e-02
3.338679227815966044e-02
3.328351452525435406e-02
3.333834231073140586e-02
3.317638458325689044e-02
3.319763729376568051e-02
3.338838769449470334e-02
3.343744999146647245e-02
3.343533358005856826e-02
3.338053316827593875e-02
3.333997872090943559e-02
3.341227385960987561e-02
3.348989581900063683e-02
3.349536874663616715e-02
3.340598408556871846e-02
3.337378450779304728e-02
3.342277310393271250e-02
3.352792879048571706e-02
3.350339872025642762e-02
3.347442414312862269e-02
3.349177639375611193e-02
3.370372718259861955e-02
3.374893044248228335e-02
3.384593251117440360e-02
3.372974505586245897e-02
3.367442247236507313e-02
3.358375647955647025e-02
3.371033387632227374e-02
3.401397478132039964e-02
3.405684628794070079e-02
3.393772446013265665e-02
3.384524963516355456e-02
3.383200726328450259e-02
3.394020036658229600e-02
3.399750045038452129e-02
3.403743661021696454e-02
3.401884897066764779e-02
3.408878284641492229e-02
3.414000223798829836e-02
3.402790626078111558e-02
3.421331472689370656e-02
3.431975838112677479e-02
3.439779375771045977e-02
3.438930156636921254e-02
3.441466348339794479e-02
3.443055545663842310e-02
3.434422377844192908e-02
3.438354292388634548e-02
3.443258921390324190e-02
3.435623233211693162e-02
3.431975890708027777e-02
3.439954037196724101e-02
3.447102115017930402e-02
3.442184279825966087e-02
3.432055957590307571e-02
3.432257666489402226e-02
3.425915309890470439e-02
3.436644087889995092e-02
3.459195719310681483e-02
3.470618690893090275e-02
3.459689482552175122e-02
3.463058337335755965e-02
3.457911896294163512e-02
3.475017897957766166e-02
3.464415525526653994e-02
3.459216480920890291e-02
3.454839389397790228e-02
3.445782427042409779e-02
3.439753286873337146e-02
3.440517598436088065e-02
3.460732299029345427e-02
3.464425578056484767e-02
3.482288246388520747e-02
3.483628811650429924e-02
3.485458689403486687e-02
3.496972410637866346e-02
3.488745092454514918e-02
3.490427849092547774e-02
3.502453983313280617e-02
3.486392841758156891e-02
3.480655620595474176e-02
3.478366288355072555e-02
3.481239393933943660e-02
3.498886212862206690e-02
3.507409054915910929e-02
3.493642852146194855e-02
3.490908041153950592e-02
3.497705891320102012e-02
3.503490795095665078e-02
3.514964053446867354e-02
3.509870011823945646e-02
3.511756518686581785e-02
3.508498944492721705e-02
3.512067221092252112e-02
3.516509595811267985e-02
3.520855271004741383e-02
3.523375974944897848e-02
3.512784358450549149e-02
3.517262948130106537e-02
3.516176915156510319e-02
3.509918594903460587e-02
3.525217166798899626e-02
3.535277356229116208e-02
3.524727383574077777e-02
3.516996222610480061e-02
3.525640208608660231e-02
3.534677305966127392e-02
3.536110592469032810e-02
3.551628707047438382e-02
3.562055953961262844e-02
3.551753705253979376e-02
3.547315995815392142e-02
3.540185017672481393e-02
3.551742286224435219e-02
3.559337974476939337e-02
3.555055077282531784e-02
3.558954402528247130e-02
3.556806199926043632e-02
3.573826847712879839e-02
3.577713004003513220e-02
3.575790852017490806e-02
3.566054607866586679e-02
3.578331773524201509e-02
3.579612748232996466e-02
3.594031419405396832e-02
3.589515284966182662e-02
3.596084547266631404e-02
3.608506775141506751e-02
3.603497688807344446e-02
3.610898346201185660e-02
3.615124708553363320e-02
3.609808693203575558e-02
3.624880786619932849e-02
3.630276438421375929e-02
3.621466203932133254e-02
3.610048900755025159e-02
3.615025108318459246e-02
3.621438635622720170e-02
3.622126942140369010e-02
3.629806227736498414e-02
3.628862049993131222e-02
3.627483015987476023e-02
3.627921026120173309e-02
3.628034400905999490e-02
3.632443625631776030e-02
3.637929931353234281e-02
3.630864331949101853e-02
3.637968741433805775e-02
3.640161203378511345e-02
3.628469456032235030e-02
3.622066395173995090e-02
3.620613250786064441e-02
3.629278798621982105e-02
3.639659669411976495e-02
3.651006859748129330e-02
3.643926201301006529e-02
3.660686019472159103e-02
3.664420787882427533e-02
3.665410508397748401e-02
3.670494511977473451e-02
3.668557140839823205e-02
3.678318862328922023e-02
3.669800413669221939e-02
3.668242082801675963e-02
3.663900273132902896e-02
3.670807291628541691e-02
3.668824247699831176e-02
3.678615151233088909e-02
3.679626152883308521e-02
3.682242283520231751e-02
3.676266132152328225e-02
3.676226391017500816e-02
3.664729706200375858e-02
3.670113016789322558e-02
3.666218795492071081e-02
3.666023810478868938e-02
3.653843579297877397e-02
3.653874645265453580e-02
3.670329623803958441e-02
3.674883522169558603e-02
3.671790270749397678e-02
3.664472761469106388e-02
3.672235350681063437e-02
3.686851983370686980e-02
3.693502723678854238e-02
3.695368574506652237e-02
3.687790865729745349e-02
3.691764164178046315e-02
3.696972837779455290e-02
3.696450788591221226e-02
3.698261448206707769e-02
3.712992927795788489e-02
3.712900862545964742e-02
3.704974404338479133e-02
3.714551506752172827e-02
3.713110331453606250e-02
3.714219687731556974e-02
3.712050807632749638e-02
3.704520845654535322e-02
3.708927634178493804e-02
3.717087809655694741e-02
3.725656150058931360e-02
3.725673592163936121e-02
3.731852164625060198e-02
3.732522483091749166e-02
3.732857020646918045e-02
3.752537223681606804e-02
3.742833693268465822e-02
3.738678535013129078e-02
3.734081060266980501e-02
3.750964986097393705e-02
3.748293560101068067e-02
3.749214331193506666e-02
3.769970127274113736e-02
3.765307013484608945e-02
3.761319505595750456e-02
3.747022252047571556e-02
3.761995767430015292e-02
3.773457950993908128e-02
3.770989843014049825e-02
3.767420592751946629e-02
3.768079806695823208e-02
3.771306636965832126e-02
3.775608018854192949e-02
3.772187309512631259e-02
3.767375779761472643e-02
3.781280330580472082e-02
3.781441287410380880e-02
3.776351994778082144e-02
3.778435075473041138e-02
3.785007809245222177e-02
3.787149964528069290e-02
3.778912600579431569e-02
3.787345282752774267e-02
3.794098124692091289e-02
3.800305197572306781e-02
3.806564435453196893e-02
3.799953540843503674e-02
3.793207526061337376e-02
3.790613439380230432e-02
3.789026005903473049e-02
3.797541589521458150e-02
3.810953832074837067e-02
3.815307435102077704e-02
3.812029848956832723e-02
3.820097960284662975e-02
3.821846208267132283e-02
3.829776156015363142e-02
3.829341147192799610e-02
3.829928246213398779e-02
3.829215979805766779e-02
3.828351218019676594e-02
3.832771891576669532e-02
3.831494182603911725e-02
3.832802496432563544e-02
3.835447841236039324e-02
3.844138308764577516e-02
3.849814102095550084e-02
3.849356212985100001e-02
3.845619081149287410e-02
3.846410613912354393e-02
3.852011583225412039e-02
3.863908407055127725e-02
3.859076276823714124e-02
3.858640233269738928e-02
3.862128535275211050e-02
3.856624098714966919e-02
3.851973931062779855e-02
3.851049165605324731e-02
3.877293957342864417e-02
3.877934048305320403e-02
3.871326680208042603e-02
3.874451659342526000e-02
3.859517822250069230e-02
3.861784870265694281e-02
3.866355642779950585e-02
3.875933232955830476e-02
3.871251122286878399e-02
3.875464159559705024e-02
3.888365399951609902e-02
3.884875236841800472e-02
3.892267695371565139e-02
3.884096581411888849e-02
3.882639691061307019e-02
3.893960061099832615e-02
3.898465376337867383e-02
3.909861925816571215e-02
3.904452760293608549e-02
3.912964957686071443e-02
3.902656237942636608e-02
3.896238794983730713e-02
3.902189703237546325e-02
3.900082329608700604e-02
3.899793727492095741e-02
3.903139105139707965e-02
3.905194485648344482e-02
3.908256654243658090e-02
3.911831723566017160e-02
3.921740072698298718e-02
3.917294413640171058e-02
3.917150024679827425e-02
3.917022016988980226e-02
3.912917542948335381e-02
3.920719451303789072e-02
3.922952331956430783e-02
3.925305564213132925e-02
3.927561597794415604e-02
3.928813063432023966e-02
3.926604370802522226e-02
3.929599225550539643e-02
3.937447116559056326e-02
3.957278226422111800e-02
3.962658580317857115e-02
3.946388368582454120e-02
3.946335778921827853e-02
3.943262508501277352e-02
3.937380262315315349e-02
3.942291812237108672e-02
3.940062436326385864e-02
3.934873203468214342e-02
3.925109829349437973e-02
3.932605069520178631e-02
3.939714948312555975e-02
3.949955173104058304e-02
3.960998651873914866e-02
3.958055174912722407e-02
3.948577534251818122e-02
3.940847577053396833e-02
3.940325114241716165e-02
3.944630690356731861e-02
3.951284979835989475e-02
3.941982181822822895e-02
3.932573277363005104e-02
3.923867130618141630e-02
3.922079142403589458e-02
3.932518395064654726e-02
3.937051704225957849e-02
3.942227778078155609e-02
3.946168009269790389e-02
3.963049588012701463e-02
3.955341350608598816e-02
3.952093421193758616e-02
3.959038864900144006e-02
3.964411210176344014e-02
3.977661036399737782e-02
3.977429107257002272e-02
3.986412949840989484e-02
3.980893655588246816e-02
3.959444940054623885e-02
3.954464440013971682e-02
3.971572193322359112e-02
3.979567413071727344e-02
3.981252861922257580e-02
3.979060735009198879e-02
3.982732154930701540e-02
3.988152233242203692e-02
3.981798857853213747e-02
3.980802254766224735e-02
3.977080257658016649e-02
3.982838252627551867e-02
3.984849294593750813e-02
3.991578171049781076e-02
4.004757147760074076e-02
4.015007931424108278e-02
4.003974323483205922e-02
4.010608319668307331e-02
4.019322161555649586e-02
4.026167657225876439e-02
4.018971959074413292e-02
4.016970554329191145e-02
4.014451773219995800e-02
4.015717919991423912e-02
4.028240252687176337e-02
4.041605456499119953e-02
4.038961604575597164e-02
4.047962767275592455e-02
4.044951314496358918e-02
4.046421038110281643e-02
4.042771215642737559e-02
4.028080967769831489e-02
4.024719763503092906e-02
4.036990126849104854e-02
4.046363906887151529e-02
4.038477003897611439e-02
4.043312773183771469e-02
4.056878655804752043e-02
4.064746898485083193e-02
4.061266933045004635e-02
4.055972988998313156e-02
4.060523438075058777e-02
4.064313718213341531e-02
4.052264716016473756e-02
4.053255144982514935e-02
4.054509207262846360e-02
4.053595237088281067e-02
4.067143112616911083e-02
4.065962965752767388e-02
4.060380512805394915e-02
4.055105503471700956e-02
4.061645616129361258e-02
4.067718932599539983e-02
4.074145837930487346e-02
4.073690680298902578e-02
4.078219532925864144e-02
4.080255502647034405e-02
4.078106481826360152e-02
4.071679014981555156e-02
4.073965684193225911e-02
4.062190922556574435e-02
4.066918161235122398e-02
4.073938957821177098e-02
4.071675348262715488e-02
4.070556602429142856e-02
4.075710060353010533e-02
4.081564438933504846e-02
4.078869682355801274e-02
4.093506583483375039e-02
4.095223471776598956e-02
4.105313170867752603e-02
4.098884348447029424e-02
4.102729827432582965e-02
4.104012695492897933e-02
4.090841294098979120e-02
4.082782530631057227e-02
4.074858571703998678e-02
4.074504834582093338e-02
4.087744189368791581e-02
4.094221905859818378e-02
4.085809497686021530e-02
4.078334587778975617e-02
4.076185052085357086e-02
4.080839691865101315e-02
4.081650508678791311e-02
4.083434015809928042e-02
4.085221486434065241e-02
4.094031086541782827e-02
4.102177325069789049e-02
4.096420040542980701e-02
4.103795248227903869e-02
4.111620299715568194e-02
4.118694124449007177e-02
4.111034602100183122e-02
4.108747192249495583e-02
4.122595177724619475e-02
4.138123599011933607e-02
4.137830459615798873e-02
4.139427798624417676e-02
4.145120742288987969e-02
4.140677686129556889e-02
4.140185934354612129e-02
4.150136601854903518e-02
4.139696629642664050e-02
4.136942938049337215e-02
4.143207418793615204e-02
4.135066528162489874e-02
4.134467715413947531e-02
4.135746908735882243e-02
4.140568209944817113e-02
4.132420742901743438e-02
4.137873093243449318e-02
4.143623780567295967e-02
4.155964311913429299e-02
4.156022168189643651e-02
4.160178355724042376e-02
4.168180403907584264e-02
4.167963354017700794e-02
4.169538147669982209e-02
4.169175535560398771e-02
4.179963365796801611e-02
4.193265736532758581e-02
4.189590487363581417e-02
4.180107783372655206e-02
4.181210357019260471e-02
4.184005724016159888e-02
4.178328512921858362e-02
4.180413793157278235e-02
4.181339415291951411e-02
4.177381078752340215e-02
4.168332465868473946e-02
4.171509646238469315e-02
4.179992066296556175e-02
4.179687380754515402e-02
4.176665147001124012e-02
4.188979277683557711e-02
4.197136018543012881e-02
4.204037995196330257e-02
4.198224688210139277e-02
4.187173164512536516e-02
4.198380411329516448e-02
4.205182589952904948e-02
4.209430938823111035e-02
4.198758978255057173e-02
4.197811147431984580e-02
4.191881835371091825e-02
4.191553783814327971e-02
4.186253285878471786e-02
4.195971122758024308e-02
4.203310465874743329e-02
4.200706388380304190e-02
4.204235245887488759e-02
4.211586423677182722e-02
4.205551629230441790e-02
4.204088183945842161e-02
4.196359796598514436e-02
4.205861604109273344e-02
4.217461851011705676e-02
4.231061938669355982e-02
4.233653629207978497e-02
4.230765141220871328e-02
4.240959268296151663e-02
4.243547508636424936e-02
4.235040969368242258e-02
4.240672817445734211e-02
4.237610606467967500e-02
4.241459407240100177e-02
4.233466808216590493e-02
4.235961070705407394e-02
4.245529456110830324e-02
4.247384585695712644e-02
4.246455611854216272e-02
4.247075742696893030e-02
4.244904102168689519e-02
4.237894954319187946e-02
4.234381325925440365e-02
4.224041758806507119e-02
4.222161558812942417e-02
4.233767748334926750e-02
4.233687088681392652e-02
4.233696095920613800e-02
4.237334141513571240e-02
4.236575282606125370e-02
4.232077474881812407e-02
4.237148960117309571e-02
4.236402732646560310e-02
4.237923014478894856e-02
4.238430075781529638e-02
4.236368666392564819e-02
4.237173440431618587e-02
4.235450308255650498e-02
4.255207746586542328e-02
4.260842282211463328e-02
4.255721440294024660e-02
4.254393838877490452e-02
4.265997774104413054e-02
4.270070205841136612e-02
4.271751077501662053e-02
4.272444076256398660e-02
4.285431565230801709e-02
4.281076714566722785e-02
4.280315433625858645e-02
4.280225315341290582e-02
4.277502781750897043e-02
4.281391121956268364e-02
4.271730506159343577e-02
4.266415816732482824e-02
4.269850527831309250e-02
4.273802936118542561e-02
4.270846286520502133e-02
4.266340828437797938e-02
4.265135457416668885e-02
4.274250302077930996e-02
4.273075882763599509e-02
4.279556363163905530e-02
4.272876798935598686e-02
4.271871164279517075e-02
4.269774145256910458e-02
4.279907326005805146e-02
4.296163963984156453e-02
4.297695583559502097e-02
4.306067465219598489e-02
4.301838568383153927e-02
4.313084821388812884e-02
4.315630875816545142e-02
4.326073804897667685e-02
4.327852701747758601e-02
4.333300435849096743e-02
4.329086960397354744e-02
4.321442954583076812e-02
4.322436255468353750e-02
4.311128017922882805e-02
4.313467236716839182e-02
4.319649045148032940e-02
4.316793152510101095e-02
4.324599812327711845e-02
4.312442870072175083e-02
4.317438807369455844e-02
4.318879001150577324e-02
4.325246137359251009e-02
4.330298720866210260e-02
4.325075631681052357e-02
4.331526291719178801e-02
4.336439560298543938e-02
4.331094648154731885e-02
4.338657040028159884e-02
4.340180624678424692e-02
4.333063867176534245e-02
4.339169638834761145e-02
4.340489816945947155e-02
4.345642904138102836e-02
4.363951529301957066e-02
4.362326069203881218e-02
4.347153365642064671e-02
4.337660228047646171e-02
4.329383041391743348e-02
4.329176129897760461e-02
4.336906118421346434e-02
4.339546471194211108e-02
4.342266644456493907e-02
4.344886940607928238e-02
4.345286532088188380e-02
4.345866811211962499e-02
4.343337997897123159e-02
4.343528053687251145e-02
4.353095536828099910e-02
4.365560877428542597e-02
4.359341782744330374e-02
4.362180829393125236e-02
4.360835153194919656e-02
4.362111280585878603e-02
4.363205547918092009e-02
4.366072422783773277e-02
4.366149474350855542e-02
4.373371405024961689e-02
4.375512172755868789e-02
4.391203422758316322e-02
4.398728294626330637e-02
4.393781247303962800e-02
4.399988090922768436e-02
4.394421297301498441e-02
4.406252736993820918e-02
4.404828012379624624e-02
4.400514792983400980e-02
4.396128461092985162e-02
4.382465239022437231e-02
4.383253381742946431e-02
4.386190994890881711e-02
4.383763261524542543e-02
4.398444725203454198e-02
4.396917893908991459e-02
4.394056532744805565e-02
4.388511087464053162e-02
4.392969415977177050e-02
4.393031095733590519e-02
4.398620797720020903e-02
4.398034742962586563e-02
4.413447390416536109e-02
4.411165168242447976e-02
4.408956621337267734e-02
4.401620737613853862e-02
4.402970661455718471e-02
4.407046768765532363e-02
4.411719946974734796e-02
4.418815042912527247e-02
4.416852358979639348e-02
4.417842413101524812e-02
4.421735401373716456e-02
4.416599415816691021e-02
4.428823312885832308e-02
4.435925184365352436e-02
4.440192130209474897e-02
4.455883403049831770e-02
4.455986969013459031e-02
4.452916202438217397e-02
4.437354961446615675e-02
4.435105785409554358e-02
4.432373703219916194e-02
4.432714278312488432e-02
4.427281511985192708e-02
4.428399109775504883e-02
4.432234753545571948e-02
4.436709974375752097e-02
4.443724378167956957e-02
4.445299540289759932e-02
4.451203503908018888e-02
4.458470220848020915e-02
4.453655020032698530e-02
4.458342088433653316e-02
4.461408329646232573e-02
4.460699777011001288e-02
4.467344742894496790e-02
4.466158070169079508e-02
4.463489922394003884e-02
4.468409315401622450e-02
4.465497376780547256e-02
4.451420587440502175e-02
4.453234422347662758e-02
4.459360703860859587e-02
4.466662714114200128e-02
4.482661893192840807e-02
4.478832197993831699e-02
4.485488431675399568e-02
4.492129070244388345e-02
4.478744352218377855e-02
4.477077219466885083e-02
4.471271800263032503e-02
4.465487690648117791e-02
4.464589210157576815e-02
4.469975295878647614e-02
4.474399890047386918e-02
4.482125401879777371e-02
4.482516951327220056e-02
4.485220316130522633e-02
4.498771355234687519e-02
4.501139039685853049e-02
4.500365290648211669e-02
4.503604085082990593e-02
4.493007458796149933e-02
4.482506877186231975e-02
4.483953784184002700e-02
4.488862453405495501e-02
4.500759653081587430e-02
4.506503673427530998e-02
4.505545208179917438e-02
4.511100504506693198e-02
4.511805353203968139e-02
4.522444850725371168e-02
4.522213499747884669e-02
4.532450013129896149e-02
4.527165282832612547e-02
4.534403638610307041e-02
4.523898981592289203e-02
4.524311094707123004e-02
4.518474268581940123e-02
4.522302952866397163e-02
4.515089590377208140e-02
4.516703952779721476e-02
4.533590215443616955e-02
4.537996867539462187e-02
4.540566908272047897e-02
4.541844815701523430e-02
4.544733627410835197e-02
4.546311353540488653e-02
4.538270689131174151e-02
4.530491117593449246e-02
4.542005798733228517e-02
4.547462158298287704e-02
4.553839545473614692e-02
4.560707680415276855e-02
4.557816751127319321e-02
4.555864662319386582e-02
4.545024198209546284e-02
4.547042889059760284e-02
4.555143608830469759e-02
4.552441063413148470e-02
4.553333708926032841e-02
4.561492470981853842e-02
4.558085292897118279e-02
4.563179650856241665e-02
4.565674978143796636e-02
4.568447021310184653e-02
4.560299270220014023e-02
4.551726016620349924e-02
4.550409753320217021e-02
4.553170528407690654e-02
4.552507321763066273e-02
4.547423896923596942e-02
4.550395147912666971e-02
4.556274869374377090e-02
4.559171335535161518e-02
4.561625833249571826e-02
4.561796092823122706e-02
4.561649422872271487e-02
4.575808247928847550e-02
4.575159104719972447e-02
4.572163565112319361e-02
4.567020920826614372e-02
4.570944557689493593e-02
4.577543202337075456e-02
4.578309979803663055e-02
4.584106412103672312e-02
4.589240317411480419e-02
4.591601005912693267e-02
4.600241899714951899e-02
4.605609687474654379e-02
4.594766562469310145e-02
4.605226219246816299e-02
4.610616564389502514e-02
4.620443743789870439e-02
4.616145102911950460e-02
4.620456784335047473e-02
4.622969342956118055e-02
4.611629262407745955e-02
4.621677070971053070e-02
4.608776967350003417e-02
4.598686172720967136e-02
4.606050987605136982e-02
4.616788325813736549e-02
4.613157674071644010e-02
4.613969777565252173e-02
4.615396594226162108e-02
4.612585118366752113e-02
4.613914057414447711e-02
4.617343641597138060e-02
4.622244464134084296e-02
4.618854901401192592e-02
4.619538503725628686e-02
4.627292697963980572e-02
4.632884900264322425e-02
4.635386656775430936e-02
4.633990781881003329e-02
4.635414409110616418e-02
4.647858128736537253e-02
4.645414737090192148e-02
4.648960946531666139e-02
4.651189013313583587e-02
4.643869213951568042e-02
4.635379360478175670e-02
4.632146805263204214e-02
4.631063843341109987e-02
4.626603262009965079e-02
4.624189799682199009e-02
4.626231248415635378e-02
4.634909084802707468e-02
4.641880635390371879e-02
4.649628222205137718e-02
4.651097782962132499e-02
4.650431814792455043e-02
4.641357238711663058e-02
4.644711747946672631e-02
4.645263001313892914e-02
4.633301174040482806e-02
4.638332114113907778e-02
4.649412383858830822e-02
4.657974892185201554e-02
4.657178344040069362e-02
4.669676175365289339e-02
4.666674047846086637e-02
4.663222495955743341e-02
4.670211389673717406e-02
4.670087614456974734e-02
4.667851054289684498e-02
4.663424596808773970e-02
4.657960938194705136e-02
4.659583819261214899e-02
4.658229500495458808e-02
4.660628353899376464e-02
4.661687627108968002e-02
4.657805752102284202e-02
4.667132070199642158e-02
4.677678552929798172e-02
4.675652207789049442e-02
4.678564202064983135e-02
4.693843136491260282e-02
4.695684818436518526e-02
4.694920788798739864e-02
4.698273685156628687e-02
4.697967461812702084e-02
4.685822355589586152e-02
4.679773228558303799e-02
4.694406613176838050e-02
4.686756193215124711e-02
4.689269702976162080e-02
4.687234294457098827e-02
4.695916014711976061e-02
4.696404009689203463e-02
4.703228268828851810e-02
4.709184772069185954e-02
4.710798936920213009e-02
4.706160823712579599e-02
4.699862350952344059e-02
4.701379057404686534e-02
4.706798853260707460e-02
4.717950998273678920e-02
4.718757964340625222e-02
4.722604180277656383e-02
4.725400857454786774e-02
4.730905091301451648e-02
4.736396628887185045e-02
4.742079251304076593e-02
4.745743770226873437e-02
4.752396693115024107e-02
4.747127520429295089e-02
4.745251811700512690e-02
4.748794081632112807e-02
4.742388137476183374e-02
4.740557783855514629e-02
4.739179278324812117e-02
4.738687267314567464e-02
4.742682419883514910e-02
4.753871197084436062e-02
4.753125176463335322e-02
4.745533136768997906e-02
4.739206123245232050e-02
4.750931076526221375e-02
4.749859596057071087e-02
4.754157682297766030e-02
4.755153518926036327e-02
4.757714505138643801e-02
4.760002944761687615e-02
4.769308156424578726e-02
4.777222254692858883e-02
4.781772112028548349e-02
4.784915657610611106e-02
4.781436815893336245e-02
4.784419563581998602e-02
4.785642624487351782e-02
4.793665487771470168e-02
4.797505494046383490e-02
4.798674625977739083e-02
4.806385981371974481e-02
4.801264766455481947e-02
4.807822337395961654e-02
4.807981561352114852e-02
4.814167195866225768e-02
4.817535586611754184e-02
4.815676808342672643e-02
4.809598216346699928e-02
4.802148555406127173e-02
4.813562050114406077e-02
4.810472532060749984e-02
4.802796716108126418e-02
4.807510682429771975e-02
4.812587336206952671e-02
4.802928301380582354e-02
4.799900202351459200e-02
4.811888826940702302e-02
4.802736990781042437e-02
4.785728364108798871e-02
4.793103980365742700e-02
4.788841667618015663e-02
4.794921719401301630e-02
4.795019809968970037e-02
4.796620367809723007e-02
4.797574308600793813e-02
4.796251396242112719e-02
4.797681779977125416e-02
4.793882946447780569e-02
4.793736359248335077e-02
4.796428594942447887e-02
4.801123253797179302e-02
4.807310477544390892e-02
4.821880223687813327e-02
4.819100298555056838e-02
4.818761836583007607e-02
4.823405480024511860e-02
4.827956031884639287e-02
4.821691168280572981e-02
4.812389996951793592e-02
4.812396546737751635e-02
4.811241459878701221e-02
4.817539271613036078e-02
4.821508958736053785e-02
4.817280686387270805e-02
4.822069809694973230e-02
4.816661869178595623e-02
4.826612016869802346e-02
4.822846683089920816e-02
4.821788249331504517e-02
4.811021038746510214e-02
4.819880779792562464e-02
4.829682115306965784e-02
4.836107304637593529e-02
4.842452475615566243e-02
4.842202305557030684e-02
4.850614754589699373e-02
4.854451547534743838e-02
4.852976657408802907e-02
4.856263954233597246e-02
4.845338328355985880e-02
4.845037098413840226e-02
4.846284780095544420e-02
4.853442394817975014e-02
4.854551383170324641e-02
4.855654570421030769e-02
4.858766080082155270e-02
4.865873672003395711e-02
4.856775562697634996e-02
4.855295720892627287e-02
4.858081740962916228e-02
4.857049282056280504e-02
4.863642784462207658e-02
4.865543037707098506e-02
4.864633274328866719e-02
4.868586518158579679e-02
4.869907934903316971e-02
4.876544277544603290e-02
4.872387796003607718e-02
4.868882325358647734e-02
4.866425269278806809e-02
4.871180939883146266e-02
4.869723485751720204e-02
4.872719982892448343e-02
4.880389587395939088e-02
4.867993386334390493e-02
4.859327499765875302e-02
4.864896711707089594e-02
4.877697225704125117e-02
4.883721503055582502e-02
4.890434731250437039e-02
4.885289207132714751e-02
4.891157689700875721e-02
4.893618142948419347e-02
4.892818729027403890e-02
4.896754649060319764e-02
4.896166779154675908e-02
4.901543802266594696e-02
4.906101585380540087e-02
4.911204139825819937e-02
4.908224052045717656e-02
4.906810024658625480e-02
4.908046011369826545e-02
4.906227226293857768e-02
4.904015350103030357e-02
4.899334885636719150e-02
4.906695979730635315e-02
4.905994258772672367e-02
4.904615279698631980e-02
4.909335979509421577e-02
4.911160974466710627e-02
4.918896211282053343e-02
4.924175370209837865e-02
4.922438232412851278e-02
4.919634486035562304e-02
4.917564712386557346e-02
4.913996577675838751e-02
4.908613985184473449e-02
4.915348211718395532e-02
4.918918900001756356e-02
4.928100064050333629e-02
4.938276973172506246e-02
4.942273637303529199e-02
4.938453527663710929e-02
4.934960094859519586e-02
4.933634083250559854e-02
4.934090591486928190e-02
4.931695421607429353e-02
4.933316942516441372e-02
4.940320996077574023e-02
4.946507156823720663e-02
4.948219721866742304e-02
4.940854175026210271e-02
4.949543284155311085e-02
4.940245847377688904e-02
4.939948285281303697e-02
4.942555729818387533e-02
4.951431182066556858e-02
4.951876067076987908e-02
4.952752042980357317e-02
4.957982722577369827e-02
4.965827832562652588e-02
4.961985167261673269e-02
4.960283528948217224e-02
4.963240682860003972e-02
4.965176873375298783e-02
4.977929925939683642e-02
4.979886514539266784e-02
4.969811951051283927e-02
4.964370404933760028e-02
4.972107551555104976e-02
4.967234333313186312e-02
4.963976613727005827e-02
4.968879231218537029e-02
4.978989537213784899e-02
4.979359986596421095e-02
4.977909240808564562e-02
4.976487619457437006e-02
4.973478617984028460e-02
4.981741399911499002e-02
4.987750925129397217e-02
4.986837756199591354e-02
4.997330055226001377e-02
5.001848530682551086e-02
5.004269294103913523e-02
4.999455350620785055e-02
4.998926661871294641e-02
4.997570954993513226e-02
5.002576296005578627e-02
4.997823028067038820e-02
4.996712935101399466e-02
4.998703022658901318e-02
5.011775120153316720e-02
5.018352765979905428e-02
5.018547693813779631e-02
5.020169443560718037e-02
5.014360918595173189e-02
5.017876514154018253e-02
5.025569590591061342e-02
5.027115076266674976e-02
5.024854900533171076e-02
5.021442852333457552e-02
5.021719395711876643e-02
5.018150298912615881e-02
5.018491015310466707e-02
5.017407913624438720e-02
5.020579338847142026e-02
5.021393243122496131e-02
5.030917316080163459e-02
5.023051329539995891e-02
5.024601231654202138e-02
5.018066238641338828e-02
5.028439179450039376e-02
5.026286417443870391e-02
5.023244584813646441e-02
5.009070505917101457e-02
5.007168681708407121e-02
5.009811714365852708e-02
5.024461420118875310e-02
5.024881081028631513e-02
5.031474827785942239e-02
5.028026788649775369e-02
5.036499354977408416e-02
5.039790660634047015e-02
5.036123843675532896e-02
5.039077708364736452e-02
5.039170399702186387e-02
5.041187422548887298e-02
5.046614569052287891e-02
5.053468205916900047e-02
5.049096296897559455e-02
5.057743582384688352e-02
5.052329792514242968e-02
5.054559808638003915e-02
5.054540984491850963e-02
5.052449402709235926e-02
5.047129786650472738e-02
5.046618807096336923e-02
5.054851546554317565e-02
5.058400034101673270e-02
5.057940464832100247e-02
5.061392851311197205e-02
5.068158223363106174e-02
5.069872403650066417e-02
5.077657241812261191e-02
5.070574257931070861e-02
5.054266143165619951e-02
5.060450771386371116e-02
5.053802907335303018e-02
5.050569519250558415e-02
5.058491231872075389e-02
5.058903199373077086e-02
5.070612280179354059e-02
5.081456436613329686e-02
5.089110742234659313e-02
5.081266631976966153e-02
5.092316626805448720e-02
5.106214336280423538e-02
5.103912163062673812e-02
5.102560676264289441e-02
5.099264257310487380e-02
5.093265851633432817e-02
5.095368851819159772e-02
5.093673838581658231e-02
5.097537456418166357e-02
5.098855125817181033e-02
5.106701917218359199e-02
5.103472694685073918e-02
5.096142192314445651e-02
5.097602060500072696e-02
5.104352353185070967e-02
5.106178225238977575e-02
5.113041686622210591e-02
5.103073016497994274e-02
5.106492002696860766e-02
5.110857925602552143e-02
5.113102986923756532e-02
5.113095234217013285e-02
5.116016687459357115e-02
5.113625607425653641e-02
5.117064006512883623e-02
5.122926771350755359e-02
5.130708337075695624e-02
5.129108171449026088e-02
5.133407427849689952e-02
5.138462466988968913e-02
5.135890597274617164e-02
5.138987257365101868e-02
5.142038526861725245e-02
5.148025964483515793e-02
5.147401717562338774e-02
5.144520592159373962e-02
5.145031962661938962e-02
5.147943967795853837e-02
5.145114785212179243e-02
5.153600958039916691e-02
5.164949213964042940e-02
5.166285903353795561e-02
5.165385208349171364e-02
5.157151862134590203e-02
5.160852899335743871e-02
5.162656104926099943e-02
5.176877077765773549e-02
5.175172103158764969e-02
5.171417630472063820e-02
5.177348146939841911e-02
5.176537798669755830e-02
5.184696834905899721e-02
5.180456306363900865e-02
5.178185943599444840e-02
5.182510403420081957e-02
5.176821016134347531e-02
5.177091989872373290e-02
5.175381429575054426e-02
5.184411897547391845e-02
5.185596101052070139e-02
5.176947110567020616e-02
5.175311400361692904e-02
5.171510446737492828e-02
5.175768776305034180e-02
5.179761850456010563e-02
5.180763750962036340e-02
5.183861915298315637e-02
5.181952130329392503e-02
5.186999873119546578e-02
5.193500082619983971e-02
5.189718613907601252e-02
5.199376018008017297e-02
5.201585416884135782e-02
5.202141582317132418e-02
5.195273311739612154e-02
5.191324840325250989e-02
5.186708024079500490e-02
5.192009146380804907e-02
5.192127332359852687e-02
5.191642750841296561e-02
5.192562672895384424e-02
5.193766837171231998e-02
5.192929677692958990e-02
5.185359577535741948e-02
5.182647504089565871e-02
5.196961234313590694e-02
5.198596860001991615e-02
5.193914385247921928e-02
5.200216068224783328e-02
5.201382933696407918e-02
5.209227159690676956e-02
5.222175254704275460e-02
5.225376000656289932e-02
5.218438709940365072e-02
5.214574502549496060e-02
5.212287308727603374e-02
5.205503598143934596e-02
5.210854692755084727e-02
5.210836278062913607e-02
5.196954087915628406e-02
5.196735784512362955e-02
5.197002084089064056e-02
5.202970109534099663e-02
5.215088268282208617e-02
5.218011103468356282e-02
5.218727345498841430e-02
5.213151101065349735e-02
5.213034883440492706e-02
5.211690037641680817e-02
5.213571424844865021e-02
5.214936419642768328e-02
5.223487316010633208e-02
5.233581583236279755e-02
5.242624406966456263e-02
5.240861741639690763e-02
5.235674717159888303e-02
5.240480537466396527e-02
5.244762615736497935e-02
5.251468495979239037e-02
5.253831639979722468e-02
5.257457611944360565e-02
5.253146114585405257e-02
5.246496979131975991e-02
5.252240138320551921e-02
5.259837290608970761e-02
5.262477652122932170e-02
5.266217748726731429e-02
5.266666783013995712e-02
5.267123563965903088e-02
5.262122695425119900e-02
5.261133507780257901e-02
5.261187599499983492e-02
5.261227431933512833e-02
5.261524293055153123e-02
5.266648389721417800e-02
5.264672107939638579e-02
5.264615712633791134e-02
5.263046062510134959e-02
5.267456379296753255e-02
5.270113670021281393e-02
5.262937291026759112e-02
5.264353860131620877e-02
5.267011680505717663e-02
5.262501653489337627e-02
5.263945210773357530e-02
5.277083441891328164e-02
5.286769572553673413e-02
5.294349055229652379e-02
5.291909390232873989e-02
5.289819167970044589e-02
5.291804957637147311e-02
5.299351419143860653e-02
5.295600109325881988e-02
5.295969737431427404e-02
5.296618534198316297e-02
5.298917427636240518e-02
5.300658687640513733e-02
5.293737979500434676e-02
5.296651834140675419e-02
5.299333876057588100e-02
5.294575515945432187e-02
5.293037225924912548e-02
5.289411886433192933e-02
5.280037165284312550e-02
5.276590650591472809e-02
5.285896984386084796e-02
5.301976061637247994e-02
5.307223542536476657e-02
5.307104553269503810e-02
5.317199344877820977e-02
5.319833312162991490e-02
5.315943442240467220e-02
5.316729080180415679e-02
5.318872255631745816e-02
5.314823443558758242e-02
5.315821879231741320e-02
5.314705163171673519e-02
5.321016073712847572e-02
5.330662466979418923e-02
5.337307136812619035e-02
5.341040906990990322e-02
5.344839953344582284e-02
5.345609082669433576e-02
5.347394746174138902e-02
5.350743243787547954e-02
5.352409260758861365e-02
5.347932000394095553e-02
5.344801299193058242e-02
5.352458299459605939e-02
5.353056867142491626e-02
5.350224285113647227e-02
5.357287726658022109e-02
5.357212325710314360e-02
5.365882954652256842e-02
5.372726860752408129e-02
5.370209333323039402e-02
5.372390146403915878e-02
5.370918432360660688e-02
5.373306506531605464e-02
5.363810417076919634e-02
5.359466637574783476e-02
5.367557951997525834e-02
5.364320162201607900e-02
5.374875291208702777e-02
5.379700957719890653e-02
5.377659914985599698e-02
5.385318946949269048e-02
5.379966548722947550e-02
5.381121638743380231e-02
5.378548580375941413e-02
5.374591598007327775e-02
5.370988664193987461e-02
5.370757279411009222e-02
5.375010789196288385e-02
5.366474058038228634e-02
5.372922969099747093e-02
5.385974244950020307e-02
5.397707589234457259e-02
5.398363722970422884e-02
5.401099467225556339e-02
5.396287082833950421e-02
5.401524465456297719e-02
5.394069500075637791e-02
5.393001570632804942e-02
5.405872783679654958e-02
5.409124811804311150e-02
5.398760256131396318e-02
5.394498677048353841e-02
5.395991520877529979e-02
5.393792433669730713e-02
5.390232049217758004e-02
5.391273928307427354e-02
5.395426914386547423e-02
5.391682525566210415e-02
5.391122869156106390e-02
5.392160199326667680e-02
5.396661734969754320e-02
5.397166094189920216e-02
5.397106933865813971e-02
5.397733774297464038e-02
5.401349979849356941e-02
5.402360015258800274e-02
5.401944301141625715e-02
5.412029162348908073e-02
5.415466085785070049e-02
5.417081667328105254e-02
5.421011142071918698e-02
5.421623383405993479e-02
5.431955730970017271e-02
5.426503835029805600e-02
5.433967975519315985e-02
5.431978254597602529e-02
5.429341489708683355e-02
5.435401770324688187e-02
5.434795147517057501e-02
5.435621710842042376e-02
5.434084853981069330e-02
5.435417080532722878e-02
5.440615197072951048e-02
5.440477419260680847e-02
5.434396904522742489e-02
5.438599499214369359e-02
5.444345024219465756e-02
5.440487420483997028e-02
5.443582348682340921e-02
5.446623701401520634e-02
5.453803070001583819e-02
5.453554035270258282e-02
5.449576261853827930e-02
5.453640561431782885e-02
5.464923807815580403e-02
