3.628181546871103169e-01
1.223911324084743513e-01
4.186764420287929916e-02
1.668504438136590162e-01
1.859983040714526803e-01
4.619666259640883149e-02
-3.333813334446806831e-01
-3.063392905316302262e-01
-1.542890033186104792e-01
-4.783822893324787273e-01
-5.171565683642468381e-01
-3.595851466588836920e-01
-1.228771172597183520e-01
-4.597836438691627059e-02
-1.572834471833579606e-01
-3.091993443751752113e-01
-5.134873552532682739e-01
-5.814733812521402090e-01
-6.714011709692115915e-01
-6.819213390619182080e-01
-1.355585631579512840e-01
-1.001674642494175677e-01
-1.681947829185747867e-01
-2.954847434342942614e-01
-5.737386609273200655e-01
-6.304307666194249871e-01
-6.504113558437492060e-01
-7.401127007408967451e-01
-6.358181269014885340e-01
-1.001114387736006472e+00
-8.533120730622711925e-01
-8.644171719242641494e-01
-8.323599412191826641e-01
-1.119478938296944115e+00
-1.265673823974517331e+00
-1.269147393354512765e+00
-1.065461369046284190e+00
-1.038951191795832063e+00
-9.022223341147691533e-01
-7.958010294998710821e-01
-7.317506062609466788e-01
-9.598697209357590632e-01
-9.323901962704922441e-01
-8.023067843605502514e-01
-6.745332373169253826e-01
-9.121981640674875491e-01
-8.720934189700623174e-01
-1.292363729777328274e+00
-1.289987790799682843e+00
-1.786749868744813341e+00
-1.526112628178536212e+00
-1.736553822199728536e+00
-1.646586632277985407e+00
-1.506597061783678804e+00
-1.407182490162764976e+00
-1.416100867686514997e+00
-1.562538840227546855e+00
-1.876686252753731576e+00
-2.045784834281094700e+00
-2.036452508483646451e+00
-2.022177333693432999e+00
-2.143140286875198530e+00
-2.224446663081133924e+00
-2.343360802166643886e+00
-2.320256837530818128e+00
-2.130176717204327552e+00
-2.082795166303929690e+00
-2.237510284547167938e+00
-2.223730113031063826e+00
-2.141307271771158316e+00
-2.033840682399016941e+00
-2.103449563864849381e+00
-2.400651129708086362e+00
-2.049258472352900373e+00
-2.166602134894445086e+00
-2.104908919477860518e+00
-1.785292023682984119e+00
-2.100767163579130070e+00
-2.211768398597994345e+00
-2.167279033813838129e+00
-1.888735557058402348e+00
-2.129194676029799727e+00
-2.126179449858431880e+00
-2.098439092146804352e+00
-2.191037627395477028e+00
-2.195789596933626076e+00
-2.260326725631683686e+00
-2.110373500209454356e+00
-2.132322176403799840e+00
-1.993146928443951138e+00
-2.079318259823435877e+00
-2.280576286481620585e+00
-2.226269965345459845e+00
-2.494467747275216141e+00
-2.293844729910882840e+00
-2.576459321948444181e+00
-2.592677444518839636e+00
-2.659486338458127097e+00
-2.843277576934054363e+00
-2.676525960233672397e+00
-2.893897262705315221e+00
-2.992755759047037944e+00
-2.992626539695779631e+00
-3.062363963000007683e+00
-2.972956726340424627e+00
-2.907356533386070918e+00
-3.030615436358553794e+00
-2.857463011097038486e+00
-2.864904455791443372e+00
-2.663056975005959615e+00
-2.692109370092614640e+00
-2.699600355205187707e+00
-2.762929852597726388e+00
-2.599098108764972270e+00
-2.569400802384169236e+00
-2.916679782189126158e+00
-2.692032690548733953e+00
-2.559650819226666485e+00
-2.559751440513926113e+00
-2.669519167940331172e+00
-2.540837065653532179e+00
-2.774536239389894021e+00
-2.789437643910533726e+00
-2.654306840412110180e+00
-2.740918207096760817e+00
-2.690352789451611493e+00
-2.873227261433416668e+00
-3.030015630796764281e+00
-2.707572638710803670e+00
-2.614998567814355912e+00
-2.968538948311151948e+00
-2.773417127791098835e+00
-2.943120842064569143e+00
-3.088481464371104934e+00
-2.877503985712405399e+00
-2.716469344652824969e+00
-2.896338536844907274e+00
-2.950856758671596136e+00
-2.875318455232658721e+00
-2.588230997020408264e+00
-2.714074575019919777e+00
-2.780854141948586822e+00
-2.955480810081117404e+00
-2.863375801708484936e+00
-2.604745186452689598e+00
-2.386579368458937811e+00
-2.719529370802473256e+00
-2.732582031392022603e+00
-2.671544984217881336e+00
-2.863628624443094850e+00
-2.697212544292698411e+00
-2.625894251005923330e+00
-2.606405750595851334e+00
-2.505388861366367514e+00
-2.556449158446348235e+00
-2.549359326494343048e+00
-2.918847538466896818e+00
-2.855528617640969546e+00
-2.787077112933623368e+00
-2.600314201795293378e+00
-2.749132930764996541e+00
-2.632192512106266591e+00
-2.673485182999782772e+00
-2.589178733090460760e+00
-2.798055804740943397e+00
-2.743812731230747204e+00
-2.416706802438584933e+00
-2.534993537615441994e+00
-2.733315983504724489e+00
-2.579326296757797010e+00
-2.399322089552132553e+00
-2.302478218559843359e+00
-2.409136268767082534e+00
-2.048092955447575747e+00
-2.250569831547726718e+00
-2.389976638986648805e+00
-2.218288572598328567e+00
-2.302172387402175779e+00
-2.111002141149288747e+00
-1.985604228230685386e+00
-2.202405053659626244e+00
-2.115726246309606040e+00
-2.230157780769336906e+00
-2.053756852229157825e+00
-1.839020027809091129e+00
-1.641331269270411619e+00
-2.019300670608662251e+00
-1.976472757079011267e+00
-1.834370942506084123e+00
-1.881635636522050126e+00
-1.742597313061772901e+00
-1.746624363382382583e+00
-1.780067867028077178e+00
-1.794919410147822525e+00
-1.904476874191567637e+00
-1.807620665586429309e+00
-1.785576764647438086e+00
-1.616259626690588647e+00
-1.588952531876639096e+00
-1.789649097479322659e+00
-1.895544852731334107e+00
-1.912002324805831988e+00
-1.758341695210356326e+00
-1.813640837564409747e+00
-1.734326520269566574e+00
-1.826806894898183486e+00
-1.858771109481621275e+00
-1.903214764209112841e+00
-1.830550762213191573e+00
-1.892567502848808925e+00
-1.785379726807105660e+00
-1.774141944451580688e+00
-1.841199928631361615e+00
-1.804217346971275449e+00
-1.962105968892305263e+00
-1.810903406767020440e+00
-1.941277198816081295e+00
-1.982827872547322956e+00
-1.788411364099703915e+00
-1.727108477866432512e+00
-1.726590729501579879e+00
-1.672689529220541260e+00
-1.676858418092285197e+00
-1.512361495422172908e+00
-1.513147428385703819e+00
-1.772726901503925312e+00
-1.670475166462428440e+00
-1.707023754202385390e+00
-1.812573298213578266e+00
-1.928757641533922707e+00
-1.805379864365631137e+00
-1.700716835788435910e+00
-1.428458664115814125e+00
-1.592114524904451045e+00
-1.479896408859647572e+00
-1.467415115328873698e+00
-1.471783321418475454e+00
-1.763576559443600589e+00
-1.669856280555359840e+00
-1.706406979082191411e+00
-1.480695745690210119e+00
-1.655299404160820886e+00
-1.707673525272042747e+00
-1.674133694241103587e+00
-1.599878051385183131e+00
-1.913852404661649853e+00
-2.019269911525386707e+00
-1.792324369422006347e+00
-1.694785828578275755e+00
-1.669001786038062374e+00
-1.992070209116381552e+00
-2.107935204972243071e+00
-1.940573532164854065e+00
-1.900479148181148936e+00
-1.838068680856433046e+00
-1.701214129032453393e+00
-1.740567596798586303e+00
-1.504283549633673056e+00
-1.566970006055114384e+00
-1.617709984762513598e+00
-1.634010499594119370e+00
-1.607548446505655315e+00
-1.830179329750035055e+00
-1.899892419531070686e+00
-2.032796147639523543e+00
-1.925185785049520426e+00
-1.777974057967973476e+00
-1.740643369355046932e+00
-1.793680758827290278e+00
-1.910122485138301185e+00
-1.967452115533984358e+00
-1.918960723723328377e+00
-2.013742061982101816e+00
-1.941277209511885093e+00
-2.023599011543378179e+00
-1.965114824439811114e+00
-2.010564073977342048e+00
-1.902946562663401675e+00
-1.871607388934694693e+00
-1.840663428905654264e+00
-2.197689250995650490e+00
-2.281952773189063866e+00
-2.356868247473622890e+00
-2.198636500242876046e+00
-2.262851414203253864e+00
-2.415932893130818826e+00
-2.401829042190064989e+00
-2.529212170659874026e+00
-2.464590953430522369e+00
-2.328461308132686813e+00
-2.180444121086432929e+00
-2.154587926115281160e+00
-1.944564933870160495e+00
-2.123268771917040887e+00
-2.135943509263245499e+00
-2.200464025932118872e+00
-2.166687366627959577e+00
-2.006121068919629824e+00
-1.975578713901567918e+00
-1.898977774221949799e+00
-1.833949158667297352e+00
-1.874412248497341560e+00
-1.815254281616449417e+00
-1.970189571827820618e+00
-1.906364218495255614e+00
-2.007791394601967205e+00
-2.047942963314811848e+00
-2.157595649772274360e+00
-2.170540883279198585e+00
-2.095744095291415476e+00
-2.111873332775710654e+00
-2.372354557803594055e+00
-2.535556343311883509e+00
-2.596965371719921034e+00
-2.428645587845951859e+00
-2.558268554137302253e+00
-2.709781099492436507e+00
-2.721925847438090962e+00
-2.533960988312108142e+00
-2.621022229692846928e+00
-2.680081092673434195e+00
-2.837502068566587710e+00
-2.722916349639623590e+00
-2.497396715939882217e+00
-2.571175681076228958e+00
-2.685603806177944808e+00
-2.416448545814696480e+00
-2.723722239564135172e+00
-2.818268787872288961e+00
-2.766717624237648998e+00
-2.958591287752078802e+00
-2.978944181866600704e+00
-3.105290184435459899e+00
-2.886163624831029395e+00
-3.267386649926216524e+00
-3.241684123256262318e+00
-3.292771940306127743e+00
-3.296968384725956547e+00
-3.397507202232584067e+00
-3.503319253288063262e+00
-3.440318994343875225e+00
-3.348658047114586811e+00
-3.774322194684784471e+00
-3.752232678916860742e+00
-3.553272204803759937e+00
-3.570253535582060600e+00
-3.529722614096939104e+00
-3.485508407652744278e+00
-3.505236748404765734e+00
-3.613921439889359100e+00
-3.539681985220589411e+00
-3.388388349547961642e+00
-3.405890493073817193e+00
-3.248446881852304902e+00
-3.401215275060167187e+00
-3.376396263993648894e+00
-3.297464282461537000e+00
-3.001130827656197653e+00
-3.057736540676359471e+00
-3.143584316376693888e+00
-3.135614012438500353e+00
-3.016957027470801300e+00
-3.036946614002907996e+00
-3.017723431889462571e+00
-3.093503135448464558e+00
-3.168164370215127423e+00
-3.292293225427390890e+00
-3.609143653026822829e+00
-3.371509722037950851e+00
-3.221413858217529125e+00
-3.253463128269719729e+00
-3.304969039206925530e+00
-3.337902591014922038e+00
-3.283780998943958362e+00
-3.308993197583651735e+00
-3.444101583591605564e+00
-3.505162618082494852e+00
-3.410767913211413926e+00
-3.502890920589023516e+00
-3.518457675472689061e+00
-3.474876230054681603e+00
-3.441718130298546008e+00
-3.541463838300878297e+00
-3.625953534946736223e+00
-3.687529691336895343e+00
-3.469805775285374150e+00
-3.614814405991389812e+00
-3.523917024882563531e+00
-3.640876144596554731e+00
-3.595020372026905608e+00
-3.613145011699723685e+00
-3.530819014199718442e+00
-3.365115798682639436e+00
-3.423699048947979939e+00
-3.584825731681751559e+00
-3.581081103802650656e+00
-3.617509007845899571e+00
-3.803112684874065508e+00
-3.601245207345629140e+00
-3.323430149958015889e+00
-3.457338485860238730e+00
-3.297485351588500535e+00
-3.340996642564971086e+00
-3.405550534629611992e+00
-3.220571659343704596e+00
-3.293470296133243824e+00
-3.212880825133247686e+00
-2.806741549316231765e+00
-3.042261887122025499e+00
-2.933086576911919430e+00
-3.016186121641455387e+00
-3.085176872172862517e+00
-2.968081144724695530e+00
-3.005600633774645924e+00
-2.884496960466757631e+00
-2.887355156294011405e+00
-3.070113028948434852e+00
-3.271744989003601667e+00
-3.053196165161329745e+00
-3.255395462363349868e+00
-3.193729128868007194e+00
-3.176376520945553228e+00
-3.153124776664668616e+00
-3.200039434151497275e+00
-3.269652928189052510e+00
-3.126865896965556946e+00
-3.154586080894806077e+00
-3.095791215966579024e+00
-3.113112654055763429e+00
-3.141116018762629913e+00
-3.185964974044105169e+00
-3.120165960964747853e+00
-3.180700968358413760e+00
-3.107551595877625861e+00
-3.032854971794159304e+00
-3.016220509442700592e+00
-2.881871371791362435e+00
-2.880526017775094427e+00
-2.588089132571422368e+00
-2.786530187659896018e+00
-2.874045718037129937e+00
-3.145837474635955200e+00
-3.229963425940791666e+00
-3.270341897933426889e+00
-3.106075041468187692e+00
-3.017629639004905329e+00
-2.798852733110255731e+00
-2.725920300121447148e+00
-2.854568348400518207e+00
-2.846721110033534785e+00
-2.560201326589490733e+00
-2.721733706540527375e+00
-2.676716347531782780e+00
-2.586894784426679639e+00
-2.595073600640541045e+00
-2.542583868601064445e+00
-2.509961691784901916e+00
-2.419737105930130028e+00
-2.523388090570775066e+00
-2.668617321250007723e+00
-2.653384773368285821e+00
-2.355954796567553799e+00
-2.310777049109825843e+00
-2.182417817636314261e+00
-2.148175863960846588e+00
-2.015257948204352445e+00
-2.035409656510068110e+00
-2.103559245480778550e+00
-2.224584303272743924e+00
-2.308721882735505382e+00
-2.252677302826608052e+00
-2.152452126316375836e+00
-1.988437047221857767e+00
-1.863944474873629131e+00
-2.067484903308687283e+00
-1.959143507062886425e+00
-2.054756105204901928e+00
-2.093215171055112123e+00
-2.078303064741090722e+00
-2.048331319841911746e+00
-1.894403178663077503e+00
-1.905566281266522832e+00
-1.885589654944513693e+00
-2.182750047720000364e+00
-2.267097522260518971e+00
-2.135167337125781106e+00
-2.124202764049312631e+00
-2.175167741335293670e+00
-1.964703276169520452e+00
-2.080742642167180634e+00
-2.046578438265841626e+00
-2.213282193772433626e+00
-2.198697485759030013e+00
-2.089867312423501211e+00
-2.191536948520816264e+00
-2.503911493746535655e+00
-2.416594430643439484e+00
-2.414080626778052796e+00
-2.319757851713089902e+00
-2.417627383716017153e+00
-2.360322950372400364e+00
-2.500721618175164807e+00
-2.370327709637522595e+00
-2.055134552470825327e+00
-2.059433497995866613e+00
-2.120507737538043003e+00
-2.146109875402137046e+00
-2.134908405523534114e+00
-1.999728820936433671e+00
-1.946087443937618122e+00
-1.949107886725746086e+00
-1.991647126916483490e+00
-1.901153074952036226e+00
-1.836812359786185178e+00
-1.876148387627825098e+00
-1.915908808650991224e+00
-2.050027849043736250e+00
-1.950593817431476973e+00
-1.963750335450443307e+00
-1.827009857107648960e+00
-1.852517949282427745e+00
-1.934323106717622975e+00
-1.843985470525907555e+00
-1.811473882742224761e+00
-1.930341654174186239e+00
-1.897876200179164696e+00
-1.970650564658607662e+00
-1.823516469256970085e+00
-1.743704416160968274e+00
-1.769460748026725261e+00
-1.761631480657160465e+00
-1.588411785158135858e+00
-1.507109298628022342e+00
-1.503195697443538759e+00
-1.687501690067103377e+00
-1.542269929470061696e+00
-1.544283607178799533e+00
-1.612384283366065318e+00
-1.683346072897411894e+00
-1.879047570778576537e+00
-1.931985891071974493e+00
-1.994997674324154424e+00
-2.239280103237904385e+00
-2.071620505147196756e+00
-1.824672961580151131e+00
-1.658896836396126506e+00
-1.709425280835761063e+00
-1.586605433692734435e+00
-1.738990139905085330e+00
-1.760140702215001740e+00
-1.691072376195088323e+00
-1.793251120487545869e+00
-1.691269662269790697e+00
-1.649742415610507607e+00
-1.737228227685421622e+00
-1.642553150932547501e+00
-1.946244118660263478e+00
-1.853717082319373599e+00
-2.020734642293092520e+00
-1.985052129414719424e+00
-2.073469405440826918e+00
-1.951483162783776759e+00
-1.973104831480112731e+00
-2.097242159510516402e+00
-2.149658829204372346e+00
-2.225005890326116287e+00
-2.202740040849691550e+00
-2.032371165325698392e+00
-1.998192547017689558e+00
-1.985483480157477221e+00
-1.908028695131920527e+00
-1.989447111751010633e+00
-2.013131864876767096e+00
-1.990805835528943968e+00
-2.078229287218317456e+00
-2.201529015443947745e+00
-2.107721474966892217e+00
-2.043894373204599546e+00
-2.101243940557929513e+00
-1.890781079443461188e+00
-1.960193145635724221e+00
-1.905954393534506464e+00
-1.996265141202661519e+00
-2.139370558140816669e+00
-2.177028216998811327e+00
-2.161047057120836445e+00
-2.144471091494741355e+00
-2.277633263291965360e+00
-2.294709226745784481e+00
-2.153022009449516716e+00
-2.114911121519832626e+00
-2.317236502442138413e+00
-2.309719853067368600e+00
-2.341673855967764784e+00
-2.224826744730012518e+00
-2.280543536819195971e+00
-2.225646459489372564e+00
-2.260800067401421032e+00
-2.273376676592185675e+00
-2.415844338787339840e+00
-2.539006612079312220e+00
-2.504489520795205593e+00
-2.612034801255282979e+00
-2.634804489233395941e+00
-2.716205283068881204e+00
-2.691634833583612441e+00
-2.831901667969682457e+00
-2.834970792898486192e+00
-2.753232054891035396e+00
-2.769489702255987673e+00
-2.702774989167968656e+00
-2.703943182303660819e+00
-2.683857063406694277e+00
-2.703328516028105977e+00
-2.734355513981070906e+00
-2.748984730338377425e+00
-2.564400375619468875e+00
-2.537375907496615124e+00
-2.555718993912689641e+00
-2.577275054805546084e+00
-2.615701471059120209e+00
-2.576501553681293188e+00
-2.590630323301712945e+00
-2.457865471028427784e+00
-2.513427493919955680e+00
-2.566122871472348965e+00
-2.482006612044772798e+00
-2.497293399700023731e+00
-2.541704377951327753e+00
-2.677453400203410716e+00
-2.682326156933511285e+00
-2.729393199629241096e+00
-2.751744424397200017e+00
-2.922020051166524635e+00
-3.061010636469170265e+00
-3.074986501387472870e+00
-3.030623505867146239e+00
-3.147011579875116372e+00
-3.169820918729867820e+00
-3.204645484628800389e+00
-3.162803383073349739e+00
-3.163745748624102738e+00
-3.204186883994841306e+00
-3.163146522714003428e+00
-3.002097287557540461e+00
-2.879521144916843411e+00
-2.792666002328155983e+00
-2.749233979866356758e+00
-2.797006429347619338e+00
-2.822549084865779268e+00
-2.932152760212757059e+00
-2.912683551671563897e+00
-2.915323149436769068e+00
-2.959251958867769261e+00
-2.870267207077682237e+00
-2.948609380672947644e+00
-2.807791901348687169e+00
-2.904860694502543250e+00
-2.634471123129528802e+00
-2.616063165901533427e+00
-2.665192500073657378e+00
-2.746965607705843304e+00
-2.599677026483526276e+00
-2.490013209943721773e+00
-2.586563101000172615e+00
-2.481911165401696540e+00
-2.482109152005806507e+00
-2.464541711170579408e+00
-2.387710024263985265e+00
-2.604805650781563564e+00
-2.610823159923894909e+00
-2.591879495176462100e+00
-2.580131775978372843e+00
-2.676554472843784893e+00
-2.655451871972633882e+00
-2.654199306822558668e+00
-2.536395156074028101e+00
-2.574143826313707528e+00
-2.656258526077093673e+00
-2.598255004413835501e+00
-2.611893977526926314e+00
-2.728036834743662986e+00
-2.804983144844635401e+00
-2.921294376043118923e+00
-3.006115586241537407e+00
-2.985679269297629279e+00
-2.951028059448372876e+00
-2.950295654315331362e+00
-2.851619331013691028e+00
-2.793049263041538222e+00
-2.681189549784307680e+00
-2.744104979781133657e+00
-2.796152562455541890e+00
-2.816765753011271745e+00
-2.662094781192652970e+00
-2.690453984896863382e+00
-2.655218856454805820e+00
-2.525057995789136367e+00
-2.592088001172892842e+00
-2.526879998550887407e+00
-2.562061900132058589e+00
-2.725650798271120223e+00
-2.807878643480243852e+00
-2.764717499559123048e+00
-2.770995976194995158e+00
-2.887513775579261033e+00
-2.737758550637724220e+00
-2.858795957630622997e+00
-2.966891567786567041e+00
-2.907099035187405534e+00
-2.760305357783352953e+00
-2.801704627166260231e+00
-2.971628631878342919e+00
-2.988621265324242771e+00
-2.719763637057865502e+00
-2.894125584638486348e+00
-2.987816734906372673e+00
-2.871014806103224792e+00
-2.968111939363354601e+00
-3.065724812612653505e+00
-3.093375253795980218e+00
-2.871947149925856646e+00
-2.771845341297750842e+00
-2.879764638488771844e+00
-2.967925660727276593e+00
-2.706807567805467496e+00
-2.744311278359830020e+00
-2.691732379948762688e+00
-2.790607907597221882e+00
-2.818226817638199488e+00
-2.886743295004003507e+00
-2.881812559370435789e+00
-2.952236886752855227e+00
-3.024390015079930993e+00
-3.058727069551154809e+00
-2.962878751882906059e+00
-3.200753023539563369e+00
-3.046810846429574227e+00
-2.822518770897887386e+00
-2.758691992894570788e+00
-2.877130365760915520e+00
-2.901799830596296204e+00
-2.711941949712199929e+00
-2.589605613717467669e+00
-2.581401454794468364e+00
-2.734791891331364244e+00
-2.691181949754674729e+00
-2.781358644270803371e+00
-2.810924375484157522e+00
-2.812842392642090239e+00
-2.758392530980183555e+00
-2.600537156347527468e+00
-2.677670156448121563e+00
-2.613971060945087022e+00
-2.492764745191587750e+00
-2.467179490519125995e+00
-2.580526994709133604e+00
-2.569979225141159951e+00
-2.525558690303880027e+00
-2.560060339521567752e+00
-2.690835734359186660e+00
-2.590638212385284689e+00
-2.773310111185018911e+00
-2.879503536317181478e+00
-2.784244624688623215e+00
-2.824191546766975591e+00
-2.664269173143216207e+00
-2.489634505256382635e+00
-2.435509721940375183e+00
-2.534392665167704894e+00
-2.528056366901131113e+00
-2.608187733468942948e+00
-2.755730773499927899e+00
-2.794324373992928212e+00
-2.864191425364983612e+00
-2.872876672294088163e+00
-2.676845857768812120e+00
-2.503528514073884104e+00
-2.488149300118629004e+00
-2.544498396148350494e+00
-2.410000362656853579e+00
-2.592071260328474125e+00
-2.467511145963781072e+00
-2.468420193325093326e+00
-2.464511012145424562e+00
-2.552497641574818399e+00
-2.571359353656687219e+00
-2.417037767693992922e+00
-2.371268768085752932e+00
-2.481489513013355186e+00
-2.562214601527665447e+00
-2.689050298103281111e+00
-2.642132296990027829e+00
-2.841693696226319066e+00
-2.895033160709390430e+00
-2.935415918317550332e+00
-2.912456874524642636e+00
-2.878238945847298336e+00
-2.765048924329414959e+00
-2.807012587768458634e+00
-2.646495019007695682e+00
-2.744315387716946386e+00
-2.731417068459780051e+00
-2.719964915499732516e+00
-2.778477497449370226e+00
-2.625981132304210597e+00
-2.872971143062571286e+00
-2.718325759007722109e+00
-2.873028764069342156e+00
-2.753982403957176750e+00
-2.723939734651814604e+00
-2.528433952402049378e+00
-2.481097693324167963e+00
-2.656095512908922540e+00
-2.591709319176511261e+00
-2.327970545706718575e+00
-2.292248215317210125e+00
-2.356072854137245542e+00
-2.492710686441081069e+00
-2.472507109654268120e+00
-2.605223059308789502e+00
-2.562087365422923924e+00
-2.610863222016500007e+00
-2.719535906137694692e+00
-2.981401924486255517e+00
-3.023121919421788650e+00
-3.016959225319625126e+00
-3.140449219608328235e+00
-2.996313310021890608e+00
-3.086035288520074804e+00
-3.285279997521415751e+00
-3.175566609771747650e+00
-3.133829002294574728e+00
-3.124058042750936792e+00
-3.086287964431775777e+00
-3.227068043237716122e+00
-3.239672664638391986e+00
-3.061242233276569191e+00
-2.970849140219128159e+00
-2.944012080786507557e+00
-3.092114147463702167e+00
-3.207433974097930296e+00
-3.239618569836489215e+00
-3.100554927162085139e+00
-3.272631371666003375e+00
-3.376816924035026979e+00
-3.327525960445828712e+00
-3.302830284026642360e+00
-3.319038088056732061e+00
-3.172086821958356229e+00
-3.200435915573712098e+00
-3.479200196525679356e+00
-3.534966553177619986e+00
-3.516716921512252458e+00
-3.502125919012715194e+00
-3.655034282492081843e+00
-3.469613063194391334e+00
-3.410566191812995029e+00
-3.303794344173132558e+00
-3.363125447627488995e+00
-3.169032736368588399e+00
-3.137328570044212839e+00
-3.136180446067568628e+00
-3.070229874734074382e+00
-3.100741377419596212e+00
-3.029862150039662083e+00
-3.020121285109074183e+00
-2.996690830957983387e+00
-3.155250445257628655e+00
-3.443922582697970913e+00
-3.579673312864876777e+00
-3.757844214131194960e+00
-3.723842876409129588e+00
-3.692596304263072060e+00
-3.518056211997958371e+00
-3.680005682977778747e+00
-3.419998628834405530e+00
-3.269922245427313356e+00
-3.145961941045154919e+00
-3.046404730107071579e+00
-3.142384749910717368e+00
-3.316418991213839540e+00
-3.320498982852771785e+00
-3.380843541259072271e+00
-3.332668338099604277e+00
-3.314688330334234045e+00
-3.375276321434857341e+00
-3.204489918095279055e+00
-3.288312015460129967e+00
-3.290959519006259271e+00
-3.235151723385742528e+00
-3.183921689096090635e+00
-3.231210167721213278e+00
-3.110222752075229469e+00
-3.092704743383999144e+00
-3.135647799139070102e+00
-3.099831241721486830e+00
-3.161747388790642432e+00
-3.171699897475087404e+00
-2.903692663682580832e+00
-2.831598373403587221e+00
-2.893219804687211294e+00
-2.795111488658981180e+00
-2.826808594079958326e+00
-2.793581706858689451e+00
-2.803241655175984892e+00
-2.910724499743876592e+00
-3.026475880497695670e+00
-2.844916933251608882e+00
-2.831802714814559252e+00
-2.971314621252351351e+00
-3.050707701423812424e+00
-3.060662154912256128e+00
-2.961988899962238353e+00
-3.022783746465558696e+00
-3.028942708201104672e+00
-3.210449787679501732e+00
-3.152848315404165991e+00
-3.066845527593773379e+00
-3.067963696481065039e+00
-3.049037548830943134e+00
-3.316988146321891318e+00
-3.269400510046184483e+00
-3.111686591617311759e+00
-3.010325450145074022e+00
-2.879375167154807347e+00
-2.777070756952271680e+00
-2.896176128214908108e+00
-2.577644980267550068e+00
-2.625754386241811567e+00
-2.857960515482535602e+00
-2.912387337066766779e+00
-2.987088577380354160e+00
-2.919333918250484050e+00
-2.984388126542603548e+00
-2.922022214948534646e+00
-2.698543798532607951e+00
-2.909141511585488615e+00
-2.867905799382489018e+00
-3.213385786667069866e+00
-3.150901633826071802e+00
-2.912023059760317611e+00
-2.767052689936471133e+00
-2.845268859336838485e+00
-2.746826271207225112e+00
-2.824377286427454337e+00
-2.677650381707636029e+00
-2.600556310946673833e+00
-2.563399686689846746e+00
-2.674239905541461404e+00
-2.817407466758351298e+00
-2.896262946147480477e+00
-2.646006971978068556e+00
-2.661440193640576712e+00
-2.546232895223422332e+00
-2.564692542636894501e+00
-2.537192000367762379e+00
-2.352132119762014195e+00
-2.344453863442966579e+00
-2.604687220524224855e+00
-2.504512967912487564e+00
-2.450429774112148795e+00
-2.376244056573729502e+00
-2.635291098823688838e+00
-2.558887614297753466e+00
-2.505992757430776763e+00
-2.335704746886106076e+00
-2.183742681170282030e+00
-1.954139925315307114e+00
-1.918762885826867715e+00
-2.126387500423411403e+00
-2.242841278643269209e+00
-2.402367667642602456e+00
-2.345072855119382460e+00
-2.226615674062607297e+00
-2.557644140552420620e+00
-2.401216041278012803e+00
-2.335666447144637559e+00
-2.345958368324977172e+00
-2.268179955081438326e+00
-2.390330955869492513e+00
-2.651122109093444479e+00
-2.486926082746943489e+00
-2.596367035996971051e+00
-2.880688664147396327e+00
-2.901414564748085567e+00
-2.980612717560746638e+00
-3.115092460726209378e+00
-3.073429993645916625e+00
-3.378566323284045936e+00
-3.349791540640161713e+00
-3.245315545657251999e+00
-3.178759315132851704e+00
-3.171042082653415140e+00
-3.210867027751707070e+00
-3.371870390699604592e+00
-3.371632748185177775e+00
-2.954818908829848212e+00
-2.785809364479862271e+00
-2.780625261778623791e+00
-2.889520568913879206e+00
-2.796922512423585694e+00
-2.899773058940105841e+00
-3.072115146935026964e+00
-3.183531754601554908e+00
-3.053713405362576960e+00
-2.808570275049719900e+00
-2.831531536958508788e+00
-2.718873741272505029e+00
-2.828946224441228008e+00
-3.125982382361543799e+00
-3.073030941892825219e+00
-2.962147608096217688e+00
-2.906948812937829363e+00
-2.846529098253964829e+00
-2.606172248013292947e+00
-2.865357010620404044e+00
-2.891298578822258936e+00
-2.889785883491226670e+00
-2.926350760363598980e+00
-2.972329210401096322e+00
-3.163792866321925246e+00
-3.073400935640593801e+00
-3.166286427776487056e+00
-3.301681603603026094e+00
-3.347199475150052894e+00
-3.498833292828920083e+00
-3.433464336934401118e+00
-3.481417620300370608e+00
-3.308879183720276895e+00
-3.246944464672652408e+00
-3.336092566225969946e+00
-3.536046003230227885e+00
-3.331074759785755290e+00
-3.144827590509693405e+00
-2.973425313592784391e+00
-3.207076311914605071e+00
-3.140401887799711744e+00
-2.929296678321923864e+00
-3.085122690379688226e+00
-2.872142497111831894e+00
-2.869108963849235749e+00
-2.856753178862871945e+00
-2.763751668966820674e+00
-2.848598408829948525e+00
-3.008115941067254884e+00
-2.752747141809980036e+00
-2.821285914594218180e+00
-2.714024237903255976e+00
-2.818458783258618539e+00
-2.792726520605121276e+00
-3.002318536841166896e+00
-3.287615189407018690e+00
-3.186613026508426483e+00
-3.400014970368975487e+00
-3.412078037772142469e+00
-3.278248818721845481e+00
-3.410774320700626916e+00
-3.042183932672056113e+00
-2.843780936484844091e+00
-3.012706521294038264e+00
-3.037796190081242020e+00
-3.280337449569201702e+00
-3.387328890613814814e+00
-3.471816457642093123e+00
-3.529649845575798750e+00
-3.511637321730596284e+00
-3.432304021533203020e+00
-3.106206788585159639e+00
-2.838256028775937523e+00
-2.860956742862002855e+00
-2.846253117235720609e+00
-2.935154667645773596e+00
-2.965233162989607596e+00
-2.920134544863207449e+00
-2.824323213481940709e+00
-2.748928745881010105e+00
-2.657911201551820035e+00
-2.216467828491410330e+00
-2.562130832856832185e+00
-2.627559969254195327e+00
-2.426227966041232254e+00
-2.562784148656396255e+00
-2.923968132264649800e+00
-2.878900261336744926e+00
-2.580370263958913224e+00
-2.684166485914604827e+00
-2.719457969265195008e+00
-2.350198391603811388e+00
-2.274504933933804374e+00
-2.539080402208812259e+00
-2.615357917708312829e+00
-2.699492394354893854e+00
-2.693363109173406489e+00
-2.792982713303045372e+00
-2.792716269985449529e+00
-2.235305104428156220e+00
-2.500449411668284938e+00
-2.410447936139263447e+00
-2.568874846227261699e+00
-2.460537972620552516e+00
-2.779115858787330584e+00
-2.424467190542899608e+00
-2.438857779377100243e+00
-2.280502572320333154e+00
-2.443932204728538338e+00
-2.427677278976178687e+00
-2.603871624458773848e+00
-2.354549311462672545e+00
-2.095456777934984416e+00
-2.473578283076020234e+00
-2.329604493948098209e+00
-2.422998838406135391e+00
-2.359042561720898767e+00
-2.276213285131287289e+00
-2.293838705261420863e+00
-2.205670112891451762e+00
-2.279787051004866782e+00
-2.105229457523204672e+00
-2.011700909335097265e+00
-2.007544263442718080e+00
-1.635476172561376007e+00
-1.788627483733864487e+00
-2.197173771327144642e+00
-2.120710297667253386e+00
-1.814795257870534195e+00
-1.991438162717293237e+00
-2.211973889098779011e+00
-2.182124264969906413e+00
-2.309817389399180687e+00
-2.304483426725427275e+00
-1.990724629842292925e+00
-1.794225348798869080e+00
-1.863209909033072931e+00
-1.724238441802766308e+00
-2.024564175553436485e+00
-2.167488396054189081e+00
-2.232270162539142344e+00
-2.265573151664232565e+00
-2.224120858816336810e+00
-2.107257349838076887e+00
-1.661828561331042176e+00
-1.707810558566142278e+00
-2.017887456942133007e+00
-1.891126974985867015e+00
-1.926655717464806905e+00
-2.421648765592804065e+00
-2.393085814312170712e+00
-2.361153312294955064e+00
-2.366490041140784761e+00
-2.561751567377932304e+00
-2.878663359812261735e+00
-2.687134786303012390e+00
-2.713891842425367962e+00
-2.630030968687867787e+00
-2.751433632297263898e+00
-2.906279296311412352e+00
-3.106998233671181886e+00
-3.306146223485437741e+00
-3.125294586540432906e+00
-2.973929494287295583e+00
-3.247501149182864921e+00
-3.733917091084892448e+00
-3.942006926558172530e+00
-4.041839817732488349e+00
-3.718576922626068537e+00
-3.540008578110932280e+00
-3.122416219613990407e+00
-3.342151575454159307e+00
-3.867273022140068406e+00
-3.232913605686913439e+00
-3.459042970495980640e+00
-3.100925170313456825e+00
-3.176802844332039744e+00
-3.359509909250189441e+00
-3.295317138884504615e+00
-3.137112556708780531e+00
-3.131150312452227080e+00
-3.214444766836321854e+00
-2.832046896881288411e+00
-3.167839712438652811e+00
-3.183085858788073708e+00
-2.917230776200954612e+00
-2.575545398257680585e+00
-2.602188231473180124e+00
-2.655636750701802384e+00
-2.540140381190030716e+00
-2.723364218518053104e+00
-2.828313854086216494e+00
-2.985868675479546042e+00
-3.079932546319374964e+00
-3.242511570853996439e+00
-3.072290970356222228e+00
-3.684082039624987370e+00
-4.165029608645251180e+00
-4.458949542709981451e+00
-4.768660735109260251e+00
-4.481932672581600663e+00
-4.303689552360722814e+00
-4.697284090896389763e+00
-4.520253539197816472e+00
-4.632100937913379290e+00
-4.384918875871695043e+00
-4.399754387437379677e+00
-4.520473410390433600e+00
-4.794046769386640428e+00
-4.816507585697994642e+00
-5.091786000627696929e+00
-4.896955565322583581e+00
-4.653870021258208034e+00
-4.813614917598646237e+00
-4.368019797404802063e+00
-4.386611528082135614e+00
-4.211091552898269974e+00
-4.170355227235473805e+00
-4.458101942612362478e+00
-3.654244508567592753e+00
-3.721482210657313772e+00
-3.387971918299735652e+00
-3.419753819741449874e+00
-3.690158740652771829e+00
-3.421655950226002219e+00
-3.481800626383206421e+00
-3.979303587707159195e+00
-3.920721598272868924e+00
-3.938670145467658923e+00
-3.705719619707173784e+00
-3.394987608678847746e+00
-3.173997139389630462e+00
-3.190574525355078794e+00
-3.239962770441527251e+00
-3.670782986625733102e+00
-3.434812078166975535e+00
-3.107498950392799220e+00
-3.060392248583307051e+00
-3.204561983525228808e+00
-2.819387339239104229e+00
-3.161073139141698629e+00
-3.326478845668831230e+00
-2.917222832834577950e+00
-2.895608801215366235e+00
-3.113769106394444819e+00
-2.894800675022735970e+00
-3.004476116744090763e+00
-2.635943153370720271e+00
-2.738119097795229440e+00
-2.536115422685723431e+00
-2.709896893156503506e+00
-2.758980404492908711e+00
-2.671062219739958721e+00
-2.632059337390171283e+00
-2.540922199245578827e+00
-2.498083659504361620e+00
-2.629609934108601887e+00
-2.421100849339413941e+00
-2.247495482179304283e+00
-2.329860992723434610e+00
-2.755856925193902462e+00
-2.907088554195666141e+00
-3.000565008043059922e+00
-3.205547852785747054e+00
-3.240313871473082141e+00
-3.320269361089447813e+00
-3.518786019969776468e+00
-3.281241139100778526e+00
-3.005302036884385686e+00
-3.059397038756173970e+00
-3.264992744597401853e+00
-3.500178716726323191e+00
-3.679676366736222448e+00
-3.383702834679231941e+00
-3.424570925574502045e+00
-3.408306181513208077e+00
-3.362338262308551595e+00
-3.088976293459273492e+00
-3.188870355285190694e+00
-3.583941875112099940e+00
-3.364085997326214272e+00
-3.262617321693035866e+00
-3.672127814511306099e+00
-3.626897665346547228e+00
-3.244343330049691332e+00
-2.834466376957344380e+00
-2.990920997372679135e+00
-3.088293637640448175e+00
-3.172880096924328708e+00
-3.136822811890345619e+00
-2.811253089962925333e+00
-3.058425650147669650e+00
-2.894796613255678608e+00
-2.711239150648201424e+00
-2.724788967596736278e+00
-2.768697100731551508e+00
-2.584462070074363904e+00
-2.376644121986744906e+00
-2.340538321718205417e+00
-2.376440084610643488e+00
-2.733352918800880715e+00
-2.438159675163309004e+00
-2.266351697798634213e+00
-2.269730974083993047e+00
-2.440854327900747744e+00
-2.403697923284165316e+00
-2.456649207830267301e+00
-2.518304453621986294e+00
-2.664504466486509404e+00
-2.529426407021599044e+00
-2.766875737977770200e+00
-2.878724548241246683e+00
-3.008720749182929310e+00
-2.890855650545123279e+00
-2.552365635901545637e+00
-2.463495605394893762e+00
-2.329696348217585200e+00
-2.236690578767082993e+00
-2.379974672582600537e+00
-2.350091697593644557e+00
-2.295796865146756183e+00
-2.076649228596600949e+00
-1.968474847031586705e+00
-1.695406031469852692e+00
-1.722098488327491461e+00
-1.859321390678782215e+00
-2.267886922542206474e+00
-2.238717707970152571e+00
-2.326819837928405743e+00
-2.352986649469643421e+00
-2.284149765893034090e+00
-2.469278334649849249e+00
-2.286145269659138890e+00
-2.273762409523441441e+00
-2.033946326686079775e+00
-2.090752167593992628e+00
-2.337443153426412845e+00
-2.402823798217800899e+00
-2.351197010824440436e+00
-2.007352871131090843e+00
-2.012568741148145879e+00
-2.023859731385963645e+00
-1.882779763892122427e+00
-2.075275047895728697e+00
-2.372479864141313843e+00
-2.555411096830572326e+00
-2.881700630261815554e+00
-2.946924293542430462e+00
-2.666413374222249555e+00
-2.803657908533530474e+00
-2.996842749837122177e+00
-2.860758937627658760e+00
-2.635454773944287510e+00
-2.683113251973525681e+00
-2.905705398821189611e+00
-2.929705034709462197e+00
-2.773406486778759117e+00
-2.515431266171048286e+00
-2.674904102293654162e+00
-2.742995955627196114e+00
-2.814413566645575848e+00
-2.979668333405423031e+00
-2.749444611856896703e+00
-2.580446508615808376e+00
-2.598687007370339419e+00
-2.282262078675252770e+00
-2.163498529173696561e+00
-2.173546520284965755e+00
-2.280384123065930524e+00
-2.257309104562525093e+00
-2.319634493177197054e+00
-2.318392804056544243e+00
-2.503095057819700209e+00
-2.340794337757069243e+00
-2.472712403481355903e+00
-2.376163807888586277e+00
-2.316999590061144865e+00
-2.480860389889102624e+00
-2.796841761034899676e+00
-2.670237046096843869e+00
-2.506519932163139952e+00
-2.262318684448168860e+00
-2.330763071475983050e+00
-2.512870760148826044e+00
-2.693394359810771466e+00
-2.293154108627052601e+00
-2.350590045068932987e+00
-2.574409666062905000e+00
-2.796181465331511795e+00
-3.011349339910650347e+00
-3.066403362336916683e+00
-3.095288526790524131e+00
-3.086289093233146374e+00
-3.139402016955076480e+00
-3.474600793197636150e+00
-3.647970932851484882e+00
-3.714098833890682627e+00
-3.643520182232983018e+00
-3.918690400258531437e+00
-3.809496953433097133e+00
-3.793270695204731702e+00
-3.598670763139146800e+00
-3.275796679226594676e+00
-3.264530363256943346e+00
-3.356688752576300949e+00
-3.339989316334177616e+00
-3.141182775407509453e+00
-2.907880855143698540e+00
-3.100531213562616628e+00
-3.690164937346062324e+00
-3.965870182986344084e+00
-4.095667870074127137e+00
-4.244616647843398205e+00
-4.408240110147589874e+00
-4.597151612498216799e+00
-4.687881119850071165e+00
-4.894319376253537968e+00
-4.712069671242864466e+00
-4.616761188382872305e+00
-4.404689191980042828e+00
-4.202596441660389814e+00
-4.265711354868365390e+00
-4.094682446693079569e+00
-4.005820761681857967e+00
-4.043000298242261259e+00
-4.390966091495440260e+00
-4.289069606502319942e+00
-4.410820853895214277e+00
-4.594627956642010957e+00
-4.369097857112701710e+00
-4.211396432508759169e+00
-4.180411248965818061e+00
-4.296647025944505316e+00
-4.289974928612549476e+00
-4.187924420882914056e+00
-4.168019101777114876e+00
-4.028067494525799930e+00
-4.440308104026353675e+00
-4.401898427840386319e+00
-4.125209614041048134e+00
-4.243676135556556872e+00
-4.302739904830547246e+00
-4.191905261385996617e+00
-4.075447492016978757e+00
-4.199204790507748974e+00
-4.001286286630151956e+00
-4.063273328908416637e+00
-4.205694051111116494e+00
-4.243469503309784230e+00
-4.374257238184160457e+00
-4.352525381646864311e+00
-4.338391002020287601e+00
-4.050720730473154951e+00
-4.412171623256812225e+00
-4.199519821531908725e+00
-4.315781306247531646e+00
-4.169375970322485081e+00
-4.178600629218056639e+00
-4.211562660170087291e+00
-3.903377451754593608e+00
-4.243396050317536528e+00
-4.454387567896784361e+00
-4.289384754692077806e+00
-3.898139787279869761e+00
-3.766168986579806699e+00
-3.546123159872894171e+00
-3.548336619973797568e+00
-3.678780919315359554e+00
-3.767812021201592643e+00
-3.409118001623339111e+00
-3.135447021512490995e+00
-2.845902992043713553e+00
-3.096552132559958093e+00
-3.404542534605966786e+00
-3.636526535877355304e+00
-3.659512008894817203e+00
-3.641427693039068991e+00
-3.810607260759018899e+00
-3.479016152591936528e+00
-3.511629286030012675e+00
-3.679685496504406572e+00
-3.530478976967311056e+00
-3.667393374078033563e+00
-3.689919128076009525e+00
-3.812088784121119733e+00
-3.653075489883828464e+00
-3.383578618491358991e+00
-3.167360509489718368e+00
-3.087017743900425160e+00
-2.872952609347793285e+00
-2.807222369834255993e+00
-2.941064075246194065e+00
-3.257490407711047808e+00
-3.314476279519828594e+00
-3.090766176931144305e+00
-3.324505143114055539e+00
-3.276446592963288218e+00
-3.459984477893196075e+00
-3.657312818179285330e+00
-3.852662614237892136e+00
-3.744115313294961389e+00
-3.557617778046379797e+00
-3.561609987766979124e+00
-3.352962900477718833e+00
-3.249650114921333266e+00
-3.347318833410800831e+00
-3.355202988675360487e+00
-3.528925782660735866e+00
-3.435902314644029953e+00
-3.499570118321975620e+00
-3.444622613042319870e+00
-3.453455388295047168e+00
-3.623064791774137650e+00
-3.766342063248503180e+00
-3.591858355126782421e+00
-3.690299600186792262e+00
-3.835117693292888319e+00
-3.797525606007605692e+00
-3.872183962020756098e+00
-3.647238947104560758e+00
-3.625095403158499874e+00
-3.599710007067001172e+00
-3.586274047100245888e+00
-3.617719915870791336e+00
-3.781276462162923568e+00
-3.734618000094817702e+00
-3.952779464335654858e+00
-4.238469623899693062e+00
-4.067271206217166757e+00
-3.784783325225804518e+00
-3.760757899799072490e+00
-3.955691613100836168e+00
-3.830229933929034658e+00
-3.855705260007490587e+00
-3.800660151353418392e+00
-4.080322518965031620e+00
-4.198010565588666587e+00
-4.244072892493672811e+00
-4.113813459991741972e+00
-4.142846292797865537e+00
-4.122810039503947088e+00
-4.210629053613296868e+00
-4.084537308842218550e+00
-3.977249533934241299e+00
-3.836884039357803644e+00
-3.711372216673470614e+00
-3.882538564150517235e+00
-3.780227422720182862e+00
-3.995757551469301116e+00
-4.282609789040206394e+00
-4.129833961493763361e+00
-4.045982964623966893e+00
-4.062297915373146218e+00
-3.789045187935354608e+00
-3.939616608254048025e+00
-3.900543410197180094e+00
-4.215687547010214864e+00
-4.280115538889453397e+00
-4.408802133457228045e+00
-4.447106619558809371e+00
-4.497033092975296853e+00
-4.522369872918026168e+00
-4.475313826677592033e+00
-4.419127288308420276e+00
-4.351568315630664152e+00
-4.542838595883781139e+00
-4.696607597150623370e+00
-4.532368066795292805e+00
-4.466393166394515113e+00
-4.709191578634644770e+00
-4.512055114927219890e+00
-4.410111844016959104e+00
-4.458901322654727828e+00
-4.379875673913462109e+00
-4.307376824540873450e+00
-4.173272217340437074e+00
-4.135460713938615918e+00
-4.412928703677654774e+00
-4.382204562117127722e+00
-4.347766104021784983e+00
-4.487460222431146839e+00
-4.627891239009866098e+00
-4.639961801013850362e+00
-4.617996054206368939e+00
-4.646264113777375471e+00
-4.519677142186432128e+00
-4.669253158173073182e+00
-4.774070129109996508e+00
-4.776832683290787251e+00
-4.736796918420052904e+00
-4.714813696439116519e+00
-4.878946115492588831e+00
-4.988086195263782052e+00
-4.938004007430471631e+00
-4.848465640011495381e+00
-4.960771360969776111e+00
-4.961000427078875674e+00
-4.968082611593818143e+00
-4.871946458705506799e+00
-4.935440426562379024e+00
-4.775029719063329736e+00
-5.024849101652131722e+00
-4.936305278398259055e+00
-4.842560671791368954e+00
-5.017191575144983595e+00
-5.063410485749169077e+00
-5.110136813709646120e+00
-5.128763153807593511e+00
-5.171396633686125455e+00
-5.225678024738218852e+00
-5.201067167201817831e+00
-5.228558433511704351e+00
-5.358828607676763944e+00
-5.597707367965948144e+00
-5.429848420736740344e+00
-5.361365427650446769e+00
-5.474706950697235897e+00
-5.677324348527662323e+00
-5.460108382647875125e+00
-5.682586098712016032e+00
-5.854372691118678418e+00
-5.877787113590253298e+00
-5.578800020921572234e+00
-5.620059837121673674e+00
-5.845702530147774745e+00
-5.540040690529828282e+00
-5.522677347326457209e+00
-5.326600846854254279e+00
-5.689080573775970429e+00
-5.855360483527075388e+00
-5.617647695843860589e+00
-5.291680919822310258e+00
-5.190560995499078345e+00
-5.205391434714576882e+00
-5.151883473516266854e+00
-5.251457346212668575e+00
-5.290928342825040431e+00
-5.151635833512222540e+00
-5.048470399175522871e+00
-4.797781981822142328e+00
-4.964028651632253819e+00
-5.170838575847341190e+00
-5.143968136423542781e+00
-5.121072139414230229e+00
-5.007504306165619035e+00
-5.137892715449461356e+00
-5.362067366296149551e+00
-5.248986505693948423e+00
-5.179969712958500061e+00
-5.328243591322548767e+00
-5.193863255892139819e+00
-5.213151349368842169e+00
-5.363010387962706460e+00
-5.140570181748015166e+00
-4.984491061636309617e+00
-5.124566249324018941e+00
-5.021742158756134167e+00
-5.306585642012745296e+00
-5.134480906521978305e+00
-5.169376780291448092e+00
-5.170522288097198604e+00
-5.163807851385655567e+00
-5.071599018206504716e+00
-5.029139404654519474e+00
-4.880281487573330246e+00
-5.128476687412896418e+00
-5.122877728338753656e+00
-5.057322769252170502e+00
-4.987923097938076644e+00
-5.089449823441150933e+00
-5.177426722449057550e+00
-5.205689391516322040e+00
-5.195197779305377850e+00
-5.102192952273698623e+00
-5.010684327708876395e+00
-5.036217394856513430e+00
-5.137767333305358619e+00
-4.943184848694546218e+00
-4.890807508923576741e+00
-5.015125971084305689e+00
-5.131164639770121383e+00
-5.056615502383473348e+00
-5.073413743679903831e+00
-4.970734445912128763e+00
-5.023998359461176122e+00
-5.099780793094977227e+00
-5.111311952582697771e+00
-4.890655942042226201e+00
-5.029368893056792800e+00
-5.010912413998411807e+00
-4.974060813160927630e+00
-5.140777085443132499e+00
-5.238829530253145350e+00
-5.334087734624290533e+00
-5.429133206876290529e+00
-5.575951821523814189e+00
-5.120763512221835789e+00
-5.110887583662121258e+00
-5.104161987871418837e+00
-5.273584239493678716e+00
-5.284152633253553333e+00
-5.403917902103978044e+00
-5.375609909047014412e+00
-5.449785807333345389e+00
-5.491080125647274102e+00
-5.428006479382648131e+00
-5.577996301022884573e+00
-5.487972850458763929e+00
-5.702847372436496087e+00
-5.754403917990559059e+00
-5.632224372888637198e+00
-5.707891251293094825e+00
-5.609471457965439001e+00
-5.260523209178785464e+00
-4.997571723694961499e+00
-5.230984783289010842e+00
-5.275876465611570865e+00
-5.380652354462832854e+00
-5.371835157008470141e+00
-5.365449822345670583e+00
-5.417289939790830289e+00
-5.198762030206754758e+00
-5.235565964295869179e+00
-5.068399930604455150e+00
-5.263857167541432069e+00
-5.234341299074218412e+00
-5.180111947960701180e+00
-5.123613986669103504e+00
-5.061706557755569769e+00
-5.209174126128218063e+00
-5.237263987684483979e+00
-5.315352374487316567e+00
-5.125207103000335884e+00
-5.260318839919211342e+00
-5.265244310577797293e+00
-5.267125424851265336e+00
-5.266069217463384966e+00
-5.311385139422454493e+00
-5.323734407150502612e+00
-5.502142166275124424e+00
-5.478437663691472004e+00
-5.775925030243485025e+00
-5.727676382713539738e+00
-5.477377669889452072e+00
-5.157578209680647063e+00
-5.018788987579871019e+00
-4.698449033027330302e+00
-4.745409473525098676e+00
-4.526313389381759755e+00
-4.522963501465434355e+00
-4.688597362504832056e+00
-4.676956024295027881e+00
-4.702125258448884182e+00
-4.768397023317755945e+00
-4.665579656141957798e+00
-4.828023967145008477e+00
-4.735049475696599508e+00
-4.696593266874092620e+00
-4.681789281401925074e+00
-4.669714598162498120e+00
-4.709964994967169361e+00
-4.747438529179991207e+00
-4.777673904165165908e+00
-4.727388112470835679e+00
-4.639322772407616924e+00
-4.522145137737628495e+00
-4.486832711997242207e+00
-4.568875554120601201e+00
-4.601359316637052110e+00
-4.602727344606543980e+00
-4.557755064142363643e+00
-4.501306305229827665e+00
-4.506444516493932184e+00
-4.434019124971538162e+00
-4.595635936451397896e+00
-4.528656219720256892e+00
-4.500877220899737630e+00
-4.614216643095488735e+00
-4.576830325966132484e+00
-4.652482538361449649e+00
-4.772720533476157101e+00
-4.766214104014840025e+00
-4.634111218289289624e+00
-4.641670232327275158e+00
-4.760515661116547115e+00
-4.637407225368340491e+00
-4.658053491118036682e+00
-4.721043930453646453e+00
-4.713961060778256495e+00
-4.597412150680091791e+00
-4.619425822896404910e+00
-4.474947685112492302e+00
-4.532485080233513486e+00
-4.501415385912356903e+00
-4.609984567134281619e+00
-4.641980810326178819e+00
-4.651167786176416463e+00
-4.643145788625957060e+00
-4.659198985237518187e+00
-4.627864403867222975e+00
-4.673935932032866170e+00
-4.676210278974845203e+00
-4.695328517348836606e+00
-4.612924728329618418e+00
-4.524646796891264700e+00
-4.593045328518346793e+00
-4.635288464815362275e+00
-4.604538133422813040e+00
-4.630160429703007452e+00
-4.632005480879000103e+00
-4.570490796786499388e+00
-4.672354551121880917e+00
-4.659593525520338453e+00
-4.827471393890080620e+00
-4.883297231466253940e+00
-4.921447067724017188e+00
-5.222328581180207152e+00
-5.157395025906148511e+00
-4.993787291681164753e+00
-5.149253631009130139e+00
-5.284065494055429468e+00
-5.205638428162426834e+00
-5.136473155071815455e+00
-5.036487358676138726e+00
-5.061647770739142516e+00
-4.960628842591008336e+00
-5.073700377272404971e+00
-5.353274409751169749e+00
-5.518197565669055393e+00
-5.654895342667580316e+00
-5.731571716428930152e+00
-5.780698348439582190e+00
-5.939594270737961423e+00
-5.818491501326597870e+00
-6.200459430480406375e+00
-6.314288843871229240e+00
-6.440075973290786848e+00
-6.452289450289892869e+00
-6.542659593562324183e+00
-6.516982781449918605e+00
-6.442529294304435439e+00
-6.419528464378708499e+00
-6.521154898035042002e+00
-6.784381457360544765e+00
-6.753430034442467367e+00
-6.491585651333469542e+00
-6.329922714951321083e+00
-6.627112394984972177e+00
-6.551510493655010592e+00
-6.744866394058955272e+00
-6.643605768364442277e+00
-6.528218743088661569e+00
-6.735068551721283825e+00
-6.675298640688757779e+00
-6.856518263917667610e+00
-6.788020903765922043e+00
-6.889011005381760810e+00
-6.760824945994672319e+00
-6.624654229557432217e+00
-6.682000431068698454e+00
-6.601186699622821230e+00
-6.646743127093519554e+00
-6.705258181355290503e+00
-6.430789194598940384e+00
-6.602889136917529989e+00
-6.796671261916320539e+00
-6.510559958844884143e+00
-6.344138065942057203e+00
-6.139318282856658371e+00
-6.236394106194354414e+00
-6.603340537046502590e+00
-6.512623575519875807e+00
-6.651010954555734322e+00
-6.339969714368474563e+00
-6.293732032415413791e+00
-6.155879934661303565e+00
-6.133723492376795150e+00
-6.208604613087848278e+00
-6.106019325406257359e+00
-6.080207629853395801e+00
-5.928907950110939851e+00
-5.838034321236627910e+00
-5.569869966903539193e+00
-5.463306039581251383e+00
-5.664811152608749012e+00
-5.515558175832576460e+00
-5.479431691496943202e+00
-5.314569031581807046e+00
-5.124498349782937723e+00
-5.215616004751258750e+00
-5.170203932116338663e+00
-5.289376343631151833e+00
-5.543287675808866055e+00
-5.352335010039145580e+00
-5.500235168636592675e+00
-5.559334934018472119e+00
-5.617723620296719567e+00
-5.584017673796511261e+00
-5.585771804374391358e+00
-5.563257866437859356e+00
-5.582982023427023321e+00
-5.547016643375362932e+00
-5.591824709025782880e+00
-5.602729170969634964e+00
-5.629463892422363003e+00
-5.679607014244496987e+00
-5.823389430934203581e+00
-6.227005883454538093e+00
-6.219831869468157137e+00
-6.046023990349723931e+00
-5.931449034260587894e+00
-5.806023368732569523e+00
-5.863047197012139833e+00
-5.985834061238196391e+00
-5.897243671712661950e+00
-5.912036238839249336e+00
-6.210761528023660993e+00
-6.256627860627635762e+00
-6.133446314407827948e+00
-6.331644439837585736e+00
-6.440731742569216323e+00
-6.529324515644663762e+00
-6.963033710247962027e+00
-6.731150306790179449e+00
-6.229299289864134614e+00
-6.410715178552103488e+00
-6.624211244495104012e+00
-6.921512655440985817e+00
-6.869294235989253927e+00
-7.198917032438269636e+00
-7.711728421612300544e+00
-8.212077690706770738e+00
-8.333639118046709982e+00
-7.687162670211681537e+00
-7.010351705716376003e+00
-6.467247522856825803e+00
-5.821397535582066851e+00
-5.127113281201562955e+00
-4.396004976392990926e+00
-3.853663034214597438e+00
-3.386469554556813311e+00
-3.214956936314089297e+00
-4.083204020180591698e+00
-5.390227529692847241e+00
-5.863418898216034236e+00
-7.205965488481167469e+00
-7.628681616709359403e+00
-7.992049974001364632e+00
-7.609212767675876954e+00
-6.379329736747340718e+00
-5.465226395754898547e+00
-5.009180420345726858e+00
-4.703677575381005838e+00
-4.382026660988112887e+00
-4.045302599022779333e+00
-3.768198352951319219e+00
-3.449283031576368508e+00
-3.524302001671570927e+00
-3.651065739135142429e+00
-3.445220096838802259e+00
-3.533596265155384941e+00
-3.442354058667006278e+00
-3.434514292608832342e+00
-3.404959204888414526e+00
-3.260070400692429260e+00
-3.224001828643176637e+00
-3.112601612986003019e+00
-3.094347174549778590e+00
-2.928383663549400495e+00
-2.949809594512418087e+00
-2.929487767406436127e+00
-2.927116894442257866e+00
-2.950771534219319925e+00
-2.753695315121239773e+00
-2.677062537215276095e+00
-2.873601150119022840e+00
-2.945537816232350004e+00
-2.998855249754590169e+00
-2.963816180330962169e+00
-2.967669619495145739e+00
-2.928248432759150699e+00
-2.989733958058454100e+00
-2.928255163520967486e+00
-2.954171803533149454e+00
-3.097007721285590875e+00
-3.100751511334162824e+00
-3.204605042096748235e+00
-3.219085823773984334e+00
-3.256424830835749962e+00
-3.221413904751691426e+00
-3.288236373642464461e+00
-3.246325376998970835e+00
-3.437919699206623214e+00
-3.384806359044966406e+00
-3.394093403232514294e+00
-3.355405399486050211e+00
-3.266453709609083322e+00
-3.318935595592145127e+00
-3.355836748908645362e+00
-3.428776929847728638e+00
-3.461470360652756373e+00
-3.509203863395975453e+00
-3.462317944850181295e+00
-3.538147113561866508e+00
-3.599220852401668669e+00
-3.499351781192421296e+00
-3.571846486141768917e+00
-3.474227913621346531e+00
-3.418233385295625926e+00
-3.321329993993861862e+00
-3.315599601155152509e+00
-3.360841545557658794e+00
-3.486825911105910336e+00
-3.608889490585762250e+00
-3.679994458668750745e+00
-3.802860993930470723e+00
-3.707073656176346432e+00
-3.644760542132849501e+00
-3.703952821380132487e+00
-3.662841320796988764e+00
-3.751965191302577107e+00
-3.749895774678473348e+00
-3.794788943982291052e+00
-3.689743798153290566e+00
-3.746672598936045873e+00
-3.655140114919791738e+00
-3.568906035416988587e+00
-3.434243943319674752e+00
-3.578759737183593526e+00
-3.597444707987357937e+00
-3.622234343111068178e+00
-3.544423211728696010e+00
-3.701410107929456572e+00
-3.683301531279716379e+00
-3.937982393419102056e+00
-3.991996970080780027e+00
-4.090672240050498232e+00
-4.285197732733120546e+00
-4.152924554702966731e+00
-4.222817169981544438e+00
-4.320572983089259189e+00
-4.401561655829794972e+00
-4.238724560739533409e+00
-4.360955179937949566e+00
-4.345375794217190446e+00
-4.321964000511941961e+00
-4.323109743606639910e+00
-4.328118940690425909e+00
-4.419002287455651157e+00
-4.422788895595263448e+00
-4.496473942581987515e+00
-4.377661033545557245e+00
-4.379681785470194377e+00
-4.431393578278552070e+00
-4.365876219819816662e+00
-4.320102563816224261e+00
-4.421282998810578846e+00
-4.331191752309027976e+00
-4.377162020225536132e+00
-4.321869913263700624e+00
-4.351237139922617736e+00
-4.334100093059258363e+00
-4.470020735667326939e+00
-4.569359531971481481e+00
-4.496140657717074163e+00
-4.409963474485561363e+00
-4.491610731291485692e+00
-4.414908386314710498e+00
-4.657509965250916650e+00
-4.404776395648847931e+00
-4.666990732423924371e+00
-4.616530436750517552e+00
-4.598006243522011260e+00
-4.855571790200929883e+00
-4.708455392474145462e+00
-4.703961776047555610e+00
-4.634732885300563154e+00
-4.830543951995243113e+00
-4.737172455609407251e+00
-4.767939046177722240e+00
-4.767662758419261237e+00
-4.871205338464665857e+00
-4.686456391673346822e+00
-5.001511326992584827e+00
-4.703289220059137854e+00
-4.914663088339876751e+00
-4.594180564468509864e+00
-4.625401861327611108e+00
-5.691224376213993352e+00
-5.148683280413584917e+00
-4.275225594010755081e+00
-4.280816721732481511e+00
-4.514499263391807737e+00
-4.900888130743130233e+00
-4.163804222282078804e+00
-4.014487903994433893e+00
-4.025984176574866957e+00
-3.848278987573062082e+00
-4.023951064659464727e+00
-3.934189388219342387e+00
-3.957508302019688173e+00
-4.026794813383690830e+00
-4.294925847435273170e+00
-4.572102880111340362e+00
-4.162038592324587505e+00
-3.704241078777294582e+00
-3.700911625266622096e+00
-4.002415625593894077e+00
-4.316016438134736788e+00
-4.322161875974783740e+00
-4.000181035762454762e+00
-3.825278423590249055e+00
-4.088493142330650088e+00
-4.323208856714372494e+00
-3.947897049674799597e+00
-3.705665662126042648e+00
-3.705077175281231483e+00
-3.822251208980812276e+00
-4.194664223939992276e+00
-4.177174636766805449e+00
-3.829243573499953257e+00
-3.698927299469051189e+00
-3.680353338291324050e+00
-3.801890216512571197e+00
-3.677400475055975448e+00
-3.798054135850298607e+00
-3.855633295581190723e+00
-3.826266690742747834e+00
-3.943555639688676173e+00
-3.972041966565318827e+00
-3.924322701278780912e+00
-3.897958446513622111e+00
-4.072089740293588278e+00
-3.849017536578712040e+00
-3.674918170369364745e+00
-3.503289864307360002e+00
-3.291617161589031504e+00
-3.440935188987981341e+00
-3.756527215881406256e+00
-3.864259669815436116e+00
-4.182274249239895880e+00
-4.088103412253750513e+00
-3.929834705481825452e+00
-3.800900170358874064e+00
-3.873326281740745003e+00
-3.975811391756513213e+00
-4.081621140755901322e+00
-4.178293209003499875e+00
-4.195577520872538990e+00
-4.133802975060250517e+00
-4.145741517367872220e+00
-4.079158781188906069e+00
-4.144540082009443793e+00
-4.178139227130618139e+00
-4.129992842074894810e+00
-4.091420334761073363e+00
-4.198468391982577153e+00
-4.175634175891699940e+00
-4.266377054431637283e+00
-4.337993435519523544e+00
-4.278918709279595944e+00
-4.374670483714589331e+00
-4.459840681827425435e+00
-4.418691470594061421e+00
-4.399408450009913096e+00
-4.465555157018226140e+00
-4.497454405287633961e+00
-4.457381466236317813e+00
-4.506168474226980081e+00
-4.475990317013863518e+00
-4.461163564430494333e+00
-4.513784513111057883e+00
-4.747194207160038815e+00
-4.952124154729648176e+00
-4.983780381163651185e+00
-4.929845779526292660e+00
-4.879603663940942582e+00
-4.773603497830100295e+00
-4.772075420005364776e+00
-4.796308307599659315e+00
-4.884169818659692908e+00
-4.837729755535997711e+00
-4.881403633108462259e+00
-4.893718907743992652e+00
-4.888561963962015255e+00
-4.921204645559648760e+00
-5.204313874490374303e+00
-5.294746540442449856e+00
-5.241091783912182223e+00
-5.231049121932076496e+00
-5.143715702919391397e+00
-5.087154552407898933e+00
-5.113157817424403895e+00
-5.072499041052130231e+00
-5.081647117872925890e+00
-5.112666528882503059e+00
-5.261295425108349022e+00
-5.150094201722954956e+00
-5.186180769995930362e+00
-5.314499748114761779e+00
-5.326391839143301610e+00
-5.362822683540808377e+00
-5.407128559067995610e+00
-5.683149292019188614e+00
-5.881711625875463589e+00
-6.023220787046643210e+00
-6.099064896545505654e+00
-6.148692348058671264e+00
-6.158625859534920366e+00
-6.227750507582440420e+00
-6.291786202935002237e+00
-6.398219726012375652e+00
-6.454426639011932032e+00
-6.547646416388145596e+00
-6.566597368809867774e+00
-6.626953893906371462e+00
-6.808441700867891910e+00
-6.830628010444808496e+00
-6.789308378494848029e+00
-6.807665523942294961e+00
-6.880363596342696120e+00
-6.920746287593838808e+00
-7.112698883532882377e+00
-7.205587347789964348e+00
-7.285415276289199937e+00
-7.390892698470348243e+00
-7.468363263844866040e+00
-7.532647062149951722e+00
-7.568656882293841370e+00
-7.619060457504043704e+00
-7.609927825236279197e+00
-7.703755068117293270e+00
-7.865195640218328066e+00
-7.919295567777207445e+00
-7.993511254204373806e+00
-8.056817302756238419e+00
-8.054215974006082135e+00
-7.942671006326899708e+00
-7.928529696385520076e+00
-8.125985563961950930e+00
-8.269832238707344629e+00
-8.337350741162456558e+00
-8.363936750078693194e+00
-8.399074046338665056e+00
-8.375412046122079346e+00
-8.412061173040733308e+00
-8.454819272647544182e+00
-8.561487424495847876e+00
-8.666709008948958015e+00
-8.745983208318788726e+00
-8.970233172429088242e+00
-9.054118195693357407e+00
-9.203087651291660620e+00
-9.296517720168214538e+00
-9.411056864688170265e+00
-9.604785848596000264e+00
-9.676787558352657470e+00
-9.710056785582782624e+00
-9.797545466680313453e+00
-9.953231597623894089e+00
-1.008022795412677119e+01
-1.018140896253432715e+01
-1.041182987986459096e+01
-1.045619245285393362e+01
-1.055559034087490566e+01
-1.046945005439863152e+01
-1.057723198049124669e+01
-1.048556165335284618e+01
-1.042964497541218272e+01
-1.049502844198716645e+01
-1.050509242812692179e+01
-1.052812947667521293e+01
-1.057816006981884804e+01
-1.061317039598960932e+01
-1.063371908113672326e+01
-1.068849902511899153e+01
-1.086307359278167617e+01
-1.090543763422282808e+01
-1.097767104969770280e+01
-1.108707566966885238e+01
-1.117517709760869593e+01
-1.128938995194810246e+01
-1.137097986852648290e+01
-1.146113882861776112e+01
-1.151976704526009243e+01
-1.159419134624612724e+01
-1.159804699601251166e+01
-1.160112197782420473e+01
-1.153285549876536820e+01
-1.152162031664769160e+01
-1.148581256775626258e+01
-1.150165691246469102e+01
-1.155479811640805998e+01
-1.160114353888395300e+01
-1.161739722656061069e+01
-1.161324258623555927e+01
-1.157141440357898077e+01
-1.155231167610397591e+01
-1.165190900361580617e+01
-1.179886320962014423e+01
-1.203329589950623735e+01
-1.209868701571910066e+01
-1.208829222686749638e+01
-1.185514375012650490e+01
-1.164335908527178098e+01
-1.169807129668090617e+01
-1.175280806635861808e+01
-1.173820905852150354e+01
-1.178474110765258054e+01
-1.183214208297222925e+01
-1.190283972180222882e+01
-1.194643304584314336e+01
-1.192854366673670263e+01
-1.199565490656076783e+01
-1.204680487991388560e+01
-1.209480464610312112e+01
-1.211836048661415788e+01
-1.209523430828885004e+01
-1.217022626552504505e+01
-1.202456342062455974e+01
-1.197401299171908384e+01
-1.196919187455736378e+01
-1.194270331829282483e+01
-1.199192791581692319e+01
-1.207053880612341779e+01
-1.213734285165191196e+01
-1.217182791510648876e+01
-1.227107673237093799e+01
-1.232057121911595488e+01
-1.241107054243577146e+01
-1.257451204255189303e+01
-1.267757248405613524e+01
-1.273934551122491854e+01
-1.277653686922427489e+01
-1.286688393463882285e+01
-1.288438141961652050e+01
-1.288521612165457420e+01
-1.290282391379667892e+01
-1.296532043003702661e+01
-1.303535474941423189e+01
-1.311572298602717623e+01
-1.318882450868485812e+01
-1.322534367247893172e+01
-1.327293674817316749e+01
-1.332460593513967062e+01
-1.334050374395408767e+01
-1.335287283585854290e+01
-1.341387947060050223e+01
-1.344213613840588906e+01
-1.346999458264146021e+01
-1.355780348564443116e+01
-1.370394896737267665e+01
-1.378765509502465747e+01
-1.389611701478759898e+01
-1.395793477822117801e+01
-1.387067326941850176e+01
-1.382946096674189818e+01
-1.390928595795834433e+01
-1.401471824959352830e+01
-1.411504785672275020e+01
-1.410603630554275156e+01
-1.430925660395790011e+01
-1.427170717156821667e+01
-1.429476620311255353e+01
-1.436345534181740646e+01
-1.437829227600568771e+01
-1.452500326389775509e+01
-1.460829922301407713e+01
-1.461838572518736434e+01
-1.465949407805403659e+01
-1.466465697900085274e+01
-1.471426569410457752e+01
-1.466785788346183850e+01
-1.499167671958567638e+01
-1.508173312356576190e+01
-1.518249832850529657e+01
-1.525699831051434074e+01
-1.526290967276398192e+01
-1.479732343642502457e+01
-1.452167423758155351e+01
-1.458026648923095792e+01
-1.464930512800518514e+01
-1.462399701874646674e+01
-1.461894511578792510e+01
-1.464450184686652179e+01
-1.462360834507184926e+01
-1.481889470044647084e+01
-1.483027083918019251e+01
-1.489178573251269988e+01
-1.498616195735965206e+01
-1.497527872351119882e+01
-1.503432475826208581e+01
-1.511947131116501986e+01
-1.507979763709309040e+01
-1.506797915506519736e+01
-1.494361244243522613e+01
-1.493368857023667395e+01
-1.492060004962686115e+01
-1.496111782317738736e+01
-1.505907984650154141e+01
-1.501025223123757080e+01
-1.509452832412450007e+01
-1.524890711058945492e+01
-1.527853551511725172e+01
-1.529188854575346568e+01
-1.527147675235453583e+01
-1.523743511533460726e+01
-1.528022454059683710e+01
-1.534760280665969745e+01
-1.541314299595796200e+01
-1.548715090012227513e+01
-1.552074850499000469e+01
-1.552737088156350609e+01
-1.556682310025583682e+01
-1.560730099991849329e+01
-1.559623531280993092e+01
-1.570042778207726641e+01
-1.575103236361863779e+01
-1.581083765205051606e+01
-1.583428321226137214e+01
-1.584343594215151008e+01
-1.590251722573596815e+01
-1.590261765950474881e+01
-1.592544629654146782e+01
-1.593088175035951615e+01
-1.601074171094074927e+01
-1.601346262688851496e+01
-1.602678922267878292e+01
-1.607027807931087082e+01
-1.604012400196807420e+01
-1.614233135045425982e+01
-1.613939236409348510e+01
-1.616999522442183945e+01
-1.631342344134856859e+01
-1.638144779728291311e+01
-1.634620047334114545e+01
-1.621297773452987911e+01
-1.627690597496599878e+01
-1.611844122089473785e+01
-1.614803966891510001e+01
-1.618669203237105592e+01
-1.620597913289641667e+01
-1.619894979518844380e+01
-1.621462395813395219e+01
-1.627338868587988330e+01
-1.628565388522052260e+01
-1.634699002348001784e+01
-1.634347428753122600e+01
-1.645063580273673054e+01
-1.653942943805152410e+01
-1.656771743893003546e+01
-1.656181209875161642e+01
-1.659169935473697421e+01
-1.660443022783137934e+01
-1.659425852929136269e+01
-1.663456304543772291e+01
-1.655905259233238880e+01
-1.657998722507755218e+01
-1.655199131637872867e+01
-1.656582922316418660e+01
-1.658685485387703196e+01
-1.665071812312127975e+01
-1.674466739919544267e+01
-1.687696856675694690e+01
-1.688774967313085185e+01
-1.696473890824318786e+01
-1.699928034379124853e+01
-1.706135393723685922e+01
-1.708291716327600440e+01
-1.708764044289303996e+01
-1.708607503314220111e+01
-1.705880704347468324e+01
-1.701544690420264061e+01
-1.711297110766745888e+01
-1.712517423087447455e+01
-1.716206446889362525e+01
-1.734625751017343731e+01
-1.738768156807032739e+01
-1.744548780445458291e+01
-1.745807217454138183e+01
-1.750127873172733928e+01
-1.748559293897074696e+01
-1.751167241476064262e+01
-1.756159477082034925e+01
-1.757743462871057361e+01
-1.759386550637851343e+01
-1.754753442824470255e+01
-1.755397190572865185e+01
-1.751049983482017325e+01
-1.750541021551357446e+01
-1.760666376672370248e+01
-1.768199799069287081e+01
-1.759250377019051470e+01
-1.774400604809320825e+01
-1.774348914599590543e+01
-1.776381236082625747e+01
-1.771280475924457321e+01
-1.798772242013296108e+01
-1.804717899080606003e+01
-1.803250361732332507e+01
-1.800865532088170085e+01
-1.805332088042095862e+01
-1.809935087306121915e+01
-1.820737109400474552e+01
-1.825287973213460901e+01
-1.849503486204644531e+01
-1.861323583423818206e+01
-1.867299562365242949e+01
-1.871097731502227646e+01
-1.876362788547820770e+01
-1.879314422985708077e+01
-1.882708489069649360e+01
-1.897429027793826606e+01
-1.901239285170316862e+01
-1.913248425482417403e+01
-1.918512039408905778e+01
-1.916981939328097440e+01
-1.929388216154724489e+01
-1.947785497968982327e+01
-1.952682632800891938e+01
-1.958103301963086196e+01
-1.964703383476986431e+01
-1.968762366186911095e+01
-1.982893567159755577e+01
-1.994990972013518515e+01
-2.001009499278627857e+01
-2.009146384624640191e+01
-2.011808593219841867e+01
-2.017425335281534871e+01
-2.021803012836123514e+01
-2.024027623251943098e+01
-2.023053687315970350e+01
-2.030414024350012880e+01
-2.030169648918706216e+01
-2.031092773312013833e+01
-2.030506047553825510e+01
-2.025516919692639917e+01
-2.026025267549124464e+01
-2.040430209103907799e+01
-2.064262972814640307e+01
-2.061297607073776206e+01
-2.064747457214076576e+01
-2.052987772244775755e+01
-2.063744854143930496e+01
-2.077814410661643052e+01
-2.085806630847461207e+01
-2.095099813306398318e+01
-2.108939687993115797e+01
-2.119827629082154985e+01
-2.124633642134499212e+01
-2.128007256918441215e+01
-2.144593787499465165e+01
-2.154432046572203774e+01
-2.161502409107456657e+01
-2.165737941890924745e+01
-2.175530408232775414e+01
-2.176893139447508929e+01
-2.179033422827840383e+01
-2.178077884029274003e+01
-2.179759561763599152e+01
-2.183884724916065068e+01
-2.185051981700733847e+01
-2.187820232199494797e+01
-2.186958361211630120e+01
-2.194040161489192542e+01
-2.196912524419819235e+01
-2.208041993243378087e+01
-2.210287514857175850e+01
-2.227111281820829802e+01
-2.229360675131466252e+01
-2.237838449334504887e+01
-2.248326488375357712e+01
-2.255310336982448405e+01
-2.360642669535542026e+01
-2.356150974769966311e+01
-2.343604244015362426e+01
-2.336570422640287248e+01
-2.333311686780418626e+01
-2.336464953916914311e+01
-2.346362326416290855e+01
-2.329143303624861616e+01
-2.334272541259245770e+01
-2.285528815971088790e+01
-2.281775838898907693e+01
-2.279157746968542142e+01
-2.284036323243695676e+01
-2.280954084352040567e+01
-2.273059714166028300e+01
-2.273757154611814357e+01
-2.273072740232543509e+01
-2.266416519256553386e+01
-2.269380171046832118e+01
-2.264632945643456807e+01
-2.264796954189266387e+01
-2.269548262514264536e+01
-2.273536316482274344e+01
-2.277458125521677346e+01
-2.280020089804087746e+01
-2.295688954233903445e+01
-2.304003027780399648e+01
-2.306452204833598074e+01
-2.313415549491149648e+01
-2.316178176525920662e+01
-2.316053718817740403e+01
-2.320216324340254133e+01
-2.339277346896468046e+01
-2.340702167281403590e+01
-2.353724149608972738e+01
-2.362715732763985699e+01
-2.383194776621412814e+01
-2.389610615817461436e+01
-2.385135927272649781e+01
-2.382688694874114788e+01
-2.374571713100747772e+01
-2.370653545442350207e+01
-2.378991508207296235e+01
-2.385802750913158121e+01
-2.389104053341332445e+01
-2.399316875449680708e+01
-2.403090229248195442e+01
-2.409257016613553404e+01
-2.414274528781492890e+01
-2.424439441810388018e+01
-2.420301941249773492e+01
-2.422776039046381769e+01
-2.427645062863076930e+01
-2.433165266394173543e+01
-2.437126874116691866e+01
-2.442473528084691736e+01
-2.445095857030814201e+01
-2.448392206293664941e+01
-2.456523193773244174e+01
-2.460471707879378656e+01
-2.465848460311273271e+01
-2.472717328720424135e+01
-2.470231697896653955e+01
-2.464348029938622631e+01
-2.459935480343827763e+01
-2.459473637644799027e+01
-2.463494060190314272e+01
-2.462972939337698364e+01
-2.467324256188066300e+01
-2.481653649230393910e+01
-2.490037393731170567e+01
-2.489879271667136607e+01
-2.499177026811099012e+01
-2.496180060194078720e+01
-2.497880149966718832e+01
-2.503268868429768190e+01
-2.502704517533152639e+01
-2.502771242971994781e+01
-2.498643520599684109e+01
-2.498023694790764182e+01
-2.491609630479496218e+01
-2.487417464578499704e+01
-2.501932453814232105e+01
-2.504507934610121112e+01
-2.513849111193688302e+01
-2.521455784534860811e+01
-2.525179251260712832e+01
-2.521477273172310163e+01
-2.524185863165901722e+01
-2.525852124214906524e+01
-2.530182861338564493e+01
-2.538037902551080904e+01
-2.535986614597722522e+01
-2.529645680233259597e+01
-2.529632476578940370e+01
-2.534694633028647104e+01
-2.524384063591882210e+01
-2.524834880015106719e+01
-2.531250612808824840e+01
-2.535080665639337028e+01
-2.537049975889433640e+01
-2.544363042637498040e+01
-2.548592711720372961e+01
-2.549898400607573024e+01
-2.547253758688012582e+01
-2.547117141013562502e+01
-2.550695301061438869e+01
-2.557040731354147667e+01
-2.557861061835329508e+01
-2.555277452827284890e+01
-2.553202711827011839e+01
-2.548583127977384777e+01
-2.550556820457221008e+01
-2.555664246290442065e+01
-2.553800175933412220e+01
-2.551494099517707070e+01
-2.549523353580680762e+01
-2.552816295374052302e+01
-2.549388108971156797e+01
-2.545247397291401725e+01
-2.538968362373413967e+01
-2.535240861288954406e+01
-2.527926784882766498e+01
-2.524003800165287004e+01
-2.521066590752053926e+01
-2.519553438069938522e+01
-2.526721031651132066e+01
-2.521170596564842725e+01
-2.516505195159048114e+01
-2.516585089936365094e+01
-2.517651842746849411e+01
-2.515257953730223761e+01
-2.520812328265419922e+01
-2.528621377232245138e+01
-2.525960252554260421e+01
-2.524068547093235537e+01
-2.523743406442665815e+01
-2.523338926383044623e+01
-2.522867422260160097e+01
-2.518184337890864910e+01
-2.517611097548087429e+01
-2.519192939446885049e+01
-2.519278553903706452e+01
-2.508456195812564360e+01
-2.506638574057869207e+01
-2.500307644675207541e+01
-2.494885215689426161e+01
-2.497310949259063406e+01
-2.491426769170559297e+01
-2.481126941222218107e+01
-2.476044166182768791e+01
-2.476212006113007646e+01
-2.473725834448818262e+01
-2.467495696295816998e+01
-2.461180179014723279e+01
-2.453364772500387403e+01
-2.446242673004422841e+01
-2.444255282150487574e+01
-2.442618201105742060e+01
-2.437994019387428324e+01
-2.438481391857344249e+01
-2.432303042711543384e+01
-2.431363975957733814e+01
-2.428711347874081028e+01
-2.423271649651841742e+01
-2.412735624350529662e+01
-2.402268762177354233e+01
-2.398860565925408750e+01
-2.401068490758893148e+01
-2.395024157572936829e+01
-2.387718115654884699e+01
-2.388354021414851047e+01
-2.381246392353110153e+01
-2.375847178715531882e+01
-2.369693911088735661e+01
-2.364411012114170774e+01
-2.365004754270688636e+01
-2.360592405608101885e+01
-2.354861729257137526e+01
-2.352530584979934147e+01
-2.348100580095590928e+01
-2.344104429603797612e+01
-2.340211799786645130e+01
-2.339788617405715243e+01
-2.331481578334793880e+01
-2.329009090358307787e+01
-2.325096612686970943e+01
-2.317542031941309588e+01
-2.307166980880977647e+01
-2.305160328237285938e+01
-2.297975864904110210e+01
-2.290886592842808511e+01
-2.283489829155901418e+01
-2.274429290890007849e+01
-2.264403604576604323e+01
-2.259980787678338032e+01
-2.258987701587056307e+01
-2.257743267466143422e+01
-2.249510619283332957e+01
-2.242283922130326346e+01
-2.238386572639972627e+01
-2.233106985802668376e+01
-2.223424818511420398e+01
-2.217277685545229460e+01
-2.208172583455798588e+01
-2.207681333905361498e+01
-2.196535909396013864e+01
-2.184330502676680652e+01
-2.176910395966751821e+01
-2.174362941617485845e+01
-2.168122616377476319e+01
-2.159991643844640663e+01
-2.148753262645953299e+01
-2.151582418142271180e+01
-2.147796171428556988e+01
-2.149791355710997109e+01
-2.143722684794238731e+01
-2.134370621933672041e+01
-2.124674923692869655e+01
-2.124252456078157891e+01
-2.120325573718654866e+01
-2.115766111062284693e+01
-2.105477660115419170e+01
-2.093967933628548295e+01
-2.088183349365989017e+01
-2.084489507506633643e+01
-2.082576128142126848e+01
-2.073778124789935617e+01
-2.076028998294490080e+01
-2.070110661308871158e+01
-2.070544524572291323e+01
-2.066114614911831282e+01
-2.065415052908110027e+01
-2.056300760210160661e+01
-2.047081492051693274e+01
-2.039312786421704971e+01
-2.033225081601236539e+01
-2.036015529451337258e+01
-2.035125722649843283e+01
-2.028070938817088731e+01
-2.018315877321447616e+01
-2.009278402129094232e+01
-2.003342305790901534e+01
-1.998304623147558701e+01
-1.995004673719936861e+01
-1.992883710086054094e+01
-1.986988085315315189e+01
-1.974321543379016930e+01
-1.967501211244159620e+01
-1.956145645858177673e+01
-1.953376712775870416e+01
-1.950804861963850101e+01
-1.947924516364234648e+01
-1.943264048145849543e+01
-1.936987935171863739e+01
-1.931509273491694501e+01
-1.927463350405674447e+01
-1.923874394194250215e+01
-1.921401984928739992e+01
-1.914066542715841734e+01
-1.910917181510102836e+01
-1.908011952496625696e+01
-1.902017261766669165e+01
-1.895243351343140858e+01
-1.887238253029401847e+01
-1.875784456224041818e+01
-1.865775813295227437e+01
-1.861040140990360925e+01
-1.858375434287185968e+01
-1.854093058387634585e+01
-1.851462294013250087e+01
-1.834822233520750601e+01
-1.830932465100046613e+01
-1.822511365897573299e+01
-1.809924384429794841e+01
-1.802314318492794598e+01
-1.792882312372669418e+01
-1.787102238575057100e+01
-1.770677092689231813e+01
-1.757030524254667725e+01
-1.752753251790305455e+01
-1.753137995435464802e+01
-1.752379409577892844e+01
-1.747787231942258401e+01
-1.740041097652949631e+01
-1.733090071108318142e+01
-1.723149558832420425e+01
-1.708719476372961310e+01
-1.701811626143879863e+01
-1.695513216771758636e+01
-1.694213746454940761e+01
-1.690498909051304821e+01
-1.692397524066639392e+01
-1.698668557715518546e+01
-1.690312264041167012e+01
-1.682980838553602254e+01
-1.674253944791455240e+01
-1.667285286475799211e+01
-1.669055040755289809e+01
-1.668765433464664483e+01
-1.665608379959452989e+01
-1.667643196290872964e+01
-1.654493497722331341e+01
-1.647033384023098534e+01
-1.637773257972333596e+01
-1.642501620453297662e+01
-1.631007236709260511e+01
-1.635176961385631955e+01
-1.637554362368516436e+01
-1.630662697692271834e+01
-1.631968986507658670e+01
-1.622755324264577226e+01
-1.618207883421889903e+01
-1.613721758493507608e+01
-1.602995856775893913e+01
-1.594467546365951627e+01
-1.589825424192185999e+01
-1.591266580004828057e+01
-1.588959895034278347e+01
-1.592166910658520251e+01
-1.589894076989172511e+01
-1.591895039961022107e+01
-1.590802314721601896e+01
-1.591796371730660553e+01
-1.595452691239698062e+01
-1.600583326346368551e+01
-1.582320506343789113e+01
-1.581504801577544761e+01
-1.584469439832201587e+01
-1.575161322068727721e+01
-1.566331838039091195e+01
-1.547015623455361144e+01
-1.533106056069139278e+01
-1.533005237994862213e+01
-1.529133356622203088e+01
-1.525129280703298029e+01
-1.511495199133051415e+01
-1.512894246223720529e+01
-1.511808224512505028e+01
-1.502416510078922585e+01
-1.501027279169725581e+01
-1.496338187533060804e+01
-1.499687368565970047e+01
-1.503695067509794825e+01
-1.492377246007086811e+01
-1.489140963890399583e+01
-1.479603003820491125e+01
-1.473573130822760646e+01
-1.467821958828677786e+01
-1.464752967130790928e+01
-1.466633563416609043e+01
-1.465094542237408071e+01
-1.462424340352135488e+01
-1.467113681549649051e+01
-1.463529132312346093e+01
-1.459228831219276223e+01
-1.444907289232538794e+01
-1.445558198435602648e+01
-1.436325619890976668e+01
-1.425375574464504069e+01
-1.416579249084541203e+01
-1.412335963354515123e+01
-1.404244346731617377e+01
-1.397070771426038327e+01
-1.399956728699372910e+01
-1.394757508567239768e+01
-1.390823992172220080e+01
-1.380436935716981495e+01
-1.384175621821901103e+01
-1.390570834850843340e+01
-1.398529432373346459e+01
-1.393609419881862621e+01
-1.394811472533439911e+01
-1.391602732046606583e+01
-1.398188346009482608e+01
-1.399073778711779603e+01
-1.393002295129232948e+01
-1.389758368446471515e+01
-1.394104132453652589e+01
-1.386996811771076210e+01
-1.375464533384978161e+01
-1.370821610437691795e+01
-1.360270486849278093e+01
-1.352580596814813951e+01
-1.352227387209656406e+01
-1.345357268004747908e+01
-1.345634609723988540e+01
-1.341311454522524649e+01
-1.329812896041129733e+01
-1.334592582814284079e+01
-1.333323418937121829e+01
-1.331095061867191198e+01
-1.337252248792250242e+01
-1.328246963088140120e+01
-1.331071963222614940e+01
-1.324729356924927615e+01
-1.324269182408106715e+01
-1.318907092894313671e+01
-1.327967324902951418e+01
-1.326569426569302301e+01
-1.324351601133312606e+01
-1.322202384595427915e+01
-1.325506789915933581e+01
-1.331655893569693738e+01
-1.333344007271746001e+01
-1.334518509675400111e+01
-1.325587376051267796e+01
-1.324903410663110570e+01
-1.324148159011981107e+01
-1.318216932987153811e+01
-1.313020943772031757e+01
-1.318224445253576249e+01
-1.317758658045053721e+01
-1.304998768132365328e+01
-1.297835326970147207e+01
-1.294522769010352370e+01
-1.290687343795207553e+01
-1.292500180296665491e+01
-1.280204655339349884e+01
-1.268487637429247883e+01
-1.264790495746664512e+01
-1.264198041627501112e+01
-1.260369101340856268e+01
-1.254079761765468248e+01
-1.264303930537226250e+01
-1.265568197620241442e+01
-1.265615716318107253e+01
-1.267059535998236797e+01
-1.267896057672802179e+01
-1.261114137922437095e+01
-1.254204709652353067e+01
-1.239141530476144126e+01
-1.245378277424096147e+01
-1.231053714734886384e+01
-1.224465416723848143e+01
-1.229253813111276372e+01
-1.227883620361788175e+01
-1.219035451424246830e+01
-1.203584067524880297e+01
-1.192486899524065080e+01
-1.194328496527828776e+01
-1.189463609711969205e+01
-1.177703578808976914e+01
-1.159803030601847595e+01
-1.140843591443202953e+01
-1.139959504048988137e+01
-1.130987059319398114e+01
-1.137541146751151544e+01
-1.138774878226860920e+01
-1.141157910255435759e+01
-1.141688398562878071e+01
-1.140592782842687924e+01
-1.141648954929170756e+01
-1.137795960028457642e+01
-1.134149601123151463e+01
-1.135881648363606367e+01
-1.140583480514368375e+01
-1.144480992711162237e+01
-1.139391484462903215e+01
-1.133475286555821704e+01
-1.137035866087014035e+01
-1.137564243843955403e+01
-1.125521290452776491e+01
-1.113149588573495663e+01
-1.107105929946542489e+01
-1.096208798839356291e+01
-1.093878706340418461e+01
-1.094465882347854269e+01
-1.077399298887176293e+01
-1.078102577333299195e+01
-1.079792201445099664e+01
-1.079412336230455161e+01
-1.070656515548363252e+01
-1.070102710256164968e+01
-1.071599803815627183e+01
-1.070509492352944925e+01
-1.071518691080670216e+01
-1.103598722514394126e+01
-1.121696817409734237e+01
-1.100903762070367087e+01
-1.080302038270466092e+01
-1.075531444441785567e+01
-1.070557452683555688e+01
-1.077543729099590308e+01
-1.081104055208211889e+01
-1.089860915059291990e+01
-1.092660718236685646e+01
-1.100613019609301801e+01
-1.098128972398613534e+01
-1.093622973614706595e+01
-1.091727360374833644e+01
-1.089171867042155917e+01
-1.095354452264441036e+01
-1.089197125035929936e+01
-1.088701512341273769e+01
-1.088038417205157238e+01
-1.079506534934944462e+01
-1.083031583600425307e+01
-1.074043896133793830e+01
-1.071964309340303068e+01
-1.058868552819723874e+01
-1.054588988202445776e+01
-1.061736884320998442e+01
-1.060072212052608798e+01
-1.065179387602157846e+01
-1.065226142463930614e+01
-1.066737823053295742e+01
-1.068263303165815259e+01
-1.073092455121907918e+01
-1.083495717565740968e+01
-1.088536942665230178e+01
-1.091869116794831029e+01
-1.076195181470790452e+01
-1.067663858644656472e+01
-1.064406799204600240e+01
-1.063261296769260689e+01
-1.073614287416621771e+01
-1.079417642280452938e+01
-1.079851956833674897e+01
-1.082529734254149645e+01
-1.084367152833704395e+01
-1.096433647591053706e+01
-1.089489586626164375e+01
-1.077484214969747001e+01
-1.079969436227001545e+01
-1.074203062544260767e+01
-1.080396903015061127e+01
-1.084369009561760322e+01
-1.087386174974361097e+01
-1.085691681571967138e+01
-1.082891697414769361e+01
-1.094670940761735345e+01
-1.084607175318993555e+01
-1.091634999706639775e+01
-1.086164113531596520e+01
-1.081619445919517020e+01
-1.084341123568177956e+01
-1.083334732384950350e+01
-1.079118939023469004e+01
-1.079091303208306130e+01
-1.072095811676997634e+01
-1.075175648315362409e+01
-1.072165769214442044e+01
-1.076197823344300808e+01
-1.066613992775163311e+01
-1.066452724010927255e+01
-1.073381419243325041e+01
-1.084095853671969856e+01
-1.080652325134224156e+01
-1.081378518958168655e+01
-1.069708653086005512e+01
-1.067313380357393271e+01
-1.064439543027463486e+01
-1.062872832268304712e+01
-1.081418603945355450e+01
-1.077532945402674613e+01
-1.074943535918130699e+01
-1.077331809330257073e+01
-1.086326233215218728e+01
-1.081802993755900388e+01
-1.093260653551843120e+01
-1.091183001278479736e+01
-1.089931777801714219e+01
-1.090985381805798760e+01
-1.091715888917700994e+01
-1.078146495654114823e+01
-1.077271740189284266e+01
-1.074251545592321477e+01
-1.076695170934938695e+01
-1.075231102926863969e+01
-1.079120282160411115e+01
-1.086316653094007023e+01
-1.086157857483853917e+01
-1.089777112037693385e+01
-1.096208883212982954e+01
-1.102713638914942962e+01
-1.109158058686046644e+01
-1.111240763328252257e+01
-1.115449176766958672e+01
-1.080525734548531069e+01
-1.081436813890958426e+01
-1.069418150738850137e+01
-1.067985411288947262e+01
-1.068815337646831409e+01
-1.080561650049535416e+01
-1.088128903604913411e+01
-1.084841333104141192e+01
-1.093270897841721201e+01
-1.099626736681848627e+01
-1.101303217628391984e+01
-1.115600885257279451e+01
-1.126330131247878263e+01
-1.126314782535500214e+01
-1.119859121141305991e+01
-1.103775940271187750e+01
-1.096552677942063525e+01
-1.097030050657116718e+01
-1.082680313295566599e+01
-1.079023527711923336e+01
-1.076861238688907996e+01
-1.068570985202715740e+01
-1.066004820352959648e+01
-1.067508627613380945e+01
-1.074654372286888560e+01
-1.072016885695759392e+01
-1.074829060628322530e+01
-1.070643637446544183e+01
-1.061562108002992488e+01
-1.054346982446142889e+01
-1.047472703344164202e+01
-1.042089421351227863e+01
-1.036867649829689242e+01
-1.030447229964378941e+01
-1.033448056746832577e+01
-1.039600923507605224e+01
-1.043277049171930315e+01
-1.039712448818305113e+01
-1.050690829598298137e+01
-1.064454102019834281e+01
-1.077874076395163172e+01
-1.076586440131617195e+01
-1.070852483286049761e+01
-1.082020435905606526e+01
-1.084212678311567757e+01
-1.089032887105018332e+01
-1.074392313545109445e+01
-1.064501730915771027e+01
-1.050979503536456861e+01
-1.045410232158701547e+01
-1.039581031854357995e+01
-1.034608190816735629e+01
-1.024740009973918831e+01
-1.032223853238387079e+01
-1.028362663141833799e+01
-1.056620806423487835e+01
-1.058333290109601776e+01
-1.050674394641973031e+01
-1.055202424644003045e+01
-1.061644247332970181e+01
-1.037801050498098121e+01
-1.028290427912248894e+01
-1.027486738742499739e+01
-1.046655985736247274e+01
-1.053857112005072416e+01
-1.079593735017986766e+01
-1.066996336338855578e+01
-1.060216469376949355e+01
-1.086322386281378449e+01
-1.087561045800767268e+01
-1.092975049670721965e+01
-1.109883768719983976e+01
-1.118167451095338905e+01
-1.126488004613880101e+01
-1.133468266799145852e+01
-1.135956212422231459e+01
-1.145510424858893650e+01
-1.151749925803935781e+01
-1.165174621949575773e+01
-1.167121584527519040e+01
-1.162420194405806662e+01
-1.163507725064875764e+01
-1.174488786403562379e+01
-1.184451060314549764e+01
-1.181549473802300909e+01
-1.182874923065404005e+01
-1.187256695539266715e+01
-1.201940296992018631e+01
-1.207313634685392856e+01
-1.200486990701549672e+01
-1.209527666797606926e+01
-1.216465126727116086e+01
-1.218529026443513175e+01
-1.222605537085572536e+01
-1.224024021935760587e+01
-1.229208308164843544e+01
-1.232335676313789818e+01
-1.238341683934086745e+01
-1.241727395618685392e+01
-1.243797613206594832e+01
-1.243393710363817917e+01
-1.249937917369573803e+01
-1.253360572135160744e+01
-1.255058955131152842e+01
-1.263784070660289416e+01
-1.263209696357323786e+01
-1.264226402779093661e+01
-1.254260324078233779e+01
-1.262207270984597329e+01
-1.262650932794586112e+01
-1.257172547860477607e+01
-1.254458951661606214e+01
-1.264300000337396135e+01
-1.269140168441451877e+01
-1.267831552161778852e+01
-1.265998471449734986e+01
-1.280804437285414998e+01
-1.288365095741545829e+01
-1.284879275452630765e+01
-1.288442510651909423e+01
-1.295164831452395582e+01
-1.292908480350712352e+01
-1.291850443583769348e+01
-1.293529473873114632e+01
-1.291585919341234856e+01
-1.284561814142146474e+01
-1.285273548828536150e+01
-1.280199198725737020e+01
-1.278502617088218507e+01
-1.277225238034623089e+01
-1.274085076526102078e+01
-1.279049776822005491e+01
-1.281423929754717328e+01
-1.286232843097720036e+01
-1.292549875510879787e+01
-1.294196051287618410e+01
-1.295387967945132068e+01
-1.287955059827576854e+01
-1.291683805100537619e+01
-1.282688213238959385e+01
-1.291417763047184764e+01
-1.297252161786033398e+01
-1.296566245798293338e+01
-1.295643418267407299e+01
-1.286153789661685742e+01
-1.288056710846708874e+01
-1.286529106276694989e+01
-1.284483277778738142e+01
-1.280563021583796868e+01
-1.287490463288400733e+01
-1.293979665160512127e+01
-1.299195805916135527e+01
-1.303984936703124831e+01
-1.308215035630630929e+01
-1.315300774429342390e+01
-1.326475378648525982e+01
-1.334310923547009686e+01
-1.338698891329871188e+01
-1.341945269386371287e+01
-1.348131770588827294e+01
-1.358876588618568881e+01
-1.351596793056099699e+01
-1.348479472638944010e+01
-1.351168450305002899e+01
-1.357183091741604386e+01
-1.361472218183318184e+01
-1.356123952744190753e+01
-1.356852011320938800e+01
-1.354301615334403763e+01
-1.338069140738133633e+01
-1.336219187345722048e+01
-1.351102538411692677e+01
-1.349662081680237868e+01
-1.352876070765279160e+01
-1.351932548520616706e+01
-1.345219250380953468e+01
-1.337400251316972266e+01
-1.340864945179095891e+01
-1.343572508640582797e+01
-1.350289210497409975e+01
-1.352158689327395358e+01
-1.351330361684404657e+01
-1.355968984235876285e+01
-1.353540402608032167e+01
-1.361022067587418150e+01
-1.368004279066805218e+01
-1.378746555779148508e+01
-1.377716025004886902e+01
-1.382433633345090840e+01
-1.369660674506980058e+01
-1.367392229946174353e+01
-1.375437806487238568e+01
-1.371360780057559126e+01
-1.372832316798796448e+01
-1.374809782396715363e+01
-1.370221677932071458e+01
-1.367963079408966820e+01
-1.373771070313026854e+01
-1.375148791621736066e+01
-1.370281017592141204e+01
-1.374238028053095917e+01
-1.385652634556388207e+01
-1.389631767025205988e+01
-1.390750694193116210e+01
-1.396229796110548804e+01
-1.400027951000597248e+01
-1.399903993681424197e+01
-1.400025474451378749e+01
-1.400792833469243348e+01
-1.411074310569552281e+01
-1.406076232830483796e+01
-1.416823606861336060e+01
-1.427523220806313731e+01
-1.432418102053141062e+01
-1.423956564824691107e+01
-1.424961595659697089e+01
-1.429504971388711709e+01
-1.428814503268274372e+01
-1.435377411721222174e+01
-1.441142615639777524e+01
-1.449424600168058852e+01
-1.454724968565611221e+01
-1.448972709102882384e+01
-1.443606884127969003e+01
-1.441390159485544942e+01
-1.443058635379882482e+01
-1.449170517597376850e+01
-1.443588873055658617e+01
-1.439063177609344635e+01
-1.440399083163583782e+01
-1.436958810028094291e+01
-1.434755420815781335e+01
-1.437509989431749347e+01
-1.442163438595088998e+01
-1.434214914018862963e+01
-1.433632325386678197e+01
-1.438492342158765602e+01
-1.443834936101774247e+01
-1.437073430477371616e+01
-1.436026437995213634e+01
-1.436001003726952696e+01
-1.445064996083956999e+01
-1.457444914134218017e+01
-1.470934826719448907e+01
-1.471996368079935458e+01
-1.464592591033708935e+01
-1.454338558619097732e+01
-1.449533222801789378e+01
-1.446663811416949663e+01
-1.453903759226059833e+01
-1.453136635709988589e+01
-1.454370349651586913e+01
-1.447559503384216129e+01
-1.441144151003719465e+01
-1.434581454594485983e+01
-1.429162321920966860e+01
-1.427993822588762640e+01
-1.429747494552484000e+01
-1.423664301398410537e+01
-1.425165025899161719e+01
-1.418850143666895747e+01
-1.419095078237896956e+01
-1.423692254414709879e+01
-1.424006311234177602e+01
-1.433654540198583938e+01
-1.439173085512601347e+01
-1.435989820240969017e+01
-1.437903489598401485e+01
-1.442219262426294435e+01
-1.446878080848661163e+01
-1.451824642648614017e+01
-1.454062679172450423e+01
-1.454302572829818807e+01
-1.449368000107210364e+01
-1.452839814044071076e+01
-1.462671217802417800e+01
-1.463543151063992021e+01
-1.460251549805748361e+01
-1.462835000733434754e+01
-1.470479376269402216e+01
-1.432422929294611080e+01
-1.440160255182620830e+01
-1.432256252920101502e+01
-1.426551036296241470e+01
-1.429836361908473918e+01
-1.412429131343396094e+01
-1.404583912900267961e+01
-1.407392146871851679e+01
-1.423513991490170127e+01
-1.425436126301920226e+01
-1.419037314947117778e+01
-1.434954587323769282e+01
-1.441078882381287052e+01
-1.433557052646642660e+01
-1.433936174641932304e+01
-1.444503313271388123e+01
-1.445202898501380773e+01
-1.439691963945354125e+01
-1.432353456888394128e+01
-1.433263843497168644e+01
-1.450524153209419609e+01
-1.453988315755623262e+01
-1.456090228674025155e+01
-1.459607067080263931e+01
-1.470180252644857077e+01
-1.464865317253048715e+01
-1.471047216166846994e+01
-1.488358372928779971e+01
-1.488918798642761310e+01
-1.491409385449638059e+01
-1.488999648892470162e+01
-1.487585444877112195e+01
-1.482676225846855900e+01
-1.483776858459238035e+01
-1.487026522515621885e+01
-1.484119553430531369e+01
-1.476188707934271882e+01
-1.465806681117492616e+01
-1.466427249432100766e+01
-1.474308934881503319e+01
-1.484434682061612421e+01
-1.481037602934126518e+01
-1.515581822258652345e+01
-1.544686934965883296e+01
-1.533734564915092413e+01
-1.534984928895338641e+01
-1.542771575583913446e+01
-1.536009194154728874e+01
-1.542512399885462315e+01
-1.543425883934032505e+01
-1.542990352014974320e+01
-1.541232156746689697e+01
-1.546085173148732217e+01
-1.554868289448287122e+01
-1.553961748376724117e+01
-1.553085551595706626e+01
-1.553554987286692146e+01
-1.553849319289916941e+01
-1.555008276591846439e+01
-1.566201056926878898e+01
-1.565926543044713526e+01
-1.557388284598305184e+01
-1.555994464953414180e+01
-1.561278471658382827e+01
-1.557430643612769572e+01
-1.556789460319086160e+01
-1.562210520259304758e+01
-1.550376047626588516e+01
-1.551283698742073192e+01
-1.544813691027836633e+01
-1.547393564066273619e+01
-1.550696798975643809e+01
-1.550817288994947596e+01
-1.551741472752988926e+01
-1.567162642105473758e+01
-1.577871060890332977e+01
-1.585332466063080226e+01
-1.580938084696204093e+01
-1.585671449840240044e+01
-1.581099396445895522e+01
-1.587534977541921855e+01
-1.587875104901097778e+01
-1.590066667805889011e+01
-1.588900331409778666e+01
-1.586476016042592363e+01
-1.597474360183428388e+01
-1.599564909572983673e+01
-1.603342894760401904e+01
-1.599814375610266914e+01
-1.590284457494042414e+01
-1.607684274919814271e+01
-1.628319478280414145e+01
-1.632809657671710113e+01
-1.630727428967841774e+01
-1.634955763827741748e+01
-1.642414327384317829e+01
-1.635900121675884122e+01
-1.624994895911689241e+01
-1.626392769285735440e+01
-1.628574656814971533e+01
-1.624947881148744955e+01
-1.628059240952434550e+01
-1.636948780270136439e+01
-1.640765564464767579e+01
-1.646828641493368650e+01
-1.649844606284961301e+01
-1.650448872980667403e+01
-1.653528401323436370e+01
-1.645566614784408088e+01
-1.646232490635334855e+01
-1.648447557283076037e+01
-1.656757083350719029e+01
-1.654090968152094732e+01
-1.650324444425870141e+01
-1.649907482192124064e+01
-1.656985599668155373e+01
-1.655892746401754678e+01
-1.661583263771339958e+01
-1.667449803426363886e+01
-1.662082963038790240e+01
-1.658432037926765545e+01
-1.652257750365109601e+01
-1.658641670599682172e+01
-1.659797895242883214e+01
-1.653411160017849824e+01
-1.653427153059734067e+01
-1.642857616706950452e+01
-1.644649273644709098e+01
-1.653673816453579093e+01
-1.664424533571525444e+01
-1.675684205637903901e+01
-1.684052179298046781e+01
-1.678259200981959154e+01
-1.685747088924711790e+01
-1.686765947188134263e+01
-1.700471771951248456e+01
-1.696517403520534018e+01
-1.702122130275907708e+01
-1.707521600156317021e+01
-1.706004208249377641e+01
-1.706572204683171279e+01
-1.717629515335714174e+01
-1.724841843474796832e+01
-1.719838174421805732e+01
-1.748032162451242399e+01
-1.752342198938084294e+01
-1.751055572354103163e+01
-1.750140414721526128e+01
-1.750538183320226793e+01
-1.747466639360870033e+01
-1.753192904739963254e+01
-1.745445647191253258e+01
-1.747580437141664333e+01
-1.752884210776370821e+01
-1.757249124253461758e+01
-1.768085418078914728e+01
-1.772221684162732558e+01
-1.773425125677028547e+01
-1.767205817919272448e+01
-1.752695166032569674e+01
-1.753213607889265191e+01
-1.761971253876567545e+01
-1.770573127812760461e+01
-1.780364710483639357e+01
-1.773067067355849247e+01
-1.772309304039523070e+01
-1.775309202645002671e+01
-1.773006094762071427e+01
-1.785958295079620228e+01
-1.792113465357990876e+01
-1.801559200518202530e+01
-1.770842177229835457e+01
-1.770464839341906682e+01
-1.773457628649376616e+01
-1.776636251078272366e+01
-1.774170555674113103e+01
-1.778926309952090890e+01
-1.775593693116271865e+01
-1.781283130050547214e+01
-1.790805007226146373e+01
-1.797542231367924614e+01
-1.802351766179883441e+01
-1.801228727301939614e+01
-1.796837155351001769e+01
-1.789149918020081032e+01
-1.794424541236742243e+01
-1.804059467253168592e+01
-1.809092442362076270e+01
-1.812508080986692249e+01
-1.815434307698608762e+01
-1.823377873809833360e+01
-1.825663569058282576e+01
-1.828478935659965643e+01
-1.833002861218806601e+01
-1.832432730338721072e+01
-1.834484415941723867e+01
-1.838743451521402505e+01
-1.850302125542721399e+01
-1.849008649941097460e+01
-1.855840469150475514e+01
-1.858867579181719520e+01
-1.853804702780198355e+01
-1.853251391949898164e+01
-1.860589997831376152e+01
-1.865764313583945011e+01
-1.856036434485211828e+01
-1.843199519404506148e+01
-1.834313658109164891e+01
-1.837025936381587954e+01
-1.834374435146825277e+01
-1.828324734430968235e+01
-1.837979752740549699e+01
-1.844025857957546322e+01
-1.849174261930037133e+01
-1.845314652451692794e+01
-1.849019368512402650e+01
-1.859568904445293569e+01
-1.862490696093591680e+01
-1.862958212383077239e+01
-1.867898504812218974e+01
-1.871622301454838677e+01
-1.874130969114785117e+01
-1.880787537625547046e+01
-1.886879235891854734e+01
-1.883371637045748059e+01
-1.896218055362810873e+01
-1.905042636890162200e+01
-1.911448204685902397e+01
-1.916230016640119160e+01
-1.911814423143290043e+01
-1.909358410945866069e+01
-1.904806577211728325e+01
-1.910167354209764667e+01
-1.914375614894357369e+01
-1.898267771784020397e+01
-1.890964953999945664e+01
-1.883940051052390530e+01
-1.883387756532057011e+01
-1.885389383987920553e+01
-1.881880083291882144e+01
-1.882734789898609051e+01
-1.875457689625149271e+01
-1.876869726233069002e+01
-1.878633158340971931e+01
-1.870487425314507490e+01
-1.866988367862679254e+01
-1.868011666231542023e+01
-1.862560364840213367e+01
-1.856667848578943847e+01
-1.868224923656665482e+01
-1.866186240773788896e+01
-1.870991085477731275e+01
-1.877394579139377839e+01
-1.879542226239201241e+01
-1.877803407067763786e+01
-1.877893281944146153e+01
-1.879142434536881012e+01
-1.883507774301227755e+01
-1.887485545754023164e+01
-1.886125176931191660e+01
-1.886705557230382269e+01
-1.891075293426115422e+01
-1.907138488623498773e+01
-1.919782298475526616e+01
-1.925949936502034987e+01
-1.922536782285518697e+01
-1.911480980296400389e+01
-1.910655302460472527e+01
-1.915755594429693076e+01
-1.909023670441440856e+01
-1.907769138313521751e+01
-1.906440224538653538e+01
-1.908766540961599034e+01
-1.914073627557560897e+01
-1.919898063394548871e+01
-1.924174227808755333e+01
-1.923575339564787967e+01
-1.922958915923982204e+01
-1.926478286679808605e+01
-1.926040478668239686e+01
-1.929088239787904513e+01
-1.938499647174659657e+01
-1.948663399408753349e+01
-1.952932870025934164e+01
-1.957032504851347809e+01
-1.960281232140740215e+01
-1.963863354230345237e+01
-1.967805301813416463e+01
-1.988369012792845325e+01
-1.999940530126393412e+01
-1.995064357804072230e+01
-1.989571529790364224e+01
-1.981567339972225739e+01
-1.978465853865339596e+01
-1.988614778263900007e+01
-1.995007410378249801e+01
-1.995193350284343481e+01
-1.989167140830909020e+01
-1.983644575728557413e+01
-1.977755706859401741e+01
-1.975719066624214904e+01
-1.980579231255880401e+01
-1.986762151198459136e+01
-1.994210427778333994e+01
-2.002796129415398596e+01
-2.002023477041444011e+01
-1.998078196461837308e+01
-1.996544935804276477e+01
-1.994033608390407508e+01
-1.994683780854518673e+01
-1.991856877389068359e+01
-1.993976074751699556e+01
-2.000146002843193216e+01
-1.998644777873834499e+01
-2.004249447447102739e+01
-2.011922954066717750e+01
-2.006977305270665113e+01
-2.006530844363276600e+01
-2.015423672788574549e+01
-2.025276224046150020e+01
-2.038802294455202357e+01
-2.046397768048667487e+01
-2.050694591535898326e+01
-2.056404195511116839e+01
-2.055695055939266069e+01
-2.065091565540956253e+01
-2.070485565000453576e+01
-2.080850538868742916e+01
-2.080419120428600266e+01
-2.073448175415423123e+01
-2.076904451844736244e+01
-2.086994436743772496e+01
-2.079362902277089020e+01
-2.079495651699895475e+01
-2.080402363774716434e+01
-2.084405841243874136e+01
-2.089707005255911199e+01
-2.078330649598698088e+01
-2.080589792059821974e+01
-2.090212634868540675e+01
-2.099433684275804524e+01
-2.096516293762816119e+01
-2.097809327789597944e+01
-2.095335238820358370e+01
-2.094072621257355848e+01
-2.080911606828069438e+01
-2.076119446187234985e+01
-2.079125389342009100e+01
-2.082474730823956932e+01
-2.089057385855828031e+01
-2.094318055868570383e+01
-2.088181963369525818e+01
-2.089700117734427920e+01
-2.099721659749306468e+01
-2.107816675913325355e+01
-2.113720535447280824e+01
-2.099771032374476221e+01
-2.097021261998940389e+01
-2.092088865123163544e+01
-2.097083989228292467e+01
-2.103892342531795379e+01
-2.104727817512054244e+01
-2.120245665700699789e+01
-2.133842777814257730e+01
-2.138302408132907928e+01
-2.139158388416209888e+01
-2.142836057384096549e+01
-2.143934133031993738e+01
-2.141379826232900996e+01
-2.150019471306951502e+01
-2.140512300820646985e+01
-2.134911847914654004e+01
-2.135223373381709777e+01
-2.137745273677195712e+01
-2.131878496106946130e+01
-2.133418951043311651e+01
-2.122921692256588599e+01
-2.125211948544361107e+01
-2.133132486543371442e+01
-2.129269463769446702e+01
-2.127649287085573349e+01
-2.115573946369788416e+01
-2.114950161559242758e+01
-2.117863292537629150e+01
-2.119133796050079610e+01
-2.116394226034070414e+01
-2.125368769952230608e+01
-2.144492067895679810e+01
-2.136852142108507735e+01
-2.131880286922573120e+01
-2.129726187763106182e+01
-2.134929208944817702e+01
-2.139925976538751939e+01
-2.160654189735957686e+01
-2.168440731984717829e+01
-2.172675545467881619e+01
-2.174602906734959973e+01
-2.171209776148542048e+01
-2.165638646576552873e+01
-2.166914831038680589e+01
-2.171102877919118512e+01
-2.171831279716791840e+01
-2.174564933633027763e+01
-2.179979031998531624e+01
-2.183189010613976677e+01
-2.175208476968612104e+01
-2.170492210000166367e+01
-2.182744449892818750e+01
-2.188823117829479514e+01
-2.187820512610369050e+01
-2.188645726539022363e+01
-2.177699932976199548e+01
-2.188847496359227307e+01
-2.180710364689396741e+01
-2.180268361824676404e+01
-2.180953685973057432e+01
-2.217097642643476973e+01
-2.217941732149427025e+01
-2.218518354539567738e+01
-2.221320527136059297e+01
-2.214350981413443620e+01
-2.206919907008127524e+01
-2.207110200899438723e+01
-2.207309064492312700e+01
-2.216883555126632643e+01
-2.213906102768317652e+01
-2.216789601710243218e+01
-2.223000501401959283e+01
-2.224386871416364997e+01
-2.223156226136566715e+01
-2.224805619158358638e+01
-2.223975049062605081e+01
-2.221832364767776014e+01
-2.219207285604241164e+01
-2.220441723135675360e+01
-2.234206801085750627e+01
-2.198543761038357758e+01
-2.205738555339653217e+01
-2.209924131705234629e+01
-2.215497834693187329e+01
-2.224024583490481177e+01
-2.233640556775350205e+01
-2.227494431000269515e+01
-2.232819097763989191e+01
-2.241400578320373782e+01
-2.241171252676568670e+01
-2.246863712331090923e+01
-2.253396437510663475e+01
-2.252083059183713942e+01
-2.244541143625124491e+01
-2.251008797521102167e+01
-2.257573723808551236e+01
-2.269673262715252449e+01
-2.273218960026493107e+01
-2.271094650831297201e+01
-2.270838105233960746e+01
-2.267627608631143588e+01
-2.266397026884281374e+01
-2.269242068645694133e+01
-2.269229089625023832e+01
-2.275119484112980928e+01
-2.277109646608693083e+01
-2.275672142886852711e+01
-2.266496300634110383e+01
-2.276554501919601847e+01
-2.270050640608032566e+01
-2.265868116218258166e+01
-2.280311831262137190e+01
-2.276877796342218119e+01
-2.288524685752750898e+01
-2.285512908019099498e+01
-2.285313187999850726e+01
-2.278935173092278532e+01
-2.277023624927449674e+01
-2.276711135098872063e+01
-2.273259300354224521e+01
-2.287258818422217033e+01
-2.290926735319521867e+01
-2.296023338174272510e+01
-2.290646882349687985e+01
-2.303054773265090205e+01
-2.298862520313087288e+01
-2.297882378214743682e+01
-2.300013600609664266e+01
-2.302057525145526640e+01
-2.295868728498300015e+01
-2.300631754974660836e+01
-2.309344510141656315e+01
-2.310116843501096540e+01
-2.317391384766333218e+01
-2.309568918228316647e+01
-2.308160238881570692e+01
-2.316596660981226918e+01
-2.321423060258462101e+01
-2.317219359483726038e+01
-2.319401078124689874e+01
-2.327039664915280071e+01
-2.358396588676707850e+01
-2.361331640961688549e+01
-2.373047074299252301e+01
-2.379013913711892414e+01
-2.381310801668114152e+01
-2.383806636711516092e+01
-2.388277719003828281e+01
-2.387013071495627869e+01
-2.394231052546959049e+01
-2.400420647708808985e+01
-2.414787140744119043e+01
-2.421357641000478012e+01
-2.415435760591627457e+01
-2.382878031319150125e+01
-2.379761728168895729e+01
-2.378914686507434695e+01
-2.377503216643964024e+01
-2.375135661304550183e+01
-2.386503494278248283e+01
-2.399323990960676412e+01
-2.408400114086307298e+01
-2.415450303699037704e+01
-2.415538081727283526e+01
-2.423303005837315993e+01
-2.437983853398189282e+01
-2.434063982654292246e+01
-2.441912397887926289e+01
-2.452934297114072493e+01
-2.463627502568527206e+01
-2.475422645737089766e+01
-2.477158910454458862e+01
-2.475233596806351954e+01
-2.480944902277830622e+01
-2.486359435149902097e+01
-2.483037300198888175e+01
-2.482903576303020543e+01
-2.481062141892293482e+01
-2.471200763184383931e+01
-2.473905804785554707e+01
-2.475749134230810711e+01
-2.476111470827727956e+01
-2.478680766885716835e+01
-2.472253895468807272e+01
-2.476489420153015075e+01
-2.482664810540633837e+01
-2.483211978640082407e+01
-2.483736458969385907e+01
-2.494413515199749654e+01
-2.502758716799406002e+01
-2.503946268148857612e+01
-2.506919277465403439e+01
-2.518856445131506661e+01
-2.531653917802778508e+01
-2.497938518952624420e+01
-2.498106531345438341e+01
-2.500785698820451941e+01
-2.510217369059317605e+01
-2.515309697238101094e+01
-2.521770044014466094e+01
-2.533619793392011843e+01
-2.589841730744375070e+01
-2.604544888866469421e+01
-2.615890001099516837e+01
-2.617701926842201843e+01
-2.623687919296650506e+01
-2.634386291785092737e+01
-2.630990563378030700e+01
-2.630513236070567373e+01
-2.633127681518907082e+01
-2.632233024908040164e+01
-2.615507111748238245e+01
-2.614684089669781741e+01
-2.620819729338610315e+01
-2.623372455811215431e+01
-2.626868345320110265e+01
