window,lag,raw_acf,absolute_acf,leverage
0,1,-0.19857948290031402,-0.17266793192452978,-0.2985075639909693
0,2,-0.026544255248327934,-0.34400742657828404,-0.040660159165274636
0,3,0.14808046070616962,0.16574560546990777,-0.04056436777549899
0,4,0.3688685608283737,0.5429990393952661,0.5025530548825087
0,5,-0.3103430634461431,-0.1017564199098182,-0.5008932921532399
0,6,-0.22196858614770099,-0.2951312112684827,-0.22742791514279684
0,7,0.7150591551047912,0.4584376955837562,0.5540666609500792
1,1,-0.11422201462268519,-0.21351894780953415,-0.19384745307926984
1,2,-0.06638138043775382,-0.10882142952988269,-0.015948771837387486
1,3,-0.008658270932490282,0.20981870801464636,-0.23183957573102143
1,4,0.38819539212872456,0.19691074376664947,0.432213373484522
1,5,-0.33784137458775215,0.026097667965359565,-0.45749913975688045
1,6,-0.2021595406281066,-0.4207607466072919,-0.4512761942329949
1,7,0.4446201200880686,0.3379524725743321,0.5196454558774575
2,1,-0.28158699234508355,-0.25685782094755566,-0.27478022913126066
2,2,0.06097067113686419,-0.030534422422625513,0.10401610061597819
2,3,-0.027717503408572604,0.047084305411817295,-0.3222532295881342
2,4,0.46371835347263285,0.16381464989421507,0.40693925146843696
2,5,-0.4359375617047976,0.1363953489091213,-0.44747057563371284
2,6,-0.38248808290330094,-0.34327460065808457,-0.3417907915822851
2,7,0.2770070309631146,-0.08144651028903013,-0.08195792062845154
3,1,-0.19222238098453245,-0.32755504374242733,-0.16019989211822835
3,2,0.03017714935714502,0.005578435176496774,0.2326738029071852
3,3,-0.047273425095057595,0.21087542593663158,-0.32312058047399383
3,4,0.05068128901168254,-0.13630924822817486,-0.14680814873890233
3,5,-0.17821165907124414,0.13864756815496143,0.013876194639693196
3,6,-0.2095988798101424,-0.07633259718435237,-0.10097287372906509
3,7,0.02232218185790036,-0.02877688440964408,-0.1715378126370778
4,1,0.11504870751880192,-0.12767725169856073,-0.029672254823621538
4,2,-0.06007842251584941,-0.014712783753685453,0.03322221723927748
4,3,0.043785868198893206,0.026541133891979696,-0.13061263091413344
4,4,0.008490846017352727,-0.1690203315462566,-0.12355703337699912
4,5,-0.41751860248199596,0.1357373294074296,-0.14672125995274132
4,6,-0.10785941638817442,-0.2236464568801622,-0.054390125717082606
4,7,0.10567108409759152,-0.15585906644415679,-0.1476818781850082
5,1,0.14419155410663279,0.08627331126075045,0.21120792774376118
5,2,0.23867455738466922,0.1332968333094268,0.15114937256336544
5,3,-0.25815387732949147,-0.04799276348774026,-0.3268283912476791
5,4,0.015930210152238264,-0.15397356366045534,-0.39876020388714917
5,5,-0.46433114450898066,-0.0554840921465592,-0.4643154812879377
5,6,0.025576938899235433,-0.3535428288783188,0.07324789964307545
5,7,-0.2510682043438707,0.04491839373523724,0.18578273241501778
6,1,0.13867333582656724,0.31551223537165446,0.2213285818455687
6,2,0.3968842957339284,0.20039645941915954,0.17680844221950673
6,3,-0.3010214377854853,-0.0534934052480026,-0.36740268848456986
6,4,-0.114954878246096,-0.2031439110071354,-0.2929827218146247
6,5,-0.5610778778184605,-0.11559220061100753,-0.7574810416766312
6,6,0.03842914514745717,-0.8055463327341584,-0.4166466891361271
6,7,-0.3881142075716227,-0.4196577623999196,-0.316200769580853
7,1,0.09316451432244335,0.15339385953648735,-0.010449023359574204
7,2,0.31130352362766567,-0.16685655556087067,-0.027755978349034535
7,3,-0.3403542572491623,-0.16323145625663565,-0.2710797873305629
7,4,-0.022684609820672927,-0.25339502383988105,-0.20093765344081552
7,5,-0.5833767350163489,0.06861126720495503,-0.7621937189056827
7,6,0.21762130060986845,-0.2570362439840476,-0.13838266834863536
7,7,-0.43093312712205123,-0.2764394909429701,-0.4589214035007098
8,1,0.08344054938861932,0.24564351897165834,-0.11926084468884568
8,2,0.27256744450136994,-0.09191354714138605,-0.15588480056278012
8,3,-0.07268904861749763,-0.19476087818610308,-0.3714588037025497
8,4,0.15778440144429792,-0.103920984040324,-0.25881632270087573
8,5,-0.5378072424681543,0.045540183190387065,-0.4938181904689984
8,6,0.13779038894010884,-0.22924447998696898,-0.2596569760115272
8,7,-0.2545970280777786,-0.44514432876101345,-0.5984726648872578
9,1,-0.35200351319059814,0.24547618121768322,-0.4619737563513482
9,2,0.0770910766640637,-0.28105240443122786,-0.1382902427250919
9,3,0.17002624935719265,-0.32986858966705906,-0.08170647652258504
9,4,0.1648305446155857,0.029365637056418117,-0.036414065960997666
9,5,-0.5281196308700047,0.5308126015598225,-0.10710669941163521
9,6,0.6964172315469386,0.64292375735805,0.38642313946529416
9,7,-0.18865140926893134,-0.44254203574310613,-0.5057142768326456
10,1,-0.2949993711642663,0.01234871850730617,-0.2172165384929792
10,2,0.09403567780016216,-0.220833827924119,-0.24861555072274938
10,3,0.1797978413102504,-0.4061218553912299,-0.16659585542641409
10,4,-0.2445471870577222,0.18960018142740348,0.18302712141130806
10,5,0.05478120743254669,0.3080963716776618,-0.3845830550316883
10,6,0.2133362172801719,0.44508513487629153,0.3303432395043503
10,7,-0.15081272435505838,-0.351651253226031,-0.4776211592624679
11,1,-0.4580839419342273,0.0811298390160828,0.019923980428769087
11,2,0.2543683512978712,-0.2649929621646171,-0.21067511166545097
11,3,-0.06696661815064374,-0.28316513159739837,-0.2498882984347968
11,4,0.1725707663850517,0.31978591308471926,-0.1498235506541469
11,5,-0.10945984614303438,-0.09388015391391691,-0.24715919813989226
11,6,0.15880496053852508,-0.0010675769777979056,0.06960993792057824
11,7,0.17444422362845866,-0.22493724114928199,-0.006168883190393834
12,1,-0.5558191480234909,0.08742185969920654,0.30595451808891144
12,2,0.2577869216814279,-0.3379679453523214,-0.09693172054705682
12,3,-0.09352871155994809,-0.4719299187984234,-0.08378877496981937
12,4,0.09854044744148392,0.24933635213474392,-0.23703921026244582
12,5,0.04093157772278422,-0.17984440578910205,-0.09011723103230303
12,6,-0.17269928784737118,-0.09999253750407752,0.12274771429510065
12,7,0.310226317358178,-0.12109729132423681,0.4330541499705977
13,1,-0.4091639550113207,0.06677947016097725,0.29030912438325956
13,2,0.09314544584094081,-0.3546886486185044,-0.11337095033183806
13,3,-0.11763400655976894,-0.49752255598896933,-0.03522673470411825
13,4,-0.09158740170647792,0.2897608469189423,-0.11822348493189987
13,5,0.33335490978852245,-0.172860922335803,0.004490016185208414
13,6,-0.0190228880063826,0.03570446757695055,0.022407167501246317
13,7,0.17865140846696967,0.04047640706068843,0.5452755496266914
14,1,-0.17827047126753953,0.05462917953344159,0.3170204704392046
14,2,0.3214024924492486,-0.2944501556801926,-0.043489349445002407
14,3,-0.25759385694752723,-0.300284877542915,0.24379931115045758
14,4,0.16835367142538557,-0.08915595862452332,-0.2631054228392888
14,5,0.1086159113113688,-0.16225115875332746,0.18846790195958643
14,6,0.04655270538308582,0.09390661075488721,-0.04327943781621169
14,7,0.2973339407891502,0.5395833901269304,-0.24246249791914026
15,1,-0.11193363034567021,0.07774399205987491,0.2448411946294418
15,2,0.13409965443798272,-0.2427100680866983,-0.0597221074353447
15,3,-0.013824361949688026,-0.42602341820294515,0.40844121807537
15,4,-0.056550718524085844,-0.464945189906995,0.14109397219555178
15,5,0.06783644622394397,0.18961383103043442,0.05591400268838722
15,6,-0.21854237675862243,0.24443746831997099,-0.09842055806279332
15,7,0.11815199226350062,0.5791490905274825,-0.5708358153829238
16,1,0.10834713885132839,-0.14970856917446132,0.07231917639718762
16,2,-0.02078581066845996,-0.14651938858186564,0.056336360636279094
16,3,0.11687035173908973,-0.077956272012156,0.544804197825748
16,4,-0.004761939767010292,-0.5303557955350643,0.3005621618893028
16,5,-0.1518090256049904,0.14249578283908904,0.04005741638087759
16,6,0.07991557737046588,0.12572001114046427,0.0005275008309671659
16,7,0.3648723832214991,0.24793302294378045,-0.37011023960306366
17,1,0.22118852788929833,-0.02779408029388855,-0.23497227094001147
17,2,-0.0984578997750516,-0.1236604853691715,0.03192211623531458
17,3,-0.12337057935106936,0.18373050083539286,0.4261130875088642
17,4,0.18456927263378956,-0.5438612858373616,0.0573691433870731
17,5,-0.1529159538828497,0.1548171245989236,-0.18908032636429914
17,6,-0.43816025254935576,0.3141157055106647,0.4790120071818776
17,7,0.01097915303358322,-0.4339754205205021,0.05186383363843463
18,1,0.30352336962831294,-0.07287220998446994,-0.1499266295179947
18,2,-0.10054657666016799,-0.27813668758635346,0.20178719155686375
18,3,-0.05835463464847205,0.05829146357764015,0.46237111121510105
18,4,0.10687821864990979,-0.4345060162834263,0.05951118834412328
18,5,-0.19869890348011818,0.1466381750759971,-0.23689905388400295
18,6,-0.3979487460549977,0.34504696128948487,0.4542618177484531
18,7,0.09176635197414265,-0.417317451442487,0.10217081643316983
19,1,-0.31185376728788683,0.25505008288687153,-0.06948983130910032
19,2,0.17344309687985113,0.08272775192019635,-0.03887066732497723
19,3,0.00941831144482727,-0.034398844703816205,-0.026654606735430336
19,4,0.23052618425343613,0.17642096115794295,-0.2565020866913071
19,5,0.0018225387689336369,0.07822566602613362,-0.10748561574155623
19,6,-0.025440729974779763,0.012405423561126405,0.015161805543766586
19,7,-0.07940408734799605,0.027164634281246058,0.11230813774760585
20,1,-0.33426819786450634,0.2651243579422611,-0.06929128741650159
20,2,0.21786329537328888,0.10009360641613273,-0.039574728463807114
20,3,-0.11286665799525784,0.025111039792658857,-0.02470900783579672
20,4,0.3963498203250008,0.2929242651341115,-0.26301294402733577
20,5,-0.13141578860388395,0.16435383856983293,-0.11753247278726653
20,6,-0.019765335282020628,0.006205673659451801,0.014656636770609646
20,7,-0.09850918492694101,0.03851238139177962,0.11010881714832732
21,1,-0.3038167534458759,0.24309737710143114,-0.06686118276428893
21,2,0.23352149626970217,0.11292235395531523,-0.029997249038472507
21,3,-0.14173682627801187,0.03982102384325574,-0.03423150749483886
21,4,0.38409662111109244,0.291138741492545,-0.2486923667277826
21,5,-0.17020601423181997,0.1891991201029962,-0.12918907688504178
21,6,0.06590388839745456,0.05462531903797919,0.04443799167562457
21,7,-0.4612116704312238,0.37552399828158073,-0.003002122924173099
22,1,-0.32276759503552205,0.24582681353508776,-0.06850053027342802
22,2,0.22413019684950775,0.09501882581732825,-0.03160247004365844
22,3,-0.1532985822681222,0.04780088367679796,-0.0329083160010354
22,4,0.42516459691821473,0.3253492204367954,-0.22899589340416174
22,5,-0.23498909415681365,0.1657430597514385,-0.04675693455242354
22,6,0.15258957660579422,0.10736474590007421,0.03192530337373594
22,7,-0.41540362518318413,0.34602172341365345,-0.11480333582774499
23,1,-0.32366604278802186,0.2595256605637266,-0.07004574540955247
23,2,0.2021469102322569,0.13083779513657534,-0.01983633097094469
23,3,-0.17032147084406205,0.07551057139042235,-0.0048576124628735
23,4,0.22791305407447573,0.15337118829503035,0.012401633488636545
23,5,-0.1515578926234779,0.13244150245028474,-0.022638699704125825
23,6,0.10765627972517075,0.07780680192869711,0.038364677861356306
23,7,-0.39233874911771566,0.35013867196195153,-0.11718106330550995
24,1,-0.10403912082240802,0.1268330870777605,-0.13423649990147155
24,2,0.25123277084078555,0.10573865136379351,0.053334234323965134
24,3,-0.4458723750267296,0.2763632465571232,-0.18525282507076662
24,4,0.21049418808414042,0.46375411558806945,0.6018290304729862
24,5,-0.21243542791055908,0.5130094228159984,-0.30135265213073054
24,6,0.08103539268597237,0.2520452406005151,0.22032929132916207
24,7,-0.03304490762197926,0.17778827832783645,-0.2588502248557606
25,1,-0.05935400024105323,0.08632041592924009,-0.23314708549431873
25,2,0.16446988788368336,0.01703697374677393,0.06437843710272592
25,3,-0.3628596592558412,0.15574776545883579,0.01048151020484779
25,4,0.15567091268234395,0.40034116505541184,0.4750984358593434
25,5,-0.021092760156752856,0.2519445212746753,0.05452452071883285
25,6,0.09787563104633885,0.30840534552940985,0.348979717575323
25,7,0.5222420484011202,0.3218922974125379,0.1365443005852542
26,1,-0.17790348382023238,0.30843396976341936,-0.4917509932002096
26,2,0.04184066320827427,-0.10121228893383491,-0.22914024367983424
26,3,-0.19422731345770622,0.01947299138387265,-0.15386615467484732
26,4,-0.34091424675717585,-0.0061146347880008944,0.1675047912376764
26,5,-0.09822014575383171,0.1488407910987544,-0.10435793174413288
26,6,-0.1755767191752467,0.3767598253341115,0.4377632729011812
26,7,0.6704380435423887,0.5578526882063526,0.3827809416712489
27,1,-0.07203140402783716,0.09712623065755596,-0.2401245089950998
27,2,0.19627616139851708,-0.011334617254514772,-0.1267684113142801
27,3,-0.2590266898013684,0.10933902798801393,-0.21667865782778778
27,4,-0.252662562161635,0.03262163759739487,0.1654229815590984
27,5,-0.14217821242034584,0.07160765785112376,0.06778752964269112
27,6,-0.31191057661526206,0.2692081077117622,0.33311316975794786
27,7,0.8018034266609693,0.7481995640397073,0.7794652014159322
28,1,-0.23785540435038985,-0.021509490393485788,-0.45875812785403797
28,2,0.2979645842987105,0.12090627719023507,-0.08354577768610096
28,3,-0.2942425779691085,0.12142034815050479,-0.4541024595335016
28,4,-0.22974975247230517,-0.0014072498487502842,0.28407214599385755
28,5,0.13269673824867204,0.08800429355908537,0.1044663315661046
28,6,-0.2532123550267654,-0.1991217449289466,0.05000876887128946
28,7,0.5783267850816843,0.3652998937503431,0.5613953177745472
29,1,-0.3599534603041267,0.015898394100116578,-0.46364103082845276
29,2,0.25370799714026154,-0.009145596882939134,0.19198420039080036
29,3,-0.03889962420144197,-0.09997493639752145,-0.18888047020412824
29,4,-0.2602464288785546,0.17183901375679506,0.2187084050820507
29,5,0.28370236145851474,-0.12970217740317067,0.042956855229321425
29,6,-0.22155645703648508,-0.3095517890390066,-0.049153563739662696
29,7,0.5975968990424348,0.3398764123454574,0.44101755082258254
30,1,-0.3149131956989532,-0.018036705974262,-0.30465941767506416
30,2,0.17273594574929135,-0.12570440520192566,0.1826430031581229
30,3,-0.06445180889513374,-0.3279526324018378,-0.22691896916171073
30,4,-0.17268682409294928,0.0664773724950064,0.45257611465526665
30,5,0.36033827081714087,-0.12440772794613701,0.03535230388292447
30,6,-0.37416778831394154,0.13147500781930468,-0.4220377077361966
30,7,-0.10663878689465356,-0.32763407185753474,-0.2567348746600686
31,1,-0.4420458477898673,-0.08767969042750494,-0.3570046483256191
31,2,0.33628367421677396,-0.06147838542832729,0.2737079937765013
31,3,-0.20162754817652398,-0.1987849746660117,-0.18141158024254012
31,4,-0.20338918058997024,0.05343490249118366,0.3798410751194026
31,5,0.1878338260979633,-0.24312077968580303,-0.2087064733496907
31,6,-0.3439080054903591,0.11429077493005806,-0.38020273232322854
31,7,-0.13816789930059295,-0.34396644296637835,-0.07335209617432295
32,1,-0.2711046525375118,-0.17480827278666355,-0.27094051594268964
32,2,-0.05431520643003737,0.02438095109440166,0.33825595681541615
32,3,-0.13855852040678832,-0.22830489566716686,-0.23527125102740865
32,4,-0.04275216792495461,-0.10630018360352167,0.36376443486118326
32,5,0.27285830991260424,-0.19971073226208744,-0.2506560546127226
32,6,-0.06751816861869148,0.43904906963425183,-0.3593626936906968
32,7,-0.23838181242496234,-0.17116783010709538,0.0297290741222595
33,1,-0.13196430153944183,-0.05299666418668098,-0.21180619385365687
33,2,0.041092431816666185,-0.19762234390686445,0.058819225937159034
33,3,-0.34370697630132857,-0.13389440254056736,-0.2666097611221767
33,4,-0.1271776798032838,-0.14033248172220972,0.3561653032356923
33,5,0.3813344917110767,-0.20435993032108607,-0.06326111777234988
33,6,-0.18066586888968283,0.33565224435230284,-0.3875077966986565
33,7,0.2979570076379639,0.2503085023395228,0.20655827368881774
34,1,-0.14103843899522356,-0.006224752559745519,-0.41228517031782475
34,2,0.06388182145445707,-0.20738317113141708,-0.0848875518563536
34,3,-0.3699602368855828,0.01061844698885864,-0.515894104202043
34,4,-0.051634526645870295,0.24054886390391692,0.12131796615586932
34,5,0.2529347701842316,-0.35234177513097426,-0.21303790458767574
34,6,0.1420993068843742,-0.07736512312296562,0.10926125263232886
34,7,0.1698823596807352,0.50812811467981,0.24586166794429426
35,1,-0.08542006324432123,-0.20738521593341722,-0.09085513042067851
35,2,0.15758495975819226,-0.045340506671762246,-0.0022165461554655786
35,3,-0.01586431956778937,0.02257638297376931,0.01697409359969125
35,4,-0.04972346788755913,-0.028562620928233202,0.036162600852139765
35,5,0.08401860555927897,-0.3315219653093916,-0.03140543706065589
35,6,0.39133368794479806,0.3000865731328223,0.40816811410023707
35,7,0.40971435529297867,0.3618636944900559,0.4468267574194064
36,1,-0.00017331001241847405,-0.1701824180531936,-0.07457253023260589
36,2,0.10849029108461941,-0.11605438545004683,-0.031724073866902604
36,3,0.13428486810750817,0.03321810165434702,0.015955049667545785
36,4,-0.02202347045929258,-0.28924003563807427,-0.06442836125016756
36,5,0.013433038407964244,-0.4529314646492665,-0.09530010296514647
36,6,0.35221550217151243,0.34957012339728866,0.46536592158564377
36,7,0.23747147228944807,0.2913498478126737,0.4396260821018834
37,1,0.013136128185537057,-0.11218029245292842,-0.045504519276594727
37,2,0.19919026297247241,-0.09135951941476612,0.024655407319252202
37,3,0.21292968643053145,-0.1043297467627115,0.024373672505259104
37,4,0.020007959047163206,-0.2866499146059409,-0.10584103666551599
37,5,0.09053114754685956,-0.362321558479747,-0.05619239048392827
37,6,0.5359935821685916,0.2245735124089261,0.3924409434693404
37,7,0.22096992154449457,0.11348793971323068,0.16543371732212767
38,1,-0.01171137098349411,-0.09954230111028207,-0.11581485012039268
38,2,0.1308288676394715,-0.024312957327315234,-0.01277169185826616
38,3,-0.16956655417894498,0.18442855384989879,0.27289296600015484
38,4,-0.08680095658887947,-0.2823950130263268,-0.025886114329273926
38,5,0.007659360101906185,-0.1500250725149054,0.033250534247967006
38,6,0.20386879284659581,-0.08621689710984967,0.004802638596663796
38,7,-0.029033916310169227,-0.14138056323267928,-0.1949737919933542
39,1,0.058745695792704576,-0.10794941690443433,-0.061524392327495694
39,2,-0.010127400377791588,0.044336556319135245,-0.05011710262473546
39,3,-0.39241363712771754,0.29415513956002903,0.11159684052599479
39,4,-0.2255051358792133,-0.17520182180232574,-0.08603940049263697
39,5,0.030418728069749323,-0.1188346576555168,0.011872805822220462
39,6,0.3694473783981375,0.06407760261597063,0.0869526746204557
39,7,0.03617040639424483,-0.18069550020543454,-0.15588090069702348
40,1,0.19419832196323566,0.12302167450611323,0.08271613938153888
40,2,-0.1601515583275162,0.12491316978183256,-0.019944636118781063
40,3,-0.7218468790249158,0.5203452157747368,0.24743984289150028
40,4,-0.4166830782770681,0.019593853913861092,-0.23728734462176104
40,5,0.2574764858212939,0.2235451430326212,-0.01690808486040489
40,6,0.38750891562265033,0.025751135453377608,0.2580583386622135
40,7,0.403245216027379,0.07934555129659793,0.06476646881048462
41,1,0.19886089104100887,0.09673049102482574,0.07575423549121685
41,2,-0.19578255074586354,0.13857451443383856,-0.014655370730466433
41,3,-0.6711235540828338,0.4918259733885356,0.2924696795182688
41,4,-0.3378521080589564,0.04589494256545122,-0.17491618733557562
41,5,0.22961636043422404,0.15350738553084603,-0.19055607828538887
41,6,0.27258579803694316,-0.06030340720065077,0.04953785581392738
41,7,0.2523726988213387,0.2717862366568006,0.1595636258029355
42,1,0.16320166724497898,0.11417968288063435,0.033494005739778156
42,2,-0.24521696454193923,0.09758846476907246,-0.05850429844822988
42,3,-0.6009347961114224,0.5653133821160353,0.3045230114966405
42,4,-0.31034339328720534,0.12773759028871906,-0.20322851524192362
42,5,0.3491940039280955,0.16375555273622616,-0.2644033959027931
42,6,0.2874253775252887,0.22424274934767502,0.009000758610857274
42,7,-0.10870979156294987,0.38893299076343585,0.22550739298255923
43,1,0.1025678792339513,0.08163194020772552,0.2647833029613436
43,2,-0.33004178334487266,0.013005158973732911,0.12174766666479017
43,3,-0.18649705355749094,0.2764093950482481,-0.22431238928757885
43,4,-0.15090212724083293,0.2388514332847738,-0.19618331304207276
43,5,0.37613278239008974,0.11199857566624523,-0.2379683814205915
43,6,0.019854048334464525,-0.15573049178110177,-0.1315197619684458
43,7,-0.6031031664214984,0.2836160532981873,0.19979994765287074
44,1,0.04183172849468087,0.13910391802093394,0.33399004098173307
44,2,-0.2492386006328572,-0.2123158717673374,0.3307950112470303
44,3,0.13870881025862183,0.160971392991098,-0.2142483345213148
44,4,-0.1220403806247263,0.07871085961859091,-0.08128799254698621
44,5,0.1512373250714025,-0.49899260599969236,-0.06300032949427718
44,6,0.007894958970159578,0.06616286754692827,-0.4392432760147745
44,7,-0.8656773770042098,0.5500981744295075,0.2535999776313586
45,1,-0.0748164854146113,-0.16938012186220777,-0.13893036353442675
45,2,0.06032095811653678,-0.5861035827358282,0.27868107265974007
45,3,0.07530626783603883,0.580715014208094,-0.3389678457844429
45,4,-0.5113999229623641,0.3480662267192357,-0.18574450676771542
45,5,0.1854348014134111,-0.6434981754710064,0.3893873356161972
45,6,-0.4407164037891778,0.04574347621691702,-0.1031734835665403
45,7,-0.4516518216357716,0.6192091825201441,-0.014030341854890233
46,1,-0.4577347602554283,0.2375882337851396,0.18942359014253318
46,2,0.2941925467040916,-0.2159045030793169,0.11837785148973347
46,3,-0.10583780998103476,0.2937223966901429,-0.06550754244166075
46,4,0.07504881201172986,0.21594280163229476,0.01616442992555501
46,5,0.11767447610274757,0.04901687716140591,0.6633369584276199
46,6,-0.437364714564737,0.10992057106091117,0.12037014778009743
46,7,0.065349820146769,0.0035546997928360617,-0.004845040381877605
47,1,-0.570924871686448,0.30084455778120905,0.19447205429714165
47,2,0.3135718549345482,-0.12442235783406934,0.07179393224734251
47,3,-0.14883193922937682,0.1039472540176872,-0.03973049677813004
47,4,-0.08887292289998105,-0.016010274857768594,0.1033911830142766
47,5,0.25766543433867795,0.025236470248350726,0.4684398758530869
47,6,-0.4371790547189467,0.017342783900808838,0.174459584441158
47,7,0.43566923362097515,-0.23360462074930757,-0.014744816069599376
48,1,-0.5972016289862404,0.49820609978900243,0.16939224881831685
48,2,0.3678503979730383,0.06903449041511235,-0.005535933922136714
48,3,-0.03332430195242058,0.054107221340802224,0.015834086255177092
48,4,0.07446707973861375,-0.007050330514163658,0.15725042919031998
48,5,0.14020121778615321,0.09853386301538034,0.5034054532201531
48,6,-0.37183045252990904,-0.32395351242126946,0.13319479615787458
48,7,0.38225911486460945,-0.7396598105288642,0.009834232854914781
49,1,-0.6784222137874133,0.3826673547681497,0.22799064888104914
49,2,0.34564804703690777,0.01039572939384566,0.005435033437385931
49,3,-0.16304871738059784,-0.07420656600392804,0.006210384101843142
49,4,0.15146622406455093,-0.0663653997777567,0.19009371149202484
49,5,-0.18792899908056304,-0.18305567580090873,0.19105839417495177
49,6,0.12137605265230987,-0.3031115731996972,-0.15241706911527675
49,7,-0.002012146459978584,-0.5202750702134539,0.011934379052581028
50,1,-0.6544413396159587,0.4091117273871622,0.2702301984174213
50,2,0.12182658013102962,-0.14365778563390594,-0.08995577694697911
50,3,0.21524034403383047,-0.1083502389126104,0.028223170346480152
50,4,-0.2381701093812407,-0.1571365062712216,0.14251233901421714
50,5,0.01247820341725064,-0.20759359603073607,-0.0011598823713194378
50,6,0.15064340395097597,-0.17545680097171365,-0.11193622897367925
50,7,-0.10193113818026106,-0.34229243972474765,0.08035786886604025
51,1,-0.3779390839198092,0.3418133242471067,0.12150959736431924
51,2,-0.11732649808887657,-0.06773529962522493,0.058831055112226686
51,3,0.25161883957780834,0.09822460496941551,0.07047061960143143
51,4,-0.15636839236496555,0.09558572745589144,0.21747048565431124
51,5,-0.21876580223511422,-0.005370748169316085,0.11754292935109575
51,6,0.45901049620474305,0.05442406854112452,-0.246456859495834
51,7,-0.1464170513371684,0.04528856735944038,0.36340330807604804
52,1,-0.38502701501409636,0.4066446250113364,0.17041745792682486
52,2,-0.04043960656691612,0.024367583313455583,0.15412944459086764
52,3,0.24741643466900562,0.15375353220798677,0.12374376234245615
52,4,-0.2005059956837108,0.13851204301320205,0.20425203823187685
52,5,-0.16455763424629608,0.015456305773875113,0.1450171660832393
52,6,0.08475620478373509,0.20313648227563802,0.1369814847058285
52,7,0.13645548222885087,0.3100723975118796,0.1811564532106897
53,1,-0.30690453987563343,0.04993262708774253,0.059752552277853636
53,2,-0.19213189207420317,-0.10879673148570083,0.21696025694268398
53,3,0.1666586725820957,0.17487204002469692,0.079558587914769
53,4,-0.15199742166128105,0.17827386944292908,0.12500712829850055
53,5,-0.07952722951437077,0.028425865593319614,0.11004847404457552
53,6,0.19259295911225255,0.01401978688229974,0.20395105898394186
53,7,0.24062816523909358,0.006891181896196651,0.18790264275324814
54,1,-0.00022756154985986327,0.18418429268677577,-0.004411890959713114
54,2,-0.31589003592563863,0.5688468261598763,0.3428762035598294
54,3,0.15831683298435525,0.2330302822012239,-0.1085221828185837
54,4,-0.10594182333150211,0.3032377470182613,-0.20481102332809498
54,5,-0.20790785012838905,0.341979255925111,-0.28933862538962585
54,6,0.20098726637118774,0.45309972294221273,0.0680309870434889
54,7,0.26103070370398623,0.38485048870255056,0.05227663835552877
55,1,-5.557391401366174e-06,0.24730123104793986,0.014483063832805537
55,2,-0.30389784021144517,0.5773832528814778,0.42841831311075756
55,3,0.0737289603039785,0.26199434877533406,0.06919528237204282
55,4,-0.3428857453545012,0.26078518685142144,0.0812649541816379
55,5,-0.3170356210913952,0.2696334196035003,0.022801100724875133
55,6,0.5765489829189467,0.13505270797976177,0.1354447135162376
55,7,0.39895764932433503,0.18285366492647967,-0.1037410248621967
56,1,-0.06440258708181244,0.20431665045485453,0.1287306417590163
56,2,-0.23092417981776464,0.550249829716928,0.42390583271596005
56,3,0.1409795056972922,0.2391412289633201,0.07875313289497628
56,4,-0.4564358970100683,0.18883431238151285,0.1426828391616957
56,5,-0.13880983225298693,0.4109212911181091,0.2433871286914355
56,6,0.49785196440706786,0.24885775218359008,0.3120634304165915
56,7,0.030079908546816643,0.42166595387650024,0.28198595345078
57,1,-0.1211707830098887,0.10780144818930489,0.05673370884774541
57,2,-0.21865679260285847,0.6503789075964541,0.39313841494455093
57,3,0.21038826985747455,0.23549994051624995,0.11369925134898631
57,4,-0.4099054094197014,0.45800610332640135,0.1251973577236649
57,5,-0.11026794637468909,0.46596012663087877,0.20222223913211199
57,6,0.25491431096797096,0.23313473640444896,0.1827234594822393
57,7,-0.003748680536227747,0.22505869821764676,0.19736426778866797
58,1,-0.2768327168436578,0.49244286277862814,0.15229999547325937
58,2,0.3404792560640493,0.551322857154277,0.2918204518036552
58,3,-0.03816322538780066,0.5952350632637387,0.22975279165434556
58,4,-0.3113668192337015,0.7170700000441768,0.3143489820804712
58,5,0.08636410436917577,0.5459854775100363,0.4328343170194798
58,6,-0.01871624194390705,0.34230238081059833,0.403270888008789
58,7,0.15951819287363841,0.38998271225195447,0.5012250462454938
59,1,-0.6338176051290515,0.6754670449291118,0.031137323646736843
59,2,0.4570207257753567,0.6393073524647627,0.04979643939817459
59,3,-0.3978021136098,0.5499102158920794,0.08186715982501915
59,4,-0.1474240207605246,0.5761597242308905,-0.22442168348926997
59,5,0.1453014139951317,0.568493717652391,0.03619843961909062
59,6,-0.08357812998666599,0.5349697624111641,-0.18249898096616285
59,7,0.30676911721346833,0.7755668823651333,0.17235096009144726
60,1,-0.6779297622379852,0.6951488222093674,0.05491056843080098
60,2,0.6301360937667213,0.6688988724492703,0.1027741668214608
60,3,-0.5530725825943844,0.6690987269379606,0.04339898137689289
60,4,0.16315205373943323,0.5717767971359621,-0.06311496132652196
60,5,-0.12295564837053322,0.4134096525999617,0.0778707886100376
60,6,0.021424511825809445,0.32201183545202355,-0.06995685947592624
60,7,0.0793739640272088,0.6798049600239012,-0.2031498396998537
61,1,-0.6870357795238782,0.7461371214289962,0.046998898365004795
61,2,0.7421345177947299,0.7242842653025074,0.12785782437439067
61,3,-0.7410387427630215,0.6830129232546118,0.059171416869585526
61,4,0.5147995332549411,0.6859981944207421,-0.05472192961451933
61,5,-0.4569483425598086,0.5855740188016885,-0.018192882867244912
61,6,0.4442437390186983,0.650468204375764,-0.14555755178229698
61,7,-0.28441469073041326,0.7849582081278037,-0.06298608505247678
62,1,-0.5066823097462604,0.8616538358671101,0.04546766650247022
62,2,0.4969355765072874,0.8435042962311149,0.031569917276036634
62,3,-0.4506259238741705,0.8886291803049036,0.09440789083782397
62,4,0.2768819439657824,0.8000658368713143,0.025969542021865015
62,5,-0.2894693823159452,0.7248074594401462,0.009715848441784273
62,6,0.1339739177880725,0.7036166228334875,-0.06282832016800403
62,7,-0.0945288357947718,0.6489064179185027,-0.08264367190523265
63,1,0.02630069774202649,0.9055973875437253,-0.013783140182971549
63,2,0.17958496103385851,0.8308355900051957,0.030558002263161323
63,3,-0.2673923770430347,0.8506612261626598,0.14976935889843787
63,4,0.26378900554729917,0.9341974053714666,0.35494144467294075
63,5,-0.10383591314927917,0.9109577647017433,0.29541974960680356
63,6,-0.16213343411767878,0.9001511126122972,0.324010103974981
63,7,0.08555143548609755,0.8154964833207554,0.42441845794913063
64,1,0.23439245447228024,0.29164102497835287,0.1762612567704563
64,2,0.14763130039824884,0.2004178725143901,0.13015394207378742
64,3,-0.062210977653452126,0.08518298012497381,-0.10436647642788412
64,4,0.16193605531746813,0.1007125505214538,0.07145181586017128
64,5,0.21139599636074582,0.18953558566350692,0.1777768603890823
64,6,0.2574145716738685,0.2764028125244022,0.3265670951016987
64,7,-0.09115519345996836,-0.055839343870759534,-0.07680733599485634
65,1,0.13140887608799656,0.1277594856269988,0.07783867287727149
65,2,0.2526359129108544,0.08018702719938871,0.03659170826664982
65,3,-0.05605929696414126,-0.2327547752003006,-0.2536745244163241
65,4,0.19624954777259862,0.006240195433610416,0.03640184261362604
65,5,0.18428305676412565,0.11237936513434324,0.15397771602764257
65,6,0.25049948985983067,0.21879251837878702,0.3073399351197394
65,7,-0.10928540297729293,-0.07970331081919771,-0.14240601434758432
66,1,-0.012350738705407828,0.10236079861528444,0.14687891003061948
66,2,0.10618912266694981,-0.06254220380732536,0.06147170527995542
66,3,-0.009501510992502727,-0.4138689021923378,-0.20453672945823578
66,4,0.18288862613598575,-0.10391512448672467,-0.0024555074948269394
66,5,0.5277430644609622,0.18737502676534612,0.1185582555964242
66,6,-0.2798562851212253,0.6710835537260911,0.5878007296025887
66,7,-0.15574360424663056,-0.15872570218329604,-0.027116860138568743
67,1,-0.06264688689723849,-0.015771313882517606,0.16226329245030333
67,2,0.17621467933437357,-0.20583085279170052,0.09500591541692988
67,3,-0.18505619819174854,-0.3425646775108197,-0.3070479794123089
67,4,0.2641519930817427,-0.09622166021763594,0.020900814081204207
67,5,0.5561347862640942,0.16346741705788717,0.12538285247841485
67,6,-0.25894777837833743,0.5594636418803347,0.5454037397158144
67,7,0.08919968791225796,-0.03566319678296805,-0.01669980800406756
68,1,-0.09401158951335986,-0.07226966958798973,0.16524863203557671
68,2,0.13095861796830668,-0.18228577948317704,0.10126488407778421
68,3,-0.1564215820513871,-0.32054079202062696,-0.3180681787590206
68,4,0.15881261441005157,-0.044669135235352035,0.03574348137277192
68,5,0.5140120237253951,0.12143728706787742,0.014004299615982896
68,6,-0.559878440726434,0.43304935379437004,0.3336403459789122
68,7,0.11338849434156693,-0.03057320719944153,-0.02429611066921767
69,1,-0.2584190012078268,-0.08532125914971231,0.018547922415085637
69,2,0.09952418053416814,-0.14991430048721513,-0.0006534287989494754
69,3,-0.1569634356139756,-0.17518200481281362,-0.20458035412323297
69,4,0.14584050831314796,-0.10978464802908361,0.009455035015180555
69,5,0.5132243120323485,0.05892991036591403,0.007533647760811301
69,6,-0.7734346843820302,0.47060359907631,0.33860223480019236
69,7,0.2703780919626964,-0.16985953973806245,-0.059014305264685187
70,1,-0.40674009245485643,-0.051598411016486885,0.294930125420756
70,2,-0.043523809135027035,-0.2580212181155341,0.1818464008620988
70,3,-0.2911923511711926,-0.03642360894784211,-0.3184342541057732
70,4,0.18688338835046892,-0.09483893613131193,0.022527854822929468
70,5,0.37672678148459415,-0.05561069987163282,0.040856240823376674
70,6,-0.5545463239213677,0.006535956204753867,0.0678094431982525
70,7,0.2904749501083946,-0.20354231654106944,-0.07317918761288122
71,1,-0.2583167160304535,-0.13163983086536107,0.014477677722746682
71,2,0.06720489309787651,-0.11062581276276956,0.07533252071856593
71,3,-0.32345908782084937,0.24047662202226544,-0.26161269855641345
71,4,0.04199260540446985,-0.32364352649401257,0.020737800006550566
71,5,0.3199789734454849,-0.16255835091579615,0.15759356955453607
71,6,-0.7010407132582774,0.3754304527192391,0.23082590816195714
71,7,0.3680152725759189,-0.2206721558619485,0.07652316213658543
72,1,-0.2735931976845685,0.03614075507698822,0.011722487317230504
72,2,-0.17852850428064834,-0.05215895872669175,-0.20410324460504714
72,3,0.02663247705610841,-0.22372826675611038,-0.17275794711602788
72,4,0.11169222334125317,-0.165247938071449,-0.2646392037822328
72,5,0.13787869129330507,-0.1254928638635515,-0.01805355557970075
72,6,-0.9245908868582214,0.7895403660846636,0.057090225330441884
72,7,0.555334211448185,0.2712117970889324,-0.26760772451163944
73,1,-0.4042631585027965,0.2200500967412579,0.22411373592314135
73,2,0.011579952337791391,-0.09427185775884162,-0.006408280469827168
73,3,0.07561378903016493,-0.17835314925833176,0.008233906664195236
73,4,-0.16054317747021898,0.07664760122698976,0.17928157368230738
73,5,0.10430891520275153,-0.06862735249307476,0.10871326882224833
73,6,-0.5932028825404122,0.4536143281271545,-0.4575818698894723
73,7,0.522544135493425,0.5803798109672207,-0.21559914325311205
74,1,-0.31093325262333943,0.1382996954473691,0.3432557230567552
74,2,-0.07747385845278186,-0.02192052650078815,0.04375160097769107
74,3,0.01781914843612703,-0.16553355587640675,0.12747644127523802
74,4,0.10117213346118087,0.16575351529260182,0.15309536966555465
74,5,-0.13951406821155143,-0.3565271151001411,0.43343708076003185
74,6,-0.390668518792047,0.16578159169557982,-0.2091514719789016
74,7,0.5958069097628014,0.36533422812640787,-0.308916539667445
75,1,-0.442904056712715,0.25331914931490823,0.27746994649477413
75,2,0.2212239191746796,-0.0616320807611162,0.25431732855191425
75,3,-0.22638449439882144,0.06261319005695133,0.12096866490766643
75,4,0.14945905464756268,0.28714646032295577,0.2070729688727183
75,5,-0.18002562028938432,0.05664675412359682,0.1579523563694645
75,6,0.2636316464613461,0.23838086172249826,0.004507866380398509
75,7,0.20760394489335032,0.4280816028309924,-0.20483281642623266
76,1,-0.46903853463942313,0.1260841120259752,0.23525512727159145
76,2,0.332715974416098,0.03453418691478395,0.18176111610290566
76,3,-0.23665308015868816,0.2579531205110516,0.11521638909172364
76,4,0.2723060120929337,0.38747729480464294,0.2314867667638832
76,5,-0.4026552142707428,0.02802366743147177,0.3037426180838947
76,6,0.42336640761963795,-0.16732570363664503,0.2069952997750938
76,7,-0.12117428275027972,0.470798011203523,-0.04494448287191644
77,1,-0.05803667617099179,0.2895466379433572,-0.2890997305780127
77,2,-0.08325069828046841,0.010490379497064316,0.19145649640652423
77,3,-0.10373679284175673,-0.12666090379638023,-0.01741916941487753
77,4,0.020143513034176625,-0.01442789734380461,0.1765216961010234
77,5,-0.10358671751781881,-0.17926128321039123,-0.029233640525816947
77,6,-0.019426822308268702,-0.07525985987250909,0.21335778603735256
77,7,-0.011670722934309942,-0.09969185657750396,-0.13510174545489556
78,1,-0.07848734240854482,0.2940872661808321,-0.2892661921716954
78,2,0.08572746636228512,0.04410312087977631,0.20382700929005554
78,3,-0.02082350122862566,-0.24990135133598726,0.03585231694487614
78,4,-0.20911278437289635,-0.20482262785809474,0.3066331473833507
78,5,-0.058945740214699255,-0.20445650620556619,-0.025934332730079362
78,6,-0.10058504870356655,-0.061318390031855456,0.1846644548958631
78,7,0.07176080601339783,-0.12704442459819176,-0.15037587164887098
79,1,-0.06028927268617432,0.3245191795946779,-0.3132412134197992
79,2,0.026308930358093827,0.08863049340282587,0.19776228929569095
79,3,0.086613537144531,-0.25833522118591795,0.017468283967320468
79,4,-0.3089134280473343,-0.20024534929343776,0.2906255077991471
79,5,0.22089233685995188,-0.22780702852418203,0.0038087309246742067
79,6,-0.11137745739537716,-0.2275683740714255,0.24968172662573462
79,7,-0.03245705479968149,-0.38681413820720983,-0.020989357179357276
80,1,-0.03417832426663091,0.3554799915881508,-0.31560386622862313
80,2,-0.0076788929879725056,0.12233760173721019,0.18754831120484025
80,3,0.10478638027635179,-0.24291572176952117,0.037641441794084816
80,4,-0.37380220955242954,-0.1820925579539286,0.30040896339357526
80,5,0.3391961000541439,-0.18037898190862545,-0.0015546438866372234
80,6,-0.03690855073075375,-0.10506108096964842,0.08987054031573248
80,7,-0.17857435907770858,-0.20413953525177342,0.12814346564698595
81,1,-0.010428708737200754,0.3452172351554671,-0.3248029912790534
81,2,-0.021480389411615952,0.12619873829182587,0.18036027500301233
81,3,0.12417432821780316,-0.05429074539088149,0.07233526613642162
81,4,-0.19215136184924708,-0.09051920042486984,0.11602461146765546
81,5,0.25164313035566743,0.045954050506461966,0.05611885027573461
81,6,-0.0181095298144844,-0.08765095638374927,0.07161723963297251
81,7,-0.17661461821300806,-0.2360535885709431,0.15444981637101696
82,1,-0.34141674411016054,0.5777084579172675,-0.20907799445054817
82,2,0.000547923129485298,0.390736952139585,-0.26509442692745977
82,3,0.32873242279021053,0.29428291451091465,-0.4052729464441809
82,4,-0.19231145176748732,0.3255081820873784,-0.13654772692558215
82,5,0.4136893302146852,0.46417297367550464,-0.1711792955377739
82,6,-0.2504277238675232,0.7369125351404202,-0.21241193568557046
82,7,0.06560238370790013,0.3884976509202793,-0.0634233960145823
83,1,-0.0761755319328576,0.2960771964208193,-0.15955023710414218
83,2,-0.09737262199637675,0.3910469319551694,-0.0733421982831806
83,3,0.06286380793199685,0.08171508292439965,-0.29565138495249266
83,4,0.041936255979359925,0.09870077253944884,-0.21381140203268606
83,5,0.0871094482120223,0.4049503722615985,-0.039319690700781215
83,6,-0.4875238448432717,0.4136718572383905,-0.3223270398904576
83,7,-0.3417880591033976,0.6398694976858408,0.2543898988150509
84,1,-0.27851283533328114,0.13197442555572494,-0.45228645219335256
84,2,0.27222980115786527,0.17635267572947236,0.11816688880037723
84,3,-0.27743898234083697,0.24546446048997608,-0.5261566893972494
84,4,-0.07849617717100024,-0.24333997049517514,-0.0845782488484502
84,5,0.07796946409246729,0.21897368851575022,0.04799219069133942
84,6,-0.18392886938285072,-0.01883006847615075,-0.241075067238388
84,7,-0.4107220938753501,0.4236183097093081,0.09694147366594058
85,1,-0.2861114218158443,0.17328650808565318,-0.3951062628786573
85,2,0.26759434322687226,0.12635450634737966,0.006382620031034056
85,3,-0.2599100312486302,0.08550191475632637,-0.5217580985293815
85,4,-0.2417545292333987,-0.39650019867905345,-0.1654911162469586
85,5,0.08846964282482278,-0.13993678497591575,0.42434933463032665
85,6,-0.2797684950899674,-0.391313352743722,0.10513692798864357
85,7,-0.31400357007627355,0.068704507428199,0.46392660909269523
86,1,-0.3432600846270888,0.3111907805316704,-0.28116604295587516
86,2,0.2273646643549732,0.15600346196105275,0.07806585272891133
86,3,-0.21696857656060511,0.21468654271486026,-0.4025208402962835
86,4,-0.3134090909519101,-0.25051634365927666,-0.0527542893553315
86,5,0.1683935303889218,-0.15761597948676406,0.37286234275166397
86,6,-0.20144641303336586,-0.42595213154601996,0.049060512189367876
86,7,-0.12675273662160316,-0.24717477584537706,0.15308679801275613
87,1,-0.32988914096191424,0.30232091435179687,-0.16174291990419265
87,2,0.23952690284368966,0.20292652712032405,0.2184962542879848
87,3,-0.3091946317338534,0.4919416094491673,-0.3215173718212832
87,4,-0.30099843615991545,0.03056909842845703,0.012026864732406385
87,5,0.3447010405196886,0.11374417440016141,0.25668304965376143
87,6,-0.26258787725185556,0.14532822477237053,0.13448562720341112
87,7,0.022728795484173513,0.23224542497330783,0.17400176812032128
88,1,-0.5460890213749741,0.5297431635070508,-0.2620088663377506
88,2,0.14020687668350543,0.3424186742737717,0.028663766887767693
88,3,0.029519099300334153,0.4429505353577183,-0.07860809291629646
88,4,-0.246970349020559,0.4765671482539655,-0.021170632280891537
88,5,0.4069380730834472,0.5644539415989557,-0.014711955897043369
88,6,-0.2256739713113555,0.3606374779775719,-0.10844364557613922
88,7,-0.2848654092798307,0.5124544375464626,-0.09346821577493672
89,1,0.145592459615926,0.7867601325238648,-0.016707875518280558
89,2,-0.0782642124094403,0.8785443743344581,0.022049534320212755
89,3,0.11987855418508009,0.7697133254499854,0.15124040964008956
89,4,-0.2053744099609713,0.8019007133753482,0.1416853084380943
89,5,0.3724535951480719,0.8400075343919812,0.05793199795193081
89,6,0.14687646818979544,0.774230408328114,0.14508815609306627
89,7,-0.6089689878736418,0.9128751756355664,0.19986318773101372
90,1,0.1687530407285548,0.6435056273401936,-0.24244385315418537
90,2,0.056926956434012556,0.8925295923512027,-0.1935439234943636
90,3,0.09542562950645694,0.5925809045225761,-0.20649035283370465
90,4,0.00945402442754148,0.8442421659770102,-0.11032099626073846
90,5,0.1944935002398394,0.6565777261304135,-0.0018171067191852684
90,6,-0.060628157127331404,0.6547993908765701,0.15751989677185044
90,7,-0.31927738545702233,0.6734948213424542,0.18250655988596184
91,1,0.16386690255522135,0.7213091495695172,-0.203398699848373
91,2,0.07472836156610559,0.7689385345526871,-0.24402405047393452
91,3,0.16749739465114255,0.5205996150324076,-0.28697040296685233
91,4,-0.07345648314912208,0.604887458951959,-0.40356997400909783
91,5,0.15634704612082828,0.4751418592334124,-0.3221605826501083
91,6,-0.35935685603912615,0.4788609336971385,-0.3057148184824419
91,7,-0.09406244733186084,0.5762488975256839,-0.2239824952682452
92,1,0.21102376179358384,0.6228306259251849,-0.2917914308590169
92,2,0.02466980938864498,0.7830752209644997,-0.3403028233867453
92,3,0.09627903292055022,0.7099497055619296,-0.379114633991476
92,4,0.012153725509743135,0.6778936364140125,-0.48997417866070947
92,5,-0.008144058161342848,0.5407720634973234,-0.4876360564122479
92,6,-0.21167921774736884,0.6111542434764883,-0.5695834320444741
92,7,0.45122692326400593,0.6447470827934858,-0.6823373090691139
93,1,0.3905453931357502,0.054475997512010266,-0.194566373393884
93,2,0.3515345595438362,0.34442941474928607,0.025843394831479072
93,3,0.21143484927459136,0.2124170145973204,-0.08167299145805439
93,4,0.041239447596056376,0.063724756411131,-0.14340023597435647
93,5,-0.2620982957712486,0.2028838342689424,-0.46128731061008593
93,6,-0.043935915513664235,0.04571210078820931,-0.09252769256614847
93,7,0.05532667296942933,-0.15252436091754903,-0.27747269986977685
94,1,0.2970641385478733,0.15474301580691388,-0.18249978252444243
94,2,0.26233859819842165,0.11008097246988802,-0.1070405778165227
94,3,0.2912666781454536,0.16230705059944736,-0.2252417053650294
94,4,-0.07897476492465151,-0.228782309578449,-0.34798682413927273
94,5,-0.21737748063028564,0.18329656875413208,-0.48585664734570466
94,6,-0.044643088890503516,0.07910116125870115,-0.07524565535209218
94,7,0.07521728544933587,-0.14561760029002813,-0.1255347629608077
95,1,0.0901798088050006,0.09954306049105312,-0.08820691076552503
95,2,0.13763967152145218,-0.03954294902827299,-0.055570984355282446
95,3,0.3493863737673404,0.0678722652672835,-0.062217345370446535
95,4,-0.10783427273946633,-0.33846266846133927,-0.2637162021146034
95,5,-0.06281991841958043,-0.23038903642549316,-0.4973900162621237
95,6,0.45840121482231255,0.33239256421729424,0.168285488910487
95,7,-0.30315523511750736,-0.1236773070571464,-0.10049312458042331
96,1,0.07573398591705566,-0.009054438611777167,-0.08883679187354733
96,2,0.21266108588786153,-0.22576735168131032,-0.10364497049211843
96,3,0.2720283517260197,-0.11951693753827455,-0.12712139897778083
96,4,-0.02355422531086899,-0.3972341130488052,-0.34905760348156206
96,5,-0.026422462266512032,-0.22500312589590354,-0.519082927680265
96,6,0.38529947009830473,0.643286161134951,0.0538459309359766
96,7,-0.2002040710417914,0.3084510545554045,-0.15721930319159497
97,1,-0.00905828772077071,-0.04156998882444906,-0.13463890302521084
97,2,0.1438837061780819,-0.2359834263171315,-0.15290976061225578
97,3,0.2325793018249078,-0.005808274137642585,-0.2979442328785756
97,4,-0.024077271677679948,-0.24399732133854835,-0.3299887177675254
97,5,0.24538526751909193,-0.3836224516495948,-0.31668764901107455
97,6,0.11439287618662937,0.57541242821959,-0.07625512571166809
97,7,0.060457003500647935,0.4227470721095833,-0.121674706270966
98,1,-0.09586911462169379,-0.2653434254884393,-0.10980003676200935
98,2,0.2525977283464164,0.15978921427921303,0.23522507553541322
98,3,-0.06150925271052319,-0.05321644780725284,-0.22477514916877744
98,4,-0.005903407971992362,-0.20924800394410245,-0.08564812028483693
98,5,0.3322038896047635,-0.02133116225957191,0.18221525501513536
98,6,-0.16396590403196684,-0.0801419682903608,-0.047507759154238736
98,7,0.36202157860328393,0.14941878048512838,0.21586457729870911
99,1,-0.2092482217153945,-0.31054909343480425,-0.14648736490219522
99,2,-0.08961512493880522,0.24793175574908982,0.39644013574979065
99,3,0.1675922372402341,0.1012000325209629,-0.11296396897988065
99,4,-0.1451048550793349,-0.25449597954606695,-0.09467912252459008
99,5,0.35795183296432276,0.04865040225914618,0.15475687884449432
99,6,-0.16404202906751625,-0.23797172894882587,-0.09065527031108979
99,7,0.15482332575266516,0.0005508895537449419,0.26480687106574297
100,1,-0.09115770652427652,-0.3004675960966794,-0.1265721748345686
100,2,-0.13106282692106458,0.2366108575598583,0.40175297547642475
100,3,0.18413195454545955,0.052937117753655234,-0.03795172823401028
100,4,-0.1727412114916268,-0.188184457848348,-0.02861635030286482
100,5,0.21168373577277172,-0.11988460860437133,0.06189310717066366
100,6,0.10361658516525019,-0.24984298367287125,-0.11325591757039447
100,7,0.3595941114278687,0.030218577898947614,0.23405765403281598
101,1,-0.07343642032739597,-0.311581126535164,-0.15411856392913323
101,2,-0.1754380512404586,0.21934736295364413,0.3404725333291961
101,3,0.18990937780876663,0.04275479175039738,-0.0959081754486726
101,4,-0.20245714971834575,-0.10605508522636374,-0.06291418970397024
101,5,0.16323458513352704,-0.13088838935005503,-0.0017967719607502747
101,6,0.07452985172186437,-0.17071427546841167,-0.11754016067320926
101,7,0.3159652039992596,0.07203195143423559,0.03950018691919039
102,1,0.08089127785164417,-0.28118303328085104,-0.10201544358237073
102,2,-0.16023153122437664,0.09396590231687404,0.23229204300399275
102,3,0.15488815314915783,0.02454908866613071,0.004116479503326305
102,4,-0.04638509937846685,0.023404055829592513,0.03994000858641315
102,5,0.16894367744141547,0.01533955235139646,-0.036984067504357405
102,6,0.19262843095729085,-0.1488599772101089,-0.04768613495439492
102,7,0.286972313705489,-0.04155285710934781,-0.06496978848911011
103,1,0.0736772251363193,-0.14257421055187536,-0.23259254970293242
103,2,-0.09416150559551284,-0.5525104818412899,-0.4094143442118779
103,3,0.15745931890059062,-0.005138905344218642,-0.0809523229716408
103,4,0.367603771888276,0.24677362598009123,0.2168345261335718
103,5,0.11703781284118807,0.11163361816499527,0.02678641533500064
103,6,-0.006293902628212739,-0.23038456660516013,0.08845937385391522
103,7,0.01105342148335064,-0.48460531979015725,-0.20778427573871694
104,1,0.31481149653241913,-0.1471419707492604,-0.037015893386845224
104,2,-0.29958768365051425,-0.3777534707383084,-0.607010696064197
104,3,0.050434765988131576,-0.11531282221619676,-0.334963587896159
104,4,0.6217832330472677,0.3107073486674218,0.215464131547246
104,5,0.26167849874879395,0.06896001657221072,0.06226558395138706
104,6,-0.0007472961955172619,-0.29278049663458533,-0.2967251265879843
104,7,0.27304500481645044,-0.4422691615112294,-0.2661482229503661
105,1,0.21055464081122335,-0.24943924628403072,-0.11857479691028867
105,2,-0.36708845962438824,-0.018100756080379823,0.08597303312653315
105,3,0.12522551053713116,-0.2982940909833274,-0.1818894721732114
105,4,0.48484381464577164,0.13486321731908663,-0.028490262062396274
105,5,-0.030261178647155274,-0.1973263423698627,-0.02570454319818036
105,6,-0.4569147171798114,0.2041954376049317,0.24329455008205692
105,7,0.18275698297377246,-0.39790027884915413,-0.11489940402796955
106,1,0.2630483587495832,-0.18727393191408942,0.011426650563243304
106,2,-0.23260466311544145,0.11009370770277643,0.2286218323592101
106,3,0.0028988184654135606,-0.2394372727195099,-0.04923177418740359
106,4,-0.04529830732301409,0.5507536942932492,-0.4805778728924846
106,5,-0.19213361081371724,-0.2725577826858273,-0.24588826524438837
106,6,-0.1472437915726436,0.28831549104520277,0.46969957668528034
106,7,0.08532516945586364,-0.40227444539992013,-0.07489767346548797
107,1,-0.03961868919210577,-0.05372872254048436,0.07049004036564979
107,2,-0.2405289807586968,0.26808847884013715,0.37281005963611713
107,3,-0.14270745487107195,-0.35725506248905126,-0.11269939915946427
107,4,-0.10912785619816974,0.5112401869264802,-0.5518704432759619
107,5,0.15822354960745436,0.032353021904198156,-0.302978109655531
107,6,-0.15514753675672732,0.43966282043035243,0.6167316113323547
107,7,-0.3354341276797189,-0.5098683353819409,0.11409090263611547
108,1,-0.09879082213987847,-0.004472228774145683,0.1116116729599825
108,2,-0.266136706024458,0.2857933563982111,0.44333353655790514
108,3,0.01068828115732328,-0.30613066481426027,-0.10669906494315222
108,4,-0.4478141077220957,0.5765973597869858,-0.5369253360447301
108,5,0.2484046177141867,0.04808886641103429,-0.24310554266446105
108,6,0.1156245623241341,0.21813920160235067,0.18916965992029203
108,7,-0.22595396197775966,-0.3085142117445776,0.12434947903184543
109,1,-0.09175272705868387,-0.02579414744072866,0.11129432892964711
109,2,-0.2584259870960104,0.24025751133001194,0.4303977355058252
109,3,-0.05279049293039121,-0.12188550132411614,-0.04180850688307839
109,4,-0.3756159743104375,0.6444683026230604,-0.4856376437340636
109,5,0.16749451392049639,0.17735199851003086,-0.2309809945685808
109,6,0.12223811190370362,0.15503568703349951,0.24945535399240226
109,7,-0.04763505522604266,-0.08816187824604138,-0.04533817507225157
110,1,-0.2362938365669224,0.15277303044470733,0.2998613602265662
110,2,0.03491253604940243,0.009378169715012211,0.3727581879228189
110,3,0.2147231356384711,-0.2335469815406138,0.02682147738387795
110,4,-0.2243967107173416,0.3646104374233422,-0.16349379946767087
110,5,-0.12578136111258895,-0.15657152568655539,-0.02246166005383547
110,6,0.04601991928915483,-0.15280300817304154,0.028068665931749125
110,7,0.40844631534162384,-0.12160932881512221,-0.2895736432712289
111,1,-0.36987806233429976,0.191613197920593,0.0880222854690745
111,2,-0.04759135242532846,-0.1616017852617261,0.0220102681017184
111,3,0.3117451859583117,-0.08524877174024062,-0.029852177709521286
111,4,-0.3243350375565446,0.5434313689633354,-0.06416269173716922
111,5,-0.1518471117331693,-0.10934463377589529,0.07679452086171104
111,6,0.09113962426630215,-0.32853620433693265,0.09656110964138162
111,7,0.2974453737463454,-0.04892540144037516,-0.10270326972687527
112,1,0.3380549210816409,0.16256481092198682,0.21870213285694115
112,2,0.061931089726225456,-0.3676994895264338,-0.02156074657282757
112,3,0.16742562911087217,-0.15417565804193506,0.2231394183205886
112,4,0.3369462283476661,0.39908620449248866,0.2981362407487797
112,5,-0.08523126494756773,-0.03516705411412183,0.07616268494620013
112,6,-0.09992699244629556,-0.23961968198094702,-0.19883649931932026
112,7,0.08317702144821337,-0.1724686518326993,0.20123542450448587
113,1,0.42855464979632857,0.16503051998131305,0.2005473642814948
113,2,0.12783720168364732,-0.2823077062245335,-0.05161474683739577
113,3,0.2769162412333579,-0.12148151526761777,0.10762620389809532
113,4,-0.024084681984740723,0.32266333285917015,0.2945250118760938
113,5,-0.20284496045783398,0.13868440786511052,0.03249382351157383
113,6,-0.12979459614794564,-0.25055098615635535,-0.21003650708591307
113,7,0.031133104521290693,-0.16152860692615406,0.10855174440804966
114,1,0.2572421246613562,0.2485117832941524,0.14707989201339086
114,2,0.1652957890777165,-0.27076200292079017,-0.13194318041951467
114,3,0.2799689953783235,-0.08529742597228837,0.12451061356678539
114,4,0.0698982808259142,0.21018135178745145,0.3343273033665249
114,5,0.12288843457743816,0.3439966967682734,0.07021460271709153
114,6,0.09596049331278898,0.19323091601345352,-0.19694577297065458
114,7,-0.021515494892079847,-0.17111447977621227,-0.06410466299988027
115,1,0.33653644034280233,0.22399904934541143,0.18161022452733222
115,2,0.17491379130850376,-0.23820414618391528,-0.08681638922095414
115,3,0.2107812549282603,0.0017858161327159072,0.007991952041106882
115,4,0.15691265020811423,0.2911009883368195,0.4075506976028533
115,5,-0.01425554521631333,0.33738353793510634,-0.017859769469311497
115,6,0.23546535788730125,0.2090506982109664,0.01807052151267135
115,7,0.16897560193275465,0.03220728066166176,0.03829000186252054
116,1,0.31025364909578856,0.15689723287214116,0.2059884613347302
116,2,0.2656391333508138,-0.028381986016377755,-0.0376334742141403
116,3,0.16276270263483164,0.048340524588909854,-0.13942347763858948
116,4,0.12603953367437787,0.26446512613729123,0.15490926794587048
116,5,-0.08757906832522423,0.30601055802734367,-0.06758441835699079
116,6,0.28226973315628834,0.2285620113622583,0.1059382104023185
116,7,0.0017230322006545958,0.018536555993849246,-0.029193227978878574
117,1,0.09328434249055224,-0.11083995477962529,0.04145046512517511
117,2,0.193336761424857,-0.09621648876506664,-0.019076987268947763
117,3,0.36212016451702056,0.26707509747767194,0.20975951335060294
117,4,0.42078434012925997,0.2719085988353324,0.3339197014118892
117,5,0.06856919214634448,0.0609812265690021,-0.0009448278151338497
117,6,0.18804593957990315,-0.2807734451435227,-0.16010890691472213
117,7,0.5634627478251982,0.6060522223313023,0.6377612469995221
118,1,0.03823768623938268,0.003396753875587587,-0.03149883867510627
118,2,0.19459760031122403,0.016701785504903362,0.05996491962667441
118,3,0.471527323546051,0.4907255499952845,0.35065108463575856
118,4,0.4776251877067635,0.21414295053163504,0.3002108638442137
118,5,0.010546804235359282,0.024123482827868928,0.03833482948614602
118,6,0.3460087795039003,-0.062410133489149144,0.05427562194046326
118,7,0.2787233775428534,0.41766194216450425,0.45462454917603007
119,1,0.4846503405137691,0.32774847252835076,0.30122857635110317
119,2,0.2455289046785432,0.21502920196416986,0.0767723282549395
119,3,0.43590704720170625,0.3861464028581793,0.27751368686631156
119,4,0.591492184570381,0.3915217471690257,0.4726153153968294
119,5,0.4682027805007078,0.26115426099324146,0.4194991968888406
119,6,0.3756307887336098,-0.13098048660336725,0.036544951119070405
119,7,0.5395573910577011,0.40138727098343474,0.6401621607684517
120,1,0.4994199366523953,0.3639990631294095,0.10734120005625798
120,2,0.10222079708291652,0.14127950831988312,0.028448089937316585
120,3,0.14011140005232894,0.4641727514649667,0.4007723459755743
120,4,0.04536325015926355,0.5534408939413465,0.618957812401396
120,5,0.0127307369106083,0.5967622915242603,0.717174869898172
120,6,0.14386525045484608,0.15805156272353946,0.21109571324287757
120,7,0.20238836636609395,0.060342851154721606,0.09928681898574077
121,1,0.4427531043192282,0.48138596568897357,-0.016770582142779638
121,2,-0.1069398659902586,0.3136015355879707,-0.2404661304585621
121,3,-0.08206706385190726,0.5462329023712501,0.11422997130291429
121,4,-0.1270143487859671,0.4478442749980374,0.36655722878404134
121,5,-0.09411604494278301,0.4865458854921214,0.5392562086624874
121,6,0.26665992622695994,0.5100048264924717,0.5082844128963909
121,7,0.4562630214151079,0.5291543738085444,0.4645692094591026
122,1,0.3725458052537577,0.5548506408718699,0.03541636927729932
122,2,-0.2787025224802846,0.48504110702321723,-0.11351227803595448
122,3,-0.17677386094410869,0.4466659918576283,-0.12570592379060921
122,4,-0.04325193614193445,0.5072562468030437,0.22942388993040463
122,5,0.0777437142973322,0.5757775088137344,0.4598988727223431
122,6,0.19634680212170685,0.41675564104769985,0.42939459330957636
122,7,0.23605132177931853,0.43259075113726303,0.37316192269650394
123,1,0.46150675604912267,0.6466537841073903,0.10203500550883027
123,2,-0.23941220764716897,0.5082495797616808,-0.09850161561512583
123,3,-0.3901897123776468,0.3387012966342402,-0.2576029706589107
123,4,-0.22463634145541309,0.33023961353445846,0.002413650848159138
123,5,-0.09529219817236537,0.4452961549325674,0.35676665152539877
123,6,-0.04411163694904274,0.42284761732852943,0.5658274366116738
123,7,0.19961579914488273,0.4734084281733872,0.6080794938718325
124,1,-0.07130508199283893,0.40769606043147183,-0.24346527567459775
124,2,-0.18046614000272349,0.2671438213029101,-0.16946615801680331
124,3,-0.3346886133177453,0.17496704348146924,-0.05314292747103936
124,4,0.14662659297819924,-0.04862315145430303,-0.10831345677727909
124,5,0.3121632899507054,-0.006156842378702429,-0.09451569482891821
124,6,0.24250106731741278,0.18000683783927615,-0.40363095317841935
124,7,-0.44099563046488954,0.237121520020983,0.2687749702683655
125,1,-0.17327550744210737,0.3865885700250801,-0.1840965595977401
125,2,-0.22297716795077258,0.23384074335728106,-0.17810096864977018
125,3,-0.21800389707334641,-0.057816535906867736,0.04943918801575019
125,4,0.3007282285365407,-0.19278937277622366,-0.050014378378539275
125,5,0.1437533952072995,-0.15893150043975993,-0.05958263174851308
125,6,0.16005122673205402,0.208907191716692,-0.4244151802872297
125,7,-0.438076531973327,0.2706540599232093,0.2273935045308769
126,1,-0.364945320542742,0.34498219160768595,-0.2567999750092384
126,2,0.10807748763780708,-0.13850190152260783,-0.07421813643219047
126,3,-0.16557018893683845,-0.24996374739374624,0.11649771039420309
126,4,0.23255426485050107,-0.29195695830859014,0.014091698378906782
126,5,-0.18620405632917952,-0.0172356757047617,-0.07456317464747102
126,6,0.7658012565243961,0.7855743958006094,-0.416793630741491
126,7,-0.8071055644991173,0.8747615268781122,-0.23146537882059
127,1,-0.3859767841695575,0.3097964660308775,-0.31802041643007883
127,2,0.13182377711521567,-0.17080690124861195,-0.1183071585836945
127,3,-0.24694652221283298,-0.2418188663243395,0.14134880115496257
127,4,0.29057805294681,-0.2988313042898382,-0.02902020220748365
127,5,-0.34603147987006116,0.0003382082887082351,0.06957207661756948
127,6,0.5965388341306666,0.5586641426727891,0.03459103317791509
127,7,-0.49050551997162434,0.5941655454757652,-0.48680017124359004
128,1,-0.2690634184491618,0.31592896296189793,-0.26862198920366087
128,2,-0.009654443807360502,-0.14611729875433294,-0.036336994498251084
128,3,-0.16354742954979848,-0.23271552948503788,0.020309415626555378
128,4,0.23063361962237325,-0.214909443638103,0.003773077540365472
128,5,-0.06978595421362452,0.17960812167577314,0.14833294868329533
128,6,0.5545077211680541,0.760859325763235,0.05341627470173474
128,7,-0.62039562669834,0.5838435487569799,-0.53358507705828
129,1,-0.11318404319578347,0.3293250206368119,-0.31746892860162806
129,2,-0.122059023583476,-0.25380514465340276,-0.07277878812544228
129,3,-0.12026670048966367,-0.17898089153865343,-0.0009826646969986193
129,4,0.46303084127886607,-0.22247051845062907,-0.14103861710997714
129,5,0.08484087590065377,0.32206214576011916,0.03574276572916422
129,6,-0.006254200195974612,0.5900872327855087,0.0787395438118956
129,7,-0.31287407709641857,0.09358342803659808,-0.17080636871900634
130,1,-0.08390523119989518,-0.0543007268923053,-0.14449548502897566
130,2,-0.10518009167459345,0.03430917452958828,0.09930113935447249
130,3,0.10160102793996834,0.0837669426319124,0.15885992626102013
130,4,0.05059366250505376,-0.06279897706312895,-0.1285329484590401
130,5,0.33305186043470225,0.32162411715110467,0.3946752075606926
130,6,0.3157099877659661,0.40750302561613977,0.36189741077396675
130,7,-0.13783153612042343,-0.04649373767354531,0.02363873221123086
131,1,-0.06687367059973351,-0.14346855483432622,-0.09967591381147291
131,2,-0.10160227040657382,0.06142380919847541,0.107900592868428
131,3,0.5116450979068788,0.37216339723046177,0.2818045525152048
131,4,-0.12269267437786092,-0.1473498011313639,-0.16389789364055213
131,5,0.2897669915974001,0.15947262548574775,0.3645435635477653
131,6,0.3814249340963404,0.2825533495640589,0.4151619144581843
131,7,-0.03240186889770363,-0.12651176563079236,0.05099539418632372
132,1,-0.07968358074426907,-0.1391444785867431,-0.1041285336715574
132,2,-0.025543236000269316,0.0394243094019141,0.12020985490441352
132,3,0.6108275912124804,0.40075320032345424,0.3015562169086429
132,4,-0.24673241969153795,-0.12692958688945224,-0.18799774565468053
132,5,0.3577005951358675,0.144079481670265,0.35563078250951813
132,6,0.5639527560506862,0.37521883882253176,0.4117361758367706
132,7,-0.19267520957733966,-0.18694428296290877,0.0024359031481596765
133,1,-0.13864633432182202,-0.18555971405162144,-0.1271224456978998
133,2,0.020574814230528475,0.10431310280338436,0.1584893395353766
133,3,0.5879282923285052,0.37069708595273854,0.33024219231941115
133,4,-0.30672974512428086,-0.14796810632828436,-0.1882220124967301
133,5,0.09955585809776009,-0.0915698042007434,0.015013618199546969
133,6,0.33109255614694133,0.1427040600132469,0.053713658605297754
133,7,-0.3136594314806858,-0.10784917138208774,-0.1251516118143611
134,1,-0.16610792671016383,-0.2107746622113122,-0.12099140398303242
134,2,-0.0028318419371844866,0.08079112399425137,0.04176414779752179
134,3,0.29588719772185396,0.33015317234033176,0.1712222526273299
134,4,-0.13040322908874855,-0.12353372381117368,-0.08251394333585652
134,5,0.009725864875069627,-0.03746537621742825,0.022956419625977373
134,6,0.17912614803473348,0.10719963770968884,0.03962775704066243
134,7,-0.18117387904376875,-0.07761245428342753,-0.10234062344852997
135,1,-0.08134596861424022,0.04669196484259786,-0.3322766960768216
135,2,0.2654160091095284,0.25373761479353785,0.14565529064276111
135,3,0.1602546753988387,0.12061258868840771,0.12880194141772158
135,4,-0.4414621607845377,0.2682072622638605,0.3221683160997805
135,5,0.14862709665705623,0.01896562277834734,0.06628384211905922
135,6,-0.4389554075951674,0.5294026182524764,0.6208925950850561
135,7,-0.1556427355483422,-0.05171067387382705,-0.08321093350975668
136,1,0.05836183948794584,0.022454183567481162,-0.25012698054378546
136,2,0.3303942295994919,0.3241094184498784,0.2126762832327369
136,3,0.20889057910672676,0.08871331967789187,0.182503499043401
136,4,-0.3554241846749894,0.18788392349439817,0.47987154979414987
136,5,0.19740493048836164,-0.035003641500567596,0.17420489284413512
136,6,-0.6181305747142604,0.3971617311859033,0.5632968015832971
136,7,-0.06021624081121693,0.00028983544000217576,0.03017448205296932
137,1,-0.058036368260083446,0.02438673204531653,-0.25948560736892
137,2,0.35420905428478305,0.2481954996363533,0.17944043692574127
137,3,0.039226664562785764,0.02333482836701109,0.039498491061256295
137,4,-0.37387155180554765,0.3564023420038032,0.22521414375972532
137,5,0.1440030682871312,-0.10907965551599874,0.11210481283647816
137,6,-0.9181914114610992,0.8974427475768656,-0.00466650007494398
137,7,-0.2323622439394569,0.22138749094806146,-0.19471458290056662
138,1,-0.1035296604204025,0.08756050055810183,-0.22235647351569002
138,2,0.27617352958762587,0.08242331769455208,0.0491896180843085
138,3,-0.13467246156486343,0.12896063836712648,0.02379634104157785
138,4,-0.4267749239457107,0.31331958179098945,0.23263339594074978
138,5,0.22621592895228368,-0.275792202475783,0.06404993806865208
138,6,-0.6217798503296639,0.6798562147378638,-0.36174611998456385
138,7,-0.10332701632941008,0.33917487893940995,-0.31489174137071085
139,1,0.017281852299534873,0.17289738758791928,-0.23402527392987973
139,2,0.38515892375878275,0.10129802632945285,-0.026408030778169143
139,3,-0.04488863740858,0.09695875996141534,-0.06938521356630449
139,4,-0.05971318362738844,-0.03438386530239859,-0.16950962371409325
139,5,0.12628215335108386,-0.1890534835601328,0.08205937615123297
139,6,-0.2442912011642336,0.7832531600097626,-0.4290804376951172
139,7,0.0177443970145503,0.44494227955257504,-0.3444931469439941
140,1,-0.10395079695713232,-0.027885541009270317,-0.11515204765462432
140,2,0.4755068773660053,-0.09631509660177537,0.07577640961318519
140,3,-0.2987935146397976,0.00691485161963375,-0.1576343703971201
140,4,-0.10742302784510815,0.2046488161544398,-0.5180400537144918
140,5,-0.07149245994772867,-0.2306616930196027,-0.2038523862066749
140,6,0.20952013684463322,0.44336185179081933,0.1736469236931556
140,7,0.15966810201771953,0.35597676878994633,-0.16403224631839344
141,1,-0.16001496609546817,0.036729557304963384,-0.22001968747495193
141,2,0.3133672479687042,0.3100085325954765,0.24001499498880713
141,3,-0.20388044796797844,-0.0013975795310720472,-0.027568107029689315
141,4,0.17323963492951308,0.09364378646452388,0.15079779956653755
141,5,-0.14953770470058397,-0.07746544859125963,-0.056458749105226545
141,6,0.1806604373030567,0.5347174129882712,0.43733518375695013
141,7,-0.2072533331687184,0.08011034444555497,-0.025283283494444638
142,1,-0.030481244891330243,0.08788251486269856,-0.12452038486640638
142,2,-0.03155792492137767,0.4295551785078484,0.4725632889687582
142,3,0.10238085456668161,-0.21858189266508168,-0.1980014962971867
142,4,0.32637265842846086,0.5087253014097042,0.5506088392919791
142,5,-0.21804700678272587,0.11272631216148003,-0.05228909244235604
142,6,0.1388722152613797,0.6195838050899444,0.7472603933398687
142,7,-0.26807205021605335,0.0031998563860216184,-0.0032791000279209356
143,1,0.06673796021375052,0.11977163608713712,-0.19802563804414455
143,2,-0.05702742585296962,0.5850638097470808,0.4471385405767521
143,3,0.25256001105195813,-0.27711825768240683,-0.15080462512179288
143,4,0.2659034013085095,0.3542258681924308,0.5061007666648907
143,5,-0.23325795370575128,-0.2716516006665505,0.2655074495089495
143,6,0.1625648672362617,0.2729753798511082,0.667341913377662
143,7,-0.17659696971357508,-0.33748795253284153,0.03057406605149698
144,1,-0.0501927931704047,-0.06779944930185108,-0.15199757150060686
144,2,-0.048952763640289214,0.4374966474150984,0.3231746965411802
144,3,0.1275111057674489,-0.21119271653090477,-0.0681126006019398
144,4,0.24651491295725192,0.22799068062482017,0.3608512587510708
144,5,-0.47580146690255326,-0.14274949925924524,0.332330562623033
144,6,-0.006615775630146429,-0.07224606651676817,0.2970825791511919
144,7,0.3173118214901191,0.1768703997589606,-0.5120625556418513
145,1,-0.07507877978504038,-0.0848417253336955,-0.16299539546378972
145,2,-0.383626645067913,0.35815165300180823,-0.017872697494213767
145,3,0.20529370111481735,-0.2647784862265437,0.04967880415915509
145,4,-0.03350981586977759,0.2625734072102599,-0.3322174193340459
145,5,-0.4227843447078326,-0.250755672421869,0.21564064126058313
145,6,0.06624589391077258,-0.4085832785883709,0.07936529086167914
145,7,0.29819050543852216,0.04685187518070488,-0.2492241609396777
146,1,-0.014525054133297037,-0.20093509775460958,-0.10959664705486921
146,2,-0.1860499623245499,0.04612884950859183,-0.3805307064995236
146,3,0.3712908740256281,-0.18668412900341214,0.1760877230737947
146,4,-0.19050958550914057,0.13841892621345528,-0.48481378901621763
146,5,-0.49230160607647805,-0.1333124154729075,0.29768570829286845
146,6,-0.019185316398693003,-0.5223117369227362,0.32676377645551163
146,7,0.1488504551784222,0.40978252641019314,-0.2214693460152444
147,1,0.08862991376396313,-0.09036065234834643,-0.1911047292540983
147,2,-0.06232162664934237,0.029012679691409658,-0.4669788414286579
147,3,0.37871271743928314,-0.10146232633667054,0.16003927845634436
147,4,-0.16710301503391364,0.35617909932717723,-0.705303899546524
147,5,-0.4326304088958824,-0.19168617955772685,-0.11638788564275616
147,6,0.0029039513293980562,-0.6263911958522786,0.0568547126114301
147,7,-0.07778311060599014,-0.27901691737424156,0.1296810186485297
148,1,0.053550070271753715,-0.2091793672467252,-0.20013435599677862
148,2,-0.0784440689076573,0.09570512721963995,-0.44386883170511754
148,3,0.3552425203592033,-0.09051900172711567,0.08606825073486166
148,4,-0.35060447127644834,0.43625640518247777,-0.557683583857537
148,5,-0.432396575847642,-0.10625240712563193,-0.19559001029150266
148,6,0.018968784479552508,-0.49315954267420814,8.436056385815163e-05
148,7,-0.18633890777255602,-0.18312875152101205,-0.04893599426146524
149,1,-0.051709292391487104,0.0369568002276678,-0.3486167623177109
149,2,-0.4205876248286129,-0.09629655882890722,-0.5235041854143814
149,3,0.2311515552320116,0.10268128070841744,0.057440208079978725
149,4,0.21427377486299728,0.07468121895075899,-0.1173644752339456
149,5,-0.41308583945916705,-0.0264000106834991,-0.23951070466201835
149,6,0.03825869179329596,-0.5042753242068038,-0.21552021712085076
149,7,-0.01688077719163244,-0.6575488598420927,-0.15127028131021483
150,1,-0.13726340375431578,0.05345172643175907,-0.567011055284394
150,2,-0.11047721485501606,-0.040911434866161445,-0.05383678047174009
150,3,-0.018259132321513293,-0.052686430265214065,-0.1552366920855802
150,4,0.12848305688247322,0.24498678320160955,-0.08212199125667284
150,5,-0.3622246060647456,0.35996809080953646,-0.19721065968654425
150,6,0.39501037624014707,-0.3916999846656575,-0.1951179290940135
150,7,-0.330088076506382,-0.1646274717083771,-0.34968238920229994
151,1,-0.24662297128525512,-0.14819022977737017,-0.4697223981146769
151,2,-0.11040956536265005,-0.10674279999214535,0.003157350722742499
151,3,0.1651876370952787,0.13260049286744952,0.2268321407693174
151,4,0.018544280948160248,-0.29683773288009174,-0.13332547270464196
151,5,0.24676385047131758,0.24340788533972094,0.3973842025124312
151,6,-0.24198466816131492,-0.08218844143207789,-0.4393350731507734
151,7,-0.3963475885225215,-0.1355280872530378,-0.25806649913477553
152,1,-0.1605692113864679,-0.35052069880157777,-0.34946848515452683
152,2,-0.0585671325256558,-0.3795161427025141,-0.11451541963268162
152,3,-0.0339347199243864,0.38085196140865124,0.2647905722805504
152,4,-0.06123927317615479,-0.30324325938554847,-0.25038164059319423
152,5,0.1809428007883705,0.11273534593933716,0.33333856405881934
152,6,-0.3995518983295464,0.15167527316693816,-0.3983535910606274
152,7,-0.370958163538725,-0.05986411572139011,-0.42292498514613325
153,1,0.08029184636527183,-0.27703976634500127,-0.2593535475789875
153,2,0.13218259032701996,-0.27005674840374333,-0.12835681640959187
153,3,-0.04481181948935301,0.08614220919267931,0.2508941579343525
153,4,-0.21055677232110476,-0.3552741193437757,-0.18161596010532854
153,5,-0.10185395193863034,0.5749065983175401,0.7799751694491577
153,6,-0.45819649571889765,-0.06304957831492596,-0.5248607340394824
153,7,-0.08982880777518185,-0.44679999500541123,-0.37044636908681217
154,1,0.25138791163825064,-0.25773632522494727,-0.13535911241610982
154,2,0.24158870346600045,-0.2829303989207584,-0.10813897047298701
154,3,0.2705625496740742,0.25485401469873437,-0.041721754854840885
154,4,0.20458602481589663,-0.0810671789742476,-0.33715070539656355
154,5,0.15721867257766525,0.49311166190532457,0.5980905014720194
154,6,-0.049654209889425746,-0.3166604314349224,-0.2216480256507148
154,7,0.09396797765671666,-0.5353441619472165,-0.20467704304635861
155,1,0.1108919648992314,-0.10537145048503477,-0.1176135613711024
155,2,0.07430425907002079,-0.20731371968972706,-0.1290704615090982
155,3,0.14170068669360814,0.01125606670297102,-0.06873248275866087
155,4,-0.013188268144921632,0.2505210784833729,-0.3659469585764826
155,5,-0.32222263420118274,0.44852700736658135,-0.19874507842285313
155,6,0.2424072461179913,-0.29255414771523114,0.11712510490589834
155,7,0.16195176753326854,-0.3859504882302308,-0.06724487510625302
156,1,0.25045911010986277,-0.05127431629253492,-0.141266898805355
156,2,-0.0022810637239752936,-0.2714792928813894,-0.177183478439917
156,3,0.10954000080714942,-0.0669014529717505,-0.07178161497991453
156,4,0.09456525491439816,0.272266182641877,-0.329384439439143
156,5,-0.10550496000666938,0.33103683179837656,-0.362859912067889
156,6,0.27864584983257046,-0.21060394890833303,0.31152631336014336
156,7,0.24987031121188893,-0.3841317827212914,0.061708406573201056
157,1,0.10436021785612548,-0.13032523234677126,-0.2548954444378575
157,2,-0.1832522719224565,-0.3241941804641614,-0.10696404902667289
157,3,0.1581684524451328,0.05379275098027314,-0.015852158011486834
157,4,0.4264768330842624,0.6882943864992499,0.07386644659287339
157,5,-0.2819215950319508,0.015584592167058394,-0.4464849542633366
157,6,-0.05940016410863028,-0.13292363809944063,0.12595652320575781
157,7,0.13218590887087453,-0.27854219104795314,0.01711715449368654
158,1,-0.19887882277966223,0.0706379731470857,-0.3501569170521635
158,2,-0.06370905491495203,-0.2316998022327762,-0.14450122187095374
158,3,-0.039665178537543984,-0.1548562475997551,-0.07498853854957191
158,4,-0.05004487106931576,0.5743779822252694,0.3041161817587167
158,5,0.017046829717500305,0.35056041549594363,-0.21145081088209447
158,6,-0.21232576342098752,-0.17251089202266615,-0.07494661937806128
158,7,0.02333799609248224,-0.3319933095574816,0.008731434707240547
159,1,-0.3352629948050002,0.05636646398967897,-0.4095171107230742
159,2,-0.02370549994237672,-0.24723412416426413,-0.20060674085813632
159,3,-0.08937038658140313,-0.16044383696030823,-0.09040710455553816
159,4,0.02615024388091969,0.5282170986194127,0.5483994541781538
159,5,0.2962503544975695,0.18409179454982977,0.06685860116009923
159,6,-0.37585903599269543,-0.08952454206316375,-0.26759574584208223
159,7,0.03510948880639625,-0.3529504044642832,-0.0836294811195804
160,1,-0.29196112097654503,0.035638466954173206,-0.3224810727783691
160,2,0.0026109839538543777,-0.22090785004990682,-0.10103308038438734
160,3,-0.03436557026525743,-0.09850097132090493,-0.05366798446535768
160,4,0.011815213691251535,0.4594221287909638,0.44574923812309547
160,5,0.20301131617264606,0.23015085233591923,0.21773450808171146
160,6,-0.07355109230450274,0.002552845054604946,-0.3035434873205577
160,7,-0.01640718064983156,-0.3336268283194024,0.006602133228944189
161,1,-0.33513671796692257,-0.06648997884559978,-0.03258804096309611
161,2,0.19542529785765245,-0.011204309731830082,-0.19973955835357637
161,3,0.05327716283343398,-0.15507859570951843,-0.09910280471873216
161,4,-0.34933409488072875,0.09970133798088339,0.2648111631654494
161,5,0.0935061499626103,0.1958881343524758,0.2431180790734291
161,6,0.12149544263225262,0.036285553724986486,-0.27341389429099283
161,7,-0.44529197645245455,0.42378122049140265,0.629597090458183
162,1,-0.2542557438290572,-0.11678520812349882,0.032506707831406606
162,2,0.330532894501332,0.048231245254307276,-0.23890608159644064
162,3,0.2725190623802534,0.1625451938704473,-0.21315962406520875
162,4,-0.1690654821729338,-0.1362980973671901,0.21830493534321135
162,5,0.23251750212053673,0.35305516947355464,-0.050118904287425464
162,6,0.24425610737403736,-0.03633468705097658,-0.18069733596673007
162,7,-0.44190986284393674,0.5345374532924029,0.6182810360514095
163,1,-0.22848926196946048,0.1045017031486315,-0.16518180118070105
163,2,0.273434923470834,0.1756399030446494,-0.3400976569819639
163,3,0.14661492004728735,0.12008014341154523,-0.19748865298163842
163,4,0.10063344441960059,0.05165026673957345,-0.1444064399999308
163,5,-0.01935800986446225,0.2472489093422534,-0.13321978851650249
163,6,0.13675442401002016,-0.20186988588778434,-0.03151922279028463
163,7,0.3042493786822419,0.8698018192380891,-0.3716656370667054
164,1,-0.3117575979495262,0.1613874190947068,-0.0638797191200827
164,2,0.5370671824109421,0.40748594247698733,-0.4983738964053406
164,3,0.0023672182668726094,0.1474635086798624,-0.1107837682441435
164,4,0.38696779513500723,0.3325902298169905,-0.2905082380842938
164,5,0.12075614478311632,0.1508949393790481,-0.1923885899862999
164,6,0.26241529258155766,0.00772373858293435,-0.07987182841563138
164,7,0.5208675705889139,0.45787151229342476,-0.6165870817847213
165,1,-0.3950608591060871,0.22323937237748578,-0.16313224372973845
165,2,0.46332889662859744,0.26120129500775624,-0.34702965035228556
165,3,-0.1817308653880088,0.28894746828967216,-0.18941535368917792
165,4,0.5827678201955948,0.42530505891005393,-0.16680679230724763
165,5,-0.27510186627214867,0.3902099076540649,-0.4126219776953548
165,6,0.2496648126294943,-0.014789509150978845,-0.08413901389927483
165,7,0.2300177447916421,0.48222543028214787,-0.6539563126328917
166,1,-0.3713694520368788,0.33704916919039046,-0.27554826247511294
166,2,0.5375795853786834,0.3920001459377843,-0.44481820796977967
166,3,-0.3968869089387343,0.19514884883470507,-0.18709598537352698
166,4,0.5723386449063673,0.7434156440364186,-0.15025785422965707
166,5,-0.4411530095583408,0.44365258869777924,-0.5148865926493438
166,6,0.36048516109079065,0.06277467829575255,-0.14479432524033342
166,7,-0.14041246585098022,0.1726826786389457,-0.23701455263727483
167,1,-0.3938833592209041,0.4065146852740964,-0.2877645044358821
167,2,0.41763748855167654,0.36755780849828035,-0.42920100876859624
167,3,-0.49382536604196287,0.32242866663003683,-0.18400739114088452
167,4,0.43195319515594804,0.6287253068122391,0.11840913257231578
167,5,-0.30397756783070123,0.45833045825262436,-0.40904812615891784
167,6,0.2875059119415966,0.023345415490330902,-0.08029357764471041
167,7,-0.07439237158769149,0.39675520672985765,-0.22208776716638806
168,1,-0.3696968437610444,0.3278629933801103,-0.06823433909651702
168,2,0.10446657701695065,0.041913680035043956,-0.10328913613370407
168,3,-0.4897288696018148,0.5081882810422695,-0.20784635691828435
168,4,0.11276992553904223,0.5867969358783893,0.6541587777608173
168,5,-0.1234967739413291,0.19737338364423607,-0.10824568909639891
168,6,0.20370758633737918,0.0921839929965732,-0.058216138725467395
168,7,0.39192678423446586,0.5171026304362659,-0.24678514361299186
169,1,-0.19570980946294428,0.2964253040357038,-0.343080955527285
169,2,-0.058201172680695676,0.04961572796678614,0.03143209486798586
169,3,-0.00843921493078583,0.16106986882667382,-0.16852646771146962
169,4,-0.30484738942533535,0.44557794101259895,0.395211096869707
169,5,-0.1612389383642108,0.3704533776753184,-0.07364269068915759
169,6,0.12803605207069058,0.16918242366165723,-0.14287818705660763
169,7,0.24916879784609383,0.5358113397184701,-0.00020494786712727084
170,1,0.00853987550226196,-0.07783988301429903,-0.004026437291371009
170,2,-0.4172489221910119,0.37260131216176046,-0.3175345316540395
170,3,0.17923543316278037,0.10584488904257418,-0.06895771695817565
170,4,-0.26393712555842097,0.20389777580220336,-0.05309608500688771
170,5,-0.5386007750753614,0.3920963205295114,-0.28971704095116807
170,6,0.1768199955946612,0.27329921323725376,0.16735224987991715
170,7,0.23685810043387415,0.3673468884196112,0.08574086419535444
171,1,-0.2398373706655407,0.013907793135709678,-0.09072448591201578
171,2,-0.15711868936829632,0.2369173538036043,-0.31620799837082525
171,3,0.07430703185473796,0.15830334311733538,-0.023889525634816722
171,4,0.04546623568628883,0.5900235494445483,0.34214273527924444
171,5,-0.3636521454239334,0.32325788621637436,-0.35512957935955436
171,6,0.04346301981174228,0.35235764407349945,-0.06940555727108184
171,7,0.08492919449071415,0.049876214156814744,0.2422764226253496
172,1,-0.13489149232565686,0.04047569977634033,-0.09498459527281776
172,2,-0.2615197105633541,0.21751444185787044,-0.313983186120454
172,3,-0.1200946028142791,0.20875982994810943,0.022904867168993905
172,4,0.1713615388239393,0.5499823281537453,0.23633651857432492
172,5,-0.06051444670614607,0.35873994247310304,-0.349097450077663
172,6,-0.01788291390787407,0.21452103503256229,-0.07730370766964223
172,7,-0.18630332895869872,0.23927718686050126,0.24420569890139057
173,1,-0.039809108732316786,-0.07801668819176798,-0.10861843787457175
173,2,-0.06330429936960177,0.25622832257039935,-0.3667627553350779
173,3,-0.10791236060467903,0.15747259779343747,0.04850303316033185
173,4,0.13095693155836582,0.4465818174150818,0.19235743516975679
173,5,-0.19249612382283982,0.49695121328827047,-0.235607410304802
173,6,-0.15779073212015213,0.09451039345858096,-0.4101553250466747
173,7,-0.2747953382814987,0.16343709267457787,0.1510562678824975
174,1,-0.13942524755137733,-0.08631397608689188,-0.07032923679058835
174,2,-0.0708437748687499,0.09279456268323516,-0.255729373147442
174,3,-0.03902268209555122,0.2788541934097797,-0.16471203441364984
174,4,0.1900564739330373,0.21486627389032353,0.24052590554247488
174,5,0.17046497538426578,0.3095018388489562,-0.12731923808264334
174,6,-0.13887250942082574,0.025414296094043488,-0.3706893357205406
174,7,-0.4370028297441871,0.17307594993769346,0.2388664362219797
175,1,-0.11939567747644958,0.03754886123112402,-0.0013502312461276466
175,2,-0.0998755641107934,0.04131441423416536,0.025366547536907622
175,3,-0.08348976887681225,0.2624076524613834,-0.19264736990196007
175,4,0.2524805065163444,0.29713765242471935,-0.36000731758651733
175,5,-0.10811142779602326,0.2244420322566569,-0.11498094677304778
175,6,0.0667381680067536,-0.1281929262884146,-0.2119318484550003
175,7,-0.03463971188819771,0.19611734588321086,0.015885705182029076
176,1,-0.0042083742947656815,-0.07847682636030971,0.11448151192318545
176,2,-0.26068890488839597,0.19521142401016933,-0.1274311798543618
176,3,0.02628629480326836,0.23795831930201405,-0.08994699069551737
176,4,0.2732292488737486,0.26270343574272476,-0.28288177743626525
176,5,-0.11699778448056876,0.24020576760657683,-0.08319906191557794
176,6,-0.3638039519462001,0.1128645539952109,-0.3503958751116743
176,7,0.007329779456732804,0.04340218600326556,0.025407564423858785
177,1,-0.10016046497198827,-0.13856768405198572,0.1255930131152356
177,2,-0.19060341697700736,0.3270983169127137,-0.11022764495320686
177,3,0.12830365198221447,0.22074009990272084,-0.13036395379853197
177,4,0.1696301137392819,0.490818448622004,-0.34373187129200145
177,5,0.17333320100923036,0.11957743902149272,-0.16384226847505914
177,6,-0.24619944144053849,0.4550113405850034,-0.3209101353517806
177,7,0.16229961595088258,0.06959228204242314,-0.1681444831596993
178,1,-0.15013415928799648,-0.09438587303147047,0.11264888837670717
178,2,-0.3469123590450601,0.34680585892842675,-0.08453027949771788
178,3,-0.157541292507413,-0.023295060419530368,0.16744815246688843
178,4,0.2446543960926914,0.6825026397124033,-0.3544086280361565
178,5,0.09909645092958445,-0.144943715310376,0.07017724527562084
178,6,-0.05710850399312506,0.505938040188475,-0.3864549464975658
178,7,0.03979233223382281,-0.31767990227511106,0.1124592848829401
179,1,-0.14320178704719644,-0.09626356501650174,0.22448559428472017
179,2,-0.4081809786879029,0.6675771549151338,-0.019601187821773815
179,3,-0.05794710357216195,-0.13686702917018187,0.30428032907098024
179,4,-0.12368633662686108,0.5044030221169241,0.01923645359775513
179,5,0.3406333721365107,-0.03933397172597196,0.06178147289373543
179,6,0.2950635915624174,0.34554596221139927,-0.04131965827866458
179,7,0.09378516157398466,-0.2573684011175582,0.04784267156425704
180,1,-0.14452512092781053,-0.18471308281297305,0.05815796359592273
180,2,-0.3635068073494471,0.5403520111941651,-0.17452636973593819
180,3,0.03514884756139246,-0.20724331318807077,0.05378166286069222
180,4,-0.3868198893447983,0.46399094290241055,-0.07132976832090421
180,5,0.18755133674484134,-0.128227494007205,-0.001688845587683333
180,6,0.3015473033854545,0.31738239950590685,-0.04325760599502039
180,7,0.2662262671451222,-0.310040936374472,-0.00217110349545412
181,1,-0.26299008046215067,-0.4082618805378778,0.16023104316434503
181,2,-0.29092295486736525,-0.02355325199348494,0.44617121936215937
181,3,-0.0444727833797423,-0.24206291035758692,0.06506128009123013
181,4,0.11569653922135165,0.5526301635501725,-0.3747264049820785
181,5,0.28364508013442286,-0.3171809286710902,0.14000246828193622
181,6,-0.41252146858592265,0.17968041965330686,0.6287873841779975
181,7,0.6775187375896438,-0.08485259534741194,-0.34046817036404503
182,1,-0.2308972969577398,-0.3670649591735257,0.4486315325370479
182,2,-0.09640368127675097,-0.26188651183279876,0.37914726443442726
182,3,0.11941218702982861,0.1305468460655777,0.18353400880045093
182,4,0.04442042877083694,0.5065823801997259,-0.27048749177538284
182,5,0.0817451309873539,-0.42377409021064405,0.18897605930094946
182,6,-0.20222664942772867,-0.1496730683692541,0.4900280798942333
182,7,0.622936527178768,0.45573798451999414,-0.2977889812864154
183,1,-0.33624869833627996,-0.10132896348745664,0.43696055635639075
183,2,0.12529575840529383,-0.4934667238735373,0.4393028602323644
183,3,0.2719684456361876,0.45936436919726437,0.24341700920235554
183,4,-0.09089380188351896,0.5025402755426426,0.1289118546409122
183,5,0.2995770858802139,-0.6360770093570668,0.32426263664243854
183,6,-0.37791013549054486,-0.11903329041547894,0.42314648287849554
183,7,0.7235294385154832,0.7008867908514494,-0.2419151575267993
184,1,-0.19378574758959954,-0.027417243213106273,-0.291056264952194
184,2,-0.18772339345218947,-0.14220243539123625,-0.048945291147372304
184,3,0.05086309292286498,-0.11032791468728129,0.26082079039051065
184,4,0.22359655787068294,-0.028133236427983394,0.0844805152426499
184,5,0.057534643368818826,-0.19263212521488374,-0.1126135195398245
184,6,-0.35326777187366887,0.05708094904478459,-0.17082378177086038
184,7,0.30042255172966487,-0.25990757063828546,0.08341935997754074
185,1,-0.014345647280313857,-0.09094684072496914,-0.299661551816511
185,2,0.14308748901799395,0.19392895324925863,0.0055624110946002015
185,3,0.17226771695795848,-0.17734744022036003,0.038792093294787076
185,4,0.20179212796154739,0.1419860136253419,0.13022039822410308
185,5,-0.17569950721494296,-0.13774545537833954,-0.0414820581590421
185,6,-0.319778129056369,-0.013307985495767609,-0.263005884607905
185,7,0.16523711336081998,-0.3967874958151243,0.05910946703187107
186,1,0.32120457358494287,0.11296176908538309,-0.1510006932727754
186,2,0.31644853598784856,0.21484867807132893,0.052288607115377715
186,3,0.28147337993928334,-0.10271042044201775,0.15242608462539228
186,4,0.3664141969737978,0.12501590516708594,0.17350412664391576
186,5,0.2394116405358521,0.13813351065547677,0.08987339352712767
186,6,-0.028537804334461046,0.5450814640401744,-0.050168338806323994
186,7,-0.2423530304759531,-0.29923320455690233,-0.3558875214505499
187,1,0.21278553602608163,0.019640027213338893,-0.2511276058266648
187,2,0.30850892880368624,0.07590140880894512,-0.0398834223996558
187,3,0.41655348425524363,-0.054873560253781775,0.13412588270384979
187,4,0.3713364549409522,0.12182430098323271,0.15598715498686988
187,5,0.19626980323679655,0.1597143793467019,0.06751634035028622
187,6,0.15702615606096257,0.33952353682387243,0.14628881752275558
187,7,-0.0976056680512143,0.23482016733148656,-0.29471264680735093
188,1,0.2961757606485626,-0.03478736682403408,-0.22241232983713313
188,2,0.2605523339635294,0.2078993145806403,0.018697064957319685
188,3,0.301091990759204,0.014370243593721292,0.03844703876336121
188,4,0.16724277239841284,0.26803025783353673,0.12003330646919531
188,5,0.06717739062857993,0.3424105339175252,0.2135230247416814
188,6,-0.11911087695792484,0.45523885714688944,0.08329005641049711
188,7,-0.3499787964838269,0.3354626790083776,-0.34361258514922377
189,1,0.49269696253579615,0.038030802951819945,0.11378202173064987
189,2,0.2940623455986546,0.09997796736231342,0.2256779829243384
189,3,0.15816177776844606,0.12171650051505513,0.060129439885051233
189,4,-0.024463454250197476,0.19333336646054963,0.13968114805485127
189,5,-0.11111281599304908,0.3015474825000992,-0.04587443022810893
189,6,-0.21510195904868737,-0.09911705192673859,-0.2622716463119759
189,7,0.0956691518887134,0.5223149672958967,0.2386426110847547
190,1,0.36940010460895567,0.1432745980606187,0.08262826819870468
190,2,0.26391400121628555,0.16564540099509872,0.24966719699958087
190,3,0.15687634381330734,0.2620660468877686,0.02233595691186967
190,4,-0.20543544276749273,0.16512208549962168,-0.027025628415171386
190,5,-0.023828227471476518,0.5237524286584717,0.24406283637351606
190,6,-0.4555015692668827,0.13477858462358547,-0.33107404969340903
190,7,-0.14201217201827057,0.11129521999121122,0.029711470744039275
191,1,0.11142806951069256,-0.07609891238537242,-0.18663556206398751
191,2,0.22948361340054815,0.21906073976817497,0.34132018102686157
191,3,-0.187960228893015,0.2699926330426162,-0.11674098976213194
191,4,-0.43960268565416205,-0.08556248805878308,-0.2726515340897528
191,5,-0.02509939458330608,0.29594247294859466,-0.09372652274692432
191,6,-0.4355312903945333,0.0003595700989030221,-0.5998687393563665
191,7,0.1751199780177075,-0.06309880960394235,0.08331799426019991
192,1,-0.016769737886140227,0.04059713066063225,-0.25818914299774515
192,2,0.28789734490125535,-0.2854142495621788,0.034271549989227414
192,3,-0.15358894212550392,0.24728908410680459,-0.05763496925230477
192,4,0.056178735807479105,0.3581519173130032,0.28680052723876526
192,5,-0.33192665169692487,0.03283346362876553,-0.29876600702069733
192,6,-0.20651341873844511,0.14080719458939753,-0.06730192991725796
192,7,0.13659737051131352,0.1690668323117247,0.3401560966761832
193,1,-0.09181429218379049,0.04498219968997717,-0.2500339322841904
193,2,0.2889318888362569,-0.31208353920724347,0.056129217990226084
193,3,-0.14130952134456265,0.2778412971827528,-0.0903431301610787
193,4,0.15534695081265823,0.4516110883221595,0.34314455123573573
193,5,-0.0318591758105982,-0.29864678852063276,-0.34002623503466833
193,6,0.019839868360737825,0.026621477873633396,0.07256557165420795
193,7,0.1529084384552093,0.37110295091029377,0.32984575022999696
194,1,-0.05993425348881955,-0.031151485136345174,-0.19467162561282117
194,2,0.035855316351602086,-0.47053454236812253,-0.1354571102912391
194,3,-0.2785197325373334,0.24252457557754464,-0.14541091097725822
194,4,0.08270503570320231,0.2625940968650911,0.262371250039146
194,5,-0.23272012498855976,-0.4951612355610939,-0.41729043394819065
194,6,0.3820107139449465,0.304157068784904,0.3554101748190648
194,7,0.4405741599805534,0.807878015887798,0.6328796503029621
195,1,-0.0900720585845234,-0.05018851021407346,-0.1490284309794016
195,2,-0.057495257010426896,-0.63351671990142,-0.2778648505372592
195,3,-0.3818898896726855,-0.041474664769653495,-0.4278314429275494
195,4,-0.021756882711523203,0.44413724812962296,0.3572878337052753
195,5,-0.22097120771283912,-0.25902753480199747,-0.09038771098643654
195,6,0.22136180445357087,-0.005637756722637954,0.1499442653132989
195,7,0.3161700467255708,0.6090825293655554,0.2877869565817673
196,1,-0.2802063024539709,0.08222219976363239,-0.12901064560554107
196,2,0.1270355935537391,-0.3234013015429052,-0.20313272939001847
196,3,-0.3011532040452186,-0.026018211033858284,-0.3450684029075611
196,4,-0.3415212752482525,-0.07117488905237859,-0.04139427088546719
196,5,0.02697185509173387,-0.33971318987632504,-0.08152041560999425
196,6,0.02213396394092953,0.28647424892519247,0.29166477504838845
196,7,0.40524152340177794,0.8296475154569249,0.557975171905246
197,1,-0.15060463839010277,0.03858371632853375,0.033024108761734096
197,2,0.1363385254680298,-0.4619142967070003,-0.23248948616556347
197,3,-0.44171792228453555,-0.06781699938266837,-0.4786083327701473
197,4,-0.14639579060690827,-0.2026925714553588,-0.09825236281681535
197,5,-0.049263189969108764,-0.10769387183963125,0.27563115899563423
197,6,-0.06999856768257406,0.33939257110365434,0.1860615446004139
197,7,0.15360595617233047,0.5791745015082215,0.4842581414009061
198,1,-0.1922124870834128,-0.07155134678928708,-0.042447331701216284
198,2,0.12353058511553618,-0.2731772339593888,-0.24508754925694545
198,3,-0.2588273835164886,-0.2323937087319796,-0.16874761637234126
198,4,-0.04742739005400868,-0.19501129113160853,-0.16997151825725113
198,5,0.11045036340601116,0.12385239109569808,0.3164668543318601
198,6,-0.17318297188413004,0.26345073722102264,-0.2917910986472932
198,7,0.08905684407436279,0.28767342116088324,0.7544457358028933
199,1,-0.4239478216168801,-0.08368566595521634,-0.20527221640792798
199,2,0.2721709429898554,0.023007069366965515,-0.11627044720937631
199,3,-0.3758038248161946,-0.24017259721882503,-0.0058108914722425
199,4,0.2516563699675195,-0.2388763665706126,0.02722399209072093
199,5,0.20673228882733002,-0.2862348170135949,0.6086407325608905
199,6,-0.2440738967329922,0.42207650958746473,-0.5449876557656023
199,7,0.13593451027304715,-0.1679986742486081,0.30270333013807466
200,1,-0.14094664978608387,-0.11603458470004376,0.1022740368984019
200,2,-0.07988897772111278,0.15243990864874538,0.21691142591303592
200,3,-0.18508555707263255,-0.2056118241041452,-0.04238625472052407
200,4,0.05029795803418617,-0.04836639005913044,0.10732942927667037
200,5,0.0073752583055257575,-0.2038769760046524,0.15036275417645023
200,6,-0.3355068041357549,0.29097304582518857,0.25529661827520256
200,7,-0.03753746690247086,-0.34402785955578896,0.07512196743459285
201,1,0.020589623747883472,-0.2069235435271732,0.14487257533851952
201,2,-0.25274048382694736,0.033733510802121495,0.2738402583044222
201,3,0.11117173116479284,-0.07233731788080124,-0.03548037134522166
201,4,-0.11949005186842655,-0.22303230295754595,0.1734592634009478
201,5,-0.004615669810259486,-0.07067587812168448,0.07788673942531042
201,6,-0.35046120285244603,0.18988599720452637,0.2692900516960153
201,7,-0.11481009054579429,-0.2196128539020117,-0.00684980868106387
202,1,-0.043905798426645354,-0.1752748545659812,0.1457988384810327
202,2,-0.24142273006210913,0.06374412394570408,0.3201901907675319
202,3,0.27378995879509443,-0.15555546217143265,-0.03449175227989736
202,4,-0.22773506614865857,-0.1531947497388519,0.1834931504205334
202,5,-0.18924575366510316,-0.23839650905221577,0.13858566400053043
202,6,-0.1942474392032823,0.18548581954546536,0.32204822638987673
202,7,-0.5465955065038322,0.12100507583685774,-0.11925019272988568
203,1,-0.017477770952752734,-0.10002739527792427,0.1265854415516859
203,2,-0.2823038002788947,-0.0033968401308011992,0.32624715703552143
203,3,0.3280563035312279,-0.1570073963975599,-0.05560265022140978
203,4,-0.27871159341251606,-0.21191635651657917,0.16547834595869187
203,5,-0.3263034207446481,-0.135877276594959,0.13054102180809843
203,6,0.2274908794071571,-0.032700449706204116,0.0002127434637654145
203,7,-0.4773021654227448,0.4257009671215944,-0.1180233332459165
204,1,0.04204672422292874,-0.06118971143758768,0.025383454549395845
204,2,-0.27978891446834403,-0.02207342458830909,0.3079775579976445
204,3,0.25847737053193487,-0.02088611751309706,-0.06159813859348686
204,4,-0.06967177520979494,-0.1941102248385694,-0.024723191262312854
204,5,-0.3371215414559174,-0.010481371932864818,0.12792556165517774
204,6,-0.01987642427000256,0.15969779712406001,0.2234706071339582
204,7,-0.184927577171367,0.27455894192198943,-0.2158729270260665
205,1,0.17147076887572268,0.4940225033771339,-0.4976019565775574
205,2,-0.4344553765000335,0.3847020711710956,-0.2123346993524742
205,3,-0.13718115243034504,-0.09310686527558037,-0.09185590141827606
205,4,0.04772564615818006,-0.14156890929851002,-0.06670994461251493
205,5,-0.2067332590212552,-0.16346685328586408,0.094809462180684
205,6,-0.39194168919206246,0.13683937887284603,0.40606608165276836
205,7,0.033961807927012644,0.1673843271302644,0.03768849670358112
206,1,0.1348457794936123,0.48333198182005804,-0.4610677778006223
206,2,-0.6004313214632169,0.43307666479712253,-0.1491145072868054
206,3,-0.03344656312688453,-0.11090524357392013,-0.2543731209546076
206,4,0.44220479171691923,-0.09438229392929803,-0.13800291595221972
206,5,-0.14542109094286845,-0.32365127646186936,0.1837013869615148
206,6,-0.4727814693064354,0.060195213440110806,0.52833627708968
206,7,0.04962974200913486,0.09920804175759777,-0.022547753312581346
207,1,0.19630921970055307,0.4735260855775751,-0.40872116245899054
207,2,-0.6139332623909937,0.43364716680531784,-0.15429835567366346
207,3,-0.007228857324341051,-0.06461667521947558,-0.25603669594393197
207,4,0.4517319970973001,-0.05546576271100175,-0.13500377745384787
207,5,-0.27405338026953885,-0.3677625730170664,0.19035658644171904
207,6,-0.5290126683625868,0.07662614842437815,0.5074636446486532
207,7,0.24134709169059732,0.06297401616855537,0.21397037162355953
208,1,0.2558823493992732,0.37901760902353754,-0.0914276994507614
208,2,-0.4620619151840145,0.2503188588302208,-0.07943359097431166
208,3,-0.15536162142459686,0.023819421917594605,-0.289189537786272
208,4,0.2293769849533846,0.02097079389355309,-0.11115715557260672
208,5,-0.05495357710852793,-0.32493566497833537,0.11438240494708123
208,6,-0.24647770520268375,-0.09577095294343511,-0.005135493238502538
208,7,0.10533812871902647,0.19954127582081332,-0.254247247632064
209,1,0.22944878710062955,0.36983529170288126,0.004790296066525454
209,2,-0.397578418003148,0.1791609047880844,-0.1641945815871253
209,3,-0.02105253765678697,0.03441900232295581,-0.27959734328531044
209,4,0.36372274250414977,0.18991781542448896,-0.11883909915361879
209,5,-0.0022943540647089645,-0.20914751175174232,0.19995426405369868
209,6,-0.19971668647066368,-0.10495536114399617,-0.003751267481158982
209,7,0.012593320971535038,0.2499747698390803,-0.2560290879282909
210,1,0.22788914604346378,0.24012030932552103,0.48094935554425655
210,2,-0.029757195651496364,-0.32309947301020087,-0.04292617605762531
210,3,-0.010426901342876304,-0.11368139663170736,-0.3435098861927628
210,4,0.1802757679847422,0.1447649790249334,-0.15055398310866833
210,5,0.5233935807441936,0.3720076485223573,0.5616311837675109
210,6,-0.13301658806201078,0.22266667391800468,0.10998709677812181
210,7,-0.366663499165527,0.1477352923604782,-0.48292979174009376
211,1,0.27080755191312,0.212293680140774,0.40028080617404227
211,2,0.008716120792938915,-0.25576448976809607,-0.022619769292054562
211,3,-0.013263250122541089,-0.1828527284126501,-0.3573099240565895
211,4,0.09237592878818314,0.019052277544865735,-0.28580779472457457
211,5,0.8369925286982077,0.6035409406107435,0.5721715205538352
211,6,0.1785724245738437,0.40849001684068315,0.299101197669699
211,7,-0.10976823103825784,-0.18704624797343483,-0.07594925804658635
212,1,0.17977525227726796,0.21957324703467865,0.3589792952231003
212,2,0.16902811514835095,-0.26849118826290186,0.008025447939210648
212,3,0.14892657918663776,-0.3091220828631282,-0.1756366171272404
212,4,0.1938020331449479,0.07696321172727082,-0.1570986759202726
212,5,0.8391829165730412,0.6956017540617031,0.43728956249038936
212,6,0.06777389287680811,0.4729804583116213,0.24970744299015074
212,7,0.04567146874948701,-0.20324190130131398,-0.07457611656135732
213,1,-0.09598968531684472,-0.02961876271017604,0.1218250678241609
213,2,0.2903895449157887,-0.16404966954406414,0.11832351379001899
213,3,-0.11237746214592238,-0.3396568968307968,-0.3085555731984898
213,4,0.17218666300538893,0.04126166064816724,-0.02512571774363634
213,5,0.2760223753470799,0.003789365110943884,-0.03509834460564801
213,6,0.12345331385410178,0.251945459945668,0.10874600155489232
213,7,0.10421416493852406,-0.10091126028640307,0.006455131305076332
214,1,-0.0764239120553179,-0.03819478802308455,0.06899791736672732
214,2,0.1982660955626442,-0.1358819345598846,0.009402962273363177
214,3,-0.06541240206243439,-0.3443831863010277,-0.44296918572784433
214,4,0.37837089519909994,0.29416878603908697,0.10068676826732008
214,5,0.35484954000022106,-0.026736985513501836,-0.07566653848623574
214,6,0.1595472862045107,0.16914568566938942,0.18984510776831337
214,7,0.03442688743372064,-0.20334571556768757,-0.1588757974524609
215,1,-0.17709304543947113,-0.22975993102347053,-0.030577427527153693
215,2,0.12561105625628757,-0.014609705300606526,0.319459316409129
215,3,-0.2843794633970091,-0.39731980663593347,-0.49274073640700783
215,4,0.5159099499067696,0.393635217203584,0.3795745715655692
215,5,0.12110187103868662,-0.31060463926365983,-0.31468993202665824
215,6,-0.14478740518630825,0.4727261773150376,0.5110097424243971
215,7,-0.2311136630785098,-0.42851228940951913,-0.21040437488179004
216,1,-0.23976650881846262,-0.1183211887552876,0.04029521600439977
216,2,0.09863107283746667,-0.12919701753509108,0.2900979230375315
216,3,-0.2600500127912412,-0.41335313057281786,-0.35030221072656115
216,4,0.32827511290259315,0.4216789337068951,0.250721542314945
216,5,0.39508628838397364,0.039316204937199103,-0.37293095250430613
216,6,-0.2435853990354027,0.47542024491295637,0.3642916508371642
216,7,-0.31364119439312904,-0.14791619998829128,-0.1372447833477725
217,1,-0.05331451215754644,-0.0653154234005495,0.0678294721872992
217,2,-0.30670962236918903,-0.06509499123072876,0.14144398580567868
217,3,-0.09554826786725687,-0.3309662865884006,-0.021708299896161867
217,4,0.0634801810396108,0.12673953509010544,-0.12685331333721717
217,5,0.5495291989910448,0.06756388180490515,-0.29749655608429443
217,6,-0.23366539389011523,0.6756216430023146,0.4104334311959575
217,7,-0.6859053200830063,0.09086254697720043,-0.013455277498976986
218,1,0.022176897246433493,0.3597215618002302,0.228996704884941
218,2,-0.5231677056458265,-0.059582525314684436,0.2362307628903709
218,3,-0.16865266513077193,-0.4917359264088595,0.09133411355764279
218,4,-0.08652194529295942,-0.34189109223483743,-0.13281359762749595
218,5,0.522587070141571,0.0010382126171788338,-0.16800565500474865
218,6,0.1728792584620903,0.27913253555500417,0.12105042667495935
218,7,-0.7285925875036519,0.46961527896090505,-0.08599686267904384
219,1,-0.1020733080073521,0.20344077468041935,0.18442952924452471
219,2,-0.472862358843578,-0.11928489431446047,-0.016321649138346158
219,3,-0.06497340426599048,-0.34796792430117424,0.13258007791085105
219,4,0.08887936816662044,-0.02799900877674288,-0.026560052893543344
219,5,0.6830246575117753,0.06256822266868896,-0.052506847294905006
219,6,-0.22242956037371728,0.04786643936721089,-0.0678915943827303
219,7,-0.8155996697112643,0.44666831977177696,-0.1816342007933047
220,1,-0.07879729959988098,0.20015896066451008,-0.03097248071936747
220,2,-0.5931092900102041,0.05700261023891842,-0.16836353895403555
220,3,-0.20258370216328286,-0.233409791535512,-0.03955411267735213
220,4,0.30275326067601926,-0.3125051362640815,0.11532166250478461
220,5,0.44610694327328065,-0.15743269899638818,0.20551116229964886
220,6,-0.33326710502187407,-0.059702756700575975,-0.12204909663165721
220,7,-0.5897085135906509,0.26094747102695454,-0.31973318790305943
221,1,0.210989150323583,-0.02266693805516579,-0.013214881590492722
221,2,-0.5415977276351353,0.0610839508621299,-0.10839495547990846
221,3,-0.37035183750986894,-0.20624879595629927,-0.15326704720108972
221,4,0.007797663358063858,-0.09150616940999344,-0.0862794246943085
221,5,0.3409826695594003,-0.23216397100613845,0.2320157016792063
221,6,0.15135491902902784,0.286454710984041,0.4178839880850937
221,7,-0.47576128873730394,-0.2712468213354164,-0.27947747304744974
222,1,0.1660120400091017,-0.07110929274905564,0.13364607783872076
222,2,-0.40688622876193065,0.143888354538947,0.08439862441185021
222,3,-0.37685495409955017,-0.3967331152758602,-0.28261925186876785
222,4,-0.1616594461561765,-0.008471524335007695,-0.4764443905400456
222,5,0.15867037527487862,-0.34966541730954503,-0.3719039991888764
222,6,0.4045498699144487,0.5457444557711193,0.3802996245418289
222,7,-0.20652482729371555,-0.22674171106704893,-0.21341615585256804
223,1,0.23150508202542672,-0.05166912875491188,-0.005986723694525826
223,2,-0.34523627190731043,0.07913756025965506,0.20020432512527558
223,3,-0.21958624162952622,-0.4400663875209646,-0.15897996969846848
223,4,-0.22833339903284558,-0.2342912065093869,-0.42724933926944225
223,5,0.21306169096876798,-0.45852519947891796,-0.23535362316283018
223,6,0.7715917222831955,0.34339061862388326,-0.039158495312169125
223,7,-0.20566024673300942,-0.24275255205630927,-0.29120242499046256
224,1,0.11110749689650473,-0.17181728507548613,0.2243207227227636
224,2,0.02638513268374569,0.1820149386707685,-0.01119720841161193
224,3,-0.11327883135682422,-0.29437795733835087,-0.18206206371098269
224,4,-0.34038028178781143,-0.14908163623263662,-0.19184804578946701
224,5,0.13558161279635297,-0.3968072110865076,-0.12713733480651143
224,6,0.4885946533839194,0.0745571461447824,-0.396753999305103
224,7,-0.10976092771460778,-0.18499415086076068,0.014871930188259537
225,1,0.128125952385486,-0.19781047747057243,0.1079871708501046
225,2,-0.187705128694348,0.3686371481385582,-0.05968018316845569
225,3,0.016511466499513336,-0.2506373467822934,-0.0293446190109505
225,4,-0.09185028447974168,0.030066389216146534,-0.09297769525411227
225,5,0.09218723718918106,-0.5117920835325606,-0.048039776189931584
225,6,0.6770081955980167,0.1148469900834374,-0.43491139309478916
225,7,-0.004780556115999082,-0.265200473206042,-0.1358872504027572
226,1,-0.0496799909572161,-0.21910649319669795,0.1038095667928632
226,2,-0.0013115745119642197,0.30090582974870034,0.09194347428865769
226,3,0.052840222788986924,-0.10509777310086317,0.13572174501539133
226,4,-0.07093457174821215,0.12253556648060238,-0.012706940400564753
226,5,0.07627934884919553,-0.43212100918134194,0.21387750964608082
226,6,0.8173534335185282,0.1071895542183003,-0.1724043148576477
226,7,-0.2757436310385142,-0.07382921392082349,0.13326756907723303
227,1,-0.19578390097266649,-0.0951623397697073,0.25241473227237676
227,2,-0.14969244773548204,0.1842566307999604,-0.15473282593254847
227,3,-0.021307405869663672,0.01325999274274233,0.20109427791998175
227,4,0.1696641367851131,0.2859038921309332,-0.3518690802931166
227,5,0.10399613212284445,-0.18686043060019478,-0.03379689272397416
227,6,-0.007147441455022772,0.1653427075972634,0.25193537751774436
227,7,-0.3193390839555403,0.10575860973775629,0.1524264976746005
228,1,-0.25608861049833676,-0.14213469567822892,0.28345998673390965
228,2,-0.1290145074557,0.24684485001292256,-0.26819654285308453
228,3,-0.1579335348316962,-0.12144629613623684,0.3121251773682696
228,4,0.3714858407245607,0.1943634880886356,-0.37998739849093377
228,5,0.09344033910547289,-0.2526659971338431,0.04817429225658317
228,6,-0.05378237727012832,0.15867463246532,0.17848473645615673
228,7,-0.4692952410824642,0.09069428800131908,0.2423347809695222
229,1,0.050503845991541986,0.15970831528606522,-0.0779835740194393
229,2,-0.13883351698083085,-0.04400203298002609,-0.1679090373903451
229,3,-0.12163450288878241,-0.19137715962009477,0.17627661229960803
229,4,0.29138764031445724,-0.0680170853721593,-0.37552870070254896
229,5,-0.07916692172214437,-0.16427125810834584,0.059389944102235116
229,6,-0.4381597442133307,0.22247591320323148,0.4952281377220075
229,7,-0.0054014976410252085,0.23437917423171475,0.08987989362800143
230,1,0.00781459644317953,0.064572696734231,-0.011708739214933593
230,2,-0.14843749637471482,-0.0651795271337932,-0.10966145840361036
230,3,-0.17689115935219646,-0.29836223438163917,0.26702236915931465
230,4,0.30701150490548584,-0.08392543683916806,-0.3047676826248939
230,5,-0.22041694590554947,-0.10448277635800331,0.22922139242096598
230,6,-0.3362702597417167,0.22496734261108986,0.2980617254742623
230,7,0.1739216480943187,0.20244374080510708,-0.060687417386344374
231,1,0.09048732099013965,0.005676965783124244,0.018830628634568688
231,2,-0.21445334193461235,0.004474368613120501,-0.10421677332813684
231,3,-0.07039377714251739,-0.24396445109975917,0.16775614578839906
231,4,0.08496875557863344,-0.35930683771104616,0.027707479533166986
231,5,0.07655987756067432,0.1131857894772808,0.025288022697791186
231,6,0.01920479406188917,0.1969823316075556,0.30549433950575267
231,7,0.2985633148823455,0.13691960458215513,-0.076623988323104
232,1,0.2214228738661749,-0.0958958417559166,-0.2125625045283241
232,2,-0.36056034232191625,0.05814197360715635,0.07283687436252205
232,3,-0.10479534182069455,-0.3569010260845428,0.12742401125411243
232,4,0.23017704179234588,-0.19762438976950225,-0.21648389241695873
232,5,0.2155970907007484,0.17920351470789342,-0.013112741916981871
232,6,0.01783418616758258,0.1647401359976734,0.286901091532904
232,7,-0.27543260047652257,0.1660568187581478,-0.05533546293613711
233,1,0.1147829946649546,-0.04726739433565722,-0.2273637381734452
233,2,-0.3944678549783052,-0.011035914616044015,0.1470181919997579
233,3,0.026918455596906646,-0.25876467564941036,0.22298886625800743
233,4,0.19430798895704035,-0.14330844493889572,-0.1388959734687431
233,5,0.20135364027697125,0.28296495428343993,-0.17911285266651447
233,6,0.27532504757130677,-0.18036781077138062,0.01899641841080008
233,7,-0.18729738712662422,0.23041903688999676,0.02642584369841513
234,1,-0.10717873230990466,-0.21881927170361032,0.07432429227909342
234,2,-0.4878192978245875,0.12404979007592482,0.22761179915710616
234,3,0.0633634435759604,-0.1541727231526242,0.18306269149390036
234,4,0.3836936760072912,-0.046818422549469836,-0.2384690970025937
234,5,0.1027883041940037,0.2689284658741964,-0.23689621868252927
234,6,0.002580035969385809,-0.5200304089736041,0.24161920523605004
234,7,-0.2372282974560694,0.2804049312775188,-0.061448173267658494
235,1,-0.1464319754495958,-0.2167847599317419,-0.018656593380106695
235,2,-0.5633756315984523,0.13494734588024382,0.33543013266845584
235,3,0.22674264479891434,-0.07124045021016698,0.16632612378497597
235,4,0.4325789551634708,0.3386404557149354,-0.600566057965274
235,5,-0.5001935668912851,-0.1227169855629716,-0.0018634976794140478
235,6,-0.06554680695544723,-0.6300854514236226,0.26838883395970203
235,7,0.3924586599587867,-0.11167543233672682,0.16247756034629454
236,1,-0.25034564418722527,-0.20808468468957694,-0.20370430314737942
236,2,-0.29536642118580747,0.16845280537288673,0.5152548299841698
236,3,0.3507695955975098,-0.10357139121990686,0.030203193266176535
236,4,0.028946690525675604,-0.000603920695775902,-0.304856257236793
236,5,-0.31236084711101497,0.03637013528450227,0.07848326895112537
236,6,-0.15129604278714912,-0.13815246785778704,0.05344828985125959
236,7,0.09138984621514748,-0.16563610753769178,0.09350261320816645
237,1,-0.16054698659615824,-0.10107123264886804,-0.17405429511403311
237,2,-0.08022591333892372,-0.05231879613992705,0.17965335390611795
237,3,0.18925342695260802,-0.13422484316020725,-0.015388242428355672
237,4,0.04362805579801844,-0.11886016025782378,-0.2316185379272013
237,5,-0.35474159549884704,0.1869799453472923,0.2811088609715011
237,6,0.005006058496888086,-0.3274197305579708,-0.07860498173808493
237,7,-0.31371082724287075,0.24902414805502632,0.49987394960510606
238,1,0.08075683727888396,-0.23790464747623946,-0.06089689166876972
238,2,0.0362753489946492,-0.01487065931817238,0.33025733086261644
238,3,0.31082233198663134,-0.27758040548762747,0.03414378830639825
238,4,-0.21649620841975376,-0.29310179540896764,-0.27394071471623843
238,5,-0.4043469881411835,0.42239303358062724,0.4054858502245735
238,6,-0.2347108262476468,-0.016440499472805677,-0.33214061027058184
238,7,-0.5058063576781497,0.45563820305493985,0.335105920165372
239,1,-0.02858763866358604,-0.277953896638884,-0.1536502883120404
239,2,0.05126695384712322,-0.01946201210081223,0.22931876807196372
239,3,0.20364996303866095,-0.1586231696487814,-0.14321757036219396
239,4,-0.3032446620470278,-0.21782475873853266,-0.21859664749145397
239,5,-0.24198653043610943,0.2609858634542161,0.5680725407649583
239,6,0.1675246453221196,-0.1156347308543768,-0.1162062374769637
239,7,-0.3680958965280766,0.47301379053046955,0.3341797786200258
240,1,0.12384330279789167,-0.3285804322052957,0.024148683843823182
240,2,0.026122286062399126,-0.06532384891580977,0.11016172466559442
240,3,0.18973225131227836,-0.12988873947256444,-0.10534288052300578
240,4,-0.35113958982492927,0.005468784887549633,0.138662700239176
240,5,-0.15926598696118363,0.12672264780086864,0.3950872777055596
240,6,0.12576648492384218,-0.19886511118305397,0.21561664851924636
240,7,0.3721585292862134,-0.0972437798904204,-0.11343500238100247
241,1,0.18331954496481276,-0.27399920033001224,0.202895729663309
241,2,0.2483377482067294,-0.03739519380045026,0.2637239593438113
241,3,0.20202271568070573,-0.32078028868112357,0.12260091912095865
241,4,-0.29718834959883395,0.1960652811773764,0.42239629029092357
241,5,0.21492336999198672,-0.2320732636920935,0.10175093806717736
241,6,0.029338463060692,0.07210679296278821,0.49251915081164693
241,7,0.3994397934979439,-0.0571510676546108,-0.1064815316800743
242,1,0.20268810878108698,-0.12979549985202923,0.1936460382632156
242,2,0.25847287397812946,0.11052194342120199,0.18887235225317037
242,3,0.16742569934809096,-0.33246012795456065,0.2773696965725115
242,4,-0.3789020937393786,0.2224491402625309,0.4982876404029255
242,5,0.1105196394936065,-0.3859593707388124,0.29922416340484603
242,6,-0.1851774195849065,0.06564997981981917,0.6226673466290594
242,7,0.17330797274867357,0.0024139072831979393,0.06969651521125433
243,1,0.028925984922879427,-0.1388041786213664,0.19661607668611283
243,2,0.3223574951880549,0.191495668791032,0.07611889516794315
243,3,0.20766388235546898,-0.5782039150036737,0.15216341282731957
243,4,-0.24399473641554537,0.12435583992646004,0.6468390058694907
243,5,-0.002005868604441834,-0.14576375700847224,0.15977845620376754
243,6,-0.210230780962599,0.5511809511775362,0.5250485682069719
243,7,-0.19850048083190175,0.1685888552914558,0.26228769698497706
244,1,0.13838079864338348,0.05415004621619914,0.35949096899660815
244,2,0.4149688509643252,0.318676873336325,0.01610174461944018
244,3,0.12532274637545582,-0.2920234834023314,0.3768381107754796
244,4,0.06771934484835587,-0.06561430849332923,0.2383528050692579
244,5,-0.3492599615625555,-0.04813464706050004,0.4601813760914639
244,6,-0.09860915879917692,0.4460313411347095,0.14575390891183176
244,7,-0.4037441823484972,0.3348270463579672,0.29902978569034516
245,1,0.15313742878372497,0.10830577750024124,-0.13417477153489318
245,2,0.11893958144299216,0.014306307676784874,-0.10125473381059333
245,3,0.037275007346113706,-0.21027982043798896,0.04983285906743254
245,4,0.16919929585565768,0.02106195381184152,-0.2076252659723556
245,5,-0.1630820773976737,-0.2058822942810787,-0.006880554940665441
245,6,0.09687886503684434,-0.1525183250410917,-0.033304348577397315
245,7,-0.10533648111739921,-0.05095611155734641,0.15304568732271945
246,1,0.32820523304417126,0.2940778727966116,-0.21161358577339828
246,2,-0.06868348835584542,0.07498184562857736,-0.11799029297221117
246,3,-0.055483254041554575,-0.314507426573408,0.08399174115314063
246,4,0.14074092282862027,-0.05105641799604612,-0.20995443432487668
246,5,0.002710287123525285,-0.22719814854821407,-0.016271316693676815
246,6,-0.05129158524751855,-0.22282130882434067,-0.03912638491470792
246,7,-0.1042922085108218,-0.17473274416324477,0.1330177397446245
247,1,0.3037709649115708,0.32034788972367545,-0.2153486927353748
247,2,-0.01898688390064751,0.10630251953503164,-0.15342011995454186
247,3,-0.1011389891733684,-0.3234482310258754,0.09674559797057401
247,4,0.14321060895202867,-0.27797041325156824,-0.08733138328206544
247,5,0.0035629731489160675,-0.5600408875549973,0.17342643378335207
247,6,-0.10313400906380309,-0.49366703664054584,0.1308310728281254
247,7,-0.12468828344590385,-0.18642369651442053,0.20627465506940132
248,1,0.42187626801538036,0.32905850121168495,-0.2568900775499027
248,2,-0.047386987994180584,0.1494655682924529,-0.1715920904352567
248,3,-0.09627835029593562,-0.2290217213890094,0.09344323380896379
248,4,0.1221085713332694,-0.21716864791508106,-0.08249628756541698
248,5,0.11845265804081517,-0.500138831818192,0.1297361123862636
248,6,-0.1707927930460925,-0.47502786684630194,0.13750460182045648
248,7,-0.26362640954282923,-0.21029831104769445,0.18739183778329574
249,1,0.35942649723394604,0.2568041245320679,-0.2580028265478018
249,2,-0.09813406661399435,0.11342935572655755,-0.1636849634893473
249,3,-0.07950899209661141,-0.30842486731884383,0.05318752531530691
249,4,-0.07955361633148568,-0.21666510503897105,0.10682619318002132
249,5,-0.019303349570149488,-0.21790864672098695,0.1489106656423765
249,6,-0.13947961743240958,-0.11762299708019798,0.15314930806301869
249,7,-0.1749092515216736,-0.13331005556286885,0.1311573577595901
250,1,0.1238409108555662,-0.02377160264944046,-0.036853892538020544
250,2,-0.3728409373308823,0.259435358584973,-0.2351346499861062
250,3,-0.0006612113189330774,-0.18084024840748217,0.0692390633947484
250,4,0.049788090202217195,-0.11119324108059964,0.12310756038518808
250,5,-0.03680178403801311,-0.19682759801895178,0.009587343828604562
250,6,-0.02064425551155754,-0.134162516567812,0.13028949157241043
250,7,-0.016216717217626162,-0.1436933850793649,0.13173029902573816
251,1,0.04743909218629482,-0.2316814068129636,-0.02878192489393953
251,2,-0.24167118874249827,0.367986672160709,-0.502952047995626
251,3,0.3964073627809585,-0.004379657104184454,0.041570170775063475
251,4,0.07361704483541703,-0.16295814975821293,0.03636186171302574
251,5,-0.24852065931460468,-0.022998205755736308,-0.12688664925624507
251,6,0.10841070718825349,-0.1401017532240701,0.17119977355880792
251,7,0.23709797942554203,-0.05924394556549536,0.1239274120858345
252,1,0.07367929104449529,-0.27978014503571075,-0.01901083153747403
252,2,-0.22604026233136734,0.305521574113814,-0.5099952926858092
252,3,0.31684174852742975,-0.06685993966247313,0.011397065588563838
252,4,-0.056541883661766,-0.19345653425335319,0.02357694324234514
252,5,-0.21776542252801437,-0.2603777722145842,-0.22486561542590539
252,6,-0.08911326194472181,-0.23280020784775754,0.09471738615118225
252,7,-0.16858835414111958,-0.027952780603336235,0.14793786735038641
253,1,0.06965496152432764,-0.2549446758176152,0.03163519713388002
253,2,-0.2261752520926486,0.27438763766254065,-0.44412260464788184
253,3,0.29512087310074653,-0.08200056881344096,0.07314397204324899
253,4,-0.05247789806666236,-0.1060718211775839,0.03995249082227227
253,5,-0.1877708113255887,-0.22987062400532612,-0.2670868879495082
253,6,-0.18844077977588916,-0.06948101872607729,-0.09530048514844877
253,7,-0.29923986583531365,0.05356516840463008,-0.06044611571892258
254,1,0.10066628287448136,-0.23730076450121668,-0.03666880066658036
254,2,-0.30310243383218666,0.27671934884497945,-0.21049348109207175
254,3,0.10123129776779284,-0.0007668600362322184,0.06465469379437215
254,4,-0.1444004019070732,-0.13841127837760633,-0.10252322112850341
254,5,-0.09176804577689333,-0.1595923581798288,-0.14695399014428037
254,6,0.017483967168535248,-0.07093873900931512,-0.16547565325826719
254,7,-0.09537595871971628,-0.02730461860263811,-0.1457415482044318
255,1,0.26074280542294065,-0.16950865079302474,-0.02402059313007626
255,2,-0.261798313733727,-0.08049950627316763,0.47113148853819853
255,3,0.09549867987141121,0.1252877277567237,-0.07151744844890912
255,4,-0.16685413499853624,-0.09608474750522238,-0.2471671394715112
255,5,-0.28581190963074643,0.0205386963961395,-0.08576695233807327
255,6,0.26495339378207045,-0.0037278035998292353,-0.34016893924612973
255,7,0.33488723599511266,-0.09186312440834023,-0.3319402790660245
256,1,0.1622025038203503,-0.062498356380992263,-0.0007687273541515235
256,2,-0.28680561977014785,-0.0003660504624672213,0.5674444685611783
256,3,0.2776695466094868,0.04562511628864962,0.01841923031806313
256,4,0.17020135304260947,-0.04363895377564937,-0.21532141009461825
256,5,-0.3371595745085205,0.16715062703413763,0.010814012924632929
256,6,0.26372740745064366,0.21019104974392588,-0.13554129314248406
256,7,0.4519490477861249,-0.112447448591562,-0.19584472063630687
257,1,0.10814303681105246,-0.09814261913263689,-0.04630675232185796
257,2,-0.24815837250119682,-0.008261295459908979,0.5054328577868505
257,3,0.24799341649742873,0.010029814927554021,0.025990848196955425
257,4,0.009842956641975747,-0.1632468916762944,-0.23272301431312148
257,5,-0.3083759732302966,-0.012691612159549302,0.19671032154473164
257,6,0.1592766827506802,0.12790217798972603,-0.07431772880082681
257,7,-0.05112245311489514,0.21738740571552653,0.12263907673239935
258,1,0.00764480563613791,0.07252884136802294,-0.237014556396435
258,2,-0.1813682667726108,-0.10826946816681006,0.09127500446818652
258,3,0.18389689295984016,0.029879899023616617,0.13059903424319408
258,4,0.23598236386688348,0.06675699046477553,0.15092518649551304
258,5,-0.3420284738235742,0.1231610659837641,-0.1543930140226119
258,6,0.18372134875600232,0.098283010981592,0.28836968048402445
258,7,-0.1614365903751114,0.2589506972780753,-0.3115234875268987
259,1,0.05605645361481725,0.12637029109803913,-0.2407385853373485
259,2,-0.10195191743089776,-0.2619572396291875,-0.04822764034765411
259,3,0.010750951847448818,0.15758494508147128,0.17071292634465077
259,4,-0.12902101651290462,0.5228262061632984,0.4141609734782794
259,5,-0.1385007094368636,0.10627852690355889,-0.23513581706924808
259,6,0.22669575530338093,-0.0055222885735770055,0.23378070184295394
259,7,-0.30628466193932274,0.22228909323261628,-0.21418239399496602
260,1,0.025339000588556714,0.1330619680051763,-0.2640402644983715
260,2,-0.07242300845922776,-0.20607579417705096,-0.05586861724481526
260,3,-0.07012336107100522,0.09076002094091787,0.2553949219922811
260,4,-0.2044554717765301,0.5570043804599686,0.4716109115338111
260,5,-0.07407792069057748,-0.033136668814096555,-0.3270586828035347
260,6,-0.0002668305720801214,-0.0175671743818695,0.22578766834895503
260,7,-0.258797726267601,0.10558133705361761,-0.30835107222484076
261,1,-0.06523512754765841,0.19035958925045465,-0.1406416926509389
261,2,-0.1441770070744167,-0.22232281627669137,-0.050232986525375424
261,3,-0.12127569285631581,0.05286803515142609,0.16748328942231844
261,4,-0.08866828336496026,0.4031419242318516,0.41903531960715085
261,5,-0.25054773795837504,0.15547733999941662,-0.4598396487906839
261,6,-0.13236548344592358,0.1406245327075473,-0.19637845252564112
261,7,-0.054683328072961467,-0.06947540298851682,-0.06581242898045961
262,1,-0.030388291081937798,0.1782845813661236,-0.11460348369218665
262,2,-0.13573141022243557,-0.260944951094518,-0.04390232613390806
262,3,-0.13357785959904736,0.0007667891521511018,0.017727528450107086
262,4,-0.3307262960310451,0.3659001134825116,0.24739172592812617
262,5,-0.1443406436319024,0.12733303762802134,-0.2675861020068321
262,6,-0.05493710721274355,0.13617972668435346,-0.1788484529901462
262,7,0.14778008801577475,-0.06459856392242722,-0.10265838283479174
263,1,-0.0894080683705136,0.10337585920448178,0.14180345905680902
263,2,0.035193809829488776,-0.20372135176803152,0.08274503279798325
263,3,-0.11152289921128875,-0.08868501072315838,-0.04016745247578405
263,4,-0.1672118488037994,-0.015682394445434133,-0.07247684035644768
263,5,-0.25441786931458726,0.5362951675183979,-0.23577630883658857
263,6,-0.04357775205872061,0.4576946937782696,-0.5985794407645433
263,7,0.4704373195757941,0.18538316879391115,-0.08999686162815282
264,1,-0.2329944890517777,0.01622909693761286,0.26829113298525004
264,2,0.08485511189679074,-0.0917761498774314,0.09837455403439517
264,3,-0.046327854914838776,-0.23600477393258082,-0.285022654236548
264,4,-0.17471743384763447,0.018270148402640497,-0.07633526154067076
264,5,-0.20384400143411388,0.5203995883756769,-0.29786539652998106
264,6,0.16393300351630882,0.36292300374430575,-0.3200925920424413
264,7,0.37441950350888037,0.12586813687609866,0.24842417002832687
265,1,-0.30858746500951806,0.12852638958215462,0.2956663902709623
265,2,-0.07042329198856563,-0.15446692475314489,0.059554298424246525
265,3,0.02621924159625481,-0.29787740758476666,-0.3592522029557735
265,4,-0.30540531133355053,0.23587542349238722,-0.15665058283559283
265,5,0.21658020704749256,0.10672539368920161,0.12540030787351789
265,6,-0.19805747629386417,0.1410550667092785,-0.1444823315856573
265,7,0.2770045896093067,0.0223680277556169,0.17352835784400603
266,1,-0.06679899955131288,-0.33746220715931374,-0.2779203878313865
266,2,0.3004291679405147,0.044415181708750015,0.23258861847941667
266,3,-0.0372590610987842,-0.15809853242097838,-0.3659108854031316
266,4,-0.2990445316336162,0.3879856596320156,-0.1705699054045802
266,5,-0.02100618802843124,-0.3871438438688263,-0.07259169003631379
266,6,-0.2853976298892507,0.6371856423972169,-0.1510147239624417
266,7,0.08235981002365718,-0.5023999666030097,-0.0597096275460948
267,1,-0.14552120806466856,-0.5285394320058848,-0.6724371634627196
267,2,0.3383572024919489,0.35478261678300016,0.006546399717281885
267,3,0.011058441147852779,-0.14242621243508427,-0.38205658991820396
267,4,0.09829538965058544,0.061576465060226265,-0.14675463267847277
267,5,0.22882273740188322,-0.0887775655646107,-0.08512619823231649
267,6,0.03924608973517417,0.03584392410649032,-0.06610615405198866
267,7,-0.10785114799693407,-0.14318447684730481,-0.6231486804099412
268,1,0.13648030890789697,-0.35574676828632384,-0.5042195712632039
268,2,0.0917085841694484,0.010255289026793435,-0.46886959833575087
268,3,0.16548470093580284,-0.15852232288172496,-0.3662226989845367
268,4,-0.2916685250655888,0.3565805479050914,-0.2218096566431275
268,5,0.23974321479767072,0.012855031384541818,-0.13271543734368738
268,6,0.23521095580007628,-0.09034387671607098,-0.3048106869869643
268,7,-0.30740397023477684,0.12235915513162886,-0.7387276920732658
269,1,0.06115100340994699,-0.2674579613359034,-0.2786770166155213
269,2,0.1341717922945611,-0.05776266623481289,-0.30740229727393464
269,3,0.09338104004065677,-0.03462238550365914,-0.023778952491361867
269,4,-0.29520970302221633,0.44823357627660826,-0.17936869406384143
269,5,0.5222798970817955,0.38161568879285873,-0.07584790619124707
269,6,-0.2290579005872035,-0.3887960211684202,-0.6191874669261193
269,7,-0.3559155360024356,0.29629333083799925,-0.8139228914259626
270,1,0.2162651045483985,-0.09073326764739395,-0.4348286624491478
270,2,0.14409199045850712,-0.26075137005462745,-0.19673323950955812
270,3,0.04739557644543318,-0.03380853511646761,-0.07412600007156019
270,4,-0.1246478036902758,0.03312176559314918,-0.1383405293295758
270,5,0.3581605308412012,0.26717193943217843,0.04127692368909194
270,6,0.23857515159397766,0.09652137556078627,-0.766912232465775
270,7,0.042443717102700396,-0.08419416201923677,-0.5605599401881637
271,1,0.0553702333267814,-0.2019176956158966,-0.04636733442590568
271,2,0.22146682827020606,-0.19763901563106787,0.07250690836104798
271,3,-0.12694543942423742,-0.07420265358924139,0.12822283666697354
271,4,-0.30437401440493,0.20765849304381642,0.040146234038828374
271,5,0.03951455634558033,0.21979991322914685,0.018148591484166202
271,6,0.35604927209985077,0.16387220098780875,-0.5838756470349338
271,7,0.05044893115662948,-0.12427543619795643,-0.1702439028220626
272,1,-0.002007406314885763,-0.13676929111802213,0.07536570080816306
272,2,0.07224190722232236,-0.12544936075539936,0.3236625094556898
272,3,0.1570873851928346,0.021578185856581774,0.002760073539099863
272,4,-0.01715996627986553,-0.31840521583568926,0.2799115176858999
272,5,0.47082539337811846,0.6834340246397197,-0.280472341464145
272,6,0.5160034686401116,0.2921413331597861,-0.3850399557976627
272,7,-0.1815100834155249,-0.3766537988070823,0.14133940921904228
273,1,-0.09906036040854642,-0.24217539755433162,0.13016380904653108
273,2,-0.05480823915903537,-0.13893818617977421,0.3182172801377409
273,3,0.3084107273539079,0.12116562879882069,0.012788185027219413
273,4,-0.02391604868666311,-0.6051454539154476,0.4227806272679236
273,5,0.26994693741267145,0.5729177635721302,-0.20957253008034954
273,6,0.5548427670974846,0.19917143178108,-0.37536664136118475
273,7,-0.47801600334215927,-0.3619103123438349,0.37956950134364553
274,1,-0.06694435258186156,-0.22018669127398688,0.07332553070265346
274,2,-0.13270705288551646,-0.2252578111183139,0.3047485972976608
274,3,0.4107599876094115,0.09093736623058422,-0.05562753105644533
274,4,-0.1856413257746908,-0.3606550239718878,0.338358687906864
274,5,0.3808130278734699,0.29480449150023497,-0.22787881993449136
274,6,0.49850989111859134,0.010890383727387796,0.048429353171884695
274,7,-0.6095482511939654,-0.10610994628566148,0.30916589036575937
275,1,-0.139132602965912,-0.25724265733718615,0.11470863998732311
275,2,-0.14954907604350198,-0.08965205190744073,0.19293476308540305
275,3,0.3354063123360416,0.13839292090062016,-0.09570062264737134
275,4,-0.07874295656861036,-0.2532570661153351,0.32491474741704135
275,5,0.3168297983634861,0.28271199239904843,-0.2342010253315235
275,6,0.2997854188686735,-0.17361166298452888,0.3502673727325504
275,7,-0.37995642330321056,0.17958124705444725,0.16204448130129306
276,1,-0.029545254491342553,-0.00982698019377948,0.049310365466759896
276,2,-0.4256070722247801,-0.16487712881541164,0.26151182076624363
276,3,0.2502945211013397,0.24685679994785364,0.05468703183274095
276,4,-0.22788736715060354,0.21525784039652301,0.013012266889839265
276,5,-0.010731020630702939,-0.2593836418203903,0.15443775189691653
276,6,0.40791688655834224,-0.09905293947873524,0.20146327647460444
276,7,-0.18730950185739667,0.4007859161438706,0.06793982779292165
277,1,-0.38481759054001075,0.2900518985560535,0.2639946590363924
277,2,-0.044248341749114996,-0.4118008710239747,0.06957752099824191
277,3,0.021171357114781422,-0.14518886318069885,-0.015520510812544736
277,4,-0.13938207454603846,0.3267698330363544,-0.3100231131927956
277,5,0.1384719694628306,0.050308002447849484,-0.34157291263503703
277,6,0.13866496759299957,-0.5007212009094525,-0.07917361199640831
277,7,0.028753836888211343,0.006167623416206644,0.10432489416564451
278,1,-0.19686674184553798,0.26535395786249105,0.1769449786345769
278,2,-0.2866973114050125,-0.44184702085037747,0.18278273698889524
278,3,0.12158465721494356,0.002207783065599016,-0.04168201266074106
278,4,0.17779554741302817,0.40195337166602463,-0.13821147954076957
278,5,0.033597180082963606,0.026273022418638006,-0.37543822005464034
278,6,-0.00952733680818553,-0.4674186440421856,-0.030613861729471024
278,7,-0.02050611613129697,-0.01574978905600551,0.34011147417328813
279,1,-0.19809609404870349,0.20518448245591492,0.16974686871082637
279,2,-0.32643461461812523,-0.4330029055229921,0.2655451627250819
279,3,0.17431532728556087,-0.11584750164904885,0.03679258437362809
279,4,0.2533310824292797,0.31967402558411223,-0.19003453216562602
279,5,-0.2651276907964572,-0.09127379698482058,-0.3944028454724991
279,6,-0.015578432229198313,-0.9188223686387231,0.04963049952433004
279,7,0.26514802441873736,-0.2773270416122341,0.330705418511561
280,1,-0.3616740000687951,0.2677899378606519,0.47784000426747186
280,2,-0.07945493706213066,-0.30806736014156644,-0.06081268496891267
280,3,0.24581989163636275,-0.3055737554752874,0.10976976027653716
280,4,-0.04348354240471924,0.109848046545713,0.0915948907188027
280,5,-0.08590229972059137,0.0567929041054464,-0.418649279794065
280,6,0.24733126484504228,-0.1582287992333884,-0.13592802923700592
280,7,0.2654978391017525,-0.14149010073536064,0.33544543132654614
281,1,-0.018230084397258303,0.20564005277658512,-0.08072492851876464
281,2,0.09258730087225757,-0.19953975092425372,-0.10611788007693627
281,3,0.2904942644289506,-0.06849489114718667,-0.10036138276680048
281,4,0.2946308444996434,0.5687099395013223,-0.4709459621218713
281,5,-0.29475757506571204,0.261928847662152,0.22755386658367927
281,6,0.2660819413080233,-0.10248924706794228,-0.23442876245019348
281,7,0.0875265090937856,-0.2613607133599049,0.11052526692088012
282,1,-0.08309293255897106,0.20498246478092355,-0.035467419650777786
282,2,0.3136682365731394,0.15827579226311242,-0.2896230957619871
282,3,0.308621936449395,-0.14047465880023363,-0.09702735030747513
282,4,0.28492361456288706,0.47514497352692925,-0.4703476823260431
282,5,-0.26157109106387616,0.2861181886030651,0.19979391430987237
282,6,0.5521611962647974,0.24544808091915699,-0.40007648526128825
282,7,-0.1572184152942061,-0.2237644116440724,0.25263480452358306
283,1,-0.06712794962388718,0.22087784115355374,-0.02442209016515842
283,2,0.3525164810172578,0.10923976299660054,-0.263013078018362
283,3,0.2655619338764863,-0.1415782147438944,-0.10426012588624291
283,4,0.11436028166752733,0.4489563579157373,-0.4347124695390377
283,5,-0.28660166671704784,0.3134293717796349,0.28601139575809326
283,6,0.15972493892612677,0.40542172726479103,-0.3281069419333921
283,7,-0.30858416571061686,-0.14174420249168684,0.16764368322163825
284,1,-0.1466051648660754,0.22304691154610662,0.021349574391408752
284,2,0.38746620252324915,0.19862858167557423,-0.287575635937483
284,3,0.11229240569908769,-0.026661542266430933,-0.0795595319963165
284,4,0.1621103675631189,0.37648972102704664,-0.41621341746509377
284,5,-0.22606147272992955,0.3252556700266552,0.31538555007037244
284,6,0.04572978351623971,0.3647985869321597,-0.27129607181944754
284,7,0.20273904295377307,0.43210454248159086,-0.04420007967284327
285,1,-0.21609585823972136,0.2782261155339092,-0.11855690540443904
285,2,0.4860105525101859,0.28174940769330625,-0.30484187481087155
285,3,-0.10241478750078795,-0.08118785273345296,-0.07005570187197446
285,4,0.022098128601132184,0.00456923785834585,0.06782782535115911
285,5,0.026128392362324792,0.10556906936831165,0.06357991049892028
285,6,-0.38455128106027564,0.11429522219055925,0.01607871341066174
285,7,0.38716719105562775,0.4044210490176232,-0.23040270619343226
286,1,-0.44149672035354337,0.15896619465063166,0.11760373329779283
286,2,0.4079462263361817,0.3124856365915525,-0.21242183587791816
286,3,-0.1381531909012848,-0.04877619615820528,0.06438594122865146
286,4,-0.17349423198554167,0.12045133914406725,0.10466761369308576
286,5,0.15542792761340757,0.19014674712554183,0.022732673671205794
286,6,-0.46536630483670455,0.09040770048233515,0.027025212824358946
286,7,0.6592922929935604,0.42601784967924183,-0.25621907770285324
287,1,-0.6259302218435115,0.48616102410710665,0.2351342675321402
287,2,0.39259975238869854,0.10046426316790846,-0.24764737991656016
287,3,-0.24425211548680162,0.16231298647086223,0.04765550685839418
287,4,-0.07746991079084706,0.4516713857097035,0.3775286477362324
287,5,0.19210504701578615,0.06403795101441084,0.2164785538532352
287,6,-0.2880536237715674,-0.5713595264303045,0.056011633889287656
287,7,0.3697628966783554,-0.414300253565413,-0.13990957413672703
288,1,-0.49720601717316887,0.2581855882590986,0.20628966099947504
288,2,0.38019625124730827,0.04741445520858465,-0.08734717962809109
288,3,-0.2787919205076105,0.2312462704387152,-0.07310033226962
288,4,-0.034290690353217135,0.27973961847527745,0.06026604397711698
288,5,0.05717547261572734,-0.12180957258106737,0.00042801667998123666
288,6,-0.12810563867227376,-0.2649765044059381,0.1632102258018967
288,7,0.11404922443468044,0.1420913426081262,-0.4437522374395384
289,1,-0.3602524327807447,-0.060159125448668374,0.008373315239217185
289,2,-0.12149261929955119,0.23661865751434344,0.28420158127916295
289,3,0.08308368493353528,-0.03600972030185427,-0.09774908448707692
289,4,-0.32478523538952364,0.038239205601789505,0.07331424197586466
289,5,0.26104559695388224,-0.06921170521216913,-0.1702584089477064
289,6,0.03097841367945961,-0.22390770569249902,0.14438996446118216
289,7,-0.15940038404321702,-0.13744674491248238,-0.35850504427488006
290,1,-0.18254293064188346,-0.2812698011339146,0.11173572393220366
290,2,-0.16752304085257516,0.27953763401763093,0.5249819782695476
290,3,-0.12209871766878644,-0.18278406893638408,-0.0980238775412436
290,4,-0.25332472923130056,-0.17560921470416735,0.039670333106507964
290,5,0.0333908098180544,-0.24755508395191772,-0.32752059189599875
290,6,0.11206637580689884,-0.32946743948856533,-0.06550647226251508
290,7,-0.2183518283179857,0.149183201259409,-0.6115593099387001
291,1,-0.0682363667500322,-0.4145564907148868,-0.010914877756804763
291,2,-0.2789022733796578,0.37390187207293846,0.4634399489055558
291,3,-0.25803023437990685,-0.10222465497767032,-0.15967969032572352
291,4,-0.19590268162004226,-0.22762875102992397,0.13647003657798965
291,5,-0.07779676141744156,-0.002394688204826334,-0.5103047703710988
291,6,0.13425773302097938,-0.5300749045516026,0.051976788239931855
291,7,0.7171714245850549,0.3958026824773038,0.11623599253385143
292,1,-0.0043717995747237825,-0.500336268160385,0.06447310680779644
292,2,-0.15222653821857862,0.40336551296334516,0.46461854492966503
292,3,-0.12713325589903432,-0.24329912007103735,-0.21193036027634657
292,4,-0.23815048013341503,-0.022016417505005517,0.25659102024256586
292,5,-0.16207692544647495,0.14940890633486292,-0.5041104986005552
292,6,-0.08446957285634131,-0.5399438485166738,0.011329495265086642
292,7,0.7262120523209957,0.5638799724102802,0.11136049888195573
293,1,0.31894923471075565,0.09029606138467719,-0.30307534443382106
293,2,0.10849215887674732,0.12548441685544617,-0.08465811669382198
293,3,0.1861413047817777,-0.0061062959604203625,-0.20317057423180082
293,4,0.026798401295018568,-0.09700340793377359,-0.01840907137535198
293,5,0.0814600632502625,0.07497470831479497,-0.25029621120771833
293,6,-0.04204080665163844,-0.18149123656843602,-0.010950285703860098
293,7,-0.05770028860209025,0.2937961599086634,0.38428472241224393
294,1,0.2869484577553965,0.09869660865373751,-0.2351918827886142
294,2,0.13992525354029298,0.012846958542164824,-0.13577996605826156
294,3,0.5424709759563964,0.46845741237850924,-0.47800730195804253
294,4,0.23611051492568563,-0.04761590593797602,-0.10942083705250868
294,5,0.20414418659873365,0.008164587523432272,-0.23399939935554354
294,6,0.05153676441794551,-0.012967703596692966,-0.07957906914992055
294,7,-0.25749514938550344,0.07307779427064907,0.34618611160592605
295,1,0.13859873765158637,0.09967800193883511,-0.27921165966916006
295,2,0.2567617819794484,0.08358770872956042,-0.1794045007301064
295,3,0.2785994931179675,0.5384657569685726,-0.4883866645604772
295,4,0.23497305487323858,-0.10411422407027772,-0.08079026223145086
295,5,0.42615214014237285,0.27751407694892316,-0.37550819436430727
295,6,-0.15841580153317497,0.45905608855923113,-0.3353655493178766
295,7,-0.32785664936761516,0.03906746197937578,0.24154037744784929
296,1,0.09763388120702869,0.14294966053026978,-0.2778664618355054
296,2,0.2902470847799738,0.013457146342378472,-0.1867190843181363
296,3,0.19866079348825474,0.5435822921019992,-0.4557935204674901
296,4,0.4080062612685664,-0.02324205937553754,-0.05794075140235756
296,5,0.3142889998107722,0.32128474568917054,-0.3677302648150651
296,6,-0.008634763667052915,0.5194743007666355,-0.3218089014098211
296,7,-0.27664019898393166,0.024922977022372308,-0.10549083896859535
297,1,0.08136182987866292,0.14353560718494615,-0.29800011992029546
297,2,0.2382373575698299,-0.021178021845400862,-0.1731494527561902
297,3,0.03157730445612259,0.5145709867477634,-0.3030479739099187
297,4,0.36559871582036535,0.07427188994303185,-0.02241580031745375
297,5,0.2179220465392977,0.2443657180671862,-0.2278404458268122
297,6,-0.09846526799049289,0.42547707258024886,-0.2609305064342549
297,7,-0.35312094288989804,0.09480806547301107,-0.10694844495312457
298,1,-0.3686787838563787,-0.031537629789188754,-0.14480386242131846
298,2,0.44928581978945964,-0.03323975555698374,-0.33749720826341856
298,3,-0.631961803951778,0.3751722215599468,-0.20585660245833898
298,4,0.45339616580673264,0.11602790625454279,0.1474216864946642
298,5,-0.3298473159701511,-0.051362421970515534,-0.17560986672669893
298,6,0.2695297454717724,-0.10418563763128119,-0.04353455011375187
298,7,-0.5376338102203253,0.2800226208316429,-0.10616888993998638
299,1,-0.388665621462587,0.08779015241601283,-0.5076347133366343
299,2,0.14638812903617762,-0.4752699500954926,0.06373754288228876
299,3,-0.2747102112003971,0.04460226627781598,0.13750430397895452
299,4,0.5371670526842626,0.4461725411722665,0.16040288386148188
299,5,-0.28837406517635833,0.1613577233010037,-0.3094699934296509
299,6,0.04014854808179129,-0.3613612694601795,-0.006531057146484933
299,7,-0.28836395595224823,-0.12758706335421488,-0.019583687697400633
300,1,-0.09494759853101774,-0.14213067550808958,-0.23529296167737904
300,2,0.19368044873334864,-0.36904632954601135,0.2520735175861295
300,3,-0.3254929618215298,0.21042653527759203,0.0015003945183701185
300,4,0.0440005138605311,-0.008610321002917082,0.13942869812523756
300,5,-0.07824175092705883,0.14969325109986711,0.06079859998328883
300,6,-0.20638353287556535,0.030369675334904568,-0.0466671453441352
300,7,-0.2327022484709295,-0.25856650276731635,-0.00816733279803883
301,1,0.2086482051404782,-0.3838970354882583,-0.0902226311401621
301,2,0.2070310496987873,-0.2445274953599867,-0.05921652052982479
301,3,0.03891692744385656,0.632716241275171,0.13924327397322778
301,4,-0.08415902297794382,-0.3814382653482199,-0.06101609482460506
301,5,-0.22812669920672926,0.011884364723154073,0.03058984690107236
301,6,-0.5840583037720035,0.26890686087805415,-0.2882238938198414
301,7,-0.32043697304205854,-0.4278390723479638,-0.026319293480905656
302,1,0.35723312417996156,-0.22685274390272295,0.005175228871393218
302,2,0.18170610631451364,-0.5329542053743235,-0.048718587843216185
302,3,0.027705971219831343,0.6555765840972304,0.24086784969801486
302,4,-0.30112227953106935,-0.08451554303583496,0.30263628451302665
302,5,-0.139951360658497,-0.3451078395432322,0.09497135985356012
302,6,-0.6446748955672272,0.49258358832721166,-0.09044860112521386
302,7,-0.5460634241120876,0.010188581335077034,0.45702509052234214
303,1,0.28183338467579705,-0.12523258795145442,-0.2852898511888692
303,2,-0.04439910027277743,-0.3472159776901068,-0.2350878047572143
303,3,-0.3009784395301047,0.551836783429491,0.11327802878440607
303,4,-0.3875235999343103,-0.24667728992455815,0.22397356292825799
303,5,-0.4096454257476694,-0.3466859473008309,-0.05873767874668508
303,6,-0.21652397766716464,0.6344741831415527,0.05715943696077905
303,7,-0.12789666027022265,-0.08260558450809825,0.20818371454141557
304,1,0.2606086921012604,-0.05520505674037979,-0.49767779360633396
304,2,-0.020305279322244234,-0.3834645735634078,-0.5333164971076297
304,3,-0.15217496650232276,0.3433057655958166,0.12399546773535707
304,4,-0.5801629500609068,-0.2613240165646503,0.21999630558724764
304,5,-0.36963528415048896,-0.4158337701778523,0.16280223955151515
304,6,0.06444203893377554,0.4859793901754278,0.44517377838765687
304,7,0.029259395468944245,0.2085575633246822,0.21361851654688124
305,1,0.25816869573870715,0.14583690949132594,-0.3196882720638668
305,2,-0.08062526122064698,-0.39287524905918064,-0.25698045937899655
305,3,-0.15181927788825003,-0.061699685235288244,0.08494783063851172
305,4,-0.28857149506748203,-0.07763580259327638,0.3069237322155407
305,5,0.07106410045399957,0.14755636705433586,0.5799437415700954
305,6,0.12271870898269747,0.3472372124996397,-0.04609572208938079
305,7,-0.28231330598217785,0.23187979545494938,-0.6189257085029473
306,1,0.273677358598279,0.31114545110708725,-0.266987900888056
306,2,-0.06512492242728635,-0.2569919815284587,-0.21399786644667404
306,3,-0.11218531142985116,-0.4040847683152536,-0.057493077364454206
306,4,-0.25195928405778417,-0.3587798794372283,0.11594974558085656
306,5,0.26847917437943275,0.03798317533506791,0.45154934649406725
306,6,-0.06979235926361677,0.3777689870565919,-0.171517980101424
306,7,-0.5748621918876662,0.4195141984301817,-0.7295345828239492
307,1,0.13115594993778698,0.04636556588889613,-0.0821409518316253
307,2,-0.11004947015489518,-0.14948504216226224,-0.19461992538466838
307,3,0.09188132567804898,-0.20467001110392624,-0.045674756489420945
307,4,-0.16825181875888615,-0.2598588166056877,0.09822648369392069
307,5,0.34392916670509166,0.04055741817447019,0.22699212055655563
307,6,-0.19108235764904624,0.31158470848803466,-0.14789203045211333
307,7,-1.031804864995399,0.7005028488324858,-0.35837479923652255
308,1,0.20939540844556132,-0.057974385283074,-0.02184619063115656
308,2,-0.2669679101539743,-0.06302069117222125,-0.46865974241028185
308,3,-0.007928453664973578,-0.10526599903386824,-0.06272643087787315
308,4,-0.04685250958743676,-0.370337840281845,0.048024781774528125
308,5,-0.08488256471677999,-0.13397648917389024,-0.3386437322041858
308,6,-0.27593097520577975,-0.07019341233856999,0.001367749723789137
308,7,-0.5286019334611821,0.13633238780999676,0.1453773395781226
309,1,0.21984452574584046,-0.006126514163183678,0.03707851787766223
309,2,-0.3555402715286684,-0.015806141290842658,-0.5546006527311717
309,3,-0.15191989285888863,-0.10587127574363632,-0.24300354683621286
309,4,-0.23381462947639434,-0.3591495904730567,-0.1572809019720739
309,5,-0.10518254502442945,-0.3552547658248708,-0.33891961336493337
309,6,-0.16670710779196116,-0.051229632285800554,0.13163301972893046
309,7,-0.4812134775957843,0.03128272572340349,0.32420695989569154
310,1,0.2648208955235007,-0.03586645672382191,0.20957060043077289
310,2,-0.38231258858953115,0.22716992040173226,-0.5921197980187789
310,3,-0.1237874556753615,0.10274918140081453,-0.18412708520878945
310,4,-0.12452196912126094,-0.36939476008013666,-0.07131505860539408
310,5,-0.195900740785433,-0.24441360673517515,-0.35653030266649144
310,6,-0.1812029413348733,-0.17176402345883982,-0.12036546698510744
310,7,-0.22838411422661972,-0.5332192481819342,-0.15894589488554936
311,1,0.14203333391053632,-0.09277951093671168,0.14734729591559176
311,2,-0.3552269468647964,0.16870882452184582,-0.6621284093922783
311,3,-0.285077622376738,0.05288751342902274,-0.08238674232076172
311,4,-0.1314769948024643,-0.2857139579777072,-0.08338886742363236
311,5,-0.11803643090339969,-0.1966142797960519,-0.0645048421073217
311,6,-0.04412210640079559,0.03629590955790098,-0.05823027279218779
311,7,-0.13122236262654147,-0.3003160541149917,-0.04881060961279698
312,1,0.033990972942805786,0.1003648374750365,0.003997560331434555
312,2,0.012571988919500706,-0.17851498682941816,-0.17124556152439702
312,3,0.04328144313755159,0.05132158003106623,-0.12912305254432377
312,4,-0.2927633624155893,-5.607222890704985e-05,-0.139016529630549
312,5,0.004353657110923229,-0.13801979438024456,-0.17763800151656214
312,6,-0.23150387095484012,-0.08648207709212123,-0.20117056782386383
312,7,-0.16206795350931189,-0.357849165010656,-0.24299519958341395
313,1,-0.46426216953659855,0.3347627729349615,-0.10544755043586156
313,2,0.33252911966264465,0.39137084272801004,0.1637066923690895
313,3,0.24587403299516963,0.21779400907918706,-0.0006826663223681831
313,4,-0.2646558955334886,0.266719338781344,0.22403196430653377
313,5,0.2660136483667962,0.3186647568854577,0.11863220812764115
313,6,-0.23954273108140411,0.06154129094755574,-0.029785372755549204
313,7,0.15935706706205663,-0.0018764576992391568,0.24079677911427919
314,1,-0.4668687670515589,0.3849236953088499,-0.15497157793207472
314,2,0.2577743406922646,0.38626074889513695,-0.016319871705555215
314,3,0.1457542116245422,0.21380390035801172,-0.2229182678732856
314,4,-0.44975071138569284,0.08953328730572803,-0.19894004320912173
314,5,0.3337847264593209,0.11778015803696408,0.03344115044252227
314,6,-0.3536818875156826,-0.1897792122860267,-0.34546091728017003
314,7,0.21234193980635255,0.02368417655935547,0.03333640085033525
315,1,-0.07333449979404162,-0.09703267195765479,-0.07540640558449267
315,2,0.2704136437559949,0.10533750251223542,-0.19851128887612388
315,3,0.1617028270003249,-0.07050692882117245,-0.1352485012911024
315,4,-0.04923584770468674,-0.10036949861253014,-0.139913383623864
315,5,0.14492080544695848,-0.15047146781620568,-0.09416959244182109
315,6,-0.1081235761440297,-0.3427159832391218,-0.07576246979277304
315,7,-0.22435047769791167,0.08497300669081337,0.20849569432867007
316,1,-0.10096568296140218,-0.1405620750840805,-0.02142771712406358
316,2,0.14550372214780374,0.09586986213712971,-0.1286444123338269
316,3,0.09484028565691907,-0.26396254430238225,-0.019422699684705814
316,4,0.04916340461367574,-0.04236887870721524,-0.10337431666204383
316,5,0.016801347153550014,-0.15360423171301082,-0.07772843838581568
316,6,-0.06348408727416115,-0.2252812441263782,-0.025086081595970804
316,7,-0.29770410367267,0.10067663991808379,0.22145567792657922
317,1,-0.012364272603773128,-0.06577556165327889,-0.0042920652188026855
317,2,0.12211136054257973,0.16693749260290877,-0.17289228537264026
317,3,0.11438614428378487,-0.17167472996459368,-0.037806479957244926
317,4,-0.02204232310935162,-0.22015347754965117,-0.026575452191083676
317,5,0.0743251292064761,-0.25356565610711135,0.03794029638802908
317,6,-0.18578166823073355,-0.3573443721516736,0.1490102211672827
317,7,-0.31884192050782656,0.15397297887955827,0.29636667417650403
318,1,0.020003889679985034,-0.14162950374991398,0.0969263249753811
318,2,0.19910048127394794,0.07076664203492265,-0.12084833841088657
318,3,0.07445923605703932,-0.22834301274387753,0.021074476806932224
318,4,0.050361668087325694,-0.274409314458068,0.005491243337471165
318,5,0.0299970827821963,-0.24150257291928226,0.12127707924968925
318,6,-0.18908741358431763,-0.3444483329162077,0.20894387622352825
318,7,0.6307631477660577,0.6914047624831937,-0.32563359152355276
319,1,-0.10362103876522545,-0.20693735645060676,0.08094297975278558
319,2,0.1998969141668893,-0.004972246802946047,-0.1411764228699405
319,3,-0.08935908061684297,-0.21744554223753,0.01666979446112012
319,4,0.09350896342690686,-0.17751970497117733,0.12105333933943681
319,5,-0.10178421264332532,-0.20983024097054923,0.21963651516759738
319,6,-0.1071245924671095,-0.16413822262610803,0.1737168076527848
319,7,0.5374683032786044,0.6244203396806967,-0.32397571650585005
320,1,-0.16704706331204341,-0.01326626932169717,0.10715345466754815
320,2,0.04796245551201196,-0.003395324450652613,0.029621695435074712
320,3,-0.12509888388654936,-0.12846600472925912,0.06779405687745449
320,4,0.11395400654673107,-0.24755203682744964,0.10709743922158635
320,5,-0.10214117817715203,-0.25125023740396596,0.18485229545940818
320,6,-0.10192810322285512,-0.3094348332127104,0.23886199111195966
320,7,0.60995296862837,0.5224628194255762,-0.299954298929864
321,1,-0.12685912684295014,0.07941393826702646,0.16272331650177466
321,2,0.24495817002232081,0.02015961949497289,0.03961079073665978
321,3,-0.2428391017817823,-0.0029958838480054453,-0.0007567634372886023
321,4,0.34055514564401534,-0.23881675892743118,0.04125552376449218
321,5,-0.2444304221464287,-0.3071246179543503,0.223364571775871
321,6,0.10641135646130603,-0.4412220577781178,0.3669965974358354
321,7,0.1751094088541422,-0.1554129550899273,0.07248791704976973
322,1,-0.11477919932981416,-0.17461947841639236,0.0532932607265969
322,2,0.20472645289584102,-0.006704347544534933,0.25179070566242534
322,3,-0.4113853134845383,0.32135681913111186,-0.41843367654010094
322,4,0.05014893138379425,-0.1252327046990357,-0.07167757141792927
322,5,-0.06338232674732959,-0.23668331522224667,0.1509631045723508
322,6,-0.03505759842158805,-0.30828569050353005,0.05391117629945831
322,7,0.06446930874264269,-0.16396244219401107,-0.09236135501736614
323,1,-0.07140315843349734,-0.15311506853878348,-0.1010024897278338
323,2,0.23589100754961984,-0.14236871237076612,0.17588720722941073
323,3,-0.13411398658107251,0.3772009023086959,-0.5220178324590719
323,4,-0.11579411290999848,-0.2038621464163334,-0.10660016807322438
323,5,0.012538298948222983,-0.2985666033883904,0.15766472548885235
323,6,-0.1648466631861315,-0.21699171880789614,0.006802103535471814
323,7,-0.028520375748422814,-0.11649485247517004,-0.1936678728602914
324,1,-0.0751733229997613,-0.1790474315074346,0.11114817654486255
324,2,0.21080970006538302,-0.12310815240620765,0.13377243831338365
324,3,-0.18413013244686866,0.21503096760006807,-0.23926347322762834
324,4,-0.5997618024716164,0.4526422787439504,0.4998650197864156
324,5,0.0006264248083344293,-0.4213709488049624,0.01898772498809807
324,6,-0.47665425301448583,0.015591314418963892,0.14093180740641786
324,7,0.3084218525016467,0.2054021632777165,-0.501602301042334
325,1,-0.09689500255303402,-0.2262452991455302,0.12368038703417095
325,2,0.18519387527049178,-0.16180129212045288,0.14396480453670227
325,3,-0.1533485336083701,0.08906136837178845,-0.1766195871529584
325,4,-0.6692162553574426,0.3950510572660628,0.5416383564917876
325,5,0.24523416875823636,-0.2597307053259917,-0.007844520170964051
325,6,-0.4651037680722555,0.052505631032695003,0.10893567252973618
325,7,0.36266905923175874,0.13205584287420527,-0.5069598018818618
326,1,-0.09302053781358444,-0.2561882658163643,0.15588820560183983
326,2,0.2464187595948685,-0.12497733732266708,0.11855164652644781
326,3,-0.15342177991451886,0.12806671174081377,-0.1621941194974511
326,4,-0.6030043950782649,0.4299725031181722,0.6035571658263187
326,5,0.24784541567405852,-0.1692785362137547,-0.06458546267248899
326,6,-0.4016670660310239,-0.0011361642172407198,0.2302851425983137
326,7,0.5931848770733518,0.21369476921847247,-0.5265433332654041
327,1,-0.10134288009217379,-0.18757819868545716,0.11840464038945107
327,2,0.05538415239271577,-0.09703350220867604,-0.044714432417637305
327,3,0.09576845035794768,-0.12739002089668808,0.13291445462741042
327,4,-0.6418996640638978,0.5193364679227455,0.5813019776225692
327,5,0.2900482447901811,-0.018811973190636485,-0.06744699554339537
327,6,-0.14570747920138077,-0.12246028727241873,0.06399911553563356
327,7,0.15619729710763397,-0.00021880660263885954,-0.1558713642828645
328,1,-0.2479031809438405,-0.24222324377488158,0.2718350518333965
328,2,0.04707641038693707,0.17216916675627647,-0.018636453309994683
328,3,0.055075862345328824,-0.25423609984066586,0.12559612699480774
328,4,-0.13690170566260004,-0.04000194100773196,0.049774088517443096
328,5,0.39602336180708797,0.0787666558968295,0.009998055514842038
328,6,-0.045637275774231344,-0.2669949201899394,0.20490472239871266
328,7,0.2570196565153982,0.18781460067078048,-0.02707363639420177
329,1,-0.23150646228039923,-0.22797927656439254,-0.017306651173957154
329,2,-0.3032792990956836,0.4145321408117862,-0.20302287041419778
329,3,0.3345503737708972,-0.25240723277100374,0.16333884327735698
329,4,-0.18024768640797775,0.3557167989931455,-0.028559372315743854
329,5,0.15535695110817407,-0.30691562727695065,0.388723070326728
329,6,0.38093275425541434,-0.012975022839238763,0.3204245663640392
329,7,-0.21214837179025717,-0.07160932870841434,-0.04354237960624774
330,1,-0.18521915974757072,-0.09367455478868952,-0.05066239226289114
330,2,-0.24464579070364503,0.5366128067428535,-0.2310496816670456
330,3,0.17273976120762272,-0.33298083939337597,0.1018667124343239
330,4,-0.061248467632420124,0.5549649406084959,-0.1488763302176328
330,5,-0.04989412265222058,-0.208879699902624,0.24070312879544067
330,6,0.11925646338414314,0.26008826555282794,0.22685406303594935
330,7,0.35333901933812717,-0.23651869304577353,0.4062330635465537
331,1,-0.16476682625488648,0.09650612826910077,-0.3348043331175404
331,2,-0.39086221159856516,0.1777016913694542,-0.27605061005788945
331,3,-0.10961321094091733,-0.15456532265147188,-0.2270509301345993
331,4,0.1165851458150574,0.33446598658200005,0.07021702008873058
331,5,-0.04143292136049547,0.08349535377962689,-0.010899778177791976
331,6,0.2867943517442566,0.28777806666924627,0.038943837411446525
331,7,0.09497012527766503,0.01434169498110574,-0.1546951761225265
332,1,0.15289271700275722,0.45049922501973577,0.10434144196808215
332,2,-0.32231412662731046,0.20752131503897173,-0.1319215796800719
332,3,-0.36084851027120574,0.28215480145795835,-0.12045480784242847
332,4,-0.4502026690731638,0.28178962266431523,-0.17068203379064575
332,5,0.312299177548677,0.036597778769659015,-0.1893601507125479
332,6,0.19102346545450533,0.24913538491549145,0.01695092691363827
332,7,0.2143262436138038,0.44663088740109247,0.20530028185076601
333,1,0.24156851510088614,0.5772082220170164,0.19639778066014904
333,2,-0.3505099789428276,0.316202235113659,-0.03397050675238365
333,3,-0.35760222991893614,0.48788446240127126,-0.017635076155387053
333,4,-0.2189195199127983,0.30643723408320944,0.051395129035123985
333,5,0.49786123253275083,0.055913991436454126,0.05103140063048208
333,6,0.001611475968431002,0.2522208081991761,-0.08440221017807754
333,7,-0.4629764974510504,0.22331534631734415,-0.372440872061266
334,1,0.2769348802137103,0.6271549064498891,0.2707952305823706
334,2,-0.3277895082729052,0.34770389732816853,-0.00366748590176828
334,3,-0.37352439077838856,0.5434232747484822,0.15967038015930388
334,4,-0.167121874304763,0.48671229376725483,0.21959218566051983
334,5,0.1885303663252322,0.3523366509747381,0.16287305485407894
334,6,-0.16356877581619833,0.5389431342981315,0.13598430416555934
334,7,-0.13315485821758918,0.44590846235209475,0.1447805276614262
335,1,0.3173214920332927,0.7012654485978583,0.11600195941619129
335,2,-0.24760858154489476,0.5937443210168607,0.0012791038469663373
335,3,-0.2396285445141166,0.8631446071397817,0.1125811976811065
335,4,-0.023011384147034655,0.6615656542328111,0.09184685973183454
335,5,-0.04485711188698812,0.42452294394696305,-0.058677409999472345
335,6,-0.424640966257263,0.63029476591952,0.05177321456227667
335,7,-0.32874396492636393,0.5056185732735039,0.06877691601256974
336,1,0.30148312711376185,0.8273138819930309,0.46062497659410767
336,2,-0.31765356412647006,0.8230286003504492,0.4604714664938188
336,3,0.024416775571676447,0.9284760855007927,0.35479948163606495
336,4,0.6482455443787303,0.8146880908110715,0.3276219850049307
336,5,0.08826883211016157,0.8621371525863705,0.505595280150384
336,6,-0.492309191579852,0.9027338468585066,0.614677205802388
336,7,-0.15575153027764616,0.8507189262459293,0.5775837440308349
337,1,-0.04832447822205525,0.8145146156589257,0.0810603740210039
337,2,-0.42010522420968816,0.9083241142446831,0.19484346109486583
337,3,-0.3935825327527091,0.8494699534027076,0.1727041258166818
337,4,0.37911855531143845,0.8185165003029935,0.22795990046917966
337,5,0.15299589233986385,0.7830188342720764,0.1949149756784399
337,6,0.03353629313194282,0.8553875579075046,0.164343370814306
337,7,-0.37096289768645874,0.8429789731914891,0.041878908691134864
338,1,-0.049793971357926924,0.7424088366658019,-0.13866757874059177
338,2,-0.3037677820710967,0.6898214839015584,-0.038321482204742116
338,3,0.1457657007125498,0.49860481559248326,0.056503781749566745
338,4,0.020437594314956696,0.38715833139189415,-0.005183372027028473
338,5,0.0197178567119628,0.30833626726639385,-0.01745294673906117
338,6,-0.17207117393193716,0.39758888610414767,-0.07870858120477735
338,7,-0.3532622989915983,0.4048181118821023,-0.13426283387478688
339,1,-0.11912143465045208,0.6825643126193501,-0.13665913223610074
339,2,-0.22073812086796732,0.5089331837057811,-0.10619764798360402
339,3,0.4530894013516205,0.16885506748203774,-0.12138154935259923
339,4,-0.11652113883709944,0.05728956322749995,-0.30854934683796936
339,5,-0.0843897921613034,0.06816494930366351,-0.24001019078855962
339,6,-0.013012268706079681,0.2892157707631325,-0.09733371431094695
339,7,-0.3168218321832277,0.30318158532291045,-0.28311328069424674
340,1,-0.0679302554356929,0.7283673683901805,0.01646570831107171
340,2,-0.11141270843640011,0.5426141375941888,0.0032887674532770814
340,3,0.4919910162853383,0.14633087611637421,-0.11906381288289541
340,4,-0.15062474948448507,-0.09595071633311548,-0.19751942779324072
340,5,-0.251145730784699,-0.3531946323565608,-0.2512454674282558
340,6,-0.060450280153252496,-0.3345967531490605,-0.37221886808024246
340,7,-0.5090064656313183,-0.17512713128327465,-0.5855313127242021
341,1,-0.02555499706561147,0.18062225755232972,-0.19292022222266286
341,2,-0.21516364870531626,0.38798622655826875,-0.18823796656692765
341,3,0.3539958945122478,-0.08563536381887066,-0.12368020324532017
341,4,-0.15162428676019374,-0.1694640619420077,-0.26312152246070625
341,5,-0.23570624626565315,-0.15604521261160673,-0.368310651082096
341,6,0.17027681421085877,-0.10735912406270466,-0.31533877248821507
341,7,0.0024124701768218513,0.02090500458674342,-0.2898289778880627
342,1,0.11858902357265098,-0.030927640547373653,-0.13557126382013757
342,2,-0.05540385294343467,0.08610267912887765,-0.23080902266417655
342,3,-0.00851167832382731,-0.16980464387695454,-0.004330816433872717
342,4,-0.37017909261468923,0.3067846294214113,0.38678935923572294
342,5,-0.1067565983073891,-0.2463819375979664,-0.024645459162254205
342,6,0.23273269781796396,-0.10704912412347856,-0.22591020650169044
342,7,0.06227122259196337,-0.35162554818424774,-0.035254078608047704
343,1,-0.004881144326380864,0.7065456428592861,-0.7071235198282503
343,2,-0.06328100291643193,0.2699606576315541,-0.2912077408621926
343,3,0.08755010262891226,-0.041949116087703915,-0.11016445327248582
343,4,-0.18822090318399815,0.008521652254249577,0.09293374113836149
343,5,-0.18173708293077434,0.03106572528686707,0.27053033204793037
343,6,0.21351205966704828,-0.04961604388462963,0.0812097356661977
343,7,0.08927655959654618,-0.19291368389068625,-0.10476237593945399
344,1,0.009635736758727349,0.6947983125928088,-0.6939019354190827
344,2,-0.066877494230912,0.24263591112271266,-0.3032525334198015
344,3,0.05216376425135456,-0.07682575921058699,-0.08048032244131986
344,4,0.01596126424710143,-0.0027915374524689605,0.10394861760827387
344,5,-0.15044573417751755,0.023436260050567478,0.30715555514269727
344,6,0.15509919000700662,-0.06225941152588827,0.10433398547965157
344,7,0.07478750532630464,-0.18388472545892345,-0.10958435814499722
345,1,0.007447986704189621,0.6891127798889944,-0.6977656458611783
345,2,-0.08497551900339738,0.22304696291885537,-0.30759654549234355
345,3,0.05504192583206741,-0.06973257468461487,-0.07899194263173111
345,4,0.015898030063271663,-0.014288336075078801,0.11777161817397579
345,5,-0.07850025851839947,0.01207433172760892,0.2988003876730997
345,6,0.02763718257041666,-0.1518891541286833,0.11730196176393232
345,7,0.0776197656288296,-0.2657789588084033,-0.07383148869491804
346,1,0.0011877505699645434,0.7377249450473138,-0.7040232375591545
346,2,-0.04914695293144462,0.23807811028732095,-0.2998601786015137
346,3,0.07718360066431261,-0.06232327498999245,-0.07636486497813895
346,4,0.14393256369243268,-0.09406971186831642,0.013099581117106733
346,5,0.10891213428343322,-0.06629520442682471,0.04681847050544705
346,6,-0.17598573309324173,-0.09805139607904353,0.05659529819900902
346,7,0.0611623296461779,-0.1579921827946295,0.056274123609239904
347,1,-0.02487358164382666,0.7595191337484105,-0.6678753318965038
347,2,-0.1803935853585503,0.2692161746419548,-0.18325066739614743
347,3,0.03988744830882018,0.005493795274737124,0.03697209749192764
347,4,0.1990912720318118,-0.017261465148807716,0.020933480442457
347,5,0.07676443097631654,-0.02767872550879679,0.029869160155442012
347,6,-0.21477511359369153,-0.09767211837114162,0.05084889076075716
347,7,0.036261298076401785,-0.17104895253969077,0.05165066564709479
348,1,0.19489491171288473,0.5714661467032027,0.12923026245287367
348,2,-0.29469972213392726,0.31875203455406775,-0.010306714964444352
348,3,-0.2452816951948157,-0.18178870291132793,0.18964373727772824
348,4,0.012604981154084899,-0.31296182400333605,0.4127396404276182
348,5,0.19025831829085685,-0.0218100642261103,0.6974606420946996
348,6,-0.3163532662392064,0.2145461292360839,0.7083515480784527
348,7,0.1342918234494013,0.6723615279483233,0.43850084819842794
349,1,0.14437898922511228,0.7826363158079912,-0.032558643256265375
349,2,-0.48354089823673246,0.4933485092986415,-0.16106851209150352
349,3,-0.24394383462947114,0.13762745031671203,-0.07963368733562759
349,4,0.09389618176352314,-0.12883956856863238,-0.0744454195100426
349,5,-0.048002601810205714,0.027441708853422706,-0.04002678931834669
349,6,-0.4426404631910262,0.15032891222265174,0.11722191190808437
349,7,0.188630247889222,0.4834239051973541,0.2723816775078341
350,1,0.09597885138156599,0.5057187454491092,-0.04847425997311131
350,2,-0.4323568506567282,0.18065035487950137,-0.3606716209574095
350,3,-0.15693573952856973,-0.08226025186117278,0.01233777495992696
350,4,-0.07326392041920009,-0.18707202183900573,0.15256441793446862
350,5,-0.09479113836406966,0.06447664172106915,0.09385821529386563
350,6,0.04268405208981875,0.15852247661193083,0.17196830579578024
350,7,0.6099039240417051,0.683916206726158,0.4287550299301132
351,1,0.020357719924176506,0.5076094784520625,-0.07450115070196224
351,2,-0.3398099891542984,0.3272857220138281,-0.27350217441793473
351,3,-0.30839070635855736,0.09189837953562235,-0.14830597882835755
351,4,0.058133839047117386,-0.07122202583208576,-0.04126377830985484
351,5,-0.10324164914734693,-0.12530987865014304,-0.1379970882644086
351,6,-0.039021825175990135,-0.0008608255234751892,0.17739180094236298
351,7,0.6112350037440635,0.4735335447144316,0.5594903710518602
352,1,-0.26590446440103765,0.5471990639996505,-0.03510775539185756
352,2,0.03342836858250508,0.4070571613449756,-0.3189657738592919
352,3,-0.35141544983960094,0.2671801481940825,-0.21961681870864658
352,4,0.2061851501490913,0.20551852342409246,-0.2465905020522694
352,5,-0.3806535676544537,0.16603770620924377,-0.2711253882708331
352,6,0.22912919157797687,0.017641290727956494,-0.31115424354241045
352,7,0.12265882107240582,0.5489589451602739,0.04030678778435265
353,1,-0.3455446729373987,0.53499964622052,-0.02347311060213277
353,2,0.10908957011203771,0.26750465677681895,-0.24864092657891057
353,3,-0.4318768829399551,0.183432163773813,-0.20073478709157114
353,4,0.3198943221570381,0.34471400135126296,-0.031687083131987946
353,5,-0.23177081373808553,0.5488597717351518,-0.18150620597530326
353,6,0.17773139098414836,0.44227885747398815,-0.13332150805401052
353,7,-0.37918250160045086,0.5215794230329556,-0.21359525565520385
354,1,-0.2079461469727096,0.327120202271898,-0.2373565008617045
354,2,0.2132206109639498,0.3720050210888435,-0.2305629600207588
354,3,-0.3754695390413324,0.41155448068940015,-0.2092163187344035
354,4,0.3076073380569773,0.4826821053414084,-0.21775550724536719
354,5,-0.06992929085261032,0.5038410452617433,-0.15282721619035308
354,6,0.047058647828624005,0.25309901226817266,-0.4406507463334401
354,7,-0.3266523052805355,0.3868354516234241,-0.1570117764984178
355,1,-0.00836524512736173,0.3259138664916776,-0.061864789187890935
355,2,-0.11162837916739864,0.2766838524162729,0.03360294312883134
355,3,-0.5528047281745159,0.580241187294417,0.09797058449038755
355,4,0.16486662833771684,0.2651582745966029,-0.1448989725773027
355,5,0.09340073038165805,0.4074018510202414,0.04451917980155422
355,6,-0.0009903159475802396,0.19903908365889714,-0.10359522063787784
355,7,-0.08265867975999214,0.3891200874328297,0.04940072812564319
356,1,-0.027541254516519245,0.3131781203840202,-0.03476043539620333
356,2,-0.1739463968288291,-0.020992140441207882,0.23621529494148868
356,3,-0.16795566347022703,0.3487528570270969,0.3787282542354974
356,4,-0.1307324590173414,0.3533478180844449,0.03505696984467008
356,5,0.001392879185431519,0.25125036512107257,-0.03623707192145519
356,6,-0.22918401256234253,0.11955484520222248,-0.26397605227873955
356,7,0.1721361569439519,0.327772306052909,0.005594373784346468
357,1,0.045044994030959296,0.3667564018834327,-0.17244514864063884
357,2,-0.24918558802812762,0.009620774125471573,0.13547778228655458
357,3,-0.1360590251383335,0.2724418654333149,0.2864938678704416
357,4,-0.15923348711646837,0.3097299365100006,0.009730198481747273
357,5,0.09398486023685912,0.06834168150796548,0.07955018483930033
357,6,-0.06654351539878257,-0.16896600128793407,0.11116345981371693
357,7,0.20234960208294836,0.13247277688930126,0.3284126799338587
358,1,0.07670748744675975,0.42110477941710994,-0.10436171563443684
358,2,-0.2708731647191389,0.1385801665527881,0.21644258081791956
358,3,-0.1216105944534225,0.5657693220745912,0.4216437712554153
358,4,-0.13298929452602848,0.40164879059281583,0.013154847320053939
358,5,-0.1454397331544165,0.05445101360139357,0.02962144477439447
358,6,-0.10729507604401306,0.169714069740448,0.2235879765616025
358,7,0.30701782385764376,0.4328161811143797,0.5345862812464097
359,1,0.05102582355943209,0.5799184030245877,0.11418634755012233
359,2,-0.08834633032583054,0.25686012296591015,0.3776557727866283
359,3,0.31363315322164986,0.6308193681319151,0.2926361222537576
359,4,-0.1732750328300334,0.8277126983157903,0.16392246827620977
359,5,-0.18069706504755234,0.46429434537616204,0.29073451189032207
359,6,0.15156454276850378,0.26325724991462496,0.47190741921857626
359,7,-0.08243972345967934,0.46378527921391477,0.5223024688282295
360,1,-0.4069163279731794,0.8751038118399728,0.04458268141910085
360,2,-0.15495805214146427,0.7231873225952287,0.11863834750398326
360,3,0.18548959000777576,0.7715206004682885,0.15496560161329795
360,4,0.11292715958440476,0.8632233398726917,0.1509516924974883
360,5,-0.12007853916975039,0.8424138567617071,0.05488619010401088
360,6,0.20485007251570034,0.8721115239953267,-0.08209288354679095
360,7,-0.4313228274430199,0.9499823261158266,0.002504752125947512
361,1,-0.11483190596496647,0.9543193050940079,0.0022043328491638506
361,2,-0.07729073896396914,0.8862576793343308,-0.0018152005952521528
361,3,0.03474545378137456,0.8669242118337377,0.0280622874061682
361,4,0.07120471468767421,0.8584113744198896,0.055180148080668456
361,5,-0.16067209555024087,0.8027080254070975,-0.0008919844286076853
361,6,0.29087466515480953,0.7787407821061854,-0.015797628151437162
361,7,-0.5761708787133295,0.8447504119578045,0.07384517355109828
362,1,-0.09105229433453198,0.9274084081943463,0.06471921165453437
362,2,-0.003127109133450163,0.9348632759384796,0.17010790231773615
362,3,0.2429657835089944,0.8803563737273179,0.1525075115892443
362,4,0.0037253822894133225,0.9285300805650673,0.2791294572906857
362,5,-0.12757652710156817,0.940792969217095,0.2959319871737475
362,6,-0.026598765951039122,0.9598187888048986,0.3814470180215997
362,7,-0.3374005928403742,0.9698753729356744,0.4829601287068796
363,1,0.02534136057988078,0.9394143765674543,-0.06539306965684794
363,2,0.20050007594983582,1.00581995593736,-0.0027413304953435033
363,3,0.17774424239504744,0.984408434099167,0.061865363493556244
363,4,0.25843289908747363,1.0229909065487204,0.06957742599560268
363,5,-0.2085487914776248,0.9521928535323546,0.12852524399416743
363,6,0.30960471144620383,0.9636994901610902,0.1582611533462465
363,7,-0.1377074321889827,0.9519481198485995,0.2752521469614661
364,1,0.6998556420086108,0.8124228380059059,0.30857363057439546
364,2,0.42221293137706845,0.6050574105730204,0.1624057621189883
364,3,0.21720159255459953,0.4118641302096963,0.048845094126510634
364,4,0.14170173205381617,0.34479740700174016,0.01505272628796794
364,5,0.1316347085039241,0.2609907607946773,0.01652533318761097
364,6,0.08491611862673466,0.16585398839542465,-0.010448571773288697
364,7,0.13423530730226535,0.15643811196701904,0.020990121551400915
365,1,0.7850675166990232,0.7145451764389512,0.3259957851181171
365,2,0.6629440995673752,0.4048895260753737,0.051482369974665605
365,3,0.396346721481967,0.06598196137107053,-0.1411257440902763
365,4,0.28963334207416047,0.017102031286415596,-0.14784657471176565
365,5,0.16280831593179512,-0.08344388329779143,-0.11265445608499658
365,6,0.17000258006339744,-0.052223875064699825,-0.029476069911507204
365,7,0.08669745636051948,-0.22610120819200005,-0.05408931128043756
366,1,0.6740254990985423,0.6470535256221479,0.3457288729072767
366,2,0.5613033944865234,0.3250047574380618,0.06454395397317948
366,3,0.3807899522535121,-0.25237376634504843,-0.2888617113114967
366,4,0.07519660653437849,-0.3982213824208887,-0.3815413323690062
366,5,0.07387642638104688,-0.49191365073285753,-0.4789200244855781
366,6,0.12130005508140596,-0.3920301008696042,-0.34707147337255706
366,7,0.12152946186449368,-0.45022923616829347,-0.28738355059464715
367,1,0.566053755190643,0.2379628715179459,0.22828838284219066
367,2,0.22364993308705777,-0.022701258941355187,-0.2402792276860722
367,3,0.2217055735370514,-0.4352570644168154,-0.16510704212128993
367,4,0.1266430013505846,-0.3776727210806749,-0.05113418764700759
367,5,0.008634741724761419,-0.4606186081745255,-0.32245600721433526
367,6,0.40675617892244764,0.22196908249089026,0.21998241325238788
367,7,0.5074007280160134,0.3163079283068111,0.2557046727624721
368,1,0.5209196421442489,0.23306308197455822,0.2521909359345162
368,2,0.2188355711095946,-0.01279121643053335,-0.2377459529436402
368,3,0.2238989170932133,-0.4716192758444225,-0.28609560307512544
368,4,0.010700428132468555,-0.28590504678264617,-0.2412968614157385
368,5,0.0300137095563575,-0.22685265371635635,-0.45451936293903017
368,6,0.41910355577498126,0.4595253167030528,0.22450897949290988
368,7,0.4728688422691137,0.4800619325862697,0.30472609630667613
369,1,0.27620040757473757,0.18077930800769731,0.0396582635760828
369,2,-0.14069365158609826,-0.045928749423584415,-0.5195486992298376
369,3,0.08621524426951951,-0.28277250760526135,-0.3729141275912677
369,4,-0.11516461516992099,-0.04762314912682578,-0.15117979215819785
369,5,0.019283153644293692,0.057075634784304954,-0.3287279002275936
369,6,0.6429652407746106,0.38424597018341866,0.23330584768788978
369,7,0.574331419663982,0.30760265980608126,0.24314293587363284
370,1,-0.11145152639431402,0.09426610906511279,0.08824658210781677
370,2,-0.16919085357502284,-0.08395907374607235,-0.506862467648369
370,3,-0.0021171398392172336,-0.2723122200526291,-0.232284202011226
370,4,0.14287297071435695,0.029027952079979612,0.00624630995966818
370,5,-0.04739375497153744,0.33603848125130076,-0.14651170682571668
370,6,0.22924434653385764,-0.058197897301758686,-0.3115289562570883
370,7,-0.14059980768865551,-0.2031181617741445,-0.25763523930212845
371,1,-0.05859474755895278,0.0938892496421173,0.04673324244704704
371,2,-0.0707867625451688,-0.07476109788536765,-0.3310102378815073
371,3,0.15601321878974203,-0.05444912988998602,-0.19820405418090306
371,4,-0.03979012167314856,-0.0826179692918704,-0.16956445807444606
371,5,-0.03147206775238645,0.2022704330332461,-0.260776757441349
371,6,0.1753987027566707,-0.021032929833388475,-0.33520498095623336
371,7,-0.009337964397085532,-0.10423187503153951,-0.30206014027628286
372,1,-0.4510393548059984,0.5330890595012359,0.2173252925454083
372,2,-0.06165025195931154,0.3123496348795206,-0.16286861595044347
372,3,0.23650806411910721,0.17536431585380716,-0.024807657734561752
372,4,0.01524398974746718,0.13852401511590617,-0.007275948037372084
372,5,-0.45993368930724904,0.125624982696737,-0.08099401368950633
372,6,0.499389484108467,0.25188656253729785,-0.18995759212145946
372,7,-0.12510262415065376,0.1651760201822688,0.23190840760102316
373,1,-0.1734547529891036,0.2824666051468294,0.023430254136651736
373,2,-0.27134021165051453,0.19033189771812278,0.020177229551248836
373,3,0.25396838543627953,-0.13621508907716373,-0.02873290336096967
373,4,0.1640285179226441,-0.1571421236759225,-0.1367779930103601
373,5,-0.16397559370440454,-0.23327284911540933,-0.04195928066376717
373,6,0.30495739514728437,-0.02414647582105653,-0.18030884288705115
373,7,0.18233722891986706,0.10950383887110499,-0.18403429903573762
374,1,-0.1208949555819368,0.028885764777318083,0.2526648941505559
374,2,-0.34760032300407734,0.11885189702662531,0.33547275211126737
374,3,0.28635268547504783,-0.14071421180031046,0.22029001748365254
374,4,0.10850455195528289,0.059594176512937365,-0.09795280419433619
374,5,-0.03845438209143349,-0.15892874767637538,-0.06420823979101263
374,6,0.2677156894238045,0.15225174410864958,0.06024213682092599
374,7,0.0908239602576293,0.10131109891520812,0.0055258479330557156
375,1,0.20355536994190607,0.07076988281042511,0.1836679659848748
375,2,-0.16208874470562476,-0.07213098404700144,0.1125801796471444
375,3,0.031726149464014336,-0.2025469152550266,-0.004411542765909139
375,4,0.16096871334199309,-0.11756802765262395,0.13070813751561794
375,5,-0.22306219354331208,-0.18052776073956892,-0.058362278544839545
375,6,-0.52248425324583,0.46327444030995407,-0.6539002020306752
375,7,-0.04014766346425387,-0.03761502775161316,-0.2320279554489843
376,1,-0.14389652953875035,0.133171440709161,0.11613426029793081
376,2,0.10808295244946757,0.073496706195762,0.26531947761378616
376,3,0.10082835769179346,-0.43478063760011976,-0.06445425101627307
376,4,0.18684660160947922,-0.2501477751823705,0.12172410773243801
376,5,-0.18054369465833708,-0.18244373942507186,-0.01766131667079258
376,6,-0.4339569635983184,0.36711080976051297,-0.5591961930126239
376,7,0.0804323647728604,0.0969185487226207,-0.16949072922140698
377,1,-0.20285279195533124,0.09968996510086434,0.07730303239805633
377,2,0.09626826543734769,0.013880031277240757,0.21187051108059396
377,3,0.19242483877833289,-0.5074599925773964,-0.0864323003648611
377,4,-0.13156690459377185,-0.3754462874396881,0.027118811010380117
377,5,-0.0161450494705418,-0.14655983793853938,-0.09099142601450035
377,6,-0.5361498036362888,0.4014489573882923,-0.7085245946248819
377,7,0.04223630657340424,0.016794493692257533,-0.23360946075710134
378,1,-0.1670899406047492,0.14139584078178244,0.1402103809315508
378,2,0.1716088888478234,-0.026934159383559926,0.145372868667776
378,3,0.2095260801280227,-0.4537547509090568,-0.06594490840781309
378,4,-0.19563705492364492,-0.38249796328553154,0.03718925607376826
378,5,-0.003995584323310292,-0.2256896277874671,-0.14901718780403683
378,6,-0.505270526483381,0.2321326725353753,-0.7042714419897912
378,7,-0.0894977672746455,-0.05563384064342321,-0.14747823066139343
379,1,-0.2248426195491589,0.15420327624361557,0.11891877760259958
379,2,0.20198639606643115,0.03057432880165366,0.14909794933944265
379,3,0.20955017477727272,-0.43397757065335535,-0.07538016619900223
379,4,-0.3140882756929451,-0.10624028888504626,-0.08890706721475417
379,5,0.178327675958196,0.02113813458420627,-0.1242449926660341
379,6,-0.09207125964618441,-0.04316935823013557,-0.11660379805930167
379,7,-0.33467633967638566,-0.025930578843862524,-0.14567399035688294
380,1,-0.36977062920327586,0.14461030118885254,-0.043282300023284793
380,2,0.24278825033164847,0.2839144826627205,0.15672468968844977
380,3,0.20350592600131767,-0.13527139641246297,-0.0576309783266317
380,4,-0.28624805413334176,0.006470314919397093,-0.0425675166387905
380,5,0.17420720488660482,0.08901345053033555,-0.046092049012357916
380,6,-0.10799825058337519,-0.17338142215710023,-0.02376074405293333
380,7,-0.278466550347939,-0.011785290216265532,-0.0642308771314468
381,1,0.0018595289899984383,-0.08866309446478028,0.2827721199441406
381,2,-0.24113902607799664,0.16621922835459157,0.5706577313244591
381,3,0.33718902328976547,0.2612288905511639,0.05156347309888506
381,4,-0.006039121647826486,0.1283951811727852,0.2583891988704361
381,5,-0.2769101159062685,0.48368839555153303,0.3948459969917345
381,6,0.19245022697951675,-0.06262606553607118,0.2951754643935862
381,7,0.4499475349042486,0.7481019299989864,-0.22807510391484256
382,1,0.1794283293677246,0.06213217411445708,0.3371858691950808
382,2,-0.24484936010290165,0.3606159117964686,0.6037488256273701
382,3,0.36734137736976946,0.07498095358388428,0.31378491438301087
382,4,0.24913238666597226,-0.01166065710751972,0.47535249605809
382,5,-0.08172109424679479,0.4979646244394839,0.5843383114446199
382,6,0.10522718669564324,0.01592210209001122,0.307528819124146
382,7,0.45900523035928903,0.7407097951891961,-0.09204674970337515
383,1,0.236041664820448,-0.08190101784425045,0.14439800067633937
383,2,-0.2541506872030371,0.064874735486266,0.3921367750634083
383,3,0.13734579400508157,-0.16514265309906925,0.1888209397139061
383,4,0.11442426762084211,-0.21563635148963184,0.22647042055196917
383,5,-0.03560155753965088,0.0870972351314136,0.22854604105597917
383,6,0.5879795276017998,0.40790400526732296,-0.4432822512219596
383,7,0.4103118874333274,0.10305134864842008,-0.0787111877182313
384,1,0.5734920112808897,0.27096927066554055,0.43874540597645567
384,2,0.06072087862886147,-0.09101138358833373,0.16198105670851573
384,3,-0.249887533733599,0.061846247554665515,-0.27556139461421786
384,4,-0.43103872791299264,0.22509376820066362,-0.45622792741619633
384,5,-0.19774637190716413,-0.051861419628264675,-0.14438703565858405
384,6,0.12797242455044236,0.0057116491027945655,-0.24408604083338767
384,7,0.033405822136885685,-0.4249364072419911,0.05457657343749093
385,1,0.4833541747954252,0.21048420020509312,0.3901043038902857
385,2,-0.010405924803509353,-0.12902176222817957,-0.03228764942327037
385,3,-0.0876244955186754,0.0447200821014618,-0.11502917511388587
385,4,0.09942736088623956,0.59662345784007,0.10400535026523708
385,5,0.2098384874420628,0.24846864009398925,0.29142698644539444
385,6,0.23600429748495189,-0.0903576992463276,-0.00856292808996823
385,7,-0.0806397916040436,-0.43800058391834207,0.009272233560562134
386,1,0.3754636891128959,0.22337616688521425,0.3115361789239496
386,2,0.11552604203951003,-0.06257577566799655,-0.04570098251298187
386,3,-0.07401191452973771,-0.013602206206716629,-0.1971548115415598
386,4,0.01862122536382569,0.619023818869464,0.03331031512285423
386,5,0.11540080355340956,0.31181569067256293,0.2453086677491328
386,6,0.1512806144615174,-0.1437338998364299,0.07545744210538605
386,7,-0.041542263096282825,-0.34820019313846656,-0.07520519617458725
387,1,0.2828055917748627,0.19951252762575905,0.29906211695723006
387,2,0.1267239310450708,-0.07068503340454263,-0.04298290296962801
387,3,-0.14381796755600584,0.044830051216773414,-0.18681220626782694
387,4,0.16158441866235543,0.6478939147407997,-0.023520414031836655
387,5,-0.006819242471874802,0.41233763958912056,0.24436540755019434
387,6,0.29871939363715266,0.17554036774518314,0.1636049469872222
387,7,0.06969018510580843,-0.0827744534472863,-0.08583753499031693
388,1,0.20461589671604447,0.2641276284147952,0.34362773081443676
388,2,0.22455555052039133,-0.02920657684579522,-0.07397008684238746
388,3,0.10063797389716074,-0.09217703858658856,0.006837347545304268
388,4,0.5185888105533986,0.44094484802352624,0.3546883560520314
388,5,0.10962038382532398,0.48713189806917256,0.35045879218804504
388,6,0.33830970251834563,0.1915233667679719,0.09289107434809761
388,7,0.07115321212093417,0.09486116517613154,-0.09369594475011295
389,1,-0.26756298709478693,-0.06995131479605582,0.13325656038121714
389,2,0.1759178670997074,0.0298789787225471,-0.17522493062839378
389,3,0.17104496914836284,-0.12098903589418364,0.1392977703166271
389,4,0.019412804463325033,-0.16417422885445457,-0.0983666155713311
389,5,-0.26946694750183775,0.22939978274029135,-0.08767863710835858
389,6,0.288082487870208,0.18496996806941138,0.052678971412417036
389,7,-0.13045913605711149,0.21196470776902862,-0.09722871859856529
390,1,-0.42984905074204904,-0.11625669715142462,-0.09831566734896759
390,2,0.32045240316940804,0.13814795056614093,-0.037944183635494476
390,3,-0.02676397490121149,-0.19730870354587335,-0.09005615556774156
390,4,0.0682116037329042,-0.062115584325460674,-0.027328813716330672
390,5,-0.3728679238137469,0.2135353554224607,-0.0631859479576917
390,6,0.46047518076863725,0.17428675693606965,0.08543074930204683
390,7,-0.4179451118872792,0.24752370790332928,-0.09389053161157128
391,1,-0.5922765052606497,0.05624255135525222,0.17246606893313288
391,2,0.05071816806184553,0.061828251373982686,-0.26907448376409987
391,3,0.32294578260382983,-0.07020912666509516,0.007483444967537887
391,4,-0.4313412376336938,-0.034632632400933505,0.0421421214323919
391,5,-0.04343054441067032,0.2614817285863274,-0.2866526894205337
391,6,0.39422793754458424,0.032117880307553685,0.36201439748951925
391,7,-0.3585877932040005,0.3525215395957568,-0.16291683239426621
392,1,-0.40875253857599186,0.2546914061931533,0.15897044544567646
392,2,-0.2900285011953097,0.3404556889804058,-0.2990816701885374
392,3,0.5425069605190217,0.3162027802420083,-0.06782886608333391
392,4,-0.4299723669371205,0.27803488455054853,0.12281786104315064
392,5,-0.349631993416764,0.33229589589152947,-0.33016305446420435
392,6,0.6444018609454488,0.4501081482387498,0.12336016737484412
392,7,-0.1830542936356872,0.13809709075922705,-0.2788242760315798
393,1,-0.11407171083755697,0.32432783018676536,0.10539092789033223
393,2,-0.20007085419526704,0.4931924929985818,-0.17627470154493394
393,3,0.1467167668415896,0.21621143685329314,0.03979341130969407
393,4,-0.2004040569884719,0.3768783957013088,-0.10811698070047183
393,5,-0.06958862549597788,0.15417502243397083,-0.029391007541041243
393,6,0.28175766536398617,0.3290139597598355,0.059457921588388724
393,7,-0.14945442590370456,0.1705360357832174,-0.23763099277298164
394,1,0.06612792394981466,0.5092901847217133,-0.17731322635260455
394,2,0.03781683232959291,0.3227601007389305,-0.3077213075469303
394,3,0.035280207584535594,0.2562170590884447,-0.3348979196549158
394,4,-0.025386311352142435,0.38267477165987046,-0.17695758510030068
394,5,-0.15672207124393847,0.2915490208107291,-0.07437468252169335
394,6,0.21938370849293862,0.4442381140086428,0.06545498566481815
394,7,-0.2239927678577804,0.293634123048931,-0.3252467595919821
395,1,0.3092866695243728,0.621649435182773,-0.069562945322122
395,2,-0.11991411576246908,0.4092180199540972,-0.22222006512851702
395,3,0.13124003981643373,0.367928841271695,-0.294517850607792
395,4,-0.02007257337842687,0.2782322220605859,-0.2893909347853309
395,5,-0.06168164451900052,0.15085285976352197,-0.3446555404049845
395,6,0.09635318398809391,0.3062028883854208,-0.09166371043972647
395,7,-0.3313335228710194,0.6533467704387348,-0.1050723194418095
396,1,-0.21056193816063165,0.5089135765461646,0.05129724739516409
396,2,0.22413212608448804,0.22439866173231135,-0.4001549806549315
396,3,0.014430068595355386,-0.09751078070490773,-0.29704200501629
396,4,-0.045029998543578156,-0.20428179018830903,-0.350849784254842
396,5,0.10214073753487637,-0.33217541729556677,-0.3230038678777185
396,6,-0.28981293603883435,-0.061048687739700284,-0.06523356632870997
396,7,0.003814025514458863,0.3929187857522171,-0.2157135763997353
397,1,-0.03677234079280555,0.34349674703383976,0.2274643694122044
397,2,0.28818954907357364,0.1326433592398562,-0.4178180376811985
397,3,-0.1598152124143352,-0.3134797505940165,-0.057972701250405496
397,4,0.23161040852879755,-0.1816879152308913,-0.36574282879654096
397,5,0.019539765511293616,-0.3440747925889141,-0.18501257621537562
397,6,-0.29802273080228003,-0.14749695930517756,-0.14828297975920865
397,7,-0.11972271454126279,0.20410083201534354,-0.22151056180237222
398,1,-0.11439721380732705,0.3117271475599735,0.1502569988512421
398,2,0.25061294633368936,0.15874702658671122,-0.3497159989661829
398,3,-0.004443069750973542,-0.31915607984165195,0.1866328646409362
398,4,0.15214340248702665,-0.4077731292473608,-0.021309247892523652
398,5,-0.0838852700129918,-0.8208892433523683,-0.022156815861920132
398,6,-0.4551549832086786,-0.4536084245322775,-0.05195410345583437
398,7,0.055078694823328396,-0.08375175462041032,-0.060023217516661315
399,1,-0.17401054015499623,0.12284439312035769,0.07564146364870435
399,2,0.4280311452639533,0.37615517024679956,-0.20022833969741713
399,3,-0.1567264675276422,-0.3860035532556448,0.27714699086052913
399,4,0.14238661122559973,-0.28411058084385243,0.11340530984082432
399,5,-0.00991543307949204,-0.644361804937637,0.47316134808998406
399,6,-0.5946627512069396,-0.0738301207507832,0.1469549573801406
399,7,-0.05766841150221567,-0.37470673830922063,0.5643316813652549
400,1,-0.1450308356521768,0.0007349747180263778,0.13555858937752485
400,2,0.36517532129660535,0.16361256624934234,-0.2391367051286278
400,3,-0.08348568468607172,-0.3678569124475395,0.1647294602995387
400,4,-0.061282116827083684,0.13626492606448973,0.11228649222028042
400,5,-0.10123572026907117,-0.39700967276716986,0.3276235164857272
400,6,-0.5789307983792272,0.35365445282345614,0.1557140983036365
400,7,0.054947411444643546,-0.24793312633658582,0.49341222113857564
401,1,0.044367772124112366,-0.021606997012713368,-0.04203856058994192
401,2,0.22408620669814402,0.12432327692712693,0.04751734636924048
401,3,-0.016187953186502926,-0.25330868141917207,0.24641745623190367
401,4,-0.33324557068925914,0.2758860047852372,0.2416101836068507
401,5,0.11491398414246352,-0.10834824553673783,0.329073916865416
401,6,-0.5918309391509663,0.5356497520907495,0.03548832065278632
401,7,-0.05591825334571114,-0.3929100125715483,0.09378791194260351
402,1,-0.20154916189208177,-0.020726136158538758,-0.2428754869693396
402,2,0.009822092405532784,0.06050055975811915,-0.20265629468132512
402,3,0.1821170845097836,-0.19250917445251936,-0.16590029702923556
402,4,-0.7695859746939865,0.5782563200572245,-0.11983895317759533
402,5,0.4340722664784843,0.24521388701146088,-0.06954386697635599
402,6,-0.01954689945668871,0.4161514423859915,0.10655734688834131
402,7,0.1174697380102519,-0.008056660515560475,-0.4334101003708373
403,1,-0.060707799497656166,0.015096205471739295,-0.04913733411171577
403,2,0.2007880406047162,-0.03409891149648456,0.0969300571761999
403,3,-0.0031820122884879823,-0.09932965702486089,-0.015189743312146481
403,4,-0.6392147517149529,0.408112152827044,-0.014288580895972739
403,5,0.15994729033428212,0.0618910810821186,-0.2796672283031488
403,6,-0.14497666922850505,0.28956977828519226,0.08226131658865012
403,7,0.38806267339793415,0.18901181900047148,-0.47899477100608984
404,1,-0.02658541302988335,0.2968861477985732,0.3694177975653803
404,2,0.1007649066040821,0.01809932189622074,0.39367882105193447
404,3,0.22197883370111343,0.21614563611100607,0.43095956045821726
404,4,-0.2415478378989422,0.31531439020203883,0.27273006642077025
404,5,0.25576246567020433,0.24998085493476072,0.3377235840105175
404,6,-0.08733995878401703,0.34873992593593217,0.39566193593372756
404,7,0.3908348606664864,0.19077722569496208,-0.07212946878042674
405,1,-0.04772931474450859,0.49897295683780296,0.2826454908814564
405,2,0.05244189269083943,0.3212253937742436,0.39417031684184217
405,3,0.14539093724806174,0.5013767492576672,0.6008363962309173
405,4,-0.2365164849378882,0.37946392825329184,0.40860302389944575
405,5,0.3041941879055173,0.36707918953805624,0.4515137252597307
405,6,-0.12326684908594462,0.5515829370823093,0.5607424339729974
405,7,0.30129812967862174,0.37394240631262354,0.22491622138160988
406,1,0.0181309683965371,0.5011662629434475,0.458536052545682
406,2,0.26580317269977455,0.4977636448396732,0.3078403116472319
406,3,-0.007361240798966098,0.8140246625299018,0.5367782607622867
406,4,0.20675539524428474,0.523863767771239,0.42249558136377224
406,5,0.302575713928806,0.6071325057150497,0.5166761189571792
406,6,-0.26207256487084624,0.7250529241559613,0.7358586114705048
406,7,0.12832885840640088,0.4547982965163609,0.6428417370874951
407,1,0.09241789061847619,0.6284716391549574,0.48734074602605165
407,2,0.09160839527426871,0.5910929421537315,0.45872133497800643
407,3,0.39171474014667096,0.861051921065821,0.47008055073863464
407,4,0.032114607499355234,0.6510189377590941,0.570072247285074
407,5,0.216029200076898,0.6329271480226383,0.47668796796813395
407,6,-0.18909885929994993,0.8049017312741851,0.605905840327335
407,7,0.1068193999064567,0.7907806973650839,0.5630916887866423
408,1,-0.3020359844392333,0.5038068278754654,0.4443321860408682
408,2,-0.05981570152475392,0.5976246800608377,0.16319549674777442
408,3,0.30237379835069056,0.8111493510280525,0.17524902503218687
408,4,-0.3663463469442323,0.5729869221081033,0.36970783415108316
408,5,-0.03124725201826087,0.49988966820070085,0.19121233816875582
408,6,0.38277957404579294,0.8465255550982159,0.08133066150433875
408,7,-0.09788118519624117,0.6180663206031446,0.3749139983996015
409,1,-0.20506835467238105,0.4014574693657572,0.18488750517690125
409,2,-0.02571124437365102,0.324726991112756,0.13694591645245982
409,3,0.2993854451130516,0.3849855593091552,0.10897395673733921
409,4,-0.6404039177050661,0.5492941611034602,-0.11845486028167831
409,5,0.11684454454496528,0.39737783521039705,0.08840559461530227
409,6,0.35545571449785723,0.5883680301203743,-0.046593011457940696
409,7,-0.5064440381755606,0.48316609163096136,-0.017454720498619437
410,1,-0.28441982770258645,0.20407482188903495,0.12088504169521824
410,2,-0.020978710033996813,0.03453689643107543,-0.005837399183027189
410,3,0.06541139413633824,0.37914196083110313,-0.07917994209930125
410,4,-0.600005169409129,0.6353386081318411,-0.15523348300945325
410,5,0.1571701095061165,0.3325086286265993,0.2719612315116795
410,6,0.29651529105471836,0.23783894855003163,0.1479005547195434
410,7,-0.22596384901517425,0.3385414563915532,0.12261518270780142
411,1,-0.21533889987980384,0.21381859165613648,0.08880339212812806
411,2,-0.049234946889562106,0.07881405894052652,0.08837753523281215
411,3,0.03799558162634699,0.31278338809439876,0.010688911258423382
411,4,-0.7803530252731151,0.6065556603299529,-0.3813353736502571
411,5,0.42153589315337675,0.2682218662832858,0.05392228171803138
411,6,-0.1419567482853867,-0.025059203883834025,-0.1586645382544872
411,7,0.006025427017954549,0.5666937094833171,-0.19419190685570567
412,1,-0.39581793731495835,0.18653682732666235,-0.21668465735137266
412,2,0.04965071358952611,-0.2891570324049873,-0.027057725491259642
412,3,-0.20020569309275482,-0.030476924232147207,0.10239386590155547
412,4,-0.09874723196982653,0.249485686799839,-0.18113437121983522
412,5,0.22834453435538207,0.1481338992443837,-0.1940596877812513
412,6,-0.2057513100192836,-0.3785810637009057,-0.22113007812339824
412,7,0.19940822872097613,-0.256652015276288,-0.311341886632043
413,1,-0.5624217691565423,0.31448815496521515,-0.2233708561246439
413,2,0.3330496214506097,-0.3134809364058548,-0.13929340710022378
413,3,-0.24805517320705328,-0.4008612411085569,0.034739039271757394
413,4,0.13128489129511978,-0.04269963150520472,0.12220476570011578
413,5,0.011220614862735578,0.30141068892383993,-0.3014471518375921
413,6,-0.11990544779394036,-0.09690036070386009,-0.34832208536685993
413,7,0.1942738562254326,-0.27765380019010116,-0.35177912427092983
414,1,-0.5645039880495001,0.35464441760713045,-0.14037894830638523
414,2,0.2755176929000822,-0.27387978959536374,-0.06454371305476028
414,3,-0.14626806059044767,-0.2504160658311159,0.0951078798018381
414,4,-0.03893840090220566,-0.11290640749107923,0.17993398443796774
414,5,0.25365481407834606,-0.04663391810461283,-0.235800937081094
414,6,-0.1331031645101487,-0.555777645761144,-0.30479787173578377
414,7,0.23525744592856881,-0.5094998614739202,-0.04934185564793507
415,1,-0.6108547160707578,0.411063265763657,-0.017920840898737196
415,2,0.28337714085873095,-0.17967551014609145,0.016948237090326976
415,3,-0.09087714114783249,-0.3359304830402019,0.23951024847448435
415,4,0.18304871714872212,-0.03928564332155171,0.2723210262387729
415,5,0.11386149722987841,-0.14352174666710169,-0.13608221111388036
415,6,-0.14370131433542752,-0.46308199817434714,-0.04957420082925559
415,7,0.3643464514968303,-0.23183783252032933,-0.005732677893890206
416,1,-0.5384037334063118,0.36440705474616686,-0.14777149789195365
416,2,0.18026216184720167,-0.21379576425105076,-0.13022364249158083
416,3,-0.04587015458681138,-0.3699152823722134,0.10977023729125837
416,4,-0.012151695404750907,0.04946571994110932,0.29707180523219695
416,5,0.17332931325288273,0.11323470477858785,0.08910002768738699
416,6,-0.18117687624941148,-0.21100875832532953,0.17858070124736372
416,7,0.23038654674103806,-0.24643482181294887,0.09404890157108235
417,1,0.1389017807133205,0.37881128823438565,0.3968860877817054
417,2,0.0052701109592687406,-0.13905757233995114,-0.02543602484513059
417,3,0.06645602631074482,-0.2877803570940303,-0.06383795991183078
417,4,0.16345883854103554,0.08881352684623949,0.2214959246438711
417,5,0.19566021252386395,-0.04016176336110831,0.29599030946645016
417,6,-0.2096941720875515,-0.04785948954923465,-0.10631866224071851
417,7,-0.11941651106066928,-0.19707898063826582,-0.3597597985339092
418,1,0.34833863226405753,0.16785180993584875,0.21159150486736658
418,2,0.12775546079498803,-0.0012455386965778408,-0.1514013593994687
418,3,0.11090681427087964,-0.3310006314694374,-0.21515698182070847
418,4,0.44137839944076734,-0.008111466763321726,0.10761035780490115
418,5,0.18570350591174956,0.17055841676251143,0.39253679437861205
418,6,-0.2267536204758095,0.29003150778723225,-0.13713924920424903
418,7,-0.2646091844327883,0.07235563693472126,-0.33730701618269454
419,1,0.35842986925099163,0.26287145466262674,0.1935973193858232
419,2,0.1171030930890466,-0.09753998303300006,-0.2718482790049415
419,3,0.09032624749455637,-0.29138589163753165,-0.344801965892568
419,4,0.3674874868016535,-0.2725618894297586,-0.14282705430657808
419,5,0.13447075611992196,-0.016169031000124342,-0.03986051895764739
419,6,-0.06861905308369982,-0.04480105722726026,-0.6132399389858617
419,7,-0.13158155057521165,0.07440016768962973,-0.6727807540399544
420,1,0.3818528808522438,0.29736205681735134,0.12713068057557947
420,2,0.26882073498826226,-0.06581977880483006,-0.2539282392796428
420,3,0.1225762368635742,-0.1702748524270196,-0.4691321618600233
420,4,0.3769978228562525,-0.14907544211139606,-0.2047441998218068
420,5,0.13635170969384758,-0.031143694188962564,-0.1562717776706844
420,6,0.29610379335928266,-0.17891980018400602,-0.46862519031745953
420,7,-0.01669745227631558,0.17045341817705625,-0.6368493659638357
421,1,0.34336012874071764,0.4232186991810146,0.2212098359876928
421,2,0.30918644802042006,0.09350142075508916,-0.15783803725011383
421,3,0.02281606777359938,0.023547946150984773,-0.36461859189974233
421,4,0.11117401494428616,-0.006752535721189179,-0.37332837641065
421,5,-0.35117434483600113,-0.02467605971486759,-0.4365332569573175
421,6,0.17974297250005494,0.16436425380432787,-0.49629866346308416
421,7,-0.1849616485476369,0.2901824357765493,-0.4387088877770805
422,1,-0.1914836544134209,0.284272299149477,-0.222466338161179
422,2,0.38636374300169535,0.506104441448235,-0.12998617467682005
422,3,-0.23316925445813388,0.2574094777718256,-0.31605586602844277
422,4,0.11319903325295236,0.22364406211451712,-0.26875442489824564
422,5,-0.430542127358514,0.3383457546258965,-0.28516212346144837
422,6,0.4182987305743492,0.3414453994918856,-0.2660787253112823
422,7,-0.4930550040937774,0.3689092439159783,-0.23708109231597901
423,1,-0.39500651088505456,0.8120984458366973,0.1504893603688291
423,2,0.20733325171730693,0.6084586281798882,0.13572342827828332
423,3,-0.35906579104289477,0.5971393364468106,0.2939861609328261
423,4,0.4010863713020918,0.6709930588609094,0.183464012360285
423,5,-0.45410421237502624,0.8017961506845668,0.03796773148697707
423,6,0.26812741776393184,0.9023339335404484,-0.024439763760616615
423,7,-0.3019427324515715,0.9524174571449506,0.15302304130165648
424,1,-0.3819055602947635,0.85679037991131,-0.004259825555173616
424,2,0.04757512509575964,0.7785625155109693,0.04312261180098452
424,3,-0.21668117079472451,0.7932031492220231,0.1480608607014044
424,4,0.29352159303288977,0.6823962380972437,0.1358037405240689
424,5,-0.5888901183467754,0.6170499197664208,0.03464314238429989
424,6,0.2867886699678431,0.6328291699954713,0.21121500804720314
424,7,-0.05763752568834716,0.8085761357255049,0.05976783613261726
425,1,-0.4741758932335729,0.5418367813400328,0.2246855404959225
425,2,0.10510211913686884,0.3260396960994353,-0.1515976042117998
425,3,-0.07476791621210188,0.4692109008848808,0.19308813641612993
425,4,-0.07799573852444676,0.43050880519323104,0.07064703397829757
425,5,-0.09589907510366007,0.29201401538905286,0.012173122405483728
425,6,0.2269125318113663,0.4215277141573828,0.21574557383919046
425,7,-0.48466085787837637,0.7343309694429901,0.058045280295938535
426,1,-0.44292104942466665,0.6485714774669173,0.27697069763675897
426,2,0.12375898242422284,0.22422472872546553,0.07893186631556987
426,3,-0.03171379194082384,0.209513419407726,0.2331990848747475
426,4,0.021649991627502585,0.22157259011579192,0.14380670325726064
426,5,-0.18979103080601537,0.2904594931796644,-0.16397489784239894
426,6,0.22189061322101436,0.5187367809456297,0.19417924083605978
426,7,-0.4991361240980254,0.7527450675182717,0.02037938243546958
427,1,-0.5469597226256967,0.716919164762922,0.33570214390852854
427,2,0.1633595600458294,0.3982008236954063,0.15004341193922555
427,3,0.13124022332560084,0.35461711852453903,0.28304812999277823
427,4,-0.0913462787359071,0.39603286885703637,0.1421172100048286
427,5,-0.20757776809607137,0.24203040105139392,0.08009682231472541
427,6,0.45139757060026675,0.20552334661878022,0.19681424210889767
427,7,-0.769105813712734,0.3446623421515865,0.06961486732977269
428,1,-0.4906199929622849,0.6824415129370268,0.2951839821872621
428,2,0.20952861820540167,0.3740792062156617,0.10804289180958325
428,3,0.02050869154116273,0.33771287270012784,0.22999631026067807
428,4,0.005189205660657741,0.3492247135908622,0.14327663420302247
428,5,-0.09925228766353304,0.38423892374287444,0.1223045499947549
428,6,0.22291557146841684,0.5176236298251935,0.09316101170970272
428,7,-0.09525532305468529,0.40663868856946844,0.07830907325506413
429,1,-0.4968727442899951,0.5965341210805327,0.46342248688806115
429,2,0.154548810911839,0.39665033048411436,0.22430907024990307
429,3,0.05665780216762385,0.4734946625029298,0.3386598285372126
429,4,0.1394196379922444,0.6238972432218691,0.13195569323396628
429,5,-0.14918070518390308,0.575169226430412,0.2630495100577251
429,6,0.2279318697975197,0.5258481994207208,0.16017028833686997
429,7,-0.05274349326643251,0.42619373215893075,0.2514803803229945
430,1,-0.2816849917755839,0.828879655063207,0.41427006347962864
430,2,0.14944849118378778,0.7717683507575056,0.3493174363214005
430,3,0.10850125292708017,0.7495896755272328,0.45014808347845253
430,4,0.055631177022539474,0.756169035819765,0.38190454845136595
430,5,-0.062014918752560336,0.7020474743095714,0.4959516204999584
430,6,0.4587412988322355,0.7208493315239491,0.4435113675405068
430,7,0.1511464831760506,0.7981242859751425,0.16413665026837918
431,1,-0.40740494367732427,0.8462378501887798,0.27297549439557584
431,2,0.08181179139085624,0.7938753304897544,0.2718984326827285
431,3,0.09810182741057745,0.7527622156375189,0.32341804829391313
431,4,0.06734847508334575,0.70052436578409,0.2871047802742653
431,5,-0.16730890049301014,0.6327013169911648,0.3438639285440096
431,6,0.48003879669745664,0.6980948682464484,0.30716014554995574
431,7,0.017060157670641597,0.7504783189841726,0.40709855755933316
432,1,-0.4060692244406291,0.7630192320848399,0.3443889408301985
432,2,0.08736561596393091,0.6675973433910682,0.20736602499546797
432,3,0.135376108999476,0.648336765099135,0.2761590644102429
432,4,-0.09572592129901357,0.8212590281103346,0.13421363712890896
432,5,-0.06262375408979882,0.8585785183434084,0.2740750391532203
432,6,0.2299234338330697,0.8362425764346789,0.2699347728920679
432,7,-0.012332452941006008,0.779802436964155,0.28411279296831726
433,1,-0.14173954546682738,0.8650727560109539,0.32478820783392903
433,2,-0.04052394149879238,0.7950480144775501,0.3182941985884277
433,3,0.1166195953011291,0.763602289870843,0.33788230831063876
433,4,-0.08088324747194665,0.7106066629166878,0.3592457280306753
433,5,-0.16721842711989215,0.6727068534328778,0.35310867002852914
433,6,-0.016620225383415118,0.7247917390389265,0.32003395143141494
433,7,0.2529131033540984,0.724009301418433,0.30427834018455413
434,1,-0.3060074714031842,0.8747587731441989,0.15141972419732108
434,2,-0.09261699627928226,0.7907061734381707,0.04129723548810795
434,3,-0.035645193633468734,0.7592033395712786,-0.02903555231782451
434,4,-0.02507752280214212,0.8152178924995334,0.1733874658383446
434,5,-0.20746864737111118,0.8116765310857522,0.22820914905507042
434,6,-0.22101485361430315,0.9451180874877303,0.14702881281588867
434,7,0.6653183903894798,0.997466657775174,0.3194149661820988
435,1,-0.30601161927631054,0.8812856282044106,0.19240621070760366
435,2,-0.06831092842427404,0.7855826955070797,0.08851576997555058
435,3,-0.02853119815124694,0.7991777027310031,0.090977512124813
435,4,-0.054202522320352955,0.8328796760909053,0.07868866394799234
435,5,-0.20736807345033445,0.8264930562514294,0.03454133938645495
435,6,-0.30737229698911445,0.9281154624979822,-0.13127039431550236
435,7,0.7073799542212401,0.9894502685677485,0.2720270763048881
436,1,0.2166201913004729,0.5251713341910136,-0.0946501363036403
436,2,0.1017465968721604,0.4204719394749127,-0.03744253639216848
436,3,-0.03232821221924714,0.3423440595755588,0.09854340467748204
436,4,0.07696702696349604,0.29893086224260956,-0.013633284557869262
436,5,-0.010895113155592644,0.21635035650746956,0.05273756559281797
436,6,0.004968911055503385,0.23560707395654515,0.006049717282528253
436,7,0.14703676344834146,0.2811091225540567,-0.05224078256890382
437,1,0.46964281607856784,0.46053914415784,-0.005411246340799031
437,2,0.1299448532449196,0.0989827577833549,0.1685542957801134
437,3,-0.03579426627771619,0.04354317805252768,0.28983850719431165
437,4,0.06233712044596058,0.27986542629022537,-0.00792885072291938
437,5,0.02099631778445574,0.26216219986657235,0.006500044454337872
437,6,0.08165312386268588,0.23991839748139465,-0.043832275006469044
437,7,0.11115647271115371,0.26396706239446366,-0.11461960382597998
438,1,0.43899593902135936,0.4881988654400111,0.0024686017519858112
438,2,0.1258194057243211,0.14102909102885866,0.16808005506916787
438,3,-0.007069188230827264,0.014489368093599648,0.3444606029139307
438,4,0.12594059951346348,-0.09559232768996645,0.2716491660686459
438,5,0.027832509849002266,-0.17709778218541775,0.35131318399872113
438,6,-0.12249858473797562,-0.034620858672678924,0.2520049553161545
438,7,0.05164658404704095,0.14973650553543263,-0.03772755028676626
439,1,0.45888882053236746,0.4638037034256803,0.022009946214296576
439,2,0.1453269202587134,0.11225343110044168,0.18506498880768843
439,3,-0.00266447107935106,0.01953158015801262,0.34560746240794676
439,4,0.1283060162645465,-0.028658027511167167,0.30588171539385595
439,5,0.041415531991960554,-0.08261234076191329,0.3732898234461277
439,6,-0.12406693531250451,0.053474298655669085,0.340348241150674
439,7,0.1942681156996582,0.2882358476870758,0.4474988025250518
440,1,0.30473968553094566,0.24217987120433151,0.002101456842122581
440,2,0.10374286396970162,-0.03858588391104582,0.1518887154879738
440,3,-0.03226824367243904,-0.13012617160561335,0.2711313233702001
440,4,-0.0062541097666205196,0.01330907250611778,0.24248598307550162
440,5,-0.09018635478687594,0.12254917948245021,0.19137975638143528
440,6,0.01961784391018118,0.2999653073141433,0.3712543621731919
440,7,0.08489821685555374,0.09226843674153273,0.2940883791953964
441,1,0.14475312002723245,0.10641638490102624,0.077333924132259
441,2,-0.2658743168861619,0.2328237802339787,0.35486069670087583
441,3,-0.05631952646511376,-0.16694477160187116,0.06808801273912038
441,4,0.0009889372943291922,-0.05482579229313563,0.17689204798197347
441,5,-0.05328954418304359,-0.03679198862460982,0.11707100103634704
441,6,0.061117289143575,0.13132405407250994,0.279575841811156
441,7,0.14771876914021478,-0.04833646538920709,0.15350582651482977
442,1,0.0027195735333780794,0.23615093803931472,-0.029715189576439874
442,2,-0.499700931634638,0.4460106754849536,0.5228313865449813
442,3,-0.10894725495382938,-0.14001119265706496,0.04973701905875222
442,4,0.00991715603642023,-0.11757194884058432,0.009329960237884342
442,5,-0.037410404844738857,0.07830852463944288,-0.30054507232653355
442,6,0.20423846866355047,0.21464071392625955,-0.07615242433742568
442,7,0.03713700792645524,0.29215804595467826,-0.13864360898724928
443,1,0.007209873000667634,0.23698655864566862,-0.011341605260955383
443,2,-0.4820150266168204,0.4708768142047553,0.5229609409788167
443,3,-0.14358985016882195,-0.1198501899349714,0.03212015273084194
443,4,0.020797026267383053,-0.15318686680918542,-0.0003332673806271032
443,5,0.0010749423135045658,-0.2176081945211602,-0.10057337537916103
443,6,0.20918104827178255,-0.18250269756243123,0.20643194408590296
443,7,-0.16188258337460124,0.0820657279516943,-0.13409046125025637
444,1,-0.01525134940328448,0.22092856518144885,-0.022097287861102554
444,2,-0.4725354996688978,0.39338911086915573,0.5085993190211423
444,3,-0.14117239598257558,-0.12255661624494082,-0.02018677137502467
444,4,0.09539547176815637,0.11100963518934452,0.09185110353373406
444,5,0.11086774872515254,0.03729403171436602,0.06055669715248826
444,6,-0.07619886756404647,0.2077065600738667,0.07650120005005728
444,7,-0.24096381283142052,0.3243035442444831,-0.03275080151347499
445,1,-0.040971473120687774,0.25506262356815873,-0.04778658684591338
445,2,-0.4595097087228957,0.45389600070642494,0.5294439308750596
445,3,-0.050449891241269876,0.13974755819211102,0.03016504314327593
445,4,-0.04503330247521009,0.17440556865364665,0.06711136048700432
445,5,0.1284543596674559,0.0021489578251076727,0.09918660866272522
445,6,-0.019394887890677406,-0.11800652435565082,0.018445389359810226
445,7,-0.1784984484762387,0.033235410973149394,-0.01318548415784143
446,1,-0.1715286588399712,0.7838157104905578,-0.1429799510391613
446,2,-0.07790413914842982,0.5150074402546432,-0.1050144143724447
446,3,-0.04450186843027885,0.5256711471964133,-0.11008069718852041
446,4,-0.4814588128574454,0.616165617188323,0.1279811888034373
446,5,0.25186407978362363,0.6273455825518808,0.4182386969399384
446,6,-0.003187811102903232,0.6454864801397966,0.09473223308982845
446,7,0.24832555013143287,0.6665500924243082,0.04644190344527724
447,1,-0.10087249657017758,0.8021914660672702,-0.1559153972640492
447,2,-0.07971326989374364,0.4979026525331259,-0.09856333875298892
447,3,-0.07527195166436558,0.419123770931554,-0.18815424180961607
447,4,-0.4254407325737212,0.5276973400292414,-0.07947196942869554
447,5,0.3386849388910883,0.48074397758399573,0.006645574909178231
447,6,0.37215881178606786,0.3820853981312834,0.03470897035030794
447,7,0.30526317848256007,0.4346382967357244,0.13546171780043062
448,1,-0.06780909912394562,0.6562795345974773,-0.15703649265812236
448,2,-0.20750267809931808,0.5700894143918326,-0.2331928409142157
448,3,-0.09632609552313746,0.3970334764331356,-0.3521620356909995
448,4,-0.38460616251496244,0.45049367034259374,-0.1787260522069925
448,5,0.27237345309818506,0.5952667279847692,-0.05689240949818992
448,6,0.25981110279370895,0.6780399965822493,-0.11595336663788007
448,7,0.04128268046449884,0.7876675129003078,-0.12210218064364886
449,1,0.01262452608952792,0.6444160819036003,-0.07591279574828806
449,2,-0.2481025903323591,0.6684652902653292,-0.07154885114391675
449,3,-0.10121005042606962,0.6665143629542688,-0.12018214465524871
449,4,0.005675738945811103,0.47398302627388783,-0.10758407866497975
449,5,0.04695231973203877,0.6991052703856409,-0.24525566396380835
449,6,0.1806118741934236,0.6695676067111884,-0.2845120776643374
449,7,-0.03474244782188722,0.823986475537886,-0.1526306143211744
450,1,0.2187299129209064,0.8124171750792197,-0.0054007906642622935
450,2,-0.26542831368119374,0.8210111264851508,0.0195643035302403
450,3,0.011935934902033938,0.7943101168944486,-0.04077383762124355
450,4,-0.11623043535471571,0.6985257460092397,-0.1037122830589062
450,5,0.12518285468729518,0.7155516159266448,-0.12281884625230328
450,6,-0.05071727961367475,0.6650108121780327,-0.13971662791898495
450,7,-0.7986352811189545,0.8285349479693573,-0.3082169343419789
451,1,0.05079334253571082,0.5622578039025715,0.030981729856412146
451,2,-0.24352673528364796,0.5276548838918581,-0.008774089213532307
451,3,0.3972913091660735,0.73983911134026,0.17588684431941498
451,4,-0.03625097749120007,0.6529015625871192,0.12128352384894818
451,5,-0.08974884944679148,0.5626327818319787,0.1530873697758966
451,6,-0.08785977678110185,0.5978649218715352,0.18840700078941536
451,7,-0.6396232841869163,0.7932660964966218,-0.07965538733860444
452,1,-0.19427994587410619,0.48288851641932784,0.013475013900278615
452,2,-0.3086878351113448,0.3613194283501336,-0.1072249321666292
452,3,0.6101669503859074,0.7850028868927221,0.0002910372931729999
452,4,-0.2162863313690648,0.6867582219475935,0.059936731370802986
452,5,-0.19941668445245547,0.4246233359682657,0.012484833600601375
452,6,0.1359081028523841,0.4120988864922307,0.022701160849598466
452,7,-0.5512788457925146,0.7602299948374269,-0.04901380251345756
453,1,-0.36350795941860486,0.4723318135723916,-0.1355246781180682
453,2,-0.11722069504038547,0.33140437906881154,-0.1524036248019088
453,3,0.6105552512419512,0.6775540776718695,-0.00906068373289587
453,4,-0.5995638621646363,0.6587332796026635,-0.10393432698726601
453,5,0.13814591152899214,0.32776597129469565,-0.1273295778545417
453,6,0.22683423963244018,0.1534727973290336,-0.3233872161752005
453,7,-0.48994223095770456,0.7512056829321272,-0.18887746956322413
454,1,-0.3114967322683457,0.48710175393498023,-0.13458581969116687
454,2,-0.14450951539642198,0.28065707682039115,-0.3267987915224334
454,3,0.5457102339700269,0.5713624592458101,-0.10482071201669016
454,4,-0.4482781691829714,0.559280714818586,-0.2617303163348287
454,5,0.10076773125937634,0.4217508062639155,-0.1774663464924502
454,6,0.2275106523566599,0.12362462765027118,-0.356056770191053
454,7,-0.10705108968188949,0.48489977684312363,-0.31276418606312256
455,1,-0.22916964470493992,0.4697430450471573,0.02120780911455797
455,2,-0.012940936337057044,0.2365756115355555,-0.09152574560909502
455,3,0.49992410023947226,0.5984744599084454,0.03909930499435758
455,4,-0.4697416499210584,0.6698171739071125,-0.18550192924397182
455,5,0.039710491128930235,0.7210281491263738,-0.19829836709025675
455,6,0.24513891527099652,0.3187568474715845,-0.3967471795986674
455,7,-0.1733796161496397,0.34027654372935073,-0.39776148219220303
456,1,-0.03986575193391343,0.49713689988493237,0.13451718046212574
456,2,0.025022275935408032,0.2716505210146228,0.0468574872138006
456,3,0.1458211019513799,0.2685238243191751,0.11797739068782279
456,4,-0.32945891922433684,0.35202912772757666,0.0180057330386207
456,5,-0.20412602929918694,0.624824027549931,-0.06264748447437986
456,6,-0.10221101305315601,0.26232902393824614,-0.18573801459993167
456,7,-0.1848477093656672,0.27361072885819976,-0.2853934212148411
457,1,0.05137562660115807,0.43547712258725174,-0.0064030589377246675
457,2,0.03557948373580104,0.24022866220941944,-0.1255270982167639
457,3,0.18618687955913737,0.39607425295874266,-0.051233300854062996
457,4,-0.11499808093802122,0.5170166337525476,0.043161993959555056
457,5,-0.5313114330829932,0.7450338456337989,-0.03854340781642661
457,6,-0.11020027442965864,0.48935998325621727,0.04967033038162549
457,7,-0.3188847015479972,0.46799299510095727,0.05836532592797725
458,1,0.31668974953111423,0.3557810133397099,-0.08644331661770624
458,2,-0.008341395080149324,0.06644228658569862,-0.27260027426614547
458,3,0.1837784619439871,0.301643593224886,-0.031041574898579498
458,4,0.3416698070377239,0.6395612309931394,0.1784811623539975
458,5,-0.12303290058629941,0.5447394061628262,-0.22416205110503692
458,6,-0.09775313116660699,0.14048247057938335,-0.1999063885538785
458,7,-0.2040275669096428,0.4438600799548088,0.07068541041120362
459,1,0.29956137110737274,-0.05497421885920809,-0.08237523543757103
459,2,0.15551044978952364,-0.2104450050284995,-0.0939623139792753
459,3,0.3257097116902332,0.19266254802309624,0.2701518749545576
459,4,0.3069129702321928,0.15632169604884016,0.13417966556553992
459,5,0.008711118384945078,-0.12068721189356064,-0.15785162632072128
459,6,-0.05256978614467778,-0.324523830183539,-0.14093906652045868
459,7,0.5645297182853853,0.5294260905321171,0.6936520898191794
460,1,0.27736647486399724,-0.046282098312781246,-0.11093128167244477
460,2,0.12363507628971902,-0.2620562820304546,-0.16216597580277678
460,3,0.23507952140708763,0.013038311796113653,0.07968590657343236
460,4,0.2872278964335215,0.046199326138903464,-0.042324300088296025
460,5,0.15021777146175916,-0.30308050285093824,-0.28820598628362465
460,6,-0.06757576057293169,-0.2555714146011954,-0.22477155808053212
460,7,0.5222867056852644,0.47194972251749007,0.5570890414191408
461,1,0.24062950063608277,-0.007519003613386973,-0.1364438452790957
461,2,0.124763569830251,-0.16401967420547217,-0.1552345856431418
461,3,0.21621244191595157,0.08822211945896419,0.10230106453307419
461,4,0.29129337934249,0.008780328059569215,-0.02124314801808246
461,5,0.13971034879499145,-0.32332360432418883,-0.32207920739844353
461,6,0.05776367643198468,-0.37414926710609403,-0.39453783640815676
461,7,0.4944422214616034,0.1455406695244478,0.36147944590301045
462,1,0.28091340841381396,0.004455141850706956,-0.10769617518751098
462,2,0.1501120748196531,-0.09094737305203056,-0.1414848488953454
462,3,0.22490756015573346,0.18179744569448308,0.1436778417310678
462,4,0.1635071988291025,-0.075669617278088,-0.048353772796578015
462,5,0.12251866157609127,-0.06529079866246877,-0.25492388951572675
462,6,0.11070660932705072,0.020103274136732723,-0.26794689860886906
462,7,0.011325440009672116,-0.213999975205151,-0.3024501852323533
463,1,0.23985194596004974,0.10331485299452468,-0.07008342625947263
463,2,0.06859158559456306,0.14703369691793142,-0.14735836933524668
463,3,-0.07927874372034925,0.10492007319766253,-0.1610195686741555
463,4,-0.07264009535922208,0.050019396803767,-0.18947900682558572
463,5,0.03179488045627546,0.01803453606269656,-0.24617936134909665
463,6,0.16407150008074045,0.16045154686314633,-0.2213628754716839
463,7,0.07505144264817998,-0.06866989052219667,-0.24643195799946224
464,1,-0.05598831668138656,0.8040553347894335,-0.15377253521166323
464,2,-0.1927493972554907,0.7604294682411836,-0.16010726705864248
464,3,0.2747805732063835,0.7494610945381022,-0.09959329552851584
464,4,0.02248946531325416,0.6067901435324473,-0.12607064595259385
464,5,-0.23592201780691305,0.623461521872153,-0.1774794529989439
464,6,-0.018864023730182547,0.662935467211293,-0.2127679520166651
464,7,0.22776606096479413,0.6982052014767361,-0.27363525033382785
465,1,0.17827331860949475,0.7032610973041643,-0.37901336980771433
465,2,-0.11452701414717258,0.5708086303420915,-0.5058251634890419
465,3,0.34048993074421163,0.5677136561766406,-0.41438434132795415
465,4,-0.13702445360114407,0.5744571639762469,-0.2856095290170102
465,5,-0.11827177911781893,0.7278420010913159,-0.2342923867614982
465,6,0.12247406230710957,0.9000306513606905,-0.2245058996304161
465,7,-0.3338591659598695,0.8179085375450011,-0.38869549755174154
466,1,-0.12182275094960374,0.44707749261870183,-0.32948726227228026
466,2,-0.18519290043819364,0.2712471172747419,-0.32623790988581847
466,3,0.0007689035192580211,0.08704658508639071,-0.22504557687201665
466,4,-0.2711214959424643,0.10533275294674367,-0.25681179665338766
466,5,0.03001769229336515,0.3790057722170048,0.06044471810281378
466,6,0.3528125811202496,0.5333607131922452,0.257067455652827
466,7,-0.08662583802902085,0.09265248249275133,-0.05520514348628595
467,1,-0.517205511277113,0.5607824821741065,-0.03652644601400638
467,2,0.17328376588145492,0.017567160241791353,-0.3495888163975975
467,3,0.02707549618118009,-0.26037227111937905,-0.3480477064305254
467,4,-0.22262393975368863,-0.1285786337772103,-0.06612938300308904
467,5,0.09809470093624482,0.17122047437015112,0.145832482958287
467,6,0.11057634258692683,0.44844533392753017,0.35124327365383434
467,7,-0.24701989210086728,0.23461636546346376,0.13200752567627425
468,1,-0.39296060708397534,0.26256640253453184,-0.07728224911899395
468,2,0.05389355554763201,-0.05706742004145061,-0.25998150602682313
468,3,-0.09010769790943694,-0.49193691058794004,-0.279299726938061
468,4,-0.07082448775290254,-0.33448263574925124,0.027827202433163757
468,5,0.27394769632700144,0.04324130536677692,-0.2065781462598416
468,6,-0.3908434394299966,0.6246660145849764,0.6796242118657948
468,7,0.02726749287292383,0.06675533678847113,0.0863088293295395
469,1,-0.5409727770218526,0.26461494307601724,-0.23622522625480885
469,2,0.07694530470335537,-0.3560269166722357,-0.20727905277313344
469,3,-0.0442919321976751,-0.47738119063525825,-0.07395471238585768
469,4,-0.06904333847621695,-0.536318749254753,-0.0002966631514224503
469,5,0.32916203215313,-0.08951817195703045,-0.1712016872248065
469,6,-0.5581027821590356,0.7534130289727955,0.4786217455850125
469,7,0.4264815746046283,0.4355305120072931,0.3800293841316322
470,1,-0.6083217419140817,0.28974520029052014,-0.17349716596446196
470,2,0.08120651885466619,-0.1922438624415226,-0.13115932659792415
470,3,-0.02669136083074939,-0.42527007859113347,-0.10727592809658146
470,4,0.011295610540341394,-0.4438926932683715,0.14415310678366486
470,5,0.31675848146776253,-0.012163068138642477,-0.24985693371694823
470,6,-0.6770737163455548,0.5653455272522157,0.24398140866348722
470,7,0.589857584743764,0.44482361503105344,0.2420615494583369
471,1,-0.5529086863490927,0.32896665928088636,-0.05731016093355965
471,2,0.03946065273525219,-0.0582167272216981,0.03759396053215639
471,3,-0.05950417455541778,-0.09058282269559959,-0.061204183663731024
471,4,0.03907782291687518,-0.1691355213923161,0.04292250437532296
471,5,0.4011414348943593,0.07222386435802193,-0.37812484148880576
471,6,-0.5831168981038379,0.5587753663873763,-0.01311481300800357
471,7,0.3325191386855587,0.2813235516078503,0.266128308842053
472,1,-0.31546581861596207,0.2418620213013604,-0.549282754938039
472,2,-0.0835499054440888,0.12870711883939123,0.039630200051856614
472,3,0.17043959207229908,0.10205175183067147,0.10148215240087458
472,4,-0.06580451030318855,-0.003277843814750243,-0.08566293440443343
472,5,0.03545854669646283,0.26968740749438996,-0.1487913778643085
472,6,0.16978114179217144,0.20343985225336925,-0.012836972005793671
472,7,-0.21592725032633994,0.2144377491966166,-0.11326521076680222
473,1,0.06279273578747221,0.34139781724678475,-0.2745459380281721
473,2,0.17622067357684285,-0.03896029192825275,-0.07066186875445699
473,3,0.21159297315523787,0.16344487159603463,0.14963372087882168
473,4,0.08381459326144093,-0.00901835907171031,0.04055006269582464
473,5,-0.07325527008098257,-0.3222334250946637,-0.15646185896993536
473,6,0.21675257279446655,-0.11551157944293917,0.16730936046945674
473,7,-0.027536187452606317,-0.17338396997962782,0.047603922143939
474,1,0.40526143767879574,0.41459187724599855,-0.061268409565417604
474,2,0.059409523214625,0.0007158558341233648,-0.24270081174916927
474,3,0.486032945489152,0.33463674845227614,-0.07408400821665959
474,4,0.2611835756801714,0.09370668326653368,-0.3583764221383734
474,5,-0.25406462567783394,-0.3088744832193187,-0.5413033048588581
474,6,0.08333343534179297,-0.07042111279980129,-0.10791153789558693
474,7,0.22491757040281857,0.019201512750370367,-0.07778494153127635
475,1,0.22994460427437177,-0.07849624480258768,0.1408994157753409
475,2,0.15057830676231337,-0.12465051715462469,-0.2888270221675579
475,3,0.18154132763612818,0.19707003407743043,0.14868931472693547
475,4,0.2485097295163615,-0.13937742200147302,-0.37278582214476436
475,5,-0.06591868794770642,-0.6213394192376093,-0.5352102719765107
475,6,-0.35528976233369997,0.14070440096105727,0.2077379756622041
475,7,-0.3382718210028117,0.24141640851827048,0.1498607997649004
476,1,0.22340365750541394,-0.3164430036917316,0.08007672180589569
476,2,-0.1372258832380845,-0.01855023445636136,-0.3139798631807799
476,3,0.09268315980312508,-0.1212477394434596,0.30287787737486893
476,4,0.344242823067793,-0.07099491698692445,-0.2800539347459963
476,5,0.01122417234327195,-0.47693097640950277,-0.4492607460401975
476,6,-0.39486779134226885,0.2831176527243496,0.05955749472297951
476,7,-0.4748779756042463,0.3549648600147223,0.1210866771098831
477,1,0.07951074440408194,-0.3188016583986896,0.20690079821623797
477,2,-0.1574202974479595,0.02287740221307247,-0.2915036105701821
477,3,-0.17502093719486508,-0.20915414911171773,0.06275016313718451
477,4,0.1756559187552363,0.03566356035734409,-0.36409107170185756
477,5,0.1442337852730083,-0.45164086248860197,-0.12801765535854476
477,6,-0.20061948526664297,0.2556215035207683,0.2799313940711865
477,7,-0.7791448339053824,0.4691911873873332,0.29412574757527676
478,1,-0.24660677775067974,-0.5468888184119611,0.00489894691974528
478,2,-0.024020611548356212,0.3875097626571443,-0.03374750265862124
478,3,-0.37660303127150035,-0.19673894554929994,0.240306913237658
478,4,0.2722391034077132,0.04859435271824826,0.02155206759258982
478,5,0.11042540646520436,-0.07085720836938601,0.19814228008950482
478,6,0.19575808265588612,-0.09473575906079394,0.09518883119686183
478,7,-0.34882759084363707,0.5321224291858688,0.07223111497799876
479,1,-0.19338388143922575,-0.37961515479235086,0.013478282396946055
479,2,-0.02403269547946027,0.3625015636745025,-0.13724183582093752
479,3,-0.2732943881578155,-0.23577705692766332,-0.0641002191803966
479,4,0.0927608002701228,0.06395355148102144,0.0023092818126460267
479,5,-0.08405726245966423,0.04251980521420197,0.22609814633231692
479,6,0.20794448373218372,-0.05549305672748368,0.11674847813876164
479,7,-0.12993888332878575,0.546352096272591,0.2385024221341254
480,1,-0.40939163122604194,-0.13881257934553984,-0.2082226352901291
480,2,0.3232170546675692,0.5185941320994921,-0.015343571547048193
480,3,-0.38632752476089366,0.03543027035567729,-0.428716393760035
480,4,-0.17860594947185154,-0.07478206941516448,-0.11757964981865597
480,5,0.06667171325951718,0.23750185351483774,-0.2707321586822678
480,6,-0.38222373233951346,-0.1660662096360384,-0.1279520706563083
480,7,0.7646107401014812,0.5079634240875736,-0.05313359492703893
481,1,-0.5101262598426957,0.20806168921842827,0.033755518785030615
481,2,0.5818375742126315,0.25222582821916334,0.17491215496606968
481,3,-0.4080908737415594,0.16125797187685126,-0.2874690686458395
481,4,0.005870143083726424,-0.1082011539588553,0.17069160858397162
481,5,-0.054147072670382386,0.19509670887823444,-0.1818234147271871
481,6,-0.3661790562935607,0.4220507428205634,0.2461226783456419
481,7,0.4703083042209846,0.44700954515168795,0.01889336180974907
482,1,-0.1421029999624571,0.11974108965770233,-0.20047173143493727
482,2,0.32529000607239633,0.1613512316515871,0.05122539708796945
482,3,-0.1603750157442759,-0.029780604490712355,-0.18974230000647596
482,4,-0.30907099006637195,0.021771473559013165,-0.2592333967613115
482,5,0.2698149138146806,-0.028910711951937156,0.09315755727402379
482,6,-0.5208314484132316,0.34826351993755744,-0.36039998577437937
482,7,0.34306122976284237,0.1759919595873484,0.07607969349396124
483,1,-0.36350672495118636,0.20242269727620796,0.028607882325495052
483,2,-0.10843879123627066,0.09008518191566804,0.5013134476393075
483,3,0.07529900728343097,-0.06041864949409392,-0.040200368015600375
483,4,-0.19492060634843472,-0.4027997792544547,-0.21630270164517695
483,5,0.287132615007364,0.0429763177810583,0.2346329872530345
483,6,0.0058158977358960225,0.3638825246406521,-0.28976647981492315
483,7,-0.39714410795209665,0.2986335490480774,0.5394187503042791
484,1,-0.2543798460249819,-0.03826941431615358,0.015452079688027122
484,2,-0.10218070630935218,-0.14845372080941047,0.192591816324405
484,3,0.045822906698365355,-0.4440456371537422,0.018439370942705775
484,4,0.11010192033533589,-0.2964485059418179,0.21142163872680786
484,5,-0.24960720645392226,0.27483426929962085,-0.49672185475301434
484,6,0.11803686745184111,0.10093525517620171,-0.15478977167861252
484,7,0.18708028562150963,0.606153775002152,0.7980106605717162
485,1,-0.3156455757385523,-0.033772923226631134,-0.11661002272327013
485,2,-0.14047028024871044,-0.20432778630051587,0.07115963445918445
485,3,0.031029276399904715,-0.5131696730709665,-0.18564365441016673
485,4,0.09068911319639614,-0.1674488275112173,0.16269762081358483
485,5,-0.3546800864048225,0.3361912142577484,-0.6258531487318468
485,6,0.4608377625020955,0.042155567520799714,-0.07295121363851341
485,7,0.01734719677403155,0.50490941060748,0.6506301619327346
486,1,-0.15790829984222376,-0.282913684959298,-0.03715130532321384
486,2,0.01606450547943585,-0.14257725404444807,0.13263099341929044
486,3,0.1867276538257486,-0.28745823916537566,-0.23168106780152134
486,4,-0.28372957681458955,0.27474814624819555,0.6458397640788707
486,5,-0.26647224834454836,-0.08732451746089681,-0.4841604100177923
486,6,0.0787243628920768,-0.02052299343041314,-0.05323755159893426
486,7,0.19210683092929745,0.0725218754380517,0.27668443302604184
487,1,-0.24663377418802554,-0.2881723296824524,-0.011168326763925814
487,2,0.12253967150500461,-0.182173855126578,0.08067923580636052
487,3,0.025891482663312003,-0.30847643396964947,-0.1219425137841353
487,4,-0.40644328833794513,0.48091761272364897,0.8490130003605123
487,5,-0.18978003911914768,-0.17404018571499813,-0.3089158160664632
487,6,0.08447627047020775,-0.029287949900159402,0.050994858122568015
487,7,-0.019833691359466995,-0.29325286048419374,-0.0732107961139574
488,1,-0.10729255359716137,-0.28847063608479245,0.0252773207308848
488,2,0.06469288083575157,-0.10586612815130218,0.12766634761618753
488,3,-0.02975312374153435,-0.18464043355946066,-0.13547235303838
488,4,-0.548763796749404,0.5314549273702551,0.6471775044265097
488,5,0.15024990085203932,-0.4364625866628359,0.031209331708592806
488,6,0.15501703904029482,0.21217863474773893,-0.03138352433442068
488,7,0.07399298952321792,-0.33406887699582166,0.0786324083301328
489,1,-0.09496314360124991,-0.3237161409972953,0.07531613315254705
489,2,0.07040897512161931,-0.07645105656372345,0.12969406436300368
489,3,-0.043565042658065524,-0.1271095347317152,-0.06379460607086794
489,4,-0.31090642309864114,0.5606129622732884,0.5116241372524847
489,5,0.12549803902976822,-0.37170999952933775,0.046557381695024776
489,6,0.009872372933679823,0.2693760313915967,0.03212608045616735
489,7,-0.024443933927782834,-0.13685406039635528,0.14639926241718967
490,1,-0.00869860502403561,-0.3608663250897231,0.12236599830641914
490,2,0.08034479453916328,-0.03964951340720321,0.2027893072862734
490,3,-0.09587116556081006,-0.12235787391648856,0.31755642182988575
490,4,-0.05276820699376862,0.40393433494786934,-0.10544538461848124
490,5,0.05647778638394621,-0.2263596976594869,0.16720636236209033
490,6,0.21945346665742543,0.13657301683147408,0.13725322476788884
490,7,-0.06743678454355417,-0.2364897278836023,0.40051622383400565
491,1,-0.06660910657340283,-0.17132359965216767,-0.020834161480143602
491,2,-0.17127076622928203,-0.3456379335565012,0.18955041276570847
491,3,0.21449505360399468,0.044234974476240266,0.47589796326158523
491,4,0.09672004203556497,0.878660360963923,-0.5679857691196757
491,5,-0.0642724426177833,-0.2030537404537671,0.19455053699903094
491,6,-0.12808644688387166,-0.36364729402105855,0.5887993997016246
491,7,-0.3581058218258562,0.18772898724378692,0.5617866791395536
492,1,-0.061653656122320794,-0.13774234154560605,-0.027647210814783312
492,2,-0.08628489695210595,-0.22829486971156313,0.10928425424716061
492,3,0.3308190949345904,0.1401271085848371,0.31792077940948904
492,4,-0.18489660341070333,0.7496274309981011,-0.6247892025490589
492,5,-0.09011775196174464,-0.20801848133401177,0.02650492277372467
492,6,0.1338360461288796,-0.18228769544375437,0.2565186971645385
492,7,-0.2796871054153253,0.42685899524502213,0.31961569239232146
493,1,-0.0799289523231688,0.041537105472259646,-0.14381213969839604
493,2,-0.10183226101325141,-0.10156854787315087,-0.0358033105638829
493,3,0.4323120840852584,0.3735812061205452,0.14809517780391268
493,4,-0.5929243052423322,0.5486424631030847,-0.5108416664240485
493,5,-0.1884350341142545,0.01053423172962221,-0.11224309180826038
493,6,0.15494617648078837,-0.06411088034638747,-0.07956974387016817
493,7,-0.4507949781775176,0.5312885847042748,-0.25616824283401607
494,1,-0.0022295830204695087,0.303424680392022,-0.33912683901211416
494,2,-0.09770927795149181,0.2135626346022717,-0.23076268853007964
494,3,0.4426903966327444,0.6074846347767157,-0.06102083478547613
494,4,-0.16630589548864896,0.31240693300041095,-0.43798956749853135
494,5,-0.05674647114901874,0.29537627817647083,-0.41834179028482615
494,6,0.23691588469938424,0.3921333848672704,-0.3615770777945372
494,7,-0.17085636972241938,0.2096636842099013,-0.5494382171146613
495,1,0.33968907901561574,0.2593076364134699,-0.3864802263381736
495,2,0.1825264909658202,0.2552335566467896,-0.24420868278167615
495,3,0.36605546145479345,0.4803650868636495,-0.18199599772903127
495,4,-0.10588074896106035,0.10596516939202524,-0.3376796520424117
495,5,-0.1905832171188564,0.16032384933927823,-0.3675301969354105
495,6,0.027990485134562853,0.17933216816736663,-0.28224401617359623
495,7,-0.008303917979773836,-0.15376399385058287,-0.44612032767472104
496,1,0.42212998870393564,0.32694742596021525,-0.4102190910055884
496,2,0.3559704024938599,0.4085644929189502,-0.28616250967559176
496,3,0.4564472211675074,0.4745602808132518,-0.3059051278462025
496,4,0.1837351797907233,-0.07381640156188021,-0.4836914032587235
496,5,0.11643175571204402,0.20499940557488347,-0.31732310656476115
496,6,-0.07717826156482646,-0.01532510045695576,-0.22518064510600758
496,7,-0.07586811910246606,-0.12835670582847114,-0.14014563776042804
497,1,0.39610686457231425,0.0857751617278016,-0.5228140087641542
497,2,0.6659660636385756,0.3139786711108359,-0.28817355730270916
497,3,0.4229079873161492,0.197512009649429,-0.34873869836583443
497,4,0.2501543092218401,-0.20720168232912545,-0.56742257502106
497,5,0.5151730611701277,0.3603980629087535,-0.217171215926332
497,6,0.27988803026481973,-0.25253829764563657,-0.39346912091449526
497,7,0.40381097391640464,-0.1413924649423152,-0.2890325627072346
498,1,0.34824403864631703,0.039505096042093714,-0.49342550718761474
498,2,0.6905221106988343,0.30503466076986724,-0.22853843715626582
498,3,0.3612278699120659,0.055744347513026635,-0.5135335200699751
498,4,0.35486869048469283,-0.23561459051974767,-0.6834636675009331
498,5,0.3368375604478924,0.2934140639220764,-0.5361843549169929
498,6,0.2919165102179782,0.03297693140882403,-0.5657089195384534
498,7,0.25161744664336066,-0.008402485658303139,-0.6361938662198823
499,1,0.2950675540867785,0.08106863365731527,-0.494616633443843
499,2,0.6632745623457083,0.5052252912424059,-0.2813732061636158
499,3,0.32566835930625604,0.3640937533280676,-0.5019923448701598
499,4,0.368796229645771,0.07791839394986971,-0.6784714196413275
499,5,0.4306380274688077,0.562485841874982,-0.42233804894076
499,6,0.3170439637413013,0.04532608434523094,-0.8736389234407238
499,7,0.15931317782017845,0.01835908849619898,-0.8755727737131004
500,1,-0.025962979225444285,0.23200127438173995,-0.36998348323881375
500,2,0.5256858246704268,0.6613088289686391,0.015252474294374131
500,3,-0.12774165088630576,0.44823135803073094,-0.29645287689425015
500,4,0.4085980789032434,0.4472179097669686,-0.3578678004252283
500,5,-0.26944964310058966,0.540375124606516,-0.5998299303201894
500,6,0.30524406596886694,0.5390028173444732,-0.5565803866486472
500,7,-0.4102195719479183,0.3965359011599249,-0.7178717717448131
501,1,0.4201787256056523,0.31788947004861245,0.35511300044347344
501,2,0.4222115592698556,0.3806841238186919,0.4383343331742784
501,3,-0.03961293727856923,-0.04531112345854834,-0.005772355190444935
501,4,0.07052638624057547,0.03706615067980557,0.06541839861707252
501,5,-0.23109297757393726,-0.07826020908744472,-0.2110498260952772
501,6,-0.056606175988312864,-0.08096063362549878,-0.17387430135400814
501,7,-0.16881707968609982,-0.20033653793222844,-0.19201221118499537
502,1,0.2609531867662549,0.4058866863634097,0.3544303663892444
502,2,0.506955548370158,0.3813759196559103,0.4264205007339548
502,3,-0.08577107086976486,-0.2515581810121583,-0.14992358084613833
502,4,0.0984472068005427,-0.06151130862126904,0.008508641878666914
502,5,-0.2766189383963772,-0.1927874837730207,-0.2554861912076262
502,6,-0.042154673178706,-0.08771711903517987,-0.13067160263732955
502,7,-0.1301080177986261,-0.23178387248466945,-0.13482592884791617
503,1,-0.02253512267089175,0.41513368051596283,0.4603138585033115
503,2,0.21774771373708174,0.10050643187490955,0.26195273693966703
503,3,0.040891241482391164,-0.2815055309232585,-0.020055690912590834
503,4,-0.03203605626114941,-0.11923178610418074,-0.0870373820373452
503,5,0.37213693635142,0.25197880928118327,0.15731816943727928
503,6,-0.15718709692268135,0.4439081642797919,0.43041703248557595
503,7,0.005059841826716929,0.18822780694049063,0.388422908775297
504,1,-0.09169757769517169,0.42950928217172357,0.4120307017094073
504,2,0.31155459497062743,0.09155336157865863,0.2896224354806982
504,3,0.05143195192004568,-0.3852854263944967,-0.03981430129069482
504,4,0.029515363352373297,-0.1996617970700385,-0.14843394248127706
504,5,0.43146240678607467,0.2835240884708305,0.17002266181228953
504,6,-0.19045033245159038,0.5090449464818556,0.3926113617325541
504,7,0.272018511655741,0.5542665376498476,0.48373329237416174
505,1,-0.07427360586402137,0.3830294249682234,0.38854012268599364
505,2,0.28276869234550744,0.06015332128865452,0.23121569358075852
505,3,0.08636101496490843,-0.3530159613621403,-0.06847509239560995
505,4,0.04667837014774301,-0.21880864639894612,-0.1654533164131945
505,5,0.5626232765864935,0.2292813141412409,0.26375417474657037
505,6,-0.28365960657804323,0.6031708732139454,0.32424774880292845
505,7,0.4765399804991005,0.720036100954994,0.5314481057954279
506,1,-0.4075117893174875,0.25037976611204166,0.1374906888936575
506,2,0.2024396374258974,-0.07825323477563685,-0.017777160425272543
506,3,0.05763108070652751,-0.24283720442411236,-0.060849399850322436
506,4,0.0013252388175766534,-0.21042157843431492,-0.13190675720194664
506,5,0.6318882324233878,0.335701713755451,0.3463282530260642
506,6,-0.6346691870643234,0.46020844122807225,0.11008976356756653
506,7,0.5561788408668557,0.2927207391801491,0.1434061341421235
507,1,-0.3441342540691268,0.44728114510317424,0.11414667969662003
507,2,0.0971852237733406,-0.0636920662942967,-0.08630549335663883
507,3,-0.08519118179128679,-0.15728283283378153,-0.07066686088140442
507,4,0.12485235597818832,-0.27518440938904026,-0.07480245373155793
507,5,-0.11339721971050797,-0.09856254087453137,0.12788907097650376
507,6,-0.1162983692119904,0.014702550118910689,-0.18345073884256916
507,7,0.3338590743018771,-0.021455099130239078,0.16529072843293618
508,1,-0.3473817689036511,0.3556225609937272,-0.5355017506166789
508,2,-0.11736902220638934,0.011659662469350152,0.08395849934079473
508,3,0.24640479345805988,0.3580889823082444,-0.0237221690925901
508,4,-0.09575541021870183,0.12802673390346495,-0.405624195631631
508,5,-0.1169631959408004,0.07305906122860366,-0.14192424261107464
508,6,-0.3028798600515419,0.11848166554611396,-0.055815999690338486
508,7,0.17457152988166483,-0.31086248709202013,0.08929413369270225
509,1,-0.41922580065813736,0.4399636659789716,-0.5366733489272185
509,2,-0.09983683272052542,0.11998288592223784,0.06700425061304739
509,3,0.4612133100304622,0.3247292126679582,-0.06863984561949875
509,4,-0.2092993949151554,0.18203774376782614,-0.41443455047275685
509,5,-0.12161521163344459,0.20099208711852384,-0.24513710237364553
509,6,-0.018481936356951573,0.009659972071437234,-0.000756252186704611
509,7,0.22170161867419932,-0.3700980202633203,0.1288077674997217
510,1,-0.3228500954856706,0.38547929438709055,-0.5067847947188432
510,2,-0.1361006067194306,0.0709076011862364,0.02822047185922122
510,3,0.27072183906127456,0.3592237095568145,-0.1112124179418853
510,4,-0.05343056353588483,0.3628343475835425,-0.2880629915244715
510,5,-0.15076845607918898,0.47650573203712926,-0.24440412054993416
510,6,-0.16440907400088023,0.023978462962720576,-0.13872886123224132
510,7,0.3069179748316723,-0.3145653165702423,0.2517892969060607
511,1,-0.3152295966974587,0.44150722335651704,-0.5003851343553263
511,2,-0.17447557962106372,0.06627585291629687,0.026840305212327015
511,3,0.3871102158781068,0.3463428083055946,-0.19321457006014484
511,4,-0.06183352932169916,0.41338261430754997,-0.3296422541679756
511,5,-0.011680207741361852,0.4016130840904503,-0.337119193789935
511,6,-0.19045547008026273,-0.06546349210451034,-0.2688567654700455
511,7,0.11889496379673963,-0.32445704706400824,0.16871005341655188
512,1,-0.372687395736465,0.39772628567309126,-0.46770329356618306
512,2,-0.2667309032757849,0.0936882931594883,0.05204709308023122
512,3,0.2580379976847898,0.13721894425505227,0.1046304981925278
512,4,0.05443880890308529,0.15660156667857006,0.12674803503699406
512,5,-0.13064861587673196,0.2803020078622813,-0.0768311123047202
512,6,-0.21141579545737507,-0.18380903139222318,-0.20867864707665615
512,7,0.046336799996130114,-0.20615713392218712,0.061037573105378475
513,1,-0.008670957046075126,0.031135137990704935,0.03447356613751258
513,2,-0.438363161326623,-0.0069505875717715436,-0.05234774851535838
513,3,-0.11017625583866505,-0.15217543725867363,-0.2691433773291624
513,4,0.2677979495244662,0.3220438096963042,0.02872885804763033
513,5,0.11496542868522701,0.016226658481209792,0.11263333054124525
513,6,0.050948530964891096,-0.42453313080857613,-0.21106639906562666
513,7,-0.03263609237432947,-0.23553091051981873,-0.10347092676568848
514,1,0.16616546146825015,-0.15722892026516352,-0.14303360325859943
514,2,-0.4011574897911913,0.004149492910959622,-0.12288779877501349
514,3,0.18396429359845018,-0.2483861607725526,-0.25022921764719286
514,4,0.08752634972024283,0.06016378509193338,-0.0927409234337295
514,5,-0.3860122528968428,-0.43430807079386036,0.14648217344508568
514,6,0.15062402412110795,-0.2526504895689803,-0.3753834054212408
514,7,0.15235787447153604,-0.03675003951613468,-0.13586417442309234
515,1,-0.1968508326787254,-0.10199154793094886,-0.05479131046599544
515,2,-0.31538278966063643,0.2586771812253973,0.04996370017533446
515,3,0.07811764654737802,-0.3788349802548989,-0.06123000307071749
515,4,0.291840398839658,0.06841529226560351,0.07526588622910327
515,5,-0.5020623027676515,-0.3317718997255718,0.5018228176679106
515,6,-0.15816801366682698,-0.11380630574802368,-0.22239662422431114
515,7,0.4369162323434718,0.033085515848974956,-0.009814789328182258
516,1,0.06260930264088702,-0.09994637074972472,-0.18627706304632197
516,2,-0.23747372963070212,0.042205442675333035,0.15766156002667095
516,3,0.03880712417911914,-0.39983272764009514,-0.12971568914686546
516,4,0.3092599109475384,0.1878118758367297,0.010500373389784746
516,5,-0.4594388691173716,-0.22871422844329528,0.3291031554108058
516,6,-0.2842463764849955,-0.03430459507174901,0.04385734701217081
516,7,0.16754067463556438,0.05841072775619809,-0.16817118751208127
517,1,-0.06429754562381235,-0.1357788768369716,-0.06168788878723137
517,2,-0.033553002814100605,0.1252237774877041,-0.05779024921181817
517,3,0.05728031256941768,-0.23412405824461266,0.05307020114535464
517,4,0.19359758501567953,0.06461263816081891,0.1679680421154095
517,5,-0.5330006344267467,-0.08173823075084725,0.43425510949601576
517,6,-0.016224577912237678,0.035869058992259555,-0.025625742233997575
517,7,-0.008036440613613631,-0.0639406331194089,0.0018236276157630636
518,1,-0.29476576581352565,-0.026892825693639034,-0.22029506831868154
518,2,0.3094258605218822,-0.19281601027554088,0.01270941053525743
518,3,-0.13804262836729145,0.023369090036952204,-0.08500054351129933
518,4,0.547319419351539,0.22377579192326272,0.0408788916011693
518,5,-0.5263993363875676,0.4957278200247371,0.018294783766516887
518,6,0.10841634733199096,-0.23470805606920128,-0.004375218718840661
518,7,-0.4090371961644517,-0.6387281747137624,0.35612396740088004
519,1,-0.26945657937702827,-0.02547155126226126,-0.1597561141735559
519,2,0.3368212562579138,-0.10457702553271751,-0.03406794476120968
519,3,-0.14458755818375063,0.010564667361932473,0.01412616781183243
519,4,0.5006576545328861,0.12322710481155073,0.22007843974200542
519,5,-0.5631044681423942,0.5321189385465505,0.16044719522722478
519,6,0.16215965265841498,-0.4312161548439068,0.09686168841524068
519,7,-0.606357432698434,-0.3673377797913711,0.5999537640613524
520,1,-0.1465814496337338,-0.1587880432199042,-0.21987428980725066
520,2,0.19989580820778405,0.2236936525459992,-0.05903066839695295
520,3,-0.2973219578213534,-0.14299143521621357,0.05468517630169477
520,4,0.436246203528331,0.06011265900255269,0.31194186065121354
520,5,-0.33509601499195674,0.3670442338378019,-0.2982629555354978
520,6,-0.18679365132323594,-0.2729891813064099,0.34328705755837574
520,7,-0.26395425669204625,-0.1948070994247931,0.1500505369821526
521,1,-0.4161389508707832,-0.05543187231828764,0.07300767932723955
521,2,0.471814599090204,0.3970830613426676,0.018503350659711117
521,3,-0.36875110511971565,-0.13008360203788427,0.13646745441817315
521,4,0.4284993333982458,0.229317627958523,0.25562607422869094
521,5,-0.566976707849515,0.2652371160009848,-0.3486816867859165
521,6,-0.12940869305753627,-0.17492808136674334,0.320378155504785
521,7,-0.10085510902653279,0.3210383047570381,-0.24656253828992403
522,1,0.001201881048555273,0.06390815193757121,-0.13024114803773265
522,2,0.051655584808033186,0.06725718166446217,0.20294385402514334
522,3,0.007953642709143135,-0.2869976370215042,-0.070788978342594
522,4,0.1783938038035554,-0.02659798411227712,0.08239451168438487
522,5,-0.23169407299831277,-0.13014542361200584,-0.16054203849046453
522,6,0.07856499711026894,0.18487088922518302,-0.2207348972972113
522,7,0.6033551726143287,0.189574534697355,-0.5812235749381558
523,1,0.257917835835391,-0.03317101592302143,0.0444155232510346
523,2,-0.32394258585636343,0.3119879226693429,-0.08566660803564502
523,3,-0.31272473066688583,0.06997391036497723,-0.33562719364085764
523,4,0.0029331912296694388,-0.08031555549326838,0.1875550602497056
523,5,-0.061337009546358616,-0.31239662352055764,-0.0888329291173493
523,6,0.0852101860929494,0.06776128145427959,-0.30634775847023427
523,7,0.17555107171388248,0.027383056086383934,-0.39666028724137964
524,1,0.27558035821624877,0.04421548742244922,0.08198449160631216
524,2,-0.3864380250526527,0.04139238944980288,-0.255350548809207
524,3,-0.43098298500122306,0.115006936379573,-0.4935936527400131
524,4,-0.05594574914048006,-0.41166889524967043,0.129467605687065
524,5,-0.007875995598543198,-0.5459102073137083,0.19877806161912862
524,6,0.3030732383880302,-0.21133184602028018,-0.011607593295530199
524,7,0.28915644577540855,-0.11646790542286796,-0.16475096439388473
525,1,0.13928619393646993,0.18051080734177116,0.11185194740299244
525,2,-0.25745738756306197,-0.036122647143437395,-0.3273710468872132
525,3,-0.4342387184546628,0.12666459391620605,-0.5240179565168913
525,4,-0.00976938504750618,-0.4928812094802598,0.04137984959836578
525,5,-0.04619220121458207,-0.7028779322438113,0.02866149719360237
525,6,0.21642279701970005,-0.2416947727188428,0.18572949598525423
525,7,-0.202231480055628,0.17657173020378883,0.2000138311884154
526,1,0.1481425584617759,0.022575855158171444,0.15324351157479577
526,2,-0.2851323564091968,-0.283153795282381,-0.3532506581360244
526,3,-0.49161154834035037,0.15624166716810067,-0.495343542331583
526,4,-0.0566126949845711,-0.32474735776029273,0.16054523150801428
526,5,-0.14603467714112045,-0.46087684328981565,0.13527673160113807
526,6,0.23218403328813794,0.23102943370504864,0.265595127698117
526,7,-0.12411985963776112,0.3692218267474285,0.2868097152193993
527,1,-0.21682789888357187,-0.1041790736860718,-0.1415260403752914
527,2,-0.0365123677816678,-0.036831282009499436,-0.1264699329123646
527,3,-0.14155829912458245,-0.19429672252759758,-0.026756426916239515
527,4,0.029726085425401446,-0.3637826135298446,-0.014386558472603036
527,5,-0.4091445627078923,0.14379847877513646,-0.32010198955183095
527,6,0.4434159193848343,0.2538177024389999,0.45926658007154314
527,7,-0.34249931067402106,0.1710909374209085,-0.15382370509279591
528,1,-0.4756130891460386,0.03414855977883465,-0.2714825458563332
528,2,0.3636844693288637,0.03938553480273935,0.16205017987102352
528,3,-0.11034796996656879,-0.42220145388143365,-0.07833508255782846
528,4,0.16616508933427387,-0.47266024967423803,-0.0920441393825704
528,5,-0.42562973541866855,0.22247024715602587,-0.38795713630484735
528,6,0.28109810678746766,0.27981827677396665,0.4715926087959327
528,7,-0.48858832502481253,0.27523611191064157,-0.34108672096313125
529,1,-0.4498690319255802,-0.14793647100025092,-0.27291236146874853
529,2,0.15569749600243157,-0.23142616744675373,0.018761301053624068
529,3,0.1380609839396653,-0.21064045719857893,0.14735237130137677
529,4,-0.04675169157756745,-0.3062846264277367,-0.1704788563020021
529,5,0.14810589009048716,0.7432732343685593,0.25347391283135495
529,6,-0.02396572726593615,0.06909112525466393,0.0021388169327115772
529,7,-0.1805985493491989,0.03724284619694764,-0.08134362443353672
530,1,-0.3659011079552856,-0.13062333809710783,-0.27707777305221565
530,2,0.14728364806662203,-0.1536417095549797,0.1284211308401898
530,3,-0.05025101248958397,-0.19911287194107993,0.13324137656761348
530,4,-0.04096303257206441,-0.44792541553558635,-0.27475043153368556
530,5,0.3403835914894298,0.6408292889660963,0.1495836671277359
530,6,-0.3233907356631724,0.04913557941533761,-0.2830674756470461
530,7,0.040527908253312865,0.13545281106995213,0.10259290386085596
531,1,-0.4418340142224196,-0.08415962191851714,-0.3414643999572664
531,2,0.22199332716752596,-0.08053196540762518,0.08211096831710714
531,3,-0.027219489910469997,-0.07298850531940483,0.050084152033637544
531,4,-0.12121667001546584,-0.24670920337170407,-0.2616089345781967
531,5,0.6470460048321268,0.535721893555569,0.5247364669971837
531,6,-0.5047187380434338,-0.057540089424831665,-0.408087156687145
531,7,0.34204479789028486,-0.10313419906709885,0.012406219734095248
532,1,-0.33257313527583315,0.008556749674098144,-0.15419541293368
532,2,-0.1697856157768126,-0.16595573275221756,-0.041791090201541904
532,3,0.19549246004396426,0.2556307076085008,0.32616074999944145
532,4,-0.2494103785452024,-0.10208067662060688,-0.30581637711175264
532,5,0.18278293239504192,0.03462684607881913,-0.07394236163435111
532,6,-0.19815162865416897,0.08043916364451668,-0.0976134537818719
532,7,0.35245371407526105,0.04244497771683235,-0.09069791411226003
533,1,-0.3069808596673119,0.1437632609687543,-0.09139023372636255
533,2,-0.11015955914373955,0.2093758524935744,0.007427422991434074
533,3,-0.16191217247071776,0.23946696577774812,0.03895038676263624
533,4,0.023647777451980028,0.08547635655678938,-0.02330858251633241
533,5,0.18563574693777757,0.118260687777287,-0.009507244082615253
533,6,-0.22279888738051076,0.11904369691472128,-0.04460493831319109
533,7,0.3261238102688391,0.15145494180641092,-0.07971251835073292
534,1,0.04460552673399553,0.7787166291027362,0.03467758987889175
534,2,-0.0907786591820307,0.58386185710927,0.022775414370276182
534,3,0.1204742707174929,0.7631637529325103,0.1933779556168292
534,4,-0.38852424730065305,0.8949436557526498,0.29317857919534024
534,5,0.1611727569850925,0.7816348319451313,0.34989528616544036
534,6,0.00356563419289806,0.7223039891041643,0.3122522861635986
534,7,-0.3000223975421162,0.818279789480179,0.24577561891119437
535,1,0.018528076775732292,0.6962982226825815,0.0681709954624284
535,2,-0.018348972694106198,0.5229419562533631,0.017452514768732802
535,3,-0.23371718143526826,0.7754483496886759,-0.08115234043277407
535,4,-0.4976172197096571,0.7102129389239052,-0.18353756951708852
535,5,0.21474504712314005,0.562737190761759,-0.1327483798251565
535,6,-0.35803405165112046,0.7973595916464072,-0.018350249798527125
535,7,-0.03391794590407362,1.0066759769282094,0.0760174684868388
536,1,0.054920824290305155,0.5585752820227922,0.22825468321401549
536,2,-0.12707601499726,0.5356223931020716,0.08935273956571321
536,3,-0.15987898105096093,0.5659480713839541,0.08947728007915129
536,4,0.08075358580958242,0.734641985746677,-0.0563196493484468
536,5,-0.018143688328676695,0.3860197848857528,0.03908770625768034
536,6,-0.3617751726938644,0.4265112697200206,-0.11152403146139094
536,7,-0.5370443679872746,0.7966780460019305,-0.06313502987089223
537,1,0.06088589124663925,0.4939110794528603,0.27414959870830286
537,2,0.057572642172478185,0.40273407199652406,0.17265717487719626
537,3,-0.04533756983826562,0.3556495031343932,0.10296874489907278
537,4,-0.009333957305802833,0.5149987068637174,0.03212907810214978
537,5,-0.06254479764311406,0.53218355042329,-0.1184092147950683
537,6,0.10503306895777716,0.6007699475961711,-0.1018345379387711
537,7,-0.03741234177253592,0.8023762163317549,0.0768017145255012
538,1,0.08559521218678853,0.5091204043528877,0.18110763062017024
538,2,-0.014818597088248623,0.5641767067915788,0.1378673570174254
538,3,-0.04112377099087866,0.3595957164630398,0.24033126295723847
538,4,0.24047454965281106,0.34988299577860277,0.1284807431956532
538,5,0.08100452591508996,0.3505776544179784,0.04619010997165372
538,6,0.010396492873305152,0.36595248190037954,0.021908437333412408
538,7,0.1709673601551209,0.7915142615912353,0.19395111191513567
539,1,-0.01506076944849664,0.5562615641820063,0.5335457233336686
539,2,0.09373629301038364,0.6425213985152118,0.5516461811737391
539,3,0.2897863281809922,0.39811950932461854,0.5790099784269266
539,4,0.43285083221017207,0.5514001191965454,0.374635794919537
539,5,0.06037530515118651,0.44879073646095163,0.42374581541589096
539,6,0.18798413045853632,0.5307321413063399,0.6161069075962394
539,7,0.7247904888220156,0.6371566769101151,0.587392982253251
540,1,0.12834353800759943,0.447557835089338,0.26522051462727547
540,2,0.1083484488067433,0.33425053519663517,0.35118058026494237
540,3,0.3032010003649492,0.40523886075902077,0.27352527808771326
540,4,0.12034368947401096,0.19704003911190432,0.3569683458796269
540,5,0.20879748414213847,0.4496054318554739,0.2982983687991159
540,6,0.3046773881393568,0.4844638762931542,0.19798474883484404
540,7,0.31772591941251327,0.37264573703018744,0.21879264948137803
541,1,-0.16699163105565412,0.567602340676812,0.238182647210012
541,2,0.12659016181143207,0.3418799558775267,0.3787116966910149
541,3,0.12309736700311354,0.3887522596136702,0.4085511806204491
541,4,0.012563683548920495,0.28787243668395135,0.29143318612880115
541,5,0.3255645131786647,0.43297435386377187,0.18046600223858172
541,6,0.21597873801759604,0.44577082440377497,0.08808277459172521
541,7,-0.0908557792779752,0.2518635708725591,0.18291730326234606
542,1,-0.1874044176486631,0.4698839220936049,0.1738147330175444
542,2,0.1394586345095238,0.2937152158993049,0.27825962671809273
542,3,0.05435910106221223,0.25546174172656494,0.2902434669633306
542,4,0.10456905130700458,0.19777121839613204,0.2336909592119688
542,5,0.3425872898113646,0.139467980419769,0.3804370665086257
542,6,-0.1901495899916952,0.4626722726763213,0.07752398520360229
542,7,-0.1992231213142427,0.23361595768003937,0.09999509204731798
543,1,-0.09341814205052852,0.287728083461862,0.07700711437418883
543,2,0.06449134651034952,0.025322084805100894,0.13745453788511763
543,3,-0.13290822277005218,0.06610556603920548,0.3532674956744069
543,4,0.09483204203547083,-0.15884545289716812,0.27819455455928166
543,5,0.41166878401663315,-0.22395823361125458,0.43445047500968376
543,6,-0.19647311329723371,0.14420620226901104,0.03801641009488908
543,7,-0.1430043534868937,-0.0636462192522988,0.3544550359764233
544,1,0.12798760210723886,-0.03558617927580955,-0.019907897711515583
544,2,-0.02022255422785667,-0.2659808284599129,0.09001502761520061
544,3,-0.22943568415323315,-0.27931602591566024,0.2724641998522388
544,4,-0.2091370553676344,0.21367179191051286,0.3195788806528155
544,5,0.11357256638730621,-0.2273245363465429,0.22734497605035306
544,6,0.015790305689648714,0.22688101531588628,-0.12258591880558495
544,7,-0.057935221734873275,-0.3858149426026536,0.40880627911022055
545,1,-0.09722486831656105,-0.09126594381076446,0.13744297968400462
545,2,-0.01114377010068066,-0.21199118280975754,0.013879068909093574
545,3,0.000823769927556045,0.12060902406601817,0.1068299555946174
545,4,-0.06849006084853562,0.16418633016391937,0.32099597347024816
545,5,-0.10748274686802618,-0.41841455349495416,0.3120858677244282
545,6,-0.07127771354367245,-0.009892216523346407,-0.11040770215984985
545,7,-0.23558770271741655,-0.36235323452432067,0.4644788906885942
546,1,0.06020861749395049,0.004313821841703776,0.07298682665000007
546,2,-0.23946022185281443,-0.05273274325143473,-0.18324740900450023
546,3,0.21779104174273706,0.07220879138571526,-0.011247761747640785
546,4,-0.16507713124834525,0.05831406793404334,0.32661878959248614
546,5,-0.26610741076223304,-0.3964123804360768,0.19148127820889005
546,6,0.20219889915961195,-0.2898489868888604,0.052080103085197164
546,7,-0.23547306804675983,-0.2962858747298694,0.8543983083229183
547,1,0.24456636183305056,0.06831943426359159,0.15073390704356726
547,2,-0.0007254105675226853,-0.12540359649425545,0.056029850240108744
547,3,0.14814905332552936,-0.1226901227793787,0.033158812482615305
547,4,-0.13353572776129552,-0.17281757302530906,0.11992032028154857
547,5,-0.1375953129357643,-0.3821178217093886,0.01644938253242815
547,6,0.14444707933890183,-0.20913318609143494,0.4441097619488641
547,7,-0.07583926219594236,-0.12242534995857791,0.5791052321822624
548,1,0.23810446580268294,-0.024061168758616563,0.10746119193684855
548,2,-0.11083717527352044,-0.00042817796888344306,-0.01844276399022945
548,3,0.1898074774386573,-0.23375098010058654,-0.26544008133882285
548,4,0.016196824081855604,-0.2617090747984621,-0.15504866059980144
548,5,-0.21762675619922522,-0.15007889303629407,0.06430684063174062
548,6,0.09906633491437432,0.09839461891698265,0.44305968636827425
548,7,0.15875273962614936,-0.07538953055507872,0.45316216026982553
549,1,0.11017154897685284,-0.11486686009450793,0.0010006572811282052
549,2,-0.054371321583923826,0.0674530812355163,-0.2375965483443767
549,3,0.07379253537622488,-0.5290487058743718,-0.17721916058792708
549,4,0.259476279639714,0.05917287702612973,-0.09583783110592164
549,5,0.15863656668940437,-0.3829907570892623,-0.29516021388758723
549,6,0.45058353240272386,0.09561240223114902,-0.016199525098709987
549,7,0.23766621662009665,-0.02596554338588789,-0.020409095389162354
550,1,0.364191442951187,-0.11581914276469506,-0.08167728963813943
550,2,-0.0223275132603681,0.14016831196898982,-0.22509291241177548
550,3,-0.11324230536449417,-0.5418778648352125,-0.41059809171401346
550,4,0.1119977130303473,0.33635901336643526,-0.1828025060752393
550,5,0.2112237466185298,-0.354687931339628,-0.4259015685173718
550,6,0.693997954648126,0.30969826138164347,0.04166150569572059
550,7,0.10098816880604661,-0.18245345956449735,-0.4127010744911152
551,1,0.3748386822925861,-0.24838657022738053,-0.11653282320606403
551,2,-0.028003013589092497,0.12817734380957807,-0.13073687430387115
551,3,-0.19977313374272584,-0.3355119462711256,-0.29362405589169627
551,4,0.10093865163247055,0.5003763720005041,-0.035297763330469835
551,5,0.25272097662459814,-0.050038584180240896,-0.3443697353839392
551,6,0.4709480566179931,0.017097719321834477,-0.47192273079352864
551,7,0.2995443621815946,0.011475640655253196,-0.38770015139049496
552,1,0.12156845081014878,-0.20451357776725818,-0.21990001932910055
552,2,-0.237806313370335,0.15207043647111532,-0.3210939005446696
552,3,-0.3371801364068474,-0.03385412077920864,-0.30247720461567007
552,4,0.09490488050530467,0.46789805145882085,0.06357915606487043
552,5,0.13257053937017158,-0.051294470048974805,-0.209378194256701
552,6,0.42880533862032844,0.07812807281639948,-0.26450640107968343
552,7,0.25940591305196387,0.1541156050974742,-0.15643052382935438
553,1,0.01996447581999559,-0.22731871569886886,0.05092582290531174
553,2,0.24786505380220272,0.23954264375628123,-0.26566413711901193
553,3,-0.26256663569456873,0.11415538723434986,-0.1894758884712772
553,4,-0.03401761870084247,0.19841036328903136,-0.3205711102988385
553,5,-0.13891485024061814,-0.04183850058304921,-0.04052693195618859
553,6,0.2304558381100232,-0.2522720663671084,-0.22065134925808602
553,7,0.03127104401038501,0.5939659684741292,0.40423769662129594
554,1,0.33195628183172765,0.0347210186649613,-0.10776167710973947
554,2,0.3855059322459561,0.17595485517068493,-0.26429851125581844
554,3,0.2675370136477086,0.4475351534353101,-0.4400387798642787
554,4,0.1200189074791022,-0.05628043806344429,-0.0779052114320631
554,5,0.19901125037135173,-0.04098388742358492,-0.11999357057458157
554,6,0.27511999270074916,-0.23600287709829323,-0.17845464698600072
554,7,0.054125266686073537,0.13455898719344025,0.006566296249517598
555,1,-0.03821888679190382,0.03254902658170209,-0.16859755103879176
555,2,0.37417251275130686,0.1816603485452543,0.13969594920396206
555,3,-0.1692534720364966,0.5428617169480048,-0.6187015162402971
555,4,-0.2546315078563555,0.21355252424066387,-0.34878266703630584
555,5,0.08614417418053673,-0.15386332225594718,-0.1318573648073885
555,6,-0.34030088868596625,0.25596072010260446,-0.6078629656068246
555,7,0.06610529366244353,-0.09531766070265481,0.09280305948905626
556,1,-0.10221802900811479,-0.01769284613508211,-0.1955630834035041
556,2,0.4079712127561698,0.031870596626373905,0.10131861302455028
556,3,-0.34350364787913784,0.6070284147369165,-0.5923779882144276
556,4,-0.14377530777688158,0.1325177342943685,-0.3175800121777175
556,5,0.07509890191991096,-0.26586660135926476,-0.03469821966097135
556,6,-0.1783478384533895,0.3003669598682328,-0.5596179001139718
556,7,0.3254763172176655,-0.13426318397032277,0.07030334983099268
557,1,-0.13337278517903192,-0.054992191000177174,-0.18887366219627702
557,2,0.33020266048687086,0.024937962629671278,0.10775365475428719
557,3,-0.27103228903257465,0.630487745862452,-0.587462080963045
557,4,-0.17101011717462414,0.014115739177343437,-0.3323884108508866
557,5,0.19692050748840684,-0.24274760292912922,-0.0913802589307465
557,6,-0.42718954289279476,0.4731274558596211,-0.5530541056514734
557,7,0.25596929381672917,-0.2005175474954902,0.18433219190862682
558,1,-0.09635188307928863,-0.021798412477008793,-0.2082737686807251
558,2,0.22682035487190913,0.0018343032616056467,0.1534787914420708
558,3,-0.2948436579097827,0.6922438247449029,-0.5801948223239404
558,4,-0.1395435692176394,0.04941481222970676,-0.35027003698358256
558,5,0.030298668324120648,-0.1948207369794692,-0.010539394388448194
558,6,-0.4103487861192892,0.5192419064346421,-0.4762927585002799
558,7,0.03138747624290911,-0.047791675354755925,0.02809601122742456
559,1,-0.3466827734156618,-0.061249657023348475,-0.16277747381659805
559,2,0.17244105089818995,-0.051032371127268876,0.23703206816786856
559,3,-0.5691786254972493,0.6342861911856026,-0.5090816188933874
559,4,0.20729050242848043,-0.22156074215700738,-0.037270632201166796
559,5,-0.022760429021573936,-0.0835351898967644,0.058043420740417434
559,6,-0.02771338860730583,0.1697753696077495,0.005904007643279968
559,7,-0.09639039390891649,-0.08526700584531814,-0.01670640694918009
560,1,-0.20734868455633815,-0.15429129704959055,-0.06895901041898489
560,2,0.04549184729320817,-0.114940012484987,0.011044337194448675
560,3,-0.21827623133577834,0.1322601401783272,0.008249435192891313
560,4,0.21741293561973152,-0.18226609786575207,-0.011783200340227487
560,5,0.0477858308749492,0.0011501065810165171,-0.06317428872782102
560,6,-0.2700242939664529,0.029618018849481332,0.04676318614257319
560,7,-0.11965976171021116,0.03782584379563403,-0.0019230683932493756
561,1,-0.27844761484920055,-0.35730806322681535,-0.26974424317486345
561,2,0.030200237266228922,0.0004289682560153276,0.2761502338719773
561,3,-0.1093744435542049,-0.14433793691273689,-0.29510136658995245
561,4,0.41721920195905254,-0.14549171316637788,0.21205217311794464
561,5,-0.39841797076704843,0.20081122958856354,-0.13990579926762084
561,6,-0.02451898237480496,-0.2921187860977754,0.22266632361000288
561,7,0.12475369749730056,0.2677577187050617,0.3088001061548263
562,1,-0.007864118243449791,-0.2771269771955353,-0.24371959371928797
562,2,0.16464933271390764,-0.27792536042416077,0.40043379321522843
562,3,-0.2713306531344011,-0.25977616444986873,-0.13355215401429474
562,4,-0.156494552078928,0.4591436101647043,0.5038215223353939
562,5,-0.16649291710492609,-0.0717079960553865,-0.37384609733204954
562,6,-0.2175627330266005,-0.1593779704136866,0.21609562717321493
562,7,0.030512493200911175,-0.00643978619441106,0.09581918241346571
563,1,-0.043599584375581375,-0.14093542572016482,-0.2728084513540199
563,2,0.34696432090621276,-0.15583366806365317,0.3633336689394092
563,3,-0.33159070509135696,-0.30140305520274013,-0.04239126138952253
563,4,-0.11326837980539277,0.22298203368609565,0.7045145849999955
563,5,0.008623104812032944,0.09486430267214578,-0.4123267747587559
563,6,-0.026913195839302004,0.14031544993121756,0.20472230649776163
563,7,-0.08983003099217125,-0.21634095300483858,-0.3847061501352596
564,1,-0.1626526598687988,-0.14859938745900045,-0.19185734953874967
564,2,0.3183305923339694,-0.21706533307328132,0.2649814284279917
564,3,-0.2243473560290799,-0.41017945852269394,0.11061717660795707
564,4,-0.2551252936907009,0.2786373283891879,0.5294108321167054
564,5,0.1118793210307919,0.0796597386039638,-0.16727228515105466
564,6,-0.30483812625946743,0.3548857338792417,0.12615658245209427
564,7,0.1199694621658439,-0.16712413398857,-0.282009281965627
565,1,0.07044711853919812,-0.07262122773979025,0.012204375834147472
565,2,0.14503094131042343,-0.44474201286539683,0.09917503835201184
565,3,-0.12970484854493186,-0.15656345050836273,0.15459463741397675
565,4,-0.30205419348215845,0.29839973930370833,0.6897158406792842
565,5,0.26315660565635124,0.021130974558550408,-0.18584899950142134
565,6,-0.03647941288784766,-0.016371708480469163,-0.07427749187805137
565,7,0.08878959484992602,-0.033972580130926085,-0.12685638410398217
566,1,0.1633132420846331,-0.057205666014871134,0.09850630180380734
566,2,0.13903202657540303,-0.3250358261253719,0.39058418571793263
566,3,-0.21212833557410357,0.026578020951327566,0.3324652190678261
566,4,-0.13254827770100497,-0.190681268502907,0.5477229442394793
566,5,0.3111488955883326,-0.15735811478538486,0.21491706461159393
566,6,-0.17884695678678553,-0.002527901163241688,-0.03843740557976637
566,7,0.23846245791571855,0.15259277183776776,0.43594077815876964
567,1,0.03975579468051867,0.06598988238210543,0.0725387356277271
567,2,0.12858080131400249,-0.4692574730769093,-0.041528046859988954
567,3,-0.18266464298368085,0.07339578408886388,-0.11808681878140749
567,4,0.0022969998611889683,0.36791858926079174,0.3563992601508634
567,5,0.2620069050781104,-0.37059918457256286,0.3125658572082898
567,6,-0.11075739417976595,-0.44060289353601007,0.26083653466244044
567,7,-0.2989757714209936,0.21826403118832022,0.3957667963037776
568,1,0.029957627020706472,-0.16340245794840455,0.0033199721888416515
568,2,0.04650953448072382,-0.5731720639608974,-0.17841067472801295
568,3,-0.2496400772991149,0.35686406397389264,-0.2767356758033373
568,4,-0.06402568898790294,0.6252656164838079,0.276873655566012
568,5,0.19208361740976398,-0.46586824536378024,0.09648389478228296
568,6,-0.30985956568554696,-0.3317655913602547,0.013318849065888093
568,7,-0.4507992004292994,0.4951726390533931,0.13100130984350133
569,1,0.34284835548162346,-0.20427212401268238,-0.21525832402306955
569,2,-0.2470670861312259,-0.6221786754174725,-0.17402609180422224
569,3,-0.4037562089577007,0.2121509703656494,-0.25049399573092107
569,4,0.11451106684658527,0.6857547105535882,0.16152457309935334
569,5,0.2430705401495822,-0.42490625068129917,0.14964947612485927
569,6,-0.04433099988773257,-0.45173972683078467,-0.12969659686719362
569,7,-0.5035779469498236,0.349144678313126,-0.3065038891341086
570,1,0.33611786615498307,0.188129590666489,-0.4316714343586108
570,2,-0.1755318008919976,-0.18653480888157156,-0.705073619340928
570,3,-0.15861858326661754,-0.11241448684362056,-0.648902030415008
570,4,0.5103885241320486,0.4687000156402628,-0.12628616809884588
570,5,0.2983661160278114,-0.06480833051610226,-0.2653237989336193
570,6,-0.023399326391349843,-0.061867432245947936,-0.2507091083133958
570,7,-0.10330267271223682,0.035706204135604866,-0.4155266483792091
571,1,0.15715556507118855,0.48307698351134215,-0.36316202686159293
571,2,-0.18036275223600978,0.24506897129393698,-0.5333513375633886
571,3,-0.3062281593238912,0.02256532159095478,-0.4946296556285122
571,4,0.1665269974101189,0.30277974608454034,-0.30656594050973657
571,5,0.34276388579921085,0.09073072106406553,-0.3393009688655593
571,6,0.10877775182539018,-0.007105572785786105,-0.44311572225568063
571,7,0.2202283713630728,-0.08183577602289674,-0.34253728204463485
572,1,0.014415363654740663,0.419548384557248,-0.5194505024377966
572,2,-0.05133915643636298,0.18593873215551207,-0.4727123857571417
572,3,-0.3274384672260266,-0.0034996716478118382,-0.44977901089403
572,4,0.20089682389579583,0.22304885919449924,-0.2727143490823708
572,5,0.21506515283958974,0.25331013215092635,-0.30944848118537643
572,6,0.15230223229970688,0.33424701847166377,-0.3543424864424449
572,7,0.24466705349641774,0.3848597665618372,-0.3446482083851588
573,1,0.26792373034667066,0.546022482218818,-0.5014413428974825
573,2,0.14769839535130438,0.08021210523087956,-0.37187844228915096
573,3,-0.11854218236341306,-0.16744223913848913,-0.43911897738954014
573,4,-0.26055969043028426,0.08746694930319684,-0.22475655444539272
573,5,-0.09787764786056483,0.2583650254155783,-0.31479543415249595
573,6,0.04054324359029727,0.22028464663102762,-0.34009446948132976
573,7,0.07980550458406359,0.29319748436116816,-0.2019431576949452
574,1,0.2562864487101943,0.49294940328476056,-0.18373346461427498
574,2,0.12698197251538304,-0.10355219982856352,0.1567034729897492
574,3,-0.31516444793297005,-0.03795711761256723,0.09396573066736744
574,4,-0.534464023524455,0.413172222288014,0.122551732242286
574,5,-0.1477381294169944,0.5433775225129758,-0.12745918653930505
574,6,-0.010306591546276899,0.2796489270351391,-0.38026772483051874
574,7,0.14689556405356033,0.1920497648702524,-0.136203413073163
575,1,0.2159479848652628,0.3697682886074961,-0.21624468760096663
575,2,0.1758172249317995,-0.11481223616523237,0.1801582498889699
575,3,-0.37892691091001107,-0.005426616221346963,0.12636819337327287
575,4,-0.5279737912608886,0.3290500024251161,0.48067568224988794
575,5,-0.3145519223344302,0.48111603688247323,0.42747436963635277
575,6,0.06643301852424742,0.2518931361002133,0.20533176462779845
575,7,0.06616420948547903,0.12041856945647723,0.17974556140633335
576,1,0.3006576796713577,0.26123185218244566,-0.016878302201350875
576,2,0.10739714533643624,-0.004034618836857255,0.15138666974141804
576,3,-0.3777172411379731,0.20084483688436697,0.227222169677021
576,4,-0.5073206046251303,0.2937854342570149,0.3534621298511329
576,5,-0.40788269044768605,0.5005484949668971,0.43336911603503564
576,6,0.1532561945573343,0.1302072071842089,0.059466250276855204
576,7,0.24008871062337567,0.09119848273309679,0.4460722567130685
577,1,0.37473523556056926,0.16406435296744865,-0.043200213756828074
577,2,-0.09086775718473425,-0.02543958622140832,0.0988696799579841
577,3,-0.34666489087884933,0.25391150141543034,0.41047129364673607
577,4,-0.2444393638539539,0.2702732467327388,0.33401075921100504
577,5,-0.1835284753279141,0.448155956339677,0.47986484567874677
577,6,0.0147005704389264,0.12623704793071386,0.36574376100801437
577,7,0.3507642994861433,0.304869911385362,0.5145616601202698
578,1,0.1232100328126861,-0.08458293502842601,-0.18264517639207584
578,2,0.0008840598455427267,0.06697758491049648,-0.14791050223162913
578,3,0.03182731342698308,0.5495477646562931,0.3580337962058218
578,4,-0.0064008161547057475,-0.11843624734407553,-0.03261166485430834
578,5,-0.3664514870221036,0.41189195408361146,-0.08924675803152157
578,6,-0.017270081966452567,-0.1202460149060251,0.24210681191275998
578,7,0.018742675333056208,-0.0022831827704948263,0.28864209927547013
579,1,0.10034955789086102,0.04325045841786354,-0.451687620556822
579,2,0.03520210269448897,0.23413471127032787,-0.4108201225213476
579,3,0.21790096196423583,0.33334882087429457,-0.03211987545783599
579,4,0.15720970437819323,-0.04636757772918686,-0.4855905969985476
579,5,-0.41497058371828377,0.1522761036329106,-0.6063628558298414
579,6,-0.137785869150349,-0.10391847668767545,-0.1958207095447159
579,7,0.1210077191735785,0.24971932589750243,-0.17277184041748642
580,1,0.08508890287205939,-0.002293629559341678,-0.23522955381656419
580,2,0.023666230705761983,0.17833559665221982,-0.37490318702363906
580,3,0.23507416739527667,0.40637729782463455,0.06790701681402107
580,4,0.21014959191102006,0.01228036666663424,-0.4195438189859358
580,5,-0.38060464794458404,0.22782898695929502,-0.6326628070392073
580,6,-0.10377782312570295,-0.052908983048558185,-0.3605399432815888
580,7,-0.47868044744958216,0.27132111060781244,-0.32499047310255497
581,1,-0.1014492000930307,0.02561980582327798,-0.3958668994787328
581,2,0.24886989565658638,0.05951237387906262,-0.26039577963265204
581,3,0.14655453828085566,0.5383697583208934,-0.05603854316051253
581,4,0.4211958952133226,0.1012016056943761,-0.49491975842524577
581,5,-0.12968528948313787,0.026421116933851657,-0.5858177212746839
581,6,0.11452075739280013,0.19888800967557949,-0.538311525766567
581,7,-0.3855060655621029,0.49257285670758777,-0.4757799594252978
582,1,-0.07171438921046534,0.10981973305930037,-0.1754324297694786
582,2,0.20820326304907488,0.13440868245308646,-0.2203004173990993
582,3,-0.3364953853665301,0.35118336953914897,-0.26287038703101645
582,4,0.49000888143394294,0.4660493066111205,-0.2525700031453728
582,5,-0.29113239160374554,0.001018027997316789,-0.2410412410088217
582,6,0.05322892570552459,0.20300677710274492,-0.25355588107164123
582,7,-0.7454050799638547,0.5354969245083747,-0.2715272903196124
583,1,0.02894863344884963,0.23838934602932024,-0.028612545471508297
583,2,0.0002010850652391647,0.17229894049635888,-0.1199938731307145
583,3,-0.4907047757503276,0.4910881028728489,-0.0947403809999224
583,4,0.020465068561174922,0.5323757099520234,-0.1277001771875699
583,5,-0.06780659738552125,0.1536496654409525,0.28665167826791504
583,6,0.06592674214386715,0.14421466640288133,-0.13448954504511398
583,7,-0.5492180136616943,0.21575528674018607,-0.01973454959586757
584,1,0.13204973930767594,0.18400585152529556,0.24383385753194703
584,2,0.010631091830567731,0.011915155136484841,0.17942256080708238
584,3,-0.43303237690966384,0.2651134560741741,-0.04203551112196304
584,4,-0.11114094231340556,0.29146306315238363,-0.3437216370531447
584,5,-0.13090817999323906,-0.21543343210837881,-0.11085138932530578
584,6,-0.14317399009146445,0.008114293668000842,-0.3579248638858185
584,7,-0.33880201614444927,0.3872634405567832,0.09861523279249518
585,1,0.21647537703983272,0.08284783880715733,0.2489178975542306
585,2,-0.15179247940743643,-0.0926261314509505,-0.08515263433357867
585,3,-0.1938019252127916,-0.14132137847847806,-0.0992583724369501
585,4,-0.1445998629631847,-0.18907819813656304,-0.103453385975537
585,5,-0.19000662407150498,-0.20007239248799716,-0.16821626848661236
585,6,-0.44282195292177245,0.05752423946196594,-0.5858478106952492
585,7,-0.07914824096488175,-0.2496961880966902,-0.16230661971851199
586,1,0.32064665098640394,-0.05638906821329414,0.12312619761348363
586,2,-0.13309198057803515,-0.16532534111008368,-0.22347384552903715
586,3,-0.20360585771884457,-0.3589227273879997,-0.24203367451235228
586,4,-0.2121067331681526,-0.19778043767489795,-0.11303999433269528
586,5,-0.26914036883357373,-0.07030071970124452,-0.1444164983956367
586,6,-0.3895310920347354,0.3042922925630218,-0.48406559455448533
586,7,-0.020636622909286622,-0.08414357299500452,-0.07806204228210468
587,1,0.3232170003642339,0.004387901119799467,0.23504278612520202
587,2,-0.08535000758246633,-0.2501065789656808,-0.13933018561818383
587,3,-0.03351219478942055,-0.284052821876896,-0.06083849413949663
587,4,0.2037412283233744,-0.07787710955923981,0.05242978064799374
587,5,0.45090752029424197,0.5478276887087702,0.5684918052509523
587,6,-0.20269788084319723,-0.0015183106369445229,-0.12894341433583686
587,7,-0.17889679220121849,-0.2245130466586204,-0.20464270387980896
588,1,0.14158152688486972,0.05115570528015836,0.23382356513997754
588,2,0.16716017913761122,-0.23064042365289478,-0.12367143291022147
588,3,-0.10467217112352269,-0.20762721293937675,-0.033590310624271084
588,4,0.338248867717026,0.1248836869985393,0.15496881262408913
588,5,0.5661411590529635,0.5900495927920586,0.6287230475373786
588,6,-0.138304394965728,-0.05437645291243735,-0.07122333155236277
588,7,0.019258110057325823,-0.09528252114956204,-0.13104134240551335
589,1,0.11694047343833741,0.026777969718199606,0.19315911719796935
589,2,0.1519171093458615,-0.26450115746313263,-0.1538761778015764
589,3,-0.1062122695951855,-0.256538359278086,-0.08733099925471498
589,4,0.3326997327031073,0.2491291354786025,0.16316267968636597
589,5,0.6687207693009415,0.49513262353478016,0.582397495533195
589,6,-0.04880662877499305,-0.31932979668343,-0.0339089579126229
589,7,0.04627029623558972,-0.29521014553119856,-0.3312312675600171
590,1,0.09464886004633237,0.012162887110606022,0.09322688858074019
590,2,0.23762010145473167,-0.21274993120654914,-0.06883868594034845
590,3,-0.06794462386720605,-0.2132152079636527,-0.028694420651277208
590,4,0.33230627735214185,0.1872229823377438,0.13584561604546924
590,5,0.5613140075528446,0.40988230958310456,0.5178236892238504
590,6,-0.0434009915208894,-0.28392066406969974,-0.16433772436704638
590,7,0.10470996341705105,-0.12383184522803052,-0.20162750803250531
591,1,0.12238750338158048,0.08929994143940168,0.18990050690282947
591,2,0.24031315335150064,-0.18464704345026656,-0.08313444982444071
591,3,-0.16574585620338295,0.0007767275326387971,-0.0988232900882009
591,4,0.1456570860973415,0.23714728975618773,0.023524342490410168
591,5,0.09809618452683105,-0.14535679644554145,-0.1295612928987963
591,6,0.03536213513442238,-0.09831258531079604,-0.1164677867191803
591,7,-0.07070262200673987,-0.13807212155078177,-0.29775686257942857
592,1,-0.13729275353224255,-0.19004744881088179,-0.10340581226911313
592,2,0.0022345431941115344,0.10380817931203272,-0.2708002380273319
592,3,-0.013739566426211254,-0.6963657530965616,-0.2730038682911639
592,4,-0.36568391027244923,0.15970898439534814,-0.005396807587775234
592,5,-0.1783302069657056,-0.17342917280508796,-0.1653960705807212
592,6,0.2749153791421337,0.657408470813839,0.41092047205564985
592,7,-0.10232025742400623,-0.028267956695738103,-0.2612241305941914
593,1,0.08675747295296796,-0.3476810245863182,-0.22522754286626623
593,2,-0.09009580873004444,0.27246048564625513,-0.48027615463525797
593,3,-0.055113280939146435,-0.7495041912573968,-0.20662837687361132
593,4,-0.4816590377937131,0.30308061929919505,0.09226950340160897
593,5,-0.03065563513047765,-0.23720056198838457,0.05391672207222727
593,6,0.3170865483410635,0.7837508327658294,0.3698129951974862
593,7,0.105957638234706,-0.26152213608247105,-0.25295206989847596
594,1,0.10699068623673859,-0.288489998705032,-0.09245393393787023
594,2,0.021724565453611476,0.402284307629415,-0.4749869497723162
594,3,-0.10480947367878671,-0.5574314069801752,-0.10483626627883864
594,4,-0.555318922331296,0.37987123730198846,-0.010389884877170415
594,5,-0.2613234066721261,-0.06281692959846247,0.06755785308014409
594,6,-0.013165360810935488,0.18311360133421514,0.28144468386048466
594,7,0.25103096455021134,-0.20367046728773322,0.15512343486866434
595,1,-0.17674762904179395,-0.3544296736190039,-0.13448435510113235
595,2,-0.06542361932416522,0.43483831934856293,-0.4423281662662059
595,3,-0.0373623181241701,-0.5505371814647041,0.05048623331641302
595,4,-0.5921131938842726,0.2743678923512618,0.16109717453915753
595,5,0.08882545764676024,-0.13579126291438182,0.05673484528580065
595,6,0.07583216923501428,-0.008160527834023155,0.19674809458692238
595,7,0.5113265770829684,0.10129344846181243,0.06497847719913281
596,1,-0.25147070667128724,-0.37817006259106284,-0.11518435682008533
596,2,-0.04252569444589918,0.3837356953384329,-0.26169201121323843
596,3,-0.2133628661991151,-0.2969834097743597,0.12176289138696282
596,4,-0.044445362444128264,0.17691253664232978,-0.1565004362492374
596,5,-0.03712639454930708,0.17705779576032846,0.25421265316810004
596,6,-0.21258318316768013,-0.3218098825617394,0.05965008140729624
596,7,0.6518032654748944,0.31903193797690665,0.24239160473034063
597,1,-0.35898162841986514,-0.3400965582253141,-0.3154688328670222
597,2,0.017038324980289486,0.3157823092309944,-0.3420021939609898
597,3,-0.09142242000695872,-0.03297674713028386,0.06894074528296544
597,4,0.01221652727174396,-0.15449197596559933,-0.5463372516405367
597,5,0.11174954712142597,0.46499499636522074,0.21934287499733585
597,6,-0.4619472492553079,-0.4440344999991185,-0.6276915717023271
597,7,0.8449987535584714,0.5065577552808385,0.2126289025072672
598,1,-0.377285002570374,-0.22610861965453288,-0.1344632922191895
598,2,0.017591677551090822,0.26061637309442254,-0.31552987047513414
598,3,-0.056408087154174745,-0.23853967594046338,0.1334632081050556
598,4,0.09252247732899688,0.023621652913825526,-0.1641754932721841
598,5,0.14652725609325631,0.22528864656013783,0.5810820732361557
598,6,-0.6809105222285134,0.06917752050883434,-0.3861533450900928
598,7,0.7110075031027889,0.5998520290921154,0.1318589073106954
599,1,-0.19581566920527854,-0.3946071612697415,-0.25163208045057245
599,2,-0.05641943524231327,0.04113896968577234,-0.2202881536831364
599,3,-0.2761012156389779,0.0049930095999469685,0.19811312905105477
599,4,0.16915383636281794,-0.1206183851026436,-0.13785629042964742
599,5,0.026293701293078772,0.050197446694537476,0.3394744579489626
599,6,-0.2983381914153998,-0.32094112083629167,-0.5709575012584692
599,7,-0.17805769968739027,0.7304615485904011,0.7262467270260886
600,1,0.07596412623487955,-0.2445293894752043,-0.09331565680825239
600,2,-0.14583371394967212,-0.23027015315882077,-0.0003640107217734131
600,3,-0.25773447812555533,0.007986073017621914,0.40770125469947366
600,4,-0.06426824742449916,-0.06901792509304273,-0.110926462688534
600,5,0.16129481723197342,-0.11900880393722905,0.08092660004855037
600,6,-0.223175789912946,-0.0676791037354732,-0.5071137035036115
600,7,-0.372058367321809,0.6805755238571252,0.4852206753727523
601,1,0.12018628749999953,-0.292755447243734,0.035968878347724026
601,2,-0.2481648985362163,-0.08981248325559696,0.08065834494486698
601,3,-0.1310402147301999,-0.030461485773175364,0.35633796823483876
601,4,0.18097832964612467,-0.04067718508545796,0.2221449345839189
601,5,-0.14316594019329967,-0.4273676073696183,0.1726113643014302
601,6,-0.5196282712085267,0.18462864062334383,-0.4892769827151266
601,7,-0.5537653240476514,0.4546167161294996,0.4401584309319514
602,1,0.2822150149440276,-0.2745516502306558,0.06333515725496201
602,2,-0.3642615824580662,-0.023813242149810773,0.3342540431969838
602,3,-0.2724537008519443,0.017021428801696204,0.37165442923733055
602,4,0.22850047942692395,-0.05134590036082529,0.13181347492052978
602,5,-0.13681664931543036,-0.2864962058816851,0.21744952834307704
602,6,-0.4437434745560282,0.21169671250779204,-0.2597063976340027
602,7,0.0643339321728672,-0.06457819130667222,0.029289134660417552
603,1,0.28560592468590534,-0.2729905214049862,0.1407952591565477
603,2,-0.4164397982547423,-0.114779042612637,0.4209020429902631
603,3,-0.12938012580417124,-0.06190749404620014,0.5178377203595397
603,4,0.32513370839738187,0.0202055981072851,0.13720708590034666
603,5,-0.14854682703959377,-0.12583710638856802,-0.0632740708381155
603,6,-0.5819013419062931,0.20217483168871936,-0.1831407933794544
603,7,0.06173890506656001,-0.08054719629108939,0.19762011436384666
604,1,0.27338917627152126,-0.01905712413549591,0.24950596888710094
604,2,-0.3297684802754415,0.07782868263996617,0.48684899821866384
604,3,0.0900640170825031,-0.21981796982860882,0.35935980304805876
604,4,0.37622739150038487,-0.08961937520761168,0.26890266186504896
604,5,-0.18134472578512767,-0.19454340306389709,0.2973293290615322
604,6,-0.6354947309007105,0.10281160250575563,0.12208100753314427
604,7,0.07821981891533003,0.031744015472019695,0.2046012465404213
605,1,0.22572334566218655,0.03526840520499546,0.04995397907277027
605,2,-0.5555778595303205,0.46727964931212085,0.12056721954062327
605,3,-0.05801427807390232,-0.05922229825800078,-0.02609569150416425
605,4,0.24255503981375692,0.3561263835993785,0.019067039804820465
605,5,-0.15410949512350736,0.18117289063968722,0.31316105532903593
605,6,-0.3255369912447103,0.21001518818531348,0.3245086301447111
605,7,-0.14740355101205566,0.45752909807319064,0.1552344131782708
606,1,0.010460190651815873,0.16620932585522477,0.2727157935043054
606,2,-0.29977767900255925,-0.1233796098116615,0.0037966214179561346
606,3,0.055117352520738856,-0.11332251021154856,-0.062357961765396014
606,4,0.055623476313080435,0.10629514197916301,0.1274861179159777
606,5,-0.3640420778518591,0.15651665877218274,0.30787896015095
606,6,-0.3071836308737038,-0.16665137491997914,0.10818709703721557
606,7,-0.3407929872810279,-0.12021118003253682,-0.027696420290032147
607,1,-0.08925876097146655,0.3521071063690839,0.31216863078901447
607,2,0.08391704463390975,-0.1797903648762251,0.05251948017825522
607,3,-0.2949378387184152,-0.049441407591035574,0.10139405946112941
607,4,0.12077899293348143,-0.04137527612809825,0.3131782652655527
607,5,-0.26950188522019597,0.01972343082378448,0.15084740991414694
607,6,-0.2903560948093563,0.07185959724096797,0.13571622228463168
607,7,-0.3753030862479118,0.10702555423604089,0.0565229026531835
608,1,-0.07621597292067707,0.47522587702109026,0.24365870747781795
608,2,0.06545891313435033,-0.09493556346235292,-0.09376825328818826
608,3,-0.3217047326421528,-0.16273859364594342,0.04016047625248215
608,4,0.2981625580714396,-0.11565054206231055,0.40742741199005666
608,5,-0.3395647014852766,-0.22561248862927658,0.45480934229211833
608,6,-0.3248383678233707,-0.4263737166245736,0.1998636193619519
608,7,-0.6067948684254368,-0.0686470066598329,-0.1153595343358172
609,1,-0.049308566258506416,0.21617235580682936,0.11877450966648227
609,2,0.17976714352729026,-0.1335092587280432,-0.07525108495177107
609,3,-0.12326840066834464,-0.23612147373605152,0.11644390962972151
609,4,0.21663128927269787,-0.40832304610450226,0.3895370025045026
609,5,-0.18441514644232992,-0.31400229440801436,0.4234922797567253
609,6,-0.39861151258742716,-0.3609997920247431,-0.136828238812934
609,7,-0.22730880136450646,0.13999317553816304,0.03770777209129145
610,1,-0.10015135038308655,-0.06523069880627383,0.18724796541980437
610,2,0.04159026577929245,0.11355204013356662,0.04761188543045575
610,3,-0.10415525534386984,-0.18673702492802688,-0.07671409329453394
610,4,0.010400379420574651,-0.24407749503791273,0.19861642984680855
610,5,-0.006838958084993226,-0.2802028790404292,0.1166275621922626
610,6,-0.23414352009545952,-0.2616709850741557,-0.12100137696178734
610,7,-0.13967351112119544,0.14517502982408553,0.12379056515290171
611,1,-0.09356427483781497,-0.19345222993347952,-0.10677481806155997
611,2,-0.22435509480551097,0.2560637730952343,-0.1339164678619863
611,3,0.3306730562659408,-0.3262486926387409,-0.13124045804147014
611,4,0.07691120686261824,-0.011168239882370647,0.3115857600792642
611,5,-0.22159444704276382,0.111903502979173,-0.05609199866383299
611,6,0.028952578803591273,-0.0868127989313334,-0.3745856102082016
611,7,0.008604423847047207,0.34732523119966174,0.1778517297034853
612,1,-0.0877241677989207,-0.02524702374644386,-0.1339061615540961
612,2,-0.25122307472616867,0.3615215590388061,-0.1314770164244328
612,3,0.4212912994068496,-0.3275526463650163,-0.29888280441231974
612,4,0.09345343931627705,-0.046223538139305846,-0.009361120109228474
612,5,-0.5405819101242314,0.11769553340683217,-0.316840699936088
612,6,0.37831768248434167,-0.08496430869859498,-0.08189390954079671
612,7,0.19801467773459,0.39915630314528266,-0.13492523757237024
613,1,-0.08290286974842352,-0.24864117299025704,-0.031610553380271994
613,2,-0.21078623277019923,0.5493627459825301,-0.038124856228478075
613,3,0.32251662523899,-0.21113730353700924,-0.2868071074587093
613,4,0.08432675291866798,0.30571905786938824,-0.050039109623410356
613,5,-0.4310984818917352,0.08339712354816545,-0.22924017551717255
613,6,0.372678043310965,-0.1847102439384299,-0.1685409252302218
613,7,-0.041295549263288045,0.24910114451467574,-0.3642612378733161
614,1,-0.07506834966841605,-0.06885877986715687,0.06015554902605663
614,2,-0.6099121260198211,0.45625362419307475,-0.12302842814490812
614,3,0.12914977386722246,0.05838701649652204,-0.2045482720637559
614,4,0.36700412980707436,0.1930334360196793,0.1947862190453755
614,5,-0.24856321018636995,0.5272627721459983,0.09019379808117621
614,6,0.13009177552645088,-0.29696244858980475,-0.11684929543023576
614,7,-0.01825014177876477,0.2638917742862693,-0.39140608461390514
615,1,-0.2958057018763253,0.3357338932441873,0.1089894861289234
615,2,0.001681316447741784,0.27119985118989953,-0.08911337615514235
615,3,-0.13974593678139102,0.24486793620282876,-0.16971240967768186
615,4,0.16740239381850844,0.07415519505462491,-0.08375521401617836
615,5,0.15790475570386528,0.2759725419474596,0.10219337962946322
615,6,-0.12473279153836499,-0.33322814161263037,-0.0324798010347522
615,7,-0.06268081440976872,-0.13925793148438845,-0.25309732799175183
616,1,-0.17856482667145784,0.5247674686083378,0.274579867519846
616,2,-0.014782318293404052,0.2611010505309666,0.07696714629528176
616,3,-0.1759914658866519,-0.08064008894576022,0.04831529301737919
616,4,0.1551337106812799,-0.06524329426806914,0.1286389474792343
616,5,0.4634210975884476,0.08768945498413075,0.5550799198332952
616,6,-0.13443512644664674,-0.024081135870913064,0.30842095433521094
616,7,0.11364832978440363,0.013832490146748233,-0.07386564060173635
617,1,-0.18659894866188362,0.714763884118004,0.32781852983398885
617,2,0.013887558495688611,0.39459453449023413,0.11788795327954629
617,3,-0.1595936580665252,0.06894675265869679,0.16161198525080184
617,4,0.19587074712187286,-0.19350433438355008,0.45794953316569065
617,5,0.3922488449403286,-0.38167652677399183,0.6508887589393999
617,6,-0.263917674347862,-0.41545903121644173,0.5368555958194242
617,7,0.26804218976131516,-0.3042101215715717,0.07381975583818609
618,1,-0.31161772319803466,0.7462818543530219,0.13283722148798016
618,2,0.09840608776089753,0.4379447523733577,0.024876707673195633
618,3,-0.10679257640512002,0.07002564263127535,0.03001489522663001
618,4,0.1623364559966442,-0.12122545262243792,0.3139259401461157
618,5,0.17356338567878,-0.2796378957394797,0.5704176962050845
618,6,-0.25238078538518977,-0.14847837780764964,0.5236858000696861
618,7,0.15756099788219693,0.03766030534021665,0.3351040487748641
619,1,-0.4587837172970522,0.8134624163855492,0.1940068717183958
619,2,0.11628277686106973,0.44323944500404167,0.03649313764499752
619,3,0.22914332713644334,0.13127230172571058,0.19953574392645368
619,4,0.009632818977050664,0.05043974340223223,0.3210371911497335
619,5,0.05950459658649094,0.05948712567166998,0.4297429530419313
619,6,-0.06705728105163895,0.18563814970874942,0.3487304053637811
619,7,0.2693842072793553,0.36605907384839026,0.401433218791639
620,1,-0.13664568653408068,0.8057268450568998,0.3496839613800816
620,2,0.20907075447316845,0.6258299880397966,0.4349607508334627
620,3,-0.07382831490920534,0.5013006048086756,0.380729612045067
620,4,-0.06413680809525812,0.4332623273249332,0.3660551579859002
620,5,0.11250750845340719,0.3315356785535388,0.33080176309924997
620,6,-0.19494840805478514,0.41174642501578884,0.40844421288600163
620,7,0.37978091793551155,0.578081356280307,0.26528559430433546
621,1,-0.5529006866196684,0.7633178424751318,0.1567063891330929
621,2,0.137517399808188,0.6511545515219015,0.02260212610915818
621,3,-0.12540323667551842,0.5360487113683738,0.027574748587814422
621,4,-0.20943879092124867,0.5807815749758239,0.14421912260048025
621,5,0.4056846715436227,0.6044647986725,0.06222985124961558
621,6,-0.1096272085002575,0.6051048421852092,0.15072383522187766
621,7,-0.15698857454818319,0.7942755852837275,0.0027815665144059784
622,1,0.12420431798913528,0.4460651327110387,0.042720273220221934
622,2,0.06282022110519164,0.14428170325461878,0.11777652622564774
622,3,0.15566184772593944,0.3971272064862525,-0.21271436719236608
622,4,-0.09776471826291215,0.5243336155782923,0.13600151210636324
622,5,-0.08809059051497746,0.42476761433958315,0.10917010955846558
622,6,-0.08981395834651099,0.0036733312319004274,0.08120479316804241
622,7,0.05349598216648605,0.020614175772471603,0.03991217436131676
623,1,0.3989609273124466,0.3454662554700513,0.05387993667956191
623,2,0.34803907542286444,0.1352104263653082,0.1408033867358378
623,3,0.17415821727075656,-0.07259610351319694,0.14357424166969313
623,4,-0.027664011914503087,0.09092282463809559,0.3619776084667349
623,5,0.129700546979943,0.41519287870149085,-0.000763239922385271
623,6,-0.24648784513008215,0.010453860148690246,0.31398807113510313
623,7,-0.07353026410291882,-0.2034445463767634,0.19488294588842617
624,1,-0.14790454916845433,0.4492470873582389,0.4969107754011101
624,2,0.02554677319327917,-0.12002738489299183,0.08985592718029572
624,3,0.045033611220404585,-0.2983541311647686,0.061011321561170666
624,4,-0.3342585782616053,0.07756844492466865,-0.18020601099971162
624,5,0.08188257218223387,0.4058578797753325,-0.5089378537084832
624,6,-0.18584828052607294,0.3210130269832069,-0.5111496541570898
624,7,0.3182433586497199,-0.028388837079605957,-0.3738374786018737
625,1,-0.18169972895560177,0.3206441386743155,0.5022072830309714
625,2,-0.07998465395508154,-0.10538005569763333,-0.0116511877178293
625,3,0.25675350159620547,-0.29633753280009256,0.12157338095579824
625,4,-0.3161146023892599,-0.03986318926196081,-0.25150869854958086
625,5,0.04165148415159478,0.3251277949536663,-0.5342707834543761
625,6,-0.2045652181954191,0.3087563750526491,-0.465870189724061
625,7,0.11090406118168106,0.1341805388926101,-0.3704351261305197
626,1,-0.1041541810627076,0.19901980137067207,0.44380999468983784
626,2,-0.021786008666444714,-0.014783864862593896,-0.07119636918143844
626,3,0.16415834517787212,-0.35544758400831233,0.10585743936982647
626,4,-0.22846713907367908,0.1146761405371434,-0.16971631026010628
626,5,-0.13454912546542178,0.26717720094694375,-0.34179164192426736
626,6,0.13961109676480307,0.49248541729159534,-0.763749541655515
626,7,-0.23402090901970274,0.47468137006408806,-0.10150015703012383
627,1,-0.13840705969066056,0.1945876443883987,0.40124967319509897
627,2,-0.2428549136959598,0.06563745318880357,-0.07532436657930722
627,3,0.17044202627146912,-0.34311966081202505,0.11634023300084521
627,4,-0.2956763930644198,0.23182942557766903,-0.2465229705690386
627,5,-0.16901327521882956,0.16937541613170087,-0.3559636868526606
627,6,0.4499774477497925,0.32442565496493286,-0.39765484102436993
627,7,-0.2771821996270084,0.3866856409256169,0.2613318248712825
628,1,-0.242635448166705,0.17611019428154143,0.3988321928488888
628,2,-0.321069898018442,0.12065402284168412,-0.11320862662409781
628,3,0.30527704868958044,-0.19239164498854308,0.05068739624412071
628,4,0.011812299921982055,0.13637862398076916,-0.06755366631138156
628,5,-0.3706935608593865,-0.08845130790359275,0.118119386264572
628,6,0.37004713142146106,0.22059087107483444,-0.19647730451767298
628,7,-0.21120268505083065,0.37172628411041886,0.2694569617148006
629,1,-0.04726608246583205,-0.25795679956187395,-0.04946299275133268
629,2,-0.3869049039822795,0.4362430278205847,-0.19361331921397107
629,3,0.2563332074188894,-0.28314577347927733,0.086083937212943
629,4,-0.05382171489705834,0.31470350971030714,-0.027838804979633647
629,5,-0.28952997022785615,-0.2498501571073449,0.16931716765523364
629,6,0.6862185357733366,0.47441065232589413,-0.23001523150143177
629,7,0.20171504268392793,-0.0018527664727416694,0.0523592051812202
630,1,-0.1568825580759843,-0.25544235126113085,-0.17523435522181546
630,2,-0.10934421634960631,0.2837253515630909,-0.3840853497748295
630,3,0.22940400940505876,-0.1660061070663316,0.03828102658048801
630,4,-0.06908206471952447,-0.0014308960200376108,-0.2817536232300242
630,5,-0.16224869456669086,-0.017786217587716254,0.23431333043019317
630,6,-0.0646729761941645,0.01150738214939571,0.013034800654666086
630,7,0.052146205070687804,-0.1281926825028186,-0.005221253698914747
631,1,-0.2164251680324527,-0.0023018095018151677,-0.23042986707707636
631,2,-0.31206520955443934,0.09521574818432801,-0.1097135730176894
631,3,0.05945912199956114,-0.02296748350590815,0.021244180281284938
631,4,0.14500183302607134,-0.09399583264310889,-0.10360091789672589
631,5,-0.09821333494520174,0.15806963589827872,0.062103635259711396
631,6,-0.12685127630219875,-0.014628212840699597,0.06652936923902632
631,7,0.1315233754602655,-0.12683471958202797,-0.04200902256774603
632,1,-0.557885346602035,0.21577852028849703,-0.19900427235790855
632,2,0.14394274131900267,-0.27384878925850104,-0.003547725234902136
632,3,-0.24308702454454306,0.1364609342118916,-0.43368224524183346
632,4,0.0767115823905857,0.12049915511789605,-0.06683150950940618
632,5,0.48437480596226284,0.22877187716974676,0.3842216534470948
632,6,-0.49834917422028685,0.21780479698918143,-0.20578081701085119
632,7,0.1487247105936097,-0.3526488292504321,-0.17517818299429544
633,1,-0.3058033230744198,0.21819195003402808,0.10928204215306295
633,2,0.3029099223053981,-0.28783013798909174,0.07519249153929428
633,3,-0.45609561726021375,0.11235070977457716,-0.3750163579231435
633,4,0.24175790185232066,0.25036816607170426,0.012044390568726025
633,5,-0.19818456776845686,0.25957616163536806,0.03702643391901902
633,6,-0.025970505424321663,-0.051255005743706984,-0.10887219261517102
633,7,-0.1640130411878315,-0.24213296164559833,-0.18584863581836036
634,1,-0.28922959831899353,0.2730892779853946,0.110627508911807
634,2,0.05997806806647915,-0.3695839802017247,0.018749545777949232
634,3,-0.22622142589033561,-0.05016904504028963,-0.07229319319034681
634,4,0.01945302978978542,0.5369420128418416,0.07042475470697496
634,5,0.06075695067241826,0.3753014362193781,0.05219643532723436
634,6,-0.1789008016740292,-0.16272147039729723,-0.16451959002721184
634,7,-0.030138309027623284,-0.5095392517556921,-0.21730745888827124
635,1,-0.031311048471840165,0.39362288141765395,0.1836599454937987
635,2,-0.05414045929972381,-0.14034751183941385,0.07329995532274605
635,3,-0.03513020491393572,0.05683968351570194,0.02982049943896397
635,4,-0.23497103452944262,0.6263729178171595,-0.22020727383571376
635,5,-0.061692806891294076,0.7928930859914946,0.20235934885339005
635,6,-0.39538661229734445,0.2180260066785333,0.21900896311033316
635,7,0.042653051002327136,-0.23595517399855878,0.1022048844587504
636,1,-0.11345375029062112,-0.07922599358171048,0.26281827282482434
636,2,0.2163689791682296,-0.0040838713468139025,0.12182416528840075
636,3,-0.012530393597521056,-0.24149582009659398,0.10479178073692012
636,4,0.12979507216756003,0.3891108078074578,-0.3670497431968241
636,5,-0.2743244851335099,0.3836108512767535,0.5007504471147903
636,6,0.1155003095217114,-0.14489565718856454,0.03893724575314661
636,7,-0.14998335734190726,-0.20189893113826354,0.14081555382773883
637,1,-0.4867951805445507,0.1466007141379668,-0.11638089330502835
637,2,0.44569406476520285,0.10261898521697385,0.22445291648924262
637,3,-0.48102707693367946,0.2667683982882108,-0.43449741417157356
637,4,0.2701989179624107,0.08638241346529568,-0.23720022721009773
637,5,-0.2774607630213899,0.10973467675131253,0.1775849353887356
637,6,0.08082939691119631,-0.42467962500245415,0.09536449535242657
637,7,-0.3220069367688666,-0.05344509310490253,-0.21026204048164687
638,1,-0.5267961742813688,0.18590257942632554,-0.1954119359101414
638,2,0.3666211998022995,0.12370659158121791,0.11782932519568302
638,3,-0.2622774461649161,0.217246400951171,-0.5684857088249956
638,4,0.10871685823861651,-0.04188448362195733,-0.24138128336348022
638,5,-0.23941258610197846,-0.0031190897076621197,0.06009288592170052
638,6,-0.03962723280385263,-0.39534462071890325,0.11480244786908539
638,7,-0.20448800113851556,-0.08282354576449744,-0.23890528152618917
639,1,-0.49687343608716894,0.22342758156285078,-0.2004781003008686
639,2,0.3874272736100442,0.252836768425536,0.18135963542525244
639,3,-0.3131457822218044,0.25793011921431724,-0.5458439644639423
639,4,0.07703768469362061,-0.1445350766625479,-0.27159219967309656
639,5,-0.020504288028710824,-0.3006718403845074,-0.1373420547736699
639,6,-0.11342704701211496,-0.5274799357667761,0.017174636697940705
639,7,-0.0920524978850173,-0.29830695894069115,-0.2534256215709411
640,1,-0.522624609559426,0.2676349399288276,-0.23751857937172247
640,2,0.46766137091733984,0.4038885313502102,0.11578954952810128
640,3,-0.31167444247666715,0.43223716329875644,-0.6222195210512572
640,4,-0.07799775527318314,-0.0907152013584283,-0.12832083311017842
640,5,-0.011039684512308282,-0.019350221502509552,-0.22245709806232855
640,6,-0.28533597944486894,-0.28576370160147385,-0.05357371723629722
640,7,0.14485245766905439,-0.36818772172976905,-0.03408005476243164
641,1,-0.35842687357277236,0.3507222817523419,-0.270932972307285
641,2,0.2622788336604264,0.22960536898250683,0.03839772793809688
641,3,0.08657043645379524,0.08301029544297961,-0.12367707415707375
641,4,-0.28066909446325256,-0.06464574136375568,-0.11466029002796525
641,5,0.2652714660887701,-0.20111367992100274,-0.03005043914050887
641,6,-0.116916655076563,-0.32710875756021784,-0.08576780744068017
641,7,-0.037677694395946905,-0.4045375308495292,-0.19774647701221326
642,1,0.25316182388732894,0.27722795508890613,-0.06666722971430096
642,2,-0.019638990427413437,-0.04644976245917593,-0.35610760069951464
642,3,0.15085904871094474,-0.03188713768696918,-0.3480278479591143
642,4,-0.1435082126835229,-0.16549933505034872,-0.5227665193210819
642,5,0.2144749394421146,0.041274693114005744,-0.1361242078205181
642,6,0.029528815987101442,0.08143973791912804,-0.1815283370561575
642,7,-0.156308020527431,0.050997071792568585,-0.40866747247031976
643,1,0.25446280924119585,0.37413690768411395,-0.0195170748198769
643,2,0.06634056959812565,0.07270363161295315,-0.30150296455208314
643,3,0.21095712065588515,0.1690409276155725,-0.2915290070710097
643,4,-0.068459713426057,0.03665896049764308,-0.4908539024459469
643,5,0.01504133865373951,0.11787980016854462,-0.23325903052709965
643,6,0.1386851776476865,0.10962105615719958,-0.377987057539948
643,7,-0.2522579113896921,0.037026946193251864,-0.67479585918012
644,1,0.2678250511464887,0.29484593935359726,-0.05919998891726604
644,2,0.03620704810177658,0.04851872097845067,-0.3099873417461805
644,3,0.21952615221666355,0.14409510614739135,-0.23786712373247754
644,4,-0.08082307123433595,-0.0014005566525996493,-0.4992550599727685
644,5,-0.03900335288456445,0.15135398837458977,-0.21741247897289262
644,6,0.19045563951635106,0.4881693714261004,-0.40604331343181016
644,7,-0.06941061271886731,0.293953047008161,-0.49910519860450336
645,1,0.2916230456352645,0.22973882649108682,0.035509350097441175
645,2,-0.06967585950781213,0.01543127183719988,-0.32917844563916737
645,3,0.08946921943089894,0.38459496489206735,-0.33456490533838573
645,4,0.005456595532903447,0.16935565128125546,-0.43300866451652825
645,5,-0.18155183098918015,0.2703536507766487,-0.34598820356833676
645,6,0.13737116645709985,0.4118192635415342,-0.3224052918107435
645,7,0.012596776113222984,0.20237642445049603,-0.4610316288927991
646,1,0.023799314696427338,0.235410429795373,-0.06873805240910938
646,2,0.06323158355850969,0.5172935838112641,0.15219019035049824
646,3,-0.018356266665492976,0.3488106128351199,0.07791531084911964
646,4,-0.2568234135015152,0.35790736985277793,-0.2709172322906779
646,5,-0.07034364310237694,0.3670644024264474,-0.21274643325973155
646,6,0.05127736143093323,0.19577988136611385,-0.05118756327124745
646,7,0.498575736670198,0.5504546945902288,0.3088925633019399
647,1,-0.05120849787234396,-0.1033932571581329,-0.27495469597804584
647,2,0.27203167135557105,0.46606092059722415,0.03899045249100594
647,3,-0.13555670359626476,0.03275537199608309,-0.19066116950840153
647,4,-0.1596091331445933,0.3935319935802126,-0.3088338734915877
647,5,-0.07327520996427143,0.22187707549268545,-0.18702437021130663
647,6,-0.0643283217097403,0.17214598927511068,0.08247265143779031
647,7,0.43414395139928436,0.5374516322912277,0.4741848174565059
648,1,-0.03568315930951708,-0.138398685908221,-0.24776422240006857
648,2,0.21516297737691023,0.44109112235568915,0.06324702582418314
648,3,-0.1401221696924372,0.015195346601374992,-0.22802398535478924
648,4,-0.33312200239478823,0.21556235662694173,-0.5431576752690118
648,5,0.157994570972326,0.19378361173955316,-0.4023108255281776
648,6,-0.2168427959676725,-0.1895967610338699,-0.30481243675224406
648,7,0.41005348573885075,0.5760856232620924,0.37077483142715245
649,1,-0.04809639063907467,0.06078837610924643,-0.18062871440747352
649,2,0.35137839663484827,0.5262290156455954,0.09617764118231245
649,3,-0.06714016458686292,0.05577942988888147,-0.17591434322900615
649,4,-0.42817363159163857,0.31072203287258343,-0.4635475192160031
649,5,0.032194496699518564,0.20698766200947896,-0.37256181766624114
649,6,-0.24061983837007284,0.007966653982977728,-0.2731901162555349
649,7,0.05349993632297048,0.2091604251944436,-0.4061345490628815
650,1,-0.1541440988758324,-0.05763596063696463,-0.31241263092853794
650,2,0.4450020389896016,0.45232558296086145,-0.05093844837009016
650,3,-0.0003623587780640872,0.014010174125042803,-0.2189198952095275
650,4,-0.2090638995397057,0.3879099991737107,-0.2901828096437411
650,5,0.28645256403876634,0.3116035524465479,-0.2715747197893412
650,6,-0.3567096595132269,0.23064831819100298,-0.4370759701728215
650,7,0.07407368280795523,0.05872991148113663,-0.49202770760080183
651,1,-0.14039522488853967,0.09819244994050975,-0.2589603419097091
651,2,0.0024368826664610548,0.3151530049967302,-0.16712490914356118
651,3,0.0030581111995938008,0.1594894043208084,-0.15048605187978328
651,4,-0.0721868856983686,0.12053976389915144,-0.27558169277114614
651,5,-0.023409316745073464,0.30909831071438043,-0.07109036226124131
651,6,-0.17553565198434104,-0.04028388853829941,-0.29697323992404806
651,7,0.015540283344174961,-0.2641105429239805,-0.3377898774740205
652,1,-0.18465257600525267,0.3588371206425033,0.04675180608325757
652,2,-0.30024022250614407,0.45088147511291643,0.07383266142965965
652,3,0.10928515164985471,0.2343644972823546,0.13312059942420826
652,4,0.27245731977585647,0.29829447949257093,-0.37214666549581976
652,5,-0.2512742228023741,0.5350971267763244,0.13747181577353731
652,6,-0.14320671602407384,0.10862988088039977,-0.21728517566288066
652,7,0.13273392882428783,0.06891746948950725,-0.08976352114492235
653,1,-0.07204158067322323,0.4074755625213706,0.05870525821584444
653,2,-0.2824105564726236,0.42544795656619283,-0.015029328195317822
653,3,0.0538933481221203,0.17285783523492254,0.00382862914056536
653,4,0.24662180175644174,-0.012827815510466356,-0.23880236933902116
653,5,-0.2832787024917931,0.30566278444098594,0.11451163938273601
653,6,0.23065288223343264,-0.07024380308110742,-0.30266937448548203
653,7,-0.16494897892525026,0.11392887399023198,-0.4455014610671115
654,1,-0.0010277243102517813,0.2051810181588031,0.14782630397884797
654,2,-0.2585103712275112,0.3904669627012289,0.18076758260494286
654,3,-0.01984008426757613,0.19031456514951442,0.13944914804301994
654,4,0.2562898181878819,0.10777253176260326,-0.16958832870660095
654,5,-0.3227139851735647,0.4968582081626963,0.03443116244502487
654,6,0.2565782187634676,0.12865288304788408,-0.46351519991912044
654,7,0.11319591278065509,0.55518860263406,-0.2851443093179291
655,1,0.1526304385897556,0.5556010870703452,0.23535324666188873
655,2,-0.37618707939900575,0.6338704507279301,0.21944853113919152
655,3,-0.2351482737695004,0.3013254864270999,0.16713432329125744
655,4,0.05060749002244722,0.42533684189476173,0.17065031293925542
655,5,0.18863550584397107,0.3729202196094195,0.17087792225896759
655,6,0.33638155246917156,0.6189452685146152,-0.03084083200508467
655,7,0.06429266388172614,0.7205390873939668,-0.07819728114005466
656,1,0.060712812916691665,0.5294940026835779,0.21390174147996915
656,2,-0.21614804358404185,0.4244132543800562,0.4135816249185244
656,3,-0.21924121059599197,0.3317448068221104,0.38400266118258486
656,4,-0.1468195099962951,0.3104137201514935,0.4662273450744521
656,5,0.16070988601535943,0.31966176643299615,0.45852261266133204
656,6,0.6320360694430266,0.5072530695839883,0.2708185059138069
656,7,0.45447505980311803,0.690092277010762,0.28078536727978115
657,1,0.07782990662842204,0.2527056294450201,-0.14657986294406808
657,2,0.01153201249525736,0.3031178387863018,0.20326904106943539
657,3,0.12286906218517071,0.3106815548345647,0.43723442805645946
657,4,-0.524293099320784,0.44615656541495674,0.061261950668452095
657,5,0.0002626216807286193,0.26035308046289063,0.4960547272794394
657,6,0.2689522648821623,0.47832947638290924,0.21677783493784067
657,7,0.19493114991522908,0.5627310877672961,0.10254510075498008
658,1,0.08103017856042906,0.11365821856534013,-0.032277808463416456
658,2,-0.18276086238384603,0.18470915226525142,0.06744083542723045
658,3,-0.15362651726384835,0.47213997318804957,0.28882800121438656
658,4,-0.41547448963784606,0.10785056936606928,-0.28895168456320613
658,5,-0.1781730694462617,0.09132236237800789,0.24030613108939008
658,6,0.13569800848767968,0.2380289013760336,0.15799593659767228
658,7,0.4800266921552258,0.20090184717631668,-0.08347296562368654
659,1,0.019130019132852092,0.24419049217034447,-0.14201659788490278
659,2,-0.11709005606704624,0.17071020362457984,0.07140645096643052
659,3,-0.08013212087544964,0.331919026782677,0.3500859293801415
659,4,-0.5528741563086552,0.11016332424718898,-0.24330681284787042
659,5,-0.3587762641981357,0.16840091519888836,-0.12781991015434074
659,6,-0.10785298467211846,0.32481164535955853,-0.25714767877968137
659,7,0.5440166448529323,0.29237027601612786,-0.45891480946668933
660,1,-0.04944303493955947,0.11422818519948491,-0.05652862540919266
660,2,-0.11435900524684496,0.13431980815467368,0.16897581995764083
660,3,0.010724847116019792,0.5789392058384464,0.3467533601905222
660,4,-0.44993725976891996,0.38670622019532724,-0.22941999115990935
660,5,-0.21850986002972536,0.2357151526995807,-0.009421753005569291
660,6,0.01849345786820066,0.37227582559719774,0.059243155534889715
660,7,0.5133828951878996,0.20946981880633586,-0.09682016140970838
661,1,0.11717053567713381,0.26693665005030065,0.12779581200466195
661,2,0.05018900282917804,0.376378570356605,0.2351013297829001
661,3,-0.18679179889582226,0.6976148326090607,0.1771391951915868
661,4,-0.11660858198017825,0.3650473714044209,0.0390388301828619
661,5,0.011576911197046022,0.5773405895351063,0.01798150378036291
661,6,0.11062051042738597,0.44740737900477195,-0.14585175853108223
661,7,0.2103347324272808,0.4503601730353925,0.010075488727685362
662,1,0.058633708218585705,0.3479098840705725,0.11123912479853604
662,2,0.0715952211839106,0.2710988780355225,0.1921133607469517
662,3,-0.06553567079366238,0.5791624124397083,0.3659981993501836
662,4,-0.1992499047563105,0.4643544326162467,0.4593544157849177
662,5,0.19159002777727976,0.5943657700862434,0.406490164740012
662,6,-0.2788897737788889,0.641107629374652,0.11456576231137187
662,7,0.20147904446697656,0.26311195441288837,0.5942977801083535
663,1,-0.07244177406337547,0.5487879173461668,-0.08421583806551584
663,2,0.012810770760366913,0.4924569811660893,-0.09482728799808025
663,3,-0.19907304621260533,0.4172094285734448,-0.2141773223275911
663,4,-0.11184622873767265,0.2723877139745265,0.0015290536488152843
663,5,0.0922054558639864,0.31941019064663795,0.09853900739639636
663,6,-0.4834926639676929,0.7296337813243524,0.12675205639988568
663,7,0.2223677759720676,0.5355554675564538,0.5240279259199513
664,1,-0.03301115238961482,0.542545450036381,-0.09645729857351724
664,2,-0.008287568461153801,0.5950714953893209,-0.15386609944731752
664,3,-0.2646117902583859,0.5067377777925581,-0.19493209958688396
664,4,-0.011214233668338102,0.23781763453823346,-0.0668042522638571
664,5,0.0658793472242713,0.21714032924301013,-0.00602577693274555
664,6,-0.40864921516381203,0.5328046623896233,-0.29435491232491623
664,7,-0.1764431498252639,0.373970896578715,0.21950260101641916
665,1,-0.043953628173783725,0.41370985143005934,-0.2994290322864867
665,2,-0.2786756421876133,0.48399972106209477,-0.23092214271451228
665,3,-0.18410035931119115,0.41864338844900606,-0.09992363506002269
665,4,0.05064055630430256,0.16690863461170463,-0.10930967823495069
665,5,-0.07406850505300219,0.4457673611295736,-0.13880400194946388
665,6,-0.0028301800197133575,0.5080500650134967,-0.08183929780178234
665,7,-0.17978476845722288,0.5884256911680124,0.013689566237767334
666,1,-0.1743921921995126,0.452471232294096,-0.39624172939831986
666,2,-0.2392876346034462,0.6510117412090286,-0.22688023907851643
666,3,0.08213452471213559,0.37438011626628126,-0.2355638140092685
666,4,0.23203482936874292,0.33070583570403106,-0.35099441798546693
666,5,-0.19077279244839443,0.26974585331041473,-0.33058764388115525
666,6,0.0046145889989854735,0.4468294978262037,-0.1771022042386735
666,7,-0.10085514795674723,0.5340143121500566,-0.21148209851014207
667,1,0.13004760041214708,0.6776782775315146,-0.03899247979603372
667,2,-0.32342297555884547,0.5616143639281935,-0.06488336398021305
667,3,0.1143196151276674,0.3985342968332941,-0.09635566908994636
667,4,0.2936067075400367,0.2738418786523494,-0.012781952390874188
667,5,-0.31391953253972543,0.21313291378220361,-0.07310901145107046
667,6,-0.2620860354071672,0.28917345086854246,-0.2501579632001495
667,7,0.5525238495563345,0.4508144148535518,0.05013568903916349
668,1,0.25449010695229457,0.45911795102172503,-0.22746921810037513
668,2,-0.21544006261782964,0.17026544425152026,-0.38538291560302007
668,3,0.28358473159807845,0.1728811388451647,-0.38325837316469136
668,4,0.27518562933321805,0.28660491097497365,-0.05970620919006113
668,5,-0.21165263243124718,0.44034683593509244,-0.042788388739670336
668,6,-0.18442176158816698,0.4724379294633431,-0.19661015337434484
668,7,0.36580272185166673,0.636477194965836,0.0738476487165425
669,1,0.1816920768531987,0.40830344490241544,-0.22454470688205258
669,2,-0.13362857401278166,0.3259703488334594,-0.4134349668439391
669,3,0.281463206549943,0.231138857728949,-0.5555845652118323
669,4,0.166499495973574,0.26283715215920855,-0.34392977358229804
669,5,-0.3457924108505922,0.18973458768800402,-0.4616329162554084
669,6,-0.15832958694893176,0.1942364010011585,-0.6214224337396548
669,7,0.26978707267378754,0.4193143212057852,-0.05011370642526655
670,1,0.3403342450594954,0.5850770708591703,-0.08225239775464242
670,2,-0.043397776260984344,0.35271911855455373,-0.31687350940224557
670,3,0.3260400670896124,0.3884605811070013,-0.43604257628159176
670,4,0.1574899769534659,0.27743854392282863,-0.2505315418753527
670,5,-0.3550869153984571,0.3988515452118188,-0.4700551545045326
670,6,-0.3733022618740435,0.43313703689509986,-0.7144731789388818
670,7,-0.040763695332394025,0.5500129770837131,-0.48951492564856763
671,1,0.3548508803351366,0.612095384861284,-0.07878525821008973
671,2,-0.027894819898196175,0.3676113928403168,-0.2547683358331204
671,3,0.18067672716411518,0.4159456108174422,-0.43127474955933326
671,4,-0.055579502253856806,0.5527211575545569,-0.40069013304497925
671,5,-0.19051127531575687,0.6602561761311048,-0.42053979735780583
671,6,-0.01383909417072008,0.4415566443080897,-0.4870482182032885
671,7,-0.2272831148293265,0.4706914885906184,-0.5961654604145884
672,1,0.054108455688686136,0.6470260110569186,-0.1979494753768528
672,2,-0.13230809026890328,0.5670811415807757,-0.2699258021566881
672,3,0.3119288787306384,0.614223820126495,-0.3457406816980305
672,4,-0.09787227593447927,0.6672614992953526,-0.2727032488219219
672,5,-0.21806783832918855,0.7558227609466345,-0.20264122682043328
672,6,0.23698141893079583,0.5741312036606981,-0.3333437762550732
672,7,-0.2586996293944425,0.6131382634721139,-0.4855773843867781
673,1,-0.268466516965975,0.8488068565810517,0.016154743194149133
673,2,-0.370337871637232,0.8737775801252382,0.07667461486998248
673,3,0.13808708178512963,0.8610463705255793,0.06180858410597376
673,4,-0.1858695438292199,0.8524216376961158,-0.021654582358646295
673,5,0.49675395808726835,0.8943929787656999,0.020758076126872752
673,6,-0.14657732055695388,0.8372566119919796,-0.06123157519041865
673,7,-0.5736762589834672,0.9889380808665791,0.0050250445221223195
674,1,-0.1451996117047633,0.8573303886258775,0.1276321910626487
674,2,-0.17978563364577513,0.792856984551515,0.06811618493882372
674,3,0.06700028041725806,0.8012574815717636,0.034093179689069275
674,4,-0.41289688888385284,0.8579730687771321,-0.061198905838660944
674,5,0.5992202765855741,0.8756765438237384,0.11581811624295958
674,6,0.05837701693314394,0.7866599997059035,0.1614193140863232
674,7,-0.020830445616710925,0.7796095453662027,0.022041256612255877
675,1,0.1433903171574608,0.7676200515548987,0.35199428035550767
675,2,-0.1970600813477013,0.6578197043403793,0.3096913799401864
675,3,-0.05214809088815801,0.7134647417439625,0.15602934276481328
675,4,0.05989432808624708,0.8860657940381124,0.06501133229097232
675,5,0.15434412082466378,0.9015388338104621,0.1569176851154143
675,6,-0.3136319928199444,0.7684226286383785,0.08259234040556497
675,7,0.26090502897297674,0.7048875497922908,-0.06916301613948031
676,1,0.11651297758216667,0.8352905706069111,0.22707410128407596
676,2,-0.1904995000521796,0.7191004944430964,0.18510729955185162
676,3,-0.05274058287337801,0.7372788836721045,0.21878426697548095
676,4,0.04892117219143253,0.7816185804369071,0.37274977583279867
676,5,0.11410758131246816,0.7388411839948167,0.4433900991702811
676,6,-0.3870637833571358,0.8066900368853783,0.210815029060091
676,7,0.24270653733603242,0.8153452282214334,0.026582548779942088
677,1,0.18820382926506452,0.7278337760120273,0.1523719399233765
677,2,-0.33448555019470816,0.567819735240182,0.07095965599029429
677,3,0.17498381849174258,0.7378334347746152,0.2450550799588116
677,4,0.23134200528146384,0.8299959576975053,0.39409441881104706
677,5,-0.3391292888012346,0.6594377089151072,0.3419700329433084
677,6,-0.5556986283278105,0.6340465951068086,0.29302700108273777
677,7,0.04621999560025596,0.7700260170660139,0.5250516144605785
678,1,0.10644089299447498,0.6284838798677583,0.0741630985269973
678,2,-0.1858342049975109,0.536871631869866,0.02467398380718942
678,3,0.34111816787559235,0.6919202945636689,0.2835184633870683
678,4,0.26813246218714376,0.6194128314232356,0.26853169550524564
678,5,-0.13298643072611008,0.630194649565382,0.1575651738434765
678,6,-0.29133603179670603,0.783396356595832,0.337692962000354
678,7,-0.04377372368157769,0.8646217841799808,0.510297600666202
679,1,-0.04895927612497114,0.320181776809687,0.21932909420058141
679,2,-0.31386667993028894,0.32652253825549044,-0.137328158896291
679,3,0.29045083977666275,0.5303356653326823,0.04211337598956612
679,4,-0.19575074064038034,0.5578320155120987,0.26214868869812935
679,5,-0.17746923247211566,0.08320344953801675,-0.10648554034178423
679,6,0.18968664406296554,0.4722006753766789,0.10170362936555388
679,7,-0.21406412965026556,0.56733929974591,0.40594263058681235
680,1,-0.18055691921133107,0.535212333558695,0.09372339858387975
680,2,-0.2970304164429877,0.1886456378600023,-0.097567856431057
680,3,0.479305553700391,0.17207448520862043,-0.06325899670271656
680,4,-0.10016460586941586,0.2680788916379896,-0.0006256701515402984
680,5,-0.26690803383651435,0.2691345855111242,-0.581974908351617
680,6,0.3785096144658484,0.42764048669144344,-0.3624382654830686
680,7,-0.15545256829614873,0.5735178814587778,-0.021761693392397776
681,1,-0.17667626206018958,0.3705731386463342,0.22680093231122833
681,2,-0.09070376643368656,0.04982954611710023,0.13954707673206065
681,3,0.36402062518657746,0.10488664484895811,0.03424349386086038
681,4,-0.07548766101535227,0.1719407148778398,0.04450974403495692
681,5,0.21503735921161696,0.3180850725819557,-0.3521009966246003
681,6,-0.08802810619824215,0.25670591988832425,-0.022060223784522028
681,7,0.03909409169805624,0.26562619871885945,0.07832592692998941
682,1,-0.28517028866388905,0.19353234829920093,0.155306301946676
682,2,-0.022008901200845494,-0.08834907083749624,0.19075655368955866
682,3,0.005538902115271909,-0.00602547787128642,0.028633134057816076
682,4,-0.0906061704236144,0.02582180245580113,0.19332929927473755
682,5,0.32550283818246106,0.09477557976757447,-0.01659010506673723
682,6,-0.2542580388462661,0.26964147237534614,0.14444002018641344
682,7,0.11021387258811373,0.23154402121841228,-0.06351373706960117
683,1,-0.2169270684612386,0.18851491239296003,0.2755491534728694
683,2,0.019186687744056553,-0.26889864697079013,0.46246339785725527
683,3,-0.34861211331355246,0.17261755442630689,0.17598194675594264
683,4,0.30450896199348415,-0.06057017682844543,0.01945296973515716
683,5,0.157271138422051,-0.03570416914483277,-0.06365926187196409
683,6,0.031246166918778587,0.09057927900715093,0.3098748192267056
683,7,0.05387542742423515,-0.10921644274580058,0.14450460087831077
684,1,-0.27802020734112964,0.15224903677867466,0.2691986407044692
684,2,0.21208172757726068,0.0007939894990702437,0.25482632904552394
684,3,-0.5547986410640047,0.3730174537120131,0.3352383419691321
684,4,0.476363105676133,0.13544886114417382,-0.037047140134137214
684,5,0.054329762369733116,-0.26107706033207184,0.296193670913013
684,6,0.6119128170072706,-0.024529092738712815,0.04931397873736883
684,7,-0.6046794035148981,0.3486803631036646,0.3886275359962334
685,1,-0.2566228662797882,-0.019191302972431427,0.21255650103045393
685,2,0.22335755913770386,-0.18140790587625127,0.3919878409865668
685,3,-0.6109412383237521,0.39311960376324284,0.40984098498006927
685,4,0.28714476335413053,0.25445342770642215,0.0690214124171076
685,5,0.08868985704756842,-0.029932141407732482,0.1579950745321712
685,6,0.6012397131179125,0.04578483393091169,0.13919803902473346
685,7,-0.4651922437416386,0.4023411127070367,0.6656239341408083
686,1,-0.26263058969638725,0.22820453916322897,0.08693980056385853
686,2,0.06956103674943773,0.14651378386041536,0.09569667333477241
686,3,-0.5115203154072491,0.408779303545405,0.3910403732062674
686,4,0.4068192483077021,0.6615466147561214,-0.031864365659327355
686,5,-0.030384124160364262,0.1312318251601801,0.2283624428343892
686,6,0.46537076910172537,0.11496748179626769,0.26040879361931746
686,7,-0.5322282823779904,0.3492482796068506,0.8278512299614988
687,1,-0.12154049040123123,0.5474822174344965,0.2374202357120551
687,2,0.10284384228260306,0.44262807396227277,0.2572254408942764
687,3,-0.43892554160666625,0.5780480467974414,0.3893606044875952
687,4,0.15442549734932726,0.8067440625678827,-0.02083207257330793
687,5,0.22593544888092354,0.42821925541350675,0.15163602783839822
687,6,0.33400614445690546,0.47769700606293364,0.327364808898884
687,7,0.016630913111414743,0.4348881845321189,0.5521161291751251
688,1,-0.13760455444300485,0.5766244467558395,0.06687237928752146
688,2,0.11738913118281893,0.5522882202083973,0.0544850652617168
688,3,-0.12419257636320975,0.7318839646590586,0.07801476665195695
688,4,-0.2819634181737049,0.8173984223552658,0.030751615348663695
688,5,0.023543870154235935,0.605735028358216,0.2009219450831812
688,6,0.16133509903058343,0.650484957413333,0.10050734304252484
688,7,-0.12943502455288144,0.4935286629191373,0.17757432915940474
689,1,0.22311644106965473,0.8542662213526304,-0.3883309053467725
689,2,-0.13313325600115464,0.7671239725106297,-0.4479706122470075
689,3,-0.045793503715981926,0.7247723438024363,-0.4181367904404075
689,4,-0.16701407208029814,0.8272351387978057,-0.3921732959261606
689,5,0.11568715675626248,0.8755527356124826,-0.19629495987934575
689,6,-0.1465175529196865,0.9345198546040548,-0.32101034963444325
689,7,-0.2595457747043337,0.8787141153919831,-0.20906204157848154
690,1,0.12671113264744613,0.8684227891188516,-0.39403878856399677
690,2,-0.1484434528053297,0.8857329797964886,-0.31920690191583345
690,3,-0.0031761848877386407,0.8089412470533252,-0.34252648990033996
690,4,-0.17516877286470567,0.7737714087685378,-0.46806239637584635
690,5,0.3004826159256948,0.683357379615413,-0.5190070292887724
690,6,-0.016793205980986107,0.7607629465303064,-0.5432766158993472
690,7,-0.45453369639980856,0.7184680335758385,-0.4408127886367552
691,1,0.04444973205950757,0.8262718601795686,-0.22789306577434737
691,2,0.05087566554477792,0.8240705596477577,-0.36614269309381564
691,3,-0.036851923121197644,0.8268642491607772,-0.3088810095837486
691,4,-0.0852319889181656,0.7752974808558053,-0.43666962321453645
691,5,0.1834566884185075,0.7893013683870356,-0.3537424782513905
691,6,0.18571444112788826,0.8852843991526766,-0.35270927715670075
691,7,-0.29847998223729705,0.905625721011011,-0.5155550171303648
692,1,0.19413641098398943,0.7875821058020401,-0.008600039542757489
692,2,0.17374803306025413,0.8129047928348209,-0.16635952350058017
692,3,0.05924116622084429,0.9243918084202826,-0.2567774931033469
692,4,-0.04874134129080968,0.8575426198158532,-0.22930867952834524
692,5,0.18583825650704078,0.88303486297339,-0.4105972058620175
692,6,-0.04122680871230408,0.9389833009673213,-0.30523387549435876
692,7,-0.1984568331959107,0.7496203654808454,-0.4825381052916173
693,1,-0.1787841574004337,0.6117269835731803,0.37957950435994414
693,2,0.07573148886042277,0.7003045947832607,0.027156652634470303
693,3,0.376942046412976,0.8933553091373276,-0.0531684517711772
693,4,0.04691267731212651,0.5885244384687972,0.11308463248268051
693,5,0.029538203184678948,0.6405569430870693,-0.029353997545865165
693,6,0.18299890674984903,0.7955117829013064,-0.15304290952433522
693,7,-0.19988136679929122,0.5416887927050771,0.002077456641412277
694,1,-0.05300979343587493,0.512312816231325,0.33307316025722816
694,2,0.12286560984181588,0.37257914798428227,0.3137088166191334
694,3,0.07465917077292555,0.8293480393668482,0.0738289596632604
694,4,-0.1615954232035193,0.47667037123543904,0.3756308513307803
694,5,0.0009133358273741821,0.39971043819088464,0.20267707518899522
694,6,-0.13466463606329493,0.7736302774024889,0.13714931377750234
694,7,-0.4349367499184847,0.4427702048844792,0.2758152171004798
695,1,0.05266130692826509,0.1902626180696404,0.08994432886237337
695,2,0.2164312365691159,0.16861499263992502,0.2463204239726059
695,3,0.35358039760097887,0.7485689307160845,0.06588088937734346
695,4,-0.03438303281086256,0.2013600789055205,0.22839453717541625
695,5,0.0870827847084008,-0.11066539394478207,0.4677390969892474
695,6,-0.4799478637212375,0.7348505869736336,-0.10819108167953771
695,7,-0.3470960962304236,0.25521564532134583,0.5858949903200338
696,1,0.10948205193657204,0.13537405177099338,-0.08360692800393622
696,2,0.32437216270683,-0.030840421041066154,-0.09284084346070148
696,3,0.30159608552531697,0.4644149932994666,-0.22504435734669873
696,4,0.10299176528983617,0.0949441667788986,-0.11419856313545709
696,5,0.18227508249460986,-0.1295046036631046,0.21377383498285069
696,6,-0.6259986564905548,0.6937790767301952,-0.3258140371006641
696,7,-0.16135905075579854,0.5123772108474504,0.2782136144324105
697,1,-0.0684266802719012,0.05431830859858978,-0.1447352511713905
697,2,0.3179915927417865,-0.038057339887026524,-0.25618869338914696
697,3,0.1318096147432551,0.3578699261037455,-0.28892484966130577
697,4,0.022319612437484506,0.22509241961375415,-0.3283623029328856
697,5,0.1876180487371382,-0.19961270016950783,-0.25910941876570903
697,6,-0.676597841962858,0.631796505079541,-0.5732854029791095
697,7,0.28703448670498594,0.2362120948795663,-0.19208858384930222
698,1,0.29222805942611796,-0.007597583936208338,-0.21883196991743015
698,2,0.08530499736412073,0.011909706676457368,0.030370946895827484
698,3,0.38558568833654544,0.18498078391420683,-0.48743086473209496
698,4,0.05163813713977978,-0.0824787688674495,-0.10177703415194186
698,5,-0.032363956531921145,-0.16176246530584068,-0.14670337977064138
698,6,-0.16286991382891902,-0.12189114049241305,-0.23738967451072224
698,7,-0.020981026948549628,0.015079704848272887,-0.09283403576450416
699,1,0.15337706072722052,-0.13739699565653082,-0.2603017419129478
699,2,-0.28089775388562893,0.2048258577158762,0.01219315417818269
699,3,0.22408757975482418,-0.21441753042330844,-0.2944408003093593
699,4,0.25402200173740846,-0.07224583115883543,0.12602911486602014
699,5,-0.18279735377048173,-0.048680939306119005,-0.14334153343338943
699,6,-0.15237015448633787,-0.28527433131496255,-0.09107543604966163
699,7,0.07790262650367967,-0.17153638701555668,0.028397529205226157
700,1,0.2567799553305131,-0.06643031586595631,-0.08716946800374759
700,2,-0.3244288645420235,0.26240768123141806,0.11091629559488127
700,3,0.15556708793111498,-0.2011500309294815,-0.20765734086767793
700,4,0.14096012406189748,-0.0909635991920984,0.2348989984458233
700,5,-0.036655378355190976,-0.13525055236969324,0.06547033286201215
700,6,0.34912972453582775,-0.4071959047295006,0.16557934182484005
700,7,0.15878746391299584,-0.24555517629551643,0.3625913050649231
701,1,0.253254206935606,-0.1274748431589979,-0.03111712514300195
701,2,-0.3609191432642354,0.1738452799096344,0.24194548603899
701,3,0.0492562363485072,-0.21749451575016684,-0.023972566838152885
701,4,0.07227827160241747,-0.12740623028396367,0.41761151790823325
701,5,-0.08405603057081336,-0.09428620131371164,0.19235510775088777
701,6,0.32850729758209635,-0.08125652846993922,0.1665233214959979
701,7,0.40780394904975864,-0.13112152069061492,0.18683654926442575
702,1,0.27485161942598246,-0.14462144900970655,-0.026024519606605366
702,2,-0.47998985966447455,0.2123330105559119,0.1842124832386077
702,3,-0.1683639746339926,-0.3221117508484926,0.22109553581088745
702,4,0.16471857971327758,0.1080091123921314,0.2951220449462659
702,5,0.2576823745631856,0.12227719879587039,0.22611830032002994
702,6,0.3439722877806956,0.013900441142141104,0.22379179728167786
702,7,0.27579977982126797,-0.1286351058989239,0.2961890123690808
703,1,0.1382446527780308,0.027158044344948565,-0.08401426646198455
703,2,-0.16382648417429202,0.19292431389986173,0.12997454642216724
703,3,-0.06036850905643938,0.26697339811213155,0.29609790231680355
703,4,-0.201132438466334,0.3300203593889315,0.3353752295231592
703,5,-0.06932230201022314,0.38763009869632314,0.14501646827565048
703,6,0.2891767714757591,0.1954102465355675,0.1086697589086347
703,7,0.1909973450548209,0.2931047845286326,0.3086607564390846
704,1,0.39177973706003627,0.3218385009342637,0.06233172415015807
704,2,-0.05176376029499834,0.33656333730307114,0.025422091289289052
704,3,-0.16541384858167604,0.723340070404256,0.2513699904183667
704,4,-0.19459706041178312,0.29552338481093954,0.20019368023118334
704,5,-0.17219399447572076,0.4305946942966122,0.18496489365827107
704,6,0.016529702553835367,0.5206791557632225,0.4239699859681008
704,7,0.23845734296938134,0.4051669595379158,0.47821980023672905
705,1,0.1985642322475154,0.37479357510672895,-0.021174414854925286
705,2,-0.3319663308748346,0.3522737342503903,0.024210213475624635
705,3,-0.2246332935341011,0.6456397423376797,0.16717908336821993
705,4,-0.14690870608202905,0.45231405040948824,-0.17992909735125595
705,5,-0.1273213307077118,0.5931639062664785,-0.3028665772545769
705,6,-0.11317139807018937,0.5667936370268469,-0.24077122888234756
705,7,0.14849809768462274,0.6696258821458622,-0.1524999950916561
706,1,0.33946710034494026,0.3282402171593173,-0.21167905486834432
706,2,-0.15405323384945283,-0.03837907439656596,-0.012476810742421683
706,3,-0.13747332602001733,0.1305860634014133,0.23791262229938587
706,4,-0.18317964836757925,-0.004407824772234002,0.04710701770518099
706,5,0.22823769610914685,0.36062956747762975,-0.3089691030326885
706,6,0.3944111303905006,0.33979588967774516,-0.29688406431804254
706,7,0.23222007708745604,-0.13210894646317856,-0.3926788735963683
707,1,0.05964430399207587,0.3710268346721641,-0.14209676255165235
707,2,0.08290766728199711,-0.09863975118182292,0.07640321057030018
707,3,-0.12884529607585954,0.010448508065783298,0.354143231714614
707,4,-0.2552576394296212,-0.07995606662894235,0.10803953371588207
707,5,0.31871773887962557,0.18962826727828624,-0.35685362748611554
707,6,0.11725232338591364,0.2566822706473477,-0.41164820614068043
707,7,0.1321505082526416,-0.1574547039411668,-0.345417984739593
708,1,-0.007712111703502935,0.33835079885542485,-0.14759147338228024
708,2,0.12530498454748856,-0.17162068764304564,0.294448995081801
708,3,-0.2898456335336233,-0.19824361276293653,0.33957451826009066
708,4,-0.07465853813711079,-0.31232123068554546,0.527606408472985
708,5,0.3226769711222086,0.10417915247081838,-0.013714733031314845
708,6,-0.03619498559275237,0.09745489717102579,0.027760589529404196
708,7,0.10753070400113743,-0.43980056660534683,0.010365378712203582
709,1,0.01271514200879176,0.2976100689366475,0.029162576506773896
709,2,0.08277543726413897,-0.1263549113349336,0.3557228188691761
709,3,-0.20239495386319023,-0.41456407720414945,0.21800986228797023
709,4,-0.12201993714625087,-0.535542445357239,0.49559740499149696
709,5,0.38067686758491615,-0.1556255312709676,0.00413538502067149
709,6,-0.24427417610594784,0.05026285410065259,0.1810255252333612
709,7,0.27004185999559366,0.17187418051396794,0.3268963900602847
710,1,0.023419569691454683,0.024710091050135975,-0.03375147398107995
710,2,0.24396778786051984,-0.344567850761772,0.3129859624573367
710,3,0.09533916179552532,-0.1079856228877334,-0.04544119121951964
710,4,-0.18198795518538557,-0.3090672498005802,0.47101222382887614
710,5,-0.05687714523765603,-0.002251467566346781,0.34475769382808524
710,6,-0.20731196199990354,-0.16991389211043723,0.06792453963500594
710,7,-0.021387304973978925,0.14060439058142774,0.29728125828449375
711,1,-0.15229956425693103,-0.1363395135499793,0.19476030952246856
711,2,0.38814218689473146,-0.06584872442637205,0.33645036256651994
711,3,0.18337623220906044,0.1915047538673395,0.0004065494562950411
711,4,-0.11230309109440208,-0.5019591775524134,0.6159890265247664
711,5,0.037353144859302204,0.015871234715641593,0.5212196385524909
711,6,0.04972074146138588,-0.31095923241174134,0.22306761605965783
711,7,-8.841273777450371e-05,0.12154373405709,0.33393191838922326
712,1,0.2885562023253936,-0.2161818352894358,0.1600063159353775
712,2,0.18834085251508448,-0.42797468950533785,0.4561465520360784
712,3,0.5483680250107846,0.2500471933596399,-0.1873442345127536
712,4,-0.04839911395659764,-0.2523646150589414,0.2782621840700913
712,5,0.030373642831528436,-0.17224199088189698,0.6193195632223778
712,6,0.6396818087746814,0.5220518292844898,-0.4440219274658544
712,7,0.07282629966988213,-0.002108439309426129,0.19972578712827707
713,1,0.31431828708752363,-0.21801902879699517,0.1648256114250675
713,2,0.1394015390302114,-0.4605763709449718,0.44379458560632606
713,3,0.33649996057735454,0.4014592064330369,0.05261526594314792
713,4,-0.0771647530257842,-0.34222128549017516,0.5391806545653114
713,5,0.2911128170628172,-0.38919092740903877,0.7424358279048173
713,6,0.5397907036429854,0.7840005126417748,-0.16071999488556907
713,7,0.17944276700068504,0.03328562697892171,0.18098000492999075
714,1,0.2529700482391733,-0.19275976687698165,-0.037233786271473265
714,2,0.03063252087004182,-0.4000709156885326,0.4177158063002342
714,3,0.31220201493342675,0.3455820395981542,0.183936861030801
714,4,-0.0006911795046529362,-0.2579196312455425,0.20761352446538495
714,5,0.05018644041668363,-0.3237593217542088,0.5689145854288804
714,6,0.15167847812692126,0.9735235177618136,-0.18998079853833563
714,7,0.05770695543820447,-0.15832095235761073,0.33599247359250545
715,1,0.26748535586323363,-0.015953066145952845,-0.055464400221868444
715,2,0.0004519438512500998,-0.3016820428399692,0.25628704040831884
715,3,0.14953868807684748,0.106374605729196,-0.09200771959009338
715,4,-0.07162318443263256,-0.2325087875019146,-0.024490317104473327
715,5,-0.22126686180236724,0.13447408278940542,0.41731785722991194
715,6,-0.3147880559939991,0.3420498329274667,-0.021886775669585384
715,7,-0.5129595597149426,-0.05882393655194563,0.40853206583133955
716,1,0.04655413952958723,0.17400395200748134,-0.42625187229794725
716,2,-0.19627872372360253,-0.3366730083260094,-0.00040508076262554853
716,3,0.019222407136873038,-0.18218080352781302,0.13159629528031808
716,4,-0.21750261889744027,-0.3160889249949857,0.022615137849056385
716,5,-0.19292944093373904,0.01684295140180063,0.2964835219118467
716,6,0.09548846945983924,0.39490531970169074,0.15696606407535377
716,7,-0.267439015330167,-0.18481940624309093,0.07289163522564727
717,1,-0.11135968756256445,0.2558951092205783,-0.5092273270925954
717,2,-0.39866210120488044,-0.21190199757541156,-0.11469423902632583
717,3,-0.030865499637736285,-0.18239804728337852,-0.0756941898670415
717,4,0.10218230992747812,-0.4841124815800606,-0.4605390450266132
717,5,-0.06892700499569432,-0.17147693594878324,0.13541282625040005
717,6,0.3599412785522431,0.21044050210866821,0.30387109005065643
717,7,-0.14643142119724506,0.14213121596881179,-0.2000403754824614
718,1,-0.13586843722805222,0.28004182207985207,-0.5201631924028467
718,2,-0.4057247551581055,-0.028187486674796872,-0.08763558533337276
718,3,-0.19433304710454477,-0.26647899174382633,0.01460235728447545
718,4,0.018107835990115013,-0.2712584268982911,-0.19261779779085988
718,5,-0.04555751202710036,-0.29973404240344687,0.33649610362470445
718,6,0.5143484193638358,-0.1103320362635777,0.22328166363864144
718,7,0.19724048497548127,-0.12580347526015323,-0.21124843154722023
719,1,-0.1420973278244279,0.3149165241951541,-0.3112230341071122
719,2,-0.3590382000929879,0.0074073621607335495,-0.05859078643991001
719,3,-0.2808226231969908,-0.11706221129845677,0.11348005116388518
719,4,0.10824118870066692,-0.14955151088526591,-0.2735930031017591
719,5,0.08425323111430168,-0.09240444580863583,0.06720230503344829
719,6,0.03798649215046623,-0.1732369344934727,0.08080052368550289
719,7,0.36993886204072757,0.1982445721082552,0.17282974793123845
720,1,-0.13362381624234596,0.30388167507659497,-0.21906919651251358
720,2,-0.2572210932666922,0.26186351231400096,0.0692090519836799
720,3,-0.1957495331352406,0.25998086058650743,0.18583289552417803
720,4,0.0894930223849394,-0.011011490812047933,-0.17634024974161308
720,5,0.01715742969616922,-0.0606045455536319,0.011621814231089801
720,6,-0.09464149655090594,-0.31877607115605544,-0.0036214863132816607
720,7,0.3046239869784492,0.055151288772914926,0.019676499317956477
721,1,0.02350721470677105,0.050603430759335856,0.363302099486865
721,2,0.03297615575442134,0.5633544899166597,0.25314018528383897
721,3,0.15213780415256306,0.3745202399302949,0.449857061479445
721,4,-0.3439682303474865,0.3064634594565925,0.288734152892866
721,5,-0.24818103005287617,0.6412595918234893,0.30937928245381996
721,6,-0.1398855579262551,-0.04400527808573367,0.34631249088382887
721,7,0.03452030866339346,0.696878719384656,0.1055792509090061
722,1,-0.09933141055274598,0.27457958416800976,0.030742312993925887
722,2,0.1577219131917519,0.4581385064207937,-0.09373538246469229
722,3,0.25053378620303013,0.399162426472271,0.2061119780352241
722,4,-0.22365199733312804,0.23498701468262426,0.17507937363549836
722,5,-0.2741979884081973,0.5005442018479829,0.22421207369199214
722,6,-0.2502602467126727,0.08249685298792286,0.24000694039682657
722,7,-0.29289272171815706,0.44338275178940534,0.24711231956321864
723,1,-0.07374883367654696,0.43511705063239897,0.2826814100843345
723,2,0.0822362872526702,0.5818394951440425,0.14347496669202364
723,3,0.49139824449465586,0.5312679795082573,0.33425924799032763
723,4,-0.39466317210637547,0.43968418327116615,0.20869217689388775
723,5,0.09481503160115835,0.3939337362046638,0.18904335809190476
723,6,-0.01571827361132888,0.06399981362263685,0.4336897513975227
723,7,-0.4108475434659188,0.5775697321669737,0.5949015728835106
724,1,-0.048274408971910036,0.6131475378049128,0.12656793346023798
724,2,-0.23742584765499408,0.723756958964072,0.10965872843990616
724,3,0.42631760046218514,0.6306916324914238,0.33632836532789817
724,4,-0.39020608447242483,0.7222189040118661,0.1802163201853335
724,5,-0.2580593720749717,0.6354269126386465,0.15704261969798905
724,6,-0.03331229089244645,0.4940120722838492,0.21851674715517533
724,7,-0.10803034575834312,0.5899173727452296,0.2743076402438377
725,1,-0.2969169138496966,0.7776151818237612,-0.08591065705607298
725,2,-0.3069799398512314,0.8996815997346219,-0.07388859152014314
725,3,0.21701786321498573,0.8199101862516506,0.07353336787830125
725,4,-0.28511980052581276,0.93881523356666,-0.0031980975229917493
725,5,0.08791815906729097,0.7713439246040114,-0.015621825580440658
725,6,0.1974535172285863,0.798369349763626,-0.02471170922604949
725,7,-0.2628016191423957,0.6834034154979496,-0.058802286814281055
726,1,-0.07159265465886246,0.8426948632676128,-0.2474594626049704
726,2,0.15473374864330453,0.8585249070443977,-0.16877087391248385
726,3,-0.014208350521952533,0.8173289016396087,-0.07542353610542099
726,4,-0.36483803293274797,0.8879745875382017,-0.1606965878489946
726,5,-0.05824194482686677,0.8251383076319677,-0.08438814697130792
726,6,0.099645694911958,0.8562964543274285,-0.18003363099897182
726,7,-0.18599166789627286,0.754565583663432,-0.24569213362784853
727,1,0.02324398934239061,0.7409505958584921,-0.26167190917142413
727,2,0.3066579807886853,0.8703304733124095,-0.10165448048036689
727,3,0.33965264374633913,0.8697682460898875,0.006794413144472152
727,4,0.06443512031332832,0.8157527477954404,0.02172769301589355
727,5,-0.24392524301929383,0.7425362020724003,0.032379422076725145
727,6,0.5185098823526524,0.8309773035276237,0.3154340821595541
727,7,-0.5113235224805266,0.7160227487243598,0.02531037020492428
728,1,0.10466341189663622,0.6109103358104349,-0.12186724224921526
728,2,-0.0489821838970335,0.7167316905192143,-0.04742819599205106
728,3,0.07592520609451887,0.6908905993966499,-0.27977065403278406
728,4,-0.12241434660785748,0.5170463748232479,-0.36534025403368753
728,5,-0.4382282695540306,0.6457143526029393,-0.2605101256416138
728,6,-0.022704655142215126,0.7263456165721728,-0.06934189510895554
728,7,-0.1101383765824302,0.5847607429490722,-0.3245005875775353
729,1,0.11457418093309947,0.5851657673606926,-0.09695250571304254
729,2,-0.02537799003293824,0.7427109607750361,0.031682677873279975
729,3,0.05974030953967052,0.5931411946363089,-0.02086871224348199
729,4,-0.20056901870077143,0.5577079210575024,-0.11438838926449096
729,5,-0.5193278344758099,0.49426025229823894,-0.22141583846953808
729,6,-0.06004246390919686,0.740862842781568,-0.3643222475987284
729,7,-0.01052805566356301,0.5160637040381223,-0.734907613749435
730,1,0.2608744716764592,0.28268313818185237,-0.2515592127859957
730,2,-0.19649487076392355,0.4699032504703721,-0.13279541796631195
730,3,-0.003929548621963378,0.35768406913597994,-0.03899847873803016
730,4,-0.21190909308089395,0.35717194364187144,-0.10111203066178785
730,5,-0.3654434199951142,0.21345668870752113,-0.12094220445104367
730,6,-0.5378065970622173,0.701248040163872,-0.4034137782885679
730,7,-0.09051944858624691,0.15408096949079939,-0.30610432553909844
731,1,0.27509254388509174,0.3452301319689644,-0.09160086973368436
731,2,-0.1957456251008456,0.4258612071725347,-0.05609449010456364
731,3,-0.07945847298112559,0.12102302082908512,-0.25942308610804704
731,4,-0.4308260983477467,0.21971808243808827,-0.39064554190108497
731,5,-0.40884703081478924,0.3560681341437229,-0.29577455851777606
731,6,-0.4405394366868361,0.8034337233348728,-0.3889577886043827
731,7,-0.1866270984932445,0.39804228963275445,-0.09740168649854264
732,1,0.20467298792198663,0.18574643081159362,0.21369010656466256
732,2,0.10169444303721907,0.3595200547387763,0.026624604012749412
732,3,0.033642621191727694,0.012917554988231026,-0.019278548870658562
732,4,-0.17583362623440546,0.07725833511407476,-0.07578303951323272
732,5,-0.12882009477694856,0.21027084706638322,-0.18206396464867144
732,6,-0.7005569630649776,0.4535404545762156,-0.14532877153503365
732,7,-0.7269768916191797,0.5241369262871465,0.360100719900193
733,1,0.19433051023328776,0.3733420057299004,0.05748800796747986
733,2,0.07074095042937185,0.17008397521308533,0.04448098369492974
733,3,0.016003231675485726,-0.17147080723148977,0.05300168801304517
733,4,-0.10194355328600113,-0.1478830299291787,0.13202842070158458
733,5,-0.059713456294837236,0.4608973434662873,-0.14762891572466766
733,6,-0.3932540044681155,0.5309274399336801,0.09188989800733903
733,7,-0.6563173182315578,0.9538870914889374,0.37712568307040584
734,1,0.12088250615663244,0.1568545497376907,0.05331159092819529
734,2,-0.03050016901780197,0.07339787190119558,0.11415198439263977
734,3,0.011232813522250277,-0.14125705991961324,0.06864772100246187
734,4,-0.06933262197741033,-0.050205813065085446,0.15302184575996386
734,5,0.3256415871681286,0.4981143247514493,-0.13497382870083424
734,6,-0.43800884588415817,0.2858424173390577,0.20467179413181433
734,7,-0.5660635520530057,0.6363255177370015,0.6707563045648357
735,1,0.07618581822894012,0.02452453300079956,0.32295869733107535
735,2,-0.0043953705520504704,0.062069827069498755,0.2714119113949765
735,3,-0.12909246501203767,-0.05663416403326968,0.4751204025821274
735,4,0.298202185228449,0.1315269239396604,0.11429842955743057
735,5,0.5639272428003911,0.2748731427135027,0.19176180586299027
735,6,-0.0881005424997282,0.33684924739989314,0.3122650636609834
735,7,-0.03464595988414133,0.1841436722080056,0.3586990584565073
736,1,0.15684449169742018,-0.2186575460294598,0.2123668675473208
736,2,0.19155485271203498,0.2503872918725365,-0.1689683592075776
736,3,-0.010596234908734967,-0.20330865061370146,0.33696551792460894
736,4,-0.03547830633967079,0.054608943495345064,0.1697954094895988
736,5,0.07833740564624495,0.09157990664100538,0.2868171467418425
736,6,0.19339329380645678,0.11588351323349598,-0.1929902882439821
736,7,0.1790037241414753,-0.345499407068843,0.10872280308855967
737,1,0.2300436656719192,0.06134373817255204,-0.1830457891814217
737,2,0.2433112773453488,0.21261502934254728,-0.2712275905414627
737,3,0.010848300925399337,0.012961197335140985,0.15161328404144966
737,4,0.21016721244672532,0.048442365959994634,-0.16790148804807994
737,5,0.48209650843342755,0.3978362903660628,-0.4950767077880201
737,6,0.21549725350719337,-0.11550409847330007,-0.09890887035939416
737,7,0.4617357812117575,0.21595410346698415,-0.504530297526421
738,1,-0.2609958154569725,0.42705016786563166,-0.5016682371368848
738,2,0.18279651790974621,0.15217099170213533,-0.28894154779736214
738,3,-0.13843581655964304,0.03585646963471062,0.04114424120740785
738,4,0.2356230938596769,0.024263772173690107,-0.046009422786044654
738,5,0.2359460763595963,0.25704066582265195,-0.43649972540269516
738,6,-0.07747648848232964,0.14902474564498952,-0.3112502848921846
738,7,0.34690515949377426,0.06229204066671312,-0.371934668780437
739,1,-0.24543506366509318,0.43643407203571744,-0.5039036489241002
739,2,0.18964675885705257,0.15175968077745575,-0.28951846642055834
739,3,-0.12367453675954489,-0.03593226853764306,0.0011992312248877651
739,4,0.16385913753941772,-0.12291492578519435,-0.010286441753200879
739,5,0.2601702622968503,0.28093372824899326,-0.43269885558701937
739,6,0.027907548128811518,0.12527474744661693,-0.24400974868069758
739,7,0.35543341154994396,0.10678440364909253,-0.36202157230435084
740,1,-0.25165316602592464,0.4775326585008583,-0.5234168062155443
740,2,0.09648152680119941,0.10771755267836956,-0.2547279010728876
740,3,-0.185434052935299,-0.002149752632044003,0.0010389533439531967
740,4,0.2015164102284862,-0.11543504668095719,-0.02454098773681415
740,5,0.23072985820846126,0.2694316718295216,-0.4249724406451719
740,6,-0.11489875981693715,0.08029470777863584,-0.27893356533376645
740,7,0.3003737243707281,-0.07795006851094566,0.07108676120997863
741,1,-0.3190933580959816,0.548281850297883,-0.5604044411660652
741,2,0.11137911287609686,0.11449778458475685,-0.284642950942684
741,3,-0.3041975187631949,-0.05001315845581073,3.057893387690121e-05
741,4,0.01874127100527727,-0.139843452711034,0.11027548394067455
741,5,0.01243971104220906,-0.020386068496982202,0.05559801246080068
741,6,0.13610592999191506,-0.02914556858823072,0.008719872536575973
741,7,0.32622498575146086,0.05855164129532357,0.07724599909885697
742,1,-0.4936757099345105,0.47766562269822327,-0.4065396337548568
742,2,0.08029083568115263,-0.028194740659241203,0.009543013845650379
742,3,-0.1105299153905625,-0.11513184182517854,0.0064633378902904295
742,4,-0.08130636840523181,-0.1259447063925373,0.027835373726126888
742,5,0.016847104063869366,0.0026827017499929866,0.032163465470246996
742,6,0.12677360792700548,-0.014453384871959813,-0.0186865037629045
742,7,0.3142014808045566,0.0591384194494709,0.07405443819603567
743,1,0.21363761673488918,0.13309643458440867,-0.018144793117282863
743,2,-0.3120188460203202,0.08609984359337705,-0.06130992148362333
743,3,-0.418629777484463,0.13039225339316823,0.13256421369685265
743,4,-0.31232427470426144,-0.009948472050949548,0.3220973170812351
743,5,0.2736871594418744,0.16803656702056208,0.19834853633978242
743,6,0.6200337603271855,0.32621331947678495,-0.07183812087732676
743,7,0.3169431552916953,0.13611862248833098,0.06857876276525644
744,1,0.014964493382676875,-0.2851583799899466,-0.10041289524839754
744,2,-0.5322089521385974,0.41081949667716405,-0.33931349284512574
744,3,-0.14309804906926227,-0.1365593479069323,0.21893457840915637
744,4,-0.15400731926295158,-0.0861811104751452,0.17375812895812986
744,5,0.18554467919870551,0.17272795306530422,0.14674340116596962
744,6,0.4618665232933654,-0.002256528968496544,-0.01740765076082081
744,7,0.023698097389607643,-0.10341087951486154,-0.09021604490271229
745,1,-0.08929916674144515,-0.23367145118918692,-0.03374340200280036
745,2,-0.5127917195209086,0.4896806929720351,-0.2735724063618928
745,3,0.054709466231361484,-0.1026494750643172,0.13632763237011314
745,4,-0.1293337648398793,-0.1404579161723835,0.09291504585323519
745,5,0.1997765880122719,0.21146363633334378,0.3039605176660065
745,6,0.47230031407935325,0.047396782908125906,0.17975634520492328
745,7,-0.21254512335817802,-0.04201970025834397,-0.11910119849662823
746,1,-0.17052993816076875,-0.38621233457387794,-0.18824585412757633
746,2,-0.046207988376159095,0.4511592297550592,0.13139125218947792
746,3,-0.18055339682399082,-0.13928293031821246,-0.11440663202092462
746,4,0.02935915618905977,-0.289985089774424,0.19030186424322215
746,5,0.2552819830100027,0.30270634398931134,0.19601711768441843
746,6,0.10019565071640793,-0.5119706477801458,-0.14685683918452117
746,7,0.06755663112070837,0.7343686370453884,0.29484380568945096
747,1,-0.17204065273984587,-0.3979088006109276,-0.23519969251690773
747,2,-0.15425113032042967,0.496158437065824,0.18530051756225108
747,3,-0.26455533157003097,-0.32120634564387746,-0.3257369763071272
747,4,-0.06067002606629652,-0.11209515009945707,0.16542106054487904
747,5,0.12862075869343115,0.20887594957397004,0.05226725058562334
747,6,-0.046650628532924315,-0.38403958928486054,-0.07905944294470958
747,7,0.2734913456410631,0.7288863398174691,0.29078421013795497
748,1,-0.15223966514048765,-0.45789573841869313,-0.22880944793690142
748,2,-0.14448198847445662,0.5444599469444447,0.26804183727765424
748,3,-0.25137866707682666,-0.17682546173772745,-0.2924158260642431
748,4,-0.2733376875462222,-0.010601807044737413,0.13263351971859633
748,5,0.1822344235650121,0.3985716708060115,0.049540503119743354
748,6,-0.017799019225409305,-0.532088141362573,-0.23302598735209404
748,7,0.45588622268765855,0.8729077707728415,0.3783431344059915
749,1,-0.16184214632861518,-0.11597083702965152,-0.2907831683721698
749,2,0.20138520559322592,0.3922684707869605,0.5444983132792395
749,3,-0.5148900733830906,-0.13480399799411177,-0.5172675121441561
749,4,-0.3819346469753543,-0.024495717621910985,0.21637259786651009
749,5,-0.016073866071452905,0.18035070151202087,-0.004644686852818124
749,6,-0.061825786273314094,-0.42725470639195323,0.10322913511921365
749,7,0.40756667414310377,-0.28556565350164204,0.04695307002868802
750,1,-0.057588222115100146,-0.03672165100285832,-0.35125605964865586
750,2,0.11547434485819176,0.44346032323776674,0.42278764162533616
750,3,-0.3715084742816145,-0.12021677093379164,-0.4398180239169251
750,4,-0.4396355782315551,0.11498543543838617,-0.034714353220085564
750,5,0.2861057305360542,-0.05551283987195283,0.05101135519754596
750,6,0.176050645910833,-0.1539098250381145,0.09725343348093331
750,7,0.31760454339227284,-0.19083333294683305,0.20015620618136573
751,1,0.17955738244271496,0.17623934160800953,-0.15940789943716163
751,2,-0.28331649487118366,0.24584673701067938,0.05460846023861516
751,3,-0.31906507549200624,0.017933287137109774,-0.28762838271452723
751,4,-0.3846165555774469,-0.11219043030272555,-0.21743797889401684
751,5,0.21413962578744258,0.0158690407753193,0.19278415453703698
751,6,0.2730923848789338,-0.09263393732137482,0.14261410419419085
751,7,-0.018885793760174564,-0.49356687699783486,-0.003352769256456728
752,1,0.32891656475652375,0.31465767999502503,-0.10607649078337664
752,2,-0.2644700311189257,0.017360846796052945,-0.0960255343707805
752,3,-0.0240490206297886,0.17928124147275254,-0.0010871391985783926
752,4,0.16891355291912258,-0.30571915172297875,-0.17232183389795838
752,5,-0.020805296159947945,-0.12790774117657047,-0.25237539281385923
752,6,0.0007998280540400973,0.26525985504353583,-0.20683690743170022
752,7,-0.09539188138920537,0.17297997532011533,-0.21345452613120572
753,1,0.11105714417894168,0.1211406197508919,-0.23448893702134102
753,2,-0.2024286563594956,0.15166919156069436,-0.14620324471780652
753,3,0.06810055722920727,0.12904648135201674,0.24637831767501273
753,4,-0.07927257181847402,-0.1487984607500685,-0.16149699903887324
753,5,-0.3248693112315973,0.23258726138971983,-0.31549150061570413
753,6,-0.2938649490922861,-0.16260200114211346,-0.005359933932161425
753,7,0.003461850902280447,0.045677017689163324,0.17675512516858177
754,1,0.1999608456237452,-0.19393898870938206,0.009735559322727468
754,2,-0.1746162667658807,-0.3712635139653108,0.13140579710108088
754,3,-0.16785108246818262,0.11661603257479206,0.3252260824831396
754,4,-0.23570252557961693,0.1853399344033564,0.016357534304934567
754,5,-0.08243021150760235,-0.07812388937123328,-0.4789092578704419
754,6,-0.17281060110520768,-0.1216390532354565,0.11133401769468132
754,7,0.19580711414751456,0.0298676073092239,0.42372907695774714
755,1,0.13977499257165846,-0.11926270087133573,0.0632433685525469
755,2,-0.14703159803120447,-0.3565662445894723,0.3911736469419655
755,3,-0.09272904903790127,-0.08581575165678518,0.6270236562866672
755,4,-0.3281072140731933,0.28367173915935784,0.3093985603068317
755,5,-0.17021732389755773,0.2321907588055841,-0.2796552669413144
755,6,-0.0884562559592819,-0.4181776894725524,-0.03178413403526806
755,7,0.3567011519411472,-0.17318799286283204,0.45718470097161906
756,1,0.03995389912481843,0.025229059691848996,0.06965188467133897
756,2,-0.0920360361372093,-0.04630240210072359,0.08522152454543441
756,3,-0.1998948649240228,0.017082867135230856,0.48144434224492016
756,4,-0.6158127167153786,0.6081994457520419,0.24015949026016117
756,5,0.23255457696767967,0.07119717906340255,0.13064595630798287
756,6,0.2521688457321572,-0.05611530249596803,0.3226844815822734
756,7,0.4156178966777003,-0.29054217164820795,0.37405412025031237
757,1,0.03567097733775598,0.08259410327650184,-0.16935360211626066
757,2,0.0010632802809245109,0.023751248916540596,0.20846349757719795
757,3,-0.448292865404642,0.361074054428219,0.32518137497935823
757,4,-0.40580376660897804,0.47180874296813835,0.24581193779889915
757,5,0.13208647821440142,0.20305800663231824,-0.003796028035741512
757,6,0.20987631150172806,0.11430580347873631,0.12059643742676347
757,7,0.25063026546309064,0.109880165293591,0.18971854361937057
758,1,0.07522436458917224,0.020243547933444846,-0.08680109267472862
758,2,0.12398691387586397,0.14535029492928528,0.2345046920647358
758,3,-0.19200118729798596,0.2573959766396459,0.15094608826656788
758,4,-0.18027882485687122,0.14067258793186851,0.05911176828638343
758,5,-0.16958579095881424,0.45483386584720986,0.11368597348093493
758,6,0.320861916957148,0.07017090929206445,0.3297365099609525
758,7,0.3433222839249882,0.29876866229425286,0.5559208183182902
759,1,-0.09823914390814116,0.08064284835396611,-0.3348252650454748
759,2,0.018821685278961824,0.43514558193580016,-0.0979364671993513
759,3,-0.12045822265271565,0.290568989306554,-0.23624257550895597
759,4,0.1996402722231931,-0.04046170737190434,-0.3981433884363577
759,5,-0.36252700101232926,0.7692871378369677,-0.26755096382914056
759,6,0.14877306731500636,0.13751556731473605,-0.20184023115495825
759,7,-0.08349696873033073,0.603409227236644,0.18687938200042015
760,1,-0.36735333164894307,-0.051317711586252326,-0.5904910904467827
760,2,0.12427568024912965,-0.05661541941831495,-0.10462932285078133
760,3,0.03937298016424005,0.16788542948876,0.027773430111842103
760,4,0.17966471439085374,-0.24801959332782159,-0.30184624893447365
760,5,-0.3677162479614979,0.4614846054340574,-0.38990998764127677
760,6,0.5396600086809397,0.2416918798831071,0.16720608824421168
760,7,-0.11457149004487122,-0.04554025507598123,-0.019645409469086883
761,1,-0.40698712356160915,-0.05197800053755059,-0.6780126796221823
761,2,0.20791332870361848,-0.10229398376113329,-0.13287962052086102
761,3,0.10524664496245248,-0.07677750443418052,-0.1401616978308244
761,4,0.3688928888052005,-0.25428144120765434,-0.22970283794467272
761,5,-0.640905453526229,0.46020317356378104,-0.39275861120721045
761,6,0.6621041581936234,0.4015131236374683,0.24401210843021906
761,7,-0.19855037490723507,-0.04612823447604944,-0.3162329914093299
762,1,-0.37779837700717356,-0.14551906320798458,-0.616277137454158
762,2,-0.1260259670736598,-0.23837796226071176,-0.10626207539290793
762,3,0.1776329230045472,-0.08443660706195706,-0.03145493174765613
762,4,0.3127160437746752,-0.2358124158304058,-0.23493999416289205
762,5,-0.5891924361017433,0.40621331006046774,-0.3049841215175227
762,6,0.31556776421323235,0.4269860004582232,0.25003936742010474
762,7,0.4528459120474711,-0.050801361496199536,-0.27349599641487893
763,1,-0.31353228319212395,0.06214656712773568,-0.6716803828580229
763,2,-0.1303089218668628,-0.15593806135381996,-0.16416709665995552
763,3,-0.015115488560984316,-0.18987073843796465,-0.04307561178150602
763,4,0.1613921011051195,-0.14314343193958054,-0.014359929431114343
763,5,-0.09824688067913408,0.3216569666230451,-0.09058610609236355
763,6,-0.07882610222884869,0.1326981905825464,-0.1967865780658461
763,7,0.6240200971142328,0.5603999765605512,-0.26696319855273665
764,1,-0.3575601102608271,0.2255334839031773,-0.581874527225711
764,2,-0.07533055264380453,0.2116889738932039,-0.0922647522295956
764,3,-0.05560836961819229,-0.15430253058785606,-0.19941265308333805
764,4,0.1420441437776248,0.007554557923143715,-0.11873855582122159
764,5,-0.17358786583876565,0.04359952945948591,-0.2185877308596013
764,6,-0.0636012365876744,0.02564763539748127,-0.06188790091164402
764,7,0.31419712989110576,0.4404686764869238,-0.035478017523478574
765,1,-0.04441598792910347,0.46443352351066336,-0.12637895072532865
765,2,-0.32466596627218813,0.5558676924709564,0.040165971534812675
765,3,-0.12355982564235568,0.3567504482547708,-0.1547137796721523
765,4,-0.06094278613975321,0.2963039417103264,-0.29221502958547685
765,5,0.33111790944592273,0.5328410614874806,-0.09127190385195114
765,6,0.049518126209205475,0.3585077186843196,-0.19302208559893877
765,7,-0.5399167131611474,0.5217544101388137,-0.29903725132467485
