-4.851145469509248187e-01
-5.752345712218298601e-01
-5.500810619028793091e-01
-5.232660620903923920e-01
-5.314269222252634428e-01
-5.153434133703993503e-01
-4.619788205880286380e-01
-4.366839846979495565e-01
-4.082977963171474656e-01
-3.750748415118412282e-01
-3.562841292665426263e-01
-3.222924983230762708e-01
-3.157201306398138563e-01
-2.706388712312057243e-01
-2.369384189712357425e-01
-2.087968687872527873e-01
-1.870967247203590422e-01
-1.639962166331689897e-01
-1.327880618891561226e-01
-1.072390867250600649e-01
-8.794587272494133745e-02
-5.957383676288155461e-02
-3.635576865210371489e-02
-2.786698069249426979e-02
4.735097289838563483e-03
1.123624839438641665e-02
7.581848118139444814e-03
1.367246822504819548e-02
1.359433309930158096e-02
-4.748037618390688053e-02
-4.538368399070202841e-02
-7.338699657583136471e-02
-1.260494904768396651e-01
-1.984591780462182653e-01
-1.639899245516382997e-01
-1.454828359324448206e-01
-9.363119174092937591e-02
-5.316053169784562549e-02
-1.667033888097946281e-02
-4.328443771005385798e-03
2.544451408110459667e-02
4.489110843241572724e-02
3.660139972084830440e-02
3.149324674367925958e-02
3.628855469437319847e-02
1.504340106059776083e-02
-3.817142043558041653e-02
-6.930299386491034497e-02
-1.113997190064904830e-01
-1.084326594938750388e-01
-7.972249486813764996e-02
-1.927488179514424971e-02
-6.437377673280675339e-04
3.113550174763668466e-02
3.407377301294833849e-02
3.285078591113599344e-02
2.313733174272702975e-02
2.323933443462666837e-02
3.882532905823410374e-04
-1.334709520586230269e-03
-7.039337736904272003e-02
-1.151877836073604833e-01
-1.183105037659625269e-01
-1.062553598176552982e-01
-5.808936741850684315e-02
-2.607606872530909836e-02
-5.322004515703193661e-04
8.079625763109943293e-04
1.030070601233612493e-02
1.971403977625962867e-02
1.143076741052073686e-02
1.895035848049619887e-04
-2.567039759899436557e-02
-6.310642604842642278e-02
-1.434907225560673460e-01
-1.756475246530510570e-01
-1.637505811474408990e-01
-1.384215069206232718e-01
-9.190846599749230572e-02
-4.607521661749092168e-02
-3.033066415993401765e-02
-2.045555951103050774e-02
-2.628867220060027154e-02
-2.594668093214447246e-02
-1.526871479222602357e-02
-1.713936646362590466e-02
-1.949754550582594170e-02
-5.400240442926818041e-02
-1.061718497342680201e-01
-1.427797943750734322e-01
-1.513906445582076099e-01
-1.319607402663976470e-01
-1.052193018446249129e-01
-1.011157299006444910e-01
-8.097010085030290072e-02
-5.934683717947325521e-02
-7.286978976234548266e-02
-6.869580347760639860e-02
-6.796062761481080905e-02
-6.567892348663861846e-02
-9.707471927026400937e-02
-9.572813994928947023e-02
-1.079096831269217294e-01
-1.006364440428618445e-01
-1.083856946421270645e-01
-9.299118304834663729e-02
-8.718595782371660330e-02
-8.821019985169262223e-02
-9.516519090401810710e-02
-9.897327061427921291e-02
-9.039000246008349615e-02
-9.090796367032674685e-02
-8.512774688531919709e-02
-9.919529118569951620e-02
-8.767832677297748845e-02
-9.271554011501621784e-02
-9.482800254136569684e-02
-9.306130381760104042e-02
-8.587848553284650743e-02
-7.582264222021627142e-02
-8.587314849720559251e-02
-8.387408820515648844e-02
-1.033844005363132590e-01
-9.678269677040751695e-02
-7.198900712807498881e-02
-1.002960038249093855e-01
-6.504121166922782749e-02
-9.217233144071423911e-02
-8.946123104688896710e-02
-1.057873620521524449e-01
-1.084275944372854461e-01
-1.053229796499334237e-01
-1.034389524461449827e-01
-1.057127782507523150e-01
-1.130412124062503132e-01
-1.061540003415774036e-01
-9.381827833299571928e-02
-1.043818257199382593e-01
-9.867100869744016567e-02
-1.144146164940669230e-01
-1.208618770672409415e-01
-1.231657016160150331e-01
-1.274154090014854024e-01
-9.601423340831383157e-02
-1.235192847884987177e-01
-1.193640237887216848e-01
-1.151736470294839609e-01
-1.079353729511547400e-01
-1.287773012744184431e-01
-1.325552501551621187e-01
-1.270760664885068891e-01
-1.225129804727407290e-01
-1.382793694074135882e-01
-1.109220809063964364e-01
-1.168395818514804674e-01
-1.273751470281772047e-01
-1.274006830668854562e-01
-1.208901882052975107e-01
-1.385766082264867638e-01
-9.601580557358668777e-02
-1.068485325960770727e-01
-9.726710915511938005e-02
-1.046123425568592502e-01
-1.051490963006997958e-01
-1.085112621473228733e-01
-1.241565785706200131e-01
-1.236786756147633115e-01
-1.133838321914952818e-01
-1.015134433347389953e-01
-8.633081248065288538e-02
-1.165198259103870093e-01
-1.185462123924969635e-01
-1.163134731405969235e-01
-1.187012176039455857e-01
-9.770570994079064153e-02
-1.401851145669471554e-01
-1.150512154296488010e-01
-1.268869375480221606e-01
-1.556849037769337807e-01
-1.568567925796553464e-01
-1.441087271230774292e-01
-1.244025757495984541e-01
-1.167940778518888889e-01
-1.107007724845097130e-01
-1.413967556582231833e-01
-1.249798303861582305e-01
-1.221584733288767488e-01
-1.155337265363027832e-01
-1.192502481029513728e-01
-1.309152923086293052e-01
-1.189122590893866294e-01
-1.162471874933472815e-01
-1.410107826118933705e-01
-1.272931315409424613e-01
-1.224579019875857711e-01
-1.256367319168213426e-01
-1.250579184777192987e-01
-1.018009703085122619e-01
-9.701759775072971159e-02
-9.089178547192122704e-02
-9.558904197336315356e-02
-1.025223158805875223e-01
-1.004253162101206298e-01
-9.283308157191294541e-02
-1.005290019444300409e-01
-1.189315324258660711e-01
-1.094406775139349364e-01
-1.244547984233731475e-01
-1.142559440532453507e-01
-1.054435842478373964e-01
-9.732120652297082675e-02
-1.193107881119442881e-01
-1.122493564761932738e-01
-1.048331600968503974e-01
-1.139056304236800710e-01
-9.275314076541330000e-02
-1.033463431203259786e-01
-1.223974530504284841e-01
-8.992251967771736076e-02
-9.876871866481184981e-02
-1.115106654887956239e-01
-1.176380674474105659e-01
-1.149231025243488968e-01
-1.032060204781579671e-01
-1.086546451690229009e-01
-1.029546268179777346e-01
-1.230674125649611206e-01
-1.025122265231552809e-01
-1.091000764505374310e-01
-9.478630129581921970e-02
-9.981380635169423421e-02
-1.141891429311987505e-01
-9.459287669281979394e-02
-1.043767008196173629e-01
-8.144048682949645013e-02
-1.165072904719172131e-01
-1.131556380792262395e-01
-1.331709575402326706e-01
-1.194114501701278863e-01
-1.049075413834652526e-01
-1.024389679506617634e-01
-1.051671777285805298e-01
-1.004902082275566100e-01
-1.115659648588687158e-01
-8.625367213212875583e-02
-1.011435384362981971e-01
-1.106067206079124343e-01
-1.166813641629321774e-01
-1.070338344637350447e-01
-9.624724573253617965e-02
-7.945241475976061452e-02
-1.101166270953650717e-01
-9.733361806523888049e-02
-1.125918296140635544e-01
-1.075245283798174079e-01
-1.099816420054637867e-01
-1.089170886007236883e-01
-1.059432237377552211e-01
-1.174973676525734589e-01
-9.234120591721772797e-02
-1.153156504549250894e-01
-1.019632348623485951e-01
-1.141781205765094453e-01
-1.161827874904634017e-01
-1.144095684153319525e-01
-1.113393985830933297e-01
-1.028062206667909595e-01
-1.026195574076581574e-01
-1.152225356045751270e-01
-1.274633065078585314e-01
-1.091074972251830644e-01
-1.048750059807680574e-01
-1.025217322172843754e-01
-1.104470343118731518e-01
-1.078456018642653114e-01
-1.087012964163917295e-01
-1.203422918683135084e-01
-9.554596374301910222e-02
-8.684925151616484928e-02
-1.046157936681764711e-01
-8.376755670442392887e-02
-7.476076299432982131e-02
-9.771293288055755977e-02
-8.691278644253486174e-02
-1.059399603031313530e-01
-9.856080799654140523e-02
-1.186666562720980339e-01
-9.768519294817533394e-02
-1.235832476027920596e-01
-1.060005014855349703e-01
-9.756372939239987829e-02
-1.151954428737579916e-01
-9.400927466834635426e-02
-1.096980294683707335e-01
-8.160232191548622005e-02
-1.166625507714897370e-01
-1.190662512407520413e-01
-1.081335835330843320e-01
-1.156607498364525810e-01
-1.027393458038083907e-01
-1.059406025684787034e-01
-9.678217503159181057e-02
-8.075660404750323318e-02
-1.055017591390403631e-01
-8.235005973290515646e-02
-9.916099304680875415e-02
-1.064920002332449545e-01
-1.071768035405477049e-01
-1.131556100099356810e-01
-1.124159169295113614e-01
-9.598352264537546308e-02
-1.164675458193883406e-01
-9.474437312905620301e-02
-9.802720961023514423e-02
-9.739867289313269838e-02
-9.901961864492281329e-02
-1.147903701076021798e-01
-9.821769285566916974e-02
-1.197734899668510544e-01
-1.190096550988631596e-01
-1.268813993176132193e-01
-1.099167805558428079e-01
-1.032881738263460997e-01
-1.091119577709837030e-01
-1.005206782417333716e-01
-9.446822456525802436e-02
-1.186818052342918373e-01
-1.134726282817168641e-01
-9.734029326458812359e-02
-1.213130774224881192e-01
-9.208081857250131896e-02
-1.147762289206961384e-01
-1.130975798010732808e-01
-1.202758975920637796e-01
-9.644053493335755234e-02
-9.154610891978526288e-02
-1.020125365488874225e-01
-1.095850695268596742e-01
-9.654038673079518018e-02
-1.297968283317625648e-01
-1.297018884540769024e-01
-1.014245687073112578e-01
-1.084116350582887689e-01
-9.423211745659454408e-02
-9.735867479200593921e-02
-1.222483754006730705e-01
-1.142108860095634171e-01
-1.044882110912566109e-01
-1.400341428157076962e-01
-1.054449058976855147e-01
-1.146535837156913429e-01
-1.161031607351037942e-01
-1.014081355959406960e-01
-1.168131290260396304e-01
-9.413281803211581700e-02
-1.183923371679939107e-01
-1.352189683826648392e-01
-1.095727923977667384e-01
-1.175247001235715238e-01
-1.287588594514105234e-01
-1.163905902704422957e-01
-1.064653768971183245e-01
-1.341280254201860922e-01
-1.259809945568374223e-01
-1.448551561565029067e-01
-1.185586247327489184e-01
-1.345552918425855227e-01
-1.118621082039290560e-01
-1.084064267940094695e-01
-1.109341688233864143e-01
-1.298637324111306390e-01
-1.314773725235987012e-01
-1.533718181596953334e-01
-1.143448276158861576e-01
-1.431912308228698305e-01
-1.333902179455433989e-01
-1.246913513352026770e-01
-1.382871494380297217e-01
-1.382017983832975472e-01
-1.153704199025759325e-01
-1.265683671041893665e-01
-1.175050300784260537e-01
-1.201609455474875882e-01
-1.123220561380855603e-01
-1.209973347665747045e-01
-1.313570472952242385e-01
-1.105438688273894243e-01
-1.312498214476125469e-01
-1.221882681008836236e-01
-1.216145069605655826e-01
-1.256665918006437677e-01
-1.046183956946930005e-01
-1.194267921742760974e-01
-1.150513664147982396e-01
-1.295071604176545321e-01
-1.184063006826038267e-01
-1.104081386600938575e-01
-1.071759999278649178e-01
-1.258747610851362331e-01
-1.250398473238785169e-01
-1.248591612815397878e-01
-1.377080905746325967e-01
-1.121627661035619616e-01
-1.426567120822335721e-01
-1.072834552379251516e-01
-1.032866086368344205e-01
-8.324626840374321768e-02
-1.098011761758643234e-01
-1.141296531112227230e-01
-1.057231345016383939e-01
-1.082700335877290476e-01
-1.417378193081711424e-01
-1.255552795635567209e-01
-1.391330631960063235e-01
-1.335336821737203583e-01
-1.309321286694344888e-01
-1.139785657279551723e-01
-1.151359176299203146e-01
-1.136711417802857560e-01
-1.134086399250260335e-01
-8.746052005621240966e-02
-1.198897522317973197e-01
-9.906402989844487195e-02
-1.292507330063895621e-01
-1.270510766726119511e-01
-1.061746364045602631e-01
-1.101945283994866243e-01
-9.900564373317521927e-02
-1.120050848673070920e-01
-1.250700836685084694e-01
-1.297772489033891530e-01
-1.103994035558344411e-01
-1.128527565083472517e-01
-1.206447548363066558e-01
-1.241826709795742500e-01
-1.145482739150790463e-01
-1.049634711817857280e-01
-9.920503530810120818e-02
-1.088949849265746783e-01
-1.167494272832237945e-01
-1.386108739330522699e-01
-1.117731372540889112e-01
-1.128823788893061897e-01
-1.196997695192854039e-01
-1.194337713590914452e-01
-1.151765815394788506e-01
-1.185950303117604410e-01
-1.091997359703366921e-01
-1.247211459519323717e-01
-1.085276574528645510e-01
-1.479910168642973312e-01
-1.216778039764766783e-01
-1.209704726103763284e-01
-1.204837218135161869e-01
-1.213955904929919227e-01
-9.928901771442805169e-02
-1.090073379940887377e-01
-1.043156450143927771e-01
-1.288049723084132014e-01
-9.563757630481367622e-02
-1.057432578015347902e-01
-1.125818070259587411e-01
-1.012306650221569820e-01
-1.207070478056407326e-01
-1.080373765760719723e-01
-1.097925250780386608e-01
-1.108603231807491762e-01
-1.035023050832620667e-01
-1.007999004346564753e-01
-9.838186168864079817e-02
-1.145160418324621954e-01
-9.936200041829165719e-02
-1.091416208374618724e-01
-1.297650892104348086e-01
-1.135128487957375032e-01
-1.103678014816775743e-01
-1.260147532128076397e-01
-9.699496544546011567e-02
-1.350049828541001196e-01
-1.213166603712587110e-01
-1.109037228362105276e-01
-1.201562570941447777e-01
-1.282251474683361314e-01
-1.221224649303942755e-01
-9.879574325066814433e-02
-1.111325598405074472e-01
-1.123397885464431367e-01
-1.205666047782171374e-01
-1.108067425315563403e-01
-1.152954283237696276e-01
-9.103620980240550997e-02
-1.123110992395311980e-01
-1.221102117858954283e-01
-1.298423177943029139e-01
-1.171243693797313634e-01
-1.210263431278148089e-01
-9.031752523303007707e-02
-1.161558718995582273e-01
-9.054016064605535652e-02
-9.710234527452132891e-02
-9.412748180281134414e-02
-1.042051891240767525e-01
-1.179812855021068196e-01
-1.063338525768335874e-01
-1.199509988389196730e-01
-1.061765074805892939e-01
-1.300931312957861741e-01
-1.240780276463463727e-01
-1.137624482398457704e-01
-1.031176877306227424e-01
-1.168245518829860441e-01
-1.242588307431045092e-01
-1.097400168470030746e-01
-1.364329565211320761e-01
-8.507385732442146464e-02
-1.160958752547883999e-01
-1.035517733969614634e-01
-9.898795029003464030e-02
-9.918079315559433229e-02
-1.126383209983403133e-01
-1.326600034938044403e-01
-9.494010478955564047e-02
-1.122080229481725311e-01
-1.220873510067038148e-01
-1.237379574400732513e-01
-1.003238180900696552e-01
-9.472681154780920876e-02
-1.114235627214996138e-01
-1.276807160735000946e-01
-1.141892323717322716e-01
-1.202288668117354187e-01
-9.471586321926775409e-02
-1.140885349728715387e-01
-1.183892114155668668e-01
-1.051989306340367775e-01
-1.211271803069523256e-01
-1.079900141332436336e-01
-1.213536391661189928e-01
-1.281867208027213934e-01
-9.091729259989073109e-02
-1.127524646878448611e-01
-1.125018180953839542e-01
-1.176346106826998000e-01
-9.879559208126872938e-02
-1.025813008753053562e-01
-9.532924535846876157e-02
-1.130010993202379965e-01
-1.184723965346338725e-01
-1.351659947344049373e-01
-1.253545330191546958e-01
-1.067128217237565124e-01
-1.137726916854526205e-01
-1.326459074702678320e-01
-1.350523154428540096e-01
-1.051804316420533181e-01
-1.198153445882975399e-01
-1.077585495688432315e-01
-9.050499358013164297e-02
-1.039183522949185257e-01
-8.634423602648857998e-02
-1.173802375984672741e-01
-8.692773252184879396e-02
-9.861630174762381351e-02
-9.405375219137263043e-02
-1.012911728693133839e-01
-1.210255205309105908e-01
-9.241289792334106412e-02
-1.165534970828289163e-01
-1.149454903567875830e-01
-9.495515307230417701e-02
-1.176838881144843807e-01
-1.014055762735600608e-01
-1.242708160007037765e-01
-1.095294358957352165e-01
-1.115487738638716864e-01
-1.003027258408026867e-01
-9.029808975245828817e-02
-8.622917973618887677e-02
-1.078782889409313772e-01
-1.101458836868013935e-01
-1.220797390675180116e-01
-1.033420509207580995e-01
-1.025130344739414445e-01
-1.039863255766536876e-01
-1.166084122574757298e-01
-9.860838896330265113e-02
-1.042105809859094623e-01
-1.046514600839724696e-01
-1.084689630993745380e-01
-1.009348539012974166e-01
-9.102589799223836931e-02
-1.133827016365247520e-01
-1.110509703545179416e-01
-1.125357929760503195e-01
-8.776183918622870728e-02
-1.038596201512729800e-01
-1.143753678302154020e-01
-1.272497899113778086e-01
-8.533760509202859001e-02
-1.026600387902955047e-01
-1.100137077897788140e-01
-9.055310522121717831e-02
-1.128244191832422638e-01
-7.844968265418461595e-02
-1.271316324158832112e-01
-1.167415182617700387e-01
-1.003456567031112412e-01
-1.202070415624949540e-01
-9.523507320763768824e-02
-9.294251823501564758e-02
-1.113027404377573415e-01
-8.907393134834429294e-02
-9.451526729497661261e-02
-1.102496961126006036e-01
-1.245941161500618843e-01
-1.045618245150272685e-01
-1.166231536552768677e-01
-7.982723297614191527e-02
-9.160575786836044898e-02
-9.367517583341206100e-02
-8.170287785312430051e-02
-9.280901341620101386e-02
-8.132793875261085104e-02
-7.303993297840510879e-02
-1.135943986119990479e-01
-1.011116540853770895e-01
-8.830877424771932382e-02
-1.000909083721920334e-01
-8.964036399266006594e-02
-1.065722993838092991e-01
-1.023954698929865348e-01
-9.469833484813561242e-02
-1.100153925730181781e-01
-1.056187278171556443e-01
-1.081449830334173523e-01
-1.031027893641155435e-01
-1.060501473071731038e-01
-9.306639095491475722e-02
-1.068093701115606642e-01
-1.105248490858742327e-01
-8.537700521709090662e-02
-1.114948365709301781e-01
-1.123553715377613171e-01
-1.193128314172420268e-01
-1.024927679811482584e-01
-9.852485087855955559e-02
-8.082425332577902743e-02
-1.141498168601303709e-01
-9.230193355191074200e-02
-1.189818194477053614e-01
-8.357442956328786643e-02
-1.150358923714626114e-01
-8.972982868079959484e-02
-1.007610578536104473e-01
-1.156057845482856283e-01
-1.157398577906132431e-01
-1.199557154018271454e-01
-1.030423499688809530e-01
-9.116602739660961685e-02
-1.082718635646605643e-01
-1.061393847139746605e-01
-8.758980039735908552e-02
-1.133014511122295565e-01
-1.232186284423216760e-01
-9.041746590561872132e-02
-1.323381092399353864e-01
-1.164032365408675940e-01
-1.154804410449518093e-01
-1.302242133005959701e-01
-8.452771635176714593e-02
-9.994016741335320919e-02
-8.192503343603879662e-02
-8.869043465130288517e-02
-1.025704132108239408e-01
-8.910441888916698083e-02
-9.650313579043534595e-02
-1.135037600579984485e-01
-1.179567000634518248e-01
-1.011252952696273244e-01
-1.178628468353178915e-01
-1.273077663908205315e-01
-1.032456263246468442e-01
-1.025215112310403631e-01
-1.043030088680658718e-01
-8.356701525748477799e-02
-9.253016824405635443e-02
-1.029198928021779480e-01
-1.109181972670189031e-01
-1.051376738713554193e-01
-9.204250544170289317e-02
-1.048823843595454441e-01
-1.022127535554148148e-01
-1.003853259504944306e-01
-1.316638778248746533e-01
-1.055712894280267378e-01
-9.858396930981117023e-02
-1.035746854406272011e-01
-9.543729279915047492e-02
-7.438958638365766873e-02
-1.215481041487644909e-01
-1.006327240487974173e-01
-1.046262986310608767e-01
-1.033792284382166748e-01
-9.764014563762746235e-02
-1.007983428461984854e-01
-8.981974701076844703e-02
-9.896186124341710411e-02
-1.123928009766315128e-01
-1.182027091250310580e-01
-1.061487397227622864e-01
-1.360681392841880388e-01
-1.332500237357383543e-01
-1.161391088476302347e-01
-1.199853193639965898e-01
-1.110234897897650619e-01
-1.118400363841367540e-01
-1.023173617820440917e-01
-1.090807031142924099e-01
-1.111792731642815557e-01
-9.912469497376807936e-02
-8.807341939652291174e-02
-9.276372267308796715e-02
-8.669968906906144746e-02
-9.614075853335646293e-02
-8.495205142804551635e-02
-9.959526828757114814e-02
-1.190098360933082855e-01
-1.044405511940220688e-01
-1.160519149818628470e-01
-1.048369032498053244e-01
-1.278199922385778731e-01
-1.061320054980248173e-01
-1.172833091956353435e-01
-8.431095744957217697e-02
-8.554991103825604348e-02
-8.378241426802812697e-02
-8.559408235749765836e-02
-8.022240503395394740e-02
-7.234966844411694353e-02
-9.437663507340587898e-02
-8.949560763270492103e-02
-1.084162524158893692e-01
-1.037006043271750944e-01
-1.146060988748323073e-01
-1.283452358419818751e-01
-1.235256231192971565e-01
-9.608566347630875804e-02
-8.885320212804370676e-02
-8.819524147510060530e-02
-9.244025004885725316e-02
-9.451810435822127765e-02
-8.274670521533677991e-02
-9.577589586465040661e-02
-9.537785778334262332e-02
-1.043239635187951375e-01
-1.069451952699864705e-01
-1.149534684602813162e-01
-9.957767824744689911e-02
-1.102239648940384065e-01
-1.012958533805747852e-01
-1.187679411161153276e-01
-1.103138236921448190e-01
-1.195592207071376478e-01
-9.024022781436102925e-02
-9.957017626700737090e-02
-9.485570181690694547e-02
-8.506482115598212879e-02
-9.998641287455467541e-02
-8.742546023670128008e-02
-9.641774361393329329e-02
-9.910851627870875813e-02
-9.589777155973933098e-02
-9.386502501533566800e-02
-9.122559104520933104e-02
-1.094154250424310693e-01
-1.077064765145330227e-01
-8.800006405725735448e-02
-8.907288992928941163e-02
-1.058105146800669694e-01
-1.172918736455204058e-01
-1.084635019915762832e-01
-1.066400975677190832e-01
-7.723804901956254909e-02
-9.315039084775889044e-02
-8.860798317292584159e-02
-8.681596381326128764e-02
-8.819150413453957782e-02
-1.045858134654131799e-01
-9.629460042170823186e-02
-1.195603617923599593e-01
-1.041710134208539973e-01
-1.053773506570809815e-01
-1.111240407351208326e-01
-8.770904466695328416e-02
-8.856404402998041547e-02
-9.906981598714281745e-02
-1.100839283946455360e-01
-8.441650022464486369e-02
-1.001676512067941616e-01
-8.312187362473388852e-02
-9.499836775720793547e-02
-7.857725371231238931e-02
-9.624919460152070450e-02
-9.111207685789213251e-02
-1.008150251102908346e-01
-7.600094646123856101e-02
-1.063249109171162665e-01
-1.031941682647414815e-01
-1.105122783668277542e-01
-8.908217603371948456e-02
-9.066090634672918647e-02
-7.955323528451052617e-02
-9.357780709728746871e-02
-1.170942948889255320e-01
-1.028885836266586473e-01
-1.118488852049857041e-01
-1.011229269684232879e-01
-9.454479083692102215e-02
-1.006791454828508403e-01
-1.107289617279083593e-01
-8.687567434895027141e-02
-9.843398574986972349e-02
-8.294894244602146749e-02
-9.321928305673665704e-02
-1.221972159811588465e-01
-9.782146021053228502e-02
-8.402321019719849460e-02
-9.438107983077381746e-02
-8.190629847687924681e-02
-9.774179377107472533e-02
-1.029762640238047755e-01
-1.096702812793621806e-01
-8.777778678837755422e-02
-9.743207124720409951e-02
-8.917451688675104293e-02
-8.165832547019347132e-02
-9.065295228554082207e-02
-8.306812108042449516e-02
-1.250498477627641769e-01
-8.518788185321080064e-02
-6.948134518666693182e-02
-9.791027867082546798e-02
-9.881479262255155049e-02
-9.160575574833629275e-02
-1.081856468958872775e-01
-1.079109614226259062e-01
-8.997517358616002880e-02
-9.895765132983824763e-02
-1.074640229201191399e-01
-9.060492498211059065e-02
-9.363674053782777840e-02
-1.063538997165096589e-01
-8.159896740634509094e-02
-1.010200534643921344e-01
-9.858154620086523323e-02
-1.029625226827193263e-01
-7.660291867981472436e-02
-9.932533211028449216e-02
-9.577839301620860724e-02
-9.112456777397515140e-02
-8.065573767959755003e-02
-7.990451925890895701e-02
-1.009058137516647413e-01
-7.991687606311881353e-02
-8.730951441607226471e-02
-9.400726374811885222e-02
-8.931294583402182852e-02
-8.679369195005004478e-02
-1.000210451764547148e-01
-9.236598193202816276e-02
-9.296415562490945028e-02
-9.554032790636091121e-02
-9.341813957562283832e-02
-1.042478634361270196e-01
-8.216295386268335221e-02
-9.008112331263951056e-02
-7.658465829283667148e-02
-8.935561760105614759e-02
-8.675168331230498353e-02
-1.031357046986793868e-01
-1.007077865453238630e-01
-8.867476731658352485e-02
-8.366740333720756873e-02
-8.818286796238727909e-02
-1.064587894105528676e-01
-8.789329655207511749e-02
-1.105480081911527357e-01
-6.794508605586679906e-02
-1.009355073117828017e-01
-1.100695873917749701e-01
-8.767814144002139543e-02
-1.158558605243715789e-01
-7.622048234357059471e-02
-9.100598097952206089e-02
-8.852823974221513126e-02
-8.688839354058375264e-02
-1.101168484280550253e-01
-9.981075154601359856e-02
-8.623610669204317958e-02
-1.093142823608537206e-01
-9.100578896100985915e-02
-1.005018483794701822e-01
-9.687571451922893928e-02
-9.473148319553992280e-02
-9.007820099030894312e-02
-8.489903871907800159e-02
-9.160348996996292570e-02
-1.021338003223193347e-01
-1.014435940968798633e-01
-1.048903698003624818e-01
-9.762434913742756848e-02
-9.596369531003645648e-02
-9.437612662056826807e-02
-9.290640018822804436e-02
-1.048271141765924064e-01
-9.637819635295241660e-02
-8.839971419761405436e-02
-8.827743682427380278e-02
-8.311062859708728823e-02
-7.855512673548092906e-02
-9.157164493256786386e-02
-1.016005347397417324e-01
-9.255817995871939985e-02
-8.865304760304670850e-02
-9.362632714629670616e-02
-9.684830756973283883e-02
-1.146384638454858163e-01
-8.675358299878954682e-02
-1.351139073791380874e-01
-8.391309452596296126e-02
-1.073312321294226379e-01
-8.909411082391471837e-02
-7.183204650691177306e-02
-7.958996778982196929e-02
-9.890945102649695286e-02
-7.666659089116412140e-02
-1.049410060553814805e-01
-8.045310485953738322e-02
-1.006222561666674231e-01
-8.151775103727243454e-02
-8.529201090337013014e-02
-1.014955099890713086e-01
-8.879051247641833733e-02
-9.004124716257000394e-02
-7.478381779481146907e-02
-8.441046842513522108e-02
-7.219712866394289996e-02
-9.960886441356953114e-02
-9.008120121250495771e-02
-7.128971514060378212e-02
-8.597231033128260869e-02
-1.038152926121695963e-01
-9.417349044094902588e-02
-8.066247714177920969e-02
-9.352428614247232375e-02
-1.072331828624928374e-01
-1.089227567852948386e-01
-8.425065984551194376e-02
-9.393949959378922188e-02
-8.989307474164220935e-02
-9.009868708842350138e-02
-1.069718431716815132e-01
-8.528337708033761899e-02
-9.064364411946623790e-02
-8.952545682041757047e-02
-9.330723425053544240e-02
-9.922954736897704464e-02
-9.513785600313862112e-02
-1.034190209758847345e-01
-1.094690945875003152e-01
-8.390393732159417972e-02
-9.317850023830942519e-02
-1.072919472096107718e-01
-1.101079246619129925e-01
-1.002568512895389841e-01
-1.139958243945511374e-01
-9.182630295841809343e-02
-9.758654997480964433e-02
-8.436383021173488039e-02
-8.477185980908052976e-02
-8.680991180921870942e-02
-7.715947207957252196e-02
-8.986702340286756296e-02
-1.122060745859936315e-01
-8.911284455596213405e-02
-1.003799299446854754e-01
-8.917417755586942718e-02
-9.825379838394288079e-02
-9.700407569209446024e-02
-9.065163463741754413e-02
-9.102137257312126195e-02
-8.069690916847993556e-02
-8.263146570567858618e-02
-7.415456675171183676e-02
-8.980268355610077080e-02
-9.955031155368732065e-02
-1.199069436209541095e-01
-1.061011377150125057e-01
-9.641033467315018868e-02
-8.971701007692711727e-02
-9.292992727400384290e-02
-9.197096677968841227e-02
-9.286494023063296410e-02
-9.860375325367631838e-02
-1.073544569465958443e-01
-1.008016713730219838e-01
-9.559516906397136360e-02
-1.100220208546085487e-01
-9.416260713308055585e-02
-1.037598603266538522e-01
-1.172029325461763083e-01
-8.915418132478780677e-02
-9.778403601785301547e-02
-1.184541010121908933e-01
-9.908537770695935443e-02
-1.073125811984867450e-01
-1.011171506128669684e-01
-9.080726226623792030e-02
-9.999257134013350701e-02
-8.447981898046563742e-02
-8.817245904972370596e-02
-1.063631891856573475e-01
-9.211330928572381005e-02
-8.327924458636126737e-02
-1.189850234106366589e-01
-7.825193520404560843e-02
-7.744456751037454012e-02
-9.518047996979550618e-02
-6.591969761037130837e-02
-1.042228763500943067e-01
-7.577638657614071960e-02
-1.009299429825407657e-01
-9.326450579165301846e-02
-1.096911306955430376e-01
-9.465959200296358844e-02
-1.099178236793441066e-01
-7.579703693993700142e-02
-1.035840741781275387e-01
-1.016672749113674001e-01
-9.292937690635660886e-02
-9.778841870285726046e-02
-8.065289752043813820e-02
-9.890379767589596582e-02
-8.106596796861298415e-02
-5.463198225122889440e-02
-9.039204844166359720e-02
-9.143085496074432328e-02
-1.012109952162947302e-01
-7.482693794232453399e-02
-1.028617404533416213e-01
-9.181675064411987108e-02
-1.018654257858155887e-01
-1.193853110393034989e-01
-1.006442465828101263e-01
-9.667208835193363825e-02
-1.064565035852762520e-01
-1.126219421366716489e-01
-9.826726744632141575e-02
-1.138390616398479160e-01
-1.095851259902218544e-01
-1.211723223566094632e-01
-1.030463140697119861e-01
-1.006003982482015502e-01
-1.120053109432150862e-01
-8.877973772472635972e-02
-1.004977610197004267e-01
-9.490630760698604007e-02
-9.785291130328621634e-02
-1.171724028408647200e-01
-8.628521704016733906e-02
-8.935550035282302517e-02
-8.771477867464083644e-02
-9.671130746737732764e-02
-8.144567868541940925e-02
-9.562585995601624589e-02
-9.362408865013183146e-02
-9.185550677533971253e-02
-8.673804672925911063e-02
-9.765407157675110028e-02
-1.052539996040349202e-01
-1.116470264646869381e-01
-1.007704872376264937e-01
-9.249898624731311969e-02
-1.239838896862157647e-01
-9.413030508024844423e-02
-1.114194044585672394e-01
-1.049398182247873734e-01
-1.031526021870186050e-01
-1.028041711439811046e-01
-1.127035176869535249e-01
-9.973816789535128180e-02
-1.290414542425590838e-01
-1.076377730844941816e-01
-1.167773601320432064e-01
-1.129504779928165448e-01
-1.076739422923651546e-01
-9.987650977857542856e-02
-9.827884167712142016e-02
-1.078842112747540050e-01
-1.191728237348597119e-01
-1.021995489739158103e-01
-8.984087811094809695e-02
-1.208209809163323101e-01
-1.214851689813860602e-01
-9.523226788089855788e-02
-1.235490867635662404e-01
-8.508055072854725509e-02
-9.079808211863715783e-02
-9.012390352611321376e-02
-1.079799087736059704e-01
-1.056986338422514216e-01
-1.073676939596044377e-01
-1.162757378249734685e-01
-9.844909805546375736e-02
-1.126124914787909326e-01
-1.155552827149533002e-01
-1.126464810820984042e-01
-8.523257766776159983e-02
-1.209633812512316275e-01
-1.136928973314983438e-01
-9.101502593562438292e-02
-1.072489371239946365e-01
-1.012969201176194822e-01
-1.067920882926465254e-01
-9.781099949666272053e-02
-1.104177610505985285e-01
-9.993377836436811990e-02
-1.200425754291440938e-01
-1.135389489411524622e-01
-9.283648225741680804e-02
-1.020852297267267339e-01
-1.068767067259743797e-01
-1.159736874556025477e-01
-1.082852367542681549e-01
-1.198821326423908928e-01
-1.120912307772896632e-01
-1.321784628180324717e-01
-1.036042490062203392e-01
-1.008154774398719589e-01
-1.000715140591403873e-01
-1.085458946691315596e-01
-8.782059001849518154e-02
-1.002665305541250440e-01
-9.853863784868943654e-02
-1.002300196012506639e-01
-1.179851850233264443e-01
-9.343079776555063276e-02
-9.613684877442363330e-02
-9.176154872986330702e-02
-1.153619046151792560e-01
-1.061601312401458941e-01
-1.139250687574877574e-01
-1.067431622559436022e-01
-1.207730133435789277e-01
-9.311541567883807602e-02
-1.008297817238492655e-01
-1.113340220943732639e-01
-1.132648723570923721e-01
-1.196233289799257804e-01
-8.065527418353113376e-02
-9.439294091757055583e-02
-1.098507086135427357e-01
-7.996793188141460007e-02
-1.182580819087633017e-01
-1.180712623968820374e-01
-1.111150790018258228e-01
-1.017262233147242512e-01
-8.274646437908339536e-02
-9.481153857120716566e-02
-1.075025854216682397e-01
-1.055438301275013480e-01
-8.615707044578257978e-02
-9.611199348662102793e-02
-9.633792143835506749e-02
-9.199803001493878085e-02
-8.175812065413357033e-02
-8.662312019222540016e-02
-9.861127155964277691e-02
-1.210559336269310116e-01
-1.062255348532525900e-01
-1.023175397045341661e-01
-1.262641659965235696e-01
-1.007541426124767270e-01
-1.070717246401775569e-01
-9.165325221869524697e-02
-9.266077462419586297e-02
-1.021818095007733795e-01
-8.774782999773611536e-02
-9.390168860749792401e-02
-9.105611102110522381e-02
-9.220742829464789736e-02
-8.322898032398162727e-02
-9.968942286568571731e-02
-9.497989242221205330e-02
-9.846438636343801676e-02
-1.111263311905448248e-01
-1.050519197513386516e-01
-9.095495763277527956e-02
-8.301337928703933500e-02
-9.443712868981890551e-02
-1.031121576098041892e-01
-1.078538426443680365e-01
-8.411561889486263155e-02
-9.727544527646747596e-02
-9.708258135033931424e-02
-1.031643519942373466e-01
-1.146943922611489697e-01
-1.195823272259737280e-01
-1.201207100112653414e-01
-1.221807703033039871e-01
-1.002473594713242377e-01
-1.184291797585195205e-01
-9.761761015092318416e-02
-1.021094760961673842e-01
-1.049306054878882399e-01
-1.050174702974659979e-01
-9.961294817899846166e-02
-7.565384733402158446e-02
-1.147302540126156067e-01
-1.315940922271736646e-01
-9.459818578574630266e-02
-1.128442291984805834e-01
-1.018405262515194032e-01
-1.091080867601270654e-01
-9.888876910584087909e-02
-1.072613408405338475e-01
-1.236117559360776497e-01
-1.123739664959124696e-01
-9.965556995712310240e-02
-1.295765224433518270e-01
-9.167740174230720740e-02
-9.288259213174310247e-02
-9.088253228096077052e-02
-8.584912300217917291e-02
-1.062465161616255038e-01
-9.947875303003961278e-02
-7.914302750948509768e-02
-1.007208891640818393e-01
-1.068727516583765080e-01
-1.223069501964295647e-01
-1.073960937804780968e-01
-9.248689763654383000e-02
-1.155244555098695614e-01
-1.104389346584184750e-01
-9.955929510304528662e-02
-9.478855796929597233e-02
-1.001721428669104519e-01
-1.091507521345755904e-01
-1.135282505846539891e-01
-9.135196944516232875e-02
-9.035198906102515082e-02
-1.126499600107644383e-01
-1.257647004372870470e-01
-1.052708669497528504e-01
-1.111419441603893610e-01
-1.047778572319435497e-01
-1.104784624399659521e-01
-1.070875515358578056e-01
-1.026696899502637095e-01
-1.065194564669518229e-01
-1.244121454798303716e-01
-1.006361526473855683e-01
-9.815654267335771621e-02
-1.151313440259169596e-01
-1.265499647105996495e-01
-1.008025601488897749e-01
-9.789529840526078885e-02
-1.056171647548720394e-01
-1.085143166825854877e-01
-7.986559050613806221e-02
-1.143088837646613065e-01
-1.021555181506861310e-01
-1.121563015068045566e-01
-1.164526602550886025e-01
-1.111403449869370341e-01
-9.956613945285530676e-02
-1.051287342974944750e-01
-1.128946066015887872e-01
-1.096779139491408372e-01
-1.195502910874775004e-01
-1.064475458166032062e-01
-1.061470553561374430e-01
-9.072656156983738285e-02
-1.012957890214214451e-01
-1.007283115655206451e-01
-1.115171421467713309e-01
-1.056735612292931670e-01
-1.065122393893602748e-01
-1.117078477137751769e-01
-9.756543679275164749e-02
-1.109106017084307005e-01
-1.041151273177760572e-01
-9.967730540982389087e-02
-1.188144491190521457e-01
-9.875705545142210440e-02
-1.264826572847868036e-01
-1.147347635548907618e-01
-8.615632655573923770e-02
-1.124742074203539666e-01
-9.985511986719997068e-02
-1.146136675006106387e-01
-1.080444259967032750e-01
-1.029152654606448891e-01
-1.097329610215691531e-01
-1.121861252721494395e-01
-1.130976688677254316e-01
-1.136669754534471721e-01
-1.067899105346712396e-01
-1.214148379757817864e-01
-1.125975817986679672e-01
-1.187630769722556323e-01
-8.262772455668443428e-02
-8.512667650309557743e-02
-1.202129370770861350e-01
-1.101391128659487961e-01
-1.005751129697243229e-01
-1.135989467914169104e-01
-1.168274294421243198e-01
-8.857224380631123495e-02
-1.041170663114661110e-01
-1.140642476598507926e-01
-1.233054129465434023e-01
-1.097525856937822120e-01
-7.176757662990329578e-02
-9.984276747097942106e-02
-9.722137912760686618e-02
-9.132407381904394938e-02
-1.004043122853093273e-01
-1.027476827870956733e-01
-9.591332153494391832e-02
-1.026530335812836370e-01
-1.023853575104136659e-01
-9.402180572095097943e-02
-1.001600391060804007e-01
-1.002671271754573823e-01
-1.167150319018013249e-01
-1.064869966035479898e-01
-1.040240237822054326e-01
-9.825904947427011038e-02
-1.068098980555904909e-01
-1.119915887016258438e-01
-1.050254009021029944e-01
-9.858564145819315172e-02
-9.983364162836316780e-02
-1.001047479126406792e-01
-9.788126815023900917e-02
-1.106889275344808965e-01
-1.042782378836171198e-01
-1.033195479900546054e-01
-1.187070723736409761e-01
-1.155474475860196470e-01
-1.021351559474004134e-01
-1.102483100609310540e-01
-1.028337732231343615e-01
-1.031231243921308938e-01
-1.178118143812065810e-01
-1.123301703389887329e-01
-1.143034779327343209e-01
-1.088167743045027613e-01
-1.135523293964708635e-01
-1.071928069153997853e-01
-1.185570364840269342e-01
-1.191366712882659940e-01
-1.054050997906066378e-01
-1.249813875137624208e-01
-1.195862476667386431e-01
-1.137961116857755250e-01
-1.125173510994299519e-01
-1.310208871605067493e-01
-1.114186560228520584e-01
-1.177077274706492815e-01
-1.006934791069440394e-01
-1.081010578169006031e-01
-9.883835687475395204e-02
-1.306773734709394397e-01
-1.199780607190570336e-01
-9.897100964446758908e-02
-1.087324021487874326e-01
-1.088677809130706997e-01
-1.068030140527982397e-01
-9.693874865716312073e-02
-1.075280769599342712e-01
-1.043067811100359954e-01
-9.910063401955460094e-02
-9.825078319486735268e-02
-8.923056871593759709e-02
-1.107560269570675437e-01
-1.066768941694169470e-01
-1.027481765928386359e-01
-1.143044681724907363e-01
-1.120662004325181371e-01
-1.039725454067728094e-01
-1.087552270732787818e-01
-1.050409296208800747e-01
-9.698535729086232848e-02
-1.113537236845614231e-01
-1.072812041671649119e-01
-1.162248478389189543e-01
-8.986481637527043986e-02
-1.150577036275524101e-01
-1.007305004118075331e-01
-1.147190099172026301e-01
-1.013836721828118570e-01
-1.144256713090916477e-01
-1.147702673016981478e-01
-1.175786997475176676e-01
-1.118560842290738933e-01
-1.326658779891030093e-01
-1.137038289440375216e-01
-1.089802305863005749e-01
-1.021528765301260577e-01
-1.116516095735335945e-01
-1.121334672018363676e-01
-1.221925919079547285e-01
-1.190573820775053804e-01
-1.143200928374557002e-01
-1.138356750649851534e-01
-9.257669124618672640e-02
-1.126402357700024837e-01
-1.187545584106439733e-01
-1.118487314315332881e-01
-1.194984532206548877e-01
-9.620252340934820623e-02
-9.649685583257783250e-02
-1.037996570908457095e-01
-9.957516810834921017e-02
-9.992902075052034760e-02
-1.034248322000368425e-01
-1.088824058616055801e-01
-1.150454834434913032e-01
-1.330236244619475983e-01
-1.185172725729284338e-01
-1.077418294692904510e-01
-1.029332979972068518e-01
-1.055439325547289364e-01
-1.357630843878832039e-01
-1.030541823326047712e-01
-1.338584766351367250e-01
-1.167024014234843143e-01
-1.093215018118858239e-01
-1.116566295902514661e-01
-1.277298537416835522e-01
-1.204028539966515154e-01
-1.304290855682976868e-01
-1.090611342447327381e-01
-1.168308881575552682e-01
-1.073254518123873957e-01
-1.134818662496384079e-01
-1.259659946672382347e-01
-1.127998594532604315e-01
-1.061874441679981906e-01
-1.068536739707592886e-01
-1.045120180750163108e-01
-1.034199653753500314e-01
-9.178007791474751542e-02
-1.139588336972510163e-01
-1.084385973486450272e-01
-1.049921678270429037e-01
-9.902738582182868399e-02
-1.193035292904465194e-01
-1.047804030194827707e-01
-1.064284254919380945e-01
-1.124208436089555452e-01
-1.263300516985816913e-01
-1.155979082516929157e-01
-1.174064041010851600e-01
-1.148715767299905988e-01
-1.162618208102235151e-01
-1.085111882420362051e-01
-1.246962045230142202e-01
-1.298554725382832231e-01
-9.877376185331465663e-02
-1.154518005026261562e-01
-1.166124335838749637e-01
-1.153269575694553239e-01
-1.095441133319980942e-01
-1.216628568380735409e-01
-1.176541180153805044e-01
-1.323727881365122094e-01
-1.075028934760293708e-01
-1.155585842976125655e-01
-1.163310231049408117e-01
-1.015683040065860077e-01
-9.975232768537090067e-02
-9.713048989637895758e-02
-1.084494906767257127e-01
-1.055764483260630549e-01
-1.287399556432369252e-01
-1.121390634799905861e-01
-1.077559393292730761e-01
-1.289633385938429022e-01
-1.201200068774892493e-01
-1.132936973838880590e-01
-1.138077568953628216e-01
-1.018946141888688040e-01
-1.137141254064162332e-01
-1.126221602622461404e-01
-9.774814014796184836e-02
-1.204787798882538397e-01
-1.118147964580433751e-01
-9.595395223734337620e-02
-9.662055879578979045e-02
-1.081960722827743915e-01
-1.185198427543441291e-01
-1.258791618119294853e-01
-1.330045707429392543e-01
-1.216841822662857453e-01
-9.950040623103406645e-02
-1.202577125907264843e-01
-1.230412743044411172e-01
-1.289925569944379014e-01
-1.219627324679839475e-01
-1.083387316505155518e-01
-9.833122943205196975e-02
-1.092158620817968995e-01
-1.173504405272636220e-01
-1.198721814833212385e-01
-1.100734136386378736e-01
-1.115190322389034705e-01
-1.154233418263608257e-01
-1.039172587722538843e-01
-1.166656385517108596e-01
-1.218591884248181323e-01
-1.243866547402956435e-01
-9.862114876281591336e-02
-1.177051042933459080e-01
-1.221618083588547066e-01
-1.269393166494223735e-01
-1.037270447795903827e-01
-1.190728550500725902e-01
-1.284622905435188756e-01
-1.143857611361527304e-01
-1.223331832831831001e-01
-1.213561915512313405e-01
-1.417011345521514976e-01
-1.278651566293809161e-01
-1.218873219749241343e-01
-1.178074295442002040e-01
-1.126632185742884040e-01
-1.067563598591578788e-01
-1.326361606477211019e-01
-1.189687799568166504e-01
-1.104546973441840052e-01
-1.412103709969469989e-01
-1.178434719740568681e-01
-1.254692816027782598e-01
-1.213504622931038668e-01
-1.160736913480544530e-01
-1.062206068396682745e-01
-1.188002726873400583e-01
-1.172998599589933910e-01
-9.497015833015476360e-02
-1.239132753384861729e-01
-9.227937391457574634e-02
-1.007817238128314585e-01
-1.371905304175555784e-01
-1.129845518795615789e-01
-1.140213527843090269e-01
-1.246737067129188858e-01
-1.316708257030629881e-01
-1.249402407568114270e-01
-1.290176391461943517e-01
-1.079901454849672149e-01
-1.160405605629213355e-01
-1.146527588667827224e-01
-1.204481594850399517e-01
-1.171457894911025477e-01
-1.141082604456671312e-01
-1.191814653716001260e-01
-1.198234914732658751e-01
-1.189890930321957363e-01
-9.384379262188335957e-02
-1.031899540297609441e-01
-1.071951010638527713e-01
-1.066538536485017730e-01
-1.148334832071102873e-01
-1.161247878304978443e-01
-1.280444652533443417e-01
-1.291852483251529904e-01
-1.224533848826201421e-01
-1.235690999985989968e-01
-1.277082060417282783e-01
-9.251850924768723061e-02
-1.172935665793524151e-01
-1.052354619002331404e-01
-1.088990810649486107e-01
-1.183353302488305836e-01
-1.263877883592261497e-01
-1.281906642401500207e-01
-9.763553112374800946e-02
-1.177861408152844902e-01
-1.190244319939615103e-01
-9.485999393853417061e-02
-1.127279216336130041e-01
-1.091236550723646559e-01
-1.212015524021952118e-01
-1.220134609682723692e-01
-1.015591150236438978e-01
-1.209491862820106789e-01
-1.099449153883393926e-01
-1.103957938641095815e-01
-1.283270217557230808e-01
-1.016963874427556647e-01
-1.302680707708252505e-01
-1.076881847229413935e-01
-1.118551574295745255e-01
-1.289462871823228163e-01
-1.366419229682103165e-01
-1.294104316082895778e-01
-1.201017581445622540e-01
-1.126788564887988287e-01
-1.254243549115439116e-01
-1.156822832127555323e-01
-1.273979714283051123e-01
-1.230642551093192871e-01
-1.044486393019932180e-01
-1.171288521668447657e-01
-1.265879007086283536e-01
-1.034517879489378345e-01
-1.458197710823343485e-01
-1.136841630110443369e-01
-1.259827509415671898e-01
-1.079501552857520252e-01
-1.208315686709351411e-01
-1.087407709599883532e-01
-1.238616319193615034e-01
-1.042155724670088546e-01
-1.113375688801618857e-01
-1.381931026341693958e-01
-9.554292489735605187e-02
-1.143140582569026620e-01
-1.199487327812911452e-01
-1.335698892465697618e-01
-1.203866317901169936e-01
-1.069819627317132316e-01
-1.116725199468531216e-01
-1.180110505733806825e-01
-1.154841595163582646e-01
-1.059590773148642029e-01
-1.148854658319158339e-01
-1.134162111723178157e-01
-1.111616656620677546e-01
-1.036486454781435640e-01
-1.285535338423455798e-01
-1.271699163062911531e-01
-1.093428650042134187e-01
-1.166433957823409528e-01
-1.083573033246305606e-01
-1.080908454643387806e-01
-1.175333969593648220e-01
-1.152406264718295326e-01
-1.255383391726336839e-01
-1.244491344546316824e-01
-1.252516633225582154e-01
-1.284741443666401750e-01
-1.217730022918979138e-01
-1.125191631894040256e-01
-1.270819111209715579e-01
-1.151683710074751232e-01
-1.263743331502364953e-01
-1.256189978188477774e-01
-1.220666107076366913e-01
-1.239998165107665251e-01
-1.278264350640267999e-01
-1.217034451664664729e-01
-1.401728435183193788e-01
-1.162989190534196027e-01
-1.043152831573186390e-01
-1.200749416352246968e-01
-1.065121006879730103e-01
-1.444760555093114185e-01
-1.141447070733212499e-01
-1.129857499535749099e-01
-1.133780695207340372e-01
-1.094659351046156637e-01
-1.267845074346496403e-01
-1.284637989746877373e-01
-1.364976471398939850e-01
-1.295943836258621751e-01
-1.349583869663386615e-01
-1.434585705833510971e-01
-1.211357704842979111e-01
-1.312104986100344206e-01
-1.224930858058166372e-01
-1.166266072735977488e-01
-1.007356446762366353e-01
-1.137361955279745374e-01
-1.149126203484720499e-01
-1.241660880202490880e-01
-9.960492803090792435e-02
-1.034745561193362029e-01
-1.363232779881449197e-01
-1.352764176322764911e-01
-1.186055201544724547e-01
-1.116363046612023346e-01
-1.413243313880676588e-01
-1.270158188306131919e-01
-1.293973695978318794e-01
-1.050361804100909957e-01
-1.259228815616761921e-01
-1.321144869167292235e-01
-1.298996692247098572e-01
-1.180019280835655771e-01
-1.368320660080866169e-01
-1.275018607458608955e-01
-1.281622749970945385e-01
-1.192564208582100882e-01
-1.289238330776378838e-01
-1.262549297123749525e-01
-1.273751524364272747e-01
-1.338710528051731963e-01
-1.173575482835231831e-01
-1.276529760766749177e-01
-1.063673490564815971e-01
-1.144657157812196679e-01
-1.109142678870767007e-01
-1.124830041165689742e-01
-1.148659130827356378e-01
-1.146671039002358228e-01
-1.200447728558220462e-01
-1.427128920808695689e-01
-1.435284388066682126e-01
-1.267419284245505651e-01
-1.324533303461179479e-01
-1.394970154118393424e-01
-1.117171828461631655e-01
-1.347908729755808999e-01
-1.123627465451058072e-01
-1.277789524276768951e-01
-1.163079979333816460e-01
-1.122062235195624424e-01
-1.253139862867089782e-01
-1.263623628176717695e-01
-1.036275488398685773e-01
-9.228895623976329787e-02
-1.118142733123681509e-01
-1.287378062971158421e-01
-1.152707540552109222e-01
-1.223610467893561093e-01
-1.210136528922554078e-01
-1.292397226227541829e-01
-1.333430566510163118e-01
-1.064275229598710126e-01
-1.192337673546646215e-01
-1.249306642080245666e-01
-1.161907715867060986e-01
-8.810934197481179453e-02
-1.275694150989101772e-01
-1.264225132051688405e-01
-1.340536237542413467e-01
-1.268709758719652747e-01
-1.118930856631772386e-01
-1.257500313131734160e-01
-1.292565637435498793e-01
-1.283513837547993752e-01
-1.118049211173146595e-01
-1.285715024089202352e-01
-1.168458436719634896e-01
-1.152101394373064025e-01
-1.210654004337907708e-01
-1.307612425983935012e-01
-1.058677968920398449e-01
-1.072105650356225404e-01
-1.234912570850363878e-01
-1.414040920611441265e-01
-1.237932959672791711e-01
-1.427820919813753697e-01
-1.327551256375252287e-01
-1.181794639657338664e-01
-1.130870144037197100e-01
-1.140213150162208144e-01
-1.208804496821684893e-01
-1.240071811761964682e-01
-1.331043816777546240e-01
-1.195699090079687110e-01
-1.145730252677781280e-01
-1.264156446175004334e-01
-1.214645477929008344e-01
-1.115314624691494672e-01
-1.136239734814514790e-01
-1.119717491127891762e-01
-1.233973037193907274e-01
-1.301929218217168227e-01
-1.231802450742356392e-01
-1.317719553106146968e-01
-9.645437384396560176e-02
-1.246033025998332100e-01
-1.367731274360401983e-01
-1.222569710224856721e-01
-1.349276582426610638e-01
-1.381801231461374790e-01
-1.256336787784055886e-01
-1.335402701961529992e-01
-1.092257239693297244e-01
-1.374862763452218140e-01
-1.234018183423861714e-01
-1.252178638194307858e-01
-1.252379782492392124e-01
-1.289895100655860105e-01
-1.388112056622503587e-01
-1.378393054041513466e-01
-1.190348946304196076e-01
-1.232255003670013060e-01
-1.187492618267493860e-01
-1.259143207309612045e-01
-1.294802685052318658e-01
-1.275474841030468376e-01
-1.278892738400774221e-01
-1.124539121056353785e-01
-1.272949263175369161e-01
-1.280892567899525325e-01
-1.193775813493047622e-01
-1.162870075719681928e-01
-1.164246200574567958e-01
-1.378948584630341756e-01
-1.367414685006926867e-01
-1.160518328072153160e-01
-1.094357112271202581e-01
-1.286682852166256552e-01
-1.154460279349169838e-01
-1.210562023014976063e-01
-1.273407751063282412e-01
-1.143440704975895450e-01
-1.210475698796766864e-01
-1.338229089162785712e-01
-1.171719096682224404e-01
-1.549286423660016787e-01
-1.317776014006453167e-01
-1.318927227998272222e-01
-1.326262711220453916e-01
-1.221708401095642493e-01
-1.284066943490915769e-01
-1.330806914597308932e-01
-1.114410670794589997e-01
-1.237319887146952624e-01
-1.272802992719817006e-01
-1.213084943554996187e-01
-1.157796970497977362e-01
-1.384037985889481348e-01
-1.116331707612103763e-01
-1.144310210903736191e-01
-1.273255833337452181e-01
-1.271953981368647568e-01
-1.185303262381482980e-01
-1.185165217171424423e-01
-1.102763370954664701e-01
-1.221541239280545810e-01
-1.411289917631708413e-01
-1.335688194312751875e-01
-1.218973091060941982e-01
-1.109871561210780122e-01
-1.234537460622675553e-01
-1.271771962066146067e-01
-1.277564763745253629e-01
-1.235521675695712140e-01
-1.254750506456292491e-01
-1.370445052868745073e-01
-1.179176197091669209e-01
-1.468445590468365758e-01
-1.350348817470985452e-01
-1.402782652704135380e-01
-1.236404631379182106e-01
-1.168742266978974875e-01
-1.288246299299178332e-01
-1.268493914222483809e-01
-1.424641416013896489e-01
-1.345369759979226920e-01
-1.270688642632094023e-01
-1.176372466908062187e-01
-1.295009263214037531e-01
-1.195101697587519496e-01
-1.108517396515931175e-01
-1.050058122917585379e-01
-1.403515592422768243e-01
-1.446364690992196778e-01
-1.234550657536077622e-01
-1.412511153852804568e-01
-1.196778690945166090e-01
-1.312981488306785849e-01
-1.377212700473893214e-01
-1.181539059392893165e-01
-1.426586473074751282e-01
-1.276100410588458800e-01
-1.102263229571689429e-01
-1.162933653104647469e-01
-1.147886895200258550e-01
-1.423619026239810736e-01
-1.283310349719934962e-01
-1.232874528713061579e-01
-1.403392352363241891e-01
-1.495551760121500706e-01
-1.405494592909346530e-01
-1.336510674185418246e-01
-1.330581404217450192e-01
-1.446070083228963021e-01
-1.222946943385228025e-01
-1.383510041089603959e-01
-1.433577562853423082e-01
-1.450177215039318845e-01
-1.115436049963212106e-01
-1.291398480387395686e-01
-1.103122503884490513e-01
-1.389204375981014650e-01
-1.135442846011165408e-01
-1.128827298851478034e-01
-1.157068497760618264e-01
-1.215077390828325221e-01
-1.090171495758238684e-01
-1.107762760816739522e-01
-1.185416081898296170e-01
-1.348886791915453465e-01
-1.270756468060789679e-01
-1.255321224158176818e-01
-1.181963215486359076e-01
-1.244297773063993695e-01
-1.271430211438788760e-01
-1.456711134562427290e-01
-1.311263234279094192e-01
-1.211279749967317798e-01
-1.241027708276201125e-01
-1.198892016124077919e-01
-1.246592471947209901e-01
-1.423770236086414620e-01
-1.305467250488296926e-01
-1.493304230067868943e-01
-1.292711641797041899e-01
-1.365424610406860140e-01
-9.927216718424469732e-02
-1.174333072195676841e-01
-1.539453309801501746e-01
-1.465534403460853063e-01
-1.347217671386209403e-01
-1.294154647626748478e-01
-1.150199045769966233e-01
-1.068651265081639323e-01
-1.477444197773092327e-01
-1.216899442338097437e-01
-1.242339257718074741e-01
-1.231491590825695148e-01
-1.174794870282322989e-01
-1.205901405143836591e-01
-1.133930326383865150e-01
-1.079154188530706548e-01
-1.141838510917505545e-01
-1.388224624515688177e-01
-1.280536972935499840e-01
-1.332059340752169696e-01
-1.066586142334502441e-01
-1.169265707137876475e-01
-1.341316177797495790e-01
-1.185404292311367236e-01
-1.173862047206215564e-01
-1.145299495083809127e-01
-1.175200830691398579e-01
-1.079696247201469284e-01
-1.378351272352418277e-01
-1.062757309257462701e-01
-1.212902889723999067e-01
-1.223494257734847324e-01
-1.237305617828452498e-01
-1.320518779172648038e-01
-1.163731559051042197e-01
-1.207443234353973160e-01
-1.326018278908840387e-01
-1.306616864996765770e-01
-1.396595386170722541e-01
-1.363865331181419727e-01
-1.126515779169130482e-01
-1.332115697106810437e-01
-1.159378280365443992e-01
-1.068001698225069518e-01
-1.199277468025212734e-01
-1.323943707920669510e-01
-1.200434286911460369e-01
-1.276486815381612239e-01
-1.256322569759680263e-01
-1.198289451666751937e-01
-1.187303282907326007e-01
-1.488763456466388746e-01
-1.154007845070066374e-01
-1.077961986925362048e-01
-1.167410809964697371e-01
-1.383002875317447256e-01
-1.334651562516668832e-01
-1.180542013885554908e-01
-1.315031639772326066e-01
-1.091510800793016323e-01
-1.354803685578458428e-01
-1.225206505795730649e-01
-1.280852939364449661e-01
-1.281073060712065725e-01
-1.452539673025459166e-01
-1.288023158979840765e-01
-1.228825285800096978e-01
-1.230954153180641164e-01
-1.166889755727029687e-01
-1.185467376628164260e-01
-1.209298713549213922e-01
-1.107600791112295369e-01
-1.303420287720697957e-01
-1.238850483051652240e-01
-1.146941331512016937e-01
-1.131151715982117167e-01
-1.139393539562778557e-01
-1.273500457977050360e-01
-1.222397202854437204e-01
-1.371542626988153657e-01
-1.181318621082598774e-01
-1.277227328269820994e-01
-1.080268550839105224e-01
-1.108482311481724381e-01
-1.164845283146949129e-01
-1.237139115431222791e-01
-1.296973742466818180e-01
-1.198987007996041854e-01
-1.288339314610178477e-01
-1.280842624763933735e-01
-1.208463541354891646e-01
-1.332443465716144360e-01
-1.057490115318344692e-01
-1.188364361366733846e-01
-1.215830645052884407e-01
-1.245633789052171814e-01
-1.180001749033041669e-01
-1.358689377993704817e-01
-1.273684837571877893e-01
-1.399796486168227716e-01
-1.395163687024596477e-01
-1.376389655166940784e-01
-1.256735278380425314e-01
-1.129434684192562877e-01
-1.269705765753954552e-01
-1.155849965072301977e-01
-1.365418272880796202e-01
-1.172949507464209340e-01
-1.380547794052886523e-01
-1.360922460973097436e-01
-1.278604355195263054e-01
-1.385622105207002797e-01
-1.421222282552951910e-01
-1.308750908451461470e-01
-1.180041091747505710e-01
-1.162958408894820828e-01
-1.262963462191075692e-01
-1.202324027732872835e-01
-1.214343185580788465e-01
-1.305996125513702033e-01
-1.270295435442654330e-01
-1.243821679671128777e-01
-1.267694775828820397e-01
-1.282697394224583398e-01
-1.373578975727545171e-01
-1.339029809693861317e-01
-1.331162916520427508e-01
-1.149160761455987334e-01
-1.406474237315711306e-01
-1.322413942025568723e-01
-1.424163887349134683e-01
-1.198795527721276954e-01
-1.365981564104190582e-01
-1.361371891971852044e-01
-1.268949519324871211e-01
-1.108305691502926571e-01
-1.184224725518756571e-01
-1.279476626682876095e-01
-1.241646351082681399e-01
-1.168542415094386833e-01
-1.355842969352858418e-01
-1.216546049455851097e-01
-1.370349858850481439e-01
-1.283253361263652081e-01
-1.394345711279632027e-01
-1.320952180443799584e-01
-1.261889575317867163e-01
-1.344270517864964987e-01
-1.346657787309326615e-01
-1.350602057402205958e-01
-1.182936557142792999e-01
-1.023446906222278407e-01
-1.161559677323125150e-01
-1.030645643059808769e-01
-1.432650373977013558e-01
-1.157215349827436235e-01
-1.230938448592540091e-01
-1.232276182690177357e-01
-1.273749245520456874e-01
-1.257630485405507592e-01
-1.239909021149880886e-01
-1.174612483042927202e-01
-1.290815343385540714e-01
-1.214437003031463291e-01
-1.388722905703070332e-01
-1.280719221990724854e-01
-1.244423759024453346e-01
-1.269493520714917167e-01
-1.251085430590066494e-01
-1.236731809964815021e-01
-1.341106378462577631e-01
-1.072874925111437783e-01
-1.399680106296883331e-01
-1.134040632699626627e-01
-1.348889871850258437e-01
-1.333446879762183457e-01
-1.160179868376864931e-01
-1.269718164333650812e-01
-1.380027609028382507e-01
-1.161624554669495879e-01
-1.197924439306103928e-01
-1.140150171596041595e-01
-1.221055612727810491e-01
-1.240420669258641695e-01
-1.168052390526304052e-01
-1.258060425897928880e-01
-1.163388001543559369e-01
-1.249298300070234014e-01
-1.103071123324004255e-01
-1.071235312624718716e-01
-1.366846854401924105e-01
-1.280085171867142435e-01
-1.274306947653456312e-01
-1.132053650116260357e-01
-1.244200328963045443e-01
-1.225738287637399004e-01
-1.259801675558338552e-01
-1.283283515795772267e-01
-1.331115113327809851e-01
-1.229940624509211489e-01
-1.203402041740884165e-01
-1.276731872678014135e-01
-1.110071809651529406e-01
-1.175144570944937072e-01
-1.353591736564965231e-01
-1.027711227609842126e-01
-1.199149047946543867e-01
-1.273220593454267302e-01
-1.389472060768977002e-01
-1.186144680493366188e-01
-1.134810588735204462e-01
-1.406887043561528827e-01
-1.185957315592069961e-01
-1.272165988049089869e-01
-1.310165986109632641e-01
-1.203022475067165864e-01
-1.177287067768588713e-01
-1.169598241155780372e-01
-1.353871985246604126e-01
-1.382824356629317464e-01
-1.298479166093455817e-01
-1.072608819001374947e-01
-1.266726269791971227e-01
-1.287899665798173388e-01
-1.301068225787518351e-01
-1.249018742335956667e-01
-1.027271289291777912e-01
-1.166803849695048356e-01
-1.340787559212373026e-01
-1.238303515718723880e-01
-1.234618188316631837e-01
-1.188594398319526846e-01
-1.307934870356191048e-01
-1.111839422749336670e-01
-1.315762115502239205e-01
-1.277536690282006226e-01
-1.266136775152664207e-01
-1.157666794971889956e-01
-1.326093616547274756e-01
-1.140765989124044033e-01
-1.315508449912603517e-01
-1.232977302192010960e-01
-1.167968423834309100e-01
-1.262862885201774255e-01
-1.191417493147230999e-01
-1.311057003720970116e-01
-1.365655996921888438e-01
-1.297619762121171583e-01
-1.190767926854396919e-01
-1.340865601334746415e-01
-1.202411313752365096e-01
-1.211664684487567811e-01
-1.378412309663548108e-01
-1.327350244181935146e-01
-1.172822170643343931e-01
-1.185676818660592602e-01
-1.191222862097487400e-01
-1.412197730902575721e-01
-1.401657917929637343e-01
-1.387164566784968578e-01
-1.267998518083865989e-01
-1.124903816536355627e-01
-1.329818309324992676e-01
-1.268269510838901937e-01
-1.194493284809121647e-01
-1.301963918471997772e-01
-1.239354168921855681e-01
-1.223726606581378995e-01
-1.241005962492152115e-01
-1.373389338181931763e-01
-1.516305752018358710e-01
-1.160238586665336413e-01
-1.183680678985163937e-01
-1.293796057437286429e-01
-1.419115284954108880e-01
-1.438913095516047846e-01
-1.125037520783527256e-01
-1.378380939867760446e-01
-1.253733427350169904e-01
-1.253885596143007319e-01
-1.245708607154489833e-01
-1.221021486485787122e-01
-1.422139792733840835e-01
-1.392731057966178909e-01
-1.514128598424235861e-01
-1.153638578363094247e-01
-1.513157295253542145e-01
-1.257068505148537518e-01
-1.341432905904831330e-01
-1.348053599268714819e-01
-1.255886396629635193e-01
-1.442981868749844132e-01
-1.304720702030337520e-01
-1.355229045795751652e-01
-1.301361141391721432e-01
-1.261232136692767014e-01
-1.256183933783789897e-01
-1.351462012253685785e-01
-1.164314490240307975e-01
-1.282784563517473941e-01
-1.215966467113354099e-01
-1.233421857952348155e-01
-1.319884491590026521e-01
-1.260017947650950987e-01
-1.326772551169583814e-01
-1.286254504628314699e-01
-1.388889889689495227e-01
-1.335172570333211794e-01
-1.360063918720633147e-01
-1.345516770663346406e-01
-1.375280953940678508e-01
-1.215379065663966252e-01
-1.257481088939065295e-01
-1.251021015241606804e-01
-1.249272588946968021e-01
-1.275587015277515057e-01
-1.182386087247002671e-01
-1.358250665706695059e-01
-1.223234341476850950e-01
-1.259052399030466951e-01
-1.185655438776165305e-01
-1.384798001939753220e-01
-1.257178375534224735e-01
-1.332111167662763940e-01
-1.191041577608897839e-01
-1.429362596926204709e-01
-1.213788300772304929e-01
-1.378368677811936394e-01
-1.406402313309635943e-01
-1.238019957245444225e-01
-1.214058658992818174e-01
-1.204148118366208386e-01
-1.246121145848144707e-01
-1.444356022097883496e-01
-1.429525553181671960e-01
-1.317972485468543731e-01
-1.377918870796905892e-01
-1.324154080282098356e-01
-1.160187189959720477e-01
-1.329502938348556818e-01
-1.311381189628517685e-01
-1.470876803958924839e-01
-1.468241634261682194e-01
-1.189709152671420966e-01
-1.429691896727423028e-01
-1.370138810008130203e-01
-1.299764556078768507e-01
-1.298297457957713341e-01
-1.277914587254878054e-01
-1.225900519501221808e-01
-1.371583162911911291e-01
-1.235513807846122525e-01
-1.337404726450253101e-01
-1.342231551089374531e-01
-1.332794288243479564e-01
-1.372493038374456020e-01
-1.413731186279787444e-01
-1.305255777129135097e-01
-1.394582352370017375e-01
-1.130853021534277136e-01
-1.117453732131257205e-01
-1.280073444246156988e-01
-1.142922350722597180e-01
-1.116187565933477455e-01
-1.083663534787568938e-01
-1.189838163087011402e-01
-1.317357060264623403e-01
-1.295588411644634785e-01
-1.206458473767166861e-01
-1.313633518865744421e-01
-1.187703153083377039e-01
-1.260486853095863502e-01
-1.282583938697718917e-01
-1.197563622321011767e-01
-1.350722499396830312e-01
-1.434904777657799446e-01
-1.282708770237159790e-01
-1.368307223421907359e-01
-1.151685181867165841e-01
-1.207968384428723674e-01
-1.426924100580129195e-01
-1.343243676914032125e-01
-1.207049622680085310e-01
-1.206259304457324433e-01
-1.431178065200218175e-01
-1.252466020138849334e-01
-1.185025627973999018e-01
-1.260606147039282643e-01
-1.351632334825181303e-01
-1.345651792038120576e-01
-1.436395385525193191e-01
-1.221156209969904705e-01
-1.280100739840144275e-01
-1.351285091920717552e-01
-1.393851666677636825e-01
-1.196484170573661743e-01
-1.267418217562079619e-01
-1.276977518298172409e-01
-1.357854538937068867e-01
-1.266337869122879933e-01
-1.317087524578492985e-01
-1.287745004118880932e-01
-1.343744567271221158e-01
-1.373559933185994897e-01
-1.177805274727277141e-01
-1.337277248848485200e-01
-1.327281329927105791e-01
-1.350971043591435716e-01
-1.336978050738097945e-01
-1.432170802742240845e-01
-1.360999042699151396e-01
-1.522579504880778867e-01
-1.118705814534552978e-01
-1.390787273178357708e-01
-1.145371444668243921e-01
-1.373667728358733964e-01
-1.180006259650163702e-01
-1.121892751581388126e-01
-1.187570197846754549e-01
-1.378862274688132938e-01
-1.325214555038269904e-01
-1.476465917135110217e-01
-1.349762653006101321e-01
-1.399614149078998171e-01
-1.308416064358131070e-01
-9.857928678293292890e-02
-1.395283888706799758e-01
-1.362526301850510713e-01
-1.129762425037155182e-01
-1.386017861617816482e-01
-1.258649237953504141e-01
-1.226663305850237418e-01
-1.313711944428936906e-01
-1.415232290750023658e-01
-1.292759762827138115e-01
-1.373465546694645489e-01
-1.279427889155984044e-01
-1.391158265992615828e-01
-1.441847014244810321e-01
-1.191326783477191231e-01
-1.515694942040513027e-01
-1.404660684013872007e-01
-1.227401913806627221e-01
-1.293930334834376694e-01
-1.466169104986021487e-01
-1.416859624256432415e-01
-1.245003400629240975e-01
-1.342025250600320518e-01
-1.186549798751646012e-01
-1.256322545152508408e-01
-1.329974315673801977e-01
-1.211462078115036478e-01
-1.236051579330940120e-01
-1.446745766212138573e-01
-1.252093213115048620e-01
-1.407094058431924699e-01
-1.486231811219401733e-01
-1.339197154239908372e-01
-1.486559473353751271e-01
-1.178200874390223918e-01
-1.388389441526507451e-01
-1.340230601165890434e-01
-1.326593689531114784e-01
-1.497734072225066493e-01
-1.276797542813895570e-01
-1.365904310166738966e-01
-1.556544892468472163e-01
-1.499336077075706930e-01
-1.274082975707661047e-01
-1.458834828201828193e-01
-1.242354795895950215e-01
-1.497901464132052052e-01
-1.484439578300338347e-01
-1.289644296145042723e-01
-1.301661854910045601e-01
-1.536251230823530989e-01
-1.360731770781273831e-01
-1.268490190348638968e-01
-1.359384936719949533e-01
-1.374002987799913811e-01
-1.307122148520467597e-01
-1.255285301459745373e-01
-1.412388674100903962e-01
-1.312730527458856322e-01
-1.144118762888877150e-01
-1.220062781343251856e-01
-1.165804619132726483e-01
-1.411305003480494147e-01
-1.265570985998718534e-01
-1.478893359238226957e-01
-1.394052628431581287e-01
-1.210379460767347926e-01
-1.332039220767213816e-01
-1.237985181600267381e-01
-1.340300609465792103e-01
-1.328830263249405341e-01
-1.248620717196711194e-01
-1.201789224031142300e-01
-1.478523218494096625e-01
-1.218733722278431131e-01
-1.123216434194609370e-01
-1.366703519024332625e-01
-1.246140680658955890e-01
-1.174829554004828136e-01
-1.121879793235829315e-01
-1.362672751048947806e-01
-1.336396740636620617e-01
-1.417699932002092211e-01
-1.421857698103532464e-01
-1.231009429713585401e-01
-1.129536027386282004e-01
-1.221003952596655395e-01
-1.372647293499762444e-01
-1.267021477846130839e-01
-1.287749912494966509e-01
-1.370899427446965468e-01
-1.185875502923170455e-01
-1.299217120042781559e-01
-1.251279515936871700e-01
-1.416067421892874822e-01
-1.268254827222148329e-01
-1.413204810337136408e-01
-1.467345661544534607e-01
-1.209178959744594550e-01
-1.490748728875974649e-01
-1.445152086103862477e-01
-1.467577173050442774e-01
-1.307949221527395789e-01
-1.317201193487964606e-01
-1.321625835920938741e-01
-1.391264211392924111e-01
-1.457569158098535045e-01
-1.429005449378315529e-01
-1.207844881719022379e-01
-1.286327942218299381e-01
-1.376105682503983019e-01
-1.273219789987130035e-01
-1.439826110317612429e-01
-1.244958755371934345e-01
-1.175782199220107849e-01
-1.409053872978898170e-01
-1.357757477315237882e-01
-1.441794984610202945e-01
-1.383588636151329432e-01
-1.417422016077316549e-01
-1.388679852084031552e-01
-1.309932513481999461e-01
-1.447086646363400231e-01
-1.391132880023968621e-01
-1.533584059293089386e-01
-1.424280201662413425e-01
-1.270725865014581402e-01
-1.320041458282574798e-01
-1.383610488730571131e-01
-1.423933875620611023e-01
-1.323392395425395662e-01
-1.286126422396662861e-01
-1.465020376711969607e-01
-1.300149945609752056e-01
-1.440629297227626893e-01
-1.214906228524335052e-01
-1.248638105330861503e-01
-1.361173021790844651e-01
-1.369679874519205143e-01
-1.238190115471990982e-01
-1.423034973078067811e-01
-1.252004450156640747e-01
-1.466128092455412091e-01
-1.323669698923586324e-01
-1.385556405840135952e-01
-1.170764872073428720e-01
-1.312070510714469229e-01
-1.243089509759278677e-01
-1.465412097129308311e-01
-1.308661903813994609e-01
-1.399484057702284900e-01
-1.294554321848717660e-01
-1.203474342675785458e-01
-1.457311405348262756e-01
-1.360437258341176125e-01
-1.181651017502949319e-01
-1.343829471799391495e-01
-1.348977842941747607e-01
-1.363158927408780752e-01
-1.392443474570794759e-01
-1.272488349952580755e-01
-1.297622850769613034e-01
-1.434448557210252773e-01
-1.280134110196213815e-01
-1.459481772111461684e-01
-1.451765540726901449e-01
-1.243579874645770467e-01
-1.373851817070426140e-01
-1.203706345956230273e-01
-1.024974511691765233e-01
-1.256527817113337608e-01
-1.126944241028982052e-01
-1.343402384177763143e-01
-1.278089472778931590e-01
-1.373448974026252323e-01
-1.360595509672801739e-01
-1.469282346982283549e-01
-1.295997920423694882e-01
-1.484349880665627452e-01
-1.199726920295292043e-01
-1.311715725108013597e-01
-1.311215382295811693e-01
-1.240329474657526632e-01
-1.237068619393923985e-01
-1.347095870830696818e-01
-1.334874473163425446e-01
-1.326839491864586495e-01
-1.495194134744439740e-01
-1.315566496514142258e-01
-1.481328402741459715e-01
-1.396973545729107702e-01
-1.404989179484488204e-01
-1.356452884283219085e-01
-1.299783652817971813e-01
-1.374929091718735119e-01
-1.357151621340868530e-01
-1.225789636552070405e-01
-1.318439646382960628e-01
-1.488910874952646957e-01
-1.219226265281563304e-01
-1.394788137643288017e-01
-1.134194892269282384e-01
-1.335886162382131648e-01
-1.348855373261967916e-01
-1.341720919047841853e-01
-1.195064052824257317e-01
-1.309361280094574198e-01
-1.307310837085162714e-01
-1.520825165020156522e-01
-1.264692636195552389e-01
-1.310923410407895950e-01
-1.192577961103653550e-01
-1.348476022385061146e-01
-1.335354673217281629e-01
-1.310992496239504757e-01
-1.459613718589263254e-01
-1.329050990856650571e-01
-1.331608500830105957e-01
-1.342025126903814147e-01
-1.205985515565561883e-01
-1.401005949035889486e-01
-1.336349285062652381e-01
-1.473077889496394732e-01
-1.257183751704384900e-01
-1.341338298032059839e-01
-1.422528028847882542e-01
-1.467724072415452774e-01
-1.340357845088457900e-01
-1.241467658104253857e-01
-1.195654428254466772e-01
-1.169718577671350346e-01
-1.356347653536096320e-01
-1.345647832999132820e-01
-1.274496257548562994e-01
-1.289341290425909392e-01
-1.481922205606656107e-01
-1.262795786941608434e-01
-1.398185122994668461e-01
-1.357549426567499218e-01
-1.439972071196140568e-01
-1.598897207199447834e-01
-1.427269931813825998e-01
-1.223010979357519457e-01
-1.498935446696112450e-01
-1.330044205134701674e-01
-1.393273883823060721e-01
-1.073182259414571238e-01
-1.282586756424282104e-01
-1.387023604258483811e-01
-1.392196473518598765e-01
-1.429688319603921176e-01
-1.362274332301609547e-01
-1.407427828378184920e-01
-1.234890397806194251e-01
-1.285074335047982075e-01
-1.369128202590232934e-01
-1.388816993824320001e-01
-1.442192599602465375e-01
-1.373376347137487130e-01
-1.506798099998944984e-01
-1.130845464147214319e-01
-1.479466324027725044e-01
-1.345920569066352268e-01
-1.423137607057918252e-01
-1.375519645322906825e-01
-1.313477854728972716e-01
-1.410145952739103592e-01
-1.349897438592617682e-01
-1.218362449323655561e-01
-1.304073093331399313e-01
-1.196891554161927385e-01
-1.372742956404693349e-01
-1.353230390024273699e-01
-1.416091243965493796e-01
-1.395282394338459575e-01
-1.274418497982394705e-01
-1.208016009334351715e-01
-1.314612700996513617e-01
-1.394184588841329564e-01
-1.206547904372157198e-01
-1.415640053820172994e-01
-1.286477419606817385e-01
-1.427767480171344694e-01
-1.307623561712993876e-01
-1.427067469847207448e-01
-1.397223375243217269e-01
-1.327310692236518541e-01
-1.342374193673712135e-01
-1.500038944686901132e-01
-1.421038954665228005e-01
-1.398987784263763245e-01
-1.226872036179043057e-01
-1.408860275639947091e-01
-1.236531583895450481e-01
-1.313212770948721797e-01
-1.447895887309997853e-01
-1.512903341202558316e-01
-1.444393719148489019e-01
-1.395238979643775856e-01
-1.501744758762773024e-01
-1.465944606438069897e-01
-1.291649652863027242e-01
-1.328133022248838557e-01
-1.431024416829540513e-01
-1.497475767882798792e-01
-1.492142363168533770e-01
-1.216386209138313745e-01
-1.459165723725615038e-01
-1.364480109107848449e-01
-1.426223978912091184e-01
-1.371024610758682094e-01
-1.374261967509329274e-01
-1.572323993919368945e-01
-1.438432120379395940e-01
-1.508032585526275504e-01
-1.204150473999305859e-01
-1.226891213516458912e-01
-1.395007432929111779e-01
-1.438029395582751668e-01
-1.144135894102307205e-01
-1.262291615718802440e-01
-1.356884064608925300e-01
-1.509901496370340546e-01
-1.340079025125047174e-01
-1.267097009145090603e-01
-1.257712022651422679e-01
-1.344156005961054667e-01
-1.261425002695100162e-01
-1.573246084863719751e-01
-1.368201439315366308e-01
-1.351786671244918914e-01
-1.294026725711741044e-01
-1.265343661686277876e-01
-1.456434709154197371e-01
-1.258827388568368733e-01
-1.285819116569157927e-01
-1.377613823161691897e-01
-1.451754167134149398e-01
-1.345259938244338649e-01
-1.361162646403744070e-01
-1.214551878749237090e-01
-1.377482792232203046e-01
-1.519025097509052458e-01
-1.132612804321033728e-01
-1.396144630371334294e-01
-1.442895434180351266e-01
-1.353383150968134885e-01
-1.464994401081409769e-01
-1.415511550517818407e-01
-1.538370609571386716e-01
-1.415886806706869727e-01
-1.407241415621527381e-01
-1.365066946505977263e-01
-1.488349175991006135e-01
-1.385895542151036608e-01
-1.256269150533215750e-01
-1.311038034090166171e-01
-1.356456156928991241e-01
-1.467484967961296682e-01
-1.142594179573821478e-01
-1.388810563613440685e-01
-1.287945384331652399e-01
-1.282140648090894786e-01
-1.410126451688098470e-01
-1.235077919320968221e-01
-1.306304751354110394e-01
-1.370563266097311050e-01
-1.344898008383479393e-01
-1.485823220456783389e-01
-1.352754516156906561e-01
-1.446535071628076707e-01
-1.476067871914481522e-01
-1.340605736423801098e-01
-1.386572571302782109e-01
-1.297266334407742860e-01
-1.397289047439227438e-01
-1.306887946180586013e-01
-1.258567424731120710e-01
-1.358140746808405019e-01
-1.150105648199888364e-01
-1.368124037648299485e-01
-1.657041948158406441e-01
-1.560580323285640780e-01
-1.428707178458306082e-01
-1.479770767911974261e-01
-1.423338780328133879e-01
-1.325033016598382574e-01
-1.447934772093586453e-01
-1.407257681207880751e-01
-1.373147978618844967e-01
-1.221166813422684960e-01
-1.307443440822249059e-01
-1.353451230339712819e-01
-1.401508108741875702e-01
-1.398715947166717655e-01
-1.234627744755421030e-01
-1.254758816655778819e-01
-1.359309431586801509e-01
-1.333335098026025012e-01
-1.313401509655218735e-01
-1.460388832035821594e-01
-1.331211605972348888e-01
-1.505349437350633757e-01
-1.344144675837015690e-01
-1.357154627951806525e-01
-1.494794221310060678e-01
-1.370211973959329921e-01
-1.357404747456620875e-01
-1.528399696872788649e-01
-1.330696368458634815e-01
-1.480526005465501171e-01
-1.381384257883926381e-01
-1.544202289911142945e-01
-1.291892733505513036e-01
-1.366963625280910311e-01
-1.199680272677785542e-01
-1.375698990320239901e-01
-1.271366231764410326e-01
-1.343017352848290269e-01
-1.400691924297134960e-01
-1.241976490724978621e-01
-1.416201291472405366e-01
-1.524153422349465714e-01
-1.249272263073253342e-01
-1.466334600358971674e-01
-1.410718479878270148e-01
-1.465627333957879586e-01
-1.624395817240307238e-01
-1.289242343967840210e-01
-1.635627245462250023e-01
-1.453456182858618995e-01
-1.524900776626241239e-01
-1.422546540935298864e-01
-1.365864227341240245e-01
-1.369966167223657383e-01
-1.172807840503178323e-01
-1.373684370262240328e-01
-1.526041433477021148e-01
-1.424344772658319158e-01
-1.445738448636417761e-01
-1.241385416920415263e-01
-1.323456013666246545e-01
-1.211567946352132275e-01
-1.345705736260749408e-01
-1.490336537923311333e-01
-1.350008772986051042e-01
-1.280998408263838151e-01
-1.580538975964811410e-01
-1.405551660861192875e-01
-1.254623601907913777e-01
-1.351545995662037924e-01
-1.405553190748880521e-01
-1.397486744863620789e-01
-1.303278387130677451e-01
-1.263063993632629334e-01
-1.427468819094472874e-01
-1.353038422865713297e-01
-1.341598460832047479e-01
-1.241487037545634387e-01
-1.390138564717651182e-01
-1.424970368798419429e-01
-1.244366693530187806e-01
-1.224960499566754013e-01
-1.421149589523360568e-01
-1.398387745257685388e-01
-1.464287879493257893e-01
-1.404146428433377114e-01
-1.381265577080545981e-01
-1.469425801872417114e-01
-1.505312155878577585e-01
-1.393052295581873601e-01
-1.398861411706981972e-01
-1.297191527111465348e-01
-1.321225643596568577e-01
-1.414258892471518259e-01
-1.313868066755174979e-01
-1.304927189965714440e-01
-1.557176355011515856e-01
-1.341230356522962186e-01
-1.251823448531270699e-01
-1.351616447935282128e-01
-1.321228422912936740e-01
-1.405751902561398481e-01
-1.274353046490688257e-01
-1.383779944311651633e-01
-1.347127227096103219e-01
-1.234856013933005592e-01
-1.286545305198147915e-01
-1.260749791234747619e-01
-1.393545732579244412e-01
-1.230472584894515276e-01
-1.372814476743056122e-01
-1.318109745714228787e-01
-1.275950330066464300e-01
-1.437470278107606525e-01
-1.381058371608063773e-01
-1.162593591561111861e-01
-1.473458002172767234e-01
-1.197350685868010522e-01
-1.390308940414997085e-01
-1.427548300958461081e-01
-1.477430223110902663e-01
-1.196877469353174739e-01
-1.231624165139879601e-01
-1.209443421471008140e-01
-1.384441332235069044e-01
-1.291169485684602325e-01
-1.490509319957646905e-01
-1.310156794155439286e-01
-1.337133436093078664e-01
-1.465429641245425962e-01
-1.389675544503674587e-01
-1.542302257575900448e-01
-1.508573519717240075e-01
-1.234035407349440838e-01
-1.226480267539240554e-01
-1.339825300697266020e-01
-1.386508811787312556e-01
-1.106296106736708307e-01
-1.076952798162138514e-01
-1.384124024225781291e-01
-1.446457534907747977e-01
-1.263064801491782241e-01
-1.320403059209334096e-01
-1.232335349388402612e-01
-1.294153585927892980e-01
-1.374016263762050105e-01
-1.360670383739366329e-01
-1.372907871505129052e-01
-1.347783343731288053e-01
-1.466993551389372819e-01
-1.293541876574682004e-01
-1.278650742085984948e-01
-1.445046240187053410e-01
-1.397386474565360803e-01
-1.354023606206979924e-01
-1.506497871062608684e-01
-1.367258876072008356e-01
-1.364194255715489579e-01
-1.394614054925342739e-01
-1.515317448042159398e-01
-1.234144066276279261e-01
-1.438368862369361345e-01
-1.317930818801282822e-01
-1.538815180683579253e-01
-1.346150851244176661e-01
-1.426623543683740447e-01
-1.408890487959084670e-01
-1.271512168308137625e-01
-1.355920693062777627e-01
-1.620039190504651838e-01
-1.417052258605906445e-01
-1.550852395452460009e-01
-1.543839139837182017e-01
-1.412218569726071404e-01
-1.383060724936380215e-01
-1.425263634010220937e-01
-1.461839012888728195e-01
-1.435657263156802088e-01
-1.480109313032409446e-01
-1.450374705369188444e-01
-1.340361766468134430e-01
-1.351001465365488929e-01
-1.489044497473828166e-01
-1.336276292109230823e-01
-1.244334400977360477e-01
-1.332262131346397815e-01
-1.441742950823687863e-01
-1.317103557913394951e-01
-1.640167491944455325e-01
-1.358596875397646286e-01
-1.673789008509505294e-01
-1.421651668175374361e-01
-1.172088507861013262e-01
-1.271131073571125647e-01
-1.503849141105360054e-01
-1.498633321883620084e-01
-1.451948280996899765e-01
-1.281806130308595915e-01
-1.446651639871239237e-01
-1.446893816795609133e-01
-1.486922983280738464e-01
-1.265316631628490285e-01
-1.359319938081335888e-01
-1.250564635917634781e-01
-1.408402580747378785e-01
-1.493230445978752652e-01
-1.398937764539667228e-01
-1.471519178214939494e-01
-1.385004450576696744e-01
-1.160249251087004385e-01
-1.200423854788656985e-01
-1.388405109436092744e-01
-1.409731922862078601e-01
-1.298061699283512560e-01
-1.265553655946760614e-01
-1.571777473142830228e-01
-1.455864222785201445e-01
-1.398421261120958992e-01
-1.421768621126453525e-01
-1.384394390268959274e-01
-1.306574812125276264e-01
-1.241697786220217203e-01
-1.454087428323587172e-01
-1.314181218529455464e-01
-1.309141664647661685e-01
-1.439033172103136859e-01
-1.282362725664294434e-01
-1.499556399403942919e-01
-1.388490090194702820e-01
-1.230837280027123892e-01
-1.311865762352033560e-01
-1.230554114510824526e-01
-1.359816728612908143e-01
-1.375781839618972491e-01
-1.469725546449651699e-01
-1.302794931622706098e-01
-1.524397358943250236e-01
-1.390195214514347022e-01
-1.479534950215886102e-01
-1.522524236895574923e-01
-1.343964029500877011e-01
-1.295896583912146127e-01
-1.278965868652375271e-01
-1.347087148428862680e-01
-1.600289704431909765e-01
-1.506078716830383524e-01
-1.532778467061801653e-01
-1.478717663861170983e-01
-1.396139083188918661e-01
-1.586218145326834250e-01
-1.229858334604216896e-01
-1.255814031640187789e-01
-1.297122979805641618e-01
-1.255099198075281253e-01
-1.367568110728352160e-01
-1.480425505725456725e-01
-1.552484891793297628e-01
-1.234144355467090559e-01
-1.394839482947027864e-01
-1.341974974284251276e-01
-1.489643468749544120e-01
-1.469904745087224907e-01
-1.340593108875521855e-01
-1.369857762864695738e-01
-1.402637253615404145e-01
-1.516771107306124078e-01
-1.408040476367165006e-01
-1.252322760219530817e-01
-1.478188129354578439e-01
-1.453191332591762808e-01
-1.564631034914610863e-01
-1.445348892738337887e-01
-1.432528714860630825e-01
-1.419621093000192347e-01
-1.433401591252363716e-01
-1.473888367624295315e-01
-1.322806073305748398e-01
-1.410132903611096000e-01
-1.501483374166081575e-01
-1.519926981500382968e-01
-1.460116475600167496e-01
-1.416125502165910266e-01
-1.234895807058973283e-01
-1.372053864290506131e-01
-1.348913689897450752e-01
-1.393853652147136746e-01
-1.305665367286353851e-01
-1.372027124791354025e-01
-1.544118735248921626e-01
-1.477909063962079550e-01
-1.364453033878460508e-01
-1.433422478856535287e-01
-1.500512138242552362e-01
-1.391768508546361582e-01
-1.429772343619694075e-01
-1.428426521405323224e-01
-1.501714599717741128e-01
-1.381445828758128269e-01
-1.414937157332372131e-01
-1.382964619679577511e-01
-1.401314613016579336e-01
-1.160673972948775279e-01
-1.521663445518715019e-01
-1.412965291853237604e-01
-1.372034010679547000e-01
-1.458377513061504538e-01
-1.404199299368216192e-01
-1.367177524644083153e-01
-1.377193282281614639e-01
-1.482916500435068619e-01
-1.578484262294992391e-01
-1.366590086069682242e-01
-1.409804087622501534e-01
-1.538068484689884552e-01
-1.538541508404331903e-01
-1.453315812070018476e-01
-1.464431573385752694e-01
-1.355800475087670653e-01
-1.358759152688064908e-01
-1.384523006721349869e-01
-1.492385394629935913e-01
-1.466187950771777881e-01
-1.540132366975822675e-01
-1.313678500260704873e-01
-1.515406032507414791e-01
-1.458523043127881724e-01
-1.447563321060167385e-01
-1.293917967420409321e-01
-1.352872864541873055e-01
-1.359342270253338647e-01
-1.336001846299954554e-01
-1.396783377526220615e-01
-1.451857118745930597e-01
-1.448354137628863336e-01
-1.549900088210486304e-01
-1.354735507245117265e-01
-1.237312340744347594e-01
-1.455601437420855904e-01
-1.295304439698207188e-01
-1.536026290154079987e-01
-1.466206670380179045e-01
-1.303062203540752417e-01
-1.260221497187623552e-01
-1.444039040169795562e-01
-1.566803869865740495e-01
-1.429363234350883305e-01
-1.519867530386748156e-01
-1.528588100428951435e-01
-1.394362897637627663e-01
-1.460562123449140604e-01
-1.468092455775417138e-01
-1.419806935512740731e-01
-1.476675202186384928e-01
-1.486675889915409776e-01
-1.487134206652196422e-01
-1.418500599996337375e-01
-1.318476376282839979e-01
-1.254227934022509316e-01
-1.405760517304982526e-01
-1.415154816118584513e-01
-1.468869214240497989e-01
-1.364949060885423116e-01
-1.472689621415207428e-01
-1.531973169043375771e-01
-1.335437802915060423e-01
-1.491518520711303530e-01
-1.567886107510874094e-01
-1.503311587887434797e-01
-1.488323373705429109e-01
-1.362824572916998545e-01
-1.440478477944493463e-01
-1.332959067666308339e-01
-1.525445027346246096e-01
-1.435972643516569835e-01
-1.250159765135043788e-01
-1.335779754106192208e-01
-1.382843172308867441e-01
-1.627042584731341890e-01
-1.348198485120590817e-01
-1.255376679233979331e-01
-1.223679310665262143e-01
-1.341987353107849668e-01
-1.468230756270705317e-01
-1.405415575757233970e-01
-1.345167380499459053e-01
-1.506831452542445327e-01
-1.428676956309833379e-01
-1.295455945553032340e-01
-1.551133408676739212e-01
-1.423891333416147376e-01
-1.379469609986165857e-01
-1.394059933158329212e-01
-1.389306523947022587e-01
-1.449875490162622071e-01
-1.354880736230665850e-01
-1.321718244015082089e-01
-1.532622513368004924e-01
-1.334424215364455879e-01
-1.346201814462466562e-01
-1.422554085099636545e-01
-1.353122846062311257e-01
-1.469905432097691200e-01
-1.422752370323823179e-01
-1.480260995918429856e-01
-1.535767154786855659e-01
-1.275752459295032004e-01
-1.474817570492927832e-01
-1.353230034759420608e-01
-1.331461547546335389e-01
-1.382897595897176757e-01
-1.461461063601632304e-01
-1.277706821349315902e-01
-1.562265878957580512e-01
-1.241462306037706131e-01
-1.398453093154208293e-01
-1.444323971754066793e-01
-1.387731571794039720e-01
-1.477510692232328893e-01
-1.257205185251528690e-01
-1.395854330660672993e-01
-1.347289378420057915e-01
-1.305731965271901274e-01
-1.574799650860003730e-01
-1.397303713253374990e-01
-1.303656014691965126e-01
-1.343776524740258882e-01
-1.321032144581184564e-01
-1.285574065471799532e-01
-1.402746803004015774e-01
-1.561646541002774669e-01
-1.292251483282471636e-01
-1.372250246746919977e-01
-1.177360073267297302e-01
-1.636807428226803030e-01
-1.355120941803373835e-01
-1.368956088407504712e-01
-1.413121846647695801e-01
-1.434907112092400627e-01
-1.264802113395353533e-01
-1.453708887464914001e-01
-1.479967896204117395e-01
-1.488734882118558644e-01
-1.414441216864741335e-01
-1.417275731850222709e-01
-1.502028888675932539e-01
-1.470187268722153995e-01
-1.282937453489455537e-01
-1.308202074988862318e-01
-1.377247019689755714e-01
-1.386926031786852587e-01
-1.496677186809090010e-01
-1.464058846302269679e-01
-1.396549905622146426e-01
-1.262100050867795975e-01
-1.618866720438381090e-01
-1.417162714409876401e-01
-1.299058401659629602e-01
-1.405493123387167032e-01
-1.424014982646879535e-01
-1.383572682776721408e-01
-1.241130273718114019e-01
-1.484529248902055620e-01
-1.459102672761882769e-01
-1.288294512359449140e-01
-1.333959703972642519e-01
-1.475633795853530383e-01
-1.399921470394371870e-01
-1.377785848802410840e-01
-1.373144972218125481e-01
-1.331328983077091355e-01
-1.369532637591857060e-01
-1.449991664196244034e-01
-1.447534765540199331e-01
-1.537688898453903885e-01
-1.439796482531655597e-01
-1.730237224175048549e-01
-1.494153058119112032e-01
-1.385059150257565985e-01
-1.425198052295688633e-01
-1.464503206025788984e-01
-1.450409675415080812e-01
-1.372275319723483822e-01
-1.412386963060310308e-01
-1.444363826986172494e-01
-1.348510446788702133e-01
-1.370648578415003538e-01
-1.534721292135701187e-01
-1.382142932419688774e-01
-1.627812314476229094e-01
-1.331378945641832345e-01
-1.427279007559070223e-01
-1.413047311779418447e-01
-1.333919010133164385e-01
-1.340068921539132596e-01
-1.414212492313930980e-01
-1.440131961632219459e-01
-1.467569881544765753e-01
-1.151485583353288877e-01
-1.171446140695094895e-01
-1.373228881962356152e-01
-1.385093598168882778e-01
-1.368953939465120673e-01
-1.460788336510548957e-01
-1.452016973189634852e-01
-1.480920813564934324e-01
-1.381779346664900876e-01
-1.275332616301599886e-01
-1.596651494557036477e-01
-1.336255049170124165e-01
-1.536221129813314379e-01
-1.422824532016132570e-01
-1.444023242607626045e-01
-1.327172197951246302e-01
-1.557409853739959438e-01
-1.352458694670789496e-01
-1.230241447989869341e-01
-1.420264221188698439e-01
-1.319326166282416279e-01
-1.393099546559602997e-01
-1.538319494116858754e-01
-1.490859518260454486e-01
-1.570504082879358165e-01
-1.343225828498764152e-01
-1.343244244328880566e-01
-1.350492603553866688e-01
-1.577586622903773828e-01
-1.482292905576418907e-01
-1.336396468761380518e-01
-1.279754798923848913e-01
-1.423732318851060885e-01
-1.224501429132935915e-01
-1.359126727678966473e-01
-1.358642742170290685e-01
-1.386506864598393562e-01
-1.407463983335323077e-01
-1.454674227188326174e-01
-1.185177675413866538e-01
-1.550284754084743088e-01
-1.355474924910762269e-01
-1.435671485500578104e-01
-1.390093071389078005e-01
-1.261593396032074654e-01
-1.355844103696512981e-01
-1.437828528390758809e-01
-1.522368518221397515e-01
-1.387128711923557578e-01
-1.362195402280246270e-01
-1.354119400258544381e-01
-1.367622253629408036e-01
-1.381185415784520476e-01
-1.579469953715260111e-01
-1.406913480326654753e-01
-1.335027344867187882e-01
-1.325471018652921718e-01
-1.573666997122780131e-01
-1.363504780880306910e-01
-1.394744685569246911e-01
-1.302946204605184288e-01
-1.495639497417375896e-01
-1.222795722018168441e-01
-1.316544434079480741e-01
-1.417302604728518656e-01
-1.404516507987023655e-01
-1.336638942665859808e-01
-1.297771924627986184e-01
-1.527461808700198986e-01
-1.323311230179957665e-01
-1.335759579453295043e-01
-1.383629323895336771e-01
-1.440465032550257707e-01
-1.282057467853576771e-01
-1.278507781947504363e-01
-1.368883702668510782e-01
-1.368193994514632639e-01
-1.434830653313596827e-01
-1.390454771432170222e-01
-1.450357471196401793e-01
-1.250766350903229629e-01
-1.197294467174714327e-01
-1.399336748602513225e-01
-1.490797418743849967e-01
-1.394995335774675826e-01
-1.374264225008339224e-01
-1.255424627842200991e-01
-1.311806658396510450e-01
-1.298579904269339114e-01
-1.403695442427783657e-01
-1.339133596718977692e-01
-1.526504257724137226e-01
-1.455788848593253526e-01
-1.412406362503140222e-01
-1.286483287758235505e-01
-1.336144276958455279e-01
-1.245755403198423039e-01
-1.439978324616189020e-01
-1.492013183633487117e-01
-1.383619329930763087e-01
-1.415053225552109772e-01
-1.196172670878863364e-01
-1.334001544338754286e-01
-1.199291241195949986e-01
-1.400736069072512358e-01
-1.408648806597145864e-01
-1.498987512902161257e-01
-1.291276558192944179e-01
-1.344312767881299386e-01
-1.307628415650277098e-01
-1.322671283268705977e-01
-1.309379016859764100e-01
-1.300940770835345983e-01
-1.380399489109311872e-01
-1.363912073433077854e-01
-1.391917283666201932e-01
-1.459406605552853176e-01
-1.299153290843526598e-01
-1.430819207694622452e-01
-1.128342799860053702e-01
-1.378098447938325144e-01
-1.515536555974699162e-01
-1.273203944331910975e-01
-1.327663927448434755e-01
-1.354963679537166676e-01
-1.415878851292879936e-01
-1.319153303753903828e-01
-1.309808790961697333e-01
-1.303165804921415649e-01
-1.431511477929063858e-01
-1.440849764910194786e-01
-1.363900698186295557e-01
-1.329724753053671549e-01
-1.348410397153596563e-01
-1.305495525314586125e-01
-1.438893416248250290e-01
-1.446798073941675256e-01
-1.466017470829048541e-01
-1.281801316126167656e-01
-1.330893613885213433e-01
-1.356858904953393008e-01
-1.142395802206723765e-01
-1.226233735203110520e-01
-1.089186667029604649e-01
-1.263306332187661418e-01
-1.475124504818281501e-01
-1.257330383936396956e-01
-1.335788545926801518e-01
-1.357634637603015726e-01
-1.391700367016350803e-01
-1.411319931360561775e-01
-1.416055493030614620e-01
-1.276941752681901576e-01
-1.327181812692832530e-01
-1.299234530826702816e-01
-1.342010673996032466e-01
-1.339911072347779175e-01
-1.291758305701229403e-01
-1.212428548331967448e-01
-1.272194268914055293e-01
-1.366413143136835373e-01
-1.282467383676295647e-01
-1.277481894618430758e-01
-1.284851731042349066e-01
-1.379716217862503314e-01
-1.305986273797583586e-01
-1.388076209316220222e-01
-1.300289040383533212e-01
-1.361499955604692502e-01
-1.285111626131649754e-01
-1.325221210177218722e-01
-1.191042014211087796e-01
-1.331927097411380601e-01
-1.353629431353158274e-01
-1.195043106310622605e-01
-1.192622629490411867e-01
-1.195530211257631592e-01
-1.298434759653623871e-01
-1.574054739287640281e-01
-1.312202985010704204e-01
-1.367114912410016814e-01
-1.437298742194959011e-01
-1.490499559694002940e-01
-1.395953619754228825e-01
-1.354832018824123629e-01
-1.291021183071641154e-01
-1.325968560499948268e-01
-1.345595194616313606e-01
-1.386848356668677340e-01
-1.495536362963210131e-01
-1.534149906558641696e-01
-1.410315600580029916e-01
-1.364872603648317195e-01
-1.242790194361429457e-01
-1.455363141248340320e-01
-1.299998153644694732e-01
-1.283956711705882547e-01
-1.383419248576966964e-01
-1.111246631179740874e-01
-1.248148162066509137e-01
-1.474191484981415279e-01
-1.215982464099512050e-01
-1.459502057824710874e-01
-1.242945489138609361e-01
-1.489010000988923998e-01
-1.434445811541795734e-01
-1.387967715331175356e-01
-1.264798008843519561e-01
-1.301202272974504304e-01
-1.269372516876376977e-01
-1.279579672020085823e-01
-1.183617874218314547e-01
-1.258995736751260530e-01
-1.299143058935303685e-01
-1.401637974001115339e-01
-1.380429712638697737e-01
-1.380647439226780904e-01
-1.183420404043440399e-01
-1.388352471901526108e-01
-1.339384320845966592e-01
-1.221530398999028932e-01
-1.341834258940663993e-01
-1.380552501694611855e-01
-1.359548267276062816e-01
-1.268211982350497813e-01
-1.244801843657667995e-01
-1.203550013736465196e-01
-1.371009260367990201e-01
-1.346632254220989644e-01
-1.202338369945472607e-01
-1.250610674322012450e-01
-1.356514059465010469e-01
-1.375517842533908741e-01
-1.342783716036421993e-01
-1.359679286818638033e-01
-1.197747365201866643e-01
-1.311276822717193369e-01
-1.280411410980479836e-01
-1.327863336460186616e-01
-1.494927769806575490e-01
-1.395861373806885908e-01
-1.441356550737409314e-01
-1.348624729748637563e-01
-1.212549803978206775e-01
-1.272310393964466435e-01
-1.322930392324543902e-01
-1.392417660354592357e-01
-1.335669325476884772e-01
-1.252610432803411555e-01
-1.325251949778554206e-01
-1.203407369252134096e-01
-1.352711711175120790e-01
-1.307657301810132289e-01
-1.334044224225858777e-01
-1.399667944551219456e-01
-1.388507268002499018e-01
-1.421221495583346872e-01
-1.394607226598330030e-01
-1.378171806082861828e-01
-1.378373424670944480e-01
-1.326014786044047433e-01
-1.256096170915417254e-01
-1.300442222953797078e-01
-1.376059064374697272e-01
-1.308085661649998066e-01
-1.253440426695537901e-01
-1.335691809342307579e-01
-1.444467328659906347e-01
-1.362170792061649927e-01
-1.393182565792661087e-01
-1.403871247468653216e-01
-1.324205669918367967e-01
-1.256428370689910423e-01
-1.376194729077551138e-01
-1.363620057730630108e-01
-1.356355855445694480e-01
-1.401980668221312065e-01
-1.386150762974307504e-01
-1.441972544139262791e-01
-1.502354483200818436e-01
-1.446414068765053962e-01
-1.285017510743142743e-01
-1.269338316183463711e-01
-1.364026572919803115e-01
-1.236871690103265031e-01
-1.228863435366704948e-01
-1.352324387358061486e-01
-1.316114335218370179e-01
-1.213467267643613123e-01
-1.320087778762009112e-01
-1.247020429728904478e-01
-1.170075390188760611e-01
-1.295607703740211392e-01
-1.315993325967854677e-01
-1.354350745567574066e-01
-1.350378334786095369e-01
-1.323874802379390037e-01
-1.379561766391841360e-01
-1.179515881481212336e-01
-1.223909684449639990e-01
-1.487960829159706844e-01
-1.386079395464756558e-01
-1.437855006547428260e-01
-1.439751893355398771e-01
-1.244164486209582421e-01
-1.265257696715078595e-01
-1.347553072339913172e-01
-1.407772169622232283e-01
-1.297028646251483508e-01
-1.363344132963515420e-01
-1.206526290876555052e-01
-1.370211079765408790e-01
-1.513888102245979361e-01
-1.469826197229964215e-01
-1.408988349652071648e-01
-1.322612413422028510e-01
-1.232662385048568510e-01
-1.360821597449799469e-01
-1.375343723887305636e-01
-1.288085212664960011e-01
-1.273849703610920869e-01
-1.345002621045576774e-01
-1.450192970303203488e-01
-1.195514695923138859e-01
-1.163908419380903503e-01
-1.251380204873377977e-01
-1.377899580783128464e-01
-1.437613831282646970e-01
-1.269442252040340335e-01
-1.261778657346952492e-01
-1.289256439839552293e-01
-1.342057239600960017e-01
-1.093983275478720429e-01
-1.281008693532754705e-01
-1.316480146068959023e-01
-1.354997609267960534e-01
-1.215091239439853865e-01
-1.389743979833082399e-01
-1.405158308847487270e-01
-1.448771725268511723e-01
-1.467282471638888808e-01
-1.428257879251364493e-01
-1.484480227632136717e-01
-1.264827537942938562e-01
-1.505207604377689634e-01
-1.406956082621615423e-01
-1.331381400899460665e-01
-1.467003691518802277e-01
-1.270135032953954024e-01
-1.250557316568658983e-01
-1.286380290553008621e-01
-1.379413953966297512e-01
-1.523156091801696199e-01
-1.490009837501005130e-01
-1.355741862379318263e-01
-1.226912050215687167e-01
-1.382581163381648715e-01
-1.230853518688901360e-01
-1.348183659788615429e-01
-1.201623645893552528e-01
-1.163219297751987291e-01
-1.457871773367847013e-01
-1.137135747441004874e-01
-1.300541398524237557e-01
-1.259247379208114914e-01
-1.214628057069448985e-01
-1.274052213010263834e-01
-1.221984626605538971e-01
-1.229527687088007859e-01
-1.298699041559383538e-01
-1.251512384717403670e-01
-1.233698819121671342e-01
-1.284674497524340708e-01
-1.292120554851092784e-01
-1.205045747710773441e-01
-1.341878910990867979e-01
-1.191643850860404363e-01
-1.443273615724889325e-01
-1.287963094647222029e-01
-1.314125020462562077e-01
-1.315904060340562509e-01
-1.257104580659103021e-01
-1.254708412267522277e-01
-1.330046340585036013e-01
-1.226622628548956762e-01
-1.102093266365367086e-01
-1.218442543433901903e-01
-1.050455685469993128e-01
-1.161443971101965289e-01
-1.374144513878658991e-01
-1.365062822589697689e-01
-1.344279328127404582e-01
-1.132646303027833312e-01
-1.319004294415178080e-01
-1.233916651617019689e-01
-1.267395316117383430e-01
-1.411151851822944892e-01
-1.323706059750957564e-01
-1.252809187668786350e-01
-1.162381311162028474e-01
-1.365071226545127026e-01
-1.156891912026476454e-01
-1.160165094796212770e-01
-1.381331243717176527e-01
-1.209167409535862880e-01
-1.271447948888546620e-01
-1.330556564301144107e-01
-1.324283367183962667e-01
-1.310532101509274128e-01
-1.280950743824429416e-01
-1.337643399611732065e-01
-1.237322914927800888e-01
-1.289564793085884453e-01
-1.239857869548965930e-01
-1.240398941645111108e-01
-1.359767422468363129e-01
-1.256266791390339144e-01
-1.152450931157469327e-01
-1.248545533175149380e-01
-1.430091094662113704e-01
-1.394757917178552908e-01
-1.234962166743001077e-01
-1.319427765049425716e-01
-1.366790572060061493e-01
-1.176447965179971966e-01
-1.237066160358857303e-01
-1.305442695461089819e-01
-1.156746444563698795e-01
-1.394741077710692778e-01
-1.276538466058423360e-01
-1.367419555819968657e-01
-1.500856493141298209e-01
-1.420341657929484747e-01
-1.328893326317781565e-01
-1.310374553362372296e-01
-1.321298842372047311e-01
-1.355875683378982011e-01
-1.223312947684687124e-01
-1.360393082072213211e-01
-1.254881639104539204e-01
-1.439538051982798272e-01
-1.195687144800543500e-01
-1.262483392990390030e-01
-1.378713078318836160e-01
-1.360450476485728366e-01
-1.239339152990734938e-01
-1.330184915432464088e-01
-1.256965834273815474e-01
-1.428901496899119827e-01
-1.378024911639013084e-01
-1.209300884182531455e-01
-1.320062068048177828e-01
-1.423462982163363755e-01
-1.244480897945710041e-01
-1.297724113321803152e-01
-1.230562679280984284e-01
-1.394162271071919257e-01
-1.406555350925664527e-01
-1.417376890014674373e-01
-1.415902984293588851e-01
-1.224777960354850315e-01
-1.130329760664836591e-01
-1.265344525403757636e-01
-1.334739798403430378e-01
-1.373379790539512868e-01
-1.212144017560730092e-01
-1.230401627718853419e-01
-1.328063247260766744e-01
-1.278143145071766185e-01
-1.450861422841551729e-01
-1.208813649491657927e-01
-1.224146054136521222e-01
-1.286892231314267221e-01
-1.282749657120230147e-01
-1.345622509380799414e-01
-1.498404586309955988e-01
-1.397870476558882302e-01
-1.341931947198164998e-01
-1.158106080423979556e-01
-1.182598200773350428e-01
-1.339296378345449234e-01
-1.406961159641988424e-01
-1.371301930877630859e-01
-1.243508730619105052e-01
-1.420273823923330347e-01
-1.273275499042694214e-01
-1.444600817018892869e-01
-1.201625057289432696e-01
-1.099096033575808207e-01
-1.268812705762649706e-01
-1.493348309684341402e-01
-1.280057226710735740e-01
-1.540191698653501362e-01
-1.349455549280591526e-01
-1.466880381848660875e-01
-1.332054594762199784e-01
-1.256557575045347264e-01
-1.399171041106606062e-01
-1.387418993286084756e-01
-1.383906535382841696e-01
-1.532125116898050976e-01
-1.294955831349762221e-01
-1.309016605147226286e-01
-1.242192742137082639e-01
-1.141617543742117213e-01
-1.206747022376064571e-01
-1.339886735252524552e-01
-1.297202898245042313e-01
-1.402962273002437144e-01
-1.211861838330992036e-01
-1.311542478561209535e-01
-1.328550223235289707e-01
-1.344117156358066723e-01
-1.385357058225369364e-01
-1.403085427799246609e-01
-1.379093448497488161e-01
-1.287639299566705198e-01
-1.364548034153982847e-01
-1.184135463968551960e-01
-1.265032425915828540e-01
-1.248846118671420591e-01
-1.098257137263676242e-01
-1.283044398721520096e-01
-1.153126542694100642e-01
-1.247508589118955236e-01
-1.343370084806370102e-01
-1.412096864527194739e-01
-1.288983554840137380e-01
-1.222652800858421429e-01
-1.260949805587010530e-01
-1.380046274216111257e-01
-1.299499018113010607e-01
-1.315712835141136239e-01
-1.392848414341631980e-01
-1.350741643306716533e-01
-1.270353088565512323e-01
-1.449096712290334210e-01
-1.215784311667675865e-01
-1.350933806407419446e-01
-1.250921409995711109e-01
-1.303743237559680246e-01
-1.379129812282955392e-01
-1.244430286494062621e-01
-1.265288171575393861e-01
-1.262928138963332891e-01
-1.337075115107970724e-01
-1.377950763059567763e-01
-1.246737112340952081e-01
-1.341064903232473959e-01
-1.342373061797497158e-01
-1.328314967825394710e-01
-1.254762656610082239e-01
-1.337766768494463854e-01
-1.409739051115623809e-01
-1.278325246837352935e-01
-1.241803029002785941e-01
-1.263439500382190772e-01
-1.244774455930808266e-01
-1.416965459159120755e-01
-1.315876151897303892e-01
-1.375092303751337397e-01
-1.337196178354869147e-01
-1.349795689857975489e-01
-1.398888578520063319e-01
-1.367774370979613074e-01
-1.387075296659507906e-01
-1.404534915095250192e-01
-1.241395710633486082e-01
-1.429310536370649309e-01
-1.170856150451351496e-01
-1.329427162211054281e-01
-1.187040432823072145e-01
-1.204997965373832969e-01
-1.204557950597009430e-01
-1.148379597272608521e-01
-1.185228389959056550e-01
-1.261212999792142853e-01
-1.268362747965960935e-01
-1.327249044253986376e-01
-1.378133008747912669e-01
-1.257634389606501202e-01
-1.232720811268919192e-01
-1.348863861977460665e-01
-1.389081925048123445e-01
-1.209660427149610307e-01
-1.143391242973610389e-01
-1.255909389760638817e-01
-1.217557807982108109e-01
-1.193233138401912363e-01
-1.217567739286273820e-01
-9.642247171148943252e-02
-1.260563074224476665e-01
-1.258246787812296041e-01
-1.206849071599416234e-01
-1.355271433081859378e-01
-1.414294039147696580e-01
-1.128248501600936926e-01
-1.376751255718846600e-01
-1.294151846661941718e-01
-1.178727577752440858e-01
-1.184754256156228536e-01
-1.063948803454550784e-01
-1.148788839695376041e-01
-1.270882016708450024e-01
-1.215774487061240805e-01
-1.464269617010769409e-01
-1.264784878384075384e-01
-1.329344119378186306e-01
-1.190597513264686214e-01
-1.311534918510584014e-01
-1.251195550098254117e-01
-1.279742101448628766e-01
-1.344705796780116813e-01
-1.179819667613180023e-01
-1.322200717424011351e-01
-1.064229334100637026e-01
-1.107157702036767333e-01
-1.300549570461275728e-01
-1.050146294681311154e-01
-1.231476851586683630e-01
-1.319905628005137999e-01
-1.267365281068686400e-01
-1.307432795181253660e-01
-1.309915838539574828e-01
-1.263287818507192739e-01
-1.282463829188866811e-01
-1.384930413950775652e-01
-1.238323702964332362e-01
-1.318846013527488203e-01
-1.374753332802574057e-01
-1.375102848109106546e-01
-1.379515280693275336e-01
-1.344282358234192287e-01
-1.400824093830062012e-01
-1.343211877605234861e-01
-1.241273021118622921e-01
-1.355355251158809615e-01
-1.186075849687457939e-01
-1.117945852744415269e-01
-1.362547577926682685e-01
-1.331199174981358979e-01
-1.242814401707619254e-01
-1.369862370097627569e-01
-1.166781428241976393e-01
-1.337670662291872148e-01
-1.301242147040655439e-01
-1.296045128259681878e-01
-1.245842050225014486e-01
-1.349856014546377825e-01
-1.364706434491376186e-01
-1.333129950374540851e-01
-1.297496761953254030e-01
-1.216218326491320667e-01
-1.290810277122893535e-01
-1.317264127480166636e-01
-1.129798406788100618e-01
-1.258986554406484881e-01
-1.269758888872389857e-01
-1.248955821310133718e-01
-1.185429347064472783e-01
-1.192224625909206193e-01
-1.314467283254194818e-01
-1.302373185181227022e-01
-1.425265760719018893e-01
-1.350680712474727763e-01
-1.261764700026064556e-01
-1.210383001091126509e-01
-1.489990795733784346e-01
-1.299824385994625686e-01
-1.233691054331063075e-01
-1.237231854434990286e-01
-1.207742163811085234e-01
-1.193932395697738791e-01
-1.257035503070824678e-01
-1.218065265088372762e-01
-1.155433923614952452e-01
-1.204156160173823764e-01
-1.285658181879234530e-01
-1.437857161352820157e-01
-1.443923527175179355e-01
-1.377518620599929022e-01
-1.264917755607219974e-01
-1.264705673676544961e-01
-1.386139648348998499e-01
-1.385546895666025513e-01
-1.230293137911147028e-01
-1.298725587687714622e-01
-1.375639031432496218e-01
-1.355679064048618265e-01
-1.194780007982343406e-01
-1.245687158824799745e-01
-1.147973461095763703e-01
-1.398009389823346993e-01
-1.212606861451548390e-01
-1.272563760404468169e-01
-1.332995467258295541e-01
-1.354965036012383273e-01
-1.331203799154776490e-01
-1.361143125676136378e-01
-1.374168076642994230e-01
-1.178168705939324212e-01
-1.343908158604394387e-01
-1.290263610493140867e-01
-1.292037591869883428e-01
-1.347012775457523404e-01
-1.225324550150759251e-01
-1.309210064675179197e-01
-1.323829690853526309e-01
-1.247143371596091121e-01
-1.345363263530976461e-01
-1.286769599401096364e-01
-1.294004680844644817e-01
-1.338407890376323017e-01
-1.177121011710511311e-01
-1.196614389370189713e-01
-1.336685085433302334e-01
-1.319040127410469054e-01
-1.404879030152694774e-01
-1.199182285161879413e-01
-1.289489125579454942e-01
-1.381671386155591819e-01
-1.322644944913005105e-01
-1.153897934591978647e-01
-1.239391775096598813e-01
-1.098976119362595760e-01
-1.263690370253498507e-01
-1.115352540023759609e-01
-1.252238683781023987e-01
-1.264916482905831252e-01
-1.402467957145536737e-01
-1.215737269749701532e-01
-1.244114517509968820e-01
-1.435928729881945642e-01
-1.447171092500429967e-01
-1.260449066510274108e-01
-1.284162704748537109e-01
-1.294076700433481886e-01
-1.393614618443046460e-01
-1.440580390873638095e-01
-1.230176996124443534e-01
-1.321933339688463604e-01
-1.349121877729473340e-01
-1.386020541018953001e-01
-1.383515219259834339e-01
-1.141965611583362072e-01
-1.201577944507130624e-01
-1.280997771571663613e-01
-1.272162282005941947e-01
-1.377824595425978238e-01
-1.372714689862488679e-01
-1.260962723985126210e-01
-1.310961372330023966e-01
-1.376635482101522534e-01
-1.286368590329445283e-01
-1.389631255830598988e-01
-1.175815250747425100e-01
-1.213053500057275080e-01
-1.196725321650662366e-01
-1.328335784062486535e-01
-1.368180971604771035e-01
-1.400951909777883309e-01
-1.226841753675920188e-01
-1.246857316961771378e-01
-1.233514304308467313e-01
-1.326118259674577970e-01
-1.247034446396269036e-01
-1.347600930184120749e-01
-1.222751928780689834e-01
-1.441601790602795585e-01
-1.303297824150597695e-01
-1.166559410767245009e-01
