-8.342088286090321159e-01
-1.756756324090730903e+00
-1.854743583105647797e+00
-1.987442328738222574e+00
-1.788400399008633901e+00
-1.606857656298733561e+00
-1.416669187468094115e+00
-1.139828570997653889e+00
-1.041652996869955272e+00
-5.927788796260442528e-01
-4.707185433696615129e-01
-2.654782364454190136e-01
-6.404293072550255594e-01
-2.743188075771125223e-01
-2.468397428160419294e-01
1.096146114689467155e-01
-4.948709052980992951e-02
4.546877535009956339e-02
3.037705987457408052e-01
2.565019974034762340e-01
2.400910138917894121e-01
5.445351265476598979e-01
4.120253102525212596e-01
2.742678645934867876e-01
5.541324555261486484e-01
4.959642227802376624e-01
5.071120870810532644e-01
6.426577969047555516e-01
8.145568768687765360e-01
8.020505753410070993e-01
1.100788355734243051e+00
1.056157111995065456e+00
7.388994782767853708e-01
6.121404147769818893e-01
6.787609770397939890e-01
8.059066293130990877e-01
1.036451685879318241e+00
1.205462362828774614e+00
1.422291198400279066e+00
1.669506839251168051e+00
1.675005644153048090e+00
1.824749144979639803e+00
1.657246675725461360e+00
1.433030311982274041e+00
1.319187548411510313e+00
1.381136392295918336e+00
1.683784516764571304e+00
1.798625541376631665e+00
2.007933206186776509e+00
2.128170142993095038e+00
2.134737259401476184e+00
1.909357929800904685e+00
1.639712279224463165e+00
1.313968446716111238e+00
1.207571977525447871e+00
1.075974112296623098e+00
1.004326593664164768e+00
1.094241372514227040e+00
1.111625165586315855e+00
9.538722640427736987e-01
7.003818162460331287e-01
6.801011797260269054e-01
7.774496882608037396e-01
7.380383440349724822e-01
7.538299550222766765e-01
9.427125282936922313e-01
9.870664091983333277e-01
1.273804338591191243e+00
1.285271191873706087e+00
1.443257885138274244e+00
1.518323582432330454e+00
1.375323568157044152e+00
1.481029557800330743e+00
1.404817655616509731e+00
1.506082778657083621e+00
1.693618330771924585e+00
2.048130478635475260e+00
2.277545653640692613e+00
2.183129456401506907e+00
2.219768745702225488e+00
1.960877833142940174e+00
1.649142857055163169e+00
1.358926718104741305e+00
1.324085892818564369e+00
1.305991994725556493e+00
1.243890346289045157e+00
1.172976095967942056e+00
1.281864908094873856e+00
1.349839029098796495e+00
1.414514692424334363e+00
1.556087250829925051e+00
1.555571635144238352e+00
1.925846919416033698e+00
1.751431531444383571e+00
1.638673142487897527e+00
1.731410943074938480e+00
1.807195135074491477e+00
1.723978978231156534e+00
1.919333173318898078e+00
2.078579475784695596e+00
2.228759727285514636e+00
2.145553198941406059e+00
2.116166217427362994e+00
2.021167776838618479e+00
1.826633465559286851e+00
1.641663301098469141e+00
1.763887820510913196e+00
1.523212958461174882e+00
1.439131235564093725e+00
1.484173893663271127e+00
1.418609023707414263e+00
1.539320235975830675e+00
1.468435081771221729e+00
1.532966499177482955e+00
1.641573198099185893e+00
1.509005094742990272e+00
1.620336174938915574e+00
1.792278734698248277e+00
1.741489124015855650e+00
1.649826989032720626e+00
1.594445066232190955e+00
1.732652935365104119e+00
1.859562865584112767e+00
1.987699636511346624e+00
2.057586030547178702e+00
1.939034892590284054e+00
2.206050686646414238e+00
2.323612063308167386e+00
2.307969143184895877e+00
2.523379456654790243e+00
2.607946081149923767e+00
2.550991812686945082e+00
2.549652595516641362e+00
2.636428355350838082e+00
2.693786369761093091e+00
2.518187215976703808e+00
2.678208207939430707e+00
2.551931138190524528e+00
2.484422237071291839e+00
2.769782478275583770e+00
2.793008180648204775e+00
2.736839679546721360e+00
2.751829390252596319e+00
2.680330262148006959e+00
2.633722459600448040e+00
2.637661781756526214e+00
2.677100244275527174e+00
2.641282573765951991e+00
2.473076631400124903e+00
2.530564164453421139e+00
2.434842503612788089e+00
2.460334179122417808e+00
2.595357256928778611e+00
2.607686384471799901e+00
2.543210362753447029e+00
2.589158911891148218e+00
2.589032010572791975e+00
2.433578884096169404e+00
2.486792489926198613e+00
2.386419383601567912e+00
2.440431398357551629e+00
2.213743468903496936e+00
2.309188946817480659e+00
2.164487502669649288e+00
2.098250638028427151e+00
1.907238772782725356e+00
1.588948934339379671e+00
1.911925820111943786e+00
2.022298269626876976e+00
2.019366965381559353e+00
1.989208524229257202e+00
2.167693242416744326e+00
2.132730960323169445e+00
2.277771523621092697e+00
2.306139670376714523e+00
2.291054770912791749e+00
2.381955022508506659e+00
2.334363975317204964e+00
2.283652490043726502e+00
2.112813058850218972e+00
2.090698414125235161e+00
2.184761412520073165e+00
2.158566632953204056e+00
2.296728477878263064e+00
2.094611041157535603e+00
2.432530987965064728e+00
2.324239952902553252e+00
2.400456881136802334e+00
2.300913995856230798e+00
2.359067135162209450e+00
2.305190338962061158e+00
2.387781794142243896e+00
2.026431292675437312e+00
1.934973725956671275e+00
1.913950297862357264e+00
1.724593154446197651e+00
1.738869506895479145e+00
1.640289261217191985e+00
1.547342997133854370e+00
1.629471468827481173e+00
1.678102739396003518e+00
1.659948100569669238e+00
1.879174572511893349e+00
2.102847680315357515e+00
2.172472180217116744e+00
2.196237232476525136e+00
2.428748548257384954e+00
2.305850438673129332e+00
2.261656018563213966e+00
2.175475577183388243e+00
2.033206441226399264e+00
2.143815528246440838e+00
2.297778300214020408e+00
2.510310848258912486e+00
2.527804300258451597e+00
2.706569705293117245e+00
2.711662459975308970e+00
2.527257502828983426e+00
2.406143391422272071e+00
2.327044472493124516e+00
2.342696410100651327e+00
2.438292219061146682e+00
2.644917836178354076e+00
2.553564831354992126e+00
2.607383388481261832e+00
2.616360916539366865e+00
2.584143511355678324e+00
2.748358982324722533e+00
2.655652441894771343e+00
2.636166576367004577e+00
2.448753431990741802e+00
2.365882402702238707e+00
2.453678189106377250e+00
2.536326677969564347e+00
2.464301782111294692e+00
2.314730657286707238e+00
2.186516285378397484e+00
2.207245848953343526e+00
2.277237306071028478e+00
2.452687514259852097e+00
2.635305076377234101e+00
2.509661678036958943e+00
2.472317280365390335e+00
2.615711038439786140e+00
2.411845793184386633e+00
2.559179225519415013e+00
2.685759880151222134e+00
2.653602626066436265e+00
2.405578908161306817e+00
2.378522526749122790e+00
2.495456480734071114e+00
2.743348350300391925e+00
2.660710509031212201e+00
2.648406092337563855e+00
2.533197211255566739e+00
2.518321762793263474e+00
2.398356781711495689e+00
2.411574597765876682e+00
2.363763531914086613e+00
2.544460212759894091e+00
2.534294329587507111e+00
2.726074390648220991e+00
2.525201839267715354e+00
2.371392033401827248e+00
2.347078318788342166e+00
2.274293846788880025e+00
2.299644918336523958e+00
2.423493418175238556e+00
2.199588836525888880e+00
1.873067285411599947e+00
1.856029432187382477e+00
1.816627681310850617e+00
1.776501716365441741e+00
1.765930627293971433e+00
2.021409715868201395e+00
2.168625585638991549e+00
2.069388470717989037e+00
1.730859887088815885e+00
1.584794455666039825e+00
1.807267010869654911e+00
1.913872423556093771e+00
1.898199697413714970e+00
2.034828770209580640e+00
2.170626915912597266e+00
2.063262843936113367e+00
1.987944037521186980e+00
1.859303839707683759e+00
1.952166993320964661e+00
1.766086126489437858e+00
2.029441816814040678e+00
2.100676486889004213e+00
1.946831343626364230e+00
1.833637761529660848e+00
1.589824921643150590e+00
1.422889110590740636e+00
1.395933465276233187e+00
1.371793640116538704e+00
1.230209810466918352e+00
1.288647748380697289e+00
1.392693521979350813e+00
1.213581369948647293e+00
1.204795213399690423e+00
1.132619457280989117e+00
1.202611913802833499e+00
1.247661562249612777e+00
1.261493027505553810e+00
1.283091701731278844e+00
1.220171415663837244e+00
1.049374274392598672e+00
1.182219644445642537e+00
1.250526196733783069e+00
1.366731050080486121e+00
1.433017642556757787e+00
1.401086178220573242e+00
1.496496005857020695e+00
1.377320911458786989e+00
1.397680000795591404e+00
1.514261025658176330e+00
1.510483679136050084e+00
1.696052863162003099e+00
1.621887060115194679e+00
1.589053427086202674e+00
1.404731723712857150e+00
1.264830239927085875e+00
1.476356939307524208e+00
1.513544754375723000e+00
1.329487870615013945e+00
1.591198690289723494e+00
1.448806142784918816e+00
1.624523122739953696e+00
1.564226201374142144e+00
1.581372830132627305e+00
1.521635793682646343e+00
1.589643761307970360e+00
1.479811202535228798e+00
1.190965419167503647e+00
1.337247592058792511e+00
1.193956241911215521e+00
1.233072283178557660e+00
1.182972868340570471e+00
1.180907499005931394e+00
1.066274521355452531e+00
1.123570301273569605e+00
9.898432249775928060e-01
1.026298425355971045e+00
8.988356068098597440e-01
7.564740006405165085e-01
8.003228682137184524e-01
7.917052191096726199e-01
7.772316520163842224e-01
7.597500785258283207e-01
8.580257178710035681e-01
8.110955977992277965e-01
9.151343609491450204e-01
8.582938903880749093e-01
7.774926850243498722e-01
8.668051397206957276e-01
8.566011156648198899e-01
7.379049020007129034e-01
6.628494933634050401e-01
5.790844729466111396e-01
6.138538125245028843e-01
6.299428517964832386e-01
5.818046600651415323e-01
4.689933806404162908e-01
5.108119398736677974e-01
5.774163780180018302e-01
5.778435657248789381e-01
6.503378606753931201e-01
6.159769265321707321e-01
6.136949852135304972e-01
7.831184958738943713e-01
8.118441602677075597e-01
1.028226920080480999e+00
1.122223853170085883e+00
1.182552051584053299e+00
1.081814016004387424e+00
9.715254837955092926e-01
1.012411226034211742e+00
1.010967242880174144e+00
9.332474447690471964e-01
8.870569557492805624e-01
9.796322146408849019e-01
9.974423349402121719e-01
9.197036229487317582e-01
8.853397448354910493e-01
9.271989032862332225e-01
9.135711951609706283e-01
8.762239308208714661e-01
8.107998700868132014e-01
7.972217894790500914e-01
8.065658724359869858e-01
7.716169816337513643e-01
8.807772433065871320e-01
7.649756724790274243e-01
6.648101851225876047e-01
6.178202511728350110e-01
6.609440751600980102e-01
7.269524165711561681e-01
7.352451377620237150e-01
7.359965474253180595e-01
9.245172936920543760e-01
1.012780800802259629e+00
8.459710053763040971e-01
8.779172069717018356e-01
8.059829236571136590e-01
8.605144980046333103e-01
8.630128335768243453e-01
8.838640837702408382e-01
7.545908340703874062e-01
8.469985654395947305e-01
6.603976629409333832e-01
8.137178072685882224e-01
8.522953178572206800e-01
7.902484532529866490e-01
6.430752150352758711e-01
5.835761353231394555e-01
7.211798071826619472e-01
6.638780057475738294e-01
5.964841176983628479e-01
6.471594724853111380e-01
4.943484589367097559e-01
3.973264857782666248e-01
3.223981779475106890e-01
2.041854837421021307e-01
1.594548737888732692e-01
1.910445798399020845e-01
1.497568447435140560e-01
7.224168327112222288e-02
1.732274408718373071e-01
2.664537547878632062e-01
4.006680561168919352e-01
4.033768862130790445e-01
4.453567376430843106e-01
4.630040185862516200e-01
4.844841247101759341e-01
5.458795524109681940e-01
6.521331362774153151e-01
7.446727187586263952e-01
7.182563701893811547e-01
8.242200724241300902e-01
9.819199504126212563e-01
9.576561800130830582e-01
9.804721669240509252e-01
9.725620532353447256e-01
8.820737265406070060e-01
9.191482229011348482e-01
1.000294058486158821e+00
8.945635159737252984e-01
8.901976450602151480e-01
9.697546342540346309e-01
9.764345499377302673e-01
9.404491203316101000e-01
8.311934240416712916e-01
8.246350833065059227e-01
9.226793617333038933e-01
8.685877762533489310e-01
8.850481237197149742e-01
7.805811197350190911e-01
1.014682358799439355e+00
1.080281403944749918e+00
1.163238109842070100e+00
1.158840646528940033e+00
1.243739744991347873e+00
1.186349232813303178e+00
1.214396408199511779e+00
1.202411139871700119e+00
1.116283954109558607e+00
1.057631619157956004e+00
1.053516243990860524e+00
1.099039789846258941e+00
1.043747739243575445e+00
1.055137416274216866e+00
9.435867021089321405e-01
1.121757910522439117e+00
1.063662862334583847e+00
1.114910228338197529e+00
1.092065492197707099e+00
1.140189473834088973e+00
1.283486554853672024e+00
1.306806758983130257e+00
1.340275922020953914e+00
1.215127349942855650e+00
1.215453096412313805e+00
1.163240693061314612e+00
1.336535788893672860e+00
1.353038823736038676e+00
1.371787818619923494e+00
1.419570268293496307e+00
1.499475229504945606e+00
1.368218580849791088e+00
1.345568032124007773e+00
1.383191103282312096e+00
1.365686857714774272e+00
1.263679790041140949e+00
1.257666497634890579e+00
1.231388297991325986e+00
1.291463596727189467e+00
1.327368483747596750e+00
1.283061625935636441e+00
1.295497619881126328e+00
1.348282129545713026e+00
1.525841968168709872e+00
1.519387271713527943e+00
1.417528263369290276e+00
1.464021895538778706e+00
1.427907116472630245e+00
1.594682969618278712e+00
1.477421594641953106e+00
1.469824215208528351e+00
1.562702049998741405e+00
1.497998075132900064e+00
1.395821315391754913e+00
1.260836071445536222e+00
1.278444871463652266e+00
1.287189858404683029e+00
1.326100752335835908e+00
1.301203348141586114e+00
1.339800687615514851e+00
1.436410160996185237e+00
1.363564970581893743e+00
1.509651125939417415e+00
1.476503108125408303e+00
1.401868801039874324e+00
1.513852833688052124e+00
1.588188507758265811e+00
1.526446331173110682e+00
1.500895563587923087e+00
1.510598437785646952e+00
1.552039562195060007e+00
1.482815925979212857e+00
1.471399588972001293e+00
1.499617425781845093e+00
1.499830695145240034e+00
1.512773693229934269e+00
1.482899669117517805e+00
1.450970570696782591e+00
1.419068494931819080e+00
1.380652774584464559e+00
1.365709698089266455e+00
1.310997097024174440e+00
1.319236528450952628e+00
1.320671365465603264e+00
1.258003775917237554e+00
1.215462254302473788e+00
1.384698316449257449e+00
1.188438617494302019e+00
1.169866659709018597e+00
1.036676694866017989e+00
1.082673553790470145e+00
1.130215627446816473e+00
1.110529593709910445e+00
1.117661999977360487e+00
1.020475305805057076e+00
1.094077446393917796e+00
1.170171407862485635e+00
1.106767953491378798e+00
1.064225780770825525e+00
1.058798223340393863e+00
1.145947787064019563e+00
1.146165662627300907e+00
1.131490541258331373e+00
1.056070170792452689e+00
1.052599312690554179e+00
1.023276136527861535e+00
9.653695400636436164e-01
8.408640008532609622e-01
7.779276675553776776e-01
7.924827735481082547e-01
8.355955617050939699e-01
8.220470234088588235e-01
8.802587592273167783e-01
8.408811423994548839e-01
9.530926905156840157e-01
9.949818279675485266e-01
9.792111768792024495e-01
9.501043599635907722e-01
9.425120467847433181e-01
8.996657994062885466e-01
8.968388543699311599e-01
7.764705832792456741e-01
7.418291979280545734e-01
8.347785612635404418e-01
1.038723303957228561e+00
1.055137761690054132e+00
9.479589331655764450e-01
8.988600778957349657e-01
9.398706556321825278e-01
9.186083616071039071e-01
8.495924727456224401e-01
8.582426520863333241e-01
7.897192636001603150e-01
7.473905453654650088e-01
8.308731770471656786e-01
7.494176104946124184e-01
8.777574974855764101e-01
8.617319341076531414e-01
8.761028034536247899e-01
8.579398567346748772e-01
7.422184365336799150e-01
6.257569613127262897e-01
6.495049420484093616e-01
6.802221943728543607e-01
6.220166818865986436e-01
4.942640197562457871e-01
4.038191470114356751e-01
4.727410416976499663e-01
4.186067542697450850e-01
4.667715515309628360e-01
5.817091216627223726e-01
6.120262027845437824e-01
6.862196870001794347e-01
6.485489833249178382e-01
8.124091636264514360e-01
7.779447435222230922e-01
7.838734356374710277e-01
7.739634551886527269e-01
8.630303612252975265e-01
8.615507937013843209e-01
8.952693075623164853e-01
8.696171616667539572e-01
9.802029321353009639e-01
1.011225994489294511e+00
9.705569852117742480e-01
9.317256290770189464e-01
9.346285065937615100e-01
8.689403303764472453e-01
8.279226757252313718e-01
7.965430756405731394e-01
7.400152985836103703e-01
7.380107864861490397e-01
7.121465701075891941e-01
7.421424111551654379e-01
7.315477100173500835e-01
5.453807487780665264e-01
7.061944311376162631e-01
6.594004932794269580e-01
7.352133414484947060e-01
6.691195503291479385e-01
5.962128051899208137e-01
6.256318414156869512e-01
6.686679106395858607e-01
5.744718111931325089e-01
5.880046768306668170e-01
6.467846549466531592e-01
6.872492791475166563e-01
7.178287925589832419e-01
6.871751136453838615e-01
7.035846366577896971e-01
6.124263124861087926e-01
7.689757067163239812e-01
7.841268042912000746e-01
7.289647140607353748e-01
7.234576950826744346e-01
7.247856279791081713e-01
6.136043528141504888e-01
6.107076896061425231e-01
5.519415219157879360e-01
6.024837555291892022e-01
6.390503415780403040e-01
6.142213551117631232e-01
7.990653671536708247e-01
6.685329441360170488e-01
7.235224352640042822e-01
7.787692622971016387e-01
7.790575314810327390e-01
9.306858069598157313e-01
9.217408785167164886e-01
9.288157292553214095e-01
8.818952071934984538e-01
8.550656627259148879e-01
9.365415106535933676e-01
9.741121207358788281e-01
9.049896485787169986e-01
9.092972830707234388e-01
8.790753497294383489e-01
8.565807064454322717e-01
9.000841173231621806e-01
8.748898755993129717e-01
8.235938101359445707e-01
8.437295958565784737e-01
7.771412679981914984e-01
7.024995239875454489e-01
7.030788651179911142e-01
7.336943905513823028e-01
6.665165972336875022e-01
6.546740707575846585e-01
5.927075968032978759e-01
6.276178300047742242e-01
7.302259991613334611e-01
6.868842508987859086e-01
6.166569404823294409e-01
6.860824309128009668e-01
5.636398942869971229e-01
5.913100741234116331e-01
6.250879129227695508e-01
5.124554191868417874e-01
4.031920574227599308e-01
3.848706352397925912e-01
2.935902240970956756e-01
3.628493822463216834e-01
3.901000582651794057e-01
3.325285969324433544e-01
4.789860910874507716e-01
4.245681939418496920e-01
4.581479574358962026e-01
4.995154428564693161e-01
5.044995499208224654e-01
4.850037164218833352e-01
3.170592856717839303e-01
2.775046074345280944e-01
2.549625608434312185e-01
3.399652668966429703e-01
1.725629971518168881e-01
1.230787656857555146e-01
1.527794604582218552e-01
1.961346508167073899e-01
1.141748080745277616e-01
1.621213381176450641e-01
5.770680166386464582e-02
1.053789648052292915e-01
8.900757981576018496e-02
-6.748536835449522354e-03
7.191388535732499976e-02
8.178699437375126780e-02
1.385799865375677842e-01
8.371551449153315227e-02
1.798132445556748504e-01
2.224285284744135227e-01
1.618926100072299312e-01
1.404084998878573076e-01
1.699908607304164432e-01
1.506277345909945720e-01
9.632522270046112167e-02
1.623886797311985541e-01
1.708063953078204356e-01
2.514519721980024158e-01
2.385358301618955845e-01
1.873047227156940109e-01
1.538191091705976843e-01
1.617806227210910885e-01
6.598282222666745911e-02
5.549963133291960921e-02
9.143862412562527020e-02
3.176891138226782818e-01
3.346706557970201557e-01
2.896893931472087069e-01
3.074438279328728374e-01
2.629468275040511838e-01
2.415672761942893321e-01
2.697460973440767851e-01
3.442108622792561246e-01
3.546600967760444312e-01
3.055091760945222723e-01
3.314964921452567825e-01
3.099799556150047986e-01
2.577714168195109345e-01
2.678480453185803634e-01
3.263424399654598629e-01
4.026644859602426796e-01
3.350433425244526142e-01
3.395135172528169765e-01
4.408320005442171174e-01
4.136403811251534446e-01
4.704910598966484114e-01
3.523849477414672249e-01
2.849742666855702988e-01
3.324909555103330860e-01
3.489946660801301892e-01
4.218523924504077316e-01
4.386134651191200273e-01
3.323155541492512910e-01
3.595217332064049587e-01
3.173275849241667945e-01
2.573510834848433126e-01
1.654060027630303853e-01
2.067403479866821159e-01
2.251451276250704403e-01
2.119761812577528604e-01
1.121968409122931498e-01
4.420477899204135197e-02
9.990902428940179325e-02
1.552025489702825618e-02
6.839307275443154421e-02
9.209791075324550574e-03
1.279030960047380580e-02
5.920188411775623855e-03
-1.300381880331396948e-02
4.524555186165620663e-03
-4.929987364736941602e-02
-1.495194803223802958e-02
-1.311678217047971412e-02
-1.998673606088690463e-02
-1.065205282821957838e-02
1.272077151042190664e-02
6.426489015133045324e-02
8.917064815950734302e-02
2.814252563316570893e-02
-4.520020574898205717e-02
3.634943480406875593e-02
1.504403606352865998e-03
-6.215206919657870199e-02
-4.299511605064229580e-02
-9.710660454237017569e-02
-7.399082697744954751e-02
-5.910989434186167402e-02
-1.053620794406926880e-01
-3.365692187042433614e-02
-9.353686552258540926e-03
1.759648514405659503e-02
1.892363971192172895e-02
-3.707109814037448658e-02
-3.333008428417203600e-02
-1.278943205220095525e-01
-1.110705459196272560e-01
-1.049182104222719514e-01
-9.182057357495175542e-02
-9.207045258116756947e-02
-9.007126400026629898e-02
-7.712538790938648463e-03
-5.575106501440231510e-02
-8.676827603743653139e-02
-1.633404845240467654e-02
-1.348805415919959172e-01
-1.262852755385897863e-01
-1.773879257079470084e-01
-2.166433457088042525e-01
-2.424471557357280316e-01
-1.521350411661664959e-01
-5.478513067146766752e-02
-3.688671233105133423e-02
-6.285444700201339718e-02
-8.698443389008517213e-02
-9.866875196789098856e-02
-1.485963947211684788e-01
-2.123755986858633926e-01
-2.869207948438974309e-01
-2.815824847927178021e-01
-2.227075578010328794e-01
-1.778081084410543522e-01
-2.429343174099522218e-01
-3.703478338463518371e-01
-4.210327113018044187e-01
-3.042964224619083557e-01
-2.347368649119251360e-01
-2.900087941019763305e-01
-3.262213970771195570e-01
-4.113774868813408481e-01
-4.466600419203696215e-01
-4.087401595890305384e-01
-3.553974882803840329e-01
-3.930362437417806998e-01
-2.781358917685053389e-01
-2.805366452830168611e-01
-1.344139668156652534e-01
-2.269123613368204118e-01
-1.954204015214029977e-01
-2.070213374987743826e-01
-1.784207131965259430e-01
-2.678488796987128495e-01
-2.493270204715898331e-01
-2.973790248749903498e-01
-4.003613988883569785e-01
-2.763603961913875251e-01
-2.628036627738155051e-01
-2.528056550156508320e-01
-2.724127001516500335e-01
-3.573444476988670293e-01
-3.860665603828393744e-01
-3.780866821184805660e-01
-4.144688099715858054e-01
-3.699297068787043008e-01
-4.002569493859085004e-01
-4.605953883069180965e-01
-5.046096223543332648e-01
-4.888223765158363765e-01
-4.931820486145589988e-01
-5.310807876365694069e-01
-6.684384847199231761e-01
-6.554199472358592793e-01
-5.821043481054474222e-01
-5.672107437400628616e-01
-5.292562528174504788e-01
-5.903970785047705228e-01
-5.209770416814347715e-01
-4.618816696045328074e-01
-5.287722518443445097e-01
-6.169696647475838569e-01
-5.491630988489110132e-01
-6.054167535457397609e-01
-6.848576756669603194e-01
-6.955232492902394537e-01
-6.954810457376482402e-01
-7.458273244741244756e-01
-7.927328942765323738e-01
-7.434125578705601534e-01
-7.175922513954131610e-01
-6.835497574537812149e-01
-6.431971192733434428e-01
-6.572257000956840400e-01
-6.889238530101621238e-01
-7.716030642145624840e-01
-7.359564566567416977e-01
-7.335657653219909147e-01
-7.349492238075974182e-01
-5.991638749409889941e-01
-7.127918639549881696e-01
-6.702975665198207533e-01
-7.666408192973838132e-01
-7.456338794525443348e-01
-7.244685247351151380e-01
-7.885196535326277623e-01
-7.567187633816170322e-01
-7.352240859684087138e-01
-7.095328606542830041e-01
-6.968406129953110817e-01
-6.843082522047849725e-01
-7.575024496398845564e-01
-8.087079558232788123e-01
-8.232772809782633594e-01
-8.871851037570829268e-01
-9.342797404435635444e-01
-9.296348624976080721e-01
-9.686711121969735494e-01
-9.781349207741728558e-01
-9.833047214164343242e-01
-9.334165567179992795e-01
-8.507890799113175806e-01
-9.220618406106331211e-01
-8.542680019906210287e-01
-9.307471616859448460e-01
-8.666451675897915985e-01
-9.939503072783885118e-01
-8.442854877837516758e-01
-8.227979939943411702e-01
-8.270935797754321861e-01
-8.104639870153866887e-01
-7.633657322553150104e-01
-8.228364975274684578e-01
-8.035846010911374959e-01
-7.974705610347062601e-01
-8.022137659497420303e-01
-7.743504678617296744e-01
-8.144531550956705113e-01
-8.220729032296405503e-01
-8.020716931577758224e-01
-8.470570711019850263e-01
-8.784346897614542238e-01
-9.044477863638987758e-01
-8.692942272361841027e-01
-8.201779905113369962e-01
-7.621872246639671555e-01
-7.828016816642896503e-01
-7.629493451139321980e-01
-7.365480604491927430e-01
-6.817790323114490958e-01
-6.660281960683587243e-01
-6.370287354121971779e-01
-6.695809680189552804e-01
-5.152449965841279234e-01
-5.305569013550027746e-01
-4.792902823917180033e-01
-5.175139610658675560e-01
-5.353337006024205813e-01
-4.970563610077769479e-01
-5.293683578874051054e-01
-4.406704415042955181e-01
-4.061006425201622583e-01
-4.598839284687643580e-01
-4.121030779932834398e-01
-3.156745284794600370e-01
-3.161080005673003734e-01
-3.764700563002266742e-01
-3.801206484174495803e-01
-3.393329573858590020e-01
-3.061260665521310376e-01
-3.241020309298366930e-01
-4.269553017079695811e-01
-4.426740973463226259e-01
-4.537789122705914169e-01
-4.993130579178088890e-01
-5.324531827134479922e-01
-5.748226846882995567e-01
-5.181180044326687550e-01
-5.125579323379866326e-01
-4.983395679194104755e-01
-4.523560525151897882e-01
-4.439928161306973542e-01
-3.931548887974363748e-01
-4.816654065314340816e-01
-5.153801111839153570e-01
-4.946164755416254666e-01
-5.145502368340483246e-01
-5.798770228575715890e-01
-6.876431624574435020e-01
-7.540668157377129477e-01
-7.344893011177860975e-01
-6.538569223803446517e-01
-6.695963800087449957e-01
-6.331905815221725575e-01
-5.990174281026526826e-01
-6.316993187282808897e-01
-6.088299592944694805e-01
-6.261591520882199280e-01
-6.314186761670471659e-01
-6.485951557446063553e-01
-5.657314612544148691e-01
-6.181642424922109136e-01
-5.547676749573137167e-01
-6.126968835384418721e-01
-6.062715823510530511e-01
-5.593609814415422266e-01
-5.460243993584993349e-01
-5.096552268547256404e-01
-5.379261483182044001e-01
-6.245027073952357233e-01
-6.376774826283804209e-01
-6.794066353653125390e-01
-6.411676837680939656e-01
-6.059210105208261421e-01
-6.883697780938593525e-01
-7.168579740507051712e-01
-7.117244788730192617e-01
-6.586117450984669830e-01
-6.658800653243271972e-01
-6.632137354571316923e-01
-6.810686611917139421e-01
-6.520632871244307349e-01
-6.870920497653314474e-01
-6.719752450504096197e-01
-7.194191856700241638e-01
-8.224685641739946096e-01
-7.708866262582575457e-01
-6.614004107480183636e-01
-7.253433327707637934e-01
-7.832225562915171579e-01
-6.929617771439624541e-01
-7.185509233206803792e-01
-7.370258788943727657e-01
-8.149462012213126716e-01
-8.406142706480027593e-01
-9.123794516551662070e-01
-8.940964915862262830e-01
-8.932396895291456751e-01
-9.266351876562038958e-01
-9.967161262159847102e-01
-9.384709885615437619e-01
-8.144676170871215648e-01
-8.266457220315515109e-01
-8.451255181585584086e-01
-8.689260769176644361e-01
-9.129455359194431630e-01
-9.071074360568943673e-01
-8.996539092345313682e-01
-8.561368989047239975e-01
-7.846641905718158005e-01
-8.083821891102610513e-01
-8.526215219812398605e-01
-8.902520909944074967e-01
-7.875319758133848547e-01
-8.987722259145071169e-01
-9.149980769143293280e-01
-9.655392796623137874e-01
-9.606350563992340774e-01
-9.317362979959319391e-01
-8.788744890677201438e-01
-8.972323002300695016e-01
-9.513927170879559192e-01
-9.923623465060009696e-01
-9.918992009503584395e-01
-1.038365024692891270e+00
-1.137647214805099338e+00
-1.140745898157685234e+00
-1.092663059464031194e+00
-1.114690821080432936e+00
-1.061813376412266585e+00
-1.174888451116836263e+00
-1.147597836375095826e+00
-1.156733977206117148e+00
-1.250835214442498788e+00
-1.206916117188464144e+00
-1.218539106363117464e+00
-1.176859095566766600e+00
-1.136088828235245041e+00
-1.179032235950126184e+00
-1.228207296509286728e+00
-1.267968033786621485e+00
-1.302420459045278367e+00
-1.230670746498592649e+00
-1.273350705294158836e+00
-1.302055067212697370e+00
-1.320084500775888570e+00
-1.376018811846484446e+00
-1.404963004679429694e+00
-1.411474266482895645e+00
-1.487147380864113577e+00
-1.428924213611437066e+00
-1.437057466635192071e+00
-1.509481277140618527e+00
-1.462673064588829952e+00
-1.455528569201852473e+00
-1.440958412731915717e+00
-1.481519969969544492e+00
-1.547258118387037307e+00
-1.542351409467561441e+00
-1.623916073431913132e+00
-1.422078372951564695e+00
-1.448782589010446431e+00
-1.474984500953018918e+00
-1.527697179292463847e+00
-1.544732788871363338e+00
-1.532653144184813687e+00
-1.562188244373353685e+00
-1.569144462317841437e+00
-1.572596672593871370e+00
-1.479029411403810723e+00
-1.483901887665899144e+00
-1.450390860248056857e+00
-1.559801761905481365e+00
-1.647599574765979513e+00
-1.684413064399355120e+00
-1.687443925748535856e+00
-1.594401810956422638e+00
-1.601443543701604577e+00
-1.659021708836974307e+00
-1.632432040896403702e+00
-1.588749047069134113e+00
-1.552179746083296230e+00
-1.526266499183862813e+00
-1.536731806039292492e+00
-1.461866452767878855e+00
-1.416556605593913831e+00
-1.465388018415148208e+00
-1.436408087610750561e+00
-1.483452922664344698e+00
-1.499449041969512564e+00
-1.531003417749663642e+00
-1.550013335104821532e+00
-1.572501898959100863e+00
-1.563589661612122539e+00
-1.508971353919285052e+00
-1.431526222391964920e+00
-1.429435669245845197e+00
-1.558457964605281187e+00
-1.570484520271209439e+00
-1.555481321591372090e+00
-1.552448177622566039e+00
-1.591983127146934685e+00
-1.524566409025305047e+00
-1.513719825546748998e+00
-1.595730905548609524e+00
-1.479758231065621210e+00
-1.411548810811164678e+00
-1.402273775783917653e+00
-1.344261739530612676e+00
-1.205567984515046209e+00
-1.339113659200692918e+00
-1.306229855518051597e+00
-1.362783358259389566e+00
-1.280239277148786048e+00
-1.251032732467563857e+00
-1.232151643155906973e+00
-1.188919365504861991e+00
-1.234163912806385266e+00
-1.289246416162785902e+00
-1.297280267732426218e+00
-1.326984473258804975e+00
-1.233844722684338979e+00
-1.297451373785363016e+00
-1.302980175086202230e+00
-1.304158944869025838e+00
-1.234788383032108472e+00
-1.152782180869761364e+00
-1.253223805597391216e+00
-1.223755601014483885e+00
-1.190832776603140575e+00
-1.101274730618025721e+00
-1.136115650406168687e+00
-1.072894157535894566e+00
-1.101343113420017339e+00
-1.044502497284321985e+00
-1.102268408643506170e+00
-1.094924255144570147e+00
-1.109168990431458779e+00
-1.000802810610537108e+00
-1.031622300840839834e+00
-1.068541320331150679e+00
-1.061827770221863920e+00
-1.043482959554105749e+00
-1.011977011772596580e+00
-9.835915561631252135e-01
-1.003063144917480720e+00
-1.027603787332739937e+00
-1.001652082704691527e+00
-9.690199300299037199e-01
-9.969619553287382141e-01
-1.005526525693627216e+00
-1.047177405588088694e+00
-1.012954590783319953e+00
-1.069236292778207975e+00
-1.047240908782811397e+00
-1.097615547740570907e+00
-1.116420553995557396e+00
-1.050664447751133324e+00
-1.050899614995108200e+00
-1.057550693471186243e+00
-9.781323119534756083e-01
-8.967880524998856906e-01
-9.413662435656322547e-01
-1.081667276842207759e+00
-1.031960262286874430e+00
-1.087075952164537229e+00
-1.025969132806888506e+00
-9.887261154042690237e-01
-9.900953112540418211e-01
-9.413346287428162595e-01
-9.236255814254621388e-01
-9.058735324761689744e-01
-9.823686957541011289e-01
-9.954903867435689335e-01
-9.974200580439863684e-01
-1.025118231689966741e+00
-9.823647155155688093e-01
-1.026735525557400885e+00
-1.045067419902103723e+00
-9.931723084065620100e-01
-9.915988818720945508e-01
-1.079431657447112336e+00
-9.862518983913327597e-01
-1.061080376481080112e+00
-1.062498133747654228e+00
-1.149818909853644433e+00
-1.142696641651341327e+00
-1.153605950557335724e+00
-1.135440561166010998e+00
-1.201375972007468818e+00
-1.113725527564938478e+00
-1.198570347001230552e+00
-1.127509704429735526e+00
-1.140191873713114923e+00
-1.162496663699594590e+00
-1.139929700744521268e+00
-1.114027865714713350e+00
-1.101785507036124434e+00
-1.083420656687932082e+00
-1.049088639475334483e+00
-1.093333372285579808e+00
-1.164717464800785418e+00
-1.101598433831241231e+00
-1.066964249621290550e+00
-1.032391388568755008e+00
-1.026769953267365310e+00
-1.031467297888898793e+00
-1.086367419143420499e+00
-1.078108352721637742e+00
-1.083949226329869120e+00
-1.094783989997357487e+00
-1.088258643208309451e+00
-1.102234111256113813e+00
-1.115735734181057204e+00
-1.118310611613855476e+00
-1.170929783522632439e+00
-1.098746014506529534e+00
-1.133967907258906394e+00
-1.185695256681454923e+00
-1.303325096601855471e+00
-1.357850863034368638e+00
-1.414599283223886061e+00
-1.378934599855435428e+00
-1.326711351375141845e+00
-1.328495134596089366e+00
-1.286237323897224227e+00
-1.332856590365335547e+00
-1.403889307696438049e+00
-1.417112970024865248e+00
-1.451125825407038272e+00
-1.521081927753079155e+00
-1.476166117838382918e+00
-1.512045573313225422e+00
-1.547443139196263084e+00
-1.550448999104638403e+00
-1.547506373966959670e+00
-1.521057072580609182e+00
-1.533662351892348896e+00
-1.574091568973275512e+00
-1.556770658900213933e+00
-1.524961381315145026e+00
-1.472509450826965827e+00
-1.465905202974881583e+00
-1.454606843587821663e+00
-1.458487589159662701e+00
-1.500083184894591248e+00
-1.449307086477472639e+00
-1.385312662724220489e+00
-1.362597154560105217e+00
-1.447413241226555680e+00
-1.517059852264740272e+00
-1.419427318006514671e+00
-1.398147461141256986e+00
-1.400475974488121000e+00
-1.457241894530235671e+00
-1.349619174713299508e+00
-1.389521611495912801e+00
-1.435005326377441603e+00
-1.383766738483145353e+00
-1.386743356402889704e+00
-1.450956636692046553e+00
-1.440427504027433692e+00
-1.436410116110793389e+00
-1.347461271943046546e+00
-1.334554129573405135e+00
-1.368695387506183581e+00
-1.379131745726047686e+00
-1.282714534055682698e+00
-1.250865558309224523e+00
-1.253836617523292896e+00
-1.298429324259004813e+00
-1.299898923668614703e+00
-1.327139510008904288e+00
-1.242123634749799921e+00
-1.243845238748916282e+00
-1.259073640261030524e+00
-1.288798649918495576e+00
-1.235394113218349021e+00
-1.176795748449745993e+00
-1.264789105529211533e+00
-1.305981183986344440e+00
-1.220213189267259413e+00
-1.200036343256628557e+00
-1.196965331162835211e+00
-1.264195694334326658e+00
-1.295830696724187270e+00
-1.334051459865281064e+00
-1.316660530210390867e+00
-1.306264036305733178e+00
-1.307423483450065760e+00
-1.212664730622413867e+00
-1.162649689473954862e+00
-1.079582899059160717e+00
-1.141608640768672966e+00
-1.150795823099188375e+00
-1.153924240464611728e+00
-1.184193380597330147e+00
-1.167016540928131230e+00
-1.083943775512374197e+00
-1.118355528343456307e+00
-1.120608187273407275e+00
-1.120421997489304822e+00
-1.241098999611154996e+00
-1.203936915051891265e+00
-1.237662429998361624e+00
-1.254950332110403188e+00
-1.290272813566904819e+00
-1.292532148220125077e+00
-1.232209364811894803e+00
-1.279117388569897429e+00
-1.271290388590325060e+00
-1.158433140885356316e+00
-1.173818232823547580e+00
-1.209228351519311406e+00
-1.252606481072840783e+00
-1.299987061864652738e+00
-1.262133127834654367e+00
-1.267137338032224836e+00
-1.270725247627395804e+00
-1.266775127405305623e+00
-1.326832412416720119e+00
-1.326773151628051428e+00
-1.485037702424721884e+00
-1.502286888080516469e+00
-1.478526360266066320e+00
-1.453308039765784487e+00
-1.423895652337560547e+00
-1.483896395257493284e+00
-1.489655654292162845e+00
-1.542415057191764305e+00
-1.527853313071552810e+00
-1.510989770529312715e+00
-1.507525662988697501e+00
-1.447688289085632407e+00
-1.488306984812933331e+00
-1.463971363123356184e+00
-1.336407349736923766e+00
-1.314807325406018190e+00
-1.316184653989636022e+00
-1.346475378516955423e+00
-1.350065348472381466e+00
-1.269393232592084475e+00
-1.312101586179954760e+00
-1.431434916108967004e+00
-1.399123675585958182e+00
-1.337952593840785021e+00
-1.251474488566336918e+00
-1.239344605058039006e+00
-1.155792553871457296e+00
-1.152236707576027364e+00
-1.108773630264296761e+00
-1.116911758746526040e+00
-1.199013749266018891e+00
-1.177231795878862508e+00
-1.181908748895426964e+00
-1.257084192895625119e+00
-1.323267514363681396e+00
-1.313189276366159675e+00
-1.292703006834965862e+00
-1.326098482573550674e+00
-1.226020002006004805e+00
-1.197428816315179612e+00
-1.212656193008578409e+00
-1.159981603886443224e+00
-1.193050495074180484e+00
-1.201540144489627426e+00
-1.225214495789649582e+00
-1.207346915215275152e+00
-1.272263246036594575e+00
-1.272663540198086141e+00
-1.272669881839241679e+00
-1.279415248039507569e+00
-1.219184501790434583e+00
-1.236941525850382417e+00
-1.194054217077148872e+00
-1.289531067160120559e+00
-1.201789886127940354e+00
-1.225464467785607914e+00
-1.154954231531345243e+00
-1.181330254848444117e+00
-1.137064952452681466e+00
-1.026833725438011991e+00
-1.092866119556722859e+00
-1.116062479537557106e+00
-1.085349600743917398e+00
-1.155402383059215943e+00
-1.085374858882030447e+00
-1.110044542932038247e+00
-1.180118677000011163e+00
-1.177244915849905205e+00
-1.125991929457418328e+00
-1.138113658170458287e+00
-1.152870334731680213e+00
-1.222124737488265112e+00
-1.270395515420305488e+00
-1.338595417750724437e+00
-1.294407534591699216e+00
-1.298203036334227845e+00
-1.332685375224510693e+00
-1.294289610310827010e+00
-1.263081353800457940e+00
-1.233374409442518971e+00
-1.325391284388437452e+00
-1.271321837661662846e+00
-1.317291104629038756e+00
-1.200527532418111054e+00
-1.137730612182438206e+00
-1.091387174971079066e+00
-1.077099744099830003e+00
-1.103405377422736144e+00
-1.057058865908933498e+00
-1.088350571953885959e+00
-1.075273086112118026e+00
-1.047668209817006035e+00
-1.052541773807075920e+00
-9.864400744247896480e-01
-1.023126502593597165e+00
-1.052832872285767385e+00
-1.061288818774821729e+00
-1.094038448342745218e+00
-1.138784067972371306e+00
-1.134004905247663952e+00
-1.124999997553294051e+00
-1.133180085207319276e+00
-1.122132530852905763e+00
-1.084174524093191927e+00
-1.091352520368926271e+00
-1.118299766246316107e+00
-1.110105374626390029e+00
-1.151179623430087284e+00
-1.197878175980831461e+00
-1.183836477072789828e+00
-1.160586044931625649e+00
-1.174421990182463960e+00
-1.122887259772559210e+00
-1.117066883721677728e+00
-1.158108875377707569e+00
-1.137076131773244070e+00
-1.140270590175463061e+00
-1.151001965061155818e+00
-1.177935525702470843e+00
-1.124633379656398757e+00
-1.105552758449559470e+00
-1.104488521542583479e+00
-1.161357029848013367e+00
-1.172351170412712085e+00
-1.188947367756497897e+00
-1.259618169339958182e+00
-1.283330219117817750e+00
-1.370535350169379107e+00
-1.380846385589900471e+00
-1.363228781794802114e+00
-1.391915795998966532e+00
-1.492197116961449410e+00
-1.405457552476715888e+00
-1.481935333827723023e+00
-1.425126200581482649e+00
-1.428039186666234528e+00
-1.424169781977885352e+00
-1.453976394021883056e+00
-1.489027231039350863e+00
-1.431812712720334835e+00
-1.457443053285067958e+00
-1.492772380027628021e+00
-1.454737809132376603e+00
-1.488952815055128553e+00
-1.462362160247917764e+00
-1.447982703968313078e+00
-1.448295253694698692e+00
-1.588251504749202514e+00
-1.622613162239287865e+00
-1.651817242860282642e+00
-1.666385911290842126e+00
-1.724532953697032189e+00
-1.730452888597194372e+00
-1.703379669171165345e+00
-1.757072914694611798e+00
-1.749053757339565029e+00
-1.746646051296482094e+00
-1.763992980573162006e+00
-1.735469985187674924e+00
-1.766231489795029530e+00
-1.773134541696949951e+00
-1.787894644423310808e+00
-1.777733247749182288e+00
-1.794944447044504177e+00
-1.829142287928058330e+00
-1.863056318188845095e+00
-1.840340278425553144e+00
-1.877256205881715934e+00
-1.879934946957373842e+00
-1.876342631574914765e+00
-1.892371494471168036e+00
-1.905518042440754733e+00
-2.009097429081108110e+00
-2.075829575187606579e+00
-1.976439510100905350e+00
-1.987226308111646800e+00
-1.926165347988217036e+00
-1.955067539260905374e+00
-1.981465328404003801e+00
-1.966304008071933840e+00
-1.982857186454354936e+00
-1.974680739943995622e+00
-1.989621135366029581e+00
-1.964871939082029950e+00
-1.991702454041371917e+00
-1.974841434217707636e+00
-2.123608255546066914e+00
-2.106325788246001363e+00
-2.049789435251842651e+00
-2.132334416901863428e+00
-2.097911644538613452e+00
-2.148440052370300446e+00
-2.113839153590729047e+00
-2.096803277395010046e+00
-2.053213212396928444e+00
-1.984445874556836298e+00
-2.037655805125783370e+00
-2.091485563482066823e+00
-2.116084282730243959e+00
-2.033080720148037646e+00
-1.999718624558631141e+00
-1.965262004267319895e+00
-1.953870793465229516e+00
-1.965169656008201038e+00
-1.968042762688878788e+00
-1.964527614466568206e+00
-2.001294347679079877e+00
-1.986885613733675893e+00
-2.033721589240869321e+00
-2.050708064223961458e+00
-2.038060361977549029e+00
-2.126777922237929719e+00
-2.203277915987367663e+00
-2.183003189078307926e+00
-2.168268182951932133e+00
-2.181769967254655551e+00
-2.189094626228176743e+00
-2.152958490250162171e+00
-2.164134820674762150e+00
-2.155829127174656357e+00
-2.208748543046319845e+00
-2.119190798706954038e+00
-2.201495749606777075e+00
-2.224793944241147070e+00
-2.237019597297769113e+00
-2.230492873841920076e+00
-2.264860871012819299e+00
-2.202820824221368490e+00
-2.257108322791526955e+00
-2.218635136347996362e+00
-2.117402930447552123e+00
-2.071539640614677769e+00
-2.057313190789651358e+00
-2.065154730818679951e+00
-1.986219480589547448e+00
-2.034581015239897983e+00
-2.008949118740444462e+00
-2.033030797184847138e+00
-2.119803674635923230e+00
-2.138339056433577134e+00
-2.137413466313706767e+00
-2.136479843500465492e+00
-2.112038954804910773e+00
-2.175678848564530199e+00
-2.173732379016864780e+00
-2.204717351672238479e+00
-2.160157614657141512e+00
-2.149276988822775181e+00
-2.121826252604985807e+00
-2.164048522437324706e+00
-2.207882187400632024e+00
-2.112546065614752333e+00
-2.145698077655482372e+00
-2.125467250311109613e+00
-2.194581763096935312e+00
-2.125087580891196648e+00
-2.138445809300193012e+00
-2.109038742189628390e+00
-2.079794938658738435e+00
-2.119720362659177404e+00
-2.162594028392712087e+00
-2.143164994865051298e+00
-2.236386477876086687e+00
-2.333306690036424325e+00
-2.322519870547119059e+00
-2.346667095812392301e+00
-2.246397801522350690e+00
-2.299881899651598616e+00
-2.294328290972133644e+00
-2.258094911212387146e+00
-2.306559067823517939e+00
-2.346588513065048787e+00
-2.239127975995776065e+00
-2.303279053168813206e+00
-2.311184246186519964e+00
-2.340115437176424340e+00
-2.367266550251300838e+00
-2.313661859902213624e+00
-2.367827364215533859e+00
-2.321443515104722355e+00
-2.348182800808425341e+00
-2.371894519455757688e+00
-2.369149076466465775e+00
-2.344030990290125960e+00
-2.313742805342802189e+00
-2.370601074659070662e+00
-2.382455018723326212e+00
-2.393308756557064321e+00
-2.417979150405649147e+00
-2.432604716511429288e+00
-2.458828310913872883e+00
-2.399681055434887966e+00
-2.493071596974919757e+00
-2.493387863508708335e+00
-2.497258070521658269e+00
-2.461392575499589341e+00
-2.427108180648112068e+00
-2.408860868609973505e+00
-2.358608135741368628e+00
-2.344936505548452121e+00
-2.290880175268796393e+00
-2.293291249471177018e+00
-2.334446975652941347e+00
-2.332144855538587525e+00
-2.348550391391923675e+00
-2.340158355080908414e+00
-2.310076848616680500e+00
-2.279110087795883643e+00
-2.363460910321075303e+00
-2.389358883051477811e+00
-2.339263366437966951e+00
-2.453527160601349788e+00
-2.446703996308754014e+00
-2.513740175118639453e+00
-2.496177535186104635e+00
-2.481937362608395592e+00
-2.459155276459969119e+00
-2.428263781292085532e+00
-2.438685354707608610e+00
-2.487196509243435383e+00
-2.554755928422039801e+00
-2.519727143539381320e+00
-2.521340014335118784e+00
-2.474625593028222603e+00
-2.371503967654539746e+00
-2.399422980687390350e+00
-2.381814691055737399e+00
-2.384368114919913406e+00
-2.358892468155687983e+00
-2.419228551770605140e+00
-2.348152258937032943e+00
-2.303621007197856674e+00
-2.380881117764768629e+00
-2.444870758817920375e+00
-2.427991670009372438e+00
-2.433908926077863910e+00
-2.504560160638412469e+00
-2.519561459883845167e+00
-2.519409451730009852e+00
-2.434882738614406961e+00
-2.451037385928010792e+00
-2.582338776900027444e+00
-2.603787368279188108e+00
-2.499329163455893177e+00
-2.430575376017159783e+00
-2.431780264523861756e+00
-2.538844419370079208e+00
-2.467797759316580297e+00
-2.474687078724267408e+00
-2.518011701295328919e+00
-2.608230004960886195e+00
-2.550277161318972308e+00
-2.568839904804216978e+00
-2.594725558534429766e+00
-2.633609728292094054e+00
-2.640763528591295373e+00
-2.685272420010528016e+00
-2.656139513851885070e+00
-2.627415994905141439e+00
-2.597882641444232643e+00
-2.582243312144969494e+00
-2.519396834192527468e+00
-2.545502274703016266e+00
-2.574017781878892741e+00
-2.609038838313741504e+00
-2.614754076351301748e+00
-2.574287907420771848e+00
-2.738814998423215741e+00
-2.683897877730762715e+00
-2.676251519801843504e+00
-2.723323202695916656e+00
-2.669974269799454181e+00
-2.657697791042736846e+00
-2.676751108234690424e+00
-2.602304396570910949e+00
-2.589825632484106688e+00
-2.683199588550364112e+00
-2.678810713812950883e+00
-2.685102784612642957e+00
-2.702022648516476444e+00
-2.698992545107968155e+00
-2.682866525023937410e+00
-2.768669674453229756e+00
-2.767484619949582836e+00
-2.749911414421327027e+00
-2.718724402425756637e+00
-2.739188112405377407e+00
-2.699399998197947070e+00
-2.702760632050570155e+00
-2.727382131168459178e+00
-2.707508834702268885e+00
-2.726032852529536754e+00
-2.657775141316709888e+00
-2.727828570982188339e+00
-2.683453293762825265e+00
-2.735188052519034407e+00
-2.742346689911910662e+00
-2.765618460549641000e+00
-2.763223285390185691e+00
-2.746192294217229879e+00
-2.698467003565137023e+00
-2.721426853220943354e+00
-2.746502788301817155e+00
-2.658907541641879924e+00
-2.703055151854113269e+00
-2.633476138509516229e+00
-2.581265710757003617e+00
-2.661359894521839298e+00
-2.580105987675926027e+00
-2.531253321542672463e+00
-2.540066353356325912e+00
-2.532308597063402278e+00
-2.592246984678095334e+00
-2.538442842767890895e+00
-2.560683100446237148e+00
-2.561386920267566758e+00
-2.633080906409309030e+00
-2.610193232421388565e+00
-2.669685523010462802e+00
-2.574397648245990489e+00
-2.603832618165766277e+00
-2.616088252156128835e+00
-2.651317935575905338e+00
-2.699655547553980295e+00
-2.667729041400387580e+00
-2.657207321344943196e+00
-2.671175222792693038e+00
-2.713116724084600584e+00
-2.785137218726461583e+00
-2.692521737612806554e+00
-2.753492854942797052e+00
-2.730112866241890757e+00
-2.694032433452617781e+00
-2.620308677246887541e+00
-2.659898122024832556e+00
-2.659054161706098540e+00
-2.636054000289074661e+00
-2.569086015361885078e+00
-2.564235455891332283e+00
-2.555244072828146695e+00
-2.576930410975909247e+00
-2.457910043487239626e+00
-2.514242136228910240e+00
-2.492401645229703533e+00
-2.452976352585024777e+00
-2.538574651029427365e+00
-2.589097195931552964e+00
-2.628640274593785353e+00
-2.577558414525583430e+00
-2.549366697672609483e+00
-2.526685239480611855e+00
-2.584716673921604979e+00
-2.599523085483382179e+00
-2.617838512092076630e+00
-2.630466127311098745e+00
-2.689095354157178708e+00
-2.688987484204071521e+00
-2.693843581073657401e+00
-2.756662842728629492e+00
-2.742546301161190136e+00
-2.791554435139562695e+00
-2.783689421926796914e+00
-2.858553196406623975e+00
-2.767532686017635246e+00
-2.820310502299350652e+00
-2.780719350742243634e+00
-2.808052317917582918e+00
-2.856538244583457509e+00
-2.825781875826530509e+00
-2.726110742446298918e+00
-2.671042673003368506e+00
-2.689558644162736378e+00
-2.704641005258698883e+00
-2.657642143643865307e+00
-2.697052856116822550e+00
-2.635736865569561882e+00
-2.633281729807103844e+00
-2.613562812257315571e+00
-2.620142925264021816e+00
-2.582151130146236984e+00
-2.572311078475818302e+00
-2.576206873205876047e+00
-2.577653384321334507e+00
-2.568866024294864214e+00
-2.642104648880438944e+00
-2.583453734124125933e+00
-2.581215945314971005e+00
-2.584533392753790793e+00
-2.552047831782852327e+00
-2.655222549435370283e+00
-2.611625489396000255e+00
-2.678995729377222634e+00
-2.684068498530852054e+00
-2.675533727041992105e+00
-2.665938481803314719e+00
-2.689326616222585287e+00
-2.667046622140489376e+00
-2.710566372866009655e+00
-2.754629471539756125e+00
-2.677159787806886015e+00
-2.604823949558962237e+00
-2.665746623842261798e+00
-2.671174856585998736e+00
-2.704013850388407914e+00
-2.671027480103685736e+00
-2.621677861774199148e+00
-2.594723732034466046e+00
-2.577964591159148444e+00
-2.724387226850554899e+00
-2.726259620520750104e+00
-2.713914451742584610e+00
-2.794935164689083429e+00
-2.801456042978517580e+00
-2.861674711928531067e+00
-2.859774410359509300e+00
-2.834676060783006157e+00
-2.814642452269745743e+00
-2.778235103158043007e+00
-2.700233420293104647e+00
-2.746694763149545526e+00
-2.715290862170538499e+00
-2.639568417149426249e+00
-2.628642771589475569e+00
-2.581149011791241232e+00
-2.699921920316721735e+00
-2.710984188351020396e+00
-2.793944889979408153e+00
-2.695998490763495070e+00
-2.661138424716928963e+00
-2.661196083082777442e+00
-2.640475108434674478e+00
-2.612413185518839498e+00
-2.658999210194464169e+00
-2.670625650664164574e+00
-2.531647751611901587e+00
-2.528251204604758939e+00
-2.476560025011798949e+00
-2.496178945217530032e+00
-2.518652161080331631e+00
-2.545368557987386815e+00
-2.502026748513501708e+00
-2.565672929636747757e+00
-2.585847045527300381e+00
-2.545840832766970152e+00
-2.547571205321498056e+00
-2.581715281969135134e+00
-2.618689123803753738e+00
-2.575958376516676029e+00
-2.577395773217438624e+00
-2.484549771801238816e+00
-2.502680291860584383e+00
-2.472885692302098093e+00
-2.603321691427709972e+00
-2.460085577700615644e+00
-2.418384005473591891e+00
-2.457072625825641232e+00
-2.565427066138548540e+00
-2.477394674909792815e+00
-2.468932003034032263e+00
-2.471046748141903393e+00
-2.467820750304361432e+00
-2.508219123837189368e+00
-2.563229025832778785e+00
-2.597045387626983448e+00
-2.605088394256915407e+00
-2.646307519054876156e+00
-2.579872137982172298e+00
-2.524383143199161683e+00
-2.506661028767557031e+00
-2.575160874980649606e+00
-2.503132690822382322e+00
-2.518751607450133267e+00
-2.540857770483726075e+00
-2.600195254386383326e+00
-2.589381083278318840e+00
-2.649817776735742036e+00
-2.625943814678054711e+00
-2.621803235018970835e+00
-2.655152131058896359e+00
-2.634539546114860187e+00
-2.660778842680821654e+00
-2.757577390025688135e+00
-2.717892739492525855e+00
-2.663394029415531605e+00
-2.722443743171334862e+00
-2.664507997092470770e+00
-2.690893012160218145e+00
-2.640597108530833736e+00
-2.681766349297406649e+00
-2.741081734851736673e+00
-2.739969313664027517e+00
-2.675747314684376654e+00
-2.701135897932422480e+00
-2.599773529637682046e+00
-2.691854813093865761e+00
-2.680231659187839899e+00
-2.630543284318549890e+00
-2.646198676562445673e+00
-2.677872228447529590e+00
-2.647516818554203510e+00
-2.680677377751532919e+00
-2.699709223061353303e+00
-2.671153844563514568e+00
-2.758361936754953891e+00
-2.809851764989165002e+00
-2.830698038668958638e+00
-2.791152154687420950e+00
-2.781626493081415408e+00
-2.822172991245639917e+00
-2.871272723527143356e+00
-2.885690329716461999e+00
-2.841832484995625574e+00
-2.910800423795306457e+00
-2.947986162026273504e+00
-2.989978438692250329e+00
-3.032219251918748526e+00
-2.983000013027469866e+00
-2.968506854484465052e+00
-2.996873599930347076e+00
-2.985733849352735447e+00
-2.923332084458200697e+00
-2.978770632153590725e+00
-2.987021899032515915e+00
-2.920633207024215583e+00
-2.958763494179502462e+00
-3.012682588467401334e+00
-3.022875892479030657e+00
-2.972355968374516877e+00
-2.970136724234298864e+00
-2.969767889408874595e+00
-2.977899175771121953e+00
-3.071394379512690342e+00
-3.012981162870385088e+00
-2.989734571244800687e+00
-3.026024234129486068e+00
-3.019621055143447919e+00
-3.013739486454914740e+00
-2.989938560147897384e+00
-3.028299292427209632e+00
-3.073861150271317566e+00
-3.051323095319193435e+00
-3.043800013406843696e+00
-3.044824761495562804e+00
-3.101793301893058796e+00
-3.174668413490184360e+00
-3.100285278069998096e+00
-3.119898608068051526e+00
-3.109632205679894845e+00
-3.081062991933186446e+00
-3.091559159587704997e+00
-3.005725512484803463e+00
-2.987943352622857596e+00
-3.027047592109687990e+00
-3.066690102140188667e+00
-3.064026244895242446e+00
-3.096050770655052631e+00
-3.103585849435055888e+00
-3.052626911312270597e+00
-3.112984628152061006e+00
-3.012402831630295097e+00
-3.029529019399536782e+00
-3.090908150754783090e+00
-3.115652235910585155e+00
-3.086131615792373051e+00
-3.142833522926626433e+00
-3.140159178866428924e+00
-3.089314667399710057e+00
-3.094988903534324098e+00
-3.073286293898663590e+00
-3.054300563597104556e+00
-3.098364807414776045e+00
-3.027908784340247017e+00
-3.042044348020774613e+00
-3.031174921241381437e+00
-3.050601363952810008e+00
-3.019178856262648925e+00
-3.055880176700591200e+00
-3.015503865825983620e+00
-3.045757923873526618e+00
-3.057591605871092799e+00
-3.096279806982651817e+00
-3.046762170854049767e+00
-3.036379116908048292e+00
-3.002380355788468957e+00
-2.982187210689306145e+00
-2.956159521054951611e+00
-2.917284510519183360e+00
-2.909372425947944318e+00
-2.933742145552705516e+00
-2.869114506741772264e+00
-2.841387293347809262e+00
-2.840527427688795736e+00
-2.790267965045631016e+00
-2.739468072003203858e+00
-2.716397338317018129e+00
-2.644645800135004166e+00
-2.694663950455436385e+00
-2.675077905719656979e+00
-2.675289806321433872e+00
-2.748758040470093533e+00
-2.813714037550848257e+00
-2.733089830340027060e+00
-2.685627358699994360e+00
-2.670417471994264158e+00
-2.669819140259785950e+00
-2.706887758615823092e+00
-2.744773548890703463e+00
-2.805432084001807436e+00
-2.834763827190913688e+00
-2.901174772080503228e+00
-2.858709965129903274e+00
-2.970152998944739053e+00
-2.984552420758713520e+00
-2.986037515422189870e+00
-3.016449249024256929e+00
-3.107898539889877743e+00
-3.111236472442549417e+00
-3.054063823358891483e+00
-3.066735946407182833e+00
-3.102466832270556196e+00
-3.093401870319758551e+00
-3.045256534393707248e+00
-3.092580842808050345e+00
-3.084775351272913912e+00
-3.056260824184577896e+00
-2.990257531524745271e+00
-3.067674757383796802e+00
-3.075678571710008136e+00
-3.057306658028482005e+00
-3.078736619173056965e+00
-3.065010967797333841e+00
-3.101730809366257002e+00
-3.041209589223548448e+00
-3.024107134342740366e+00
-3.068920642136450549e+00
-3.046724320468301883e+00
-3.091408416547841043e+00
-3.079795359726595905e+00
-3.060039562069828634e+00
-3.054155430537784710e+00
-3.072238926169216011e+00
-3.103351359898103734e+00
-3.151092950887464994e+00
-3.198371376506278896e+00
-3.189761884163626160e+00
-3.085693372968736803e+00
-3.136423062427167618e+00
-3.069618736003283388e+00
-3.061654297490013832e+00
-3.122758724602709979e+00
-3.079518464240601716e+00
-3.038638789418298458e+00
-3.054185496711393721e+00
-2.977472575568619551e+00
-2.969003644133542785e+00
-3.010519564886537491e+00
-2.970043347801555988e+00
-2.947690489787358814e+00
-2.888476031800663257e+00
-2.794584563401524502e+00
-2.834055603901846077e+00
-2.920210785418430266e+00
-2.910414045534887695e+00
-2.945254700948891191e+00
-2.916037129988476195e+00
-2.918492230830105783e+00
-2.920494739188206346e+00
-2.868192682386723202e+00
-2.865818689679707987e+00
-2.809255483857048041e+00
-2.853396935828787395e+00
-2.795840579548015015e+00
-2.783224926341270056e+00
-2.861056862810432477e+00
-2.817552078749739675e+00
-2.746014050555619423e+00
-2.722846823043506781e+00
-2.659947360803043281e+00
-2.606863145419551220e+00
-2.592736773394153982e+00
-2.672568759124066329e+00
-2.661495428318793266e+00
-2.715219648083758486e+00
-2.698749578359600942e+00
-2.653160365162433365e+00
-2.622929088368772810e+00
-2.745083956050041518e+00
-2.713056853828631709e+00
-2.737782894175881054e+00
-2.778448530053792886e+00
-2.739784923322791332e+00
-2.730209189476469955e+00
-2.625953961018036686e+00
-2.617489850374692839e+00
-2.595314493471298167e+00
-2.554244249527576116e+00
-2.525144856934395499e+00
-2.519740520988599020e+00
-2.489037265869830318e+00
-2.438108068230194103e+00
-2.453983332353554481e+00
-2.459252373530565361e+00
-2.412310111566123627e+00
-2.363537775488057324e+00
-2.474473922063716635e+00
-2.576254612003307631e+00
-2.545780316150953126e+00
-2.502074592855629831e+00
-2.576901621494467332e+00
-2.565816022848663280e+00
-2.584099288706718234e+00
-2.627299223578723808e+00
-2.664769761719361085e+00
-2.596584219599784582e+00
-2.590392334208902358e+00
-2.568352362204199935e+00
-2.583687998043198153e+00
-2.619371922346247494e+00
-2.555599208510556331e+00
-2.579130750925587190e+00
-2.407795736209533022e+00
-2.404284542218168674e+00
-2.442883775344585562e+00
-2.430435776547871018e+00
-2.427645536921954506e+00
-2.357949772747285344e+00
-2.364431627216410092e+00
-2.283941695975846287e+00
-2.296557590810008431e+00
-2.338637037105199212e+00
-2.400615762824925170e+00
-2.404645450501297077e+00
-2.475474447572890924e+00
-2.529689556798440098e+00
-2.605130710034046615e+00
-2.604886968472449382e+00
-2.641732805632692305e+00
-2.641659206783264935e+00
-2.697579939998551612e+00
-2.721027816118402942e+00
-2.690625882557259096e+00
-2.622381978747531761e+00
-2.540453315098632814e+00
-2.642566176087106200e+00
-2.598061422548561872e+00
-2.576885285850221141e+00
-2.521137193788798303e+00
-2.489157754602938866e+00
-2.417440421401447548e+00
-2.363671680264884500e+00
-2.367938228662671563e+00
-2.361751747981450045e+00
-2.380782353540175755e+00
-2.374504607512767151e+00
-2.420270645826141376e+00
-2.385777868064868468e+00
-2.380190511958050426e+00
-2.410568743951999160e+00
-2.487454700222573312e+00
-2.540218544080721230e+00
-2.476035714322625925e+00
-2.504577654375292450e+00
-2.458989585923663679e+00
-2.436630719272029566e+00
-2.402026304300532544e+00
-2.379446336407414986e+00
-2.341007829469515578e+00
-2.437537375479213786e+00
-2.411428339226068474e+00
-2.328485206387450379e+00
-2.319463662630956158e+00
-2.388749841394230078e+00
-2.262202208908284717e+00
-2.202489128795614093e+00
-2.241943381416494407e+00
-2.166082826565884023e+00
-2.254080806042749074e+00
-2.169490812821358361e+00
-2.213543847621640470e+00
-2.160392429804274705e+00
-2.117885415812349681e+00
-2.142608760151175407e+00
-2.187443429481467305e+00
-2.171567120602061252e+00
-2.187358961210630337e+00
-2.071557667379085199e+00
-2.065227509686893281e+00
-2.038710982273579386e+00
-1.993091307816241775e+00
-2.017306400839206759e+00
-2.020687895571533499e+00
-2.079996064984188653e+00
-2.066781767240814638e+00
-2.005432697325368885e+00
-2.007978711830025631e+00
-1.972742787027415234e+00
-2.008105121240648216e+00
-1.992887188395960685e+00
-1.940897560838640068e+00
-1.912006064129694760e+00
-1.916383955154504992e+00
-1.929766423099352757e+00
-1.925686561107573747e+00
-1.923065411072459874e+00
-1.845248781918125358e+00
-1.835969475615768953e+00
-1.871913422051969311e+00
-1.881228341019094863e+00
-1.871854570547224927e+00
-1.806240124138158931e+00
-1.863096818215386197e+00
-1.897372348723266544e+00
-1.968493153899983916e+00
-2.076993762697396662e+00
-1.999862962358084806e+00
-1.987371195211025121e+00
-2.060842686143063318e+00
-1.965929151459208102e+00
-1.896271805430652657e+00
-1.838480248873102463e+00
-1.762405762466003001e+00
-1.761995756071084163e+00
-1.790857753621191373e+00
-1.863161055146089096e+00
-1.853431078593266612e+00
-1.855802088612435341e+00
-1.873823251966973524e+00
-1.849773928087260488e+00
-1.867789273501708314e+00
-1.823938176671382472e+00
-1.817789867746316457e+00
-1.817252518786360405e+00
-1.773461862989933246e+00
-1.776118814609225272e+00
-1.823521370528051744e+00
-1.949367559693418572e+00
-1.862062267239110724e+00
-1.850982212792536608e+00
-1.862826704759545926e+00
-1.896575211765450186e+00
-1.891361709939924252e+00
-1.912740460402386766e+00
-1.891623883762657776e+00
-1.852988300781085229e+00
-1.882869155195713518e+00
-1.799059302174708108e+00
-1.801883508497396313e+00
-1.726725519434889833e+00
-1.678135844046921621e+00
-1.706600644961195012e+00
-1.727160039734541463e+00
-1.735688214187232736e+00
-1.763377829703203670e+00
-1.861135923179724649e+00
-1.831421183495546945e+00
-1.850659381506225998e+00
-1.841260945727678511e+00
-1.846893858330282079e+00
-1.932085514243439217e+00
-1.902798517502108933e+00
-1.911770039389014242e+00
-1.937206177410631502e+00
-1.962360557358665991e+00
-1.911779376977561506e+00
-1.904972667590134394e+00
-1.856462296615718488e+00
-1.892771073283309402e+00
-1.826234788408508392e+00
-1.854884382790578767e+00
-1.893942074388436758e+00
-1.907906220175726864e+00
-1.800286411554197885e+00
-1.940278893321548459e+00
-1.945719357145576645e+00
-1.936083521037275545e+00
-1.928166181281555369e+00
-1.804079968348359708e+00
-1.764593145679293373e+00
-1.907119218922330939e+00
-1.884695440371542796e+00
-1.845218497407699942e+00
-1.804612666909501284e+00
-1.873430472149552939e+00
-1.807144274009079954e+00
-1.812054124322605597e+00
-1.831363141446229026e+00
-1.768116735997188993e+00
-1.704154298580764948e+00
-1.763316344789872758e+00
-1.687043371875145858e+00
-1.655476433625662658e+00
-1.601510285935101363e+00
-1.527831681740947856e+00
-1.531661127310913084e+00
-1.521071433380646321e+00
-1.531539703310230927e+00
-1.646458133123766210e+00
-1.523777051475102340e+00
-1.557888047665254128e+00
-1.584474580866449545e+00
-1.492702031690489539e+00
-1.465047156115913518e+00
-1.421375047477343001e+00
-1.468890878984606019e+00
-1.450852339913601519e+00
-1.450578786860552638e+00
-1.407316063675566165e+00
-1.345362655175803779e+00
-1.383012236941083328e+00
-1.307045619400919456e+00
-1.283033051478157827e+00
-1.264406826479426371e+00
-1.284977988102493862e+00
-1.257448812197913934e+00
-1.266705990594674480e+00
-1.205322916238491748e+00
-1.272382250437778417e+00
-1.181504182076018150e+00
-1.208718682446929593e+00
-1.247910155484151851e+00
-1.253418883793117722e+00
-1.225624902189305976e+00
-1.244200071097069760e+00
-1.199332648125662759e+00
-1.254261404557316384e+00
-1.273939024024135724e+00
-1.260025263423628861e+00
-1.323227747544635235e+00
-1.398399945808408873e+00
-1.344510796859418322e+00
-1.418375989437854923e+00
-1.447631593287087348e+00
-1.535069295230417019e+00
-1.612083732619497001e+00
-1.664042544114653577e+00
-1.625193790690982798e+00
-1.617213471330931185e+00
-1.578172130571073639e+00
-1.590920217472439058e+00
-1.539197763739887481e+00
-1.648683886823192779e+00
-1.641022689619032526e+00
-1.669653728403827309e+00
-1.674468692235821399e+00
-1.612964201931575303e+00
-1.598262711002920833e+00
-1.637137703114457166e+00
-1.616064521024584089e+00
-1.644625994125764157e+00
-1.615214022780484981e+00
-1.575769571757662524e+00
-1.619708310307105270e+00
-1.579790329274739280e+00
-1.548477039065312200e+00
-1.544343003899172562e+00
-1.656443746287719954e+00
-1.641794041461365206e+00
-1.664458602357700157e+00
-1.680014184399173383e+00
-1.688963232629503874e+00
-1.798893790849295904e+00
-1.791078392605268466e+00
-1.833446301640675680e+00
-1.849595376813875758e+00
-1.869220389557916473e+00
-1.884383830890405953e+00
-1.884525947075275099e+00
-1.936734545984667211e+00
-1.818362902117530489e+00
-1.822014611522837280e+00
-1.836406820795150052e+00
-1.841366423057695378e+00
-1.789395712087299861e+00
-1.926491343041520032e+00
-1.863470407108354321e+00
-1.877834125169628443e+00
-1.880469777879035131e+00
-1.811444200233028878e+00
-1.767765966808716227e+00
-1.886071625149429387e+00
-1.850031213459948809e+00
-1.833219642393801196e+00
-1.871603532345147425e+00
-1.873936328147759012e+00
-1.781000888164716134e+00
-1.806097996118515292e+00
-1.945268713392253490e+00
-1.938248486936353876e+00
-1.891225693937025776e+00
-1.937998987365398440e+00
-1.915736806209406895e+00
-1.907975563419870069e+00
-1.853672771187848012e+00
-1.891499684183796992e+00
-1.904244391007481774e+00
-1.811674789743229930e+00
-1.841784017594921163e+00
-1.775090397318788149e+00
-1.719419182196893603e+00
-1.793556805158027068e+00
-1.759993843657267742e+00
-1.806267880165632000e+00
-1.786536115075771702e+00
-1.753915762569019599e+00
-1.723872145319338633e+00
-1.828878385774653559e+00
-1.890404873239270422e+00
-1.916981190562556225e+00
-1.856773237312684177e+00
-1.810527464543300047e+00
-1.832434177827404476e+00
-1.746694700405336809e+00
-1.789936843517616616e+00
-1.731876808145266899e+00
-1.723287472646921392e+00
-1.761973632958994340e+00
-1.729677112961904406e+00
-1.789939325647197599e+00
-1.698863049144868187e+00
-1.712239301677536352e+00
-1.764461063268625729e+00
-1.799243302829994784e+00
-1.801687651553203429e+00
-1.741259186963421968e+00
-1.729639598690344560e+00
-1.742800207257437117e+00
-1.675158917433170025e+00
-1.723208303181119616e+00
-1.785245655495154127e+00
-1.733243081892989146e+00
-1.808519342562335375e+00
-1.641750485672479609e+00
-1.633427920080721574e+00
-1.645127594213806610e+00
-1.628645561577237277e+00
-1.505720499437535720e+00
-1.391839323949514373e+00
-1.396394388686736043e+00
-1.325242186162870484e+00
-1.301981077141195708e+00
-1.424429436180696618e+00
-1.461928559162781749e+00
-1.535620638813749217e+00
-1.395308546372633574e+00
-1.614895984932563477e+00
-1.580276663163783457e+00
-1.627307855295286876e+00
-1.650469892495249447e+00
-1.725567929420063429e+00
-1.892543661037854319e+00
-1.801163022675440706e+00
-1.928489970534697173e+00
-1.809239964140622048e+00
-1.856976383590727808e+00
-1.847003942472013271e+00
-1.748181930101982529e+00
-1.932062591249358530e+00
-1.920812181688161813e+00
-1.991090341502684158e+00
-1.957866713320082663e+00
-1.845357136027272693e+00
-1.894272603903004892e+00
-1.942074693177230360e+00
-1.874547023290647152e+00
-1.822942899691178731e+00
-1.751032532222485782e+00
-1.771031035373330953e+00
-1.802526888890623846e+00
-1.777005608161136063e+00
-1.753341860376773864e+00
-1.753101711001587848e+00
-1.794914486367273021e+00
-1.682512603380172944e+00
-1.748951937813884694e+00
-1.667126081266932847e+00
-1.839136899335166220e+00
-1.853036038177255040e+00
-1.795834101859876908e+00
-1.782830890851160310e+00
-1.688448931536640440e+00
-1.631335062402508251e+00
-1.557067499228376395e+00
-1.578647867405101657e+00
-1.619989208135542924e+00
-1.614192628127812723e+00
-1.520715240358675668e+00
-1.555012517264081850e+00
-1.513756907593456047e+00
-1.633064543187701112e+00
-1.682667812889330428e+00
-1.705619086057416744e+00
-1.680945988981540573e+00
-1.786151888844573099e+00
-1.659418212284340388e+00
-1.676073947776127504e+00
-1.599399226661435192e+00
-1.655605948731649901e+00
-1.665663263214315348e+00
-1.500069109896788655e+00
-1.567344412652689423e+00
-1.633792060953355829e+00
-1.726597777614640838e+00
-1.667248176936134474e+00
-1.746445004236438336e+00
-1.851642168718850456e+00
-1.922376541959629037e+00
-1.951816384270095739e+00
-1.963457298813490182e+00
-1.961613778522935947e+00
-1.996987025219220557e+00
-2.000370228628075342e+00
-1.964746547066744675e+00
-1.935025861694928739e+00
-1.841994144629260255e+00
-1.829899544838039294e+00
-1.756288300289322146e+00
-1.829846843160577219e+00
-1.835667733324447548e+00
-1.918613985945725187e+00
-1.910376021272466751e+00
-1.933238380580883264e+00
-1.896419792988416342e+00
-1.857516534922128093e+00
-1.900389515296643461e+00
-1.879971964809350915e+00
-1.855653227538294647e+00
-1.737367717377522380e+00
-1.735249947503134660e+00
-1.748339565303199672e+00
-1.726349995895612999e+00
-1.784674983264240344e+00
-1.773667558185428872e+00
-1.836844505301324926e+00
-1.883026768179133947e+00
-1.791066844969841032e+00
-1.806138103924519234e+00
-1.850273042644805077e+00
-1.822751637818170956e+00
-1.914464694868500461e+00
-1.980701624719712450e+00
-1.987824228581156927e+00
-2.023016800041355090e+00
-2.016729322236709532e+00
-2.091012341993327084e+00
-2.116962904752959673e+00
-2.222971710680420543e+00
-2.191902709281896122e+00
-2.252322469666255600e+00
-2.242355677228692556e+00
-2.313884713252477354e+00
-2.376543885332662587e+00
-2.228137976970645973e+00
-2.222585729279053179e+00
-2.222575918673454609e+00
-2.117030253922633332e+00
-2.102071629788474727e+00
-2.116961781794378439e+00
-2.135678478964717630e+00
-2.168439098578843982e+00
-2.197290559259828413e+00
-2.199495588596735995e+00
-2.196546641332678629e+00
-2.207787312006619374e+00
-2.247429124690458746e+00
-2.149841768720498258e+00
-2.048215658986662024e+00
-2.069465667063125736e+00
-2.133873663053493797e+00
-2.237930248464511163e+00
-2.192216732407927360e+00
-2.238969599060322224e+00
-2.363287422304421792e+00
-2.281526931157042970e+00
-2.290714523846768547e+00
-2.340721885116668677e+00
-2.371268373017605846e+00
-2.352673967859844062e+00
-2.294306567584166956e+00
-2.303452852504290771e+00
-2.358291885433461577e+00
-2.266394027861032612e+00
-2.228370852317258954e+00
-2.233805077101463255e+00
-2.344715763078934589e+00
-2.283625049389857775e+00
-2.278936972478041501e+00
-2.326622094481284098e+00
-2.250618953695402880e+00
-2.214109124265361217e+00
-2.273812654609602912e+00
-2.294744771745801160e+00
-2.316241662088613040e+00
-2.309504056345344392e+00
-2.355858266788359412e+00
-2.195519519576530243e+00
-2.175226785629201132e+00
-2.210548366647441032e+00
-2.184861758548445110e+00
-2.273471607203681799e+00
-2.303703803268615236e+00
-2.208502436098968680e+00
-2.379556915798435313e+00
-2.355252951943368700e+00
-2.433844233553861258e+00
-2.393559082236496049e+00
-2.374787747086064105e+00
-2.388339035358503892e+00
-2.403165537861516654e+00
-2.413690283948069393e+00
-2.424007711933997999e+00
-2.448197826176652825e+00
-2.559284452626027662e+00
-2.561717792470454835e+00
-2.626239702241867313e+00
-2.550737398573515335e+00
-2.562542047495116382e+00
-2.463597124349422351e+00
-2.410761543881251079e+00
-2.447579738373847569e+00
-2.565590272226893731e+00
-2.513256021114568473e+00
-2.585545799529771482e+00
-2.565940793523751928e+00
-2.680465525338354915e+00
-2.656317380336465916e+00
-2.622014719403114480e+00
-2.629147497341927320e+00
-2.563616466023409313e+00
-2.597429774292772109e+00
-2.537905852535846662e+00
-2.673012390692629747e+00
-2.587445446551880579e+00
-2.623933247529541379e+00
-2.584427716708845857e+00
-2.609125030626292752e+00
-2.562890323943347592e+00
-2.646678141906880111e+00
-2.567446977266186980e+00
-2.494131077763501292e+00
-2.461325648315741077e+00
-2.405067558554249807e+00
-2.372849483227622347e+00
-2.295125026480183905e+00
-2.366431705808142549e+00
-2.489794770704850446e+00
-2.422135585971616933e+00
-2.539567348947001424e+00
-2.509800361560508897e+00
-2.468375912845042652e+00
-2.436995865927841898e+00
-2.315052799795646710e+00
-2.236690248916621826e+00
-2.314867685559063304e+00
-2.382737741939525478e+00
-2.417190899031434359e+00
-2.458352180505340545e+00
-2.450830440839930624e+00
-2.461817172371116857e+00
-2.372390415998515856e+00
-2.285653393534178957e+00
-2.238653354837660814e+00
-2.233774818389456129e+00
-2.272306372941358177e+00
-2.263873820008955207e+00
-2.089113644272028392e+00
-2.087210719558309169e+00
-2.098202287143612566e+00
-2.205694541293744315e+00
-2.212727162094493494e+00
-2.225572481491366883e+00
-2.194052247124187449e+00
-2.200829347085917931e+00
-2.127696440928554367e+00
-2.026412713122677456e+00
-2.017294689670203756e+00
-2.010655120402138785e+00
-2.012136872766737916e+00
-2.022597774430953788e+00
-2.008468249775034131e+00
-1.951687657585396529e+00
-1.857768329196975987e+00
-1.821605862162461564e+00
-1.862950293218490705e+00
-1.884773391859652314e+00
-1.929960355814846595e+00
-1.886740284616494456e+00
-1.876141433698917504e+00
-1.957178700067352395e+00
-2.041415678298951875e+00
-2.027238590244285543e+00
-1.950468175933514070e+00
-1.960360178400621711e+00
-1.960683767362310315e+00
-2.013266088239953788e+00
-2.016090650418060903e+00
-1.990786902272696501e+00
-1.962522687008998901e+00
-1.848157475865341404e+00
-1.823173223923968633e+00
-1.778853564117002684e+00
-1.720299521322837144e+00
-1.785123786038052440e+00
-1.873540282116519684e+00
-1.828641643291080809e+00
-1.856193962203654291e+00
-1.909853110907068885e+00
-1.895668439918525960e+00
-1.833905558258928314e+00
-1.858567005980844566e+00
-1.940129853752752931e+00
-2.011138332574627263e+00
-1.925194071510756277e+00
-1.922493870187394371e+00
-1.915828262739408538e+00
-1.885504432908485795e+00
-1.997234692545310386e+00
-1.997754975107093323e+00
-1.997090848891942549e+00
-1.959739838453980365e+00
-1.918709162482437725e+00
-1.916156814838417821e+00
-1.937648280263944089e+00
-1.808025629179275562e+00
-1.741928478299003213e+00
-1.818092801209095777e+00
-1.782284986653857040e+00
-1.795058398257176169e+00
-1.815179911452218242e+00
-1.667838296311916046e+00
-1.553439862807956873e+00
-1.580169611439453226e+00
-1.681971789243886350e+00
-1.580583009587569032e+00
-1.584098453619299240e+00
-1.528847758135990720e+00
-1.476468486623046195e+00
-1.477413390189590725e+00
-1.461025132195614029e+00
-1.428929449230451842e+00
-1.502033317073709906e+00
-1.617101877590752856e+00
-1.597551018649060683e+00
-1.751531054265022647e+00
-1.632950423483679359e+00
-1.633415608639038785e+00
-1.562246420332095376e+00
-1.526411033859841782e+00
-1.528737923419869471e+00
-1.552706547864793674e+00
-1.512880556094302165e+00
-1.391189278355278836e+00
-1.306168843502463206e+00
-1.236248010645465634e+00
-1.378435083964280050e+00
-1.366020108401754252e+00
-1.282297978061092580e+00
-1.348815904033598523e+00
-1.332774144496854385e+00
-1.309738070603733151e+00
-1.347798967601968378e+00
-1.328641078858109115e+00
-1.230682445809996972e+00
-1.221375867345569688e+00
-1.258478309911413184e+00
-1.269818681533153804e+00
-1.320444894417818205e+00
-1.158922108433221743e+00
-1.173972096623921546e+00
-1.268712060551553389e+00
-1.250304581142845706e+00
-1.109366759373954237e+00
-1.162723330478168116e+00
-1.195785994253118378e+00
-1.291276575752938749e+00
-1.312880344326328386e+00
-1.341376962433217246e+00
-1.262064786106257053e+00
-1.255192565661303661e+00
-1.303383873649011093e+00
-1.191106131601440854e+00
-1.174358543786422349e+00
-1.244147281996151655e+00
-1.212623303921928075e+00
-1.324249063027443718e+00
-1.340328276399266105e+00
-1.287153586201066346e+00
-1.321797729361784413e+00
-1.372315099301480323e+00
-1.435058703843863581e+00
-1.479786814279967944e+00
-1.483343590208999085e+00
-1.497416298165267001e+00
-1.563551912605064764e+00
-1.624088034431613314e+00
-1.633774668883775538e+00
-1.633723582119348539e+00
-1.655137469722979926e+00
-1.651458981904341261e+00
-1.615537725747204112e+00
-1.517587947454149822e+00
-1.440986686440287379e+00
-1.380947236608408568e+00
-1.284259813602647293e+00
-1.251434097351958208e+00
-1.376111514480359510e+00
-1.358370514054586309e+00
-1.385687537912503986e+00
-1.287128106052087162e+00
-1.144098566278322293e+00
-1.212714000481784460e+00
-1.225038080226124038e+00
-1.180292017645685698e+00
-1.220986025902407679e+00
-1.230664636825858249e+00
-1.203703783054048237e+00
-1.161550516401201660e+00
-9.965682794914670906e-01
-1.063611096847301152e+00
-1.092187446944507645e+00
-1.120145227608567051e+00
-1.123915621746010896e+00
-1.153115471321399355e+00
-1.242990413689457618e+00
-1.269341810980379570e+00
-1.237141810719364354e+00
-1.115183645447679117e+00
-9.698401669997307462e-01
-9.248938383055810286e-01
-8.383867408899136064e-01
-8.032008273485304883e-01
-8.364445480504083541e-01
-8.006204445293939598e-01
-8.503504266369357190e-01
-7.300282118404934906e-01
-7.242783242587460535e-01
-6.111103626444681636e-01
-6.351618637897964437e-01
-7.471251239741769634e-01
-6.760885452502558568e-01
-6.582962540200705259e-01
-7.065628476975223116e-01
-7.375284751798216742e-01
-6.965286703087709697e-01
-7.941510228261063897e-01
-7.812663778255485303e-01
-7.396682298575202319e-01
-7.754861123222914765e-01
-7.751616429965247912e-01
-7.756512877536579920e-01
-8.670302523961220809e-01
-7.554554373302472259e-01
-6.501150464642944105e-01
-8.039796123688023322e-01
-7.590109409944709729e-01
-7.214726397332330565e-01
-7.193086259410650385e-01
-8.135919288865651744e-01
-7.929026790765358879e-01
-7.266129818636779536e-01
-6.726586863812470396e-01
-7.111177888553814608e-01
-7.766279838455447670e-01
-6.683886902373142869e-01
-7.449889576200444674e-01
-7.225043191966378231e-01
-7.294553920692402604e-01
-6.167056993233569484e-01
-5.585261835135102437e-01
-5.456652530258530032e-01
-6.129850317394780479e-01
-4.447264043296311753e-01
-5.109718710072740366e-01
-6.024761474545488049e-01
-7.086579703292428256e-01
-6.640385272830219288e-01
-6.793470438012290114e-01
-6.998929709110954800e-01
-8.120006071864206421e-01
-8.691469980934196649e-01
-9.183954989167302241e-01
-8.628846885889048801e-01
-7.600713884998482328e-01
-7.174656419362396287e-01
-6.453929528384482195e-01
-6.775398338214499994e-01
-6.780119242001931834e-01
-5.083059244587029291e-01
-5.566013820176196614e-01
-4.336366923923783423e-01
-3.764104537326694033e-01
-4.879983704359148744e-01
-4.394991676277805737e-01
-5.696025605424684946e-01
-5.612050315311233328e-01
-4.851506102671289677e-01
-4.068539545298460181e-01
-4.507867891192852694e-01
-4.542177819797031946e-01
-4.583822724556559369e-01
-4.389398385256051416e-01
-3.954456261658865213e-01
-4.238239488362640639e-01
-4.516398301766107459e-01
-4.402399183679100436e-01
-4.828834100886063019e-01
-4.005087498338900098e-01
-4.224968053354075104e-01
-4.708599599678897074e-01
-4.016396196949596487e-01
-4.453220736340591235e-01
-4.646607957636529895e-01
-4.668075463535957259e-01
-4.959972565892475371e-01
-4.956146668009001055e-01
-3.437019717340150660e-01
-1.951653638737567142e-01
-1.374994315050016847e-01
-1.438407653091030025e-01
-1.444890667332047740e-01
7.150286990802307008e-02
1.079032151525932126e-01
7.606595432505483534e-02
1.859576230136331387e-01
1.845644306311966520e-01
1.133289377311592905e-01
1.609655241347967836e-01
1.163389482436585076e-01
1.722958045997148580e-01
1.871650535327228082e-01
1.883139328711772587e-01
1.991328440873010863e-01
2.511729761777046765e-01
3.156731609929772087e-01
3.793170724003457339e-01
4.310910916769072898e-01
5.180460103416325568e-01
4.949863150171742721e-01
5.193920175967815522e-01
5.744673268803419663e-01
6.549626991701755774e-01
7.047827565914368542e-01
7.015975366787498002e-01
7.539579106403812014e-01
7.889509120751510007e-01
8.302333380193260837e-01
8.102275828767268040e-01
6.767248916055164099e-01
7.152719790569498359e-01
6.268568905343149256e-01
5.339714072850841875e-01
6.262619617146022444e-01
5.854610606144210472e-01
5.105562589399544882e-01
4.813139502917495038e-01
4.701824780131101944e-01
5.429420247721314929e-01
4.070454344693950066e-01
3.095487696150027168e-01
3.514173704242937735e-01
3.321752802118800307e-01
3.733910708446425697e-01
3.845477411704726900e-01
4.570700731938571737e-01
4.309953744325443203e-01
4.894397267568357246e-01
5.113709110764794730e-01
4.989071407433481320e-01
5.130040997322140583e-01
5.436044524300155389e-01
4.700925277389068624e-01
5.852756668501748472e-01
5.595083851840524369e-01
5.714010781663192429e-01
4.671981983349602907e-01
3.447413623770130275e-01
4.911982395866176243e-01
5.478643405209950856e-01
5.477775055116830272e-01
5.152636416163797195e-01
3.550485139036162474e-01
4.451740767805356658e-01
4.353018168773299390e-01
3.910378671287407237e-01
3.965266276563870762e-01
3.103022679476742929e-01
3.459558588536587043e-01
4.034819754753920518e-01
4.591227675720143675e-01
4.760818395313369256e-01
4.851221994796303671e-01
4.831356649793585589e-01
4.790374144837704073e-01
5.680637535036230368e-01
4.406483538464733840e-01
4.350690987468485149e-01
4.697655268540141815e-01
5.080615760155855476e-01
3.142885332916156571e-01
2.660355436443555543e-01
1.966312430513120768e-01
9.666960867917012701e-02
5.229974035154283385e-02
8.173015192902990944e-02
9.804512394988937340e-02
3.814791618049237498e-02
4.771821526570252381e-02
-7.500503829666141375e-02
-8.009719589820786523e-02
-1.697087481703943301e-01
-1.903327993524623341e-01
-1.210573432447556441e-01
-8.139139346139180609e-02
-6.263190593343111179e-02
-6.327939281316034836e-02
-4.965675655284410017e-02
-8.098973444005332090e-02
-5.706511545407208508e-02
-1.149578423760338891e-01
-1.194313391577077055e-01
-1.718819461123263503e-01
-2.154545886917828279e-01
-3.099106526181956145e-01
-3.053999166189698133e-01
-1.330473068685707194e-01
-1.901161494432311583e-01
-1.179341546606875457e-01
-1.220885154420169871e-01
-1.738998811298486380e-01
-9.857641407554705582e-02
-2.125181965650592142e-01
-2.344384134225719063e-01
-2.644071316035476737e-01
-3.003438250869777115e-01
-4.030582717769424228e-01
-4.441799135374703833e-01
-5.054983915712976117e-01
-5.123597924900045175e-01
-5.313643101714509154e-01
-5.617653375620638156e-01
-5.481697816750489283e-01
-5.096904989133363983e-01
-6.970766387267125497e-01
-8.026543399269964185e-01
-6.945170697128985049e-01
-7.481698689567184424e-01
-7.966048687585407517e-01
-8.342734032798135857e-01
-9.069374039377784413e-01
-9.523461155429022718e-01
-9.999699438399756168e-01
-1.031359056240469974e+00
-9.271722929410061154e-01
-8.679697581927333649e-01
-8.432414784311546008e-01
-8.586473640514010741e-01
-9.727447574350497339e-01
-8.355016009277053124e-01
-7.229573053532349913e-01
-7.269865242110893355e-01
-7.435692689866966187e-01
-8.331886543983623161e-01
-9.925945211186044670e-01
-9.325146854035593069e-01
-1.016735539060500848e+00
-9.908910372309548409e-01
-9.686580116546513741e-01
-9.537910175370996058e-01
-9.393385523012942606e-01
-8.099911255627598727e-01
-8.282508245903064115e-01
-8.373551043526261672e-01
-7.961496171932643806e-01
-8.002196722460793721e-01
-8.279230506539335677e-01
-6.925678552431138169e-01
-6.806870106242142171e-01
-5.282587308216604161e-01
-4.725990428765631801e-01
-4.136605012994783448e-01
-3.093760872845038867e-01
-2.565603217141788073e-01
-9.902185973958256560e-02
-2.370444359779686760e-01
-2.231790869314364822e-01
-2.674056041669152228e-01
-1.726401679703621905e-01
-1.751334251508341877e-01
-2.466783978913641706e-01
-3.035120616525364690e-01
-3.675350146856923295e-01
-4.549832435870039826e-01
-3.652435265684215726e-01
-2.709380704218091740e-01
-3.226343042553225793e-01
-4.099798887362473554e-01
-3.499407483464848090e-01
-3.320681748245362663e-01
-4.504089777020248153e-01
-4.242227153187864142e-01
-3.516452480261162417e-01
-2.037169234786187222e-01
-1.681982864144152823e-01
-1.667465112588716603e-01
-1.656325647727896755e-01
-1.431153726074597954e-01
-5.583895185832833674e-02
-1.805426318770216032e-01
-1.963792789498373104e-01
-1.436655566610334500e-01
-1.577160332923495112e-01
-4.217902070534392672e-02
-2.986922121834672400e-02
-4.133274970246909180e-02
-1.349192342930970734e-01
-8.705512680819722793e-02
-9.694646861571906693e-02
-9.171967769660525904e-02
-2.115247452479022683e-01
-1.748233625443170736e-01
-2.758623072884223149e-01
-2.953441159808150029e-01
-4.491186778478074570e-01
-4.264285759814090970e-01
-3.453652564720248175e-01
-3.973389310283348963e-01
-4.666644505137390597e-01
-3.691712667003967940e-01
-2.803628328086908983e-01
-2.318176366987539927e-01
-1.008135275423895222e-01
-8.930272245119931507e-02
-8.238972721381349062e-02
-1.695094129131557437e-01
-1.487788714526603606e-01
-7.744488033446174369e-02
-1.317313074858440097e-02
-6.041811139135149639e-02
-6.299365391428086991e-02
3.648473859275903897e-02
1.930530992755289110e-01
1.013618112681815842e-01
5.330414876323265327e-02
2.258078220856481189e-02
-6.908622895199248437e-02
-8.429446386889168086e-02
-7.920187633458432297e-02
2.481287139022660473e-02
-2.600397896331546957e-02
-7.703882047667830191e-02
3.169102434553723764e-03
-2.871129183397796297e-02
1.459493153253474396e-01
2.364170201516480885e-01
2.206303007044452813e-01
9.614236015936430957e-02
2.128549471281908911e-01
2.095516002933518751e-01
1.408017237688671264e-01
1.609105715947913295e-01
2.296770270209434472e-01
2.209617887339611064e-01
1.395997717635152069e-01
2.964011385594738091e-01
2.316011473405069909e-01
9.210853656791516408e-02
1.923295755947056762e-01
1.321709314478355102e-01
2.298374507978140358e-01
1.947340934762674669e-01
2.488669017425007013e-01
3.268649260346845331e-01
3.949096811072131952e-01
5.533697991731618693e-01
5.510264116903054177e-01
5.908717255168584037e-01
6.077860204751200923e-01
6.440516442734574021e-01
6.550225859622602620e-01
6.640526504281965003e-01
6.974167097428983775e-01
6.359509394306885888e-01
6.074731489570888154e-01
5.076152524170319813e-01
4.389210813258243582e-01
3.648597900156790863e-01
3.382433696055440198e-01
3.147533260312259107e-01
2.267707591691777436e-01
2.821707668601770580e-01
3.391298740308755222e-01
2.752367815476827739e-01
3.312528228954854104e-01
2.409864345763236271e-01
1.601787775281127146e-01
4.309503689933887050e-02
7.771550206982873188e-02
9.393764346633935725e-02
1.024571643859157333e-01
1.816604832821103743e-01
1.007664075044886337e-01
7.361760114419230172e-02
5.592264932624514684e-02
1.353288996109964018e-02
-3.795258098190908147e-02
-7.874984167884119257e-02
-2.231433766562701537e-01
-2.693826071369237463e-01
-2.660475627566967205e-01
-2.840489458989965410e-01
-3.890086582596532505e-01
-3.090032243772148912e-01
-3.403044977838725060e-01
-4.840088865753027769e-01
-3.640618262872778454e-01
-3.322246220680676321e-01
-3.256154197748089563e-01
-3.962475418722624099e-01
-2.997274138329389936e-01
-3.479269940428091346e-01
-4.938611817069974985e-01
-4.341005999544933491e-01
-4.712699598713783189e-01
-4.007813183358979736e-01
-4.764505516526413298e-01
-4.199212779013008490e-01
-4.304402658055633824e-01
-3.901758664964442569e-01
-4.232321076301353013e-01
-4.255714104753382521e-01
-4.564819305873852873e-01
-4.579138813171156341e-01
-6.138655561238212099e-01
-5.477389149123348400e-01
-5.205404599469101168e-01
-5.743263863867729135e-01
-5.456275206347300788e-01
-4.486050444024958228e-01
-5.904265442451914758e-01
-5.763226728062020854e-01
-6.982665379020607244e-01
-8.447878478037504912e-01
-9.069755515441025873e-01
-8.155297994695166475e-01
-8.728279836207822884e-01
-9.450775526477320776e-01
-8.620965928047482629e-01
-9.510155449990358445e-01
-1.084201283007958816e+00
-1.117660742868786139e+00
-1.031777992680769085e+00
-9.083685843111770630e-01
-8.345194891876563936e-01
-8.984628900483337954e-01
-8.179873441646150489e-01
-7.684648858206220012e-01
-7.692614262683709070e-01
-8.016930679294530515e-01
-9.319017769513986416e-01
-8.776276848546038512e-01
-8.500399610532490824e-01
-9.260765756910396274e-01
-1.062955321187911695e+00
-1.142788891975795140e+00
-1.136100465051722574e+00
-1.214155623080021007e+00
-1.129142393323959048e+00
-1.159741848315684942e+00
-1.313129868795966715e+00
-1.407009374840258120e+00
-1.357235593283142361e+00
-1.233855145763322669e+00
-1.185704116801978847e+00
-1.171277932752009976e+00
-1.132707206484059759e+00
-9.887609842132130122e-01
-8.980683423913298213e-01
-8.687200079947052789e-01
-8.809718066330541886e-01
-8.771388056877912343e-01
-9.129669726796616480e-01
-8.392064880968048701e-01
-8.875680305730839770e-01
-9.841154082851070184e-01
-1.040510610647600531e+00
-1.082101792450667732e+00
-1.016994206588903493e+00
-9.327848668670912780e-01
-9.855056507089172690e-01
-9.830432672365113644e-01
-9.686782565453656568e-01
-9.576581134861353872e-01
-1.003768678785476265e+00
-9.268875342334043088e-01
-8.775518852840514805e-01
-8.355116719814935644e-01
-8.947216878308714705e-01
-8.293086848364664698e-01
-9.019929849168251135e-01
-9.465688622239016858e-01
-9.103765791398166218e-01
-9.162048473304094109e-01
-8.377935065726345165e-01
-1.022780111526088387e+00
-9.429618212930088728e-01
-9.890479733645345384e-01
-9.010897911228740176e-01
-8.827953975536978470e-01
-9.277880277270392773e-01
-8.975319034215709646e-01
-8.878705133393329785e-01
-9.680962161900512619e-01
-9.494393035236332601e-01
-9.829103285862691441e-01
-9.964524779869756710e-01
-9.014471034667148608e-01
-9.124902807553159079e-01
-8.215529690609169045e-01
-7.924706403296695179e-01
-8.545622826885060919e-01
-7.637986688152668124e-01
-8.643904887384786795e-01
-9.315112878568972965e-01
-8.825475693595050686e-01
-8.799157109199430282e-01
-9.480282360014844478e-01
-9.548356273231957125e-01
-9.249276649632590663e-01
-1.003399240028989281e+00
-9.193496476417438723e-01
-8.363219930426890603e-01
-7.611709723107362713e-01
-8.032560318130834709e-01
-8.251809514710034543e-01
-9.475799294694691177e-01
-9.479248965695384888e-01
-8.426026872317680105e-01
-8.100305300614576431e-01
-8.726659756608696750e-01
-8.608716125467041902e-01
-7.920576758613394608e-01
-7.489864896426476903e-01
-7.107273705954620935e-01
-7.139033976787321212e-01
-7.943376717129717601e-01
-7.886695694125351874e-01
-7.132757016820130413e-01
-7.890268140495914073e-01
-8.697229303297164815e-01
-1.029239991053386483e+00
-1.045183078113676389e+00
-1.149225889139117829e+00
-1.196526737908093940e+00
-1.252977114390195545e+00
-1.190247062642795894e+00
-1.176670832849389114e+00
-1.214738204381814235e+00
-1.189010487136122673e+00
-1.208891175531135342e+00
-1.090231992778770254e+00
-1.057529488875589729e+00
-9.220132925952658765e-01
-1.031164549849089562e+00
-1.220369062420456618e+00
-1.161473761126949666e+00
-1.146894973026593156e+00
-1.013650578515054690e+00
-9.305843569216286637e-01
-9.713876152568489131e-01
-9.119451590740913494e-01
-8.644657679740769263e-01
-9.117490311346752030e-01
-8.577470001872495864e-01
-1.028597418786200146e+00
-1.050715684822525864e+00
-1.036254413972868660e+00
-9.085725763911134401e-01
-8.932860475682328216e-01
-9.010282620724375802e-01
-1.027608050001664663e+00
-1.047684248823823605e+00
-9.884582792284999364e-01
-9.643606051485343889e-01
-1.000052967676262394e+00
-9.651562804221806013e-01
-9.367490661665284213e-01
-8.583986382942878635e-01
-7.616548615683215173e-01
-7.924258957197025666e-01
-6.682933982551588770e-01
-5.450500440428088789e-01
-5.015504284877899677e-01
-4.977076092196685009e-01
-4.651319920243896511e-01
-5.676433256717713371e-01
-5.393000824059716036e-01
-5.885134194598042878e-01
-4.977500175515607306e-01
-4.705153575743173944e-01
-5.791508749709193271e-01
-5.865196965286134656e-01
-6.164657535425445145e-01
-6.662179113002137942e-01
-7.648203099605540567e-01
-9.084789934379426946e-01
-8.853479887613046051e-01
-7.986599633224149564e-01
-8.832311829667313097e-01
-8.818083730939483278e-01
-9.003411673563712636e-01
-9.402702201275113802e-01
-9.209194191707995580e-01
-9.677805893323703224e-01
-1.107056904260187657e+00
-1.084473537038126656e+00
-1.060695822021428425e+00
-9.930407657413748979e-01
-1.029201031355077456e+00
-1.075861488586619119e+00
-8.651751917530928759e-01
-8.303810835411555846e-01
-8.634413964578100398e-01
-7.929848941068065038e-01
-6.539473953184957722e-01
-5.863217402286138302e-01
-5.816191789881961505e-01
-5.116088767014681515e-01
-4.936364928439438415e-01
-6.619706855034223070e-01
-6.780509741230930087e-01
-6.146190204643104948e-01
-6.313902759393932307e-01
-6.071400618452751363e-01
-5.393258934243415625e-01
-5.429432072101977313e-01
-6.150671140021272132e-01
-5.757738427452070429e-01
-5.445781149745516636e-01
-7.227716036773392805e-01
-6.360872820374748882e-01
-5.376961691148893774e-01
-5.610394122914311721e-01
-5.502176924150324888e-01
-4.833710448770498491e-01
-5.135186832971970761e-01
-4.885916232468975884e-01
-4.050106491805174902e-01
-3.950433944553151111e-01
-5.567582286863826946e-01
-5.881089631667983930e-01
-6.455820211459122326e-01
-5.532086862411116357e-01
-5.396689084200895214e-01
-4.496137665485323565e-01
-4.426050997545668553e-01
-4.257890905462800579e-01
-4.736587482148345574e-01
-4.962779355109279700e-01
-4.179676660110431818e-01
-3.519955657880375344e-01
-3.785442642801957192e-01
-3.544654444695614637e-01
-2.501311361586895377e-01
-3.943588173927053964e-01
-4.488503979971210089e-01
-5.554694182141058922e-01
-5.189386585940991559e-01
-6.799292428782091058e-01
-8.037642767752642969e-01
-7.532659392978361401e-01
-7.892193772762686743e-01
-8.872821685799157088e-01
-9.313637403229688694e-01
-9.135107217763756005e-01
-9.334685549817844930e-01
-8.271877806179477322e-01
-7.030563827678943944e-01
-5.865752164919503242e-01
-4.960795620138864215e-01
-4.214600429704826734e-01
-5.344966533912407503e-01
-5.587933176230115428e-01
-5.468960219119318733e-01
-5.548748738235389499e-01
-5.781782771114545305e-01
-5.686640342388422642e-01
-6.207079490915231590e-01
-7.121302582057379427e-01
-8.222921610703582962e-01
-7.951435981426872024e-01
-8.886227764739715873e-01
-8.698902031429186499e-01
-8.157259337403059973e-01
-8.206124318281673435e-01
-7.543174650982792384e-01
-7.440720526769453169e-01
-6.510238009769230283e-01
-8.012293505605092570e-01
-8.506261587036575422e-01
-8.127319856180272861e-01
-8.943644300397546321e-01
-8.872241489769981948e-01
-8.422141714868666140e-01
-9.195639197787089936e-01
-8.989783718536467072e-01
-9.959514999603299445e-01
-1.150655558627383890e+00
-1.105238408571799003e+00
-1.231597543968082409e+00
-1.389159239969840920e+00
-1.386852756652859675e+00
-1.397318866433027607e+00
-1.328030563468727054e+00
-1.323342537991136991e+00
-1.288153372915885164e+00
-1.419496835053193129e+00
-1.389550277861465899e+00
-1.361893194512889149e+00
-1.283973123634326363e+00
-1.211477186504396730e+00
-1.228386993151066031e+00
-1.295530489940358798e+00
-1.451100605295089663e+00
-1.532800983511251269e+00
-1.493106946207465091e+00
-1.406399766565952225e+00
-1.382415259490443304e+00
-1.403248809684648712e+00
-1.338693375913742711e+00
-1.258833936579308199e+00
-1.341167757199957400e+00
-1.334413800773867953e+00
-1.356947579820253713e+00
-1.439903139504341789e+00
-1.403315970044055394e+00
-1.449214264953089915e+00
-1.261793705648924124e+00
-1.141956894245143461e+00
-1.145406934891531670e+00
-1.139300521016804124e+00
-1.163956107189449973e+00
-1.218075239717727687e+00
-1.248779138999632998e+00
-1.162070654713368123e+00
-1.196748562240520064e+00
-1.174879655634061493e+00
-1.247087961866841122e+00
-1.284883416337608386e+00
-1.225259928174247337e+00
-1.287696716094194560e+00
-1.205203532337826733e+00
-1.199155733003824498e+00
-1.264841267291203941e+00
-1.188769027369003028e+00
-1.145112124598968384e+00
-1.040411991826639682e+00
-1.068061098959652178e+00
-1.105001290871784114e+00
-9.508417117392927720e-01
-1.098807786879798076e+00
-1.048497048240820240e+00
-9.405347883338346371e-01
-8.573754735702807661e-01
-7.991463013068074162e-01
-8.290164472306867927e-01
-8.311830281177574609e-01
-7.271840773529889557e-01
-7.784506109739282032e-01
-8.709747930345363987e-01
-8.750160412090324247e-01
-7.804222434697010158e-01
-7.554000694471090238e-01
-7.820386413757121069e-01
-6.553472717044697138e-01
-6.933035009003307714e-01
-5.815564460733063656e-01
-3.775442910456205392e-01
-2.299374937236079719e-01
-2.669828514748654458e-01
-4.320349373060874409e-01
-4.788466810459732770e-01
-4.369779373037252501e-01
-4.258209377960726072e-01
-2.927169932429297128e-01
-3.434671348559982795e-01
-2.212662309166380792e-01
-2.699142739310751438e-01
-2.929209477249739013e-01
-2.158172695469738056e-01
-2.140848883016956139e-01
-2.483073656970372078e-01
-3.028852358653439936e-01
-2.580674435851202375e-01
-1.655468638799178493e-01
-3.269189406173692025e-01
-3.586977196498319365e-01
-4.017892756350604500e-01
-4.134353998698299670e-01
-3.389965918671342116e-01
-3.094967868547816581e-01
-1.164470958450889992e-01
2.170589114214872828e-02
1.938044691716208495e-02
-1.163015352886649922e-01
-2.548590594913534013e-01
-2.094776410043656667e-01
-2.028754603216668118e-01
-4.805162354283155635e-01
-4.597575184386763492e-01
-3.966994126061689219e-01
-4.943327796009296948e-01
-3.535470973776843051e-01
-4.017002830412670367e-01
-4.101825797489093706e-01
-4.249032784682307828e-01
-4.978049118896760161e-01
-5.205954354777652116e-01
-4.240253012135921651e-01
-4.320661927460036078e-01
-4.033167782035471660e-01
-5.567764405387269910e-01
-4.754297268559252720e-01
-5.531159759905975859e-01
-3.961676164406902623e-01
-4.606343927179643027e-01
-4.362196746249689117e-01
-4.122043838545845218e-01
-4.418529980231460930e-01
-3.533084013618820740e-01
-2.915760334408833976e-01
-2.463063082367684398e-01
-2.848792933063710731e-01
-4.012647809376854724e-01
-5.924202983318445082e-01
-5.169634280905793799e-01
-6.419293386790037026e-01
-6.653241834717995573e-01
-7.232031882157726743e-01
-6.685420612357793058e-01
-5.715536131096680128e-01
-4.625984230138291409e-01
-4.731515930013373561e-01
-5.248935777775438627e-01
-5.393248709383386963e-01
-6.452122094899330751e-01
-5.412711365339565317e-01
-5.349574033011876839e-01
-4.771620977814954312e-01
-5.353428160025573979e-01
-6.573784191511601316e-01
-4.919723426820234446e-01
-4.905233776517697875e-01
-4.238886859502570825e-01
-5.461081862332528569e-01
-5.784365192575784409e-01
-6.529299284820797578e-01
-7.332117723201796444e-01
-7.775921984595070002e-01
-7.345311102109425283e-01
-6.628295879335838192e-01
-5.079272598360188296e-01
-4.903707904831188791e-01
-4.930920496261289587e-01
-6.380397090200881083e-01
-7.140055493952692789e-01
-5.624830213884053354e-01
-4.646222411746029901e-01
-5.304673895301930120e-01
-4.657472686195245903e-01
-4.642679636363451490e-01
-6.003782367354134619e-01
-4.841223110451545186e-01
-3.358326190448209236e-01
-2.026457531210527907e-01
-1.112777945314345207e-01
-1.378386790078222623e-01
-1.370513100217648772e-01
-2.512497282533967535e-01
-1.901021629696477699e-01
-1.679708597768617973e-01
-1.893433647803360875e-01
-1.741154598382614049e-01
-1.924445980338359563e-01
-2.760810962265290436e-01
-3.009726808252199959e-01
-3.929644218550037427e-01
-4.833050350945160001e-01
-4.847856941067731351e-01
-4.266609281826987399e-01
-4.552956025966403697e-01
-3.912771675198622456e-01
-4.519990175984845426e-01
-4.380755561002193654e-01
-2.904861663102862868e-01
-1.965056900443182264e-01
-1.531310615813798737e-01
-2.227455788754084953e-01
-4.006512367549226461e-01
-4.284414284253096339e-01
-4.146979235162751021e-01
-4.074693405903613841e-01
-3.182321927310788889e-01
-2.890672994842435339e-01
-3.866311967372866309e-01
-4.937323791846349175e-01
-4.594606668525957338e-01
-4.193701079476891969e-01
-4.323630347029456256e-01
-4.743129990699950227e-01
-5.489214663465662447e-01
-6.498854047993167793e-01
-7.411543681841410436e-01
-7.009478045810606517e-01
-4.524382751136998282e-01
-3.685903823796317647e-01
-4.193819249834902507e-01
-4.913222920360051371e-01
-5.802149529078899359e-01
-3.576474440359594387e-01
-2.051464095770084151e-01
-1.637900125917042260e-01
-1.327593460845940543e-01
-2.090130222847476904e-01
-1.540603151676390725e-01
-2.211582400058328401e-01
-3.014483197265627745e-01
-3.268907051962140486e-01
-4.109353988004760816e-01
-3.754779690447400120e-01
-3.749598174975963261e-01
-5.785346693842113863e-01
-5.532119386104628056e-01
-5.341561939711589879e-01
-5.188050865740259088e-01
-4.091482874916225754e-01
-4.030252207585034441e-01
-3.941716826186710820e-01
-3.871749395434203600e-01
-3.067490786291333649e-01
-2.207365516140218642e-01
-2.957372827684140448e-01
-2.721632383867722549e-01
-1.890033166277147458e-01
-1.334041153709084049e-01
9.709844173138724305e-03
-3.329622270994929412e-02
4.101100923630535654e-03
-9.825205218752736114e-02
1.449178719471751024e-02
-1.790574901958348619e-02
-1.274020679019458868e-01
-1.375707973205523016e-01
-1.612849646088795330e-01
-1.458781928974446918e-01
-4.385214902271561410e-02
-1.014965120767312157e-01
-2.379026792305093674e-01
-1.687739175156505456e-01
-1.889095417252314169e-01
-3.475142311879078072e-01
-2.880280563878789835e-01
-2.889561086532335676e-01
-3.252169339239949775e-01
-3.136771713937517303e-01
-3.914013679195689210e-01
-2.892807549369165732e-01
-2.790659078684082361e-01
-2.453784704839771513e-01
-1.965104663817119623e-01
-1.803575562961195755e-01
-1.805934051144547636e-01
-1.381027735627521624e-01
-1.151817393741024625e-01
-8.371790798512138143e-02
-9.738025493070977257e-02
-8.025514598712529812e-02
-1.933273607141089423e-01
-2.418563012316159999e-01
-4.556766657374515805e-01
-4.721199875803560597e-01
-6.084412750221672717e-01
-5.850406177127452922e-01
-6.583388535506852213e-01
-7.244028798432267102e-01
-6.611393133510026221e-01
-7.423040572655337233e-01
-7.838009598831505720e-01
-8.956434761375015041e-01
-8.249636722579755110e-01
-9.047568894989268529e-01
-7.388111496954343771e-01
-4.561707798491865251e-01
-5.547395417705909271e-01
-4.661960995039604594e-01
-4.660871670458945903e-01
-4.808266224503030539e-01
-5.529526234805385299e-01
-5.650837360926046493e-01
-4.923652987619363541e-01
-5.482906883759637306e-01
-3.333256079020750495e-01
-1.368114259220709339e-01
-1.396593017726711072e-01
-1.487142380168541833e-01
-2.193293016613090951e-01
-1.356104995040266770e-01
-1.642311773301734779e-01
-2.351710452484498670e-01
-2.115842745599538222e-01
-9.139225409772325226e-02
9.885378140956160853e-02
3.244016719052225661e-02
6.746945456686218034e-02
1.143507807852868208e-01
6.319167342081095928e-02
4.532761268217441741e-02
4.605585073233862264e-02
1.051083762966122381e-01
2.557925113094792757e-01
9.474800163232291461e-02
-1.939624632916738325e-02
-4.189881670696832955e-02
-1.254341318495861279e-01
-7.476768321804135031e-02
-8.529420454076078184e-02
5.229215753707988981e-03
2.328522431697122724e-02
-6.104997701185357895e-02
-1.238107391339051955e-01
-1.255121102447923354e-01
-9.714381840253435985e-02
-9.036467330615037541e-02
3.086120584829636290e-02
4.774264151238358234e-02
-1.754310156851878258e-02
1.355667922745397158e-01
4.536309041323689090e-02
-3.325862642972708672e-02
-7.904484095776911912e-02
9.913122418865248642e-02
1.653025375565566613e-01
1.284313917264790217e-01
1.542538919796508923e-01
3.664346587196296717e-02
-6.591507762185424939e-03
-1.922574755612654895e-01
-1.863443569946726108e-01
-2.597908999598360635e-01
-3.897999200141519793e-01
-5.962050763410253751e-01
-5.808979285993974839e-01
-6.524417903576029687e-01
-6.010832722659680272e-01
-6.070511741271729100e-01
-6.449908177305074819e-01
-5.556427747243879445e-01
-4.682992567185933486e-01
-5.525665124844825193e-01
-6.168442127849753653e-01
-5.695632705062985135e-01
-5.999081911110061283e-01
-6.425786336342935723e-01
-6.189428628350112094e-01
-5.770173150013229169e-01
-5.915088960052378164e-01
-6.324025099205174971e-01
-4.952797445291949874e-01
-4.932649259261803198e-01
-5.185977972298264627e-01
-4.330591228769210543e-01
-4.031500064317754539e-01
-4.383257514142542832e-01
-5.713577278235677515e-01
-6.707144135275151520e-01
-6.632057582714215860e-01
-6.609100339323636941e-01
-5.266077257215976415e-01
-4.438897197224632718e-01
-2.672339162478462593e-01
-1.671068881073572987e-01
-4.368851278123291326e-01
-3.736093062915341600e-01
-3.508675615823875216e-01
-4.363092495018208172e-01
-6.155454657101007143e-01
-5.791527688730110368e-01
-3.727581861370488081e-01
-3.832355848924771102e-01
-3.276969141109373762e-01
-3.472365451916699097e-01
-3.678645809705901604e-01
-3.754066896618467597e-01
-4.392288143274413192e-01
-3.327027263045372329e-01
-3.654960674123883813e-01
-3.443682454431456486e-01
-1.665037912763454586e-01
-2.987028356095672299e-02
-2.125315674121342618e-02
-1.897581799884330567e-02
-1.219319615851250233e-01
-1.677436340732529618e-01
-9.261275478756034185e-02
3.806049021196415000e-02
1.303567425060353779e-01
-1.859379191657282299e-02
1.099372700885362097e-02
1.912642965035432630e-01
3.854473042457919885e-01
4.101711133297833434e-01
2.515966047278828666e-01
-4.398738225436804876e-04
2.906806175553094951e-02
-4.666920040223476208e-03
3.094326171701575548e-02
1.533177226129394666e-01
2.743801745088816357e-01
3.063623724576612362e-01
3.267614273489708454e-01
3.267099515883391536e-01
2.616337857061688532e-01
2.566486540689116302e-01
1.704161462879734412e-01
2.223876909783611411e-01
3.144806186139584847e-01
4.025815191422272843e-01
4.143585697120117928e-01
4.296769092542128132e-01
4.538259665597407233e-01
4.835678507538077042e-01
4.174526517477399334e-01
1.240893419064269393e-01
9.780115918197096470e-02
1.079182751024473363e-01
