-3.408622688618676566e-01
-7.200348264695870526e-01
-5.339329224816697916e-01
-3.313803915228958896e-01
-3.017841788861918562e-01
-2.423198197310572344e-01
-3.363612376096601908e-01
-2.935407076169385121e-01
-3.488711138362094455e-01
-3.057996927769257023e-01
-2.909022596530822513e-01
-2.277628189051019991e-01
-6.912681864869948956e-02
-1.976189855992591948e-01
-2.645774559117309299e-01
-3.739287295182751047e-01
-3.000160789929303129e-01
-4.074257915337182734e-01
-3.552589915711801272e-01
-3.286434197171368421e-01
-7.115048471569733746e-01
-5.283968231318341147e-01
-1.842229110106626266e-01
-3.959790387387067123e-01
-3.422255467935622075e-01
-2.675965409239117743e-01
-4.079251710416513244e-01
-2.840942805867494592e-01
-5.250493426414615250e-01
-5.977402339899628991e-01
-6.982028441496009874e-01
-6.579702733737109455e-01
-2.844942016447100652e-01
-4.779641024796018600e-01
-4.024088234110026474e-01
-3.743133399001025707e-01
-4.993454285454727026e-01
-1.576981401622119250e-01
-8.410723248610005309e-02
9.142385587410770467e-03
-7.185945715804435696e-02
-9.499760755539904400e-02
2.928071678595744465e-01
2.256965665825928224e-01
4.302572598707914420e-01
5.677264934895325244e-01
6.202300271745327942e-01
9.095427470694414929e-01
8.287235583380871962e-01
7.641758534130296265e-01
1.190765828638426616e+00
1.123469393213406553e+00
1.021129313724366883e+00
8.733461396064463589e-01
9.572729539692458323e-01
8.324396748922401335e-01
1.083178921120212301e+00
8.646926216170470747e-01
6.876941787970848319e-01
4.427714332493393745e-01
3.968513266689924213e-01
7.064709615069247883e-01
8.418251091897895888e-01
7.835268618757225134e-01
7.575709928270843996e-01
7.914095376184071551e-01
9.548219210082602437e-01
6.566561889746328484e-01
7.076616605846925978e-01
3.627707271355231078e-01
4.103288754669639493e-01
2.436746484700759163e-01
5.165730419360534120e-02
2.104173615153922261e-01
4.855303895897274957e-01
2.560311809536094385e-01
3.318032902974891174e-01
3.422871616247696314e-01
3.267266007687693041e-01
2.577391209745905076e-01
2.649226930245068279e-01
1.297782638137993105e-01
-7.124283266919226310e-02
-1.456302386791217540e-01
-8.614744571392377037e-02
-2.900845803241455800e-01
1.336372343760013626e-01
-1.037081440415253408e-01
-4.047048772176134457e-02
-1.760085319065357867e-01
4.789901253984992814e-03
1.645937734363771554e-01
1.083697329347150518e-01
3.819686854106287832e-01
5.809303048126740476e-01
6.474065190003972514e-01
5.705559169164313715e-01
7.523730996016486650e-01
6.613625340282719423e-01
5.239832862873218255e-01
5.635567796245892769e-01
5.762381566314004333e-01
5.614421838124540320e-01
3.050775908752279553e-01
1.230525817050434761e-01
-1.386135185252271654e-02
-5.305805633404683808e-02
3.600264942977322580e-01
3.968990272832770283e-01
4.033274967569312475e-01
1.877489985705037834e-01
2.351552998685705557e-03
-8.942077964834905428e-04
-3.011941151279793824e-02
4.752128900401739187e-02
-1.577299732009742605e-01
7.865348841618054199e-02
1.488482896007913177e-02
5.269081327859687774e-02
-3.953521467224421770e-02
-2.983689352470065836e-01
-3.146950608177770947e-01
-3.023993499796525652e-01
-4.487106133806940678e-01
-3.199345316256743676e-01
-3.028861613641161132e-01
-4.638849712632229227e-01
-4.689761656485949004e-01
-4.779723513162242865e-01
-4.766006443774661872e-01
-3.607073331490979196e-01
-4.351821304392676781e-01
-3.527806042976529000e-01
-7.620726912382574936e-02
-1.901690995443671428e-01
-1.703241513391407225e-01
-4.075872017819508197e-02
-2.750847763172812321e-01
-1.233261381027842135e-01
-1.170238518618647340e-02
1.825142700554529748e-02
-1.377645403504807742e-01
-2.969046896525353030e-01
-1.593573298394824755e-01
-1.761144491596222661e-01
7.783071163642512431e-04
4.014144703720317481e-02
-6.646443863322636092e-02
-8.001107956321634740e-02
-2.401581199493152685e-01
-3.999298332272233081e-01
-1.656254398450081877e-01
-2.627900795214148100e-01
-1.540120139757825135e-01
-2.978481193648679359e-01
-5.022612737835712160e-01
-3.824865762606770025e-01
-5.595192324990421184e-01
-6.081226222240078139e-01
-4.741900553795990736e-01
-5.048079405330386793e-01
-3.698663621706205218e-01
-2.820727046411682370e-01
-4.375398162945725034e-01
-1.136102280120628027e-01
-1.211777827206250435e-01
1.114921567422706532e-02
-3.966017461509157432e-02
-4.431617297005835954e-01
-1.877466905971734989e-02
-2.248463568399482887e-02
2.159889609884048101e-01
1.942455859023007603e-01
3.566905624544907116e-01
3.973487265060642315e-01
4.443599956214419056e-01
4.384879101160140680e-01
2.193026702940814032e-01
2.408760742766581919e-01
4.907721831721521544e-01
3.354242923757241313e-01
4.535234714975746595e-01
4.076396420943856902e-01
2.393086656699899561e-01
9.652652917490243956e-02
1.266514158312770089e-01
2.002129927236906692e-01
2.396087918823065765e-01
1.685466603598178292e-01
5.241866865734277903e-02
-5.918625210246174044e-03
9.963733638549254756e-02
2.387503559285918120e-01
1.586663821320089540e-01
-4.021327366855725199e-02
-7.551381524962971770e-02
1.304231318046713273e-01
8.368137531553951347e-02
-1.009515867832593700e-01
-5.257091920737024665e-02
-3.143435294949652459e-01
-2.967509547389240998e-01
-6.902554701561371131e-02
-7.011746102259933111e-02
-1.057244615807220872e-01
-2.231896216920447318e-01
-2.943978568470686508e-01
-2.484316648465744182e-01
-1.450325027296310576e-01
-2.666064593821872442e-01
-1.670236558442220187e-01
-1.130652718114734667e-01
-2.102992821840683479e-01
-1.443098215013911001e-01
-1.920195548046534362e-01
-1.560583944591386607e-01
5.955452713950700611e-02
-8.410533208781498238e-02
-1.316225795799223497e-01
-1.817854187862967263e-01
-1.542879187127638996e-01
-2.295533427811461968e-01
-1.867469071369482758e-01
-3.106713857364966080e-01
-2.275514594695869364e-01
-2.848300407311635807e-01
-5.056098173786902072e-02
-2.026133026628956224e-01
-1.136069180591230687e-01
-2.107208774039665000e-01
1.321969353890355657e-02
-3.618700231985237312e-03
1.766571754483626244e-01
6.192816126929175796e-02
9.225771856482811728e-02
2.242129747482550853e-02
8.098653971867190993e-02
-8.118244687410997029e-02
-8.286086496930943068e-02
-1.363178552545191990e-01
-3.002603029760733122e-01
-2.762334320618438643e-01
-5.310348859629708818e-01
-6.899973289891652151e-01
-6.530901932288761813e-01
-4.485800687585099755e-01
-6.002506366528654880e-01
-4.604245274435520563e-01
-4.138753615503700245e-01
-4.229440855290657608e-01
-1.995709729630180951e-01
-1.977156372591727385e-01
-1.997345246922494488e-01
-1.098403428570718376e-01
-3.115753528986179854e-01
-3.843729747700026511e-01
-2.973477922833773768e-01
-2.833527714104664419e-01
-5.122285680066914759e-01
-5.373998431943031173e-01
-2.780116774440360983e-01
-5.965856691932552858e-01
-4.060027062429330535e-01
-6.682074715807559961e-01
-6.219072873653842537e-01
-7.330328071672930212e-01
-7.758349756625241289e-01
-5.896293762115112358e-01
-6.599892212912580325e-01
-5.750457405619581186e-01
-5.579298035947057866e-01
-5.490716434838742721e-01
-7.106356076852322623e-01
-6.660372846578541672e-01
-6.918532315162233548e-01
-7.150874622062590724e-01
-6.434120977747240788e-01
-8.406433587078948610e-01
-9.016531279570010327e-01
-9.668334276933000515e-01
-1.067213664261013717e+00
-9.789585632149448990e-01
-1.001303110736982527e+00
-8.441849165809274247e-01
-7.641242760438827775e-01
-6.739243686978680925e-01
-8.754453395663459592e-01
-8.589298384611787629e-01
-8.251643867943789790e-01
-8.228391757846585941e-01
-6.229707116600130545e-01
-6.777089279169431491e-01
-8.556497764754138480e-01
-8.471184441539091337e-01
-8.780733665803334143e-01
-7.007878111146631506e-01
-7.511933018204214330e-01
-8.284098261684984532e-01
-6.572490250796617639e-01
-7.174750274181455056e-01
-6.830409797984147158e-01
-5.579472209279187078e-01
-5.407361145224059973e-01
-4.004842649099848995e-01
-4.379636531614607420e-01
-4.029053960487533059e-01
-3.120798438214135162e-01
-4.163346985055669247e-01
-5.259334584444635974e-01
-5.958236243056137527e-01
-6.193186247524032906e-01
-6.158898981092202352e-01
-7.289588715364546667e-01
-8.931101314938152402e-01
-9.250828370002612822e-01
-1.002617308247895966e+00
-9.568073948967307230e-01
-1.055061558070621741e+00
-9.351102176570490476e-01
-8.269713888618700492e-01
-8.418595861922852919e-01
-8.908847553162786426e-01
-9.857889857579686943e-01
-9.509858236596065995e-01
-9.952256908997844098e-01
-9.141352190548105439e-01
-8.358570945633453375e-01
-8.730806162195217102e-01
-1.054407440391638806e+00
-1.071752746559963665e+00
-1.139483619945603321e+00
-1.221942616865159259e+00
-1.202471817253389919e+00
-1.154084835241033780e+00
-1.160002221474394579e+00
-1.040488838641555835e+00
-1.044749727538802908e+00
-9.782296771344509700e-01
-8.675157370789238209e-01
-8.297089647610633723e-01
-9.223719940228830572e-01
-9.994631807900137277e-01
-1.014075131807033348e+00
-9.545476091111260164e-01
-1.089906127144309789e+00
-9.666230522501064737e-01
-9.193294261415453361e-01
-9.051911686103930599e-01
-9.050060293897682628e-01
-8.445046844179451284e-01
-8.827913221296628254e-01
-8.172707032677871686e-01
-9.486739699356943056e-01
-8.640848603790787230e-01
-8.212028994125916137e-01
-7.253564431674678348e-01
-8.438779086044129185e-01
-9.386875871401072491e-01
-8.162995558571340959e-01
-8.966491254176988113e-01
-8.687605716497827091e-01
-8.221837668537708144e-01
-9.444226764641610039e-01
-9.818420907513254470e-01
-9.602046105940237331e-01
-9.175932307030021384e-01
-8.141124513015203235e-01
-7.348128651724717963e-01
-7.404799280737586198e-01
-5.395466924470908587e-01
-5.493519181723116596e-01
-7.071200543417509587e-01
-6.153735769263296573e-01
-6.500843095177943898e-01
-7.348487653439274014e-01
-6.326642317714288311e-01
-6.750260440230961834e-01
-6.525797615344948177e-01
-7.534733717402992692e-01
-7.686903579819236443e-01
-5.695396475866032482e-01
-5.456843443448831099e-01
-5.789481350277961846e-01
-6.083491404107308487e-01
-6.526481946626445652e-01
-7.993391916264653840e-01
-7.107094445227417623e-01
-6.424242551295309411e-01
-8.119032982130409692e-01
-7.837742218506438263e-01
-7.603937049387488045e-01
-6.606137589596952076e-01
-6.441782981550736586e-01
-6.169529416174049929e-01
-6.509814400291289438e-01
-6.638293036088095400e-01
-7.000576276522471053e-01
-6.348576254243656347e-01
-7.040673117299510730e-01
-7.793375352265212719e-01
-9.806553470734635791e-01
-1.006579188672918734e+00
-9.915679447067373697e-01
-9.672497865780991244e-01
-8.420149339219989981e-01
-8.491258480693080202e-01
-7.938314495735858678e-01
-8.421793942269801825e-01
-8.419864496280445865e-01
-6.874119513340660736e-01
-7.468368603688452234e-01
-7.549357202675829326e-01
-8.321920445023561763e-01
-7.856304971970486939e-01
-8.323750010267603194e-01
-9.702503450996944334e-01
-9.616730622470716083e-01
-1.030029150672185700e+00
-1.118992129733155982e+00
-1.183453245033976087e+00
-1.064606222375344968e+00
-1.020861895666330010e+00
-9.646571596689289541e-01
-1.065631253775071619e+00
-9.723419185164571266e-01
-1.064015395839376321e+00
-9.965166543101339203e-01
-9.434266744420547468e-01
-1.004317406930014922e+00
-9.613987683511763249e-01
-9.103235525175522591e-01
-9.143185244501942366e-01
-9.764510356369753286e-01
-9.581773514228034694e-01
-1.096443409757619669e+00
-1.068470206589741123e+00
-1.168411558331596156e+00
-1.190164460793540435e+00
-1.154378091436693676e+00
-1.154745319572076490e+00
-1.032222129559534407e+00
-1.112010234071195258e+00
-1.175069133467036009e+00
-1.150842362489985726e+00
-1.152133775016225936e+00
-1.125253053669508008e+00
-1.123021036995889510e+00
-1.015174783181080009e+00
-9.574061453062486793e-01
-8.730950182011789629e-01
-9.576727858398348392e-01
-8.423714782213580499e-01
-9.480779616443483215e-01
-9.182171741746678606e-01
-1.001898161084732841e+00
-9.906176750386320728e-01
-9.810137538103766985e-01
-9.749189320852598151e-01
-9.015708825974316776e-01
-8.966574970485099438e-01
-8.290962170556951394e-01
-9.426925809748465390e-01
-9.352398386524831686e-01
-7.612368712295576323e-01
-8.805324569070388518e-01
-8.127375159971962360e-01
-9.037240736867607760e-01
-8.464127180320248911e-01
-8.322691834401902966e-01
-9.114220217224546783e-01
-8.019149120293428412e-01
-7.979144128860078400e-01
-8.398545273737019201e-01
-6.820591384361260889e-01
-7.254391315019704800e-01
-7.212555997088133664e-01
-6.985892882719261232e-01
-8.553794783046555494e-01
-8.236908617491277562e-01
-8.006600796062183223e-01
-8.265141236661505131e-01
-7.885427838632601549e-01
-7.679925432691899756e-01
-7.333041623871928705e-01
-6.711656907986613962e-01
-7.022177909655520356e-01
-8.518323034045049980e-01
-8.185898825978281668e-01
-8.188497685861726438e-01
-8.042117862035830234e-01
-8.312822587294844690e-01
-8.655172439546507945e-01
-8.466277057235956915e-01
-8.458275185732290202e-01
-8.249398859212671020e-01
-9.102007270984849852e-01
-8.047197467868850707e-01
-8.453413313707378585e-01
-9.188609514432815040e-01
-9.192166489674991059e-01
-9.593515995615350400e-01
-9.473595224097456358e-01
-9.397512733526637296e-01
-9.292768726934453882e-01
-1.034882066609666085e+00
-1.043932373182598905e+00
-1.008224977013700840e+00
-9.506404924915499155e-01
-1.028013114017771734e+00
-1.022811176252584886e+00
-1.042340520259519732e+00
-1.016391772791350512e+00
-1.008254401381172727e+00
-9.421230614073647924e-01
-9.185134253990187014e-01
-1.069946012210316155e+00
-1.180080168026685916e+00
-1.231102040345464665e+00
-1.072223109686895270e+00
-9.843720068069919948e-01
-9.943221755329901823e-01
-1.028748468888129652e+00
-9.139791216598394108e-01
-9.590832858704830821e-01
-9.406171317001810195e-01
-1.045066783479680517e+00
-1.089435756360561225e+00
-1.053492197907950789e+00
-1.130986476411016461e+00
-1.026093675647794301e+00
-9.883741516266665306e-01
-1.050774810542283166e+00
-1.060670897607751906e+00
-1.121528561301229576e+00
-1.090030374994567453e+00
-1.045107963408897556e+00
-1.069432382417672578e+00
-1.044828701733020004e+00
-1.082441396682808366e+00
-1.049956467927644077e+00
-9.959807225349087689e-01
-1.099843256244545264e+00
-1.027645529392701595e+00
-1.007896708984858058e+00
-1.076287038638672700e+00
-1.219900223299876796e+00
-1.210968822566323322e+00
-1.195206135137693915e+00
-1.253325140293115592e+00
-1.203879851922420530e+00
-1.233477038412169158e+00
-1.185158308079216072e+00
-1.164295858015553353e+00
-1.024029357835618992e+00
-1.057713644755427840e+00
-1.103125395106556272e+00
-9.654173792340814408e-01
-9.908689714015103123e-01
-8.964668931071035907e-01
-9.323017024243102080e-01
-1.005097134497591860e+00
-9.394440067918061743e-01
-9.714109836373248097e-01
-9.016994895797864062e-01
-9.708243075985075743e-01
-1.027104684117309263e+00
-9.591952777659192853e-01
-9.027424239485295487e-01
-8.124309833517284751e-01
-7.903681579190915407e-01
-7.319191665316195916e-01
-6.363215464610518790e-01
-6.343303676323110984e-01
-7.122544324754779277e-01
-7.499654665199347869e-01
-6.949901037648329449e-01
-7.864286635676798198e-01
-7.680693373087997822e-01
-9.306490389558841336e-01
-8.924648082285092654e-01
-7.653592669598282550e-01
-8.623542015240877046e-01
-9.149267379159352620e-01
-9.026671391046421355e-01
-9.419718544478570266e-01
-1.005863693248808532e+00
-9.535903158443903571e-01
-9.650742586274370094e-01
-9.088163138968232690e-01
-9.535389409268998362e-01
-9.255275346261255809e-01
-8.757595656965975195e-01
-8.695150947990264445e-01
-9.862997035680071134e-01
-1.081590567278445381e+00
-1.109289628862438981e+00
-1.034788959807778186e+00
-1.007188703035700295e+00
-8.641471082646212665e-01
-9.231315253947028898e-01
-9.256161886937123162e-01
-9.641552440942580127e-01
-1.017934125991803329e+00
-1.139338112275171122e+00
-1.213594467593079429e+00
-1.232310333689391912e+00
-1.138271148917803677e+00
-1.346046251815087080e+00
-1.444753746990768084e+00
-1.337739129208311617e+00
-1.363738001745745443e+00
-1.461699347839860996e+00
-1.409509759435910725e+00
-1.451766867088277735e+00
-1.473743940982190415e+00
-1.505020435871790241e+00
-1.603002770483558548e+00
-1.647722930471829272e+00
-1.495725563067522579e+00
-1.533317743531096067e+00
-1.483824886688887679e+00
-1.446554033315668564e+00
-1.513620377143298334e+00
-1.488696144707782221e+00
-1.456124514677983317e+00
-1.320724269935267481e+00
-1.370926172818516031e+00
-1.361277405344685443e+00
-1.325377302033555527e+00
-1.481947101262672373e+00
-1.610306449002679052e+00
-1.629152682277472453e+00
-1.556309564629972497e+00
-1.566917610913585168e+00
-1.600847288268008484e+00
-1.609223968686268602e+00
-1.628721104246166895e+00
-1.663880055388365253e+00
-1.665575367334606316e+00
-1.604765660529405835e+00
-1.661574350337412520e+00
-1.623628150256134273e+00
-1.607841850443359144e+00
-1.508296937039179886e+00
-1.461290652501046505e+00
-1.529314528321466193e+00
-1.404423832075654133e+00
-1.339491618670300976e+00
-1.444078761361239138e+00
-1.361820829075052197e+00
-1.364279700200400791e+00
-1.402820438496202859e+00
-1.507674860017953478e+00
-1.413105573170684970e+00
-1.387268344783944451e+00
-1.504180187120038426e+00
-1.493096897643540588e+00
-1.464808346156375896e+00
-1.441869312632948263e+00
-1.377021336359159909e+00
-1.344989791335574392e+00
-1.251596916755844724e+00
-1.166310434571645294e+00
-1.238706329205139234e+00
-1.247010477875685863e+00
-1.224114305728039476e+00
-1.238804078130388842e+00
-1.291960344048806775e+00
-1.186095100168364835e+00
-1.131267512316843860e+00
-1.239537592178543868e+00
-1.114789035146350749e+00
-1.185062756961296149e+00
-1.031674815294663539e+00
-9.912820183715784772e-01
-1.005122007608492796e+00
-9.449302388961540178e-01
-9.539806481845839459e-01
-9.537227382649149376e-01
-8.268867543083605609e-01
-9.931090660127332992e-01
-1.088494741912034991e+00
-1.150403621082631833e+00
-1.113805567624723381e+00
-1.199409499464972439e+00
-1.123926361240775940e+00
-1.125427507819793949e+00
-1.092788266739984637e+00
-1.066545078482835418e+00
-1.030529084500691583e+00
-1.044360258719603696e+00
-1.164955053601943957e+00
-1.045002119120059136e+00
-9.829489561254626251e-01
-1.011305087930367108e+00
-9.579720947458602032e-01
-9.334790878893437505e-01
-8.610153306186448807e-01
-8.267088912773415954e-01
-6.363896917491201899e-01
-6.050512195662164361e-01
-5.252514783472465032e-01
-4.652197301795687467e-01
-5.279626524306041402e-01
-5.374518226703114410e-01
-5.244794205244066587e-01
-5.722836274238739529e-01
-6.623996369954762153e-01
-6.063696999133245669e-01
-6.178585434424301859e-01
-5.641682621498755879e-01
-5.837928335572255545e-01
-5.108043430071804725e-01
-4.242490928659456983e-01
-4.854565582892789166e-01
-3.693729595732677118e-01
-3.742084335960938479e-01
-4.139525913710878080e-01
-3.596684612342671006e-01
-3.603754530388533772e-01
-3.949954123968776876e-01
-3.686976956899340463e-01
-3.902313800949021028e-01
-4.337274601076487879e-01
-5.475449922439210582e-01
-4.551105217232043199e-01
-4.569209911947503810e-01
-4.842764481065274795e-01
-5.958791058964484355e-01
-6.936719187151183519e-01
-6.475778736683865944e-01
-5.013447919451121670e-01
-4.597175881638866368e-01
-4.845219655274263792e-01
-5.151869565905508042e-01
-5.081134686111981047e-01
-6.438403519835951272e-01
-6.239389736893501404e-01
-7.020470195045263040e-01
-6.258943048235289242e-01
-6.063925099954337039e-01
-4.357699525019984588e-01
-4.270934114039584006e-01
-4.588951629584377967e-01
-3.664008031325392545e-01
-4.075624077289410896e-01
-4.041097123198171825e-01
-3.890610966582324082e-01
-3.864129962286992903e-01
-4.338030358198790570e-01
-4.106158336580981172e-01
-3.326097263204291221e-01
-2.892541496187326366e-01
-3.888626881148974923e-01
-3.205868854725983375e-01
-3.151752682917712267e-01
-3.089729466519269829e-01
-3.809814304676412133e-01
-3.374452889173295556e-01
-3.333311050855362057e-01
-3.767477282339014577e-01
-2.843886453491308308e-01
-3.064800294427993399e-01
-3.156946421114464885e-01
-4.327061404984831050e-01
-4.531283533083561021e-01
-3.625301209224831567e-01
-4.171922566912364960e-01
-4.585989760872498100e-01
-4.852193833854892002e-01
-4.226356363500807234e-01
-3.525326279406434393e-01
-4.830350317998440279e-01
-5.112220705067790361e-01
-5.715280942571742129e-01
-6.326925157161146229e-01
-6.388892080693483466e-01
-6.546278585084530643e-01
-6.353150639351246021e-01
-7.100706000643701721e-01
-6.433867846943880364e-01
-6.279729333957031479e-01
-5.444836068153064979e-01
-5.537139087853243380e-01
-5.707131733435222287e-01
-5.868553463072543330e-01
-5.007003563702014937e-01
-5.381768448248246406e-01
-5.310291077586367647e-01
-4.171288751576845977e-01
-4.136422563412777142e-01
-2.761870245138731694e-01
-2.219167430787392092e-01
-1.476097235105127692e-01
-7.454320756696738992e-02
-5.856756076527216970e-02
-1.137436520641924714e-01
-5.002810173188208115e-02
-6.687890781217492586e-02
-3.136273284799357547e-02
-1.822815785126740418e-01
-7.134479051497594204e-02
-7.156297958160180370e-03
-4.115412128167091760e-02
-1.206962297838368170e-02
-6.520782999958761768e-03
-7.552351464952294924e-02
-3.791176253992992878e-02
-5.214777491479242327e-02
-1.643791342993088378e-01
-1.404683855701658601e-01
-5.641361732696151959e-02
-1.053944989749838190e-01
-8.850165294486396494e-02
-9.845098960986690961e-02
-1.610424964802792680e-01
-7.919508991166808454e-02
-7.659629472023855856e-02
-7.803579136063408528e-02
-8.208885909686551574e-02
-2.345157036469950815e-02
-4.596368220705361607e-02
-1.149311187504487713e-01
-1.936843829435265230e-01
-1.796451790449341279e-01
-1.997472020300705420e-01
-3.114651371372791355e-01
-3.240015135659761736e-01
-2.020537665073446620e-01
-2.006438573995579233e-01
-9.618721812292951867e-02
-1.731041163033648911e-01
-1.932146398447071034e-01
-2.922814240227935012e-01
-2.941862206388368706e-01
-3.123563433296132064e-01
-3.175222432142590367e-01
-3.661500148637715224e-01
-2.788810625431266121e-01
-2.281952498933524087e-01
-2.141551339636621198e-01
-1.328218577482820351e-01
-1.529462944642439315e-01
-1.201825404927728408e-01
-1.654489581935129627e-01
-2.001326477765759670e-01
-1.421439102154586909e-01
-2.419121699117866842e-01
-1.594389181609104922e-01
-2.367134393474146503e-01
-2.726847838889031594e-01
-2.580116260073075929e-01
-2.449737881341247647e-01
-1.533474568093235457e-01
-1.273369429924211538e-01
-1.106792053990965363e-01
-7.768102940998772299e-02
-4.345283599120584178e-02
-7.323554684386374136e-02
-8.882122425001798272e-02
-1.981688024563693085e-01
-2.338418218444003049e-01
-1.712090478225856138e-01
-1.886210668399472823e-01
-2.067987457761053527e-01
-2.264755785741693339e-01
-2.196505747209961112e-01
-2.402267532402518335e-01
-2.263858347358821133e-01
-1.851048593786487895e-01
-1.608037970271691819e-01
-1.354603208394850600e-01
-4.739460047582988445e-02
-7.939393885887767455e-02
-8.895059703210177193e-02
-9.139092123174250015e-02
-1.454554048619086937e-01
-2.444265686270925830e-01
-2.700483358858013494e-01
-1.750947610135815680e-01
-1.269366033288632234e-01
-1.942280235924574716e-01
-1.719775688471987807e-01
-1.133321854510829924e-01
-7.786737467483741126e-02
-3.763343396323207829e-02
-3.699066502613019419e-02
-4.276772163532735482e-02
-2.778198634552258781e-03
9.098066145394391457e-02
-4.391693598755138511e-02
-8.509560345868713571e-02
-8.555114151122832078e-02
-1.728640492064179301e-01
-2.550246627793749665e-01
-1.134102254234498203e-01
-9.292676311274715439e-02
-3.814384884610587390e-02
2.798515466542104979e-02
2.308923255803973715e-02
3.219154974611172781e-02
3.943713495602777647e-02
-2.961593506640157469e-02
-1.862630963815262164e-02
-2.667422023022875816e-02
-7.759097013730567594e-02
-5.601285790864928005e-02
-3.188038203811247029e-02
-2.910791037097162567e-02
-2.190911880395651073e-02
3.541950711942595115e-02
-4.925572377608730679e-02
-1.538169339557165782e-01
-2.749355053866413545e-01
-2.864558970749953026e-01
-2.684292702014701160e-01
-3.543383182595761793e-01
-3.318200169156671486e-01
-3.681063108423494601e-01
-3.765170860915063589e-01
-4.629581318089360242e-01
-4.195837095748793377e-01
-4.140160331120096293e-01
-3.857803747260615257e-01
-5.128926991571274296e-01
-5.014491919460195568e-01
-5.093005965093584386e-01
-4.386569072540056347e-01
-4.464199996100166601e-01
-4.899346124128062807e-01
-5.006800486376746795e-01
-5.189763684120561882e-01
-5.909285794522777246e-01
-6.025735754940426681e-01
-5.739501544897438468e-01
-6.419446423345122055e-01
-6.059213511897595383e-01
-6.173794845291611377e-01
-6.398071845911666999e-01
-5.724542402665933061e-01
-6.231273202014622203e-01
-6.608814003506400248e-01
-6.558970286145610062e-01
-7.447143473750978959e-01
-7.303301075050965263e-01
-7.323744034000770897e-01
-7.025167261291030973e-01
-6.486738024066670549e-01
-7.213666797999646052e-01
-7.400173711336166527e-01
-6.964922935644861646e-01
-7.916577892598252175e-01
-7.928586951432219365e-01
-8.986398018658251496e-01
-7.974169938024417981e-01
-7.587417922181470820e-01
-8.104239188971261720e-01
-7.023622398437492365e-01
-7.411444397363720071e-01
-6.912877121967169192e-01
-7.492010032055658186e-01
-7.181688262097779551e-01
-8.018372019470629830e-01
-7.527063802010892646e-01
-7.830478457117898694e-01
-7.464711016930071219e-01
-7.254503337686674103e-01
-7.525785739770574079e-01
-6.795631265669881405e-01
-7.466362059969450238e-01
-7.234877136923066887e-01
-7.341167419427503393e-01
-7.287039841735362122e-01
-7.876544381432971642e-01
-7.966167520395531776e-01
-8.381047643531414071e-01
-8.759414255408830563e-01
-8.624798605796313300e-01
-8.877952306194338838e-01
-8.616846516522965738e-01
-8.216380499238519208e-01
-8.086744728693247009e-01
-8.111820375546925366e-01
-8.115959037484077321e-01
-8.470555062118962919e-01
-9.592002413008930972e-01
-9.827893943107502972e-01
-9.227412620968280521e-01
-9.792861750055846803e-01
-1.013789328251310629e+00
-1.035671697191748120e+00
-1.036362613420327428e+00
-1.034807528831788836e+00
-1.079410112070945615e+00
-1.099381625958283148e+00
-1.081026455675593523e+00
-1.187390147020670916e+00
-1.268815101409783486e+00
-1.151452888042403089e+00
-1.026345821668184888e+00
-1.006853517563963685e+00
-1.016109183799721150e+00
-9.608961477033565179e-01
-1.048674726854573747e+00
-1.096895743447869442e+00
-1.012151480089354738e+00
-1.121378073121921615e+00
-1.147537072478292952e+00
-1.148394653405321320e+00
-1.187890767110271195e+00
-1.183053648102256661e+00
-1.197994820283592610e+00
-1.218001453355268104e+00
-1.224479385338109294e+00
-1.262054491623164854e+00
-1.315844268496983771e+00
-1.320942096206257688e+00
-1.382935530947445812e+00
-1.413670545527994538e+00
-1.381567618794788510e+00
-1.334487357492431858e+00
-1.315819879487616140e+00
-1.302210562154464180e+00
-1.260834543121500673e+00
-1.294495320406829020e+00
-1.200015601328917825e+00
-1.149461527510875269e+00
-1.176698156969425924e+00
-1.227378035799841172e+00
-1.192572756596768757e+00
-1.277483891626120860e+00
-1.321224613635085809e+00
-1.227163595336594026e+00
-1.253630842109961563e+00
-1.149828197811322505e+00
-1.160308166529366636e+00
-1.206534371979318232e+00
-1.303310704669526920e+00
-1.306997235448746908e+00
-1.264579067242054045e+00
-1.253126977224329419e+00
-1.235839203933646768e+00
-1.199589612860166188e+00
-1.319151243860246403e+00
-1.406922175103247463e+00
-1.432583145360456500e+00
-1.425966043277605344e+00
-1.499494450223105124e+00
-1.479635800674623525e+00
-1.436668252063554085e+00
-1.455619545954575766e+00
-1.393722215465311498e+00
-1.471054609775612754e+00
-1.414918593198173813e+00
-1.483096721269024254e+00
-1.381782572924898034e+00
-1.333843675315705912e+00
-1.330374406712981461e+00
-1.278850177265488774e+00
-1.269948435883370808e+00
-1.248591772710854864e+00
-1.335077680265963629e+00
-1.376216533494142746e+00
-1.510281834427481762e+00
-1.520597476520555880e+00
-1.481512333697812211e+00
-1.441964875699922599e+00
-1.473535767905421956e+00
-1.457367567094386640e+00
-1.461940421998201733e+00
-1.418751555655730634e+00
-1.412875735787017861e+00
-1.344269427263247385e+00
-1.336219299880086364e+00
-1.297715417707686836e+00
-1.327542633650642401e+00
-1.414575509922681551e+00
-1.425473093002340486e+00
-1.410053873127252055e+00
-1.366662583021342137e+00
-1.442155329792919716e+00
-1.375846540222742664e+00
-1.437870097394741586e+00
-1.380245230980494675e+00
-1.406993024568457873e+00
-1.372210148415768272e+00
-1.390478751737688867e+00
-1.357754259786386308e+00
-1.389095453556459692e+00
-1.421319356633067521e+00
-1.362528666060477622e+00
-1.339330799456859733e+00
-1.336042435177759558e+00
-1.302196042316542846e+00
-1.383046118105251576e+00
-1.329568545924412426e+00
-1.358097110220211068e+00
-1.393548640328096111e+00
-1.307688883009747949e+00
-1.379340235332976450e+00
-1.355492202419462444e+00
-1.424179914496864763e+00
-1.465514978774228538e+00
-1.480099334576447045e+00
-1.564371960994814792e+00
-1.454552114864776202e+00
-1.443974693861305392e+00
-1.513560541391404168e+00
-1.585931370820205188e+00
-1.537891208621190664e+00
-1.550208159360884075e+00
-1.476282999608725666e+00
-1.500062826862150756e+00
-1.483469322350395636e+00
-1.487196704275115300e+00
-1.482187313006989138e+00
-1.546813763642361339e+00
-1.594975492985263976e+00
-1.562931104361802825e+00
-1.569160276547840738e+00
-1.572310121464906452e+00
-1.583385100252812538e+00
-1.601144542999706433e+00
-1.646608500637916528e+00
-1.766091130192515068e+00
-1.726939609032424272e+00
-1.660839562367982580e+00
-1.583927158256859258e+00
-1.575466719296755080e+00
-1.684282315912718708e+00
-1.602044835768588360e+00
-1.696973358991106684e+00
-1.655259000987553186e+00
-1.563822052300268828e+00
-1.582986343004978647e+00
-1.486189284494700225e+00
-1.524860430707088765e+00
-1.493373351147269323e+00
-1.529821712164962211e+00
-1.499965055342997289e+00
-1.549985690484859013e+00
-1.528398192964202984e+00
-1.504482106222632343e+00
-1.559283903021730033e+00
-1.542181519918412125e+00
-1.576568751158334836e+00
-1.554469989403423957e+00
-1.513212826981549908e+00
-1.470385048382505611e+00
-1.498849439551279694e+00
-1.547382410107322359e+00
-1.506272057582349388e+00
-1.524219711304714231e+00
-1.595230091776449477e+00
-1.557566049278255482e+00
-1.635492101683024169e+00
-1.491361994699658799e+00
-1.445695299743590567e+00
-1.496986586934154095e+00
-1.462795578771424632e+00
-1.509220120090178252e+00
-1.407913052899918860e+00
-1.499596823991384165e+00
-1.523247073566963206e+00
-1.505288184451302413e+00
-1.526688785645761604e+00
-1.534577195276901396e+00
-1.560115266426657765e+00
-1.476508520399453461e+00
-1.492219454959271996e+00
-1.547859048039503804e+00
-1.573585384523210395e+00
-1.663289325545983077e+00
-1.721158022929775155e+00
-1.623702581129994771e+00
-1.654955318011395393e+00
-1.694853567794889493e+00
-1.684156377493231993e+00
-1.689495244454049194e+00
-1.757341967529109983e+00
-1.687616123158310000e+00
-1.739351928516504442e+00
-1.738734811185994822e+00
-1.636524898726685828e+00
-1.644824721272962975e+00
-1.625292998558871993e+00
-1.704770154754030154e+00
-1.689347241275933165e+00
-1.674718935419919896e+00
-1.694970278562573096e+00
-1.763385914400154242e+00
-1.827323599313571689e+00
-1.907625278511488442e+00
-1.814671003762509560e+00
-1.845733666680117846e+00
-1.774428021155928459e+00
-1.815093088508283437e+00
-1.755934067253019037e+00
-1.748357602447110137e+00
-1.709068906288762513e+00
-1.771945516269929577e+00
-1.759722042173316181e+00
-1.774337818688347390e+00
-1.836867933371504780e+00
-1.940158617104183802e+00
-1.907458257824602432e+00
-1.934745930479330855e+00
-1.948426316448780504e+00
-1.951947741288809102e+00
-2.016989691870142209e+00
-2.078641477800647230e+00
-2.000304179430526741e+00
-1.991177383116081501e+00
-1.970123456779961924e+00
-2.026315461735129553e+00
-2.073839594564478528e+00
-2.103866502663239935e+00
-2.107773350646597876e+00
-2.135399702784284592e+00
-2.126651421576448264e+00
-2.153754624326650102e+00
-2.168173151230008422e+00
-2.139932687436364223e+00
-2.168867374228073519e+00
-2.245948578682572361e+00
-2.273059298511432402e+00
-2.255001665974436520e+00
-2.195340389018034521e+00
-2.231406548861186945e+00
-2.161399846754894938e+00
-2.180932698397012981e+00
-2.171566302654790448e+00
-2.184927332734830863e+00
-2.203675825947258637e+00
-2.187654319911028100e+00
-2.240513246927072100e+00
-2.185914156926338947e+00
-2.120663014838047200e+00
-2.092445896088653612e+00
-2.128705772045147437e+00
-2.169648001558997841e+00
-2.117148556422391970e+00
-2.070046444018818210e+00
-2.128542101185642466e+00
-2.084920667141778150e+00
-2.091286528935127009e+00
-2.110279404734266784e+00
-2.103091399985952403e+00
-2.223346429794750279e+00
-2.177719080717166911e+00
-2.200646239266930593e+00
-2.231058813011705055e+00
-2.238311080691452570e+00
-2.259938153305380393e+00
-2.323309833834116045e+00
-2.259665972857392013e+00
-2.266019613424790080e+00
-2.198158205064367987e+00
-2.182632375752135534e+00
-2.222505848636798120e+00
-2.138287140556613064e+00
-2.214806634021734943e+00
-2.142171891123475724e+00
-2.076703033503074280e+00
-2.040791277041968499e+00
-2.070693823299039948e+00
-2.020566431177494682e+00
-2.010685046214492289e+00
-2.085942751658791394e+00
-2.106024916392871038e+00
-2.143185796486903438e+00
-2.129960542657006517e+00
-2.007421184459531993e+00
-1.973680548945908164e+00
-2.043806110161313416e+00
-1.988021861775121968e+00
-1.946040100184274424e+00
-1.960221633842227806e+00
-2.031290928506483517e+00
-2.003235031657033538e+00
-2.056651864604676749e+00
-2.070740496815496101e+00
-2.021451405526669909e+00
-2.121864669227131905e+00
-2.092653073854652490e+00
-2.084593824016247154e+00
-2.071199059303880929e+00
-2.087539135932062528e+00
-2.131658537073401138e+00
-2.039086666967727446e+00
-2.043713225486030183e+00
-1.980441810069465625e+00
-2.032427938618988517e+00
-2.109470475172229520e+00
-2.057519111209958673e+00
-2.166655554192070454e+00
-2.138477479561090355e+00
-2.158289550981673077e+00
-2.132902503950328210e+00
-2.110986321909887220e+00
-2.223157294063633937e+00
-2.225791429253835663e+00
-2.166737380757341569e+00
-2.108831503085478953e+00
-2.072705811926534025e+00
-2.094699399111456639e+00
-2.002516561174691123e+00
-1.950339727628907838e+00
-1.921177584054473586e+00
-1.895512572101592186e+00
-2.026344843231775439e+00
-1.941390734035753685e+00
-1.985823351881552012e+00
-1.950241034229876824e+00
-1.990863692532844009e+00
-1.941323815414836229e+00
-1.928242260159901189e+00
-1.914630725665839028e+00
-2.000845652357249094e+00
-1.949011265293671302e+00
-1.880846718226179215e+00
-1.944170153870738771e+00
-1.885134707158746759e+00
-1.889691931348665976e+00
-1.808038166405791181e+00
-1.809866114589440134e+00
-1.876464608748653395e+00
-1.908578412856508644e+00
-1.889231065796263653e+00
-1.891110820500895517e+00
-1.983029610449739799e+00
-1.937071960774492396e+00
-1.953497004468641940e+00
-1.970035462277087923e+00
-1.910037117696551379e+00
-1.922753277664996041e+00
-1.998717300292433663e+00
-1.961002192370998820e+00
-1.993312741821190004e+00
-1.963805100202857368e+00
-1.931745592583510973e+00
-1.946198967543274261e+00
-1.928496756840529125e+00
-1.902785122182621080e+00
-1.846484902648088733e+00
-1.885632581583809753e+00
-1.951347478092125831e+00
-2.011061224715803952e+00
-1.966743418213416250e+00
-1.922253895370946264e+00
-1.905744172270008807e+00
-1.904435107960445794e+00
-1.876849012985456699e+00
-1.884363238308930155e+00
-1.894182985755380022e+00
-1.899904995082939196e+00
-1.845167968561280070e+00
-1.891638421890244892e+00
-1.899993271998119182e+00
-1.896433198315837121e+00
-1.861090083491981906e+00
-1.896748001578440590e+00
-1.811125883186981422e+00
-1.788598848289206122e+00
-1.798085727025439562e+00
-1.808288880815412503e+00
-1.857159134789724941e+00
-1.803851231035798586e+00
-1.853840727027285196e+00
-1.816991078905837886e+00
-1.742458623094228054e+00
-1.780590770778028409e+00
-1.799298555478306527e+00
-1.839275143812683533e+00
-1.795549708432300218e+00
-1.737252171705119475e+00
-1.772398612333561552e+00
-1.765207335478601758e+00
-1.759570779155920972e+00
-1.719025415996637385e+00
-1.748437565293939011e+00
-1.702654866130945965e+00
-1.738154449458090278e+00
-1.808709908774001729e+00
-1.862814761068319891e+00
-1.841701487427034323e+00
-1.783219441662013738e+00
-1.873397963878682626e+00
-1.854919906279219211e+00
-1.825557409848130863e+00
-1.770816043909410498e+00
-1.837331913786817816e+00
-1.781008051471091536e+00
-1.799772022691899620e+00
-1.762443088041355743e+00
-1.715451490525517375e+00
-1.744145840881158982e+00
-1.734897613937331773e+00
-1.736452157687847775e+00
-1.758836691327154256e+00
-1.704329009375269877e+00
-1.706750789226487264e+00
-1.754498923692934254e+00
-1.786682590995698261e+00
-1.699268034798808724e+00
-1.838895052360117743e+00
-1.801309287721024388e+00
-1.838436685771298595e+00
-1.861718745016960552e+00
-1.752898223533395861e+00
-1.680673123300369776e+00
-1.668812882787128471e+00
-1.647486939172096099e+00
-1.591696426000101638e+00
-1.565313360340197413e+00
-1.523884051288559860e+00
-1.529424738129266936e+00
-1.495810074754051699e+00
-1.501564465522503333e+00
-1.511150907814805766e+00
-1.584765520526519644e+00
-1.541468808589752770e+00
-1.632714932094726068e+00
-1.693133554307602706e+00
-1.660733588762776103e+00
-1.623172155967572250e+00
-1.730932415123097146e+00
-1.707737631942425338e+00
-1.663877729399989125e+00
-1.765383011069404651e+00
-1.694140623892398168e+00
-1.778255004726312594e+00
-1.766367890605628599e+00
-1.764945515611526794e+00
-1.827243561248095727e+00
-1.738740754891275886e+00
-1.724316166867066569e+00
-1.731272709138385268e+00
-1.705688661624360059e+00
-1.698722833378276897e+00
-1.645247607912559085e+00
-1.749502994635145248e+00
-1.700584479077404731e+00
-1.807802487395443025e+00
-1.773096105871894368e+00
-1.769376571318689750e+00
-1.769340723151486827e+00
-1.813010473096763331e+00
-1.767758680202901722e+00
-1.827872187250696889e+00
-1.844709361436126072e+00
-1.788100999255130885e+00
-1.797978996009576669e+00
-1.755673991574348669e+00
-1.878440039502025316e+00
-1.804932197840332986e+00
-1.853732278502866260e+00
-1.921854263381193251e+00
-1.935613898359254126e+00
-1.980233171019419425e+00
-2.003033795990770027e+00
-2.046883955535212962e+00
-2.143833091455306317e+00
-2.238644444650890630e+00
-2.093586331647192100e+00
-2.222854886419732168e+00
-2.247507413162750822e+00
-2.193343373707329125e+00
-2.148788307038342893e+00
-2.027530319906632794e+00
-2.060136348904891168e+00
-2.070172068836175328e+00
-2.073457755533525848e+00
-2.097694345560558116e+00
-2.155729617833369360e+00
-2.084548056581392306e+00
-2.145248504964087921e+00
-2.166425925416687104e+00
-2.047292681647416845e+00
-2.107691757975834079e+00
-2.047025495487215352e+00
-2.066210319116409622e+00
-2.097181008582820194e+00
-2.141872427718154448e+00
-2.077731025709376400e+00
-2.146476818863767289e+00
-2.091139973319039225e+00
-2.029839455596813114e+00
-2.005104675513414314e+00
-2.007200262835303839e+00
-1.926730067523568124e+00
-1.880244880255408368e+00
-1.863791999372827357e+00
-1.876249008000187235e+00
-1.917392376617698346e+00
-2.014167851379407903e+00
-1.965587475362489123e+00
-2.020792358161420665e+00
-2.069637348576562896e+00
-2.087273867133928373e+00
-2.097379236170344718e+00
-2.077618124924025533e+00
-2.061503378789679264e+00
-2.017056283545142659e+00
-2.055461094124647392e+00
-2.054877147864216269e+00
-2.168099233106099533e+00
-2.191093982390428074e+00
-2.243386970396533897e+00
-2.279801750020259199e+00
-2.266248008051398699e+00
-2.262986546029684298e+00
-2.258567270556565365e+00
-2.292757262433541499e+00
-2.249045468383394919e+00
-2.207765880192817054e+00
-2.152919930042055174e+00
-2.234317692108343412e+00
-2.169643875071412875e+00
-2.213075622104458517e+00
-2.181861836936608068e+00
-2.119982351320379266e+00
-2.134888093868377190e+00
-2.172226077803387057e+00
-2.257015391503906621e+00
-2.234770107598093247e+00
-2.217546581558902830e+00
-2.207274922033914510e+00
-2.274673088854521907e+00
-2.287643680483604669e+00
-2.254940132718118662e+00
-2.262847433751292936e+00
-2.227218489400131674e+00
-2.241363178489918617e+00
-2.164149894967083654e+00
-2.101313733457685906e+00
-2.154049655964642707e+00
-2.178351183447428507e+00
-2.204115589338338843e+00
-2.269358596481160006e+00
-2.234852172102785861e+00
-2.184251517514685492e+00
-2.191789520378208955e+00
-2.198447413485165924e+00
-2.234069601887531675e+00
-2.173821483190584214e+00
-2.198829393713001235e+00
-2.156344068994448193e+00
-2.240111533359907980e+00
-2.419445446749799888e+00
-2.542429902181735812e+00
-2.528015046316698378e+00
-2.476086585197036172e+00
-2.603727459144431045e+00
-2.583160421350205738e+00
-2.444069706395326946e+00
-2.497322598039835917e+00
-2.453831418301110734e+00
-2.533781574015344873e+00
-2.495023156204770221e+00
-2.447076383613393968e+00
-2.428597252917464200e+00
-2.455883803687895384e+00
-2.420236982828832595e+00
-2.433019042701125123e+00
-2.374901846696950258e+00
-2.331052743887981116e+00
-2.208560774406898908e+00
-2.257747050988724080e+00
-2.265814476221160056e+00
-2.348402686947840490e+00
-2.264859890524196562e+00
-2.362415110508706118e+00
-2.286045043902741103e+00
-2.331955496277906104e+00
-2.304962286156870377e+00
-2.265045067860453010e+00
-2.264227546021297055e+00
-2.156665798439246107e+00
-2.180881889381587779e+00
-2.227842180431755637e+00
-2.259407763374366773e+00
-2.208541476271792092e+00
-2.240616860424862633e+00
-2.283681567225708697e+00
-2.255194868638511707e+00
-2.289934121265252198e+00
-2.352999910724789423e+00
-2.289540961508045314e+00
-2.264835311465986933e+00
-2.194227712667561558e+00
-2.184768514352819935e+00
-2.082797467624114329e+00
-2.089751192369725175e+00
-2.014914093282866414e+00
-1.996120843148917023e+00
-2.017066617871944079e+00
-2.114055079719220132e+00
-2.103550146618543337e+00
-2.092606835952741218e+00
-2.099414142998845101e+00
-2.115284438019511715e+00
-2.192310212732964558e+00
-2.165908368655854233e+00
-2.104425356106455869e+00
-2.115683737753395466e+00
-2.124245433705131525e+00
-2.036711011162505525e+00
-1.993791885083123994e+00
-1.957329497047380906e+00
-2.015192473023998065e+00
-2.040086953008760418e+00
-2.103784478586438578e+00
-2.101297397672927669e+00
-2.116234662430333646e+00
-2.119937435517612379e+00
-2.111447701993770298e+00
-2.134982385310317810e+00
-2.136622125399270100e+00
-2.117098522331664068e+00
-2.121242669857478891e+00
-2.038611220973843619e+00
-2.141262573429452587e+00
-2.091850376084110508e+00
-2.035247242983274862e+00
-2.028023374827001568e+00
-2.081772185795975005e+00
-2.077082466090169000e+00
-2.119720861863453099e+00
-2.082160105814333306e+00
-2.025207125673406772e+00
-2.023929852466188617e+00
-2.092854362756290776e+00
-2.029511835776713014e+00
-2.146221844372365961e+00
-2.090736876444959425e+00
-2.115176522918727375e+00
-2.123547031377693628e+00
-2.189943483843645566e+00
-2.173476990081021576e+00
-2.214025150174836920e+00
-2.317170499613334211e+00
-2.285237598953948623e+00
-2.281737454591275860e+00
-2.326481450699167564e+00
-2.288034833864265316e+00
-2.268417444645144609e+00
-2.220154472190427608e+00
-2.123521802076245191e+00
-2.025186010186923458e+00
-2.115832895874021347e+00
-2.160988926243790686e+00
-2.178882980562319993e+00
-2.273495754326934293e+00
-2.216896024488201888e+00
-2.263713869778259280e+00
-2.299129633423708796e+00
-2.348735541574002106e+00
-2.342650576121597883e+00
-2.312790315765192339e+00
-2.233077704191650525e+00
-2.299770135483539146e+00
-2.204581550775051912e+00
-2.175472376897189086e+00
-2.153579830969336140e+00
-2.109163047049364970e+00
-2.145805548585086431e+00
-2.134345653074382732e+00
-2.224467370037315206e+00
-2.106478944415062227e+00
-2.162719503872096105e+00
-2.170663907207174059e+00
-2.163595260171637946e+00
-2.241842868581621406e+00
-2.293047901343969297e+00
-2.316833924235292219e+00
-2.359896494572341741e+00
-2.362291728636062516e+00
-2.274330776522033304e+00
-2.315115248814735516e+00
-2.382468384443753973e+00
-2.310445847737852443e+00
-2.339508410407135308e+00
-2.287481502382083143e+00
-2.199428843778088449e+00
-2.283653601964166224e+00
-2.284161471599370330e+00
-2.238982665920406401e+00
-2.227428316459031166e+00
-2.222863743525075542e+00
-2.194292019268455185e+00
-2.250575639867373745e+00
-2.201642498449148722e+00
-2.269873327272838193e+00
-2.373252916242808208e+00
-2.248302187062843682e+00
-2.294447312803463923e+00
-2.258369087161454125e+00
-2.379852417177343415e+00
-2.329076940390360395e+00
-2.360668956155629772e+00
-2.361585481452194824e+00
-2.334052465383325004e+00
-2.269991829543760886e+00
-2.253301052166646556e+00
-2.241986534298820555e+00
-2.199599596340071628e+00
-2.234771950423715126e+00
-2.342152008308682642e+00
-2.297933422198969122e+00
-2.222201880277466124e+00
-2.247537072626191179e+00
-2.285056935137108169e+00
-2.227999367731151814e+00
-2.173175388956456455e+00
-2.151492196638549181e+00
-2.167516738581197533e+00
-2.209456853116455122e+00
-2.286866752879109566e+00
-2.266686983924267373e+00
-2.392286127872311319e+00
-2.329556542505962113e+00
-2.313855333076948906e+00
-2.302286703358417341e+00
-2.310217700023722731e+00
-2.253196221692431944e+00
-2.334659946450784673e+00
-2.380976649076806062e+00
-2.379495900962540489e+00
-2.303428025085163533e+00
-2.288220257238501532e+00
-2.270538967071776160e+00
-2.254594550691185528e+00
-2.417450735416454943e+00
-2.354693502098555324e+00
-2.377644727557929549e+00
-2.416666891856029675e+00
-2.354620608528070758e+00
-2.340892339451740689e+00
-2.352556656908748156e+00
-2.350503413186893376e+00
-2.379890893047685196e+00
-2.491238998608315214e+00
-2.393612115374741389e+00
-2.318403996632711017e+00
-2.227317000370634403e+00
-2.188602919228564758e+00
-2.281132721253271711e+00
-2.279189187005145278e+00
-2.299379419748818876e+00
-2.365545170859568280e+00
-2.486063975248697488e+00
-2.439529740388552970e+00
-2.488733539554075502e+00
-2.579119588249071171e+00
-2.660932504438778157e+00
-2.508177129323933663e+00
-2.521024961143251364e+00
-2.470851297475614050e+00
-2.413892886492162937e+00
-2.423471749621727955e+00
-2.441675923327123243e+00
-2.334346445749235333e+00
-2.329267540116596535e+00
-2.368980945999142662e+00
-2.334741403785958180e+00
-2.286614009911176915e+00
-2.457547778495907220e+00
-2.351724336208382393e+00
-2.417561873529748606e+00
-2.389480373678270819e+00
-2.397396393462414732e+00
-2.424462805234490759e+00
-2.439256188210401799e+00
-2.500632275503313018e+00
-2.529466615860827439e+00
-2.543649441210791284e+00
-2.410263308883998867e+00
-2.608250295704910737e+00
-2.470670005950478920e+00
-2.472817467095589361e+00
-2.509212774214276021e+00
-2.445447438111263860e+00
-2.523641268586573894e+00
-2.542686824814106572e+00
-2.579173789846269660e+00
-2.533166226636195617e+00
-2.512181225933373341e+00
-2.536992305233301437e+00
-2.503699220886938637e+00
-2.434756458633244858e+00
-2.516214160849695514e+00
-2.423710664384651103e+00
-2.524015517818912091e+00
-2.500864844305222601e+00
-2.481553627135529627e+00
-2.512081101387249937e+00
-2.442834529222028817e+00
-2.453612133819119023e+00
-2.545173181034276144e+00
-2.561519253789343864e+00
-2.590683237922937643e+00
-2.656704975066355168e+00
-2.697426076285359908e+00
-2.648494961302729767e+00
-2.767332918818305565e+00
-2.877872311623905333e+00
-2.920973974677499196e+00
-2.844787004122846685e+00
-2.894701112392104925e+00
-2.908513621267009075e+00
-2.946340491361023606e+00
-2.973819604157907914e+00
-2.956173106033131770e+00
-3.082266277343682859e+00
-3.110493518948078684e+00
-3.220931089990037854e+00
-3.172886392003828160e+00
-3.136011717437391155e+00
-3.075118985999609755e+00
-2.930994656941294796e+00
-2.984481545857173401e+00
-2.871059778013451247e+00
-2.821605542314632675e+00
-2.862026924187312638e+00
-3.075570360396914005e+00
-2.937197767215279143e+00
-3.004695896949539868e+00
-3.036940843756314123e+00
-2.930761191655094855e+00
-2.850035433473290691e+00
-2.896327447226886065e+00
-2.953683932990705863e+00
-2.977897470863870577e+00
-3.054898655523464512e+00
-2.992779852460410783e+00
-3.056553777242166259e+00
-3.040000134435560941e+00
-3.153926016658028963e+00
-3.113876424792157760e+00
-3.066341148920101123e+00
-3.144948658022998167e+00
-3.122639846111050055e+00
-3.014672737710908379e+00
-3.043028625780950680e+00
-3.176126983695772843e+00
-3.290405163383834708e+00
-3.261756163989038004e+00
-3.230052389122266110e+00
-3.213191051419013622e+00
-3.262451954879575400e+00
-3.321738145126525765e+00
-3.239141459640026088e+00
-3.427591771681303801e+00
-3.244179336965536287e+00
-3.275601316330639445e+00
-3.270457890596936146e+00
-3.426063070155088930e+00
-3.444685701495723951e+00
-3.443052118429978936e+00
-3.557886773261612845e+00
-3.584104277570942187e+00
-3.612493772829386440e+00
-3.670709234488893191e+00
-3.603315507818090069e+00
-3.542509409891164918e+00
-3.563166331477633619e+00
-3.651884017472500243e+00
-3.503223515544588551e+00
-3.517312721804651598e+00
-3.442173915519426863e+00
-3.484503749660076810e+00
-3.476657644529965729e+00
-3.381403171799570728e+00
-3.378471075137736257e+00
-3.296730416502395844e+00
-3.298100147985748798e+00
-3.193785822821334719e+00
-3.255740125105271776e+00
-3.325582715176402360e+00
-3.280094165106474335e+00
-3.350288977177200422e+00
-3.304434134901869768e+00
-3.339844766633196738e+00
-3.324671131659057366e+00
-3.275268508286947267e+00
-3.250028248983363177e+00
-3.275049506700966173e+00
-3.203034891178756283e+00
-3.148428009348174683e+00
-3.145605455010768825e+00
-3.096465921459041759e+00
-3.149167967794840539e+00
-3.159211674265609116e+00
-3.443470505325674669e+00
-3.303346367423662500e+00
-3.354549495315216401e+00
-3.182196820162098483e+00
-3.178403962254498616e+00
-3.239777827205812422e+00
-3.239475089058823087e+00
-3.312655206719882894e+00
-3.211976405465104545e+00
-3.187171054002166493e+00
-3.190735333966494558e+00
-3.161474061398308777e+00
-3.123868269170224199e+00
-3.146523850975564862e+00
-3.230220186415746930e+00
-3.240384975924790467e+00
-3.192569183174065905e+00
-3.008375956676091256e+00
-2.979405283355447409e+00
-2.899861478508721557e+00
-2.964886921194201719e+00
-2.959630505216383156e+00
-2.844050397599120927e+00
-2.909589342363350539e+00
-3.004948166940752063e+00
-3.071425241506513526e+00
-3.088177237875216807e+00
-3.139838155371796447e+00
-3.041422606346809498e+00
-3.067036802107166782e+00
-2.937230030544244030e+00
-2.959102946204914097e+00
-2.891009965099448298e+00
-2.936135867065420069e+00
-2.844392775480075741e+00
-2.927478793123437839e+00
-2.966358425146635280e+00
-2.972745396167028709e+00
-2.976589556306322049e+00
-2.967523613433040719e+00
-3.073899218756499963e+00
-3.229326889999228012e+00
-3.215769388635674630e+00
-3.093679001834376052e+00
-3.111960591188332348e+00
-3.117479980752067448e+00
-3.107557724882306083e+00
-3.214177110084088351e+00
-3.061081634967511622e+00
-3.109144032195987339e+00
-3.162777727768554925e+00
-3.086655927965249457e+00
-3.259793574312795261e+00
-3.140766427573199238e+00
-3.120110902098372829e+00
-3.138597697202562209e+00
-3.191248694567787592e+00
-3.263901913142865929e+00
-3.269669403612050829e+00
-3.398711005876592139e+00
-3.186965926037658381e+00
-3.257230076048743594e+00
-3.166263301754933313e+00
-3.251993005150225269e+00
-3.246953457839202084e+00
-3.171545096937385289e+00
-3.256243087053022123e+00
-3.164657665198939540e+00
-3.192212868460592823e+00
-3.292456614753870969e+00
-3.286056513633718978e+00
-3.350600954156875311e+00
-3.399678882286003567e+00
-3.454781856419191222e+00
-3.484424871065253893e+00
-3.377275424017798233e+00
-3.308956704713801322e+00
-3.366293835108003840e+00
-3.477019427481214287e+00
-3.392550427783181721e+00
-3.411644837039483846e+00
-3.602311453823903609e+00
-3.589214741264562747e+00
-3.554340241158161273e+00
-3.439651902822490559e+00
-3.469198823334920689e+00
-3.633648291761324423e+00
-3.615604351948658479e+00
-3.553294693974847096e+00
-3.649339223209219885e+00
-3.614546648063764245e+00
-3.687642403810294844e+00
-3.782843362269771248e+00
-3.746219576261146322e+00
-3.774449940907522283e+00
-3.796429755213403645e+00
-3.904206738416280853e+00
-4.000533196434579608e+00
-4.060987914770891827e+00
-4.130832452481692840e+00
-4.165380260974572479e+00
-4.073945876984855552e+00
-4.347663333454921286e+00
-4.313949783072006383e+00
-4.349371078437321181e+00
-4.455460871853015981e+00
-4.603756126722028164e+00
-4.543697816047344240e+00
-4.523431398601454489e+00
-4.597517050496360724e+00
-4.675069651140722371e+00
-4.765078689561331515e+00
-4.878270325889165981e+00
-4.984912803907196377e+00
-4.887296602207877427e+00
-4.911703161337740653e+00
-4.979694111983111959e+00
-5.020779727875090082e+00
-4.980309139648324113e+00
-5.037867017303639727e+00
-4.956057136692798792e+00
-5.173238769800755144e+00
-5.305153141430668740e+00
-5.273951590523243915e+00
-5.301183390661346806e+00
-5.165670988398691321e+00
-5.103918099792768004e+00
-5.005887270247495024e+00
-5.000953006341188001e+00
-4.931553555766577723e+00
-4.967998263832482664e+00
-5.156959891909955296e+00
-5.062515657330051155e+00
-5.019872916673608465e+00
-4.981720493259071958e+00
-4.741945207183424493e+00
-4.863270550589146701e+00
-5.016049486816505087e+00
-4.841589073919617903e+00
-4.894930145849083480e+00
-4.859974249941056534e+00
-4.737932702023509357e+00
-4.587703458110086174e+00
-4.572401083884066075e+00
-4.522236910210190253e+00
-4.455417547043261983e+00
-4.505027646845405798e+00
-4.486557862657028828e+00
-4.366702251624561271e+00
-4.308151775009753770e+00
-4.251441635283383036e+00
-4.268416265134579390e+00
-4.213357813258483020e+00
-4.222637589905957611e+00
-4.251138045569262225e+00
-4.276576227712733491e+00
-4.241878537992708864e+00
-4.266777647132020235e+00
-4.349751100666811254e+00
-4.375935298506930415e+00
-4.345403879036706662e+00
-4.380810418125857808e+00
-4.298302167858442324e+00
-4.360610642786473257e+00
-4.429166803249366957e+00
-4.546204616394344811e+00
-4.475444188735199447e+00
-4.329128977623071250e+00
-4.318150470432605914e+00
-4.328671228287270800e+00
-4.248257677036117563e+00
-4.329836559795773532e+00
-4.393377897734917603e+00
-4.427133368776023481e+00
-4.482299965364818561e+00
-4.425699981968886476e+00
-4.405183054716399482e+00
-4.449336087125963068e+00
-4.431945453508346233e+00
-4.480164223092526044e+00
-4.534093057940115301e+00
-4.539131338494992285e+00
-4.551379214438552978e+00
-4.548373479686318888e+00
-4.617458152911068758e+00
-4.648712493264982371e+00
-4.744870511510474564e+00
-4.745285169254873203e+00
-4.725926943147341852e+00
-4.841414104323698453e+00
-4.909117184415952018e+00
-5.050371008149473262e+00
-5.020929190610654125e+00
-5.001654716094602549e+00
-4.897214387734345031e+00
-4.797878040325880278e+00
-4.859367703217649215e+00
-4.822529680796500351e+00
-4.875136171053084944e+00
-5.009327046661009142e+00
-5.011584037613975084e+00
-5.037438286507953222e+00
-4.942882921081494629e+00
-4.875183952851486424e+00
-4.915168153740304469e+00
-5.012404409854255505e+00
-4.982576584154096544e+00
-4.984025411534931393e+00
-4.957579042414124615e+00
-4.931048641280835199e+00
-4.938763264164468758e+00
-4.905465106620069626e+00
-4.852040045535391144e+00
-4.897582853507611134e+00
-4.948819110625532147e+00
-4.941183591292579003e+00
-4.910349568342464721e+00
-5.004515548914516110e+00
-5.003269480545065484e+00
-5.048436466618316132e+00
-5.052039243682291847e+00
-5.007164552784735712e+00
-4.931028972034365410e+00
-4.959589253939668652e+00
-4.997377163245930731e+00
-5.064344455019019975e+00
-5.112153355828316315e+00
-5.201694346032247118e+00
-5.247700865781357749e+00
-5.239934859366076836e+00
-5.255125458520002013e+00
-5.320109414107488277e+00
-5.299240682838957106e+00
-5.297455353094267849e+00
-5.316709327610167790e+00
-5.321914153817104420e+00
-5.230486212116624678e+00
-5.248627250645108155e+00
-5.285096240697516379e+00
-5.270462011210357289e+00
-5.286785629192150893e+00
-5.324104151820723274e+00
-5.262239496050215237e+00
-5.130858112220703759e+00
-5.175005670266691560e+00
-5.097251151246887879e+00
-5.095395013551108576e+00
-5.127379051335460680e+00
-5.226896577459942961e+00
-5.305270467917190480e+00
-5.293976525877371664e+00
-5.333639137200957059e+00
-5.384670763372696456e+00
-5.214578388838711831e+00
-5.241188395104827258e+00
-5.104735547637826443e+00
-5.047193078759003804e+00
-5.025769028498613622e+00
-5.090266049046054064e+00
-5.172052292660588080e+00
-5.172573891170750393e+00
-5.138809137574906316e+00
-5.183952903703779036e+00
-5.079793859379988064e+00
-5.194129056697382119e+00
-5.082803696149288619e+00
-5.143221291824087160e+00
-5.255799933977938210e+00
-5.195580296351410610e+00
-5.137524041391699825e+00
-5.174917952301326451e+00
-5.181751269584099262e+00
-5.089367058410409150e+00
-5.094073376269141029e+00
-5.091701004909726436e+00
-5.120255195202596532e+00
-5.204976921739360662e+00
-5.266382799558509298e+00
-5.168134917822185592e+00
-5.128453749070244427e+00
-5.203615762570048986e+00
-5.204656474726899518e+00
-5.086391421755319442e+00
-5.092499035757692916e+00
-4.997543193293237707e+00
-4.976869677440856066e+00
-4.962307474057494616e+00
-5.037311182364446971e+00
-4.998288140989097350e+00
-5.201145399762408417e+00
-5.146197720927853325e+00
-5.094583340537373495e+00
-5.021296975917789673e+00
-5.051551720545859325e+00
-5.041269138516552673e+00
-4.958346880606778306e+00
-4.802754584898457857e+00
-4.810039257293144743e+00
-4.741072969999930109e+00
-4.802822354628515811e+00
-4.742221524197593574e+00
-4.585680953338972188e+00
-4.623599509349087811e+00
-4.712262988744308601e+00
-4.774500039371222471e+00
-4.993328401874966183e+00
-5.002274570019512367e+00
-5.025190643330028628e+00
-4.959540535475268186e+00
-5.085034956362318503e+00
-5.293401233489733571e+00
-5.262825701065056982e+00
-5.626324629741421113e+00
-5.783457501587822236e+00
-5.768315476339830106e+00
-5.606579427652869541e+00
-5.547016315275451248e+00
-5.488193434140304028e+00
-5.403734150379404966e+00
-5.341931966509205765e+00
-5.296886634856382337e+00
-5.285749926207382821e+00
-5.363605871672380232e+00
-5.630891374599536370e+00
-5.805462975104280332e+00
-5.870062946223329803e+00
-6.157932812918679666e+00
-6.365978933155441055e+00
-6.597573884051882942e+00
-6.821096861216481066e+00
-6.878809127409015289e+00
-6.692407351445144315e+00
-6.531715016877304159e+00
-6.445527189167091109e+00
-6.522079134871631823e+00
-6.614463860374768522e+00
-6.731532980116658571e+00
-6.891461815534047908e+00
-6.882728699292131935e+00
-6.865349967000162756e+00
-6.944247080367869529e+00
-6.880083711288106585e+00
-6.968014364705987340e+00
-6.949339947546078200e+00
-6.946574530217823451e+00
-6.910523472903748576e+00
-6.879908659748058319e+00
-6.783496408798283639e+00
-6.677666050469808212e+00
-6.615563545914907806e+00
-6.641199565096119528e+00
-6.535065023826901687e+00
-6.464653279898172400e+00
-6.485211676801778680e+00
-6.490862110058521317e+00
-6.461150863269568667e+00
-6.343696796337558119e+00
-6.229660090579563381e+00
-6.153155377959989458e+00
-6.070625929554899436e+00
-6.005412612184882093e+00
-6.000451589632536553e+00
-5.994083369732114086e+00
-5.978882810371341172e+00
-5.992262114775766868e+00
-6.128105213448289845e+00
-6.242340036660708691e+00
-6.338252631797455905e+00
-6.474305856027220862e+00
-6.547753440452544815e+00
-6.649136375123203990e+00
-6.757648676955627209e+00
-6.798061450205809209e+00
-6.780872572046683366e+00
-6.894180707200829872e+00
-6.931400019260189005e+00
-6.901185783334359058e+00
-6.915456114348334182e+00
-6.930545819168396626e+00
-6.945979459491264940e+00
-6.990159458319177510e+00
-6.930481549389716278e+00
-6.987368684778171968e+00
-7.008624215948421998e+00
-7.038073889569228747e+00
-7.148953409238064438e+00
-7.251376012575247998e+00
-7.430004113032538271e+00
-7.591493271485701300e+00
-7.718261540547413091e+00
-7.843512837978803276e+00
-7.882043828086888304e+00
-8.032698132966293869e+00
-8.255932696727702691e+00
-8.452304699198691651e+00
-8.584795976033333886e+00
-8.650955267214090583e+00
-8.601595547794850916e+00
-8.615744901515711263e+00
-8.682801036013927387e+00
-8.692889057325096758e+00
-8.731254357123027887e+00
-8.612249247694453658e+00
-8.642001654922223608e+00
-8.698056841490176438e+00
-8.778482707552889508e+00
-8.868413795888365314e+00
-8.857054707837347607e+00
-8.825620101350599711e+00
-8.775146700203695360e+00
-8.803976452870209357e+00
-8.799922001308203789e+00
-8.692740779180441635e+00
-8.610135821939245204e+00
-8.616530069736004549e+00
-8.550622377197450774e+00
-8.522241595981935092e+00
-8.522443657350727619e+00
-8.473393225108512894e+00
-8.428292808661666413e+00
-8.472723587203748963e+00
-8.441738151604432971e+00
-8.470074911065418988e+00
-8.508300226399127197e+00
-8.588250979812961816e+00
-8.586651599344037322e+00
-8.671608831473632151e+00
-8.757222215149068845e+00
-8.829954486424741233e+00
-8.805133079911472649e+00
-8.903993016288708873e+00
-8.965192186173043254e+00
-9.036505509722328355e+00
-9.175447288369007026e+00
-9.241043287912086512e+00
-9.321197828950353426e+00
-9.443837548164651707e+00
-9.495483479682897965e+00
-9.576542890047907264e+00
-9.668994384559887578e+00
-9.706587722912072280e+00
-9.746191006661582890e+00
-9.855700155667923568e+00
-9.971874287743139220e+00
-1.007372971847282095e+01
-1.023268694150376845e+01
-1.037309652925208603e+01
-1.055673194818402472e+01
-1.070791734308582654e+01
-1.086343109197571088e+01
-1.101407107407711017e+01
-1.114016946408879249e+01
-1.124210827737122464e+01
-1.131983567286017411e+01
-1.133090975439874271e+01
-1.140588017007763000e+01
-1.146630076438852441e+01
-1.160787593686318786e+01
-1.176276611616045642e+01
-1.180004513606929351e+01
-1.179668497351033807e+01
-1.183483908127536921e+01
-1.187918956514353219e+01
-1.200018308979884551e+01
-1.213245599513581396e+01
-1.215737545875569481e+01
-1.220264471702834719e+01
-1.222018791773295909e+01
-1.220518654824591742e+01
-1.219287480334397422e+01
-1.212320507904875377e+01
-1.215908133168758809e+01
-1.214545251841291851e+01
-1.230223758992962324e+01
-1.226289270677211896e+01
-1.241301335362357605e+01
-1.240375391140783812e+01
-1.237351349871313566e+01
-1.242452026233559792e+01
-1.249654815202532987e+01
-1.261893241746373207e+01
-1.274936156076841165e+01
-1.273460002874614005e+01
-1.301080222705052414e+01
-1.303334392382875961e+01
-1.296511667136231694e+01
-1.305655705227238883e+01
-1.306240344082779359e+01
-1.295293151755583239e+01
-1.294816848863760939e+01
-1.287398857270011554e+01
-1.278427469908389114e+01
-1.274818185381148616e+01
-1.282777024781798225e+01
-1.280288037161518311e+01
-1.271250472120451036e+01
-1.260763549418058282e+01
-1.242620068146617740e+01
-1.217918872763885929e+01
-1.186079006787756818e+01
-1.167097251546894476e+01
-1.155658380586020506e+01
-1.126277414554084544e+01
-1.088678170830272407e+01
-1.055187419810894056e+01
-1.029861145852047244e+01
-9.915111136325663210e+00
-9.803250587771136892e+00
-9.611640401911815346e+00
-9.269493204950101983e+00
-9.052400668695788966e+00
-8.762879995551465129e+00
-8.310008274688620133e+00
-8.052123245315167210e+00
-7.929777207331189182e+00
-7.709935501528789814e+00
-7.659969633758025864e+00
-7.516205959638568856e+00
-7.566347334866839525e+00
-7.329230426706443424e+00
-7.308897199562614411e+00
-7.485217847431488991e+00
-7.358713244266872344e+00
-7.295292928856708770e+00
-6.968788029868351330e+00
-6.792193017937318444e+00
-6.597904832140262243e+00
-6.237006100312251000e+00
-5.880824046802711536e+00
-5.832028882085323218e+00
-5.646069708931884534e+00
-5.522220792680865742e+00
-5.319476613565407241e+00
-5.241863388973984073e+00
-4.787513329937368667e+00
-4.647127441824783212e+00
-4.432185565570414099e+00
-4.331902832780864188e+00
-4.463722547433536469e+00
-4.227480278947987280e+00
-4.104600057793375001e+00
-3.750159758507491503e+00
-3.604141095078635448e+00
-3.458921168177589323e+00
-3.397892842193470209e+00
-3.376397143009738144e+00
-3.392087051142594678e+00
-3.591038957527399322e+00
-4.069506257255055104e+00
-3.698971838266210455e+00
-3.599912793488054152e+00
-3.429123477394886876e+00
-3.367187141789361071e+00
-3.324996968685941745e+00
-3.309849547518314061e+00
-3.402174421865139742e+00
-3.349544209147250040e+00
-2.867483155748190349e+00
-2.560239676550827070e+00
-2.696662314381094383e+00
-2.377555500114383769e+00
-2.302146820395618132e+00
-2.156693649880294217e+00
-1.829225944727603803e+00
-1.772469862366197635e+00
-1.840888136840170830e+00
-1.542043579466036762e+00
-1.720269228616969848e+00
-1.493441206701032975e+00
-1.483087657718598962e+00
-1.520937983517322900e+00
-1.211314240999685099e+00
-1.209817459921873173e+00
-1.127861198666575859e+00
-8.461870829181278308e-01
-9.992897601445069888e-01
-8.194128804650558928e-01
-5.379531255978508009e-01
-5.441017672280025197e-01
-4.325837100553890924e-01
-4.371271975841566904e-01
-5.231121069329081053e-01
-5.260391904450414380e-01
-5.766837501536610233e-01
-1.014250393376254777e+00
-8.053415096593242728e-01
-4.453596029782542209e-01
-3.379893788166768442e-01
-3.869743215222727906e-01
-2.503847384134851861e-01
-3.692627845308196211e-01
-2.302596345112415399e-01
-1.886399056589996293e-01
6.904914311662241344e-02
-4.294159186828184344e-02
-3.783704101924702523e-01
-5.545344878532366684e-01
-8.742274274088787100e-01
-8.178654763085222434e-01
-7.067410173567738596e-01
-4.433077665668141432e-01
-2.403313664741563438e-01
-2.097670828497621986e-01
2.980230817633803819e-01
2.761168532648584084e-01
4.854904178655428809e-02
2.371247808497603804e-01
2.681198678470193553e-01
3.132649281278001574e-01
4.420234388579939999e-01
4.431430207785241326e-01
9.554840918456188048e-02
9.960488545508999758e-02
2.693886232248218771e-01
-2.040462209874275568e-01
-1.832327478919152930e-01
-1.723938828561217829e-01
-2.001360185640303768e-01
-1.609564599969907916e-01
-2.978788529039905764e-01
-4.356994625509230668e-01
-4.144186667080504427e-01
-5.052331956991493733e-01
-6.786246096894301694e-01
-5.466678943634309951e-01
-8.336511107332200687e-01
-7.705428153984930084e-01
-8.400704725103792514e-01
-7.823413728106669573e-01
-6.325901142628013174e-01
-6.587503395776957982e-01
-6.735564956471199460e-01
-6.610826942612989532e-01
-5.602268752278207753e-01
-6.680212017517688228e-01
-6.442174546367253063e-01
-6.958371735149918580e-01
-4.257626884020532243e-01
-5.736672581440324103e-01
-6.196362129322608991e-01
-3.629061064782674872e-01
-4.649795959601971118e-01
-4.426090844826890414e-01
-3.518117169244828202e-01
-2.917742226083621659e-01
-3.391492870720052011e-01
-4.196567852854545810e-01
-3.140187980735891782e-01
-1.201417175266758369e-01
-1.343724995691541468e-01
-1.098312385732571304e-02
2.301662748129479352e-01
-1.679351240539569690e-01
-2.486409823247418549e-01
-3.602049120729456377e-01
-4.979908243875037499e-01
-2.617636115483735759e-01
-3.729004680671685890e-01
-4.782125773314091499e-01
-3.428994161148373743e-01
-5.220759041963108915e-01
-4.598854388607851451e-01
-3.981780118300812799e-01
-3.170209788107554161e-01
-1.145984448546032569e-01
3.686598871345082851e-02
-1.809954921515657122e-01
-2.103835619472175233e-01
-2.218405054395463094e-01
-2.758378245966256470e-01
-3.211740423910802722e-01
-1.601613347625045480e-01
-2.276692488751224097e-01
-1.443578101548710357e-01
-1.772764392550382206e-01
-2.553915364990120285e-01
-3.790776534971229683e-01
-2.778595791633262091e-01
2.878577218824592346e-02
6.007157761238758609e-02
-2.790569156650670180e-01
-4.185987923342811556e-01
-2.464572743639667773e-01
-4.256937209127315547e-01
-3.608478735043551544e-01
-1.399160873901376112e-01
1.455206610786624610e-02
1.652244301147822170e-01
-1.580821811529961041e-01
-1.397230986233183869e-01
-2.452255008809703651e-01
-1.747029861225056768e-01
-6.469956568248587392e-02
6.427751620223653983e-02
1.407259121549945258e-01
-1.428684003260627389e-01
3.785112688684804522e-02
2.173261108397563091e-02
3.031862315060787072e-01
1.141963954108384804e-01
-7.552580760184317114e-03
-1.835913015442185992e-01
1.720516258273684096e-02
-1.399785404461396758e-02
2.199558523171631363e-01
2.838767358401319552e-01
3.056106779116667393e-01
3.270841272707891156e-01
2.782959727484947687e-01
-1.797133496566362398e-02
1.021793217638206352e-01
2.731618353042500336e-01
4.699956192606569161e-01
4.623757956309700323e-01
4.574766124585240568e-01
4.562475139916244427e-01
3.267572765103533561e-01
2.852029733531357691e-01
2.347441630743457575e-01
-1.135708823410079039e-02
-2.536804569001911980e-01
-5.255602711977355179e-01
-6.220204499621845295e-01
-8.844313878178605703e-01
-8.668689102396545110e-01
-1.077593541076360850e+00
-1.018273817119797142e+00
-1.029317901305562666e+00
-7.059112736036754487e-01
-7.620092026772236071e-01
-5.584232224118113042e-01
-3.776899964845847335e-01
-3.715209894215915076e-01
-2.378971161257943667e-01
-1.173867061453028882e-01
1.831874525443406287e-01
2.920849061054678897e-01
2.121298283962186060e-01
5.032173761870839535e-02
-1.470628071569673734e-01
-1.173646942666986548e-01
-3.492058759514076183e-01
-5.476753601852765163e-01
-4.448127986737172579e-01
-4.025282807826067732e-01
-6.964369675421161476e-02
7.415094959566066735e-02
1.741523076131640951e-02
1.676876355030005872e-01
3.866471823401162466e-01
3.026511527024359771e-01
3.112576044884183268e-01
1.267347393208806960e-01
3.279721111739589134e-01
2.975191857783440752e-01
4.375066478700845862e-01
4.089768550565153760e-01
3.379415612255926571e-01
2.547179692702299381e-01
3.183622352820810186e-01
2.970260715670028917e-01
1.818122112296270132e-01
7.831862428176901425e-02
3.449558519995340466e-01
4.273876856021250337e-01
4.728153026773729839e-01
3.933968104850217307e-01
3.760314193787889225e-01
2.308108315084189122e-01
7.673404584694466790e-02
-3.542332606940093442e-02
-1.952768267907208435e-02
-1.718445435699372803e-01
-3.122138700954926183e-01
-3.975802708440298594e-01
-2.164567843699401473e-01
-6.287605350387728831e-02
-1.615506439450189458e-01
-3.238010261322022409e-01
-3.748191085022720692e-01
-2.030282576139043338e-01
-2.308763312671696655e-01
-2.702848421249418598e-01
-1.765125877160581558e-01
-1.101082269541563269e-01
-1.920109826795122487e-01
-6.776070984040157008e-02
-1.514882235642863173e-01
-1.556672666440480912e-01
-8.223630808477616627e-02
7.266705987071019057e-02
8.541902508145801654e-02
8.016169212466557614e-02
-3.002625304081364688e-02
-6.622382930182335592e-02
-8.718599824690041744e-02
-2.218777303000789847e-01
-9.530967610921084465e-02
-2.780369541128979716e-01
-5.090799812804216451e-01
-6.843727799293222169e-01
-7.540213051045140391e-01
-7.502772765742791172e-01
-6.564609188331268497e-01
-5.817248025349363028e-01
-3.642433026971678145e-01
-3.072098111771416340e-01
-3.514146727200899711e-01
-5.849638312306379984e-01
-6.405826278608075519e-01
-5.780877249833517029e-01
-3.329760895074844185e-01
1.368707737957106443e-02
-2.834800334767735297e-01
-4.672473740717281721e-01
-4.299383690677288650e-01
-4.858726726665485440e-01
-4.517266389599703391e-01
-3.912936565600721450e-01
-4.810005241299313283e-01
-6.038567236077496680e-01
-1.016924708885775797e+00
-1.194673660847653807e+00
-1.106344993601765303e+00
-1.038713655356921839e+00
-1.293090711981990326e+00
-1.211773513605693742e+00
-1.211892650186840337e+00
-1.208614994655617059e+00
-1.313465006060858808e+00
-1.353932549868906099e+00
-1.298783189632707558e+00
-1.319332349635901513e+00
-1.254424354312257739e+00
-1.089834368926255070e+00
-1.107293438458492041e+00
-1.314652474069946786e+00
-1.600250028863144935e+00
-1.265769974966281852e+00
-1.117236921783951953e+00
-1.095505641106342853e+00
-7.681972578359105297e-01
-8.973897027794072168e-01
-1.004347867548767148e+00
-1.048921545740259864e+00
-1.056910708827806689e+00
-1.058068717528455549e+00
-9.291412789997222088e-01
-7.827997680358222965e-01
-8.005036373888623213e-01
-1.331872657281444994e+00
-1.407154046388620960e+00
-1.747899482157899476e+00
-1.768212874216847474e+00
-1.389729667043647643e+00
-1.125319604689090314e+00
-1.170003185329398843e+00
-1.176845282309210816e+00
-1.199933183738912668e+00
-1.157478989668938141e+00
-1.256893362440578477e+00
-1.287167328407912370e+00
-1.298487826136780932e+00
-1.092390082928106576e+00
-1.346601580239581430e+00
-1.506255963645565021e+00
-1.511671695676676253e+00
-1.441976764566656577e+00
-1.475244159741653238e+00
-1.409894540705855848e+00
-1.218851245591319410e+00
-1.296924242856922538e+00
-1.442397011023540010e+00
-1.354263727170752274e+00
-1.402361707685387149e+00
-1.701989211086013531e+00
-1.694454516233189434e+00
-1.526027088271830756e+00
-1.492817838982232637e+00
-1.575218589954643145e+00
-1.550463961986857431e+00
-1.620695876143975811e+00
-1.856815003274350895e+00
-1.796298711197810594e+00
-1.846607783213209508e+00
-1.757514511852202865e+00
-1.711133695182206260e+00
-1.652040479483612989e+00
-1.515397118775123619e+00
-1.328695339502490746e+00
-1.435776544048773529e+00
-1.408798266190980364e+00
-9.607391650269280214e-01
-9.288826244449519542e-01
-9.200749438268078784e-01
-9.534748300225585060e-01
-9.578902783390722542e-01
-1.010518494132522038e+00
-1.058930385941004193e+00
-1.022507545475059398e+00
-1.128238543900807356e+00
-1.051238271039807604e+00
-9.833689096013800146e-01
-1.042398474540495501e+00
-1.236527753143959796e+00
-1.369384749280427416e+00
-1.195970195850483808e+00
-9.613800246348588319e-01
-9.370897809096244702e-01
-1.088254237878062636e+00
-1.122654429558281430e+00
-1.346829314066380512e+00
-1.510955114548763856e+00
-1.603519769716313714e+00
-1.617311361321361884e+00
-1.459852498545452626e+00
-1.259070259242227374e+00
-1.042004514686873495e+00
-9.669708179405680504e-01
-9.416228346933723792e-01
-8.781621806543096209e-01
-9.693478027489589310e-01
-8.391063428331166918e-01
-7.875855031267122719e-01
-6.206564382759464094e-01
-9.519822331203712240e-01
-1.234466766592071219e+00
-1.225370743130398399e+00
-1.394049480515497486e+00
-1.332896265631680066e+00
-1.249700989988291377e+00
-1.056521398437705761e+00
-9.631362884469830687e-01
-7.502626214802494697e-01
-6.217323208639157217e-01
-4.142269100455031605e-01
-4.425789373295498375e-01
-3.916930053388539834e-01
-4.437916300958620330e-01
-2.429328089579397554e-01
-1.540393387136509418e-01
-8.788810739146189766e-02
-2.702825865614889578e-01
-1.926826934929044555e-01
-2.381403611293282929e-01
-3.228098634270386985e-02
-1.423342547320433638e-01
-3.097493279800390131e-01
-7.758663181815809995e-02
-2.300561427151492921e-01
-1.130854996762441084e-01
1.240543991240401073e-02
-6.641337399082844484e-02
-6.744409059910862203e-02
-7.307926804333332582e-02
-4.650396424789694783e-02
5.755701820564548127e-02
1.002853895280707425e-01
-1.693461697496967122e-01
-2.629796639807877034e-01
-1.767570000337255476e-01
-3.106323390174112187e-01
-5.059924708137004679e-01
-6.876478187433047173e-01
-5.523333313649863019e-01
-7.582888315740302643e-01
-6.180696134419711996e-01
-6.140944758086719357e-01
-4.610357216358660915e-01
-7.215501117943795562e-01
-7.147039626498806753e-01
-5.841167509524576307e-01
-5.434495257558346060e-01
-2.453700464714063945e-01
-4.383434770780658685e-01
-5.779958530885189738e-01
-4.220461771111765903e-01
-4.901858029838103148e-01
-1.900145811876491342e-01
-1.280853039381142922e-01
-2.132031661031296987e-01
-1.552119098778715900e-01
-1.850371793088961825e-01
-3.426219288716914613e-01
-6.361266268054562023e-02
2.302012056876378832e-01
1.967097698811693107e-01
1.758796213276309361e-01
1.188865098183961161e-01
7.052891930192839443e-02
1.999868155350564836e-01
1.277675507726201698e-01
-8.452153644083767667e-03
-4.135847029087408866e-01
-3.067635048514527063e-01
-3.169528757611289604e-01
-4.330487974009335495e-01
-4.303119759135968225e-01
-4.045786589209752204e-01
-4.979774483638126359e-01
-3.297052424603761356e-01
-4.495375938027481033e-01
-2.931187484664034004e-01
-3.798257509284300726e-01
-5.395529047213702967e-01
-3.959457564308860311e-01
-4.447149494050692820e-01
-6.700780712910366921e-01
-6.720627703669264097e-01
-7.356809063093793233e-01
-7.231762801324190804e-01
-9.117192633877461150e-01
-1.184861976880446921e+00
-1.198493921557286956e+00
-1.115116130874258316e+00
-7.651772381608731299e-01
-6.398664720824963625e-01
-7.023087131475370670e-01
-7.764458330773523764e-01
-6.096964899061843024e-01
-6.868199953984346351e-01
-8.853087620406602243e-01
-9.560586148239273996e-01
-8.600206408108213019e-01
-9.469174169314439338e-01
-1.073153212477254925e+00
-1.104667009034129288e+00
-1.055637535360169910e+00
-9.293000161493216726e-01
-8.278995405280541453e-01
-6.892516801347431388e-01
-8.073069953412829181e-01
-6.505809059405029959e-01
-7.742947590822351067e-01
-9.174012195329050989e-01
-6.517144403128368735e-01
-4.840772448386009286e-01
-5.809636610739026263e-01
-4.667182288499121534e-01
-4.867258542433501867e-01
-4.830217016172995703e-01
-4.276907815987105455e-01
-6.943947412438090661e-01
-6.645075138956532124e-01
-6.697734573693009397e-01
-6.725388851011232516e-01
-4.780376340476313879e-01
-1.536060022603261688e-01
-1.318680311132759686e-01
3.243514692810892108e-02
6.920750015165855196e-02
2.569517533471123161e-02
-1.481263481124753811e-01
-2.118756190259775130e-01
-1.843219267311360099e-01
-2.268451565236907219e-01
-1.553737833443155636e-01
-6.589807235694473964e-02
-9.737317381020024754e-02
-1.336292219178797647e-01
-3.058963014834156224e-01
-3.731421101497358617e-01
-4.176373768227892302e-01
-1.736083098045467232e-01
-1.114151066917665189e-01
4.004113869151484928e-02
4.146371853496951670e-02
-8.476168283182611285e-02
-1.607543880302006178e-01
-2.941226665483961944e-01
-4.432428419155030608e-01
-5.619418251075166681e-01
-5.008873127753951104e-01
-6.296152883129549904e-01
-6.283347009513823300e-01
-1.915435099250824558e-01
-1.773384467875446513e-01
-1.245890208368362478e-01
1.479809553840937160e-02
-1.310618224001081911e-01
-1.044516926979726784e-01
-2.479096121439018363e-01
-4.228176340525918175e-01
-3.804337340591258942e-01
-4.966863588352716241e-01
-4.670724315219671463e-01
-6.189317116205699243e-01
-6.628755218896285051e-01
-7.434694905094434425e-01
-8.542723507610868738e-01
-9.215450619572559399e-01
-9.590012657380110328e-01
-9.728408220547903884e-01
-1.084518491918443850e+00
-1.263944697976141507e+00
-1.458252987535267664e+00
-1.185485157552286228e+00
-9.955016474331175313e-01
-8.273103192886611668e-01
-6.253621045161712466e-01
-4.542330302944275200e-01
-5.972407203233289774e-01
-8.480232275635718464e-01
-9.635486381673524781e-01
-1.119865139791740960e+00
-1.157528816065594990e+00
-1.082117935052159252e+00
-9.633759968912349869e-01
-9.846212995790227795e-01
-1.095817563096108671e+00
-1.181657552011749157e+00
-1.349228606105569161e+00
-1.509234445814141568e+00
-1.593903533207130963e+00
-1.525547657756763265e+00
-1.524798159429220146e+00
-1.621234384438026588e+00
-1.552026520162988810e+00
-1.456652548026190042e+00
-1.245364686532611787e+00
-9.791031225285193873e-01
-6.897547756493196403e-01
-6.485295188502041563e-01
-6.762053836785043570e-01
-6.435441178057021983e-01
-4.186105158693688155e-01
-5.913049621720536386e-01
-5.310910414477224561e-01
-6.392568990440987697e-01
-8.060705732912690769e-01
-6.771800362529943884e-01
-6.739687755793333235e-01
-5.455344188716515497e-01
-3.601156167975859690e-01
-4.108070477457576586e-01
-2.860347702025543559e-01
-2.076040637223221796e-01
-1.966223194624124038e-01
-1.624387390521017938e-01
-2.801659777746099422e-01
-1.861244350606351405e-01
-3.482285438905387553e-01
-4.432323810980575707e-01
-4.542159571571195986e-01
-5.336883390654850734e-01
-5.219995251286467797e-01
-3.982448845816207728e-01
-2.067927626402817354e-01
-2.197111367635612433e-01
9.711521132218245422e-02
-9.576069817338248025e-02
-1.070648019923150229e-01
-2.142088867237293137e-01
-1.616737113594834407e-01
-7.263545728529699486e-02
-4.153994641855930647e-02
-6.901424104402691974e-03
-1.274794154531732615e-01
-1.927676675405442797e-01
-3.736861167315614352e-01
-4.786227358446406566e-01
-6.684185236896524884e-01
-6.034911157275058002e-01
-6.804333867690949278e-01
-8.859041654100403562e-01
-8.666932111657325022e-01
-8.437576805887661013e-01
-8.674434608015031412e-01
-1.052778829717879061e+00
-1.097019296506689834e+00
-1.094985988457987114e+00
-1.261438223151570615e+00
-1.330775430740618104e+00
-1.422166862280335842e+00
-1.402823081435022878e+00
-1.547356603006474707e+00
-1.763324951507248661e+00
-1.709590090982763710e+00
-1.765793729178156024e+00
-1.843339621264049377e+00
-1.856504803291341377e+00
-1.771165031459980721e+00
-1.664345441040460782e+00
-1.347745060682168594e+00
-9.796830079151727100e-01
-1.021134996410087759e+00
-9.474511111535086627e-01
-8.331326585089118275e-01
-9.038689431389675955e-01
-9.685544537017984901e-01
-1.076558055509202028e+00
-1.055641271727203900e+00
-9.201376732406750802e-01
-8.493319830792326330e-01
-9.156428928656752397e-01
-9.102800285116564583e-01
-9.513535418921519327e-01
-1.120006395557656909e+00
-8.953875970771044690e-01
-9.091550207912898474e-01
-8.935322711812863083e-01
-9.208022802403669216e-01
-1.004873253259598087e+00
-9.722939839305547727e-01
-1.141831446208625644e+00
-9.641434092801632882e-01
-7.931871374825983922e-01
-6.687230676712896393e-01
-4.960611099452014727e-01
-5.378019714226449643e-01
-6.832559525426127323e-01
-9.191010371209142882e-01
-1.121006247405151202e+00
-9.483383557013639331e-01
-7.001469164734506201e-01
-5.802762384970174825e-01
-5.742876949492592420e-01
-6.316351565308016003e-01
-4.828262858461588869e-01
-6.194304457564366873e-01
-7.104774465930447924e-01
-1.011773995728482811e+00
-1.248486606297200652e+00
-1.102692544280804210e+00
-1.124000583947794896e+00
-9.639646449560493879e-01
-1.184966260193794474e+00
-1.138948941444792640e+00
-1.117940380221845942e+00
-1.077955612188764567e+00
-9.134716776173258390e-01
-6.327883662818701849e-01
-5.933898257368347418e-01
-5.510339657488976250e-01
-6.389670272247198746e-01
-8.381095040208437208e-01
-8.221897936539518392e-01
-6.901127561584409209e-01
-5.119397986380825882e-01
-3.002777738612656955e-01
-4.144511658480518612e-01
-3.800029627561318790e-01
-5.647978240464803790e-01
-5.180600469994254276e-01
-6.949884700852290154e-01
-7.869995936287669247e-01
-7.056960730894067391e-01
-8.319705246351261074e-01
-6.684749349242951055e-01
-4.963806917458277179e-01
-3.791329223387255865e-01
-4.806016940203380328e-01
-2.509549192428062181e-01
-1.494780691392104399e-01
-3.835702612970662839e-01
-5.148327604856972606e-01
-6.333542010460293525e-01
-7.238544437393209519e-01
-7.972830679636249140e-01
-8.179829226262291808e-01
-8.044295199333778568e-01
-5.189020529601212628e-01
-1.452083968307821271e-01
-8.158474683026085972e-02
-1.236428490923672796e-01
-7.303651029230628922e-02
1.215525577484245362e-01
2.668420502207675127e-01
2.302765144611542414e-01
9.146842299582007285e-03
1.891632790414325416e-01
3.017239988785951760e-02
3.847942465453393912e-02
1.189562593031003174e-01
-6.952375791460324583e-02
-2.410950313015148838e-01
-3.545565252929955835e-01
-4.031692537628741579e-01
-4.055033877182105950e-01
-3.286828572064397491e-01
-1.525660364966960336e-01
-4.068517288790052255e-01
-6.155553590215251392e-01
-8.949662322035545348e-01
-8.935824053609012774e-01
-1.044410277583320612e+00
-9.976920810970946185e-01
-9.658837034913432262e-01
-9.765569559920221909e-01
-1.051059342286122966e+00
-9.484394978002043120e-01
-6.893613020464836039e-01
-5.215684708230705624e-01
-5.235733436974148169e-01
-2.314783548964424176e-01
-7.902619672678773410e-02
-5.608568471118412224e-02
-1.188814308146967924e-01
3.947552786908033878e-02
1.692918034533838212e-01
1.106067167347330182e-01
-8.696384175339005873e-02
-1.939826440608772296e-01
-1.272288432052961493e-01
-3.638296843157055038e-01
-5.439763759595866999e-01
-5.567430088669677035e-01
-7.133774201134741588e-01
-5.318295031160852337e-01
-5.110360618717568748e-01
-6.949214870466838834e-01
-9.008418012080618986e-01
-9.203709205998653609e-01
-1.020926153279154258e+00
-1.121878919150109288e+00
-1.012799972426896344e+00
-9.354708264746274260e-01
-1.122946853698273850e+00
-1.556647949637356199e+00
-1.341601352588598361e+00
-1.326482445587270131e+00
-1.381022915660772954e+00
-1.504856446416642513e+00
-1.770414358660164833e+00
-1.582708604988465995e+00
-1.698642537363630245e+00
-1.724253154114156583e+00
-1.719491819097598295e+00
-1.846952236061706110e+00
-1.742305381711172441e+00
-1.618768689105050784e+00
-1.658599135463968643e+00
-1.536881757660449654e+00
-1.476367620588652008e+00
-1.627473487484391468e+00
-1.729110998446228287e+00
-1.706120899332936425e+00
-1.713670368587219217e+00
-1.344659556657135768e+00
-1.466986656746516182e+00
-1.493304680359800907e+00
-1.863263388520673081e+00
-1.960934148033820712e+00
-1.987210996333030666e+00
-1.683141037120132744e+00
-1.508631695887273194e+00
-1.547283128691725240e+00
-1.494804358505275710e+00
-1.658166787770510409e+00
-1.724694975442046418e+00
-1.760781972893043168e+00
-1.752549660150727995e+00
-1.918664719956854725e+00
-2.143235564216859679e+00
-2.220275652621035434e+00
-2.188017151293643714e+00
-2.096903535123495921e+00
-1.948723148077442735e+00
-1.910184566882557666e+00
-1.837997277649588757e+00
-1.693851655415590907e+00
-1.595685564830435110e+00
-1.403806518305112938e+00
-1.239961138589275258e+00
-1.275249795228061700e+00
-1.164838977021371402e+00
-1.003192157625401260e+00
-1.140922989210454208e+00
-1.233023044198366724e+00
-1.060717144837636239e+00
-7.552489056579878568e-01
-8.970578000330640123e-01
-6.007534066255821870e-01
-6.664253140990119562e-01
-5.398366421942694116e-01
-5.639741314675345008e-01
-5.161328381129557386e-01
-4.916189635952996628e-01
-5.015731058629331329e-01
-6.368750449124858104e-01
-7.206111543962999688e-01
-6.853511923958920393e-01
-8.754856940667666843e-01
-9.025483510523434338e-01
-9.934441685030053204e-01
-6.347047871717135248e-01
-4.253750323819843748e-01
-5.353756450484536966e-01
-6.450257888816284257e-01
-6.615164149553808270e-01
-5.307127468591867903e-01
-4.140081323571431771e-01
-2.616385041278042056e-01
-2.381477283971944192e-01
-6.718630983092865883e-02
-1.926011308863186666e-01
-1.416171985291614643e-01
-9.928252163974457534e-02
-2.274918394827693813e-01
-3.520344930605523448e-01
-5.731990452215516285e-01
-6.673858374520741377e-01
-6.798566765322503480e-01
-7.466598085350275582e-01
-9.381145079765160766e-01
-1.016383506443899742e+00
-1.097620409487715110e+00
-1.324636154878615191e+00
-1.482148958220959489e+00
-1.345685254312628309e+00
-1.172624981366876984e+00
-9.448984120866676939e-01
-1.097226191696770492e+00
-1.048322882349996377e+00
-8.014272897594201250e-01
-7.728047034762758338e-01
-7.212233044728644238e-01
-7.074993757665457572e-01
-6.635272787597857880e-01
-4.155071332010791263e-01
-4.434702408730403222e-01
-4.312689649077913745e-01
-5.760977519995869045e-01
-8.537227230939513634e-01
-8.897034465161214323e-01
-9.323826139062150187e-01
-9.353769746659388318e-01
-9.359623435235262523e-01
-9.318987459596217438e-01
-1.146630060647382710e+00
-1.239303041654243875e+00
-1.172262479372425448e+00
-8.417123727896043128e-01
-8.083747110809914593e-01
-9.625972245483980227e-01
-1.266554782232334864e+00
-1.247889573260640317e+00
-1.039385703642566661e+00
-1.321132240534214297e+00
-1.277737734559566851e+00
-1.231536290788469490e+00
-1.058082750239862424e+00
-9.795934508899293292e-01
-1.025323948084059245e+00
-7.969508916333237769e-01
-9.046025699092048455e-01
-1.207533002141021106e+00
-1.391672973804527480e+00
-1.238040121796522897e+00
-1.277471212150288249e+00
-1.342703042601612218e+00
-1.282195816207386763e+00
-1.235451689085787397e+00
-1.309745305673262417e+00
-1.450439382455990245e+00
-1.423860876585619328e+00
-1.364854933138149429e+00
-1.348604762307870741e+00
-1.096316679829839158e+00
-1.229369818459187025e+00
-1.245575953461867336e+00
-1.244523694276380210e+00
-1.171733206287984830e+00
-8.289287704784220612e-01
-6.665094436493865793e-01
-6.222061455612585279e-01
-6.990417527484373839e-01
-7.451710554588470981e-01
-8.081049868287250026e-01
-8.328049116256198703e-01
-7.420630837494578413e-01
-8.682914745936283207e-01
-8.902237550885460093e-01
-1.078724885919289500e+00
-1.119522072371995192e+00
-9.437555046151331339e-01
-9.164557588033601654e-01
-1.121104338077999918e+00
-9.001855868198036514e-01
-7.801137270853402139e-01
-6.555297419186500996e-01
-6.632488882582099343e-01
-8.462563930429547465e-01
-6.749939617735696284e-01
-8.344202461808252203e-01
-4.577102099176328931e-01
-3.253028786841559161e-01
-2.054049929430172283e-01
-4.477793714757691279e-02
1.425802633526119523e-01
1.734668531881493059e-01
3.935949617740519546e-01
3.542800527314179937e-01
2.328622966384912008e-01
1.394211063892299707e-01
1.729312328492070214e-02
3.982288969455882732e-02
-9.526897899540104353e-02
1.232783465655007404e-01
2.537150975296636468e-01
4.298697294752826803e-01
6.699844145386539829e-01
8.067065519673515261e-01
1.039432573533657367e+00
9.830055626996264673e-01
9.605592323905745022e-01
8.859634404583950351e-01
8.518335528889721120e-01
7.760769868211376821e-01
9.504815438532100424e-01
1.077184916594990716e+00
1.270641933665181078e+00
1.201377325227965365e+00
1.104406126254628306e+00
1.090231110652120750e+00
1.024691826263594674e+00
9.727424367633964453e-01
9.237768456963466601e-01
8.301419827273460728e-01
8.088666086345626116e-01
8.928588135532685710e-01
8.971030913864892486e-01
7.895597567101240166e-01
7.764877175697081357e-01
5.865786656056362069e-01
6.235631883577601453e-01
7.018160129118728996e-01
7.849392050937320509e-01
9.254464260005828002e-01
7.090608803302437257e-01
6.409669945042780759e-01
6.420718238356527552e-01
6.146786835168084329e-01
6.760069076390134990e-01
8.193921234729484304e-01
7.871734763703437388e-01
7.021005097499154468e-01
5.578487803028588932e-01
4.813873977571184737e-01
5.788870545671797041e-01
6.424597469609596434e-01
5.698762479104465539e-01
5.362638925744218632e-01
3.371872986526585070e-01
4.087625988328605353e-01
3.041602113636426297e-01
1.879794424180651347e-01
1.586342071035836410e-01
1.592968080458353752e-01
1.749290390254393535e-01
1.260574760326503563e-01
3.854230507362964991e-02
-3.575451426491976087e-02
4.995140130983742599e-02
1.876662713286604556e-01
2.181080950373895100e-01
3.026152677997758222e-01
2.908823329890045661e-01
3.009808280311589979e-01
3.359109931426064177e-01
2.975152508858605604e-01
2.574145208143303054e-01
1.580320514142470878e-01
1.393223675420821595e-01
9.688203785838339632e-02
-8.331669072068909054e-02
-8.859455944088982793e-02
-3.694329007562072165e-02
-2.191983924076023049e-01
-3.734044432766643884e-01
-4.812325495175624468e-01
-5.083517196844353769e-01
-4.872439044050518309e-01
-5.186228222869941895e-01
-5.421844017200561083e-01
-5.260246968314695737e-01
-7.143577253523664128e-01
-8.167346488445558217e-01
-7.852562025657103817e-01
-7.958949425131325306e-01
-7.026610254913625564e-01
-8.859298492276993509e-01
-9.043344426546953141e-01
-9.154244385150762664e-01
-8.808745135537462412e-01
-7.435341229249163852e-01
-8.692386695100053906e-01
-8.470416906151362335e-01
-8.197453777540320008e-01
-8.773555651426883095e-01
-7.911526922276715945e-01
-8.204127452885651151e-01
-8.309232975515262742e-01
-7.515276897867469996e-01
-8.464072808464685460e-01
-8.960230065624329443e-01
-1.054871964948977725e+00
-1.144002760762798276e+00
-1.042971262950231237e+00
-1.178183182062517043e+00
-1.230342944318296938e+00
-1.263976624941617111e+00
-1.330032390782292850e+00
-1.401424622266897346e+00
-1.145839558425908233e+00
-9.056101137215625263e-01
-7.988116826397271275e-01
-7.420564117200638687e-01
-8.066235193384569957e-01
-8.945194347926097578e-01
-8.762605658546788190e-01
-8.072847537853173883e-01
-7.482050711333168014e-01
-6.046091910339828068e-01
-5.708034154694303641e-01
-6.129718461352968717e-01
-5.303413794637510392e-01
-4.635091040749197422e-01
-3.422805989735934196e-01
-5.316876346095917444e-02
2.201331941816246033e-03
-2.145788670996926772e-01
-2.997575327547025714e-01
-3.315573760885611732e-01
-4.311711572798738179e-01
-4.419877286454736987e-01
-2.954097818410929555e-01
-2.672752731418078231e-01
-2.044066791115242421e-01
-2.798274840009729592e-01
-3.270811533294599727e-01
-3.303669526052461780e-01
-3.457291938507205398e-01
-3.570675359772474966e-01
-2.586590227410245912e-01
-1.200852017229741275e-01
-4.190014307886557460e-02
3.132151798861285141e-02
1.452924719645110607e-01
2.237829955975517426e-01
3.122587967061493108e-01
4.463931847422419330e-01
4.944419187185667419e-01
4.698327095555450139e-01
3.794876653396820343e-01
2.465540357519056536e-01
1.944914381438923034e-01
2.664045235797580791e-01
1.970906412280876430e-01
2.830188130535603031e-01
3.277561072658133901e-01
1.155287075238667499e-01
1.603134026766002973e-01
2.381225968164649709e-01
3.406179186089944855e-01
1.844361723416578502e-01
1.754493765872215671e-01
1.712757199388157958e-01
1.790229785558241082e-01
2.796524750682680693e-01
1.648608784088629042e-01
1.003434395327998524e-01
5.805242893021216738e-02
1.449755605676019410e-01
1.496002134770889058e-01
2.623345264834422985e-01
3.169600238617635291e-01
4.709905598365458634e-01
4.730717826163737816e-01
5.902227107094933922e-01
6.453257487346175658e-01
6.471309539138938582e-01
6.511977022604236165e-01
5.769397315074892285e-01
5.663058544095761482e-01
6.121095001694030202e-01
5.944832712890387727e-01
6.299688641818961266e-01
5.345894182536101713e-01
4.729092869788540932e-01
5.518015278537902191e-01
5.944835369609423603e-01
5.152878299458905076e-01
5.005242620871761527e-01
6.040598115760764664e-01
6.414584175816800959e-01
5.702086804597873426e-01
5.795309958781312831e-01
6.109232887911203447e-01
6.078541337109852893e-01
4.227941549458549275e-01
4.910065393334613337e-01
5.460942113641270579e-01
4.914184828610539957e-01
3.726600355284524491e-01
1.759445661278601081e-01
-5.871669367310992753e-03
2.195690272004116941e-02
-7.215633968014843747e-02
-2.399544298666361763e-01
-3.512994237305856471e-01
-3.006792280272904683e-01
-2.634676573305220204e-01
-2.931615577097594905e-01
-1.423685992898643116e-01
-1.317800223762688738e-01
-5.323754735374720132e-02
1.154086799930955920e-01
9.844991066265562640e-02
1.808611660451954761e-01
3.372022076859388373e-01
3.008865713996774494e-01
3.000754006988332612e-01
2.680809688585082950e-01
3.391658507854686255e-01
3.641439709753357401e-01
4.149702110013912537e-01
3.830598121975084536e-01
5.608545837773608600e-01
6.651335875757596883e-01
6.657305617271607190e-01
7.100110652795351696e-01
6.518032622743028526e-01
5.201110249164190291e-01
5.385682456794056439e-01
6.355308636493374186e-01
6.781802413876260038e-01
7.326262633838169780e-01
6.414298423053091946e-01
6.139118443117292934e-01
6.224353233084116699e-01
6.272448093188845997e-01
6.206615158774257957e-01
6.541578331912101252e-01
5.273765087635117199e-01
4.768945526251430755e-01
4.150149873202146344e-01
3.658753437075701331e-01
3.925358406332756789e-01
3.998189659599099000e-01
4.491990153246791517e-01
5.298421449569912234e-01
6.374081339132413593e-01
6.200916753954293092e-01
5.383333856896501679e-01
4.603249762991938332e-01
4.714557500094758158e-01
3.735835258167465311e-01
3.982637579851072140e-01
4.850924695309423718e-01
5.092931338960808851e-01
4.148321837774095466e-01
1.753675634959305507e-01
3.236440073445522383e-03
-4.471583904167514278e-02
-8.851711317134942913e-02
-1.136699623127459813e-01
-5.971755849415691896e-03
-2.882285361427629200e-02
-9.950648700226311094e-02
-1.787267249325670271e-01
-1.372625137849389221e-01
-2.297364696439006537e-01
-1.187403565629719798e-01
-4.409327901373231301e-02
1.197041956361352272e-01
1.247037564427283945e-01
1.085093611661328006e-01
1.445262669581122150e-01
1.231618274296145815e-01
2.459898027777629725e-01
3.228784828550444463e-01
3.090422398221323030e-01
3.117064742558448009e-01
3.992328110730574697e-01
4.378555786012980899e-01
4.176500268152321671e-01
3.908531665079071349e-01
4.094080269966453023e-01
5.342774142240984681e-01
4.803188260199150461e-01
4.831073947636878030e-01
4.569807308071178742e-01
4.396588082660807806e-01
4.434756148545944132e-01
4.718535248606443577e-01
5.446372496501354910e-01
5.539683251060820712e-01
5.070162115693982452e-01
4.429170356860148150e-01
3.980762201093837049e-01
3.562526048309730964e-01
2.755785557435055932e-01
1.644544858047218838e-01
1.645845427878619427e-01
1.039606961588614015e-01
1.542799939604543868e-01
1.136718656310136133e-01
5.459466854010405767e-02
1.473746352334840415e-01
2.083547576968236836e-01
2.217921813245166407e-01
3.879238571126374380e-01
3.694248436978957439e-01
2.510631457045728876e-01
1.955412697271926570e-01
4.933024388842932595e-02
8.135316024134942037e-02
1.531308118627789649e-01
1.560146554392463081e-01
1.218164621582866064e-01
7.510215584067397865e-02
-1.017291741515134046e-02
-5.767546232113803135e-03
2.765220432275285536e-02
3.767752199392860810e-03
3.835067958787068826e-02
1.145857483306104291e-02
4.636522508881370328e-04
4.658893674736479945e-02
-1.200005418711241750e-01
-9.929162271853544941e-02
-1.541333963416956776e-01
9.063088024457680199e-04
8.175824694905814427e-02
1.604353185608549948e-01
1.736028994919607826e-01
1.601830019600485600e-01
2.179666785751984692e-01
4.066279669488737647e-01
4.468412961416363682e-01
5.158699964781844338e-01
5.543757193416819495e-01
6.480679246284570816e-01
6.900882080698477195e-01
7.590990323139520379e-01
7.683533068736542182e-01
8.358736244702271723e-01
9.410022085950582316e-01
9.310155946243179326e-01
9.668409495930840869e-01
9.774470481778685382e-01
9.951796761029747529e-01
1.096952160640389806e+00
1.231784510866802407e+00
1.249196892338155784e+00
1.291841525888885789e+00
1.215441679809771802e+00
1.184570349835456282e+00
1.198131018223564270e+00
1.248851815192794978e+00
1.259842834930514854e+00
1.372216185726506721e+00
1.223587439068819727e+00
1.192900020484753743e+00
1.174763978862301661e+00
1.166246846099026735e+00
1.133459638418059967e+00
1.132911556547196774e+00
1.148823594732256259e+00
1.191687133497361772e+00
1.307677863410156460e+00
1.366558783368171826e+00
1.372211493525607118e+00
1.375497538042452339e+00
1.409880693614673275e+00
1.502925750355245338e+00
1.545557853083067590e+00
1.581340435326514360e+00
1.589873127995984570e+00
1.625016870556961202e+00
1.534566255234872223e+00
1.474476371545007547e+00
1.206303015126143352e+00
1.060436405325810627e+00
1.032224691213433854e+00
9.348687806095958841e-01
9.300839524599346930e-01
9.604482118641521904e-01
1.020620618840410110e+00
1.049983869681303084e+00
9.506563424983913713e-01
9.538543345195691359e-01
9.778737279513651792e-01
8.647381498528670107e-01
8.956664901001075707e-01
8.023893275471594144e-01
7.030216091496173103e-01
7.007798392180342173e-01
5.990284567885885147e-01
5.310440756927135020e-01
4.343365793920633267e-01
3.503097967734305485e-01
3.509579472813130208e-01
2.885992660042904223e-01
1.858204097476677807e-01
1.369542059910190124e-01
7.393471868483346421e-02
4.603312829081845220e-02
-2.823244432623160660e-02
-3.196689509356848147e-02
-4.541844428802680605e-02
-3.200520231535779192e-02
1.085407461465740658e-02
9.985595881233458315e-02
1.090231129223257489e-01
1.756878164755240057e-01
2.084264284875284312e-01
3.140205181667291012e-01
4.545394041409477337e-01
5.361485054283727791e-01
5.799486105527862367e-01
6.472700267350885994e-01
7.160827450773034064e-01
7.666559821089368176e-01
7.593880001830662918e-01
7.658717579210448934e-01
8.338117338270333301e-01
8.223581607778105429e-01
9.302790143702933667e-01
9.709606367961757245e-01
1.043627594752053245e+00
1.072747965304614137e+00
1.168099280383492200e+00
1.201515284967560326e+00
1.265449993264224693e+00
1.378751497088477107e+00
1.405308399095089866e+00
1.443622778979250842e+00
1.550207032533694740e+00
1.620616170481183227e+00
1.693702407073330640e+00
1.737896179473909619e+00
1.797740615646037821e+00
1.817114912440825680e+00
1.848500856891125199e+00
1.900408156242687996e+00
1.984040367576530572e+00
2.057929864856819169e+00
2.035931309948389778e+00
1.995487844770149621e+00
2.053544895237574774e+00
2.098179518095840024e+00
2.090308981771838770e+00
2.070846492635328051e+00
2.053137479759494788e+00
2.059708831487064629e+00
2.109785347096347685e+00
2.165614283476694713e+00
2.161497560218304859e+00
2.118225107012342789e+00
2.118428075644546382e+00
2.180962593062728772e+00
2.215854823035334320e+00
2.270483035398604077e+00
2.245659671014112124e+00
2.207834528521891215e+00
2.206950307744124373e+00
2.261798696938236208e+00
2.252460273875718233e+00
2.274599524266064599e+00
2.235205212699148625e+00
2.226169935190282612e+00
2.219585509763473574e+00
2.181884208530693314e+00
2.179866255190114011e+00
2.155470794166442161e+00
2.194059909565696742e+00
2.199713027445589386e+00
2.185288306398106783e+00
2.163313506413900633e+00
2.177707327939810700e+00
2.224994391469886867e+00
2.211708745570800883e+00
2.230409624954661219e+00
2.283521673661292439e+00
2.329430395536900011e+00
2.278108203888750793e+00
2.344292024840583188e+00
2.347836258609725668e+00
2.423239598103250625e+00
2.413533814877016681e+00
2.405884851368066624e+00
2.437605013489755112e+00
2.422664351469724142e+00
2.422003376976685995e+00
2.426765209781557520e+00
2.462320924458313964e+00
2.433398818435582811e+00
2.458155449038044615e+00
2.493936229640425939e+00
2.488623334766425277e+00
2.465609199613213676e+00
2.437067853058106248e+00
2.402295521259974365e+00
2.307561732397521492e+00
2.209969623785079662e+00
2.129349076654579065e+00
2.067536037175103036e+00
2.030978516924188515e+00
2.017240839360562088e+00
1.888448771333188780e+00
1.785546510930450248e+00
1.612524771797538836e+00
1.564336545233723674e+00
1.463815658712192214e+00
1.415366608464162956e+00
1.288320801534459159e+00
1.292233954457613798e+00
1.246457450755829033e+00
1.217781417266216026e+00
1.089740155925249088e+00
1.110441909244241021e+00
1.032878038949385902e+00
1.122962420182164855e+00
1.170176784974645168e+00
1.224165519847150163e+00
1.275274966040293556e+00
1.257617878694258895e+00
1.361301902653365481e+00
1.423878980108066905e+00
1.460331857221164320e+00
1.589708489456747698e+00
1.689424447652382755e+00
1.781368859589997689e+00
1.802075163521874801e+00
1.843662497649946497e+00
1.760324858246636204e+00
1.733778943674806339e+00
1.725703701424578185e+00
1.614841991139350785e+00
1.444143849625731280e+00
1.256921182470241538e+00
1.047003994121827875e+00
9.014577405005604893e-01
6.688850181935250827e-01
5.063678256804329259e-01
4.407650139628486730e-01
3.858676957015432785e-01
4.203011630827107603e-01
3.660723354759536918e-01
3.189170427500112037e-01
3.005153708845674787e-01
2.676311407930360153e-01
2.135241192178009006e-01
1.550121492667580758e-01
5.994525475928789982e-02
3.923600041203824385e-02
2.648814299335805131e-02
1.482562415068878516e-02
-3.923443976338337742e-04
-4.861850642417470808e-03
-3.747015368611237435e-02
-7.011000735508388093e-02
-1.021052511422076703e-01
-1.352220991218210100e-01
-1.815614849296023903e-01
-2.177771887702208142e-01
-1.907764909093206673e-01
-2.376511933086667971e-01
-2.612371403305846496e-01
-2.905412677386985387e-01
-3.103581354900463718e-01
-2.662546773174542802e-01
-2.765773740421850202e-01
-3.303992998376474866e-01
-3.209948376866602615e-01
-3.509768252036091218e-01
-3.635386358689274844e-01
-3.827636179595395594e-01
-4.011902995547780293e-01
-4.295334857715793486e-01
-4.308964413195230381e-01
-4.628164323780791234e-01
-3.971330956793460154e-01
-4.368317678757296374e-01
-4.160985937492476250e-01
-4.349486841504950907e-01
-4.187802171924410732e-01
-4.232386370420144761e-01
-3.857284423896628622e-01
-4.064267559938994356e-01
-4.325014869357332592e-01
-4.320553398883417717e-01
-4.218879617993407938e-01
-4.390244520795411609e-01
-4.566214909822949863e-01
-4.682255620474672919e-01
-4.825715175604285978e-01
-4.890177799745740739e-01
-4.972689699326312551e-01
-5.080659103847841029e-01
-5.391231955901492068e-01
-5.464211719522025223e-01
-5.837333017768574495e-01
-6.187583782283483380e-01
-6.176753242353049123e-01
-6.348296380087715685e-01
-6.444248498134786951e-01
-6.673785358627331021e-01
-7.015552934411917185e-01
-7.236171699596845031e-01
-7.222288539029695364e-01
-7.580246628103893825e-01
-8.249861721806285297e-01
-8.780339342402481151e-01
-9.336211436634547223e-01
