-6.555342656525127154e-01
-7.229343729849015965e-01
-7.772362939155900152e-01
-7.846956053249700691e-01
-8.166977719416311787e-01
-7.605813614754960428e-01
-8.068649469973649957e-01
-8.406171297220594862e-01
-8.586132919830250509e-01
-8.393195979324059586e-01
-8.091458476504308495e-01
-8.451092051490149970e-01
-8.433133348627802617e-01
-8.820520413263772674e-01
-8.538386260143262518e-01
-7.947378533664888334e-01
-8.276705782537241429e-01
-8.838140753575368658e-01
-8.273090747500143616e-01
-8.692978417013074166e-01
-8.812074899301671760e-01
-8.598807469192840669e-01
-8.530036935047502489e-01
-8.454986026180517644e-01
-8.525698704097016689e-01
-8.655685946691556998e-01
-8.454687852714066754e-01
-8.403729312917969096e-01
-8.587338896722687132e-01
-8.416281603287287805e-01
-8.765343955322880687e-01
-8.361766244586317232e-01
-8.210772281364933090e-01
-8.740830340530710840e-01
-8.428648979947110931e-01
-8.551311656615261381e-01
-8.598060589346268046e-01
-8.411796896286243275e-01
-8.753012346472851535e-01
-8.383699523134966469e-01
-8.464708379064371790e-01
-8.279688119407973002e-01
-8.537648679004889996e-01
-8.640835461299666287e-01
-8.510496039795910628e-01
-8.498761700145396336e-01
-8.221231177846094473e-01
-8.344633016040853279e-01
-8.201281140775780187e-01
-8.467747991584075873e-01
-8.728056297445028200e-01
-8.532484225636690622e-01
-8.861865860429845032e-01
-8.255446733160028971e-01
-8.643970223536299180e-01
-8.372794149484754644e-01
-8.418082978141961936e-01
-8.958736711708188416e-01
-8.628820260693470523e-01
-8.234083757051895436e-01
-8.360778196566243103e-01
-8.291190174153320047e-01
-8.408345966276027372e-01
-8.505161716226504742e-01
-8.644285749127864626e-01
-8.554547133895495925e-01
-8.706165585511473903e-01
-8.368589554740482050e-01
-8.485230388921221056e-01
-8.627210734344590293e-01
-8.350435314988360336e-01
-8.410337223142572149e-01
-8.585132760888437575e-01
-8.393785819870669407e-01
-8.524964521916557070e-01
-8.432019974557704023e-01
-8.503376075496115183e-01
-8.566478911263077922e-01
-8.471146147703232376e-01
-8.575653155254194804e-01
-8.359375806217432814e-01
-8.705893583740789143e-01
-8.462265130977038030e-01
-8.649442103740196952e-01
-8.462987598063150818e-01
-8.700294144641573801e-01
-8.474617529996270049e-01
-8.502419084177400554e-01
-8.830390127335753236e-01
-8.304499300818453111e-01
-8.323395694608173301e-01
-8.641513322033029798e-01
-8.620675755365655446e-01
-8.593605453304277164e-01
-8.776763209309117464e-01
-8.895129570879966030e-01
-8.667769517956687153e-01
-8.431951798550060273e-01
-8.625693948901319574e-01
-8.878192615552664702e-01
-8.696055263601339957e-01
-8.351131588682791929e-01
-8.666042491761614119e-01
-8.592654619777415625e-01
-8.600778893105958112e-01
-8.690999676219578474e-01
-8.932352857742547059e-01
-8.783383545635425893e-01
-8.605293766201083105e-01
-8.740970607124887160e-01
-8.682146036169366976e-01
-8.601497137737628140e-01
-8.602487392222415430e-01
-8.745767413616445385e-01
-8.489341194037691718e-01
-8.549775568067363718e-01
-8.504763968113407957e-01
-8.596434016474381323e-01
-8.411982304676004496e-01
-8.404396712004916781e-01
-8.498931111851971698e-01
-8.443271932794221835e-01
-8.415907392997596936e-01
-8.434405824374108240e-01
-8.316360270271910826e-01
-8.241841923547927884e-01
-8.263276216744110947e-01
-8.133660750100681902e-01
-8.138083351845926128e-01
-8.105785490857571052e-01
-8.112290562574386854e-01
-8.116071476636281812e-01
-8.145759781935939525e-01
-8.092097423940451950e-01
-7.979975741802491918e-01
-7.967856584780836915e-01
-7.985653479450540715e-01
-7.912627866490578032e-01
-7.857856302306451823e-01
-7.798746012666637473e-01
-7.803380615804038634e-01
-7.844757252312297702e-01
-7.837487652812136218e-01
-7.789295909322535572e-01
-7.885567503472765694e-01
-7.773079494741823581e-01
-7.791565626676892897e-01
-7.770208818333630418e-01
-7.709150355975564750e-01
-7.625652280947363693e-01
-7.699911651041531080e-01
-7.683001203760659870e-01
-7.634952249388766710e-01
-7.683459836587012148e-01
-7.594943212163678403e-01
-7.528391003090648681e-01
-7.511637109590179051e-01
-7.568225706047408963e-01
-7.545735205602066564e-01
-7.540487263478228286e-01
-7.498928057236722289e-01
-7.509474125922319665e-01
-7.525568456388231908e-01
-7.434662346044342840e-01
-7.462708758854041946e-01
-7.441713622804417838e-01
-7.430978537931540728e-01
-7.404194869969016324e-01
-7.444487617368142907e-01
-7.438591026221610392e-01
-7.460892948266755198e-01
-7.464574474789396064e-01
-7.440749727784421452e-01
-7.394315469000849461e-01
-7.431181109281084218e-01
-7.442720972955267911e-01
-7.351584246855313864e-01
-7.377024503022333590e-01
-7.353619054612421380e-01
-7.334577597615448141e-01
-7.300749287373573537e-01
-7.360117252740465688e-01
-7.399467141853888208e-01
-7.366134491742286627e-01
-7.344410296089973755e-01
-7.330552844508533283e-01
-7.408570844108153253e-01
-7.294473576897440026e-01
-7.331929874712468376e-01
-7.352577574054190990e-01
-7.309721663536388192e-01
-7.264447334974439840e-01
-7.359731040598793683e-01
-7.296011776827429074e-01
-7.193664374596142608e-01
-7.221480160760815892e-01
-7.264891779861333276e-01
-7.306009279701068948e-01
-7.265476145386031703e-01
-7.303608511740513620e-01
-7.242779489316486519e-01
-7.205414409984118862e-01
-7.232906552072275730e-01
-7.159367603295638816e-01
-7.213981169166761021e-01
-7.194390706965965165e-01
-7.172910374244629850e-01
-7.150192142146334362e-01
-7.086957208128303876e-01
-7.166362350607418108e-01
-7.130932826179066097e-01
-7.141868812895655338e-01
-7.115328173167245751e-01
-7.131847612449675466e-01
-7.033279287825546788e-01
-7.142736942666285671e-01
-7.089840360038692779e-01
-7.094443218696149245e-01
-7.001065687934939774e-01
-7.065093837719782499e-01
-7.012072921276626403e-01
-6.990537911767820134e-01
-6.988620936063938416e-01
-6.955304862996527504e-01
-6.970882258111075203e-01
-6.964378475197250395e-01
-6.929635005074388232e-01
-6.916165323503360440e-01
-6.912727984406608073e-01
-6.901254227617599213e-01
-6.926094937169260390e-01
-6.980075162580696713e-01
-6.882113291055418358e-01
-6.865765679640567498e-01
-6.925456460138832426e-01
-6.833389529103044424e-01
-6.883777261945738246e-01
-6.840367091555847878e-01
-6.785564286119338817e-01
-6.813079657715022108e-01
-6.766383762630638898e-01
-6.743770489388474232e-01
-6.759366103804751447e-01
-6.676674344062192290e-01
-6.671343940962017882e-01
-6.670926184569765383e-01
-6.589503103473752788e-01
-6.623261109881610764e-01
-6.616833774766526233e-01
-6.578716373089115166e-01
-6.574704616898472409e-01
-6.502003694458338146e-01
-6.523021400065509567e-01
-6.451579814152061942e-01
-6.501063307786161261e-01
-6.476787393557188466e-01
-6.406708797208757744e-01
-6.433861796547795109e-01
-6.411072232605938837e-01
-6.458312364791076732e-01
-6.432249768852003058e-01
-6.408273067498804210e-01
-6.454697875804953355e-01
-6.392150553841329241e-01
-6.408711890376803666e-01
-6.425950195000709186e-01
-6.445741106641094120e-01
-6.425716478339893456e-01
-6.369598944065959500e-01
-6.372006382005466207e-01
-6.338880341712975763e-01
-6.362825128997648960e-01
-6.361425834832061810e-01
-6.333064901916110045e-01
-6.326900502177998931e-01
-6.336308483495702859e-01
-6.327127669569971857e-01
-6.303607509648507801e-01
-6.279482975215238127e-01
-6.257107520954416913e-01
-6.309465639881501886e-01
-6.277248762076101940e-01
-6.250542044625451155e-01
-6.275723889197326599e-01
-6.228164079500544403e-01
-6.246107346018803241e-01
-6.234108869538719233e-01
-6.210067444246121227e-01
-6.238747093711634051e-01
-6.211667127217896933e-01
-6.178170836953000844e-01
-6.223550262349739626e-01
-6.207446995124890066e-01
-6.186800644335033184e-01
-6.168131899009541286e-01
-6.189307336894493972e-01
-6.171570531006622673e-01
-6.173928855441559449e-01
-6.215596850274671681e-01
-6.149085370564009168e-01
-6.182078519971998531e-01
-6.135102088614878824e-01
-6.177843225901469282e-01
-6.159111774838983422e-01
-6.163017348977373189e-01
-6.160901135943266382e-01
-6.115172795723928800e-01
-6.143440510966620138e-01
-6.116247813253199439e-01
-6.120917436556148061e-01
-6.088699616664321468e-01
-6.122203706978588400e-01
-6.064947912724436563e-01
-6.063815345830150250e-01
-6.108488106107436977e-01
-6.098633766594163674e-01
-6.069291180038103306e-01
-6.085909888956679836e-01
-6.042328043363198731e-01
-6.105960900380136280e-01
-6.042619629832151062e-01
-6.129764681030112072e-01
-6.053990046025701233e-01
-6.072243592022843472e-01
-6.068414226032992076e-01
-6.113970306473310856e-01
-6.065919577343441560e-01
-6.093065221877811410e-01
-6.036317249331126789e-01
-6.094176268376747529e-01
-6.062197635970161258e-01
-6.105366005846653010e-01
-6.057815187359461007e-01
-6.101658526086062295e-01
-6.056268149932240163e-01
-6.051563688073420266e-01
-6.033199671806812603e-01
-6.055316090335516321e-01
-6.063975898367459649e-01
-6.031384321342345700e-01
-6.050245587440015171e-01
-6.044434118256534205e-01
-6.039668738452057539e-01
-6.051884818443475922e-01
-6.044014350671664815e-01
-6.042690603739400146e-01
-6.026789825096239284e-01
-6.028163083411879342e-01
-6.077892630657233397e-01
-6.057451035896468383e-01
-6.014240029842188306e-01
-6.069851032462181273e-01
-6.064735860418477564e-01
-6.026564001169254503e-01
-6.111494330659947849e-01
-5.990183526626515764e-01
-6.069103412234522210e-01
-6.046267668737628220e-01
-6.033078609534894277e-01
-6.085330080376141204e-01
-6.033719167160001007e-01
-6.031578147316856153e-01
-6.083902175119035860e-01
-6.030097707682156027e-01
-6.003024104427518992e-01
-6.070977870361859985e-01
-6.005985262897217680e-01
-6.039371190480791185e-01
-6.004215488314326166e-01
-6.042628791877566741e-01
-6.019982015215292748e-01
-6.044442876428970379e-01
-6.005553153491427487e-01
-6.047476888724121480e-01
-5.988151409835573702e-01
-5.994520032669772291e-01
-6.000670887206354109e-01
-6.004197883627915289e-01
-5.979080908709506481e-01
-6.018033103234228243e-01
-6.004207944406068087e-01
-6.039803717109455405e-01
-5.987065893195788746e-01
-6.003898019815894216e-01
-5.983910388385904611e-01
-5.949218497614339185e-01
-6.006719776907902819e-01
-5.958046538367915979e-01
-5.970865987633771077e-01
-5.957959652477216039e-01
-5.964824469334901735e-01
-5.958190751594778511e-01
-5.928225864034142312e-01
-5.937807584606988875e-01
-5.926465444826374274e-01
-5.948622289773211058e-01
-5.970430192667617320e-01
-5.876953932556521210e-01
-5.956787087519099799e-01
-5.940402682605632201e-01
-5.920259469378525985e-01
-5.931432083642018682e-01
-5.935610697260629287e-01
-5.928868896236680897e-01
-5.911752540480308404e-01
-5.899790030800624585e-01
-5.912280998852250669e-01
-5.952249346253704054e-01
-5.897220435600698529e-01
-5.839380034598131708e-01
-5.886410935854393678e-01
-5.880948136742749632e-01
-5.894524620753514021e-01
-5.873619150046009985e-01
-5.951508195791119782e-01
-5.863939355466221137e-01
-5.890225130542923182e-01
-5.879048424470432188e-01
-5.842725606950223138e-01
-5.782753733284096143e-01
-5.797159071776389894e-01
-5.865388565479965344e-01
-5.813678849583649999e-01
-5.815532679760329060e-01
-5.820308071095769975e-01
-5.852065662413283853e-01
-5.744964914476891060e-01
-5.842130553412263616e-01
-5.795129430266228177e-01
-5.759171587074347620e-01
-5.818602183780878789e-01
-5.800444351043072544e-01
-5.798504443645846607e-01
-5.792978141462978847e-01
-5.822462655875435544e-01
-5.784984710815601616e-01
-5.794221667314225499e-01
-5.790749208400129966e-01
-5.779986948432176419e-01
-5.810012720944426334e-01
-5.815713289610973113e-01
-5.761717098702736628e-01
-5.793018561243927778e-01
-5.740924856302709323e-01
-5.802640177212117223e-01
-5.766640183015763199e-01
-5.708224184541093038e-01
-5.758182124899411392e-01
-5.813404202490772832e-01
-5.715348809443812073e-01
-5.766930243453143312e-01
-5.765171268297493157e-01
-5.757554284470369765e-01
-5.781215292255899030e-01
-5.750076838952913327e-01
-5.779616381059358154e-01
-5.706255742939951858e-01
-5.708213570489277799e-01
-5.751249070530861651e-01
-5.734555835941606006e-01
-5.711323905896641406e-01
-5.701833802083688951e-01
-5.703371080942822857e-01
-5.704814498154893165e-01
-5.731465155441699544e-01
-5.705912235816121836e-01
-5.704200745546321727e-01
-5.694793771041806174e-01
-5.700867168897949533e-01
-5.696214201031244428e-01
-5.681169851312279917e-01
-5.665481747456024841e-01
-5.653873244010600985e-01
-5.690212727871069021e-01
-5.613818835437736077e-01
-5.680398027091650981e-01
-5.666962851837955562e-01
-5.630527473126818450e-01
-5.638421304308329773e-01
-5.617043285747369552e-01
-5.655739060185478451e-01
-5.647761299314160155e-01
-5.615078166493452372e-01
-5.594906193303392783e-01
-5.590533173764944408e-01
-5.643158412540403290e-01
-5.601444727334810025e-01
-5.639877645255593208e-01
-5.533561450444297591e-01
-5.590837536383057582e-01
-5.588969836600305996e-01
-5.596641077253128316e-01
-5.567152953897567258e-01
-5.597813592642424396e-01
-5.560751288178522600e-01
-5.586089132397527024e-01
-5.523435965490035571e-01
-5.558034147789188140e-01
-5.564391449793930633e-01
-5.591485148319819132e-01
-5.532978870716949160e-01
-5.572051958685717565e-01
-5.494488762576974494e-01
-5.562807087889165558e-01
-5.526398827941898517e-01
-5.551758132450039795e-01
-5.559363700369548411e-01
-5.532172671481427884e-01
-5.571891658812671011e-01
-5.551023213978707460e-01
-5.544255524685182124e-01
-5.509652058101277561e-01
-5.495146982031755556e-01
-5.539445262548006177e-01
-5.491396771739021077e-01
-5.484672469815219387e-01
-5.480351545122204016e-01
-5.461090584528185410e-01
-5.493834941898780855e-01
-5.479492934110252733e-01
-5.472889194082277697e-01
-5.478908351320255221e-01
-5.447734716212471184e-01
-5.488640353311788900e-01
-5.480170274225191207e-01
-5.482201240582851298e-01
-5.433325757981277704e-01
-5.414818204559761483e-01
-5.479373536323732807e-01
-5.437941029292456818e-01
-5.452130115967843693e-01
-5.433025181957145122e-01
-5.452083833077807640e-01
-5.393774027591682341e-01
-5.424987607915126020e-01
-5.392153825012595547e-01
-5.447803322526159064e-01
-5.395509086084500083e-01
-5.414962251513033564e-01
-5.434759791366392534e-01
-5.369114430599850607e-01
-5.394725778325364374e-01
-5.383020469589423485e-01
-5.363509187326203076e-01
-5.416674584908633960e-01
-5.310563301828112870e-01
-5.348373355644984173e-01
-5.377205194331482474e-01
-5.354645160762139255e-01
-5.360617262215692236e-01
-5.313609514482067198e-01
-5.354748928000674368e-01
-5.358232029777569849e-01
-5.325377469168293132e-01
-5.344564583642048561e-01
-5.284533157010704585e-01
-5.244505565761317101e-01
-5.299857404821439744e-01
-5.264830672911458009e-01
-5.171436720538844511e-01
-5.215176912058483438e-01
-5.192430054704608722e-01
-5.209721847830337538e-01
-5.241060302199720411e-01
-5.214202392838691580e-01
-5.163759447239284484e-01
-5.161006842616773227e-01
-5.146319191409061133e-01
-5.133803079673864289e-01
-5.117013062143263014e-01
-5.141346334971244048e-01
-5.101081079240659122e-01
-5.049784210540266827e-01
-5.034716685110147694e-01
-5.026529154926100418e-01
-5.018605812923597753e-01
-4.985222868316609990e-01
-4.986836014981586018e-01
-4.893626858009145764e-01
-4.896375308926304015e-01
-4.890569769556121216e-01
-4.872918317978776059e-01
-4.802330227022686415e-01
-4.783896177533115690e-01
-4.765016976313694030e-01
-4.781419123533900972e-01
-4.743997221577771484e-01
-4.713205818854202533e-01
-4.736248262036832912e-01
-4.682881344504208343e-01
-4.665958317636853536e-01
-4.614256712835045349e-01
-4.595353076362762579e-01
-4.554840587134636465e-01
-4.503942058812464566e-01
-4.519700251298193194e-01
-4.515066310508948355e-01
-4.475430843757850496e-01
-4.447009976583160551e-01
-4.429688290070639134e-01
-4.381037678678505465e-01
-4.385013282076664076e-01
-4.343682407032301018e-01
-4.314484253671797553e-01
-4.334329298466932379e-01
-4.375198260042258980e-01
-4.315874609713145627e-01
-4.320047461389899257e-01
-4.265489046534695072e-01
-4.213863486509916711e-01
-4.121717557132563714e-01
-4.007507519113566175e-01
-3.909729603923733920e-01
-3.762936919196129271e-01
-3.616081050577144573e-01
-3.478750464592281211e-01
-3.336688851040007231e-01
-3.216819470255612989e-01
-3.083142385147433218e-01
-2.930632384305855154e-01
-2.784776512318405950e-01
-2.655876014791244133e-01
-2.505873678632362100e-01
-2.364897286508345076e-01
-2.216079691594969869e-01
-2.065548917430697351e-01
-1.960682135686364624e-01
-1.815639921997185269e-01
-1.662628474602452222e-01
-1.561220944024168666e-01
-1.373794195684254760e-01
-1.243578897975639030e-01
-1.152241872813419832e-01
-1.071242999348709368e-01
-1.018123368574905818e-01
-9.866860501664964644e-02
-9.399488722304427668e-02
-9.225343043817790800e-02
-8.922315419880755272e-02
-9.170252329020200932e-02
-9.194965461546633634e-02
-9.489616931759536911e-02
-9.057936482686335111e-02
-9.725472606309137902e-02
-1.050793525614173163e-01
-1.165878003522715645e-01
-1.220167865820913633e-01
-1.357740865999139679e-01
-1.566502030778655907e-01
-1.765063078233288785e-01
-2.006875708627560151e-01
-2.238442276557153221e-01
-2.526654901660756458e-01
-3.134879891594666290e-01
-3.983261119658458860e-01
-4.671827533347183703e-01
-5.164798650245403522e-01
-5.385422990148347466e-01
-5.574247676174559629e-01
-5.796913565212378217e-01
-6.030902927772894273e-01
-6.474496162770355667e-01
-7.458103111481211300e-01
-9.710021381654287964e-01
-4.982878821135399150e-01
-5.204817385199937974e-01
-1.411131213203464796e-02
8.397149224312223659e-01
9.304651607053511242e-01
8.784659002859425136e-01
5.716093979690461957e-01
-3.304917874877557615e-01
-3.056327618755596554e-01
-1.469139012338680494e-01
1.673609439120378184e-01
-1.453028790112895763e-01
-3.399407526924966838e-01
-8.163093796871434549e-02
-1.473544003633193711e-01
5.894193521210677744e-03
3.466686890494052875e-02
4.779231683311024881e-02
-6.952523602536286873e-02
1.021439156038161933e-01
1.615552169555294348e-01
1.673310964426919512e-01
1.685282551422604413e-01
1.370776929051116255e-01
1.354460249865969690e-01
1.235478513453256433e-01
1.296540665291086025e-01
1.215351931357329107e-01
9.767996894997765800e-02
1.162444839493941284e-01
9.675655667295801621e-02
8.276322450232143080e-02
6.677608399734724642e-02
6.063596165580742436e-02
7.119577732939497139e-02
5.834725543923413582e-02
4.935800690433589377e-02
4.160603072018664861e-02
4.378061358185642016e-02
4.121945534303994574e-02
3.832981085188247317e-02
3.823726910562202930e-02
3.570722696674294427e-02
3.214496135119715436e-02
3.187192101020974722e-02
2.876984725623793482e-02
3.009757850216232544e-02
2.998523991557736079e-02
2.789094583030610197e-02
2.650877658436637252e-02
2.476015432212207157e-02
2.318383360059846077e-02
2.047692193462187504e-02
1.945724863851145889e-02
1.931736691103148190e-02
1.845478433939901422e-02
1.903759725672075909e-02
1.923483311104307036e-02
1.918877073752897275e-02
1.654148641047734070e-02
1.616354626617350077e-02
1.604571262153878242e-02
1.527101588230744822e-02
1.660357710872048531e-02
1.590748966274210807e-02
1.695124923230653669e-02
1.708047504157167440e-02
1.758392301763905818e-02
1.654279956480697589e-02
1.690045771349318882e-02
1.828601208402308442e-02
1.569547317121366969e-02
1.586672745407424756e-02
1.564161157937909996e-02
1.639740184054816474e-02
1.622307181681037491e-02
1.825755148882685086e-02
1.821425022558181839e-02
1.776944815608655359e-02
1.754634937662191696e-02
1.509139920941732216e-02
1.440052529479496357e-02
7.987482458446937272e-03
1.055763982605206763e-02
2.141591544326393315e-02
4.952537403674905914e-03
3.178053478895104256e-03
1.108325435563095596e-02
-1.456979502239885704e-02
2.387811326961575276e-02
-8.290909000257828954e-02
2.971508118015575572e-02
-5.974095820392322231e-02
-7.133466997123738551e-02
-1.999952249703440543e-02
-1.517359279744112666e-02
-7.363169548081149873e-02
-5.928364605549052424e-02
-5.747789922938728591e-02
-5.780716559344711847e-02
-5.382308873716445952e-02
3.233838687672241363e-02
8.773080731466142979e-02
1.471027737284622550e-01
2.291637027862496456e-01
2.971514186146113623e-01
3.345286425002591546e-01
3.508726100236985168e-01
3.404972051036878611e-01
3.458962338406115222e-01
3.334035380030155871e-01
3.255017661221870640e-01
3.048011496556777278e-01
2.893697635723007089e-01
2.873408277930491472e-01
2.889119420171242236e-01
2.961300764302430277e-01
3.064574135141060474e-01
3.030218460102056532e-01
3.103899024862555311e-01
3.118035846612876583e-01
3.160217987168822962e-01
3.004609343570855406e-01
2.900468003700458208e-01
2.600028971576059389e-01
2.378847500937366632e-01
1.889562266544747571e-01
1.626728134049458818e-01
1.501513312108754272e-01
1.199931490101049381e-01
1.098879656889819589e-01
1.057043286739267618e-01
9.215075316471943445e-02
8.126819809120766624e-02
8.497663364725738244e-02
8.807700488289726959e-02
8.127388372626564994e-02
7.933002770704100648e-02
7.613796435191133583e-02
7.355332921187418549e-02
7.184542285635142633e-02
7.514660194025823969e-02
7.529854326658447228e-02
8.842777594386619366e-02
8.373936666445191968e-02
8.666376553999532995e-02
9.512922261635248233e-02
1.066365451290041122e-01
1.125232630957956337e-01
1.164388022927865807e-01
1.178041115397194805e-01
1.165220544123994895e-01
1.285165741192038080e-01
1.341898453401200175e-01
1.297322675928497260e-01
1.321434099002145590e-01
1.562853399386348041e-01
1.630108143585058400e-01
1.531592037078952639e-01
1.962723734450650959e-01
2.016386607825217947e-01
2.174967616052532193e-01
2.305462425046640451e-01
2.403441517399824701e-01
2.709484663688273010e-01
3.026291004719068312e-01
3.284354821492949661e-01
3.203590388694530500e-01
3.284062374771343773e-01
3.544952517424524441e-01
3.678448823796438560e-01
3.661271149383040768e-01
3.691236728566091863e-01
3.818499529960130978e-01
3.811273130820747035e-01
3.916731006791511760e-01
3.906649055980113694e-01
3.812520843413340632e-01
3.912060014919271911e-01
3.812814447928380979e-01
3.915095565991963955e-01
3.848667751014784866e-01
4.044964631822733914e-01
3.841476640908920714e-01
3.966605183093807607e-01
3.932526449091375831e-01
3.924679946853868451e-01
3.833471772228596031e-01
3.922767770106654339e-01
3.943690151634355878e-01
3.920404133118227108e-01
3.980901828415923660e-01
3.922245034926241658e-01
3.925887505442702263e-01
3.916423577733225692e-01
3.933734191414064441e-01
4.044066075009822292e-01
3.956748705259722776e-01
3.962905113216743658e-01
3.901155502363113925e-01
3.867150549819404759e-01
3.970435498337572255e-01
3.981137583476717090e-01
3.918507589274065062e-01
3.920372308208865952e-01
3.917665266284404701e-01
3.980649212655422708e-01
3.845091719428084254e-01
3.922977404883063457e-01
4.000156696357963781e-01
3.880476572464188756e-01
3.864882839404870651e-01
3.867798709097929333e-01
3.983365034647476932e-01
3.918866106466651900e-01
3.897013864320948429e-01
3.862672021418318558e-01
3.878758613170099068e-01
3.915525838710625095e-01
3.917531331249666238e-01
3.871850968509615853e-01
3.911707424040051784e-01
3.851744749379153454e-01
3.920022062163885934e-01
3.942356713990067263e-01
3.941830552112746133e-01
3.913938691355687283e-01
3.923559489275834089e-01
3.909730854829764901e-01
3.953871179592454155e-01
3.874155914367181097e-01
3.852256400977522866e-01
3.961765454776071671e-01
3.891204409806277020e-01
3.921406014010035967e-01
3.899750258341865283e-01
3.937335921636049285e-01
3.943045770654558524e-01
3.976997533397259588e-01
3.879805625403309755e-01
3.919486123113657960e-01
3.844006141861679993e-01
3.930768551615226869e-01
3.914132779813850327e-01
3.907249257909410911e-01
3.885973039776500215e-01
3.904126894046426877e-01
3.836724215930000792e-01
3.905764917662657432e-01
3.873341204451388187e-01
3.825921142532362484e-01
3.829640220280430274e-01
3.850829157659134694e-01
3.788864868834684874e-01
3.853104295466265317e-01
3.769998959226288360e-01
3.832396375713709169e-01
3.792265624671142810e-01
3.753201814263369407e-01
3.708859853846184773e-01
3.735265282805801945e-01
3.712885955100411195e-01
3.670804704132404339e-01
3.638855973042200986e-01
3.641359734495286382e-01
3.622658187026326360e-01
3.539813926040347170e-01
3.521994996760366980e-01
3.475032005417446612e-01
3.490890398166914821e-01
3.471259753722968355e-01
3.416339380796356018e-01
3.368855833585797654e-01
3.319539318098572167e-01
3.233449970295994014e-01
3.205343622451550800e-01
3.120318880244026261e-01
3.075016745365193316e-01
2.984470589159768927e-01
2.898837394649271815e-01
2.810071446919817362e-01
2.747317105364892598e-01
2.668190012056173011e-01
2.611406122330977020e-01
2.548064845882627161e-01
2.473214979224009902e-01
2.423332402462046176e-01
2.324195232389811849e-01
2.278710255705016507e-01
2.204225684179008660e-01
2.190224720353390886e-01
2.129754179271672321e-01
2.051946040512602210e-01
2.007146474486698473e-01
1.948444418183310489e-01
1.925440739919719313e-01
1.887042522879402995e-01
1.792207463438124648e-01
1.710317530133251829e-01
1.683463344214262136e-01
1.605802938200100449e-01
1.586834478529119963e-01
1.514785188215053147e-01
1.451074264180869378e-01
1.380305038450688748e-01
1.281967493267983649e-01
1.201477820311942502e-01
1.123205876092390199e-01
1.031338797168825927e-01
9.294575113599590210e-02
8.603872642569543316e-02
7.767147737455326606e-02
7.092018951518985759e-02
6.480044986841271282e-02
5.585019814556568818e-02
5.017160851364943497e-02
4.474542275815451831e-02
4.033703180076342321e-02
3.397307888466372106e-02
2.524610339658250879e-02
1.841951216823556337e-02
1.302602673281549883e-02
1.372626529334564083e-03
-6.104394043655592128e-03
-1.203896692920425338e-02
-2.249140271597749319e-02
-2.525597344698615743e-02
-3.522282565029621892e-02
-4.429180916968089576e-02
-5.578654476199185197e-02
-6.240893279978143582e-02
-6.877982787402370235e-02
-7.720226535181007321e-02
-7.847798502774372409e-02
-8.351170363331750224e-02
-8.992683189133199306e-02
-1.029825867691585017e-01
-1.046504702143233878e-01
-1.132953775648202210e-01
-1.186317833593730775e-01
-1.225065041762163354e-01
-1.320236002394548080e-01
-1.343302375875885524e-01
-1.376624002924868861e-01
-1.549354276331991187e-01
-1.557394306801227479e-01
-1.652116221634276627e-01
-1.722202965509782580e-01
-1.788397613473762249e-01
-1.886694003989117796e-01
-1.975925439359960123e-01
-1.961295195657921653e-01
-2.000426266832295852e-01
-2.098393723211655626e-01
-2.123377835205633168e-01
-2.199976159406911158e-01
-2.243021926563146806e-01
-2.290323025628904219e-01
-2.357042517838268125e-01
-2.465805545520485254e-01
-2.506744453690021857e-01
-2.619099327900351604e-01
-2.592740320109383489e-01
-2.632208209290243239e-01
-2.685483613543504511e-01
-2.665097387941814944e-01
-2.684545000994371655e-01
-2.802054518596279742e-01
-2.854889281476573615e-01
-2.893584575110850210e-01
-2.956957444596719498e-01
-2.982736045926874802e-01
-3.127226991369269626e-01
-3.154341502991777624e-01
-3.247517123330379007e-01
-3.247406088949786884e-01
-3.229292828796594961e-01
-3.300674415616282609e-01
-3.409713152954569892e-01
-3.535865407273046657e-01
-3.578178820705537611e-01
-3.605851114811424729e-01
-3.628028311118445259e-01
-3.665280938299599889e-01
-3.769038730046601060e-01
-3.899092204946361662e-01
-3.896988504942080489e-01
-3.952742616507056717e-01
-3.879591452952220187e-01
-3.995715560349411000e-01
-3.998797723043767682e-01
-4.042364190059615225e-01
-4.110793757992361463e-01
-4.180668220382206535e-01
-4.209959524088509042e-01
-4.219623736815689696e-01
-4.230898533014060270e-01
-4.289987654177620513e-01
-4.335361931060073282e-01
-4.381943183362602134e-01
-4.268676488265601421e-01
-4.311642203096379689e-01
-4.397323981744039045e-01
-4.425960828148687298e-01
-4.436530069945829879e-01
-4.456060331371425320e-01
-4.509445220435521762e-01
-4.411621319182810197e-01
-4.461276555827584644e-01
-4.466251610990337184e-01
-4.473205895412633026e-01
-4.432769658834132542e-01
-4.400062642202540175e-01
-4.392628812504399960e-01
-4.389965745064756675e-01
-4.379012251045590887e-01
-4.468614631720528863e-01
-4.485848623441350824e-01
-4.443876043410481813e-01
-4.471024820702940161e-01
-4.440903970747891449e-01
-4.495228043829877507e-01
-4.516664671310879342e-01
-4.572771330715506011e-01
-4.544791795997742412e-01
-4.510228368975832680e-01
-4.611547435481995194e-01
-4.535006604625104742e-01
-4.568729600196039797e-01
-4.677046379696045975e-01
-4.606140279438006857e-01
-4.587045234413817951e-01
-4.654688574639953558e-01
-4.689240652626427419e-01
-4.673968731758719741e-01
-4.689844358876493757e-01
-4.593810648617928649e-01
-4.749950136029577052e-01
-4.709719949457173982e-01
-4.741991563475931315e-01
-4.666928859377588168e-01
-4.751863317642657236e-01
-4.707758231526293358e-01
-4.727455829065343451e-01
-4.730817459092913069e-01
-4.737061431246658572e-01
-4.763052364539106520e-01
-4.693368818656962205e-01
-4.668694824882102523e-01
-4.748837190831318722e-01
-4.751381861390049366e-01
-4.805740420678494829e-01
-4.730101785005391690e-01
-4.785027268511399257e-01
-4.755065940051190765e-01
-4.739140205111427306e-01
-4.814463859410516022e-01
-4.823228782774053869e-01
-4.749481791874563541e-01
-4.737216030854485282e-01
-4.767472897401434651e-01
-4.752268891629025660e-01
-4.754161908069827192e-01
-4.637425973207784935e-01
-4.805183203646885559e-01
-4.780068277192075499e-01
-4.800003629129792060e-01
-4.781209164233972686e-01
-4.734331840188463758e-01
-4.802813924358497744e-01
-4.800003442054761038e-01
-4.792130593465584454e-01
-4.803839701438139542e-01
-4.790122950873394458e-01
-4.796529786745473700e-01
-4.795118999354599509e-01
-4.872279760396898141e-01
-4.827980092325212524e-01
-4.822026133169954321e-01
-4.825217752197605847e-01
-4.820951701213465057e-01
-4.828174583333790792e-01
-4.761246232683511437e-01
-4.790989452123719516e-01
-4.811144202927977176e-01
-4.760290460090637055e-01
-4.827174699933989288e-01
-4.795784630118644642e-01
-4.801974097031243005e-01
-4.764619362061077723e-01
-4.829838718128183217e-01
-4.772904279910070713e-01
-4.829516875978008272e-01
-4.774169122463174375e-01
-4.738632993026223872e-01
-4.779327433209106246e-01
-4.822399783400097562e-01
-4.781630260535081334e-01
-4.764177624047762905e-01
-4.744612867134856415e-01
-4.792887474773896983e-01
-4.830095244146956901e-01
-4.722438336179131113e-01
-4.780812826715727937e-01
-4.828658444127906790e-01
-4.785962702270483149e-01
-4.776902530722493267e-01
-4.789523228255756493e-01
-4.806742676401727365e-01
-4.753922238689796131e-01
-4.824045933834275601e-01
-4.766918364296737209e-01
-4.766669426911365193e-01
-4.799831772376990102e-01
-4.730991156491279881e-01
-4.739915375983070334e-01
-4.781688607524952062e-01
-4.741414470408154003e-01
-4.757907476133675928e-01
-4.781294884711790871e-01
-4.797265109306279030e-01
-4.779731283121355645e-01
-4.799453615726223532e-01
-4.839910115299046467e-01
-4.758950207095624663e-01
-4.740450750749909403e-01
-4.780663964862146287e-01
-4.817264404444996373e-01
-4.776296780453428426e-01
-4.709798394342028516e-01
-4.744855633324922550e-01
-4.759102261973149339e-01
-4.736820338789509144e-01
-4.727103256816569399e-01
-4.762118580644774113e-01
-4.756927208701924314e-01
-4.768022000194176435e-01
-4.774295362746490134e-01
-4.827038136979009408e-01
-4.769949177924415196e-01
-4.813357051064013348e-01
-4.804998994814027036e-01
-4.719465580080184353e-01
-4.751259711960891252e-01
-4.812642628038883430e-01
-4.766213975261681668e-01
-4.730371099112131716e-01
-4.775866497212239992e-01
-4.740521348077377795e-01
-4.763630113664509835e-01
-4.778731141390322179e-01
-4.796429842136413768e-01
-4.792095868963910377e-01
-4.761158334538375669e-01
-4.746740310020305387e-01
-4.708876999012625575e-01
-4.749193735361290081e-01
-4.740308150577696722e-01
-4.742710218892840501e-01
-4.795282477212978733e-01
-4.755945268190817643e-01
-4.739954057357484984e-01
-4.723925888602646950e-01
-4.764045954525402138e-01
-4.731710264817996503e-01
-4.716363413035020713e-01
-4.727346019850395820e-01
-4.756644252809323348e-01
-4.746367045075139401e-01
-4.849856903402249841e-01
-4.716636419382895795e-01
-4.768939858685827815e-01
-4.730376950971413308e-01
-4.810262692342019974e-01
-4.751356199229217481e-01
-4.735143478653256466e-01
-4.804369033791733301e-01
-4.739358248483558356e-01
-4.777398062193096706e-01
-4.735849607307685005e-01
-4.765843479256739457e-01
-4.724264333192662590e-01
-4.764544513630193379e-01
-4.765664057292537947e-01
-4.757275603036346112e-01
-4.752102103233024621e-01
-4.794137986537920781e-01
-4.713864240307588105e-01
-4.848306439871565843e-01
-4.728485184563675503e-01
-4.794770740346647742e-01
-4.727667800230044293e-01
-4.801767463720878482e-01
-4.767489703678382540e-01
-4.796062952601793938e-01
-4.740865892707804008e-01
-4.803150656501395943e-01
-4.801918450867281862e-01
-4.766730794031213136e-01
-4.789821694602842683e-01
-4.774898140578542893e-01
-4.757608831649546843e-01
-4.714527835044757254e-01
-4.780815192520257995e-01
-4.840699137586970124e-01
-4.759118683737284528e-01
-4.802853356353518066e-01
-4.731355467767652812e-01
-4.760631455554023006e-01
-4.778253123938087654e-01
-4.768430551355908875e-01
-4.742705473079373846e-01
-4.790896933895361087e-01
-4.772726487148890584e-01
-4.774503132968046515e-01
-4.759970058659472869e-01
-4.801160113682563235e-01
-4.816370005211023653e-01
-4.795229811263048703e-01
-4.827690134610431727e-01
-4.771866615906983355e-01
-4.854360861360209611e-01
-4.811805722065329860e-01
-4.788334522837924823e-01
-4.809987923547636157e-01
-4.769557944463898025e-01
-4.813937896948665696e-01
-4.795306462382988855e-01
-4.832030362325570039e-01
-4.827608278034132283e-01
-4.799595609057210055e-01
-4.804447481731930480e-01
-4.776044182638825575e-01
-4.790517237354139368e-01
-4.836080272184197781e-01
-4.810005106022998689e-01
-4.847483185791414684e-01
-4.810604540655170069e-01
-4.861329335882604852e-01
-4.766196667415236732e-01
-4.820534971988239548e-01
-4.759549764617521106e-01
-4.808837150123617121e-01
-4.839039526034634164e-01
-4.835905737744843336e-01
-4.810060448526867205e-01
-4.823605524381084919e-01
-4.875891949900976741e-01
-4.769655951020457252e-01
-4.772976630021563693e-01
-4.832691709177741046e-01
-4.766597120598907722e-01
-4.807951644058849894e-01
-4.797467795659677847e-01
-4.791606503858032440e-01
-4.791995170209739641e-01
-4.795618221019131155e-01
-4.803065815797555871e-01
-4.807492267925699281e-01
-4.866020402034063608e-01
-4.781006245728747217e-01
-4.786490705744377294e-01
-4.831315189227600726e-01
-4.813516872824585846e-01
-4.821936971891647161e-01
-4.818699287256817954e-01
-4.789739116433882060e-01
-4.826777525736707375e-01
-4.812034255831667551e-01
-4.791591796933767355e-01
-4.786056177533000167e-01
-4.843013714917354662e-01
-4.861038991032380352e-01
-4.791221765486648465e-01
-4.817942769309473405e-01
-4.793467815978980084e-01
-4.775661026781357066e-01
-4.805671893478944412e-01
-4.843502118419049651e-01
-4.822986147520991196e-01
-4.830598939466002051e-01
-4.845367994824876234e-01
-4.785147715898254717e-01
-4.809462647658104828e-01
-4.819887949156065332e-01
-4.835016212512561751e-01
-4.819888242844170279e-01
-4.812012844454818250e-01
-4.833351445126030654e-01
-4.821142960095299301e-01
-4.829601759331456634e-01
-4.824799808519575350e-01
-4.776908388075664647e-01
-4.806437276236170675e-01
-4.857564262569944447e-01
-4.802552751476847348e-01
-4.805142446418688706e-01
-4.795656275015343084e-01
-4.855355636315072942e-01
-4.880563100169021951e-01
-4.784245225359757825e-01
-4.772551604203636444e-01
-4.813744657765655077e-01
-4.791648167133510938e-01
-4.836395534463671098e-01
-4.794200719397716526e-01
-4.786804643285940131e-01
-4.814645478295895842e-01
-4.859014917997148686e-01
-4.825630112724468290e-01
-4.798793564855108329e-01
-4.796808315302856229e-01
-4.842206761840213147e-01
-4.811635099248308123e-01
-4.855686457120267363e-01
-4.848613973748143735e-01
-4.758640821342163818e-01
-4.818796049213256438e-01
-4.821006759903436745e-01
-4.826781658515981732e-01
-4.846355902761292356e-01
-4.833147078738715408e-01
-4.835774453040349030e-01
-4.804898596264690624e-01
-4.794660524081599817e-01
-4.818035101438535861e-01
-4.776977512974909246e-01
-4.865777724179682906e-01
-4.781765120016681081e-01
-4.838665626425422417e-01
-4.807139597342500181e-01
-4.782451103706488738e-01
-4.753292703959690613e-01
-4.792084904253490762e-01
-4.811231937032864892e-01
-4.805418251166528876e-01
-4.798047158334464157e-01
-4.806147758015164584e-01
-4.824222087553922123e-01
-4.769992183564681909e-01
-4.721866471438644908e-01
-4.832546390274439219e-01
-4.778419851353365999e-01
-4.754776020198310249e-01
-4.800081604187216300e-01
-4.818777212375229269e-01
-4.767746656001103922e-01
-4.774012940826430906e-01
-4.778693829787359348e-01
-4.762750375729760677e-01
-4.803541686056340687e-01
-4.817399958640704583e-01
-4.819966399523805123e-01
-4.776877579834737375e-01
-4.818646404195634503e-01
-4.801277587634666943e-01
-4.762460521956581871e-01
-4.823611977314010701e-01
-4.747154661275390097e-01
-4.750944189332892975e-01
-4.766185812026364488e-01
-4.813791225919983319e-01
-4.770352194659448486e-01
-4.752630848106811357e-01
-4.769042606988556088e-01
-4.752500513629316359e-01
-4.819033091519173695e-01
-4.789956473326748565e-01
-4.782015590282329143e-01
-4.834479872324708438e-01
-4.763739318362860686e-01
-4.781191610291539718e-01
-4.758620782523603765e-01
-4.786028013440084550e-01
-4.737358776268516536e-01
-4.765189348468270580e-01
-4.772597837232943618e-01
-4.801898264166943875e-01
-4.774085570190615968e-01
-4.784483397390566495e-01
-4.741401462893559682e-01
-4.810111446581917249e-01
-4.773926339043397249e-01
-4.804848405712727200e-01
-4.740041761865994019e-01
-4.761043681234715663e-01
-4.742109056587189286e-01
-4.729754262566245870e-01
-4.758535223962647720e-01
-4.775905865470351230e-01
-4.741356153998266265e-01
-4.786926395217365737e-01
-4.752639418609874156e-01
-4.754800069261442275e-01
-4.810179287505604862e-01
-4.767610060317970522e-01
-4.758185708443827266e-01
-4.799432198619770773e-01
-4.789567544981938596e-01
-4.770842885795953947e-01
-4.729469702995539038e-01
-4.739876804338463145e-01
-4.788153075888885724e-01
-4.787883705526949640e-01
-4.816571756190946019e-01
-4.765334345205962663e-01
-4.754282020118392182e-01
-4.749248011475666331e-01
-4.788302855682040615e-01
-4.776458915083878765e-01
-4.755313263741887120e-01
-4.805960869416763259e-01
-4.760820309334095057e-01
-4.739482691923981861e-01
-4.806368952788542259e-01
-4.761140749259666904e-01
-4.731724680767226410e-01
-4.775469580637921041e-01
-4.725824343078812717e-01
-4.805127480137656448e-01
-4.778281266637867120e-01
-4.801061550789809118e-01
-4.752578940796192697e-01
-4.770079511298037644e-01
-4.772158882729229390e-01
-4.690587150735652244e-01
-4.795493111411257559e-01
-4.762537512110815996e-01
-4.712093352819914926e-01
-4.755545319760998701e-01
-4.724689771374768199e-01
-4.755063498142551026e-01
-4.770459268859417179e-01
-4.777568819086415175e-01
-4.726842919872704663e-01
-4.739618769526763309e-01
-4.755001742554365585e-01
-4.736615474735965670e-01
-4.800578409155362714e-01
-4.808505303484649218e-01
-4.711444494321250787e-01
-4.714598727025482994e-01
-4.729326546718057855e-01
-4.711084533110310169e-01
-4.732515256097089562e-01
-4.750171558276088390e-01
-4.719381891463769740e-01
-4.765186287055502845e-01
-4.661654824002079422e-01
-4.774827427350447628e-01
-4.768289618841845545e-01
-4.746790421959854456e-01
-4.739129258795333755e-01
-4.733914775331977687e-01
-4.746832203057129718e-01
-4.737747864341566029e-01
-4.707384500606242028e-01
-4.735447072183691652e-01
-4.678659863524488038e-01
-4.717458695804093161e-01
-4.748156577804150125e-01
-4.698798986676315792e-01
-4.733590708669197511e-01
-4.721236894614246893e-01
-4.775503776342464590e-01
-4.775928773356921120e-01
-4.767925239958192840e-01
-4.700660437067125663e-01
-4.744634565686549621e-01
-4.766486279380894864e-01
-4.706303124983897135e-01
-4.761154035593384570e-01
-4.722842391839052745e-01
-4.756471272322313482e-01
-4.723309123623504746e-01
-4.726647982510878698e-01
-4.749377231980416170e-01
-4.700739051068634211e-01
-4.747056502508697484e-01
-4.701427304465504164e-01
-4.692846064600075806e-01
-4.723781884233182460e-01
-4.735197318699593261e-01
-4.694097477314622680e-01
-4.754671288596301615e-01
-4.702150281612680338e-01
-4.718454316556615069e-01
-4.695754426233587076e-01
-4.731271429442052145e-01
-4.687437484632455131e-01
-4.729330910568081414e-01
-4.702575159069888322e-01
-4.693259305392483149e-01
-4.697193344268586479e-01
-4.737370789271464488e-01
-4.770105407711131562e-01
-4.682255817468017334e-01
-4.695811703218901734e-01
-4.688142367756045203e-01
-4.706434504386760587e-01
-4.656241314654852026e-01
-4.661477411291374828e-01
-4.728199574629874391e-01
-4.709222700640047776e-01
-4.729779498047497199e-01
-4.754834233479705574e-01
-4.712184866038251485e-01
-4.660520574267610350e-01
-4.674296936661685997e-01
-4.759116538198164825e-01
-4.710243442270667380e-01
-4.662035060589015956e-01
-4.681022324036767657e-01
-4.702341790308914860e-01
-4.694584716029011062e-01
-4.718211943626795524e-01
-4.677199913264962206e-01
-4.735194222432390632e-01
-4.759399814992564259e-01
-4.745404720034431811e-01
-4.658692206813102032e-01
-4.725093398477104856e-01
-4.644384742670890631e-01
-4.702343360491978430e-01
-4.681911669518821206e-01
-4.707764144368749015e-01
-4.690947117832471314e-01
-4.725872586994062097e-01
-4.709971751361363701e-01
-4.718178900703677847e-01
-4.740174026919916628e-01
-4.633944240064993281e-01
-4.704591210679529567e-01
-4.669593320846021633e-01
-4.654163194737099829e-01
-4.684178323750618489e-01
-4.669534387046598845e-01
-4.683272820402692993e-01
-4.677228876828358750e-01
-4.674139568789441590e-01
-4.699569776025698253e-01
-4.709284052024664824e-01
-4.695030365172145892e-01
-4.657965165976674093e-01
-4.696243510214856975e-01
-4.655064739951186858e-01
-4.621318200419444189e-01
-4.624814832220689453e-01
-4.651083256461219229e-01
-4.687245719244330644e-01
-4.630497092069698617e-01
-4.669838730843931529e-01
-4.712347064777793193e-01
-4.677835669075878222e-01
-4.640057969615920541e-01
-4.667234706911727038e-01
-4.674285700082903006e-01
-4.637776916273992356e-01
-4.677013176249258386e-01
-4.679336337498205545e-01
-4.657473901251294457e-01
-4.604424503373807376e-01
-4.702580461680678781e-01
-4.658989681300882424e-01
-4.646516306972876542e-01
-4.698411849547423635e-01
-4.677931171468205918e-01
-4.647431643001920243e-01
-4.626798674744638795e-01
-4.629699780609510817e-01
-4.673361339935637737e-01
-4.646274216542565227e-01
-4.687605758759367802e-01
-4.688969318029578837e-01
-4.685070820155288196e-01
-4.614046344834346058e-01
-4.606560615454959873e-01
-4.591258632216401736e-01
-4.668460027112568689e-01
-4.649536901386750465e-01
-4.583815643648132543e-01
-4.637437746021166873e-01
-4.687247857566951836e-01
-4.644126448472007951e-01
-4.606819656918994532e-01
-4.661814589852717461e-01
-4.668591673413176046e-01
-4.654472670659739464e-01
-4.638346563511226428e-01
-4.586620822727689450e-01
-4.642551802485002099e-01
-4.669088902320965850e-01
-4.600069768528833869e-01
-4.589025847053451734e-01
-4.628717810806235455e-01
-4.606837483991355064e-01
-4.617427563641425259e-01
-4.630769878695719655e-01
-4.649148524231780932e-01
-4.584443689432309288e-01
-4.606405695668849276e-01
-4.630366563973602467e-01
-4.634017117612700964e-01
-4.648284593057048220e-01
-4.614125012821270744e-01
-4.641116805203266971e-01
-4.647325095089582803e-01
-4.628261588653681535e-01
-4.622974550984282338e-01
-4.632645593407320739e-01
-4.615428136158739036e-01
-4.696875418073349628e-01
-4.641841727420250585e-01
-4.605637691612578521e-01
-4.708248436690047889e-01
-4.618998845582491519e-01
-4.574186727919045126e-01
-4.738138631878237028e-01
-4.673258840349441279e-01
-4.644408741997003709e-01
-4.659778455125513918e-01
-4.577634430543477961e-01
-4.703460687566063392e-01
-4.624743924824818997e-01
-4.698664445989297889e-01
-4.620957922059840683e-01
-4.701856374875279521e-01
-4.624672477917390889e-01
-4.656136722343187095e-01
-4.621964049497711002e-01
-4.655344110411192560e-01
-4.629427179358556188e-01
-4.616932755271179190e-01
-4.592380347468634216e-01
-4.632517508214499813e-01
-4.598991715525309054e-01
-4.598243644332795643e-01
-4.621663407527363265e-01
-4.612412035192785531e-01
-4.595220067985241741e-01
-4.578386684068442847e-01
-4.580847895967947725e-01
-4.645516328369494463e-01
-4.601876244100366886e-01
-4.589329435778235489e-01
-4.605334294882443835e-01
-4.655204290882333229e-01
-4.587410755425347375e-01
-4.627304566359964344e-01
-4.654902760200982925e-01
-4.614028847889686258e-01
-4.589246380109481827e-01
-4.589906963981378318e-01
-4.587836534418245904e-01
-4.638712552680623880e-01
-4.628576724897945915e-01
-4.605860360435316547e-01
-4.606796802112380629e-01
-4.624255616417984882e-01
-4.595366728864174188e-01
-4.626788249409872211e-01
-4.592044830485531026e-01
-4.638270244370517048e-01
-4.617677925246301829e-01
-4.565042837714468060e-01
-4.547290249825570729e-01
-4.614031275767835893e-01
-4.625688184987062357e-01
-4.566564468661153953e-01
-4.611635534021363281e-01
-4.608062151729956923e-01
-4.593860642137652661e-01
-4.613606531276965850e-01
-4.630740033196367733e-01
-4.594517295431119752e-01
-4.629720127889518366e-01
-4.591519698289023843e-01
-4.618138713024153574e-01
-4.600683869100619106e-01
-4.613258961786383949e-01
-4.580138535718236703e-01
-4.606044581288637474e-01
-4.544457920533857553e-01
-4.591127729442079364e-01
-4.559688713714296071e-01
-4.598869781539425272e-01
-4.600344431186949024e-01
-4.600725534545895279e-01
-4.566192262210622133e-01
-4.615685013921391189e-01
-4.607129280838897500e-01
-4.581862389201221131e-01
-4.569910842756810254e-01
-4.584714826921030273e-01
-4.597643750090005810e-01
-4.536140927670480050e-01
-4.621032344285840310e-01
-4.530038419658346527e-01
-4.587461752791788250e-01
-4.526233759099365095e-01
-4.584426843674309637e-01
-4.588678781991579747e-01
-4.584346437584385647e-01
-4.539475830419661406e-01
-4.615755496850786344e-01
-4.554025717038761023e-01
-4.575754434425607364e-01
-4.594664755711841408e-01
-4.536588134314962772e-01
-4.599042329725762102e-01
-4.577628436910377019e-01
-4.561588790254371695e-01
-4.584411103642942464e-01
-4.524726213507888062e-01
-4.549200371457824410e-01
-4.566504147404373271e-01
-4.555024389507624782e-01
-4.590433228616137562e-01
-4.582767620794205854e-01
-4.597868128044826364e-01
-4.614385148142114978e-01
-4.567943350111889345e-01
-4.527956585878674112e-01
-4.565464379752799395e-01
-4.546941933342152353e-01
-4.573138147223758665e-01
-4.564637319292730311e-01
-4.566430316969349867e-01
-4.548988461224294788e-01
-4.618814396501877972e-01
-4.493073140048902125e-01
-4.575264200527784375e-01
-4.582053197244699838e-01
-4.581032774161388765e-01
-4.549850180436090241e-01
-4.540286234183388281e-01
-4.600899565224554344e-01
-4.553810213666542595e-01
-4.564867521839111042e-01
-4.606928477739171690e-01
-4.527196926337651028e-01
-4.575070820307516328e-01
-4.550607224149922914e-01
-4.566025191093223690e-01
-4.511640851580605016e-01
-4.555226794583782102e-01
-4.601180868572871674e-01
-4.537051174138975185e-01
-4.572336874415365848e-01
-4.527925471123550594e-01
-4.531629834660697576e-01
-4.594719829543580936e-01
-4.566038693845162477e-01
-4.558240661502943603e-01
-4.528393211392458539e-01
-4.532935404797009404e-01
-4.549185569889564462e-01
-4.552613575114325961e-01
-4.549862404972868646e-01
-4.527416517233735505e-01
-4.546013497446881324e-01
-4.515420386783830509e-01
-4.480112678374132962e-01
-4.547504418522652081e-01
-4.558498951524088127e-01
-4.551894371130451589e-01
-4.509820603207921330e-01
-4.543073557451089428e-01
-4.515657731990325718e-01
-4.558349584962844148e-01
-4.550786905298518370e-01
-4.477487906558881292e-01
-4.540017662761557382e-01
-4.568805821614474461e-01
-4.533416416905455826e-01
-4.498260711010590995e-01
-4.523625029957751842e-01
-4.502393386715954904e-01
-4.513878300261113807e-01
-4.584924836636457002e-01
-4.544048583838735667e-01
-4.518284830119583262e-01
-4.581630361035178289e-01
-4.517815566524139292e-01
-4.579974085041862431e-01
-4.558834251476153732e-01
-4.554967629227406611e-01
-4.532322679404428012e-01
-4.553594388874648846e-01
-4.510997876283056041e-01
-4.493028633310800490e-01
-4.513844751000890554e-01
-4.594949902646885409e-01
-4.514638748567310067e-01
-4.527587108167476782e-01
-4.507011620526271134e-01
-4.534452600499405683e-01
-4.513266201588339577e-01
-4.543470471355324225e-01
-4.503720755651872132e-01
-4.586051712716612272e-01
-4.464671485822440111e-01
-4.549923108842313102e-01
-4.526674989349988021e-01
-4.551743076152108269e-01
-4.525743202062835202e-01
-4.551164577419806179e-01
-4.483537537566328890e-01
-4.520009064208170280e-01
-4.464920389005899715e-01
-4.481274375359858286e-01
-4.514779235930423962e-01
-4.516245574275048469e-01
-4.465155712769548479e-01
-4.516274990334976369e-01
-4.553100500188218547e-01
-4.500411469482819005e-01
-4.501108232286226141e-01
-4.481931033091453020e-01
-4.536561038824218350e-01
-4.459696522829963428e-01
-4.525085489228017899e-01
-4.554953380040738242e-01
-4.521674892075222552e-01
-4.526272249244174262e-01
-4.582576464552987616e-01
-4.493517118417051925e-01
-4.576360439296596194e-01
-4.475097419257290099e-01
-4.544773833604645041e-01
-4.539390617022345253e-01
-4.518082572055703849e-01
-4.491957228295724303e-01
-4.574486703045077540e-01
-4.518810900223033666e-01
-4.505833619877450680e-01
-4.503297904718979172e-01
-4.468261205406891534e-01
-4.486040062158671571e-01
-4.541258495163036368e-01
-4.510308148909776271e-01
-4.438561490601664605e-01
-4.558766468382240422e-01
-4.514400650846361884e-01
-4.492033583893564330e-01
-4.554296326799764927e-01
-4.449791816518131604e-01
-4.527766397047696678e-01
-4.493802935971551449e-01
-4.476135325972581125e-01
-4.457432303521540184e-01
-4.433867187363957907e-01
-4.533272228678357774e-01
-4.545694264126534101e-01
-4.503379067333275199e-01
-4.513117125585659473e-01
-4.494310118939963683e-01
-4.537523811655663764e-01
-4.486187839983784009e-01
-4.498978878832200490e-01
-4.494357772144064178e-01
-4.466925262335728064e-01
-4.479302174397643554e-01
-4.481410805928247587e-01
-4.484218205482379815e-01
-4.508596460147664686e-01
-4.438220479926899831e-01
-4.570885051206441396e-01
-4.526087296415539640e-01
-4.542160953518534772e-01
-4.512519053970585059e-01
-4.437310420566999980e-01
-4.444415705916331394e-01
-4.460281688887084428e-01
-4.490776117633270559e-01
-4.474759626866473550e-01
-4.483772058363504343e-01
-4.522286564440882728e-01
-4.543471117127284575e-01
-4.505792107443622463e-01
-4.514267129372022680e-01
-4.496232696197881573e-01
-4.427164966033914073e-01
-4.485955101686081026e-01
-4.489511774171970337e-01
-4.473322909624393162e-01
-4.482572532177511171e-01
-4.483716211625055070e-01
-4.457030082054140863e-01
-4.516816758505732832e-01
-4.479508578166970789e-01
-4.501359491825389636e-01
-4.478450673492198053e-01
-4.519386003974026345e-01
-4.449095877165665236e-01
-4.445164400611389954e-01
-4.519088222047771275e-01
-4.449991734828351309e-01
-4.487652114141476023e-01
-4.512716626667669928e-01
-4.481639090186186891e-01
-4.439161480477846755e-01
-4.462315625924497819e-01
-4.474424107874781509e-01
-4.505926831793121146e-01
-4.467700394734994696e-01
-4.444840301364205715e-01
-4.498192468454473847e-01
-4.484482186146914184e-01
-4.425548496038589352e-01
-4.457246219987931468e-01
-4.461953330366073001e-01
-4.495665919000937372e-01
-4.494246253382208067e-01
-4.491718196189273815e-01
-4.496729220652990744e-01
-4.470114184044069461e-01
-4.496607120401090452e-01
-4.502513712978297722e-01
-4.501349654048303339e-01
-4.481876655007410726e-01
-4.453580880673604359e-01
-4.509537810512966871e-01
-4.450984789372973705e-01
-4.495851045602392571e-01
-4.482147249543346756e-01
-4.455696848182895131e-01
-4.429558167091498522e-01
-4.456456359215696938e-01
-4.426988042424344627e-01
-4.479467716253413556e-01
-4.472717414988367501e-01
-4.466136091229204741e-01
-4.497701624006666954e-01
-4.464695838445296161e-01
-4.503878124064131239e-01
-4.459400695670676651e-01
-4.451537419897260150e-01
-4.447467048128667111e-01
-4.418484973665448567e-01
-4.461583188085337381e-01
-4.482698418341206636e-01
-4.455645684287137254e-01
-4.481876086046445717e-01
-4.448150504394439153e-01
-4.409742893492283322e-01
-4.426109663107975489e-01
-4.487788743774995259e-01
-4.389234006757902762e-01
-4.428850008252189774e-01
-4.428115968435679672e-01
-4.475256275668300088e-01
-4.485199169944876774e-01
-4.417361998649134147e-01
-4.472670753822381995e-01
-4.469940468535099631e-01
-4.417919261585245838e-01
-4.423082578314185831e-01
-4.449986818298541369e-01
-4.437349408025664799e-01
-4.526152220853276731e-01
-4.408682081279680642e-01
-4.479499991251509883e-01
-4.401752669029060927e-01
-4.440842220625366710e-01
-4.407696284399511555e-01
-4.434061093156532740e-01
-4.442719144792454111e-01
-4.441749329064675900e-01
-4.463915467128459214e-01
-4.438234525888071769e-01
-4.448215196875568989e-01
-4.447114065557825624e-01
-4.457224416807038514e-01
-4.464823020735996795e-01
-4.410773729393749343e-01
-4.445908278353783438e-01
-4.441547054059953314e-01
-4.442121405926974798e-01
-4.406430078757515578e-01
-4.420296166596372478e-01
-4.373143361348863500e-01
-4.471134167187230113e-01
-4.449561147913533299e-01
-4.463211069962499944e-01
-4.427197242443737246e-01
-4.491789305716190062e-01
-4.420505618270058057e-01
-4.471407878814699921e-01
-4.461858746736169223e-01
-4.479901229205526803e-01
-4.410845045795817043e-01
-4.438113755313092268e-01
-4.428753483073195607e-01
-4.456662127762091585e-01
-4.465769348330861921e-01
-4.434389063044190116e-01
-4.442296688516852998e-01
-4.441726490890079981e-01
-4.450913333954712447e-01
-4.411252042466070611e-01
-4.463349891602460540e-01
-4.429518167439721044e-01
-4.399748472469821592e-01
-4.506944156930670076e-01
-4.502130667144882414e-01
-4.380294154422681996e-01
-4.439514935775361604e-01
-4.502571364331375836e-01
-4.453323391930439357e-01
-4.400567215710257107e-01
-4.444063590985672940e-01
-4.400991100537225420e-01
-4.425280461267323551e-01
-4.395572713870191661e-01
-4.431500953739548887e-01
-4.412431635565553512e-01
-4.398722509585553109e-01
-4.422411189515157992e-01
-4.371836470618563064e-01
-4.400562292414004761e-01
-4.435553325769392430e-01
-4.453658203033754037e-01
-4.350109197028112495e-01
-4.443353277128458401e-01
-4.445228182263171735e-01
-4.438824701323750288e-01
-4.429767899343899362e-01
-4.433848454362213642e-01
-4.471516021903876870e-01
-4.393948908763503081e-01
-4.383431819816637764e-01
-4.406116220222473512e-01
-4.453558287521582337e-01
-4.427585010838210877e-01
-4.447146838111016298e-01
-4.375568425826239505e-01
-4.409345985354331532e-01
-4.380899580513032410e-01
-4.371446823292726158e-01
-4.359857390326177251e-01
-4.385064009588239275e-01
-4.408652032560073653e-01
-4.398228300740495422e-01
-4.423147467378890640e-01
-4.380534620261066769e-01
-4.396120598053193662e-01
-4.429470379016474113e-01
-4.386167451364083592e-01
-4.400117065882421796e-01
-4.367944096595343662e-01
-4.449274002563995412e-01
-4.408950855615184072e-01
-4.426955189966262361e-01
-4.377828099863341205e-01
-4.412713085174455596e-01
-4.399947161225251646e-01
-4.417430712215375532e-01
-4.416644850661178290e-01
-4.446591679989309043e-01
-4.383673262089799461e-01
-4.404804763956429170e-01
-4.453375687154483287e-01
-4.411335701702857603e-01
-4.345642205311425199e-01
-4.418540412650627247e-01
-4.436660747085123258e-01
-4.381010728504500795e-01
-4.396868241910671937e-01
-4.393144381382700914e-01
-4.350685683846622354e-01
-4.397449428345758804e-01
-4.366129038061461465e-01
-4.440725192926858744e-01
-4.407816578421013265e-01
-4.437951471853267549e-01
-4.418671830339018225e-01
-4.428239969071744442e-01
-4.412414293226811779e-01
-4.430624883684161075e-01
-4.470031798584837013e-01
-4.387215690572818794e-01
-4.417546680312577356e-01
-4.468193709960456284e-01
-4.391010064483460429e-01
-4.378128411806941900e-01
-4.407583054657436827e-01
-4.409680184672402081e-01
-4.363995468426414837e-01
-4.397774905441139692e-01
-4.441278001275660303e-01
-4.450206523246271750e-01
-4.403291276568422896e-01
-4.392838193541900305e-01
-4.436596731237572033e-01
-4.430536357812487891e-01
-4.427866624113235838e-01
-4.382207398353402672e-01
-4.410966282968877827e-01
-4.436879243001135009e-01
-4.420070208132842460e-01
-4.356588192461059439e-01
-4.455409352574146720e-01
-4.357923416862721222e-01
-4.429930752500059743e-01
-4.446553474543276652e-01
-4.405086780802508484e-01
-4.428758147612065210e-01
-4.397542666608565964e-01
-4.425417000879992013e-01
-4.439611412465089835e-01
-4.380170566831316226e-01
-4.389483837346621620e-01
-4.398892256652353616e-01
-4.429977890694499765e-01
-4.390836191850818748e-01
-4.426425489215271014e-01
-4.417701279146513116e-01
-4.414388567715006317e-01
-4.375993078414495141e-01
-4.422062020014321249e-01
-4.438462464708308186e-01
-4.388837217542924662e-01
-4.411976245861417567e-01
-4.424029505144709828e-01
-4.449241169080813130e-01
-4.448415971183447004e-01
-4.421247040194280498e-01
-4.350173233840773923e-01
-4.431530507674655839e-01
-4.426591152086901682e-01
-4.387181754154418911e-01
-4.386616610484102008e-01
-4.454549233567461908e-01
-4.412979738342013292e-01
-4.432041493072995109e-01
-4.432426331704504285e-01
-4.427708634582570579e-01
-4.451375783222886184e-01
-4.444905014388923492e-01
-4.440603617057848895e-01
-4.454632602698362920e-01
-4.390902884984771992e-01
-4.402964353636500960e-01
-4.394360451903177034e-01
-4.446283818315812097e-01
-4.412185487966738817e-01
-4.468711410598270595e-01
-4.389345948422467281e-01
-4.437424096974120769e-01
-4.446831257038563745e-01
-4.456483333015996973e-01
-4.409398324129641389e-01
-4.442685870116235280e-01
-4.430961219270290186e-01
-4.457586397824507274e-01
-4.419686197429492092e-01
-4.439446764735777151e-01
-4.439449612207630458e-01
-4.447757926093073855e-01
-4.452855729752701053e-01
-4.460979336518239857e-01
-4.464242879228863536e-01
-4.525902771996956897e-01
-4.467987501009613727e-01
-4.524656523491142335e-01
-4.527446111568175779e-01
-4.487760165898298514e-01
-4.456917918004662527e-01
-4.430738869916057698e-01
-4.529380428860805829e-01
-4.390206537558578037e-01
-4.371679373559894666e-01
-4.337925584410248225e-01
-4.230747304913924922e-01
-4.227700368760175520e-01
-4.271098530750896405e-01
-4.262532853898331475e-01
-4.198812010640420866e-01
-4.074264861550692118e-01
-3.925253189680820709e-01
-3.892862841310103517e-01
-3.920458672709587478e-01
-3.918759761277597620e-01
-3.848197843496453108e-01
-3.840800780769051403e-01
-3.883090695670399217e-01
-3.936948161312868177e-01
-3.767710890993262174e-01
-3.849432095956236699e-01
-3.793652492900145834e-01
-3.689412491379562287e-01
-3.703462201398042830e-01
-3.670157118510561922e-01
-3.856209752609965902e-01
-3.738859684226087943e-01
-3.737660132070542152e-01
-3.658599174987691716e-01
-3.779035949586759813e-01
-3.786472262095367802e-01
-3.746246702360641612e-01
-3.672871433085472814e-01
-3.777146852409590805e-01
-3.710983815196162716e-01
-3.679012283961136665e-01
-3.647600759993419040e-01
-3.658715359357135322e-01
-3.665110191879390467e-01
-3.605099385094684417e-01
-3.617951925595312979e-01
-3.611633968009781981e-01
-3.656163252833838362e-01
-3.627643840955949717e-01
-3.674008743467830351e-01
-3.646745102510682290e-01
-3.620351126033971578e-01
-3.625407150048738925e-01
-3.569742681074266066e-01
-3.564060865630958030e-01
-3.576616199199784685e-01
-3.597148337519762151e-01
-3.587565382873103559e-01
-3.585460535693041351e-01
-3.646804212808912871e-01
-3.650424013156053915e-01
-3.619288010917862675e-01
-3.565073402671354863e-01
-3.622702398487489539e-01
-3.633486263965899354e-01
-3.584348894773501382e-01
-3.649386658119144755e-01
-3.619436216445440779e-01
-3.565749422763228038e-01
-3.580055944534890067e-01
-3.532925450212895946e-01
-3.568495176009451875e-01
-3.634677513697446294e-01
-3.572012326335161081e-01
-3.606612935132027520e-01
-3.594227458119099161e-01
-3.601868188975092533e-01
-3.591108766865562796e-01
-3.532707701098978248e-01
-3.581496727731123819e-01
-3.534767612450182561e-01
-3.581973392721518046e-01
-3.582489222816862551e-01
-3.545024399130780601e-01
-3.550749801903725356e-01
-3.591315993228658687e-01
-3.647998796510765196e-01
-3.573633375621866337e-01
-3.548266272559199574e-01
-3.569381392018428079e-01
-3.512923551486559770e-01
-3.556180927356107357e-01
-3.484824310627054889e-01
-3.572685716850670934e-01
-3.563416361354564410e-01
-3.536021144648020531e-01
-3.599384716780671400e-01
-3.531750630059474760e-01
-3.530056654092906809e-01
-3.523178610154367174e-01
-3.571120342687717497e-01
-3.504108211511189896e-01
-3.507259548157772300e-01
-3.526126010815217593e-01
-3.498500193296777416e-01
-3.444258716666391273e-01
-3.518008416590262533e-01
-3.473318184786602925e-01
-3.508254795263190395e-01
-3.533912650213837936e-01
-3.497969930470989919e-01
-3.518501690142619154e-01
-3.501567478962743785e-01
-3.507169490108337229e-01
-3.520542222936018373e-01
-3.515002905854077153e-01
-3.508668617602644924e-01
-3.501728011122934303e-01
-3.482755416145240090e-01
-3.489739470765700347e-01
-3.504979781409613415e-01
-3.516874225414835520e-01
-3.551865444337811706e-01
-3.568760067183071039e-01
-3.497930050778644828e-01
-3.545050720833115010e-01
-3.437563100468714050e-01
-3.494256106801860717e-01
-3.543625579144979998e-01
-3.446090901340723711e-01
-3.495315974755255350e-01
-3.484239191565017268e-01
-3.507404139106400365e-01
-3.477287302534826097e-01
-3.507559111964333454e-01
-3.524242401910555600e-01
-3.480799331129911245e-01
-3.500157068912637115e-01
-3.502210757145884923e-01
-3.528145427312665561e-01
-3.471386948373731407e-01
-3.509800624352810150e-01
-3.502045788100289769e-01
-3.520016021768945791e-01
-3.494018671079472949e-01
-3.478150207997801058e-01
-3.493708320213471108e-01
-3.491471445085010394e-01
-3.519654908722975595e-01
-3.519849620618361596e-01
-3.520433261052214879e-01
-3.491597698685124929e-01
-3.504791848423484679e-01
-3.484114115303004189e-01
-3.537804067005505537e-01
-3.569819134115277959e-01
-3.560949876985827767e-01
-3.551740095719150281e-01
-3.580281565649008346e-01
-3.643345683836441973e-01
-3.567006640640804638e-01
-3.581623647454938442e-01
-3.543625339250135453e-01
-3.484107890783435524e-01
-3.518254872464395833e-01
-3.589884016764675057e-01
-3.526525968981497616e-01
-3.492544459004038870e-01
-3.529534309351203270e-01
-3.535692840205226228e-01
-3.583559519985615727e-01
-3.506670105815802851e-01
-3.536359722621599810e-01
-3.623227905237371704e-01
-3.519454090061815976e-01
-3.560954746550843986e-01
-3.566661051284040207e-01
-3.569145108417365320e-01
-3.540438749751221303e-01
-3.581605964395987440e-01
-3.431722374942851594e-01
-3.487345610699689180e-01
-3.552503024464449544e-01
-3.508576910360875489e-01
-3.483077561541905176e-01
-3.463774202038218952e-01
-3.500169261891296069e-01
-3.521056357920009927e-01
-3.440093012421008289e-01
-3.488479124937050591e-01
-3.528338724434408880e-01
-3.493932114456426152e-01
-3.514421127504770981e-01
-3.456707857217863888e-01
-3.507037249936003631e-01
-3.489015568376251375e-01
-3.595119834664373126e-01
-3.494707480555455659e-01
-3.454523984780115686e-01
-3.534535167821110102e-01
-3.514234588035638485e-01
-3.486628204391467589e-01
-3.488091552928420658e-01
-3.476986751666477082e-01
-3.492991285093456355e-01
-3.443565937819631495e-01
-3.503141581494754742e-01
-3.506278402560760732e-01
-3.460016789790425484e-01
-3.493808408874528038e-01
-3.497438639391836634e-01
-3.507424188829872946e-01
-3.487871524471470863e-01
-3.474200126727997606e-01
-3.460001008788411436e-01
-3.457131143893481529e-01
-3.419935849104358550e-01
-3.479325863677065200e-01
-3.480672489753817711e-01
-3.527611908083446712e-01
-3.457677162849567276e-01
-3.469226973086093624e-01
-3.463544419219646286e-01
-3.517208176239771666e-01
-3.430611816947944925e-01
-3.415882170348965019e-01
-3.468970143138492279e-01
-3.541580455404740313e-01
-3.485754939984202494e-01
-3.461958205414381595e-01
-3.464759728841197983e-01
-3.464749945212697302e-01
-3.452846442847419262e-01
-3.485971416586417515e-01
-3.466584573586075635e-01
-3.506181652441917596e-01
-3.446010674944162133e-01
-3.374293314350813588e-01
-3.549395763817391192e-01
-3.446589108450335281e-01
-3.339864379237980074e-01
-3.526896666721526241e-01
-3.449368478945780137e-01
-3.468325843912143380e-01
-3.463462172251727811e-01
-3.426934079734080818e-01
-3.527505869539611094e-01
-3.479029546083458602e-01
-3.473105469280493018e-01
-3.508216495927425349e-01
-3.448821101598669170e-01
-3.484216412315175315e-01
-3.445498612155202256e-01
-3.465634699475086400e-01
-3.473529421420753494e-01
-3.485909830844025059e-01
-3.445853537546481604e-01
-3.454841828793195901e-01
-3.512958585555729929e-01
-3.494697627018916730e-01
-3.538303199921997155e-01
-3.430100503272295320e-01
-3.476810751355310369e-01
-3.463915829150823189e-01
-3.467159792367304760e-01
-3.524200601041598269e-01
-3.410754258477006751e-01
-3.468142583573974314e-01
-3.550717141202279770e-01
-3.475367915417159059e-01
-3.445486792186986946e-01
-3.513736628430528253e-01
-3.523280700145963173e-01
-3.515385189557358459e-01
-3.511790857449754721e-01
-3.536513282364084354e-01
-3.451708010224128209e-01
-3.344379483981378964e-01
-3.499944744530254503e-01
-3.488858288239051753e-01
-3.486564457008520801e-01
-3.522774211562347269e-01
-3.475489734971579647e-01
-3.384408840425261467e-01
-3.436707315991627265e-01
-3.419715274755393830e-01
-3.488647742310975741e-01
-3.375676651132270556e-01
-3.457465564705899386e-01
-3.357975933491910148e-01
-3.371058064367905560e-01
-3.370887521144494414e-01
-3.353656285566277706e-01
-3.440746928802584925e-01
-3.417616774113103606e-01
-3.390930591350904688e-01
-3.406017146619795266e-01
-3.399515744284531404e-01
-3.391860693361423706e-01
-3.356079007291279392e-01
-3.343567702953391674e-01
-3.391224248105555450e-01
-3.408664110757895216e-01
-3.250656454118390215e-01
-3.392938041145940886e-01
-3.419543583735533687e-01
-3.329979451920104250e-01
-3.368607629787084279e-01
-3.290206927967910255e-01
-3.371294117258785139e-01
-3.222443051353816590e-01
-3.296451300865634870e-01
-3.319126112103438220e-01
-3.317150608823543068e-01
-3.257860047020854632e-01
-3.235958280245820884e-01
-3.243014963990739075e-01
-3.241127814768790527e-01
-3.281804047293669369e-01
-3.250958116170039047e-01
-3.201380643593940700e-01
-3.152771961908533704e-01
-3.237772253109006959e-01
-3.210411022876626941e-01
-3.118585382047054377e-01
-3.091055509554980207e-01
-3.161430063658494660e-01
-3.139814256976367068e-01
-3.157817222160240744e-01
-3.230154652088147449e-01
-3.147065115719449024e-01
-3.048271612881105486e-01
-3.222336125409838714e-01
-3.111222660292316533e-01
-3.137828612518241966e-01
-3.104864366996984426e-01
-3.089612860965494923e-01
-3.152891420983708892e-01
-3.112384960468638218e-01
-3.085652080860222801e-01
-3.082272797114086749e-01
-3.089860496167868842e-01
-3.080263803896146069e-01
-3.095126285531769605e-01
-3.012130573353732910e-01
-3.002184237569763825e-01
-3.063399794321643999e-01
-2.950379674710859046e-01
-3.112099840311426391e-01
-3.036289859440461925e-01
-3.029288402099763466e-01
-3.031332331953877635e-01
-2.896285821052713150e-01
-2.972928162883727854e-01
-2.974929629993557922e-01
-2.978002747418024843e-01
-2.956943323194007878e-01
-3.008622762347382129e-01
-3.026801912601315703e-01
-3.046312578049357178e-01
-2.921583040627269146e-01
-2.974401813206404288e-01
-2.963836957304886166e-01
-3.032156795665146287e-01
-2.959965728277090813e-01
-3.039668214089141784e-01
-3.000700612277333312e-01
-3.018041350614292240e-01
-3.020127357532884638e-01
-3.020264773074205489e-01
-3.063981574609330183e-01
-3.071532492634166944e-01
-3.069244341153215538e-01
-3.006234883106990718e-01
-2.965896101050686795e-01
-2.937206003817633970e-01
-2.958294360545616897e-01
-2.951829842047761776e-01
-2.975902615065827428e-01
-3.038661208895563903e-01
-2.981745721994542020e-01
-3.055086946381565527e-01
-2.974702783382102700e-01
-3.058843256753339679e-01
-3.079561565099324105e-01
-3.089441380311467311e-01
-3.202957444241649188e-01
-3.232026498448358764e-01
-3.128164847867728193e-01
-3.168011648268080904e-01
-3.166319099267569381e-01
-3.199497557171719908e-01
-3.234346524515148147e-01
-3.230963852573820461e-01
-3.266507043082551576e-01
-3.286773489999861297e-01
-3.240733671236424307e-01
-3.368725792423403753e-01
-3.311627096419060834e-01
-3.284473164637979892e-01
-3.346073140528602607e-01
-3.315467417881174939e-01
-3.313912832404617426e-01
-3.245836473837777625e-01
-3.182561560273322598e-01
-3.184036868673025822e-01
-3.263267132336431509e-01
-3.253661925877731065e-01
-3.183322555602998705e-01
-3.195699140578911468e-01
-3.256068775013334360e-01
-3.239179384215624680e-01
-3.182844956004373671e-01
-3.162140926896488402e-01
-3.133002482226419083e-01
-3.259447270356441440e-01
-3.258058993482073618e-01
-3.161452508260274019e-01
-3.220526766490310333e-01
-3.134649185763731527e-01
-3.074794116542855504e-01
-3.123328558588161497e-01
-3.019171007531415429e-01
-3.006982780071790762e-01
-3.130184086378979824e-01
-3.069069902598084987e-01
-3.124558216845167991e-01
-3.113443455246300839e-01
-3.143592954903204895e-01
-3.123010819908096369e-01
-3.105919438873625538e-01
-3.089104597080193360e-01
-3.083484198097730111e-01
-3.055212599569665510e-01
-3.107201678196866990e-01
-3.052071875722548455e-01
-3.081342221275169546e-01
-3.118235817339221061e-01
-3.019740142822808782e-01
-2.990605683807002757e-01
-2.916550681256886435e-01
-3.010192605111967623e-01
-3.038026084165619256e-01
-3.046211323837080265e-01
-2.952378585834460889e-01
-3.002237527868136802e-01
-3.022175190015652380e-01
-2.928434958120348375e-01
-2.766036213170872671e-01
-2.903406910103853988e-01
-2.819438403381775426e-01
-2.801988792490807123e-01
-2.759610196212527455e-01
-2.780320048161103452e-01
-2.708536772211008192e-01
-2.705254100882785728e-01
-2.735741654140483314e-01
-2.691838527954331095e-01
-2.675759343541791457e-01
-2.689391989853180398e-01
-2.696002905047684695e-01
-2.712966011028445923e-01
-2.753429699035903067e-01
-2.827401767539476363e-01
-2.751343172614461041e-01
-2.777636108165512097e-01
-2.762022252900916408e-01
-2.845015388516384247e-01
-2.823384675145632627e-01
-2.875530975147280177e-01
-2.779316431168383783e-01
-2.794508805368673965e-01
-2.799911608189198375e-01
-2.769562762127577571e-01
-2.708629240143656247e-01
-2.743272071649811572e-01
-2.813868130659189504e-01
-2.732216402036418135e-01
-2.776425272153772994e-01
-2.841408967833176646e-01
-2.818520328663018937e-01
-2.746791746243926191e-01
-2.726048420996005639e-01
-2.747176939778624982e-01
-2.727500668151658925e-01
-2.714563239154499374e-01
-2.598763773194823212e-01
-2.596290574705324428e-01
-2.796439318879222480e-01
-2.714437654801686861e-01
-2.784932043094099363e-01
-2.717745830907174476e-01
-2.787335295002552060e-01
-2.694302326969213457e-01
-2.706056069284354937e-01
-2.719320506185517461e-01
-2.665681856926609417e-01
-2.627975716171090936e-01
-2.555775224207619822e-01
-2.810336725210372810e-01
-2.687848869464647406e-01
-2.735141983058303472e-01
-2.669719339370475453e-01
-2.758663275327830622e-01
-2.705557810307932520e-01
-2.717928484928131549e-01
-2.711563926754452236e-01
-2.679529395545081627e-01
-2.648319784969803137e-01
-2.562489641791403372e-01
-2.702938978836225692e-01
-2.670650794514499715e-01
-2.684694526680801441e-01
-2.593533322340004776e-01
-2.669696643808068259e-01
-2.719138191143397609e-01
-2.708026096281219708e-01
-2.755818257727642440e-01
-2.814797654222616075e-01
-2.834070002547319778e-01
-2.827266420590013318e-01
-2.876045516649865519e-01
-2.910915780593699154e-01
-2.889360592429044416e-01
-2.973656313483981073e-01
-3.020770627129731878e-01
-3.079319261407666986e-01
-3.128088405658306925e-01
-3.191571234967613968e-01
-3.031958799292620577e-01
-3.198729284932138595e-01
-3.127255319421141100e-01
-3.060918399197376516e-01
-3.102887612301498121e-01
-3.070539117168857302e-01
-3.064521526277059205e-01
-3.123287376208039867e-01
-3.031417216600384990e-01
-3.138392763000055208e-01
-3.016508895359688580e-01
-2.981139631160152348e-01
-3.001593497134484312e-01
-2.926130070409203032e-01
-3.001664995580215489e-01
-2.924283575665858059e-01
-2.922506385221785852e-01
-2.863905717769157366e-01
-2.881591816623511049e-01
-2.830674603189703431e-01
-2.822903204844452452e-01
-2.688367165569993666e-01
-2.634024075506609108e-01
-2.697713956536421653e-01
-2.725260838075942993e-01
-2.678283605204325735e-01
-2.660209355495519179e-01
-2.644871011715925757e-01
-2.604470026135841110e-01
-2.645296733412687562e-01
-2.655841235880631590e-01
-2.641555019811622773e-01
-2.676282289265870529e-01
-2.590321552275317574e-01
-2.391694914422355378e-01
-2.515893987864051828e-01
-2.508414483762391178e-01
-2.587169528413244546e-01
-2.577604051355015802e-01
-2.579362718878746574e-01
-2.636759910149993336e-01
-2.538724808244507969e-01
-2.626019171152749188e-01
-2.489167709486187485e-01
-2.468131819728150989e-01
-2.431375296698991828e-01
-2.347335591980548308e-01
-2.356467886288602376e-01
-2.318527872859377226e-01
-2.411542798168433421e-01
-2.366585123418533942e-01
-2.457031905701568264e-01
-2.471874656993832686e-01
-2.447632820676457488e-01
-2.425353825263867336e-01
-2.461216708515298612e-01
-2.372108999575146260e-01
-2.351271763064733955e-01
-2.351013798606104710e-01
-2.444928691764033379e-01
-2.423089113934491223e-01
-2.445968283528042742e-01
-2.481330425372069159e-01
-2.355054505916243102e-01
-2.396457172478370090e-01
-2.405334230527285122e-01
-2.237513442141820796e-01
-2.350525615003822288e-01
-2.373329390369605107e-01
-2.322843670044589803e-01
-2.252105292632664568e-01
-2.314285773649169542e-01
-2.252300461284575395e-01
-2.277675951422644118e-01
-2.258683398132548259e-01
-2.284458203928296793e-01
-2.228683865046088286e-01
-2.218979762834870639e-01
-2.257945737845894474e-01
-2.260085390883805889e-01
-2.261469610767701255e-01
-2.223719729339519446e-01
-2.329055067481879959e-01
-2.277164835453655556e-01
-2.310713917640803139e-01
-2.300239791272571388e-01
-2.352159725168148086e-01
-2.276278804797597921e-01
-2.330872785208142339e-01
-2.419023553676300509e-01
-2.396068493134873023e-01
-2.337912201382383870e-01
-2.375026197679024342e-01
-2.333798436626746131e-01
-2.299621022828066685e-01
-2.376463609946217748e-01
-2.388103763032511928e-01
-2.332782001446467302e-01
-2.462915540391888425e-01
-2.362954434202202414e-01
-2.410165051734081132e-01
-2.364346994408934588e-01
-2.431210092555213254e-01
-2.399886811694171285e-01
-2.291673765436334775e-01
-2.346834869936925694e-01
-2.409297170759661100e-01
-2.449214669695043423e-01
-2.428342039660396079e-01
-2.479226727421048881e-01
-2.372609230262819890e-01
-2.594687707180614034e-01
-2.620825933704208355e-01
-2.507163493135962096e-01
-2.742057771086272577e-01
-2.719316011578478687e-01
-2.628193035078081330e-01
-2.716373571970445155e-01
-2.604954475889904586e-01
-2.609882912352290418e-01
-2.496905274318870216e-01
-2.433399199713806027e-01
-2.448232517977646516e-01
-2.489850201274694808e-01
-2.383347033844027685e-01
-2.469307826511166759e-01
-2.435642761415555135e-01
-2.443217178917413968e-01
-2.443444591133212551e-01
-2.416437063016929621e-01
-2.385812029013725244e-01
-2.401466409464294571e-01
-2.363816728532963651e-01
-2.389049031211616381e-01
-2.316420068440914193e-01
-2.355630542652389359e-01
-2.317943807795730393e-01
-2.269920883858120852e-01
-2.295307454744737186e-01
-2.263824593075702829e-01
-2.121361512687371942e-01
-2.213497223605798148e-01
-2.162512536530043494e-01
-2.199192749705327632e-01
-2.150884147736613627e-01
-2.161599364370916376e-01
-2.174501333610603382e-01
-2.152575606200550773e-01
-2.148806792142914368e-01
-2.087040634634922398e-01
-2.198551754302844330e-01
-2.089953116981071446e-01
-2.174234867147371020e-01
-2.128805827384652183e-01
-2.203948934359296619e-01
-2.191583096724043500e-01
-2.170652683568352614e-01
-2.221515802845397403e-01
-2.216094574354384727e-01
-2.202057321545348723e-01
-2.237495285372850251e-01
-2.255317711787316881e-01
-2.213071006153306541e-01
-2.254255826060085344e-01
-2.172867120331827273e-01
-2.183156991380617029e-01
-2.048941017352505778e-01
-2.119102076205273688e-01
-2.127911961222166970e-01
-2.171636401112433945e-01
-2.183769756617581770e-01
-2.155426459566556208e-01
-2.091809112436555651e-01
-2.127849287281194934e-01
-2.157900476596352757e-01
-2.151451136338675685e-01
-2.125347592012940545e-01
-2.083155572799169075e-01
-2.163929030905271667e-01
-2.157095111069847748e-01
-2.077556715618304461e-01
-2.169875958884855960e-01
-2.157556719885707075e-01
-2.165006510357232461e-01
-2.130060471703636438e-01
-2.174009158408167774e-01
-2.204264997820366556e-01
-2.206043082369384400e-01
-2.179606288762720445e-01
-2.214216028681079973e-01
-2.211054792608806996e-01
-2.118020697786903161e-01
-2.172675505531938001e-01
-2.108246209189665876e-01
-2.213301448468247834e-01
-2.172556393938041008e-01
-2.133097264343652988e-01
-2.208530567653994581e-01
-2.246809050149962683e-01
-2.245054748517834042e-01
-2.202601384933808859e-01
-2.229828288539184022e-01
-2.187005534514101512e-01
-2.244383037036006279e-01
-2.173513175907059169e-01
-2.158525990113526749e-01
-2.281572511346381393e-01
-2.228353454735856332e-01
-2.293829307945580709e-01
-2.240569707555528645e-01
-2.162246423470701728e-01
-2.197999688256335737e-01
-2.274547455377791128e-01
-2.221947612472344735e-01
-2.240927667440468785e-01
-2.253478442100125267e-01
-2.140855973428398284e-01
-2.144758062503794305e-01
-2.273840175391022012e-01
-2.190175139528174331e-01
-2.195771373364536760e-01
-2.217891690323874343e-01
-2.198765366053404557e-01
-2.213499403380753128e-01
-2.112863296682760961e-01
-2.219613845042749389e-01
-2.182904717333644662e-01
-2.142582549091005539e-01
-2.115119638480162934e-01
-2.280849280197476681e-01
-2.228640602658371606e-01
-2.184369213711185864e-01
-2.210334034140037929e-01
-2.132201529031521048e-01
-2.152127267583345827e-01
-2.163292096260560626e-01
-2.171953571450471188e-01
-2.211380075189390837e-01
-2.226807215322166300e-01
-2.126046698676491431e-01
-2.170539618339555332e-01
-2.126248859384549661e-01
-2.186001398056971468e-01
-2.088364031972123058e-01
-2.102396483938586691e-01
-2.143523533223308242e-01
-2.069678424838283792e-01
-2.221612997995991989e-01
-2.230383283600203548e-01
-2.168801959985096062e-01
-2.100235877448277666e-01
-2.199472837659128543e-01
-2.200457171079623908e-01
-2.254282813510759542e-01
-2.253136704029482518e-01
-2.175195782767311847e-01
-2.179425268761292500e-01
-2.237076814269767233e-01
-2.229036894419598180e-01
-2.217902099725520548e-01
-2.246271566458686308e-01
-2.181682302090304226e-01
-2.155668302170070660e-01
-2.199399734136429641e-01
-2.223243078139041096e-01
-2.202255295769953158e-01
-2.215452737609013290e-01
-2.271259694807419294e-01
-2.294734015093782276e-01
-2.279451781037731273e-01
-2.238095753818285516e-01
-2.225348585624322695e-01
-2.185651759235287539e-01
-2.210290737529754246e-01
-2.224877320011584558e-01
-2.262930231811877135e-01
-2.250064110563854136e-01
-2.274521031924693348e-01
-2.351896649578104626e-01
-2.297622918217143706e-01
-2.291980222386202914e-01
-2.264655755651854285e-01
-2.316799762932357787e-01
-2.230851355336129771e-01
-2.300513097765009007e-01
-2.273581062819012288e-01
-2.195122549904766629e-01
-2.142378036885448367e-01
-2.180829755318276497e-01
-2.174675977201809829e-01
-2.179305491410010731e-01
-2.202913793357268446e-01
-2.139577290432104206e-01
-2.258161429693377187e-01
-2.223728893592422651e-01
-2.090389544259405596e-01
-2.225171952591353808e-01
-2.223974232132475137e-01
-2.192611393714054557e-01
-2.182811475505124221e-01
-2.186083417371733617e-01
-2.250448530214281817e-01
-2.217263356712737554e-01
-2.234302432218013834e-01
-2.247812798293344905e-01
-2.195187785446401918e-01
-2.194178350841782255e-01
-2.184752813490353773e-01
-2.211586040548967347e-01
-2.224564994126829731e-01
-2.243599757677818829e-01
-2.227398355491105875e-01
-2.225086356776593277e-01
-2.202608100296314930e-01
-2.215884211235383816e-01
-2.173607753713069357e-01
-2.188256569335305102e-01
-2.174063186149730598e-01
-2.195717543782498282e-01
-2.177283118048505273e-01
-2.222199869878558331e-01
-2.191530808863451085e-01
-2.202372048430838447e-01
-2.244009227134746709e-01
-2.219060478758976274e-01
-2.256635385599210508e-01
-2.222688029039767699e-01
-2.246562525990229986e-01
-2.240877794810707258e-01
-2.235956092675639439e-01
-2.212868643247754008e-01
-2.135200113809316846e-01
-2.211379836319853354e-01
-2.237000087732567977e-01
-2.245426257675173787e-01
-2.271267560135044050e-01
-2.320343915201616980e-01
-2.290252819717055743e-01
-2.293044447681431564e-01
-2.306795680671132054e-01
-2.304863034600508342e-01
-2.275490232922230405e-01
-2.315876240741703285e-01
-2.316188110496932850e-01
-2.315264172592854663e-01
-2.322205379971209460e-01
-2.332767318085822161e-01
-2.356411663459323513e-01
-2.351881259162102999e-01
-2.340082646263255128e-01
-2.344206252865133067e-01
-2.342413395231561779e-01
-2.372281267345059952e-01
-2.419009439918760052e-01
-2.407415652219153657e-01
-2.380116847254898360e-01
-2.406290177300052235e-01
-2.359323478569312904e-01
-2.338943015601417930e-01
-2.341142179075055285e-01
-2.374275517436403860e-01
-2.380957231173537192e-01
-2.323668180710303233e-01
-2.377877018354165872e-01
-2.429843370938145897e-01
-2.416288229071658633e-01
-2.398184181582456720e-01
-2.416500075922119462e-01
-2.483882811069618168e-01
-2.453684199058751014e-01
-2.421518743494643910e-01
-2.441443369772208216e-01
-2.448782242057669922e-01
-2.439043261693272235e-01
-2.447182413564908399e-01
-2.465648333166980954e-01
-2.469135966363542600e-01
-2.458884435832828785e-01
-2.464714472912521437e-01
-2.552639313070246274e-01
-2.476920019364605707e-01
-2.491984532644386796e-01
-2.501920731313616031e-01
-2.517515844845110706e-01
-2.498432053606745029e-01
-2.505602829166563295e-01
-2.557335238383654508e-01
-2.526344571009864204e-01
-2.610603216347064937e-01
-2.564963963863455820e-01
-2.598953753179275017e-01
-2.586453892913996300e-01
-2.527535887452039276e-01
-2.524781822097501571e-01
-2.497377917963201632e-01
-2.539057507843405226e-01
-2.582988411125335393e-01
-2.639863554786026079e-01
-2.616911578392340232e-01
-2.614210340043028324e-01
-2.600061348590498866e-01
-2.592672500806045832e-01
-2.550359252549343481e-01
-2.555942514182190095e-01
-2.579655084741805382e-01
-2.572326070910158080e-01
-2.550833642750642838e-01
-2.514845698007022179e-01
-2.569435468598353367e-01
-2.571740049421693541e-01
-2.570816752952937989e-01
-2.586709364671451183e-01
-2.597383840469928984e-01
-2.721058836165282102e-01
-2.619037143617264363e-01
-2.653352380755551465e-01
-2.703796286309048114e-01
-2.694638544009042569e-01
-2.713674563517249894e-01
-2.681746089237684316e-01
-2.694183157746277146e-01
-2.686976728966907757e-01
-2.694486464980956342e-01
-2.648835943267595638e-01
-2.658823305477584498e-01
-2.642785361173594083e-01
-2.600271512571552535e-01
-2.569732516174845216e-01
-2.609569877427837525e-01
-2.608675003056948327e-01
-2.588299749468507827e-01
-2.622620038064518155e-01
-2.700173377999650626e-01
-2.693764336573547524e-01
-2.708860995511894743e-01
-2.641507428023501802e-01
-2.619351813024195508e-01
-2.599649502039884652e-01
-2.609919091950008152e-01
-2.610099085993571322e-01
-2.598055497621185594e-01
-2.626094619282302034e-01
-2.620955685574504201e-01
-2.556136953364411823e-01
-2.642942423431584587e-01
-2.681405390476712114e-01
-2.650877979310735100e-01
-2.617748816689093871e-01
-2.535549540873560659e-01
-2.561257409433252974e-01
-2.637727706578711917e-01
-2.648780405711015362e-01
-2.633743315735426194e-01
-2.675811228762334792e-01
-2.666163696686485451e-01
-2.653889036002627932e-01
-2.615687083595545914e-01
-2.623241700815022170e-01
-2.585582548854645779e-01
-2.591154251112897100e-01
-2.608114371440350965e-01
-2.606481284399180254e-01
-2.594712117986404110e-01
-2.672228724985021842e-01
-2.671827966670203836e-01
-2.655322224883693849e-01
-2.611493960523070257e-01
-2.676457494385378055e-01
-2.623943078925261574e-01
-2.605570440021427459e-01
-2.630622297398357290e-01
-2.646587850998187719e-01
-2.668967288711776575e-01
-2.685792442704837413e-01
-2.711653182748534618e-01
-2.676063976910452169e-01
-2.642765929040056250e-01
-2.618660785197430840e-01
-2.634216381485039449e-01
-2.649175598962827394e-01
-2.646530324757652153e-01
-2.648089963608981634e-01
-2.636565224253804018e-01
-2.660961462476354455e-01
-2.661840232563026376e-01
-2.633766862640065654e-01
-2.658726305395919809e-01
-2.647028812233180872e-01
-2.640784833025549005e-01
-2.657256050613323595e-01
-2.669971935263024676e-01
-2.661365136547146903e-01
-2.635523475125509663e-01
-2.665795023165387079e-01
-2.667907965241891333e-01
-2.656890744932329795e-01
-2.557340539083892139e-01
-2.538772704996503649e-01
-2.487313845731708994e-01
-2.558021150698568391e-01
-2.614647958094948876e-01
-2.632878530122528815e-01
-2.692386149909218318e-01
-2.665808291274522901e-01
-2.659346905132373706e-01
-2.692874110699623458e-01
-2.612049526408739553e-01
-2.613944230213238740e-01
-2.540612522912706339e-01
-2.573940687065743305e-01
-2.603361723432282560e-01
-2.578812572944126913e-01
-2.644995046008986606e-01
-2.665277039832680828e-01
-2.667374562089150913e-01
-2.660669644646809218e-01
-2.656210987904419341e-01
-2.609299854230791027e-01
-2.609234508048565715e-01
-2.626340847346657625e-01
-2.650407335307480849e-01
-2.648358423999237488e-01
-2.652248487011998890e-01
-2.677843572622737867e-01
-2.686085059032965461e-01
-2.691594128199881197e-01
-2.698398114461397768e-01
-2.694895976500362167e-01
-2.672981029090024663e-01
-2.700983535506438216e-01
-2.634631789037182870e-01
-2.673589091556962671e-01
-2.675127709185076696e-01
-2.655065830452763009e-01
-2.686955541254540947e-01
-2.682145800726782880e-01
-2.739405458066297427e-01
-2.655142586847585306e-01
-2.703437969654771678e-01
-2.692073878496117345e-01
-2.661481316013531995e-01
-2.652306717784362888e-01
-2.601236055908024980e-01
-2.634678510413284158e-01
-2.590578755358539098e-01
-2.595330704197582605e-01
-2.716481348235308957e-01
-2.725698249074302026e-01
-2.653976947079890181e-01
-2.617098478575208276e-01
-2.644945204023514407e-01
-2.627905591945207675e-01
-2.444468400319728119e-01
-2.567262367533764689e-01
-2.653345571932401725e-01
-2.618307128810677398e-01
-2.686061810040154541e-01
-2.630928497202855709e-01
-2.648827678657408313e-01
-2.662821293105679388e-01
-2.655942364068639705e-01
-2.668036085675655755e-01
-2.665188416288213347e-01
-2.669831215780007483e-01
-2.668414070065523447e-01
-2.642451469476316817e-01
-2.635733388824803569e-01
-2.640357849887653430e-01
-2.623051155227464903e-01
-2.640195486531791147e-01
-2.576325180825982386e-01
-2.594388401669771582e-01
-2.610889755731555795e-01
-2.539459433267516886e-01
-2.531082978426866248e-01
-2.559689793899329047e-01
-2.604371291321792015e-01
-2.582182066767035877e-01
-2.474553493136220084e-01
-2.539689131814846235e-01
-2.514934321761606029e-01
-2.544636272122140497e-01
-2.481864265304007944e-01
-2.497298738966158282e-01
-2.563950606632960927e-01
-2.568154718263162550e-01
-2.485114230495950594e-01
-2.501744625910422570e-01
-2.555821834037725893e-01
-2.543821227136398022e-01
-2.529897970342398494e-01
-2.528238795382131698e-01
-2.648949682186105825e-01
-2.621551942827009540e-01
-2.569385356422904110e-01
-2.563213061627029887e-01
-2.600052644952941527e-01
-2.570804229772720717e-01
-2.584092343036608064e-01
-2.588745322316388098e-01
-2.589706946210990068e-01
-2.541944648606824231e-01
-2.581369075801740465e-01
-2.580456659732623947e-01
-2.588698864964653623e-01
-2.589933743574328595e-01
-2.568478674613245971e-01
-2.562103433829157062e-01
-2.593789790874585499e-01
-2.558039694244111928e-01
-2.572407896759631996e-01
-2.572001840703159736e-01
-2.571081679335858183e-01
-2.511802673087024651e-01
-2.539804149547153500e-01
-2.551362262615484156e-01
-2.568047508557009806e-01
-2.580760767329861594e-01
-2.611243685413198179e-01
-2.560643820834473949e-01
-2.587243803332381908e-01
-2.634261928168775135e-01
-2.648013231243098176e-01
-2.654815047226497526e-01
-2.490246509628395444e-01
-2.620996321422364161e-01
-2.613979571480271602e-01
-2.701122217167255535e-01
-2.634331616991323344e-01
-2.577379704488134138e-01
-2.588213504875538362e-01
-2.570067424599358219e-01
-2.538633354769848083e-01
-2.535846162164210327e-01
-2.584756097386087248e-01
-2.589443739602597105e-01
-2.513931040269241635e-01
-2.676829221999152963e-01
-2.616387392279726498e-01
-2.441103307662899624e-01
-2.500326837565438609e-01
-2.519303452945820254e-01
-2.487997807403141692e-01
-2.520786156372762932e-01
-2.518694835200392390e-01
-2.549725742785309279e-01
-2.527575708402665100e-01
-2.508253831521516375e-01
-2.456282470351887071e-01
-2.501764728598461218e-01
-2.519530527847173573e-01
-2.527264551773731327e-01
-2.606767530120044363e-01
-2.567352092196464319e-01
-2.571518094959115430e-01
-2.653263980097833041e-01
-2.581626449505507459e-01
-2.452115151026328377e-01
-2.456892776929660016e-01
-2.545250418606359588e-01
-2.549201181740734512e-01
-2.504512378624781377e-01
-2.459143977469739895e-01
-2.496710443767107268e-01
-2.456331010299994677e-01
-2.427190954159050840e-01
-2.507823999345137889e-01
-2.495343021527121063e-01
-2.415536436717931612e-01
-2.475188585449324963e-01
-2.448322205329576673e-01
-2.382526674237580577e-01
-2.469991083983792413e-01
-2.445854702381359824e-01
-2.520362378223076072e-01
-2.454899779267266657e-01
-2.494696768122892927e-01
-2.533108443871643911e-01
-2.532065742792098395e-01
-2.552088070813536835e-01
-2.507686512115274713e-01
-2.509839023638189559e-01
-2.533081953566358457e-01
-2.485656132401858898e-01
-2.560075948890803144e-01
-2.470145832389512019e-01
-2.557825818897749848e-01
-2.538952694466154458e-01
-2.548498407126287280e-01
-2.470621684795268891e-01
-2.505804772193793717e-01
-2.549262197644723837e-01
-2.468243217642929199e-01
-2.470430428283998947e-01
-2.511974447199805671e-01
-2.525130235546204083e-01
-2.472205472723641995e-01
-2.499668914117848528e-01
-2.477263985977153915e-01
-2.467135447513866264e-01
-2.451027673393890716e-01
-2.442654867624730608e-01
-2.475145077930440696e-01
-2.414331455666169912e-01
-2.477652198708915066e-01
-2.488560758232405412e-01
-2.424940172839611385e-01
-2.414346176482711215e-01
-2.407517361760742602e-01
-2.435056741996017848e-01
-2.400458349195577767e-01
-2.367429783876140448e-01
-2.496946804282398347e-01
-2.441282581025445708e-01
-2.351115352128094749e-01
-2.317848451908073315e-01
-2.235615652801072883e-01
-2.205478396644491301e-01
-2.355373894955157255e-01
-2.429563927986433391e-01
-2.353780508905369828e-01
-2.257238701332524577e-01
-2.237840954844165786e-01
-2.256586849212869339e-01
-2.258511140065531109e-01
-2.319750226795087578e-01
-2.290437247774517182e-01
-2.222493846132058692e-01
-2.394039488392696313e-01
-2.342137616511799081e-01
-2.372451590719335535e-01
-2.346571187754031840e-01
-2.283587236122412989e-01
-2.376436229563054781e-01
-2.349873275095522018e-01
-2.344775071362139585e-01
-2.316099604952865931e-01
-2.302563497056491215e-01
-2.356013306934681140e-01
-2.331805357725000860e-01
-2.339087794023395617e-01
-2.254540879355415584e-01
-2.229955293719489973e-01
-2.245070643000959265e-01
-2.241527083734213832e-01
-2.253891811661414835e-01
-2.257282960032798158e-01
-2.159999101600558191e-01
-2.156453273202307841e-01
-2.220341472002980154e-01
-2.250791350343526176e-01
-2.170287733204556702e-01
-2.198609496990657775e-01
-2.126784938170405148e-01
-2.112274886378782135e-01
-2.112525589648504010e-01
-2.114999609749745879e-01
-2.138938691511063084e-01
-2.096769069497468330e-01
-2.180011160290198369e-01
-2.132028255461528854e-01
-2.145521300552832855e-01
-2.165728624968190630e-01
-2.147890103566498787e-01
-2.129233967013450801e-01
-2.179492170795462869e-01
-2.117347058222582845e-01
-2.118947280282448276e-01
-2.102782747949076825e-01
-2.073232219350136241e-01
-2.105851575062884784e-01
-2.114173194613084839e-01
-2.029958642449645190e-01
-2.073948169227959326e-01
-2.071284875183103669e-01
-2.033180651613468726e-01
-2.046256760603988312e-01
-2.102141002546371595e-01
-2.099383585090910387e-01
-2.110674243115875370e-01
-2.146717366375705538e-01
-2.232157473164946282e-01
-2.189495298506960452e-01
-2.164135615174060945e-01
-2.151420668474868236e-01
-2.161550099571813988e-01
-2.132229788199677678e-01
-2.118436135878969395e-01
-2.090225563303760303e-01
-2.068922887489557105e-01
-2.088555492307047068e-01
-2.065345871752146678e-01
-2.060049643789318985e-01
-2.034326403056161414e-01
-2.023048229091638506e-01
-2.032888871624605187e-01
-1.956092436206313678e-01
-1.920441898343474563e-01
-1.904224343334601777e-01
-1.900837897394875853e-01
-1.840735419559162978e-01
-1.899875024358990139e-01
-1.968334856824367485e-01
-1.923583548533527310e-01
-1.870927951628238439e-01
-1.963533460566151412e-01
-1.955056478896439742e-01
-1.963441964454779587e-01
-1.952551192432561145e-01
-1.925347485980291040e-01
-1.894117648224447059e-01
-1.952855828628807799e-01
-1.980535256559547985e-01
-1.934838560265407237e-01
-1.906254997898809700e-01
-1.897683843178934460e-01
-1.880979015136401422e-01
-1.880219913014595789e-01
-1.907945601347460496e-01
-1.915360216361188250e-01
-1.923093652769001238e-01
-1.902435436145752945e-01
-1.890454226938693694e-01
-1.994930075371579292e-01
-2.004830366375909279e-01
-1.993349764371270538e-01
-2.005718119087314122e-01
-1.971539326837277173e-01
-1.956581143117404054e-01
-1.929784729182264513e-01
-1.928950977242385179e-01
-1.934342268445430335e-01
-1.881049594279176063e-01
-1.904785072672394719e-01
-1.913463154015779821e-01
-1.905019362961404283e-01
-1.874793635272959946e-01
-1.861221772238748073e-01
-1.857006296177172722e-01
-1.850537889554404458e-01
-1.811516731644822187e-01
-1.816764576536469278e-01
-1.826043303304203391e-01
-1.839109842334982758e-01
-1.838819182349524795e-01
-1.892207911965639866e-01
-1.781291808909855057e-01
-1.784012648713013682e-01
-1.785016796985652299e-01
-1.809197146505998610e-01
-1.809064589675344337e-01
-1.820911836649419246e-01
-1.818345949168866937e-01
-1.808580108348494253e-01
-1.795271209602904428e-01
-1.768614614248511518e-01
-1.771247886711797559e-01
-1.788373179422598769e-01
-1.755468919957379192e-01
-1.747612151640269840e-01
-1.762303403676920288e-01
-1.775588563699069811e-01
-1.786989798425629994e-01
-1.820408435770703992e-01
-1.811919538932493801e-01
-1.803236670640822048e-01
-1.763691828995348487e-01
-1.792093932844558424e-01
-1.757185793869897594e-01
-1.779678155704738085e-01
-1.811329997422657101e-01
-1.823075430522744789e-01
-1.866018760567923485e-01
-1.860353380993273742e-01
-1.834770910446548164e-01
-1.868405152645258305e-01
-1.889444642073536684e-01
-1.878422665046168838e-01
-1.811826393609772268e-01
-1.843619653869916775e-01
-1.851948004187562447e-01
-1.885620574425104223e-01
-1.836092353172631420e-01
-1.910720404841770304e-01
-1.983192935048210259e-01
-2.016799175252801390e-01
-2.009825024176574715e-01
-1.982128658352895201e-01
-2.005802546450023982e-01
-2.060428071266438010e-01
-2.034826340364022101e-01
-2.098071857400105600e-01
-2.134910687467792556e-01
-2.114352548110431940e-01
-2.083824932610793823e-01
-2.116894842543821653e-01
-2.226510213174037744e-01
-2.254331134611300413e-01
-2.150818868372637027e-01
-2.171494240657256825e-01
-2.185479721311036627e-01
-2.208767600453702684e-01
-2.272899508168144678e-01
-2.322563513833726390e-01
-2.321856357303841989e-01
-2.306171876721503367e-01
-2.277076525773775728e-01
-2.311824634290715608e-01
-2.376439589411987185e-01
-2.424059821557591476e-01
-2.419779361578644483e-01
-2.394715397464430851e-01
-2.428637954795647147e-01
-2.520262154175050284e-01
-2.532906411318265327e-01
-2.600779237802655075e-01
-2.521383798285352640e-01
-2.549704681275883900e-01
-2.635893865971681294e-01
-2.676096653440360740e-01
-2.741214933354552130e-01
-2.746727944278166689e-01
-2.787049765025777504e-01
-2.785901952925868841e-01
-2.818252567033390221e-01
-2.823767872572435778e-01
-2.906937201878161403e-01
-2.924842863902963330e-01
-2.902167153971930702e-01
-2.942955268835181215e-01
-3.021173743283913637e-01
-3.058731080393197743e-01
-3.063291880333061101e-01
-3.065006625493911230e-01
-3.044048452175900366e-01
-3.107381824718356000e-01
-3.132587103640229742e-01
-3.202283565545229749e-01
-3.216760205557278596e-01
-3.224756024733341775e-01
-3.231227282873359030e-01
-3.247110404068465073e-01
-3.297417763399828061e-01
-3.312766845603327681e-01
-3.335510296831536436e-01
-3.348807303833289950e-01
-3.364850330147106661e-01
-3.403626650848163848e-01
-3.368288880242538141e-01
-3.496759485646308008e-01
-3.465023627701864228e-01
-3.471508638086806542e-01
-3.516332689377783538e-01
-3.499095711928656982e-01
-3.413805510957832468e-01
-3.467077909356088838e-01
-3.448275332638264246e-01
-3.416725490985061953e-01
-3.442495160789036390e-01
-3.474021839249097354e-01
-3.463602402123395763e-01
-3.410002593755443456e-01
-3.431689950734231331e-01
-3.440081384865827374e-01
-3.493204509101932587e-01
-3.290737923070370385e-01
-3.339598083715564769e-01
-3.367105491382780258e-01
-3.396163135084382390e-01
-3.425027664049604681e-01
-3.440307326926479448e-01
-3.479745349008549482e-01
-3.445028461634134231e-01
-3.443814713724098198e-01
-3.430991693632705619e-01
-3.431339570792992788e-01
-3.407359774426801380e-01
-3.440551970430298923e-01
-3.461450477588616792e-01
-3.448132617043988546e-01
-3.395758046580965583e-01
-3.391078421247328833e-01
-3.429082509632195297e-01
-3.338589409625338789e-01
-3.341493182457391242e-01
-3.278725214249131881e-01
-3.320577811491514097e-01
-3.348537719525239709e-01
-3.339278889020356189e-01
-3.362434689223023909e-01
-3.490183034896174874e-01
-3.427509171101341678e-01
-3.425180698206018448e-01
-3.402123917276380638e-01
-3.383935494012266787e-01
-3.371545386594179128e-01
-3.426665269107487255e-01
-3.416657848783462015e-01
-3.404773305932371485e-01
-3.422720418711886481e-01
-3.423864798337614701e-01
-3.433989941973325521e-01
-3.410769670297915113e-01
-3.375623724574938755e-01
-3.435203446497876456e-01
-3.376992070612612196e-01
-3.437626401590829772e-01
-3.455023846913229946e-01
-3.360905095579989066e-01
-3.311234582256101788e-01
-3.459852364602458152e-01
-3.467161187398435374e-01
-3.486898870801962147e-01
-3.327707567416826606e-01
-3.345803870203187813e-01
-3.367005942703880095e-01
-3.329190345353145730e-01
-3.404030945027312072e-01
-3.413161769231018994e-01
-3.384013330623676374e-01
-3.476685697635701899e-01
-3.437511362186129737e-01
-3.406771729974513718e-01
-3.367678783382630492e-01
-3.484222306508852895e-01
-3.369411769778465349e-01
-3.410502468951350785e-01
-3.372111272161455453e-01
-3.328666908839643668e-01
-3.330069242713111777e-01
-3.355654801978071866e-01
-3.353115255147729457e-01
-3.382183082632224114e-01
-3.359827314720043034e-01
-3.364396028717826503e-01
-3.387198031778844154e-01
-3.361431003366068815e-01
-3.447540638764325927e-01
-3.440081482576422545e-01
-3.437484256880392053e-01
-3.396714238534030983e-01
-3.356870376357701247e-01
-3.387812321525578430e-01
-3.435618849753627746e-01
-3.426697037888000175e-01
-3.359205378657050822e-01
-3.364735330573664918e-01
-3.423313022832288333e-01
-3.510181660274632742e-01
-3.411675810384321439e-01
-3.384412183244239758e-01
-3.371954265117087512e-01
-3.375525957734097915e-01
-3.391052746098282000e-01
-3.331548181310891588e-01
-3.366073135315527098e-01
-3.386343199088388545e-01
-3.401874167128502435e-01
-3.403571371461562300e-01
-3.398041255642736402e-01
-3.431795273609234975e-01
-3.422602890351735816e-01
-3.429410783201136681e-01
-3.403312404047404982e-01
-3.389978805180957622e-01
-3.408811646376985749e-01
-3.405814457845957044e-01
-3.389049401387849159e-01
-3.393667902654748936e-01
-3.358599450275105980e-01
-3.384622818477613926e-01
-3.398566676468437464e-01
-3.394717983903348113e-01
-3.392005960477426640e-01
-3.395812836166069992e-01
-3.435394378387699454e-01
-3.409188431279015497e-01
-3.389216596434985185e-01
-3.369462081811418486e-01
-3.374900420695454706e-01
-3.371462321397444839e-01
-3.363999203469056898e-01
-3.292915775767246700e-01
-3.426867680380500936e-01
-3.413715630584199801e-01
-3.412873265546574331e-01
-3.349099380529683145e-01
-3.372968949977650510e-01
-3.346315532196255660e-01
-3.406633269546244236e-01
-3.447871939896298699e-01
-3.410833423263324171e-01
-3.432007793165396947e-01
-3.383374027901240311e-01
-3.411712320233277751e-01
-3.425325048583669485e-01
-3.341535768746153323e-01
-3.323446540375698532e-01
-3.300167742645294666e-01
-3.336650601865240873e-01
-3.350420841247663262e-01
-3.352514760670404215e-01
-3.377130416664311241e-01
-3.310970206073573507e-01
-3.348749195723752514e-01
-3.358108248158853115e-01
-3.380513848855377645e-01
-3.372541894825680231e-01
-3.354890339821006151e-01
-3.409430184858885937e-01
-3.326964479657337215e-01
-3.318679286897610048e-01
-3.342873491867388580e-01
-3.334457578216634133e-01
-3.332829891357675933e-01
-3.312761521402785014e-01
-3.319714115158847179e-01
-3.283541707402757304e-01
-3.303036661360092552e-01
-3.319821361693331419e-01
-3.323875241040639139e-01
-3.336472537942656302e-01
-3.291831899603652190e-01
-3.318445161542031840e-01
-3.288308063476139687e-01
-3.358915069968650968e-01
-3.336952402601105483e-01
-3.272585467868598386e-01
-3.255591221567599725e-01
-3.290257035933388252e-01
-3.324802398058750441e-01
-3.331924483995019060e-01
-3.319963497574835998e-01
-3.276756307492059150e-01
-3.290286933479906750e-01
-3.279221774760081587e-01
-3.233458357005276618e-01
-3.251996513720358806e-01
-3.291939473537155436e-01
-3.330169518433843123e-01
-3.300483601348567220e-01
-3.274661986977380757e-01
-3.279199262784366908e-01
-3.302884275537492087e-01
-3.300454361306073281e-01
-3.212826034876403725e-01
-3.235202521372428919e-01
-3.250697634648229695e-01
-3.256317276865039467e-01
-3.229475214917032488e-01
-3.207919994886574422e-01
-3.292888474951336519e-01
-3.270821117332305406e-01
-3.226165899576889373e-01
-3.144593729440581242e-01
-3.171743789927159440e-01
-3.272249064348500269e-01
-3.283772484251104018e-01
-3.304720033603416596e-01
-3.329778866181323238e-01
-3.277182183711806474e-01
-3.247490756794286781e-01
-3.151872284531975765e-01
-3.121229815998578516e-01
-3.204104906196167946e-01
-3.245840817187639615e-01
-3.298722493339818485e-01
-3.285012255370007850e-01
-3.247888734686741330e-01
-3.252426709369871105e-01
-3.226966394396519888e-01
-3.229865416508799214e-01
-3.214563790509963326e-01
-3.219244340997668985e-01
-3.216939147550430533e-01
-3.222661253030025819e-01
-3.324900315692635999e-01
-3.237596561893205660e-01
-3.227691092860816013e-01
-3.211025260629023492e-01
-3.204943320136219853e-01
-3.246703752318023106e-01
-3.241343610425069244e-01
-3.247517585504091642e-01
-3.197324643477195139e-01
-3.233819803974204987e-01
-3.183716801559324239e-01
-3.160336488279256173e-01
-3.161252043196620676e-01
-3.228520678282258416e-01
-3.167832386390792010e-01
-3.158444063997594142e-01
-3.148216345488608070e-01
-3.138641143804550282e-01
-3.123292207235124351e-01
-3.114995770528983243e-01
-3.080640329769988028e-01
-3.087878922432638618e-01
-3.061247472998340768e-01
-3.088843350057857151e-01
-3.153730799997171985e-01
-3.138791052980929308e-01
-3.054670256043463539e-01
-3.074915905771655744e-01
-3.077687737176377780e-01
-3.085501142606457137e-01
-3.079774771661973887e-01
-3.070282606237428880e-01
-3.045075603141018661e-01
-3.014635647908772143e-01
-3.040689148904087702e-01
-3.036720493847360203e-01
-3.112079429285055099e-01
-3.140392751108835867e-01
-3.085797298612336093e-01
-3.028409605091404444e-01
-2.994492910773800531e-01
-3.025125613079255871e-01
-3.030874851360119138e-01
-2.975068812043586419e-01
-2.950526107281881139e-01
-2.922068167516878034e-01
-2.945927117486943914e-01
-2.942307609670313795e-01
-2.905156849275414288e-01
-2.939061903954911514e-01
-2.958336790304763042e-01
-2.979460652204348747e-01
-2.978581145845771161e-01
-2.972343711631495466e-01
-2.950450873146608366e-01
-2.949651783176134856e-01
-2.950638350966441337e-01
-2.883141147005137128e-01
-2.877665706707164262e-01
-2.912623871173005696e-01
-2.867033094067323873e-01
-2.908361489794453192e-01
-2.891896768788333461e-01
-2.886208003568011549e-01
-2.873831731741001150e-01
-2.882553943078454139e-01
-2.900543800760910784e-01
-2.910989714701637254e-01
