1.405467114510744686e+00
1.716269984844236651e+00
1.502382540040329006e+00
1.443861782166969254e+00
1.529281792503291548e+00
1.500792682794990451e+00
1.249741622984089195e+00
1.194965193909985457e+00
1.263813008438459340e+00
1.165644905389503494e+00
1.055948793239476435e+00
1.163137894575414499e+00
1.323676312898456775e+00
1.228374989514149584e+00
1.163974094950030569e+00
1.006364627575548232e+00
8.100845989351221910e-01
6.850458383264168560e-01
7.551303811068362792e-01
5.656523423932454664e-01
7.876698537352739837e-01
9.248139006812997609e-01
9.484446368519839909e-01
8.896839375539281614e-01
8.797835244445736391e-01
7.860042162751617045e-01
6.218438102001851986e-01
8.063358977671959416e-01
5.994714737558005657e-01
3.662061283998447880e-01
5.305154414584739575e-01
4.892213838643338919e-01
2.693859697931843544e-01
2.680228557732934336e-01
1.422099876305575328e-01
7.727184993307688321e-02
1.286758024507429210e-01
2.822444092643355829e-01
3.342007935880305092e-01
4.722286899556588646e-01
3.964586366328426981e-01
3.119126803615320798e-01
3.662655854798789745e-01
3.214870168745334045e-01
3.137300888841263458e-01
1.585627531737417162e-01
6.762025634490798076e-02
-5.626689215817479162e-02
-5.961578700328470232e-02
-2.024990588530162228e-01
-2.548278737335947230e-01
-3.768880569939456748e-01
-2.113736064237068946e-01
-2.821206472209480398e-01
-2.354448143682913441e-01
-2.345306737511927697e-01
-2.918365685455881486e-01
-3.836831236604150708e-01
-4.156368057531775739e-01
-4.511454774572630222e-01
-6.047476024828885022e-01
-5.233613503516154619e-01
-7.582704268309377049e-01
-7.993015528077457299e-01
-9.226781634193833570e-01
-7.583988239672280196e-01
-6.862887182960661914e-01
-7.517676107783896056e-01
-8.137019457052070415e-01
-8.477807088754067966e-01
-8.502493441716411082e-01
-7.701063226228146430e-01
-8.375892539281105664e-01
-7.594372602690369067e-01
-7.675393909410469506e-01
-7.906352866613918229e-01
-6.195210286903666264e-01
-5.817937631453889979e-01
-6.159684059432746217e-01
-6.735775715915228723e-01
-5.205403487944949559e-01
-3.915778134018023660e-01
-4.618497156661567349e-01
-2.642850123265078066e-01
-4.037728284081603669e-01
-4.565156424915703948e-01
-4.422715140899398656e-01
-3.171067647012643653e-01
-1.611651872808910202e-01
-3.591538729428412902e-01
-3.829664798484079813e-01
-4.835895956646159566e-01
-3.599151231364905446e-01
-4.793841125838632089e-01
-5.478026566283562548e-01
-6.058203821713481485e-01
-9.202715293073858716e-01
-1.347379386345907593e+00
-1.380240280670364639e+00
-1.447805108350287639e+00
-1.447561483774425950e+00
-1.608419175825054559e+00
-1.782287582109390200e+00
-1.905149147789603203e+00
-1.897377828272293954e+00
-2.115646646518555940e+00
-2.157862486125498247e+00
-2.304575258488950507e+00
-2.611993737292527040e+00
-2.497876678723523813e+00
-2.677975116793422927e+00
-2.690105238256933262e+00
-2.717795969411446855e+00
-2.647868259184015471e+00
-2.893996455542909629e+00
-3.087388873617244123e+00
-3.215954020222948184e+00
-3.041346828239286815e+00
-3.072285279580165174e+00
-3.356659331095094512e+00
-3.339364339366566625e+00
-3.462740371927236271e+00
-3.421833910650738719e+00
-3.495697072170459219e+00
-3.621768362499617755e+00
-3.777297301066998347e+00
-3.938563736615239730e+00
-3.982583292390836860e+00
-3.990577587245692559e+00
-3.996486978897895614e+00
-4.166800490464985351e+00
-4.167409421113537071e+00
-4.162900406952790178e+00
-4.313728347755541925e+00
-4.398676200390490010e+00
-4.436952198280940785e+00
-4.657716960852052779e+00
-4.777574130871229841e+00
-5.043453073549574839e+00
-4.975939399433319643e+00
-5.121984959898443712e+00
-5.156292943152673836e+00
-5.286029142810308556e+00
-5.269124202636273679e+00
-5.259773241340791827e+00
-5.190576582722468579e+00
-5.394009913940046808e+00
-5.541263469517557994e+00
-5.498434776433408722e+00
-5.611388560701794148e+00
-5.716605765286853824e+00
-5.819569219768475854e+00
-5.939436743736259849e+00
-5.871913921741667153e+00
-5.837398429475603834e+00
-5.738915496992207821e+00
-5.970463137027585354e+00
-6.070717178410514947e+00
-6.058980203416483690e+00
-5.964283860534099979e+00
-6.024977739263225551e+00
-5.949031825204125212e+00
-5.942150706856984321e+00
-6.114931017020804660e+00
-6.295581224227031925e+00
-6.369616607716218404e+00
-6.402934055481028786e+00
-6.373901795390282565e+00
-6.310161510700768694e+00
-6.217450182115705992e+00
-6.216492747866463553e+00
-6.104727605504343124e+00
-6.083264429106018945e+00
-5.946551094662043013e+00
-5.846099826149639078e+00
-5.800843267817669791e+00
-5.738581239487754004e+00
-5.704918386673979214e+00
-5.649766558785533910e+00
-5.582633293897363735e+00
-5.406979261237009560e+00
-5.126032760279793266e+00
-4.898509605304891323e+00
-4.522867821253992560e+00
-4.035864473771758831e+00
-3.760022191894645704e+00
-3.661849216830513232e+00
-3.375723448366762192e+00
-3.002980048232631205e+00
-2.658454790736986428e+00
-2.295422274494098858e+00
-2.430476905933642850e+00
-2.563138900882809157e+00
-2.279184402642745244e+00
-2.325540537639700478e+00
-2.520629599923971842e+00
-2.311112063429988872e+00
-2.253855593970089277e+00
-2.296165987941362285e+00
-2.324047620331565867e+00
-2.300383135100287912e+00
-2.106097417465721655e+00
-2.051792794625940886e+00
-1.952700291079463746e+00
-2.033721469312308461e+00
-2.016895114763731733e+00
-1.816505455082396914e+00
-1.803512747780460224e+00
-1.626661887465947309e+00
-1.725682337734019134e+00
-1.841912915178579357e+00
-1.691135814294613793e+00
-1.484223781024717859e+00
-1.549779274325971512e+00
-1.580771694657165494e+00
-1.710550861569420045e+00
-1.597767992479083965e+00
-1.628896832140509066e+00
-1.516042536987954437e+00
-1.489172142517696917e+00
-1.315080122453349709e+00
-1.480655077273550058e+00
-1.415607765101108972e+00
-1.318851960877354124e+00
-1.171197484386644838e+00
-1.279909597413367406e+00
-1.250070795775289012e+00
-1.178116481756433576e+00
-1.142144445909686556e+00
-1.099376329849263811e+00
-1.180637729311795336e+00
-1.112930592174933953e+00
-9.970865846095010587e-01
-1.038851970840819039e+00
-1.064120379465222754e+00
-8.237763213587778743e-01
-8.247877724464911520e-01
-7.943543556924178572e-01
-8.340085465632479655e-01
-8.353779881013390085e-01
-8.022400586414872858e-01
-6.517940182175147035e-01
-8.194977091249862067e-01
-7.327522003658430982e-01
-7.005234696896162072e-01
-7.560004227587953096e-01
-7.437930336703497680e-01
-7.038091034339976071e-01
-6.654692399127407620e-01
-5.925303296044945878e-01
-6.172879169502866192e-01
-5.326843250697503862e-01
-5.652689240882712296e-01
-5.190924676466285304e-01
-5.513350852553746684e-01
-3.567178572089987343e-01
-3.396705087002577228e-01
-1.940343047846070090e-01
-1.582247548134737836e-01
-2.029155005544131807e-01
-2.759427065220538267e-01
-1.461912126427563630e-01
-1.170149946323670864e-01
-1.020370177126227046e-01
9.214750242647240693e-04
-1.103676849035899014e-02
7.319816843020023056e-02
8.593211289245984708e-02
7.719842624643075135e-02
4.901647713851507715e-02
6.233829264634693779e-02
6.746712784623992709e-02
-2.471701795487844192e-03
1.572605332509476317e-01
2.484275643754017271e-01
2.204989771390497566e-01
3.251191866400753860e-01
3.362050621340134104e-01
3.540077487762647857e-01
3.822489837706680715e-01
3.272328557768737767e-01
3.003683283293857587e-01
4.333140589064299331e-01
3.784894609340719862e-01
5.180516228246657695e-01
5.177943414208242556e-01
4.980542483965548772e-01
4.431532067562622412e-01
4.877364006660276918e-01
5.066647020999452966e-01
4.925966824323649296e-01
6.134576240072966424e-01
6.778732236000863942e-01
5.915169822487610363e-01
5.574459352274688806e-01
5.498559130080293844e-01
6.522920021831517534e-01
6.330462197489484799e-01
6.139360984532049592e-01
7.175002796029656960e-01
7.140710280209887628e-01
7.361860986117120254e-01
7.378499059092257228e-01
7.240446053480644739e-01
7.893170732135574852e-01
8.136116082015170115e-01
7.521609277110711256e-01
7.717222244540467013e-01
7.919631282748339496e-01
8.441453380475257839e-01
9.032962248159331908e-01
9.577920425152142148e-01
9.580434199654371819e-01
9.670339334056955449e-01
9.392722132095845389e-01
9.138719295117425645e-01
9.096892669892903127e-01
8.971186770973922364e-01
1.014639854989805023e+00
9.679224088608877619e-01
9.436209944676376971e-01
9.782695372503815712e-01
9.394105274848354448e-01
1.019496012516896144e+00
9.212610924433464188e-01
9.383663626567488869e-01
9.111857465909984910e-01
8.985158610924735001e-01
8.805271347332941367e-01
8.812648315585823733e-01
8.533326135604808460e-01
7.292513890009134636e-01
8.237151855229170039e-01
8.724928782784995285e-01
7.769074640797222209e-01
6.832317877371636428e-01
6.419468227849447484e-01
5.474590080646120072e-01
5.178450406436652109e-01
3.944549833334834443e-01
5.099849831395951716e-01
5.242874092995124524e-01
4.332311427425656891e-01
3.622796294765262548e-01
4.833422015911452707e-01
4.720122684944197955e-01
3.973273143155611198e-01
4.810774845552013845e-01
5.316992240704456751e-01
4.984041415302071787e-01
4.533142852436281012e-01
5.410197271179852940e-01
4.417150038276320134e-01
4.733917876491151588e-01
3.823620500704916769e-01
3.566098352824894624e-01
4.655173093936659234e-01
4.866647640152108045e-01
5.244514029427064239e-01
5.617280741579515624e-01
5.069366420474361590e-01
5.409122780249749907e-01
4.791156159577757423e-01
4.250710543266620345e-01
3.455369516450404466e-01
3.345526653606918366e-01
1.628828633475732923e-01
1.146165682723722240e-01
2.360943562766367187e-01
3.031542280925958455e-01
3.371766825760258990e-01
3.386489217864814827e-01
3.355883855152270168e-01
2.700255504368789805e-01
2.171805316799343410e-01
2.027425767887023056e-01
2.089298275571082331e-01
2.729769308044867615e-01
3.072289590441815710e-01
3.263594514625961507e-01
3.829849761137605335e-01
3.362910998221103065e-01
2.584128238960409774e-01
9.181868784166405395e-02
2.475973073603499053e-01
2.182999158534355000e-01
2.951760351017876927e-01
2.220591703845653797e-01
2.967380229593172825e-01
2.565397483948078095e-01
1.307677662234011384e-01
2.091026660527653680e-01
2.271614633441144948e-01
1.872899460837001151e-01
9.655709716410232346e-02
3.982761033861290101e-02
-1.039273701520029569e-01
-3.979678796427792431e-01
-2.070572267943640299e-01
-1.589342311612886305e-01
-1.661730968801322372e-01
-3.923461774070498287e-02
1.075870034210143177e-02
-2.028305906641082734e-02
1.147416750590647960e-01
7.786680057657349718e-02
3.167578499114573343e-02
1.368596283517679868e-01
9.338322135412860381e-02
1.131702729923879658e-01
4.461065196632221092e-02
1.445268750014540859e-01
6.516025019529096685e-02
9.753989174379501526e-02
9.363134762959889057e-02
3.495783221422704007e-02
3.939530507421421662e-02
3.351446611170865592e-02
6.485647931457667881e-02
9.272973652061528016e-02
1.431017525861760231e-01
2.417184393837680870e-02
4.687139212470355087e-02
7.269845671574515222e-02
8.416091848084585048e-02
1.758131106184691872e-01
1.125771151964664457e-01
2.133805886197332746e-01
-1.245479751780146152e-02
6.479531937004358397e-04
6.105759300063340334e-02
5.045201623742300891e-03
-9.167301400826730062e-02
-2.543196730649919038e-02
-2.048356489883648712e-03
2.024240303355623327e-02
3.714245679826352897e-03
1.840653680958280469e-02
1.589208661678999102e-01
2.440237600204037127e-04
3.422745578189247129e-02
-7.276741895075088118e-02
-1.486763500427099038e-01
-1.522402848222511595e-01
-9.053797055818679773e-02
-1.639711720077499657e-01
2.349234074040089382e-02
-8.042253859896765500e-02
2.673900833790239517e-02
-1.070493726639716071e-02
1.402961439496117346e-01
-1.750020623702552153e-02
1.140925278362590611e-01
1.978119317859036164e-01
1.825038086941034310e-01
6.048572532804093876e-02
1.724565636009930125e-01
1.639768783248939377e-01
8.540373971673925757e-02
-9.818451617349501989e-03
2.538350793122791382e-02
1.479715855706763006e-01
2.699829628635597722e-01
1.354893944373860570e-01
3.739034074703302957e-01
3.930091643203315610e-01
3.012654675718653419e-01
2.379227910059297235e-01
1.531773737285803128e-01
6.112074567565704830e-02
4.504280148280277035e-02
1.013234660128357195e-01
1.601152592371060390e-01
3.389233190793023431e-01
1.917575387495294437e-01
2.019292628223254560e-01
2.284407727528925680e-01
8.759161094367491629e-02
1.487145661035605970e-01
6.214728151059877026e-02
2.190009953752594662e-01
1.686046748797902506e-01
2.602389965029353602e-01
-2.034992439948762541e-02
1.553487274631887849e-01
3.562644622602670341e-02
1.448566218965526842e-01
1.115683920795727258e-01
2.916107629444342209e-01
2.415047746038902488e-01
2.230745996533272379e-01
2.589778139482300512e-01
2.782517687178572841e-01
3.573948739765467342e-01
1.796802352240750578e-01
2.013492418739264156e-01
2.133921644690172092e-01
1.775538979436852016e-01
2.156348651454211840e-01
1.637788628336300789e-01
3.268720253778570339e-01
1.498076892050705933e-01
2.658500063179659589e-01
2.902153246546467780e-01
2.342566471930866145e-01
1.484207119253402318e-01
1.245235661178377071e-02
1.147636473931159251e-01
1.128723367030630698e-01
2.569562016497227153e-01
2.156018691996947068e-01
3.016734232620379430e-01
2.889912017604745476e-01
2.760273277757431809e-01
2.845018581950008452e-01
2.111402123850065482e-01
1.402905695900686922e-01
2.192033016795848777e-01
1.231138519086088512e-01
1.818827239946924079e-01
1.725486149561702154e-01
1.333738209956426279e-01
1.779490342583903706e-01
1.312531797786252452e-01
2.734135332260453355e-01
1.806730683069143750e-01
3.140579584172428218e-01
3.600822336731774320e-01
3.875874171441665017e-01
4.145486032729677195e-01
3.096636645021784706e-01
4.695630409888609247e-01
5.293477706995242116e-01
4.162600050996846379e-01
2.727672039496972234e-01
3.838013399047175422e-01
2.069800703879917103e-01
1.910284341644416239e-01
2.553667794898742405e-01
-2.479291227397265301e-03
3.054006705375946970e-02
2.634421445290167571e-02
-9.395183550529750960e-02
8.441936689981895114e-03
9.872216140090912806e-02
2.057925067007058684e-01
2.109672514908323415e-01
1.155758101029440987e-01
5.745116718654894039e-02
5.531848748756196255e-02
6.893369443039992772e-02
5.138237460767314940e-02
7.107499552898145778e-02
1.169186126119150515e-01
8.932604906821202395e-02
2.161695006465039759e-01
5.837939612043422516e-02
1.301659786117239370e-01
1.513953804911423971e-02
-6.600106900741870009e-02
-8.631709980219733069e-03
-1.287161144986985750e-01
-9.978758039829301041e-02
-1.395707858675381274e-01
-1.979634504090628799e-01
-2.190623776506380738e-01
-1.408948950012479939e-01
-1.903442687610258366e-01
-1.555152532848002589e-01
-1.396334329192321089e-01
-2.097589575180647814e-01
-5.039172980717205458e-02
-1.133354628046898127e-01
-2.415067760508793869e-03
-9.102185472035392855e-02
-1.881495998552641935e-01
-1.028759381509348758e-01
-9.180157844131673836e-03
-1.356439975365257289e-01
-2.463868969120174002e-02
-8.053778258516556404e-03
-1.396811080920788879e-02
-5.583665292068487607e-02
-6.618166975597082613e-02
-1.179920608805265503e-01
-4.275904836514386916e-03
-3.605064009485078186e-02
-1.382703973569434919e-01
-2.573909728027708455e-01
-1.498777326462819026e-01
-7.348476441250784141e-02
-1.370769507648412211e-01
-1.339320080431244744e-02
-8.993538006509710359e-02
-4.424178443817462780e-02
-6.391848489283408208e-02
-3.893185675281093244e-02
-4.037547114459259616e-03
3.698169685301312681e-02
-2.855842227000076061e-01
-2.799236020743338660e-01
-2.348368147357932922e-01
-2.669664640152590307e-01
-3.400788827262861691e-01
-3.497324142275044512e-01
-2.047616806426474367e-01
-3.819870594987750945e-01
-2.896801906055231912e-01
-3.822554544875048088e-01
-3.486857620312118211e-01
-3.132779136088472138e-01
-3.090513928285342771e-01
-3.902193520066531973e-01
-2.454178014846749578e-01
-4.858830468496340704e-01
-3.980349691856429062e-01
-2.365696898159812822e-01
-3.335803475756683456e-01
-4.154890284636276188e-01
-3.078043780158030152e-01
-3.864785025894719173e-01
-3.181869885046867963e-01
-3.282587861587437650e-01
-1.085382427571970482e-01
-2.034240989297952662e-01
-1.953182845415554203e-01
-2.264092281628487802e-01
-2.573088428967241770e-01
-3.415012903318188631e-01
-4.001831127317526104e-01
-5.236623128795092619e-01
-4.032880249126993277e-01
-3.876273869681988726e-01
-5.422645373673696811e-01
-5.996779206460458589e-01
-5.149316681717905908e-01
-5.348036952254276999e-01
-5.281586612249521417e-01
-4.933547567699354541e-01
-6.309744095584529644e-01
-6.553503688682738026e-01
-6.640306588497870699e-01
-6.788623955788224418e-01
-5.510982329104706645e-01
-5.018609926892482198e-01
-4.924280798510063395e-01
-3.060739613766678691e-01
-3.289337876735758948e-01
-3.366553983495758073e-01
-4.265310268664515569e-01
-4.723233338857757979e-01
-4.192879617081101684e-01
-4.846915120585413295e-01
-4.487578270373367983e-01
-5.071520645359895996e-01
-5.955342158906081762e-01
-4.430815698286454940e-01
-5.745460088869428494e-01
-4.603246176355805797e-01
-4.299191067094191299e-01
-3.582362989583198210e-01
-5.091713122506480449e-01
-3.591722898029204858e-01
-2.730090708965964286e-01
-4.523437083823164118e-01
-4.276800574833721225e-01
-3.540032350152938490e-01
-3.634703744687609039e-01
-2.999947381511709477e-01
-3.943280589358331700e-01
-4.254284847842895179e-01
-4.387201383801780374e-01
-3.678383519572661076e-01
-3.445380138966520067e-01
-4.391973833050928366e-01
-3.575662632589108325e-01
-2.779177126746846249e-01
-3.593763362587909516e-01
-3.486895308386097625e-01
-4.149379828333329412e-01
-3.548229681568088600e-01
-4.244052738377907530e-01
-3.892781854755842375e-01
-4.982205999808480001e-01
-6.686657705741940738e-01
-6.980401404748045602e-01
-6.239938501668942372e-01
-6.069182765555770631e-01
-5.986848219174472074e-01
-6.130441507859569761e-01
-4.973907125766909298e-01
-6.056586513337580691e-01
-6.383419687586893154e-01
-7.000438273813256451e-01
-5.424158350946588492e-01
-7.405050247395359442e-01
-7.224015366851984643e-01
-5.053003662494828241e-01
-5.569155500368668799e-01
-5.683127186284916421e-01
-5.399059039604708898e-01
-6.874702431309428485e-01
-5.967609761421053260e-01
-4.286758566750513699e-01
-4.587568128845316839e-01
-5.787874710991974814e-01
-4.271478862209130423e-01
-6.948436052734289214e-01
-7.370446560801927616e-01
-7.861105335692696316e-01
-6.206548395322702971e-01
-5.646049866330843381e-01
-8.471647944475532155e-01
-7.625587646075323578e-01
-6.060667626665476870e-01
-6.963252489392683930e-01
-6.876754006386526230e-01
-5.579345651309238763e-01
-6.661563034395958649e-01
-6.311987568155681405e-01
-6.493447404224702568e-01
-5.122126944287331840e-01
-4.095365442681789814e-01
-4.866632553371059711e-01
-5.175857131602403793e-01
-3.381065070883510493e-01
-4.704056434811917931e-01
-3.660075300954636623e-01
-4.050021540777089535e-01
-4.113396485826271154e-01
-3.893742582013162701e-01
-2.828762725673861778e-01
-4.466095694902548208e-01
-4.164939285582131556e-01
-4.599684320422306461e-01
-3.794711973977346053e-01
-6.534867976066376372e-01
-4.598998578753741295e-01
-2.794017365268553488e-01
-3.713380640757200646e-01
-4.176930388394412552e-01
-4.864383029937005554e-01
-2.801985574635998399e-01
-2.835653367098728284e-01
-3.730850360454195380e-01
-4.550716308535371346e-01
-3.764465962718416825e-01
-3.771747405079844406e-01
-5.319057044710580051e-01
-3.664691042748884353e-01
-4.666467760525214170e-01
-3.205765090120908933e-01
-2.345287630518169686e-01
-2.594586448319756711e-01
-6.567381745998433773e-02
-4.650073742090264639e-02
-2.999634982030449093e-01
-9.214568542691464748e-02
-1.629964780067313102e-01
-1.735486436967147439e-01
-3.099283046790745066e-01
-3.075948032238029484e-01
-4.090688700311940762e-01
-3.855403942660124983e-01
-2.706447313548995814e-01
-2.336423597864988322e-01
-1.834708077046930952e-01
4.423584137680550837e-02
8.673893800565188328e-02
-1.444560474795511876e-02
-7.757846457135461615e-02
-1.706359258900173315e-01
-2.585405907384103474e-01
-1.276332294879958529e-01
-1.731336825839452365e-01
-2.042236253402692492e-01
-2.946452209151921228e-02
1.426052971449749407e-01
1.262918749135293894e-01
1.815058400640352509e-01
4.991428618466030587e-01
1.983359059783890155e-01
4.105154042957666061e-01
3.704900696061638188e-01
3.843898111273729157e-01
4.201981233102899393e-01
2.609084425576353450e-01
4.069110331664902991e-01
6.040153812320540050e-01
3.371934785947723889e-01
1.893936796982854387e-01
2.758597706999765808e-01
1.956834541513882142e-01
3.197728639930753902e-02
8.228927552219002239e-02
-1.665338946721024380e-02
-4.453642458521311909e-02
-2.005624852072213360e-01
-1.512095013420153289e-02
-7.280418932040549906e-02
1.836609898111074210e-02
1.244663646468834213e-02
-2.910354586062388269e-02
-1.206288187570267040e-01
-1.029197952671855876e-01
-6.422916828882721529e-02
-2.738455907168487191e-01
-3.235127716995239711e-01
-3.152252788663723049e-01
-2.077641894307332704e-01
-3.599971283585559623e-01
-4.230072095056194859e-02
-1.431575667269208707e-01
-1.838255846810471772e-01
-4.853469513861611434e-02
1.209032161606966027e-01
1.354049541192894612e-01
-1.803723393470268166e-01
-1.754326220958895427e-02
-6.352671444075569385e-02
-6.769139268711385493e-02
-1.679994055982098056e-01
-1.073399368429229367e-01
-1.921300253146919490e-01
-4.687274967847122609e-01
-4.759526254624499297e-01
-4.138055072055603079e-01
-5.087686945367987379e-01
-4.113898643693856272e-01
-4.294440308292372110e-01
-5.257063194057305378e-01
-4.520313692668935790e-01
-5.800442913386203436e-01
-5.806956411042085708e-01
-3.928384632622964334e-01
-6.585785512888259197e-01
-5.072137259727712566e-01
-5.951116295699798719e-01
-4.535653516827813925e-01
-4.860737137378315920e-01
-6.124931741947593489e-01
-4.612557927073597241e-01
-6.206368601456943024e-01
-6.304217614914288115e-01
-7.046718508415070747e-01
-7.897573427694619674e-01
-1.009100537776895568e+00
-7.913125399159300910e-01
-8.667281665505328636e-01
-7.583710106204043511e-01
-8.384903104000109852e-01
-1.163515186041121474e+00
-1.032596497474723263e+00
-9.439775990326574329e-01
-9.458701167284614408e-01
-1.221431045043535724e+00
-9.668538324933678707e-01
-8.801040073031891620e-01
-8.275397013375367372e-01
-8.739246324821658973e-01
-9.615892875367606507e-01
-8.101639732757527357e-01
-7.574022750746995936e-01
-6.567661225420547977e-01
-7.948280123194167990e-01
-7.073514768257771479e-01
-6.417781429116549141e-01
-7.129514747382253992e-01
-7.257834492940232751e-01
-8.587985409933667214e-01
-9.346624410929993410e-01
-1.069204314974694148e+00
-1.051782789844612154e+00
-1.063058457733817797e+00
-9.473088300829091146e-01
-1.144008299735653544e+00
-8.088559225288072252e-01
-8.529669838227397216e-01
-7.189409255983866265e-01
-7.159182942140355221e-01
-7.732921199397155831e-01
-7.497462520156799037e-01
-9.093828252460482986e-01
-1.081810142576367317e+00
-1.064521605671799875e+00
-8.406243168090048457e-01
-1.011542196131665960e+00
-1.032252180524797502e+00
-9.523480574451157477e-01
-1.015632501419855060e+00
-1.081903450347430740e+00
-1.018908159958142212e+00
-1.058708671921283928e+00
-1.025822505991475841e+00
-8.548239263446064662e-01
-9.225240744540648130e-01
-8.804148878443749382e-01
-8.345322337078910913e-01
-8.474837644078276888e-01
-9.158910562408268952e-01
-8.421434237006839574e-01
-9.004234436216853599e-01
-8.665342318695944401e-01
-8.146061233961676695e-01
-9.947755905501062257e-01
-9.432628967515598317e-01
-8.403243096203877327e-01
-9.557996032888382842e-01
-7.635132307668993645e-01
-7.295473898758780829e-01
-9.416402495963889230e-01
-9.189122712810403604e-01
-1.041253435072683864e+00
-8.199799445092177397e-01
-9.407721798077235409e-01
-9.052909169849667759e-01
-1.014984967545941252e+00
-1.007371696097264069e+00
-9.476011537801407592e-01
-9.950028544728153346e-01
-8.505941894372238687e-01
-1.144332727494876245e+00
-1.133864369706818476e+00
-1.057994626651833858e+00
-9.587095282465768475e-01
-9.498550939413691330e-01
-1.007375212297657585e+00
-1.021866244759353837e+00
-7.783517014425925806e-01
-6.686998397939225569e-01
-7.866918934732405333e-01
-8.471783576223722578e-01
-8.160911384908398070e-01
-8.746066660337201704e-01
-7.277213566466955719e-01
-8.094439017772812051e-01
-7.042263165092010890e-01
-8.611428016835591670e-01
-9.224513483832676997e-01
-9.626589071096497419e-01
-9.166860193590345984e-01
-9.280525841691624755e-01
-8.562890781417124009e-01
-7.246564129897911100e-01
-7.614918597184360260e-01
-7.428470334903547467e-01
-7.303783502008596162e-01
-6.888766342080465677e-01
-7.604768278534854709e-01
-7.213162288029747460e-01
-8.563858530053471974e-01
-9.597145172942952440e-01
-8.479033838989252780e-01
-9.221665143333032111e-01
-7.735899434385227202e-01
-8.492136253381480371e-01
-9.029812475814448236e-01
-8.903397006612452369e-01
-7.425629915526577030e-01
-9.619475992958855803e-01
-9.522794030111414454e-01
-9.831852934251349430e-01
-1.012251846236334352e+00
-9.461180676466764972e-01
-8.917963269585352792e-01
-7.498208371820305196e-01
-7.164457118142782965e-01
-6.754264457749495909e-01
-5.313620426621715742e-01
-4.642761681125414652e-01
-5.485710888090796766e-01
-7.357509577373212428e-01
-6.943319070540887594e-01
-7.474129903214818960e-01
-6.740100408026938883e-01
-9.180598777636568286e-01
-7.244225370581610646e-01
-7.794170121045691513e-01
-6.963609325697986963e-01
-7.880591513004630011e-01
-8.128464060553652892e-01
-1.152699076706881209e+00
-8.656346992282135666e-01
-9.306250637476942700e-01
-1.042851472770998988e+00
-1.009563469180615236e+00
-1.227394964663847343e+00
-1.085896756942517749e+00
-1.061666705832766011e+00
-1.094148827166928406e+00
-1.194666910358315404e+00
-1.032482467079110178e+00
-1.105208721790008175e+00
-1.055608106277407199e+00
-1.092048030855007568e+00
-1.000593115799271571e+00
-1.150053609391022302e+00
-9.477546731345856124e-01
-7.318518354428560357e-01
-7.095997765512961353e-01
-1.017225633426720899e+00
-7.795779653572423307e-01
-8.539540690689643165e-01
-9.304051254515601777e-01
-1.050193721399824254e+00
-8.816322733869466077e-01
-9.187314348420628773e-01
-8.281749563004121573e-01
-8.633724937968580981e-01
-9.479047494867509638e-01
-1.068771266418891308e+00
-1.067449392250517715e+00
-9.399397053138101032e-01
-8.543199565720479560e-01
-7.438579490021233198e-01
-5.931451907521664291e-01
-8.837871653957828366e-01
-7.627073644214088510e-01
-8.061025147146824166e-01
-8.319025702535929323e-01
-8.314312364510195730e-01
-1.001170372412802045e+00
-9.118654076931428376e-01
-1.010014992799013633e+00
-9.776028176039714968e-01
-1.069508667515633782e+00
-1.094780501056731303e+00
-1.134400660811580641e+00
-1.261610005701273352e+00
-1.252672161856819288e+00
-1.319385597707730673e+00
-1.297459495757907977e+00
-1.492881338410677383e+00
-1.355791909787512184e+00
-1.286501024536401694e+00
-1.344665918592547582e+00
-1.295459866495674683e+00
-1.330389583473136961e+00
-1.409261321785112209e+00
-1.271212419692296258e+00
-1.251693167328002509e+00
-1.334870137549958757e+00
-1.365501734979136295e+00
-1.328741638345183995e+00
-1.539137224668184922e+00
-1.579672207966736019e+00
-1.494430440422700457e+00
-1.626909831878833312e+00
-1.516237291574553225e+00
-1.532012044663279893e+00
-1.635020911911187813e+00
-1.674678559476060702e+00
-1.788408752432298909e+00
-1.793479047997223130e+00
-1.698837051578180324e+00
-1.792480900554799916e+00
-1.805523803105350433e+00
-1.915846026571018434e+00
-1.718079231015142483e+00
-1.718311166349162145e+00
-1.823251218624471370e+00
-1.756757858725552124e+00
-1.980540242791932304e+00
-2.066300655052591306e+00
-2.077070936062014983e+00
-2.049870856121889684e+00
-1.941120359751013380e+00
-1.956752991798047958e+00
-1.875990380600444318e+00
-1.787307896028733856e+00
-1.787006968336769308e+00
-1.849452140701413061e+00
-1.844882199397029021e+00
-1.752332651796534302e+00
-1.863129857552169311e+00
-1.699516933249148432e+00
-1.830419143775997126e+00
-1.846343640966637167e+00
-1.644804815723579283e+00
-1.871115452710767180e+00
-1.718289043403031791e+00
-1.730554306162848777e+00
-1.951282876360291407e+00
-1.931539151066755000e+00
-1.986473300160914279e+00
-1.868901269361811224e+00
-1.657965071286648495e+00
-1.732542606525033557e+00
-1.517696633215364521e+00
-1.614310893426847748e+00
-1.789140969226296951e+00
-1.704511639864553008e+00
-1.851823300938583827e+00
-1.712047507886758968e+00
-1.890303321418342897e+00
-1.852913397997128175e+00
-1.740079977780805143e+00
-1.672718988477880808e+00
-1.858507671134302486e+00
-1.777345509377365129e+00
-1.711021347693750805e+00
-1.867900767682212804e+00
-1.750021922306979727e+00
-1.698089366694750968e+00
-1.641182574608230027e+00
-1.796078046008984908e+00
-1.836563998587929403e+00
-1.921818845493155292e+00
-1.846972884294714845e+00
-1.777633278792161375e+00
-1.894892933685790259e+00
-1.828452818242044087e+00
-1.730350281277540425e+00
-1.842674833019631420e+00
-1.760889342014628767e+00
-1.735094555706881092e+00
-1.843064008698600986e+00
-1.761120630958449507e+00
-1.767679858992847297e+00
-1.717584631486540170e+00
-1.715631792865372596e+00
-1.492984903420498277e+00
-1.675231437324213868e+00
-1.809082942055918686e+00
-1.785509451958732008e+00
-1.736756073988923399e+00
-1.718478563180510177e+00
-1.917952653504577665e+00
-1.792039262350113349e+00
-1.761879828576731644e+00
-1.867571578327212212e+00
-1.753450716280287924e+00
-1.769330409710871521e+00
-1.590239587004652178e+00
-1.647337679768658747e+00
-1.792376859105714537e+00
-1.832898181608996424e+00
-1.770003074149437916e+00
-1.759653076419616990e+00
-1.826298601146574052e+00
-1.753744389105706292e+00
-1.562274174947286820e+00
-1.576410536368617166e+00
-1.748893569762450362e+00
-1.602961888659126144e+00
-1.649337532885335911e+00
-1.808313858843729527e+00
-1.688104909885105531e+00
-1.737589557379882965e+00
-1.895665756382869382e+00
-1.899927197538497259e+00
-2.002266449937077031e+00
-1.937563063724855983e+00
-2.009889559217913568e+00
-1.914879816594989848e+00
-2.031835776141486694e+00
-2.084948225584347004e+00
-2.189967139740295110e+00
-2.260141170795771259e+00
-2.281389584759056177e+00
-2.303337970471471596e+00
-2.405654968416643058e+00
-2.511454091833439151e+00
-2.561448188886634725e+00
-2.487553186326899812e+00
-2.541304248480572348e+00
-2.303085485283665967e+00
-2.198817148704409252e+00
-2.268822972965898188e+00
-2.386956519287894096e+00
-2.277330126703833724e+00
-2.262424625150842417e+00
-2.331552294748150622e+00
-2.294200470917023171e+00
-2.301192188286117712e+00
-2.378273403093316141e+00
-2.448035094121330690e+00
-2.430514545485837896e+00
-2.334947945429737715e+00
-2.280931333839622877e+00
-2.432040549096440962e+00
-2.475879056474247442e+00
-2.294660737677050477e+00
-2.265338091548029009e+00
-2.310905948757097761e+00
-2.351508924541363399e+00
-2.199036550578208349e+00
-2.169715372309235946e+00
-2.338182310347926229e+00
-2.512479899363181612e+00
-2.471980342224764815e+00
-2.556472800281313518e+00
-2.458872888655207145e+00
-2.693338163458998125e+00
-2.751159949709426566e+00
-2.918729178529772206e+00
-3.122313331112805734e+00
-2.861931550259386725e+00
-2.971066784284230433e+00
-2.986041083091409920e+00
-3.047155614221807696e+00
-2.980083601255089754e+00
-2.981305932294907812e+00
-2.985239769220417561e+00
-3.009186618863211926e+00
-3.185352260509672462e+00
-3.101725555302976112e+00
-3.002557207515717863e+00
-3.136967895753466351e+00
-3.056482783205617171e+00
-3.125522398394933621e+00
-2.953397889141391452e+00
-3.009120547101823639e+00
-2.832821093420998082e+00
-2.903690203452215179e+00
-3.028053191945511813e+00
-2.593357042067367058e+00
-2.706482196454652822e+00
-2.589700769696190896e+00
-2.610281416087046225e+00
-2.549767212760317037e+00
-2.448945336775086634e+00
-2.642225032152179853e+00
-2.641139848024854242e+00
-2.623698870049425480e+00
-2.584483655771841804e+00
-2.492076767139687732e+00
-2.347873027144685487e+00
-2.422948085154632114e+00
-2.359583491584298809e+00
-2.460289989028720203e+00
-2.601295162386854987e+00
-2.317082386761001533e+00
-2.392141945591143681e+00
-2.325090587776041051e+00
-2.304149738141066273e+00
-2.382685733893003643e+00
-2.227725233548396577e+00
-2.409016644746022173e+00
-2.132677165102812467e+00
-2.196193877210153023e+00
-2.316702664161008229e+00
-2.198250750516809848e+00
-2.261850326485939533e+00
-2.213732364601435521e+00
-2.131289339093701773e+00
-2.225503435029303922e+00
-2.213360791924058546e+00
-2.134081245331949539e+00
-2.087895926587869155e+00
-2.098046666618339273e+00
-1.935387866154464120e+00
-2.237759153971714987e+00
-2.146139802098388838e+00
-2.056563022047575018e+00
-1.958594081525438790e+00
-1.980259272285416650e+00
-2.193360301331720219e+00
-2.133245157880354625e+00
-2.259530290276832165e+00
-2.201992813701521001e+00
-2.169202555709204727e+00
-2.273489624414194221e+00
-2.350554542687484538e+00
-2.285541900650942537e+00
-2.087264616785994953e+00
-2.215928823822026494e+00
-2.234878089710869986e+00
-2.370547427048930622e+00
-2.360028803892108673e+00
-2.265904345739351289e+00
-2.301151684520408747e+00
-2.256690653972826865e+00
-2.318438058974016336e+00
-2.188821415234797563e+00
-2.288670581996925524e+00
-2.433470815134713305e+00
-2.326280814488122850e+00
-2.310350906205067556e+00
-2.511320240368387413e+00
-2.387762227413721128e+00
-2.494215472279519563e+00
-2.266201478319795015e+00
-2.273517882523484523e+00
-2.380487240223374101e+00
-2.300672726271523416e+00
-2.254211965168620324e+00
-2.229768994203584764e+00
-2.254104631546008264e+00
-2.256430721085726177e+00
-2.176259302615631608e+00
-2.245810799303696648e+00
-2.245078686296079873e+00
-2.247490376169042126e+00
-2.070591429232524483e+00
-2.111433145723551785e+00
-2.221431867030577934e+00
-2.234492695795703199e+00
-2.074153056209666612e+00
-2.175935244348027098e+00
-2.132271749662725924e+00
-2.089137555891971143e+00
-2.167021229210538635e+00
-2.182560006875937209e+00
-2.164305731506292574e+00
-2.334087564876405008e+00
-2.328492182725931947e+00
-2.373617559280186473e+00
-2.386902271250492369e+00
-2.494404763952619231e+00
-2.356849548305033792e+00
-2.173732013993135315e+00
-2.139380469822426356e+00
-2.157015995903884154e+00
-2.173457814246199327e+00
-2.187436971493761817e+00
-2.128500014633574189e+00
-2.312884053176480492e+00
-2.094068808457054232e+00
-1.929518138752218892e+00
-1.886297706612397596e+00
-1.830238771515437124e+00
-1.756821093113340781e+00
-1.859604404002323408e+00
-1.924726971479102211e+00
-2.088109055058217756e+00
-1.903988040885719935e+00
-1.903123425419945836e+00
-2.057362946195829156e+00
-1.870733188852634177e+00
-1.843297588958759725e+00
-1.865425079997816926e+00
-1.854113489593819386e+00
-1.975964701167001181e+00
-1.844152651829384704e+00
-1.836559928420324006e+00
-1.834657562150488808e+00
-1.734051957897485119e+00
-1.658830327599626342e+00
-1.638191821095480227e+00
-1.742819160306293691e+00
-1.798131732444975039e+00
-1.871363185544279606e+00
-1.949227931488468624e+00
-1.972284093235701752e+00
-1.863158660196807093e+00
-1.824384498171887969e+00
-1.996837298110699654e+00
-1.891410828300604807e+00
-1.966308731508207508e+00
-1.686724116824805275e+00
-1.910565629529674236e+00
-1.907334808483454935e+00
-1.797372469394921790e+00
-1.818942200164486822e+00
-1.678848454591135075e+00
-1.805189120346952336e+00
-1.864027302679713616e+00
-1.861379332710265233e+00
-1.917774603763970465e+00
-1.948950173170888700e+00
-1.809384602849898549e+00
-1.626863270105702419e+00
-1.631872323247266499e+00
-1.645837628095732530e+00
-1.691933596313110133e+00
-1.577553919648233993e+00
-1.756426410185530917e+00
-1.660853881313698821e+00
-1.640649806796518728e+00
-1.715064563990728042e+00
-1.643770043534908742e+00
-1.695428709982336635e+00
-1.667786657590816457e+00
-1.626886931224945876e+00
-1.844536474860702491e+00
-1.797719396977121242e+00
-1.777843576113905311e+00
-1.749164576153873663e+00
-1.647708812249563115e+00
-1.753030068346400183e+00
-1.923348863058024882e+00
-1.675735570841284661e+00
-1.643630561128733625e+00
-1.923415532822777552e+00
-1.889019918465958625e+00
-1.971196562571033040e+00
-2.093487527881654486e+00
-2.199331805586247413e+00
-2.154923810833501818e+00
-2.110205823869561126e+00
-2.466179430988089116e+00
-2.396036525882186297e+00
-2.451076412573267582e+00
-2.406857934492216522e+00
-2.524292654639578970e+00
-2.515973589515196895e+00
-2.438009198387794285e+00
-2.481956189334348473e+00
-2.426289786274594462e+00
-2.312647988913567154e+00
-2.356762918035398169e+00
-2.435707844501727504e+00
-2.339677413060292643e+00
-2.294174059031002244e+00
-2.257968531566934001e+00
-2.421668201256804487e+00
-2.783900712613703643e+00
-2.750012854847949217e+00
-2.646536282071954904e+00
-2.830184474927832206e+00
-2.834038071319995744e+00
-2.886861861058623635e+00
-3.050902370685703691e+00
-3.018019311124255921e+00
-2.902585805198710123e+00
-2.896052639952215735e+00
-2.798546282616914294e+00
-2.860696418198693358e+00
-2.817030596400894815e+00
-2.776379589821110550e+00
-2.824146626704863383e+00
-2.924635265674325524e+00
-2.819387630895548114e+00
-2.949625909939083801e+00
-3.047849660553165752e+00
-2.806260430401228856e+00
-2.858676524710506150e+00
-2.752386651190517508e+00
-2.823233787371525860e+00
-2.754992285686598930e+00
-2.722146276305876356e+00
-2.682972428892917982e+00
-2.687980246760687475e+00
-2.802203277887640898e+00
-2.645817944613582995e+00
-2.523005242216939337e+00
-2.634117215332394846e+00
-2.731257457251226928e+00
-2.616019100152984667e+00
-2.677571084333877138e+00
-2.703153310603838122e+00
-2.679828020729373428e+00
-2.618398508910841915e+00
-2.621368156220239332e+00
-2.535398810966915661e+00
-2.615388175895374978e+00
-2.684515785922326980e+00
-2.652313181066664693e+00
-2.533537147632340947e+00
-2.675695531824898943e+00
-2.459351296557884314e+00
-2.449732110096069615e+00
-2.543855111961747184e+00
-2.531814209711366281e+00
-2.566843297396148138e+00
-2.438216106272738326e+00
-2.723557624619103112e+00
-2.729797468596066867e+00
-2.480718602451822630e+00
-2.460386338489041869e+00
-2.411764387675708221e+00
-2.468193967564632718e+00
-2.366094635517346223e+00
-2.576861606297617069e+00
-2.574312587846648182e+00
-2.299824591616664637e+00
-2.188145417040134877e+00
-2.206187355056210553e+00
-2.182821384368855533e+00
-2.365635376788298494e+00
-2.430844022601181376e+00
-2.349652163652418135e+00
-2.260256864743435568e+00
-2.478913690862446284e+00
-2.094166079600270791e+00
-2.298402515492382392e+00
-2.374948656592917207e+00
-2.269474376234486446e+00
-2.371035757488137996e+00
-2.589737161342700045e+00
-2.471871572981998444e+00
-2.410214737107976291e+00
-2.114305518658332605e+00
-2.095627177613201830e+00
-2.012108667795425188e+00
-1.853128048646162984e+00
-1.863999177166781429e+00
-1.938759937784308551e+00
-2.213407641727945574e+00
-2.186114876680337993e+00
-2.172431639831183148e+00
-2.209843202263586992e+00
-2.065914136263345302e+00
-2.181325354589632060e+00
-2.230071365422057639e+00
-2.262787987258211064e+00
-2.382548603629110584e+00
-2.204618668255011738e+00
-2.196901255172424516e+00
-2.006435477460872807e+00
-2.052402117964885253e+00
-2.163532277861028863e+00
-2.097349537831206145e+00
-2.207579407555721573e+00
-2.144472325400286650e+00
-2.161188390901502832e+00
-2.227898660374281192e+00
-2.175976269510102590e+00
-2.265550897219688942e+00
-2.234339766776666458e+00
-2.215580042271243943e+00
-2.287350590313764975e+00
-2.546800820121471798e+00
-2.404075125311102568e+00
-2.490816618036475028e+00
-2.456646913504097363e+00
-2.406619830174570041e+00
-2.495454690282416621e+00
-2.475378852194801027e+00
-2.539938110068781008e+00
-2.680409600785770508e+00
-2.738467465564421666e+00
-2.622865392328033618e+00
-2.879479424819917810e+00
-2.590269712189138929e+00
-2.589175932280701531e+00
-2.577716770458750695e+00
-2.726640576616859768e+00
-2.485570339263985851e+00
-2.450735099123321881e+00
-2.668526853507052987e+00
-2.896522361196244066e+00
-2.865951148724571240e+00
-2.826870737045476645e+00
-2.676052432206022846e+00
-2.633506193328134071e+00
-2.657619412595858321e+00
-2.791706235508665035e+00
-2.657860091639704159e+00
-2.620822950119260142e+00
-2.527736940802698395e+00
-2.431732166944851503e+00
-2.500277084271135486e+00
-2.313358786021464386e+00
-2.656284218163317501e+00
-2.651882378425268527e+00
-2.671831610223431852e+00
-2.614261101638852391e+00
-2.550366795998109559e+00
-2.427529790984156666e+00
-2.545201879060289496e+00
-2.490482845144326163e+00
-2.751426567895343123e+00
-2.809905502882677375e+00
-2.698061259486066454e+00
-2.889937017968695621e+00
-2.874333221861268495e+00
-2.889391302717580157e+00
-2.909938256216622054e+00
-2.876942642328702782e+00
-2.739967758299600931e+00
-2.879825100156788054e+00
-2.933058264142028193e+00
-2.923306792419301914e+00
-2.826343996323720020e+00
-2.809229463847725317e+00
-2.687805472304045207e+00
-2.604647117274780044e+00
-2.531066019222328656e+00
-2.579269541035606572e+00
-2.513045558454269024e+00
-2.258400412660975132e+00
-2.413946054863866930e+00
-2.442124102995823609e+00
-2.477714576274583802e+00
-2.344626938939184946e+00
-2.524242933144012380e+00
-2.660019083820592378e+00
-2.471050882671124160e+00
-2.601783505451276124e+00
-2.589479383990796357e+00
-2.479551076810951660e+00
-2.502038902409824406e+00
-2.552164040462397754e+00
-2.486783750927640479e+00
-2.434954127877716257e+00
-2.480299968195966098e+00
-2.588186731042948718e+00
-2.712217819118668771e+00
-2.588008307784437356e+00
-2.455405839827777825e+00
-2.632678591044453675e+00
-2.479119123162577321e+00
-2.507438974686121202e+00
-2.635210031714140033e+00
-2.656441290018586532e+00
-2.536507880143567206e+00
-2.643211177664338329e+00
-2.670083099096933310e+00
-2.817259828444624858e+00
-2.780017353011004388e+00
-2.806448408020683072e+00
-2.892783198806271994e+00
-2.758605555634785489e+00
-2.796127303902354644e+00
-2.508830090849637262e+00
-2.633963102730394024e+00
-2.635447190712448595e+00
-2.840710038176509578e+00
-2.848277513818406881e+00
-3.058732132235981283e+00
-2.813105694694669978e+00
-2.972817206965521208e+00
-2.878612442616695244e+00
-2.768175692222742956e+00
-2.933716135962669114e+00
-2.798177017436203062e+00
-2.750871899843984281e+00
-3.007623445226728087e+00
-2.906558175928226184e+00
-3.078173677651002027e+00
-3.042267672172675574e+00
-2.985659424944882012e+00
-3.010154297343012431e+00
-3.339660860897855077e+00
-3.308482060377779366e+00
-3.162108090864750309e+00
-3.153520676087459229e+00
-3.252006027719779091e+00
-3.131875571688733206e+00
-3.198713901733169163e+00
-3.273604517856819385e+00
-3.286744253931138449e+00
-3.140865559664841822e+00
-3.256882649748988001e+00
-3.131174804611897233e+00
-3.367506329585276958e+00
-3.410746606963490191e+00
-3.283806038137140337e+00
-3.336471032111608448e+00
-3.222244003395238643e+00
-3.426547611214735944e+00
-3.555101590410744805e+00
-3.558482383286316164e+00
-3.620001729747619912e+00
-3.558489589750154725e+00
-3.487180597720782149e+00
-3.552175906720267395e+00
-3.509222781485626275e+00
-3.617399964099294873e+00
-3.459221115453810835e+00
-3.521264909431175205e+00
-3.506825277764172188e+00
-3.568711536292787478e+00
-3.690182582154925228e+00
-3.674778405975156925e+00
-3.776375970988576913e+00
-3.689313501932128592e+00
-3.420866708610259987e+00
-3.506657466721281313e+00
-3.441079030701462482e+00
-3.586131648886199397e+00
-3.787023570279183904e+00
-3.698376138755021358e+00
-3.637285939788407418e+00
-3.820383145331860852e+00
-3.786285498587579568e+00
-3.647975831234824717e+00
-3.588587379836231772e+00
-3.545935586769430437e+00
-3.469020883447158976e+00
-3.612405484517724918e+00
-3.632578071890353311e+00
-3.481936085109548884e+00
-3.405969891805757488e+00
-3.540208751910368434e+00
-3.531928244391257188e+00
-3.477854370967481845e+00
-3.723055304508060548e+00
-3.635628107355996619e+00
-3.495352625627277110e+00
-3.654163549778121745e+00
-3.663890983107799926e+00
-3.928312117114621138e+00
-3.846601749773745915e+00
-3.706763031184931112e+00
-3.766940632496160291e+00
-3.663619931066762092e+00
-3.763080843001186171e+00
-3.805225226668249583e+00
-3.965570313925051327e+00
-3.865584768530685000e+00
-3.820975060784348010e+00
-3.871255376745986077e+00
-3.954247322399448095e+00
-4.108168400326898784e+00
-4.173282622676733666e+00
-4.129694062096110230e+00
-4.088550145609293196e+00
-4.332177702516739615e+00
-4.378198428482897420e+00
-4.240770503091798815e+00
-4.187414008592520887e+00
-4.361862570270132800e+00
-4.272612743863518858e+00
-4.504719140544482414e+00
-4.394703969339534666e+00
-4.518987133722357719e+00
-4.566282545773525214e+00
-4.430411660467206580e+00
-4.574700271892599091e+00
-4.695647276885448029e+00
-4.646767324644311081e+00
-4.815455138612033004e+00
-4.822133305861727948e+00
-4.888490402598133500e+00
-4.701476763157486971e+00
-4.671012251659063530e+00
-4.628959154724182845e+00
-4.788394511556932187e+00
-4.586279055398071236e+00
-4.648336546939019875e+00
-4.542463274144477481e+00
-4.658149077711881247e+00
-4.598637348909818456e+00
-4.756930758722177188e+00
-4.899863622806662988e+00
-4.825698843046847486e+00
-4.694391157809194581e+00
-4.675862914613410304e+00
-4.681121228799875134e+00
-4.735794550040342443e+00
-4.553488238221823359e+00
-4.731757804243809318e+00
-4.748629838664527369e+00
-4.764711528331542212e+00
-4.907761176754102728e+00
-4.766309724469309117e+00
-4.669181384479833774e+00
-4.628555515117795949e+00
-4.527421059155384953e+00
-4.605061338193564779e+00
-4.566169951337091248e+00
-4.614655131284934875e+00
-4.471871001947101298e+00
-4.628908308013725659e+00
-4.510287697646818472e+00
-4.859495502474022288e+00
-4.610091713223543053e+00
-4.627744543522369192e+00
-4.634967020730736742e+00
-4.726002919212302089e+00
-4.741559246636193770e+00
-4.796645721640370397e+00
-4.816304747685822285e+00
-4.958325129050537683e+00
-5.042578199777207004e+00
-5.082850195411938721e+00
-5.132566965694718597e+00
-5.242665601123732699e+00
-5.164121147893515840e+00
-5.062252039890556610e+00
-5.130618911421755080e+00
-5.145689925468615478e+00
-5.199966919907892837e+00
-5.234497560547136885e+00
-5.283468577769261820e+00
-5.252436860001051144e+00
-5.277302027350474489e+00
-5.388710996160274824e+00
-5.259314100811987025e+00
-5.319329705999938263e+00
-5.250513309231020109e+00
-5.295354145208607477e+00
-5.390566113560741002e+00
-5.585719308067009337e+00
-5.559645369845862994e+00
-5.470311345307274031e+00
-5.377424891970658649e+00
-5.357265071656164501e+00
-5.449716474885575757e+00
-5.409658168585675497e+00
-5.556001240838331690e+00
-5.466916443983390828e+00
-5.405860003378633039e+00
-5.436434560355683843e+00
-5.416906637540649605e+00
-5.402804961396494576e+00
-5.375828655936656375e+00
-5.400185751987026883e+00
-5.477996124789226151e+00
-5.538937314733150430e+00
-5.501772634406171925e+00
-5.502634836335605684e+00
-5.416810083550540611e+00
-5.571700802414577325e+00
-5.505077124983761117e+00
-5.429343533705759839e+00
-5.406732882945742169e+00
-5.339342548459569571e+00
-5.422573290381247801e+00
-5.435529498544249272e+00
-5.476099370195213645e+00
-5.407977275483379920e+00
-5.525980795973771897e+00
-5.568149498132454411e+00
-5.539926854603253403e+00
-5.506812523658191516e+00
-5.431628493781176736e+00
-5.528953050823947279e+00
-5.478092075687566620e+00
-5.461438630691450413e+00
-5.487522279994541563e+00
-5.653234292037353725e+00
-5.570161224902769881e+00
-5.626459860866638962e+00
-5.595987988790495749e+00
-5.591018466262265285e+00
-5.556991852041962332e+00
-5.461463228454805474e+00
-5.510482512857578286e+00
-5.570836815120243202e+00
-5.519475835096397276e+00
-5.555275194003018058e+00
-5.632209679972510763e+00
-5.700416932157462924e+00
-5.686403834639476074e+00
-5.619495763934963861e+00
-5.608118390950165733e+00
-5.637200216142261411e+00
-5.657353975127191958e+00
-5.623604678904180254e+00
-5.703340752605130959e+00
-5.775818728310174954e+00
-5.726558339107397089e+00
-5.729009073013510367e+00
-5.672700351146811926e+00
-5.703130162025461303e+00
-5.705275045207184093e+00
-5.633034937308611489e+00
-5.790798665148129132e+00
-5.796119901183678813e+00
-5.746172924639465940e+00
-5.689762697066355734e+00
-5.659100885125655900e+00
-5.678865508955517782e+00
-5.629401336561483227e+00
-5.735132033445156097e+00
-5.745769765182554778e+00
-5.796571798620067995e+00
-5.777471341910052516e+00
-5.761407039661507135e+00
-5.764409853544045781e+00
-5.823812777069978353e+00
-5.654106498941279035e+00
-5.691015909658751148e+00
-5.632392324183678411e+00
-5.661124562593607301e+00
-5.694520670330459389e+00
-5.612932247921538220e+00
-5.619584162363523205e+00
-5.684620482343792247e+00
-5.618648097270159347e+00
-5.538968211877973502e+00
-5.594935472285885503e+00
-5.612755615511920482e+00
-5.653888268765923542e+00
-5.624127044340791137e+00
-5.532120700627478627e+00
-5.579083200128959419e+00
-5.641915142313525422e+00
-5.652711437324343002e+00
-5.578812018046733101e+00
-5.654141750974799763e+00
-5.589392309295806882e+00
-5.596656106964037924e+00
-5.581446455314498678e+00
-5.644751199501001793e+00
-5.642202999195867541e+00
-5.538368145277152266e+00
-5.582037191633490991e+00
-5.692515985073539397e+00
-5.755353914496615708e+00
-5.626220422906145657e+00
-5.665470027200375291e+00
-5.582347113632394553e+00
-5.636787732657491112e+00
-5.658564798886704494e+00
-5.611889530630536527e+00
-5.715947620063565715e+00
-5.669883712280868515e+00
-5.723294403898352201e+00
-5.732473208114400975e+00
-5.749468970360400277e+00
-5.787046274736357354e+00
-5.680048534617616163e+00
-5.649358016018708462e+00
-5.703376874978162370e+00
-5.868496269468824522e+00
-5.651779757320203323e+00
-5.649008314562826705e+00
-5.764129913770153379e+00
-5.730643119142827757e+00
-5.925910958510383075e+00
-6.115060134567134931e+00
-5.942060810654500536e+00
-5.737049967516035132e+00
-5.824510257932398183e+00
-5.718750801914263882e+00
-5.700095980556761255e+00
-5.749254248640132126e+00
-5.914493748319205935e+00
-6.052383068610366124e+00
-6.004715280806718347e+00
-5.999112078210283805e+00
-5.998337739395534385e+00
-6.021948851559272953e+00
-6.053046717394448883e+00
-6.150141199707316098e+00
-6.096346559489372652e+00
-6.134748207259416830e+00
-5.987470408041370540e+00
-6.120263323237789876e+00
-6.182066872223831666e+00
-6.058919604047878771e+00
-6.051491422216835225e+00
-6.101866270247025881e+00
-6.062625737924307145e+00
-6.212619498039087418e+00
-6.033188343463601555e+00
-6.176034721407099859e+00
-6.285606281047114052e+00
-6.187515113930365018e+00
-6.170901026432106917e+00
-6.103174302560442577e+00
-6.129285394885100047e+00
-6.053194382340122637e+00
-5.941910660737275585e+00
-5.979289231431168972e+00
-5.783453124971821957e+00
-6.167496247537147980e+00
-6.361129577832540960e+00
-6.133036971687758410e+00
-6.615635472703173647e+00
-5.863283780005193790e+00
-6.556053821544796101e+00
-6.534973183535309538e+00
-6.543289681185026296e+00
-6.495802645517712470e+00
-6.434310272598456670e+00
-6.237452954814386885e+00
-6.099595679540671611e+00
-6.209536354339115327e+00
-6.167033478410354874e+00
-6.018311656521030173e+00
-6.268922949530234767e+00
-6.123332184475174245e+00
-5.811729816612564825e+00
-5.890359633650741777e+00
-5.835365273797628483e+00
-5.832684576321389258e+00
-5.942414344542915394e+00
-6.255693935177926157e+00
-7.688454579550314527e+00
-5.975915376611451890e+00
-7.074943273855330617e+00
-6.108337749225266400e+00
-5.695190213451244432e+00
-6.003704920667217948e+00
-6.027294643917422867e+00
-5.809786295633388775e+00
-5.863527107138697403e+00
-5.839926321472627357e+00
-6.069695100808411681e+00
-5.917590284728979633e+00
-5.641356833215291466e+00
-5.805888508676785520e+00
-5.688173316689237424e+00
-5.486665070983091752e+00
-5.526742397454311728e+00
-5.593723749391508626e+00
-5.609169189192663829e+00
-5.822461864281403443e+00
-5.705283013567945538e+00
-5.757961788552462323e+00
-5.793469759504658256e+00
-5.799181794014558022e+00
-5.676576185903174476e+00
-5.681401065091108649e+00
-5.707486329723363561e+00
-5.547492401357962954e+00
-5.554290952706653961e+00
-5.552402373889790965e+00
-5.561179397782916034e+00
-5.589375726788472498e+00
-5.648892424524589728e+00
-5.711404546780250335e+00
-5.718271610527312809e+00
-5.648843368851199642e+00
-5.865168829647740445e+00
-5.782917866315334443e+00
-5.775894455083181889e+00
-5.765203059791293327e+00
-5.663595346151036658e+00
-5.639884222631902588e+00
-5.510543107956922704e+00
-5.704738018469511118e+00
-5.794595292046608392e+00
-5.738150521185833242e+00
-5.687080234005553514e+00
-5.729261941038050310e+00
-5.952044990229850008e+00
-5.840997581144197426e+00
-5.830421331162264131e+00
-5.828136419403166180e+00
-5.776219394930698137e+00
-5.827344385130412974e+00
-5.801842705792817689e+00
-5.705428439629213422e+00
-5.758922240438518969e+00
-5.765529850855679150e+00
-5.674882171123844188e+00
-5.614043951618531203e+00
-5.511419575905997625e+00
-5.680340348867482625e+00
-5.576258270239819126e+00
-5.615772466337666025e+00
-5.589980531622058990e+00
-5.682834692319965519e+00
-5.665345390254572955e+00
-5.695383303082745208e+00
-5.786099654446283047e+00
-5.801672653151821457e+00
-5.807787071936074241e+00
-5.750324605493637442e+00
-5.696839812970401873e+00
-5.625628108580766451e+00
-5.720490626384322042e+00
-5.676367555655795094e+00
-5.822110367405260334e+00
-5.741127952516953847e+00
-5.765574906093693386e+00
-5.653334876323295788e+00
-5.672004457606607097e+00
-5.762026033940180092e+00
-5.686230966019618194e+00
-5.842072641414841172e+00
-5.657955574455674430e+00
-5.688051311443159896e+00
-5.676802647160802628e+00
-5.682686083155670254e+00
-5.575244584644006629e+00
-5.565889111075325246e+00
-5.596393722642321933e+00
-5.591816501289459396e+00
-5.573359916198348252e+00
-5.511954250818202894e+00
-5.412007355836795597e+00
-5.425242620370805291e+00
-5.447687437766290941e+00
-5.536875127366316818e+00
-5.512348807103915505e+00
-5.545336549216844269e+00
-5.444917951559077096e+00
-5.611677560732038827e+00
-5.748390982923933024e+00
-5.852265713672098357e+00
-5.755012866483111722e+00
-5.692344131498061621e+00
-5.849252033924819294e+00
-5.882952522282146823e+00
-5.861244427917131183e+00
-5.850206752540163535e+00
-5.725822385065361786e+00
-5.597009345011169756e+00
-5.674025677947972746e+00
-5.561192761410244323e+00
-5.638847482640841235e+00
-5.656120672257215709e+00
-5.518431876528179458e+00
-5.562419337192744173e+00
-5.515208209592226574e+00
-5.740884927162635876e+00
-5.886110119766897242e+00
-5.699110783473560815e+00
-5.679445751431116740e+00
-5.833973931059531104e+00
-5.757000740298908070e+00
-5.693803888688418802e+00
-5.868551276665427530e+00
-5.979354884661825409e+00
-5.939456291986354053e+00
-5.773463212493544994e+00
-5.560710717548267290e+00
-5.552106261640442852e+00
-5.646324457384986673e+00
-5.549593978715456011e+00
-5.668960350803812887e+00
-5.616389594727504431e+00
-5.611866666137498072e+00
-5.519138727680811485e+00
-5.593214931862106276e+00
-5.524834454732403977e+00
-5.606027601071360777e+00
-5.577509647084164079e+00
-5.636599984244345052e+00
-5.515768194608360986e+00
-5.647532292467118964e+00
-5.607665406396861840e+00
-5.658882061772818162e+00
-5.548876445531032431e+00
-5.609860447616394907e+00
-5.455055309899074167e+00
-5.564541473567802043e+00
-5.652630727882945294e+00
-5.623851078417644977e+00
-5.570314975137940827e+00
-5.581934480648857999e+00
-5.610467939394153447e+00
-5.560144902072790885e+00
-5.689116564028326550e+00
-5.673547742300054431e+00
-5.618760721478365916e+00
-5.629415481866358206e+00
-5.631032562517310325e+00
-5.538011614905271607e+00
-5.974117606823729609e+00
-5.709838343934006133e+00
-6.082582494911796367e+00
-6.146590331980007704e+00
-5.774192304810284782e+00
-5.773937273429785577e+00
-6.394375596210728041e+00
-6.755448979706525137e+00
-6.395965525014911890e+00
-6.142439057359069920e+00
-6.215076859078222604e+00
-6.679522443063906856e+00
-6.748936887811798790e+00
-6.715008989912773174e+00
-6.586975673078650395e+00
-6.458062752918186433e+00
-6.201642280991014111e+00
-6.185024417192912516e+00
-6.159361147411063442e+00
-6.196871664502658028e+00
-6.250592915079920431e+00
-6.169288078799135988e+00
-6.086281755827237738e+00
-6.090131004505410672e+00
-6.079034364924044809e+00
-6.101717301875451582e+00
-6.050135856625296960e+00
-6.039365135095078330e+00
-6.068962486397936118e+00
-6.071610606403234023e+00
-6.162089677479126948e+00
-6.055763151084570417e+00
-5.999439971721375997e+00
-6.134794151936564965e+00
-6.120060363035285000e+00
-6.113108064142205755e+00
-6.140945415635191473e+00
-6.201123638980977404e+00
-6.221781373713913155e+00
-6.173440754537505626e+00
-6.161746359620475566e+00
-6.220685228798741306e+00
-6.264128107268867929e+00
-6.448762345230381499e+00
-6.390483563416125001e+00
-6.336771158367113799e+00
-6.342899302297782427e+00
-6.275651392933573547e+00
-6.448477617628735281e+00
-6.386813497789364469e+00
-6.498654209730937659e+00
-6.403044829879617872e+00
-6.379495985628231836e+00
-6.488146446190665273e+00
-6.291581143571364443e+00
-6.404098136886021031e+00
-6.475763647951318980e+00
-6.416426233320071226e+00
-6.524246200315094057e+00
-6.593336289776065229e+00
-6.620274649597579497e+00
-6.641111499084382253e+00
-6.591533826647317795e+00
-6.529830292307986284e+00
-6.540310066618561180e+00
-6.376646561965253923e+00
-6.469952919607198538e+00
-6.429906741508029100e+00
-6.433586784892858290e+00
-6.440678182751396363e+00
-6.425193762898100402e+00
-6.511248213138570051e+00
-6.435140504086787949e+00
-6.488021706837672653e+00
-6.581169957194500597e+00
-6.493578185961532689e+00
-6.489312447870208445e+00
-6.525334351864405136e+00
-6.549087692952999085e+00
-6.417178500605479563e+00
-6.497617407996096439e+00
-6.491504187253863023e+00
-6.397281291337190368e+00
-6.423393537162801259e+00
-6.353413287807402554e+00
-6.498660106351088039e+00
-6.526364236736164948e+00
-6.539973630583491015e+00
-6.446698670693340461e+00
-6.445930245777289791e+00
-6.398399866838940575e+00
-6.518647812959065924e+00
-6.477000350403224083e+00
-6.528508381467208466e+00
-6.540566726762905958e+00
-6.435761045601982921e+00
-6.453028519119486717e+00
-6.420842638927903856e+00
-6.482754556674456659e+00
-6.350985399619395899e+00
-6.407767699489137492e+00
-6.464880415731351526e+00
-6.550242654401259301e+00
-6.417880678223868429e+00
-6.512647823674713621e+00
-6.579183482408819117e+00
-6.359161773438600562e+00
-6.418070124559283052e+00
-6.445479209840939028e+00
-6.405868350324743332e+00
-6.356201019740357339e+00
-6.342619351566722408e+00
-6.384323624829182364e+00
-6.400962697435543802e+00
-6.347039428200829114e+00
-6.533001256580379668e+00
-6.396860511898989188e+00
-6.511316223845891926e+00
-6.485486334613101533e+00
-6.418089787651257261e+00
-6.502339607075493966e+00
-6.340324409744716228e+00
-6.476532063200746592e+00
-6.528179569390442083e+00
-6.600990409053872021e+00
-6.658419358304529467e+00
-6.608519416394689650e+00
-6.532181587132457778e+00
-6.461456794063909825e+00
-6.492857473216489872e+00
-6.593811923008376930e+00
-6.496450691272652733e+00
-6.469281415649751565e+00
-6.553470012869862416e+00
-6.510294621067313159e+00
-6.433594295655131745e+00
-6.537585320926201149e+00
-6.572350177820798223e+00
-6.562451175304356177e+00
-6.569979296245960221e+00
-6.531229584404240285e+00
-6.540537065030028963e+00
-6.620116738614832741e+00
-6.726895025905378134e+00
-6.525474377295398476e+00
-6.565492713152575099e+00
-6.552006701584915049e+00
-6.506317909916546682e+00
-6.450914658060167284e+00
-6.585562272459288380e+00
-6.464974343339217278e+00
-6.408459239010503516e+00
-6.450544373115061347e+00
-6.379078072453492787e+00
-6.311401094609731643e+00
-6.339193489841346008e+00
-6.406430103684390254e+00
-6.387804223961001782e+00
-6.411979832965830184e+00
-6.361426359662678998e+00
-6.351910057171592072e+00
-6.402862825919229728e+00
-6.426583774455043141e+00
-6.449943767558914409e+00
-6.497370538301966647e+00
-6.406877411116614240e+00
-6.486929642365350190e+00
-6.601341308083202186e+00
-6.471071808732999031e+00
-6.513842359924431058e+00
-6.620543719169592833e+00
-6.629813470211303184e+00
-6.702179061209282196e+00
-6.675041777822355193e+00
-6.670122905081494302e+00
-6.683089190559895698e+00
-6.717826805257455902e+00
-6.539318214267347606e+00
-6.637233570248216807e+00
-6.614868073447684793e+00
-6.531950540950621331e+00
-6.539193292418674197e+00
-6.568313073610615227e+00
-6.510289712215303837e+00
-6.553184830918171500e+00
-6.532145595818953154e+00
-6.491072611866097297e+00
-6.574845039641668443e+00
-6.360600553231325449e+00
-6.432429412435990201e+00
-6.382516772018551166e+00
-6.342637689565271408e+00
-6.424679737204174401e+00
-6.515046309109866485e+00
-6.288183489705372331e+00
-6.379593554933842725e+00
-6.200043313267816103e+00
-6.352321392674695311e+00
-6.351401216908454828e+00
-6.231408008800076281e+00
-6.286024010701956044e+00
-6.301335076179894301e+00
-6.446644496902766974e+00
-6.224967373720153851e+00
-6.402712574601969742e+00
-6.238112974512940667e+00
-6.460174514519739120e+00
-6.148798910013590913e+00
-6.345893857497497237e+00
-6.223024594635339746e+00
-6.340715475176981641e+00
-6.475033084694223895e+00
-6.177320231633865788e+00
-6.258058775651603511e+00
-6.369749782547858175e+00
-6.336742771778645533e+00
-6.163840471778921248e+00
-6.208091890840075955e+00
-6.457758033426343580e+00
-6.336129891514716839e+00
-6.280950200189630905e+00
-6.384478854532230407e+00
-6.298520193637865638e+00
-6.397057309681132509e+00
-6.091510487096988058e+00
-5.935342632914995420e+00
-6.370308389005805871e+00
-6.548594295693295209e+00
-6.574401742308394248e+00
-6.404099785434405057e+00
-6.032087586494665032e+00
-5.912456407223679378e+00
-6.078178576537469624e+00
-6.094452478531305673e+00
-6.266156120010881736e+00
-6.197268335734587907e+00
-6.153410078565108243e+00
-5.889874441691528517e+00
-5.755495785954948929e+00
-5.718026065706510508e+00
-5.752418668264301260e+00
-5.848444696122058417e+00
-5.844914065011388438e+00
-5.981067059022006305e+00
-5.686826993004789443e+00
-5.859044720891266600e+00
-6.023649019791616155e+00
-6.070982218853461454e+00
-6.078510184064612076e+00
-5.991137855589396821e+00
-5.993901389065238838e+00
-6.327086246678181425e+00
-6.166744891938694906e+00
-6.056341330927202726e+00
-6.186650073756729817e+00
-6.108920515658184058e+00
-6.166808595235310442e+00
-6.057639696113595207e+00
-6.077182414946801003e+00
-6.036217033257959663e+00
-5.864243474236355169e+00
-5.592954228164766839e+00
-5.720483491503876472e+00
-5.567510723131904982e+00
-5.617071923919362497e+00
-5.683514889989627505e+00
-5.622987153214767275e+00
-5.709989765708444409e+00
-5.566158198623762488e+00
-5.471148985032069589e+00
-5.464861857783792409e+00
-5.388322767054336104e+00
-5.526010265369125207e+00
-5.573477851331140265e+00
-5.459656030867962251e+00
-5.504940358464604166e+00
-5.196809760044363458e+00
-5.259689795123874134e+00
-5.411254059983832576e+00
-5.376947413717138247e+00
-5.387140547283525649e+00
-5.453880461596347651e+00
-5.474276958042350927e+00
-5.591245376375302278e+00
-5.526944967133181841e+00
-5.464972847923877275e+00
-5.620048056056611507e+00
-5.519355933928377311e+00
-5.532445946913398416e+00
-5.644898934125411216e+00
-5.484525237392022134e+00
-5.563014449135691208e+00
-5.330815003225863435e+00
-5.316848998714234220e+00
-5.349954876198037113e+00
-5.466355648510476506e+00
-5.493658654427474808e+00
-5.399952058037570168e+00
-5.536976171246021039e+00
-5.381502146460347191e+00
-5.340359236906100371e+00
-5.258899912811255462e+00
-5.282677137492639119e+00
-5.220363365146898360e+00
-5.282231632222738504e+00
-5.230773474992785665e+00
-5.241149892881673544e+00
-5.266335720959329336e+00
-5.328767784304078603e+00
-5.359074333996362682e+00
-5.440211488702713538e+00
-5.501439453425542858e+00
-5.562975071057668863e+00
-5.619963554614002987e+00
-5.532593727375971326e+00
-5.624128963921977586e+00
-5.690512410887993866e+00
-5.562854510367249539e+00
-5.506486295764243977e+00
-5.485184902410608743e+00
-5.425007952874350892e+00
-5.335382946083637279e+00
-5.261751641794333523e+00
-5.285767887680435706e+00
-5.325238340946133242e+00
-5.393810672786592875e+00
-5.441238012040194860e+00
-5.576103277438109629e+00
-5.467132087995208778e+00
-5.464722305747216069e+00
-5.500748373619606113e+00
-5.510784886408744754e+00
-5.386227301370029252e+00
-5.547897897486922858e+00
-5.511621868739109864e+00
-5.598752645963653407e+00
-5.753744568207813437e+00
-5.869609776171691884e+00
-5.782356496731773987e+00
-5.790456148094168753e+00
-5.792417136257681953e+00
-5.948372798391561744e+00
-5.847784919703588713e+00
-6.120167888094556474e+00
-5.992284549161575491e+00
-5.861357550319543641e+00
-5.854158695461885387e+00
-5.958338671015624755e+00
-6.109146516369704294e+00
-6.094796845590848555e+00
-6.072168279440687044e+00
-6.053528330465748120e+00
-5.956709062027637280e+00
-6.076710401478778500e+00
-6.011746247377506513e+00
-5.959949101052270493e+00
-5.796845265250253121e+00
-5.820136004650442452e+00
-5.841005168332556785e+00
-5.828456948473938581e+00
-5.880969024659909117e+00
-5.806053616132100359e+00
-5.722846534800295260e+00
-5.696360430223243121e+00
-5.856744723355092219e+00
-5.805809099452713617e+00
-5.869744755421816507e+00
-5.860211907762721495e+00
-6.053885620247863919e+00
-6.105368127347255758e+00
-6.131393104908722691e+00
-6.128838900384505628e+00
-6.094350225286823353e+00
-6.237321723276128438e+00
-6.082450654520596522e+00
-6.126619995023447451e+00
-6.130975780910703499e+00
-6.082431199146355993e+00
-5.956943617887225706e+00
-5.963034737948607500e+00
-5.937360371608154885e+00
-5.776852111923503230e+00
-5.695982134818290632e+00
-5.730317249105217670e+00
-5.701680250534256089e+00
-5.879963924262109565e+00
-5.918555034087406241e+00
-5.922968272854264526e+00
-5.838575251570214952e+00
-5.953153013131804450e+00
-5.946872118368633942e+00
-6.030742087692031461e+00
-5.909255724102652430e+00
-6.035406792202831383e+00
-6.081834180619139829e+00
-6.130566137015167172e+00
-6.214126941724991582e+00
-6.271230140067500791e+00
-6.181695890779233871e+00
-6.168883427302771949e+00
-6.301143877735206011e+00
-6.214400984986998111e+00
-6.236478402584440417e+00
-6.135532866120568585e+00
-6.037245043471113348e+00
-6.227159775450900270e+00
-6.171268393991276469e+00
-6.225823577880253090e+00
-6.191715818033496355e+00
-6.332131807915639676e+00
-6.227928070136946381e+00
-6.445931743393243707e+00
-6.453966177200604726e+00
-6.488046393909011833e+00
-6.492719148504209059e+00
-6.416425107843199527e+00
-6.534820192727195831e+00
-6.405353917058000945e+00
-6.625199077433292061e+00
-6.548327964013500591e+00
-6.378042280805940045e+00
-6.424906490231943934e+00
-6.422465700386435827e+00
-6.413147372710954031e+00
-6.391569117252313248e+00
-6.320346343356447072e+00
-6.368363349879333057e+00
-6.268074873029381600e+00
-6.286352894766483956e+00
-6.407557184929881799e+00
-6.412880891298126329e+00
-6.364991175947718460e+00
-6.330309789765250272e+00
-6.410596453279132412e+00
-6.408668452494877599e+00
-6.312775840847900888e+00
-6.475954754915179912e+00
-6.528882193767003628e+00
-6.498650955400273155e+00
-6.450027673272390238e+00
-6.532971047239254148e+00
-6.530133496509386681e+00
-6.525968859481911188e+00
-6.526036970063280762e+00
-6.598627046680350716e+00
-6.563458854615512372e+00
-6.558642749204090627e+00
-6.551373339191803424e+00
-6.505070323704856605e+00
-6.496834976154996610e+00
-6.458415002007354744e+00
-6.392552085574601861e+00
-6.357157247814953394e+00
-6.279525260884408766e+00
-6.249519140725989352e+00
-6.214366393430875490e+00
-6.219924315079790489e+00
-6.187469972547544828e+00
-6.181966719159500023e+00
-6.242964485438168509e+00
-6.194470711309559618e+00
-6.342967782161751167e+00
-6.263351989572843337e+00
-6.162504072354859197e+00
-6.192350413554684074e+00
-6.283614405015429227e+00
-6.243176791443011631e+00
-6.251686135776722608e+00
-6.263895376294825290e+00
-6.238886325960584678e+00
-6.256680975587095794e+00
-6.249031124714453433e+00
-6.256785813541860364e+00
-6.196466715573477835e+00
-6.159743195528383453e+00
-6.197843111943557304e+00
-6.183897383328755382e+00
-6.233181034809914145e+00
-6.313801705406864251e+00
-6.276146974215432550e+00
-6.360924161046456859e+00
-6.282612150442271393e+00
-6.289065991184994431e+00
-6.287375908430883342e+00
-6.245233442745367292e+00
-6.178840705637227870e+00
-6.190407525440045688e+00
-6.187064875331353520e+00
-6.173723876048480719e+00
-6.260881616999709465e+00
-6.197402053371686037e+00
-6.160522328951375748e+00
-6.250935403050073447e+00
-6.267165144925400000e+00
-6.290082671889633659e+00
-6.322806177697001928e+00
-6.337794752024509037e+00
-6.336024919504610331e+00
-6.408938697470800250e+00
-6.404982235514152578e+00
-6.293103814649106731e+00
-6.417000903679156210e+00
-6.358020568458268684e+00
-6.395775266425322236e+00
-6.366268874890113949e+00
-6.365051686845593082e+00
-6.278128684522930492e+00
-6.251398906145832157e+00
-6.324639748447527410e+00
-6.306033490391206975e+00
-6.282358898666190683e+00
-6.346743239689375926e+00
-6.384249273562722315e+00
-6.487250883328950835e+00
-6.384914875521464417e+00
-6.458698711435526540e+00
-6.410847767484146864e+00
-6.462287500295106568e+00
-6.507982803376411773e+00
-6.563344472183954892e+00
-6.530568326487783182e+00
-6.555032727073537124e+00
-6.594739272499315241e+00
-6.478045621657301467e+00
-6.497866527202230458e+00
-6.535395727495420637e+00
-6.495609051122439581e+00
-6.458233061859576907e+00
-6.459231829864463315e+00
-6.441844738241307766e+00
-6.364036759519473563e+00
-6.364397960645528762e+00
-6.412549633743164001e+00
-6.447832134735495657e+00
-6.373012197602997198e+00
-6.419551777551067318e+00
-6.365776905663618201e+00
-6.373533307361589628e+00
-6.446175216417092457e+00
-6.410656985221805826e+00
-6.459247213944466104e+00
-6.504147640491851234e+00
-6.517599609199789867e+00
-6.503585016922765583e+00
-6.479115645723076966e+00
-6.433565278063591464e+00
-6.459787055655807464e+00
-6.486987537749913102e+00
-6.406412285733024348e+00
-6.356727183880479970e+00
-6.429268400147307716e+00
-6.440694882320197934e+00
-6.375540162061393623e+00
-6.319583273661048217e+00
-6.325768462626655264e+00
-6.294989751078567508e+00
-6.178488740570745819e+00
-6.115740502642525556e+00
-6.159380844229271901e+00
-6.129297001917698218e+00
-6.194464625387174017e+00
-6.150176278615193226e+00
-6.140856264221445038e+00
-6.135906874262884614e+00
-6.064978896438328881e+00
-6.077789632035782041e+00
-6.041122220853775815e+00
-6.039121254027904229e+00
-5.984669481251571277e+00
-6.098938625178897510e+00
-6.088763975391779937e+00
-6.060762280086491316e+00
-6.056148958149463191e+00
-6.172856130414137610e+00
-6.173197473534890456e+00
-6.162051629072977654e+00
-6.192221787712237635e+00
-6.319098794651018203e+00
-6.221805425491912622e+00
-6.128614242235414622e+00
-6.153436918503462749e+00
-6.193992182979542349e+00
-6.237256522522632629e+00
-6.200862059444393282e+00
-6.074520079040016896e+00
-6.061102496043692334e+00
-6.086086301240625218e+00
-6.187727666717584896e+00
-6.054980595990087089e+00
-6.047885198342545010e+00
-6.116022660369253572e+00
-5.953976712158780771e+00
-5.997732409481778326e+00
-5.981715977451931288e+00
-6.105123469456349206e+00
-6.007182032774118774e+00
-6.106782597501389631e+00
-6.032997011735129256e+00
-5.974791361345548779e+00
-5.970459915261627337e+00
-6.007922398525884056e+00
-5.967435050577425848e+00
-5.945056129624238572e+00
-5.955562961996377247e+00
-5.903854916763545901e+00
-5.915423233869808506e+00
-5.904667644033009921e+00
-5.891396093639522213e+00
-5.841309067044885062e+00
-5.806930842540896975e+00
-5.868162262397634166e+00
-5.923634507241692937e+00
-5.921609906604754059e+00
-5.980860383905750588e+00
-5.932001100104368874e+00
-5.944844926828601217e+00
-5.878425293121495088e+00
-5.887424584237553660e+00
-5.965915903153677036e+00
-6.005076057765271536e+00
-5.928264166808180136e+00
-5.798584366358429776e+00
-5.699522923931860774e+00
-5.771868421289490847e+00
-5.821348942173361962e+00
-5.799289152271493997e+00
-5.822112125502086677e+00
-5.803978390819577449e+00
-5.838807641808866578e+00
-5.847172915828362072e+00
-5.823594944398280404e+00
-5.843433673296923203e+00
-5.771742891370269746e+00
-5.873597077934715749e+00
-5.831472099981297674e+00
-5.866080079239544887e+00
-5.955622247119442214e+00
-5.945821050434764388e+00
-6.072875038738967390e+00
-6.039591504150353174e+00
-6.088167862093161631e+00
-6.066923408803994278e+00
-6.097310484757247906e+00
-6.133887610793865797e+00
-6.179226310252559529e+00
-6.255270233708231764e+00
-6.206302464989757794e+00
-6.091532316014092174e+00
-5.987450815288049455e+00
-6.044306871683776450e+00
-6.001466028901043082e+00
-6.019819732522957878e+00
-5.932471649368360467e+00
-6.009267410587688651e+00
-5.937782391279643690e+00
-5.881391120920071103e+00
-5.853735833533406208e+00
-5.858780692952273661e+00
-5.921549778368721206e+00
-5.801451188461091313e+00
-5.873897790651386508e+00
-6.025068585647777475e+00
-5.931154035937344027e+00
-5.954451455725127573e+00
-5.953107656649350155e+00
-5.854089893607613782e+00
-5.862938603104838720e+00
-5.842588294322900389e+00
-5.883779521077554975e+00
-5.834890811530737409e+00
-5.778829053649062075e+00
-5.787830266981728755e+00
-5.737004787186871013e+00
-5.812145385597720981e+00
-5.854733406187141220e+00
-5.886922361958434102e+00
-5.967939836061928460e+00
-5.985954598845535379e+00
-5.913796578161308659e+00
-5.999831117930102486e+00
-5.953170783023011836e+00
-6.002659721175535701e+00
-6.085140028788826427e+00
-6.048406781564673373e+00
-6.050433660494646482e+00
-6.061696127852730598e+00
-5.957835416009768181e+00
-6.023869246072515615e+00
-6.011376506023335509e+00
-6.062628366430471871e+00
-6.062919276918983691e+00
-6.078224605680986770e+00
-6.058565152617544136e+00
-6.074066397415517571e+00
-6.095687910231357698e+00
-6.090818020355276197e+00
-6.060810761893839604e+00
-6.124976545424418717e+00
-6.196649293468585284e+00
-6.090616850578819630e+00
-6.092119446897883428e+00
-6.019582490510942741e+00
-6.131658508051862633e+00
-6.018795082233848071e+00
-6.052075431387462068e+00
-6.069761188818313613e+00
-6.068219023772545739e+00
-6.126600133029997508e+00
-6.174676492187734844e+00
-6.128310096242139515e+00
-6.071338836613758616e+00
-6.125400382381291031e+00
-6.135250954178663285e+00
-6.170411598706776246e+00
-6.174746629285319699e+00
-6.179412801964643265e+00
-6.164911492200266352e+00
-6.284855780636359412e+00
-6.136921147484628136e+00
-6.083709538655639015e+00
-6.066318065658463432e+00
-6.140311061165668605e+00
-6.090885621792594407e+00
-5.999398400171326529e+00
-6.129695467142435739e+00
-6.070270051334625272e+00
-6.137146893676583836e+00
-6.032056463201765695e+00
-6.028273333366895415e+00
-6.029611436731716623e+00
-5.891470351327360966e+00
-5.977735341970486616e+00
-6.032274205702702119e+00
-6.163066051575977866e+00
-6.074781914014753426e+00
-6.175076647971069477e+00
-6.177018125045127483e+00
-6.163721810993862960e+00
-6.217477466342402614e+00
-6.220324078525318434e+00
-6.154522098619685799e+00
-6.314135539711748457e+00
-6.381315419206633699e+00
-6.446381559964053487e+00
-6.431056553204969717e+00
-6.432931033731883907e+00
-6.538408389361319628e+00
-6.575245826407438265e+00
-6.712547814404954849e+00
-6.633542238052718254e+00
-6.677238330911734465e+00
-6.704683695478512284e+00
-6.674363805903785085e+00
-6.732390579120746565e+00
-6.702134758943785187e+00
-6.815780851745255831e+00
-6.730603512618212214e+00
-6.684799447591020183e+00
-6.782068769205431558e+00
-6.779164913260263603e+00
-6.785843932649687993e+00
-6.740813438923249912e+00
-6.907437978023883041e+00
-6.806714118080616771e+00
-6.842718814969298791e+00
-6.773205498557158144e+00
-6.818273802277561302e+00
-6.807590415264491490e+00
-6.748204016961486751e+00
-6.630659849730242250e+00
-6.546264007519130068e+00
-6.594631647981914035e+00
-6.664315984587737773e+00
-6.653637297058916822e+00
-6.635035799062931616e+00
-6.497412279178759853e+00
-6.553190202435191125e+00
-6.583836138421458095e+00
-6.672291875412427409e+00
-6.613557079096057834e+00
-6.623506302733313866e+00
-6.571259539326299581e+00
-6.533673034222875486e+00
-6.487259757529411530e+00
-6.479912604119176578e+00
-6.466133085003603398e+00
-6.406967576906994033e+00
-6.428771541509833654e+00
-6.418696102395545111e+00
-6.371323674048568364e+00
-6.398886106324815692e+00
-6.389853143914348443e+00
-6.253110295489823223e+00
-6.263419840450584530e+00
-6.359347033894516166e+00
-6.355590035488567047e+00
-6.367425937808378400e+00
-6.370434113498695261e+00
-6.383872508687052694e+00
-6.371576471220829596e+00
-6.459223545477982498e+00
-6.339839694301421247e+00
-6.474357523003762438e+00
-6.491011679306899929e+00
-6.538169171152751424e+00
-6.467666941362243627e+00
-6.526476774761707844e+00
-6.561522961303449364e+00
-6.474925379723275753e+00
-6.506092946634900009e+00
-6.489016379111967048e+00
-6.541812336485081758e+00
-6.640273212539963055e+00
-6.676902104063536569e+00
-6.753705546030518647e+00
-6.716241320396591163e+00
-6.642311674644212793e+00
-6.670545273358149174e+00
-6.707341953015748537e+00
-6.790279554791695205e+00
-6.856670052481651290e+00
-6.798383312129558931e+00
-6.749135026560766804e+00
-6.766638875759491079e+00
-6.680610809069222000e+00
-6.720807268146232971e+00
-6.688841066036055771e+00
-6.749587648716335764e+00
-6.693370705448010938e+00
-6.821005605513777326e+00
-6.733026757294922504e+00
-6.670604697947268846e+00
-6.670487147794959881e+00
-6.713450280239608325e+00
-6.722357582606703019e+00
-6.738478284595564638e+00
-6.722982294922680069e+00
-6.777050781367901067e+00
-6.719808331545006119e+00
-6.737274505406095848e+00
-6.773483660953333541e+00
-6.787323481084786891e+00
-6.755380262806355063e+00
-6.760671629920019576e+00
-6.752093955573482020e+00
-6.748063502582368756e+00
-6.811549692261069211e+00
-6.845507942621082975e+00
-6.903163191051676861e+00
-6.943751379264241130e+00
-6.989784669640611625e+00
-6.925433516071110240e+00
-6.898327921752976266e+00
-6.800885812004207942e+00
-6.822163230374528098e+00
-6.853235098307001394e+00
-6.746575437868475689e+00
-6.752026070061245555e+00
-6.797354055627269354e+00
-6.813890647473746398e+00
-6.697505922773787645e+00
-6.780863378588732893e+00
-6.782288472838910565e+00
-6.773515064763815374e+00
-6.826682119368287616e+00
-6.820412315328674424e+00
-6.806747987668448019e+00
-6.851540938369991451e+00
-6.783241017694054520e+00
-6.751080535437458785e+00
-6.752995796818780150e+00
-6.693289970814400469e+00
-6.639103940879264698e+00
-6.698225523703552398e+00
-6.714402836383301043e+00
-6.859714900196828502e+00
-6.889451425831836673e+00
-6.903404221166388410e+00
-6.872681770044007266e+00
-6.843746541649212034e+00
-6.821381500816364074e+00
-6.755804779156516560e+00
-6.852827054153465269e+00
-6.851843406965334005e+00
-6.910847128769059822e+00
-6.851519001635078432e+00
-6.862873198862994961e+00
-6.930022205260783608e+00
-6.965355837589476629e+00
-6.919583471710412326e+00
-7.005020680327852745e+00
-6.991716700072109880e+00
-6.953648019200994845e+00
-6.981274655640153703e+00
-6.929908111125437919e+00
-6.979051354540704466e+00
-6.962378031848325044e+00
-7.036155727636315582e+00
-7.088341119475909835e+00
-7.092062101507696781e+00
-7.066387374690058287e+00
-7.021667630906571311e+00
-6.982879643945682169e+00
-7.078659592824831037e+00
-7.001436781794631692e+00
-6.971178791895888516e+00
-6.907571182212404182e+00
-6.887504350606723058e+00
-6.950574153979281355e+00
-7.005462373173774182e+00
-6.998753691700278168e+00
-6.992911692885543040e+00
-7.003358186430888921e+00
-6.981058769775734696e+00
-6.966510900239957671e+00
-7.006866788124759715e+00
-7.003319199015567875e+00
-7.010763487615313316e+00
-6.973709281844154617e+00
-6.939487337737988426e+00
-6.979913081780007467e+00
-6.997707431766102104e+00
-7.013111211614205587e+00
-6.994066662488958031e+00
-6.920435467893915948e+00
-6.877410520990933307e+00
-6.919358119687409214e+00
-6.921820380293420172e+00
-6.931097207422691753e+00
-6.944889932942188260e+00
-6.867525809139371162e+00
-6.804670916302530514e+00
-6.826502067479459868e+00
-6.833698252977322696e+00
-6.855463891371276652e+00
-6.848055942440221422e+00
-6.845188626198776660e+00
-6.795220645163483120e+00
-6.847138454827653931e+00
-6.839712028622958684e+00
-6.826452031678462262e+00
-6.891881204898467672e+00
-6.908403091007132346e+00
-6.928031740377474712e+00
-6.944172454915332082e+00
-6.955729875674928842e+00
-6.978393170012395785e+00
-6.968154348310759971e+00
-6.982250362551308598e+00
-7.004749294914546454e+00
-7.083209410379705417e+00
-7.089718515733309800e+00
-7.040342614607262739e+00
-6.963518213474710450e+00
-6.995293392300696134e+00
-7.001120240455787069e+00
-6.950223489078073413e+00
-6.979172474819375083e+00
-6.916011624913384281e+00
-6.938682337834404024e+00
-6.862737704404549888e+00
-6.868737401008363719e+00
-6.917607966285597598e+00
-6.968307373543258798e+00
-6.944978877042030874e+00
-6.991008452723914246e+00
-7.053987606374996666e+00
-7.032608317928839448e+00
-7.089297443528051801e+00
-6.999339594658577468e+00
-6.975305953200086506e+00
-7.066356472511993836e+00
-7.006280756441826796e+00
-7.043812742524300674e+00
-7.091060170877579338e+00
-7.147324670591824081e+00
-7.164440441566826578e+00
-7.220136672447781123e+00
-7.175143549243712116e+00
-7.258134592708229249e+00
-7.279115793787604538e+00
-7.256095618665792557e+00
-7.283161641094554994e+00
-7.346918088767499633e+00
-7.364109883973611659e+00
-7.393809498583560291e+00
-7.364789818269207977e+00
-7.369940077876023565e+00
-7.408920067562011269e+00
-7.489932033794155508e+00
-7.608055332427666073e+00
-7.482740354076938161e+00
-7.358709310215374444e+00
-7.414400307070975416e+00
-7.392948215107038479e+00
-7.344612144388593222e+00
-7.273025287005911110e+00
-7.281072484745847007e+00
-7.231449950215537825e+00
-7.171203936267112944e+00
-7.174493380661890463e+00
-7.158522590496305682e+00
-7.121637310013047006e+00
-7.198557020988044286e+00
-7.139109175272109198e+00
-7.094087485035018403e+00
-7.178206005267090184e+00
-7.218301881693103716e+00
-7.168638786119373663e+00
-7.189673066034929505e+00
-7.120045919460689987e+00
-7.201426162646821894e+00
-7.336439138502141688e+00
-7.296927945018495620e+00
-7.267883496723935188e+00
-7.275485456776781490e+00
-7.220985864679012600e+00
-7.261426827827275332e+00
-7.345005163236720591e+00
-7.287720928009990828e+00
-7.288082285613970868e+00
-7.374279096245029308e+00
-7.337121421261098675e+00
-7.402877131178485115e+00
-7.361948073996488873e+00
-7.379104818573160252e+00
-7.359328310323026479e+00
-7.481683853790531913e+00
-7.469599233291701168e+00
-7.497931348391732698e+00
-7.576679309245232474e+00
-7.582862336142350834e+00
-7.562966313007553509e+00
-7.608063029501938246e+00
-7.609235923831903392e+00
-7.703429704423023772e+00
-7.717035953364318246e+00
-7.711098936161783435e+00
-7.709039954993411214e+00
-7.691936097611250744e+00
-7.672433234064653718e+00
-7.668773893117099227e+00
-7.604571040695191186e+00
-7.745469663759201318e+00
-7.688261718907215325e+00
-7.703906641118070553e+00
-7.691079904820124824e+00
-7.669100309351792433e+00
-7.550682497415790451e+00
-7.547411671548442058e+00
-7.478090696103499191e+00
-7.525367316144348173e+00
-7.444030407640571667e+00
-7.465351441972348567e+00
-7.503378984183683542e+00
-7.525943254313034458e+00
-7.502202632053748488e+00
-7.566947665180874694e+00
-7.424284954729404973e+00
-7.408534366682352434e+00
-7.514636136020294011e+00
-7.469732947061326733e+00
-7.437727082680966717e+00
-7.505804103743383138e+00
-7.561004914032682933e+00
-7.587359085973542250e+00
-7.621843592610577645e+00
-7.666185569843012360e+00
-7.632494772389350146e+00
-7.591498669874433780e+00
-7.568890487750438822e+00
-7.627600075942955193e+00
-7.631633181713082692e+00
-7.638563254215848808e+00
-7.589817848279015067e+00
-7.594355560726010701e+00
-7.579642884333231301e+00
-7.616629062166810016e+00
-7.638197143252970278e+00
-7.757491580481137738e+00
-7.671104140561191720e+00
-7.723438167613839056e+00
-7.759715434341734941e+00
-7.791747140026242135e+00
-7.751297932680049740e+00
-7.823195496315634045e+00
-7.879497005020193789e+00
-7.789272708201577800e+00
-7.781760184682998904e+00
-7.855986715364092099e+00
-7.835930628570575429e+00
-7.798050645849089690e+00
-7.752645272179425007e+00
-7.690866469153983864e+00
-7.747096899083443233e+00
-7.741850757427919838e+00
-7.797963097208802985e+00
-7.695564870474061792e+00
-7.682938916057559631e+00
-7.681739101289918992e+00
-7.684526023888821555e+00
-7.754475434389361155e+00
-7.732609794774140788e+00
-7.754633357467018762e+00
-7.781210419738727069e+00
-7.725117920939699623e+00
-7.756242007990083565e+00
-7.720098925280410640e+00
-7.831600299435296009e+00
-7.847933760406855974e+00
-7.834359722482190591e+00
-7.890016219329292646e+00
-7.919271891095026383e+00
-7.971493778685911025e+00
-7.925478432248834082e+00
-7.952991129626265199e+00
-7.914379551789835432e+00
-8.005126778341706384e+00
-8.002945433607479231e+00
-7.935987666926816786e+00
-7.983842887854160075e+00
-7.981167341677446458e+00
-7.994992867977377848e+00
-8.039462737902120182e+00
-7.979678890034730188e+00
-8.005722911371009332e+00
-8.033320482330047696e+00
-8.065389245468681523e+00
-8.093043350319552687e+00
-8.113657216693702878e+00
-8.181272499842151547e+00
-8.193911840449576545e+00
-8.184751879685952858e+00
-8.162721237444792166e+00
-8.155724035268280048e+00
-8.201515501173320288e+00
-8.182343864162829661e+00
-8.195224302866998656e+00
-8.111589844934954385e+00
-8.106029933697376677e+00
-8.170403172216225585e+00
-8.236106447724163004e+00
-8.198846114199181301e+00
-8.171825753666995595e+00
-8.158679826476438635e+00
-8.154159052640585159e+00
-8.101051326578621925e+00
-8.111684323664285046e+00
-8.066296611872422417e+00
-8.021417210582763246e+00
-8.036613921109815095e+00
-8.041452863591608491e+00
-8.137628987565404870e+00
-8.109487301820642813e+00
-8.141440713221852477e+00
-8.139257874034008466e+00
-8.090951526088323575e+00
-8.035478673649741665e+00
-8.021631471035879812e+00
-7.949667752096126527e+00
-7.921171916586542849e+00
-8.006251985283510564e+00
-7.968763974597531607e+00
-7.977793297877768808e+00
-7.977457959717941804e+00
-7.984882683261073311e+00
-7.974835128933780659e+00
-7.939259933019936710e+00
-7.883171865648835208e+00
-7.854873952103620383e+00
-7.908176202684978229e+00
-7.878449524530174664e+00
-7.857663108257556317e+00
-7.908747822997215238e+00
-7.836923046087016509e+00
-7.857920930490845279e+00
-7.849448399004529620e+00
-7.930275068337469868e+00
-7.976161265995803440e+00
-7.868525014953238639e+00
-7.937058138911402771e+00
-7.914420093268272893e+00
-7.909676568274132791e+00
-8.015277806673445582e+00
-7.995542437854776807e+00
-8.048493182322395967e+00
-8.157905783260579469e+00
-8.276425579526828002e+00
-8.308208413403027848e+00
-8.297190364637954119e+00
-8.261332931894065368e+00
-8.237041532744431294e+00
-8.184692719501136082e+00
-8.203707109378992612e+00
-8.243552855759801901e+00
-8.287432689541649466e+00
-8.340181713278228770e+00
-8.304370311122912796e+00
-8.324343689964077697e+00
-8.365299155083249616e+00
-8.301509736321015964e+00
-8.355513870032989843e+00
-8.235895288527968816e+00
-8.309057239200329903e+00
-8.305745367116198707e+00
-8.284379337976496060e+00
-8.277524693468134132e+00
-8.357971443006752210e+00
-8.308480334333848916e+00
-8.366934610380580395e+00
-8.340466802295402715e+00
-8.297484678309729134e+00
-8.263682479633628120e+00
-8.303906572007223374e+00
-8.261342613015024483e+00
-8.310024034072370114e+00
-8.369761668788544995e+00
-8.314116429206526604e+00
-8.377048467907069806e+00
-8.340822954780172438e+00
-8.279441784947508154e+00
-8.359368087605636433e+00
-8.294451389941658093e+00
-8.296713101791930001e+00
-8.241163518900037843e+00
-8.206843539688794209e+00
-8.285983929872580589e+00
-8.298193141438789056e+00
-8.305142755286659906e+00
-8.383853001841902852e+00
-8.369044259845688671e+00
-8.377352119830622001e+00
-8.424622646919491586e+00
-8.564196107510392508e+00
-8.518523638380440133e+00
-8.470910445502898511e+00
-8.434277836000152462e+00
-8.449864740499043236e+00
-8.518254837367486232e+00
-8.541284635349967402e+00
-8.559214216682944354e+00
-8.557653175961277725e+00
-8.484512625476135383e+00
-8.413539393632428087e+00
-8.445263794724958473e+00
-8.469471314702060383e+00
-8.485798952834961995e+00
-8.473511574575235628e+00
-8.482584042880612074e+00
-8.472949908977893685e+00
-8.461378191741623311e+00
-8.449969780938332065e+00
-8.497645281021290131e+00
-8.534744575312625869e+00
-8.581736248466580008e+00
-8.611253438397644899e+00
-8.641243688261313949e+00
-8.566858169252689947e+00
-8.621257025837413934e+00
-8.632207060396805076e+00
-8.721756508454948431e+00
-8.658710079015971672e+00
-8.658355443982676647e+00
-8.707514667727728863e+00
-8.675125416409921186e+00
-8.740736213858021131e+00
-8.696696834916878061e+00
-8.674295488772115093e+00
-8.638297888711766959e+00
-8.542626682442655550e+00
-8.589120120173221906e+00
-8.641568081850625305e+00
-8.561168484765179443e+00
-8.548501907808820022e+00
-8.528727795595592909e+00
-8.508421888931442467e+00
-8.455871066135678404e+00
-8.511435788034750871e+00
-8.474394808084053210e+00
-8.451313927783335345e+00
-8.408627362857336252e+00
-8.397110736819080046e+00
-8.421647573349481775e+00
-8.403211319566398885e+00
-8.342444632418782646e+00
-8.349344905979974030e+00
-8.407667490310306135e+00
-8.421650362517921096e+00
-8.429828787041733662e+00
-8.405104783674984148e+00
-8.505530468824581192e+00
-8.400113193698432568e+00
-8.441315940891419345e+00
-8.378448988123075480e+00
-8.377516724472677367e+00
-8.392785838688038069e+00
-8.380447409723778662e+00
-8.360502076352187117e+00
-8.369534684473652675e+00
-8.410266662341106425e+00
-8.380388589846571534e+00
-8.452114192152009764e+00
-8.468041908869686551e+00
-8.542695541445830543e+00
-8.505881375668771227e+00
-8.422589389229509393e+00
-8.432909580048983500e+00
-8.461156829937086954e+00
-8.515412616140146440e+00
-8.533842811049973776e+00
-8.449421903454881644e+00
-8.500253240284576961e+00
-8.538087716579671138e+00
-8.646637843205178697e+00
-8.595202720682191710e+00
-8.616609701078809636e+00
-8.610588229669543736e+00
-8.614247018327635175e+00
-8.648861881991642520e+00
-8.553242794994126541e+00
-8.523558152623413875e+00
-8.542833003771981737e+00
-8.663359131909277977e+00
-8.666435159804070310e+00
-8.659858495226094632e+00
-8.661584741953191724e+00
-8.674594226522030382e+00
-8.648208244516682797e+00
-8.666807818124881990e+00
-8.715053031257987470e+00
-8.635379522074762448e+00
-8.634416169080965986e+00
-8.645438913333272524e+00
-8.596262104459363229e+00
-8.569172040860539852e+00
-8.600523914240802981e+00
-8.565124958570015323e+00
-8.536547409330145442e+00
-8.531048383237434862e+00
-8.523441684638154214e+00
-8.512375024107617705e+00
-8.542512972598986565e+00
-8.592898545560508694e+00
-8.557498660042719862e+00
-8.669215430324275218e+00
-8.714202781187102786e+00
-8.700247784318085209e+00
-8.657522420356899673e+00
-8.730641804385211202e+00
-8.777181817660082430e+00
-8.828590181645532553e+00
-8.804063067491863848e+00
-8.829987634234205629e+00
-8.818164531020629582e+00
-8.898981346888762189e+00
-8.909081283930646578e+00
-8.943265128128707886e+00
-8.924819583327424866e+00
-8.942178492546918989e+00
-8.856649964049102763e+00
-8.872182219959704241e+00
-8.863850957728192981e+00
-8.858152606406706653e+00
-8.897750168604462218e+00
-8.863882062198278788e+00
-8.814131939085850576e+00
-8.799480820861388608e+00
-8.838511850425426530e+00
-8.894700767357225146e+00
-8.968247209590821001e+00
-8.937631189199940707e+00
-8.944512442437869026e+00
-8.984751688719427420e+00
-8.995502217965066549e+00
-9.015713235042122520e+00
-9.040410488431811942e+00
-8.959122962654419098e+00
-8.938130601606196990e+00
-8.943555017056890932e+00
-8.900663911158924080e+00
-8.899146534469466019e+00
-8.905505366214205409e+00
-8.911052683943687214e+00
-8.888803142022148052e+00
-8.886597906470605324e+00
-8.866220391641810750e+00
-8.849710858624938226e+00
-8.874322524588423633e+00
-8.809476147500658882e+00
-8.883993821952435255e+00
-8.931187427749685881e+00
-8.913684037935759363e+00
-8.944728163098881524e+00
-9.023325661686275367e+00
-8.976535556960975271e+00
-8.971899805379601744e+00
-9.047301882851110477e+00
-9.158965188111043432e+00
-9.042610442304074070e+00
-9.092855422042390501e+00
-9.135049548804110131e+00
-9.165404777494480015e+00
-9.125992867187825652e+00
-9.184492239854714413e+00
-9.185051575824170200e+00
-9.265933899380767613e+00
-9.265389338621531579e+00
-9.282968921147828567e+00
-9.322467626985790901e+00
-9.278093021904387783e+00
-9.352928436572145898e+00
-9.403914874984073080e+00
-9.431089351582095048e+00
-9.460935435882731781e+00
-9.393620294302305496e+00
-9.388714877761712430e+00
-9.390842712291473049e+00
-9.363719157611138044e+00
-9.486823320033021645e+00
-9.534188187378930479e+00
-9.487583030233629700e+00
-9.542414761269542467e+00
-9.537468687306896342e+00
-9.529851489176239809e+00
-9.638290009917623635e+00
-9.619163518966697524e+00
-9.678676147938837460e+00
-9.571900754233924502e+00
-9.592121270496814844e+00
-9.674443794690951393e+00
-9.667803969707840395e+00
-9.715210324378558582e+00
-9.807710236817184679e+00
-9.771399767340515297e+00
-9.908629861433528419e+00
-9.925146645470885431e+00
-9.879064668299646357e+00
-1.001755085748339269e+01
-1.006035353273534483e+01
-1.001924511689744790e+01
-1.007859087381740437e+01
-1.014960258990825892e+01
-1.009194845122028816e+01
-1.019552634670988844e+01
-1.016072468499821646e+01
-1.026223329515239335e+01
-1.034622350500810839e+01
-1.034746437952588138e+01
-1.033891614443000506e+01
-1.041048682021702021e+01
-1.046830122482279180e+01
-1.047084477702200189e+01
-1.045890027301260972e+01
-1.053386416355413502e+01
-1.062008669931537241e+01
-1.067069107416149443e+01
-1.069681511718770928e+01
-1.073010711880190549e+01
-1.074872513845209276e+01
-1.079536925002646264e+01
-1.077240822247926033e+01
-1.069606338285358760e+01
-1.082092417590567912e+01
-1.089220500787919299e+01
-1.100371339119738678e+01
-1.117564550823986025e+01
-1.138047959574449663e+01
-1.176104030051370231e+01
-1.177239126590658458e+01
-1.154036333282908977e+01
-1.142803833068062325e+01
-1.144425156957318812e+01
-1.152407061174619862e+01
-1.149222286130879667e+01
-1.158234916478301102e+01
-1.165060215266824883e+01
-1.164357293522936843e+01
-1.181816127343568823e+01
-1.208417314910693108e+01
-1.226624123803379796e+01
-1.231090453834455190e+01
-1.215985443209878980e+01
-1.207289100992679920e+01
-1.206691300016225732e+01
-1.204161136714769320e+01
-1.204714960457175721e+01
-1.207078352531180698e+01
-1.210283681429655367e+01
-1.222116614499316967e+01
-1.234493037049357511e+01
-1.233579022554744320e+01
-1.234489458714925725e+01
-1.237494419366489495e+01
-1.241801812715280917e+01
-1.241381810162381427e+01
-1.244113933641518877e+01
-1.247445856187601976e+01
-1.248484561107525792e+01
-1.248133683235318614e+01
-1.253335526528362465e+01
-1.251207100051848009e+01
-1.249975016132619743e+01
-1.245305004181799013e+01
-1.267885023716829984e+01
-1.298882420862610410e+01
-1.293059005364062308e+01
-1.289733004795734139e+01
-1.280759730766060223e+01
-1.285078342835618415e+01
-1.282496895380925572e+01
-1.290898140928664617e+01
-1.296085022323724978e+01
-1.294094885658239491e+01
-1.303853307659206706e+01
-1.305860338462435166e+01
-1.289311725965503186e+01
-1.287707988482364030e+01
-1.299570477092057530e+01
-1.295367323947597882e+01
-1.293118987927919328e+01
-1.298862179949556150e+01
-1.294067340514404663e+01
-1.300726930200693410e+01
-1.302086303483146246e+01
-1.304802635255170706e+01
-1.310963354966818173e+01
-1.307031729101126416e+01
-1.302890717182116020e+01
-1.313382333203735897e+01
-1.307036300976489862e+01
-1.304097353966544581e+01
-1.302130060006225420e+01
-1.306191560640420235e+01
-1.294833334686076931e+01
-1.293069945805800813e+01
-1.288217887296942976e+01
-1.278861228367668801e+01
-1.269287014373540501e+01
-1.276095449823967698e+01
-1.257910375667727720e+01
-1.255419003189648741e+01
-1.239952815267547770e+01
-1.245836457318955226e+01
-1.241779821893165625e+01
-1.242719213381418086e+01
-1.246928622176320545e+01
-1.251307869818515783e+01
-1.241028327366626804e+01
-1.244667901542861621e+01
-1.235722800976745184e+01
-1.231499863464492250e+01
-1.239800455312639649e+01
-1.234794887508697592e+01
-1.229696474087404212e+01
-1.228044180506440419e+01
-1.231734067077799999e+01
-1.223817767352148600e+01
-1.212848586556574659e+01
-1.226359714026321512e+01
-1.226027435991666259e+01
-1.221846598289242003e+01
-1.210979150334180510e+01
-1.215026698202778022e+01
-1.210079916804691180e+01
-1.209423326015650879e+01
-1.212546080733913989e+01
-1.209404510186266180e+01
-1.217414405364971230e+01
-1.221902341612004861e+01
-1.223383941934055663e+01
-1.217013338846837200e+01
-1.214777250619474813e+01
-1.214030612245672636e+01
-1.220023233646300298e+01
-1.210487513477611188e+01
-1.202924826100621836e+01
-1.203547609315723399e+01
-1.208806669575073300e+01
-1.205037483347266303e+01
-1.202792940086845697e+01
-1.196769781420517553e+01
-1.193616295174495434e+01
-1.187375471579228225e+01
-1.184326965148852651e+01
-1.189861934236140328e+01
-1.186738257258672924e+01
-1.180844337604544414e+01
-1.168100323512937599e+01
-1.162258263099170641e+01
-1.161516002318919938e+01
-1.161028074971511259e+01
-1.160656019197458733e+01
-1.157673631781542944e+01
-1.157020475034936879e+01
-1.149348042465751973e+01
-1.131251291081356314e+01
-1.129343067869880635e+01
-1.118354927148035216e+01
-1.120292351189947233e+01
-1.119962449313494091e+01
-1.113177963957882000e+01
-1.110665962928661088e+01
-1.106348304928813597e+01
-1.103138139422655861e+01
-1.107953617538728608e+01
-1.099614988773159752e+01
-1.099958724130035570e+01
-1.098097646874963296e+01
-1.101712896559346788e+01
-1.100986873890099815e+01
-1.102245904310719204e+01
-1.096209065396863735e+01
-1.092539398095754066e+01
-1.092468097400509386e+01
-1.086172232262248905e+01
-1.081046861514416335e+01
-1.086674927296928672e+01
-1.083328252415290827e+01
-1.085248345585970675e+01
-1.083106146982088092e+01
-1.083719184728023421e+01
-1.084925306872501416e+01
-1.081430632816361204e+01
-1.075272326951283830e+01
-1.074359506455124347e+01
-1.070389639538976390e+01
-1.079073389392642213e+01
-1.085416407959792906e+01
-1.079624701502603479e+01
-1.089705739946285590e+01
-1.091025327542002188e+01
-1.094422264667926825e+01
-1.096181615734661285e+01
-1.092111501505619131e+01
-1.084012913705324443e+01
-1.091551739921046504e+01
-1.088168179613336406e+01
-1.087676721164093152e+01
-1.082468313791408399e+01
-1.064872750311629268e+01
-1.059851489662440471e+01
-1.073580505884486236e+01
-1.070958668715845263e+01
-1.065710087832110986e+01
-1.058225216012157155e+01
-1.060625320314875708e+01
-1.066908772479820300e+01
-1.068696835771732800e+01
-1.061469882444779245e+01
-1.057595692249478248e+01
-1.053288598597631953e+01
-1.051290188241930323e+01
-1.045889813339022822e+01
-1.037392071161930218e+01
-1.041579209881977697e+01
-1.039436550045558150e+01
-1.047191835833985607e+01
-1.047533561541367497e+01
-1.047523818529390383e+01
-1.047407566231419551e+01
-1.044450690159234085e+01
-1.052768775560502057e+01
-1.048116271534863131e+01
-1.040564220803828199e+01
-1.032476756078336599e+01
-1.034340725861558852e+01
-1.037722730632557067e+01
-1.042878607712239258e+01
-1.034488488336532619e+01
-1.031953068637009885e+01
-1.032996350511347927e+01
-1.029876050632263862e+01
-1.026962375315313203e+01
-1.026080645363410149e+01
-1.028475669751358978e+01
-1.035676753558994712e+01
-1.023779227624219068e+01
-1.017243943810086471e+01
-1.009458523806897468e+01
-1.006997732615762509e+01
-1.005731514788188186e+01
-1.004850416782966960e+01
-9.973945259537012831e+00
-9.956885845150699410e+00
-9.973818905108499777e+00
-9.982284716941590474e+00
-9.945492019861928767e+00
-1.001473110278136147e+01
-9.925574893346395200e+00
-9.873630524427200683e+00
-9.814884101144974338e+00
-9.786254465500377364e+00
-9.718194419474802004e+00
-9.680954947244247322e+00
-9.707834393933273631e+00
-9.769451090259442694e+00
-9.818420913115435411e+00
-9.777849624159905773e+00
-9.740906011393978048e+00
-9.764970644861717730e+00
-9.878667781708669438e+00
-9.889499068137874715e+00
-9.912125123122251580e+00
-9.917023364310733058e+00
-9.956416339149379624e+00
-1.001713073947005483e+01
-1.001609728986414005e+01
-9.947598921507109893e+00
-9.992821564102523979e+00
-1.006477070718480959e+01
-1.004468497378085878e+01
-1.007946576763603019e+01
-1.010007284133721228e+01
-1.001873167142116117e+01
-9.979803288926866855e+00
-1.004922495438430552e+01
-1.005214204563204916e+01
-1.006919801943027615e+01
-1.003890444563248252e+01
-9.976355822980828236e+00
-9.959659252567792720e+00
-9.947101226682672603e+00
-9.903304765637242824e+00
-9.887460441974253555e+00
-9.913917079614073202e+00
-9.871248309590455960e+00
-9.886782906499632873e+00
-9.873805590250199771e+00
-9.873545051592328647e+00
-9.927175105217932227e+00
-9.882836536919711534e+00
-9.849939135576871507e+00
-9.955056565068330698e+00
-1.000708872749050471e+01
-1.010629955416132475e+01
-1.009295969507622459e+01
-1.005479850308652523e+01
-1.012216508206300780e+01
-1.003306173955929026e+01
-1.001698540321899955e+01
-9.991659654468806551e+00
-9.961643568550966776e+00
-9.976117278370558950e+00
-1.003743767750730598e+01
-1.004933740599781089e+01
-1.012396367339869130e+01
-1.011801176238583366e+01
-1.015462082018205514e+01
-1.017162514346469848e+01
-1.021305380854285971e+01
-1.031241786084813050e+01
-1.037494487058649106e+01
-1.041015616336427918e+01
-1.049385223912564236e+01
-1.048325590440429345e+01
-1.058733925252462171e+01
-1.048530627224021572e+01
-1.057109021269062765e+01
-1.051425151696946969e+01
-1.044019797235111824e+01
-1.044602307602200675e+01
-1.039657255831273730e+01
-1.044284704243364637e+01
-1.052266978806528286e+01
-1.049317542257744762e+01
-1.055335725189364027e+01
-1.057593068640133893e+01
-1.054194996159408326e+01
-1.052226696480172130e+01
-1.051499351120695103e+01
-1.058422367898513272e+01
-1.058771807247281593e+01
-1.070452253590244496e+01
-1.067295811554213891e+01
-1.067269625728472171e+01
-1.068399211781401625e+01
-1.078662508571153111e+01
-1.073887875586733465e+01
-1.072671969062177055e+01
-1.077479449773179887e+01
-1.080155550405815035e+01
-1.095500865291255899e+01
-1.100769750847948991e+01
-1.100262352697189527e+01
-1.100299774886945769e+01
-1.098918394851276936e+01
-1.089499888262227856e+01
-1.088316844521414950e+01
-1.089759262824781239e+01
-1.097060474968128041e+01
-1.108857740586894103e+01
-1.098939783381188029e+01
-1.102687752440422031e+01
-1.101269441570570251e+01
-1.105692972328846047e+01
-1.099720269579692911e+01
-1.103020273722925459e+01
-1.105469314820166815e+01
-1.102078650717041697e+01
-1.115140052060290010e+01
-1.112899171193666703e+01
-1.126551977679253902e+01
-1.113080946140979499e+01
-1.122022796933989852e+01
-1.124089709755006972e+01
-1.128355259507887354e+01
-1.118837075777151924e+01
-1.120310662133150004e+01
-1.125572020179355270e+01
-1.117615613801784136e+01
-1.112125598695360118e+01
-1.110700750897548161e+01
-1.096684858854877653e+01
-1.099668715783969475e+01
-1.096254192104339609e+01
-1.100688191663808446e+01
-1.093232907890334893e+01
-1.098379244291324319e+01
-1.113349726043641574e+01
-1.111894339646411289e+01
-1.127634348673019282e+01
-1.139521832730827811e+01
-1.147798759989715478e+01
-1.146753273644267246e+01
-1.144442518420077448e+01
-1.139299304568552174e+01
-1.137850792886255391e+01
-1.150070776545186746e+01
-1.151614457761529486e+01
-1.148135996429722816e+01
-1.142435881679912413e+01
-1.138399350914288100e+01
-1.136815133726616267e+01
-1.141432346492034178e+01
-1.134481168649996619e+01
-1.131059856956889931e+01
-1.136998805022567360e+01
-1.133049471760827842e+01
-1.138914186031773745e+01
-1.146486158748894724e+01
-1.140144576593672276e+01
-1.137516638803038305e+01
-1.134987250364315869e+01
-1.137123579967616038e+01
-1.139408303832766123e+01
-1.140398125073337354e+01
-1.143139902922548679e+01
-1.142780267617769496e+01
-1.146237003480944416e+01
-1.145722600003563407e+01
-1.150844344483535941e+01
-1.157018439682640754e+01
-1.161864071623424977e+01
-1.158594374513977066e+01
-1.159672115413044224e+01
-1.166468523543634461e+01
-1.165493517384613575e+01
-1.167390437294376859e+01
-1.174694093203595990e+01
-1.159266526503672523e+01
-1.168641838878681938e+01
-1.170941224802788483e+01
-1.174983179725187910e+01
-1.163333016331518621e+01
-1.179678530756439692e+01
-1.174294713715112515e+01
-1.173809812440406120e+01
-1.179952624380268666e+01
-1.174407667952287859e+01
-1.167794684791918058e+01
-1.175110839797056528e+01
-1.169198802834120521e+01
-1.171834393165239341e+01
-1.180836278419518770e+01
