-5.425056956592596569e-01
-6.555589790405633721e-01
-6.980331315342359622e-01
-7.429695978700282533e-01
-7.586072579527783910e-01
-7.527286003311811635e-01
-7.589530320516577611e-01
-7.804469748132198959e-01
-8.018314414389673406e-01
-7.661327162610426234e-01
-7.636540348626810193e-01
-7.967073001026707679e-01
-8.088049575842277683e-01
-7.942130497203208073e-01
-8.023380985895558482e-01
-7.829426192097291848e-01
-7.748046968028230452e-01
-7.995965402604919836e-01
-8.147900194460708789e-01
-8.210985267567257884e-01
-8.085234574008989261e-01
-8.025128007288540033e-01
-8.357173659731578219e-01
-8.197250616880992213e-01
-7.932038618917489625e-01
-8.116259934194308689e-01
-8.069032055592089137e-01
-7.965800909479948677e-01
-8.075433935989235756e-01
-7.933087762492680994e-01
-7.780358186079054938e-01
-7.775741083252649677e-01
-7.665923147452309294e-01
-8.225615123185968658e-01
-8.009221090721609926e-01
-7.918859107266605912e-01
-7.795102448857685884e-01
-8.249765931854927681e-01
-8.055886777777309105e-01
-7.810996511555403643e-01
-7.931305897659750581e-01
-7.797308251815708857e-01
-7.824218420672315322e-01
-8.024163896973888210e-01
-8.159123964226355774e-01
-7.893112165150155679e-01
-7.714817598352308181e-01
-7.793027423083238592e-01
-7.690532056323440280e-01
-7.920044782962691876e-01
-7.959777703078436684e-01
-7.624549695112374792e-01
-7.820878526238455031e-01
-7.408218757269282584e-01
-8.080677956518479421e-01
-7.622652979235798876e-01
-7.466200921186181283e-01
-7.884078121475612821e-01
-7.959585693126958184e-01
-7.776834234226830400e-01
-7.716361329538056202e-01
-7.762509073944154903e-01
-7.770853094129694938e-01
-7.832770139578634216e-01
-7.777396433808284604e-01
-7.563308940469429809e-01
-7.755615321557036701e-01
-7.387954742429002630e-01
-7.353659429617400711e-01
-7.424651011005103385e-01
-7.289551174402749689e-01
-7.353967648747663510e-01
-7.594667020709219285e-01
-7.384876915228975047e-01
-7.383498451865783130e-01
-7.432801963885916630e-01
-7.516174750552496731e-01
-7.574752975437512026e-01
-7.271422938146918646e-01
-7.345827076175004411e-01
-7.254602520181142600e-01
-7.346261492870957976e-01
-7.165126765509903795e-01
-7.228585178534735478e-01
-7.190573644882909399e-01
-7.288554912373375050e-01
-7.131150869511273527e-01
-7.022844096102498490e-01
-7.183882756643866774e-01
-6.948077512139257950e-01
-7.236438077038265249e-01
-7.122803600197762375e-01
-6.937496437798407189e-01
-7.000335561495643066e-01
-6.790729952585234930e-01
-6.634319138598947507e-01
-6.651618322242395243e-01
-6.288111943013550142e-01
-6.181110586820348640e-01
-6.146690357973749741e-01
-6.047574117059706378e-01
-5.870944641548225817e-01
-5.644988173892908634e-01
-5.594540155880103338e-01
-5.635678281790421629e-01
-5.521990828510032756e-01
-5.436471377243417002e-01
-5.428725555749909226e-01
-5.450886480131154066e-01
-5.436747919738400547e-01
-5.384731549939565376e-01
-5.367989688942791382e-01
-5.270044021292838998e-01
-5.278099491099901286e-01
-5.087780168438116313e-01
-5.207782593232619384e-01
-5.127558493320387711e-01
-5.173970495377018253e-01
-5.125149657908791845e-01
-5.168164001443797950e-01
-5.114737250998175888e-01
-4.963719368295906875e-01
-5.092239144802230832e-01
-5.045471913145598286e-01
-5.012757991184328965e-01
-4.993257725594060226e-01
-4.975940374891636431e-01
-4.911349838511096522e-01
-4.895824441822154149e-01
-4.883068571737676500e-01
-4.887422441539097662e-01
-4.914376631845200905e-01
-4.864935263656917641e-01
-4.817028657882289622e-01
-4.751681008463464195e-01
-4.773969580606882701e-01
-4.723508771502693548e-01
-4.746615818926818164e-01
-4.693020460744676825e-01
-4.676350576793080194e-01
-4.593936439632892998e-01
-4.684044453154943000e-01
-4.647556624271462766e-01
-4.592164738982553729e-01
-4.583370584371566636e-01
-4.567315569748764403e-01
-4.508989672502154988e-01
-4.522454119739611755e-01
-4.515467765849709991e-01
-4.445674360154860949e-01
-4.400072967756001319e-01
-4.393042049779065650e-01
-4.394454511878214120e-01
-4.418441516075279907e-01
-4.397940087822345134e-01
-4.371473136114270019e-01
-4.343711007792281364e-01
-4.331374756815362659e-01
-4.279612760771476232e-01
-4.310379092718665817e-01
-4.277296694287304746e-01
-4.265459944379959012e-01
-4.273267705945045236e-01
-4.190097321112240536e-01
-4.156782324893129044e-01
-4.146294294389489821e-01
-4.130597066255070615e-01
-4.112364767092993034e-01
-4.129639261579463039e-01
-4.116625988147282200e-01
-4.077793566030303296e-01
-4.052249793608710959e-01
-4.071410368351306985e-01
-3.985668152504961981e-01
-3.996331890296396239e-01
-3.961141222562414299e-01
-3.920920072710352144e-01
-3.809905789695031686e-01
-3.747702336084648422e-01
-3.690240144808205613e-01
-3.689629937052254505e-01
-3.487858459639507913e-01
-3.177638020878283953e-01
-2.841650733185225874e-01
-2.745776095775473991e-01
-2.553696161089633598e-01
-2.314028590083907488e-01
-2.281755693213054492e-01
-2.275510840789882749e-01
-2.241140486357635631e-01
-2.275063727652093526e-01
-2.274749505208726319e-01
-2.181272313573412447e-01
-2.123801660816160286e-01
-2.089613083629942025e-01
-2.077049025805539628e-01
-2.004535506554838697e-01
-1.975794330691753586e-01
-1.969615982118750885e-01
-1.989016790261373124e-01
-2.055237903401931909e-01
-2.206758239618098472e-01
-2.250669408908776425e-01
-2.417373903783177624e-01
-2.509129506890439565e-01
-2.565823056011220515e-01
-2.726533268197495197e-01
-2.775252052377958911e-01
-2.905953125064639764e-01
-2.965158695696483715e-01
-2.982001799328224401e-01
-3.012742078181374072e-01
-2.936939471733768237e-01
-2.836771728627447420e-01
-2.763234492643076301e-01
-2.583438904222505883e-01
-2.652812977073870648e-01
-2.561537657910666343e-01
-2.540789039415458639e-01
-2.591432547146661491e-01
-2.685598427827360357e-01
-2.597834328913615209e-01
-2.548798793615789648e-01
-2.519407393306394294e-01
-2.583277154123491126e-01
-2.443622275060199911e-01
-2.442810825647729889e-01
-2.490349592014815538e-01
-2.432253713628824698e-01
-2.485947325142525699e-01
-2.492822842415030049e-01
-2.506051068172012730e-01
-2.590546834230583739e-01
-2.542492798675144439e-01
-2.513874244467564356e-01
-2.570706896209300485e-01
-2.661278863287670493e-01
-2.671875491369762878e-01
-2.703062795481655511e-01
-2.694979755964144186e-01
-2.744679631709743273e-01
-2.784279359728679681e-01
-2.817853608254432540e-01
-2.811362778986745692e-01
-2.867759548512115453e-01
-2.952569208442459292e-01
-3.032928635343608015e-01
-3.058366307997889555e-01
-3.177843824552589735e-01
-3.272781890609172128e-01
-3.277667288169161530e-01
-3.377819772364790696e-01
-3.380391725113669477e-01
-3.482712198038041551e-01
-3.470724338321798941e-01
-3.491960403696894311e-01
-3.465472656294849019e-01
-3.444999820099877708e-01
-3.464957043723074781e-01
-3.400381401660941272e-01
-3.435703931186542825e-01
-3.466643195709984693e-01
-3.386639970044361125e-01
-3.387811552119430747e-01
-3.407091553028021025e-01
-3.344258663796954578e-01
-3.376907003434597709e-01
-3.352307957011644302e-01
-3.379368560728440163e-01
-3.343300917379827264e-01
-3.347131953738717858e-01
-3.279349031133019787e-01
-3.208561377953790261e-01
-3.202175636421935589e-01
-3.210125315255271117e-01
-3.161044893920142429e-01
-3.189613725721164861e-01
-3.138147358279734789e-01
-3.171073830003755534e-01
-3.189000310456853171e-01
-3.102712284872066739e-01
-3.151896861066994515e-01
-3.097964168672343033e-01
-3.081039569750657625e-01
-3.020726321598464215e-01
-2.912569559546364650e-01
-2.935927671709535058e-01
-2.994868774224855867e-01
-2.985350296737702691e-01
-2.964537542991773078e-01
-2.916148297940034384e-01
-2.872293371948141383e-01
-2.908181243552021567e-01
-2.933234927038293471e-01
-2.954607942093217532e-01
-2.925168775196857474e-01
-2.867323789563486769e-01
-3.004168751944194526e-01
-2.977995802220529398e-01
-2.863307671958484901e-01
-2.851573858435518805e-01
-2.864293359631578384e-01
-2.881816694488678054e-01
-2.841787671112059321e-01
-2.848979404198122012e-01
-2.818142485359941274e-01
-2.858264558118698284e-01
-2.854350000704503620e-01
-2.749075904268637460e-01
-2.730562517729164806e-01
-2.717022343301608300e-01
-2.696308310207149450e-01
-2.733331598539971985e-01
-2.764254606266768333e-01
-2.818580200231142197e-01
-2.857483922679402433e-01
-2.846567991127899599e-01
-2.887698543594425793e-01
-2.857131569443840391e-01
-2.781286516932774955e-01
-2.800162224717279713e-01
-2.846917944065673334e-01
-2.886442968826501421e-01
-2.876046790943411757e-01
-2.914025161003649389e-01
-2.871708167970117298e-01
-2.795317531454912796e-01
-2.811055830727013927e-01
-2.775987894336842121e-01
-2.829157237320207852e-01
-2.808957778002127981e-01
-2.816940724095534643e-01
-2.812029029191250862e-01
-2.908777361347461010e-01
-2.952555894411151849e-01
-2.991669924820261617e-01
-2.919167443770985249e-01
-2.989028503459164599e-01
-3.063789629282761551e-01
-3.018673482814074882e-01
-3.075778817580375746e-01
-2.975103214809086682e-01
-2.954702250476154424e-01
-2.941946624797588949e-01
-2.962413340240034332e-01
-3.025108125008840743e-01
-2.968988178945120016e-01
-3.020693685584325827e-01
-2.991242336753302533e-01
-2.984429279495763865e-01
-2.889762754484704876e-01
-3.001762832556061911e-01
-3.031202403959336600e-01
-3.034355020522415680e-01
-3.097220107929224975e-01
-3.146530730490347261e-01
-3.218311814687391248e-01
-3.223806083662313360e-01
-3.218086605576859771e-01
-3.210979902338512160e-01
-3.268969520649182559e-01
-3.242886098974818165e-01
-3.300164067122763889e-01
-3.381163523531509618e-01
-3.432218078700527419e-01
-3.464274259502719278e-01
-3.372213611460945781e-01
-3.385815186910965946e-01
-3.491211738964358213e-01
-3.457157620777372986e-01
-3.389809616076269738e-01
-3.317595191005554001e-01
-3.374728377235133858e-01
-3.393626540611203168e-01
-3.408900159156136311e-01
-3.446745565409628509e-01
-3.491369868180449476e-01
-3.539124650550850015e-01
-3.539563454646956764e-01
-3.537721234818159699e-01
-3.457007577622084327e-01
-3.385187284565431831e-01
-3.666154442585850548e-01
-3.482950262904359606e-01
-3.631350896919176008e-01
-3.459711687466502927e-01
-3.578816397442218245e-01
-3.501231704222230179e-01
-3.619486693159465474e-01
-3.574591676831441744e-01
-3.541979447072021725e-01
-3.569634970902428872e-01
-3.548415571033491922e-01
-3.652161525163059030e-01
-3.610480575181562179e-01
-3.708074176312727843e-01
-3.807783615621400664e-01
-3.689211934912979274e-01
-3.760964882654243002e-01
-3.719734776528306752e-01
-3.644923047038184372e-01
-3.676005144177292849e-01
-3.801253076321629010e-01
-3.696892886327107219e-01
-3.659301045520864659e-01
-3.586135250626218962e-01
-3.577890961206723341e-01
-3.662705438210134279e-01
-3.768630007233627621e-01
-3.780337391591884200e-01
-3.691504453015436726e-01
-3.707625947125329224e-01
-3.573628786383462597e-01
-3.611728359760498774e-01
-3.643481588475479538e-01
-3.588206772634047748e-01
-3.778029619624614921e-01
-3.764826651099965615e-01
-3.664080686825596511e-01
-3.639574606427036785e-01
-3.581731074623833999e-01
-3.549499060369168957e-01
-3.699142752470679363e-01
-3.687223710191257497e-01
-3.565629097753321708e-01
-3.649209142835170283e-01
-3.680956564504873074e-01
-3.777415257123084569e-01
-3.445313590080225086e-01
-3.614731276739551746e-01
-3.716996235445554353e-01
-3.577888798565011519e-01
-3.652567343163539704e-01
-3.665664764878192039e-01
-3.693343288496677146e-01
-3.728624291519311296e-01
-3.664004355298244864e-01
-3.564911823272265967e-01
-3.736763334784078960e-01
-3.734222965044612375e-01
-3.766936478734850269e-01
-3.623651895033394577e-01
-3.634654455408581897e-01
-3.620145620270929232e-01
-3.487661362378000618e-01
-3.616205444987560802e-01
-3.667858925654733926e-01
-3.488356192863996674e-01
-3.682839734924119868e-01
-3.626625989185857102e-01
-3.699469621547847309e-01
-3.610745953941049136e-01
-3.727498984077558530e-01
-3.817550034741078457e-01
-3.707991146868114818e-01
-3.622302407312359418e-01
-3.709652208124907258e-01
-3.671900289962841679e-01
-3.730194300941677144e-01
-3.698443582584178824e-01
-3.702342349958224199e-01
-3.701269127339021359e-01
-3.785361692804307121e-01
-3.742341258563910977e-01
-3.820356302349994793e-01
-3.748790014402831883e-01
-3.649037769534395070e-01
-3.742411529033768947e-01
-3.775604047510962014e-01
-3.737534530643380482e-01
-3.844994574599540638e-01
-3.830870949769902833e-01
-3.723541257391546067e-01
-3.890502412999734538e-01
-3.747703836349802753e-01
-3.654889653943459438e-01
-3.762693651296940001e-01
-3.689070016034017852e-01
-3.761122977112977273e-01
-3.696389728710158251e-01
-3.771558182731162279e-01
-3.653232286396997930e-01
-3.817921312982007209e-01
-3.645422373937581284e-01
-3.871362609223794049e-01
-3.766385277732133829e-01
-3.846845628580243259e-01
-3.773184386005919988e-01
-3.746620958132969581e-01
-3.781522965164080263e-01
-3.705067875921578269e-01
-3.666110690212739942e-01
-3.797168331117592444e-01
-3.768806218156161014e-01
-3.686403492044632024e-01
-3.805497842441497580e-01
-3.786540752517832953e-01
-3.714442644147395445e-01
-3.683212703328710425e-01
-3.654545379177394637e-01
-3.722090396510651100e-01
-3.607536037860133438e-01
-3.711723291337929442e-01
-3.607511068364740447e-01
-3.704697071947744558e-01
-3.803262511240071975e-01
-3.777322553824438156e-01
-3.810754236041730136e-01
-3.753393288630103020e-01
-3.747176098233714892e-01
-3.751149375835173272e-01
-3.765106449022278534e-01
-3.643647672885521605e-01
-3.619778817939087179e-01
-3.678915218488848504e-01
-3.682216272787007805e-01
-3.564206698938783280e-01
-3.630531458715745008e-01
-3.628178658346672414e-01
-3.503574046295765410e-01
-3.568473137009255947e-01
-3.588524807348626444e-01
-3.612825700808333096e-01
-3.506373068207566668e-01
-3.579282341717464622e-01
-3.508688444721629884e-01
-3.630154353535822165e-01
-3.653448394735400728e-01
-3.504228218894770985e-01
-3.630775414141849122e-01
-3.341652889336598764e-01
-3.596364143350438969e-01
-3.601645587071092836e-01
-3.376624976882399709e-01
-3.445009981185461201e-01
-3.557864452671691824e-01
-3.446079980816889599e-01
-3.480537676825388171e-01
-3.552242709613235294e-01
-3.433644180569293547e-01
-3.528270430152451453e-01
-3.514625041658716031e-01
-3.366645355856210386e-01
-3.550490242047125156e-01
-3.507527668079576944e-01
-3.420026069760258025e-01
-3.443390589871070384e-01
-3.295891448944218705e-01
-3.437808829319112247e-01
-3.443714992718237555e-01
-3.364722305834266236e-01
-3.438732654247524945e-01
-3.359925211589494531e-01
-3.333627713577011487e-01
-3.408168519375782135e-01
-3.341320192623553065e-01
-3.333170583586294033e-01
-3.301109510694273386e-01
-3.244288893225213410e-01
-3.172398820580081824e-01
-3.445298490166395222e-01
-3.277363323203962842e-01
-3.289178157991643481e-01
-3.392306023924459568e-01
-3.266588466172169469e-01
-3.189053019345042816e-01
-3.412118827596563042e-01
-3.293360422808652155e-01
-3.214701750950368919e-01
-3.281599257875866815e-01
-3.141005776662661453e-01
-3.243438016362867327e-01
-3.078693524786285107e-01
-3.313237765742500507e-01
-3.186870097861420614e-01
-3.132563477216046555e-01
-3.212772558834184888e-01
-3.232874781411421705e-01
-3.239910008097561800e-01
-3.142016727107116436e-01
-3.150778015923478281e-01
-3.084484695759105444e-01
-3.084236100844075512e-01
-3.123708055061657496e-01
-3.054320308662076267e-01
-3.149247353660258320e-01
-3.035596531999806280e-01
-3.123219792491319646e-01
-3.016552835999464777e-01
-3.025309390525410258e-01
-3.101638733043455831e-01
-2.920208373775285970e-01
-3.093575714547916466e-01
-3.046234150599972934e-01
-2.957577522515770219e-01
-2.928253121465506648e-01
-3.003344855149230330e-01
-3.074850423864162186e-01
-3.158090384422527763e-01
-2.871891977527872841e-01
-2.978984672703367531e-01
-2.970334206714810854e-01
-2.992618568077706209e-01
-3.080916635661140601e-01
-2.950185162183218690e-01
-2.921682395654763287e-01
-2.831099749662573384e-01
-3.011788370873763609e-01
-2.869468115564067223e-01
-2.890267564470508921e-01
-2.859145684283019295e-01
-2.959865831406007231e-01
-2.756334633198888606e-01
-2.922975924881963117e-01
-2.658800983278858943e-01
-2.838359049458490380e-01
-2.962780323985294562e-01
-2.861419538747961289e-01
-2.752568118235315109e-01
-2.828695712407554574e-01
-2.684689761651580797e-01
-2.827630161450051527e-01
-2.668640402067556372e-01
-2.809588487000236334e-01
-2.690088733114591735e-01
-2.803757849086303544e-01
-2.731388490466252206e-01
-2.674787797916873267e-01
-2.607385641067341275e-01
-2.696026632471569262e-01
-2.537423009404262686e-01
-2.761956217852854500e-01
-2.799779713845479412e-01
-2.695213464291136285e-01
-2.600786197923741216e-01
-2.804895179667457050e-01
-2.675803364483764213e-01
-2.724619196946125310e-01
-2.760647413849827148e-01
-2.644878737369142918e-01
-2.706957128035830662e-01
-2.618079272023136062e-01
-2.655044639416511698e-01
-2.721819965656616658e-01
-2.604424737107972065e-01
-2.576611820004128806e-01
-2.699459848378996663e-01
-2.570642002655087466e-01
-2.578150062661491715e-01
-2.450512963940826849e-01
-2.475939216989324065e-01
-2.525623277952382950e-01
-2.456205360571921403e-01
-2.652735633475323818e-01
-2.548773653623616076e-01
-2.487298780677728027e-01
-2.582675842381859099e-01
-2.440387332198313830e-01
-2.477789295418298399e-01
-2.489555847203166472e-01
-2.534308035219033362e-01
-2.444568564228515317e-01
-2.575939703435382588e-01
-2.572651177705772563e-01
-2.466861263824376982e-01
-2.433614917925159826e-01
-2.432757724556494638e-01
-2.443339777942832858e-01
-2.413722818531259806e-01
-2.590105032511866301e-01
-2.432469794701326293e-01
-2.443491050340222404e-01
-2.509706449416194696e-01
-2.594550903660307051e-01
-2.318530526908401113e-01
-2.477997743375919271e-01
-2.413214608992267363e-01
-2.408890743433171888e-01
-2.489680141163200799e-01
-2.281178450261341917e-01
-2.394357133486261779e-01
-2.280385497020930852e-01
-2.476786363260020662e-01
-2.499666392545148996e-01
-2.301469344168624032e-01
-2.298297912690816514e-01
-2.504257739398517701e-01
-2.354130040224517995e-01
-2.473547708202158413e-01
-2.447554820454312940e-01
-2.402715486000520095e-01
-2.294668832107902290e-01
-2.361069013036022346e-01
-2.314169630643548858e-01
-2.408415478393557407e-01
-2.178933168875079041e-01
-2.315825765351650078e-01
-2.524381636170670573e-01
-2.337520275919232615e-01
-2.207085224602493012e-01
-2.315152218227146674e-01
-2.089895154887501105e-01
-2.244075904486760864e-01
-2.347713217534278529e-01
-2.384370485021964359e-01
-2.351867535996895464e-01
-2.393665947175658282e-01
-2.239726976067785147e-01
-2.179715799222808892e-01
-2.113926792883763506e-01
-2.254698348807132602e-01
-2.436353958167501998e-01
-2.162788814402382132e-01
-2.252254579997922113e-01
-2.231313335886473403e-01
-2.138613515395677567e-01
-2.266751635809310939e-01
-2.193582685082606787e-01
-2.226626490448571083e-01
-2.262089838686407450e-01
-2.266173760408957127e-01
-2.226086950612848891e-01
-2.205783546520712068e-01
-2.293897150431841725e-01
-2.251695370396950002e-01
-2.334494384303271164e-01
-2.125479722539481142e-01
-2.257229422563085675e-01
-2.265296885196690924e-01
-2.230786110295960856e-01
-2.206565799053023524e-01
-2.358242067705629830e-01
-2.083955218458468095e-01
-2.201261483924517592e-01
-2.215226349994958155e-01
-2.243606665282897872e-01
-2.197001336714938802e-01
-2.333714453049127169e-01
-2.339372263863434553e-01
-2.349412743584687324e-01
-2.276596094418120164e-01
-2.150691833520944063e-01
-2.435502385686538207e-01
-2.247752609583736350e-01
-2.123910827730522977e-01
-2.374727267223529226e-01
-2.420406023161472686e-01
-2.221492545138081254e-01
-2.225505863215514468e-01
-2.440863918785077802e-01
-2.171278988270132770e-01
-2.241651814867509085e-01
-2.344668185483425593e-01
-2.280162153739709319e-01
-2.303609993973524950e-01
-2.321562611789659281e-01
-2.232005649240347278e-01
-2.392053475924857397e-01
-2.339253724792508538e-01
-2.337051653073078938e-01
-2.323413725912174543e-01
-2.254692263103941219e-01
-2.225645267670659511e-01
-2.342444792846261059e-01
-2.340295584107618398e-01
-2.381160037177643685e-01
-2.253837195282776817e-01
-2.386509064577091721e-01
-2.306608031270205028e-01
-2.294864106766763834e-01
-2.309565586363182821e-01
-2.276234938476010272e-01
-2.143839959232946568e-01
-2.388509499234211242e-01
-2.230707955797275877e-01
-2.237438764089426935e-01
-2.305708882832782913e-01
-2.172800692776976628e-01
-2.228994585472811596e-01
-2.375108120176539495e-01
-2.529948678003060558e-01
-2.242447946231864164e-01
-2.372536158144162854e-01
-2.257966032380023524e-01
-2.253388516934998476e-01
-2.338343348522831933e-01
-2.243016612833677037e-01
-2.316611746062073596e-01
-2.423890238520135521e-01
-2.242567923506722516e-01
-2.149215992145592780e-01
-2.442668015968558204e-01
-2.306809167131850802e-01
-2.199617101099889394e-01
-2.372003372611365402e-01
-2.263793802410154765e-01
-2.403517910737938967e-01
-2.166613276205785199e-01
-2.321532075881778678e-01
-2.258622866165280185e-01
-2.243410778321756616e-01
-2.303823266090039845e-01
-2.264991258617980729e-01
-2.088242222397168613e-01
-2.199979349691275066e-01
-2.237853527321536362e-01
-2.224757778834450805e-01
-2.131030880847883946e-01
-2.253069905141867890e-01
-2.396474020962044427e-01
-2.206348704871460842e-01
-2.402948308128792509e-01
-2.235312172912682915e-01
-2.217950503826271180e-01
-2.311891186584944802e-01
-2.230622738216845868e-01
-2.351995212166008153e-01
-2.142662624632511725e-01
-2.216602976192889318e-01
-2.243416392528772563e-01
-2.406425060026216312e-01
-2.201630558943567517e-01
-2.288438995302334855e-01
-2.293668259587387237e-01
-2.130278915565059217e-01
-2.242860702248172244e-01
-2.336059911141383783e-01
-2.203953857231112368e-01
-2.169594628594775365e-01
-2.213038383433807432e-01
-2.275694157080274671e-01
-2.252749586463004272e-01
-2.136005436118241230e-01
-2.133711865777616623e-01
-2.380717131724567892e-01
-2.164856771999403851e-01
-2.353071844602386831e-01
-2.153860785141841205e-01
-2.299608828767246149e-01
-2.229872814848175011e-01
-2.048994163944062308e-01
-2.351682187079843223e-01
-2.262412052728332013e-01
-2.272082231591461277e-01
-2.217723366624522185e-01
-2.295164953458816992e-01
-2.023285960319864962e-01
-2.265986639619282927e-01
-2.182921779122375394e-01
-2.220121494459457168e-01
-2.175198808693730168e-01
-2.046003552989712482e-01
-2.287913304408493165e-01
-2.358189434871399426e-01
-2.281508224338594237e-01
-2.121398808641457023e-01
-2.351383907827463426e-01
-2.287427059270390473e-01
-2.331395125892314901e-01
-2.129824600672360901e-01
-2.064219325443628072e-01
-2.197837836174360016e-01
-2.167009787759113237e-01
-2.280668214214796041e-01
-2.164425129167116824e-01
-2.198365081976152435e-01
-2.300516140743024129e-01
-2.113340065894996345e-01
-2.197084510408866542e-01
-2.279939739551590794e-01
-2.312435603446492127e-01
-2.255310698530239577e-01
-2.324380559324801254e-01
-2.255259689662747480e-01
-2.274715716915558517e-01
-2.094371487056427839e-01
-2.367898228705638264e-01
-2.179140553006816416e-01
-2.251885021734604253e-01
-2.160129213579293772e-01
-2.148527029189432058e-01
-2.299023875810948248e-01
-2.159431328690375462e-01
-2.150823013449176813e-01
-2.283724794314310191e-01
-2.348643699155239517e-01
-2.196002089913660082e-01
-2.004048491810437316e-01
-2.357229031574570310e-01
-2.268956741032082114e-01
-2.137758416413191309e-01
-2.183641098817119541e-01
-2.199127186410985146e-01
-2.142045807404260316e-01
-2.310174716541408824e-01
-2.188487573996051871e-01
-2.196734807808513601e-01
-2.319839338218823155e-01
-2.225566725712218030e-01
-2.139591773752798076e-01
-2.162466313743125479e-01
-2.128070967861297458e-01
-2.265767565651267690e-01
-2.210010122987755565e-01
-2.086066767925024434e-01
-2.111795431736133155e-01
-2.297379451448410270e-01
-2.208198663536344863e-01
-2.320638189490602521e-01
-2.230649211354259753e-01
-2.187702243696620918e-01
-2.269366250555812092e-01
-2.208725030079814466e-01
-2.364995824345932363e-01
-2.205090771108411118e-01
-2.268850698562918655e-01
-2.213243736204311141e-01
-2.289705962213628432e-01
-2.233087455435927016e-01
-2.045601787260955540e-01
-2.398339335171891795e-01
-2.159847907864227423e-01
-2.166910727697326511e-01
-2.196092977909016586e-01
-2.324379603427683127e-01
-2.176894648514388075e-01
-2.060965729083024112e-01
-2.207717705150926690e-01
-2.235117224404331582e-01
-2.372836604244552561e-01
-2.260472177783157122e-01
-2.216999597761425411e-01
-2.222193579214513104e-01
-2.110541625473838501e-01
-2.301597346142623124e-01
-2.236368104070127760e-01
-2.179199776944944489e-01
-2.220794673949801901e-01
-2.147128488959053616e-01
-2.281236551193864814e-01
-2.263389450181937379e-01
-2.172014104393211742e-01
-2.243936177222153328e-01
-2.420327160392191645e-01
-2.258590715046403519e-01
-2.291138440762505724e-01
-2.264124490562798853e-01
-2.253045411370675488e-01
-2.239047854850744201e-01
-2.367921633124732139e-01
-2.230863309471342593e-01
-2.172842443715031768e-01
-2.221300005381733333e-01
-2.156237681138207796e-01
-2.278659195705325935e-01
-2.283177243320465566e-01
-2.147962696760715717e-01
-2.131114214837002141e-01
-2.325395020676812585e-01
-2.276918739250660684e-01
-2.351893399510649463e-01
-2.223698697546686587e-01
-2.248410038336772221e-01
-2.225883036810607507e-01
-2.316503943502633556e-01
-2.276158753610267871e-01
-2.232303924411492835e-01
-2.174393811081022365e-01
-2.365540608606189199e-01
-2.311808662236463086e-01
-2.248398486779438210e-01
-2.067472298546007003e-01
-2.272154126195009560e-01
-2.187415034608420905e-01
-2.396485170888066341e-01
-2.126962464919222029e-01
-2.341105390295249444e-01
-2.354761069376296589e-01
-2.377437330021842099e-01
-2.268023780188265226e-01
-2.225268727657312429e-01
-1.937055001582796976e-01
-2.307897287212916648e-01
-2.191564035572293179e-01
-2.247098375590854680e-01
-2.332435843418103616e-01
-2.245858195046674943e-01
-2.390362611641825286e-01
-2.333580923882900837e-01
-2.385071670684146827e-01
-2.261099451532846416e-01
-2.367452803688891994e-01
-2.247275200306408927e-01
-2.402570833099508807e-01
-2.162898281867748906e-01
-2.439395160162711740e-01
-2.220686961901410239e-01
-2.203783353382258170e-01
-2.335663202861160137e-01
-2.422805608017379875e-01
-2.137168616261468923e-01
-2.343912936901646482e-01
-2.288439638004925447e-01
-2.313085410886124293e-01
-2.168999019418642593e-01
-2.281539414817728151e-01
-2.225367924132358732e-01
-2.270028186614825305e-01
-2.268372494393191552e-01
-2.228685886878809530e-01
-2.124971730638687273e-01
-2.185021412878276337e-01
-2.258910891550556244e-01
-2.321464529538478372e-01
-2.355542846317667527e-01
-2.301757157986835667e-01
-2.262417563456308178e-01
-2.255913960539652763e-01
-2.257735611527486030e-01
-2.323098990399659058e-01
-2.228218407660115252e-01
-2.219441058346562912e-01
-2.307706315113259299e-01
-2.272434984964695204e-01
-2.374911045204086690e-01
-2.270577182849287112e-01
-2.284568157716648784e-01
-2.334689989070910521e-01
-2.256883893337175984e-01
-2.207482274225753827e-01
-2.259420777471636832e-01
-2.242461231009618139e-01
-2.187307180994646494e-01
-2.284327516682729264e-01
-2.354241900722733316e-01
-2.250148203953643566e-01
-2.387083817068469394e-01
-2.322125800819707653e-01
-2.205242922765175972e-01
-2.379185548369626702e-01
-2.262069239222204153e-01
-2.283508674968888208e-01
-2.248017262318429133e-01
-2.229128352884011122e-01
-2.186245312211478886e-01
-2.226788386851401569e-01
-2.262244613909196733e-01
-2.211976601246512519e-01
-2.317865784047399291e-01
-2.200561390770625625e-01
-2.334894434401277863e-01
-2.271953459845375001e-01
-2.272270297773058001e-01
-2.176838856740346273e-01
-2.324868831360498156e-01
-2.419795551164400926e-01
-2.287591630380150232e-01
-2.266548131613381756e-01
-2.419265501210641212e-01
-2.302358367881502943e-01
-2.175228802532482852e-01
-2.315332178337499158e-01
-2.203599671782057179e-01
-2.166547524459772056e-01
-2.143002454247144861e-01
-2.166878368643190278e-01
-2.423008241905548754e-01
-2.287570699339243063e-01
-2.335436409389344270e-01
-2.346702979413251011e-01
-2.296523635738809688e-01
-2.224573872020818577e-01
-2.202735418040415727e-01
-2.358560832988405576e-01
-2.234004294985496575e-01
-2.437167360905532210e-01
-2.347653982962725205e-01
-2.270530524534848382e-01
-2.322664323163934341e-01
-2.030491272310448458e-01
-2.278033844589926193e-01
-2.308694536218134363e-01
-2.043703476195841695e-01
-2.316766977803501604e-01
-2.182676803676570909e-01
-2.194976637373171613e-01
-2.440828882084433715e-01
-2.373336548245210675e-01
-2.393011615103226575e-01
-2.346901661680400597e-01
-2.306285461281645244e-01
-2.381067710953908012e-01
-2.263217544808870940e-01
-2.465548592982480525e-01
-2.321484862084912670e-01
-2.312960668628014638e-01
-2.375978679619514811e-01
-2.428247830690331011e-01
-2.298885407455595331e-01
-2.410790341659683200e-01
-2.385378853349466866e-01
-2.228895550107241608e-01
-2.323888728940199933e-01
-2.383840004473198881e-01
-2.313252191208872155e-01
-2.253661932649186905e-01
-2.257449728201528227e-01
-2.275473844051651984e-01
-2.318876226105186511e-01
-2.287717918891523095e-01
-2.283329966180864812e-01
-2.263160539173434405e-01
-2.367589585767360116e-01
-2.235221444574138072e-01
-2.354397773766367941e-01
-2.322611548837654194e-01
-2.210005278939619622e-01
-2.281649848667191005e-01
-2.226244165599819969e-01
-2.300391363022278313e-01
-2.281506473585612760e-01
-2.318551108716611076e-01
-2.154444094028682422e-01
-2.276111179513939931e-01
-2.336857254004058859e-01
-2.229463423050457305e-01
-2.306570811895651829e-01
-2.242182312581895154e-01
-2.433826355920605256e-01
-2.394810979162378395e-01
-2.246026729585204329e-01
-2.276838817677429017e-01
-2.269603504827111262e-01
-2.399890565796560793e-01
-2.296473631594488918e-01
-2.287703826478226787e-01
-2.226497822320854247e-01
-2.398613575724415359e-01
-2.453430334305135574e-01
-2.351635389314876701e-01
-2.255429844584699861e-01
-2.316242321905632728e-01
-2.397167467049139411e-01
-2.334351455142062992e-01
-2.379683143895512387e-01
-2.346579549008298571e-01
-2.347273535128007182e-01
-2.394498073880160227e-01
-2.434375067039677987e-01
-2.268577444792034825e-01
-2.262887218722677840e-01
-2.365576552775352503e-01
-2.243247897556250869e-01
-2.333752470191043926e-01
-2.388927954659068043e-01
-2.252039057308499181e-01
-2.308482236164128842e-01
-2.303607608175410881e-01
-2.352687165446356587e-01
-2.361805639787961653e-01
-2.325991824032000999e-01
-2.258182176322529600e-01
-2.295261720642600700e-01
-2.351277901289021699e-01
-2.541460584269699119e-01
-2.383217182847174875e-01
-2.497148073870634200e-01
-2.470344363136147692e-01
-2.494309129914333845e-01
-2.340371268759895429e-01
-2.407094460272540815e-01
-2.426567621109279038e-01
-2.285534455328752657e-01
-2.372560957653591096e-01
-2.402914149888197848e-01
-2.395194534111753093e-01
-2.378028575837829450e-01
-2.340311643467845037e-01
-2.386998731466656309e-01
-2.456292188975321977e-01
-2.376112562748118329e-01
-2.329592221241671979e-01
-2.476733063309257687e-01
-2.283186849399694296e-01
-2.252229889344583569e-01
-2.303718877083835714e-01
-2.478657307572982305e-01
-2.456006754022754812e-01
-2.328429818336363866e-01
-2.370035561987191564e-01
-2.239777590115883399e-01
-2.282260215190015096e-01
-2.336949061909301406e-01
-2.301993776175490503e-01
-2.472713970819819806e-01
-2.440485317677132393e-01
-2.245398958092064134e-01
-2.480628404577140955e-01
-2.258485029357104601e-01
-2.407736093651209330e-01
-2.352795832790315345e-01
-2.374069064859907208e-01
-2.261768360933276156e-01
-2.263659865391600690e-01
-2.403549775237605601e-01
-2.282246626197093065e-01
-2.341334719851060342e-01
-2.406288947354493502e-01
-2.312200211463961708e-01
-2.351912144809249483e-01
-2.348928988746910029e-01
-2.430852410839836608e-01
-2.298334905077803469e-01
-2.431642202502057870e-01
-2.344027868291429506e-01
-2.281540103764250205e-01
-2.431644310333602732e-01
-2.357574882742561329e-01
-2.402989182317627481e-01
-2.349170139365313048e-01
-2.468832643330323151e-01
-2.477589503787460679e-01
-2.244914398173212255e-01
-2.369123706986653310e-01
-2.429503166206465892e-01
-2.442715508104784661e-01
-2.480409572499744364e-01
-2.466055313112991421e-01
-2.423355071714570208e-01
-2.342070688523358868e-01
-2.325962049111049978e-01
-2.332145607820050870e-01
-2.506204942149952153e-01
-2.289842383619440369e-01
-2.380841983650006100e-01
-2.382688041706626514e-01
-2.242801643163687686e-01
-2.594117600138305946e-01
-2.309982908992163075e-01
-2.537530258842273234e-01
-2.475597384263963363e-01
-2.381227239064531709e-01
-2.425756179366289622e-01
-2.367655810908622094e-01
-2.369220016648516669e-01
-2.468698594753151454e-01
-2.298329563436247724e-01
-2.334310151453080628e-01
-2.316701607627638104e-01
-2.387112675502542913e-01
-2.314580316544097016e-01
-2.584172370514674633e-01
-2.364465029969378129e-01
-2.350864993096264399e-01
-2.232169527257603647e-01
-2.393819486807819974e-01
-2.457148561441107049e-01
-2.377971400533449575e-01
-2.424435791949548502e-01
-2.378286882390567847e-01
-2.440840022255512665e-01
-2.478946471768930238e-01
-2.313744485378212978e-01
-2.413831564544350883e-01
-2.413091995807628010e-01
-2.452074404434410049e-01
-2.375437486458475966e-01
-2.386771105619551747e-01
-2.427970585437497775e-01
-2.380929925885664211e-01
-2.467979208838477767e-01
-2.442759512545173983e-01
-2.491069543062365277e-01
-2.494424188007373644e-01
-2.454738807902354658e-01
-2.304003143319079960e-01
-2.273450694091510016e-01
-2.417151396179195721e-01
-2.375795373931350873e-01
-2.456597402471221159e-01
-2.597791435085072820e-01
-2.328927826066196083e-01
-2.375534165051353952e-01
-2.424360290465972234e-01
-2.496286071869149303e-01
-2.531458177076140181e-01
-2.568285690096909768e-01
-2.473801790366394471e-01
-2.546615976333597153e-01
-2.450956883883774751e-01
-2.507034826695129226e-01
-2.463307178344447124e-01
-2.465578233568548328e-01
-2.461378540434240314e-01
-2.439164544413769953e-01
-2.446481187786120337e-01
-2.306064093651363223e-01
-2.358511935123495107e-01
-2.465878037597617478e-01
-2.401811724499371969e-01
-2.341195361141457099e-01
-2.462521652904929859e-01
-2.437853319275182784e-01
-2.434334855497573002e-01
-2.509433311181794579e-01
-2.468817069751971793e-01
-2.431914493039539771e-01
-2.446304654052111616e-01
-2.535989110118919143e-01
-2.441189714014706524e-01
-2.408632749043957411e-01
-2.581862060972013317e-01
-2.436466781394690528e-01
-2.474363699791455318e-01
-2.407449586466769986e-01
-2.376091220554017447e-01
-2.586381079140727124e-01
-2.385389829567396980e-01
-2.414352669506460991e-01
-2.489862611195845510e-01
-2.368619805400273837e-01
-2.428766992287625381e-01
-2.453332492630868611e-01
-2.513221764036923656e-01
-2.458298480286513765e-01
-2.290390704284561707e-01
-2.448441913976948658e-01
-2.563509606531053642e-01
-2.373769513090859817e-01
-2.484218587640307785e-01
-2.591604304747909815e-01
-2.446776376185724189e-01
-2.495896143154967550e-01
-2.381235610113066059e-01
-2.577859640643762607e-01
-2.608203459954503423e-01
-2.454901297317024778e-01
-2.602041909836305678e-01
-2.492528227371546556e-01
-2.452258403738061254e-01
-2.479176994540031043e-01
-2.471028340119372224e-01
-2.447909994970762781e-01
-2.482381730990348423e-01
-2.380066949840833335e-01
-2.431574885475911163e-01
-2.569707475356977078e-01
-2.363349898716420316e-01
-2.491317255520193452e-01
-2.378468896250827136e-01
-2.500681543223188807e-01
-2.422200534948588668e-01
-2.459810889269835599e-01
-2.431042387457074128e-01
-2.298844115974782998e-01
-2.569624348293417793e-01
-2.539947428713378308e-01
-2.474703300725138444e-01
-2.566098211882061886e-01
-2.553951806410621472e-01
-2.362287424731044361e-01
-2.513640976202276001e-01
-2.532091787758012913e-01
-2.312695280141707777e-01
-2.380746862089400118e-01
-2.469768832072705145e-01
-2.513369794981328287e-01
-2.343728964659448355e-01
-2.469319928177438062e-01
-2.577680086934979187e-01
-2.464347338807471033e-01
-2.535790313310752886e-01
-2.475487099381179501e-01
-2.434709552935403476e-01
-2.481827986939968422e-01
-2.407115809564031039e-01
-2.450096855180659006e-01
-2.454751000653030424e-01
-2.444681590955415373e-01
-2.517263253377841625e-01
-2.485807124272028101e-01
-2.404387167141401882e-01
-2.509159493122610218e-01
-2.508680396419662451e-01
-2.402392008249030209e-01
-2.611245860337709779e-01
-2.542673248532454355e-01
-2.468987866145870846e-01
-2.406235674068657460e-01
-2.499118795409462912e-01
-2.530255601785995623e-01
-2.233580022433341306e-01
-2.423127571677534675e-01
-2.518994943256918084e-01
-2.535165466088207253e-01
-2.490752573229295663e-01
-2.507435114016525191e-01
-2.480955266269311288e-01
-2.555923688336250166e-01
-2.488542051270923317e-01
-2.530812146456460354e-01
-2.552865179834533649e-01
-2.490905980204995984e-01
-2.523468665139092515e-01
-2.466825754644181856e-01
-2.538796154929259252e-01
-2.604560088576644006e-01
-2.436854159569157297e-01
-2.491678320202908026e-01
-2.539237517940260425e-01
-2.544715663906891301e-01
-2.601863105230508566e-01
-2.644170735824533658e-01
-2.499399947037863612e-01
-2.373631372890336877e-01
-2.554656784150561855e-01
-2.604345913373284915e-01
-2.573555671775653586e-01
-2.506073664794197242e-01
-2.415763488688940086e-01
-2.557947087597254310e-01
-2.522446177451720395e-01
-2.494618781326209955e-01
-2.582304256610497006e-01
-2.544975438119077005e-01
-2.493195896706388304e-01
-2.563105291473823932e-01
-2.481874400563084393e-01
-2.625997130152071257e-01
-2.593334791171995057e-01
-2.591666733846440529e-01
-2.636046082008642877e-01
-2.671107310411886537e-01
-2.510598451029553146e-01
-2.485551124262896927e-01
-2.585403887430177683e-01
-2.556684701469844612e-01
-2.475762523096549650e-01
-2.406903470194663441e-01
-2.543527250209094426e-01
-2.515634209793793374e-01
-2.516445078095235210e-01
-2.552377698709742404e-01
-2.492844547509061037e-01
-2.562116870353534637e-01
-2.604147716326674633e-01
-2.619271792623765194e-01
-2.497520425680348488e-01
-2.494138835122110542e-01
-2.539583281427906236e-01
-2.541190941952460314e-01
-2.536796197376407491e-01
-2.563222978694956744e-01
-2.503707326439776892e-01
-2.602851999569399943e-01
-2.557349206706041045e-01
-2.628047351623381545e-01
-2.515291692230521292e-01
-2.507194106313623827e-01
-2.616957205224084149e-01
-2.572319185914766493e-01
-2.670575000388732967e-01
-2.386321466999343777e-01
-2.414696168662131548e-01
-2.400731137344398469e-01
-2.439997436675578335e-01
-2.567713048860111869e-01
-2.605008095174907723e-01
-2.485219730451104780e-01
-2.627390123277280054e-01
-2.563316480907258388e-01
-2.582286132044719906e-01
-2.612476877230429650e-01
-2.543703976197764227e-01
-2.453109855507795700e-01
-2.537466852472860523e-01
-2.452065510526799663e-01
-2.512881749856434865e-01
-2.593930892446958403e-01
-2.538343654720485176e-01
-2.414460201173604936e-01
-2.586166138090306710e-01
-2.569981191291765832e-01
-2.639032595574177797e-01
-2.649519784798801680e-01
-2.585274213825292655e-01
-2.605828026297309918e-01
-2.567315883236416241e-01
-2.534627412439305338e-01
-2.443737787574078446e-01
-2.567692764574469599e-01
-2.593605127510496544e-01
-2.524338936225967167e-01
-2.662981514368309988e-01
-2.664619005278532349e-01
-2.680320088145946578e-01
-2.604323737903633251e-01
-2.426088816725036068e-01
-2.534577476192669820e-01
-2.667416785002587609e-01
-2.665245291532021277e-01
-2.566956250957912467e-01
-2.488563953442777255e-01
-2.571411282141498056e-01
-2.513909473014437346e-01
-2.534096351547185932e-01
-2.592765395524092575e-01
-2.586448355481034689e-01
-2.570774875694197270e-01
-2.440655957554502820e-01
-2.600588957169995830e-01
-2.575927405424698335e-01
-2.570427538207180618e-01
-2.513004919148928984e-01
-2.482267486832134828e-01
-2.583854016918993857e-01
-2.553155807400933064e-01
-2.513352213437238802e-01
-2.403493451786729018e-01
-2.472186214073146537e-01
-2.558158585903829163e-01
-2.444904984517446422e-01
-2.445331584066599007e-01
-2.626554198819510688e-01
-2.480693647571450278e-01
-2.629812813779230929e-01
-2.452981027553589044e-01
-2.362865636236453071e-01
-2.406651086794933114e-01
-2.602093649392114294e-01
-2.582596473496607814e-01
-2.464884499166202225e-01
-2.462311796474683234e-01
-2.546101262447972857e-01
-2.560733567617434758e-01
-2.472408875684783958e-01
-2.661451189083288149e-01
-2.649265715079121009e-01
-2.510619703569818562e-01
-2.560758747908202793e-01
-2.556909037980084065e-01
-2.513045055781453208e-01
-2.570292173661719026e-01
-2.555801729833611091e-01
-2.598174864491165081e-01
-2.418395622342921492e-01
-2.595871335408799219e-01
-2.455540207913107231e-01
-2.562379747522922635e-01
-2.611471058071930251e-01
-2.594045449827797611e-01
-2.612091406984036190e-01
-2.561072951036669210e-01
-2.504409052415308423e-01
-2.480035551440131769e-01
-2.626134848595964577e-01
-2.451711458403122990e-01
-2.531249562188420121e-01
-2.499519572102095744e-01
-2.504429965156158566e-01
-2.512513975420502810e-01
-2.542375689656979354e-01
-2.508398711842731998e-01
-2.564376753200336978e-01
-2.547176836548152856e-01
-2.574880094441005518e-01
-2.595530854864587234e-01
-2.537973171086407298e-01
-2.616770599657960439e-01
-2.654759305778560119e-01
-2.431086637008390561e-01
-2.466136589131591172e-01
-2.670532901084006205e-01
-2.492986217349235645e-01
-2.554176171467505974e-01
-2.555113456558979479e-01
-2.633213339929136865e-01
-2.433640711799758272e-01
-2.468448434231533817e-01
-2.639541458449738975e-01
-2.500305869464165553e-01
-2.509393573712217496e-01
-2.603941795386317537e-01
-2.531133489487338295e-01
-2.503643759207858643e-01
-2.601498852821375607e-01
-2.609815689589884968e-01
-2.511002231348133940e-01
-2.580436995942982925e-01
-2.418261994794028702e-01
-2.533650115049570495e-01
-2.577254259702606021e-01
-2.611269266416029744e-01
-2.589781529403762939e-01
-2.604998128011390968e-01
-2.594081058721053878e-01
-2.619866583213505962e-01
-2.486813774249938547e-01
-2.521554835157275853e-01
-2.606578506702508236e-01
-2.520360255419595852e-01
-2.694986797420684255e-01
-2.650324291876802185e-01
-2.523624188390258816e-01
-2.634062396448362264e-01
-2.530067816688039706e-01
-2.681264633101188011e-01
-2.599748090330096240e-01
-2.663862532021683549e-01
-2.452547197131651480e-01
-2.648767590792204807e-01
-2.477484035946702079e-01
-2.684173207376492343e-01
-2.539293291781774542e-01
-2.604210031671110315e-01
-2.588958949374209340e-01
-2.520235731079805142e-01
-2.613514054964083400e-01
-2.655189519708813783e-01
-2.532194478374978353e-01
-2.708249017553963078e-01
-2.569318430131479758e-01
-2.527085413233116640e-01
-2.563364815765929450e-01
-2.690487681989162105e-01
-2.476160427249274321e-01
-2.536088498903712463e-01
-2.604814434894455744e-01
-2.609394124715569419e-01
-2.577321283093221282e-01
-2.612911549885028606e-01
-2.516932993627469806e-01
-2.557219749785106799e-01
-2.520001566323952780e-01
-2.501221984325341374e-01
-2.651547098184572349e-01
-2.683935842859632714e-01
-2.514755212267489881e-01
-2.505542356912475732e-01
-2.604543192283546027e-01
-2.567288721546523433e-01
-2.658071761746438888e-01
-2.537949129623973121e-01
-2.546110650139228326e-01
-2.590233438762141738e-01
-2.568375706174621520e-01
-2.722333819072790817e-01
-2.670304720382459251e-01
-2.582716590576548121e-01
-2.683961900827322999e-01
-2.629987303836571755e-01
-2.643764422498131594e-01
-2.699519240915853047e-01
-2.649431580238426065e-01
-2.627896709848269730e-01
-2.616779185204771707e-01
-2.643763003820200908e-01
-2.627865004136267224e-01
-2.695854786423366178e-01
-2.657894792983097609e-01
-2.513320888135734954e-01
-2.546441015366047722e-01
-2.582673369608090574e-01
-2.558814806737728098e-01
-2.594112756391684371e-01
-2.473475929960047281e-01
-2.430607710829475465e-01
-2.461839629266417973e-01
-2.617860216006939744e-01
-2.540544124761225930e-01
-2.578792823620430497e-01
-2.662422629345688740e-01
-2.571817886442500090e-01
-2.556691183926376176e-01
-2.599783108349451588e-01
-2.635716788369655283e-01
-2.655803176489968109e-01
-2.582630151497009585e-01
-2.577038966713862678e-01
-2.518137965462017291e-01
-2.677605688892366054e-01
-2.611296929473825301e-01
-2.611821801112705899e-01
-2.719076116560508183e-01
-2.467368879393649905e-01
-2.577558170171654339e-01
-2.679986679870487443e-01
-2.615560424539413731e-01
-2.590041981846491481e-01
-2.523999732177935051e-01
-2.543704379988618314e-01
-2.342636947050311669e-01
-2.545565996442262779e-01
-2.599531139547925918e-01
-2.589253795523474011e-01
-2.592203876855512235e-01
-2.526439262033948197e-01
-2.463111762885930034e-01
-2.573216186457800703e-01
-2.513785685681835247e-01
-2.457926592361934226e-01
-2.544464581124481484e-01
-2.624382103890905427e-01
-2.653941596130602321e-01
-2.539655545787118385e-01
-2.668251647059900478e-01
-2.417529223144718742e-01
-2.659338171378999860e-01
-2.609101092049153081e-01
-2.614543135695361897e-01
-2.699653724021482404e-01
-2.591109031691445352e-01
-2.518400269240048672e-01
-2.652127747678774128e-01
-2.562162411231900805e-01
-2.654980944928286846e-01
-2.662726948994675880e-01
-2.719230619611403554e-01
-2.666957418297872806e-01
-2.705313078052595799e-01
-2.552790639491995250e-01
-2.716749959248883073e-01
-2.648076604228792874e-01
-2.762666959901558528e-01
-2.658841453957379031e-01
-2.722926320188934213e-01
-2.623423579951218443e-01
-2.620055299045231934e-01
-2.576279766874467470e-01
-2.615704238382372537e-01
-2.704188751346476849e-01
-2.652383774585818088e-01
-2.541791085094970981e-01
-2.681820833678454363e-01
-2.523378842711156977e-01
-2.487220410471229215e-01
-2.532820544943170660e-01
-2.394167785401872806e-01
-2.446645971489074256e-01
-2.557599342982728174e-01
-2.597144782677514030e-01
-2.617095514106022591e-01
-2.545321571934699989e-01
-2.509862170191796693e-01
-2.438239160320696541e-01
-2.529605001550496723e-01
-2.458496685614486310e-01
-2.563917184381923065e-01
-2.292604568753819905e-01
-2.565395555778007264e-01
-2.455850205059224578e-01
-2.489072075169609377e-01
-2.440624654092671264e-01
-2.531834253083999897e-01
-2.540167605131884443e-01
-2.507756275111896471e-01
-2.428066903031265156e-01
-2.445184351233322673e-01
-2.456385665177238664e-01
-2.525653802171214934e-01
-2.531558906356758953e-01
-2.562532839296309817e-01
-2.636548677864718471e-01
-2.482033885375836135e-01
-2.456143465773683587e-01
-2.516008200279706841e-01
-2.540070072295748105e-01
-2.490586614499950002e-01
-2.447196193072116444e-01
-2.561809146877953580e-01
-2.469175497619167103e-01
-2.758415771416204976e-01
-2.738222931726239651e-01
-2.742372782862565472e-01
-2.732346952560300579e-01
-2.655492547297289008e-01
-2.449820405659046685e-01
-2.611248276050917028e-01
-2.643440226630060508e-01
-2.662191991879740982e-01
-2.687101955764452654e-01
-2.701430016266126444e-01
-2.740679288340572839e-01
-2.545446351404434537e-01
-2.636490094148795649e-01
-2.694462608073617815e-01
-2.673505093849266601e-01
-2.638641022493093402e-01
-2.661366073698276935e-01
-2.708597242298029784e-01
-2.666872848856476352e-01
-2.604120508301832615e-01
-2.610549524182053105e-01
-2.638858804028147986e-01
-2.686158663253843670e-01
-2.789432193594194587e-01
-2.652003247031720079e-01
-2.652788272898813915e-01
-2.727854641674856140e-01
-2.746784600736331683e-01
-2.792412394779200113e-01
-2.658173268562418201e-01
-2.582014215441912341e-01
-2.636037057865658895e-01
-2.722675195470829479e-01
-2.687674987534407478e-01
-2.586267018750199043e-01
-2.634339159351926085e-01
-2.660783297970770178e-01
-2.702508668922529722e-01
-2.551462924895382400e-01
-2.565526827283779454e-01
-2.644573323612418037e-01
-2.648079081343919228e-01
-2.451363110587942984e-01
-2.550904320485170018e-01
-2.516747478354153245e-01
-2.557707595334131057e-01
-2.583348410211936397e-01
-2.588046153690530815e-01
-2.599792944982635134e-01
-2.517074262429357390e-01
-2.461580993301231146e-01
-2.513870885920379550e-01
-2.545783803140855284e-01
-2.421401241357390433e-01
-2.437490664387196304e-01
-2.444501043276421370e-01
-2.519561374599321724e-01
-2.525121408035628789e-01
-2.460934071305551640e-01
-2.480583020831437224e-01
-2.542631313219825273e-01
-2.504802321889760819e-01
-2.424250216159569149e-01
-2.485928288193530733e-01
-2.541950169468520926e-01
-2.580181064923312562e-01
-2.448307193425920403e-01
-2.427852194394359842e-01
-2.554667343523879808e-01
-2.469378884197990232e-01
-2.529459042637727251e-01
-2.530885078817224354e-01
-2.600367530340106370e-01
-2.549545386492946264e-01
-2.542361546566072050e-01
-2.611758187117718677e-01
-2.508877322155385059e-01
-2.562665787278968210e-01
-2.522295885446741437e-01
-2.526502492242981290e-01
-2.503680848337417331e-01
-2.504960991013387428e-01
-2.469693457460913066e-01
-2.616182305783372186e-01
-2.511130628461346603e-01
-2.620415845289079115e-01
-2.569086727042666496e-01
-2.464607566300021091e-01
-2.546769083828790414e-01
-2.568967241848234551e-01
-2.495496362344900021e-01
-2.561780859607285521e-01
-2.640858425766285933e-01
-2.546881514821350834e-01
-2.492469854195871193e-01
-2.481757130795347877e-01
-2.632379803283519948e-01
-2.708375549612993538e-01
-2.636540058504230899e-01
-2.564234000505756228e-01
-2.579876750743697045e-01
-2.602366003683966866e-01
-2.517270971584482098e-01
-2.579798736382468149e-01
-2.549259136412000970e-01
-2.487514697208119685e-01
-2.521673871684848578e-01
-2.527184828296782371e-01
-2.589333673594955698e-01
-2.712394805376154849e-01
-2.573956088755746663e-01
-2.484065387338976194e-01
-2.620885480477932461e-01
-2.531483860980250356e-01
-2.630574701285333106e-01
-2.569223373280964395e-01
-2.614563662473869954e-01
-2.704093764810675538e-01
-2.578400197939192395e-01
-2.655364032557816500e-01
-2.627566954458204762e-01
-2.655665755602392153e-01
-2.627620479343590887e-01
-2.549447145648464641e-01
-2.705062194304437284e-01
-2.643507050923110668e-01
-2.595912887601414809e-01
-2.387768503126466157e-01
-2.703518212679307808e-01
-2.552070767912129057e-01
-2.566466988548530281e-01
-2.562671879716678092e-01
-2.499080604570664832e-01
-2.365103994418378264e-01
-2.543157877098094488e-01
-2.647298689283639206e-01
-2.542478206746068281e-01
-2.619485158305634442e-01
-2.615664986209411680e-01
-2.598339662566218067e-01
-2.464388049180010754e-01
-2.409207708734921738e-01
-2.520285763354017661e-01
-2.514882816560239931e-01
-2.538806226170322589e-01
-2.545932455818444851e-01
-2.508967167207147853e-01
-2.548675424555648661e-01
-2.512491479229979063e-01
-2.479373238418967063e-01
-2.603439490072583240e-01
-2.576705751228267616e-01
-2.451526811976849629e-01
-2.536870090671961009e-01
-2.569688668614373839e-01
-2.437117369232062458e-01
-2.517461801210316708e-01
-2.450230405126809785e-01
-2.598358005512277913e-01
-2.502540823650303281e-01
-2.261179533059278768e-01
-2.563930432295435935e-01
-2.636283384772104554e-01
-2.520324104888480576e-01
-2.608843203170163605e-01
-2.659634429910378017e-01
-2.477389359828832127e-01
-2.589273893530235071e-01
-2.316658497913675063e-01
-2.145072592586734217e-01
-2.218369824923920319e-01
-2.229890851023696996e-01
-1.933792125855564592e-01
-2.341703895056586049e-01
-1.835465686380599593e-01
-1.790422926910899548e-01
-1.718591191965970211e-01
-1.815098092375935224e-01
-1.930638756525322464e-01
-2.081875780708140056e-01
-2.275367938116383826e-01
-2.151919906618227074e-01
-2.088791985656266448e-01
-2.334000667273876672e-01
-2.023779896231259201e-01
-2.153102633621903905e-01
-2.367208910254419152e-01
-2.258586585346966658e-01
-2.320248262957465002e-01
-2.427022294934726432e-01
-1.917285322915978085e-01
-2.108220139281149486e-01
-1.758208576179942639e-02
-1.353796775383857565e-01
-3.424849500388393864e-02
-1.355808020480049336e-01
-1.777547297764003886e-01
-1.388047643949610332e-01
-1.356365193356303678e-01
-1.547123660074962714e-01
-1.593618995009151718e-01
-1.671839182946381896e-01
-1.580095100376270878e-01
-1.716803303251639434e-01
-1.911189817521892209e-01
-1.866093767216101540e-01
-1.938414143179310045e-01
-2.060591622840997061e-01
-2.063708244790714019e-01
-2.090948871272715337e-01
-2.131019571255574618e-01
-2.050402356581564334e-01
-2.198358438962459971e-01
-2.093447414505931192e-01
-2.129003721679039174e-01
-2.093731072976856566e-01
-2.197779077597976638e-01
-2.234706698228547950e-01
-2.094480044922795159e-01
-2.200553739798678521e-01
-2.252810513469265530e-01
-2.226130248434925463e-01
-2.200152610818912891e-01
-2.314196782764232907e-01
-2.247824631762176395e-01
-2.256657814836513509e-01
-2.271419180382849845e-01
-2.328464613769369862e-01
-2.270585440198127358e-01
-2.191168039322919370e-01
-2.160907465539168015e-01
-2.111310672852582115e-01
-2.196280106596688597e-01
-2.185237722509540959e-01
-2.207671169645717413e-01
-2.153551419528492161e-01
-2.096780415139471998e-01
-2.117156657520933294e-01
-2.222373154735608480e-01
-2.182704873084571062e-01
-2.201705561804816469e-01
-2.186082749989202156e-01
-2.204387335268860326e-01
-2.243056615632763595e-01
-2.184359360155383456e-01
-2.257429233027821169e-01
-2.242588187966161328e-01
-2.193029326841955395e-01
-2.128067841742247168e-01
-2.216531099352065937e-01
-2.194808030221313544e-01
-2.271636312073326280e-01
-2.340577699333223904e-01
-2.214880555704574761e-01
-2.286084120855473856e-01
-2.245734191945727432e-01
-2.204195447886645454e-01
-2.226018993857232786e-01
-2.213297560201343828e-01
-2.254748451355208516e-01
-2.243358480975521374e-01
-2.234080781943683647e-01
-2.249556823858966936e-01
-2.293874648634339763e-01
-2.191577023120840906e-01
-2.287529707099809073e-01
-2.236061738799790533e-01
-2.246894664329595059e-01
-2.303073569536904230e-01
-2.316853125157996018e-01
-2.233605279639441221e-01
-2.316113603288343370e-01
-2.352037951660248538e-01
-2.373826399318348379e-01
-2.382699201306923698e-01
-2.277957925491769231e-01
-2.448836371034417425e-01
-2.386165227275487410e-01
-2.335911488468376263e-01
-2.368311505788440741e-01
-2.305313055882356466e-01
-2.338667014758630813e-01
-2.325389037881135934e-01
-2.376850651708242168e-01
-2.311183660151341357e-01
-2.418346391277168550e-01
-2.326968135292144524e-01
-2.483440126656484281e-01
-2.521973479054047118e-01
-2.432063977407228350e-01
-2.407902097460983271e-01
-2.494440586140944660e-01
-2.527775139058539011e-01
-2.334306121175595550e-01
-2.431522962177803393e-01
-2.493515274805462312e-01
-2.480216153766585663e-01
-2.438400921254970655e-01
-2.477306727006647336e-01
-2.354980627814047267e-01
-2.260108324009451053e-01
-2.333199499485480999e-01
-2.289506620939807391e-01
-2.373595795081255844e-01
-2.336254305958256339e-01
-2.464391428308836396e-01
-2.402047539744494031e-01
-2.418967229076143255e-01
-2.488912731768788689e-01
-2.277943641921380546e-01
-2.437639114191636480e-01
-2.357984970691484605e-01
-2.416517804109235001e-01
-2.523405022471303383e-01
-2.433840857521332168e-01
-2.435566087470188990e-01
-2.491740094140109107e-01
-2.438581278513920481e-01
-2.344866267755891798e-01
-2.509540152430771442e-01
-2.324133306056408443e-01
-2.459339414211312302e-01
-2.455337514751683159e-01
-2.315616612541697705e-01
-2.413725189276991756e-01
-2.576070863504735797e-01
-2.375773558578515576e-01
-2.420572410258072793e-01
-2.562633191091725493e-01
-2.393259695994913727e-01
-2.330698115582707786e-01
-2.412405440566152137e-01
-2.532065378492536212e-01
-2.293626973840554584e-01
-2.482861472746149545e-01
-2.554890702081236142e-01
-2.475266139566993928e-01
-2.322272984345454816e-01
-2.365338466770499082e-01
-2.446254462306658439e-01
-2.280937230874400257e-01
-2.470205981297732833e-01
-2.456532370584030289e-01
-2.339672887248616107e-01
-2.530654252673549820e-01
-2.524196173588411085e-01
-2.437329571952062679e-01
-2.513970062105528314e-01
-2.556113012236744808e-01
-2.487087537074517130e-01
-2.547025194826249006e-01
-2.400375523481894646e-01
-2.395371746401142588e-01
-2.563478705823794002e-01
-2.532807678330852852e-01
-2.317981744352470841e-01
-2.716517335518870979e-01
-2.375185086092796993e-01
-2.586251949643187942e-01
-2.810436936401892183e-01
-1.731656838370074780e-01
-2.001774706360324174e-01
-1.634411943594216154e-01
-1.795998110370753409e-01
-2.179192186207243864e-01
-2.357799028040226119e-01
-2.155945188333978635e-01
-2.223599997222782676e-01
-2.109721030129874109e-01
-1.985890386744495473e-01
-1.959611945733028548e-01
-1.897717332996426975e-01
-1.850595142538473681e-01
-1.879078512866270145e-01
-1.857239912661237113e-01
-1.805380748291538495e-01
-1.848242071727250746e-01
-1.862418353054344777e-01
-1.866694967230504432e-01
-1.886347536152781501e-01
-1.916782609270963889e-01
-1.920476727018138874e-01
-1.973797427312424801e-01
-1.951443449251728524e-01
-2.016673041307637249e-01
-1.983736907085775769e-01
-2.033967993004557329e-01
-2.115024253646451413e-01
-2.062721319165401468e-01
-2.033487247958065680e-01
-2.043788113522975181e-01
-2.089987987444512640e-01
-2.103510354813735717e-01
-2.114449704690546383e-01
-2.067163475640230175e-01
-2.203100604541878837e-01
-2.166200501659538702e-01
-2.205490972090853319e-01
-2.170610342816630123e-01
-2.245231423954781036e-01
-2.265403564965566829e-01
-2.252940320672518482e-01
-2.343377446198227076e-01
-2.274011595914418038e-01
-2.293699621056584093e-01
-2.200856589986086576e-01
-2.304400144415579277e-01
-2.348005511640636200e-01
-2.270044530981749631e-01
-2.407224585970331177e-01
-2.436574314094546168e-01
-2.378086597770545652e-01
-2.417414254600425139e-01
-2.414100355167212442e-01
-2.338180326266918740e-01
-2.381246334988222912e-01
-2.404789890453447043e-01
-2.405472017046363931e-01
-2.424796693287607496e-01
-2.456540399460065416e-01
-2.535167414671395392e-01
-2.547858514977576760e-01
-2.572686663298160425e-01
-2.483423671636781904e-01
-2.514200108578910076e-01
-2.562149130766018246e-01
-2.508832157011253727e-01
-2.558290891703354220e-01
-2.537220023152109150e-01
-2.516439853346357225e-01
-2.565437887000028283e-01
-2.604905564437176579e-01
-2.598869600992301798e-01
-2.535907874822518338e-01
-2.585532743609570971e-01
-2.489930771634725204e-01
-2.520928331295149150e-01
-2.531109154055153354e-01
-2.583535873467619481e-01
-2.642220208901289169e-01
-2.585606726453422155e-01
-2.540765061364504973e-01
-2.561884907123488375e-01
-2.663049244555528716e-01
-2.571072818695254725e-01
-2.672474342475190667e-01
-2.560721083112849072e-01
-2.629350058492700981e-01
-2.576593439616150505e-01
-2.556183589216454166e-01
-2.618884610038731964e-01
-2.575786095470027348e-01
-2.571384397380098719e-01
-2.543161459089677834e-01
-2.686133876720271374e-01
-2.604717490417369774e-01
-2.578364825507559743e-01
-2.501421625507935786e-01
-2.654063355842088967e-01
-2.579563099066168874e-01
-2.483124453345224580e-01
-2.640247767306362903e-01
-2.518862601517737332e-01
-2.453123349762362793e-01
-2.529107844653371018e-01
-2.539675842604189882e-01
-2.474485668615207246e-01
-2.525330891468096084e-01
-2.508725755622673859e-01
-2.581395609205729968e-01
-2.477889661890255724e-01
-2.610862552966821681e-01
-2.517543679597977757e-01
-2.563420805793068524e-01
-2.589626904909883010e-01
-2.556366035302390927e-01
-2.654718858240432411e-01
-2.557262443312851019e-01
-2.496607163025572618e-01
-2.506930430773719465e-01
-2.490453303292223808e-01
-2.507545379526643359e-01
-2.547371151405206646e-01
-2.550848446710691775e-01
-2.571343854396426210e-01
-2.545899069779133939e-01
-2.613597618894187846e-01
-2.537664290394046063e-01
-2.408048939072973127e-01
-2.509949151239894150e-01
-2.566599866845038491e-01
-2.481235424832108905e-01
-2.440066668276896777e-01
-2.464372793101512471e-01
-2.441314140177581749e-01
-2.501256253264019236e-01
-2.528606820690004753e-01
-2.428655168017890276e-01
-2.327171464940951395e-01
-2.532282678585273672e-01
-2.525630184834568581e-01
-2.511325204328507255e-01
-2.548625606645531505e-01
-2.579280180190988148e-01
-2.484376506764505166e-01
-2.480189721264673963e-01
-2.538315067632170852e-01
-2.519943822996140170e-01
-2.527018978957533690e-01
-2.549524983816864321e-01
-2.532454664999050920e-01
-2.446147119624448862e-01
-2.518390180014860036e-01
-2.469158896664733760e-01
-2.542566589548824751e-01
-2.548084824266778625e-01
-2.528589385169928150e-01
-2.540442333507870742e-01
-2.574745869783283680e-01
-2.568270527699523242e-01
-2.643703115672302317e-01
-2.556887482551344348e-01
-2.429256179358763035e-01
-2.561074600263282264e-01
-2.623959161999112055e-01
-2.515256066408175784e-01
-2.576365890128844427e-01
-2.483158042108311037e-01
-2.513756336610502018e-01
-2.483196567557133250e-01
-2.467476666038894706e-01
-2.461982602581169743e-01
-2.599758538505225758e-01
-2.496960839157695844e-01
-2.538511201209647794e-01
-2.589523106813116371e-01
-2.586236069430505324e-01
-2.553284012459480223e-01
-2.636399989170978841e-01
-2.563896940793863877e-01
-2.553169863186735000e-01
-2.538979821829272510e-01
-2.435309488640351461e-01
-2.595276769930618954e-01
-2.492049886463174602e-01
-2.540051650069514722e-01
-2.559806147801850784e-01
-2.450082777269404488e-01
-2.308631774329130693e-01
-2.523171075617378634e-01
-2.480105851461864575e-01
-2.613714349293427830e-01
-2.476048282478329199e-01
-2.425988675652348547e-01
-2.491963221903015224e-01
-2.488607700731026995e-01
-2.424449538520168090e-01
-2.319192717275830873e-01
-2.518968482344803306e-01
-2.342991867124304406e-01
-2.549839599464061024e-01
-2.353860096237490040e-01
-2.511840465476948836e-01
-2.382234076373386245e-01
-2.506635976883417882e-01
-2.419210215221703208e-01
-2.285604688360338699e-01
-2.563927176197964286e-01
-2.508911593240750193e-01
-2.465108153199402352e-01
-2.453966703040766362e-01
-2.482107645752620328e-01
-2.532110543182417572e-01
-2.376087745136006291e-01
-2.500575505354643013e-01
-2.391986849848537489e-01
-2.385040710968793221e-01
-2.386120137667715468e-01
-2.308930501466397445e-01
-2.435372080112880866e-01
-2.220457907952839705e-01
-2.368329381770637454e-01
-2.297710698639789939e-01
-2.266981285315505801e-01
-2.305687705590120373e-01
-2.458578034212068886e-01
-2.423858861201413362e-01
-2.270641188779745079e-01
-2.317853441804986758e-01
-2.223787306211333359e-01
-2.260472418191454835e-01
-2.199362094181669391e-01
-2.247434202525324665e-01
-2.256406162284987360e-01
-2.264730951061961761e-01
-2.259747969612071472e-01
-2.226895703108073832e-01
-2.217287781932979485e-01
-2.013732767874554241e-01
-2.275547104251431918e-01
-2.137178788330000856e-01
-2.065887069083833794e-01
-2.036194480926214467e-01
-2.139773883271915977e-01
-2.055273006329016994e-01
-2.179106623754538674e-01
-1.936174014277227684e-01
-2.084559868191586673e-01
-2.157253817169051402e-01
-2.029942245268649970e-01
-2.017546005735155745e-01
-1.989104473598146683e-01
-2.027353123951272096e-01
-2.143249353495519927e-01
-2.037021336290667506e-01
-2.133944974744874656e-01
-2.168463846690107388e-01
-2.152621333118247549e-01
-2.148874549756714103e-01
-2.091847283541694580e-01
-2.201522992644555643e-01
-2.234972384923956668e-01
-2.107576109088791227e-01
-2.203171350709194343e-01
-2.244904901670254915e-01
-2.251997348191041581e-01
-2.209353481557734256e-01
-2.118158504434024536e-01
-2.114959181061104587e-01
-2.205851951440687131e-01
-2.126492194229188115e-01
-2.300061482799220514e-01
-2.241127899768970977e-01
-2.232041396249329068e-01
-2.129565703795082143e-01
-2.249692496482964543e-01
-2.129467785654526324e-01
-2.192117853531199145e-01
-2.143659328507023787e-01
-2.281706922996216136e-01
-2.263384171866267280e-01
-2.209780851743436969e-01
-2.311547051466433800e-01
-2.323977346963372881e-01
-2.272970645958451996e-01
-2.303001995644455846e-01
-2.220249108934941873e-01
-2.346975669148276822e-01
-2.330252609711562783e-01
-2.307341934747144663e-01
-2.212264902185392401e-01
-2.335102652647504939e-01
-2.286446418887599918e-01
-2.186671877402233122e-01
-2.337249811910933062e-01
-2.294120088413986736e-01
-2.372955633298801104e-01
-2.300133613853150294e-01
-2.297076979036898337e-01
-2.303440923066135682e-01
-2.385052733040708972e-01
-2.183387704432409038e-01
-2.238526145587478311e-01
-2.318523582720644072e-01
-2.365021787667789255e-01
-2.353219455668966731e-01
-2.279649468281075286e-01
-2.311808563960617846e-01
-2.300589664752772379e-01
-2.321600776166121705e-01
-2.292411771730220593e-01
-2.192669747518163348e-01
-2.301769709129048991e-01
-2.337415055711673517e-01
-2.268035607877880722e-01
-2.380484849350654741e-01
-2.386671922354555164e-01
-2.366907870109331569e-01
-2.314304138113669751e-01
-2.273168207298033039e-01
-2.355424486058153022e-01
-2.253770436583861780e-01
-2.246050960131480423e-01
-2.344848653810425176e-01
-2.406401219029437044e-01
-2.318729735154017035e-01
-2.320366175370924822e-01
-2.428441617891667903e-01
-2.375157724465104536e-01
-2.324166446550064435e-01
-2.374711742514836743e-01
-2.308163886473044712e-01
-2.199242513396990617e-01
-2.280572675541368000e-01
-2.359175645427802337e-01
-2.236707999519094159e-01
-2.224989582396590393e-01
-2.270885900273285074e-01
-2.178787520103142583e-01
-2.274904371860424490e-01
-2.370831301595393015e-01
-2.306762088476457251e-01
-2.253909155191582414e-01
-2.166913543170521095e-01
-2.221843756179113782e-01
-2.300337572930386543e-01
-2.359796702106820021e-01
-2.309201395591040651e-01
-2.217318311518940988e-01
-2.249604962961084809e-01
-2.203366427030442054e-01
-2.236703222898288601e-01
-2.214544440341796872e-01
-2.131906658104671948e-01
-2.146666563726578048e-01
-2.083437812096082808e-01
-2.145948712387664159e-01
-2.240341444162368134e-01
-2.259339868381040617e-01
-2.169335314297073936e-01
-2.211679927583167782e-01
-2.079514164905278406e-01
-2.247921753374786391e-01
-2.145937161373447921e-01
-2.175396342235780267e-01
-2.081282485410849148e-01
-2.058507556658417670e-01
-2.031712491701540557e-01
-1.978831438520733954e-01
-2.025654777755487856e-01
-2.002675429026687937e-01
-2.056760607676606512e-01
-2.006298147752598737e-01
-2.013299792669647204e-01
-1.977545077021716224e-01
-1.944680475855484758e-01
-2.114942863488886715e-01
-2.085585365822772985e-01
-1.990501689074690717e-01
-2.096881901209428634e-01
-1.995257582214202685e-01
-1.916777239446103565e-01
-1.955901774259700687e-01
-2.035882138175075795e-01
-2.014915763631437429e-01
-2.037665884208115230e-01
-2.012494111843841083e-01
-2.051151316202091124e-01
-2.035395035509930395e-01
-2.025007398265898928e-01
-1.996373460957947543e-01
-1.971327493931536168e-01
-1.995817890996178789e-01
-1.968154643700561479e-01
-1.993666904268271978e-01
-1.928717454826376354e-01
-2.044619597933898802e-01
-2.023989022546013317e-01
-1.974607827550114436e-01
-2.092606291031753329e-01
-1.942786941600775918e-01
-2.029133509287222026e-01
-1.993501700302209301e-01
-2.031694896868012634e-01
-1.936809727263764103e-01
-2.029861378539870032e-01
-1.889365373459082065e-01
-1.950988741992620845e-01
-1.911527517041218260e-01
-1.921260161983155967e-01
-2.032360302033460187e-01
-1.864640199691329769e-01
-1.947032395104990599e-01
-1.819796049700528329e-01
-1.871153829540421754e-01
-1.979494168566366952e-01
-1.933354351100469160e-01
-1.930924917783087835e-01
-1.926613277041502315e-01
-1.855191026471878502e-01
-1.886411441979092274e-01
-1.856020912374614085e-01
-1.955249062332269361e-01
-1.967268346979977878e-01
-1.934665776856832053e-01
-1.951230596181963151e-01
-1.924846838724540987e-01
-1.969367757364341998e-01
-1.951688395384714170e-01
-2.019982394724442187e-01
-2.040838126317234824e-01
-1.917171062046714169e-01
-1.831328038699906458e-01
-1.873902485548297747e-01
-2.002502565228656550e-01
-1.932821800332638063e-01
-1.981074556408337628e-01
-1.909341896102638714e-01
-2.038481560235645418e-01
-1.934615162866792915e-01
-1.879048461496459765e-01
-1.913009990311023145e-01
-1.961358035429920932e-01
-1.925069603555078501e-01
-1.913064674364637341e-01
-1.878439386646526543e-01
-1.956100733393615343e-01
-1.872388473569372991e-01
-1.915879665600082049e-01
-1.875078967639938199e-01
-1.926656686605294766e-01
-1.972229555998410433e-01
-1.984805684525028369e-01
-2.009688934440898578e-01
-1.861207445479990952e-01
-1.997097100608415943e-01
-1.837026879582950301e-01
-1.921565320098448382e-01
-1.950756912182667335e-01
-1.941759477476461271e-01
-1.971156478984168459e-01
-1.931963676060570734e-01
-1.979605954984817728e-01
-1.965732681813605609e-01
-1.921252374772395299e-01
-1.928514803596321769e-01
-1.952820674966870840e-01
-2.004175317710554793e-01
-1.991684150764196914e-01
-1.997948458142477790e-01
-1.939786836030359396e-01
-1.897900728701920059e-01
-1.895536502621597563e-01
-1.908973825629400878e-01
-1.961307042874222972e-01
-1.891752255384737680e-01
-1.871254087191251969e-01
-1.883814159585455172e-01
-1.910763419168830524e-01
-1.816379204074136666e-01
-1.886151002166407409e-01
-1.877254937415475666e-01
-1.838209247018127712e-01
-1.836566256359351001e-01
-1.806302816701332858e-01
-1.845731179683181011e-01
-1.854278518199290460e-01
-1.828767741666617042e-01
-1.813547458677398083e-01
-1.825220042630801842e-01
-1.848084236701668104e-01
-1.816824539221872925e-01
-1.819058493829244227e-01
-1.799684901544935656e-01
-1.839644608335015974e-01
-1.916493686959030995e-01
-1.890077281227791062e-01
-1.967334314358879510e-01
-1.894205611955124269e-01
-1.914336094406579036e-01
-1.904065384711639553e-01
-1.975119909413072250e-01
-1.972255036929695393e-01
-1.902150461075908794e-01
-1.976691265444605605e-01
-1.973842374828818080e-01
-1.924705997149134262e-01
-1.937479796278624988e-01
-1.915713501126017348e-01
-2.038784819104169088e-01
-1.954573877942520355e-01
-1.995823228899000767e-01
-2.010200634395937769e-01
-1.965507540171929080e-01
-1.902665739578006665e-01
-1.974517114952281105e-01
-1.954455780421859856e-01
-2.014471246054778675e-01
-2.057841093643881791e-01
-1.978735608556467795e-01
-1.954810098338723989e-01
-2.012397594028403347e-01
-2.059268958326789800e-01
-2.041461818135390516e-01
-2.001129852172267576e-01
-2.018154175857365118e-01
-2.038040349929115536e-01
-2.000160239933341799e-01
-1.984426119811484313e-01
-2.060194414218452508e-01
-2.060760711362537023e-01
-2.053279317495331213e-01
-2.067138645998838342e-01
-2.012889280652876423e-01
-2.055522114145116319e-01
-2.090114902228119576e-01
-2.050448250157073105e-01
-2.013812441158790989e-01
-2.009719424136298116e-01
-2.006909219799570820e-01
-2.093524708209102414e-01
-1.988969347081699368e-01
-2.011829830216100845e-01
-2.012424493533533365e-01
-2.131307146072201064e-01
-2.076395596542326416e-01
-2.050948639199017265e-01
-2.090530405717299089e-01
-2.109751909648247548e-01
-2.099781079568527886e-01
-2.098280139929906696e-01
-2.156608257353784808e-01
-2.227044648052167730e-01
-2.130458494288411941e-01
-2.197220377304223149e-01
-2.114904398426427079e-01
-2.242477559108060348e-01
-2.255647103303077827e-01
-2.212174169699077098e-01
-2.268370232847614076e-01
-2.218299375986010347e-01
-2.282000455234971525e-01
-2.282439463521246381e-01
-2.301023746240788981e-01
-2.257541741446500438e-01
-2.279237498929775896e-01
-2.281973884047996393e-01
-2.281787993535440151e-01
-2.221163595668933510e-01
-2.215597909397759580e-01
-2.263257496840873628e-01
-2.285855888618089082e-01
-2.187912128765105990e-01
-2.270184582717389432e-01
-2.296001394935460738e-01
-2.265930609243644867e-01
-2.243759508468929909e-01
-2.181212878956335643e-01
-2.182489251932571150e-01
-2.278624201875123489e-01
-2.282503449980124444e-01
-2.305104479801212136e-01
-2.187690566473792231e-01
-2.289191748456929076e-01
-2.292116664407126692e-01
-2.209070875770073883e-01
-2.367321400168771461e-01
-2.256370681837456260e-01
-2.250810255460038434e-01
-2.155190278518830382e-01
-2.208439677989453287e-01
-2.163227930541804511e-01
-2.256250198499873960e-01
-2.236477353556578507e-01
-2.252729861988136406e-01
-2.180985190215869451e-01
-2.270123332137705674e-01
-2.263554083808765327e-01
-2.239638482678296683e-01
-2.285370683437291106e-01
-2.257023618793096986e-01
-2.226776475586556003e-01
-2.282531841700166098e-01
-2.322597674103512588e-01
-2.348207410480611657e-01
-2.354380768466750595e-01
-2.390786685600225780e-01
-2.431521113959327351e-01
-2.403425349133705424e-01
-2.419586072710284697e-01
-2.291938514319467046e-01
-2.390821023624747355e-01
-2.372365134280549626e-01
-2.350043877273968462e-01
-2.324187690515753246e-01
-2.273724300420045807e-01
-2.318982168564227564e-01
-2.416521822630288696e-01
-2.360439390292139450e-01
-2.363897310926663664e-01
-2.431852319391722972e-01
-2.414511957802920605e-01
-2.420233331565775359e-01
-2.418608133038766539e-01
-2.401599692850888701e-01
-2.452088803432452835e-01
-2.372523854435515389e-01
-2.471368535938776034e-01
-2.363387388454807336e-01
-2.422789296015759319e-01
-2.465227664715605727e-01
-2.390936660804880987e-01
-2.447240790846167968e-01
-2.365603085941723194e-01
-2.366284912513343386e-01
-2.324967664124493183e-01
-2.333327321408251720e-01
-2.287884105738298146e-01
-2.295878576066323618e-01
-2.344562053373291377e-01
-2.288587864216662382e-01
-2.341809566096211270e-01
-2.359278018944603872e-01
-2.517676724843083136e-01
-2.480699358615616745e-01
-2.403945095938411214e-01
-2.334789589482317851e-01
-2.351836976301973081e-01
-2.293812695928290069e-01
-2.414844251498724503e-01
-2.336091702103413326e-01
-2.324115391144374598e-01
-2.358506872417889255e-01
-2.331771478793562835e-01
-2.375686233334812769e-01
-2.398250638488441666e-01
-2.299677015924981305e-01
-2.388430337722313723e-01
-2.334543103985513568e-01
-2.297778064540674237e-01
-2.346996443263735799e-01
-2.353321230285096988e-01
-2.305208881633857843e-01
-2.327613556283933960e-01
-2.299618776068594883e-01
-2.368228517975854430e-01
-2.305828776312006667e-01
-2.373935815750920497e-01
-2.270067816533414273e-01
-2.270138140331274812e-01
-2.221162746080675987e-01
-2.208372516084757819e-01
-2.223733999046944021e-01
-2.232589637199646759e-01
-2.222807511072879549e-01
-2.285699313251932097e-01
-2.285618627205963094e-01
-2.221298130129536474e-01
-2.236608986111701114e-01
-2.238251793726115935e-01
-2.178364425432715024e-01
-2.274225635463684725e-01
-2.241248910918889337e-01
-2.256461848920068292e-01
-2.238154771202900406e-01
-2.257455259238154710e-01
-2.296482090964904188e-01
-2.308228549540620733e-01
-2.251030762090024950e-01
-2.276666534556097687e-01
-2.256585653034957062e-01
-2.284215570545597984e-01
-2.295186672005797845e-01
-2.322544031290538769e-01
-2.360905237574302262e-01
-2.296111420474336029e-01
-2.400762469323129977e-01
-2.282688601115028249e-01
-2.386943566481622980e-01
-2.349099293497101115e-01
-2.301358728851159441e-01
-2.351128017031314243e-01
-2.358394498612668144e-01
-2.253608822258588162e-01
-2.321862085718251478e-01
-2.306570523080155866e-01
-2.343719549855753925e-01
-2.279747866463877060e-01
-2.257485514527468595e-01
-2.263807654326228658e-01
-2.244873354286678335e-01
-2.322555206850678289e-01
-2.147773171687381577e-01
-2.248871982488331867e-01
-2.327724020327819332e-01
-2.303344859485969565e-01
-2.264932930373735331e-01
-2.297793134203516274e-01
-2.282520825017515520e-01
-2.219389778568006122e-01
-2.292285020545268281e-01
-2.186398566280525202e-01
-2.231127853329306632e-01
-2.250027087511732304e-01
-2.182562625754194130e-01
-2.306591276102061272e-01
-2.265799880524337340e-01
-2.250215965608575175e-01
-2.197455831223269485e-01
-2.386543802057898844e-01
-2.297666674924885299e-01
-2.365434512174466875e-01
-2.237584383708046687e-01
-2.302327531291226137e-01
-2.252757920954717719e-01
-2.256700035907392987e-01
-2.265076480806529347e-01
-2.237149992978029189e-01
-2.254712355790102762e-01
-2.272410735745351573e-01
-2.279592913809489474e-01
-2.306866155160331999e-01
-2.189404719513001751e-01
-2.187972154538257996e-01
-2.221271440100496264e-01
-2.188148225668831159e-01
-2.210801175435053167e-01
-2.174480373885074869e-01
-2.191791756156327153e-01
-2.251639023577416410e-01
-2.187191292751862193e-01
-2.219029063767319343e-01
-2.232179914351091199e-01
-2.193859823592685387e-01
-2.212182619935285643e-01
-2.241677163907063175e-01
-2.241021543820531647e-01
-2.168943949941457561e-01
-2.275614544716573207e-01
-2.226515463288416541e-01
-2.309988046180668775e-01
-2.244884202572752230e-01
-2.254836043172003812e-01
-2.219340043542787910e-01
-2.285051567800007177e-01
-2.282754064979588549e-01
-2.275880366934925902e-01
-2.291208634501806785e-01
-2.254138205815996443e-01
-2.223552403378299402e-01
-2.256350411480410045e-01
-2.250259670826117997e-01
-2.259007862084763119e-01
-2.194728151965144036e-01
-2.200223518449648807e-01
-2.231116821383762883e-01
-2.329568181631334056e-01
-2.281983884714984256e-01
-2.258623621546966831e-01
-2.256525636423418746e-01
-2.265447225941752407e-01
-2.342658804986141874e-01
-2.280089513745098273e-01
-2.249938910100297562e-01
-2.307267620908444172e-01
-2.232531561685862087e-01
-2.182609933534669366e-01
-2.312160307640658274e-01
-2.289012991935015506e-01
-2.306275245854632061e-01
-2.228086852079265157e-01
-2.220725919095460910e-01
-2.286977758277117800e-01
-2.254122263633924206e-01
-2.240818036649505629e-01
-2.152428448023329111e-01
-2.202225363739884756e-01
-2.172532733613641298e-01
-2.235092192524890109e-01
-2.163489671401670478e-01
-2.269262646820981999e-01
-2.226541489223716752e-01
-2.223368452504868031e-01
-2.221028726584837187e-01
-2.213026736283234541e-01
-2.251764149924184721e-01
-2.204434405425095278e-01
-2.166470449075381666e-01
-2.177232528749071250e-01
-2.231401363956591055e-01
-2.206762264499966264e-01
-2.223286561909709746e-01
-2.272309082686083670e-01
-2.242530981994832473e-01
-2.243086166437660012e-01
-2.182533228300780337e-01
-2.161182970841686313e-01
-2.297863665312371850e-01
-2.230765461765802371e-01
-2.267779345040485950e-01
-2.245554278752184274e-01
-2.245768764324260758e-01
-2.204295115027301577e-01
-2.297267023578326572e-01
-2.184368779707659414e-01
-2.260448513364199385e-01
-2.268224322336065413e-01
-2.286697845769145587e-01
-2.261239321222632270e-01
-2.280860968061002580e-01
-2.217518240190203827e-01
-2.282052842468695886e-01
-2.239007055398145596e-01
-2.237558131555346108e-01
-2.243922350547036260e-01
-2.224555992901899870e-01
-2.239919469763469451e-01
-2.276072181859642996e-01
-2.275183726764016257e-01
-2.200273004778114938e-01
-2.283522525462577946e-01
-2.219290466918923954e-01
-2.309437667575986453e-01
-2.301865298246150715e-01
-2.244475449941356615e-01
-2.245326207473166136e-01
-2.291887030910073619e-01
-2.275456321882032285e-01
-2.230643435957793130e-01
-2.264952941619053917e-01
-2.192082017013454731e-01
-2.305037347448521956e-01
-2.322849646846369964e-01
-2.248808361276823931e-01
-2.222298001712781357e-01
-2.272363126927023913e-01
-2.160564851496795669e-01
-2.229293609813121080e-01
-2.142681952715888016e-01
-2.146448788902635130e-01
-2.231837634799767045e-01
-2.274366706831312257e-01
-2.221414802518957288e-01
-2.280702520294273228e-01
-2.323909720999246531e-01
-2.227285985220852638e-01
-2.159083847652860655e-01
-2.192016180396576530e-01
-2.197496095559898777e-01
-2.260823452160272140e-01
-2.302415764477681037e-01
-2.262346842971574290e-01
-2.268811628433624605e-01
-2.332629562297086068e-01
-2.273157275867641047e-01
-2.208148339322173470e-01
-2.306427054166588775e-01
-2.290955955685705092e-01
-2.347056519150392262e-01
-2.269858786325569255e-01
-2.293308110135319211e-01
-2.292085646553312372e-01
-2.277553623923109782e-01
-2.275824083821760269e-01
-2.269651431357306848e-01
-2.231871281229373949e-01
-2.277203808498740045e-01
-2.301064211473606846e-01
-2.268182297212479881e-01
-2.318720714052959764e-01
-2.235370425413645279e-01
-2.326829250546342820e-01
-2.269676138982612557e-01
-2.367821820919688847e-01
-2.247027052203218744e-01
-2.298535560420935653e-01
-2.286464696139347552e-01
-2.302737790014131036e-01
-2.265921351499766700e-01
-2.355976358230345014e-01
-2.282670647066042946e-01
-2.319626241695296187e-01
-2.313198252780326314e-01
-2.289126793290847672e-01
-2.259344766355892986e-01
-2.249855913757112802e-01
-2.234227088869076283e-01
-2.264143454434570657e-01
-2.231580123226892809e-01
-2.220714271246606586e-01
-2.201784593774114285e-01
-2.225811306937366396e-01
-2.261251343063559460e-01
-2.294156998906151657e-01
-2.269326945868783696e-01
-2.274810210552855594e-01
-2.248186285853615018e-01
-2.287604284350583939e-01
-2.228831811879770086e-01
-2.275593628675478541e-01
-2.259501451911924974e-01
-2.220180602575432260e-01
-2.284007400950898159e-01
-2.247433460917740433e-01
-2.256335349038502969e-01
-2.304071043257120976e-01
-2.347943895264705816e-01
-2.236839640344019386e-01
-2.314387402308888397e-01
-2.298102363802962955e-01
-2.276022087389888426e-01
-2.214056593652387050e-01
-2.246326253322115107e-01
-2.242057452848671417e-01
-2.282616633799801065e-01
-2.229146057315549712e-01
-2.245173369116502116e-01
-2.278841048935964508e-01
-2.290137669548624189e-01
-2.242342974176905201e-01
-2.237049368593355680e-01
-2.273964917298423316e-01
-2.327466515375089529e-01
-2.265026129821059442e-01
-2.259232209862140905e-01
-2.205534834628135599e-01
-2.243021681372328047e-01
-2.244265828628595472e-01
-2.297090862095361175e-01
-2.208757124752933620e-01
-2.245809708766435264e-01
-2.278242481754721993e-01
-2.281657605379230347e-01
-2.258761046509345505e-01
-2.207476386704225746e-01
-2.273395928392876186e-01
-2.230107378343317848e-01
-2.253854832343247239e-01
-2.181447889630341308e-01
-2.253466827163492781e-01
-2.258083815771945169e-01
-2.239656897707744676e-01
-2.296710473909859829e-01
-2.248755109547051489e-01
-2.271939186471652050e-01
-2.263417956370945561e-01
-2.294810777030322768e-01
-2.294259121575317195e-01
-2.253760489237253140e-01
-2.281660334576578464e-01
-2.264451613130562535e-01
-2.289057603537196783e-01
-2.221381934694495186e-01
-2.226493281591217510e-01
-2.271405461395836767e-01
-2.238234634161893055e-01
-2.331375733468394884e-01
-2.207126479726149171e-01
-2.261647302635152457e-01
-2.298225545947740756e-01
-2.229288328849383660e-01
-2.263634251942887587e-01
-2.246481147026351266e-01
-2.258053253276051109e-01
-2.190020747586283179e-01
-2.247574142129957764e-01
-2.289864776352965592e-01
-2.253293071665227743e-01
-2.263108507985300832e-01
-2.278902726797191747e-01
-2.241735289905095740e-01
-2.269699304453700606e-01
-2.292512151058456737e-01
-2.203630741731528175e-01
-2.345722502409710586e-01
-2.291433315150834815e-01
-2.302270375634645205e-01
-2.348950715300892611e-01
-2.162912232524787370e-01
-2.274527344170174104e-01
-2.216278112612037887e-01
-2.228902383081710070e-01
-2.198606402546312566e-01
-2.384531373193841119e-01
-2.222259727550355279e-01
-2.315797575744298342e-01
-2.331915696018214135e-01
-2.274811087837731449e-01
-2.358306236922942389e-01
-2.307762644739881353e-01
-2.241872800910797991e-01
-2.249159602580768080e-01
-2.214657564509447951e-01
-2.132535927136451903e-01
-2.291099895509010054e-01
-2.319890205359556035e-01
-2.266176468983038816e-01
-2.310126159301235660e-01
-2.309505260550110961e-01
-2.308153530088139505e-01
-2.259423100348829649e-01
-2.391468950455841735e-01
-2.218653492819839812e-01
-2.275270375876603524e-01
-2.268944366401255408e-01
-2.197158487796038173e-01
-2.247284438112187033e-01
-2.265165128706527753e-01
-2.315356646820019293e-01
-2.326836908825224981e-01
-2.261192647637511044e-01
-2.315249210413297121e-01
-2.340104733819590166e-01
-2.299094407614177271e-01
-2.248722668566500715e-01
-2.221587328212866197e-01
-2.325378703322718010e-01
-2.288893275781633818e-01
-2.321290767219590379e-01
-2.228191187082524394e-01
-2.245966779638841615e-01
-2.302708574491356686e-01
-2.360375664943745733e-01
-2.284086333529353752e-01
-2.271881192650626602e-01
-2.315506094358523725e-01
-2.262626854747225025e-01
-2.370090068564927321e-01
-2.278821251544016491e-01
-2.299267226511112483e-01
-2.376297278202788021e-01
-2.341912409024331509e-01
-2.256066850207503194e-01
-2.371124009167075997e-01
-2.408892204552159910e-01
-2.426944611719727973e-01
-2.376117323637769729e-01
-2.417356718026377749e-01
-2.395430329090482147e-01
-2.410321826245818144e-01
-2.329755968690001566e-01
-2.394009254003615084e-01
-2.284022772266220969e-01
-2.325843706574346470e-01
-2.349876952794884843e-01
-2.332748410068568035e-01
-2.382428235357334501e-01
-2.414064597209240048e-01
-2.349968604055936439e-01
-2.309006142830769548e-01
-2.324718932902474222e-01
-2.321200576677240335e-01
-2.281634703400090558e-01
-2.343040349151879198e-01
-2.380949814385013852e-01
-2.343056218294092830e-01
-2.274534608374025879e-01
-2.356080227813874828e-01
-2.367653987339544130e-01
-2.390552426144374465e-01
-2.360392149685139884e-01
-2.331231959546888888e-01
-2.356222807564503086e-01
-2.367225834341502022e-01
-2.359565702115942187e-01
-2.364139944706940000e-01
-2.389937828343438042e-01
-2.357444288488776962e-01
-2.338780645515861067e-01
-2.365355158355679777e-01
-2.378211811756427707e-01
-2.292389115654236420e-01
-2.413324688579301380e-01
-2.431337991198994075e-01
-2.401430273446170105e-01
-2.471273767160466761e-01
-2.391948080624821671e-01
-2.363999770555711422e-01
-2.347073378953838940e-01
-2.400016258044921358e-01
-2.418524934572054974e-01
-2.366214525663110635e-01
-2.400877328740973482e-01
-2.300352976663422311e-01
-2.353296565683651309e-01
-2.313317429241283918e-01
-2.233434843710808693e-01
-2.355671476493759187e-01
-2.348036185506678919e-01
-2.404482162500869435e-01
-2.344351553867580762e-01
-2.327047345374158027e-01
-2.326773031081259546e-01
-2.280648692058342419e-01
-2.352272153420873479e-01
-2.354638252928387132e-01
-2.362669517223299209e-01
-2.333341846589389590e-01
-2.387220964675691448e-01
-2.385894078731816137e-01
-2.392224144202703684e-01
-2.362299939154208772e-01
-2.285939027003536239e-01
-2.404541001728670579e-01
-2.372922507619055210e-01
-2.403374727923903720e-01
-2.382717830301572803e-01
-2.401389714917510076e-01
-2.399719123752994676e-01
-2.339987766422755300e-01
-2.341451023611522686e-01
-2.385083197047404013e-01
-2.356623614652910703e-01
-2.462730060745954574e-01
-2.375899694580070332e-01
-2.343174304740287539e-01
-2.339849463938303842e-01
-2.376713909669767588e-01
-2.369500589557933523e-01
-2.424069529785040089e-01
-2.402579824847865808e-01
-2.411793451595993787e-01
-2.352721514647377887e-01
-2.401230963954077424e-01
-2.374291003469881645e-01
-2.369001454169268328e-01
-2.446218073924981695e-01
-2.362747936183975384e-01
-2.378391928584324688e-01
-2.408662472379550223e-01
-2.307452299014443042e-01
-2.338073532614952654e-01
-2.470912390326045482e-01
-2.382534083479139753e-01
-2.359999048214005413e-01
-2.346365360269544453e-01
-2.303828573996220541e-01
-2.363464336176290814e-01
-2.430605629415936164e-01
-2.386061773496219729e-01
-2.351532926357666753e-01
-2.335108081098544730e-01
-2.354808135258341650e-01
-2.329420717147954178e-01
-2.308302372959314397e-01
-2.339830211363400636e-01
-2.339582705087375203e-01
-2.402536126910828074e-01
-2.385655398014083772e-01
-2.420829009570839574e-01
-2.407604399464808864e-01
-2.379308964557775852e-01
-2.336604540969462462e-01
-2.332887453530583244e-01
-2.346478152017859031e-01
-2.333513709256296309e-01
-2.316181533919898783e-01
-2.392241421717447025e-01
-2.323819528836672532e-01
-2.361471580585483565e-01
-2.322212795078968384e-01
-2.395406613061741297e-01
-2.394580240219070788e-01
-2.376887943466847730e-01
-2.360948124208874788e-01
-2.365042363085532173e-01
-2.332116132987369639e-01
-2.341908977134767866e-01
-2.355488114346950823e-01
-2.393154926451259712e-01
-2.396112240097512114e-01
-2.317388546769620916e-01
-2.371162476092454341e-01
-2.300065769131389715e-01
-2.362474777055147968e-01
-2.343702936821987493e-01
-2.335969571630158725e-01
-2.432859163269345260e-01
-2.337509405901609938e-01
-2.324036409210297194e-01
-2.374028701496140314e-01
-2.420204606827383031e-01
-2.371611522952932205e-01
-2.364546560152440691e-01
-2.353802711372097178e-01
-2.371347713785283418e-01
-2.364270305627851343e-01
-2.386888754628362364e-01
-2.407110948339994394e-01
-2.353880256950873218e-01
-2.378245859610341739e-01
-2.360702968814685221e-01
-2.426178365854045893e-01
-2.398800052677660943e-01
-2.427523334860666182e-01
-2.487191983877838908e-01
-2.382245402948104385e-01
-2.393021282827785257e-01
-2.402799266625930130e-01
-2.410088860041064152e-01
-2.424205554266443130e-01
-2.441975757840548766e-01
-2.373880278105744424e-01
-2.412881233627750532e-01
-2.353842500573755103e-01
-2.357521947728482559e-01
-2.368839776031403943e-01
-2.348691186913072215e-01
-2.365429287529536850e-01
-2.394051734782198793e-01
-2.469471026736886898e-01
-2.397616136009510512e-01
-2.453112402349084675e-01
-2.342760262093204204e-01
-2.365269982040949515e-01
-2.402007544646735937e-01
-2.308382271042752620e-01
-2.399992414020104547e-01
-2.430280233528261391e-01
-2.436267104437135345e-01
-2.402153544689120679e-01
-2.391074670105215461e-01
-2.394125815572678562e-01
-2.382903341534738928e-01
-2.363160733834170912e-01
-2.425851253039041922e-01
-2.371734627029304932e-01
-2.409436974833258915e-01
-2.446221398089072352e-01
-2.396437725066729030e-01
-2.413975743521188377e-01
-2.380840959250072331e-01
-2.385756015751159254e-01
-2.328762094542398131e-01
-2.391725115507057353e-01
-2.378965434155482228e-01
-2.419136585146883789e-01
-2.442911754764107712e-01
-2.389260636959740225e-01
-2.385413989710460925e-01
-2.341897376239625572e-01
-2.319788687592563292e-01
-2.410633580147791832e-01
-2.386394980871919813e-01
-2.384689018781323000e-01
-2.419974418038126629e-01
-2.333167993901561488e-01
-2.431634839673186832e-01
-2.424773941083131490e-01
-2.399493152446705579e-01
-2.376204317278620692e-01
-2.454191882854157569e-01
-2.410625265483545832e-01
-2.387641381090119808e-01
-2.361571282886014700e-01
-2.327822481698600399e-01
-2.392768819014285953e-01
-2.412383793710635160e-01
-2.461119451074171849e-01
-2.444798524382800764e-01
-2.434043612705227844e-01
-2.432741894071046573e-01
-2.360173675050223352e-01
-2.394571037968109550e-01
-2.413841360359132437e-01
-2.337481106073422410e-01
-2.357616231869084089e-01
-2.362462702026562056e-01
-2.443091102046182073e-01
-2.428195489500630799e-01
-2.348014394527737636e-01
-2.381849879233097766e-01
-2.395595771652061501e-01
-2.385677753604866780e-01
-2.357369447640476068e-01
-2.406188334196794898e-01
-2.402831679586121538e-01
-2.373988932091286586e-01
-2.351977691697264561e-01
-2.412245816873728188e-01
-2.408504679276148863e-01
-2.422658547613405489e-01
-2.412717404093651652e-01
-2.369332891299613664e-01
-2.429017986381278860e-01
-2.419577969198929424e-01
-2.428998632346885955e-01
-2.434798148282997232e-01
-2.381477866096766149e-01
-2.411647499361624369e-01
-2.366099933237730824e-01
-2.363172292671009700e-01
-2.365529998135773582e-01
-2.330937106694399574e-01
-2.395836629080907443e-01
-2.399062354123859819e-01
-2.351560422306171461e-01
-2.306535521968786639e-01
-2.338863308149772280e-01
-2.367671382306433259e-01
-2.398872300987999751e-01
-2.329430823633913406e-01
-2.394346825078397245e-01
-2.447777528540324710e-01
-2.352127716669976110e-01
-2.411161177169738323e-01
-2.479133909667918800e-01
-2.394200367654661932e-01
-2.436370430330168091e-01
-2.426136124084372625e-01
-2.373392935953688720e-01
-2.440131607365980670e-01
-2.436471446453492007e-01
-2.445996861156274349e-01
-2.402490192636381749e-01
-2.377133153666068921e-01
-2.397937343443636848e-01
-2.402268753878153973e-01
-2.410247126729831990e-01
-2.366966543823991742e-01
-2.408095955711520020e-01
-2.368266439727921835e-01
-2.341230102472806607e-01
-2.325766608803814250e-01
-2.329868691271741454e-01
-2.320293209577410920e-01
-2.377338807740567717e-01
-2.397899317116980455e-01
-2.384220920734136939e-01
-2.419651926817039111e-01
-2.397812587992493860e-01
-2.406584118160850494e-01
-2.443550963419074407e-01
-2.445983237713313940e-01
-2.468583499043148777e-01
-2.415579572557238208e-01
-2.434775750673878747e-01
-2.423691739136408785e-01
-2.339109336887439383e-01
-2.350882872834247905e-01
-2.375983990703840476e-01
-2.410325865198768014e-01
-2.414011992714133470e-01
-2.388717015307211256e-01
-2.406091603050981576e-01
-2.428574247512642614e-01
-2.348567416525089158e-01
-2.377183818422317074e-01
-2.414514692149634101e-01
-2.354350656867474356e-01
-2.326497851557132179e-01
-2.474827237355601284e-01
-2.465834730821665488e-01
-2.348820630671912824e-01
-2.420863637724224304e-01
-2.407479518950399466e-01
-2.392556720754246413e-01
-2.397421298518018773e-01
-2.378845477626825300e-01
-2.391111946181716519e-01
-2.368699049957019298e-01
-2.325056133513623280e-01
-2.347014764177473012e-01
-2.371274509842127287e-01
-2.398157660655648726e-01
-2.451071774980970730e-01
-2.420783449215377914e-01
-2.426171285392442201e-01
-2.368874374026450624e-01
-2.413660333456562057e-01
-2.414021634744631939e-01
-2.340363408922367938e-01
-2.322351221230949392e-01
-2.410079185062539153e-01
-2.435988845092733612e-01
-2.409095139737811309e-01
-2.387741029767092016e-01
-2.460771234621059733e-01
-2.423018651495016940e-01
-2.410897525992492518e-01
-2.336648837137094148e-01
-2.346110236733434107e-01
-2.388066416570548967e-01
-2.300505591134935912e-01
-2.415954026717468395e-01
-2.403223518281443205e-01
-2.373324790324211619e-01
-2.415830885871397271e-01
-2.310123361736788894e-01
-2.402285694513501824e-01
-2.393638089547991399e-01
-2.415574415736152503e-01
-2.518265208065972871e-01
-2.405699804973124856e-01
-2.326038911435848178e-01
-2.325794309514890301e-01
-2.226095441113837836e-01
-2.315806379106462032e-01
-2.279982676696583610e-01
-2.142169306012053909e-01
-2.228012706098780882e-01
-2.111169809096367089e-01
-2.256050176856252421e-01
-2.218673214408344307e-01
-2.103384716978062841e-01
-2.196043927123483286e-01
-2.181122776267656604e-01
-2.070143579601690931e-01
-2.234569482279127328e-01
-2.216711126465664705e-01
-2.166377598115030167e-01
-2.281374448904838204e-01
-2.161565283815196636e-01
-2.089319843244279440e-01
-2.140884341421553927e-01
-2.149908630177659319e-01
-2.018092288254287325e-01
-1.986716398613399548e-01
-2.131100257333056192e-01
-2.167147445107389103e-01
-2.257071874244651610e-01
-2.252479273514857994e-01
-2.199179121011347604e-01
-2.298760806992472538e-01
-2.247576085832463377e-01
-2.219647578540673294e-01
-2.167488688080450032e-01
-2.209740292554993601e-01
-1.998604295704069500e-01
-1.983371085559557656e-01
-1.959125584874037429e-01
-1.994451236453844700e-01
-1.903375293270936908e-01
-2.018719480713375702e-01
-2.032199372313385766e-01
-2.155368250485256709e-01
-2.211722417322850021e-01
-2.025920054889898125e-01
-2.099056126898641850e-01
-1.962759809849217163e-01
-1.839679275733985264e-01
-1.491036180374880615e-01
-1.298571290131906864e-01
-1.457672402492438124e-01
-1.701259896521598591e-01
-1.891081001104204518e-01
-1.917167793153780053e-01
-1.971041791305818691e-01
-2.075416772221441164e-01
-2.008523587347017525e-01
-2.018965641195578087e-01
-1.997946800995276107e-01
-1.803983393779038380e-01
-1.621650383052397615e-01
-1.475741821011311572e-01
-1.479707205600586661e-01
-1.692042966209843513e-01
-1.816788211283526522e-01
-1.858235194341997243e-01
-1.916925415671020261e-01
-1.917020762196219863e-01
-1.976250062684492548e-01
-1.924222811260865029e-01
-1.891392046402149418e-01
-1.919691019281390965e-01
-1.876906017050163911e-01
-1.883903877369945690e-01
-1.825615380577438884e-01
-1.824456749723726290e-01
-1.822341773825080224e-01
-1.795893655013092172e-01
-1.749716170669337600e-01
-1.728119720738767739e-01
-1.766983651164011349e-01
-1.744816215896776157e-01
-1.857829160127266732e-01
-1.811946491774385493e-01
-1.793406717602756828e-01
-1.528546723192043544e-01
-1.214503397552455510e-01
-1.334256151622987829e-01
-1.450321539155297046e-01
-1.580532233474425396e-01
-1.490312601658079217e-01
-1.413080831846791341e-01
-1.516992944362502982e-01
-1.420814840509194710e-01
-1.533088583541122318e-01
-1.454443183860973932e-01
-1.419205115005102158e-01
-1.540214184058719127e-01
-1.561821856448730728e-01
-1.424503599195237058e-01
-1.422671140899396391e-01
-1.337208577838158163e-01
-1.349615653340876520e-01
-1.341783671177783077e-01
-1.322816782076898789e-01
-1.257919813094758865e-01
-1.318676100087134984e-01
-1.305425545865830372e-01
-1.359593001568679682e-01
-1.334503512662337243e-01
-1.289490370285619747e-01
-1.292671470645334608e-01
-1.314268064203307773e-01
-1.294626235503475442e-01
-1.302268780636417489e-01
-1.298517324500867431e-01
-1.307981044825812234e-01
-1.283749055782941184e-01
-1.301174088002952089e-01
-1.327407782862817243e-01
-1.293429857019336993e-01
-1.421997270202908226e-01
-1.420890673699908291e-01
-1.546453871788706635e-01
-1.487056027988753470e-01
-1.403097154683230485e-01
-1.432774050956417966e-01
-1.373824947054540502e-01
-1.299277200750168504e-01
-1.348815505254439273e-01
-1.343956172187343867e-01
-1.366021949279598857e-01
-1.388339939520779609e-01
-1.390595507789100793e-01
-1.408463945681397433e-01
-1.395885804621972426e-01
-1.351192208432934194e-01
-1.459421742907558439e-01
-1.439552476690781901e-01
-1.504128734465286499e-01
-1.481688722813565562e-01
-1.494516856125489568e-01
-1.483945485064683822e-01
-1.555564144254972803e-01
-1.524230137310720323e-01
-1.536398729857779699e-01
-1.570023958463231395e-01
-1.488657601289968824e-01
-1.449970096683159682e-01
-1.444395146565469190e-01
-1.412110231078180789e-01
-1.379214121896321643e-01
-1.469142048224956199e-01
-1.523733769457393805e-01
-1.542899956720464871e-01
-1.509917436953962522e-01
-1.526467064947567565e-01
-1.614058140947776110e-01
-1.616354220300042499e-01
-1.672503183307370023e-01
-1.684963877048879510e-01
-1.700626618349510011e-01
-1.761493282024009233e-01
-1.732939069961663137e-01
-1.789090491675064953e-01
-1.773997855413860236e-01
-1.728114993327878324e-01
-1.715113506346153116e-01
-1.794636091535313227e-01
-1.849353266886168967e-01
-1.964321089589660119e-01
-2.006826033682749255e-01
-1.949619419093853168e-01
-1.952314905094176822e-01
-1.910524482222601961e-01
-1.990587763962015089e-01
-2.021751074490065747e-01
-2.067219679703971025e-01
-2.108247678626185007e-01
-2.042834602519736364e-01
-2.106961836012484213e-01
-2.030590808295755778e-01
-2.068916168579022496e-01
-2.083089816470664601e-01
-2.146455814628165371e-01
-2.062691688466848916e-01
-2.151693407224151144e-01
-2.158749764570249141e-01
-2.084681977219453586e-01
-2.132309300216306269e-01
-2.201859252177769122e-01
-2.214670299319472235e-01
-2.201173394412947459e-01
-2.189894203095104075e-01
-2.201475606364091675e-01
-2.178236997875657721e-01
-2.204814786108713065e-01
-2.256246859184578568e-01
-2.133740772398784458e-01
-2.176411496719055094e-01
-2.150121275248615405e-01
-2.138237697797880088e-01
-2.160358546734304497e-01
-2.141347892996847690e-01
-2.195319067237679889e-01
-2.281456179543592810e-01
-2.299731790945518384e-01
-2.290137322285765720e-01
-2.228945191271076709e-01
-2.204483016942617724e-01
-2.241849413801748625e-01
-2.206727094123284161e-01
-2.252864688319125008e-01
-2.219633174312836132e-01
-2.238233312694486443e-01
-2.251530996088924041e-01
-2.275502897106864708e-01
-2.212520124398000831e-01
-2.192223161488335847e-01
-2.181712515158196197e-01
-2.182544903135923420e-01
-2.355506974016154942e-01
-2.477430670233289334e-01
-2.420604637149690319e-01
-2.397920743915022967e-01
-2.449529803733394573e-01
-2.410194521289437120e-01
-2.409055750115385308e-01
-2.325152974698525554e-01
-2.398973713752994286e-01
-2.383793886522305172e-01
-2.378353174928271585e-01
-2.348046317675418493e-01
-2.348812841193854695e-01
-2.323076679178868176e-01
-2.344691705915380453e-01
-2.303425218962757981e-01
-2.346503493001641516e-01
-2.301668702010495338e-01
-2.298378289436104893e-01
-2.347449541862278721e-01
-2.341336169956029778e-01
-2.325714214439624783e-01
-2.308603986017256915e-01
-2.264921024594332977e-01
-2.290490517018710648e-01
-2.330264534420258826e-01
-2.329275257450085235e-01
-2.313940769523092911e-01
-2.290998655535183559e-01
-2.281198148296734729e-01
-2.341448279600815141e-01
-2.238353245323096985e-01
-2.273522090528778961e-01
-2.313130815960153797e-01
-2.322271257288210933e-01
-2.323012396734327467e-01
-2.285758895695515491e-01
-2.307587705491904728e-01
-2.300859217229973552e-01
-2.336081729431249698e-01
-2.331206315378597793e-01
-2.370308826595692864e-01
-2.309701031570021712e-01
-2.288881060439393877e-01
-2.306529580612970420e-01
-2.163676169569814789e-01
-2.334749926996853020e-01
-2.235687123735203841e-01
-2.222132544820851763e-01
-2.228584152612764768e-01
-2.276517332406360339e-01
-2.235635891213583193e-01
-2.212374098971210401e-01
-2.179569969985717393e-01
-2.136107316682451795e-01
-2.216338015951784257e-01
-2.216814158604751839e-01
-2.171259391786701798e-01
-2.211298134366916912e-01
-2.207017043940879830e-01
-2.168923253924219807e-01
-2.119549039365260512e-01
-2.110970488381820331e-01
-2.149354889805010771e-01
-2.078325842976394000e-01
-2.147153707857345495e-01
-2.151763008688458712e-01
-2.128402870338010899e-01
-2.183160396980952100e-01
-2.151640551265394663e-01
-2.159091585847452421e-01
-2.141424269282534709e-01
-2.124396365439480405e-01
-2.144304591561407847e-01
-2.211686393665726058e-01
-2.217355986986113692e-01
-2.201396004793991779e-01
-2.126317054711179821e-01
-2.149441421774493932e-01
-2.105702138060348005e-01
-2.170955835947392387e-01
-2.165884023080035803e-01
-2.172598193405708145e-01
-2.198105262865404086e-01
-2.211002148171523629e-01
-2.138844041976479815e-01
-2.185756449652931366e-01
-2.215856073283610783e-01
-2.144017974571230667e-01
-2.169715431649841264e-01
-2.134995829654560140e-01
-2.118875292020803158e-01
-2.160922278873194102e-01
-2.146046099075356040e-01
-2.080478695725727079e-01
-2.055524873173126821e-01
-2.046341651666043759e-01
-2.132425888184332763e-01
-2.067683903972259429e-01
-2.105917561607721922e-01
-2.132059843967102353e-01
-2.150706739524252953e-01
-2.201903225628516481e-01
-2.178820395089964279e-01
-2.238693941924623232e-01
-2.158252450652753396e-01
-2.154822743444029243e-01
-2.152767925862093534e-01
-2.142396913969157879e-01
-2.162377396635370985e-01
-2.138399280173803874e-01
-2.142215387006149996e-01
-2.055895356587935652e-01
-2.140084023278507885e-01
-2.143867532615448823e-01
-2.163844665632925768e-01
-2.117815267559937098e-01
-2.129542014470420241e-01
-2.168026824990949564e-01
-2.173726469188341781e-01
-2.175931955985195287e-01
-2.177959542883485256e-01
-2.191870176436303552e-01
-2.272860737320989699e-01
-2.190514052726371119e-01
-2.213355288596776660e-01
-2.225016691063324004e-01
-2.226792850870289442e-01
-2.163649516696501962e-01
-2.151804321768278072e-01
-2.168753097368618654e-01
-2.097790129770142897e-01
-2.103534350753086812e-01
-2.207063671364082325e-01
-2.148737057170659881e-01
-2.241121436752244733e-01
-2.151401748517312029e-01
-2.141662940765964862e-01
-2.076540265859243561e-01
-2.163318419314883556e-01
-2.211097299503794744e-01
-2.166065761054909444e-01
-2.154478513089532754e-01
-2.209780890646015905e-01
-2.147429301859631323e-01
-2.162980638512728149e-01
-2.170285765959913959e-01
-2.219036077245934990e-01
-2.124957461822489790e-01
-2.200775453403469584e-01
-2.188131994294320037e-01
-2.104286315322205780e-01
-2.275715188760543128e-01
-2.193193768830212775e-01
-2.207746203735538870e-01
-2.143500127394517563e-01
-2.201010733240806871e-01
-2.161465932502473208e-01
-2.184118237838941212e-01
-2.208241362263549945e-01
-2.186369803251047017e-01
-2.214429108540159064e-01
-2.114953318572894148e-01
-2.111759903124728055e-01
-2.129288701910070358e-01
-2.175095511417133309e-01
-2.127528674549452603e-01
-2.155093805891077352e-01
-2.238183849040975559e-01
-2.194500150956706364e-01
-2.160241107366989155e-01
-2.250648630744311873e-01
-2.191895825572700574e-01
-2.243760005731942897e-01
-2.247738943708572634e-01
-2.204455637077860075e-01
-2.238755412250199583e-01
-2.291814758754426862e-01
-2.291218893995718986e-01
-2.264762517072380632e-01
-2.253653102915560424e-01
-2.210916403054472568e-01
-2.221935115831286112e-01
-2.159396286724479808e-01
-2.188432660427093168e-01
-2.216979788387050121e-01
-2.238940064822187992e-01
-2.269125031876093601e-01
-2.209833474611606619e-01
-2.152967212036323019e-01
-2.198614467974699949e-01
-2.156029320513663805e-01
-2.187968623162905857e-01
-2.226866204794593074e-01
-2.188117811243319721e-01
-2.299223074840490710e-01
-2.336533970260212811e-01
-2.288165252114016113e-01
-2.242123432333062993e-01
-2.235317085245664970e-01
-2.208412274038487055e-01
-2.273148040448162988e-01
-2.183999829926470682e-01
-2.313516387094729509e-01
-2.239969975561777460e-01
-2.236041437998768089e-01
-2.237405064331685622e-01
-2.171016982366964498e-01
-2.233305348792633538e-01
-2.229462251658169691e-01
-2.200325902297883829e-01
-2.291940701856063356e-01
-2.237826839177863292e-01
-2.316347395987143898e-01
-2.283214301855878148e-01
-2.297679393062246334e-01
-2.283341521706194754e-01
-2.334522043673370462e-01
-2.294333524290994575e-01
-2.215935980361454227e-01
-2.246127010992378104e-01
-2.365485094991370829e-01
-2.306885862706575807e-01
-2.207636454057126940e-01
-2.298473847419479910e-01
-2.221435588501599057e-01
-2.193936704648553615e-01
-2.187519553563035402e-01
-2.210567849006981334e-01
-2.149380850274678068e-01
-2.213788566229979438e-01
-2.358717491333912619e-01
-2.272693566246211105e-01
-2.324540174875089349e-01
-2.249784351813293171e-01
