-2.236735625825190810e-01
-3.028598735605081416e-01
-3.660870139048155170e-01
-3.663272048891925703e-01
-3.689988945820488198e-01
-3.960462806945164171e-01
-3.896295551235824384e-01
-3.966516562245672173e-01
-3.738486923040548748e-01
-4.111745340456226527e-01
-4.076603658039100742e-01
-4.159349532743892297e-01
-4.239479109181519823e-01
-3.878210066382314358e-01
-4.045883144715878288e-01
-4.099585506110550726e-01
-4.100799338427005836e-01
-4.112254187887996459e-01
-3.957237976667331014e-01
-4.186254611121436042e-01
-4.069013106860160933e-01
-4.124864864366383777e-01
-4.324657109989055170e-01
-3.971552350466245329e-01
-4.056668379865525642e-01
-4.199831536050812608e-01
-4.041630487526386428e-01
-4.220412726428430794e-01
-4.012654757373115277e-01
-3.966499682692112838e-01
-4.015150925333739185e-01
-4.205844677514378738e-01
-3.930654154290361690e-01
-3.864993112771152872e-01
-3.884948984220425450e-01
-3.968808405898840430e-01
-3.927682272887598192e-01
-3.870246817590423660e-01
-3.899310073035082147e-01
-3.891512044805968684e-01
-3.986585951200002365e-01
-3.743613411341567554e-01
-4.103235685549782019e-01
-3.787256664360900138e-01
-3.933710099853982012e-01
-4.023744841836244257e-01
-3.855405111199129986e-01
-3.836320567008929538e-01
-3.941698006754473793e-01
-3.940653973130535115e-01
-3.956069267856887617e-01
-3.935501060776026572e-01
-3.763857946401149568e-01
-3.817290664608781747e-01
-3.765825693969508392e-01
-3.706104445970662686e-01
-3.725461770337246681e-01
-3.938911664048702632e-01
-3.848242990481614556e-01
-3.749711297995508286e-01
-3.893121631339276356e-01
-3.625291234133601326e-01
-3.541344654347890475e-01
-3.754554875922851420e-01
-3.606574992888996189e-01
-3.602090149629718629e-01
-3.698409390681422493e-01
-3.667278923128164392e-01
-3.613631921272306702e-01
-3.578244996624873053e-01
-3.484842807200819181e-01
-3.498114229747804060e-01
-3.620757131139923923e-01
-3.446644432382958145e-01
-3.505702230452119594e-01
-3.388072572946130290e-01
-3.409944840403843491e-01
-3.398171082373412366e-01
-3.372282773493437968e-01
-3.306028441548133356e-01
-3.310900914268886108e-01
-3.430694251537597106e-01
-3.350227275662711612e-01
-3.241451724909131804e-01
-3.222429386596900036e-01
-3.335372764803337109e-01
-3.300970013493792488e-01
-3.483433087385340854e-01
-3.314798716779037147e-01
-3.286502145473191305e-01
-3.356066541689907701e-01
-3.443222504822374130e-01
-3.387590245817669321e-01
-3.393775504531102438e-01
-3.223079065656745401e-01
-3.127216715899892030e-01
-3.155831549646256895e-01
-3.133502808873160350e-01
-3.291868332069514680e-01
-3.117867741630894751e-01
-3.026188207103420735e-01
-3.036212228500846377e-01
-3.183855527955804510e-01
-2.994528051555059300e-01
-3.325695930093947594e-01
-3.014991467391795466e-01
-3.130261808069473295e-01
-3.087185544720688068e-01
-2.890229690132794516e-01
-3.007718028622714534e-01
-2.902270500591804248e-01
-3.084831740510631803e-01
-2.959217342664623995e-01
-2.988725630076878303e-01
-2.981751131168323132e-01
-3.048108990394402529e-01
-3.033800139762871106e-01
-3.072550734748253909e-01
-3.030669101093752538e-01
-2.947690121673756103e-01
-2.791192017754240418e-01
-3.043669421729324753e-01
-2.958768045126146662e-01
-3.027643561430515273e-01
-2.962066151654684232e-01
-2.731756189749656727e-01
-3.140205146232881717e-01
-2.917534296772497093e-01
-2.992974445320532029e-01
-3.150137361475567888e-01
-2.853378638035579673e-01
-2.999674942525423216e-01
-2.818899658179201406e-01
-2.995226410755487123e-01
-3.044146310437972902e-01
-3.035261764493125680e-01
-2.824424667618656848e-01
-2.840247058433539307e-01
-2.758021771222656238e-01
-2.839684630601653215e-01
-2.624558548824006410e-01
-2.609982632329574948e-01
-2.760317760949710930e-01
-2.776187010293444946e-01
-2.837295300778726048e-01
-2.706036277656295175e-01
-2.780283226026760701e-01
-2.825028194698179229e-01
-2.914876768864770318e-01
-2.906965924937710000e-01
-2.822391068124550095e-01
-2.849766588812214785e-01
-2.618478031671325201e-01
-2.645442562701572076e-01
-2.735113226317327229e-01
-2.651052267393101403e-01
-2.655057969163927556e-01
-2.734168974413715425e-01
-2.498353786997049575e-01
-2.711960169919265251e-01
-2.851670533284642595e-01
-2.839925182174385387e-01
-2.620860377897824556e-01
-2.818104559503702422e-01
-2.805456489797315545e-01
-2.718403677592806655e-01
-2.367375639321853686e-01
-2.466675880220257078e-01
-2.740540918261806791e-01
-2.791967362217075976e-01
-2.576753981018709005e-01
-2.657319294328136516e-01
-2.577663164823186248e-01
-2.707962183368431974e-01
-2.668833877465034421e-01
-2.569746579160437361e-01
-2.488299008340078278e-01
-2.622218898312146940e-01
-2.743668918844509030e-01
-2.459226406116378494e-01
-2.695132973661061304e-01
-2.827224298339153785e-01
-2.734007370614397470e-01
-2.657292730329517960e-01
-2.737096246261486732e-01
-2.679006731279987008e-01
-2.704334617427221477e-01
-2.566362766538026197e-01
-2.696799390276892749e-01
-2.671127982642376164e-01
-2.720330753142693458e-01
-2.751370197307010934e-01
-2.682996546919230729e-01
-2.508311117876679819e-01
-2.691207714845499366e-01
-2.720108916971152868e-01
-2.755094477441633050e-01
-2.885956010822638418e-01
-2.701340524419070244e-01
-2.618120523533890021e-01
-2.556158156098848888e-01
-2.568006600761643110e-01
-2.630033462680965162e-01
-2.366072762022570219e-01
-2.670200795385636594e-01
-2.602337181950539202e-01
-2.689348161914745239e-01
-2.435376054311515492e-01
-2.612933396626324623e-01
-2.645007181661952478e-01
-2.686275173767991298e-01
-2.627332756857468921e-01
-2.488750349200198331e-01
-2.586943273746937777e-01
-2.687756767930602475e-01
-2.685769420617218906e-01
-2.408457492556170809e-01
-2.530814380283108456e-01
-2.566429937617844548e-01
-2.770600710438051451e-01
-2.679799389435814083e-01
-2.718380122102732610e-01
-2.825016394706267864e-01
-2.784078955112530007e-01
-2.531387963708602307e-01
-2.747052546958026475e-01
-2.536304897946735082e-01
-2.581751025316629811e-01
-2.690123889723932127e-01
-2.675826716855003173e-01
-2.598201906472760170e-01
-2.575458708324473989e-01
-2.875137508848848444e-01
-2.592910444902282174e-01
-2.664041803078647241e-01
-2.522335317028775448e-01
-2.562759823021203420e-01
-2.559128314721016428e-01
-2.635649197055680570e-01
-2.728923565270173768e-01
-2.469909064298407841e-01
-2.541311835694254340e-01
-2.642333241138161704e-01
-2.711292863569347844e-01
-2.662810237883868059e-01
-2.654352380405726741e-01
-2.627356978123438491e-01
-2.516483550366852562e-01
-2.333715814885344297e-01
-2.519917694219611093e-01
-2.623762505590928606e-01
-2.522138583482991248e-01
-2.724390997449964713e-01
-2.475741124952501870e-01
-2.572566536734297582e-01
-2.676283717053027367e-01
-2.510350090896786845e-01
-2.755704509797065604e-01
-2.514662945616052969e-01
-2.428308339398118632e-01
-2.511707436911541080e-01
-2.565225507917932024e-01
-2.458982079225143780e-01
-2.545461202914520715e-01
-2.420750317754514214e-01
-2.509542786833387495e-01
-2.495900177131014086e-01
-2.539945055411327868e-01
-2.669024177527421493e-01
-2.594164419598021798e-01
-2.390147044065569215e-01
-2.388672162366505258e-01
-2.535187067347293155e-01
-2.600788359492431923e-01
-2.568953255061523500e-01
-2.467169857189859261e-01
-2.324024021984445465e-01
-2.578207337367306451e-01
-2.697879382048791186e-01
-2.642110300942515089e-01
-2.591011379938372716e-01
-2.723160927985410762e-01
-2.547878118430719763e-01
-2.441925779464346746e-01
-2.468990093611902470e-01
-2.383864681845875300e-01
-2.524303006499570845e-01
-2.731916548218642493e-01
-2.577429187595843274e-01
-2.585023636913799105e-01
-2.322219010527597494e-01
-2.374377904414854967e-01
-2.545102426684549002e-01
-2.583006167771491057e-01
-2.646786318756901846e-01
-2.396377227286226042e-01
-2.502800293643197005e-01
-2.437712881411340238e-01
-2.401304501062675456e-01
-2.544031598771083758e-01
-2.565911253298642780e-01
-2.596346349279079480e-01
-2.475138641003573614e-01
-2.471942103132893642e-01
-2.642580420354441184e-01
-2.568642241167420348e-01
-2.520666873026444765e-01
-2.748529293433368270e-01
-2.648019976278939147e-01
-2.530720165915290032e-01
-2.445786347486431644e-01
-2.545726872134570495e-01
-2.578496190683361444e-01
-2.476090189070931924e-01
-2.679036244198598204e-01
-2.316909045205419737e-01
-2.505879342012526934e-01
-2.334575715599607193e-01
-2.304889975468853436e-01
-2.541562247828657028e-01
-2.516880502047351698e-01
-2.391461695451693181e-01
-2.559860802236211264e-01
-2.341273988449370513e-01
-2.463831487240990548e-01
-2.506159880699199149e-01
-2.588983309645280784e-01
-2.403714150173814623e-01
-2.580790629041187501e-01
-2.467938662528212923e-01
-2.470843346511886196e-01
-2.470197746919198245e-01
-2.383733327787349587e-01
-2.521381722879922904e-01
-2.489716500425234180e-01
-2.323801179488085289e-01
-2.547749673118513414e-01
-2.323686243178513244e-01
-2.419926422174754066e-01
-2.206565294591165127e-01
-2.435644642882075495e-01
-2.304356943419980652e-01
-2.353173613369548001e-01
-2.444682924815486658e-01
-2.514006146289804455e-01
-2.347563053645065345e-01
-2.155706481238133243e-01
-2.264334868245327925e-01
-2.246182013944340028e-01
-2.227323411243506968e-01
-2.450312669493794893e-01
-2.452874621844500780e-01
-2.406594619914432798e-01
-2.417353165874311927e-01
-2.140903610617090891e-01
-2.082251258311953457e-01
-2.457126509637883593e-01
-2.312885624826521713e-01
-2.294420380915340729e-01
-2.436189809421631658e-01
-2.328462479510262639e-01
-2.346454650462739266e-01
-2.481075677870432372e-01
-2.503576057814576039e-01
-2.382555077329389093e-01
-2.294078049604935110e-01
-2.295989056065081968e-01
-2.306930109995875000e-01
-2.504024153759378812e-01
-2.181241827909476960e-01
-2.395249682705959948e-01
-2.157675041678976946e-01
-2.427891112545217389e-01
-2.262057023015131563e-01
-2.316545271001144712e-01
-2.439197295665600507e-01
-2.326151082867080611e-01
-2.427772639772394214e-01
-2.436089893259580919e-01
-2.184344568036094003e-01
-2.409706602077199555e-01
-2.212087935067816868e-01
-2.233325779685912948e-01
-2.135887017236521856e-01
-2.243853339819099624e-01
-2.267017095407957150e-01
-2.283687456127156956e-01
-2.267686103367156925e-01
-2.189181476484929334e-01
-2.243421339022302341e-01
-2.258617449489732643e-01
-2.151673040638222290e-01
-2.042752039733848335e-01
-2.263030031448840518e-01
-2.208970624214603440e-01
-2.226132751096767670e-01
-2.081668014063522421e-01
-2.279047419589610435e-01
-2.233859048892323784e-01
-2.129395418068673607e-01
-2.194718523570502455e-01
-2.250626768983132742e-01
-2.276659108979006696e-01
-2.158037421475289541e-01
-2.298685157656219502e-01
-2.168070243500821448e-01
-2.163416968187852341e-01
-2.329760581165527533e-01
-2.189060635738737659e-01
-2.317721623245465601e-01
-2.251395503270776643e-01
-2.209558593437628282e-01
-2.212267529406202193e-01
-2.282102160383994160e-01
-2.156071965689188019e-01
-2.093664590747796872e-01
-2.221730834302841906e-01
-2.088514996167041282e-01
-1.991356052930624010e-01
-2.059537730268634625e-01
-2.307587115138858280e-01
-2.213086945140299022e-01
-2.187856524125786351e-01
-2.307784319251440230e-01
-2.167559089311028586e-01
-2.014306873771807282e-01
-2.123501725316314648e-01
-2.062999815166119966e-01
-2.148316888652797019e-01
-2.129252553128386793e-01
-2.257178011347260593e-01
-2.371126542550712202e-01
-2.399015307698317834e-01
-2.149472609550890922e-01
-2.193311483913249482e-01
-2.300455403672971855e-01
-2.247764838365160500e-01
-2.101476887030750973e-01
-2.148329819414969144e-01
-2.295232263555155861e-01
-2.001797581159618922e-01
-2.183959401760438013e-01
-2.167268977520384610e-01
-2.196463663121859256e-01
-2.154314545256101887e-01
-2.157479677247127192e-01
-2.188886361464268404e-01
-2.182177479345592808e-01
-2.148410018385416009e-01
-2.155438955545272428e-01
-2.122095555812872902e-01
-2.151082328458642223e-01
-2.160798280468001487e-01
-2.119837789479452894e-01
-1.980015241074997157e-01
-2.152741993741709159e-01
-2.186004871910398606e-01
-2.207787457002434728e-01
-2.166146828960493487e-01
-2.187716359870552907e-01
-2.177054725688765124e-01
-2.216493552356086916e-01
-2.112222662542184715e-01
-2.199607356464552410e-01
-2.222250332493955760e-01
-2.211172512132133505e-01
-2.197553391571482884e-01
-2.227615589152689424e-01
-2.096332100481643756e-01
-2.127559734134782943e-01
-2.161311407087724845e-01
-2.215419046364663913e-01
-2.237373660683621424e-01
-2.105108209025901012e-01
-2.248561184005204439e-01
-2.005544645973915685e-01
-2.007126593748824739e-01
-2.186606806457129792e-01
-2.064697306458871395e-01
-2.000232591977550989e-01
-2.013442401396217107e-01
-2.270104207761054482e-01
-2.049649114856468834e-01
-2.047141144148927339e-01
-2.270830223154667316e-01
-2.150686339561236338e-01
-2.011901527126882527e-01
-2.316568384563892913e-01
-2.050004719607749770e-01
-1.956444401081651741e-01
-2.071729122496468456e-01
-2.008679099232697496e-01
-2.050823905078722476e-01
-1.982100948871083901e-01
-2.111094077333532937e-01
-2.146139751981599453e-01
-1.932873001885777597e-01
-2.225126769901959456e-01
-2.217674651424350607e-01
-2.242041942637347240e-01
-2.025435044228380832e-01
-2.141222975169081444e-01
-2.161612643860832961e-01
-2.295454640264966706e-01
-2.105585090883512756e-01
-2.255412840638384431e-01
-2.178575207913855394e-01
-2.001315818345066333e-01
-2.252136691023798321e-01
-2.131101262474204283e-01
-2.138792438738388313e-01
-2.116556801944446953e-01
-2.063428819922936697e-01
-2.148073918042463504e-01
-2.079446221792742300e-01
-2.203794531991505323e-01
-2.056603684463262915e-01
-2.160189905614067207e-01
-2.195339562824702995e-01
-2.095071367441248000e-01
-2.205244494246265674e-01
-2.181571453954131989e-01
-2.247703830212111065e-01
-2.254460771740731673e-01
-2.232350661655830848e-01
-2.138625655749417653e-01
-2.175301236060533938e-01
-2.150295121918555097e-01
-2.211453912975995806e-01
-2.326807001579274115e-01
-2.076086045359635257e-01
-2.110636984125737747e-01
-2.017008476717601084e-01
-2.307286393202687691e-01
-2.201908711788469475e-01
-2.088489278858967069e-01
-2.086499674882134059e-01
-2.150513359500627608e-01
-1.976129039218865735e-01
-2.011228918000562693e-01
-2.151957466035905320e-01
-2.103651932423153958e-01
-2.117981795145702506e-01
-2.090157417428017972e-01
-2.187117781829632790e-01
-2.232038255068329313e-01
-2.296796488612189435e-01
-2.085568938929882599e-01
-2.089289817806720961e-01
-1.961083670891818898e-01
-2.106880616832462749e-01
-2.170318901564329828e-01
-1.967227523959196311e-01
-2.136894102608626334e-01
-2.102471558774912097e-01
-2.134307574638736327e-01
-2.031690927090417098e-01
-1.991821263042847789e-01
-2.185599277860987844e-01
-2.149110098463922203e-01
-2.166218572176425994e-01
-2.092769306099131477e-01
-2.103082019824267235e-01
-2.098106423643084639e-01
-1.922310729336484947e-01
-2.086597648890240464e-01
-2.034904032908899651e-01
-2.102316264796839640e-01
-2.134053901913857132e-01
-2.198835486772370285e-01
-2.119710309161206840e-01
-1.980694837311351986e-01
-2.112386408508764024e-01
-2.073731017090649775e-01
-2.004754862729052345e-01
-2.089293049341891528e-01
-2.056277494121947491e-01
-2.146747726609703477e-01
-2.068739959924137395e-01
-2.152451152773644516e-01
-2.130421522760426178e-01
-1.933350768442787526e-01
-2.171132392824310919e-01
-2.269670663442857617e-01
-2.096175331530099051e-01
-2.016565470148838912e-01
-2.168487260235667513e-01
-2.170323039288444278e-01
-2.010004063496075855e-01
-2.126598078295494076e-01
-1.978591244292502438e-01
-2.041984638862064383e-01
-2.012332219960462076e-01
-2.173983587842585052e-01
-2.100913643655561991e-01
-2.269211096999748101e-01
-2.158475709827802902e-01
-2.028220300549525845e-01
-2.126557247417131258e-01
-2.193999753191389068e-01
-2.223631475678500280e-01
-2.068251927571274074e-01
-2.129144428154829960e-01
-2.175569010151865434e-01
-2.250857805382349142e-01
-2.016024607401964985e-01
-2.085989100714193967e-01
-2.241038902032723712e-01
-2.150795687367730302e-01
-2.266068778018186514e-01
-2.115875514824341330e-01
-2.188995934292949919e-01
-2.110788044872720093e-01
-1.983622372057696204e-01
-2.150672745534070174e-01
-2.281611201175808290e-01
-2.257110783508200491e-01
-2.192395523575925154e-01
-2.166039539597233166e-01
-2.128251631190516413e-01
-2.074051300202213177e-01
-2.108824233174670937e-01
-2.082418308900466641e-01
-2.158456340022163467e-01
-2.032532284271937328e-01
-1.873703123644321344e-01
-2.109590076814149562e-01
-2.160902668850601671e-01
-1.849074651869253572e-01
-2.048486885162317250e-01
-2.166342148798188205e-01
-2.135876101595046705e-01
-1.964262628402462241e-01
-2.167423758421769264e-01
-2.161053149495666403e-01
-2.023528929597739889e-01
-2.086678124896197417e-01
-1.907913092868582794e-01
-2.080568463278877900e-01
-2.332172869170960894e-01
-2.094556737681090297e-01
-2.114853246951913235e-01
-2.226765719267613797e-01
-2.080899250598187145e-01
-2.121552283286760598e-01
-2.046493918974334747e-01
-2.094276835066324338e-01
-2.051391753677203056e-01
-2.132907958524130621e-01
-1.999637047126006095e-01
-2.184331920194884091e-01
-2.020609022958659295e-01
-2.147448260256501484e-01
-1.998037760740212221e-01
-2.120456170744708935e-01
-2.115285753682982772e-01
-2.153825956294568300e-01
-2.161031118727780864e-01
-2.195435970997174913e-01
-2.210275600019824260e-01
-2.135239017100674097e-01
-2.034506222733969416e-01
-2.134470318853169957e-01
-2.185166821550126315e-01
-2.206024233732719608e-01
-2.151356888779361043e-01
-2.254764344603614745e-01
-2.208023413626865050e-01
-1.991606300451649325e-01
-2.212539115468143969e-01
-2.128550461210010347e-01
-1.947280251054817057e-01
-2.149030291657214597e-01
-2.100373480174622109e-01
-2.077981160430142360e-01
-2.105722705372068404e-01
-2.047416059166562441e-01
-2.146518415302014482e-01
-2.072665338744106300e-01
-2.103701942415430182e-01
-2.072511320387797618e-01
-2.121283876373092347e-01
-2.048917577095372700e-01
-2.106613986440883934e-01
-2.054389091020496494e-01
-1.921486353001125025e-01
-1.969687522280247904e-01
-2.102795834816082454e-01
-2.004824879588289477e-01
-2.112204653604963234e-01
-1.969044124589416356e-01
-2.147476861117660896e-01
-2.140103858240278711e-01
-2.043633906755366603e-01
-2.170759377939552870e-01
-2.059347760485152889e-01
-2.132313387584279241e-01
-1.985503976829572359e-01
-2.034423416463044809e-01
-2.228987896409471148e-01
-2.186054646323691841e-01
-1.929843378559952249e-01
-2.241128486295225208e-01
-2.059094312251050773e-01
-1.926603848682604259e-01
-2.073221560729008317e-01
-2.198859174062235411e-01
-2.040703776907619726e-01
-2.077311277479929608e-01
-2.203999060311572222e-01
-2.160907422045590387e-01
-1.886850291317552220e-01
-1.992235883620079306e-01
-2.025299953427590616e-01
-2.106803113834980756e-01
-2.040564321897111455e-01
-2.124230390717136707e-01
-2.131634876403762924e-01
-1.966265174711430141e-01
-2.102588431752958620e-01
-2.022350752151056419e-01
-2.085640195174622846e-01
-2.178167319992883044e-01
-1.970402088088927250e-01
-2.013497229349301421e-01
-2.130843612529700337e-01
-2.079350442717067260e-01
-2.080806731131086273e-01
-2.200268866656127642e-01
-2.035449777268252269e-01
-2.053848975848100444e-01
-2.119543154658916073e-01
-1.940064391400131427e-01
-1.993476786658212596e-01
-1.967616620082623946e-01
-1.905779003219452150e-01
-2.076363271784975595e-01
-2.028303019649975170e-01
-2.005470738969088451e-01
-2.005894770893794643e-01
-2.283220979282893914e-01
-2.080275626727612348e-01
-2.110338719287532250e-01
-1.900777998827209991e-01
-2.143705926789567506e-01
-2.035953769462057750e-01
-1.749792308444595434e-01
-2.168642454693054944e-01
-2.112763354122035864e-01
-2.043217556615459785e-01
-2.144121527675864058e-01
-2.055551420961987397e-01
-2.028206885062942000e-01
-2.007429708829633341e-01
-2.037179285760610803e-01
-2.032503512397920709e-01
-2.181603950724451124e-01
-1.957375453741945215e-01
-2.026789751798894201e-01
-2.100278567307025668e-01
-2.044009434568803130e-01
-1.880690650482006454e-01
-2.027880174056813090e-01
-1.947234814749339016e-01
-2.093258237359907348e-01
-2.061286729853617494e-01
-2.062341010441857136e-01
-2.049912936677125153e-01
-2.054627234262267343e-01
-1.953136892651481382e-01
-2.007669573019184028e-01
-1.969351669732253285e-01
-1.986820399158895079e-01
-2.095340488821353375e-01
-2.113057418340553717e-01
-2.148047427492847383e-01
-2.128248328554303015e-01
-2.152334032631681993e-01
-1.866657924489913967e-01
-2.162079939809187223e-01
-2.005461591706421132e-01
-1.891110116091234694e-01
-2.028414966779337192e-01
-1.970097483153137041e-01
-2.054147631508205230e-01
-2.113355876007010359e-01
-1.928201736424948187e-01
-2.173677167410188460e-01
-2.028107136104586594e-01
-2.064990836779037053e-01
-2.132798816680452347e-01
-2.043188282396508626e-01
-2.225240091299292011e-01
-2.097062990844373864e-01
-2.092712996784280577e-01
-2.064904475327919986e-01
-2.191984861219049563e-01
-2.073309168787775825e-01
-2.049861254988021297e-01
-2.100492495273278415e-01
-2.208632626873485716e-01
-2.144426157155119306e-01
-1.962111142810325504e-01
-2.052306310476483819e-01
-2.034323615208681879e-01
-2.008233429021364369e-01
-2.098950758661064508e-01
-1.969857756447030983e-01
-2.029710115392808767e-01
-2.002725924553541148e-01
-2.187458670037631947e-01
-2.101594349201527656e-01
-2.114071743653929136e-01
-2.086800757289761776e-01
-2.092745178969648290e-01
-2.047253023510935410e-01
-2.075833191470530803e-01
-2.053119760791248805e-01
-2.180757114126443685e-01
-2.128408070849894251e-01
-1.924003594972711895e-01
-2.038352866492105786e-01
-2.036012904509911792e-01
-1.941402640346454600e-01
-2.065774257336556730e-01
-1.941771039896891260e-01
-2.111606650059012491e-01
-2.092438244596761532e-01
-2.186201880156584121e-01
-2.097386866713926157e-01
-2.090662433014205401e-01
-1.977677058660101128e-01
-2.017800987685003378e-01
-1.975805826004415344e-01
-2.030699870599270707e-01
-2.125397097499999166e-01
-2.133919806182156265e-01
-2.158476616332096754e-01
-2.048266043464519459e-01
-2.149923730293616941e-01
-1.931753262093798273e-01
-2.260741958696479426e-01
-2.174120069587561765e-01
-2.065033739432831084e-01
-2.016973743615269044e-01
-2.058156640984571961e-01
-2.176993801391566841e-01
-2.065569365956991810e-01
-2.017561562660621366e-01
-2.075801158737717866e-01
-2.273504846705325377e-01
-2.028162090238432302e-01
-1.996730688410648380e-01
-2.029773281910454141e-01
-1.964712682233047403e-01
-1.992922341820080323e-01
-2.031994559172425330e-01
-2.089759061770948279e-01
-2.159610523472248467e-01
-2.062297117350775366e-01
-2.199939267760773198e-01
-2.051264960400460691e-01
-1.814275797566429205e-01
-2.043707747849874412e-01
-2.095713146513658032e-01
-2.153979454138745808e-01
-2.064810979662143886e-01
-2.086800417041416722e-01
-2.128692159170306741e-01
-2.046908100728677127e-01
-2.167453298310353382e-01
-1.937076990928816578e-01
-2.014636306088242179e-01
-1.894535713294762669e-01
-2.075432486788015840e-01
-2.098109207024398959e-01
-2.122830694791986161e-01
-2.130546252047769151e-01
-2.040580003394347752e-01
-1.917758183035078723e-01
-1.968762982157985508e-01
-2.121272728873258018e-01
-1.996977122223988488e-01
-2.250466430471678159e-01
-2.106306651377638506e-01
-2.029498277992063393e-01
-2.133412714791853571e-01
-2.225789821447934358e-01
-2.152942260876261615e-01
-2.036896105053487283e-01
-2.012740661559480060e-01
-2.090132658826329148e-01
-1.976883282147139376e-01
-2.023032700163243103e-01
-1.997843941193959694e-01
-2.106568978830429817e-01
-2.028018205762447401e-01
-2.127273193104479709e-01
-2.002024602376446527e-01
-1.952529131902338566e-01
-1.990644365099265567e-01
-2.154146605564000172e-01
-2.131303280391008137e-01
-2.198602045705916330e-01
-2.181241742996675725e-01
-1.804828000993847770e-01
-2.064258742733795504e-01
-2.250645432092217568e-01
-2.054473466151516270e-01
-1.937888215779759449e-01
-1.953437868325389459e-01
-2.179955881734121359e-01
-2.043299341130442315e-01
-2.211238586760266855e-01
-2.020113032421764210e-01
-2.091466051741077692e-01
-2.096946537107586828e-01
-1.950245202683951184e-01
-2.204402619356353732e-01
-2.040489573543924351e-01
-2.073165323077468258e-01
-2.069266346987146399e-01
-1.941417492414077017e-01
-1.951143490817686121e-01
-1.993164045257116435e-01
-2.355424558532632773e-01
-2.108486983675299520e-01
-1.853716452322822228e-01
-2.137421195558446563e-01
-2.192863389624148951e-01
-2.026541858645538596e-01
-2.205765424916728001e-01
-2.121294040939551984e-01
-2.075111282087758191e-01
-2.059977778163681883e-01
-2.130144244494052153e-01
-2.241501532311946931e-01
-1.899110458886790198e-01
-2.156191780441991668e-01
-2.117242523672890897e-01
-1.909265174288847788e-01
-2.161798660299316666e-01
-1.855691149962597208e-01
-2.230389944272439529e-01
-1.913188817408006948e-01
-2.071449180071498475e-01
-2.148767244452760572e-01
-1.957493919702981700e-01
-2.162859831599224236e-01
-2.112702313044452218e-01
-1.973582417865191729e-01
-1.980035260648618234e-01
-2.002858323214460334e-01
-2.044125104326388609e-01
-2.046985503946112672e-01
-2.027549803656625294e-01
-2.066149826211489682e-01
-2.081669112908017816e-01
-2.179325833304530668e-01
-2.176440952093403602e-01
-2.192847350936162343e-01
-2.081528424620215922e-01
-2.232875623448196123e-01
-2.159651907060951004e-01
-2.107947367359108704e-01
-2.142970250592810544e-01
-1.971817589406241744e-01
-2.108534801192027963e-01
-1.978276871048503249e-01
-2.176648543585870677e-01
-1.991682054943575420e-01
-2.056048628822433333e-01
-2.017452919656816945e-01
-2.128064059888723492e-01
-2.033494140244527237e-01
-2.207696486681753889e-01
-2.167910308662541752e-01
-1.824181741991712791e-01
-2.012444322473641023e-01
-2.083705556784831714e-01
-2.126248795559231297e-01
-2.160158275572010567e-01
-2.238469981540212039e-01
-2.067011544420989111e-01
-2.030156556403306389e-01
-2.108377210914103017e-01
-1.953729447159084920e-01
-2.089821574979815466e-01
-2.181234854731131101e-01
-2.185215292095556983e-01
-1.999931969292334522e-01
-2.059152261194623357e-01
-2.085739963977775169e-01
-2.134329636591680845e-01
-2.064534175457986009e-01
-2.024318588848532663e-01
-2.111200951130247638e-01
-2.217492342247724402e-01
-2.037947899656371575e-01
-2.152151534473389916e-01
-2.135157708778545604e-01
-2.026305695108225891e-01
-1.994207344221545775e-01
-2.063195042963101855e-01
-2.080944632726109411e-01
-2.071965705957041770e-01
-2.117547648203750299e-01
-2.189051085041886502e-01
-2.009643487601806555e-01
-2.163446320392377054e-01
-1.981563465948434910e-01
-2.042651817573881701e-01
-2.230193174266434930e-01
-2.071826716423981196e-01
-2.082270760482969330e-01
-2.127886576871804714e-01
-2.071832649996241393e-01
-2.076643538605367212e-01
-2.251088334649469225e-01
-2.245913418568807884e-01
-2.241508413750397111e-01
-1.983238805712903563e-01
-2.094489818978342299e-01
-2.098379738553473040e-01
-2.074830764895962965e-01
-2.104696973367237156e-01
-2.172765843550066300e-01
-2.114818740634918370e-01
-2.129407057307415307e-01
-2.208117797258215553e-01
-2.222013904716861887e-01
-2.223603295919880374e-01
-2.101515337786148407e-01
-2.169264766374401354e-01
-2.255389528248410436e-01
-2.090682902135383436e-01
-2.025793407434259841e-01
-2.081574307492894960e-01
-2.297388653331893238e-01
-2.102252908928097241e-01
-2.107941453149941857e-01
-2.168545855308563475e-01
-2.052221697701432923e-01
-2.104784858982053919e-01
-2.080900009684452101e-01
-2.258380737866452215e-01
-2.131065373065204049e-01
-2.135509231574661548e-01
-2.174088889050680429e-01
-1.966463207620843257e-01
-2.206487834649348834e-01
-2.150577437439351591e-01
-2.086249602278673621e-01
-2.064749484680703517e-01
-2.196882267541946376e-01
-1.987279872325848906e-01
-2.095291209204472871e-01
-1.938173823217641534e-01
-2.000403836600650465e-01
-2.027905546445156748e-01
-2.066970320839351949e-01
-2.045214120469134311e-01
-2.138791393944821095e-01
-2.121510705810178976e-01
-2.088565675657343412e-01
-2.081113488042993787e-01
-2.277646940502719985e-01
-2.037449708341871890e-01
-2.077777668399689581e-01
-2.101901550256428663e-01
-2.060073134421145369e-01
-2.032506139139576007e-01
-2.139866019967473498e-01
-2.054268854761307495e-01
-1.995297442736623239e-01
-2.133255859275675625e-01
-2.038345526571214705e-01
-2.250783493241561573e-01
-2.087857139045583565e-01
-2.071313132817138580e-01
-2.088365328860035675e-01
-2.146190207316118759e-01
-2.041781734443444130e-01
-1.999861965965932242e-01
-2.141828105413536854e-01
-1.968118384827906020e-01
-2.000192253885924032e-01
-2.056033793663223364e-01
-2.073298957948086496e-01
-2.037646683278211412e-01
-2.074945349957215690e-01
-1.989397335361400287e-01
-2.138874171934537216e-01
-1.980586587677937160e-01
-2.148386010831098147e-01
-2.108891753158843585e-01
-2.158132647546429084e-01
-2.033251755465199651e-01
-2.143507823651740196e-01
-2.065106687972004806e-01
-2.061337141245140891e-01
-2.133929151758149345e-01
-2.107347630864473409e-01
-2.026921340833709451e-01
-2.096027757066547537e-01
-2.129014972943297224e-01
-1.951518063848598494e-01
-2.108083074068387575e-01
-2.140508333314738998e-01
-2.046573634507264927e-01
-2.097146649764374260e-01
-2.237855631307628101e-01
-2.012018957327894597e-01
-2.040892564756915384e-01
-2.130287849098988495e-01
-2.078513160632051715e-01
-2.098535457284764760e-01
-2.107167042909394716e-01
-2.171193209359616461e-01
-2.069315315905475572e-01
-2.082133623694102376e-01
-2.146046263102561191e-01
-2.045472893207569420e-01
-2.019251031038971078e-01
-2.051720255811382287e-01
-2.097606461409613487e-01
-2.058109887926922177e-01
-2.129504553317560500e-01
-1.970155178857648792e-01
-2.209690512448934108e-01
-1.917508861931200848e-01
-2.056010458406305474e-01
-2.123624209397618756e-01
-2.019539140046648917e-01
-2.092457686398203620e-01
-1.980192156868056941e-01
-1.926554437167276035e-01
-2.133466505494290288e-01
-2.019909934299524146e-01
-2.089489101012373951e-01
-2.300397568441709950e-01
-2.062527776578866323e-01
-2.131899743320504470e-01
-2.006124757711194029e-01
-2.012577283095344782e-01
-2.166871587200969174e-01
-1.896868402465829995e-01
-2.088642747438882452e-01
-2.172943072881037274e-01
-1.756630856283050157e-01
-1.999453304205354165e-01
-2.211237755583543851e-01
-2.181875933837966741e-01
-2.063649378895711095e-01
-2.225905368706033727e-01
-2.072133784282907953e-01
-2.065476218417434673e-01
-2.098201949399296495e-01
-2.193114929960775505e-01
-2.030917250133446039e-01
-2.070677142010306504e-01
-2.105878194848225249e-01
-2.195560034283170481e-01
-2.053449363378874182e-01
-2.204151583735716180e-01
-2.097537931399049427e-01
-2.140834988906865632e-01
-2.178405025311613841e-01
-2.047947839794708180e-01
-2.175853130413161196e-01
-2.040168193065827751e-01
-2.076376500474523823e-01
-2.108610966660893205e-01
-2.193286570388410794e-01
-2.081290193164351265e-01
-2.090749166143481830e-01
-2.036927582804395342e-01
-2.168857879040708703e-01
-2.089902974224946419e-01
-2.142511788873466827e-01
-1.910514996804928423e-01
-2.139854481547018850e-01
-2.187490773786868736e-01
-2.057296854081323012e-01
-2.201409055475300747e-01
-2.046150887376323446e-01
-2.076204915669297435e-01
-2.135191809941012764e-01
-2.161098842380675400e-01
-2.020857844839776263e-01
-1.950267313552833670e-01
-2.130326776525808263e-01
-1.998661017187566280e-01
-2.091521400008105047e-01
-2.137045710652381025e-01
-2.084836586367719846e-01
-2.090508402446586977e-01
-2.037687730548642939e-01
-2.241162234473352832e-01
-2.134933912671823641e-01
-2.093802510637656766e-01
-2.092650015156425347e-01
-2.101541754654348004e-01
-2.068738254076674110e-01
-2.008240987801377386e-01
-2.094523002039636594e-01
-2.191234442362386403e-01
-2.159696819074854446e-01
-2.157868590570330980e-01
-2.312894124271505092e-01
-2.017458531881937134e-01
-2.082996814030471100e-01
-2.095874962024835142e-01
-2.090236403726288827e-01
-2.153961545909943709e-01
-1.997153563934874754e-01
-2.206046161292247731e-01
-1.976688153373871160e-01
-2.041848874740876951e-01
-2.091320797756504035e-01
-2.169674858591683630e-01
-2.039210783198646126e-01
-2.107630473756652023e-01
-2.091005482915040403e-01
-2.094114225234742221e-01
-2.100538666793019260e-01
-2.077364906739553874e-01
-1.991833952316586220e-01
-2.132044047020968947e-01
-2.208580620511630954e-01
-2.143987440334838013e-01
-2.032378955556319866e-01
-2.130422187788045818e-01
-2.107098694304783137e-01
-2.040248783451898973e-01
-2.228651184036767319e-01
-2.037778762894619788e-01
-2.075482583929648683e-01
-2.075621530311320129e-01
-2.065334526468687315e-01
-2.027515870131182396e-01
-1.881981384564008764e-01
-1.965621319559076596e-01
-2.002463251058674842e-01
-1.834288344690229167e-01
-2.042228071806064804e-01
-2.063092787863078925e-01
-2.082378962873887573e-01
-2.025907548497087873e-01
-2.079999838579302818e-01
-2.055763803566250658e-01
-2.014080499402188806e-01
-2.071870285540633461e-01
-2.050875858347813718e-01
-2.187113920619125906e-01
-2.212884696532100293e-01
-2.063261196088364002e-01
-2.016141692833466337e-01
-2.033659994804146720e-01
-2.135403863230758148e-01
-2.145345086862171513e-01
-2.143193235364524440e-01
-2.016714941757946633e-01
-2.176397534208076578e-01
-2.113346528638722077e-01
-2.062932464286006962e-01
-2.014957431703381374e-01
-2.067641389936731855e-01
-2.053173057942805357e-01
-1.952030870076209013e-01
-2.122291336140422757e-01
-2.113020174436623932e-01
-1.984018361271546738e-01
-2.006229261172585154e-01
-2.137205148973544411e-01
-2.093009383872788121e-01
-1.954941435716079923e-01
-2.099342150610556956e-01
-1.947689900849969291e-01
-2.137514863703513512e-01
-1.941968150592021658e-01
-2.127931559556159868e-01
-2.066807140201651904e-01
-2.149229725776162780e-01
-2.095771662763166177e-01
-2.210843294746744903e-01
-1.948458825242065373e-01
-2.187250686106079200e-01
-1.914320692045317074e-01
-2.018286381067344593e-01
-2.044675619738320904e-01
-2.023908116777253241e-01
-2.111010574748908297e-01
-2.034762894303172587e-01
-2.163046915053845609e-01
-1.974891679347408058e-01
-1.991010400690402804e-01
-1.977227402117618382e-01
-2.005799680198085966e-01
-2.047454689537602235e-01
-2.010606968792565397e-01
-2.080080002479620660e-01
-2.012539925400078644e-01
-2.049088285649807162e-01
-1.964128728361123066e-01
-2.079659188334126441e-01
-2.100665287213470123e-01
-2.039613668087874032e-01
-1.954364743502594592e-01
-2.003339140174338340e-01
-1.994551419720584917e-01
-2.053698432085218073e-01
-2.089374668759695908e-01
-2.016531744186873532e-01
-2.170986534054666350e-01
-1.945037186079936475e-01
-2.133170633653063142e-01
-2.037973764578127067e-01
-2.206291728687119758e-01
-2.099089262290467772e-01
-2.076832045838079566e-01
-1.954142128877105478e-01
-2.056753555930361799e-01
-2.123886429761108197e-01
-2.151832717980970422e-01
-2.098330192605342148e-01
-1.862380931894751512e-01
-2.076968941029031512e-01
-2.074417772191718967e-01
-1.981717076388442855e-01
-2.047859164005467747e-01
-2.075241618298795387e-01
-2.058941640365992143e-01
-2.081968977130204124e-01
-1.962541425324246802e-01
-2.007721692260435731e-01
-2.044428326543092922e-01
-2.052470418713934208e-01
-1.972225695000418000e-01
-2.104244341116707773e-01
-2.239811546867720438e-01
-1.985097794187247189e-01
-2.135490235846075890e-01
-1.991276017469285620e-01
-2.007392963264096331e-01
-1.896705042393467266e-01
-1.978316394628825137e-01
-2.206948176245369098e-01
-2.103615957329401098e-01
-1.953146547720692183e-01
-2.013886426577107258e-01
-2.040127493372487777e-01
-2.067503599121200963e-01
-2.137469838038077441e-01
-1.987491731198964828e-01
-2.120531361682100879e-01
-1.968382225910039196e-01
-1.961216077962859572e-01
-1.961687058225054514e-01
-1.957127260755706644e-01
-1.971821002674039036e-01
-1.922830186643285089e-01
-2.098499752013420760e-01
-2.107247862054038023e-01
-2.032218739411542074e-01
-2.122929281779022403e-01
-1.876178879709198277e-01
-2.059294607610548944e-01
-2.154702431295403287e-01
-1.965856201446944951e-01
-1.986898571503390443e-01
-2.037869394228213338e-01
-2.063785319477373648e-01
-2.144653266731983976e-01
-2.058335515498184165e-01
-2.086422253131985372e-01
-2.120607309079138858e-01
-2.054651716398048222e-01
-2.114430136866838339e-01
-1.926721232446100274e-01
-2.113314291921755128e-01
-2.041293245038300341e-01
-2.047915777375717283e-01
-2.204465554681922512e-01
-2.080999601453523695e-01
-2.046958554704794153e-01
-2.010897008143803788e-01
-2.061145016622267789e-01
-1.839567641910750950e-01
-2.140790038219213542e-01
-2.013438871846275902e-01
-1.928072278968695485e-01
-2.060754538127875790e-01
-2.014682299720496061e-01
-1.919899731384360209e-01
-2.022074657200882974e-01
-2.076101155817760002e-01
-2.075911996123638303e-01
-1.997183410778125001e-01
-2.078685472343604346e-01
-2.151308310082415964e-01
-2.143582129809873393e-01
-2.028325743963019789e-01
-2.146042692779133176e-01
-2.049640957657681284e-01
-2.060243365313683128e-01
-1.936159782314028632e-01
-2.030508962479720125e-01
-2.006640074381484951e-01
-1.846216917180161232e-01
-1.902733763991459881e-01
-2.027356771812804936e-01
-1.903920647177645975e-01
-2.007381818251490202e-01
-1.967531647210316592e-01
-2.058353878704846096e-01
-1.886404753112627120e-01
-1.907467040412682557e-01
-1.988401978764153810e-01
-2.075947445753025811e-01
-2.063686540971048089e-01
-2.018510824176535934e-01
-1.987931483558380563e-01
-1.926669967228979985e-01
-2.041017624795111729e-01
-2.186976615410598512e-01
-2.020927749828826947e-01
-2.076827656864201899e-01
-1.996295898601569974e-01
-2.171594822371121225e-01
-2.056226412067951870e-01
-2.022195920178084805e-01
-2.046485815894287796e-01
-2.057160739705263808e-01
-2.122663551338597188e-01
-1.964223237908884201e-01
-2.188366851928975620e-01
-1.936727549417094352e-01
-2.179586157377819688e-01
-2.175261735920068773e-01
-2.003151440829693541e-01
-2.077397351523755376e-01
-2.018232159638575496e-01
-2.073230569940838208e-01
-2.071181063263907163e-01
-2.099588922374051592e-01
-2.068750538101769010e-01
-2.080512682839987804e-01
-1.921478906019356003e-01
-2.098100576763437530e-01
-2.154128787535789513e-01
-2.047041449781188405e-01
-2.095430295605664739e-01
-1.953029958610050798e-01
-2.055277041762204604e-01
-2.144017512782916413e-01
-2.088206386252871027e-01
-2.000037583827882770e-01
-2.064958946502031267e-01
-2.027958010022556934e-01
-1.961463612165985637e-01
-2.106484118433336050e-01
-2.081057644492831926e-01
-2.080640336422616699e-01
-1.924522049485171138e-01
-2.061783529988385766e-01
-1.940477577492849548e-01
-2.079904556849054842e-01
-2.090663433761870138e-01
-1.914384509707769411e-01
-2.102845952812772978e-01
-2.021466422976629929e-01
-2.000055997182865752e-01
-2.094613915362311118e-01
-2.008901315998778969e-01
-2.004759801044375678e-01
-2.076310267556298328e-01
-2.011342557737503256e-01
-2.022594377285678036e-01
-2.019500829511757800e-01
-2.027321221504747584e-01
-2.063112064499597054e-01
-1.993373810905785248e-01
-2.125318948455010570e-01
-1.938609363600010127e-01
-2.044393450862589390e-01
-2.062966918023274587e-01
-2.086519208342592080e-01
-1.942878854495813101e-01
-1.991610110968897729e-01
-2.059830538746298956e-01
-2.036974387372820772e-01
-2.120070793446027224e-01
-2.084775315101063953e-01
-1.927828869068823892e-01
-2.090886993705929342e-01
-2.059941318911047148e-01
-2.037793794952476034e-01
-2.134254679940674748e-01
-1.960508564574707790e-01
-2.018532120166716126e-01
-2.004884312937065260e-01
-2.059667159458005159e-01
-2.151187071450904043e-01
-2.073375534055594827e-01
-1.973936346175291234e-01
-1.991406346556816587e-01
-2.095487909138764593e-01
-1.945231919344969640e-01
-2.099223787601367519e-01
-1.931212702419484728e-01
-1.982022205717468566e-01
-2.120384516283317922e-01
-2.037557825460938332e-01
-2.150193407810476742e-01
-2.043225372812367269e-01
-2.131890239423634981e-01
-2.027924872479642815e-01
-2.009356357504756829e-01
-2.047018911448681422e-01
-1.995953641045469240e-01
-2.066599376471005556e-01
-1.995950813123172907e-01
-2.169244046212259747e-01
-1.987214646718200584e-01
-2.074531973664024420e-01
-2.153890436971463984e-01
-2.093529166587480006e-01
-2.163198089068814056e-01
-2.127791148004565258e-01
-2.050088080474790075e-01
-2.110932661260465082e-01
-2.058517044442078614e-01
-1.984060649231036422e-01
-2.122442590559527886e-01
-1.981222390657944032e-01
-2.058170108308754465e-01
-2.092708827809737215e-01
-1.845678025206725081e-01
-2.084907749423452472e-01
-2.073241305100248510e-01
-1.975806158578690130e-01
-1.987992143637402620e-01
-1.995024751826113274e-01
-2.098031478864852417e-01
-2.231089549383060699e-01
-1.975392006969496350e-01
-2.221047752048361801e-01
-2.004131736967362798e-01
-2.044695160446803328e-01
-2.103790732731569690e-01
-2.057821761779949910e-01
-1.926028355024564931e-01
-2.022461209554986539e-01
-1.926223332380558873e-01
-2.071395230524268882e-01
-2.011357823865482786e-01
-2.060321543194536531e-01
-2.068849478858751922e-01
-2.014051728704391309e-01
-2.015557165528427674e-01
-2.005875964416743429e-01
-2.073300218235356596e-01
-1.917903425666089845e-01
-2.191793154979206903e-01
-1.998697727858687045e-01
-2.029913564272227688e-01
-2.133532150721002552e-01
-2.109001165698511926e-01
-1.892806818811374470e-01
-1.971647379182401849e-01
-2.073985205928030595e-01
-2.192173989910290999e-01
-2.080206947350813351e-01
-2.035471145467884213e-01
-2.110324603488518136e-01
-2.043759955484905078e-01
-2.008897028935070495e-01
-2.191599512203090683e-01
-2.096841469692902749e-01
-2.182620654117313208e-01
-2.037959758661669341e-01
-2.038622368460085710e-01
-2.151043926716686983e-01
-2.067122082318508802e-01
-2.062615131328984219e-01
-1.963932668059902298e-01
-2.114746926183492803e-01
-1.839361688793648142e-01
-2.063918979873688997e-01
-2.042514636092986891e-01
-1.994042693959530155e-01
-1.892166651271001143e-01
-2.086725307725281198e-01
-2.038552401041151541e-01
-2.043209403703860616e-01
-1.985264632229082338e-01
-2.148941194952618261e-01
-1.969131072581093989e-01
-2.134584404352555254e-01
-1.994582022355952944e-01
-1.923226455961142278e-01
-1.966203495187830441e-01
-2.105761333392983659e-01
-2.050971636329776970e-01
-1.934702292075654029e-01
-1.987867129938258870e-01
-1.986311065717920599e-01
-1.914871218261913199e-01
-2.062075710251134453e-01
-2.046495215859209793e-01
-2.007613923683875257e-01
-1.952828742437064946e-01
-2.098576601746824366e-01
-1.924275227626441875e-01
-1.952046624431318378e-01
-2.095470215582704299e-01
-2.000827094419976859e-01
-1.874620962977830985e-01
-1.991740848766694327e-01
-2.027023454311507322e-01
-1.910229866032695512e-01
-1.950205373744964277e-01
-2.055244599767522828e-01
-1.990850557446073310e-01
-2.045563427056356076e-01
-2.095892453185284054e-01
-2.101264422912150209e-01
-2.013336451311502628e-01
-2.082416855599316108e-01
-2.012783347075055573e-01
-2.150993901328428493e-01
-2.004039854744608107e-01
-2.101632696287367708e-01
-1.851212897609286756e-01
-2.056798038624210179e-01
-1.978730041382830152e-01
-2.017412148738806366e-01
-1.905164390930211837e-01
-2.073012887535039539e-01
-1.946214401564274610e-01
-2.022618552658181912e-01
-2.024865818223080538e-01
-1.987029994584812442e-01
-2.063073061867415348e-01
-2.083731999496727383e-01
-1.993405467919560081e-01
-2.120451893240602459e-01
-2.130095062670269712e-01
-1.962098770313973617e-01
-2.079159180140530694e-01
-1.988998882657364575e-01
-1.918529708097365116e-01
-2.119639975961051803e-01
-2.092088908733220620e-01
-2.065766799645443186e-01
-1.968384159473037798e-01
-2.102538581261539363e-01
-2.012053694416300331e-01
-2.059738642276371934e-01
-1.978093291026770117e-01
-2.022198713861129704e-01
-1.923498128429477205e-01
-1.878751354263688000e-01
-2.128167329955177323e-01
-1.972987910761991870e-01
-1.856677814811966698e-01
-2.024766577515118016e-01
-1.984135399599038507e-01
-2.017012995022828825e-01
-2.048118378635672698e-01
-2.072881277459184268e-01
-2.163845375633628443e-01
-2.084808917872402745e-01
-2.019300646313331171e-01
-2.080093903219371043e-01
-2.074042798009037014e-01
-1.974739887618213174e-01
-2.084699687625275466e-01
-1.998586241386330897e-01
-2.051276072261822847e-01
-2.100057755984270358e-01
-1.992335618579419432e-01
-1.986092165305803903e-01
-2.076441221656510905e-01
-1.934117083866917497e-01
-2.001433937040753008e-01
-2.050962794432193981e-01
-2.114002199062201548e-01
-1.981061044064014176e-01
-1.869999913633053623e-01
-2.078440502301357462e-01
-2.048747439310583118e-01
-2.077618731539399022e-01
-2.001862806762053637e-01
-2.083084353138451306e-01
-1.950802464463823327e-01
-1.942362288150185634e-01
-2.117906247650171991e-01
-1.991163174144467973e-01
-2.048908560707749515e-01
-2.022183007022890777e-01
-1.968288847468171454e-01
-2.109977885305891476e-01
-2.071770700301609480e-01
-1.976983660168176726e-01
-2.035911393670124525e-01
-2.034774727019765805e-01
-2.055909323661397892e-01
-2.069587308903351186e-01
-1.953883339094151239e-01
-2.027538609669248260e-01
-2.072537138296031145e-01
-2.114939570803882063e-01
-2.154400320257900958e-01
-2.052781220416139973e-01
-2.008152333806640932e-01
-2.122031802060617700e-01
-1.937658163022937252e-01
-2.094931672998825434e-01
-2.001897305632391877e-01
-2.090712876987730340e-01
-2.080494501212624137e-01
-2.022164183218055911e-01
-2.052240322326746025e-01
-2.120969328461437264e-01
-2.015906450448827769e-01
-2.097308855157513641e-01
-2.017491554007211363e-01
-1.958823226439720955e-01
-2.006897765811577194e-01
-2.043618577000461123e-01
-2.095831730754329492e-01
-2.133590166356347240e-01
-2.003574126995846250e-01
-2.105609269470880562e-01
-2.112480944838024399e-01
-2.045524517120766994e-01
-1.992272379411224037e-01
-1.801784248505216013e-01
-1.962560732125369078e-01
-2.028022205047630422e-01
-1.906561838040268242e-01
-1.863063620101756968e-01
-2.113061823107313941e-01
-2.054212590733781596e-01
-2.010855405892644221e-01
-2.057518839339125272e-01
-2.102670054979460801e-01
-1.944380118460604656e-01
-2.026962405514391996e-01
-1.999667729623837431e-01
-1.964500399467459246e-01
-2.095945477692526815e-01
-2.086921954952885017e-01
-1.855268177155720011e-01
-2.030068007264675956e-01
-2.107157778200221543e-01
-1.993431718732070479e-01
-2.034486213132637999e-01
-2.034314165936641494e-01
-2.098348082236016765e-01
-2.149886998468630850e-01
-2.086170945180443326e-01
-1.916537597422487416e-01
-2.114809503108716626e-01
-2.125596058985181891e-01
-2.075757955405963529e-01
-2.046817312615321072e-01
-1.988682815819089456e-01
-2.072864348859586592e-01
-2.094834152800277849e-01
-2.020682962510620406e-01
-1.896806595854214628e-01
-2.064421727007217378e-01
-2.086637259972725644e-01
-2.042590916568887138e-01
-1.914420721058007757e-01
-2.089624097076816511e-01
-2.081340031434111282e-01
-2.111266175182908711e-01
-2.120110155631493853e-01
-1.975903230405293698e-01
-1.966697444900820102e-01
-2.125766699697972939e-01
-2.057631464364177987e-01
-2.072113135681208362e-01
-2.049019123549769006e-01
-2.082111454860653410e-01
-2.074903395307137188e-01
-2.017673814386711229e-01
-2.077015572245581865e-01
-2.005384174781523754e-01
-2.090524447650565776e-01
-2.161578132617956172e-01
-2.084624952325233593e-01
-2.011893247692579934e-01
-1.987324123866365255e-01
-1.988827610759775766e-01
-1.942756368182863014e-01
-2.017514288881807616e-01
-2.005092802155337139e-01
-2.067472751459602520e-01
-2.089842153677574643e-01
-1.962606276534684113e-01
-1.978911940924223956e-01
-1.972851681063305662e-01
-2.005332763755767189e-01
-2.008232369540747797e-01
-1.895345358450715167e-01
-2.075442051143481237e-01
-2.014343060721506262e-01
-2.039422614061612293e-01
-2.136070704951142929e-01
-2.039277909988603810e-01
-2.029082908176889077e-01
-1.990249395401999521e-01
-1.958251375541752992e-01
-2.033853168743249284e-01
-1.976533979777919114e-01
-1.971097624045343721e-01
-2.042574822053762063e-01
-2.022180596082874260e-01
-2.006456727087959635e-01
-2.020632831738433666e-01
-2.078788502347652667e-01
-1.978179106370463458e-01
-1.983838051740711705e-01
-2.007557238538861810e-01
-1.954271790249606511e-01
-1.963421569562910918e-01
-2.095062341320792498e-01
-2.042347265877868523e-01
-2.072202232350539575e-01
-2.104030050883611835e-01
-1.974001643377238935e-01
-1.953174496820597739e-01
-2.032712724547423022e-01
-2.022000029588788550e-01
-2.052176225368089746e-01
-1.997612540116371349e-01
-2.018137517100360157e-01
-2.042391442600060003e-01
-2.006073707047768551e-01
-2.024359551584282713e-01
-1.913455972749655842e-01
-2.058643476872408229e-01
-2.166471378102077239e-01
-2.058604348955110908e-01
-2.055153457635991998e-01
-2.169116941621140882e-01
-2.011082704157249879e-01
-1.958388397834802674e-01
-2.064424645989504370e-01
-2.010834560365868384e-01
-2.137627568390882971e-01
-2.084410588916991713e-01
-2.120729068284230578e-01
-1.955099653482719191e-01
-2.052501620804925153e-01
-2.062090970795171785e-01
-1.969551322776439406e-01
-2.113401651439392737e-01
-2.055795256074919308e-01
-1.982559774846279765e-01
-1.975057008181924090e-01
-1.981297715393086634e-01
-2.069526765618103781e-01
-1.956711607180938728e-01
-2.045032610263692874e-01
-2.051522888816474932e-01
-2.039847261247373922e-01
-1.920314844411947774e-01
-1.980155776661014499e-01
-1.995625838248731299e-01
-1.961566531050777940e-01
-2.084559218326269558e-01
-1.886702237274402449e-01
-1.996849152560677965e-01
-1.985092324929134122e-01
-2.036659550402770691e-01
-2.104782303912511310e-01
-2.006109445095773935e-01
-1.872150784772745880e-01
-1.979035896676553108e-01
-2.058353723101546962e-01
-2.049748473447934316e-01
-2.070538819283953558e-01
-1.925365811434449625e-01
-1.933912126475867410e-01
-1.998803779760720545e-01
-1.899176404452962430e-01
-2.088490631962116595e-01
-2.043181062994978703e-01
-1.977004478913446661e-01
-1.912285551844696840e-01
-1.943058649762239298e-01
-2.000322987400124930e-01
-2.063810165715480593e-01
-1.944450337242642490e-01
-1.996084092353953565e-01
-2.000903905938429261e-01
-1.980482008626207602e-01
-2.093302276683406404e-01
-1.933467227987488712e-01
-2.004165799847044127e-01
-1.982583394985013570e-01
-2.042881372429103948e-01
-1.937611980306979120e-01
-1.929794181309816281e-01
-2.018309103161204376e-01
-1.925388269205896563e-01
-1.926855425906914832e-01
-2.077387022076102596e-01
-2.005426264481542376e-01
-1.961622096359754153e-01
-1.940028258200054978e-01
-1.902207790704402157e-01
-2.012447321908652498e-01
-1.978461075002435621e-01
-2.060411419409309275e-01
-2.055803106173730299e-01
-1.980285258291250017e-01
-1.916504898347852759e-01
-2.036002713329612135e-01
-1.975938902026666000e-01
-1.978219533943335051e-01
-1.942460567546699934e-01
-2.067744943336116137e-01
-2.020001201212391351e-01
-1.939344741540818262e-01
-1.957225562229272242e-01
-1.911733457715811824e-01
-2.012696989549045412e-01
-2.037461557674866697e-01
-2.007487295258094662e-01
-1.992887933187343918e-01
-1.994140667971056047e-01
-1.919371227469355290e-01
-1.880106812057196208e-01
-1.847638149202612823e-01
-1.927231880327759939e-01
-1.803996723728857887e-01
-1.986751749141806300e-01
-1.968152873470323527e-01
-1.971170513230475763e-01
-2.017796126146027547e-01
-1.891482385107288167e-01
-1.985154788886713817e-01
-2.023992045687883490e-01
-2.011327840882746187e-01
-2.019565133375103017e-01
-2.014121063168676784e-01
-2.071786274925475624e-01
-1.988035784383388460e-01
-2.038843150329956444e-01
-1.983344020824358012e-01
-2.021282739814598273e-01
-1.971297930219080285e-01
-1.980598276419591741e-01
-1.939988745351275412e-01
-2.086545892745537145e-01
-2.008798991944811263e-01
-1.955460997252984612e-01
-1.909034199599215498e-01
-1.984697885490120939e-01
-1.936572228855357736e-01
-1.965953577657941764e-01
-1.910558773287220902e-01
-2.085962338643234659e-01
-1.942837558195833481e-01
-2.084426127759346770e-01
-1.921573836813816882e-01
-1.914406991764838750e-01
-1.994560992127762944e-01
-2.000684391738314361e-01
-2.050317778397072743e-01
-1.940623196242015069e-01
-1.999031141274567602e-01
-1.977634886108177170e-01
-1.841490193819765864e-01
-2.072466075672849684e-01
-1.923024974097558015e-01
-2.027626753064595277e-01
-1.969569298109270505e-01
-1.880362451565282811e-01
-2.015493632949407754e-01
-2.065689410245283852e-01
-1.972561442437079648e-01
-1.988216140025613754e-01
-2.006040668100332880e-01
-1.821760899975988224e-01
-1.915637170557236146e-01
-1.957214734855252658e-01
-2.015363867845643142e-01
-1.965427796020389195e-01
-1.869805424567978491e-01
-2.132800923598896503e-01
-1.969723148673026003e-01
-1.960274921417877181e-01
-2.046661807956571266e-01
-1.852202773826618909e-01
-2.013074428205943178e-01
-2.005218336788203715e-01
-1.919522033368252778e-01
-1.941765166284241673e-01
-1.990853674358152858e-01
-1.854234996701915605e-01
-1.942828445801350057e-01
-1.914836423379941976e-01
-2.022083086498085436e-01
-1.917155283796034837e-01
-2.104192113683573950e-01
-1.927719871759592252e-01
-2.049014581840449267e-01
-1.888489870565575046e-01
-1.985480090535851616e-01
-1.989525322773459948e-01
-1.974327207466615164e-01
-1.998729497391131815e-01
-1.935157390511985653e-01
-2.032111240369118832e-01
-1.931448036183862627e-01
-1.879458826417774731e-01
-1.994436286751604115e-01
-1.983822114163444894e-01
-1.910946963393840292e-01
-1.907097115079157135e-01
-2.025994583931804982e-01
-1.866639617337444434e-01
-1.906547538670331221e-01
-2.049604140717740108e-01
-1.995875660926795803e-01
-1.890640583657887674e-01
-1.974501121262779435e-01
-1.885607891196112718e-01
-2.050930635775625177e-01
-1.877277956366558698e-01
-1.954953780206540870e-01
-1.945116949713110444e-01
-1.868611254238992103e-01
-1.890721972965323516e-01
-1.961757769752061620e-01
-1.863331563625525433e-01
-1.892910171824624399e-01
-1.934040422207345955e-01
-1.917260555325839277e-01
-1.904770916336211428e-01
-1.775659644844953533e-01
-1.860753754038100283e-01
-1.922707825540577176e-01
-1.980717976447419204e-01
-2.016319151588934488e-01
-1.855504318560843302e-01
-1.855153410571652728e-01
-2.060498484904407235e-01
-1.794827862588039835e-01
-1.859930083966236936e-01
-1.865421732422625212e-01
-1.890758445915974306e-01
-1.870017302990643060e-01
-1.992498604362502590e-01
-1.942005784745752806e-01
-1.912259311398667450e-01
-1.925532414372241874e-01
-1.957162782688719460e-01
-1.845052541945673141e-01
-1.846324864620854100e-01
-1.976536146340812650e-01
-2.008527527632164578e-01
-2.006304779573344632e-01
-1.988625857764176885e-01
-1.896343224085921264e-01
-1.898835287016904516e-01
-1.913420849010964986e-01
-1.833908486662778614e-01
-1.941399347174055379e-01
-2.012627786137191066e-01
-1.956476834926839103e-01
-1.970813902403616424e-01
-1.975468669514750530e-01
-1.936770487842363053e-01
-1.788695666954680519e-01
-1.961633702296623483e-01
-1.870737404231519463e-01
-2.058620355170237559e-01
-1.945772094406841290e-01
-1.925423737460008056e-01
-1.966944702418924606e-01
-2.001757428614219236e-01
-1.983660648631548895e-01
-1.905086840414345062e-01
-1.936611433146371297e-01
-1.973857891885106852e-01
-2.010835341869938730e-01
-1.747252821176381588e-01
-1.928806630557957646e-01
-1.893407354167280232e-01
-1.919361215409480792e-01
-1.826127022368346786e-01
-2.016542184964809081e-01
-1.810655298364700627e-01
-1.970799303865700125e-01
-1.916229770712245539e-01
-1.894440578670035791e-01
-1.854621719978997163e-01
-1.926086845815770943e-01
-1.771289715843682444e-01
-2.065013276557952082e-01
-1.911328684818709434e-01
-1.921779029546453188e-01
-1.911238162213013680e-01
-1.985627630683080014e-01
-1.928043799697878313e-01
-1.957898851891819447e-01
-1.891647118995702925e-01
-2.078209663951664510e-01
-1.850438836314278745e-01
-1.921826940123612104e-01
-1.945437642769398678e-01
-1.881733406219350258e-01
-1.901805132969958123e-01
-1.894697758551657785e-01
-1.821973414849065165e-01
-2.031138271727623845e-01
-1.784777090655644827e-01
-1.921918678517418044e-01
-1.945872934234511575e-01
-1.821810627084943235e-01
-1.796408618802480817e-01
-1.924313049397738951e-01
-1.956868597390517550e-01
-2.009802881696103327e-01
-1.929182952516033112e-01
-1.996658584220423194e-01
-1.880003977486808253e-01
-1.997468535590112282e-01
-1.957030844074516551e-01
-1.935705019078532985e-01
-1.952704751709291031e-01
-1.901071442096426978e-01
-1.902926500901696016e-01
-1.969628287329214800e-01
-1.940634517600052789e-01
-1.909261433423310450e-01
-1.864586815693485278e-01
-1.910503770444460514e-01
-2.010499479902634334e-01
-1.831074607859033421e-01
-1.991358606719373370e-01
-1.794238160868477650e-01
-1.828079282412620188e-01
-2.027162539417268761e-01
-1.802518643483121963e-01
-1.930089610632403918e-01
-2.043137497143749925e-01
-1.867989272258689937e-01
-1.882528179488538456e-01
-1.794403841658098742e-01
-2.012089704889667985e-01
-1.905144135726644095e-01
-1.995974900298325139e-01
-1.973929853034750437e-01
-1.901631054110168861e-01
-1.796892581875635386e-01
-1.939257921024175602e-01
-1.905754161839006144e-01
-1.958514821285870511e-01
-1.907563675770962419e-01
-1.822552617036059530e-01
-1.944967988724144448e-01
-1.926573632497312616e-01
-1.897107352704523464e-01
-2.036129153841148565e-01
-1.807915448781560741e-01
-1.845944163678900907e-01
-1.917831304951747029e-01
-1.910384687975401619e-01
-1.847493423950279379e-01
-1.949828852598489703e-01
-1.899484869415122290e-01
-1.864388540733870059e-01
-1.869168109433338998e-01
-1.835656655727841979e-01
-2.021704472525609475e-01
-1.858812288315050409e-01
-1.861711249888458042e-01
-1.830286989340539350e-01
-1.910609736127604208e-01
-1.889075452889361628e-01
-1.815969593382078529e-01
-1.963026351183501106e-01
-1.945727816294109402e-01
-1.846813944774279292e-01
-1.968991641341641952e-01
-1.775774580834532657e-01
-1.976705500581843467e-01
-1.867872855483678762e-01
-1.793764726110254060e-01
-1.862132330264092417e-01
-1.877334868314068927e-01
-2.011875935628637535e-01
-1.841999933141451606e-01
-1.827648983448852960e-01
-1.830635832773630511e-01
-1.902488174454308734e-01
-1.868028235369703083e-01
-1.912514420973998597e-01
-1.847553107116262083e-01
-1.899350121494887134e-01
-1.975011846131380366e-01
-1.789124142527729333e-01
-1.952533307553903086e-01
-1.848316243543042248e-01
-1.911899478421403842e-01
-1.985713059730684904e-01
-1.817422337866307913e-01
-1.834370200586050714e-01
-1.937241384542414124e-01
-1.822540504577965237e-01
-1.930627368431654389e-01
-1.837231744853493609e-01
-1.916117196140572077e-01
-1.808483605008479600e-01
-1.879191486295344049e-01
-1.743518354353543742e-01
-2.061406931992095792e-01
-1.803336309958236683e-01
-1.958808038861725720e-01
-1.819161929643993147e-01
-1.887699276147003502e-01
-1.887200010947562845e-01
-1.864969489235424049e-01
-1.948654328449404005e-01
-1.871245493876774191e-01
-1.908760823490140979e-01
-1.942653133304883539e-01
-1.905105533502844395e-01
-1.865392421506371079e-01
-1.867005493785729442e-01
-1.803724926247660676e-01
-1.917029376416188313e-01
-1.906662570747634788e-01
-1.894882544252141088e-01
-1.953267948707662072e-01
-1.793677167664586847e-01
-2.040351006072143036e-01
-1.872310845292304293e-01
-1.914657780705724122e-01
-1.941526741676291579e-01
-1.953123729649508533e-01
-1.870628589110907569e-01
-1.814148980344238993e-01
-1.887873906130028701e-01
-1.864314259381121275e-01
-1.931224864311236189e-01
-1.858989151072201196e-01
-1.795738120612160316e-01
-1.971605246329879435e-01
-1.799031412514100481e-01
-1.909509580287274133e-01
-1.884849744609642386e-01
-1.883292975987114204e-01
-1.903306128253099416e-01
-1.792241610436899890e-01
-1.813878643668953572e-01
-1.812986879225171322e-01
-1.900729376722214425e-01
-1.790105710615037538e-01
-1.940021037934158699e-01
-1.804552086901054508e-01
-1.932379926188065866e-01
-1.771144142667111510e-01
-1.847134613049359331e-01
-1.989745704223011558e-01
-1.759312207155989682e-01
-2.010521223666046353e-01
-1.880524954603988164e-01
-1.788981825343256560e-01
-1.849957990867920898e-01
-1.763560879798919956e-01
-1.804660245809408536e-01
-1.777245825876025975e-01
-1.893303141762707753e-01
-1.872631629837258060e-01
-1.807283427856223312e-01
-1.803355400052844004e-01
-1.839756211341860848e-01
-1.816235053126824539e-01
-1.880618157374502886e-01
-1.912999429604216317e-01
-1.853521584370199093e-01
-1.945539603424588648e-01
-1.812233393531830217e-01
-1.931461008223234188e-01
-1.897146102510962606e-01
-1.855273144985822853e-01
-1.939942345878922225e-01
-1.857521037441518530e-01
-1.937966396839758687e-01
-1.920167699236010606e-01
-1.938741732497692993e-01
-1.891884749300096757e-01
-1.922108694845299226e-01
-1.856323758436460025e-01
-1.851265678246267754e-01
-1.857231402188546099e-01
-1.882123796385588577e-01
-1.773526158443363698e-01
-1.996304071865573349e-01
-1.814936593966169909e-01
-1.876041784733857298e-01
-1.874023060589244949e-01
-1.878589702259034766e-01
-1.825427942933899317e-01
-1.860087281327906794e-01
-1.879636120531333887e-01
-1.876568955464410493e-01
-1.905112244875510896e-01
-1.859442719242547781e-01
-1.770651455953267117e-01
-1.919113695585181745e-01
-1.863959005535686941e-01
-1.914530151335203101e-01
-1.811819056426564600e-01
-1.857303237268936869e-01
-1.884672287753517139e-01
-1.897142164370215767e-01
-1.802650431570178569e-01
-1.902816726495917266e-01
-1.909955827849021404e-01
-1.904057471979783145e-01
-1.816998961403406554e-01
-1.910704423517497474e-01
-1.885769780062478418e-01
-1.834067832060668479e-01
-1.884865216168627455e-01
-1.855089907550784289e-01
-1.887684984900435126e-01
-1.936479190683630947e-01
-1.954229711993367147e-01
-1.994810864895022462e-01
-1.812224390496872672e-01
-1.864259876558840290e-01
-1.882041998475969535e-01
-1.847983176717722387e-01
-1.846091858689220544e-01
-1.941655007013025624e-01
-1.911644425699670080e-01
-1.888216830025299942e-01
-1.866668547979841719e-01
-1.816683571152495347e-01
-1.944383286780126951e-01
-1.932235055256050771e-01
-1.794039561910221181e-01
-1.815761589733870807e-01
-1.889278766275346300e-01
-1.860124534355680481e-01
-1.894445296591982242e-01
-1.934412938415626115e-01
-1.938490344783279085e-01
-1.853025809805259883e-01
-1.878301026490021286e-01
-1.859107159728736747e-01
-1.877131802005518324e-01
-1.871933971351840142e-01
-1.944898148077296440e-01
-1.897092831065076979e-01
-1.939378588124522906e-01
-1.992654698973854721e-01
-1.932408533551921437e-01
-1.891925508090448460e-01
-1.828479009374053277e-01
-1.952337267737167537e-01
-1.865414583204412224e-01
-1.881802405141481671e-01
-1.825615495641468300e-01
-1.910094234493406873e-01
-1.928396072591329613e-01
-1.942733654059605186e-01
-1.890438846007462814e-01
-1.999244963858703983e-01
-1.920438191362112690e-01
-1.924190640100071903e-01
-1.855749270567859099e-01
-1.898965025177421495e-01
-1.900577416130619923e-01
-1.884796773998846930e-01
-1.956509588068282568e-01
-1.941083753053227667e-01
-1.831878274140930074e-01
-1.941734721962511401e-01
-1.928590522326434353e-01
-1.907126937428014202e-01
-1.894001642029188304e-01
-1.819333154926781049e-01
-1.897504323009506777e-01
-1.846789815633993470e-01
-1.866075233684796331e-01
-1.936553614502063425e-01
-1.904669599486847886e-01
-1.950529375497360718e-01
-1.974001067943014220e-01
-1.809471929187687067e-01
-1.916855676120974294e-01
-1.915533540847853544e-01
-2.023371879945852214e-01
-1.892920280001426647e-01
-1.963000976546052101e-01
-1.740524877999529707e-01
-1.896638297795103512e-01
-1.904617709087013111e-01
-1.943476870823648284e-01
-1.892260782019548060e-01
-1.923441366040155032e-01
-1.878468907777008923e-01
-1.937256746410760400e-01
-1.982725434971506218e-01
-1.877490286763396909e-01
-1.907677139460997040e-01
-1.817847825445131349e-01
-1.896756152385545846e-01
-1.814589870296199337e-01
-1.833152314875139410e-01
-1.919637152423963045e-01
-1.984038761935558171e-01
-1.806164265666794222e-01
-1.808027260487463650e-01
-1.884892030889062653e-01
-1.889637457639086193e-01
-2.018626957284865853e-01
-1.824522868761597749e-01
-1.871841782745331528e-01
-1.884179375423258307e-01
-1.975252213982408023e-01
-1.886085838767908029e-01
-1.896975122527955193e-01
-1.896770414817527950e-01
-1.906968755219224931e-01
-1.862544710162143957e-01
-1.931790412732343754e-01
-1.862573930654711774e-01
-1.781141829650927377e-01
-1.929717010292204549e-01
-2.041016522021905644e-01
-1.755082036246111699e-01
-1.874208771163914378e-01
-1.886326221880860743e-01
-1.827128295580102701e-01
-1.938433708308693326e-01
-1.890635193680552106e-01
-1.985833502245242244e-01
-1.928030431751128759e-01
-1.833669619774394022e-01
-1.903226133862148117e-01
-1.890859145881123027e-01
-1.890711247421368313e-01
-1.841306506396787057e-01
-1.889901225254675410e-01
-1.830452224354548463e-01
-1.847389242163153256e-01
-1.885097952940775201e-01
-1.832501513727464726e-01
-1.804544502760965230e-01
-1.841962694624985630e-01
-1.925142385891724928e-01
-1.830465500905553711e-01
-1.957246847475957452e-01
-1.903144574319597382e-01
-1.871316075764806186e-01
-1.879177230048227898e-01
-1.969056027766100669e-01
-1.853587741915276865e-01
-1.873280843390681127e-01
-1.767831645659079243e-01
-1.855913674314013662e-01
-1.895689572647842880e-01
-1.800201103208216580e-01
-1.802697818665084384e-01
-1.789670009698909325e-01
-1.958095358794569307e-01
-1.916032496140669394e-01
-1.920951442703398016e-01
-1.886094682534995570e-01
-1.829699284959396266e-01
-1.998268272319254635e-01
-1.875680027071275902e-01
-1.929503441418685128e-01
-1.840858607974418248e-01
-1.830516023636725720e-01
-1.793471605682785963e-01
-1.905999661342949736e-01
-1.802438278752784839e-01
-1.868585033780547633e-01
-1.951810358795924571e-01
-1.962949077399684938e-01
-1.824773283845573246e-01
-1.910541467093285206e-01
-1.974813640332833131e-01
-1.949973730233782732e-01
-1.902439684434025224e-01
-1.863229714289609262e-01
-1.995891074549973609e-01
-1.905713278034735225e-01
-1.949023553074180626e-01
-1.858805899829629737e-01
-1.923681783897190911e-01
-1.819674601987486540e-01
-1.956904371098104889e-01
-1.933855983831129777e-01
-1.886052395625679168e-01
-1.929805103545483291e-01
-1.835359903441275975e-01
-2.005884106023376745e-01
-1.887366152940419539e-01
-2.016877930988787426e-01
-1.784112821378407432e-01
-2.049344363437022309e-01
-1.858628029047793007e-01
-1.965550540358211862e-01
-1.981132592458401120e-01
-1.912835696502437344e-01
-1.870132638174890616e-01
-1.913470046492022902e-01
-1.894767273706925437e-01
-1.930084291701916754e-01
-1.907384782274164081e-01
-1.850276278840716770e-01
-1.952761752599680989e-01
-1.875383710050062547e-01
-1.895166497615470291e-01
-1.935330171269278310e-01
-1.911705743767733168e-01
-1.924749162628458521e-01
-1.860215975611048123e-01
-1.886489038646104177e-01
-1.918580364289219631e-01
-1.826644510178407899e-01
-1.978936625553551210e-01
-1.947884750657991049e-01
-1.835651825774036183e-01
-1.820976206020912258e-01
-1.976238355351682685e-01
-1.821673383094459808e-01
-1.889034433926806145e-01
-1.949198842826138645e-01
-1.868101794525429682e-01
-1.797627256472136281e-01
-1.935920558376675871e-01
-1.788248630255004912e-01
-1.876728103297047312e-01
-1.884098832719107719e-01
-1.960852818254430474e-01
-1.881299750093834433e-01
-1.844202683382683006e-01
-1.963693657296730066e-01
-1.982540161049879401e-01
-1.976686536003189332e-01
-1.887339615430843054e-01
-1.835991363146138866e-01
-1.992710566871593869e-01
-1.884602932059369351e-01
-1.894167163531825793e-01
-1.810054732463779459e-01
-1.855908240655335106e-01
-1.806812074430919068e-01
-1.887212616911959628e-01
-1.902880718683341854e-01
-1.800056042200832707e-01
-1.969740852513481855e-01
-1.878762337296997487e-01
-1.837385949182817058e-01
-1.969795471768893691e-01
-2.024212606237068002e-01
-1.893457130449309744e-01
-1.854401152599294278e-01
-1.829083719014921172e-01
-1.945121679007861815e-01
-1.972809840507583345e-01
-1.921464479384429325e-01
-1.959625331099754675e-01
-1.954226975351804896e-01
-1.916385417686523596e-01
-1.895874841738347527e-01
-1.983042620803008305e-01
-1.846482227847321411e-01
-1.903270412229058905e-01
-1.882065548230258401e-01
-1.954808217505057399e-01
-1.848869978522191815e-01
-1.955757656072449890e-01
-2.073798481442050701e-01
-1.834947783254339271e-01
-1.842237888786275590e-01
-1.911042075886157932e-01
-1.930107637497435746e-01
-1.860496871066299462e-01
-1.876170465964026590e-01
-1.829247230765425059e-01
-1.882043747013568691e-01
-1.912114818965466867e-01
-1.841247540648947023e-01
-1.998964141349759416e-01
-1.878481332175532259e-01
-1.940455212235008275e-01
-1.920064466354265420e-01
-1.829464885676781449e-01
-1.812720811501122853e-01
-1.989565086109870151e-01
-1.932310667657493042e-01
-1.922551902131655055e-01
-1.881561491795622487e-01
-1.837992622947268728e-01
-1.957822167725353779e-01
-1.851318537193051839e-01
-1.814907286712514889e-01
-1.867275293419847770e-01
-1.896230790686530554e-01
-1.907782722723609936e-01
-1.842441447443814440e-01
-1.870793783184137027e-01
-1.896576225235584445e-01
-1.884167528735520847e-01
-1.858430618499937736e-01
-1.838630778866878757e-01
-1.912111293633476095e-01
-1.973465206511715309e-01
-1.776948160191604842e-01
-1.895098511207500280e-01
-1.812378647893968520e-01
-1.834353134514259409e-01
-1.910498687032813336e-01
-1.784647232322207344e-01
-1.899636683297387663e-01
-1.881629561554749586e-01
-1.924357684293678261e-01
-1.931460194145184772e-01
-2.010783799190125620e-01
-1.830463455788802207e-01
-1.997107563245013040e-01
-1.926681395503599958e-01
-1.882829757083239741e-01
-1.893530814841160037e-01
-1.919909902273513325e-01
-1.916283697313545531e-01
-1.724627244049887764e-01
-1.892952527568283472e-01
-1.864276015785684137e-01
-1.880165327849159240e-01
-1.894887598261032480e-01
-1.885277108114440381e-01
-1.897721932952851631e-01
-1.943759575488464009e-01
-1.883791120076754311e-01
-1.978711946922313558e-01
-1.871086701630364502e-01
-1.811696060534604413e-01
-1.899493443363731160e-01
-1.836907660470856740e-01
-1.921476847714789216e-01
-1.889178812216627534e-01
-1.950722920294545304e-01
-1.833780294573692515e-01
-1.877807511706262034e-01
-1.922747769091550651e-01
-1.854500323024108610e-01
-1.878075530441236651e-01
-1.928165080051886804e-01
-1.997298945021608318e-01
-1.977054853384530020e-01
-1.935250329473809927e-01
-1.802748469052861680e-01
-1.893770401775114465e-01
-1.872758501828446498e-01
-1.929480666599374672e-01
-1.908297205478426406e-01
-1.874250000259820581e-01
-1.945813900170580979e-01
-1.887539809832627924e-01
-1.874066466897996719e-01
-1.960684014254034935e-01
-1.850835296496242677e-01
-1.856506793035315184e-01
-1.959636661076125108e-01
-1.820367316457911500e-01
-1.878331517941216333e-01
-1.925541454717087930e-01
-1.873989699723708213e-01
-1.888296586104356578e-01
-1.887384567815573178e-01
-1.918697344290052342e-01
-1.890076095990131932e-01
-1.953717078906080928e-01
-1.919991391146620430e-01
-1.935869137043084720e-01
-1.803113288446489548e-01
-1.824717394439474560e-01
-1.904035344358661064e-01
-2.020703766023022041e-01
-1.745509146659856015e-01
-1.922090534488667402e-01
-1.912069294778149242e-01
-1.973930561221965974e-01
-1.878720373906510588e-01
-2.026016197209496994e-01
-1.894189649705779743e-01
-1.921913475038596886e-01
-1.849033385183851408e-01
-1.945261593963465430e-01
-1.909002948973874680e-01
-1.886798282685759887e-01
-1.880757896683498132e-01
-1.950769202200692831e-01
-1.974560521259736134e-01
-1.921883960556822757e-01
-1.854656769531093374e-01
-1.828990316827798779e-01
-1.912689649083265664e-01
-1.845853817625915383e-01
-1.830666401668903376e-01
-1.931357951309529142e-01
-1.925462314301231714e-01
-1.862333818868826540e-01
-1.899279510178413233e-01
-1.870801514522764109e-01
-1.893001913094529698e-01
-1.911410674000553200e-01
-1.923186215267644883e-01
-1.929297598160992777e-01
-1.961425860740622085e-01
-1.917516743354870101e-01
-1.915905850349499673e-01
-1.941113546951154234e-01
-1.797047287280992833e-01
-1.945569257566042154e-01
-1.861415926454004222e-01
-1.791917636556572546e-01
-1.928877954611216694e-01
-1.892178437422558090e-01
-1.804282126671878927e-01
-1.883168382477968805e-01
-1.897449422620791637e-01
-1.939134969235798422e-01
-1.896430884206896650e-01
-1.953625059051944390e-01
-2.027923602982326656e-01
-1.871343323569227834e-01
-1.879283323038176690e-01
-1.965839432113636320e-01
-1.830238549043361473e-01
-1.887113511316691472e-01
-1.996380344854156164e-01
-1.906311727914200560e-01
-2.060409582968105724e-01
-1.866494416572486159e-01
-1.902422580904019611e-01
-1.909276714369259054e-01
-1.868917014902820029e-01
-1.945569986707234023e-01
-1.917696372251675996e-01
-1.867947249499959383e-01
-1.933116917336281659e-01
-1.861043529997985502e-01
-1.897032634201174517e-01
-1.955222661936453221e-01
-1.876801094513638191e-01
-1.826554296769025143e-01
-1.822413060769978443e-01
-1.924169773299588826e-01
-1.899903594297640552e-01
-1.833267067697228470e-01
-1.907831155073242968e-01
-1.966242085402623019e-01
-1.757706150812552437e-01
-1.950143316075294564e-01
-1.996683876313287698e-01
-1.775536155962953444e-01
-2.003060476419786795e-01
-1.927392562079610627e-01
-1.920720968767355430e-01
-1.878468384327671714e-01
-1.794222604859783132e-01
-1.929873300998039554e-01
-1.954940819048545109e-01
-1.853980053569923570e-01
-1.977257590984216051e-01
-1.885375033347500562e-01
-1.924357888083907397e-01
-1.825394233717592130e-01
-1.845288012982244652e-01
-1.964668131271753992e-01
-1.948444295381381863e-01
-1.913514461949539225e-01
-1.800807983762133802e-01
-1.857340731662127098e-01
-1.959013499304873562e-01
-1.920623979027737960e-01
-1.915437132736013126e-01
-1.888887014451121615e-01
-1.894116355456372247e-01
-1.907614364632959081e-01
-1.939810933514234392e-01
-1.870611975653844183e-01
-1.913064696974906553e-01
-1.985268195506844080e-01
-1.775744426777574603e-01
-1.867593123521000820e-01
-1.925650185218117372e-01
-1.967549833979198581e-01
-1.914271677753784928e-01
-1.936521557623578360e-01
-1.924195523183289680e-01
-1.870787018995585527e-01
-1.816953249646626745e-01
-1.887360147434993252e-01
-1.926918618474058320e-01
-1.860770522968557827e-01
-1.932924792151062832e-01
-1.858265356416186620e-01
-1.905490455329292843e-01
-1.881887224876592768e-01
-1.945326961375268837e-01
-1.980976092352761952e-01
-1.903555858816510238e-01
-1.842920036690749441e-01
-1.932605424332169974e-01
-1.954297627881373955e-01
-1.886842714421845812e-01
-1.924720404058994916e-01
-1.821195834117830259e-01
-1.992757064404226952e-01
-1.876742137860425430e-01
-1.875850152259452841e-01
-1.935101367170943831e-01
-1.838544593170023944e-01
-1.996811680297376768e-01
-1.926036053136765958e-01
-1.867809737165533335e-01
-1.976550899913842585e-01
-1.890431208609353320e-01
-1.908517117666690410e-01
-1.920499845858554266e-01
-1.862847159794007723e-01
-1.939134935681021688e-01
-1.973223701901787308e-01
-1.959054516108604815e-01
-1.857455128838729763e-01
-1.843553870727170363e-01
-1.997604500476075629e-01
-1.959060535236183398e-01
-1.780283555742219193e-01
-1.970293001713869785e-01
-1.919295215735736804e-01
-1.845685238648844262e-01
-1.964241506389576841e-01
-2.021365439687681231e-01
-1.961461042520493692e-01
-1.883551621736785364e-01
-1.824566645237819529e-01
-1.917758343923221531e-01
-1.926743140182054503e-01
-1.885381178848248851e-01
-1.821214327858200477e-01
-1.887516151851595936e-01
-1.901387385857216117e-01
-1.992280777030739358e-01
-1.961352162987974879e-01
-1.984782913262854720e-01
-1.838208885486203314e-01
-1.955962745411241599e-01
-1.818621422087858264e-01
-1.971491780122072157e-01
-1.916517612104726709e-01
-1.815515514499157490e-01
-1.999092170008225366e-01
-1.956324996897453872e-01
-1.976156415986931592e-01
-1.948913610748146397e-01
-1.905134615553762956e-01
-1.899233241936340022e-01
-1.844080195706787606e-01
-1.865582037309270191e-01
-1.832952195200494572e-01
-1.874589926874463686e-01
-1.993868145699106975e-01
-1.823579232142868989e-01
-1.887511114097293330e-01
-2.025337831806197642e-01
-1.830831696003585307e-01
-2.047233820447242891e-01
-1.918833686820882178e-01
-1.906251427807372778e-01
-1.863189993301332947e-01
-1.988174549066936692e-01
-1.801629538798312780e-01
-1.970070161921313456e-01
-1.923644455329220904e-01
-1.945092458090744714e-01
-1.913799189915703636e-01
-1.974612135736961704e-01
-1.928300349576250738e-01
-1.853470874496316867e-01
-1.910118913093228343e-01
-1.952515496835101061e-01
-1.942352136545988373e-01
-1.898143769505278300e-01
-1.899196202493804719e-01
-1.924930030682894255e-01
-2.001075004041705796e-01
-1.907495377415333593e-01
-1.923598781038631245e-01
-2.013437183160533550e-01
-1.875795908827360137e-01
-1.902551133672929495e-01
-1.979262245754682681e-01
-1.824485119597145655e-01
-1.936844403209523335e-01
-1.847218763078579684e-01
-2.014274696533977504e-01
-1.953564912170282497e-01
-1.973191365561675070e-01
-1.819845253212903913e-01
-1.940658276472149169e-01
-1.834445477992936446e-01
-1.953305506538924874e-01
-1.946323651580641467e-01
-1.863757629521760606e-01
-1.894277790312024479e-01
-1.918557056145839823e-01
-1.991537451567140238e-01
-1.952678394427316277e-01
-1.952697007127248696e-01
-1.919307010259707624e-01
-1.845892975461751462e-01
-1.995995752064310125e-01
-1.837032947902219604e-01
-1.976309022190889664e-01
-1.942482033645855921e-01
-1.925493870185626122e-01
-1.901497307157296035e-01
-1.868517615636715590e-01
-1.935643285517034684e-01
-1.982747762182555107e-01
-1.952755968275656784e-01
-1.818259110788229549e-01
-1.959075078424596938e-01
-1.989133694043427880e-01
-1.913784377460068242e-01
-1.960133249419211410e-01
-1.981342416314237909e-01
-1.966538447323795680e-01
-1.920222310330075288e-01
-1.849968440976557105e-01
-1.979468616492603417e-01
-1.941032023894102565e-01
-1.933141536998874699e-01
-1.803508911714040153e-01
-1.827028121642335634e-01
-1.896977768344214610e-01
-1.953125629693612808e-01
-1.875377773632465050e-01
-1.991556658127553447e-01
-1.925692199367681212e-01
-1.917163599873106250e-01
-1.951475207972368509e-01
-1.845670596936930252e-01
-1.940867614637973304e-01
-1.945297118430939776e-01
-1.927429712588963895e-01
-1.984402855712978919e-01
-1.897698113913701690e-01
-2.001906740151753183e-01
-1.904424236432031847e-01
-1.924247783692667468e-01
-1.997553653293628884e-01
-1.893303950777376343e-01
-1.796427831054536739e-01
-1.924567984121949848e-01
-1.919544230313690036e-01
-1.957151082819006405e-01
-1.917276715818552191e-01
-1.888439379300628218e-01
-1.979272095058899339e-01
-1.925242912687288310e-01
-1.901869352467517871e-01
-1.933455655215965407e-01
-1.923923307091879309e-01
-1.932813240843991309e-01
-1.955058345142575149e-01
-1.846705797277046202e-01
-1.993361249672869207e-01
-1.965542912007052223e-01
-1.968266603037385210e-01
-1.913736757876147720e-01
-1.952430358467971416e-01
-1.805789612633699193e-01
-1.912731763075115055e-01
-1.818472651200888635e-01
-1.896848023959005758e-01
-1.963076543630801751e-01
-1.812711528723003340e-01
-1.877319010950291300e-01
-2.003291591952134354e-01
-1.888813987934057081e-01
-1.921445579139060555e-01
-2.024015389508360130e-01
-1.936572366515907362e-01
-1.903722995428349662e-01
-1.903789062448542069e-01
-1.974207016237468082e-01
-1.911207973843964680e-01
-1.910027696357978755e-01
-1.843765474067833310e-01
-1.909511751880081931e-01
-1.863143237724269596e-01
-1.936984793397709126e-01
-1.930339526204729594e-01
-1.845045751684004642e-01
-2.017100484829157381e-01
-1.952278863898175842e-01
-1.936140947034346027e-01
-1.890638636140931084e-01
-1.915441328578708635e-01
-1.895534328146641911e-01
-1.936751789972337434e-01
-1.947901196054750983e-01
-1.804930672559112992e-01
-1.915222974535399914e-01
-1.915519403593357595e-01
-1.880542486794674062e-01
-1.806525689560523062e-01
-1.900309064562222261e-01
-1.930473366112028799e-01
-1.895903161843328633e-01
-1.931592698523072471e-01
-1.915612069641383641e-01
-1.920616148158575953e-01
-1.942926713194683686e-01
-1.914014515117390403e-01
-1.975001452530822377e-01
-1.867185479806003912e-01
-1.936155410562374612e-01
-1.955183945068696971e-01
-1.824537850324094990e-01
-1.998017822600264282e-01
-1.983087189237444647e-01
-1.874447366924929526e-01
-1.969184197450459806e-01
-1.894193427725667789e-01
-1.997940978333030415e-01
-1.936910399066622546e-01
-1.929750345776710674e-01
-2.001538568045795330e-01
-1.923549113495823804e-01
-1.930447763469942402e-01
-1.953272514768578105e-01
-1.933882291321484814e-01
-1.901534373959385960e-01
-2.007554163154949833e-01
-1.934577159877903796e-01
-1.911591464565063347e-01
-1.876863633053922342e-01
-1.962782103176188286e-01
-1.888168240804883879e-01
-1.876224718049979145e-01
-1.923921342360266351e-01
-1.963973045460534195e-01
-1.833268990800718257e-01
-1.963586896927278502e-01
-1.992772553146604508e-01
-1.924340325513274053e-01
-1.933037305193945343e-01
-1.823310990158937273e-01
-1.981049458078008030e-01
-1.925723717217682207e-01
-1.920744609367304179e-01
-1.936527972213930582e-01
-2.016646973710116697e-01
-1.814399185943429416e-01
-1.918000978166674031e-01
-1.959711199568978657e-01
-1.844353023250810963e-01
-1.924182727737928644e-01
-1.825085893205233845e-01
-1.893051785914163787e-01
-1.977874355023345743e-01
-1.834051073219153949e-01
-1.910940812307089232e-01
-1.940303034711217123e-01
-1.899396707518281602e-01
-1.904524036464376735e-01
-1.925610693949355579e-01
-1.980132322242269538e-01
-1.815999413022453268e-01
-1.922122871670559618e-01
-1.859928058706650233e-01
-1.886712896663365058e-01
-1.843890152327567478e-01
-1.932677316095396947e-01
-1.887485424053814143e-01
-1.845612021360309996e-01
-1.889063003093962578e-01
-1.989415522820170423e-01
-1.840791586188554874e-01
-1.900356011071604456e-01
-1.944072227577358092e-01
-1.900856523506160300e-01
-1.840216917066204161e-01
-1.922248243363515741e-01
-1.926400777359447147e-01
-1.966532384567649672e-01
-1.920731589917057391e-01
-1.859100129897406362e-01
-1.982475905473020106e-01
-1.866994053587891500e-01
-1.928451209557433543e-01
-1.949178997729230645e-01
-1.831084852366391402e-01
-1.909257237842272303e-01
-1.939540564387876032e-01
-1.806000777415661673e-01
-1.942754862881663769e-01
-1.839475440901789938e-01
-1.883074539174778295e-01
-1.923157771288011020e-01
-1.907456792358672715e-01
-1.786202991398333495e-01
-1.928833855837055467e-01
-1.969004383517543033e-01
-1.936316586426354291e-01
-1.933737422444892218e-01
-1.919404126305952474e-01
-1.817538142187213879e-01
-1.978281201916924914e-01
-1.917329634929192395e-01
-1.905118592168744129e-01
-1.942644627682241776e-01
-1.834736748222418612e-01
-1.952852612074096328e-01
-1.997147825416831779e-01
-1.890153160825551737e-01
-1.952838546068651482e-01
-1.946014032709317831e-01
-1.940424296258047576e-01
-1.958170801219267787e-01
-1.955269736363938193e-01
-1.953602167193579930e-01
-1.944835392938895069e-01
-1.796086073432139329e-01
-1.844443880349437848e-01
-1.885990014769003409e-01
-1.910503521927626736e-01
-1.893386013974396320e-01
-1.952811355437518159e-01
-1.968121147663115522e-01
-1.880554194180756866e-01
-1.903228525087570233e-01
-1.919972680531856213e-01
-1.851458400266974280e-01
-1.928868080826227072e-01
-1.821867318627496957e-01
-1.873964537484535953e-01
-1.884241980398613237e-01
-1.897891971401275413e-01
-1.897290538169205121e-01
-1.877794158670660352e-01
-1.949065407939354344e-01
-1.892866124643717285e-01
-1.910074787800084550e-01
-1.919541443418033566e-01
-1.824837777891392676e-01
-1.937139807090009214e-01
-1.952408583513225437e-01
-1.894898169467236215e-01
-1.924605351244110807e-01
-1.875379102121677022e-01
-1.964292315645916887e-01
-1.878509648784429942e-01
-1.939820833000407418e-01
-1.869471317147084477e-01
-2.005217082208332613e-01
-1.926503813741895499e-01
-1.914181461620412250e-01
-1.812106002748716804e-01
-1.989753874675344036e-01
-1.937572297711422920e-01
-1.943344040569634501e-01
-1.847844802921372320e-01
-1.911912400069102347e-01
-1.859538898236792193e-01
-1.921730583177208018e-01
-1.886949894887717250e-01
-1.828690720783825441e-01
-1.886072053752059219e-01
-1.917784728376954462e-01
-1.826309489761470672e-01
-1.901218355173099894e-01
-1.809985271665404127e-01
-1.886272043267318566e-01
-1.781877622140211059e-01
-1.916589886183128755e-01
-1.912002417164870849e-01
-1.919293090686498005e-01
-1.844241494719423002e-01
-1.949453138477039715e-01
-1.733128665298515614e-01
-1.919775165473840417e-01
-1.881753056138659730e-01
-1.950278747606244423e-01
-1.957757639631463320e-01
-1.927738846799567085e-01
-1.926680276208081466e-01
-1.897664114850812211e-01
-1.906230869670579864e-01
-1.962697872702658941e-01
-1.918396721328790022e-01
-1.974919635064029677e-01
-1.944414803874607856e-01
-1.845597943189272172e-01
-1.895043268757454769e-01
-1.926587425791481678e-01
-1.914970819791896872e-01
-1.862885732293939611e-01
-1.969436476325405749e-01
-1.977978527393613462e-01
-1.802377940261070677e-01
-1.919109255557209792e-01
-1.994767925450116053e-01
-1.760307036481787435e-01
-1.953236914360090282e-01
-1.897726880703523022e-01
-1.925856542743424882e-01
-1.914783247123388321e-01
-1.861600033523931330e-01
-1.992647267356417728e-01
-1.880753548398672592e-01
-1.958339017180481534e-01
-1.887889513842111455e-01
-1.888785293288588463e-01
-1.949332491324646810e-01
-1.884727421018848048e-01
-1.910832396149384493e-01
-1.963402125114690477e-01
-1.935073956266695205e-01
-1.916792824761692771e-01
-1.903351647973483551e-01
-1.894334611511379052e-01
-1.900515842636654185e-01
-1.822576328498630716e-01
-1.922849422203150027e-01
-1.952087260618835529e-01
-1.934514461014025244e-01
-1.852036141819795034e-01
-1.917412761751737804e-01
-2.018521838406073243e-01
-1.869034080431699607e-01
-1.895507434841210426e-01
-1.978299392125766332e-01
-1.967573950765846291e-01
-1.745381496680717959e-01
-1.895588875188547462e-01
-1.942240944701669747e-01
-1.868019586082656502e-01
-1.908089094026248489e-01
-1.795393682303902949e-01
-1.871802022344972727e-01
-1.945983236563542107e-01
-1.981501402719221261e-01
-1.876673431838291606e-01
-1.902610436956475581e-01
-2.013602002391561285e-01
-1.948891913907981888e-01
-1.923906698969783946e-01
-1.834057615933168961e-01
-1.944276411188319287e-01
-1.832745233735177948e-01
-1.983849675358442255e-01
-1.848664971996889506e-01
-1.969782485177891118e-01
-1.925403087223447329e-01
-1.839736428326705919e-01
-1.902641289248503398e-01
-1.890815706639514815e-01
-1.951641429171360187e-01
-1.797295845826258898e-01
-1.928684274836420798e-01
-1.871284415247718158e-01
-1.856441072039149986e-01
-1.927078733434868241e-01
-1.900775627738653384e-01
-1.829185878688726064e-01
-1.988206702941610615e-01
-1.837961585626342043e-01
-1.962799648692801213e-01
-1.966755056680646874e-01
-1.966937925126881481e-01
-1.875862090162421225e-01
-1.943402094447321815e-01
-1.932627896158543024e-01
-1.884762951170966261e-01
-1.925596832032727690e-01
-1.898758620449427781e-01
-2.013470374464247925e-01
-1.896532377817585768e-01
-1.957747965071945373e-01
-1.880486187018597377e-01
-1.926233541626523049e-01
-1.940839220700940615e-01
-1.917167540057658215e-01
-1.895661824811032403e-01
-1.942629689600696707e-01
-1.876993775967790157e-01
-1.815726180680989899e-01
-1.875574697111854761e-01
-1.989441112336809425e-01
-1.841580032528131738e-01
-1.996597133951336644e-01
-1.813629783747110480e-01
-1.974166348141928040e-01
-1.992654244264961960e-01
-1.925817819340753800e-01
-1.883036990758508722e-01
-1.900937379713862896e-01
-1.907844329583596732e-01
-1.947934532775352778e-01
-1.927500758130769043e-01
-1.970656623562980769e-01
-1.819361276732252009e-01
-1.974322850218133141e-01
-1.963560280758258614e-01
-1.967568420205871860e-01
-1.807083055685758666e-01
-1.923568484734641260e-01
-1.923543291523390764e-01
-1.925823484269280073e-01
-1.894297953801515888e-01
-1.991381870332009640e-01
-1.979412499142529924e-01
-1.935440191306572189e-01
-1.944033451071192076e-01
-1.940162464730086356e-01
-1.910292482106044076e-01
-1.933051026386021221e-01
-1.874098373010504304e-01
-1.895622609802138925e-01
-1.862613805649164789e-01
-1.965798377468335190e-01
-1.779341494191282180e-01
-1.912719444558277360e-01
-1.755532465291480548e-01
-1.915961202155838095e-01
-1.825991545501697289e-01
-1.779665910708239096e-01
-1.909760983784405397e-01
-1.877762517083851890e-01
-1.885763496592289812e-01
-1.934663546848014448e-01
-1.885230384626730427e-01
-1.860496334498780158e-01
-1.846236948910959796e-01
-1.999440012722608628e-01
-1.806344395481982446e-01
-1.902540065843254524e-01
-1.748198278809631745e-01
-1.870456378971994127e-01
-1.993472658073240922e-01
-1.863575782271027492e-01
-1.764365459400334402e-01
-1.964574216294394660e-01
-1.802082034895011731e-01
-1.969031095123838782e-01
-1.947381331591486742e-01
-1.923643249143260903e-01
-1.920144986020719813e-01
-1.884074698299080808e-01
-1.850925706462529519e-01
-1.855848156134296545e-01
-1.946621344201329151e-01
-1.871251173464258954e-01
-1.860428643209317556e-01
-1.928414693513094136e-01
-2.025462359843199778e-01
-1.878790219657258120e-01
-1.869876762416939897e-01
-1.902784371393710927e-01
-1.881952946325942122e-01
-1.999710100256653078e-01
-1.870805253028109405e-01
-1.923139376362534847e-01
-1.895563159978408407e-01
-1.889559282980286525e-01
-1.833921702995837677e-01
-1.818733914138128682e-01
-1.909362135981940156e-01
-1.901615916430419162e-01
-1.901962489984985183e-01
-1.870226338298692781e-01
-1.920598789933851691e-01
-1.903956203436703021e-01
-1.887986656175097977e-01
-1.960204599455295238e-01
-1.925037480747739949e-01
-1.973090658708223089e-01
-1.867807910413219474e-01
-1.956560529493494016e-01
-1.823882270972543296e-01
-2.026999204950534761e-01
-1.939745964455728000e-01
-1.897264123749415887e-01
-1.902140579365134698e-01
-1.968826470082980507e-01
-1.928417691915385035e-01
-2.037502293217343663e-01
-1.853470946104422978e-01
-2.012769750209759678e-01
-1.959085962793789548e-01
-1.970268480280008561e-01
-1.893693743288142883e-01
-1.982423747089381294e-01
-1.933585106519259966e-01
-1.878685321312296708e-01
-1.931219532282657525e-01
-1.905844071037172682e-01
-1.848206982098368201e-01
-1.986536754071206445e-01
-1.822873856693849604e-01
-1.947638617086031587e-01
-1.997370228251078572e-01
-1.944452007912893521e-01
-1.942242271841418955e-01
-1.761433749357070866e-01
-1.923432653477288312e-01
-1.917118225407783427e-01
-1.969296778898534939e-01
-1.789948213281409295e-01
-1.925706800591004964e-01
-1.971812119448106415e-01
-2.010382942517789928e-01
-1.942393792071346326e-01
-1.905946242050351458e-01
-1.994103316116806468e-01
-1.843711782958230572e-01
-1.878087430081443188e-01
-1.889789758229483141e-01
-1.867408216986952141e-01
-1.906685477271032880e-01
-1.882111594675013322e-01
-1.969981528851239005e-01
-2.005744429221287817e-01
-1.873028828939329316e-01
-1.975612509818596152e-01
-2.021179659727394551e-01
-1.865286881504797378e-01
-1.925696253383897272e-01
-1.900359902489050512e-01
-1.877604856224781571e-01
-1.957908746770797848e-01
-1.963230512008848905e-01
-1.903778578389001552e-01
-2.033175758065315364e-01
-1.853368343920909211e-01
-1.921932117475542157e-01
-1.895418899612604235e-01
-1.919993249811433600e-01
-2.004850134504270187e-01
-1.991628614569975753e-01
-1.896386834045369341e-01
-2.009949278802931616e-01
-1.932521687473869321e-01
-1.904535702381693341e-01
-1.891728240905159453e-01
-1.972346265370443774e-01
-1.933262260225880880e-01
-1.969589385599039844e-01
-1.896245212419103154e-01
-1.811391556929500268e-01
-1.941398998833179235e-01
-1.912174005195694804e-01
-2.002980321105098938e-01
-1.900797770231061889e-01
-1.983834699006070679e-01
-1.982970547083002799e-01
-1.895159964318526846e-01
-1.781589694817888869e-01
-1.966045246043197636e-01
-1.903365693819338844e-01
-1.887990134004358111e-01
-1.948079580740333938e-01
-1.790823085860893116e-01
-1.989025779447501918e-01
-1.868430828150593470e-01
-1.910931396215058697e-01
-1.844343146874667383e-01
-1.943481345691253637e-01
-1.835925898635260012e-01
-1.806953608250640997e-01
-1.970379025345607715e-01
-1.927937283848493166e-01
-1.903294813330962398e-01
-1.931924080569284996e-01
-1.862173008613279279e-01
-1.931784072901052696e-01
-1.932658435773308980e-01
-1.981963841853406905e-01
-1.905057227712934065e-01
-1.937241784132677225e-01
-1.904599063375638224e-01
-1.888877448363857070e-01
-1.977881128324234794e-01
-1.955794113944957502e-01
-1.851293321480280696e-01
-1.906019828173342034e-01
-1.958214440848351501e-01
-1.939778749925125112e-01
-1.871104063330815137e-01
-1.984253757717162614e-01
-1.829725175976069096e-01
-1.883886944518149420e-01
-1.899153659205179423e-01
-1.933903695604310968e-01
-1.907788012532556365e-01
-1.996441170161808998e-01
-1.811748562602257806e-01
-1.949173366537806373e-01
-1.824773938916202098e-01
-2.030989024889411354e-01
-1.948273457907063744e-01
-1.956469543580308112e-01
-1.912547948971372591e-01
-1.891206148992257141e-01
-1.879921781150528659e-01
-1.846508523909715649e-01
-2.001528603220137370e-01
-1.925766694745991714e-01
-2.015800961125098212e-01
-1.939632402419153578e-01
-1.979206083396878313e-01
-1.851278051741811481e-01
-1.995966041468104635e-01
-1.780053121532088056e-01
-1.898418203869631782e-01
-1.892591629792974572e-01
-1.890829688070407855e-01
-1.919537548947687355e-01
-1.986359697926474155e-01
-1.880027508947286208e-01
-1.869524696559938803e-01
-1.974841335118835417e-01
-1.836805526069973382e-01
-2.009414745878519426e-01
-1.897462350265612940e-01
-1.943794574689032828e-01
-1.918139324704526416e-01
-1.913162725093027206e-01
-1.977944470980723679e-01
-1.865946144173040722e-01
-2.046537039703135719e-01
-1.987600465699745911e-01
-1.956706911883454580e-01
-1.982345245440999548e-01
-1.842514977890647998e-01
-1.921252412948355470e-01
-1.972054123096302902e-01
-1.984530088015787896e-01
-1.865421785629273188e-01
-1.890920228849033435e-01
-1.974802094195222679e-01
-1.956173052137035739e-01
-1.976903973931847247e-01
-1.895274643227047306e-01
-1.983667734593410614e-01
-1.955178565340229824e-01
-1.951204769929137939e-01
-1.913167337829246861e-01
-1.953719068874413267e-01
-2.018646573111428921e-01
-1.940184660488846191e-01
-1.909795040948711886e-01
-2.009042108183471953e-01
-1.831802249728049503e-01
-2.009882353295466828e-01
-1.898536118276279439e-01
-1.890928612837079470e-01
-1.914665408620415121e-01
-1.938198833904536400e-01
-1.943061661626543923e-01
-1.887837359191344433e-01
-1.978775949434474768e-01
-1.826805364368979667e-01
-1.968794206303581262e-01
-1.893876862384065163e-01
-1.854486383192739396e-01
-2.020727599788472162e-01
-2.029373192783889834e-01
-1.974427083420149387e-01
-1.981642115794706172e-01
-1.899691131391545440e-01
-1.971261712981053904e-01
-1.911554203318779344e-01
-1.887407154477589444e-01
-1.988981443648754066e-01
-1.996410037685265593e-01
-1.881770954652850492e-01
-1.938401946359427086e-01
-1.983383083946090863e-01
-2.000547582169289740e-01
-1.874107845936450190e-01
-2.024390329808181122e-01
-1.932063752819352942e-01
-1.940508903236501936e-01
-1.967369494983319811e-01
-1.980787102673531308e-01
-1.884165154906582984e-01
-1.973251971004081895e-01
-1.946467916798457765e-01
-1.879313395517563379e-01
-1.917312660542531688e-01
-2.007374142707600839e-01
-1.913236711336647744e-01
-1.897739206149289259e-01
-1.983780457355575066e-01
-1.895718719698393784e-01
-2.031182658614110181e-01
-1.925913367953420163e-01
-1.975865253213076045e-01
-1.859771953528053245e-01
-1.992960542608006591e-01
-1.898791341709689107e-01
-1.991272249702689123e-01
-1.959670512657218922e-01
-1.936990760815859858e-01
-2.009086846524148484e-01
-2.013829285707959826e-01
-2.027699388863357655e-01
-1.825201447445561342e-01
-1.975371650163531001e-01
-1.975621582703102064e-01
-1.965672057419993735e-01
-1.913111271692606863e-01
-2.040678446140198332e-01
-1.847044724521467174e-01
-1.936135795704032603e-01
-1.871909581134740819e-01
-1.828168794487829985e-01
-1.951940400493690220e-01
-1.922134065723053453e-01
-1.967332061710038715e-01
-2.006061456294130352e-01
-1.879061962307444489e-01
-1.834826690232267410e-01
-2.019610477967122009e-01
-1.944759685217878342e-01
-1.893372329008169430e-01
-1.983344682305112627e-01
-1.878339685658563241e-01
-1.967322019484676332e-01
-1.936703596158846352e-01
-1.979900403736252201e-01
-1.860645154716724647e-01
-1.952232458871812071e-01
-2.035492469391382286e-01
-1.948696419377053957e-01
-1.887479988440770029e-01
-1.990460169957941616e-01
-1.838217542819453598e-01
-1.865871198784958551e-01
-1.976038745862602752e-01
-1.877843858410486177e-01
-2.022818717983820846e-01
-1.974965515582738362e-01
-2.020273679111497245e-01
-1.917716529846735796e-01
-2.008070498677074767e-01
-1.932422705801446483e-01
-1.961772371217396227e-01
-1.967617069147031827e-01
-2.042283043018251476e-01
-1.887520949453094232e-01
-1.928281996988090441e-01
-1.951324790289969968e-01
-1.962428147494570396e-01
-1.943533209363543790e-01
-1.889198670986704798e-01
-1.940091728091921652e-01
-2.007415958653986365e-01
-2.042468868171063434e-01
-1.942785823529220579e-01
-2.010358620734429280e-01
-1.933485009732986981e-01
-1.899615037407738072e-01
-1.903314766601198471e-01
-1.942209115020272492e-01
-1.923546308898433921e-01
-1.937656704733594637e-01
-1.931681782732770358e-01
-1.948755229662317845e-01
-1.939079031876929093e-01
-1.963374689676129492e-01
-1.930711209109237103e-01
-1.984869546332230783e-01
-1.997062813187877595e-01
-1.957057498469918499e-01
-1.951313163841650322e-01
-1.984527647463956157e-01
-1.918753825088224119e-01
-1.964356694353401878e-01
-1.996729756588067062e-01
-1.943074086149927382e-01
-1.871368591270936577e-01
-1.945796127273684561e-01
-1.803061880036089804e-01
-1.937923829487075977e-01
-1.893499008110755000e-01
-1.831672545182474465e-01
-1.921577767193731745e-01
-1.897249316738243152e-01
-1.877039901224115681e-01
-1.951713233500438349e-01
-1.962356246527292569e-01
-1.953394892098625490e-01
-1.919429758543635955e-01
-1.951894851279298848e-01
-1.810478936774622127e-01
-1.963688037797606256e-01
-1.975698393634726102e-01
-1.924312761610682543e-01
-1.923969164358343420e-01
-1.906458797648369341e-01
-1.981458751132585405e-01
-1.988013186307977520e-01
-1.913102110844171477e-01
-1.967077860828574387e-01
-1.967950098116943991e-01
-1.902092947182030258e-01
-1.917111163011284702e-01
-1.990504228634293327e-01
-1.858973579858407277e-01
-1.879832519446562600e-01
-1.848967326220307683e-01
-1.967610913113020388e-01
-1.848288210190460745e-01
-2.001897868708564232e-01
-1.952998628536430914e-01
-1.960588963816185526e-01
-1.891340855789369613e-01
-1.908450975169788677e-01
-1.965148200136752621e-01
-1.928954587080475847e-01
-1.895416143976351719e-01
-1.891164453658582545e-01
-1.972989796823139130e-01
-1.921310620077019138e-01
-1.952971268156531437e-01
-1.909729123111301163e-01
-1.913548494067534023e-01
-1.907772065198329869e-01
-1.946641003541724757e-01
-1.943269069795849902e-01
-1.979833054537039061e-01
-2.030344184842043376e-01
-1.930355020131120369e-01
-1.990403236573712320e-01
-2.001682423476118799e-01
-1.909434145104853542e-01
-2.038530644858269625e-01
-2.003217501766201281e-01
-1.957870573899178623e-01
-1.878536316048311505e-01
-1.918092481944313477e-01
-1.960478649620416292e-01
-1.895860157409590130e-01
-1.909954350261013900e-01
-1.968557535474335651e-01
-1.944576483227127284e-01
-1.905293647739814134e-01
-1.939656344311178060e-01
-1.842524643318057542e-01
-2.036886788780236657e-01
-1.932424600733213538e-01
-1.949668589301438715e-01
-2.014470812372213260e-01
-1.886401520703255841e-01
-1.876867984613870277e-01
-2.018297462532689934e-01
-1.818244073032833086e-01
-1.958816982941140594e-01
-1.901131108941740422e-01
-1.897139821101401225e-01
-1.877387308580225067e-01
-1.992764678697938052e-01
-1.926358166487673884e-01
-1.907964583402499414e-01
-1.925592269646063670e-01
-1.937131088377963550e-01
-2.041927192851780148e-01
-1.972646608040822258e-01
-1.988015090575903088e-01
-1.925647409146762357e-01
-1.924298335198084686e-01
-1.959089771458319973e-01
-1.916711010389349212e-01
-1.929495808794818856e-01
-1.881601855293872916e-01
-1.950519666378909278e-01
-1.921809254348190166e-01
-1.962351225517213749e-01
-2.001984680749604451e-01
-1.963760264569067715e-01
-1.962749889225712252e-01
-1.962115889334903329e-01
-1.965391056353986698e-01
-1.943056774235358830e-01
-1.824822537896029218e-01
-1.956297187530218196e-01
-1.964486718767783913e-01
-1.872458009435149506e-01
-1.899418039077875875e-01
-1.924445995001562437e-01
-1.979154966387035586e-01
-1.953908685370109310e-01
-1.882077741883687594e-01
-1.953369189461575672e-01
-1.946543869419556927e-01
-2.015016053517726391e-01
-1.933398276724638265e-01
-1.961387879288167824e-01
-1.875477715894593445e-01
-1.977336175300941079e-01
-1.963928199084996606e-01
-1.956412808760692457e-01
-1.918284546295243587e-01
-1.949158469087155510e-01
-1.935206632909007851e-01
-1.964261641396127800e-01
-1.965092905200300777e-01
-1.887022230402788381e-01
-2.048385012778126679e-01
-1.952834136915431174e-01
-1.997791310825078881e-01
-1.939091850476337697e-01
-1.950634430823825483e-01
-1.937342400325725578e-01
-1.854281858047421849e-01
-1.984034231430769069e-01
-1.949193733438239207e-01
-1.908147406633204923e-01
-1.939982120839847113e-01
-1.954217928850354724e-01
-1.962421174579809247e-01
-1.913196314388745378e-01
-1.981833195302371564e-01
-1.920365726068293810e-01
-1.953171414279690765e-01
-1.916781291073910154e-01
-1.962333041171415715e-01
-1.859983295460043706e-01
-2.028019722453286988e-01
-1.819599367664697098e-01
-1.976251503099444307e-01
-1.891974345778280053e-01
-1.919239627060846942e-01
-1.833943751371975850e-01
-1.930472048286109299e-01
-1.919509829297574299e-01
-1.898923465742683447e-01
-1.944769717481360516e-01
-1.924345748443929693e-01
-2.026588805955054085e-01
-1.917069319025994645e-01
-1.953198003586802400e-01
-1.916721797485756440e-01
-1.999544119375027407e-01
-1.934736907180951704e-01
-1.877749984380407966e-01
-1.957228832507933447e-01
-1.937851381567199383e-01
-1.934969399605019902e-01
-1.877718212159287248e-01
-1.893193018155567842e-01
-1.974204052150643207e-01
-1.930995173294096645e-01
-1.918939155762497961e-01
-1.940033896046156059e-01
-1.879375827256719589e-01
-1.947805990135851317e-01
-1.951791704480161371e-01
-1.895024365770154873e-01
-1.961248424932353629e-01
-1.993861395935461189e-01
-1.968604958393544990e-01
-1.942302940920708210e-01
-1.966923427856404061e-01
-1.908981678845123042e-01
-1.913363399324747860e-01
-1.857607417532189942e-01
-1.996320275719600801e-01
-1.900215373954647902e-01
-2.007873026259208160e-01
-1.967702178203580843e-01
-1.933613504266418204e-01
-1.951982434982575398e-01
-1.954579092375769989e-01
-1.962006384201107068e-01
-1.935419994348013262e-01
-1.887010990396369436e-01
-1.927035897560536171e-01
-1.986111777059687000e-01
-1.992398370773944549e-01
-1.903100413436114025e-01
-2.001137188043724535e-01
-1.960475010205460222e-01
-1.857805554912275170e-01
-1.968057761217618662e-01
-1.944210007911362226e-01
-1.865308163382621842e-01
-1.976895481747948935e-01
-1.958125325312778386e-01
-1.982553857280429099e-01
-1.990937247882786920e-01
-1.970316891723964403e-01
-1.931710465256646359e-01
-1.940027192950921631e-01
-2.040112864269865156e-01
-1.899513584843557368e-01
-1.946795412678365977e-01
-1.917983224940247311e-01
-1.950340311655889280e-01
-1.985546373088560301e-01
-1.966802438794115204e-01
-1.935246783335742293e-01
-1.940362665777080053e-01
-1.930156746236590948e-01
-1.923099710121682904e-01
-2.006553078415151958e-01
-1.907040636448673609e-01
-1.895754441301260584e-01
-1.913118234822430708e-01
-1.971211459985422465e-01
-1.872478905493153434e-01
-1.977505666254355532e-01
-1.903200246022436204e-01
-1.868841037070172462e-01
-1.943118548301026038e-01
-1.899131091435926066e-01
-1.970016496377144932e-01
-1.892718587856858647e-01
-1.939348020364501934e-01
-1.984295483559641582e-01
-1.893867299665981108e-01
-1.978425796070020226e-01
-1.974102676291078495e-01
-1.923780890710951041e-01
-1.881234842396928286e-01
-1.988058210521259639e-01
-1.888683964880701893e-01
-1.850938232185672661e-01
-1.960859836709687443e-01
-2.006747468951068925e-01
-1.959203880318192148e-01
-1.943766196775396082e-01
-1.909780395357767446e-01
-2.003676168873855801e-01
-1.899012207264263452e-01
-1.947284551258565699e-01
-1.949693423403324744e-01
-1.924638590214797773e-01
-1.974366396992763839e-01
-1.943632353003543756e-01
-1.928596657024641559e-01
-1.932455833495900777e-01
-1.929427445785947270e-01
-1.950943950714645325e-01
-1.999360288510203532e-01
-1.891682543782948756e-01
-1.975246523629117235e-01
-1.944037360104218237e-01
-2.031495900685627021e-01
-1.983264887715954217e-01
-1.909637752542927558e-01
-1.941432865511547590e-01
-1.938148135580117781e-01
-1.991696338770303498e-01
-1.977706196989821308e-01
-1.969719741393873846e-01
-1.852003398580652771e-01
-1.996642881817969339e-01
-1.884020410117930311e-01
-1.972180369785334619e-01
-1.938325385445445193e-01
-1.969880147387268465e-01
-1.912446541392966992e-01
-1.952228568740927983e-01
-1.967577496059593756e-01
-1.893714552116172456e-01
-1.858444790501412314e-01
-1.994958851959935942e-01
-2.044007825596292349e-01
-1.921981098451794878e-01
-1.921928055177293260e-01
-2.012604684396617216e-01
-1.882636714141607825e-01
