2.416128787496027996e-01
5.150139299357002765e-01
3.797546834625555312e-01
4.314072711676147365e-01
4.861910401498079626e-01
3.882962205021159297e-01
1.083854818719524465e-01
-4.596916061300179712e-02
6.066393994042527937e-02
-8.137071497292257261e-02
-3.823090855599239890e-02
-4.603558938828705011e-02
2.132219808726921323e-02
3.955331339765377763e-02
1.449221782934867198e-01
-4.693541489972583719e-02
-4.150114986743339007e-02
-2.454750371923091756e-01
-2.973710084815128218e-01
-2.090043427976858437e-01
-4.625464648783220722e-01
-4.331350354543725412e-01
-2.708419544058947581e-01
-2.747770027882900923e-01
-2.312228505869991790e-01
-4.936608024675711026e-01
-4.444846803838818916e-01
-4.311274706120054034e-01
-6.378934722707152449e-01
-7.005314756407918786e-01
-6.782965630132535839e-01
-5.078861369459040098e-01
-5.144106159625508878e-01
-4.311608198383600210e-01
-4.725557680163652297e-01
-5.097004777715077317e-01
-5.738449786892777515e-01
-3.574381672819163525e-01
-3.211161222827239592e-01
-3.003626628656551056e-01
-3.112662866206067358e-01
-2.541987353228416513e-01
-8.176047899499841454e-02
-2.933918458663689610e-01
-1.808956394024165137e-01
-4.427631768543839608e-02
7.642243241139833054e-02
1.974609980130248021e-01
1.037574154294619161e-01
1.288325768714818631e-01
5.663555214957507467e-01
5.492172567204131051e-01
5.052923438310785720e-01
3.702901963766180859e-01
3.022937825183478200e-01
2.580775567071285082e-01
3.787172616897246935e-01
3.698708543785546032e-01
3.502921606890077588e-01
1.075163662583709656e-01
5.047174623551358569e-02
2.823453905872438385e-01
2.571303604168745927e-01
2.571707722476084257e-01
1.833816629647854191e-01
2.718220627653037957e-01
4.241026752159477997e-01
2.101946341403091723e-01
2.203971902080893441e-01
-2.639092312158710860e-02
1.830349398306824193e-02
-1.298240452821712854e-01
-2.513870196792793998e-01
-1.619386404555326064e-01
-2.565341217183780831e-02
-1.239781105192503396e-01
-2.057498344098866172e-01
-1.117685300697594808e-01
-3.424883530854697794e-02
-7.388721522087568494e-02
-9.376582693555923775e-02
-8.271922912672771688e-02
-3.152193698264402766e-01
-3.390633907726738339e-01
-3.444274380213510067e-01
-5.425981771290940836e-01
-3.170600574050828069e-01
-3.783088402383725790e-01
-4.192006345984748972e-01
-5.170764922472099734e-01
-3.532511454695791975e-01
-3.306192092302848717e-01
-3.656618034610949475e-01
-1.352805585192006221e-01
-9.392710086082153853e-03
-2.308886280357462517e-02
-7.250352396160741897e-02
4.198281680309893377e-03
-3.993441972470311574e-02
-5.469057255993907407e-02
-1.038952677560951721e-01
-1.125980638357796243e-01
-2.241954173577056508e-01
-3.565903850836565359e-01
-4.590826258654349679e-01
-5.953874070262266116e-01
-5.220283156003342473e-01
-2.983613428626724073e-01
-2.307924538045855178e-01
-1.752339518578690802e-01
-3.477471774815882877e-01
-5.210000573027593340e-01
-6.730652275484170222e-01
-6.531553765874080764e-01
-7.095738846736462380e-01
-6.366294065083919484e-01
-6.008091438236031756e-01
-6.991904238756512235e-01
-7.122018738832969209e-01
-7.728924339178928626e-01
-8.448812758483630336e-01
-8.372495305304630264e-01
-8.427524225804453595e-01
-9.149428209192953521e-01
-8.928630323847309702e-01
-8.561256783994255493e-01
-1.011934756010795411e+00
-1.065293129426118535e+00
-9.649353299655315519e-01
-9.875236290295453800e-01
-1.018358443864738616e+00
-1.078563411753054702e+00
-9.280071704636472241e-01
-9.127540667837672483e-01
-9.432538673475884261e-01
-8.654140700522675589e-01
-8.615793361140968720e-01
-9.528682189652085688e-01
-9.383700754357438001e-01
-7.435634157085215801e-01
-7.514650700314905452e-01
-7.578188337084699189e-01
-8.783710037173890761e-01
-7.384607178278232986e-01
-8.774659698479323477e-01
-7.168493099740850250e-01
-7.033575220429626462e-01
-7.698824886420642111e-01
-8.253936567406717772e-01
-8.632830512198930162e-01
-1.032126780916087228e+00
-9.610989540237075968e-01
-1.056287215338714169e+00
-1.107933415186905579e+00
-1.104817564853504130e+00
-1.318104370156944150e+00
-1.220894114012332610e+00
-1.315820259930272629e+00
-1.368805064381744208e+00
-1.387413367433466549e+00
-1.411413343487477601e+00
-1.402353636828572059e+00
-1.284612448880985802e+00
-1.233547044350075117e+00
-1.045393112863687746e+00
-1.044263043232705135e+00
-1.064277624091044760e+00
-1.028970317763640008e+00
-1.202911505228480005e+00
-9.214336217911340832e-01
-7.601357681956781853e-01
-7.095715006576638340e-01
-6.982384754145046779e-01
-4.958404221459478123e-01
-4.524550483510807464e-01
-2.870876114412729829e-01
-1.265921237984230230e-01
-2.529106814592941288e-01
-2.445406356627582434e-01
-7.924637536324322107e-02
-6.865939888476495223e-02
-2.001038457665969134e-02
-1.188171544617387110e-01
-1.123311689817393065e-02
-2.004766176348268814e-01
-3.810913630392985807e-01
-2.380139080480207503e-01
-1.657497987429202013e-01
-2.174670318479728637e-01
-3.658270639673253388e-01
-2.431027346956754487e-01
-1.314972591819121850e-01
-1.810209737086144674e-02
-2.390816837366643854e-01
-2.767913690590078080e-01
-3.214351903179840098e-01
-1.745971475241428483e-01
-2.723496910240538749e-01
-4.525201494965835902e-01
-5.404218171405923421e-01
-5.432117460355035954e-01
-6.847954871683674671e-01
-5.018323858876585497e-01
-4.561330525768022004e-01
-4.228605410362946682e-01
-5.869214032138100334e-01
-6.086335697779484688e-01
-5.998395659655245682e-01
-5.814945327604351677e-01
-5.748705462402735611e-01
-5.295656359696381266e-01
-5.273919545545573406e-01
-5.801386219367298258e-01
-7.180741888638720871e-01
-8.489784576787589021e-01
-7.630025117883656449e-01
-5.915799319830997716e-01
-7.283856289519073934e-01
-7.774799500587457057e-01
-9.764021468455064134e-01
-9.924806029414247055e-01
-1.048511114986373061e+00
-1.072472347551234328e+00
-1.099732620747084999e+00
-1.105055158368464019e+00
-1.185618498623099093e+00
-1.087259157046317704e+00
-1.104491194820439892e+00
-1.061491712411187116e+00
-1.069224763434138303e+00
-8.963427063870442746e-01
-9.855348828874750389e-01
-8.670021038262105684e-01
-8.551889248824077194e-01
-6.836554726096966128e-01
-6.326756792030949761e-01
-6.934048532714300883e-01
-7.011644257555879056e-01
-6.606162385528940861e-01
-8.757383682752186704e-01
-8.745602494461048870e-01
-9.383066527707905058e-01
-1.039813306281206051e+00
-1.209960531986720156e+00
-1.247451681697861803e+00
-1.183994450256604436e+00
-1.298006921054063678e+00
-1.085872781119243902e+00
-1.071585487822408034e+00
-1.014357437469051160e+00
-8.247348037358676054e-01
-7.778439174003606293e-01
-8.339440976775988057e-01
-8.003745848022201237e-01
-8.513290018414969573e-01
-1.042204944446822878e+00
-8.728976470325426895e-01
-8.699589235286482314e-01
-1.026603524322351690e+00
-9.557700489132147093e-01
-8.643801382090690044e-01
-1.096399589808318309e+00
-9.810161681890335883e-01
-1.103618585699218224e+00
-1.176320598606534817e+00
-1.201236860030912235e+00
-1.286376478999938788e+00
-1.170121678568962320e+00
-1.199736497562967408e+00
-1.079641523575857853e+00
-1.083550880193265176e+00
-1.072205138853906226e+00
-1.247558647782919472e+00
-1.208635339774909445e+00
-1.277026875460635313e+00
-1.286189422090596057e+00
-1.055231327633470606e+00
-1.207365124504063969e+00
-1.432452123126232379e+00
-1.550251075059404959e+00
-1.569854346653304145e+00
-1.532582025769111178e+00
-1.487442937999088999e+00
-1.468747422821172988e+00
-1.368960177279298307e+00
-1.169644443013184265e+00
-1.306195939386722404e+00
-1.353319324448447381e+00
-1.356793285415661909e+00
-1.333430216838045190e+00
-1.234782875558798176e+00
-1.258410038866927483e+00
-1.434147893764257553e+00
-1.428325595348731936e+00
-1.519902680163881747e+00
-1.407600484530051155e+00
-1.513990307740505470e+00
-1.559196203450118112e+00
-1.550374821740969189e+00
-1.564410906883737296e+00
-1.509315682063265607e+00
-1.402333949687115666e+00
-1.353261789386177139e+00
-1.194980313363976254e+00
-1.305623820138548608e+00
-1.410422484220382522e+00
-1.314951410206078641e+00
-1.433550376641790969e+00
-1.391808184521606595e+00
-1.520620110809204117e+00
-1.692023876328156096e+00
-1.701525075840421231e+00
-1.775834181133883805e+00
-1.890887240081807308e+00
-1.980786823411968545e+00
-2.021626446635570673e+00
-2.143793051516255765e+00
-2.182705949498951803e+00
-2.049259630764856066e+00
-2.017706402790029774e+00
-2.112858289739100393e+00
-2.147486259851407286e+00
-2.263078618407173170e+00
-2.259653791200564310e+00
-2.423418892762163157e+00
-2.331162126433915738e+00
-2.177603023686152106e+00
-2.231167509602161036e+00
-2.374913915002611287e+00
-2.543549013701592809e+00
-2.721532639785130936e+00
-2.784260382093668440e+00
-2.808685220859442389e+00
-2.797901378192823696e+00
-2.849828207129073476e+00
-2.641082892633480839e+00
-2.689958097554968841e+00
-2.553642900076635858e+00
-2.406332851181032240e+00
-2.389994485766858912e+00
-2.577029060357606038e+00
-2.626642536956390384e+00
-2.757775901810814556e+00
-2.697186680459895847e+00
-2.630848120407984769e+00
-2.607235986872417755e+00
-2.537402982856587386e+00
-2.499796181967644415e+00
-2.543855816307627471e+00
-2.385796104625219627e+00
-2.246741227401243268e+00
-2.399400161659145603e+00
-2.565291493064700390e+00
-2.573844797321294564e+00
-2.419434172859793009e+00
-2.297885158007595408e+00
-2.505346467877537453e+00
-2.564573611083278859e+00
-2.430994494012269858e+00
-2.477183759836579124e+00
-2.413198117790584796e+00
-2.418659080188770183e+00
-2.592891127195866563e+00
-2.624173967244875616e+00
-2.609145277395283458e+00
-2.532712148335155788e+00
-2.334470184845062857e+00
-2.286301098304816648e+00
-2.328966866749532905e+00
-2.087055781849009861e+00
-2.032821096209239897e+00
-2.153521680469499433e+00
-2.051026625127704950e+00
-2.197484233739279258e+00
-2.173575083443346045e+00
-1.931113759701367893e+00
-2.077944725847382212e+00
-2.096425350118584774e+00
-2.266820832860231505e+00
-2.287296676084031866e+00
-2.080594178962374752e+00
-1.962544253193970301e+00
-2.070727139317891652e+00
-2.182666642102372379e+00
-2.325063419956630906e+00
-2.389776995752040722e+00
-2.302676073887881536e+00
-2.347337520786312304e+00
-2.414447344864369960e+00
-2.384050569151043408e+00
-2.450816073218978541e+00
-2.236455872029403658e+00
-2.269282749506233987e+00
-2.172913430037893612e+00
-2.285429341928079339e+00
-2.267218804278346322e+00
-2.292923537849190119e+00
-2.128166285510641131e+00
-2.326615336143802004e+00
-2.417344821506600905e+00
-2.624768098959522344e+00
-2.537349372099543032e+00
-2.732782828135170483e+00
-2.694508479154192671e+00
-2.600071315186095688e+00
-2.569104637135510849e+00
-2.432533916125994455e+00
-2.382641572361785087e+00
-2.531599803484676059e+00
-2.345300480169021373e+00
-2.211344570144908595e+00
-2.226909925858180372e+00
-2.345342293822056057e+00
-2.217500683083807989e+00
-2.164587996967421990e+00
-2.378258929193313609e+00
-2.602600561898468889e+00
-2.873635541358710022e+00
-3.098420523838737228e+00
-3.022785391206690431e+00
-2.772454010306084626e+00
-2.647309764126148046e+00
-2.536136168724903772e+00
-2.560955116284003186e+00
-2.505845924735432995e+00
-2.784069471075888202e+00
-2.587435661077871707e+00
-2.628431515245209127e+00
-2.568200064198673083e+00
-2.539740963400427987e+00
-2.450451397009634658e+00
-2.366773833060140664e+00
-2.463384691426651951e+00
-2.627812787104138792e+00
-3.006217899789034753e+00
-3.092696124310937211e+00
-3.222669479358152955e+00
-3.296682576598892300e+00
-3.354018470723114209e+00
-3.324118293567357441e+00
-3.110511375551436419e+00
-3.083945892755654672e+00
-2.974415961828893007e+00
-3.142437348645936712e+00
-3.175647686024607896e+00
-3.219555789203811802e+00
-3.192914579377365225e+00
-2.955445521636779205e+00
-2.826981841411376095e+00
-2.633481058719529866e+00
-2.593769101440015490e+00
-2.527375138305933966e+00
-2.630237256416873226e+00
-2.650908441371985003e+00
-2.723006671318703997e+00
-2.626295378580821627e+00
-2.808292430324267119e+00
-2.739232283451352945e+00
-2.757160387939574520e+00
-2.650873725852706198e+00
-2.633527679460366144e+00
-2.750897765558423469e+00
-2.728226583998411670e+00
-2.504722247789851863e+00
-2.614842983244751284e+00
-2.591920557554327154e+00
-2.774214212315573302e+00
-2.611642536743933096e+00
-2.555972551067272835e+00
-2.674686121727368082e+00
-2.389122822223975540e+00
-2.346935391721550968e+00
-2.290377887771446463e+00
-2.241767167483132539e+00
-2.104959308680891539e+00
-2.187703133202785200e+00
-2.286450867437743728e+00
-2.630730628520188574e+00
-2.742489956368510118e+00
-2.564040597645595998e+00
-2.477844589869142133e+00
-2.432218278059558259e+00
-2.403918354099039867e+00
-2.193617080725207114e+00
-2.124205607824961817e+00
-2.113331182257083718e+00
-2.536847898501415344e+00
-2.641763141893902489e+00
-2.785988935470443906e+00
-2.505905429415117069e+00
-2.433830473945481909e+00
-2.587504884364395075e+00
-2.311539045721537899e+00
-2.500881476040177631e+00
-2.370186180334455273e+00
-2.571558867297243811e+00
-2.596103305708635123e+00
-2.506409220111486036e+00
-2.584335612396159387e+00
-2.642389886517141573e+00
-2.743067863967351361e+00
-2.854479117605276617e+00
-2.712510742389169671e+00
-2.789723027082921192e+00
-3.032429422623265758e+00
-3.007763480640433862e+00
-2.926687896751058116e+00
-2.778100694596188802e+00
-2.795252705183563169e+00
-2.853478239406486594e+00
-2.929041223316836806e+00
-2.773638486002737658e+00
-2.682936716089144191e+00
-2.425200395874979709e+00
-2.448025614047300014e+00
-2.686089006417629488e+00
-2.904890171605172267e+00
-2.850734623381460331e+00
-2.786269334726771074e+00
-2.603932029243320123e+00
-2.580652641030196648e+00
-2.664095010072953684e+00
-2.571238528167688386e+00
-2.554315235590943090e+00
-2.441688157387664759e+00
-2.607297579018317268e+00
-2.763450754343544258e+00
-2.827776852397909657e+00
-2.669244602173435954e+00
-2.519969266651000961e+00
-2.685645321642613492e+00
-2.798102039647287764e+00
-2.865686396067303576e+00
-2.997233053244817480e+00
-2.978630274036809134e+00
-2.766053845963749591e+00
-2.719455065876364319e+00
-2.762427567878431134e+00
-2.551875547717150639e+00
-2.537279803420879887e+00
-2.287131888119231959e+00
-2.428990035937296454e+00
-2.348707204456639275e+00
-2.507303474445665703e+00
-2.532824465729875740e+00
-2.693510359421830369e+00
-2.625302903571474999e+00
-2.718471915989669530e+00
-2.700570981607198995e+00
-2.644097452043853824e+00
-2.649745722283514571e+00
-2.726233189751168240e+00
-2.518552635405216122e+00
-2.458708039156056291e+00
-2.438098182353874321e+00
-2.417413266678110961e+00
-2.245246214270504304e+00
-2.124552506701414156e+00
-1.836807456600100474e+00
-1.881884622587657097e+00
-2.076801327988747392e+00
-2.126939604237622294e+00
-2.060463647684873223e+00
-1.794815695884534268e+00
-1.852983286341955971e+00
-1.899963970506817201e+00
-1.957331752184998663e+00
-1.890740737446094055e+00
-1.814545507694728776e+00
-1.651933767680360710e+00
-1.479123046447840428e+00
-1.307221933135116920e+00
-1.308067860137065885e+00
-1.369550407549517956e+00
-1.388270293229134866e+00
-1.592052508276253109e+00
-1.723729483126219097e+00
-1.731085071747960002e+00
-2.177238950874807344e+00
-2.276849046173715418e+00
-1.983411686511183269e+00
-2.180661972832533824e+00
-2.136900394532463832e+00
-2.241993832917295926e+00
-2.395640404219923525e+00
-2.369237232331935061e+00
-2.170524048549888008e+00
-2.014576581191942939e+00
-1.793971577876883883e+00
-1.841380146126978978e+00
-2.075190075565995773e+00
-1.903372740514309269e+00
-2.123470272058755715e+00
-2.247965558758966864e+00
-2.330519239776189355e+00
-2.644626456995098351e+00
-2.513816573251639319e+00
-2.300669147008048032e+00
-2.055194365702968540e+00
-2.285919548177065774e+00
-2.224560764884754516e+00
-2.276701629432837048e+00
-2.396116136490534565e+00
-2.807717262536514991e+00
-2.900704173102953920e+00
-2.819624905157648076e+00
-2.837661811608962026e+00
-3.152743017984173335e+00
-3.261185424174648517e+00
-3.121874492444124183e+00
-3.261806017696707194e+00
-3.485086203939127714e+00
-3.445235304198669191e+00
-3.494135844814042269e+00
-3.554931355320610997e+00
-3.720269912175540483e+00
-3.782222172212033495e+00
-3.765548150641767844e+00
-3.453614453050802169e+00
-3.464966470553006328e+00
-3.297270092262951646e+00
-3.354346567405265933e+00
-3.525677046066547859e+00
-3.550138034398102604e+00
-3.621657865596416670e+00
-3.342531582932310563e+00
-3.290039529999245094e+00
-3.382963463803969617e+00
-3.378730287304101410e+00
-3.296181480963497723e+00
-3.556652917432872929e+00
-3.946509519323351256e+00
-3.904165569103581035e+00
-3.942018057905158912e+00
-3.858010877814026074e+00
-3.869987434927885772e+00
-4.137634188116147804e+00
-4.142715059625150076e+00
-4.170741178483429401e+00
-4.026879643328869385e+00
-4.034679137583274233e+00
-3.915941780729690791e+00
-3.873198899953917529e+00
-3.653216523067444044e+00
-3.728840892760941550e+00
-3.505995226900501471e+00
-3.335081579280461561e+00
-3.092697207359780709e+00
-3.189023183988877630e+00
-3.243522499446282570e+00
-3.230320831498903367e+00
-3.326279828701744989e+00
-3.379874131650986158e+00
-3.179945055169203005e+00
-3.147548061006176567e+00
-3.462633048827040039e+00
-3.445537428551660675e+00
-3.533346069998326566e+00
-3.560285748310680010e+00
-3.225023944914677809e+00
-3.304787675852270734e+00
-3.009720766204759812e+00
-2.922929533871942986e+00
-2.922378424049555612e+00
-2.846937488859069276e+00
-2.967017752880970249e+00
-2.820718932330971374e+00
-3.084387887917420468e+00
-3.073954396754705609e+00
-2.898477419241686448e+00
-3.097928231207106364e+00
-3.143991397090058815e+00
-3.386766395160237586e+00
-3.413539377708036948e+00
-3.329194180812450998e+00
-3.181166859346085118e+00
-2.918040868641080809e+00
-3.211099921973671556e+00
-3.140566809771948797e+00
-2.919326123995736211e+00
-3.151539694513269207e+00
-3.486655466817948135e+00
-3.719816748248543359e+00
-3.790739808729627569e+00
-3.917971963212337982e+00
-3.962059100198592532e+00
-4.018604784203422930e+00
-3.974706616721240149e+00
-3.833214984962850735e+00
-3.769433626500194201e+00
-3.741022171147356801e+00
-3.920637761862462600e+00
-4.007121753564171662e+00
-3.939856154606199201e+00
-3.855549189882583772e+00
-3.715684563806165741e+00
-3.599904225737084573e+00
-3.466089757586527043e+00
-3.622226731536005051e+00
-3.293912448021975248e+00
-3.054080956828101989e+00
-2.865394091013707456e+00
-2.910344907511837942e+00
-3.062644360531627363e+00
-3.147470169360604419e+00
-3.024292848972125469e+00
-3.009187856541696515e+00
-3.316991699857674725e+00
-3.271221283459838425e+00
-3.149888408555217012e+00
-2.831424285380512273e+00
-3.051145573990553750e+00
-2.774742872880720856e+00
-2.725014691613037332e+00
-2.652848157134263918e+00
-2.347853791181880201e+00
-2.349021690576581278e+00
-2.390813719670433990e+00
-2.611190662690651365e+00
-2.545947794166745215e+00
-2.616614136774483956e+00
-2.728197028092360199e+00
-2.694261162805873688e+00
-2.876779693215427702e+00
-3.237865663668673566e+00
-3.150541878498010373e+00
-3.272280253839514153e+00
-3.236873320975848234e+00
-3.480957717636607107e+00
-3.711575553055058929e+00
-3.671141265742619453e+00
-3.387299594023795102e+00
-3.153327343473295130e+00
-3.325351090256650100e+00
-3.224175435332014672e+00
-3.331477259226228060e+00
-3.544943507058745613e+00
-3.597121665872096585e+00
-3.631596290859257614e+00
-3.635073616022018506e+00
-3.457735020045630492e+00
-3.158600681311260150e+00
-3.099668198003191932e+00
-3.073168563719773427e+00
-2.919097332843611170e+00
-3.009586185304542028e+00
-3.098281780021069576e+00
-2.942842737556051969e+00
-2.938278727839459314e+00
-2.989399335280449765e+00
-3.100470036430263310e+00
-2.916569522908864620e+00
-2.668412094977232751e+00
-2.650476514321214339e+00
-2.819192717710931717e+00
-2.666068168937300698e+00
-2.722184825736928993e+00
-2.985033198546874544e+00
-2.937253198068654481e+00
-2.904985665668521122e+00
-2.976938635479498885e+00
-2.716780300437451334e+00
-2.550674037970463548e+00
-2.671208290551235542e+00
-3.022321092532620046e+00
-3.033507634796200669e+00
-2.843959704969081237e+00
-2.983336018242173981e+00
-3.025185275308432953e+00
-3.299878923294097266e+00
-3.035566541201574875e+00
-3.077622254936449142e+00
-3.269407862779307283e+00
-3.252493624511838544e+00
-3.321096610752322320e+00
-3.560013085626678730e+00
-3.608538665469112949e+00
-3.744675293105456770e+00
-3.786630040491696381e+00
-3.735598948910078931e+00
-3.718033257966343097e+00
-3.608898584801449427e+00
-3.284959042631762749e+00
-3.409038031217377807e+00
-3.372808536235554655e+00
-3.396087767387319101e+00
-3.388870598735634232e+00
-3.403528410093989987e+00
-3.285113649615002185e+00
-3.016931281129698217e+00
-2.718144782504160695e+00
-2.571122420530181252e+00
-2.388568077678779655e+00
-2.202867909404867319e+00
-2.038974909410551373e+00
-1.838428561300124775e+00
-1.930587554085165358e+00
-1.872412328328600495e+00
-1.839421145757904386e+00
-1.674595747425148717e+00
-1.853616209478447407e+00
-1.737432908018302413e+00
-1.413706834382643329e+00
-1.387875454489567950e+00
-1.470612727380264717e+00
-1.663470030867059357e+00
-1.494457819038054192e+00
-1.603506732121415590e+00
-1.777690728751338822e+00
-2.008374910496689925e+00
-2.033933824773598076e+00
-1.634580791987534587e+00
-1.439487690155397681e+00
-1.327613431586518011e+00
-1.342828742533729081e+00
-1.350880144709983410e+00
-1.358592709069074367e+00
-1.444071570637526669e+00
-1.376738145431598559e+00
-1.366234747566941632e+00
-1.418712616529246739e+00
-1.284439470264826078e+00
-1.505957039060029645e+00
-1.717733230493173169e+00
-1.765850080671959255e+00
-1.777476365814510739e+00
-1.754714798150603050e+00
-1.866498609155270438e+00
-1.744968701658107912e+00
-1.830099571084483179e+00
-1.765767765618412533e+00
-1.895400403338201700e+00
-1.761286522905827434e+00
-1.907509089208925257e+00
-1.960116231992460767e+00
-1.941836459765527989e+00
-2.010637249387153602e+00
-1.927428394158213543e+00
-1.715581346582482514e+00
-1.706137651787851262e+00
-1.771660473899524524e+00
-1.295311280132037446e+00
-1.283249794025898227e+00
-1.346003007634578585e+00
-1.499563376612957910e+00
-1.506258033487265946e+00
-1.445122357406652736e+00
-1.737694984920169494e+00
-1.597975078699312101e+00
-1.811946833868835371e+00
-1.684092029853612393e+00
-1.711763247710125446e+00
-1.861623340295955442e+00
-1.577511226854547699e+00
-1.417835994929964594e+00
-1.370387360059160953e+00
-1.301669578669261140e+00
-1.165442209064246670e+00
-1.202717644113427742e+00
-1.307614381158417105e+00
-1.499120860616658391e+00
-1.476847142985689088e+00
-1.429165142450321779e+00
-1.452095561030182447e+00
-1.421648152682216892e+00
-1.599838807569264443e+00
-1.699864686007676262e+00
-1.923437108558325725e+00
-1.866676728610387803e+00
-1.887294660380131273e+00
-1.906989121659321995e+00
-1.626441485407934540e+00
-1.212199047230128279e+00
-9.785714430901644167e-01
-1.032982445107379021e+00
-1.183040810860180869e+00
-1.173455285500934586e+00
-1.365565986752321104e+00
-1.427782884455145451e+00
-1.263459159004794996e+00
-1.251252100511483167e+00
-1.312542430925693004e+00
-1.328674214563339007e+00
-1.165380314327931766e+00
-1.104611812487424460e+00
-1.013200799834953036e+00
-1.137040400246031036e+00
-1.060169582502147545e+00
-8.881984589897459204e-01
-6.930922885593638894e-01
-8.261343100531468586e-01
-8.375716145747436059e-01
-1.221754371049414534e+00
-1.361462554819397486e+00
-1.425891807296044478e+00
-1.231524605214725510e+00
-1.113136782845655981e+00
-9.600233538753646378e-01
-8.545638264933475003e-01
-8.287182539403070702e-01
-8.780095697586645098e-01
-9.426073466034965431e-01
-9.852352838284765824e-01
-9.655629968286242315e-01
-1.015736045968299361e+00
-1.359770504917229506e+00
-1.314827686622877634e+00
-1.338747485785318991e+00
-1.293483638729711949e+00
-1.132008506374287293e+00
-1.075758913770579417e+00
-1.142378644462233694e+00
-1.480562836042032870e+00
-1.748073548675279199e+00
-2.047419366994122303e+00
-1.929851641216729252e+00
-2.126742614011734034e+00
-2.059863386648428829e+00
-2.255029628746222592e+00
-2.334249204873088068e+00
-2.325781595428798809e+00
-2.274549683377310672e+00
-2.297870179140088620e+00
-2.255296738253195432e+00
-2.589005828877455784e+00
-2.557223756858900021e+00
-2.519898842930974325e+00
-2.455443230023423684e+00
-2.306630045914321858e+00
-2.243221238490330283e+00
-2.344388265833540874e+00
-2.431444607153990578e+00
-2.549486151976253723e+00
-2.626185153069006351e+00
-2.694319538969303096e+00
-2.754688435176994687e+00
-2.842758670346350769e+00
-2.726208814540142189e+00
-2.777494053549324882e+00
-2.462308199101132189e+00
-2.638795773063711714e+00
-2.581006860075505394e+00
-2.524436373638766273e+00
-2.597432636243839799e+00
-2.817723698286884293e+00
-2.657849364401082770e+00
-2.545105754576384882e+00
-2.238966905503327887e+00
-2.274690882339256426e+00
-2.337828117540686534e+00
-2.200079150639243419e+00
-2.430440800410636815e+00
-2.393452297524031547e+00
-2.503129197573958908e+00
-2.373648619248652558e+00
-2.239176918096366986e+00
-2.401223797918738967e+00
-2.172341901734031300e+00
-2.183669801147389400e+00
-2.006562360086727281e+00
-1.990664429962884618e+00
-2.025740752763317776e+00
-2.211361615102378941e+00
-2.147523480655289418e+00
-2.001655404195139099e+00
-1.842143667734674750e+00
-1.954260985854588295e+00
-2.048474818511166085e+00
-1.892920992612983300e+00
-2.035338589411535892e+00
-1.985433416669457385e+00
-1.986692590870083430e+00
-2.155552464218827957e+00
-2.263622852723639500e+00
-2.341010915168159290e+00
-2.488387000022394435e+00
-2.425737338634475826e+00
-2.494622840203857272e+00
-2.344474163368440500e+00
-2.091893056343943513e+00
-1.901605685907536092e+00
-1.886455986037431920e+00
-2.000026844000011295e+00
-2.103716635603601670e+00
-2.158138003019823614e+00
-2.340905342240978904e+00
-2.639609164744859182e+00
-2.578645584724300832e+00
-2.539038626088271133e+00
-2.687835203666885775e+00
-2.792171028029401647e+00
-2.798382671444145764e+00
-2.797323924912467952e+00
-2.925892510798531632e+00
-3.090139417133871191e+00
-3.129306496747153332e+00
-3.505997310783444121e+00
-3.460555189635499129e+00
-3.291284990363163132e+00
-2.701434090107709629e+00
-2.449051074180266685e+00
-2.485307550359368012e+00
-2.230980488619980218e+00
-2.371340479445988247e+00
-2.679244436209786251e+00
-2.592916285145958177e+00
-2.864035019383784686e+00
-3.120529578608094212e+00
-3.172410927502171685e+00
-3.250382324230099318e+00
-3.214121211664526356e+00
-3.280484289904217476e+00
-3.219537300925504386e+00
-3.119463634367804161e+00
-3.458052715570446356e+00
-3.581273147579056015e+00
-3.630107675662830768e+00
-3.791304628010286670e+00
-3.799702758692884874e+00
-3.515370438081624194e+00
-3.546299815605700623e+00
-3.596732682426657224e+00
-3.448579368744621121e+00
-3.152454258369981943e+00
-3.100295770297174069e+00
-2.721270603307415215e+00
-2.476651219584115715e+00
-2.590806577088018869e+00
-2.779088424693818116e+00
-2.721256474197485176e+00
-2.945097510644851369e+00
-3.089653411601255506e+00
-2.977986568261490774e+00
-2.739835951589115748e+00
-2.614916957599720426e+00
-2.779515648954271612e+00
-2.825023755488230925e+00
-2.924021728638210860e+00
-2.804790060206614477e+00
-2.792468127057419203e+00
-2.860084013734345731e+00
-2.755711367791200850e+00
-2.602492409118040584e+00
-2.988932465723345366e+00
-2.942039952804037739e+00
-3.031830062287881322e+00
-3.100644962804219418e+00
-3.292075923059146536e+00
-3.237229856144906659e+00
-2.965716946414642674e+00
-2.898137388885863253e+00
-2.786339572173927692e+00
-2.677762449547150148e+00
-2.761193214305453392e+00
-2.714415063936717942e+00
-2.510371084152208443e+00
-2.326870148413084927e+00
-2.170282393072263449e+00
-1.949842689721946964e+00
-1.801498599441840875e+00
-1.636652896842266447e+00
-1.965812758909277980e+00
-2.207419861956782192e+00
-2.506941094754678190e+00
-2.572503065018728385e+00
-2.311839873036563464e+00
-2.174223462578676713e+00
-2.505903826115302380e+00
-2.471831705916179622e+00
-2.407423487091701286e+00
-2.343402841869836717e+00
-2.203884885241427227e+00
-1.963825383709170147e+00
-1.859411625602731544e+00
-1.906660334506399046e+00
-1.919417765561994393e+00
-2.181158349499197069e+00
-2.465625639389789736e+00
-2.465243736025548138e+00
-2.491038398103595508e+00
-2.691033741994056872e+00
-2.538017483247196004e+00
-2.421550609734398396e+00
-2.252773492838189728e+00
-2.354562254896820583e+00
-2.191647499495652074e+00
-1.989972594784710669e+00
-2.037954293614550050e+00
-2.153816285775207007e+00
-2.187770869413323549e+00
-2.099521265373194279e+00
-2.015190875942790338e+00
-2.066578246573968158e+00
-2.218938352348760024e+00
-2.433220088924426427e+00
-2.397868557348176388e+00
-2.302232834129405603e+00
-2.394547122642431525e+00
-2.280080836367523123e+00
-2.532562441855658264e+00
-2.445745196179716530e+00
-2.665195807118453608e+00
-2.610744602369726497e+00
-2.666562838185513762e+00
-2.611611242964219759e+00
-2.582120598525589283e+00
-2.629552907998033096e+00
-2.510509958375136463e+00
-2.673511469563263798e+00
-2.536141411093513209e+00
-2.325253000334455145e+00
-2.183618502786038640e+00
-2.336534893508724231e+00
-2.246108995722625234e+00
-2.323617843239107028e+00
-2.208544777587548857e+00
-2.249657992271977491e+00
-2.130280242125317969e+00
-2.220261112945213444e+00
-2.518072021474871747e+00
-2.306148645531160390e+00
-2.323096685671997008e+00
-2.669218789978067718e+00
-2.856486090956245505e+00
-2.940732330813238704e+00
-2.958050236548146916e+00
-2.726727569508099691e+00
-2.593390047363911322e+00
-2.452364127215242107e+00
-2.723263948284922797e+00
-2.669018943674072997e+00
-2.776950276543896923e+00
-2.854133249577400555e+00
-2.488927529037370689e+00
-2.377247556188214261e+00
-2.307832890786225111e+00
-2.284986575524149632e+00
-2.374504281871969713e+00
-2.513613765648178511e+00
-2.267370071180308866e+00
-1.932705404830721285e+00
-1.806715071119016081e+00
-1.741298208061044184e+00
-2.069396266532847584e+00
-2.257781947824128999e+00
-2.609608547427187730e+00
-2.581095300895956068e+00
-2.289431164060962587e+00
-2.289415799503847992e+00
-2.466434011686926553e+00
-2.468606259303323114e+00
-2.233211500935262439e+00
-2.452558927746627759e+00
-2.517813716994629303e+00
-2.631122781251218345e+00
-2.779097833084471780e+00
-2.431797636420897746e+00
-2.356456313755501242e+00
-2.564984738238645257e+00
-2.394752611283253785e+00
-2.190723026485859926e+00
-2.323947821410497383e+00
-2.310299120890612734e+00
-2.324785389213566589e+00
-2.245402039264195349e+00
-2.413190866835708714e+00
-2.425438377391675449e+00
-2.366831198251171831e+00
-2.024100485453165454e+00
-2.270541295856307151e+00
-2.411169672639875916e+00
-2.862557460715608570e+00
-3.261151164940452762e+00
-3.364137871727223672e+00
-3.325109740295233873e+00
-3.346446213126332836e+00
-3.716973801673008282e+00
-3.818211639527840706e+00
-3.719681364004912894e+00
-3.538796187812155214e+00
-3.518526279368700216e+00
-3.653005434829634357e+00
-3.597857569162044911e+00
-3.148401791533249838e+00
-3.077698778366970256e+00
-2.841876436388568905e+00
-2.987092099562893566e+00
-2.837110622583872477e+00
-2.771958754673546022e+00
-2.828468774976406586e+00
-2.977304943684111471e+00
-2.968189005717334350e+00
-3.272195574975330867e+00
-3.182670460426752168e+00
-3.009915113347894966e+00
-2.858243970754843488e+00
-2.957305727330638678e+00
-2.991915718590048012e+00
-2.875074352891475726e+00
-2.769981465966464551e+00
-3.006215419772789499e+00
-3.254961685447404385e+00
-3.351280310163550435e+00
-3.746556056482756691e+00
-4.067314635679810664e+00
-3.931186624487324366e+00
-4.112403950357897742e+00
-4.333518423184613333e+00
-4.216912740318223385e+00
-4.518353745606486171e+00
-4.567497698461433941e+00
-4.668709130384876893e+00
-4.573719942214722778e+00
-4.656057086504031162e+00
-5.006667259465951147e+00
-5.108132947276583735e+00
-5.315417560344204873e+00
-5.374111315221042240e+00
-5.229129429094562909e+00
-5.098790290624227062e+00
-5.362467103569743543e+00
-5.552303367274571855e+00
-5.464044459903782958e+00
-5.548255232078258103e+00
-5.636584170797301674e+00
-5.610603452114394152e+00
-5.872908451626262405e+00
-5.900930880699736925e+00
-5.786207211547240270e+00
-5.584027983933871120e+00
-5.553218026631857818e+00
-5.290822496063550595e+00
-5.443774602085251324e+00
-5.391426401930352164e+00
-5.463204099825284210e+00
-5.493355961141132227e+00
-5.535750337771919938e+00
-5.291373140113961426e+00
-5.271808886871340860e+00
-5.367181465890376479e+00
-5.430835094841476085e+00
-5.276870033904973667e+00
-5.104637221729636742e+00
-5.273438473520654313e+00
-5.116968199315535593e+00
-5.014915235488133227e+00
-5.098341244803208383e+00
-5.094942920586539969e+00
-5.361668388776880789e+00
-5.272738325564803041e+00
-5.265500057302283210e+00
-5.414571030618415826e+00
-5.345037683819821694e+00
-5.376492435412632886e+00
-5.422556797605142975e+00
-5.439747112613825486e+00
-5.544349491419318099e+00
-5.434625368255627365e+00
-5.285770125427461608e+00
-5.359461255175987482e+00
-5.393658888508615412e+00
-5.631668517641649885e+00
-5.230944233229066320e+00
-5.103722787843848252e+00
-4.933757600822521461e+00
-5.124419326040887235e+00
-4.969875707844305879e+00
-4.938672796507091789e+00
-4.966827075748356357e+00
-5.136845952092675027e+00
-4.975639767334949504e+00
-4.817587471345132322e+00
-4.539924398146425233e+00
-4.284342033907668323e+00
-4.311372708162581446e+00
-4.312608772332271911e+00
-4.366438426403195905e+00
-4.344698458584350220e+00
-4.515589092529101123e+00
-4.609004803936387340e+00
-4.763429304887967675e+00
-4.948512010220259327e+00
-4.797634452054506227e+00
-5.100685605066731299e+00
-5.108888361517933241e+00
-5.020386205980337024e+00
-5.107477966380985279e+00
-4.898361683987986659e+00
-5.020813453838341545e+00
-4.752566672659077618e+00
-4.584260061948782550e+00
-4.659252219632828762e+00
-4.682133908717357684e+00
-4.933039151409366774e+00
-4.856549928946256145e+00
-5.185239584252272493e+00
-5.164607630824786355e+00
-5.244107244123717315e+00
-5.544424646697976300e+00
-5.486038595963432130e+00
-5.766363660476638842e+00
-5.621651487141502201e+00
-5.319870540149890914e+00
-5.168487429235083752e+00
-4.935260773750521857e+00
-4.951652030163448792e+00
-4.488438927423648472e+00
-4.409327550944215801e+00
-4.241459741593983424e+00
-4.165538328367551557e+00
-4.384177256091662755e+00
-4.011740828155748950e+00
-3.984985176739235690e+00
-3.906400257146879884e+00
-4.078685673245575849e+00
-3.978470659116524644e+00
-3.755090517877949008e+00
-3.944221062758406671e+00
-4.106001498807390959e+00
-4.104059871222287548e+00
-4.002509881175511097e+00
-4.196972290163483166e+00
-4.261936300923856002e+00
-3.955685984259280641e+00
-3.644321287579904034e+00
-3.692640043489728630e+00
-3.859730187834360393e+00
-4.106000286994060389e+00
-3.983595688141513769e+00
-3.993821724485133284e+00
-4.295690558826000149e+00
-4.453098691544703058e+00
-4.544936080842210124e+00
-4.551247528503018280e+00
-4.144985122213402207e+00
-4.080301008919260397e+00
-4.254782155884544892e+00
-4.119899097569705404e+00
-4.295691485017219868e+00
-4.429014085176201654e+00
-4.355381053271048408e+00
-4.490270789577643917e+00
-4.255322210723390342e+00
-4.082089366771874062e+00
-3.959174408015985858e+00
-4.187380673791742502e+00
-4.409366794397256761e+00
-4.473139402695053946e+00
-4.557620040904144965e+00
-4.442223947609469370e+00
-4.482068743849146664e+00
-4.338071193957645733e+00
-4.428755154907849878e+00
-4.417745093731560324e+00
-4.395722272788439966e+00
-4.446916235558339814e+00
-4.548714518335174262e+00
-4.602803522816945936e+00
-4.495869720953219684e+00
-4.472931606372771540e+00
-4.481538015388554896e+00
-4.443622118473385285e+00
-4.065295160900816995e+00
-4.038679703349233208e+00
-4.083377098174794995e+00
-3.858524941050502477e+00
-3.911386837831796637e+00
-3.809347033157071127e+00
-4.163339464454829830e+00
-4.289835303826811774e+00
-4.180265801362957667e+00
-4.028500583226362508e+00
-4.166253274082579949e+00
-4.434288584454780136e+00
-4.121566981107010363e+00
-4.205228299470721964e+00
-4.235484652835239672e+00
-4.202263981328350440e+00
-4.018198423047934398e+00
-4.094967477870357087e+00
-4.023144453031136436e+00
-3.954212443126577270e+00
-3.806809034759502275e+00
-4.003028667493241599e+00
-4.311710507090776190e+00
-4.295764422906172442e+00
-4.305365269334256340e+00
-4.416720968819483062e+00
-4.376049824711252256e+00
-4.357852306038704882e+00
-4.261813200573723037e+00
-4.204473313176812610e+00
-4.131329349530669326e+00
-4.042473037010299031e+00
-4.046923448295862258e+00
-3.992548690190435234e+00
-3.832140340301670278e+00
-3.734323070665309441e+00
-3.906423872319809032e+00
-3.857818852855672276e+00
-3.742479571011462891e+00
-3.624245890436453177e+00
-3.712336401770272687e+00
-3.752544228564212325e+00
-3.749760773195967012e+00
-4.024203988462867088e+00
-4.051895146362224587e+00
-4.316456195118200334e+00
-4.365186004123406072e+00
-4.267345839194106816e+00
-4.133840744925278088e+00
-4.120843588215582720e+00
-4.132841221095237216e+00
-3.975129208623771504e+00
-4.029832176747523143e+00
-4.124027322030003440e+00
-4.076666384766470586e+00
-3.919958514194935351e+00
-3.867750021621548129e+00
-3.846023987810401668e+00
-3.944173637316337633e+00
-4.118057792231894609e+00
-4.229204631639216672e+00
-4.368376734507589454e+00
-4.240101906657060660e+00
-4.023092507528449602e+00
-4.288486911899970444e+00
-4.523587188389797120e+00
-4.383778449959499390e+00
-4.529012438467343138e+00
-4.519636120840703875e+00
-4.805669924129819748e+00
-5.025513454323193407e+00
-4.869345454611893054e+00
-4.874128644721531067e+00
-4.935599685583159868e+00
-4.958896140352353044e+00
-4.906325037231935582e+00
-4.950583954445757051e+00
-4.738365838036022737e+00
-4.665450496303730432e+00
-4.714322026148708211e+00
-4.700581357867428700e+00
-4.799329433332514050e+00
-4.952148841810657842e+00
-4.828987601145589004e+00
-4.884034862941475374e+00
-5.000794443507946774e+00
-4.898514285493272169e+00
-5.124850935985132416e+00
-5.192982338263322006e+00
-4.978895431300792929e+00
-4.887597358436789996e+00
-4.816695900600588054e+00
-4.932888041248583377e+00
-4.924110306670383963e+00
-5.023934497086893991e+00
-5.201935041551253747e+00
-5.195341723599786299e+00
-5.204232083570992984e+00
-5.596380429156575964e+00
-5.649166236913685246e+00
-5.951822822960648907e+00
-6.318666984374099016e+00
-6.389547480981897287e+00
-6.359515935147308952e+00
-6.488544876605922163e+00
-6.242698767456704267e+00
-6.131027472214666929e+00
-5.956617226845869695e+00
-5.830439528235617175e+00
-5.745752207670405731e+00
-5.623131074584916789e+00
-5.734741759437655517e+00
-5.926924955218157542e+00
-5.723315396717176817e+00
-5.729975294710422773e+00
-5.806195530192929333e+00
-5.691870840115799801e+00
-5.807862287571257554e+00
-5.570236735526809646e+00
-5.825048912789938527e+00
-5.978758173014816713e+00
-6.051125557074385597e+00
-5.987645553719323388e+00
-6.005881676176242578e+00
-5.887935076323095984e+00
-5.444125671528756705e+00
-5.394238494194341982e+00
-5.209129989947216544e+00
-4.999010692013812651e+00
-4.577477960615073727e+00
-4.541179236442242306e+00
-4.645115195727284707e+00
-4.853527510206346207e+00
-5.074803452891503142e+00
-4.996671720312523490e+00
-5.054773876514981445e+00
-5.310849112198667399e+00
-5.399638476643924712e+00
-5.389246067086673087e+00
-5.117178797696878334e+00
-5.049382926173227482e+00
-4.778779253031387952e+00
-4.932647598907586861e+00
-5.203263105501806152e+00
-5.542750379898395252e+00
-5.791807879032852213e+00
-5.907891597550301022e+00
-6.052851832012379418e+00
-6.193375204143592327e+00
-6.241907943029703532e+00
-6.494954528323543030e+00
-6.638914604716628531e+00
-6.397065738468196372e+00
-6.205320211293908983e+00
-5.920588989886420350e+00
-6.013546474078314219e+00
-5.851123786037117469e+00
-6.068778500790650732e+00
-5.942269939335511175e+00
-5.621835060237016179e+00
-5.816283475513606582e+00
-5.706571771937118953e+00
-5.916042709133823685e+00
-5.818507267324002363e+00
-5.804777907229112799e+00
-5.821650424902604648e+00
-5.887232530444716616e+00
-5.912020438067040473e+00
-5.801239631504039984e+00
-5.844259570318865116e+00
-5.802743241369174854e+00
-5.976317646788855242e+00
-5.948362843937456290e+00
-5.846751015577729582e+00
-5.714217618257451115e+00
-5.956773926667963792e+00
-6.143011998709053678e+00
-6.253164891975074191e+00
-6.007591149210917969e+00
-5.855211811259191990e+00
-5.637357631275958347e+00
-5.568068305059485468e+00
-5.598257240828113268e+00
-5.297651496435831220e+00
-5.422933604008486341e+00
-5.137702610795913394e+00
-5.459826601071650742e+00
-5.776039248992014485e+00
-6.141902440736714652e+00
-6.276479151474886997e+00
-6.382075052852419716e+00
-6.584996166223460179e+00
-6.569750071185989526e+00
-6.043956798132720465e+00
-6.003458996195519148e+00
-5.806684646231847324e+00
-6.027155195766429330e+00
-6.023656411338787819e+00
-6.103573745388981564e+00
-5.936246132762520666e+00
-5.792885179620442138e+00
-5.802199617429677048e+00
-5.819435925933078124e+00
-5.756078817562428895e+00
-5.771244769162428234e+00
-5.537536602778224015e+00
-5.494598310429164023e+00
-5.559688120034778080e+00
-5.751087896509604391e+00
-5.738728815873965772e+00
-6.121273777586136333e+00
-6.065688793748694962e+00
-5.996090246304595972e+00
-6.037039385967072569e+00
-6.036195401047396381e+00
-5.721863491532367618e+00
-5.297030137988175014e+00
-5.131054924824024255e+00
-5.264810618093290984e+00
-5.341819047585041780e+00
-5.320542927932046418e+00
-5.383792640993468659e+00
-5.285270563761378604e+00
-5.045093083454184502e+00
-5.276080811028535322e+00
-5.548027352254201183e+00
-5.564481763127470337e+00
-5.392812416004034048e+00
-5.144372455607702399e+00
-5.153415874688914045e+00
-5.097655219896007672e+00
-5.039353870635439492e+00
-4.757703775587736494e+00
-4.604304407273002830e+00
-4.737993125087466062e+00
-4.900094672311505306e+00
-5.077105191412524476e+00
-4.932197054386175061e+00
-5.139314424997498243e+00
-5.157123785525921988e+00
-5.300481426264828322e+00
-5.228282484156567378e+00
-5.323547684268342906e+00
-5.234398411598151668e+00
-5.123431713987927516e+00
-5.090442397957628984e+00
-5.087871327639337693e+00
-4.855732002353452259e+00
-5.037619972693227588e+00
-5.171104612496553621e+00
-5.243221488620132931e+00
-5.375164719287359283e+00
-5.368344919769549861e+00
-5.407156597189047176e+00
-5.460943390499518379e+00
-5.367831308076698171e+00
-5.237729960242627492e+00
-4.935836013826050639e+00
-4.725303088499542170e+00
-4.748071016025734892e+00
-4.816236867025292412e+00
-4.654220614858449068e+00
-4.541724403908635743e+00
-4.294697804130009899e+00
-4.429311919733564196e+00
-4.523093370476693131e+00
-4.611545855484044054e+00
-4.516842863778801842e+00
-4.421261290027715063e+00
-4.397651870647554695e+00
-4.495533080639735779e+00
-4.516067605228261783e+00
-4.708123968314954055e+00
-4.583846090168661291e+00
-4.531849468503353684e+00
-4.821882534763005879e+00
-4.900892119285194859e+00
-4.781348951830513450e+00
-4.902394616283363149e+00
-5.100998485342739031e+00
-5.097553166499361410e+00
-5.008713410311714576e+00
-4.960972720893184196e+00
-4.841812532107939049e+00
-4.689188332722359576e+00
-4.541718734950546121e+00
-4.328543080631387596e+00
-4.144166692495986126e+00
-4.308257113194324361e+00
-4.413775296831448536e+00
-4.558570999087489639e+00
-4.492743427103194520e+00
-4.354045271074205914e+00
-4.537359723974263126e+00
-4.523007761812619876e+00
-4.424519910390461774e+00
-4.536952176568070705e+00
-4.379289540262535141e+00
-4.207105070765623012e+00
-4.312195513888990916e+00
-4.125851884790963098e+00
-4.011646244025060426e+00
-3.878040539157394662e+00
-3.961740658917847213e+00
-3.982007908766845183e+00
-4.060488779442612106e+00
-4.076433736890074933e+00
-3.865111117782450645e+00
-3.489761303882235932e+00
-3.546582501637949303e+00
-3.723282537813374482e+00
-3.752413208326792038e+00
-4.160922965929221284e+00
-4.228239291597235550e+00
-4.305529825542115496e+00
-3.907563876106465273e+00
-3.893123064223478647e+00
-4.381703654278171101e+00
-4.415463297129745612e+00
-4.149400571372063418e+00
-4.429307700813934545e+00
-4.123273771129589704e+00
-4.077837881778374474e+00
-4.168689426346692706e+00
-3.938881245849480628e+00
-3.745705294896386928e+00
-3.791832477386332112e+00
-3.797664687534855865e+00
-3.768389888703746138e+00
-3.841928938200279919e+00
-3.889927333969013468e+00
-3.822991765475129533e+00
-4.077378941933838874e+00
-3.973792796413633255e+00
-4.162600153693620797e+00
-4.350094806714224660e+00
-4.542890408408697844e+00
-4.496371755926243274e+00
-4.553492952310943309e+00
-4.668748086297018318e+00
-4.651809482355464098e+00
-4.587384203032393692e+00
-4.239924028484312934e+00
-4.189467352861855787e+00
-4.123319672199094121e+00
-4.208741983723383484e+00
-4.330003573771719516e+00
-4.278379775071581292e+00
-4.107876580578417425e+00
-3.962036625175792359e+00
-3.896983619664995402e+00
-3.549422103014510554e+00
-3.381771464420400441e+00
-3.248070475860372675e+00
-3.232847526389294401e+00
-3.235392500471335087e+00
-3.342515753584576199e+00
-3.323428198196898720e+00
-3.488992263092272061e+00
-3.522388431501397132e+00
-3.417217975808767072e+00
-3.123442756603995729e+00
-3.206094972648331876e+00
-3.012190667137850220e+00
-3.229474029181999661e+00
-3.478527850781309105e+00
-3.413513192606273172e+00
-3.184112564009457635e+00
-3.321375268599704000e+00
-3.404101135560883673e+00
-3.317427257777767924e+00
-3.668780901740347211e+00
-3.682252693947593247e+00
-3.866739339990934887e+00
-3.872166295731338970e+00
-3.925351023764259484e+00
-3.939919708545955856e+00
-3.961272460032440712e+00
-3.877443258638412882e+00
-4.213044387019312609e+00
-4.668034443247377041e+00
-4.632426174797759089e+00
-4.335261701574834703e+00
-3.955501703807515312e+00
-3.861438473343323796e+00
-3.993323544640536849e+00
-4.015917711516706845e+00
-3.969434718437315990e+00
-3.954654991886829674e+00
-3.820548798287118686e+00
-3.736035708296071789e+00
-3.765338210190301460e+00
-4.133375153015496295e+00
-4.349081092401522852e+00
-4.377103547685361917e+00
-4.249334628097040323e+00
-4.059253824172700753e+00
-3.844104721763051735e+00
-3.945101184488916335e+00
-4.242639701340766401e+00
-4.107829254169206301e+00
-3.938948262750323615e+00
-3.627978450571780478e+00
-3.624090048227644800e+00
-3.620462365064059274e+00
-3.941623593815188009e+00
-3.864054076700830898e+00
-3.997108067299413037e+00
-3.858757319000839292e+00
-3.886023340915455648e+00
-3.849731319596959356e+00
-3.842083026863699846e+00
-3.937931914749643436e+00
-4.136769301919827946e+00
-4.279134535511034620e+00
-4.323551873383528310e+00
-4.543444013885345356e+00
-4.574921815304490380e+00
-4.362616041738970551e+00
-4.439523527583917328e+00
-4.465964298240417740e+00
-4.575732305372913089e+00
-4.778161473228284883e+00
-4.600625167743704225e+00
-4.289061970114381062e+00
-4.448430536506688071e+00
-4.582446515833265011e+00
-4.531247646004613827e+00
-4.540192161149541938e+00
-4.609895031384848352e+00
-4.501837823742122602e+00
-4.421809839950439525e+00
-4.275953346414874900e+00
-4.378077636549027041e+00
-4.415277179752024495e+00
-4.384255846634853349e+00
-4.682730157538697924e+00
-4.738011682568937566e+00
-4.898858515512138467e+00
-4.741716288680156488e+00
-4.824245593421410128e+00
-5.001329434705364285e+00
-5.219796026638525710e+00
-5.544138927558255325e+00
-5.865773364442451232e+00
-6.095558138006081705e+00
-5.934877513548067363e+00
-6.053228914060515997e+00
-5.895973478828070213e+00
-6.127756389334281906e+00
-6.174218151678614319e+00
-6.281704793286307265e+00
-6.615850598466738397e+00
-6.726268224273892926e+00
-6.898320719223993258e+00
-6.912011360492605228e+00
-7.046550775257170329e+00
-7.042088318328443286e+00
-6.801005106269681022e+00
-6.917906991852989407e+00
-6.837515158199699350e+00
-6.812186123838086971e+00
-6.902403758547943191e+00
-7.283815589312681027e+00
-7.336176549793250956e+00
-7.217003659044625152e+00
-7.527943939875350488e+00
-7.484499010783125073e+00
-7.467587448921689131e+00
-7.563953048412333402e+00
-7.724667133258400931e+00
-7.980729066172851383e+00
-8.185619704024636789e+00
-8.203890573484512672e+00
-8.371762495597517173e+00
-8.332270892030756215e+00
-8.853272593601287710e+00
-9.014541590697048079e+00
-9.183732448308774110e+00
-9.413585765515168902e+00
-9.385393106081396652e+00
-9.364587350149156109e+00
-9.104154310055024624e+00
-9.427595990250473790e+00
-9.517402175145804222e+00
-9.421450282897366080e+00
-9.068475913200781946e+00
-9.067342269486958983e+00
-9.366950344468635947e+00
-9.696070236716568758e+00
-9.772369291060719831e+00
-9.836765326805947396e+00
-9.672161128027559229e+00
-9.652374035011117570e+00
-1.004476749280376069e+01
-1.002855268211300555e+01
-1.018546572608482137e+01
-1.045471477950486694e+01
-1.059639141077437152e+01
-1.100798091396035971e+01
-1.109161615781577304e+01
-1.071556002374270200e+01
-1.089212020154257843e+01
-1.089170293347878804e+01
-1.103775162363096563e+01
-1.112094780472697941e+01
-1.104806738946428624e+01
-1.089986128737437099e+01
-1.082258639118942156e+01
-1.075330039365257662e+01
-1.084592309287217482e+01
-1.075125785914886478e+01
-1.065843011137654273e+01
-1.030665371509772399e+01
-1.014748271341052366e+01
-1.005728485339147227e+01
-1.019049952430123795e+01
-1.034438233096356363e+01
-1.027813520540241399e+01
-1.024427514458393951e+01
-1.019013421287752053e+01
-1.039927212872374440e+01
-1.047249463188802032e+01
-1.052211153010514622e+01
-1.037444682269062213e+01
-1.022934106876158111e+01
-1.018109624351458109e+01
-9.887286034027924941e+00
-9.780434235293414602e+00
-9.878816622368596256e+00
-9.661209931096315984e+00
-9.609547447146658428e+00
-1.001164451377793796e+01
-1.027141328426591116e+01
-1.041321981686854770e+01
-1.013992397302987314e+01
-1.006923926385554680e+01
-1.001075938829359835e+01
-1.021190348773354906e+01
-1.033363458970763027e+01
-1.023766022600629988e+01
-1.005163835092062818e+01
-1.012992702206305573e+01
-1.005937322729638339e+01
-9.998251539870061322e+00
-1.017083296327970032e+01
-1.036768448802662768e+01
-1.033088325561291754e+01
-1.009382307319152794e+01
-9.794459899901234223e+00
-9.763016446893079348e+00
-9.515541803141941202e+00
-9.509857243216806921e+00
-9.355863737364623844e+00
-9.140804976926430570e+00
-9.219180011320206702e+00
-9.117168708286421008e+00
-9.300038465723250880e+00
-9.351490193918969851e+00
-9.502681896772896764e+00
-9.448203488666178984e+00
-9.315782166266652453e+00
-9.373607941542884348e+00
-9.088876792567042173e+00
-8.965165570069611789e+00
-9.103126908670235551e+00
-8.782110791503590974e+00
-9.027811041078109611e+00
-8.935432978357344069e+00
-9.097171591439954241e+00
-9.316731059108114721e+00
-9.192506246718734175e+00
-9.464461888445661941e+00
-9.742846105791906908e+00
-9.563638849498785177e+00
-9.224504376878210010e+00
-9.349193837861204059e+00
-9.211199646141086106e+00
-9.302333855124219397e+00
-9.488324602022121468e+00
-9.444310738379275705e+00
-9.225854467218077559e+00
-9.234748800815985703e+00
-9.174401217941918318e+00
-9.208592550234012464e+00
-9.336262019873746709e+00
-9.474801801542433566e+00
-9.517281513341986354e+00
-9.809899764801432553e+00
-9.961750093107177406e+00
-1.018160905584867670e+01
-1.023823105744922479e+01
-1.020576214286290551e+01
-1.007888024753432532e+01
-1.014082583817981131e+01
-1.022767692354465119e+01
-9.991964967918949725e+00
-9.805434693944471647e+00
-9.758824673657713333e+00
-9.750379986404944077e+00
-9.810428218700970149e+00
-9.984119767999223072e+00
-9.959182687366515907e+00
-1.013803691001525031e+01
-1.016614009189631673e+01
-1.023906550400832849e+01
-1.022543779071387604e+01
-1.003871341231490533e+01
-9.980595535650618189e+00
-1.009163086765324913e+01
-1.044166508522885373e+01
-1.030587301320863070e+01
-1.021187751121694198e+01
-1.025918852151600369e+01
-1.044905791676686668e+01
-1.033491288573387124e+01
-1.016152291209793468e+01
-1.005727852424244162e+01
-1.051719077839535643e+01
-1.032394170410183598e+01
-1.014172573552850665e+01
-1.027350989036614948e+01
-1.033200980906151045e+01
-1.055092152622996871e+01
-1.065531873177045874e+01
-1.059332714556439115e+01
-1.045253071941778877e+01
-1.038718943735035261e+01
-1.032528861459245029e+01
-1.060386476347941098e+01
-1.068913549010331288e+01
-1.088060405359767913e+01
-1.102000351472342921e+01
-1.094694915072919095e+01
-1.107913556591113213e+01
-1.107496216299861658e+01
-1.137567278451387587e+01
-1.169884693993319758e+01
-1.193917437892869771e+01
-1.199006304515992483e+01
-1.183986944643147154e+01
-1.173625558996319107e+01
-1.184610466187217170e+01
-1.165867373655418504e+01
-1.200835310641416953e+01
-1.218488594861737262e+01
-1.194729379277473669e+01
-1.204782179694645983e+01
-1.195003774375770433e+01
-1.197896879610336640e+01
-1.199460208177919540e+01
-1.220093454963146229e+01
-1.224736852716856284e+01
-1.235752854090013564e+01
-1.225587689598115126e+01
-1.223956223394230136e+01
-1.227152278107253203e+01
-1.221567366871338045e+01
-1.206974863645291762e+01
-1.215078168530068048e+01
-1.238844444814281154e+01
-1.227291157474863503e+01
-1.212895347525163281e+01
-1.249118762411909067e+01
-1.258531848839009371e+01
-1.243442764304182724e+01
-1.234179926918465497e+01
-1.227262458944814938e+01
-1.231324530642448778e+01
-1.213848110824806525e+01
-1.208036785507170663e+01
-1.212906746994268481e+01
-1.203070589000760471e+01
-1.185276561041704113e+01
-1.163423040190129676e+01
-1.170842833462361909e+01
-1.173873828207833725e+01
-1.167962693945295882e+01
-1.165054256128356336e+01
-1.158150455396899581e+01
-1.157195091433285050e+01
-1.140313684298486940e+01
-1.153327506138797176e+01
-1.130175391032314636e+01
-1.101654570821225576e+01
-1.092051146627980174e+01
-1.080362687917409481e+01
-1.069384453372367716e+01
-1.056093735299886305e+01
-1.045162183306416459e+01
-1.053649280582685677e+01
-1.062673878963930463e+01
-1.057470061074003453e+01
-1.051740492435323659e+01
-1.053070577972334299e+01
-1.049620709888686854e+01
-1.063308246760388442e+01
-1.074111548748545530e+01
-1.052180295485094597e+01
-1.026528710306326708e+01
-1.015248236063908216e+01
-9.823804821310922364e+00
-9.684821679264338457e+00
-9.792113804525856224e+00
-9.954341080485130888e+00
-1.006977659964358196e+01
-1.010482301876906774e+01
-1.023688946133259847e+01
-1.018239885742582018e+01
-9.949191382829605246e+00
-1.003712184617213232e+01
-9.958258006712613408e+00
-1.001403750261629000e+01
-1.018956472425259641e+01
-1.014106064373773286e+01
-9.977978032643363804e+00
-9.910559339998163964e+00
-1.001828601547010322e+01
-1.023548549950551134e+01
-1.043465001604775111e+01
-1.044810313003332425e+01
-1.042634666916286967e+01
-1.040971642482683812e+01
-1.046588636932471950e+01
-1.059774590982051024e+01
-1.051052102091774998e+01
-1.069767960332131551e+01
-1.059744390089756294e+01
-1.048949811250787079e+01
-1.057953356194807171e+01
-1.077284422254456864e+01
-1.103998642932558027e+01
-1.131494102094925225e+01
-1.110626345224237710e+01
-1.082109184487178055e+01
-1.089638094166647164e+01
-1.095561503989718766e+01
-1.118855587347065494e+01
-1.088489647279649830e+01
-1.084104988373417910e+01
-1.085220940197604378e+01
-1.076667531748408102e+01
-1.093716270684156733e+01
-1.090198047055663721e+01
-1.079173579922575499e+01
-1.069984503158249822e+01
-1.092815723701154518e+01
-1.088029866054134054e+01
-1.073781556935765025e+01
-1.072652902759217852e+01
-1.105911076866782849e+01
-1.122221295471975644e+01
-1.157449334884200809e+01
-1.164227688067825994e+01
-1.157434195576563418e+01
-1.167711597438343851e+01
-1.174861593627338152e+01
-1.186894260407660795e+01
-1.202100157419001114e+01
-1.213767661586286017e+01
-1.245620955962634469e+01
-1.246530749047528275e+01
-1.254095461764248753e+01
-1.224340015576026630e+01
-1.187101211781621402e+01
-1.193343941549411191e+01
-1.191429560729377357e+01
-1.208470869856128971e+01
-1.231750222963951558e+01
-1.221968349688757627e+01
-1.216386688179795073e+01
-1.223508276442828091e+01
-1.231939723161254285e+01
-1.261274718375156567e+01
-1.261922212091172213e+01
-1.241137785657039316e+01
-1.227042061136248208e+01
-1.228370533359505679e+01
-1.187729136401479302e+01
-1.182719684199009436e+01
-1.196019147784760861e+01
-1.233202386408630069e+01
-1.233037234244600988e+01
-1.244834541726840804e+01
-1.270997074335388355e+01
-1.286839429638022914e+01
-1.269357970149540371e+01
-1.234066836403462375e+01
-1.208733429872811804e+01
-1.215159236265778553e+01
-1.213722629481064175e+01
-1.223878216888385140e+01
-1.196143772610691336e+01
-1.204950346383005844e+01
-1.207339431280253095e+01
-1.206967412346520163e+01
-1.248597477085342966e+01
-1.234819284024073482e+01
-1.235934246132160474e+01
-1.208539407909531072e+01
-1.229075754870759951e+01
-1.240173000802951719e+01
-1.245491887145752585e+01
-1.212640322854833741e+01
-1.226052435289994946e+01
-1.238660474867949013e+01
-1.243239698267596616e+01
-1.267442886763721788e+01
-1.290247990107576470e+01
-1.302269078406227543e+01
-1.309699867989695043e+01
-1.294950353598254189e+01
-1.285955707035827089e+01
-1.276382330296098289e+01
-1.280063028395108837e+01
-1.284990441132907790e+01
-1.271838756883935950e+01
-1.257896018652674996e+01
-1.273561508119101404e+01
-1.277375523442321459e+01
-1.283710660863447828e+01
-1.307457364996393245e+01
-1.310214936711392042e+01
-1.309280923895670412e+01
-1.306143341334012220e+01
-1.308367682583230263e+01
-1.293685446730717103e+01
-1.291856155373028159e+01
-1.310876636785089744e+01
-1.292293297682217812e+01
-1.281334447785547326e+01
-1.275059049018608803e+01
-1.250287444447430651e+01
-1.244001217879467092e+01
-1.219843205254829499e+01
-1.223970043308469435e+01
-1.238583213394034743e+01
-1.259402954824591347e+01
-1.251055970699764153e+01
-1.256881512897700048e+01
-1.259498845999522132e+01
-1.265952847577496954e+01
-1.262658162934715733e+01
-1.272931255596549249e+01
-1.265913926183567639e+01
-1.247034914398363092e+01
-1.225374947558042393e+01
-1.204801029525396316e+01
-1.185266916252728819e+01
-1.168821446748300197e+01
-1.141570092177781959e+01
-1.142023698340896765e+01
-1.153862683336078909e+01
-1.143860954790101836e+01
-1.138113620742653431e+01
-1.145762271007788868e+01
-1.141723069164244997e+01
-1.140050656928694295e+01
-1.156107538130192225e+01
-1.157024013885037128e+01
-1.163147624298253824e+01
-1.170791320777258449e+01
-1.190715250312784512e+01
-1.213532872843429011e+01
-1.222385841349752589e+01
-1.251236228841391807e+01
-1.224809228800278582e+01
-1.226980345053564037e+01
-1.213683632595588513e+01
-1.214883933071643440e+01
-1.232801356386285541e+01
-1.212084512211543341e+01
-1.192751027462205293e+01
-1.177362203707970600e+01
-1.179516080362684960e+01
-1.190385791656746051e+01
-1.178523864882746786e+01
-1.149753849180501497e+01
-1.165486675230565083e+01
-1.169502557624357664e+01
-1.156171657813363574e+01
-1.135671213985742867e+01
-1.111883942256380919e+01
-1.095371568002094520e+01
-1.104133522025365544e+01
-1.136470262734333048e+01
-1.137975782350446252e+01
-1.119022209942276191e+01
-1.120218265435829252e+01
-1.108290725010032673e+01
-1.118043691982351540e+01
-1.114031556694603609e+01
-1.112820189877037613e+01
-1.107122236854761965e+01
-1.097564326021614178e+01
-1.116977772901718424e+01
-1.118521907627086165e+01
-1.129516597783583975e+01
-1.104413049942668401e+01
-1.097176597007222298e+01
-1.095191224659776985e+01
-1.107230075487813181e+01
-1.099612835289179635e+01
-1.094340025409388772e+01
-1.092493726110459562e+01
-1.062945900055958326e+01
-1.080233458816108794e+01
-1.103837034105821324e+01
-1.113075934193018313e+01
-1.138815969150296858e+01
-1.150845038809916154e+01
-1.168330744541966659e+01
-1.165207026767293108e+01
-1.180370102695225576e+01
-1.196098290015820709e+01
-1.190730590870006189e+01
-1.183898067919392361e+01
-1.183919247043609602e+01
-1.189967460726962400e+01
-1.192549166965294916e+01
-1.191112763508575867e+01
-1.187360909341934345e+01
-1.134711534648328524e+01
-1.148002440514770939e+01
-1.169185921411990847e+01
-1.201794720714861597e+01
-1.185912011305624425e+01
-1.179545602879641919e+01
-1.187279425780808850e+01
-1.198626254768796784e+01
-1.187602053547577441e+01
-1.197615517156015663e+01
-1.191268137296387053e+01
-1.196347525403943735e+01
-1.190052099584782042e+01
-1.165901321514416189e+01
-1.187673367836960203e+01
-1.206143477460333990e+01
-1.204153749979308330e+01
-1.215806902260037248e+01
-1.210768921967822465e+01
-1.191218527039316655e+01
-1.174925375087232204e+01
-1.165396142589117723e+01
-1.152426405881005600e+01
-1.141413203659796238e+01
-1.139787285476333345e+01
-1.129108019665543239e+01
-1.119985799528962644e+01
-1.107459942996370472e+01
-1.122628874837031709e+01
-1.129664898939654805e+01
-1.115558796928879026e+01
-1.099904985043085937e+01
-1.060555650479253131e+01
-1.062312811316169281e+01
-1.071141892519387540e+01
-1.065819437298863726e+01
-1.081051508223660917e+01
-1.078231985647259528e+01
-1.070636893273878520e+01
-1.066893310498539904e+01
-1.072660247491863394e+01
-1.078168751329887876e+01
-1.079601497992962678e+01
-1.089215465820321072e+01
-1.099527560338643717e+01
-1.084123846369355526e+01
-1.078689222191201225e+01
-1.072771538373532074e+01
-1.049158265345754693e+01
-1.025781786415410224e+01
-1.010765150582296990e+01
-1.010015369215348180e+01
-9.749839543354548610e+00
-9.679759324231547168e+00
-9.623008359800468980e+00
-9.739093914209528080e+00
-9.848646342578438961e+00
-9.837650240715138494e+00
-9.829263493156137343e+00
-9.530938515319844484e+00
-9.623098240310909546e+00
-9.667296887773643377e+00
-9.546378971320942597e+00
-9.369211446376201735e+00
-9.176665095643382841e+00
-9.016027328664106832e+00
-8.882760531857908148e+00
-9.013422061149929831e+00
-8.969913808996928140e+00
-8.859106373994071859e+00
-8.630459111388669058e+00
-8.616299958240205115e+00
-8.660624603734081717e+00
-8.653908908520772769e+00
-8.688584079033326191e+00
-8.601646078152866082e+00
-8.374341284416187747e+00
-8.461367848261602376e+00
-8.611931485466433500e+00
-8.664991893683941626e+00
-8.431094190266467336e+00
-8.444974360985977313e+00
-8.269468672236699902e+00
-8.545354350334877225e+00
-8.474102044143156931e+00
-8.300704438249715267e+00
-8.048791982693844105e+00
-8.073645602585552083e+00
-8.238600894259349161e+00
-8.361048823993920465e+00
-8.753115678375420927e+00
-8.764696748830594686e+00
-8.914767562962895298e+00
-9.099635277555012891e+00
-9.243637135511866276e+00
-9.272606858624564907e+00
-9.314326766009315861e+00
-9.191124901031981764e+00
-9.132119229657497783e+00
-9.298732788590168497e+00
-9.090290941883621301e+00
-8.858492798975015958e+00
-8.887753381476597880e+00
-9.126949643228508435e+00
-9.316319994491935930e+00
-9.401573273211665693e+00
-9.412545153216386851e+00
-9.396067571063744239e+00
-9.391804293948869287e+00
-9.725930007167130853e+00
-1.002410035464881943e+01
-1.010599021578003232e+01
-1.010827194198086865e+01
-1.015635303617595397e+01
-1.005444669580057138e+01
-1.010377333522932197e+01
-1.013193680697081867e+01
-9.999936727783214963e+00
-9.973768208626871967e+00
-1.023051387585361027e+01
-9.920292452949714956e+00
-9.742259983761195841e+00
-9.545978199298263078e+00
-9.764736226621781867e+00
-9.914326034024215417e+00
-9.899186236151589213e+00
-9.922290679790030765e+00
-9.904874316562448655e+00
-9.815870803530422961e+00
-9.647874065294612222e+00
-9.601255675874849516e+00
-9.708883488020880748e+00
-9.672168738687332734e+00
-9.745730103320401128e+00
-9.531298137444647267e+00
-9.391609045073879614e+00
-9.475472261567805532e+00
-9.405025033341509300e+00
-9.316115070352331884e+00
-9.167970120658742061e+00
-8.967238314688474432e+00
-9.115129076726962154e+00
-9.355147049079786115e+00
-9.737161249735853730e+00
-9.541302481233765675e+00
-9.772697399701867127e+00
-9.987391004413751716e+00
-1.014591955525283495e+01
-1.019068437322421694e+01
-1.015943781832545945e+01
-1.019814006845034804e+01
-1.015712734584986698e+01
-1.020917357551187798e+01
-1.022706148753939459e+01
-9.963705909996676269e+00
-9.901990914183363302e+00
-1.012789340412783190e+01
-1.051550384908154356e+01
-1.079730361020652829e+01
-1.065566561339257667e+01
-1.067706276351957584e+01
-1.068763001787307054e+01
-1.079315178660269403e+01
-1.080785153927155662e+01
-1.086492666178523869e+01
-1.117727153877308410e+01
-1.144619146463813131e+01
-1.135376353694188722e+01
-1.123075565978006018e+01
-1.115614353179227436e+01
-1.097390384453877665e+01
-1.094145345937881508e+01
-1.095469919865870700e+01
-1.071794078917496584e+01
-1.072484279798376861e+01
-1.069564550327818075e+01
-1.068176125822597555e+01
-1.086493331549252872e+01
-1.063849950306605407e+01
-1.064209455910631874e+01
-1.071323067446978605e+01
-1.054961021876362359e+01
-1.078663124548485897e+01
-1.084212248984066918e+01
-1.088356629719185875e+01
-1.115664257342538512e+01
-1.107850785578331276e+01
-1.073062432432511315e+01
-1.065668188206448797e+01
-1.073742796793946219e+01
-1.082882983576242175e+01
-1.083338570288249691e+01
-1.074933509551962452e+01
-1.092170617973978430e+01
-1.103775619174086664e+01
-1.085274321745493253e+01
-1.066122994536956803e+01
-1.038282626157942801e+01
-1.059267313747508332e+01
-1.078196385305764693e+01
-1.068035052430810872e+01
-1.041840150737021276e+01
-1.036578122983092243e+01
-1.032437899524548364e+01
-1.038150057263905524e+01
-1.072675476510979919e+01
-1.111076433315801815e+01
-1.126644975345558208e+01
-1.135223935611967505e+01
-1.124143808999056660e+01
-1.109617955698257674e+01
-1.108339058243913655e+01
-1.095816041460536283e+01
-1.062278642739830836e+01
-1.023579278819036276e+01
-1.005048464919081930e+01
-9.928245683278795752e+00
-9.921533130123403765e+00
-1.011852063264652735e+01
-1.012915982117434766e+01
-1.014063185877289186e+01
-1.030020121428037072e+01
-1.035010888043741595e+01
-1.028410442440291028e+01
-1.036434280665929464e+01
-1.038453750130129194e+01
-1.041229947962512803e+01
-1.058365538050913734e+01
-1.069611325624696541e+01
-1.061931646211604630e+01
-1.063603645009984255e+01
-1.063241672948276140e+01
-1.084412050239453684e+01
-1.102066250246862289e+01
-1.093384089049631314e+01
-1.097627948610466220e+01
-1.090643514095069122e+01
-1.085297414130956106e+01
-1.071271818459886660e+01
-1.060924592358518481e+01
-1.068188281676747842e+01
-1.070690874342259136e+01
-1.075783192381975795e+01
-1.086586863811467296e+01
-1.079588565085414054e+01
-1.085719993237488445e+01
-1.094508486433178263e+01
-1.062600827104844115e+01
-1.063313518919062872e+01
-1.084004021317560174e+01
-1.081237166657249205e+01
-1.093842380993558905e+01
-1.117759571577770750e+01
-1.132828667099839315e+01
-1.107801549867779300e+01
-1.105202778741935177e+01
-1.095008115678252381e+01
-1.072600095542272491e+01
-1.031630834254796092e+01
-1.037733052685165269e+01
-1.018910017166149018e+01
-1.007018422101516997e+01
-1.028909264891360742e+01
-1.045031571988720209e+01
-1.042482833598376679e+01
-1.059183837408894213e+01
-1.033465932961154721e+01
-1.022495600392846171e+01
-1.003290677532580055e+01
-9.896577028961036859e+00
-9.851995071997221132e+00
-9.769112436609260541e+00
-9.890531346283568226e+00
-9.794136628498094410e+00
-9.756115640299164227e+00
-9.784346745043709603e+00
-9.770946338712889201e+00
-9.880105696688991301e+00
-9.973755770969766843e+00
-1.014189233012519509e+01
-1.017922673049918636e+01
-1.011574511073717098e+01
-1.043222979741651102e+01
-1.038014927526368325e+01
-1.056124212301730303e+01
-1.056049388681930878e+01
-1.054942324551117494e+01
-1.034033154701702983e+01
-9.857087779824901475e+00
-9.576107424571851823e+00
-9.868350312779957889e+00
-9.958174226817874342e+00
-9.871145459407339118e+00
-1.001419865444455581e+01
-1.012358988969675977e+01
-1.001625554273171836e+01
-9.876742172823725241e+00
-9.693792127759857991e+00
-9.885830150586176757e+00
-9.867541559472982726e+00
-9.709377978284903676e+00
-9.641585698162360885e+00
-9.602313106899545758e+00
-9.500238409820418894e+00
-9.481594830539172847e+00
-9.820577500088129241e+00
-9.840397641841001075e+00
-9.874858051333955444e+00
-9.782705550860960386e+00
-9.668374813491697140e+00
-9.780445023033033536e+00
-9.646830869011511211e+00
-9.646455112040131397e+00
-9.845437961465124843e+00
-9.768584068495480111e+00
-9.533164673143366130e+00
-9.328446565751740138e+00
-9.444053633562687011e+00
-9.791608040218104492e+00
-1.027792797567281724e+01
-1.025509284989403547e+01
-1.015100056740362788e+01
-1.009716138832704679e+01
-1.009226643388004696e+01
-1.002047596516856665e+01
-1.027533060879786397e+01
-1.070731503979921406e+01
-1.089538852916556522e+01
-1.091553440250263840e+01
-1.087013959281003395e+01
-1.094418202062927747e+01
-1.122084603436376682e+01
-1.106940998139022447e+01
-1.143708180754248183e+01
-1.145214677699708261e+01
-1.147494459852151572e+01
-1.144175762796681894e+01
-1.145285619573612479e+01
-1.128300504812507832e+01
-1.154942354454057174e+01
-1.152099041538723867e+01
-1.118597801393698532e+01
-1.109948139148788648e+01
-1.115024059735630679e+01
-1.104965372181123051e+01
-1.096656941935585650e+01
-1.076271791133537903e+01
-1.090069517741469340e+01
-1.108874229853587856e+01
-1.104431233316787342e+01
-1.105243850373787851e+01
-1.116320115658121814e+01
-1.140330795316540069e+01
-1.120688812208361718e+01
-1.116012009686530604e+01
-1.070519119261559915e+01
-1.028097998462170715e+01
-1.040357702786749172e+01
-1.068667895141544477e+01
-1.032626205838016986e+01
-1.015964906200706075e+01
-1.007407504804850973e+01
-1.019012836727826254e+01
-1.015975120913006435e+01
-1.026770200688914336e+01
-1.031716849956809412e+01
-1.037006867387353282e+01
-1.059906759146159771e+01
-1.075488169026573892e+01
-1.060997992471886597e+01
-1.061865918493304584e+01
-1.065505342252623500e+01
-1.070953539222602124e+01
-1.046256573192554029e+01
-1.046635204042784828e+01
-1.034407893384006805e+01
-1.039345230598231318e+01
-1.041320996201131699e+01
-1.054222674928156067e+01
-1.063758970007276261e+01
-1.071536369942126754e+01
-1.072541329608434779e+01
-1.076567946638586903e+01
-1.079198736580902818e+01
-1.067233125561536689e+01
-1.057944409107028783e+01
-1.034204684376276084e+01
-1.031776479531290391e+01
-1.029136881959313854e+01
-1.045155254343685769e+01
-1.018970400614841765e+01
-1.035112761248985613e+01
-1.052990970022816342e+01
-1.051596045714177308e+01
-1.045562308320291223e+01
-1.067064828513582952e+01
-1.053378940745842662e+01
-1.053396434304132789e+01
-1.038844333110723994e+01
-1.037647647234903303e+01
-1.031758169412834292e+01
-1.031257233128442863e+01
-1.004979023767084634e+01
-1.025123730592207849e+01
-1.040423356760868856e+01
-1.054186439943530296e+01
-1.079957151456192932e+01
-1.082014312984614079e+01
-1.101456302013181698e+01
-1.112716159016819795e+01
-1.119739661103501049e+01
-1.115069470216857006e+01
-1.113905312935924918e+01
-1.093479592016113067e+01
-1.102507458216233971e+01
-1.098851719941082017e+01
-1.084507832651130776e+01
-1.085655693076746964e+01
-1.083462575569263286e+01
-1.089604311449338248e+01
-1.089629159122030622e+01
-1.111131098376570314e+01
-1.095043486498521546e+01
-1.107656754753144668e+01
-1.100701864195851698e+01
-1.089352314927083221e+01
-1.090878608935049243e+01
-1.060133345339443522e+01
-1.064643970874499956e+01
-1.060416544019380147e+01
-1.059271465498504128e+01
-1.086472835887228605e+01
-1.093678216828276817e+01
-1.067729852233644472e+01
-1.054136642935994672e+01
-1.073484574160659477e+01
-1.068142996923529253e+01
-1.067834523878187092e+01
-1.076019252441853702e+01
-1.081482318418772159e+01
-1.080415207546362666e+01
-1.078161804013700475e+01
-1.084685874080941481e+01
-1.109986047090460559e+01
-1.099921235008372911e+01
-1.077795271779569219e+01
-1.091540608372105758e+01
-1.097519106583822079e+01
-1.061116626444320588e+01
-1.064811270382866581e+01
-1.040544216539359823e+01
-1.028861533172418241e+01
-1.063116407552811538e+01
-1.057058424173571609e+01
-1.070057413830500792e+01
-1.089100666784500326e+01
-1.092049823105539552e+01
-1.098786235534474187e+01
-1.093407652678158826e+01
-1.095407794038196236e+01
-1.129079009359690389e+01
-1.151888513239239487e+01
-1.205428012191321585e+01
-1.225352350201369411e+01
-1.213413040030780721e+01
-1.199557325032385791e+01
-1.201903614564809430e+01
-1.207384793481366358e+01
-1.197011608844179165e+01
-1.176166408757309512e+01
-1.193178974856409802e+01
-1.211440150710244090e+01
-1.207660103627388892e+01
-1.174752041506247657e+01
-1.190931594496321466e+01
-1.178450242960506067e+01
-1.172093120515247833e+01
-1.161703720716491972e+01
-1.166399783479666752e+01
-1.156242551593597412e+01
-1.170943802467000516e+01
-1.179535135629199516e+01
-1.164276401201417244e+01
-1.158144235266563982e+01
-1.157274874149684152e+01
-1.175768271023075862e+01
-1.179128760846588619e+01
-1.158425795073737952e+01
-1.147821268703212461e+01
-1.166787057085126733e+01
-1.167311818213127061e+01
-1.187488456383907298e+01
-1.202327304143816633e+01
-1.205251943412731741e+01
-1.204212611437534086e+01
-1.211453606320764820e+01
-1.226532639978062456e+01
-1.221002728365935219e+01
-1.220283191878434437e+01
-1.200774556720888064e+01
-1.209129406173736143e+01
-1.199098703101701879e+01
-1.175549423373975699e+01
-1.178083611680888154e+01
-1.171019777121585648e+01
-1.143451551378261932e+01
-1.133704666570967312e+01
-1.155457703590583307e+01
-1.161207453009640034e+01
-1.145212792024233117e+01
-1.133994481535188115e+01
-1.111043617674488893e+01
-1.093888578608959961e+01
-1.090011985859909771e+01
-1.081446655648835886e+01
-1.081702811384074359e+01
-1.070730064404622084e+01
-1.044121208026177783e+01
-1.055117558836877834e+01
-1.064232658412064758e+01
-1.067178500768774363e+01
-1.078684788950154960e+01
-1.100998466572213452e+01
-1.103546028354312725e+01
-1.126335757260282300e+01
-1.124455029132374762e+01
-1.124003206056003457e+01
-1.115984007688263624e+01
-1.130289461465125811e+01
-1.147417354694234248e+01
-1.161129097772893459e+01
-1.181288280906377075e+01
-1.186699833926028447e+01
-1.183819312033674009e+01
-1.165616982101062860e+01
-1.180667056617822652e+01
-1.205913469019468387e+01
-1.211852593865713779e+01
-1.216696780502424957e+01
-1.230448563576334564e+01
-1.238294733082470422e+01
-1.223802723623198041e+01
-1.212303712043461701e+01
-1.201714864739844302e+01
-1.183214171485720279e+01
-1.162694817841767403e+01
-1.154240429760576347e+01
-1.141694873241794106e+01
-1.154961075030984752e+01
-1.140809895224850123e+01
-1.161572951936901177e+01
-1.156030466901206211e+01
-1.179192415181556086e+01
-1.173239147624786938e+01
-1.176134399454052826e+01
-1.150147829351206319e+01
-1.148126663229445299e+01
-1.160556210459906090e+01
-1.149787223470573139e+01
-1.150088659216070752e+01
-1.150974654599136926e+01
-1.142086701246370062e+01
-1.122565048672126942e+01
-1.118964941632285992e+01
-1.120564711576014716e+01
-1.122725716948412078e+01
-1.101600231487906889e+01
-1.102025403563025385e+01
-1.137905618178734812e+01
-1.142439015521417645e+01
-1.143724858359810348e+01
-1.153314187962566351e+01
-1.151910487291002205e+01
-1.170600790576040851e+01
-1.151532276874342386e+01
-1.172519522762643085e+01
-1.166815415816176227e+01
-1.166548603043675136e+01
-1.160434689762552019e+01
-1.180058736942564579e+01
-1.166240343611387864e+01
-1.157697979475241112e+01
-1.144267449543477966e+01
-1.117155902171356985e+01
-1.108208500001321895e+01
-1.121657062473837385e+01
-1.106882556332791445e+01
-1.132702491119303545e+01
-1.129074550556528322e+01
-1.155392814352715369e+01
-1.181432219067055023e+01
-1.195702524600020666e+01
-1.180817243339502554e+01
-1.189598833004662026e+01
-1.174506921960040273e+01
-1.148198627355936985e+01
-1.154602351302944818e+01
-1.154528159379866104e+01
-1.158718435098469079e+01
-1.169035209908278894e+01
-1.144785463350076427e+01
-1.154018181679832544e+01
-1.145019060964628821e+01
-1.155777042287780709e+01
-1.161532845090180466e+01
-1.141938751074222758e+01
-1.159196345472255629e+01
-1.162404787891407665e+01
-1.172208844593827592e+01
-1.179417267898346466e+01
-1.184682469880535649e+01
-1.215401995717157391e+01
-1.219781085922204333e+01
-1.210297079506607609e+01
-1.236958233264752494e+01
-1.239465979970548837e+01
-1.265083913400471793e+01
-1.307783959186716949e+01
-1.314465123101511601e+01
-1.334135428374056787e+01
-1.348477075255353519e+01
-1.353656108978726813e+01
-1.365817583759201170e+01
-1.359901340700476879e+01
-1.352677983749896029e+01
-1.357186137751743615e+01
-1.321861807364416208e+01
-1.333541547050506537e+01
-1.345156546453603497e+01
-1.344098349887883970e+01
-1.344559267077034548e+01
-1.357183199964952003e+01
-1.358504628896501210e+01
-1.356489980204885448e+01
-1.361836672538178661e+01
-1.391902870855953545e+01
-1.386645466725697240e+01
-1.376685049834702212e+01
-1.368292645153151099e+01
-1.393094476440319340e+01
-1.397536968921105149e+01
-1.397881937642064898e+01
-1.390761170363063570e+01
-1.394895467860830074e+01
-1.427083994108220821e+01
-1.405069438612693666e+01
-1.408375101548466724e+01
-1.429486517331880790e+01
-1.419202894045766250e+01
-1.413759908751488226e+01
-1.392696917344134455e+01
-1.380309980035249851e+01
-1.379544846359047661e+01
-1.395259458604508929e+01
-1.396257891166984422e+01
-1.403995983945433856e+01
-1.387434103052446410e+01
-1.381473452314136274e+01
-1.372429915674894829e+01
-1.357348839468289015e+01
-1.355239910536752213e+01
-1.326404361666126341e+01
-1.335194102161257668e+01
-1.308966669182106557e+01
-1.293857682408969367e+01
-1.301320727737709859e+01
-1.309036020036018400e+01
-1.303113326038996611e+01
-1.290589775243884318e+01
-1.282150823220837843e+01
-1.270722256063427835e+01
-1.259600586654514842e+01
-1.246371782385566540e+01
-1.203442478074634536e+01
-1.188884354109764097e+01
-1.177522294844222550e+01
-1.178196449293858628e+01
-1.189793457986869285e+01
-1.195112398555553312e+01
-1.198065459430592483e+01
-1.217663536631142307e+01
-1.239766434526839944e+01
-1.218616845660585746e+01
-1.235415120013600365e+01
-1.262060028260101063e+01
-1.260164898399699851e+01
-1.237344284825778118e+01
-1.246188887564404268e+01
-1.268616561649169405e+01
-1.292118983566765600e+01
-1.279614319568634784e+01
-1.288149213063450027e+01
-1.326383283506760691e+01
-1.323630472504430600e+01
-1.317725622704193533e+01
-1.339797512579890260e+01
-1.347279575054839817e+01
-1.356300672065403212e+01
-1.368125156387084296e+01
-1.383943982769477898e+01
-1.388006331616799116e+01
-1.402681198677520769e+01
-1.377198020557935365e+01
-1.371924158974940866e+01
-1.398565941857604322e+01
-1.416159209725271850e+01
-1.405607176848808848e+01
-1.423994527318183145e+01
-1.405957748222886394e+01
-1.397118689340350528e+01
-1.411251529281364370e+01
-1.416748544519613162e+01
-1.415616314491514771e+01
-1.411758054274038621e+01
-1.422677547806794429e+01
-1.442121051364111040e+01
-1.470403242162696422e+01
-1.466350838496984821e+01
-1.474848162911458971e+01
-1.474233688907418127e+01
-1.488884432397285451e+01
-1.481351178294127280e+01
-1.477764074030328167e+01
-1.496657225550285375e+01
-1.508682350249685200e+01
-1.515973793067117548e+01
-1.537622067499516909e+01
-1.522138886671191571e+01
-1.501391411511484542e+01
-1.488794179998217970e+01
-1.465344785807623929e+01
-1.478295285135847870e+01
-1.449326736373148705e+01
-1.403057420202569361e+01
-1.399102723219063371e+01
-1.396207473852337344e+01
-1.423211428677113766e+01
-1.413254058108416977e+01
-1.420064427294584419e+01
-1.441493170122904743e+01
-1.445960746522320939e+01
-1.443833925796968032e+01
-1.442864895568933292e+01
-1.426406239244140473e+01
-1.427755208210625959e+01
-1.416208080729108687e+01
-1.406166306004908151e+01
-1.390177031014452069e+01
-1.414088990578959937e+01
-1.434282676983612070e+01
-1.443888769465289990e+01
-1.443108263461091134e+01
-1.454325623159532732e+01
-1.440516568999980684e+01
-1.434063156687256324e+01
-1.407296111328058430e+01
-1.392288888672618086e+01
-1.405878446434862106e+01
-1.412193870294677822e+01
-1.411071059013457507e+01
-1.410143875407216996e+01
-1.403837689144469003e+01
-1.402378515168407702e+01
-1.418443057557426101e+01
-1.427922643944906334e+01
-1.440409525031994242e+01
-1.441141869371707784e+01
-1.455110941324731932e+01
-1.462050053407644334e+01
-1.467905924222372249e+01
-1.470261747255587359e+01
-1.476568810235162132e+01
-1.455256363034606437e+01
-1.473187492238997720e+01
-1.486056808062729395e+01
-1.475622623083279450e+01
-1.480622121621211917e+01
-1.481228395828387434e+01
-1.488430107193229190e+01
-1.490078777638327878e+01
-1.499019115867732488e+01
-1.493797125178125285e+01
-1.478091297513793734e+01
-1.491633517251153052e+01
-1.498676635757422204e+01
-1.497300166407490707e+01
-1.509838768630516626e+01
-1.516701868837279221e+01
-1.507968368753938648e+01
-1.493262172548644706e+01
-1.473589084969290042e+01
-1.479128164287971714e+01
-1.460595195949372993e+01
-1.418786658246266086e+01
-1.409414386799948282e+01
-1.416433066857997680e+01
-1.401411806248704117e+01
-1.405337060597913279e+01
-1.417399871556644797e+01
-1.429984034551494432e+01
-1.422073813625676308e+01
-1.432252044781594336e+01
-1.430796293906023386e+01
-1.406403990985123542e+01
-1.392002268516444374e+01
-1.375371383183257201e+01
-1.390492259270581599e+01
-1.382346273784541602e+01
-1.352886408007400831e+01
-1.355627367638238034e+01
-1.347992969288440612e+01
-1.357327229543288460e+01
-1.361574101948484561e+01
-1.350876102021092962e+01
-1.340314945414712966e+01
-1.334823894207781692e+01
-1.340042486896613916e+01
-1.358904888095517904e+01
-1.355535810745440806e+01
-1.381529425712833969e+01
-1.381144302014745939e+01
-1.383849043993343741e+01
-1.382990230115179742e+01
-1.358871500168731572e+01
-1.345053362772334538e+01
-1.320926271476772840e+01
-1.282409274051794768e+01
-1.290931004295152640e+01
-1.289120109506006528e+01
-1.286123381984880787e+01
-1.294734764221563772e+01
-1.292204805714730220e+01
-1.258159772073931748e+01
-1.225259248445401816e+01
-1.228657145519435723e+01
-1.220618162737860146e+01
-1.227718537623516681e+01
-1.225523679402137311e+01
-1.262271183238760841e+01
-1.248558688094842495e+01
-1.227230806010621933e+01
-1.204627142583078125e+01
-1.217240203699323686e+01
-1.231156907332630013e+01
-1.238693867038224283e+01
-1.265562002577476974e+01
-1.257429631775247358e+01
-1.257313911379044669e+01
-1.256437913587942923e+01
-1.250534173882897626e+01
-1.244247670778356607e+01
-1.259178814745767028e+01
-1.272369383657780162e+01
-1.250905832760475178e+01
-1.257928752453190668e+01
-1.277875567626639963e+01
-1.288915084168288949e+01
-1.265635570090267414e+01
-1.223134587088445180e+01
-1.205163905757013509e+01
-1.199710986544855906e+01
-1.183219891904720278e+01
-1.155227593928281316e+01
-1.133161498666980549e+01
-1.148734730413675464e+01
-1.143779693804573583e+01
-1.168949585907905231e+01
-1.175596281721515268e+01
-1.171863380118676901e+01
-1.184857436340101700e+01
-1.210019240308095334e+01
-1.216328311923623318e+01
-1.204085213756193617e+01
-1.193068840581852363e+01
-1.184441475938881361e+01
-1.178231364563909445e+01
-1.178716596065798505e+01
-1.165931992320716049e+01
-1.178135962854592123e+01
-1.178107070377225618e+01
-1.184872143154801627e+01
-1.189127526634463727e+01
-1.178390408237817866e+01
-1.176415644390170634e+01
-1.155960105987241526e+01
-1.153566096916813599e+01
-1.169743399702730002e+01
-1.171615723562401534e+01
-1.153558750714424974e+01
-1.156015251937826527e+01
-1.142740390967921016e+01
-1.159179706917331742e+01
-1.175685836749247848e+01
-1.176324528215470444e+01
-1.160009757784693285e+01
-1.162489063166650105e+01
-1.153862932061561963e+01
-1.176525906027655566e+01
-1.201004263279833850e+01
-1.217152483611027236e+01
-1.193670098322158069e+01
-1.162897816199371803e+01
-1.153770115701071219e+01
-1.180351821032896709e+01
-1.152777718673280916e+01
-1.170566551279538459e+01
-1.175053040198227627e+01
-1.176420976627236037e+01
-1.159205262651728141e+01
-1.147999836940397245e+01
-1.134126743558051409e+01
-1.135304598789882746e+01
-1.141221206099742425e+01
-1.137066686797712478e+01
-1.123469040499415783e+01
-1.132167464878891572e+01
-1.136102183104720176e+01
-1.156067284560292485e+01
-1.172494725452266451e+01
-1.173920129707733651e+01
-1.177576440435996119e+01
-1.168413316424780390e+01
-1.177924550025280404e+01
-1.192722696400223370e+01
-1.194040839323737480e+01
-1.189759126705622982e+01
-1.189478451570571238e+01
-1.201017056964004404e+01
-1.215919306136167144e+01
-1.203707665571699081e+01
-1.220134413002514506e+01
-1.241412418421775321e+01
-1.238237639588201766e+01
-1.262939750276985151e+01
-1.248274309233728552e+01
-1.227181559006787559e+01
-1.237841449552189488e+01
-1.238747904215570017e+01
-1.263186398331705185e+01
-1.278188010631877169e+01
-1.280741085369333199e+01
-1.279704141174849674e+01
-1.258743076487050594e+01
-1.249360101543107682e+01
-1.263076147755461420e+01
-1.266643396870209592e+01
-1.299936050351500860e+01
-1.304490557564397868e+01
-1.288220297581861473e+01
-1.321245212057702467e+01
-1.320896853771759716e+01
-1.350216536925595179e+01
-1.345118907394478214e+01
-1.325729944717769371e+01
-1.302154304268293039e+01
-1.288213434465478535e+01
-1.301888692311023554e+01
-1.316155305113658969e+01
-1.317295929701160162e+01
-1.335905097532896413e+01
-1.330850647253782881e+01
-1.330634779338376283e+01
-1.319521765036902572e+01
-1.327682800188205903e+01
-1.340169933608441077e+01
-1.351745582396511480e+01
-1.380552152422752243e+01
-1.374884784944659089e+01
-1.385098867812068768e+01
-1.395594198206464220e+01
-1.410227596700717179e+01
-1.412963456531150541e+01
-1.417301200147418427e+01
-1.392347418777059964e+01
-1.380725778868524500e+01
-1.386312218276785480e+01
-1.383533380211026476e+01
-1.412940684104940203e+01
-1.423306347193322807e+01
-1.434856510180655853e+01
-1.429761043104730334e+01
-1.379965464277217535e+01
-1.368686679854973143e+01
-1.358027697147066171e+01
-1.355051497807638405e+01
-1.360385543870170544e+01
-1.376218536855827246e+01
-1.382050175014066440e+01
-1.402181916607737477e+01
-1.422166985573716858e+01
-1.433328712105650204e+01
-1.441641714720193157e+01
-1.448378226436731531e+01
-1.470914390399390292e+01
-1.454669748913981842e+01
-1.411305827727173678e+01
-1.392905119903530142e+01
-1.382221691256276941e+01
-1.373097196245086771e+01
-1.367975071266945264e+01
-1.379848453668286190e+01
-1.362648612982986940e+01
-1.330984664574191534e+01
-1.308983654704297805e+01
-1.304694272499299501e+01
-1.341262704602414502e+01
-1.361354902575281400e+01
-1.366207590407525352e+01
-1.369081277414075437e+01
-1.386394269762013032e+01
-1.397873337782284331e+01
-1.409359214402027938e+01
-1.429337563370934383e+01
-1.422632317398445601e+01
-1.416389596394401096e+01
-1.443187125071645127e+01
-1.456421941457542424e+01
-1.465950167842608032e+01
-1.462339305644466414e+01
-1.452695763289424669e+01
-1.420213521395522349e+01
-1.405064223521570632e+01
-1.419310282862292460e+01
-1.422014606948799198e+01
-1.412818752006459633e+01
-1.436292520001570772e+01
-1.435013560768769736e+01
-1.413229443411881547e+01
-1.416850313422308183e+01
-1.403905220296694445e+01
-1.367007419233101118e+01
-1.383827116377308286e+01
-1.400278399682169805e+01
-1.414129900262466677e+01
-1.392327856756292270e+01
-1.400616587894760556e+01
-1.395966210084471726e+01
-1.394612851358894012e+01
-1.401001272511068407e+01
-1.428589161964561072e+01
-1.426873214104459642e+01
-1.424749321297759153e+01
-1.385554322912056335e+01
-1.408574256152009063e+01
-1.420199724997543278e+01
-1.452631760865906330e+01
-1.471272006976952085e+01
-1.465934410781725106e+01
-1.479555610459173209e+01
-1.469729339865464901e+01
-1.475766818149336679e+01
-1.457895510368911474e+01
-1.442657109943075255e+01
-1.450731072901217544e+01
-1.431872328463113853e+01
-1.416915713644608488e+01
-1.425352273566767280e+01
-1.406778083338924290e+01
-1.425934217331649734e+01
-1.422411731234492116e+01
-1.429835025940246851e+01
-1.450693636304767686e+01
-1.445977241964254389e+01
-1.448350238470086637e+01
-1.467633238073072199e+01
-1.464183382247196263e+01
-1.487090360397610311e+01
-1.515451136464884740e+01
-1.526906715158128236e+01
-1.530829483640379429e+01
-1.514469216038069455e+01
-1.514484251963957284e+01
-1.521662815146048509e+01
-1.507875820139611633e+01
-1.490843527197755414e+01
-1.490812836269312491e+01
-1.464407841836571578e+01
-1.480616185467649437e+01
-1.485891656782198567e+01
-1.504044082681397398e+01
-1.470779768050983982e+01
-1.468139696615800993e+01
-1.471166533563907386e+01
-1.482232567465295681e+01
-1.458897120319417695e+01
-1.459435937435348585e+01
-1.445716669335547877e+01
-1.461873538275840900e+01
-1.450351929481144708e+01
-1.447141434389650705e+01
-1.436332747127746323e+01
-1.445716295057316891e+01
-1.430204368755798683e+01
-1.392763617484360594e+01
-1.396243862499488131e+01
-1.386990598374791617e+01
-1.343965692558706237e+01
-1.319323463557573639e+01
-1.308126505084277191e+01
-1.287397449013354134e+01
-1.289776587222606175e+01
-1.279344327872545151e+01
-1.276554718189114723e+01
-1.285397447394357506e+01
-1.279583063677137922e+01
-1.282839309636332459e+01
-1.302068724724585991e+01
-1.315501535812768807e+01
-1.312727503223480596e+01
-1.304345134651859794e+01
-1.278059022191887628e+01
-1.274343741338461911e+01
-1.256234058047454027e+01
-1.245861524384850583e+01
-1.234489361292905762e+01
-1.229108730073809141e+01
-1.221568592822347377e+01
-1.242809905365689715e+01
-1.260328126653421776e+01
-1.248224538629392733e+01
-1.222632874510494716e+01
-1.232860790840732257e+01
-1.214396230912896968e+01
-1.208177089267333848e+01
-1.179314190106867244e+01
-1.174244931937989556e+01
-1.158843857941351096e+01
-1.163953194885868925e+01
-1.146271587869866870e+01
-1.137517304255810302e+01
-1.127639124707396512e+01
-1.113317543331718618e+01
-1.128140549982744467e+01
-1.143216032008775862e+01
-1.137752391359341431e+01
-1.127589104745941206e+01
-1.126769249352485858e+01
-1.108137033564368856e+01
-1.129588598303202929e+01
-1.132368892775198432e+01
-1.134647348437848002e+01
-1.124173003653503677e+01
-1.132780809763067076e+01
-1.155002657885182771e+01
-1.144675816249618094e+01
-1.128949738989996909e+01
-1.129450463092287826e+01
-1.158392076695522199e+01
-1.173800032050150222e+01
-1.160003942998818616e+01
-1.142992763322233785e+01
-1.131651953089960827e+01
-1.152710398233517530e+01
-1.127832752300705899e+01
-1.127595905460567316e+01
-1.131318185507480756e+01
-1.096421514416027776e+01
-1.087457456402491474e+01
-1.071450830964461076e+01
-1.089889797480720723e+01
-1.106801179858809370e+01
-1.106070429735360250e+01
-1.114142674343437101e+01
-1.118890638738138676e+01
-1.109034533692514302e+01
-1.093621509222075616e+01
-1.069031029860588689e+01
-1.058851670942570777e+01
-1.045418022820531867e+01
-1.004606805846181850e+01
-9.923855771483106381e+00
-1.010008920368811935e+01
-1.039081124598378558e+01
-1.025576572673254816e+01
-1.039989894521210090e+01
-1.039508233297950035e+01
-1.045306451605948084e+01
-1.038229946615969368e+01
-1.059049850272945470e+01
-1.069800879512335179e+01
-1.095149479888128141e+01
-1.090804779312575690e+01
-1.109629062149926781e+01
-1.089695503585694603e+01
-1.104155349096389926e+01
-1.115307378248603953e+01
-1.115163702762945519e+01
-1.133117481614631572e+01
-1.098716608659749205e+01
-1.068761530336752941e+01
-1.061177912670519419e+01
-1.086063728616615620e+01
-1.110858193994037713e+01
-1.102399948512725025e+01
-1.086254372361165110e+01
-1.045510304365495102e+01
-1.048083230472446559e+01
-1.040022109029189146e+01
-1.036217979226649533e+01
-1.062412141888635553e+01
-1.063398985349608239e+01
-1.079150097113761397e+01
-1.101892322426110837e+01
-1.093784342316524061e+01
-1.111778966632746446e+01
-1.101175826008078928e+01
-1.109688086402749896e+01
-1.123345215862322455e+01
-1.140596738011777589e+01
-1.150417092847670375e+01
-1.163935190296646027e+01
-1.145060664976179154e+01
-1.171340179436592166e+01
-1.180013161625844731e+01
-1.165508193361587352e+01
-1.149131950828885707e+01
-1.129130487881554856e+01
-1.132055661078151587e+01
-1.130367747425519553e+01
-1.120376612072334943e+01
-1.104029592282814143e+01
-1.082266252710988041e+01
-1.088180622566120803e+01
-1.057128969904069038e+01
-1.043262514265449248e+01
-1.042362193695501738e+01
-1.015830562697152217e+01
-1.003082746279247317e+01
-9.986399603510006884e+00
-9.977456320146764313e+00
-9.837426271116848753e+00
-9.783123660609611250e+00
-9.824913786758941114e+00
-9.988647481015826557e+00
-1.004596732323158825e+01
-9.879979136541612306e+00
-9.953845656291244737e+00
-1.013996956543370764e+01
-1.047038396167814511e+01
-1.050272139731952770e+01
-1.055582228692489721e+01
-1.052231095194412802e+01
-1.044829040253979180e+01
-1.036614745881358779e+01
-1.022323105004455002e+01
-1.013786737078820899e+01
-9.963710513581496286e+00
-9.761355950301716433e+00
-9.741462232258790266e+00
-9.936657382912644110e+00
-9.857582349114199616e+00
-9.778257616657446860e+00
-9.670430571231683814e+00
-9.824882428308074012e+00
-9.676614065674080223e+00
-9.625827230441224458e+00
-9.587961907808587370e+00
-9.446129664140915594e+00
-9.503533160741966412e+00
-9.445220692590428513e+00
-9.400816403589594472e+00
-9.557614352170169525e+00
-9.457454086795832993e+00
-9.532049863764278541e+00
-9.418215964427339770e+00
-9.502040088025315967e+00
-9.539278028487803596e+00
-9.546860430955534937e+00
-9.331965867307742357e+00
-9.125782624853153280e+00
-9.173605394477949204e+00
-9.352632984595235399e+00
-9.277741855676538307e+00
-9.370723406036448822e+00
-9.508349944997478431e+00
-9.308576329588882814e+00
-9.515115979035961402e+00
-9.636232431205216997e+00
-9.752371189782618188e+00
-9.547172495138243065e+00
-9.712849597650169642e+00
-9.556538045362701794e+00
-9.566855404297863075e+00
-9.501326982288427203e+00
-9.499541925973646883e+00
-9.478911628384999233e+00
-9.467165751113968852e+00
-9.349662760875089518e+00
-9.074507446323277549e+00
-9.018620235539863472e+00
-9.064520529383360170e+00
-9.245457032283558974e+00
-9.436532482830447321e+00
-9.560160969569588829e+00
-9.560717928094426554e+00
-9.677041952749993570e+00
-9.528996974191910496e+00
-9.467627873439719011e+00
-9.581142062991672148e+00
-9.639121267625558431e+00
-9.925018132372375845e+00
-9.845898992329804145e+00
-1.003501677238232936e+01
-1.014096978147336259e+01
-1.017430449679939564e+01
-1.012352672340131576e+01
-1.005711315567321940e+01
-1.000186290238804077e+01
-9.859844211306883821e+00
-9.881800380039985399e+00
-1.006344052795971500e+01
-1.009534427252889266e+01
-1.009528868562398785e+01
-1.014528036192273319e+01
-1.032380176405527017e+01
-1.046970872382409112e+01
-1.040485591952189814e+01
-1.065511208468720739e+01
-1.061937272142814770e+01
-1.060344503433893948e+01
-1.051699431570501453e+01
-1.047413868884581944e+01
-1.067583092604264827e+01
-1.053084522694994263e+01
-1.023953406192463156e+01
-9.802175191313178715e+00
-9.614096875873663350e+00
-9.521675913748245179e+00
-9.345244159288562003e+00
-9.424846939375955301e+00
-9.330485473473796532e+00
-9.219911115195158047e+00
-9.204865670831516411e+00
-9.200690803533156270e+00
-9.178775603047917286e+00
-9.348617823296713425e+00
-9.245107838622367069e+00
-9.145157111332492761e+00
-9.262117643156402735e+00
-9.292473460186178258e+00
-9.112187886399587100e+00
-8.930067523620094150e+00
-8.941157536153838237e+00
-8.920039256109577153e+00
-9.007352341971282428e+00
-8.975656018416138693e+00
-8.972071158286768267e+00
-8.841624261590174783e+00
-8.672663652983208848e+00
-8.585872457456256157e+00
-8.486562665718270893e+00
-8.494348346244173342e+00
-8.544244951125721244e+00
-8.631563471295761403e+00
-8.836104934015070356e+00
-8.846393064721516097e+00
-8.766990248396385965e+00
-8.598988416311648564e+00
-8.475332650371617760e+00
-8.461964601155784749e+00
-8.387725987981633935e+00
-8.381077225247359763e+00
-8.486646402077376194e+00
-8.365053315885973007e+00
-7.934998833218220859e+00
-7.793917541808615290e+00
-7.943372409755220964e+00
-7.929826094514840662e+00
-8.005761154869718510e+00
-8.047908606989530256e+00
-8.365946055725716590e+00
-8.551013425546731384e+00
-8.794050378288913450e+00
-8.887256637115195090e+00
-8.637842237425669367e+00
-8.591058987841032391e+00
-8.709043682756608007e+00
-8.899709033268376146e+00
-8.989531802751669076e+00
-9.129563579410183038e+00
-8.910693763507538279e+00
-8.864662680905613712e+00
-8.829410540640465044e+00
-8.936405343277769475e+00
-8.785947177892824200e+00
-8.997952009731896794e+00
-8.952604583948332362e+00
-8.904284476684217964e+00
-8.743385368671489744e+00
-8.561220221362495053e+00
-8.941308526601382312e+00
-9.053698907563916265e+00
-9.240872149687382020e+00
-9.458084710399861095e+00
-9.394260899014508226e+00
-9.154143564600982330e+00
-9.004491013980898018e+00
-9.248884037294642368e+00
-9.217600924498743353e+00
-9.115106076933813029e+00
-9.447309734601612163e+00
-9.640045780311286450e+00
-9.675843011495524948e+00
-9.620152884809588301e+00
-1.003782518510146815e+01
-1.003923290441857219e+01
-1.003685117686976724e+01
-1.005731525617478717e+01
-1.008201400260293923e+01
-9.978239412873206149e+00
-9.949978812606921963e+00
-9.904262109729216945e+00
-9.589671088588959336e+00
-9.580320842761333111e+00
-9.652768668373060024e+00
-9.521402307054422920e+00
-9.378483855751699849e+00
-9.241725465326883437e+00
-9.262660044308550056e+00
-9.319600942974382463e+00
-9.464612960044256340e+00
-9.383543240607485458e+00
-9.394544976903951294e+00
-9.422486689064347942e+00
-9.408568036311887539e+00
-9.270304326089538804e+00
-9.402083284588851342e+00
-9.234449992502330673e+00
-9.372553101777480578e+00
-9.568911524852611095e+00
-9.476166000732682448e+00
-9.411873433891587482e+00
-9.719993937076827351e+00
-9.779694105816183480e+00
-9.678270020000702800e+00
-9.707751697988168615e+00
-9.842026786962257745e+00
-1.009535927296935576e+01
-1.013853087135867881e+01
-1.002561793427856074e+01
-1.010584782254515979e+01
-1.018368301334211523e+01
-1.031209005985495430e+01
-1.023108949079755803e+01
-1.017970700113533411e+01
-1.019709203687679278e+01
-1.021182827825788308e+01
-1.010484294298159647e+01
-1.003449370880989733e+01
-1.050626571081953919e+01
-1.076662231674060877e+01
-1.057536521520918882e+01
-1.070607528203321657e+01
-1.065860759954203552e+01
-1.098307899628558992e+01
-1.102208978373362847e+01
-1.111400187146566587e+01
-1.109454796316386016e+01
-1.102414852691232205e+01
-1.090361805657939342e+01
-1.101780578537005617e+01
-1.085668888955958522e+01
-1.104514093174951306e+01
-1.109394376980997876e+01
-1.119314539104797568e+01
-1.137733206807270925e+01
-1.160135250482633396e+01
-1.196941595341140641e+01
-1.195204692402128011e+01
-1.214781498299617191e+01
-1.219984552983183690e+01
-1.197886736759556037e+01
-1.187372492534439239e+01
-1.207518662518841879e+01
-1.223900653914716230e+01
-1.231555041616491408e+01
-1.219929953969050729e+01
-1.201783904419124305e+01
-1.195718336143419158e+01
-1.190001360768407856e+01
-1.180585480533319931e+01
-1.192458989969652094e+01
-1.229396742597582026e+01
-1.253112887284319221e+01
-1.267066033648710999e+01
-1.284135857392584157e+01
-1.284692064902831454e+01
-1.290181419833172782e+01
-1.305703805276049145e+01
-1.305818571497124481e+01
-1.304951828041080120e+01
-1.285447861040182360e+01
-1.279967093788820875e+01
-1.290457746528151795e+01
-1.298569066066114175e+01
-1.300490182837624253e+01
-1.314072309673015404e+01
-1.327003865120376958e+01
-1.362111630712237798e+01
-1.379996292031901817e+01
-1.397965591955776432e+01
-1.379752056316773512e+01
-1.383795650234979036e+01
-1.365306819137243011e+01
-1.312573005027892492e+01
-1.300088278935421826e+01
-1.298120122917368491e+01
-1.316883718008851822e+01
-1.334011980451977486e+01
-1.326571673183141442e+01
-1.339783196314393088e+01
-1.355223160779049429e+01
-1.352541352473834202e+01
-1.364896019642051073e+01
-1.382318553901642844e+01
-1.402362927429830108e+01
-1.422213603485583100e+01
-1.426498869183384599e+01
-1.449897974737168305e+01
-1.450335950561837173e+01
-1.460107225342165194e+01
-1.467761499396325142e+01
-1.486868694826493886e+01
-1.468656815863610987e+01
-1.479353109732012506e+01
-1.473499435763871723e+01
-1.462669553118746180e+01
-1.474159129798625933e+01
-1.482976487631564311e+01
-1.491861907823282785e+01
-1.472363168791124188e+01
-1.461888904706369097e+01
-1.471291276578918428e+01
-1.491585214214174826e+01
-1.493080310963500779e+01
-1.471061720412131280e+01
-1.444415481189514594e+01
-1.424354971021533878e+01
-1.438707224455771083e+01
-1.437168832558937659e+01
-1.430439426517952839e+01
-1.430455648578969097e+01
-1.451549373307086732e+01
-1.455670670515848109e+01
-1.459488153377701813e+01
-1.461268886933755873e+01
-1.461580287685889168e+01
-1.450324620740071424e+01
-1.440301917111543517e+01
-1.436308640426178052e+01
-1.420750846790055100e+01
-1.409561539031167321e+01
-1.403718549216712042e+01
-1.427524626116217377e+01
-1.413167859145973537e+01
-1.397602576538250219e+01
-1.388122691629044603e+01
-1.381886799624574458e+01
-1.382289947891605131e+01
-1.386870656073609531e+01
-1.398594458389573703e+01
-1.423849957751655992e+01
-1.415841174836847038e+01
-1.412718998712028018e+01
-1.413475367267854388e+01
-1.446670821280229546e+01
-1.461284897230050106e+01
-1.457410668179366198e+01
-1.460031462383448542e+01
-1.479403558697863019e+01
-1.463572244583936843e+01
-1.466282715835050432e+01
-1.466565386389217807e+01
-1.470604282751017067e+01
-1.449087497681736281e+01
-1.481346870680468797e+01
-1.507498968267515238e+01
-1.502194391128929496e+01
-1.474780694451383489e+01
-1.493127648289921261e+01
-1.497244403609587238e+01
-1.487556567450103451e+01
-1.458728861786812558e+01
-1.469082736334829953e+01
-1.461811165350273001e+01
-1.434664061018601977e+01
-1.425967559600040069e+01
-1.411948132562139513e+01
-1.390199174450626884e+01
-1.411553285686782822e+01
-1.405538796382805167e+01
-1.416120227789306618e+01
-1.410636616687025935e+01
-1.435616961555239079e+01
-1.447770646892432644e+01
-1.465059405486023358e+01
-1.489565093931848061e+01
-1.488425579116288411e+01
-1.497997898136799577e+01
-1.484811997631842218e+01
-1.465633611416949833e+01
-1.487406544862401248e+01
-1.515144851640201296e+01
-1.544782704501044357e+01
-1.554616728069663267e+01
-1.555091929102755088e+01
-1.576044712920735691e+01
-1.587489978713445105e+01
-1.573438772907170247e+01
-1.568758554192261379e+01
-1.573161225605909053e+01
-1.547066792476453401e+01
-1.567151374246596873e+01
-1.560198218640944567e+01
-1.554234407979139299e+01
-1.547437111241135455e+01
-1.561267420240503512e+01
-1.578867599743737316e+01
-1.576926683552236774e+01
-1.572040931197567382e+01
-1.584285573086967602e+01
-1.578432307661700662e+01
-1.560354293936148196e+01
-1.564639886780497591e+01
-1.567277178310224173e+01
-1.546671891318441538e+01
-1.535417441786582771e+01
-1.543816406794448071e+01
-1.515938454212602693e+01
-1.486935520948153666e+01
-1.527519401719405678e+01
-1.538299812501141695e+01
-1.516662628206059793e+01
-1.484953488970167967e+01
-1.479897607376527269e+01
-1.483371743389418818e+01
-1.478666528426813009e+01
-1.478633535451867509e+01
-1.474190375022515553e+01
-1.469919494441338870e+01
-1.480165369827792787e+01
-1.488649489956597805e+01
-1.483367115959070226e+01
-1.480451923393079028e+01
-1.474757734810786047e+01
-1.467627173914549843e+01
-1.462351518579294307e+01
-1.457311279376108359e+01
-1.474056306586961362e+01
-1.451784189983015949e+01
-1.465238036243467512e+01
-1.466509255110924848e+01
-1.473866177543323630e+01
-1.462241429978081442e+01
-1.470877473032986593e+01
-1.452178956495498596e+01
-1.455350785560468907e+01
-1.454199929316200013e+01
-1.490890477392316349e+01
-1.532858335349298251e+01
-1.531442643093331668e+01
-1.521517930376933236e+01
-1.510212498157572192e+01
-1.524786949490487231e+01
-1.554260776626986029e+01
-1.575302526867476871e+01
-1.552721057865344712e+01
-1.553086739709154607e+01
-1.544758046797878492e+01
-1.548673264969402119e+01
-1.556987296995435166e+01
-1.585882637450747801e+01
-1.602894529735109685e+01
-1.586391953028481083e+01
-1.577956366813491051e+01
-1.565876809633804534e+01
-1.561292882751167355e+01
-1.573258350409305883e+01
-1.575507474591525892e+01
-1.595056914176127627e+01
-1.611658674309090600e+01
-1.610258968964567217e+01
-1.608517305158598276e+01
-1.620055065481372125e+01
-1.622271416183825110e+01
-1.620941528389987241e+01
-1.618743706318365128e+01
-1.610083323782932041e+01
-1.606410581176965735e+01
-1.616955326944639637e+01
-1.611812516197772283e+01
-1.607212499966452057e+01
-1.594858896254581992e+01
-1.581308186019921536e+01
-1.557634481697335893e+01
-1.545126419627339054e+01
-1.523687689727211136e+01
-1.546516263973639660e+01
-1.555859432896440353e+01
-1.561216978745920159e+01
-1.562692213631098426e+01
-1.546495574714650623e+01
-1.556160275347646582e+01
-1.550927245540546906e+01
-1.545765118906499858e+01
-1.524911219008704144e+01
-1.530587270141930034e+01
-1.509354982644845222e+01
-1.499951499234400920e+01
-1.474733965810401060e+01
-1.478967491682894675e+01
-1.481878923700496564e+01
-1.481396611561292609e+01
-1.453672622975309636e+01
-1.447888421768505651e+01
-1.448005895053490910e+01
-1.460926008657712494e+01
