1.181236444666836638e+00
1.854212568256792260e+00
1.851489026223440248e+00
1.659104932149105149e+00
1.701752252342997762e+00
1.657269441172747992e+00
1.614613225894210302e+00
1.458409989049167299e+00
1.307737753660221935e+00
1.058935628986332311e+00
1.119494258713884083e+00
1.185177124078624189e+00
1.119397831492568107e+00
1.251650423868043260e+00
1.015882207827432326e+00
7.325764113904141839e-01
6.964885096487614113e-01
8.924809406062715889e-01
1.105390544475176817e+00
6.756174794406049067e-01
6.341356294956281836e-01
8.841320008593761548e-01
3.213916128625637914e-01
4.438085795435453007e-01
6.174055787144807628e-01
5.871089114414325127e-01
4.812658769959978766e-01
6.339763797680366686e-01
4.852923539262483099e-01
3.893237098466660884e-01
2.029248413441968601e-01
4.116222935578510156e-01
4.481613756098401513e-01
4.376093951824513995e-01
3.611752719578659176e-01
3.921004733787459839e-01
4.694333570613365980e-01
6.114864224001936854e-01
6.353353173981556301e-01
5.390819731717644281e-01
6.408064154238867216e-01
3.349677938092746055e-01
3.464565692679638098e-01
4.790062465397462721e-01
4.695870377532740392e-01
5.639562011478049808e-01
6.841103128451373472e-01
3.072600203117498152e-01
2.168039849126633112e-01
1.470023349796370504e-01
1.792105581519213009e-01
1.294805533318578970e-03
1.643275902192869453e-01
9.437650757747134689e-02
-1.618148457440130583e-01
-5.704626301594153959e-02
-1.194106886830526015e-01
-8.422360208521371960e-02
-2.536457718941333428e-01
-1.681811825748075473e-01
-3.294319550764834847e-01
-4.045685907373500201e-01
-4.726085546284105043e-01
-6.699101832426541669e-01
-6.924977709697966999e-01
-4.125314544334037214e-01
-2.750081549627501620e-01
-4.433896848716523675e-01
-4.640625147489674251e-01
-4.248298011273101693e-01
-4.049993512409068019e-01
-3.305176713271749112e-01
-3.252019720227847799e-01
-2.555209545147486550e-01
-2.862422273159686420e-02
-2.495152901691702896e-01
-3.290749597698154338e-01
-2.516754228613043431e-01
1.387312849971022305e-02
-1.994441052614864263e-01
-1.530960260391357464e-01
-2.450373139380888216e-02
1.330371363209258972e-01
3.263152816044064819e-01
3.897441582692027229e-01
3.398376256688409591e-01
1.712145310071139237e-01
-5.630741872565319522e-02
1.410586695348546860e-01
4.261067890011428598e-03
-2.014589629616422573e-01
-1.773587997356648460e-01
-1.919287908001157394e-01
-2.494088572012315708e-01
-1.085899657951591019e-01
-1.503124728429788559e-01
-1.634642328389327437e-01
-2.418781218364789432e-01
-1.530786741668272721e-01
4.503051692187438199e-02
2.252128753782476137e-02
5.737694980476150397e-02
-5.830750204644939011e-03
-5.020086274695040318e-02
-1.446203764731875396e-01
-1.518600014329527792e-01
-2.322389790890914962e-01
-4.557138999514711575e-01
-2.664955881062062160e-01
-2.598850698789499925e-01
-2.287823300311042363e-01
-1.552137348784859983e-01
-2.140476871473383502e-01
-3.824169118019924984e-01
-4.958369180970231271e-01
-4.388861797361650052e-01
-4.440372442528574548e-01
-4.871425832032628689e-01
-8.488739447274087357e-01
-6.906547555382438475e-01
-6.551245110599744903e-01
-5.720376993652820374e-01
-4.163251516000607833e-01
-3.270291847811239716e-01
-5.485401236949368764e-01
-6.565236022646572245e-01
-7.570855119449483306e-01
-8.500138998222918074e-01
-7.881347777899870843e-01
-7.001309667650816859e-01
-9.375350489993654612e-01
-9.733973125623671674e-01
-1.179374284565206654e+00
-1.120761354356315076e+00
-1.062111388141334212e+00
-1.305673131177141899e+00
-1.335095821957132500e+00
-1.145827683904639072e+00
-1.000237982014628102e+00
-1.002018780962949274e+00
-9.103661604627263371e-01
-1.104148222019931014e+00
-1.131265810245370318e+00
-1.100713113760735107e+00
-7.205351081618339704e-01
-5.159559414402210553e-01
-4.588033007666713625e-01
-5.513415681393740719e-01
-7.312139975808903403e-01
-9.475702523543374500e-01
-8.381078259158208921e-01
-8.724928845859820647e-01
-1.210572157715257724e+00
-1.305655616022426857e+00
-1.364944681570281038e+00
-1.544031564016619784e+00
-1.357593833815085249e+00
-1.330471226206024538e+00
-1.154266717303673140e+00
-1.112331111588581223e+00
-1.219374417834719004e+00
-8.350368056169747977e-01
-6.769272244308925934e-01
-4.543634443418384516e-01
-3.986384636449481489e-01
-4.328175420496263026e-01
-6.317040930807852339e-01
-6.861794861206075291e-01
-7.014399327050599986e-01
-6.203723776092795461e-01
-5.663733269309786378e-01
-5.755041158783958943e-01
-5.768582385264693357e-01
-6.287410864712051906e-01
-6.069867322747476424e-01
-4.195280014732014062e-01
-6.597323222828879175e-01
-8.341244161748571084e-01
-6.555558359217437125e-01
-7.116376864242835998e-01
-5.690117193444839128e-01
-5.251152495877123849e-01
-6.356509746790841575e-01
-7.189124313197373661e-01
-6.340041339090084493e-01
-5.635398428994096154e-01
-6.803748355851095830e-01
-6.468196873545438708e-01
-5.943856230669118945e-01
-5.854379774993133667e-01
-6.627372306945353841e-01
-6.511946702275850374e-01
-5.940638573728858063e-01
-3.665225807743719977e-01
-7.310300053988016966e-01
-6.689760241103369642e-01
-4.092841494942976999e-01
-4.063580881208535001e-01
-6.072037039246634960e-01
-5.832374203596379925e-01
-4.497326232694888737e-01
-7.480793025322704515e-02
-8.204943653985259308e-03
-2.162416160435431112e-01
4.354322704389241849e-01
2.658930345772512333e-02
2.870716139710681111e-02
-1.996417539077265935e-01
1.690883041779946139e-02
-4.292651336777102838e-02
-1.713990240862261205e-01
2.121787787831737673e-02
-9.740247333696296084e-02
-1.939209121350196352e-01
-3.304661327336423371e-01
-2.361057046681697691e-01
2.127966208778035717e-01
2.356792893107731782e-02
-6.339954306822453978e-02
6.770066502605856518e-02
-3.241406837672359403e-02
-1.277476225775112662e-01
-3.575076266832463157e-01
-3.994481543756083219e-01
-1.540919651413951152e-01
-4.598756534203225499e-01
-4.838881836017582261e-01
-3.156539811136251927e-01
-6.236754876135059550e-02
-1.932766909660760535e-01
-1.645818998335755734e-01
-1.626288429938754776e-01
-2.697289478384740646e-01
-4.595993612346422896e-01
-2.516110149142506969e-01
-2.914799886771392012e-01
-5.543574089183080922e-01
-4.517630893401245462e-01
-3.607432170149073025e-01
-4.187300609346132629e-02
1.683441507208803534e-01
1.570300717902967935e-01
1.386716197674686402e-01
2.829099207774101177e-01
3.613696393340228852e-01
4.558511058144291139e-01
3.079608709393284460e-01
1.746967020792787872e-01
4.427513697920651935e-03
-3.078858771593290938e-02
2.147865811489903798e-01
3.769070003313453321e-01
1.480148649567874786e-01
3.865067892865121273e-04
8.864789755583316055e-02
1.957466468855124098e-01
-1.794043791596228177e-01
-1.594845282996086022e-01
-6.495601607602882743e-02
-8.597781066229287505e-02
-2.320528041135562491e-01
-2.412582833269812377e-01
-2.651421034719087522e-01
-1.946285099877911595e-01
-6.639937245942267863e-02
1.561180485838422338e-01
-1.359144425499521913e-01
-1.654969553551585704e-01
-1.207121322263195011e-02
-6.152811249584874687e-02
-1.808658041007555062e-01
-2.715745618868005140e-01
-7.128824424445150132e-02
-2.920718133563378061e-01
1.436971121793050206e-02
6.629247210269727519e-01
3.598868798090725241e-01
4.371710517834054843e-01
3.611262456097237838e-01
2.062801426429197449e-01
-9.737474956179308083e-02
-3.102627576827477474e-01
-2.803813840728721640e-01
-2.648370546990289065e-01
1.323790289222682715e-01
-2.689674553076659702e-01
-3.106511426909723261e-01
-2.294033531990335439e-01
-3.409572457719816096e-01
-2.140477145265945458e-01
-5.847529266627075201e-02
-1.012094304233764341e-01
-1.957049977908192628e-01
-2.174336567382326169e-01
-3.722649645716799016e-01
-7.326124892102855446e-01
-4.816722026904152187e-01
-3.538551945939328869e-01
-3.528697761737473182e-01
-4.709878693358781065e-01
-7.880533700630562022e-01
-8.839464250097373021e-01
-6.702568132493964548e-01
-4.938855672519236184e-01
-5.091188387837777274e-01
-5.340007544038732901e-01
-1.287208979147149157e-01
2.410673289455737001e-01
3.689204719266879762e-01
2.376903746821130148e-01
6.162261798933096196e-02
-4.922335799025800290e-02
-1.836407724893692472e-01
-2.980695354118552132e-01
-2.106637489020600149e-02
-8.536100039488098146e-02
-3.658641639928881806e-01
-2.908918805605337776e-01
-2.716397420436551524e-01
-7.533173241843162948e-01
-5.615699922298976743e-01
-5.431569428595995896e-01
-7.199497152858400639e-01
-5.958780320397403241e-01
-5.290066697852376931e-01
-2.374343061549111789e-01
-2.934597079039269474e-01
-2.281595154363445510e-01
3.347705855890023563e-02
-6.941902819736532615e-02
-2.585675754533808823e-02
-7.893429947561274307e-02
-5.170764596030750226e-01
-5.833058739716681096e-01
-5.041616007221789708e-01
-2.959519928444130366e-01
-5.718728046659089514e-01
-1.496740591688350552e-01
3.251040040561198330e-02
3.151244063776866694e-02
-1.639068820809212179e-01
-3.615011108600099110e-01
-6.319151080811552523e-01
-7.086334960386346804e-01
-3.432063813489074633e-01
-5.680201459417054677e-01
-3.334103438422536536e-01
-3.628522119830003834e-01
-4.802048161305074170e-01
-4.317117719184576097e-01
-8.865066096262491646e-01
-7.316107469639001604e-01
-5.632000517296020803e-01
-6.176236781068469295e-01
-4.675474055116524141e-01
-2.750175663850160657e-01
-2.480256252179641741e-01
-7.533379057423865710e-01
-1.000464464602659920e+00
-7.470479070567856983e-01
-5.219706551977015829e-01
-8.114105494832409837e-01
-5.492284073538602485e-01
-5.589420283080480667e-01
-3.653003548057973116e-01
-1.692411824219542116e-01
8.939140417935471927e-02
3.490912697115419738e-02
-7.216221895288794930e-02
-3.139777130154553508e-01
-5.075858986491359470e-01
-4.133513529479512227e-01
-4.342754931063236845e-01
-4.716597613990063942e-01
-5.617071307275567360e-01
-5.818723418413878079e-01
-5.121132042528659944e-01
-3.207515825596828352e-01
-4.422983069266164247e-01
-8.120753965402696117e-01
-6.637389821907274667e-01
-5.796510687480884716e-01
-3.946744729450974987e-01
-2.314398299911961110e-01
-1.144905654407257778e-01
-8.753027956077451266e-02
-5.964758394234190853e-01
-2.444585502545312539e-01
-1.246750016014961382e-01
-1.349496635416048279e-02
1.772448788721567997e-02
-7.433023468898888875e-02
-3.588411010580409150e-02
-2.409050254367681512e-02
-3.350858831232643720e-01
-1.566699057871567824e-01
-2.173370318640403254e-01
-1.509005939504582394e-01
-1.556348254624405902e-01
-2.768791232726340867e-01
-2.520549806830604256e-01
-5.599156228404642555e-01
-5.726014927576055236e-01
-6.232775960059230291e-01
-8.113908594924068574e-01
-8.394269275275081377e-01
-7.534652457521018309e-01
-7.463866675450965271e-01
-7.505519240922126079e-01
-1.039784504637594864e+00
-8.724572701535256991e-01
-8.213979625045167987e-01
-7.160515290136013622e-01
-9.172811546116833581e-01
-1.015274375721898936e+00
-8.804594218613355228e-01
-8.510696206783292528e-01
-6.446481890873047016e-01
-6.968807961484276836e-01
-4.490485958805757183e-01
1.135634282621220820e-02
5.001835319150314124e-02
-4.636650226442918243e-01
-5.896795511741895757e-01
-5.379996518070958578e-01
-2.507202266407142499e-01
-1.637374050113712953e-01
-1.823754994848732767e-04
1.217754254197937064e-01
5.556511555576410660e-02
-2.022415933726492421e-01
-2.806232648549655817e-01
-6.675006474875869178e-02
6.576019847633335358e-02
-4.139795170006831948e-01
9.387284124580808076e-02
4.129018631856445215e-02
1.839082492202840508e-02
5.051485908248527085e-02
-3.770398376666249107e-01
-1.890640943860915912e-01
2.207639159234862092e-01
2.088825007180308002e-01
-5.666978134383334614e-02
-1.015863255528629966e-01
-1.205859438772093756e-01
-2.371297585598520496e-01
-5.951445179874959024e-01
-4.013699808722852591e-01
-5.450095657927729320e-01
-5.687897967980840574e-01
-6.622578930319166224e-01
-8.908844141771505853e-01
-5.950151926426084925e-01
-4.932573133296382362e-01
-2.324369106988951328e-01
-2.198859982920156331e-01
-5.790056104766989620e-01
-1.046466674951274101e+00
-1.199259406729399791e+00
-9.157150001285491170e-01
-7.922276345900218786e-01
-7.765869409082349906e-01
-6.211613887495256447e-01
-6.156889791983281013e-01
-6.376392185589464523e-01
-7.772564585093461043e-01
-7.227114569528054755e-01
-6.040906240197245758e-01
-2.240623791656514985e-01
-1.909624168808835010e-01
-2.561753234350070893e-02
1.261415415665012585e-01
2.408683851431491219e-01
1.967393545969448043e-01
4.675807406753250128e-01
5.828144368056776825e-01
5.906228227903511652e-01
4.988708377710666109e-01
5.050063119548470203e-01
5.839632643497717490e-01
6.797669051191689293e-01
8.730833541969799105e-01
5.353326236057166509e-01
1.271027620005021064e-01
7.957258884484701145e-02
-1.886725915656791985e-01
-1.530875937964205624e-01
-2.362410228851192784e-01
-3.883228358654430279e-01
-5.773406702486750808e-01
-5.064433205182782283e-01
-5.840384722683548135e-01
-7.315491593947748283e-01
-5.511408454608900387e-01
-7.603560645321046918e-01
-8.937365279188619338e-01
-7.509577525643448270e-01
-6.935068187237328763e-01
-5.654133881596390410e-01
-8.819152554604010597e-01
-4.108524370725022412e-01
-8.711931645898848831e-02
3.687718018167056994e-02
2.056586677348361258e-02
-1.827911071136149868e-02
-1.232175180169630124e-01
-5.852570478159222489e-01
-9.602089278255989679e-01
-8.375776221860719017e-01
-4.427788371168880355e-01
1.224881198006692873e-01
3.794725739362612704e-01
4.818432306277248833e-01
5.956448245665338925e-01
8.056330998766703111e-01
6.289420981227115126e-01
5.769129958432205330e-01
5.325915625561054023e-01
4.743397394234121767e-01
2.747571861542129623e-01
2.577636935349941205e-01
3.505653962792827372e-01
-5.481426942480275427e-02
4.814193340555594225e-01
2.007684871086297673e-01
2.770620537864827426e-01
5.995598157895545288e-01
6.379178147129125342e-01
5.785273775246582151e-01
6.581390959766443283e-01
8.671707811892157558e-01
1.010640589455043425e+00
9.287798555710509163e-01
1.008862209967587242e+00
1.106749557750636770e+00
8.781809886668082710e-01
5.652711599952672250e-01
5.842195174475371955e-01
3.736829029028388982e-01
1.424429026314383562e-01
5.906172724616179370e-02
2.297851273601492772e-01
3.207411689586624481e-01
2.590735485555965556e-01
6.667690871775895645e-02
1.286030905454335627e-01
5.177636806669547731e-01
9.234032659515827024e-02
1.967659819120218534e-01
1.367968917927669115e-01
4.585645716551420802e-03
1.763390386360459694e-01
2.841114002521006321e-01
1.606801938791865281e-01
4.857440783003463824e-01
5.869552225193237494e-01
5.156811505711740296e-01
8.409321209425741905e-01
9.347724281717546546e-01
9.639401906075598658e-01
9.198938023776741524e-01
8.574191603177117038e-01
6.996613612533195692e-01
6.950126977574269116e-01
6.699710013626509753e-01
6.344876457718739982e-01
5.895558357685294348e-01
5.716823653224233359e-01
6.870605927763332454e-01
5.287159979189466341e-01
4.750465963188128526e-01
7.462879542994647064e-01
7.980139787513281791e-01
5.547735509632939488e-01
4.450553210740360588e-01
3.469229448481832012e-01
4.137790804462259664e-01
4.973154077734055489e-01
3.761209812989711465e-01
7.315777064949697817e-01
6.797800827294335768e-01
6.624858611407069553e-01
6.056433628056425711e-01
5.463357097968631892e-01
7.404517393465614994e-01
5.337974154448077435e-01
6.381949725412304764e-01
4.338124677024812192e-01
3.418561381883449268e-01
4.143984854229365022e-01
2.236054674867469505e-01
2.019968010115660573e-01
1.342475519310213083e-01
4.253297975195236003e-01
6.637954140942958770e-01
5.335216770323847335e-01
5.729359047304138919e-01
7.083676197186551393e-01
7.825586323470813399e-01
4.313042987755168478e-01
5.220473520052334448e-01
5.109630447688405797e-01
5.030494698285027377e-01
3.092109867671674617e-01
7.602146008478732897e-01
5.394130052219457960e-01
2.949673239179556039e-01
2.409589796454004729e-01
2.218946696105735528e-01
2.581972330945307981e-01
2.412166679749773446e-01
2.510093451295735134e-01
2.153497388523253897e-01
2.364553993763253426e-01
1.336158950131225431e-01
2.475219492819981659e-01
9.465811152568694153e-02
2.806938487432188989e-01
4.873266891831559700e-02
9.055263331855803455e-02
2.501142799486750778e-01
5.044778524568828415e-02
2.154373001420248623e-01
-4.492587183602494982e-02
1.635936200492461579e-01
4.513002124670943693e-02
2.081414987811810446e-01
2.339075030068334463e-03
3.595959610312546295e-01
3.945079999262566250e-01
3.867255656334267488e-01
2.643389990079385576e-01
5.555760141871208813e-01
6.076375094299402146e-01
2.166066696300520678e-01
3.202255613543702473e-01
1.767729355525065882e-01
7.499971856333161047e-02
-3.121978046440085711e-02
4.129012758383641957e-02
-1.304108890471016857e-01
1.014877571857857735e-01
-1.303209706389597648e-02
1.773265868780849741e-01
3.189981347956474811e-01
3.171351454223252375e-01
9.915467958624532563e-02
4.280177135969003843e-01
4.114249890184126790e-01
2.844334455022063390e-01
5.381237928320191655e-01
4.769447063983477952e-01
4.549528312877672009e-01
3.733725831591596656e-01
5.946678567806964466e-01
7.859069408104651933e-01
8.891577344450717346e-01
6.063137853099868080e-01
5.017475676056671885e-01
6.102349478932923565e-01
6.506059845693521471e-01
1.635387564284829925e-02
-2.171805029539432552e-01
8.269890706863273003e-03
1.677216832529539875e-02
-1.906995781093343001e-01
1.698039051643876474e-01
2.605514400339357106e-01
1.378998993988364008e-01
2.327588187925565821e-01
4.596650343175734954e-01
3.305340770137094042e-01
4.168706791362076780e-01
3.698980413198715289e-01
5.033140145972019308e-01
6.787098150617496550e-01
6.049614497138959823e-01
4.571063713771944537e-01
3.815383680055084437e-01
3.285009885947445807e-01
2.290642533864616359e-01
4.557823697767720006e-01
5.000214352641738635e-01
4.780821343082596875e-01
5.443063616656989012e-01
3.721296887637326467e-01
5.229489975400354318e-01
4.192605368128084486e-01
4.329593098338531676e-01
4.665552346563096031e-01
3.697034326887678746e-01
2.499591327076872982e-01
2.791048704064429398e-01
2.495691932306262073e-01
4.223696186945009590e-01
6.887606456217424400e-01
4.260135531285773602e-01
5.501393197074667674e-01
3.920089521735284355e-01
4.262637576318297761e-01
4.823841204628263601e-01
5.358769708704725909e-01
5.633104234408642386e-01
8.452476741317433984e-01
7.324519682794017328e-01
8.727233403522756117e-01
7.244595193250434884e-01
7.573001221838110419e-01
6.445535559929431724e-01
5.549895567351297299e-01
6.018110134051342097e-01
7.703682322023872597e-01
6.267161205866936813e-01
5.054375668529476062e-01
4.364985367573433472e-01
6.203375410490283848e-01
6.608928789122053837e-01
8.851387045689962374e-01
7.435143038242669755e-01
8.119615707066232257e-01
6.456610939404325844e-01
5.830787059538725670e-01
4.148101551198516423e-01
4.279192195601342896e-01
4.807234037931605308e-01
4.164330409790608645e-01
4.915226457868712706e-01
6.320032067531204945e-01
5.794050858367644219e-01
6.759881423837620362e-01
4.964956112971108393e-01
5.204718208606344820e-01
4.877135880180538674e-01
7.284200875365512973e-01
6.778672294574148438e-01
6.035213744253520307e-01
4.403652876466863653e-01
4.261282430710651159e-01
6.804390842729802769e-01
9.471983503194150167e-01
1.037962465505194665e+00
1.039260444682048146e+00
1.187706485281248669e+00
1.102536701374344119e+00
1.237852694708031498e+00
1.225236199356857458e+00
1.204880721496467855e+00
1.271954789530226559e+00
1.271281694017274644e+00
1.443722411868381128e+00
1.533911454649688144e+00
1.412432074845950014e+00
1.588735830515861647e+00
1.441027766783965491e+00
1.714201289743901402e+00
1.892215465722149492e+00
1.551781024909497431e+00
1.472902068831001055e+00
1.107814040693846813e+00
1.055048731841639942e+00
1.296692375382411999e+00
1.448197658153422829e+00
1.651702915474331679e+00
1.546820600164158899e+00
1.673477265265175928e+00
1.614666776487779343e+00
1.857653670376224975e+00
1.861347787265033027e+00
2.025552203065101864e+00
2.164183168643057709e+00
2.044502761844195771e+00
1.969871106877968181e+00
2.010439429445066484e+00
2.218126867224398779e+00
2.589809767342574620e+00
2.460837761560452641e+00
2.562820249336105860e+00
2.579029614935118619e+00
2.625734873925700263e+00
2.763277510286143546e+00
2.787733308421286971e+00
2.900459843256743664e+00
2.975243795678059744e+00
2.778998899940924083e+00
2.729807139244724734e+00
3.023550395854436967e+00
3.017901241621913755e+00
2.840675231993433858e+00
2.663445212330019629e+00
2.705123683104732280e+00
2.628230243917816455e+00
2.580962432802061279e+00
2.732682466529070986e+00
2.599382439460692584e+00
2.744333378302263426e+00
2.641078270117020566e+00
2.768384204697727835e+00
2.717537714786463443e+00
2.100482748554329593e+00
2.048693683678799005e+00
2.110316354788599913e+00
2.220293048469295094e+00
2.287710690215567944e+00
2.425603995997468232e+00
2.340451082720490739e+00
2.175574169395676716e+00
2.229346328770943408e+00
2.217001912336896474e+00
2.309427757941745263e+00
2.387240931051643145e+00
2.340239227148873002e+00
1.963461503174372069e+00
2.087334044364710817e+00
2.051501890669084727e+00
2.106701976369087514e+00
2.204857405575960438e+00
1.981173960702165893e+00
2.084150311974431347e+00
2.052715936980844535e+00
2.126414424237691225e+00
2.180898795370365129e+00
2.025009036602065216e+00
1.739163358389013370e+00
1.781866973276315491e+00
1.830054928323411323e+00
1.413531190237296009e+00
1.339691467839292160e+00
1.469639698309944897e+00
1.448892181607112750e+00
1.489349878307536956e+00
1.459336672322304018e+00
1.673552922109264873e+00
1.612461770477791267e+00
1.528509140138672562e+00
1.628460258833883900e+00
1.566130239759688569e+00
1.619806836278207429e+00
1.563739386113514929e+00
1.629180167929610512e+00
1.708617035058818789e+00
1.616828132859339906e+00
1.562143681369225767e+00
1.712304716709522001e+00
1.608216897289710401e+00
1.226402731050034278e+00
1.270223561538777357e+00
1.250746508654980271e+00
1.267462259200064389e+00
1.326847636644775674e+00
1.437596533066409110e+00
1.323426360617241393e+00
1.470785610017839362e+00
1.743883309694378880e+00
1.717525354548998129e+00
1.428614229423488702e+00
1.293450964013839410e+00
1.307073918454547012e+00
1.284121942518629433e+00
1.426330881646569404e+00
1.539344561730242145e+00
1.740044030965683719e+00
1.917151704366010012e+00
2.119732705876645085e+00
1.966344138071631997e+00
2.094769437410644475e+00
2.189566917429866866e+00
2.067252467728667664e+00
2.186557532173056817e+00
2.373939461033457654e+00
2.106982091635375198e+00
1.927011715820814874e+00
1.714237946747915853e+00
1.754707505739155682e+00
1.681390854353050246e+00
1.716824336838088216e+00
1.827456452244711649e+00
1.830793624870796332e+00
1.900483286357449231e+00
2.010556604410686177e+00
2.002219891835076204e+00
2.073357725236741445e+00
2.200627364122675900e+00
2.018095178802493006e+00
1.936475546363294997e+00
2.075093179495870910e+00
2.135381629326290387e+00
2.480038392073109943e+00
2.228463985418574378e+00
2.356394309100531714e+00
2.306507135662846597e+00
2.455262078036352325e+00
2.629765061435017870e+00
2.748165639483715950e+00
2.694670680373303373e+00
2.755204760190968383e+00
2.437511004085881616e+00
2.135616923475538442e+00
1.975785623420880599e+00
2.011260224155230869e+00
2.146162970320838248e+00
2.143823851644829137e+00
1.939382631240747834e+00
1.978939607218357377e+00
1.988442926682568723e+00
2.017025924984890306e+00
1.974902290905308444e+00
1.835019128663970323e+00
1.698199143679353540e+00
1.696176795762485368e+00
1.709154790518798261e+00
1.627042542554234750e+00
1.574835010503730537e+00
1.390331243888963897e+00
1.335706094971562674e+00
1.509099905227476057e+00
1.702511652015054944e+00
1.812722702634747218e+00
1.975557633352519105e+00
1.768380375263254090e+00
1.844775668439533556e+00
1.757467106221930031e+00
1.533738362657556253e+00
1.644308102339998801e+00
1.756549234490641265e+00
1.526191061147991412e+00
1.406919569743340315e+00
1.274928800754629554e+00
1.310099072302038703e+00
1.211466444646339680e+00
1.126023883249727353e+00
1.059004072178179712e+00
1.405784297595292109e+00
1.473443355222674667e+00
1.393422698084029632e+00
1.420944670145121158e+00
1.242534393687188210e+00
1.421882208923947566e+00
1.285639422867371762e+00
1.220605334438605416e+00
1.055387463438495210e+00
9.246686630933508289e-01
1.000456972910082287e+00
1.097741139466414717e+00
8.592571088433201831e-01
6.478537782258551037e-01
5.500484452163063587e-01
8.517674196795612662e-01
9.244536006272439099e-01
1.077396290967547410e+00
1.029000585994982009e+00
9.190271825122857674e-01
9.403934322875149299e-01
1.020388277312878289e+00
1.234318558069914307e+00
1.114849652139717762e+00
8.968391737989223067e-01
1.214146772452509238e+00
1.025068745639549528e+00
1.334810982462073081e+00
1.386822278030440447e+00
1.706139222777280473e+00
1.453746184974711086e+00
1.210305047436208925e+00
1.301846637691448594e+00
1.538249978858781342e+00
1.263218886116797224e+00
1.344520310667127072e+00
1.308462544370080138e+00
1.060059686620322905e+00
1.212066611078941314e+00
1.372859783648508136e+00
1.268599075177149871e+00
1.385179942923780105e+00
1.467182272208594762e+00
1.548490403907498258e+00
1.530025491343130151e+00
1.525642037167268761e+00
1.547143062657203361e+00
1.483973693856833309e+00
1.447759850102664503e+00
1.427179186749058415e+00
1.496088623121750283e+00
1.651007350762443204e+00
1.662818129332517714e+00
1.548631277915226923e+00
1.570209155036744075e+00
1.609600531826808067e+00
1.355225851293833550e+00
1.557540068565073321e+00
1.528372007953423095e+00
1.215274744477050195e+00
1.070882603862060911e+00
1.116332647547433332e+00
1.061511949981533753e+00
1.064358681171754917e+00
1.047053987970386402e+00
1.135447970811523932e+00
1.372286113778004912e+00
1.260983566747103213e+00
1.300461154489962023e+00
1.329502038724806434e+00
1.251601486333859370e+00
1.263536442822347228e+00
1.219259726171450176e+00
1.278477359018144188e+00
1.421092080921797063e+00
1.298849038118564003e+00
1.263899545570811522e+00
1.490697758801036832e+00
1.526330346341866706e+00
1.648808513963389233e+00
1.494017471834797384e+00
1.784843051279869863e+00
1.707465883598618728e+00
1.748969527776587096e+00
1.530402299222667351e+00
1.441070808412592941e+00
1.314818576087262603e+00
1.237236420022314709e+00
1.055218208528309942e+00
1.148545840452292577e+00
1.294697686318893481e+00
1.362723785587939052e+00
1.178749683615359478e+00
9.175137506555941513e-01
1.040904455672593265e+00
1.028640849403034574e+00
9.551217729525556255e-01
1.155711417219323467e+00
1.095290149500883325e+00
9.883571987527659530e-01
7.972500031046637625e-01
9.364844412238686466e-01
9.629059805584425646e-01
1.073082819548693889e+00
1.155338269977758348e+00
1.408728511803667205e+00
1.592668834555867496e+00
1.677294492635168943e+00
1.619023301696137063e+00
1.644295095739643608e+00
1.611052583004824346e+00
1.404340512808120112e+00
1.474912880658535208e+00
1.493218517544005808e+00
1.596467318562250437e+00
1.400605595259842406e+00
1.168568178466175889e+00
1.130550725704208226e+00
9.402214078972792599e-01
1.012563821659554275e+00
1.091604659310537517e+00
1.054953190372521554e+00
7.378447204872047305e-01
7.052879277942051273e-01
7.196667171459599777e-01
9.128934209130051824e-01
1.009874092328638895e+00
1.211354467214384778e+00
1.304658770265027412e+00
1.248936627601308746e+00
1.169930979458084330e+00
1.417706889654930080e+00
1.292970630611762317e+00
1.170749697240512477e+00
1.298911904029001363e+00
1.128001549099027612e+00
1.104398276064745055e+00
1.194339102786972084e+00
1.125399486584416131e+00
8.063016575455697055e-01
9.788036816698917342e-01
8.384753381007333806e-01
9.206500272966794407e-01
1.009796978340312457e+00
9.061038789024872253e-01
8.404819874604956276e-01
7.976227429171969252e-01
7.368706544154876026e-01
7.585232467615572460e-01
7.091986940609700252e-01
5.350132392400027692e-01
5.416527624015036180e-01
6.855559857095416820e-01
9.102620163149188759e-01
7.436910327716792501e-01
8.314103322635353344e-01
8.588700934736704928e-01
9.325872724307051609e-01
8.371195760060458069e-01
1.019141428118298220e+00
9.236931888764617904e-01
9.205460847543902592e-01
8.369903870251257372e-01
6.813632402571239144e-01
7.177660116936722678e-01
7.144439291154645044e-01
7.779895648075376702e-01
8.760681904517306773e-01
8.414637391401116329e-01
8.882325284951726463e-01
9.280765576707068476e-01
9.386151249608154501e-01
6.533683551963966885e-01
6.709845584217792869e-01
5.624320457239743165e-01
6.264375473269954142e-01
7.424905715518040905e-01
9.282438242911723592e-01
1.136438897952416482e+00
1.124074717691956549e+00
1.097259251261767599e+00
1.153863099021735783e+00
1.060998923258061222e+00
9.166352268896902356e-01
8.302184327981281253e-01
8.759017899059080570e-01
8.395119259631685926e-01
1.214062281716323355e+00
1.017096319459377618e+00
7.920167360849446059e-01
6.304461041870822458e-01
5.430760135695387181e-01
6.910668828376410611e-01
4.334345934324558836e-01
5.184059321175645829e-01
6.703650643043294055e-01
5.033520848584696061e-01
4.076749824947656919e-01
5.259534421270308790e-01
4.556894668169550466e-01
6.842757438426055883e-01
8.237002547313773126e-01
9.809963249765986104e-01
8.121320094170213499e-01
6.776883355096737782e-01
5.248507648435440931e-01
3.950662475371009563e-01
3.375240545792680957e-01
5.566403542675486538e-01
5.224212235327820864e-01
4.713876714129555667e-01
3.548071252124193053e-01
2.244266733301989447e-01
1.293158955606590332e-01
1.302818112105864345e-01
3.264710487029990893e-01
4.156338621299580094e-01
3.122978698153022203e-01
5.472131106366093789e-01
4.585594555093440716e-01
5.508451428268995587e-01
4.927646579762697265e-01
3.631236699350166020e-01
2.277334068572106351e-01
1.409421748573405908e-01
9.137967960668336165e-02
-4.005904854580161906e-02
-1.336094082855312781e-01
-1.117808299826307389e-01
-3.488702242619833860e-01
-3.816541037902425604e-01
-4.158722379773138189e-01
-3.466233599470971982e-01
-4.911400169049877085e-01
-4.338960918559389146e-01
-3.711458390823497155e-01
-1.675869698751727421e-01
-7.023769646816670209e-02
-5.402080701859519191e-02
-1.769413610956931115e-02
-2.532656218831030315e-01
-6.439192493999381164e-03
2.231430409320400987e-01
1.181581421651156927e-01
1.165444858935557604e-01
8.834337195751040817e-02
-2.876578022855801886e-01
-3.983417434725844974e-01
-5.005005173751446712e-01
-6.160671771721050183e-01
-6.005253868460997957e-01
-4.784318406837135829e-01
-4.005667920152164996e-01
-1.990591968743972151e-01
-3.011668099534270393e-01
-3.185048327264080048e-01
-3.626333631378593214e-01
-2.568016851094535036e-01
-3.640215195273845405e-01
-3.980648685466602887e-01
-4.052763192333805331e-01
-5.435127506264150199e-01
-4.211569346951933301e-01
-3.560587520488434077e-01
-2.942674181750108975e-01
-2.312671215369050126e-01
-5.187191352907198905e-01
-6.587262802000839468e-01
-6.409721601728117779e-01
-4.533519075023097478e-01
-2.237509145084814743e-01
-3.157780578023696161e-01
-3.550060179868663734e-01
-2.584875665346235696e-01
-2.096928520996405032e-01
-3.404602525144642677e-01
-3.746138208746238596e-01
-5.271109935659783474e-01
-6.222992605081054673e-01
-5.342402784329832732e-01
-5.216880294699623999e-01
-7.182575580572591045e-01
-8.133538244246083515e-01
-1.062930751991561173e+00
-8.230192415378596582e-01
-8.470264127274526045e-01
-7.956708817328050909e-01
-7.372269262052749683e-01
-6.196375037760659676e-01
-6.926312869668146410e-01
-8.108293308250337228e-01
-6.491788660401343058e-01
-8.596940675852113856e-01
-1.146532945147268112e+00
-1.147617661229809238e+00
-9.968851548649956262e-01
-8.557843947648747784e-01
-9.797388638217897627e-01
-9.336121352118958994e-01
-9.920392540855801355e-01
-8.892096975194703212e-01
-7.736037471984416047e-01
-6.724848442128100734e-01
-6.762725825732577301e-01
-6.906397164591207005e-01
-6.950123497929199257e-01
-4.919380840121700960e-01
-5.115414830636506593e-01
-5.901310987126173746e-01
-6.293185909253495858e-01
-7.505126799940380344e-01
-6.669378576705899953e-01
-5.674362660591566465e-01
-4.526802873757578283e-01
-3.319715160523631359e-01
-3.826105986488659849e-01
-3.555801984574721297e-01
-4.733154501223970079e-01
-5.767397882666378539e-01
-6.078559143388084784e-01
-6.216792766704686279e-01
-6.097457001912128804e-01
-5.940138747426906285e-01
-6.249603970765267302e-01
-5.892747911334085265e-01
-5.460460574334730088e-01
-5.880376791617550891e-01
-6.745338880557699701e-01
-9.165012574995977657e-01
-8.828179974207410741e-01
-1.024427955124047829e+00
-1.343303103810562948e+00
-1.291488330166223664e+00
-1.275341970139822534e+00
-1.445549059808804104e+00
-1.277276183832825263e+00
-1.436616773182434637e+00
-1.328978598962753388e+00
-1.299641458843914243e+00
-1.264748729874005440e+00
-1.175831282714708825e+00
-8.936604563340870833e-01
-1.079945443468887989e+00
-1.168269941653890198e+00
-1.033815658544110061e+00
-9.598153331245922182e-01
-9.475307980000299279e-01
-7.181797902495404839e-01
-9.158790347098810791e-01
-9.334091782579732044e-01
-8.467609586876758687e-01
-8.236570712034417818e-01
-9.388326663196863153e-01
-9.807657555796427395e-01
-8.826005762786210962e-01
-9.606156660116975665e-01
-1.070146642541526028e+00
-1.255338495289465506e+00
-1.309727328883364406e+00
-1.331071986379224192e+00
-1.286626461107863495e+00
-1.144180433243662920e+00
-1.232396440437972585e+00
-1.348330963191449960e+00
-1.245534051149298715e+00
-1.349378300495833294e+00
-1.089048030088067387e+00
-7.866095038671837569e-01
-6.825685045930313111e-01
-6.629185834854683934e-01
-8.092054386735709759e-01
-8.606239607639571965e-01
-8.356872294029015213e-01
-8.974315392797708180e-01
-9.441536379972329529e-01
-1.085018183451801121e+00
-1.017215033526249091e+00
-9.859675530160257884e-01
-1.074498458059001349e+00
-9.793223317990545906e-01
-6.873902049665758796e-01
-7.068823944112998525e-01
-6.442506973493884459e-01
-6.876732632395868849e-01
-4.717664782211959396e-01
-3.983674171368580819e-01
-3.675445363990565983e-01
-3.510328808297307202e-01
-5.484465444252074606e-01
-4.245686301394704376e-01
-3.134967755213703411e-01
-3.575940615856327276e-01
-4.429225689711041580e-01
-6.255846940394266253e-01
-7.630980758094596528e-01
-8.381450111833044225e-01
-9.456525592254989565e-01
-8.885694994704353977e-01
-6.447677872953812006e-01
-9.644858613906532874e-01
-8.733249812985192095e-01
-8.531864771017824145e-01
-9.431332077842831119e-01
-1.084354253646535815e+00
-9.745639635266284406e-01
-1.110282807404178618e+00
-1.081989156375293915e+00
-9.945462853066272535e-01
-1.056236303653424136e+00
-1.044183943711608498e+00
-1.285693372087571618e+00
-1.071255403164183662e+00
-1.001966597669516457e+00
-1.204278977415464524e+00
-1.197761450644581949e+00
-1.133955255038850751e+00
-1.109807777174814047e+00
-1.121973763284487724e+00
-1.351991766612993917e+00
-1.269675302324416055e+00
-1.118084514271484586e+00
-1.053296455609024962e+00
-1.072643458499514812e+00
-1.206321384972210531e+00
-1.282597343370068366e+00
-1.190747550378809194e+00
-1.142010641822966743e+00
-1.059155962200918566e+00
-1.188210638105082317e+00
-1.161542864837418643e+00
-1.045168272320803560e+00
-8.660213181452525166e-01
-7.646715137128473616e-01
-8.076176657866152020e-01
-9.789956723157006158e-01
-1.008222593319701765e+00
-1.196600514642787383e+00
-1.113512093737575093e+00
-9.164297136689335543e-01
-1.067073528160703999e+00
-1.132648073491949958e+00
-1.228569699782884772e+00
-1.346202024352576521e+00
-1.182377053931355171e+00
-1.043532707410472993e+00
-8.230972067878060683e-01
-8.913230283848192492e-01
-1.181893346904574704e+00
-1.379450415409395392e+00
-1.536574903705677952e+00
-1.476142362625583182e+00
-1.356693822702901508e+00
-1.412025598154632577e+00
-1.438918308202336238e+00
-1.475211432268234812e+00
-1.403350196057968402e+00
-1.362718218804170656e+00
-1.189723258579530096e+00
-1.120632992605060885e+00
-1.145314557762403096e+00
-1.181084635764343638e+00
-1.042557268576699947e+00
-1.104932565323746729e+00
-1.244403379029167978e+00
-1.008365184288077421e+00
-1.116132434321029931e+00
-1.286039285151116651e+00
-1.347663613631358004e+00
-1.320055412785484883e+00
-1.237602533772235613e+00
-1.264688582610594247e+00
-1.231468801044917960e+00
-1.294899665744818407e+00
-1.489378125666497965e+00
-1.514028520056334814e+00
-1.440390367196711097e+00
-1.584810821992600260e+00
-1.478276349346864471e+00
-1.721441833955910550e+00
-1.805035468723130254e+00
-1.752767087185597150e+00
-1.998818280950315662e+00
-1.830651627305839746e+00
-1.719929458619546159e+00
-1.590271248361656120e+00
-1.732101928522934209e+00
-1.756132757363740193e+00
-1.863963339488745818e+00
-1.725749735697301057e+00
-1.602612310177981225e+00
-1.574032381448374762e+00
-1.543144347280372974e+00
-1.652291459481786129e+00
-1.902283550616607366e+00
-1.582275816622746412e+00
-1.487920427280232216e+00
-1.729258263798566286e+00
-1.872138613189153755e+00
-1.899486226755968232e+00
-1.925393930052694769e+00
-1.858979511098405757e+00
-1.917088801279504651e+00
-1.773131833926553158e+00
-1.870490450771943758e+00
-1.988436589157043688e+00
-1.853798473313892581e+00
-2.088509713821626423e+00
-1.979933553641170629e+00
-1.942035649303037737e+00
-1.937830437426687924e+00
-1.838770817977134264e+00
-1.743324894466619757e+00
-1.707313891661469407e+00
-1.782648640707693799e+00
-2.036211487907535034e+00
-2.199192911292589869e+00
-2.090492017091668764e+00
-1.994933835275326750e+00
-1.885688112931181326e+00
-1.739735942054300155e+00
-1.888944670826390393e+00
-1.938704799314467486e+00
-2.069932644442255665e+00
-2.059926420523435109e+00
-2.057061215022686795e+00
-1.860523525983426962e+00
-1.887173883150250475e+00
-1.780087926228018924e+00
-1.808133378146584924e+00
-1.773478999423216740e+00
-1.789450724943499438e+00
-1.611984659091508343e+00
-1.711039720552877119e+00
-1.629191854435290132e+00
-1.682269091480725232e+00
-1.749846182307758236e+00
-1.582279454504692318e+00
-1.863954079781729112e+00
-1.920123477469260820e+00
-1.828580435045754626e+00
-1.757222459534914627e+00
-1.781063073771979477e+00
-1.881808814700410171e+00
-2.097046120385466672e+00
-1.931376797045346372e+00
-2.103288111895563972e+00
-2.188437990111023357e+00
-2.109378208848152081e+00
-2.106617529685048673e+00
-2.136700421166818575e+00
-2.437006345463481161e+00
-2.300887149748392702e+00
-2.039332178279680718e+00
-1.952518664555088490e+00
-1.728628247239536453e+00
-1.683230234566382988e+00
-1.850841690505071746e+00
-1.861993786002813067e+00
-1.965538594791835125e+00
-1.942407436774884255e+00
-1.805398808189544013e+00
-1.801305304977790511e+00
-1.749965245476821529e+00
-1.687908649542270156e+00
-1.649633818993216039e+00
-1.719123498289374163e+00
-1.642602125535320701e+00
-1.451884787456825476e+00
-1.558140596344169237e+00
-1.395339196247554092e+00
-1.302992965724845131e+00
-1.248430197089316795e+00
-1.191842640452835278e+00
-1.207728032635556836e+00
-1.205712477671327054e+00
-1.271084216344959383e+00
-1.270074735548084588e+00
-1.085196393038043716e+00
-9.958585058172714222e-01
-9.485512472920840654e-01
-8.721715141659376336e-01
-1.030306774347937049e+00
-9.227436461650927457e-01
-7.589038279191542280e-01
-1.008901729261135749e+00
-9.880240085702717279e-01
-1.024768216540791421e+00
-1.005000465228688133e+00
-8.096365254705859549e-01
-7.503370929840715853e-01
-4.470917921884164370e-01
-5.013182727534913896e-01
-3.709493061010594728e-01
-3.443065078138072277e-01
-5.234901218628347230e-01
-7.457794355140122677e-01
-7.833100234240881754e-01
-8.112556999274795899e-01
-8.757122696236427917e-01
-7.886791511072362981e-01
-8.045350880688518780e-01
-7.548033632849227015e-01
-8.135723900103032369e-01
-7.964325106002156929e-01
-8.481361234980311359e-01
-7.466612834497738938e-01
-7.955912738769941317e-01
-8.558612698105992900e-01
-9.909547512228262800e-01
-9.619637656926249836e-01
-8.371825875366583070e-01
-9.153013810291074082e-01
-8.757814234856279301e-01
-9.335695194664191954e-01
-1.059670535045323270e+00
-1.112241663760632715e+00
-1.070652653774080365e+00
-1.169850431015573733e+00
-1.160054230624748550e+00
-1.312220651273749761e+00
-1.371155839765588524e+00
-1.362682501884980857e+00
-1.288434723902775136e+00
-1.068146896086046960e+00
-1.080788541834791339e+00
-1.156787001653060809e+00
-1.132055080306495709e+00
-1.179150470560928143e+00
-1.304679479906056372e+00
-1.206765612372092455e+00
-1.302416507860587158e+00
-1.355032888431268123e+00
-1.312457991067455199e+00
-1.434261159782473705e+00
-1.453638149849286965e+00
-1.497843883098398221e+00
-1.429905774378400274e+00
-1.533766828055253661e+00
-1.703136593859759351e+00
-1.731893965327906182e+00
-1.473191230032445453e+00
-1.353292345847081357e+00
-1.276559456400813586e+00
-1.444941434939800651e+00
-1.501112502269609017e+00
-1.500354660416719277e+00
-1.546646051032761759e+00
-1.387280956470098525e+00
-1.548453363852952513e+00
-1.398531287056656414e+00
-1.394435477272591761e+00
-1.245528211962087406e+00
-1.037623503875090281e+00
-1.170073146162592836e+00
-1.317120503295409861e+00
-1.488084708717159144e+00
-1.338851707164982807e+00
-1.312662111398902320e+00
-1.440928595333687667e+00
-1.431632990402667227e+00
-1.507395515487801596e+00
-1.320295480222995588e+00
-1.407775628882478536e+00
-1.273217506381555175e+00
-1.106396015579147463e+00
-9.601940997215776541e-01
-1.114268060981185249e+00
-1.049238145189297811e+00
-1.213569011635406536e+00
-1.177458351778544410e+00
-1.159029319858250195e+00
-1.258902132951005282e+00
-1.165239788831131440e+00
-1.174406588934815865e+00
-1.182272022788010579e+00
-1.015708020286048896e+00
-9.183544721299126135e-01
-8.679644499288401427e-01
-7.007352429715462128e-01
-6.946194840438344453e-01
-6.449805073676494471e-01
-7.384523247892460507e-01
-5.896614328784436365e-01
-4.833374815815094649e-01
-6.042426696252370943e-01
-8.081764627895660080e-01
-7.278269136310682175e-01
-7.010093551592722072e-01
-8.174061915333749040e-01
-9.503271310522277693e-01
-1.026135230701047618e+00
-8.551680113613507883e-01
-1.049516888515573676e+00
-9.471618550033029660e-01
-7.964788999225275168e-01
-8.256462678575114955e-01
-1.085130350250653741e+00
-1.119376609453365923e+00
-1.264880489771931460e+00
-1.168982796158052118e+00
-1.208060994410179223e+00
-1.185932443574267081e+00
-1.150488355276173102e+00
-1.258259243064523192e+00
-1.446744194296791797e+00
-1.343441014288417001e+00
-1.207924988252863097e+00
-1.013305967388190343e+00
-9.873814888822222136e-01
-1.135302188079903685e+00
-1.246661269257040905e+00
-1.259201802274326099e+00
-1.408908488977173024e+00
-1.318633592719810288e+00
-1.469671586056307877e+00
-1.376262607994887199e+00
-1.626941063863465153e+00
-1.617147120897247881e+00
-1.503459606695078943e+00
-1.389263634982703000e+00
-1.303203437617202365e+00
-1.093820328494524485e+00
-1.116289526363753337e+00
-1.304969300856282377e+00
-1.340589828020012364e+00
-1.318867288154717876e+00
-1.475062704082138243e+00
-1.549561418636611565e+00
-1.365082019603719887e+00
-1.272254930653032412e+00
-9.961131626981930554e-01
-1.091738437844916199e+00
-9.471074200069762306e-01
-1.090681300036210999e+00
-1.132301300424418677e+00
-1.174048516996502256e+00
-1.106771577858828959e+00
-1.100579168060662028e+00
-1.119967183186210802e+00
-1.040785064531580595e+00
-1.171186895433120601e+00
-1.200552164048596104e+00
-1.186197140223954838e+00
-1.334888081364597578e+00
-1.127781427165480466e+00
-1.125051284327176937e+00
-1.269654784543637449e+00
-1.389812902995172239e+00
-1.434223100093200420e+00
-1.214695839604859939e+00
-1.128394530907692150e+00
-1.105189171795893044e+00
-9.164335384971727949e-01
-1.108935269147125258e+00
-1.332024940798341550e+00
-1.155640441560760401e+00
-1.230637765544867257e+00
-1.215155747140182152e+00
-1.307708216879268859e+00
-1.354597691930775838e+00
-1.341324574565712746e+00
-1.231475847191375816e+00
-1.019389976144195575e+00
-1.020176485935258004e+00
-1.053853133605617165e+00
-1.099875935455195464e+00
-1.138478265355655772e+00
-1.250607936108069973e+00
-1.082504565068499458e+00
-1.124830561126751283e+00
-1.240541184405867581e+00
-1.068388597552836661e+00
-9.426172882453403012e-01
-9.394937296138543559e-01
-9.384003006112417999e-01
-1.022585765983718531e+00
-9.738791024972311972e-01
-9.370587762204212190e-01
-9.071468149553219007e-01
-1.048698379133486958e+00
-1.226774597981022508e+00
-1.264388971884414570e+00
-1.337352578805944825e+00
-1.387933203204332555e+00
-1.459513822427988439e+00
-1.565556687172124262e+00
-1.586150308569048484e+00
-1.772665553436963526e+00
-1.634059249118893220e+00
-1.659258037658437379e+00
-1.773096532981089934e+00
-1.777757102795306077e+00
-1.481095698237655522e+00
-1.494256452531167678e+00
-1.490753706203042706e+00
-1.400004521769557364e+00
-1.403393106714229566e+00
-1.306176319881896752e+00
-1.283378494107623169e+00
-1.186658634005732349e+00
-1.395197595167174009e+00
-1.459402151237351397e+00
-1.451720572171791179e+00
-1.515892822603646106e+00
-1.558098907510541808e+00
-1.435103151965649859e+00
-1.463692290771863025e+00
-1.556003363820716245e+00
-1.578635053139623823e+00
-1.366337411302066984e+00
-1.213112876249337946e+00
-1.173680940571842690e+00
-1.188488618391361884e+00
-1.113011497453344711e+00
-9.875117834315739751e-01
-1.116391396209049258e+00
-1.102334806445957271e+00
-1.235914568856061324e+00
-1.081171896672983745e+00
-1.183674132045510641e+00
-1.135980786143027776e+00
-1.272556655405047810e+00
-1.098947983971463316e+00
-1.347027417368188207e+00
-1.508941884513403497e+00
-1.520008295177194491e+00
-1.743546036744217931e+00
-1.739543345180944334e+00
-1.689330537297573320e+00
-1.830164279245321213e+00
-1.991136628571958056e+00
-1.910018706044488424e+00
-1.928018780740128779e+00
-1.857266913425454913e+00
-1.711518020578306265e+00
-1.600817894760482307e+00
-1.823729738115806187e+00
-1.745714719794832614e+00
-1.795936605301571065e+00
-1.893028109960316119e+00
-1.929740094553392016e+00
-1.842958225501513558e+00
-2.087079763157862811e+00
-2.235849606124950206e+00
-2.547114224835054230e+00
-2.452187035515714708e+00
-2.492998136552756261e+00
-2.550574839148223472e+00
-2.482563096329133412e+00
-2.285782344924269349e+00
-1.953480125043266069e+00
-1.938243874124943478e+00
-2.012746144134874626e+00
-1.998060314527146497e+00
-2.078043417310174945e+00
-2.228350067561931880e+00
-2.293603067004598373e+00
-2.449485948983659789e+00
-2.319097167472653709e+00
-2.415436825498032292e+00
-2.183566102330067427e+00
-2.133777801965819787e+00
-2.003284584782066169e+00
-1.848394125247060593e+00
-2.016151872505882015e+00
-2.050351998237588180e+00
-2.121873571057513175e+00
-2.198788483877681887e+00
-2.321339357846158524e+00
-2.405889852940057416e+00
-2.455754375267542144e+00
-2.532461554998154174e+00
-2.528440385820967418e+00
-2.437612811207163777e+00
-2.324803471093678464e+00
-2.352741908661236003e+00
-2.207028480130604819e+00
-2.145713961740242759e+00
-2.401025579147447520e+00
-2.432508147398937837e+00
-2.553297180306441927e+00
-2.376514503245625409e+00
-2.146948235252168935e+00
-2.045962968709577723e+00
-2.212528252076857882e+00
-2.104139201552929439e+00
-2.085763335209458447e+00
-1.979315585684535250e+00
-1.988564886393116238e+00
-1.776806381372907584e+00
-1.776186099926445383e+00
-1.760005687959469434e+00
-1.796203160116708109e+00
-1.724651511925594738e+00
-1.780427942979299738e+00
-1.595076683707681742e+00
-1.522305221943354825e+00
-1.728258965015219362e+00
-1.743150260154079811e+00
-1.655892870315954557e+00
-1.743284194196147219e+00
-1.663769983588374801e+00
-1.703221442585901579e+00
-1.794124744729670207e+00
-1.693811098340179955e+00
-1.666118596294672294e+00
-1.573792775828489088e+00
-1.480690696513673021e+00
-1.585974960506452369e+00
-1.715679620304511488e+00
-1.863899461681764347e+00
-1.800184129806692290e+00
-1.850987037402779256e+00
-1.814160786240021084e+00
-1.866987378147295429e+00
-1.714566407537792658e+00
-1.846159092190626128e+00
-1.780094972724692193e+00
-1.804706378315210191e+00
-1.827032779968197351e+00
-1.858480556926044303e+00
-1.867285781363514197e+00
-1.818363149552050251e+00
-1.945015217049248957e+00
-2.078403996336809278e+00
-2.055105804767624722e+00
-1.933990515844835612e+00
-1.861973623932887012e+00
-1.869487524981108040e+00
-1.943873106975124054e+00
-2.121930082603478596e+00
-2.193750922178771656e+00
-2.012279455300240549e+00
-1.894158608282548339e+00
-1.768624772170686477e+00
-1.870776417172701267e+00
-1.920424883194572052e+00
-1.781051830065131902e+00
-1.664684660851236675e+00
-1.656930583063261242e+00
-1.761228645816873772e+00
-1.873651605726059266e+00
-1.874874673842694905e+00
-1.782594101890418337e+00
-1.739460461869780206e+00
-1.680231776458378512e+00
-1.736347215406702116e+00
-1.837037781032540229e+00
-1.766574328728952814e+00
-1.671722874700346972e+00
-1.510544156475551736e+00
-1.538842337847818875e+00
-1.663242116889775968e+00
-1.745928097450667682e+00
-1.514390284920457797e+00
-1.572831037037498048e+00
-1.335304773057373273e+00
-1.265286894280817309e+00
-1.194007729865254053e+00
-1.263851564981314457e+00
-1.036905803222621492e+00
-9.415438153163593338e-01
-1.037993823175370700e+00
-1.408230891221522008e+00
-1.348446032241543246e+00
-1.606376711851265737e+00
-1.530008845479216228e+00
-1.585704267443730053e+00
-1.700777286822092282e+00
-1.677014990875439260e+00
-1.803184554096009418e+00
-2.052094842471088310e+00
-2.050381706140815385e+00
-1.845259526248427706e+00
-1.795223096777117444e+00
-1.783542489771797079e+00
-1.781583576328401364e+00
-1.769397075952408027e+00
-2.084201221057626618e+00
-2.340119090786125788e+00
-2.332400418242000839e+00
-2.032927876529243782e+00
-1.946715246341758077e+00
-1.979876619458332820e+00
-2.192963110747884414e+00
-2.170009383702793837e+00
-2.148007019673376039e+00
-2.106585138021866754e+00
-2.193811333462914792e+00
-2.234691908026280149e+00
-2.260808827208704130e+00
-2.103567478366650256e+00
-1.977618995739078400e+00
-2.154273305714735631e+00
-2.185748804365841291e+00
-2.424917116496341674e+00
-2.732911258552296108e+00
-2.810050097863371121e+00
-2.867314108955070662e+00
-2.886104435750823427e+00
-3.245508242157144174e+00
-3.490130507327912746e+00
-3.416635381950677619e+00
-3.484076047673257293e+00
-3.330893379777785768e+00
-3.208772182615703628e+00
-3.198546294106348054e+00
-3.308080111965228554e+00
-3.290528401298902228e+00
-3.209236519356817308e+00
-3.159795998829491026e+00
-3.018704599811306011e+00
-2.981309911848069927e+00
-2.940288963016673751e+00
-2.993499958345734679e+00
-3.198162283154821761e+00
-3.126468751604997820e+00
-3.164196390025074912e+00
-3.131497726017375971e+00
-3.316461890785715294e+00
-3.363346497832908177e+00
-3.379831326788672818e+00
-3.272456347465476423e+00
-3.143867496941853190e+00
-3.242556500452667301e+00
-3.293798507143030019e+00
-3.093446737081513298e+00
-2.851483237845952257e+00
-2.764522409983263707e+00
-2.614911396003774868e+00
-2.818534413368923630e+00
-2.704676607079914863e+00
-2.970328927075452707e+00
-2.878746698949111060e+00
-2.958987012684494822e+00
-3.105774363630743107e+00
-3.396344777038602825e+00
-3.234387301242927393e+00
-3.246860142622667311e+00
-3.188808716277964361e+00
-2.996613323526315487e+00
-2.821946243525733422e+00
-2.667422111350756797e+00
-2.455966288086999683e+00
-2.540915660671154264e+00
-2.678873247826022652e+00
-2.793452136718332479e+00
-2.830718905980914357e+00
-3.069514515033072488e+00
-3.188959246538705994e+00
-2.786204032728774038e+00
-2.779813681285731697e+00
-2.812378353903687511e+00
-2.658720161923747938e+00
-2.539048967675317847e+00
-2.407005799767008014e+00
-2.588003595152190695e+00
-2.672728023602624070e+00
-2.648340984234698325e+00
-2.480018396993147078e+00
-2.534469667408994820e+00
-2.618810806609483510e+00
-2.534546617693796744e+00
-2.585905894837749575e+00
-2.545791384301407501e+00
-2.564079943697992192e+00
-2.872937916338141218e+00
-2.987797269515029885e+00
-2.833716992347013353e+00
-2.703761876203154557e+00
-2.676284937383622164e+00
-2.683688627971632989e+00
-2.647122136985927909e+00
-2.439206137071929792e+00
-2.342502561712853204e+00
-2.182474601074465781e+00
-2.753499345039806201e+00
-2.737119753584068782e+00
-2.398487705491951782e+00
-2.493525318622572762e+00
-2.373407936540011143e+00
-2.481040020122100564e+00
-2.351565102874908497e+00
-2.526155717810205203e+00
-2.748180230046457950e+00
-2.537677643062169253e+00
-2.379799262948274041e+00
-2.444276617807121355e+00
-2.424191333399833059e+00
-2.706315839451548300e+00
-2.940102983318837460e+00
-2.597147655631258711e+00
-2.517279538156742547e+00
-2.358202368843280716e+00
-2.502901002508601813e+00
-2.875999993387945874e+00
-2.794590633685133607e+00
-2.808355165677286269e+00
-2.854194970433615808e+00
-2.687762894369492006e+00
-2.541682379750015208e+00
-2.481699150155303624e+00
-2.361112050480908220e+00
-2.678993283969445027e+00
-2.743867319541174687e+00
-2.385875343932298165e+00
-2.370523489986898991e+00
-2.761188989467739496e+00
-2.892710962996305923e+00
-2.883865410449444333e+00
-2.874853267548272751e+00
-2.679757288234880352e+00
-2.552398573868308151e+00
-2.645797999738494610e+00
-2.288727740547713552e+00
-2.397919636625414963e+00
-2.409516701680686879e+00
-1.902586328501183477e+00
-2.136700019325511235e+00
-2.179526423722228046e+00
-2.379788586641181425e+00
-2.387715771017890454e+00
-2.211169447212190775e+00
-2.397207779258680116e+00
-2.368629721192869297e+00
-1.959756603253356655e+00
-2.209752102079451053e+00
-2.139997504117626903e+00
-2.476459985537380337e+00
-2.690166737440393696e+00
-2.652081768501896253e+00
-2.699370773284040848e+00
-2.610212353854718170e+00
-1.971198702335028807e+00
-1.829035629418954478e+00
-1.693374365426707273e+00
-1.731500132691665694e+00
-1.564825245995365322e+00
-1.422577364061767602e+00
-1.570501218519734898e+00
-1.496734890092488390e+00
-1.692881500986069598e+00
-1.801901689500286619e+00
-1.986195882199582208e+00
-2.336983332187022366e+00
-2.335419734281932502e+00
-2.268422281775317462e+00
-2.203514709757893097e+00
-2.055603866064822149e+00
-1.899919234700375936e+00
-1.789406508875831303e+00
-1.813733661684298948e+00
-1.896639316247372031e+00
-1.993802732918034337e+00
-2.126475899558438076e+00
-2.125677354111822126e+00
-2.276848973660268172e+00
-2.258880943883761372e+00
-2.344766924036012057e+00
-2.466595640664116296e+00
-2.285168088952365562e+00
-2.253023756430960756e+00
-2.091628427797812773e+00
-2.430551436417475841e+00
-2.599439965190873281e+00
-2.856634676880409618e+00
-3.016390184149335241e+00
-2.707731352215037468e+00
-2.707091639943413952e+00
-2.852655715185707486e+00
-2.922286027262878783e+00
-2.922131505720699796e+00
-3.028796226632175514e+00
-3.004334891468527058e+00
-2.726008526449777758e+00
-2.489875940253471587e+00
-2.367631961183304323e+00
-2.554285839499497612e+00
-2.991896749990026194e+00
-3.026704085097386532e+00
-3.050038081337428153e+00
-3.025102208224093037e+00
-2.933481740784686043e+00
-3.015335921583909951e+00
-3.086691284824608861e+00
-3.485781835256863470e+00
-3.163554627735531977e+00
-2.975262541447696307e+00
-2.798434921920408769e+00
-2.809117889711441052e+00
-2.638449302260417628e+00
-2.720320311229771804e+00
-2.537743438945245789e+00
-2.427851882409281625e+00
-2.590654017062358871e+00
-2.496793434872968120e+00
-2.657649248175458112e+00
-2.737973286522257244e+00
-2.414686097264620024e+00
-2.005499231168645480e+00
-2.069715121655731238e+00
-2.190093835289089519e+00
-1.901890572961238757e+00
-1.904666522494296022e+00
-2.002542450045079914e+00
-2.213364182941385039e+00
-2.408089496275608532e+00
-2.059655873809682181e+00
-2.263304093591746113e+00
-2.178864033871915407e+00
-2.208165109551112337e+00
-2.484374410431177349e+00
-2.391877662369052082e+00
-2.511364513732348591e+00
-2.624574734906016893e+00
-2.032515676516038372e+00
-1.940645997443412485e+00
-2.339718674963012557e+00
-2.027797699083999650e+00
-1.907871532116724778e+00
-1.544006670166071293e+00
-1.420223660341447980e+00
-1.711826647521182077e+00
-1.934968047352856102e+00
-1.811030582299070213e+00
-1.828769695059412337e+00
-1.747381599372374694e+00
-1.854077536090575684e+00
-1.854722743531564522e+00
-1.651264478195012542e+00
-1.937673392803721528e+00
-2.110291993798028010e+00
-2.091814221961964204e+00
-2.105206258444125567e+00
-1.956986325386105285e+00
-1.795104165817239306e+00
-2.161641591613571389e+00
-2.200212650076556198e+00
-2.003334497252185820e+00
-1.900356227663432263e+00
-2.091959426943936329e+00
-1.856811989185628953e+00
-1.717018220963483888e+00
-1.987690576652900498e+00
-2.058376291844803863e+00
-1.913269050813039884e+00
-2.175263517826151016e+00
-2.128519657188762793e+00
-2.303961431021661177e+00
-2.581731238230213776e+00
-2.748629866004963951e+00
-2.700564360972588229e+00
-2.705452396030520568e+00
-3.064489121773367408e+00
-3.222289483296865154e+00
-2.655549595642965777e+00
-2.336098543011787321e+00
-1.772844575157052738e+00
-1.827649913642471535e+00
-1.493637515570042096e+00
-1.604385998978807626e+00
-1.642574991253529682e+00
-1.725356215697805284e+00
-2.338410149126462390e+00
-2.260905412162255157e+00
-2.164304377723450745e+00
-1.857860201339027073e+00
-1.861870613394105645e+00
-1.952428991104556699e+00
-1.900866831564903769e+00
-2.345901760115990609e+00
-2.560209408006728360e+00
-2.455865424075548198e+00
-1.951389313231380207e+00
-1.882829912308021658e+00
-1.749392239124072157e+00
-1.308214386841832111e+00
-1.426154871177087946e+00
-1.799520993878991781e+00
-1.953939784787236400e+00
-1.917489684432940766e+00
-2.335283273669437776e+00
-2.502165586659241825e+00
-2.438350599418511067e+00
-2.191545498980832729e+00
-2.218467113674700730e+00
-2.258994151414164264e+00
-2.193770372201781171e+00
-2.179837614728781681e+00
-2.009410516095518240e+00
-1.771184101160608648e+00
-1.890587315054615525e+00
-1.799342700442231546e+00
-1.835715467535432577e+00
-1.610241974237765383e+00
-1.563188589455486444e+00
-1.828388501443502623e+00
-1.916845845858173636e+00
-1.868869295198759772e+00
-1.723295945730102252e+00
-2.043651782951532603e+00
-2.136315188913783913e+00
-2.317390354263601182e+00
-2.571898805346142680e+00
-2.721294555269051063e+00
-2.894992806477236780e+00
-2.764428570842221156e+00
-2.597064667513317104e+00
-2.865538953122280574e+00
-2.722272800636665213e+00
-3.059692237981685992e+00
-3.404533622478313593e+00
-3.320006362404976930e+00
-3.583295930160410592e+00
-3.484820866646966220e+00
-3.416126171100527742e+00
-3.374450844802494576e+00
-2.991538450997738074e+00
-2.787110494436108699e+00
-2.442948381182135087e+00
-2.069385445741803053e+00
-1.823360839643929809e+00
-1.795900066163749198e+00
-1.863152698491607140e+00
-2.172251326890626277e+00
-2.298984046962056382e+00
-2.522095548590349345e+00
-2.583231247301591260e+00
-2.622045335422419576e+00
-3.034966087961965986e+00
-2.896677489448288512e+00
-2.988446864171468764e+00
-2.614451798387454673e+00
-2.614692975993204715e+00
-2.467858480460559445e+00
-2.291680438416838328e+00
-2.039592647467351583e+00
-2.001722355937927134e+00
-1.667319965612417354e+00
-1.434121709088849839e+00
-1.448179845238442454e+00
-1.491350826415329456e+00
-1.240690025133377894e+00
-1.076034290537626559e+00
-7.716477025478567509e-01
-9.738887115610322942e-01
-1.401431692152876884e+00
-1.460694929847066836e+00
-1.698224992297084457e+00
-1.686241442121783951e+00
-1.781816755383042183e+00
-1.846761084107249484e+00
-1.439304004736828180e+00
-1.467611262709042963e+00
-1.525071755436195664e+00
-1.625680912057090088e+00
-1.632265696758827600e+00
-1.523079208615154778e+00
-1.440099629364000933e+00
-1.192510173301544407e+00
-1.373570464637871247e+00
-1.606133980509406145e+00
-1.660555442030796414e+00
-1.385533067490183567e+00
-1.619802887111440048e+00
-1.748235196500497191e+00
-2.090466050878303950e+00
-2.343279041192012357e+00
-2.176084633673214697e+00
-1.940415016685163474e+00
-1.608536596745727465e+00
-1.492807897907987957e+00
-1.393046053227927850e+00
-1.450305559023701951e+00
-1.569237637507401528e+00
-1.628424317141796696e+00
-1.802829105062657478e+00
-1.819572286729062238e+00
-1.755236961428829678e+00
-1.883932324830139615e+00
-2.083600364525478810e+00
-2.139363003264350471e+00
-1.999871621994200988e+00
-2.213845900708310221e+00
-2.240032501292680500e+00
-2.580307815544565564e+00
-2.465600840377620173e+00
-2.811371678323778767e+00
-2.725976629762927761e+00
-2.685974311379169421e+00
-2.729204914937239934e+00
-2.896490813807604425e+00
-2.908107460887347617e+00
-2.360854179775222050e+00
-2.387921129122182684e+00
-2.322032716348429560e+00
-2.054752742462222947e+00
-2.123827048055306310e+00
-2.188462826736668809e+00
-2.349584220457880956e+00
-1.988788842927399436e+00
-1.598176058891502604e+00
-1.766684037032325572e+00
-1.486007983554333611e+00
-1.324734439459738233e+00
-1.166020428071804949e+00
-1.129265358745553893e+00
-1.069155833626458607e+00
-1.380290050548773184e+00
-1.472481046053208731e+00
-1.660204145726767333e+00
-1.722344125559161609e+00
-1.348660317978233714e+00
-1.175262401794570311e+00
-1.018334264656506560e+00
-1.107984747122525704e+00
-8.897096728906386254e-01
-6.932196576554697787e-01
-8.780406828697187027e-01
-5.541255892417130680e-01
-4.502485223227088440e-01
-3.950721492008097413e-01
-6.789494282357809440e-02
-1.071814314149943104e-01
-3.460249586637585972e-01
-4.345304886008944933e-01
-4.683984596758688501e-01
-6.080088385408678464e-01
-8.804646759432576131e-01
-8.907775324705426989e-01
-1.213739438420385897e+00
-8.321628162088775538e-01
-1.460925831132261266e+00
-1.512510429877583995e+00
-1.234414972594902737e+00
-1.222019803697948381e+00
-1.130556904258749551e+00
-1.044971584446856561e+00
-1.529751569542634249e+00
-1.311432343716266935e+00
-1.493529993660501098e+00
-1.717138435918052153e+00
-2.025727530020454914e+00
-2.078238361989881877e+00
-1.907703103553338053e+00
-1.789531830008262547e+00
-1.951302978617825534e+00
-1.741586006427142896e+00
-1.681523051755793752e+00
-1.504890835971567364e+00
-2.047066890905031578e+00
-2.112083552169292222e+00
-2.258158198249093918e+00
-2.408459298313546881e+00
-2.357492469031984061e+00
-2.258530471610772139e+00
-2.455413467371752478e+00
-2.207995587354464995e+00
-2.283780278334210934e+00
-2.268281635505807969e+00
-2.382339725655286511e+00
-2.218180460042241009e+00
-2.104376785382537474e+00
-1.566894667616804293e+00
-1.400561244553301998e+00
-1.169472139746253525e+00
-1.309186862380307570e+00
-1.458018878439440780e+00
-1.612876711128221840e+00
-1.358676362102059887e+00
-9.817547585891475137e-01
-7.371764464517946980e-01
-8.594780303231996932e-01
-1.109655656643611765e+00
-1.091513743462958708e+00
-1.648374549858036886e+00
-1.593287335169914609e+00
-1.524437205138255758e+00
-1.597508727236030879e+00
-1.876187863765737207e+00
-2.259261198615417854e+00
-2.259045559592722796e+00
-2.071154497033264263e+00
-1.588912961964416226e+00
-1.526691228460381966e+00
-1.119219853813397059e+00
-1.016231827297615853e+00
-1.248922239966713033e+00
-1.209845275049965307e+00
-1.635734604058934227e+00
-1.642789436072686460e+00
-1.449570462848595476e+00
-1.385539232376392649e+00
-1.614572669666585192e+00
-1.933597159606233351e+00
-1.751023418654444885e+00
-1.373039851105663844e+00
-1.402511286812689661e+00
-1.488042930099463312e+00
-1.811406583798445213e+00
-2.105030589238888084e+00
-2.319239366742816610e+00
-2.177843133684616017e+00
-2.546614814264234194e+00
-2.554000011473787080e+00
-2.462523750392884736e+00
-2.763924505241823759e+00
-2.842304194515720361e+00
-2.787364910610507618e+00
-2.977060422276990082e+00
-2.930138672841598790e+00
-2.555502231514521938e+00
-2.691988134455644666e+00
-2.760871717287777471e+00
-2.800160956214329921e+00
-3.128754789497929067e+00
-3.239042448794501095e+00
-3.229196322905007577e+00
-3.037903451662006482e+00
-3.402194738491336690e+00
-3.536667084254569104e+00
-3.124875572725289707e+00
-2.936570077949718360e+00
-2.807832433053642607e+00
-2.867032519014751646e+00
-2.671790242925102365e+00
-2.588607480743599254e+00
-2.276477720909583446e+00
-2.309592902062198583e+00
-2.224907464642222887e+00
-2.154379971758674461e+00
-1.953456142500503923e+00
-2.092534557682722784e+00
-2.271588284918191203e+00
-2.378001951978152562e+00
-2.775442482809951095e+00
-2.918341290795386289e+00
-3.091911081636758762e+00
-2.889749092173291345e+00
-2.903002926821622864e+00
-2.974101123999331353e+00
-2.894578366094913591e+00
-3.021584879330577067e+00
-3.217451514625414788e+00
-3.266603032747017910e+00
-3.036561921339601344e+00
-2.994828780166373328e+00
-3.005736128735561508e+00
-2.870291660005115819e+00
-2.601998651615090807e+00
-3.056834270249884522e+00
-3.203880482720018019e+00
-2.765138520230588259e+00
-2.787542139642174899e+00
-2.913483444370380315e+00
-2.696878614739448121e+00
-2.769065800351450779e+00
-2.700540313199637055e+00
-2.696932880021055912e+00
-2.663980247926392320e+00
-2.852865450707071204e+00
-2.829449591471954850e+00
-2.884423991202510251e+00
-2.918946804830688357e+00
-3.270876605546905402e+00
-3.378543528884618397e+00
-3.136657622922768507e+00
-3.147519035957733635e+00
-2.815443090501986934e+00
-2.336127652849502301e+00
-2.004417238056719341e+00
-1.779486145642692030e+00
-2.142981903604002092e+00
-2.463261441700311138e+00
-2.597830745972084188e+00
-2.550326426711948979e+00
-2.619712525629049438e+00
-2.366709025402316868e+00
-2.656937737455161042e+00
-2.457171796934043417e+00
-2.180758830447931285e+00
-1.911412252469580020e+00
-2.016293999231540734e+00
-1.892986759746593917e+00
-2.023070294255597812e+00
-1.650195336134870239e+00
-1.691049825527655592e+00
-1.976767337694174120e+00
-2.175220177043976300e+00
-2.285570811528303992e+00
-1.782006655314214205e+00
-1.728981003794385130e+00
-1.738178697128286654e+00
-1.938451045169210296e+00
-1.907786784490742793e+00
-1.814208142575431726e+00
-1.679491245684496592e+00
-1.596051022286314236e+00
-1.660050420900898827e+00
-1.879017252106543356e+00
-1.888782900446082103e+00
-2.193517630636063753e+00
-2.030228673705293030e+00
-1.949025824070125701e+00
-2.136341452075289471e+00
-1.889308313080459989e+00
-2.260242658101682345e+00
-2.645008793640959421e+00
-2.451505298772206132e+00
-2.443214929113390443e+00
-2.379826127622739040e+00
-2.487285472596814540e+00
-2.553486036224663636e+00
-2.407938454404004336e+00
-2.323208651346609255e+00
-2.336062949442267556e+00
-2.320526579223203711e+00
-2.275079544678915155e+00
-2.209621349946364610e+00
-1.962457433821278130e+00
-2.528268507767647222e+00
-2.513200530100411445e+00
-2.335034247217434356e+00
-2.152639144781789415e+00
-2.147633256496106036e+00
-2.388247174931809713e+00
-2.183167377104690221e+00
-1.874282415905670574e+00
-2.231467561239155462e+00
-2.190973151764543658e+00
-2.396324895357042184e+00
-2.562163156041936229e+00
-2.509228632015179095e+00
-2.661846620994135826e+00
-2.497478757298321472e+00
-2.580260208686304679e+00
-2.562416595195173841e+00
-2.465644399107108864e+00
-2.312973607577331947e+00
-2.564644502274297189e+00
-2.554131480978380164e+00
-2.419000109050529090e+00
-2.248552113241711670e+00
-1.895193326346592100e+00
-1.965811391908146355e+00
-1.751278341231729208e+00
-1.491870600110440259e+00
-1.262043280719594263e+00
-1.290679685795429910e+00
-9.416824838079180804e-01
-9.932585970250165097e-01
-9.429178219226588276e-01
-8.333880056334970199e-01
-5.929426324355124844e-01
-4.045237371432872653e-01
-5.050669494603384768e-01
-6.482588887230075203e-01
-8.104587111516617925e-01
-1.101524992642020528e+00
-1.338674364080022050e+00
-1.697180069316130746e+00
-2.216387630922156848e+00
-2.489574364539556939e+00
-2.722349304027249506e+00
-2.695819563298836208e+00
-3.175671311311635936e+00
-3.290885574356229082e+00
-3.500562370760629261e+00
-3.705154262448766112e+00
-3.774423093220354186e+00
-3.204543346898767631e+00
-2.961516003056174462e+00
-2.904088254131190538e+00
-3.116290883008382639e+00
-3.402368072101666030e+00
-3.970649104775010318e+00
-4.432853876038647556e+00
-4.388710915226395670e+00
-4.488451331640342268e+00
-4.298428682854912530e+00
-3.857173969578977069e+00
-3.784302423073853561e+00
-3.619649535494327441e+00
-3.664509208113885030e+00
-3.792849769445019170e+00
-4.132778490224631618e+00
-4.149338581943410986e+00
-3.944758890259426831e+00
-3.720445253578853695e+00
-3.522891458678523158e+00
-3.797176991827543091e+00
-3.918359550782452683e+00
-4.163443249693695947e+00
-3.568239131560195343e+00
-3.580377084638079133e+00
-3.584278307609710890e+00
-3.745474812349920857e+00
-3.503503765184829533e+00
-3.311196714223522797e+00
-3.294422067247392949e+00
-3.260606951963074707e+00
-2.785649734283401902e+00
-2.668770266056424756e+00
-3.017758032935758727e+00
-3.257005739572598202e+00
-3.220197093497420671e+00
-3.522195607011754603e+00
-3.742853224443041693e+00
-3.480420440105923774e+00
-3.483282881268765951e+00
-3.660425640623240273e+00
-3.967338098052993089e+00
-4.098508083501275046e+00
-4.080287970942701570e+00
-4.102704482205947301e+00
-4.412863988344867039e+00
-4.592191130297999635e+00
-4.990896674290386414e+00
-4.970617048544735184e+00
-4.792023138715008734e+00
-4.397722187294921703e+00
-4.471858442270558065e+00
-4.483540037363187736e+00
-4.203171786890043116e+00
-4.149740042839170862e+00
-4.038358436397867735e+00
-4.365060044558159547e+00
-4.114276679904775413e+00
-4.370590060224391671e+00
-4.173632514146998318e+00
-3.943281668940943785e+00
-3.838904948071041989e+00
-3.669125021831282307e+00
-3.615844711074696516e+00
-3.338758510788649936e+00
-2.985333938240044560e+00
-2.854797023215499774e+00
-3.006351304846065720e+00
-3.035248776335325527e+00
-3.211978603085547501e+00
-3.673417298168500267e+00
-3.825744650993808893e+00
-3.502175239796682771e+00
-3.638502584000402162e+00
-3.700240934977229834e+00
-3.927436442758199142e+00
-3.769954385142833875e+00
-3.648030652886851577e+00
-3.808200027805570986e+00
-3.761147120247715137e+00
-3.791744888716077622e+00
-3.631208538565456667e+00
-3.742098967200969017e+00
-4.159974809920931271e+00
-3.874307902351868282e+00
-3.807093552532953673e+00
-3.852848196532968394e+00
-3.644626096392219683e+00
-3.640911145419023498e+00
-3.693411755478704706e+00
-3.713706443948844971e+00
-3.758733817915159481e+00
-3.706514523754817603e+00
-3.740196601511338148e+00
-3.693858575048443171e+00
-3.680250849341634378e+00
-3.825561167711857724e+00
-3.848054282671029114e+00
-3.648030668304977020e+00
-3.739060993234376795e+00
-3.900118348895813103e+00
-3.915135896284620554e+00
-4.098462742534640491e+00
-4.598996048950173332e+00
-4.691228304193035825e+00
-4.647693146830605748e+00
-4.944797606956716329e+00
-4.918054132714853033e+00
-4.548794545414082791e+00
-4.347035169098131036e+00
-4.211694934474468965e+00
-4.158472920740403644e+00
-3.977476729358858432e+00
-3.933558892475159663e+00
-3.874292929092896465e+00
-4.242269044218367036e+00
-4.383866792583739347e+00
-4.491019166461426515e+00
-4.443968744115216474e+00
-4.372107136840989838e+00
-4.303067267574050447e+00
-4.284305801654387125e+00
-4.351488475414183377e+00
-4.206447161622596020e+00
-4.168260231582886277e+00
-4.341304830094852463e+00
-4.366207773199466402e+00
-4.351927239099806499e+00
-4.169725541875429542e+00
-4.220729481004762640e+00
-3.714342447710635042e+00
-3.616215591206102697e+00
-3.412200817614752690e+00
-3.706971674955233276e+00
-3.701984154656981829e+00
-4.074137593683234471e+00
-4.372718517456631204e+00
-4.495869596587856343e+00
-4.247969793605149924e+00
-4.452246792525161645e+00
-4.651310981782488696e+00
-4.947798079837527396e+00
-5.036940831540353436e+00
-5.356704075099212758e+00
-5.434629834572779039e+00
-5.632010769871317990e+00
-5.388401467517208054e+00
-5.691786814978990527e+00
-5.748577619495373270e+00
-5.600303176307808606e+00
-5.545742699186364533e+00
-5.488267954151883288e+00
-5.212475256562879800e+00
-5.098627808232497394e+00
-5.223721689873034535e+00
-5.116975370630509445e+00
-5.043652747706793171e+00
-4.586649954634536286e+00
-4.652735318402258180e+00
-4.652205765466927545e+00
-4.535256751275365872e+00
-4.646970134062033964e+00
-4.770613967676609946e+00
-4.552650943755971902e+00
-4.548891131847680569e+00
-4.762890614489391439e+00
-4.623789256530272951e+00
-4.547320252460625767e+00
-4.621849166762116212e+00
-4.736820250538457344e+00
-4.300108995180803362e+00
-4.336003929632359366e+00
-4.170345710382895810e+00
-3.806327924682333830e+00
-4.155774813458340766e+00
-4.401706221531219931e+00
-4.279997662896615651e+00
-4.801092330423279542e+00
-5.306631342531720641e+00
-5.323019871876313758e+00
-5.324568476362391500e+00
-5.650816568887936597e+00
-5.873172733087313802e+00
-5.767403025336516720e+00
-5.664152074282428728e+00
-5.966271813687556325e+00
-5.640096771351687188e+00
-5.235698474952782178e+00
-5.081014006310780928e+00
-4.977217942439470022e+00
-4.906252948370763534e+00
-4.915547388013653318e+00
-5.373183028117522575e+00
-5.232451231194210628e+00
-5.175019167963228917e+00
-5.217928311696011789e+00
-5.538041176944700439e+00
-5.834941742692553390e+00
-5.488679893435546298e+00
-5.528577775975339392e+00
-5.790534722906788723e+00
-5.624061988013206559e+00
-5.565217925730740589e+00
-5.315008490782431316e+00
-5.826659673954673657e+00
-5.807693095638999381e+00
-5.971461547094106592e+00
-6.106795866692745101e+00
-5.899723553122553810e+00
-6.276996900978089933e+00
-6.148031893481239685e+00
-6.268662533394209646e+00
-5.913072657591720294e+00
-6.054386992700735881e+00
-6.109356402875753211e+00
-6.202808874380447257e+00
-5.729271178970922307e+00
-5.741873911009834686e+00
-5.448574599253516837e+00
-5.514772601298665755e+00
-5.124458520409261197e+00
-4.718251589836112814e+00
-4.943332673057251547e+00
-4.959814592748884365e+00
-4.893070023450281525e+00
-4.634713853032402575e+00
-4.687324154533569320e+00
-4.946576293643301980e+00
-4.783752213911960816e+00
-4.564499124568016875e+00
-4.593194228779093891e+00
-4.362172670379058204e+00
-4.537949236721619428e+00
-4.713506312628894079e+00
-4.916845688197862607e+00
-5.189945569948714699e+00
-5.050503656097909300e+00
-5.109536692755016318e+00
-5.397638314931281656e+00
-5.724232264426979633e+00
-5.548834368518598126e+00
-5.424095250228274878e+00
-5.527675817993306318e+00
-5.471452972700033612e+00
-5.608516989526546759e+00
-5.780118437336643211e+00
-5.738375936289721757e+00
-5.605610105205367510e+00
-5.921737265849767340e+00
-6.019250193736453980e+00
-6.245990949510995982e+00
-6.385759916352701460e+00
-6.251305275155981889e+00
-6.468440958703176591e+00
-6.124921771895551537e+00
-5.716002919728753184e+00
-5.578775684519129641e+00
-5.548814698227575448e+00
-5.749981235753629072e+00
-5.375178488340289995e+00
-5.185728961700364792e+00
-5.131604519838457890e+00
-4.993337884422833106e+00
-5.204901321034451911e+00
-5.706381781846083356e+00
-5.318061446952789595e+00
-5.093782970308193825e+00
-5.088692757263720168e+00
-4.687378915931557088e+00
-4.513309274409959215e+00
-4.585586042581527799e+00
-4.610214558491518844e+00
-4.666444376243887859e+00
-4.668152141620755202e+00
-4.464712349291606763e+00
-4.664292822246248527e+00
-4.986652932309571185e+00
-4.638342032857507569e+00
-4.210339586556992586e+00
-4.720264457007369963e+00
-4.818938834742441557e+00
-5.121908046629631173e+00
-4.769671848580355089e+00
-4.724127495512276731e+00
-4.804597721014839173e+00
-4.391384082606895056e+00
-4.173344937870639981e+00
-4.189839809558351114e+00
-4.681623403281941265e+00
-5.030200613208524629e+00
-5.268903925576545078e+00
-5.164002806236453580e+00
-5.128832960000399233e+00
-5.373739426469943403e+00
-5.454584129171270668e+00
-5.556002525680805881e+00
-5.467735765459800668e+00
-5.274988707623757378e+00
-5.737946605615976026e+00
-5.449244447120539014e+00
-5.116281469348551880e+00
-4.955083377577839343e+00
-5.270659856463514537e+00
-5.900276406235653859e+00
-5.988528246504063901e+00
-5.858743752346080136e+00
-5.804812031762734748e+00
-6.253726776364538331e+00
-5.876684575886617523e+00
-5.616318266247252389e+00
-5.634848898922322213e+00
-5.957105002699734086e+00
-5.951204091182256128e+00
-6.149384813225775126e+00
-6.377911386210350919e+00
-6.484206254068425324e+00
-6.331074403703096820e+00
-6.338795442194095742e+00
-6.368624788871840359e+00
-6.416047019213777958e+00
-6.297914905216552839e+00
-6.684992285095450626e+00
-6.525538721500154793e+00
-6.718856010736534934e+00
-6.922908230125100815e+00
-7.154836287672733164e+00
-6.753732265475225205e+00
-6.592251200126225896e+00
-6.377275201254103187e+00
-6.198960299036285093e+00
-6.031627251699534398e+00
-5.795460695783260618e+00
-5.986224655977205877e+00
-5.636848876709226630e+00
-5.413260862859527123e+00
-5.598448524070781751e+00
-5.559662147313574110e+00
-5.502709397619005571e+00
-5.412158271333652237e+00
-5.147712223872060733e+00
-5.322395000536047860e+00
-5.263360890866370490e+00
-5.289917696451760243e+00
-5.153582631519452839e+00
-5.022646813180257297e+00
-4.748530080040212376e+00
-4.452719079034742400e+00
-4.385477217646909232e+00
-4.456304003050838958e+00
-4.054424698213544787e+00
-4.777647643524229437e+00
-4.945399686728467969e+00
-5.346936593630257306e+00
-5.355143821942801807e+00
-5.481812156040001049e+00
-4.939991024101731298e+00
-5.079933690763943410e+00
-5.438182872188189521e+00
-5.697628091988525156e+00
-5.920519002098016514e+00
-5.973725089963843438e+00
-6.278968400507462633e+00
-6.218737817395572520e+00
-5.715844135799504677e+00
-6.072767079312759719e+00
-6.391340847165725592e+00
-6.176490142965103125e+00
-6.141626371776244930e+00
-6.168975553181734739e+00
-5.665013656182970259e+00
-5.880342926987984775e+00
-5.887804686589367620e+00
-5.706356079638259082e+00
-5.614454239634093291e+00
-5.719499371741828320e+00
-5.870105586588060476e+00
-5.976492084432340590e+00
-6.274523110807605164e+00
-6.083364259986675293e+00
-6.483367015260935062e+00
-6.950503717487233502e+00
-7.260768825346819000e+00
-6.962676638837233867e+00
-7.529180366229689447e+00
-7.255071505441770263e+00
-7.070402406182946464e+00
-6.910445004032454541e+00
-6.462197736853089403e+00
-6.534383285084073734e+00
-6.625449279679775927e+00
-6.547770771714743532e+00
-5.999364780136347441e+00
-5.253865810563431715e+00
-5.512391591311151195e+00
-5.245328384350041340e+00
-4.861382303452710829e+00
-4.964367420430785494e+00
-4.504888075662275781e+00
-4.581778312819791310e+00
-4.503757062353319185e+00
-4.649924139090298780e+00
-5.081865892569194187e+00
-4.710229175239133426e+00
-4.615689925748033495e+00
-4.657458292599010008e+00
-4.886297048357064021e+00
-5.186868002568268743e+00
-5.039260655505792386e+00
-5.077549933275077976e+00
-4.844987750173146424e+00
-4.892103075123960032e+00
-4.516432952761118003e+00
-4.573416416124743478e+00
-4.814254928039484405e+00
-5.341982984008268431e+00
-5.205022565102778387e+00
-4.878106693630702040e+00
-4.738939438203948917e+00
-4.782330278272048041e+00
-4.596696781080704675e+00
-4.356192179378423290e+00
-4.266149881343924477e+00
-4.057660178621977032e+00
-3.916372949644326695e+00
-3.793034968563344211e+00
-4.032688175358149607e+00
-4.180946543005557459e+00
-4.396840696132644055e+00
-4.359400258177850596e+00
-4.402178878629978698e+00
-4.750051265089139108e+00
-4.040039034550249042e+00
-4.387083352023886995e+00
-4.499342010661867342e+00
-4.310721913125689753e+00
-4.348483986797471168e+00
-4.358877408808230491e+00
-4.546153168212313744e+00
-4.632311179864611717e+00
-4.211422557834499258e+00
-4.344533999071316543e+00
-4.343091700106839426e+00
-4.272898700405306727e+00
-4.293182352121350576e+00
-4.482593036545123866e+00
-4.458805742348112666e+00
-4.675556844860615513e+00
-4.610238960712190526e+00
-5.138238168840485898e+00
-4.791336051572061550e+00
-4.655735185709560575e+00
-4.896733591802695074e+00
-4.712703628503483344e+00
-4.448271391886051696e+00
-4.101842705915885290e+00
-4.105429576560467808e+00
-3.826530382630147997e+00
-3.939477721751672767e+00
-3.720779508537035873e+00
-3.952096488830513898e+00
-4.032804393075295479e+00
-4.293080919868685008e+00
-4.178402208671581519e+00
-4.202230944972125570e+00
-3.976414932098147670e+00
-4.159686226481831284e+00
-3.753553194693038719e+00
-3.581758613387740375e+00
-3.988505865822366214e+00
-4.202823121410174778e+00
-4.291683447476348334e+00
-4.658644135918349249e+00
-5.658970140552674444e+00
-5.633917852255196479e+00
-5.953290078136834751e+00
-5.663772899691266183e+00
-5.634741446628719785e+00
-5.488921074113582321e+00
-5.409096595025317811e+00
-5.696072721524769733e+00
-5.919678324245343681e+00
-6.335798756874758908e+00
-6.630678566915741534e+00
-6.527752649434025223e+00
-6.543374178138865460e+00
-6.419672917079129348e+00
-6.886785544666143899e+00
-7.110056619045311166e+00
-7.151283366269776565e+00
-6.809583627532854955e+00
-6.612846850431913559e+00
-6.388887641228087944e+00
-6.658989056991520883e+00
-6.774101862502378779e+00
-6.581949990306195986e+00
-6.635567218891941899e+00
-6.523512915045793115e+00
-6.629956058667733743e+00
-6.565403914924301532e+00
-6.659014516038045173e+00
-6.630394986173316241e+00
-6.401412439744892602e+00
-6.446989028792449616e+00
-6.460968406452575863e+00
-6.299043563965164516e+00
-6.923759497447365518e+00
-7.434394347880961540e+00
-7.092924680324460773e+00
-6.414822805869639488e+00
-6.217493077104019328e+00
-6.033542592909715729e+00
-5.988036081118327303e+00
-5.939157405055654593e+00
-5.927801140900691657e+00
-6.131170498826323367e+00
-6.310600538237590484e+00
-6.050917976291851907e+00
-6.280256258540538816e+00
-6.071427470070383414e+00
-5.501837871311045625e+00
-5.415834790871695503e+00
-5.224133259900114901e+00
-5.234851530082228699e+00
-5.066345052197428700e+00
-4.720213445236878691e+00
-4.340153829516008699e+00
-4.447341498786111735e+00
-4.518742546149422168e+00
-4.831288058317614542e+00
-4.849549173964192050e+00
-5.120547893034944842e+00
-5.053482880990476822e+00
-5.140243707509550397e+00
-5.010470547884286141e+00
-5.088386941278590925e+00
-4.963156401700620002e+00
-4.900984952535030637e+00
-4.729359710538769690e+00
-4.943905909843863355e+00
-5.334142757051310468e+00
-5.139720566625276099e+00
-5.244885997800237121e+00
-5.097196637290534404e+00
-4.872298552295839080e+00
-4.883891187335178685e+00
-4.816955546383622888e+00
-4.562851029201524966e+00
-4.429054698401884593e+00
-4.555627720589638940e+00
-5.182677912869635861e+00
-5.161495586825728843e+00
-5.461038996158496417e+00
-5.857532118672326149e+00
-5.545382215008313409e+00
-5.329410970608650544e+00
-5.324234681302822736e+00
-5.237492307552344073e+00
-5.172806887992700275e+00
-5.047584940166635725e+00
-5.086355289591086404e+00
-5.144644046887224320e+00
-5.533454447234078089e+00
-5.517654602952207554e+00
-6.115039261862615483e+00
-6.473919190415671210e+00
-6.893901691639443996e+00
-6.818034744984014850e+00
-7.359307243699959145e+00
-7.244911439538618048e+00
-7.497227395590412513e+00
-7.418853961947082354e+00
-7.891066530460215667e+00
-7.853501917338933325e+00
-7.532529672568860413e+00
-7.198183509757427601e+00
-7.272153590581033278e+00
-7.637159771895150051e+00
-7.833244331454878306e+00
-7.331639556806000435e+00
-7.623233914453347637e+00
-7.622169613519570674e+00
-7.741178433556566318e+00
-7.523494797639165732e+00
-7.247107768260526051e+00
-7.465510792359601133e+00
-8.159721317456755330e+00
-8.241854818783505010e+00
-8.208882593815593154e+00
-8.318909859226746306e+00
-8.567444287376503098e+00
-8.730240170473706485e+00
-8.782124658179519372e+00
-8.572160932456126758e+00
-8.436152230503328298e+00
-8.635793322506465586e+00
-8.545539804666569594e+00
-8.167074189789019556e+00
-7.683921468146457379e+00
-7.679410581183820028e+00
-7.734092878995438625e+00
-7.066200005458406430e+00
-6.921824987765742065e+00
-7.250425889369889632e+00
-7.130230149298878217e+00
-7.129580691142823667e+00
-7.282484878389855254e+00
-7.500315592549027244e+00
-7.590019616648842060e+00
-7.146121257617055633e+00
-7.478200794951929353e+00
-7.778877090686289186e+00
-7.626754211251177473e+00
-7.467203465508824856e+00
-7.731428704138167518e+00
-7.844073329540650619e+00
-7.735199063768673611e+00
-7.529936613663164025e+00
-7.808147193711395317e+00
-8.122773722081255698e+00
-7.857111997480355825e+00
-8.103266434728103818e+00
-8.281740945080498406e+00
-8.491615711916640663e+00
-8.557947579800531557e+00
-8.714787410513844534e+00
-9.104251958873502915e+00
-9.156322761024496160e+00
-9.639933951527787315e+00
-8.878270952326239751e+00
-9.185918820092954462e+00
-9.119765822530666810e+00
-9.279004042123562002e+00
-9.525925352942360647e+00
-9.334411664232616701e+00
-9.147717894357176860e+00
-9.305974984165098718e+00
-9.498279298355548406e+00
-9.188043168022211660e+00
-9.331295658654930492e+00
-9.564937625701182000e+00
-9.651288885526620120e+00
-9.522701615122839414e+00
-9.437907806325458893e+00
-9.422109268441884566e+00
-9.803645718063599190e+00
-9.473206050477422480e+00
-9.548682750488715953e+00
-9.569036997496684904e+00
-9.503674009669790479e+00
-8.840787871120303620e+00
-8.765930156035558696e+00
-8.532288637240062812e+00
-8.584531460375826484e+00
-8.260009408518065754e+00
-8.078550378287742362e+00
-7.788264457781683525e+00
-7.497712925364721670e+00
-7.901209661475943946e+00
-7.486939029142076762e+00
-7.536378291376763627e+00
-7.185453030288282861e+00
-7.065318115229697327e+00
-7.319875263627691808e+00
-7.352938553246575637e+00
-7.263627646533249660e+00
-7.002317646396750916e+00
-6.952194472951055637e+00
-6.907864145573527459e+00
-6.565565736892265747e+00
-6.012617526685781755e+00
-5.932338566690464887e+00
-5.834576193263011135e+00
-5.810426277809717099e+00
-5.638153706613066696e+00
-5.074635964706958546e+00
-5.202492371031494756e+00
-4.955193876583535051e+00
-4.959793967793356018e+00
-5.228787371920855520e+00
-5.013700612509653709e+00
-5.305944799078593732e+00
-5.224931760549068827e+00
-5.537332537966857871e+00
-5.675118886327570777e+00
-5.908393072381298516e+00
-6.130766842280920947e+00
-6.203372188607738202e+00
-6.272557903285926884e+00
-5.721077658003376420e+00
-5.519626557603515948e+00
-5.810985281241413780e+00
-5.302460352963172419e+00
-4.829386774636835966e+00
-5.203497540622344708e+00
-5.156787505463081622e+00
-5.192435500371805013e+00
-5.062774557039613654e+00
-4.675380911460557343e+00
-4.765426834033664960e+00
-4.944794960810251716e+00
-4.397540736345153078e+00
-4.259534916653803904e+00
-4.225641006316327442e+00
-4.250169395509012737e+00
-4.404063417674537462e+00
-4.409651740716687307e+00
-4.375309378499953716e+00
-4.121778560376203160e+00
-4.194106375395682207e+00
-4.162506066251792092e+00
-4.161559392505167487e+00
-4.237449038159393666e+00
-4.526075799131632493e+00
-4.729464937760496923e+00
-4.240557237597142759e+00
-4.004952596351071925e+00
-3.722664408942444769e+00
-3.689021556024512094e+00
-3.953027490038685698e+00
-4.226028657875529504e+00
-4.358651878310753958e+00
-4.327412299633043524e+00
-4.364320135700858749e+00
-4.665052538374977686e+00
-4.454934543306377392e+00
-4.134783699070791130e+00
-3.831813239066904409e+00
-3.727714352336903403e+00
-3.203051873967148744e+00
-2.953013873077127371e+00
-3.061403457135510653e+00
-3.188711077858494836e+00
-3.090819861292196880e+00
-3.385899259657533023e+00
-2.748930703902202843e+00
-2.617718231306815468e+00
-2.702650733090250945e+00
-2.825112668883157596e+00
-2.952582617562430567e+00
-3.196164557169110410e+00
-3.143687011094760120e+00
-3.073328156854032045e+00
-3.071325746686292657e+00
-2.995354598798465329e+00
-3.254255411953217436e+00
-3.044109049461968031e+00
-2.846415476576910297e+00
-2.427258141834885308e+00
-2.535685038408251657e+00
-2.599989110505621870e+00
-2.820258140129178859e+00
-2.471192627408562714e+00
-2.618422971159900747e+00
-2.441144182302990018e+00
-2.751519649029206427e+00
-2.828109600529836065e+00
-3.034924601068632377e+00
-3.286322096259477021e+00
-3.566091217462938445e+00
-3.741647322695003997e+00
-3.675535592522606976e+00
-3.794118098320955479e+00
-3.829892428431981521e+00
-3.901676365966388893e+00
-4.183362042663848257e+00
-4.198478905312796883e+00
-4.705993439070067730e+00
-4.574988146133412314e+00
-4.680185218184464091e+00
-4.665153147081507967e+00
-4.743686989788035824e+00
-5.189555379001799196e+00
-5.506717733593342601e+00
-5.388693728316687803e+00
-5.450670286281787291e+00
-5.308219206437714277e+00
-5.291498372259675342e+00
-5.332915378440867826e+00
-5.519229898046811300e+00
-5.030835814038145060e+00
-5.466720955201342491e+00
-5.819758170761762273e+00
-6.265797826948078075e+00
-6.309899177917701607e+00
-5.682371249899413002e+00
-5.956671241387026861e+00
-6.380353013760268865e+00
-6.327041107858720537e+00
-6.480798674348938526e+00
-6.696708731620532262e+00
-7.164385864359385181e+00
-7.405652567452223778e+00
-7.697211369111430557e+00
-7.597470639485477406e+00
-7.828821515845242551e+00
-7.733547843826547030e+00
-7.747994831438224317e+00
-7.642625408749489146e+00
-7.342796412549852825e+00
-7.387801258393084325e+00
-7.250377161846592422e+00
-7.078206220311369812e+00
-7.138650997643548379e+00
-6.688193397540099561e+00
-6.712075049686451855e+00
-6.778047743540972725e+00
-6.588382298060960096e+00
-6.828034755304732251e+00
-6.743155631803905870e+00
-6.488135564488034746e+00
-6.531730604175270294e+00
-6.584272631859503733e+00
-6.694297896722446239e+00
-6.679992604178367266e+00
-6.407545719578908283e+00
-6.398059036811547529e+00
-6.170907108978329170e+00
-6.079750911057740126e+00
-6.203920276111920096e+00
-6.564397133833406173e+00
-7.038380341768495363e+00
-7.649707199073576547e+00
-7.773828651742030083e+00
-7.806982399101226378e+00
-7.978321083169841899e+00
-8.308085188600346171e+00
-8.316003759966580589e+00
-8.191987968447218549e+00
-8.081188718000648308e+00
-7.994270001485143773e+00
-8.135228400319256536e+00
-8.199491076873249185e+00
-8.248115222918698919e+00
-8.599591860323389625e+00
-8.597635048499553179e+00
-8.544978730805521394e+00
-8.863156195047958263e+00
-8.865030133529122836e+00
-8.773514408779583107e+00
-8.865514782670860683e+00
-9.025069278054445476e+00
-8.880433468758203830e+00
-8.419167091102139011e+00
-8.505976256912562761e+00
-8.404592602805756485e+00
-8.554800206113489125e+00
-8.666006108721159507e+00
-8.568682455800505693e+00
-8.530383397315251415e+00
-8.909540716775396163e+00
-8.594657638775657915e+00
-9.059152644678947652e+00
-8.941009079020235006e+00
-9.030240830148866138e+00
-8.665436879063433295e+00
-8.691573701819063302e+00
-8.577799657404259648e+00
-9.342981723101734914e+00
-9.635032453209005254e+00
-9.611608956943095805e+00
-9.434320204458417791e+00
-9.480177894728191390e+00
-9.447225211780233778e+00
-9.818796938542259767e+00
-9.566425200057645739e+00
-9.142086354515505775e+00
-9.364917491609986655e+00
-9.205321078667033419e+00
-9.197294066197539308e+00
-9.794003796506576265e+00
-9.849096100508255347e+00
-9.905646521598628240e+00
-1.030567408222031744e+01
-1.035374959177917020e+01
-1.019152681541990546e+01
-1.037017808452089440e+01
-1.037787542188834067e+01
-1.055888205082755782e+01
-1.049842879554826602e+01
-1.058115213511637620e+01
-1.058970317061109512e+01
-1.079444539203829301e+01
-1.024086695139627423e+01
-9.704851846508054436e+00
-9.968880497150429676e+00
-1.012020830593523435e+01
-1.009918415875965714e+01
-1.002231740535646054e+01
-1.011128063918734910e+01
-1.001066053966921743e+01
-9.951847791517687725e+00
-9.963488116554314544e+00
-9.826623788724722530e+00
-9.716993027684891260e+00
-9.567433389721101022e+00
-9.684938704902059214e+00
-9.499124218578751666e+00
-9.708632499963712803e+00
-9.492437645022306469e+00
-9.596751979948024314e+00
-9.867780256156256868e+00
-9.544934767827932376e+00
-9.753484400138622945e+00
-1.022208558699241543e+01
-9.899250722420466886e+00
-1.006834237623493422e+01
-9.991405927448120394e+00
-9.851258476467926073e+00
-1.031375210018124911e+01
-1.042597658732498900e+01
-1.027649416907197200e+01
-1.043252292355925981e+01
-1.034390591184136277e+01
-1.012967815961001072e+01
-9.773786564032747037e+00
-9.734139284234695211e+00
-9.968623417157379762e+00
-9.808005118243247722e+00
-9.667392383921164623e+00
-1.009820527345993924e+01
-1.037238816390285479e+01
-1.054390763502222050e+01
-1.035954817091596603e+01
-1.034130443515647002e+01
-1.014019252335178756e+01
-1.019748816487315146e+01
-1.003981106941851031e+01
-9.835505885303275520e+00
-1.026035592315067468e+01
-1.043284405075536014e+01
-1.025841497261489188e+01
-1.029057265210039773e+01
-1.083951438771019937e+01
-1.112353992990635199e+01
-1.115121754958476430e+01
-1.063401661410556365e+01
-1.027440552329509593e+01
-9.808966917985012302e+00
-9.146571765567614420e+00
-9.171309080017101323e+00
-9.339205875949890157e+00
-9.445536492715607579e+00
-9.406007209832974780e+00
-9.103373504847457554e+00
-8.960228979644744740e+00
-9.125498847102397448e+00
-9.121292401166869013e+00
-9.553138624758728881e+00
-9.517212090265417146e+00
-9.490887789110079353e+00
-9.676680549446114554e+00
-9.506074517617680186e+00
-9.141305223888544162e+00
-8.959383181576280109e+00
-8.615017782099929633e+00
-8.480330797286935507e+00
-9.020410127904334274e+00
-9.388816204571204693e+00
-8.911585704114035167e+00
-9.197390083234100899e+00
-9.463068156388230179e+00
-9.662198636344989211e+00
-9.744754146179070986e+00
-9.703583523670037181e+00
-9.528548833828429210e+00
-9.397103775167000350e+00
-9.087074649450389785e+00
-8.973140679095374495e+00
-9.081340634932011824e+00
-9.420768544348039342e+00
-9.361236490695935331e+00
-9.135923653512204368e+00
-8.756372015098662587e+00
-8.366319542314633040e+00
-8.390168301363265968e+00
-8.408393190166524533e+00
-8.186024701162477157e+00
-7.991582001881498698e+00
-8.339403056992910734e+00
-8.484214592025605128e+00
-8.442439635508034002e+00
-8.408867733490332341e+00
-8.307705205090364586e+00
-8.395995827389963750e+00
-8.605413475527930345e+00
-9.174570547875990911e+00
-9.399863518081041036e+00
-9.429674484669023471e+00
-9.559388385640657404e+00
-9.208593578989381356e+00
-9.232486091224350488e+00
-9.549339443310760345e+00
-9.656393263460509857e+00
-9.712864053477172632e+00
-9.536430122419567113e+00
-9.963288422300060176e+00
-1.003506551097820321e+01
-1.010688720195685164e+01
-1.009539282322782405e+01
-9.859084884231622326e+00
-1.027434480864445732e+01
-1.010892536904901462e+01
-1.004621311022149399e+01
-1.031997759321431118e+01
-1.037091222971785776e+01
-1.070655390528068907e+01
-1.052712749365990952e+01
-1.041599869366787701e+01
-1.058501492972846236e+01
-1.046724377050079191e+01
-1.044593566438890342e+01
-1.021817324803814842e+01
-9.825947409893112550e+00
-1.014220058306005079e+01
-9.850825734266265954e+00
-1.009695175977228487e+01
-1.002196000473823112e+01
-9.773329755418167508e+00
-9.822819768402432317e+00
-9.355953395667022221e+00
-9.711422885507154490e+00
-9.561677018278643914e+00
-9.360903993269808154e+00
-9.863561661153918081e+00
-9.980995485334261730e+00
-1.006242485825908339e+01
-1.049649882002996648e+01
-1.064732497169316616e+01
-1.047455001036700395e+01
-1.102785845235847795e+01
-1.078821283396313113e+01
-1.081924375541084871e+01
-1.113207455100238974e+01
-1.109631279620865030e+01
-1.122274345339096868e+01
-1.130260001940829717e+01
-1.120709324218424996e+01
-1.097156203271364738e+01
-1.085287397528793463e+01
-1.133136610924210963e+01
-1.120415252340448120e+01
-1.134010911557083112e+01
-1.186172223978444329e+01
-1.211465096806757202e+01
-1.228569093682811797e+01
-1.216528186397946598e+01
-1.224593315078922018e+01
-1.217957882999702512e+01
-1.239870250148455533e+01
-1.225073665258594779e+01
-1.213738452051463845e+01
-1.196588930594411160e+01
-1.192163121323373964e+01
-1.173646831026384696e+01
-1.185060266308413368e+01
-1.158532619403079700e+01
-1.166473040861257360e+01
-1.210649636583081268e+01
-1.216277038461681492e+01
-1.180794835323409053e+01
-1.157971940917201792e+01
-1.150739759859055411e+01
-1.153128502097974106e+01
-1.127798131629738343e+01
-1.122128135659199621e+01
-1.139023228512682628e+01
-1.152372787744712213e+01
-1.123964845870049878e+01
-1.063388115800264799e+01
-1.026945726805634429e+01
-1.086414631297234479e+01
-1.097232818391207942e+01
-1.136649153419471325e+01
-1.166819832604648255e+01
-1.153640224361044098e+01
-1.167309429195270098e+01
-1.169007327210263014e+01
-1.179749470087165086e+01
-1.202434360024506788e+01
-1.175046490894951390e+01
-1.166260190802454666e+01
-1.161715149705096017e+01
-1.145580951483603371e+01
-1.118658196289829121e+01
-1.123949748431573781e+01
-1.148726633314378454e+01
-1.133161369676573038e+01
-1.133085090590263455e+01
-1.132124676104964323e+01
-1.145651271444307184e+01
-1.155706658967267231e+01
-1.148408041404685243e+01
-1.165318244170669715e+01
-1.154169017749000048e+01
-1.167337345906909007e+01
-1.188353319703531596e+01
-1.148322135815983103e+01
-1.105648049722988979e+01
-1.094968488535104356e+01
-1.114281493146581425e+01
-1.095820219384900618e+01
-1.144144410691325930e+01
-1.157709941759521399e+01
-1.159657162441992106e+01
-1.174743565038585658e+01
-1.194813337896026262e+01
-1.177202441548383938e+01
-1.171055085496035630e+01
-1.170987813328653893e+01
-1.135357142523002949e+01
-1.148205246828409898e+01
-1.157385332836484260e+01
-1.159975137979034976e+01
-1.141596403577924690e+01
-1.122226505946050068e+01
-1.115358059554819903e+01
-1.142170433809916119e+01
-1.129150641124271814e+01
-1.142943180573565343e+01
-1.145860280837558420e+01
-1.140282681665793341e+01
-1.119804373511169970e+01
-1.127613197270524381e+01
-1.116761768763439733e+01
-1.119943647051290192e+01
-1.103532593286428920e+01
-1.068098305431580641e+01
-1.060064560158750346e+01
-1.085820678507070980e+01
-1.054562473730001138e+01
-1.069412226245000141e+01
-1.079826371776504068e+01
-1.124150609577166904e+01
-1.107467085556224262e+01
-1.055340238304338030e+01
-1.019656373060614207e+01
-9.702198398033367255e+00
-9.652271849989679353e+00
-9.232982859584334179e+00
-9.010766697253252744e+00
-9.344818889867616107e+00
-9.420993147564281855e+00
-9.287095530396099363e+00
-9.204209621033855981e+00
-9.064207578312805325e+00
-9.070569305246262815e+00
-9.213035942466628825e+00
-9.068309129179153771e+00
-8.909031863427948394e+00
-9.089650792803865897e+00
-8.792678586844921540e+00
-8.495720577244501470e+00
-8.523312506695667423e+00
-8.374557528074356938e+00
-8.236752953052340231e+00
-8.148207363910504597e+00
-8.360430189115362509e+00
-8.249773535444562711e+00
-8.303421293157953187e+00
-8.341877789829144518e+00
-8.521677757054748170e+00
-8.472850219944955796e+00
-8.476979452084183464e+00
-8.286143222821648280e+00
-8.364700475305538063e+00
-8.367382673406142501e+00
-8.560032168076498138e+00
-8.674996179463972723e+00
-9.030105595357323267e+00
-9.062821980838684510e+00
-8.809169500480292569e+00
-9.047897422514909138e+00
-8.890425350514021829e+00
-8.557792607465403378e+00
-8.753908526276852342e+00
-8.920318099191835159e+00
-8.901270951978911938e+00
-8.753617691561945691e+00
-8.369054431199758781e+00
-8.373513983857238330e+00
-8.119705117503666969e+00
-8.309575631305413879e+00
-8.841562858927002111e+00
-9.086052792693401159e+00
-9.190850746699391394e+00
-8.716350226780082977e+00
-8.935163385235249223e+00
-8.951787135528094907e+00
-8.609837023760851693e+00
-8.779183336159906759e+00
-9.662660812383890629e+00
-9.548628925695709313e+00
-9.669424798636425678e+00
-1.007059916562422686e+01
-1.017891906724754136e+01
-1.018939888868633581e+01
-9.892348001882092845e+00
-9.938990044128509282e+00
-9.945442794472500125e+00
-9.951903998672982254e+00
-1.004182294459434033e+01
-1.006502861024610951e+01
-1.019642658746579933e+01
-9.829008289555126510e+00
-9.722619305031523496e+00
-9.878483429951327111e+00
-9.968580279793629373e+00
-9.881450573481908251e+00
-1.010522082418965262e+01
-1.010792666989432398e+01
-1.004230641718945805e+01
-1.001527979595232765e+01
-9.903159733768031714e+00
-9.967369584428773521e+00
-9.907351810957859328e+00
-1.009334177272239508e+01
-9.906038127696929152e+00
-9.579518635938034876e+00
-9.619304089673441638e+00
-9.619528247829956413e+00
-9.751201023919200850e+00
-9.396508099042522488e+00
-9.274845704995183127e+00
-9.133818175738607437e+00
-8.553991034730154652e+00
-8.824586227532307703e+00
-8.794961530587512399e+00
-9.071793348198760043e+00
-8.966643832999235286e+00
-9.018326000629549810e+00
-8.740208220720457888e+00
-8.682548372310909812e+00
-8.801815634111768816e+00
-8.992457355702619282e+00
-9.307432366594346362e+00
-9.294171237206958480e+00
-9.076047319548187886e+00
-8.613018812378742339e+00
-8.782889409594815788e+00
-8.790351589231836016e+00
-8.994411049741781738e+00
-8.852070037665564328e+00
-8.909185110007049602e+00
-8.754921063362397504e+00
-8.869320198357748097e+00
-8.986034039463325129e+00
-9.393187506813006848e+00
-9.247732221268377018e+00
-9.018800636638538037e+00
-8.900287098521298290e+00
-8.495880522546739755e+00
-8.202306817560732100e+00
-8.376256741842752263e+00
-8.167350225928762697e+00
-8.058553742573074885e+00
-7.826910046091989592e+00
-7.691506597858272620e+00
-7.873408065466652062e+00
-7.792805633009550093e+00
-7.914124609874170879e+00
-7.953585953872198466e+00
-8.191518464504367714e+00
-7.461309664512492112e+00
-6.940410638016341949e+00
-7.189946615174374500e+00
-7.540431117812023132e+00
-7.717828224766437373e+00
-7.862267620475345886e+00
-7.757687686238052827e+00
-7.385992333851839398e+00
-7.293027991279337208e+00
-7.165474625636864658e+00
-7.161810422895986683e+00
-7.370556528719788503e+00
-6.958818174098656328e+00
-6.683170039014012076e+00
-6.638400667862147664e+00
-6.156845381536431461e+00
-6.225475639152481477e+00
-6.092192861791409619e+00
-6.165379461040562781e+00
-6.365977133754681105e+00
-6.369968566369000662e+00
-6.367611353108192596e+00
-6.975070046100634080e+00
-6.766818592713880420e+00
-6.932719615786186118e+00
-6.904648330807098056e+00
-7.108388535057253321e+00
-6.972093807712708369e+00
-7.115519474879466344e+00
-7.170982964023512096e+00
-7.160829422014411527e+00
-7.036682673623706030e+00
-7.143830047628341617e+00
-6.939573147797768904e+00
-7.077994972690088815e+00
-7.075390020848939976e+00
-7.159744647434491682e+00
-6.711703836625328989e+00
-6.669605751048418796e+00
-6.758299336131931234e+00
-6.498469312448493795e+00
-6.736624431352996822e+00
-6.498502054484417201e+00
-6.793975623743831349e+00
-7.257794076466764110e+00
-7.104471338011105530e+00
-7.122620872541479464e+00
-7.084440885414161393e+00
-7.303171085692873099e+00
-7.232513902574826403e+00
-7.019588994804458970e+00
-6.971253262060711720e+00
-7.214905254928252631e+00
-7.251104861124925804e+00
-7.451221398621139080e+00
-7.248698961077707281e+00
-6.959939757425035012e+00
-6.975005309441449697e+00
-7.093408122278008321e+00
-6.672943941221187281e+00
-6.775867446189799637e+00
-7.120793698179162412e+00
-7.014021720337539456e+00
-6.866298681779680280e+00
-7.149858399084436655e+00
-7.474926483221796758e+00
-7.742827824650977853e+00
-7.620404579755221341e+00
-7.363837841678105178e+00
-7.388268076391796058e+00
-7.285879736617810742e+00
-7.175828322918290425e+00
-7.130676383590917489e+00
-6.940804920425738267e+00
-6.951593039335171476e+00
-6.948272961286192206e+00
-7.133033411934767365e+00
-7.249625046790332483e+00
-7.274879926142058473e+00
-6.908813196284215863e+00
-6.586133912364600107e+00
-6.400211806657997826e+00
-6.194943084456005167e+00
-6.108764915077355084e+00
-6.313927886600260386e+00
-6.366998474083552573e+00
-6.224711623296191654e+00
-6.607883511774981677e+00
-7.043222977609373991e+00
-6.935847311195816545e+00
-6.906444239149077013e+00
-7.135909862016189820e+00
-7.103913960797159532e+00
-7.113027972792504094e+00
-7.333041402313704715e+00
-7.489951587869932759e+00
-7.318130184681763239e+00
-7.260642285215563874e+00
-7.393469075662494561e+00
-7.448111991697434320e+00
-7.317781159695540438e+00
-7.166586290499328271e+00
-7.439682598738477814e+00
-6.806359468440163596e+00
-6.708004370439409669e+00
-6.776117114624259585e+00
-7.142154698563036419e+00
-7.186309455253852008e+00
-7.188490782664293199e+00
-7.160334120015316550e+00
-7.236272597875981205e+00
-6.852873785758408332e+00
-6.940278419278565813e+00
-7.030492221696559518e+00
-7.145715798994370260e+00
-7.205786105518187767e+00
-7.132213609665090104e+00
-7.115185693284271196e+00
-6.408893951549676338e+00
-6.186951214255803855e+00
-6.522430111704888844e+00
-6.343642955125896599e+00
-6.200106775075299836e+00
-6.366697633539671664e+00
-6.251547986043688887e+00
-6.247881258747179700e+00
-5.985977692446054377e+00
-6.087007663165838522e+00
-6.371019874380539960e+00
-6.290874310488782761e+00
-6.191910145425222112e+00
-6.101004241593077637e+00
-6.129977396220886554e+00
-5.546303932747887799e+00
-5.766515964620681167e+00
-5.944246903163029394e+00
-5.943959282031881841e+00
