2.326995608646344471e-01
-1.756711535252620526e-01
-7.017394951559727256e-02
-3.934047965965612459e-01
-1.233960833241685706e-01
-4.961915927582846164e-01
1.655318181579562842e-01
1.655191375565173706e-01
9.049331290324925947e-02
-3.560200534558624619e-02
-3.262506152448881296e-03
3.557862217330937660e-01
1.429185305190160127e-01
5.445769731076572917e-01
5.853092232154799568e-01
1.499884343665899289e-01
3.801214208865231203e-01
2.015506858486036112e-01
5.906341223273450236e-01
2.420559100525165874e-01
6.949290575840143536e-01
7.334576205471632360e-01
-1.015869091722879092e-01
1.362594960978268654e-01
5.917631606053483928e-01
5.421787069051910990e-01
4.229368344574535588e-01
4.894038144567324222e-01
3.303129247100106691e-01
6.071883612462527502e-01
7.770240059552389056e-01
7.117912478343590976e-01
6.941924327738279166e-01
2.820702032181672814e-01
1.168254537516009439e-01
6.778588974577844095e-02
4.354335210162079139e-01
3.812777110519717239e-01
6.108413659601448220e-01
4.794713325399519444e-01
6.479699594988584943e-01
7.988699290981284840e-01
6.249542921073042434e-01
3.951202668438166254e-01
5.505689545232176352e-01
8.191060027246975794e-01
7.416820723594658160e-01
2.972454589101136690e-01
2.222619000263533762e-01
4.984853020132960499e-01
9.963110267767866235e-02
-9.038379368806756520e-02
5.206363292919020669e-01
4.800219141013475910e-01
6.470908598837676884e-02
2.256302950001273233e-01
1.461111580192756554e-01
1.032323074220608816e-01
-2.031835372792518690e-01
5.358338382993708959e-02
-1.712689383317689551e-01
-3.041261976735801231e-01
-4.065617449513289072e-01
-5.222619823111591675e-01
-6.100619703927789850e-01
1.159886171930410298e-01
-3.048246229470901181e-01
-4.949375431124037328e-01
-2.423498001004593949e-01
-5.327800557950264082e-01
-2.690182185837231565e-01
-8.786066450162935415e-02
-3.125863416006020024e-01
-4.680257841155052723e-02
-6.239809773582005725e-02
-2.427656432627678385e-01
-5.282195520091453877e-01
-3.014531924194827628e-01
9.153353837530824044e-02
-1.006984017387052982e-01
-4.234518908103866441e-01
-1.836414817775516156e-02
-6.079868040438159843e-02
4.065440253099220427e-03
3.374322227334065616e-01
-5.722247507187180893e-03
-2.220938338835682091e-01
-3.248593103632472778e-01
-6.595393354560002974e-02
-1.147251637517564676e-01
-3.083684683809898575e-01
-2.046081242537878819e-01
-2.766278126929538894e-01
-2.982419402695016264e-01
-2.337363539435679261e-01
-3.181778568206732327e-01
-2.014778797812029898e-01
-5.333625500389993501e-01
-4.171096269728058470e-01
-4.253270270115618867e-01
-5.223242331183985954e-01
-3.416478162511731309e-01
-4.958091042178268681e-01
-7.952838875580012790e-01
-4.212132121678340280e-01
-5.308967725620158395e-01
-7.721157466740790065e-01
-1.152336398251147198e+00
-7.645323617604090627e-01
-5.142217429161006770e-01
-6.134336784342792059e-01
-6.321661132162926799e-01
-7.412161447929843661e-01
-7.841666415000804191e-01
-7.330090889807723276e-01
-7.162884525402419822e-01
-8.208929459779523707e-01
-4.288334574403692701e-01
-1.026427806188199954e+00
-6.973719208516939716e-01
-7.524846547901147265e-01
-7.639065272471068369e-01
-7.810253744793312913e-01
-7.862973087208661171e-01
-1.428584908226648187e+00
-1.275086491704292113e+00
-1.594208676161679605e+00
-1.329174323271300251e+00
-1.116804577345551053e+00
-1.268159374311763843e+00
-1.267505889757215343e+00
-1.350204715105465247e+00
-1.591105727610510279e+00
-1.259488800750242055e+00
-1.188540266372100307e+00
-1.632279941475621499e+00
-1.581459714009689543e+00
-1.509528441110875807e+00
-1.369378375429223915e+00
-1.480592467822752223e+00
-1.323420434154003011e+00
-1.204585776365119765e+00
-8.870719540333694697e-01
-1.101328067103963804e+00
-7.396170397860044599e-01
-5.363566997793546287e-01
-8.128153157438375298e-02
-3.909581204822121792e-01
-4.446300718738611102e-01
-9.424725215093050501e-01
-7.492235464410353929e-01
-9.361481790390661084e-01
-1.213372841341193498e+00
-1.174806737361251852e+00
-1.396496850530664524e+00
-1.648909345063434451e+00
-1.382761507163536630e+00
-1.178869771423008306e+00
-9.476710313278080555e-01
-7.666344407932638161e-01
-9.323670827262462435e-01
-6.980053198322306862e-01
-5.338680035051892592e-01
-3.858887810852690836e-01
-2.719724723878383377e-01
-2.531734477951793072e-01
-4.189549320897202334e-01
-4.674880486573973482e-01
-6.232322917638395410e-01
-4.486210465855974827e-01
-4.796715510107562586e-01
-5.954292751537867412e-01
-6.490319330665081932e-01
-8.944370586055527816e-01
-7.579296335711802612e-01
-4.662830209091190503e-01
-4.200398743677669078e-01
-7.915182846313481013e-01
-8.102423712070140338e-01
-9.222009828208257431e-01
-5.670066626193102088e-01
-6.489129647731850525e-01
-8.330597105371816413e-01
-6.744302873316444513e-01
-6.551066172712525226e-01
-8.066794852929635162e-01
-5.940870029147862219e-01
-7.451999836108702535e-01
-7.044300409412842523e-01
-1.068531811788260732e+00
-5.958027359214335128e-01
-8.245827083078689501e-01
-8.753342517379163468e-01
-6.501795044231779563e-01
-6.429970961725862688e-01
-5.350265059150239866e-01
-3.355707440175096368e-01
-2.715409214220145806e-01
-5.338051841401623143e-01
-3.511839082879821272e-01
-3.867347109273244765e-01
4.141554672505162000e-04
6.551306570476150837e-02
-4.106468744380862290e-01
1.248569027255308772e-01
-1.501621875052345234e-01
-1.283786265825418993e-01
-4.366211621912747254e-01
-3.933956096841830785e-01
-2.209204860716496022e-01
-3.197020021003199042e-01
3.830868222531189082e-02
7.186875291486078884e-03
-9.899124525314512146e-02
-3.136302437718552771e-01
-7.205244141350644616e-02
1.777732970863142026e-01
2.912800737185265373e-02
1.106876295491253104e-01
1.061166970479721638e-01
-2.764345124052884628e-02
-1.403957789436567072e-01
-1.789757564692580072e-01
-2.182618766927866549e-01
-9.043086714843129315e-02
-3.367847418186362685e-01
-3.094239178513803479e-01
-2.158617576882508049e-01
-2.347358145456378553e-01
-2.697161056267291523e-01
-2.028312569256164044e-01
-2.997369045247590402e-01
-1.108041247623356984e-01
-3.163729915353089561e-01
-2.740302362231016864e-01
-1.316633565556841190e-01
4.694600863702485388e-02
-1.839736463551610024e-01
-1.949880273984233303e-01
-3.525671543507067490e-02
1.884481496576609905e-01
1.444944714489968807e-01
4.638653892089287384e-02
1.793481676013044257e-01
2.042172478983723116e-01
3.959661036766622400e-01
2.094634187803024739e-01
1.066336574681135962e-01
6.509627076992709205e-02
-3.070277629675951039e-02
8.034163556829743147e-02
1.079017116674925031e-01
5.437331567445646135e-02
-3.054161137291880670e-02
2.051224030956548539e-01
3.239783660923024056e-01
1.740653983599639576e-02
-9.835001876925322795e-02
-1.320053215753113317e-02
4.450276961881218796e-01
5.293032970030417950e-01
2.452398653734241263e-01
4.337760957914741367e-01
4.451311394545267031e-01
3.123078661051300053e-01
5.480304801382596125e-01
4.597625037250561153e-01
2.965860832339161646e-01
5.682715992273011940e-01
5.485354226247503018e-01
5.013355523485173437e-01
4.671071440501813332e-01
4.439011099201415900e-01
4.063273894032592981e-01
6.836123052060458782e-01
9.140346102992660260e-01
9.372144564127745658e-01
8.486275884191906149e-01
7.972319636350293504e-01
7.270140911883508084e-01
5.069260690373454947e-01
3.337956230370865418e-01
4.835831975416755024e-01
3.930349423489444827e-01
7.385114683351144960e-01
6.766773367423656316e-01
3.712412551226365598e-01
3.326218207108956881e-01
1.318836216457309751e-01
2.219915493869188683e-01
4.681444385984396273e-01
4.180167742513955509e-01
1.933535513495995284e-01
2.371291225599229668e-01
2.038494626630339424e-01
-1.521594366790044173e-01
1.672195001021062333e-01
1.732499563056414948e-01
6.388465322078247521e-02
2.959875865355865443e-02
-8.457339760752489999e-03
-2.925224807283320905e-01
-3.649579523185780133e-02
1.371177761925861383e-01
2.936844642137455552e-01
2.766193027554699757e-01
4.296741035476192572e-01
8.165226828963275674e-01
7.561220953590985783e-01
5.228499907524005730e-01
3.540907684747184314e-01
4.277358672478729917e-01
5.002111856124155098e-01
1.188341161312139599e-01
2.686914102992644660e-01
1.337117259299254179e-01
3.322542004504863700e-02
1.199314650365124468e-01
4.045309148559908530e-02
-2.584017408970089580e-01
-6.647035445543135468e-02
1.132653568130508222e-02
-3.942193019136117638e-01
-1.435994052360861084e-01
-1.797658082841071397e-02
1.720516128525621802e-01
-1.519063363371346391e-02
2.038405430998600498e-01
4.108450453532034863e-01
6.118744545795914425e-01
3.094270680410600161e-01
4.463054670298272075e-01
5.096295367087712302e-02
2.076833411032202037e-01
1.391553705822161646e-01
8.980281240377580021e-02
2.517140358173194370e-01
2.619692892939540774e-01
1.981412643927001893e-01
1.432145969552945097e-01
1.264390664170503102e-02
-2.137871270011066152e-02
-5.387915733559370257e-02
-1.655442833324168861e-01
-1.957201763796088956e-02
-1.785322023273516745e-01
-1.155896876080776542e-01
1.084191100444583666e-01
7.714219890771718824e-02
1.112004911166676185e-01
-1.787264535626239548e-01
5.537630538322665247e-02
2.314433002023858210e-01
1.287635438569289803e-01
-5.215274165345748503e-02
8.939587011169072839e-02
1.302191944446797200e-01
-4.317869636081284601e-01
-4.913734679752523316e-01
3.706789355360753935e-02
5.442626391494035515e-02
-2.344147707785425583e-01
3.599169096407424731e-03
8.996214491498794041e-02
-5.270409283702366492e-03
1.443639962708494900e-02
2.066914987502171258e-02
-2.173927395889256597e-02
-5.752419814467549242e-02
-3.790763669415898041e-01
-1.952842704793574802e-01
2.918876295165766244e-02
-1.449930178770678646e-01
7.021325470623279719e-02
4.505920137540397885e-02
9.795695273514068435e-02
2.041409586334629045e-01
-3.317520280740784977e-02
-1.218381785013490787e-01
-1.761638937853752251e-01
-3.123097190938632362e-01
-3.818696433347885666e-01
-3.172676958440841521e-01
-2.276721185514758439e-01
-2.251426434331616211e-01
-1.977824813353575018e-01
-4.091894176586280962e-01
-1.018388829096100873e-01
-2.730398839289116183e-02
4.793416411924389386e-02
3.031959020782673542e-01
2.273075348000591078e-01
2.739564665574493740e-01
1.885979666015849543e-01
-1.425155730531023172e-02
2.507766699000883379e-02
2.324357991052280158e-03
2.283148669042964207e-01
3.169387876935870763e-01
1.671981998301432237e-01
2.318983453455875088e-01
9.085315784167745379e-02
6.242041053664711819e-02
9.517079653723582722e-02
9.502537547537791935e-04
8.010761115986955727e-02
2.898807369587872926e-02
5.436027954974523985e-02
1.037075489595437328e-01
-2.747471898502887571e-03
-4.332005152348575999e-02
2.071767545404970892e-02
2.354716380330349954e-02
-9.602056822569807193e-02
-1.522841112605851921e-01
1.709598880985111757e-01
2.066893539768116239e-01
2.259288689511720905e-01
1.249885754425799633e-01
3.199740179626630598e-01
3.749225307790247652e-01
4.629740448460075153e-01
2.709691486733461496e-01
6.928135112700137266e-02
1.317190309950357352e-01
3.304435318731956950e-01
2.711493087089686393e-01
5.156718996838395297e-01
4.495336148222547901e-01
6.607706187245755425e-01
5.058866887987054639e-01
5.571348396329320884e-01
8.515176474121095573e-01
8.106543502393532830e-01
6.193613525388607099e-01
8.948089850421639957e-01
8.427857580136755011e-01
6.951433887925264621e-01
8.896246022943563592e-01
7.571010912958522354e-01
9.906409069164270331e-01
1.273341820846505934e+00
1.361956631197729140e+00
1.156776072062623895e+00
1.126254562314390695e+00
1.018971141502252209e+00
8.996986799965386306e-01
8.618444365611962477e-01
9.104331225393766935e-01
8.423730074733010165e-01
7.803737310805642924e-01
5.664474410154383133e-01
4.294222817399165892e-01
5.847646509066868337e-01
5.963759320412258536e-01
6.749127474289591255e-01
7.886700269800067664e-01
6.146491256390687052e-01
4.144319945062618915e-01
2.379346471813154340e-01
5.571890201597958781e-01
5.560029507511033975e-01
6.624867950266803973e-01
6.845757721788986450e-01
5.662703053434731126e-01
5.652967480065947958e-01
4.872115578346437603e-01
4.970223270068125365e-01
6.505236370997369288e-01
9.171494363669671079e-01
8.914978437451536175e-01
9.090137045755359857e-01
1.079403544988826402e+00
1.166102198637682497e+00
1.193645007610430575e+00
1.280466703660462446e+00
1.152383792506534776e+00
1.201789322965884033e+00
1.331246434957649605e+00
1.325420604027377491e+00
1.349321922681853358e+00
1.451568450558579304e+00
1.508799934296871870e+00
1.404281210790046641e+00
1.164063230964197837e+00
1.258147439875767937e+00
1.216788447794723060e+00
1.158830429265520934e+00
1.080455693388719940e+00
1.003778900284172160e+00
9.767066117502136713e-01
8.374939487507686575e-01
8.305600639367357596e-01
8.280827325115974746e-01
9.648790714733535001e-01
9.124578667304132917e-01
7.818208615955596352e-01
9.405804179419258171e-01
7.993675404185762723e-01
8.093770277226977061e-01
5.795350665352474451e-01
9.342482845270835279e-01
1.233880127919435354e+00
1.182028471676820347e+00
1.188282850928831680e+00
1.158410908161059627e+00
1.241208154787896367e+00
1.027895540023272325e+00
6.846478371185332756e-01
8.896315902616929172e-01
1.069208172512723820e+00
1.308824529185988572e+00
1.602527277574680387e+00
1.545435909092669924e+00
1.574730344187384778e+00
1.695422494742822472e+00
1.622293308193889061e+00
1.503502467059668390e+00
1.565520453727972106e+00
1.488457529519590317e+00
1.310971465525003543e+00
1.505839249838414107e+00
1.565422451056428299e+00
1.339070723175146638e+00
1.599650736215767699e+00
1.585578471744335971e+00
1.448054867621347608e+00
1.593014749408615760e+00
1.643218084511077315e+00
1.623713291276916104e+00
1.584903182630537977e+00
1.720320149395675680e+00
1.876844071696534666e+00
1.946945656820442849e+00
1.922958420430887827e+00
2.077795829271660732e+00
2.003066685659865342e+00
1.791931699576910564e+00
1.711865573291519782e+00
1.724773623949387380e+00
1.526591716540887766e+00
1.544281187057985560e+00
1.592000146929708260e+00
1.591003935220310694e+00
1.536351734907351441e+00
1.380265383613216379e+00
1.311884773518718239e+00
1.593814435510043204e+00
1.376449947469379653e+00
1.370661506374086791e+00
1.355593308256881624e+00
1.314038764246195479e+00
1.319410118668681964e+00
1.314144659938436099e+00
1.433518160461068280e+00
1.848104260522468234e+00
1.857303398352103896e+00
1.762162255102319497e+00
1.934348125112036465e+00
1.979190190920449233e+00
1.959436987374769679e+00
2.010957638115981716e+00
2.040919447081672722e+00
1.819345129093636215e+00
1.847259421449831684e+00
1.909715416534667032e+00
1.831052725367071865e+00
1.770095932218583856e+00
1.766819280994408992e+00
1.644470237758699938e+00
1.630351012296626712e+00
1.643622961556598039e+00
1.668705229674558810e+00
1.551508587765609626e+00
1.281215656900961619e+00
1.168278603103695135e+00
1.110680825096512336e+00
1.126289889679520151e+00
1.090866530270958368e+00
9.092573056144005461e-01
1.230830044642255983e+00
9.435829838284733873e-01
9.070787685218293372e-01
8.928733004908626647e-01
8.057554956771139087e-01
8.537378753517113061e-01
6.289833439337697563e-01
7.920252086797435753e-01
6.337636840136317007e-01
6.387755114256150613e-01
6.716789083537700877e-01
5.931792309430259369e-01
5.230114949530784152e-01
4.124295013227122220e-01
6.007170214371834183e-01
7.919161485887312724e-01
8.876464613711373408e-01
7.359087587408639219e-01
8.078627658918196008e-01
1.011304326055341152e+00
9.645761002506579862e-01
7.711164678777362447e-01
7.597150864608277487e-01
7.835370944016992745e-01
6.224198292728106985e-01
9.444475285499697170e-01
6.426093918162625318e-01
5.148696138384009080e-01
5.091242687926678112e-01
4.414232174057908242e-01
5.055555228427267567e-01
4.561357182985240066e-01
5.197685269364504812e-01
9.222794441868931159e-01
9.492699407620952545e-01
8.744674976764819085e-01
7.718385203395913274e-01
7.955657826825003331e-01
7.179908982747513768e-01
7.913198586781355903e-01
7.808780738679669264e-01
1.006526438369431675e+00
6.420027838405241161e-01
7.279661137382517078e-01
6.711886522624532780e-01
6.897897176968476041e-01
5.877201995784678834e-01
7.750852729112092110e-01
5.337726889674793140e-01
7.191745999982759319e-01
8.118166015408526670e-01
8.559901450128128975e-01
8.465750494619919131e-01
1.076525435375527584e+00
1.092446499649719849e+00
6.511146747399185752e-01
4.901014164362719749e-01
5.885915178638907452e-01
4.990129840478922385e-01
3.749235847340380290e-01
3.938624031763896527e-01
3.410872522589185607e-01
2.431875167160127138e-01
1.855252762127196919e-01
3.688367049984191404e-01
4.662520661111475562e-01
6.556981768730905102e-01
6.462474240465586606e-01
7.941855016289122160e-01
9.588780588408687411e-01
8.151416678250086312e-01
1.092204749473992598e+00
1.226494372740255301e+00
1.185173478277216752e+00
1.145297325078410866e+00
1.464006451407410259e+00
1.563205759259333583e+00
1.687628312139806575e+00
1.524036399282325149e+00
1.372442445722983795e+00
1.334069510302137607e+00
1.562915138042819452e+00
1.333926918536743500e+00
9.685493785759659024e-01
1.205475779682057214e+00
1.117686245228178610e+00
9.858275610428689495e-01
1.205641735916184398e+00
1.234017802208545067e+00
1.084258172152954502e+00
1.195263361436849747e+00
1.181353939373392281e+00
1.125560823062724980e+00
1.168532234201037578e+00
1.048646443293723252e+00
1.079943462708574886e+00
1.198060826372341570e+00
1.096263428266994300e+00
7.510961650497035569e-01
6.572778485125976289e-01
4.116617238392802913e-01
1.905686294035565387e-01
3.598485603889353124e-01
3.496391615316521984e-01
4.523402483921578066e-01
3.360897958062854518e-01
1.474904844114870162e-01
3.006655930459640746e-01
2.152169265023693434e-01
4.013563174957482937e-01
1.933374937996695242e-01
3.025323758555031328e-01
5.720805449019739086e-01
6.469151997996507308e-01
6.364830903251336158e-01
7.335280720203345428e-01
1.270544466089348790e+00
9.652542637610221909e-01
1.137880435143943325e+00
9.372993677169240145e-01
9.422054079032664564e-01
9.644159489931440898e-01
1.018022503495950026e+00
1.046915869110654818e+00
1.428047325776243603e+00
1.296603631829231107e+00
1.393410159583102770e+00
1.467360013588078660e+00
1.432634916550365123e+00
1.427296139356093896e+00
1.356170035336355495e+00
1.500351967382561824e+00
1.813818441136845649e+00
1.812331008736031368e+00
1.729631439962820316e+00
1.849479834888855700e+00
2.045961813496520065e+00
2.164438383519228015e+00
2.281401311457890824e+00
1.945110457141788318e+00
1.767852012926546035e+00
1.317452848851062619e+00
7.253996528624608864e-01
6.619410763527285024e-02
-1.053401111204790713e-01
-3.822220101212301380e-01
-1.253444913831773144e+00
-1.625944003860584797e+00
-1.752487157100257820e+00
-1.469076541878608699e+00
-1.170575501878148961e+00
-5.025934760227540599e-01
-4.040804864711632360e-01
-4.061477950753045185e-01
1.801204175379693406e-01
1.260784418336167723e-01
4.021456493094488494e-03
-1.472408828917106394e-01
-1.756551426675452554e-02
3.779191814629647705e-01
5.611452161630702262e-01
7.807110808054104067e-01
5.549208821155953153e-01
9.489399570796541727e-01
1.024531744034088199e+00
7.745637529870205151e-01
6.760212854531501003e-01
8.676061054764446778e-01
9.545559071501520387e-01
9.410986464083109793e-01
1.241968505156960889e+00
1.528419266557881517e+00
1.257909923604437985e+00
1.575520804121931739e+00
1.584743438771281099e+00
1.838894905131697621e+00
2.241366333654084997e+00
1.763050140040101743e+00
1.759378497924500406e+00
1.432068151310768922e+00
1.291257586935580015e+00
1.624896387923199237e+00
1.889328427756796991e+00
2.104591202279094908e+00
1.955608169016861408e+00
2.003241215199233594e+00
2.087844768001433593e+00
2.267627291795474509e+00
2.488100036936122805e+00
2.661779942496950824e+00
2.874107035395754295e+00
2.927947700025956834e+00
3.019970128922439212e+00
3.287129553354523281e+00
3.662031733754924634e+00
3.875253660322296678e+00
4.022684439626842412e+00
3.794524294938744546e+00
3.347427230893813555e+00
3.113054485345726263e+00
2.957959721776160400e+00
2.725478579839647697e+00
2.610134187968343511e+00
2.594672383478272781e+00
2.426564937674384748e+00
2.219502502859731941e+00
2.379860102361377017e+00
2.198606326263750965e+00
1.907455228186258012e+00
1.803733147947273796e+00
1.660824417469584091e+00
1.389034297307073285e+00
1.290558416653855511e+00
1.264591051271631406e+00
1.062726091832616904e+00
1.073968027916849755e+00
9.744419101274411910e-01
9.042847696434130889e-01
8.010660074415445475e-01
3.541669824222543617e-01
6.569021848665428098e-02
-1.406525761223527682e-01
-1.559319926946829415e-01
1.563844634352127005e-01
5.958089068161638302e-01
8.167885601168941578e-01
7.637898428422974506e-01
5.968564545653858300e-01
7.601885130684389313e-01
6.252017779537730746e-01
8.956886776462624766e-01
1.069811051877771035e+00
7.369922453474737623e-01
5.944643570051679760e-01
4.658122348395199452e-01
4.090525205203314751e-01
5.010280137243917631e-01
4.729030226699554307e-01
6.442173323662208073e-01
8.697149468973360831e-01
1.036253769947324876e+00
1.038326018460729916e+00
8.546561215114144572e-01
4.398191862592689128e-01
3.998220351057193422e-01
4.012875640938768917e-01
2.565384463148120409e-01
3.189209379727404037e-01
5.837252205218478318e-01
7.556429333483216659e-01
8.463564066727076174e-01
8.372419413894783835e-01
9.957078236336857069e-01
1.031685934355778489e+00
1.024239044261723297e+00
9.850487727700204532e-01
9.536614189086386473e-01
1.042381592525647216e+00
9.097466877155281351e-01
9.669557425082105917e-01
9.935655964485258229e-01
8.830338236275964148e-01
8.946925412265664956e-01
1.012564514986070696e+00
9.125836817964828596e-01
4.127868454973410151e-01
3.829952868638565322e-01
4.921896155357088909e-01
6.750101159107031457e-01
8.461849398017098345e-01
1.115237256819002321e+00
8.305570020994239577e-01
9.566873278355498833e-01
1.285497035960952550e+00
1.356019352556689928e+00
1.096889569985242119e+00
7.296581684218810260e-01
6.008749761456606553e-01
6.789858219477337142e-01
9.357247720073789132e-01
9.818869221741474140e-01
1.314226147621520235e+00
1.474745394303144552e+00
1.529098255148726881e+00
1.301553415012967951e+00
1.356319035359669245e+00
1.489305171003818318e+00
1.353269158234771785e+00
1.235105737014407401e+00
1.444599485910331715e+00
1.211453419718891533e+00
9.903773802061839326e-01
8.793354156876700412e-01
7.909523153253323891e-01
4.887059121108977000e-01
3.567189982761129752e-01
6.196940868993624507e-01
7.018999804192738168e-01
9.734316502500691692e-01
1.227261340309485416e+00
1.251037560411922378e+00
1.385907051869107232e+00
1.370793704096303633e+00
1.123916114898891427e+00
1.004415171164845022e+00
1.210684124166323539e+00
1.188401293837172856e+00
1.593735760338896412e+00
1.375578068881826654e+00
1.328047070605798963e+00
1.339020532204364677e+00
1.397701440178271914e+00
1.557342660274416923e+00
1.794038823037197083e+00
1.623195437766447924e+00
1.748978817316005907e+00
1.505108669220221351e+00
1.196624419846661347e+00
8.672172532234948550e-01
8.103798613544290763e-01
8.847252149840794111e-01
9.463925194631445104e-01
9.645764500751433657e-01
8.518252764761051754e-01
7.083100050711905737e-01
6.271651379077888278e-01
7.793510494071591577e-01
4.385996661821001674e-01
-9.904100390367463758e-02
-3.424029218816372899e-01
-4.370833121783269659e-01
-1.388913578767055623e-01
1.215967895060640486e-01
5.049654991978174134e-01
6.546315054169418168e-01
8.675193579899133089e-01
1.176121900711405655e+00
1.225805855245098552e+00
1.385579883118414957e+00
1.152955519116712235e+00
1.210443376053129017e+00
1.139999497550632457e+00
9.273646152548042920e-01
9.549874331813350548e-01
1.098533162235775684e+00
8.223918843795231526e-01
5.939655058929781406e-01
3.075819793817620162e-01
3.585094092278502398e-01
3.863450504849521017e-01
4.605493301453985611e-01
4.964436059911043198e-01
1.039539159965428450e+00
1.245108318586828133e+00
1.190202759530607057e+00
1.167940934609859482e+00
1.018884342575355539e+00
1.201322328558699137e+00
1.190697894715155636e+00
9.778507506345986977e-01
6.617987171911163813e-01
4.570056440700590583e-01
5.202472044529701245e-01
6.177896707094353568e-01
3.259085096140776350e-01
7.407125513190293553e-02
9.281111631755345481e-02
5.179854340323216677e-01
7.208949595788630704e-01
8.448244200892395250e-01
8.905670593919327027e-01
8.405644641507828974e-01
7.439106623071450874e-01
8.168796944941996152e-01
9.767703116916330863e-01
8.191146365798727125e-01
5.224839082937214885e-01
6.996652605590527596e-01
7.054578292431710196e-01
1.148041131834096840e+00
1.196569081786358568e+00
1.279752927864659107e+00
1.056199230050446580e+00
7.051812319195689405e-01
6.745091416131354656e-01
9.709151823939817794e-01
7.575664604190998075e-01
8.116649838819852691e-01
7.682729759880042586e-01
2.653834624040192214e-01
3.855631582524358669e-01
8.142084448420694454e-01
6.818201981387184141e-01
9.061102150399820143e-01
1.281181601003418935e+00
1.448530706680339231e+00
1.402192375515759482e+00
1.327491188725340665e+00
1.232342753288323101e+00
1.051187764164674965e+00
9.022755049037007868e-01
7.860897315239709915e-01
9.272351896879591493e-01
1.276732159078822537e+00
1.432239207810004578e+00
1.232522696772256454e+00
1.042101385371353217e+00
1.096094987044650360e+00
7.884810102297219458e-01
1.020615895351169478e+00
1.036875029529873871e+00
7.129020902283644823e-01
4.722411581893602439e-01
7.011091056167224611e-01
5.640062912849048704e-01
3.763153000137149373e-01
4.475004077911823308e-01
4.359331063805538253e-01
8.714536438755022818e-01
8.810978662327880739e-01
9.307078625803649752e-01
9.015378912770404263e-01
8.524461625195327574e-01
7.401914217041741795e-01
6.664232743805931225e-01
6.935756687101988227e-01
8.777862064699595290e-01
7.300084687657480975e-01
5.565042620094556858e-01
1.001483662697016275e+00
1.037874309918994431e+00
1.026068506715507311e+00
8.145397442683527389e-01
1.036671869319005346e+00
9.520174268566283793e-01
8.893089969368178638e-01
6.989940736486019990e-01
7.314706195545385148e-01
4.838597857096025856e-01
2.383695117563643384e-01
1.708409072499722514e-02
7.426594327360490355e-02
5.297417957895258489e-01
7.540279040437801727e-01
5.154789988874051154e-01
-6.848500960925796299e-02
1.096722368525818725e-01
1.651497096078727855e-01
2.643554364160798920e-01
5.933497303484696062e-01
5.207018478805243156e-01
1.748205815531603813e-01
1.086245699870056064e-01
3.467059638904331220e-01
4.819131733811167773e-01
5.056898974243271283e-01
9.069639068856081288e-01
1.093008978051239311e+00
1.471697288716726781e+00
1.346793549021867431e+00
1.397804527040734657e+00
1.558719162518015899e+00
1.380433373075835135e+00
1.212839485527765770e+00
1.241322930010307024e+00
1.209248678487579109e+00
1.327009865401371114e+00
1.065310177174586981e+00
7.277262690420323032e-01
7.423874612040315402e-01
6.933993354370069362e-01
7.164136229029109959e-01
9.174764389967617895e-01
7.852841831608388112e-01
4.853498129870829625e-01
4.656837159126506198e-01
7.484796764164993732e-01
1.197370048623862981e+00
1.377654675574423226e+00
1.515957097858637415e+00
1.563127066781212493e+00
1.545020295057937254e+00
1.426072075765955516e+00
1.668891866234373245e+00
1.511806546857994427e+00
1.341262409290394864e+00
1.480052148544159563e+00
1.281078806886750243e+00
1.151825021867963095e+00
1.279735428014662002e+00
1.159212185738973444e+00
8.432131060054258720e-01
9.610086314820228681e-01
9.013536728063927805e-01
1.057098302244999566e+00
1.131208846111852129e+00
1.022844011541106823e+00
1.017147981744366270e+00
1.088106265798799210e+00
9.796132386101462641e-01
1.050144984629894473e+00
1.031590347781493167e+00
7.502973041005671639e-01
6.491820333644228169e-01
8.282261024897117352e-01
1.110109282202613734e+00
1.097952081334494956e+00
1.220243179539939771e+00
1.326971331227762674e+00
1.379776941685306291e+00
1.340591834777035807e+00
1.489929179252218683e+00
1.364498055831733891e+00
1.251523305712115119e+00
1.174056919132100196e+00
8.990000782768956533e-01
1.041185833820479134e+00
1.117050099547830966e+00
1.230360943921728456e+00
1.431026872359439039e+00
1.445459713160568205e+00
1.661901359321543037e+00
1.837204863077089634e+00
1.896703521704967255e+00
1.604931077519700544e+00
1.526613629187353549e+00
1.407990538773202127e+00
1.484705840881056504e+00
1.697949186090640161e+00
1.873778479921523132e+00
2.113378481262953912e+00
2.131575362231136861e+00
2.168606344606987424e+00
2.157583449418085220e+00
2.072380986719244866e+00
1.946527464311069489e+00
1.866681127692673137e+00
1.891855635530069968e+00
1.803108884243862953e+00
2.123005644612659282e+00
1.989951657160524690e+00
1.844663613335367103e+00
1.623172171051600277e+00
1.447585745824311543e+00
1.596529853224809559e+00
1.419581387921897697e+00
1.468509750218447429e+00
1.621046232930178244e+00
1.548667933233310423e+00
1.497995899421278754e+00
1.538174010875424047e+00
1.488770948370761849e+00
1.726823129518739064e+00
1.832166261295013365e+00
1.997647880920474961e+00
1.979222681039192189e+00
1.866937196963128542e+00
1.575908451310322089e+00
1.402846553836097465e+00
1.355336435401587103e+00
1.573774134994147422e+00
1.668647490933573785e+00
1.645708720555713045e+00
1.517565587634919222e+00
1.275621599520333715e+00
1.129936001583543792e+00
1.132426010270565664e+00
1.210397675822095787e+00
1.476263818253354732e+00
1.336703272964009148e+00
1.556323282047265222e+00
1.516737069200652765e+00
1.589814707314559428e+00
1.519424061161185557e+00
1.468238301919956079e+00
1.273437937273038445e+00
1.141369995331901199e+00
1.004078074368796480e+00
8.977530987579483979e-01
7.523627527070394505e-01
7.691952612771580933e-01
6.037492731869749107e-01
4.696050116911074657e-01
3.799261200342694544e-01
4.650827672084023590e-01
3.934627772090742992e-01
4.512719757465991632e-01
4.360081659492618389e-01
6.072211623758355659e-01
7.528101111352348829e-01
7.846766784808316686e-01
8.159483495812653864e-01
6.429915531999521594e-01
7.739869587380966420e-01
1.001996599178070158e+00
9.310749871136650979e-01
1.000847076938447655e+00
9.273089136013543676e-01
6.203066122965310569e-01
4.221064669207128528e-01
3.006825271421376677e-01
2.245083390060436876e-02
-1.494284213610811152e-01
-1.207211940524955396e-01
-1.613070529235242911e-01
6.997148592334578865e-03
-1.217716004275110758e-02
-4.577433418013303335e-03
-5.309737546564370636e-02
3.981698005946762015e-02
9.277095261199685972e-02
-3.492186204354909979e-02
-7.130972640625984904e-02
-3.521084064131769775e-01
-2.670841707669755483e-01
-1.765529797093970954e-01
-3.738103560356840355e-02
1.219623958150965054e-01
-1.648018352878218851e-01
-3.118165254793593966e-01
-3.611578299012252469e-01
-1.876147874865146115e-01
8.075321116626429929e-02
2.321773522456687666e-01
1.008721886409496282e-01
8.341517595283319542e-02
1.546509062212909624e-01
-8.118790686902651807e-03
2.297832775421217513e-02
-5.664198602827018314e-02
-5.418740533025466488e-02
-9.343871047873507363e-03
1.008146627047116217e-01
-7.401858009290930573e-02
-1.151774133788338178e-01
-4.587711244667828647e-01
-2.913697341242980077e-01
-1.522536793327300964e-01
-1.449863102849666963e-01
-7.352071279649341484e-02
2.243116609375322146e-01
1.493225345878988197e-01
1.195986862120656108e-01
3.356326812928947523e-01
2.012363437221105222e-01
-1.992385381573033021e-01
-2.777430006837869891e-01
-1.265188049330526754e-01
5.209801886337749738e-03
-2.346884929726041416e-02
-3.075552031442578549e-02
-1.036971741673965441e-01
8.565072846435245468e-02
3.738731148583879227e-01
5.201269096823575300e-01
5.147366324842665986e-01
3.776361326235630478e-01
4.660474136731099226e-01
7.081352655327891599e-01
7.992033310545085811e-01
7.804702243564614061e-01
7.596495662550624139e-01
5.941035798570619697e-01
6.054128535358525021e-01
5.784229203815188791e-01
6.579995905749201901e-01
9.069444447413511634e-01
8.251760334605062752e-01
9.106010099672720015e-01
8.233866885462922669e-01
6.326227161653593667e-01
6.446364531159380906e-01
6.395386807707714727e-01
6.292924751846682430e-01
5.781391368531922925e-01
4.794166039266820056e-01
5.007116375293610977e-01
6.786133302917417565e-01
5.961288370025515926e-01
4.942452898111905357e-01
3.095465099543627807e-01
2.929248513931893005e-01
1.439980999792540572e-01
-1.730892397640756974e-01
-1.122127612803357904e-01
-9.416909074990488515e-02
-1.940702172945681370e-01
-2.099644127302089935e-01
-3.088588780093814434e-01
-1.236932556634685043e-01
9.278745799479098944e-02
1.418773557610976399e-01
2.241532620910703932e-01
5.707889919894040265e-01
3.812519398455740949e-01
3.076216071715411893e-01
3.612942072533031346e-01
4.601021406373056455e-01
4.445463702453085753e-01
7.496410157320629875e-01
4.795817736076327664e-01
3.198716723013724228e-01
4.069807628674255162e-01
4.364342032863242626e-01
3.578445565092012171e-01
2.494501288983070331e-01
3.567341251041051819e-01
3.592650537728568905e-01
1.921603164300037248e-01
-9.375778223755271146e-02
-1.031412589692059512e-01
-6.587522427822462001e-02
-9.582278138095581821e-02
8.402481410697194841e-02
1.276903556063360310e-03
-7.930176601291151484e-02
1.118021919952211368e-01
1.554912526235027216e-03
1.145579961006503306e-01
5.322627652188608449e-01
7.880689167561674147e-01
1.050886932085041803e+00
7.874453757881068050e-01
6.372605706886347310e-01
5.663755472900854349e-01
5.406392191159755667e-01
4.777137646840936558e-01
2.720878877818141972e-01
2.273994328661917697e-01
2.599517243384918963e-01
1.529098178689527188e-01
1.257130171355632653e-01
2.415665689279378192e-01
2.944337450643186860e-01
3.220504741329348608e-01
2.654740394478788401e-01
5.422699953205728507e-01
7.110130288069607118e-01
7.747335369642185388e-01
7.289717619243502034e-01
5.712690990919451206e-01
6.266078646746852110e-01
7.877061305202303076e-01
7.238317679422588968e-01
7.378971930279403235e-01
4.743712223693370977e-01
2.864780645228013345e-01
2.817706865350910195e-01
1.249837405951752523e-01
1.150739093805273616e-01
2.658187604220830780e-01
-7.839641400063858401e-03
6.865703452823929132e-02
5.466693837210576112e-02
-1.977291203410507237e-01
-3.689868820220532086e-01
-1.155902805625357022e-01
-2.984502626557581917e-01
-1.848575287252576249e-01
-8.793083605757397170e-02
-9.857867858405107431e-02
-1.247540416468266300e-01
-1.754042679402003924e-01
3.012116808219418573e-02
3.351219950584981982e-02
-1.714595814389381911e-01
-2.363593278973489809e-01
-2.072640467904104389e-01
-1.768304392490236410e-01
-3.295443825624106982e-01
-6.117641607339791010e-01
-5.575128953807944043e-01
-2.663202557642194157e-01
-2.212512572436886593e-01
-1.711521421039944035e-01
-3.157774384304174453e-01
-3.320023170759174302e-01
-2.684435588550095342e-01
-1.843868822812551322e-01
-1.139926475072533946e-01
-3.109053742242556262e-01
-3.436649576804682304e-01
-1.596800096961887572e-01
-4.947237640056032643e-03
1.089551285142985049e-01
7.355062968644933419e-02
-2.052674230953317053e-02
1.604976232689935278e-01
8.219140134247386598e-02
1.191473897023561518e-01
2.865889613806971714e-01
2.227291966138878199e-01
2.142934585491421684e-01
2.191899298561400533e-01
-6.854481233345144364e-04
5.330512148516154680e-02
1.929504468140647300e-01
3.280058698119081573e-01
4.355162889187934594e-01
2.289431938316437987e-01
1.472877674496566591e-01
-1.496860567776904793e-01
-6.501202663966896417e-03
1.247314289076652816e-01
2.445880361998334918e-01
2.057121384849728840e-01
1.735433944807857065e-01
2.703205222428883281e-01
3.520557275121721785e-01
3.708649035337177047e-01
4.591284962813830806e-01
3.865393229211852022e-01
3.313830080482540463e-01
5.202283407271254267e-01
3.461679717384750221e-01
1.786751383886427680e-01
2.894736128198953096e-01
1.132713987788108306e-01
-5.426767569610541769e-02
-2.423476200721305651e-01
-1.673417847388407875e-01
-3.359090619526151900e-02
-1.562364473810997356e-01
-1.942922188673792405e-01
-3.810502651615120251e-01
-6.125549467718580665e-01
-7.313690356352073874e-01
-5.738307541103740972e-01
-7.162204996087785380e-01
-7.386222317664521420e-01
-8.948446089862689412e-01
-1.015264343609840525e+00
-1.004264454253601446e+00
-1.306341142060100990e+00
-1.288596378003382448e+00
-1.211617293609723367e+00
-1.184111706257015673e+00
-1.377247849827441639e+00
-1.510037897976014953e+00
-1.591809072123422597e+00
-1.386047781293131997e+00
-1.289743705073806535e+00
-1.292553853873099179e+00
-1.325547120945750779e+00
-1.339382353906227507e+00
-1.597672103830550583e+00
-1.411014419851520652e+00
-1.214807087280655340e+00
-1.415899260681035665e+00
-1.627348618149253801e+00
-1.709702938671120664e+00
-1.882511411644344435e+00
-1.986667130861024200e+00
-2.060477316450462393e+00
-1.882097986318727711e+00
-1.947812279178086081e+00
-1.983838263913408007e+00
-1.865372938178104345e+00
-2.164481528821199596e+00
-2.164807358889145217e+00
-2.272111930135265467e+00
-2.286024589042559452e+00
-2.259616679880503742e+00
-2.170773409012649591e+00
-2.190848835085011270e+00
-2.301880792854662960e+00
-2.567162884351351426e+00
-2.821397640318965117e+00
-2.756360786913566674e+00
-2.760706611969893753e+00
-2.722133292588021281e+00
-2.650815365261220080e+00
-2.835065288575965070e+00
-2.958053548061827520e+00
-3.242496018925178358e+00
-3.318527381379267283e+00
-3.303667233514335333e+00
-3.157237753924118984e+00
-3.312275646272067053e+00
-3.223239487238994005e+00
-3.208098787384418227e+00
-3.176311034388222598e+00
-3.223245626505122363e+00
-3.217504057806522155e+00
-3.343926412048579433e+00
-3.291246953824278343e+00
-3.303757975274739689e+00
-3.404457813920339859e+00
-3.325806968291709520e+00
-3.572327603014899822e+00
-3.710201362033660910e+00
-3.689928587714866204e+00
-3.663556901858088466e+00
-3.697391982332582927e+00
-3.839432765189987773e+00
-3.998743897207494680e+00
-3.931994852633649451e+00
-4.089618216055912470e+00
-4.114267313984140806e+00
-4.043980694814619525e+00
-3.991049526744797848e+00
-4.028533450402258964e+00
-4.283315787922941986e+00
-4.184475115706316473e+00
-4.005637468335427442e+00
-3.942862852395312867e+00
-3.791690685590235699e+00
-3.726391597687738866e+00
-3.851437726530719807e+00
-3.802663184598165991e+00
-3.883855166617744548e+00
-3.812987232530133497e+00
-3.703108572708300184e+00
-3.786236101188824588e+00
-3.743084281307967220e+00
-3.663255908311672027e+00
-3.693264861087071083e+00
-3.664403820647447407e+00
-3.549023283905243797e+00
-3.450921651442246496e+00
-3.515128963604646106e+00
-3.241960427139125134e+00
-3.068077561790125252e+00
-2.871148514379732397e+00
-2.670647779014368339e+00
-2.628689424281545506e+00
-2.553501067943907632e+00
-2.564822286688238417e+00
-2.602034757902329964e+00
-2.433339720926182448e+00
-2.263039873793140089e+00
-2.171050295218856174e+00
-1.955831677498564680e+00
-2.034752537820486040e+00
-1.960134160822874172e+00
-1.807196747655379854e+00
-1.999897813861516216e+00
-1.988912640541214749e+00
-1.973326513747123423e+00
-1.981076851070100453e+00
-1.932300608275923537e+00
-1.872374376935405982e+00
-1.536411290053343093e+00
-1.537749868050769519e+00
-1.419810922937755793e+00
-1.303688142933487448e+00
-1.492599245767387561e+00
-1.664947961347534422e+00
-1.717541611181051309e+00
-1.734119511578444683e+00
-1.886291181780421322e+00
-1.849925808908465141e+00
-1.893147711801704824e+00
-1.829439250072215195e+00
-1.870825522535091601e+00
-1.915491216977785349e+00
-1.956487012668126191e+00
-1.879081022375280519e+00
-1.914296814769042898e+00
-1.874002977224868527e+00
-1.938857804175933230e+00
-1.948498801968111316e+00
-1.860137581387436789e+00
-1.880460229760293034e+00
-1.825613573151161573e+00
-1.898492368443833733e+00
-2.043258554908300884e+00
-2.148280428028880529e+00
-2.212255382365287293e+00
-2.337685815085201568e+00
-2.323803989168165884e+00
-2.415949054472797286e+00
-2.501185587610280425e+00
-2.496613403518667784e+00
-2.437409921544734903e+00
-2.249019123370232798e+00
-2.242540042177422421e+00
-2.279755896057406694e+00
-2.367715972034267757e+00
-2.359989520865955370e+00
-2.450736564756552660e+00
-2.384358217085269516e+00
-2.463117960308826682e+00
-2.538388412766939162e+00
-2.548035725185511247e+00
-2.670292824183212232e+00
-2.726815890890883942e+00
-2.777817536618170990e+00
-2.756726641280303092e+00
-2.847288463245059464e+00
-2.989479892622049828e+00
-3.126759249020987230e+00
-3.010070711512296437e+00
-2.914965766153910121e+00
-2.920090231539580028e+00
-3.004637912622331708e+00
-3.036245855491958689e+00
-3.043134311945854265e+00
-3.129516369233145578e+00
-3.059906765649640814e+00
-3.189471810105383387e+00
-3.162982000106949076e+00
-3.138566594174660551e+00
-3.071927491231151830e+00
-2.973008504343370717e+00
-3.030377812942174121e+00
-3.141326422965281751e+00
-3.297463960709717146e+00
-3.300836425919991157e+00
-3.241563568049010691e+00
-3.349241446041661519e+00
-3.401617413695477765e+00
-3.502625364658638052e+00
-3.494097577528729293e+00
-3.514065967706138327e+00
-3.460434524466447836e+00
-3.412242669949541174e+00
-3.329625868179662440e+00
-3.397994205775209053e+00
-3.374749832270321992e+00
-3.499158604521021232e+00
-3.499170956402506416e+00
-3.545903547166139980e+00
-3.664622502313522379e+00
-3.634287765515581192e+00
-3.628662815022236643e+00
-3.677852934173413857e+00
-3.563831527306196900e+00
-3.465106639549357492e+00
-3.465160920900153485e+00
-3.358070891880677422e+00
-3.368178436030925926e+00
-3.404433028396944838e+00
-3.426277833648740945e+00
-3.369623753880086170e+00
-3.360793374551080070e+00
-3.369413320547791635e+00
-3.454399726043495988e+00
-3.447023303008895478e+00
-3.484374232447857711e+00
-3.574888939912728159e+00
-3.700981792339089527e+00
-3.716087883316310236e+00
-3.652494569601744345e+00
-3.743426859284944008e+00
-3.710094307049191631e+00
-3.670378602820287828e+00
-3.700949591454925969e+00
-3.812321576845988602e+00
-3.889256893701639850e+00
-3.941783151975803534e+00
-3.913632911670603676e+00
-3.935843844544359094e+00
-4.039057436130430112e+00
-4.003830253884617107e+00
-4.055607696110182125e+00
-4.199180960297354659e+00
-4.268781267879277586e+00
-4.284791672495780190e+00
-4.188202843168373768e+00
-4.166617424406384274e+00
-4.277630491146528158e+00
-4.390631487894450125e+00
-4.442056158925311138e+00
-4.535130930601338761e+00
-4.550119535002808746e+00
-4.598879469154888433e+00
-4.626713353048945265e+00
-4.793292635353877174e+00
-4.885451467033775863e+00
-4.870453508398706610e+00
-4.869296172025855185e+00
-4.848283712768090226e+00
-4.808269286122804687e+00
-4.803187723989108093e+00
-4.921997132764868610e+00
-5.009084718637607736e+00
-5.044802470102290215e+00
-5.136045196288161918e+00
-5.229750774982358408e+00
-5.215715620564155053e+00
-5.248708773714107600e+00
-5.207029008566787631e+00
-5.247312717273389993e+00
-5.198738000734705267e+00
-5.252932749072567020e+00
-5.302766954301953994e+00
-5.303349483686819354e+00
-5.283937071727176082e+00
-5.311962833567559272e+00
-5.305296146141175839e+00
-5.316718147966380315e+00
-5.393278501252682489e+00
-5.397920759190201423e+00
-5.465415875949023672e+00
-5.508122597604919513e+00
-5.491705775089400277e+00
-5.467885266692080748e+00
-5.558511321016924356e+00
-5.623737339715666472e+00
-5.619862499231598640e+00
-5.570849302177586893e+00
-5.553397514480635344e+00
-5.590455548400310448e+00
-5.539083132355078654e+00
-5.616596248367375921e+00
-5.694249415288750171e+00
-5.697685777821245523e+00
-5.727936303316115030e+00
-5.800237254940848963e+00
-5.808063630574562097e+00
-5.856961224218210305e+00
-5.856509298861512391e+00
-5.800907663170381312e+00
-5.761520901640229120e+00
-5.727310111000227799e+00
-5.754291410857629074e+00
-5.753117230544972927e+00
-5.819441541823534791e+00
-5.851599083702327952e+00
-5.855901188369589505e+00
-5.896771512899353418e+00
-5.931916381905903535e+00
-5.886998616336037493e+00
-5.917203067993445309e+00
-5.948476866676030816e+00
-5.995428449558168005e+00
-6.015719981953353113e+00
-5.998915455941113528e+00
-5.980940745501237110e+00
-5.950719891373664083e+00
-5.997747739768048980e+00
-6.114527609170298916e+00
-6.192157655602678723e+00
-6.241074237541637260e+00
-6.230846478247591413e+00
-6.270987241333417117e+00
-6.325562174190807241e+00
-6.328653068904183776e+00
-6.399227026505111660e+00
-6.359804028046606383e+00
-6.325178845685828222e+00
-6.351514758031370889e+00
-6.400745527802251367e+00
-6.320501149131750651e+00
-6.334799854183504664e+00
-6.344589002740503858e+00
-6.303142809714192829e+00
-6.353380337122606747e+00
-6.326554995632938549e+00
-6.340041127601286242e+00
-6.291845360182327873e+00
-6.406040144497828770e+00
-6.428980825774660346e+00
-6.401678051223562704e+00
-6.380418157603589435e+00
-6.442059713313152969e+00
-6.470790197977261293e+00
-6.500376202282621918e+00
-6.531969341698410148e+00
-6.528760106364856597e+00
-6.433967886609377906e+00
-6.390805281124593229e+00
-6.379149470601291227e+00
-6.366766275966229571e+00
-6.386452580545812552e+00
-6.342472619162668579e+00
-6.415620581214717788e+00
-6.466128674658836673e+00
-6.478527479968187563e+00
-6.426970614214178035e+00
-6.470066220411636593e+00
-6.472769496434591652e+00
-6.518582101555171704e+00
-6.530855500825587967e+00
-6.635602436643434743e+00
-6.765707598213980489e+00
-6.794433277156038287e+00
-6.872446967920206262e+00
-6.921968043342308974e+00
-6.893134077429806439e+00
-6.922799166178607244e+00
-6.976891779437931262e+00
-7.001689991897001697e+00
-6.997970132694716128e+00
-6.976354314291400627e+00
-6.946350786860532089e+00
-6.945618742685452318e+00
-6.951737818958459769e+00
-6.930533504958571456e+00
-6.957054762797927339e+00
-6.994671712535986074e+00
-7.019027560096454010e+00
-7.006610928706986208e+00
-7.125184726163670490e+00
-7.240712120209153113e+00
-7.332536876068853182e+00
-7.307934956867547349e+00
-7.359125847059735825e+00
-7.378182560638858689e+00
-7.307643734597083274e+00
-7.293386248635802538e+00
-7.219310319464164571e+00
-7.266604680924647397e+00
-7.294184231299595922e+00
-7.247590851207427853e+00
-7.274295299592915320e+00
-7.315065934145327908e+00
-7.370109620783600768e+00
-7.442985549101393872e+00
-7.452690344657251664e+00
-7.481623395109732400e+00
-7.406627970964169805e+00
-7.392332817654120092e+00
-7.354087787103724239e+00
-7.345981441863841610e+00
-7.386481528381220407e+00
-7.379801733845841483e+00
-7.431121288648223633e+00
-7.479171419647700603e+00
-7.511183205715393107e+00
-7.519584970528073953e+00
-7.597391829450622858e+00
-7.681528061739435920e+00
-7.695800634896475145e+00
-7.660187069692802275e+00
-7.664781010782901305e+00
-7.697227326909749756e+00
-7.611222592829420819e+00
-7.541699847434539805e+00
-7.607542206515061523e+00
-7.644959271106295695e+00
-7.728729774593722901e+00
-7.663683742813570454e+00
-7.600075140028157428e+00
-7.534411544011397233e+00
-7.575970430993304916e+00
-7.498108485953199676e+00
-7.476786306560850193e+00
-7.389071161928610465e+00
-7.398382991088330307e+00
-7.345336041829792606e+00
-7.321942989131354551e+00
-7.319109722724038036e+00
-7.318120496702290367e+00
-7.303114647769518797e+00
-7.340692669002886639e+00
-7.253477628385196496e+00
-7.196395287748804215e+00
-7.266372419901273361e+00
-7.297558169741269474e+00
-7.282476438087068793e+00
-7.330303897077409481e+00
-7.304430297001625938e+00
-7.361453937753651644e+00
-7.381024953060757454e+00
-7.320006482624070721e+00
-7.310604183495696518e+00
-7.294959358905082958e+00
-7.220938364616939609e+00
-7.196046557223041873e+00
-7.217035015343252979e+00
-7.271735056369304395e+00
-7.283328131153900209e+00
-7.271489206735647137e+00
-7.288929563074402651e+00
-7.277110392305366382e+00
-7.282741906410980626e+00
-7.333887705885356212e+00
-7.307595808556401451e+00
-7.339526736123856310e+00
-7.294606372128204619e+00
-7.273735039640410349e+00
-7.249115041244497348e+00
-7.206855816430147499e+00
-7.249472332716113243e+00
-7.288244230814860281e+00
-7.279210332353708957e+00
-7.269583990817262809e+00
-7.244103123015921852e+00
-7.285026447273204475e+00
-7.317601654074170625e+00
-7.383515062485524361e+00
-7.435325743820546229e+00
-7.420894557941579706e+00
-7.385084117101486711e+00
-7.363014665462543462e+00
-7.401482585763937472e+00
-7.460314643018069347e+00
-7.413934329241109289e+00
-7.362553562785602246e+00
-7.375434462349095277e+00
-7.404039842419614992e+00
-7.446529273971894902e+00
-7.432311716100585386e+00
-7.439508212493533890e+00
-7.373285520673432458e+00
-7.344251128245391058e+00
-7.372602754348331011e+00
-7.387160937268316019e+00
-7.396087773780345209e+00
-7.373375847521042026e+00
-7.331183765320897550e+00
-7.334659544221393546e+00
-7.388870177786047932e+00
-7.424899458471837299e+00
-7.369875125072370636e+00
-7.385344016976891801e+00
-7.294713624776745675e+00
-7.281667379613998570e+00
-7.260329879391282049e+00
-7.249399333144190827e+00
-7.189553150123243697e+00
-7.143776634135633685e+00
-7.136173618473429237e+00
-7.221712958687987793e+00
-7.243057207359473892e+00
-7.330689226997877839e+00
-7.349579214387915727e+00
-7.354777227061723543e+00
-7.350830860699172575e+00
-7.360821407613940437e+00
-7.414524038914570347e+00
-7.496896092685046753e+00
-7.529941029432582589e+00
-7.500307738145938430e+00
-7.508902098127395064e+00
-7.488395126001364588e+00
-7.478327005125369631e+00
-7.473999712997106748e+00
-7.562136091130320814e+00
-7.642030397100395334e+00
-7.627821181053374033e+00
-7.562462544040266188e+00
-7.529617523939037937e+00
-7.511431809832562756e+00
-7.610986464758266123e+00
-7.574035124207502356e+00
-7.578705462975183771e+00
-7.553369987445971212e+00
-7.570764206779093008e+00
-7.576862031508972528e+00
-7.613670053777836344e+00
-7.559926793232335740e+00
-7.541492681661121189e+00
-7.618056694547044039e+00
-7.616113972879753113e+00
-7.677442837607582504e+00
-7.782456077724548393e+00
-7.829750747861203841e+00
-7.874307193380591485e+00
-7.920255584662685422e+00
-8.054805284058755177e+00
-8.122405096587504758e+00
-8.134472640833260826e+00
-8.187220293942333527e+00
-8.223208340869454958e+00
-8.195493777081077624e+00
-8.216075682914878442e+00
-8.246136107453830633e+00
-8.305930471859332087e+00
-8.258606963290917591e+00
-8.256286045101726145e+00
-8.230691350821309982e+00
-8.242323530870750758e+00
-8.227452481610512791e+00
-8.257012819976791818e+00
-8.363920743032442928e+00
-8.348987155226712531e+00
-8.367092797070423416e+00
-8.376066708530601090e+00
-8.455722595251270235e+00
-8.465960137000386965e+00
-8.468087674696537448e+00
-8.457351289066304290e+00
-8.401077993356228291e+00
-8.438045568432071875e+00
-8.418864415388641831e+00
-8.358566003799230870e+00
-8.273321928890320365e+00
-8.222310233482286179e+00
-8.222141688130900405e+00
-8.264184587559631368e+00
-8.289900064770556298e+00
-8.344173219624289928e+00
-8.368865484961041545e+00
-8.360818742064733300e+00
-8.403086612433098068e+00
-8.500129475618953379e+00
-8.443838920853416141e+00
-8.459601835993904473e+00
-8.462238156658299815e+00
-8.478513830380830285e+00
-8.479035402702901791e+00
-8.479762805126247471e+00
-8.451474258240915916e+00
-8.510823982294589030e+00
-8.530474043606387724e+00
-8.589495891613218248e+00
-8.595417191045925165e+00
-8.652202106100737922e+00
-8.705027767131888083e+00
-8.601516214665233306e+00
-8.622289671554019819e+00
-8.595280000615650451e+00
-8.510410664089276267e+00
-8.433609323078998798e+00
-8.354296843328341993e+00
-8.431791035166035897e+00
-8.492320150219310193e+00
-8.491516817147918061e+00
-8.456316612923437503e+00
-8.453805190560595761e+00
-8.486433464705225305e+00
-8.457059218910201182e+00
-8.428384864985520863e+00
-8.426681057285250631e+00
-8.462734933385355873e+00
-8.573535017286523896e+00
-8.605637863457760162e+00
-8.566110458977243880e+00
-8.518340413027706504e+00
-8.519166048798938462e+00
-8.519766555465388080e+00
-8.509849132944895089e+00
-8.461063407304960649e+00
-8.460051967406180040e+00
-8.415600986518199988e+00
-8.533731915534945145e+00
-8.502556903405981359e+00
-8.423586381086412445e+00
-8.457478625563876307e+00
-8.475593561741957771e+00
-8.500365279486054249e+00
-8.475105450394870843e+00
-8.508006829823525408e+00
-8.533464228208758939e+00
-8.502196307769100514e+00
-8.432480882643575981e+00
-8.443934017070860776e+00
-8.490507619986610521e+00
-8.572390353161361887e+00
-8.647891283745131830e+00
-8.527166615150658657e+00
-8.499436284486675319e+00
-8.520641531514428380e+00
-8.534689392027868138e+00
-8.612092154166381519e+00
-8.570781113729005085e+00
-8.572126293457621671e+00
-8.601099710040651658e+00
-8.608713882095393899e+00
-8.566926184204431749e+00
-8.597341110735824188e+00
-8.562937377843086395e+00
-8.662152101192177156e+00
-8.660555809479781431e+00
-8.558901550193290575e+00
-8.532388273423947567e+00
-8.657212165174383856e+00
-8.669286688703452981e+00
-8.735719320913336361e+00
-8.793444665502722302e+00
-8.709579618040848459e+00
-8.680834356212507430e+00
-8.770365955937480251e+00
-8.649309455249269973e+00
-8.675622359862609656e+00
-8.694475605840018773e+00
-8.615508093856217187e+00
-8.663266775569397282e+00
-8.686225418707531176e+00
-8.728960462328769765e+00
-8.698143210390034241e+00
-8.651963000044588625e+00
-8.728294679038333115e+00
-8.789124925917640496e+00
-8.689656917413124404e+00
-8.729565587784552605e+00
-8.736798738865367397e+00
-8.814594030286507120e+00
-8.853325122225660593e+00
-8.845873332004417833e+00
-8.879627972874791553e+00
-8.863210684010889295e+00
-8.711701540607089456e+00
-8.617175761330280181e+00
-8.576951044177837602e+00
-8.546639813712987532e+00
-8.516892615764426466e+00
-8.454171214452149030e+00
-8.472773194973191480e+00
-8.428759827590704745e+00
-8.516575383784665831e+00
-8.553789975518794719e+00
-8.608246319062081042e+00
-8.686421117947030979e+00
-8.688452930912141881e+00
-8.645467404806904455e+00
-8.658357830977584157e+00
-8.622643940480308800e+00
-8.600456849899407175e+00
-8.576086093780096675e+00
-8.567175890971661545e+00
-8.606010823032375967e+00
-8.602992671794664759e+00
-8.651514643060986387e+00
-8.679507103808100865e+00
-8.747432953041744952e+00
-8.753324663325445343e+00
-8.743230898723274080e+00
-8.754848714102864804e+00
-8.728747397202905489e+00
-8.725241640201598869e+00
-8.695523121053783555e+00
-8.818709303074266259e+00
-8.868312075709223308e+00
-8.908327032014419444e+00
-8.987607192490260744e+00
-8.889788562038416941e+00
-8.908283064400354334e+00
-8.937085949679966390e+00
-9.032474009467538423e+00
-9.033343165323673318e+00
-9.044966730166111191e+00
-9.060027704785905911e+00
-8.976278037192830794e+00
-8.907813677502851135e+00
-8.857365863815932272e+00
-8.939412227433908953e+00
-8.996328602903986393e+00
-8.977612465957630405e+00
-9.014389499712592624e+00
-9.039471322081253035e+00
-9.049579923878850352e+00
-9.095210523798360924e+00
-9.083219549915206414e+00
-9.191125894652186545e+00
-9.161058075621138386e+00
-9.105934345213483994e+00
-9.106112763250013842e+00
-9.102320819399935203e+00
-9.052651904051121079e+00
-9.052656299260341655e+00
-8.972608628169147948e+00
-8.952624071012182938e+00
-9.017791181954278201e+00
-9.000451327951953573e+00
-9.005375397063035692e+00
-9.051279324340463006e+00
-8.959433287466872287e+00
-8.854190102541132035e+00
-8.807572010048353661e+00
-8.855176272354864153e+00
-8.843598427930986716e+00
-8.836106688853062607e+00
-8.837136906994629726e+00
-8.856389598710121547e+00
-8.944403551624127147e+00
-8.865849216691865209e+00
-8.895224618233878999e+00
-8.870323925655762665e+00
-8.830902887790392342e+00
-8.913477838555003530e+00
-8.881157366154333488e+00
-8.838492942890571413e+00
-8.835265177851956864e+00
-8.731641953573367587e+00
-8.746649754431368606e+00
-8.874400620374116144e+00
-8.823590657602226273e+00
-8.754762062557071900e+00
-8.615238047339573768e+00
-8.554930246024737173e+00
-8.604063543363484001e+00
-8.655373118460374826e+00
-8.625620317788726510e+00
-8.613877506119454353e+00
-8.649540780006276464e+00
-8.714375466214558941e+00
-8.649793611819934114e+00
-8.617277845616822418e+00
-8.679878451997874222e+00
-8.723557240613155628e+00
-8.737071134203132416e+00
-8.703696580238746705e+00
-8.661636883170787726e+00
-8.597248837523064680e+00
-8.631167155428274285e+00
-8.650915037722922918e+00
-8.581163187215180344e+00
-8.544281308026922872e+00
-8.601240645618430491e+00
-8.564168692442358122e+00
-8.532116802019475088e+00
-8.555524503631634303e+00
-8.561271020146012489e+00
-8.559445901256593103e+00
-8.595848904186645711e+00
-8.583435961374043188e+00
-8.638593441782315807e+00
-8.681845399622108772e+00
-8.753832993402646423e+00
-8.770483145046933160e+00
-8.778752201993111015e+00
-8.840712588536650429e+00
-8.871757271338562845e+00
-8.746237417811483894e+00
-8.646935452640077457e+00
-8.507871643869385991e+00
-8.433028693417279342e+00
-8.351521538489793173e+00
-8.341934066852260798e+00
-8.324491247827015883e+00
-8.303417475039916340e+00
-8.423953685136472913e+00
-8.401825802538976262e+00
-8.383040179256497026e+00
-8.346027281706049905e+00
-8.322312157323217718e+00
-8.344219292511130703e+00
-8.354561734651465343e+00
-8.437097045433510800e+00
-8.514263175018024654e+00
-8.482694059786105356e+00
-8.337421342250143752e+00
-8.292253887638723953e+00
-8.266617467127259644e+00
-8.185482218075982530e+00
-8.157154406805865676e+00
-8.227634162943990859e+00
-8.245754645624385759e+00
-8.260683326075913158e+00
-8.341168423388218400e+00
-8.398381969372991307e+00
-8.411618556596765828e+00
-8.358303114220220209e+00
-8.331783771940392214e+00
-8.320909570325277116e+00
-8.264745398754998362e+00
-8.238591938061041731e+00
-8.189499962822594625e+00
-8.119307414218528862e+00
-8.198269098943553601e+00
-8.201066261914336408e+00
-8.253101407079599383e+00
-8.140690291052129268e+00
-8.130230965132577481e+00
-8.216082357426595095e+00
-8.238062358810406494e+00
-8.202891573725530350e+00
-8.135779149128101295e+00
-8.168148020450177071e+00
-8.143895095003804485e+00
-8.157926125589906263e+00
-8.251865878372646179e+00
-8.292113802300697500e+00
-8.316385238372296484e+00
-8.324922112466746071e+00
-8.326884413471949742e+00
-8.382892487153021932e+00
-8.382348162371895839e+00
-8.519378726203175489e+00
-8.619295917902489279e+00
-8.617381106413827041e+00
-8.723145833860217024e+00
-8.715782320020700524e+00
-8.739940846290387810e+00
-8.727691885785406001e+00
-8.661103905246484658e+00
-8.601604600631263864e+00
-8.447151702733972201e+00
-8.343468623793777184e+00
-8.212459937235454532e+00
-8.148228539871523068e+00
-8.087821756944455487e+00
-8.119035960441872035e+00
-8.115883532612476969e+00
-8.188852002818594045e+00
-8.198841181326136152e+00
-8.210649404120792028e+00
-8.305166532006227342e+00
-8.271449761392197786e+00
-8.292279248419799131e+00
-8.271952833529972793e+00
-8.222493446846812049e+00
-8.196151231868526565e+00
-8.158667109761239544e+00
-8.072176926766980287e+00
-8.081683420385006755e+00
-8.027785575605079771e+00
-7.942592085203794561e+00
-7.917783164022434761e+00
-7.852444174618357309e+00
-7.747747124572252453e+00
-7.674896995211302198e+00
-7.586739520173180651e+00
-7.654903041286079457e+00
-7.749455102096196590e+00
-7.784892688411913397e+00
-7.781077896664508664e+00
-7.822944036261554324e+00
-7.841166504734319531e+00
-7.879973149866584592e+00
-7.822173409219033147e+00
-7.798240026731676267e+00
-7.870389399998932056e+00
-7.871388743246852115e+00
-7.814987974684360239e+00
-7.782810329905204938e+00
-7.789374745611016948e+00
-7.771500301428253543e+00
-7.794115053641145430e+00
-7.913395451356636912e+00
-7.870533380473137441e+00
-7.784849479312065945e+00
-7.792022536426638446e+00
-7.848020697559466186e+00
-7.923008479335426735e+00
-8.027866272450600249e+00
-7.991752364707013001e+00
-7.964006458881245365e+00
-7.907750109811335193e+00
-7.927076190490879526e+00
-7.874550268753706561e+00
-7.857688646427665624e+00
-7.914468954421560731e+00
-7.898837883312826769e+00
-7.888075673143763566e+00
-7.904510496048666290e+00
-7.912493457275527220e+00
-7.967111363729547868e+00
-7.949739588742886554e+00
-7.943852881128050214e+00
-7.884490875997296477e+00
-7.888040626012345236e+00
-7.892902989026159055e+00
-7.948771755861266719e+00
-8.015766376536577198e+00
-8.100149813422838463e+00
-8.133640192227487020e+00
-8.124380490618070993e+00
-8.188115233018006478e+00
-8.263397820663906046e+00
-8.262538721601291769e+00
-8.128311529246564859e+00
-8.129884812535493666e+00
-8.163277688087324790e+00
-8.070227561623346091e+00
-8.068429418307324852e+00
-8.062400697454243925e+00
-8.132452576438335967e+00
-8.016009287846591391e+00
-7.873956777858925449e+00
-7.880410018705715558e+00
-7.819183556983641203e+00
-7.761794856373402496e+00
-7.725332845557943529e+00
-7.750978687355375207e+00
-7.724091218171611928e+00
-7.781599419986893196e+00
-7.790016538111640187e+00
-7.847573594264223296e+00
-7.860137216015456119e+00
-7.799827945410283903e+00
-7.732682507141869444e+00
-7.599604417139305568e+00
-7.530366927733819438e+00
-7.479039179198331944e+00
-7.407075561301819100e+00
-7.412940094766058863e+00
-7.367128296955995026e+00
-7.328951688355867411e+00
-7.255530983555178892e+00
-7.139350064403834573e+00
-7.066037749822740466e+00
-7.165271311782648311e+00
-7.214191930051463864e+00
-7.232513444326523988e+00
-7.220316406894306205e+00
-7.327789790071079778e+00
-7.287756675899204950e+00
-7.331658918469186048e+00
-7.237345876091473507e+00
-7.418922674993960520e+00
-7.420541289520364181e+00
-7.379771604993932144e+00
-7.364425689683214316e+00
-7.333886304594127381e+00
-7.311656550011219835e+00
-7.426067274583674660e+00
-7.316814675897617803e+00
-7.394048398283700863e+00
-7.439757672499597518e+00
-7.558615521259004488e+00
-7.626545140854101845e+00
-7.565775589363109788e+00
-7.488725959234971086e+00
-7.590598025997063125e+00
-7.568112142785840213e+00
-7.560382365397718019e+00
-7.542148144457900827e+00
-7.694970689014521525e+00
-7.704705458356420955e+00
-7.807456017626277500e+00
-7.903887457256138838e+00
-7.915796452393012217e+00
-7.848286676902542780e+00
-7.907668071365027807e+00
-7.834723025129316731e+00
-7.873639837475476355e+00
-7.859085501823522613e+00
-7.848312841765888948e+00
-7.901091530761302550e+00
-7.811137429851100933e+00
-7.679938229005652595e+00
-7.627933025594213490e+00
-7.605577909352124522e+00
-7.637115412538372006e+00
-7.679284208806450351e+00
-7.724867487580496572e+00
-7.663433996558315364e+00
-7.543837134697535696e+00
-7.436772058541267327e+00
-7.429497113707443035e+00
-7.441299521666075556e+00
-7.450392925478406703e+00
-7.605047015414407419e+00
-7.558675983576488733e+00
-7.474774196245647317e+00
-7.466230427057731767e+00
-7.490705525367611806e+00
-7.626890456187646272e+00
-7.605079189143280516e+00
-7.538910772846421082e+00
-7.326010540770501400e+00
-7.224442456861099870e+00
-7.074532217644393661e+00
-6.991375559929567274e+00
-7.006238823504719271e+00
-7.010384413032245021e+00
-7.096343414266256033e+00
-7.130661123178646754e+00
-7.108244867585154836e+00
-7.062284461620862430e+00
-7.075964188561880697e+00
-7.133329320717434641e+00
-7.133510392325484339e+00
-7.037343154026434178e+00
-7.038972179906618720e+00
-7.021570768686157038e+00
-7.112314809694519901e+00
-7.227069625091938398e+00
-7.348956313098644166e+00
-7.334826212998805772e+00
-7.443670695370252055e+00
-7.427691258430717092e+00
-7.430411386669509177e+00
-7.507311045840495467e+00
-7.509332280095559753e+00
-7.533138482890880283e+00
-7.558549886512484939e+00
-7.535452538089917773e+00
-7.371185972842194900e+00
-7.374972023542426314e+00
-7.380421503556523710e+00
-7.332809776708097083e+00
-7.468726374928755796e+00
-7.509585050682283658e+00
-7.515837569325817036e+00
-7.497252280295804816e+00
-7.627038271335635500e+00
-7.660171164168691149e+00
-7.585402070332291302e+00
-7.483114374574658889e+00
-7.455204092989955456e+00
-7.500025565510398451e+00
-7.456139351419141192e+00
-7.456247870684284074e+00
-7.372546584758503663e+00
-7.309066942677194589e+00
-7.301994379870005325e+00
-7.256568355557988070e+00
-7.248623900140480636e+00
-7.237143803673758313e+00
-7.324014555206534993e+00
-7.353380742472135800e+00
-7.490369011081450701e+00
-7.548326684661380348e+00
-7.593925956941229849e+00
-7.578947071885640874e+00
-7.564833007515649577e+00
-7.559540383703242661e+00
-7.525078437977059664e+00
-7.588691036608253171e+00
-7.686053371369137466e+00
-7.690029223879893294e+00
-7.656161774782461293e+00
-7.628760426935397021e+00
-7.587616363897652150e+00
-7.550391046678173623e+00
-7.519255607811495601e+00
-7.688533224581460601e+00
-7.719341702413261785e+00
-7.553019011913335135e+00
-7.504334701997239065e+00
-7.532684303499296519e+00
-7.479214181125921179e+00
-7.477939582496708759e+00
-7.473154253347416898e+00
-7.479638887774380684e+00
-7.467669126892193532e+00
-7.553045055481869774e+00
-7.573218217557346144e+00
-7.557971245188478626e+00
-7.529639527171391400e+00
-7.569118813633791021e+00
-7.616507028473392893e+00
-7.580634146512336358e+00
-7.585187503089248828e+00
-7.522990375290863341e+00
-7.390250190973138622e+00
-7.210901027442799816e+00
-7.132678149652556421e+00
-7.206808293334524329e+00
-7.329226239566746237e+00
-7.396526432325623013e+00
-7.452695987278461942e+00
-7.546865513033860218e+00
-7.558164604391411245e+00
-7.682449965795433933e+00
-7.704376766220901729e+00
-7.634925641836833421e+00
-7.532340631071381409e+00
-7.573303735650172896e+00
-7.537585438094912327e+00
-7.570412620739773502e+00
-7.464744016325353115e+00
-7.473735261329823132e+00
-7.506115358152523953e+00
-7.602847295571485198e+00
-7.731790029079326665e+00
-7.535194123910898156e+00
-7.508174617750104751e+00
-7.499398271517756065e+00
-7.562767615299033963e+00
-7.485561218572197362e+00
-7.423393479834187403e+00
-7.354506987395094342e+00
-7.294329195676447775e+00
-7.361204214160496306e+00
-7.446870956461452806e+00
-7.495231570267555377e+00
-7.542869820410157189e+00
-7.517217957437263287e+00
-7.469919916532338000e+00
-7.401588182368501023e+00
-7.325520028302564768e+00
-7.454272747975614344e+00
-7.600027487355557554e+00
-7.545395528183301614e+00
-7.525217489258380965e+00
-7.409885078096834832e+00
-7.534115230397556040e+00
-7.559283703556429757e+00
-7.514068442187266328e+00
-7.398547573772134456e+00
-7.450767931751638429e+00
-7.506532620104596987e+00
-7.412291886101734839e+00
-7.366673851655412442e+00
-7.336673119247295816e+00
-7.492763474968634263e+00
-7.458469112687304836e+00
-7.371216190327394280e+00
-7.211365355049737857e+00
-7.200952297583738115e+00
-7.270587214680456434e+00
-7.161038036165128240e+00
-7.036651630428884197e+00
-7.092509500553297208e+00
-7.124917607401183517e+00
-7.173106031462787691e+00
-7.218566840483753744e+00
-7.172424602411284766e+00
-7.186770160836085886e+00
-7.085805136229128109e+00
-7.148402288518074243e+00
-7.097050882689933893e+00
-7.037758033818398928e+00
-6.960903805966509594e+00
-7.048482653127204678e+00
-7.094289478498028600e+00
-7.090445821145293870e+00
-6.984301351536540636e+00
-6.705997523613138611e+00
-6.702542419554998077e+00
-6.601716645809028172e+00
-6.455990226460207815e+00
-6.298425507426371084e+00
-6.283015850306536088e+00
-6.133535417869018680e+00
-6.091422631274053145e+00
-5.980866018147900753e+00
-5.822884492525940203e+00
-5.626085218782888475e+00
-5.527059062544392276e+00
-5.574880749031480676e+00
-5.605854935026609809e+00
-5.628266858365167380e+00
-5.694159519670677128e+00
-5.737385046893141549e+00
-5.764982615025719959e+00
-5.891915257136174588e+00
-5.916394185462845456e+00
-5.847837059638694157e+00
-5.738522012038409947e+00
-5.742123655334083310e+00
-5.672503930202070777e+00
-5.593354538119331920e+00
-5.423690246497366196e+00
-5.302741143755895337e+00
-5.081802473717579538e+00
-4.938843294797901073e+00
-4.821696153221495251e+00
-4.740754341845614839e+00
-4.677151277096071702e+00
-4.707407027798698351e+00
-4.690709790316329730e+00
-4.691172320612658986e+00
-4.686453873490830091e+00
-4.619768833033126576e+00
-4.541255006276992745e+00
-4.546635095814246519e+00
-4.574351491840603856e+00
-4.623632291011093187e+00
-4.663986215663596724e+00
-4.730530252011480918e+00
-4.779229355032303950e+00
-4.852837893863201302e+00
-4.941861069412989416e+00
-4.964988436341853273e+00
-5.015242517381377496e+00
-5.154550966773541631e+00
-5.243421776266355749e+00
-5.342772082558116864e+00
-5.455580459615041455e+00
-5.530455096014450511e+00
-5.609039644909795896e+00
-5.717278280912802657e+00
-5.669362079373287067e+00
-5.714425260341936763e+00
-5.703170418206464198e+00
-5.660706450914730681e+00
-5.667081535608397225e+00
-5.716327892074960282e+00
-5.666950449781536392e+00
-5.601010454652603165e+00
-5.610774228105291250e+00
-5.656917271627649235e+00
-5.595674682926419230e+00
-5.546806460257981186e+00
-5.484438467083634805e+00
-5.383277664996953149e+00
-5.237834857214132889e+00
-5.236048934593959814e+00
-5.314155560842190873e+00
-5.283353482132778112e+00
-5.170379689113934418e+00
-5.003061459210781159e+00
-4.777367613354973841e+00
-4.599372768284592183e+00
-4.441573268990375745e+00
-4.512906722279248939e+00
-4.424075971492118953e+00
-4.235041405970374484e+00
-4.126770133343384828e+00
-4.008785174711793964e+00
-3.853510669380434628e+00
-3.696288876533473378e+00
-3.702663832822196355e+00
-3.733721136000264895e+00
-3.567215914677607014e+00
-3.367735939297771264e+00
-3.302708295869078103e+00
-3.210173879679709241e+00
-3.022480168469081185e+00
-3.010148020547256831e+00
-2.887885441710547951e+00
-2.865876996160736212e+00
-2.967554506901582734e+00
-2.795021820317895145e+00
-2.771606360973067673e+00
-2.617866776250045824e+00
-2.696155231115204387e+00
-2.602699905195313246e+00
-2.505723848699506373e+00
-2.439902763531675234e+00
-2.380064371906271958e+00
-2.378057287495996430e+00
-2.425479088956053353e+00
-2.484912021097445134e+00
-2.527469494670620875e+00
-2.503471867985317623e+00
-2.343413219966944627e+00
-2.357417412575783189e+00
-2.441283393627796006e+00
-2.494534233989616823e+00
-2.269761237016986843e+00
-2.159341836947624493e+00
-2.058408315053431803e+00
-2.031967638220579353e+00
-2.119956096618164310e+00
-2.101476099035755052e+00
-1.956172357951361240e+00
-1.721328971200623004e+00
-1.531547139481959308e+00
-1.389783858214339585e+00
-1.257743366211949487e+00
-1.170969852530722610e+00
-1.109576772532687272e+00
-1.042432180402833808e+00
-9.985254760018152931e-01
-1.028785394359776895e+00
-1.005850316298570135e+00
-9.187698838674572821e-01
-8.091137260238396856e-01
-8.938672510476260991e-01
-9.709725860798236186e-01
-9.968497426455462662e-01
-9.845727225538047911e-01
-1.013204822662602700e+00
-7.852758384967216676e-01
-8.398523751548255811e-01
-7.499807336560406767e-01
-6.653455526669017628e-01
-5.951774623725616387e-01
-4.984822444638308814e-01
-4.151008453012137167e-01
-5.336981217460089466e-01
-4.337312082268767188e-01
-3.109617336370218421e-01
-3.060646960028211017e-01
-3.467387605779018167e-01
-2.447860623725116036e-01
-1.349647261858731850e-01
4.693433399954563177e-04
-1.471699757505252892e-01
-3.293527173448705936e-01
-3.609396008102739306e-01
-3.918492538316725726e-01
-1.969545777932945885e-01
7.585837299909434228e-02
-3.683003142337690217e-02
-1.274142845847333338e-01
-3.068983353285542615e-01
-2.312013838388463360e-01
-1.422870594916361142e-01
-1.031448172000957175e-01
-1.351589309255417926e-01
1.560457137433885269e-02
3.306888527066390721e-02
1.611448550889941211e-01
2.837365609929832222e-01
2.649982968956450247e-01
1.002891502698852744e-01
1.043637792543902904e-01
4.598394351844622974e-02
1.666562848619731196e-01
2.356209941117248241e-01
2.987120721232454645e-01
3.525402247143504253e-01
4.548430013609836564e-01
3.890920308772034542e-01
4.074791746985143015e-01
3.933188033450061294e-01
3.480669352230199021e-01
5.510221833333093233e-01
4.519434139281678919e-01
4.947870721876191924e-01
4.813892341538138497e-01
5.670781819095129794e-01
6.067454551023081510e-01
6.028385625160789241e-01
7.686271760837182221e-01
7.760151863204622913e-01
8.022954675344808884e-01
9.598517111525638468e-01
9.060401116586120907e-01
9.252173863507090479e-01
8.166829290988246726e-01
8.791212143569894222e-01
9.287766422242174080e-01
1.000667196850666407e+00
9.938073934998530312e-01
9.663320807104496257e-01
1.011587167583473112e+00
1.010823595607258873e+00
1.020054142105078832e+00
1.052768851566122654e+00
1.120478599772531503e+00
1.112954929773102064e+00
1.189767772344606511e+00
1.195756234862391132e+00
1.188033764651933000e+00
1.228976977251664549e+00
1.248142806080892342e+00
1.277484556574541186e+00
1.328373995090539994e+00
1.263917412553590802e+00
1.228663494003042311e+00
1.297204782460322114e+00
1.389844189474055414e+00
1.376333600885220942e+00
1.369233701288044447e+00
1.315710362956565849e+00
1.412076820771649421e+00
1.396821349538034829e+00
1.399216771817001437e+00
1.338025262583830699e+00
1.446765098475544242e+00
1.482971225668708648e+00
1.402574232423049683e+00
1.467959720905533505e+00
1.421918199512228975e+00
1.427524862840644282e+00
1.512030446650550974e+00
1.454271012953858966e+00
1.432495297886305474e+00
1.467049224515064809e+00
1.460951507316718745e+00
1.460639493623149043e+00
1.432003964515544236e+00
1.397724078366936240e+00
1.417159937012961279e+00
1.388325934901538439e+00
1.409947992996140265e+00
1.394562593746594636e+00
1.397030727414269258e+00
1.361560135096033575e+00
1.366053951648559917e+00
1.367228457563948396e+00
1.372269192131143400e+00
1.344533017971180300e+00
1.350602471378289593e+00
1.340892397146300707e+00
1.327038385293575207e+00
1.328369803852919695e+00
1.359387911736753551e+00
1.302357144282237922e+00
1.276653817994048090e+00
1.256517881063154762e+00
1.316265598610862231e+00
1.346431794083362776e+00
1.291451168362952373e+00
1.313036291042241732e+00
1.305044125766159802e+00
1.298855118259214958e+00
1.276854505818131980e+00
1.237738010245892584e+00
1.269108122544178929e+00
1.244109555412626689e+00
1.202089210028879585e+00
1.215965225401725691e+00
1.242543244976608285e+00
1.186738823452963221e+00
1.175864148674976351e+00
1.194044873819749997e+00
1.138996646557919767e+00
1.149169247452340947e+00
1.155389057521975182e+00
1.147248599178319450e+00
1.089694696029965382e+00
1.105444089080224623e+00
1.120521358890098629e+00
1.101674122022781255e+00
1.114208537787614528e+00
1.089813592452421709e+00
1.115606098760408393e+00
1.062307664817895292e+00
1.062196911907321573e+00
1.054437303179531549e+00
1.027172954215017198e+00
1.035064605733096554e+00
1.018998377756957119e+00
1.031240556471051395e+00
1.027526890051618347e+00
9.833586625701763451e-01
9.732189549888965452e-01
9.659601172216666365e-01
9.660737438331103988e-01
9.731856212277621987e-01
9.456145788677203790e-01
9.352271375668116393e-01
9.244244379088557562e-01
9.379418155371860299e-01
9.208371183404895355e-01
9.249388340399637976e-01
8.653405406925192001e-01
8.394391993796775919e-01
8.527502457732143437e-01
8.508682366576052480e-01
8.760648897601643892e-01
8.491373901783588751e-01
7.992208023304423481e-01
8.193295737045152016e-01
8.270436834551668781e-01
8.004136022970448350e-01
7.674865029632846891e-01
7.767415238436331526e-01
7.582681805554680743e-01
7.871220965883074516e-01
8.251956073505112288e-01
7.647006851692226270e-01
7.891513887807748429e-01
7.658269447491122817e-01
8.057929963357549630e-01
8.038219620926086995e-01
7.587438948024340934e-01
7.708866688964429725e-01
7.929823285217010298e-01
7.537357550677339368e-01
7.775437883837201802e-01
7.927398794753545141e-01
7.466666055562869442e-01
7.759861817355447888e-01
7.782459780688731898e-01
7.755500660002042634e-01
7.747539402638798922e-01
7.595034785713830061e-01
8.011735066501092239e-01
7.668531538977815254e-01
7.595394596813134225e-01
8.107008039511379716e-01
7.862688641868985640e-01
7.678758205193995101e-01
7.573253288673870154e-01
7.693135595333929766e-01
7.299018723479089310e-01
7.139567487829194814e-01
7.877712084729728836e-01
7.446198233631574626e-01
7.401226830611854490e-01
7.671892440141476754e-01
8.120541440111428422e-01
7.343462495886430297e-01
7.519424547795832137e-01
7.079998502202003996e-01
7.255040123729370460e-01
7.318464446994890071e-01
7.510762054044114455e-01
7.722925849751111071e-01
7.773135181003506533e-01
7.294451349166042320e-01
7.508094789004844394e-01
6.994888740360513113e-01
7.374595957571123961e-01
7.806152917143234227e-01
7.446958993580606867e-01
7.217167604386580670e-01
7.635292483926452434e-01
7.004024695969899295e-01
7.118055951496629064e-01
6.848033068493334374e-01
6.381120475211665699e-01
6.600837687028158207e-01
6.553314071726408230e-01
6.796478759901619648e-01
6.911441141597911564e-01
6.483374824341592291e-01
6.033103817174571004e-01
6.415466634365560861e-01
6.206555155197696072e-01
6.101125060642355047e-01
6.243160807630228071e-01
5.968154199527151427e-01
5.883514382847321311e-01
5.673626893002360339e-01
6.196545976125329425e-01
5.791946329421588935e-01
5.668388112100790632e-01
6.282349393074628807e-01
5.937599516731792981e-01
6.428430203512580654e-01
6.492536662232613054e-01
6.345292187001631001e-01
6.502124534025170988e-01
5.801458013923466162e-01
5.524699901413749892e-01
5.771327499305264341e-01
5.818881225715339944e-01
5.675414297868820457e-01
5.592862731376943008e-01
5.494932915946622032e-01
5.706150255404514038e-01
5.894167017554224897e-01
6.229442379714397182e-01
5.591941947872426377e-01
5.192031252679749631e-01
5.508667307774053334e-01
5.072161096151851511e-01
5.378207269300617765e-01
4.944696526486200838e-01
4.828853066643004066e-01
5.514452435975033540e-01
5.643583211072137340e-01
5.374335466629427405e-01
5.202210509270048799e-01
5.333339626111455178e-01
5.543267945914193140e-01
5.731654404357544585e-01
5.229080071358188642e-01
5.271636041218763502e-01
5.281335630391913449e-01
5.437690317461024714e-01
5.228989359583915419e-01
5.399760281171800402e-01
5.316508970220055197e-01
5.179857843638594472e-01
5.113162262963162341e-01
5.363902799454611792e-01
5.623013221581951715e-01
5.396215002778791403e-01
5.060499766606506578e-01
4.892485261201407476e-01
5.208412274981085721e-01
5.521715108511870973e-01
5.262469106929452689e-01
5.432760495269542966e-01
5.471640499499890176e-01
5.548014025663090543e-01
5.730351018887742676e-01
5.791306344521199856e-01
5.554829653593158501e-01
5.765245375043216436e-01
5.886087984478529656e-01
5.475131293944366373e-01
5.837288653161336605e-01
5.264495637790533866e-01
5.279682834813441694e-01
5.441949198979308955e-01
5.315877562644412135e-01
5.254964263301435956e-01
5.130073859726249630e-01
5.267139935614240098e-01
5.343958578481203814e-01
4.955419346891942189e-01
4.840197715392780542e-01
4.628136026397555725e-01
4.267194263897688411e-01
4.844940674436919448e-01
4.536581816642261678e-01
4.330107791833046060e-01
4.452768339534164399e-01
4.567914160896869857e-01
4.581339535926922668e-01
4.623709620842454959e-01
4.497897998421536703e-01
4.498177816197372891e-01
4.617517299528152153e-01
4.427477918794948120e-01
3.989181037397033225e-01
3.903365452892753051e-01
3.898790719849394848e-01
3.637397678578206395e-01
3.504107687614539945e-01
3.786569914027335670e-01
3.665200316095718613e-01
3.365091972283136834e-01
3.342707123664465096e-01
3.369888376531843810e-01
3.637513704959505212e-01
3.712253213092870374e-01
3.746718007367826342e-01
4.032786737698504931e-01
3.652292758878921131e-01
4.033550371730816320e-01
3.645985735771347103e-01
3.411283049370602005e-01
3.594228087552237549e-01
3.577396876886350108e-01
3.234872790783367980e-01
2.649788876718331965e-01
3.145783880368113739e-01
2.706632398937905415e-01
3.001726365996395529e-01
3.314740668250968914e-01
3.256045794634602197e-01
3.226279205244806381e-01
3.561520493466791559e-01
3.392289598835780406e-01
3.263745021379097500e-01
3.614421746430389604e-01
3.562603649911209036e-01
3.306608366914090547e-01
3.446832495774914684e-01
3.380786174724959570e-01
3.105981408349008932e-01
3.750448590222536516e-01
3.642588993806774034e-01
3.326021413956804507e-01
3.256063116916937950e-01
3.144043312852896066e-01
3.616356225480543696e-01
3.291319076104182173e-01
3.725818888751619151e-01
3.240175543371452971e-01
3.209031390726752586e-01
2.892129745816797715e-01
2.783789397774199537e-01
3.029816037293369124e-01
2.992233798225025776e-01
3.101648473585794097e-01
3.060905795799249707e-01
3.200082653139083022e-01
3.146420178604261153e-01
3.664220275986334041e-01
4.043683754462528146e-01
3.790651924502131398e-01
4.000150375385609913e-01
4.404479803866636067e-01
4.156842895275547622e-01
3.808281527538066036e-01
3.370057823674525443e-01
3.810130540188111925e-01
3.420730560775075424e-01
3.589166743686632022e-01
3.640099793311193377e-01
3.975416842713795917e-01
4.168534538153214619e-01
4.529972415576588030e-01
4.125080509406969798e-01
3.868284574376623097e-01
4.342114137594277334e-01
4.772689855279607651e-01
4.509082779910022487e-01
4.414520692384927281e-01
4.258167783223763547e-01
5.107212050595317798e-01
4.987416086067713028e-01
5.318438822219090367e-01
5.581787807951484881e-01
4.990746929253647157e-01
4.371716264102764593e-01
4.522043376611544208e-01
4.038983193105423197e-01
4.332969300534313395e-01
4.843459737782761509e-01
4.530433857199096526e-01
4.648926262515621910e-01
4.659053034383031644e-01
4.760573996755322335e-01
4.894496473589377006e-01
5.001297911826614317e-01
5.554292221476541114e-01
5.613637137401561450e-01
5.019365721367766708e-01
5.106343319456539964e-01
5.934498357387286704e-01
6.169665846946756904e-01
6.079481556837156297e-01
6.249069900505025421e-01
6.307525216556957304e-01
6.326950259981966029e-01
6.318567890831378042e-01
6.453050186272599742e-01
6.065015540603924116e-01
6.068036768915333612e-01
6.147217219979012048e-01
6.373713872664530378e-01
6.531571950848588104e-01
6.987183864912791531e-01
6.464386344113665084e-01
6.647723827116089890e-01
5.834558645904105445e-01
6.081784186768737221e-01
6.526752278692684595e-01
6.344663560165186844e-01
6.285124436199434061e-01
6.524669232655342377e-01
6.670169856394838614e-01
6.409008157264848293e-01
6.626472895128800999e-01
6.694790687835943110e-01
6.990726787041451340e-01
6.971928605188486561e-01
6.959085928311725677e-01
6.693519750132190804e-01
6.823420806494170376e-01
6.292808184828504459e-01
6.482956556837852213e-01
6.585925828200761556e-01
6.277535239569907999e-01
6.246028567747154980e-01
6.748956684508800041e-01
6.528758603251693104e-01
6.895036588200189609e-01
6.892934858633695816e-01
7.486096404766774404e-01
7.598423047286133603e-01
7.605729623687387253e-01
7.741229191538933074e-01
7.367731775200543343e-01
7.225202647483315310e-01
7.416215542598527666e-01
7.638835369924047436e-01
7.860491372121890530e-01
7.405040318272601008e-01
7.016056236710509486e-01
7.341538274831125310e-01
7.185815891733329241e-01
7.173442837219161650e-01
6.797850102343487855e-01
7.232276488220635846e-01
6.846217849032083524e-01
7.397419424384492626e-01
7.281289919770809194e-01
7.308023908448573192e-01
7.073963546148260839e-01
7.533724366392147154e-01
7.664050627266372206e-01
7.069796556694970535e-01
7.451573395744822692e-01
7.419326253495301948e-01
7.182795681001952204e-01
7.219799463849443377e-01
7.193236842608824455e-01
7.395698417769067667e-01
7.483595334956162359e-01
7.979094022939325903e-01
7.370221886510230913e-01
7.613327206154409943e-01
7.547098115317881772e-01
7.444213945906315022e-01
6.953506945929129879e-01
6.755364781184116652e-01
6.807615277549735611e-01
7.149447633903642796e-01
7.267988031765343360e-01
6.654986883600094716e-01
6.852434570243303158e-01
7.040287624590768623e-01
7.352922291382376629e-01
7.840478767170715457e-01
7.547467105462375425e-01
7.488100606602127174e-01
7.620083207073168330e-01
7.347438367668821524e-01
7.010176897256094053e-01
6.889351707633810662e-01
7.183777259887713651e-01
6.576128812799555412e-01
6.268571256614619003e-01
6.275921551809728882e-01
6.066186521708363255e-01
6.402465152102335688e-01
6.163816685946436058e-01
6.208895015313604659e-01
5.967303247047942572e-01
5.627044865096625381e-01
5.550862289737144017e-01
5.576550304163575555e-01
5.694493999077515634e-01
5.748346640396597707e-01
5.918025684466148295e-01
5.804961902655740857e-01
6.026706077687520313e-01
6.129737727981175999e-01
6.061143493030294316e-01
6.171703859983165286e-01
6.019374835011885860e-01
5.706520087473584413e-01
5.731888595753523719e-01
5.969840096248130168e-01
5.396824562915571999e-01
4.821942930179204390e-01
5.267911600055467103e-01
5.385446002478614380e-01
4.885823512621431108e-01
5.413129092813125931e-01
5.491199345282473665e-01
5.353745220295010876e-01
5.533490034274390901e-01
5.896465645699943137e-01
5.249044718957099898e-01
5.563398309687405119e-01
5.965280101122873990e-01
5.820482878610296895e-01
5.074439286684141459e-01
5.651846098808382957e-01
5.569653983152826893e-01
5.313289530346937406e-01
5.140986585331331904e-01
5.286108283888721893e-01
5.132278565859491604e-01
5.934225583775307733e-01
5.995025919023049266e-01
5.860583212231458283e-01
5.893562738052336991e-01
5.850744908159086766e-01
5.755564459840800673e-01
5.435802088583167047e-01
4.682789437446505665e-01
5.494260329361709827e-01
5.378523692723171656e-01
5.599179074160542946e-01
5.594334136061349660e-01
6.229368123210642372e-01
5.592670115782252260e-01
5.995539436347065987e-01
5.318008905341322645e-01
5.329609169826063919e-01
5.598882217351006663e-01
5.540934260125535138e-01
5.557463786492615743e-01
5.917505734484213020e-01
5.560529771857056769e-01
5.718073780736648848e-01
6.012291243355245562e-01
6.145228409571612538e-01
6.333479361072815728e-01
5.804105172059987883e-01
5.167623466619151174e-01
5.857661396432177758e-01
6.148488472489722634e-01
6.198580323834037564e-01
6.013223215776464237e-01
5.801422370426843056e-01
5.605027009857397324e-01
5.367576762125643164e-01
5.698221534462504234e-01
5.753180811351421564e-01
5.845505332972789070e-01
6.332772437907275842e-01
5.812263703927061931e-01
5.870506446479790696e-01
6.109748843121772799e-01
6.327901502024615432e-01
6.198314204033960051e-01
5.478207696942063443e-01
5.808090759445908580e-01
5.944034858943580968e-01
6.386896649834599149e-01
5.692046300170995332e-01
5.861783180768225243e-01
5.561444630169858350e-01
5.862462179255568673e-01
6.228910020744637954e-01
6.301802839694425895e-01
5.805338489554411341e-01
5.571437073030737208e-01
5.504118812660343529e-01
5.014878350392125705e-01
5.665417897475353293e-01
5.371182553934984449e-01
6.646959600334159113e-01
6.438756931152257446e-01
6.844742187200054673e-01
6.460850846346559706e-01
6.991506897964485656e-01
6.723454929694392401e-01
6.946519332075978825e-01
7.206922214934476933e-01
6.781400240146425729e-01
7.048781061556667060e-01
6.835035700497713584e-01
6.516070646562300839e-01
7.395054430064439410e-01
8.049913199333172953e-01
7.025135169384815192e-01
7.536201573314131874e-01
7.582032236627340716e-01
7.535487704596288694e-01
7.123955329985174334e-01
7.009149606611067007e-01
7.139781291188859180e-01
7.885522538095498524e-01
7.922093387321035296e-01
7.626775348112574404e-01
7.364515085334745192e-01
7.617753200182976192e-01
7.386598565507161984e-01
6.723275649283785294e-01
6.540301370162366901e-01
6.666915672143098881e-01
6.319798181901471468e-01
6.341178939812029958e-01
6.358858693023030639e-01
6.584759318486281821e-01
7.067999850164687903e-01
7.101013241464116943e-01
6.875396175527848097e-01
7.252186582881716692e-01
7.770074253639740469e-01
7.626981564184567297e-01
7.868782502035727155e-01
7.965877247995556409e-01
6.994851106046371392e-01
7.259067365652550619e-01
7.005940626955672323e-01
7.242397205688605455e-01
7.199817299498338929e-01
6.625117072126749385e-01
7.190796753395228835e-01
7.588476794862601960e-01
6.998162188843659592e-01
6.683229004762138992e-01
6.889598972078441186e-01
6.961098331687676222e-01
6.587180136772123884e-01
6.536360338574505047e-01
6.960659191164250137e-01
6.992426541894251057e-01
6.942639026344397113e-01
7.236632536431124585e-01
7.592736867979817950e-01
7.335912089412435222e-01
7.302776044698515712e-01
7.316241705599902945e-01
7.377623816753760000e-01
6.918704009518977793e-01
6.609637930890508439e-01
6.968811445474467625e-01
7.162242928961685129e-01
7.286608764706089536e-01
7.144205496876290251e-01
6.848698205608911849e-01
7.223765977945509897e-01
7.564790643378859203e-01
7.780460806524367445e-01
8.484060131764912249e-01
8.651628352771685293e-01
9.190102275013560806e-01
9.011762865005906731e-01
8.725239128065112038e-01
8.171334084930490516e-01
7.527359190147104862e-01
7.970458374572451099e-01
8.503457526645203934e-01
7.925301757483002030e-01
7.707958860282805302e-01
7.651282288425933498e-01
7.090204908357257141e-01
7.326223227511006186e-01
7.820578826587649690e-01
7.104838029541020727e-01
7.402662025831038273e-01
7.677193823029527797e-01
7.868207023810279699e-01
8.193380057875941924e-01
8.643439393543168592e-01
7.967252057816995858e-01
7.415236694077549373e-01
7.989529137498228017e-01
8.534112660113025717e-01
8.483695371408807029e-01
8.392870378030523604e-01
8.957942735039305937e-01
9.442889494906820946e-01
9.232369563847133698e-01
9.619236577150592771e-01
9.731100745211149761e-01
1.030569218772991569e+00
1.012159614046906464e+00
1.086185380955488666e+00
1.072166358431695832e+00
1.049609382884095776e+00
9.817246572059501464e-01
1.003733917249910679e+00
9.842741843887600206e-01
1.037141654443604288e+00
1.081428293439736343e+00
1.195627931397889698e+00
1.200466910117106600e+00
1.145869764658513423e+00
1.244400199876466218e+00
1.295848441699532172e+00
1.345548779927336680e+00
1.415938606322971527e+00
1.530627070318817395e+00
1.582499990958065705e+00
1.579797779274258129e+00
1.566977943048016630e+00
1.557507086136262098e+00
1.514897817743651398e+00
1.573701265066608235e+00
1.690523919781100393e+00
1.742831352656978527e+00
1.728517903421548318e+00
1.679199396121118015e+00
1.756245293813323505e+00
1.799671459809868423e+00
1.826285522601003075e+00
1.876835480833018988e+00
1.901128625004879780e+00
1.904937072890926952e+00
1.950492294884944577e+00
1.911448763753743396e+00
1.982074146363103750e+00
2.068319155845002477e+00
2.123379116916964460e+00
2.239096071008252142e+00
2.204996346354668457e+00
2.212188951460950737e+00
2.303706522193533335e+00
2.328994593935390434e+00
2.368149587174755766e+00
2.442782377823723206e+00
2.474853168271634374e+00
2.592064574501848906e+00
2.653858066024327833e+00
2.719643200760625934e+00
2.780568971731784966e+00
2.869608366184352555e+00
2.860725866633372583e+00
2.893277952908380524e+00
2.935969230900520532e+00
2.984725441911353361e+00
2.923768455452970372e+00
2.891037693152083587e+00
2.911820098764149822e+00
2.918505216378883382e+00
2.807056319243658393e+00
2.886823299743019433e+00
2.937911311605517994e+00
2.987897793874058738e+00
3.082140461702052026e+00
3.087293332424650316e+00
3.110177159223416865e+00
3.175157552265414296e+00
3.193160354518075117e+00
3.127887276668863237e+00
3.103339271221228213e+00
3.164420004586681046e+00
3.128916289689611219e+00
3.134250214566087323e+00
3.162300010440422415e+00
3.086482431344665489e+00
3.130480760120837758e+00
3.192270970806695196e+00
3.247669603816168316e+00
3.249906145033870430e+00
3.172255353538254496e+00
3.121565913512826640e+00
3.072766322549020046e+00
3.188679553921134779e+00
3.234988148201941360e+00
3.258208401855347436e+00
3.253227248660569781e+00
3.321249490565772344e+00
3.333193033856854726e+00
3.336524371153918533e+00
3.311549764262406992e+00
3.369848098274149439e+00
3.449978121593064717e+00
3.481583979468402035e+00
3.462896623103768778e+00
3.485432629892060596e+00
3.498043447249461035e+00
3.577188815160580404e+00
3.637776853760260831e+00
3.600075154849646353e+00
3.711677763085600379e+00
3.756124970219910875e+00
3.682519662546276606e+00
3.755450731246721130e+00
3.775206801287574798e+00
3.795676864413302987e+00
3.836834290441921702e+00
3.855604168879514404e+00
3.924138219211512180e+00
3.888100889460732290e+00
3.874188507221166144e+00
3.835198613066481244e+00
3.748893681397444499e+00
3.771785656422911970e+00
3.797214787354788790e+00
3.790061987545266575e+00
3.825646747650436552e+00
3.837902878139717089e+00
3.873722093668632738e+00
3.896760778920856261e+00
3.947802341086590783e+00
3.975496017164390494e+00
3.944169915730933784e+00
3.949990043361522929e+00
3.994421687607991434e+00
3.949777939594170562e+00
3.953909116968711945e+00
3.963157146216084392e+00
4.119871997117054541e+00
4.148823996253366175e+00
4.191401906869227645e+00
4.232908292675194417e+00
4.238779891483272166e+00
4.245356761585757255e+00
4.231165747688783618e+00
4.225405599033797088e+00
4.260625545566686156e+00
4.343085024091887902e+00
4.301149968757321140e+00
4.350021238517589595e+00
4.386517484077426587e+00
4.433795506668571917e+00
4.529802803116756316e+00
4.480089922362669341e+00
4.457591673721591263e+00
4.488520029745130202e+00
4.429656387068933832e+00
4.429950631440083164e+00
4.486690598747866687e+00
4.515983196137574929e+00
4.554658511698660206e+00
4.464944445720253619e+00
4.448193603177616140e+00
4.435766418036736880e+00
4.324228886790891124e+00
4.314296449201480144e+00
4.340283219402506276e+00
4.371463731583645540e+00
4.433162006536518263e+00
4.311395126970478664e+00
4.319226140288204618e+00
4.513472480587807922e+00
4.504136311448421637e+00
4.503349363203323463e+00
4.481384991579342447e+00
4.399379054238490738e+00
4.429116659053063287e+00
4.421297802729229787e+00
4.508612874810304483e+00
4.697667222608002291e+00
4.650819966050250720e+00
4.690385997073387436e+00
4.750537554616355962e+00
4.744275558482545563e+00
4.763304495592022292e+00
4.754173340112101798e+00
4.837810685442339498e+00
4.859016983794306910e+00
4.826223558561155258e+00
4.861137832023162630e+00
4.795811262351275417e+00
4.789657493375260700e+00
4.807045290037548213e+00
4.774130194715250575e+00
4.687224442584867923e+00
4.649014277090746106e+00
4.544433452399662343e+00
4.472825504432003108e+00
4.476989364278015415e+00
4.351485907425943545e+00
4.404244436807936758e+00
4.474394754502818650e+00
4.450392296558510985e+00
4.299691788236029488e+00
4.184093114393560242e+00
4.168294488667947384e+00
4.122127564716417503e+00
4.171204922169884810e+00
4.095483492089950772e+00
3.931824970214840675e+00
3.978928419392023574e+00
4.006807710913471432e+00
3.999922106739307370e+00
3.982547234378456480e+00
3.962139385811720427e+00
4.019461025696673850e+00
3.981111156894877823e+00
4.021474340021812921e+00
3.920438227375171891e+00
3.909717616712084620e+00
3.965954519577400639e+00
4.059471014778521791e+00
4.037677620834570824e+00
4.088482260262058077e+00
4.043594225435525047e+00
3.994594975350098665e+00
3.982251408507243351e+00
3.983443707024337144e+00
4.049307142665862891e+00
4.059714439117955820e+00
4.101470366451173355e+00
4.094429453723623880e+00
4.120994759891761561e+00
4.188188750637628743e+00
4.119130849705676667e+00
4.116917292503624815e+00
4.101065511069163172e+00
4.222192587224419924e+00
4.300075371652724243e+00
4.352725313600688040e+00
4.355945693704963873e+00
4.390838760528371409e+00
4.396804581540387780e+00
4.329232672405844085e+00
4.370480613696374306e+00
4.370637283876233958e+00
4.375469242542512127e+00
4.353122076023073106e+00
4.333667632513890311e+00
4.427313070174840881e+00
4.428540061038893860e+00
4.426408540790101043e+00
4.443046466927452975e+00
4.495961651262912362e+00
4.529367549171869456e+00
4.551807570666711378e+00
4.598260058642503090e+00
4.654839650925508110e+00
4.641565422521827244e+00
4.608887294420402903e+00
4.571006094983837365e+00
4.703038184528119281e+00
4.766377288598723005e+00
4.772791279550609111e+00
4.908642922652622254e+00
4.920925030648709786e+00
4.991375502013125853e+00
5.003263563839567496e+00
5.063569301509762255e+00
5.038435774518035259e+00
5.099497990279693305e+00
5.082184117853420169e+00
5.093708976538845690e+00
5.047075180676940498e+00
5.016230789658481015e+00
5.032107829711001123e+00
5.001458636812689207e+00
5.048220151766041219e+00
5.122296129123152575e+00
5.226541580163776679e+00
5.217063561304335906e+00
5.197934838464282059e+00
5.205787449371492848e+00
5.274008525748440590e+00
5.285828572226091815e+00
5.334669860245964124e+00
5.294324119210333635e+00
5.337297849036765740e+00
5.385135143459177876e+00
5.399337694086584705e+00
5.444709696451338843e+00
5.494857150693565728e+00
5.466956326605240335e+00
5.454175023259602462e+00
5.569000751884178868e+00
5.612887040523811599e+00
5.703693675899311977e+00
5.732747353265422952e+00
5.686597484233367084e+00
5.796367701607587186e+00
5.832970857973892365e+00
5.892888873091251867e+00
5.869581606535742679e+00
5.891024512002140945e+00
5.939519922033189125e+00
5.997113748713251091e+00
6.025352659383555576e+00
6.006501598497462346e+00
6.128152667530143205e+00
6.170439336287240728e+00
6.156022025896841221e+00
6.139788596161338319e+00
6.111982298286268822e+00
6.220958206902451160e+00
6.309250021433460809e+00
6.329184814769579503e+00
6.379966956240139098e+00
6.444868210114229612e+00
6.543716894393656780e+00
6.544294043453502852e+00
6.603744030889185268e+00
6.660908490322063891e+00
6.707371762510397240e+00
6.723026884035814277e+00
6.714574941269463082e+00
6.715894586779692865e+00
6.720186898657646957e+00
6.697799851205463284e+00
6.675040707981455768e+00
6.715885397285244807e+00
6.694689845209243373e+00
6.685112340620191773e+00
6.665778497498670241e+00
6.621164067230665751e+00
6.554298685542487846e+00
6.600299642144840995e+00
6.596163537446704694e+00
6.585955489428179099e+00
6.549010297745882170e+00
6.507819723489229879e+00
6.556096719133171824e+00
6.458066553762623840e+00
6.470537240520119582e+00
6.525499870800574698e+00
6.463020403203274533e+00
6.425122202277367300e+00
6.402454333429725253e+00
6.437028758512552962e+00
6.531473213805061739e+00
6.547699420564459416e+00
6.597448238162528789e+00
6.607536924854745308e+00
6.572980725940959168e+00
6.546335244913300322e+00
6.512066573513551226e+00
6.678336340607315513e+00
6.669779871721711828e+00
6.699453132852497994e+00
6.747805876591629115e+00
6.783719718877725846e+00
6.737282503177804749e+00
6.756293719580979129e+00
6.724512927863544931e+00
6.671289210186023055e+00
6.727567501714071696e+00
6.625986934901500369e+00
6.638723313763123635e+00
6.741761791560812789e+00
6.734887971280256735e+00
6.703104344609474907e+00
6.685746877432301893e+00
6.691668865859543125e+00
6.697348137888583963e+00
6.737840756282771792e+00
6.678980980459204631e+00
6.634002922764001831e+00
6.657519187389105753e+00
6.544802663267790699e+00
6.502272247153683793e+00
6.514075560491431105e+00
6.525890378582307250e+00
6.515570518492610042e+00
6.476957803243093892e+00
6.445467486835647186e+00
6.480810059459414241e+00
6.488027850329645574e+00
6.562146779455138024e+00
6.606305913685310394e+00
6.482889400214633113e+00
6.410724740059525750e+00
6.338908521021303422e+00
6.328094928889082205e+00
6.307906666968217557e+00
6.359742850042049866e+00
6.501393153319536822e+00
6.514746342490393971e+00
6.574015197049198456e+00
6.547700735850248144e+00
6.553625554385973828e+00
6.575875617203410961e+00
6.601119366124693855e+00
6.620242769001126959e+00
6.595124131129657563e+00
6.572515005696192958e+00
6.441181004223809126e+00
6.465994661479061989e+00
6.434059103797375556e+00
6.542866676770960233e+00
6.575702019891035199e+00
6.558758962379190649e+00
6.607250388744895453e+00
6.624746847934178007e+00
6.653948467139294998e+00
6.637599373843662498e+00
6.528849492958539003e+00
6.508674094285479939e+00
6.409175089925533086e+00
6.402298964940842829e+00
6.481588077017338634e+00
6.495654944990025825e+00
6.601897267955880722e+00
6.634703283855908573e+00
6.644057975979818842e+00
6.651553961582615138e+00
6.680690514521809398e+00
6.691290464463754972e+00
6.672500253802621017e+00
6.662127183603704594e+00
6.684204321878109312e+00
6.763480044020170112e+00
6.845492008755935665e+00
6.821328073588140306e+00
6.953185703305207355e+00
7.034212630911470754e+00
7.062166098351470467e+00
7.037758026492667796e+00
7.028976949255557827e+00
7.041309164781818453e+00
7.057517836951879175e+00
7.144324012491318321e+00
7.184741912364987826e+00
7.231324407895893813e+00
7.266072700844438792e+00
7.261148459618662621e+00
7.368395621474629564e+00
7.512985970135446223e+00
7.504923843918646753e+00
7.563518062936681829e+00
7.545711006022504996e+00
7.572148810809557595e+00
7.611854126689674871e+00
7.581192094954407601e+00
7.544775174722815336e+00
7.552995399041015467e+00
7.457219658202433266e+00
7.539858591028176349e+00
7.414871483464455793e+00
7.382521176246034322e+00
7.299223944999068792e+00
7.246077598310725953e+00
7.186636500273408501e+00
7.147767698038446582e+00
7.208857596523094990e+00
7.292168439721000261e+00
7.266578921288425974e+00
7.317811675467892130e+00
7.306884411599270379e+00
7.228702028048041406e+00
7.184646212386277320e+00
7.208036216914191385e+00
7.166389263783652375e+00
7.102236572456868124e+00
7.159182665256338396e+00
7.177113311460033174e+00
7.234148774836670626e+00
7.166016127881546183e+00
7.070224597270528655e+00
7.038963325269008919e+00
6.995534607447958741e+00
7.047239103909559432e+00
6.983723657820088526e+00
7.017063767765488791e+00
7.004487455356967374e+00
6.989616597094547856e+00
6.944117506425830477e+00
6.915970292097791905e+00
6.863709846538254666e+00
6.856773556720437313e+00
6.939790861810782197e+00
6.936215483184664521e+00
6.936368986043886409e+00
7.011599222442534973e+00
6.988683004904388874e+00
6.851237943628829541e+00
6.840002509290752819e+00
6.880701319517614323e+00
6.750164344443385644e+00
6.676626459955243398e+00
6.582536405803356416e+00
6.619168496958113046e+00
6.670254431292426567e+00
6.608269576775303911e+00
6.618754767756374946e+00
6.634561470557380325e+00
6.609780191449835307e+00
6.660014252139735191e+00
6.638998535100260057e+00
6.611740200148459756e+00
6.608552398497766767e+00
6.557080150031724841e+00
6.521411183668514688e+00
6.575763416495054692e+00
6.604702141877666577e+00
6.669005054730215321e+00
6.676975711799792101e+00
6.682661388539328229e+00
6.618061767657851036e+00
6.580826226155786607e+00
6.584697980542941309e+00
6.489487321918466556e+00
6.376561005209365085e+00
6.366541504166333354e+00
6.292871015241636279e+00
6.244524440447624336e+00
6.156815246838131195e+00
6.226798371444248303e+00
6.249074088451838094e+00
6.208122145753691257e+00
6.096264666094395324e+00
6.103985778792068828e+00
6.096487699909143743e+00
6.054313917288107305e+00
6.015689833882378323e+00
6.026952777408543405e+00
6.010638816639334969e+00
6.082561418927742380e+00
6.043119345199043480e+00
6.056719211584306706e+00
5.990266044225045050e+00
5.916115663891590160e+00
5.937774524064294290e+00
5.856901648624287304e+00
5.833879494714103053e+00
5.864955550136682128e+00
5.770416279894860168e+00
5.750474259464997573e+00
5.711695468623403826e+00
5.674260988716742560e+00
5.648607118814019223e+00
5.623346626323510122e+00
5.762566062478326145e+00
5.803976251769503492e+00
5.715456294947554028e+00
5.674889233011218614e+00
5.708423151337347790e+00
5.650202652187748420e+00
5.688862588209379290e+00
5.733291532736723539e+00
5.740616329462103096e+00
5.806362205131597953e+00
5.781110543094651000e+00
5.737922046705016932e+00
5.726700594956742663e+00
5.755866116137133837e+00
5.708515395429764716e+00
5.808396965888162455e+00
5.771919350250154679e+00
5.738318475995780155e+00
5.729863012880742623e+00
