-2.400072432122434818e-01
-3.126832843071319923e-01
-3.506236529735807794e-01
-3.733834138176950201e-01
-3.922270845449465360e-01
-4.172265518891996039e-01
-3.954024248551101794e-01
-4.141910062655854152e-01
-4.191714716167760924e-01
-4.011032118976586291e-01
-4.104625172376573650e-01
-4.220203559568048712e-01
-4.286652224916098208e-01
-4.223150342984218764e-01
-4.160769056609677774e-01
-3.871325555212173919e-01
-4.005532166759153689e-01
-4.038425873500908203e-01
-4.065592276878304823e-01
-4.016923905427238206e-01
-3.869413265076356856e-01
-3.944536468786579153e-01
-3.976698962365111112e-01
-3.815633439402816851e-01
-3.921696284044433600e-01
-3.893958366487008105e-01
-3.886553872396414366e-01
-4.058070425769361167e-01
-3.944250460287196391e-01
-3.687452541886574453e-01
-3.802555178957742754e-01
-3.890583984233237924e-01
-3.622471776404109778e-01
-3.645820132954415982e-01
-3.750214034071224778e-01
-3.865472658589826360e-01
-3.496495351399410145e-01
-3.691634123207987450e-01
-3.580155610770968666e-01
-3.613844906032848137e-01
-3.654072038497022668e-01
-3.670635546145377681e-01
-3.644371157249394200e-01
-3.570979292566979213e-01
-3.526079087913487342e-01
-3.671748272669795865e-01
-3.767060669739397682e-01
-3.566548003246199361e-01
-3.626255574301889273e-01
-3.547065861909306506e-01
-3.645829536053463715e-01
-3.547144690299676162e-01
-3.555465736997227566e-01
-3.624063193654027404e-01
-3.435626641923081315e-01
-3.522575382180710424e-01
-3.604599668190822115e-01
-3.563558258767977049e-01
-3.558170070524693251e-01
-3.503114500917878793e-01
-3.761876706106089818e-01
-3.472194909956502484e-01
-3.287660067926448937e-01
-3.390172354424098033e-01
-3.523748516706271539e-01
-3.450768807218146939e-01
-3.446507451817765189e-01
-3.464096239111553732e-01
-3.472706596449623984e-01
-3.413891566145714762e-01
-3.363600320825019807e-01
-3.345755178977955491e-01
-3.405988299980478029e-01
-3.326609829428179288e-01
-3.237972997992360491e-01
-3.295131460079066543e-01
-3.151823256135470319e-01
-3.245689355820905453e-01
-3.145678808020727080e-01
-2.925830773916709981e-01
-3.147377944249105108e-01
-3.450313337010330050e-01
-3.267559373867955363e-01
-3.336161996289874199e-01
-3.121618180879048299e-01
-3.190389967911661517e-01
-3.175110482251699562e-01
-3.303319254318952680e-01
-3.178253576733734431e-01
-3.147872707807477521e-01
-3.290129365740609435e-01
-3.196349789011388998e-01
-3.284048728247324633e-01
-3.245697150880406667e-01
-3.142963963154322693e-01
-3.144540397137210452e-01
-3.080928903915337580e-01
-3.168164159455997275e-01
-3.179994166879310802e-01
-3.097375448740136150e-01
-3.076687115045191878e-01
-3.103795225591616247e-01
-3.168023192356911322e-01
-3.056918925369932483e-01
-3.281707087992924987e-01
-3.165176273289609377e-01
-3.259003352722059654e-01
-3.027456603819420056e-01
-2.712603868831603426e-01
-2.927035901664186701e-01
-2.916649458980057896e-01
-3.171022578544385184e-01
-3.090996691343530500e-01
-3.030198464018206139e-01
-3.015399241564367117e-01
-3.041965031652402729e-01
-3.160897929613907809e-01
-3.166963021145629553e-01
-3.061922180765366264e-01
-3.206157942904701019e-01
-3.229305692090582713e-01
-3.183048388846323462e-01
-2.924844466322324421e-01
-3.233298031192003430e-01
-3.179836561457903832e-01
-2.961017955598150841e-01
-3.380702921514803228e-01
-2.916747364633350825e-01
-3.134520892660761504e-01
-3.262758557307898766e-01
-2.882703241557355023e-01
-3.005065380721414492e-01
-2.848537531698140945e-01
-3.225986147107139379e-01
-3.174794429507491467e-01
-3.084095024087155634e-01
-3.028580704665836398e-01
-3.211264850276174254e-01
-3.051982362290696082e-01
-3.192936577841412049e-01
-2.830107884453385014e-01
-2.830272042774883978e-01
-3.071035843171314728e-01
-2.942092378507046302e-01
-3.055011840628691910e-01
-3.085483155912351894e-01
-3.086194102010517137e-01
-3.033894246240522174e-01
-3.150777323284378317e-01
-3.114368796605718748e-01
-3.058998537110519944e-01
-3.011837964633331532e-01
-2.898160486095748833e-01
-3.116041576313717254e-01
-3.114607772229354143e-01
-2.993319153455201720e-01
-2.930832530571232386e-01
-3.112214254777805333e-01
-2.980736168211459702e-01
-2.909866911949015034e-01
-3.097195103331400468e-01
-3.238567891464163573e-01
-2.972546670821804016e-01
-3.153505746480891325e-01
-2.995091148800006486e-01
-2.810685616812400589e-01
-2.849024810145540654e-01
-2.882721613579006803e-01
-3.037161684674795081e-01
-3.098596105466783213e-01
-3.040198459388739893e-01
-3.081063462405490005e-01
-2.962334383745550692e-01
-3.157747659782448868e-01
-2.977512309724610895e-01
-2.805351180068134664e-01
-2.943547276399386958e-01
-3.187600566052769535e-01
-3.204446696591499721e-01
-3.062738525289395164e-01
-3.124207838021191841e-01
-3.043799975771363520e-01
-3.182523892089988427e-01
-3.058641899585293755e-01
-3.088068382558223357e-01
-3.087705236315532176e-01
-3.124126731419847314e-01
-2.951441881491578823e-01
-2.943779871735515696e-01
-3.053990608316200506e-01
-2.973800792570739926e-01
-3.092537666032061372e-01
-2.973861339581836960e-01
-2.868191238096164386e-01
-2.907412010508854672e-01
-3.004051695101821462e-01
-3.002334377231130613e-01
-3.126316016219372051e-01
-2.958248672811699675e-01
-3.038822465315873522e-01
-2.954098592608673801e-01
-3.126706145596510056e-01
-3.109311434623027726e-01
-2.942078454316323644e-01
-3.030056024180091123e-01
-2.973117361947694715e-01
-3.108481541997110131e-01
-2.999167957502256177e-01
-3.071980574759478611e-01
-3.110387939620345432e-01
-3.073433458165561460e-01
-3.031023033025387892e-01
-3.083341703687112467e-01
-3.023571622953907800e-01
-3.127870521199638265e-01
-3.073289110117795042e-01
-2.908090401619233267e-01
-3.062698858440144334e-01
-2.913884299800546529e-01
-3.164797911236937322e-01
-3.128962612414536437e-01
-2.910893078112363197e-01
-3.222430807220424409e-01
-3.145959830443596505e-01
-3.087777922713030865e-01
-3.115762484202417859e-01
-3.155266416795770024e-01
-3.114422142866852816e-01
-3.198882715344144589e-01
-3.083179953725030398e-01
-3.139103719525969671e-01
-2.962047890552795826e-01
-3.222031990035213456e-01
-3.048682608449243547e-01
-2.968631867029085658e-01
-3.008583236933889404e-01
-3.092614880702828639e-01
-3.033069367993037613e-01
-3.117353428574106688e-01
-3.049999222113248809e-01
-3.018192539437635213e-01
-3.109787908617972496e-01
-3.161017177480417439e-01
-3.080377579673927446e-01
-3.118251597321108903e-01
-3.081429113322575741e-01
-2.922834867081043342e-01
-3.039513816133310176e-01
-2.802089167548338366e-01
-3.096340657034460930e-01
-3.181957810877158455e-01
-3.001514177896591473e-01
-3.006803968154225792e-01
-3.067911229839480614e-01
-2.980871442596996213e-01
-3.088880548018569927e-01
-3.117552884891683362e-01
-3.208349365448662782e-01
-3.040728745762318885e-01
-3.048597198257784191e-01
-3.050150080735933855e-01
-2.950725418989601501e-01
-2.935719002028893687e-01
-2.968577596401744678e-01
-2.985526520016068552e-01
-3.038536353070810936e-01
-2.897230051707306853e-01
-2.960017335285827222e-01
-2.986392106123547663e-01
-3.100587313021716529e-01
-2.929943921979405452e-01
-2.933513830455478644e-01
-2.973926336095062961e-01
-2.932711357404587105e-01
-2.949118698068533551e-01
-2.888971436369385248e-01
-3.007883485824633940e-01
-3.037463517923491008e-01
-3.021643507758819958e-01
-3.035151069429018467e-01
-2.974203142320379634e-01
-3.065046822397219373e-01
-2.965755281218918071e-01
-2.997466828944626016e-01
-2.948088127887034116e-01
-2.958344379061550455e-01
-2.960558333798797293e-01
-2.973349762961834397e-01
-2.889715628974953709e-01
-2.901630481776231729e-01
-2.774802662899948924e-01
-2.932750756263975411e-01
-2.714228533639442276e-01
-2.891389972041709111e-01
-2.906658229004541738e-01
-2.781777990922522648e-01
-2.822862891339210645e-01
-2.802322074281524689e-01
-2.777104353109884904e-01
-2.846263324438966791e-01
-2.913762535603348081e-01
-2.860984883802244472e-01
-2.694233619826731374e-01
-2.904952507496461056e-01
-2.829072745462619665e-01
-2.826842285698103474e-01
-2.785169400155516062e-01
-2.878368624286700150e-01
-2.792610906786872071e-01
-2.802481078530083547e-01
-2.728664280905299666e-01
-2.677135269685932961e-01
-2.827685452739698846e-01
-2.658661658052179355e-01
-2.747761385943325863e-01
-2.650971864072908524e-01
-2.700484628215820138e-01
-2.635715265107494432e-01
-2.631665647124310503e-01
-2.591982843716484908e-01
-2.666845345649755394e-01
-2.557430422743993681e-01
-2.607179871509810454e-01
-2.502561902401723160e-01
-2.484147086756922640e-01
-2.528428217801366173e-01
-2.483983031754988247e-01
-2.507475920208341869e-01
-2.482188554750992537e-01
-2.454913731761760864e-01
-2.481966469837137979e-01
-2.450184229342244890e-01
-2.427472616047166021e-01
-2.485719536152863895e-01
-2.449374689179451003e-01
-2.361276640867266963e-01
-2.494526893902322406e-01
-2.292148435276581964e-01
-2.423459548804660635e-01
-2.337259521443004751e-01
-2.370563373985605793e-01
-2.327998010726770595e-01
-2.355081962637619597e-01
-2.336879442408297258e-01
-2.377294707360682047e-01
-2.310343887133941010e-01
-2.236584270679644604e-01
-2.314998021226899461e-01
-2.293374127858012201e-01
-2.250005363852687346e-01
-2.371622347282795751e-01
-2.310248902949485483e-01
-2.344226634820825161e-01
-2.289783291299700707e-01
-2.290992694793954065e-01
-2.268799891034385396e-01
-2.231597824305193711e-01
-2.291420805189239296e-01
-2.233199011124558098e-01
-2.255441935072695081e-01
-2.246804606534804627e-01
-2.248529256189653047e-01
-2.237327507198898502e-01
-2.266444146823451966e-01
-2.244461441044651728e-01
-2.162051891358203193e-01
-2.224892663975657214e-01
-2.190309407842274680e-01
-2.186945993290771995e-01
-2.179292418976421786e-01
-2.158288392546978685e-01
-2.188976858306532769e-01
-2.203931495628181914e-01
-2.187848677526851304e-01
-2.126741502856592803e-01
-2.191688039500934160e-01
-2.178217173928400641e-01
-2.210303870582630559e-01
-2.192374013445226311e-01
-2.168838884952686286e-01
-2.194179683325585550e-01
-2.181183810740048301e-01
-2.123696226135010079e-01
-2.088260609620720132e-01
-2.153518629465707157e-01
-2.133857041807991628e-01
-2.138235757676918425e-01
-2.168223527080739288e-01
-2.118497270329000592e-01
-2.134360151113106063e-01
-2.135634080980324256e-01
-2.113195286638966941e-01
-2.117221642798026160e-01
-2.199284930071896405e-01
-2.163516899953870087e-01
-2.160549332905672415e-01
-2.166706444190151792e-01
-2.144073871798939379e-01
-2.108550009181922036e-01
-2.149724453043808658e-01
-2.151670552533753167e-01
-2.158036575894226594e-01
-2.109055477954893121e-01
-2.140001627010423846e-01
-2.086424379982467769e-01
-2.159378663176849678e-01
-2.134814570537151290e-01
-2.169836699590925733e-01
-2.211961803115585212e-01
-2.106717366658141799e-01
-2.149900143519696272e-01
-2.129663914672841329e-01
-2.110789431687649653e-01
-2.131470786929368089e-01
-2.104386301784630930e-01
-2.116563028171034588e-01
-2.121341048525078321e-01
-2.117588632436611107e-01
-2.106903695228572460e-01
-2.127686843461367161e-01
-2.171752138031641799e-01
-2.164306006382958891e-01
-2.115170219413227137e-01
-2.143456163685999449e-01
-2.114858105369519237e-01
-2.083712037668115080e-01
-2.087302456919082339e-01
-2.104351870313063699e-01
-2.137468073226225229e-01
-2.133878689183399402e-01
-2.143699942113519441e-01
-2.108415262364871090e-01
-2.117339317051740721e-01
-2.092755390122404968e-01
-2.121364883636260856e-01
-2.128773950951243776e-01
-2.144281586321366007e-01
-2.095838567374865846e-01
-2.088981951369204282e-01
-2.144683632264117179e-01
-2.087323546932413620e-01
-2.102696665699550493e-01
-2.128536784279591032e-01
-2.129294678476902902e-01
-2.116877790446949348e-01
-2.079870460937875976e-01
-2.082402118109429878e-01
-2.088988105950448926e-01
-2.123538260701107738e-01
-2.113314691399299505e-01
-2.159405284865951735e-01
-2.112150760832443019e-01
-2.149613237852103786e-01
-2.106092108941153285e-01
-2.069148955811677126e-01
-2.105714048073439315e-01
-2.148172260135905454e-01
-2.170754192688582052e-01
-2.147622046122799055e-01
-2.146981041203228635e-01
-2.146861039921659220e-01
-2.188007116251977635e-01
-2.164832426486102968e-01
-2.146949410611194153e-01
-2.141423624749916321e-01
-2.193239709500729440e-01
-2.155045739293282026e-01
-2.139643097786110282e-01
-2.130533450999929634e-01
-2.155652076402705397e-01
-2.149889028031894966e-01
-2.117482933408303403e-01
-2.147913447463265513e-01
-2.108187491032240679e-01
-2.140202272289428720e-01
-2.121952702130780466e-01
-2.112397947328830128e-01
-2.149532053806431087e-01
-2.120474941246834888e-01
-2.205176717373751316e-01
-2.158065962615549616e-01
-2.170939383715477788e-01
-2.184124812017622652e-01
-2.190024489536215313e-01
-2.165214552150303007e-01
-2.190105869139036265e-01
-2.169027919682733341e-01
-2.129639827938456520e-01
-2.179749387683083128e-01
-2.170804149315266329e-01
-2.160877577474678013e-01
-2.144094292768112808e-01
-2.126259222092725665e-01
-2.126268484421758309e-01
-2.189548879105998047e-01
-2.165983116401100084e-01
-2.097228090486620289e-01
-2.128746765514351047e-01
-2.186461771356649209e-01
-2.142031115470541813e-01
-2.135344912592826994e-01
-2.143261289977496098e-01
-2.169651859705070684e-01
-2.127562272001295440e-01
-2.079557740568720448e-01
-2.209892591821289720e-01
-2.201623637144507484e-01
-2.087800039537381913e-01
-2.161982661756378654e-01
-2.157294941972240920e-01
-2.175469860135459399e-01
-2.203402300546910553e-01
-2.137757746409079118e-01
-2.129361368705802171e-01
-2.164240558589449748e-01
-2.116854683911539858e-01
-2.124741011367956567e-01
-2.152409344220931331e-01
-2.200729151296769714e-01
-2.197762280629764753e-01
-2.077619299122068774e-01
-2.154051470220998965e-01
-2.148708767365490324e-01
-2.194908481576680614e-01
-2.184468207223919656e-01
-2.156760776416621894e-01
-2.154645119184204205e-01
-2.183299615785840864e-01
-2.175899433084813595e-01
-2.122880490861316360e-01
-2.151135720944128416e-01
-2.166042599368234178e-01
-2.135733835491659960e-01
-2.141990941807208060e-01
-2.172277951758130321e-01
-2.143630024596894224e-01
-2.157845666018238795e-01
-2.174266215635780597e-01
-2.118681593695459497e-01
-2.157604087521169944e-01
-2.172130728827559309e-01
-2.166284547334789146e-01
-2.122900067085935483e-01
-2.044376359109048025e-01
-2.135832876788779089e-01
-2.135865238833187796e-01
-2.180277700680823827e-01
-2.182958890409039121e-01
-2.173668803919142078e-01
-2.180814105794697255e-01
-2.135449958469948228e-01
-2.115553849484266280e-01
-2.145947991983283565e-01
-2.078497039456190798e-01
-2.150044524569123539e-01
-2.139342634716823177e-01
-2.158381594278466764e-01
-2.160311185246159837e-01
-2.159356774111325095e-01
-2.160852414216281048e-01
-2.123957087491086249e-01
-2.118178423660501686e-01
-2.130051077790140468e-01
-2.152240130304479138e-01
-2.205416823474766197e-01
-2.130491436008559170e-01
-2.124326944691667940e-01
-2.170636717496821078e-01
-2.134797825485934553e-01
-2.180594718726434067e-01
-2.187566186333533835e-01
-2.210771262104382906e-01
-2.240532911328787513e-01
-2.173774768755865061e-01
-2.119665585474828085e-01
-2.149926258197063511e-01
-2.201449140952331796e-01
-2.180976445655677942e-01
-2.219802481355919177e-01
-2.151762693482059952e-01
-2.149769530902805315e-01
-2.133734506796329811e-01
-2.144346478786243182e-01
-2.267157591964692465e-01
-2.172469454504235564e-01
-2.181933318326825244e-01
-2.202204504521318995e-01
-2.232108829431096453e-01
-2.188719123229798669e-01
-2.189478201460102191e-01
-2.192156534985612026e-01
-2.224394959033966224e-01
-2.230453613564842286e-01
-2.172184109784378592e-01
-2.208718894407866173e-01
-2.213465075995504350e-01
-2.239211244839292014e-01
-2.171792972204036332e-01
-2.133373556777620195e-01
-2.172734985735695901e-01
-2.211561961215671168e-01
-2.236892952554061509e-01
-2.201534904746571542e-01
-2.210468930250950592e-01
-2.242153026816611217e-01
-2.226534141506757436e-01
-2.248926436261320383e-01
-2.182384778538359882e-01
-2.177573198811568744e-01
-2.212406755140596815e-01
-2.180618398345126607e-01
-2.223386909895808117e-01
-2.200118506507440230e-01
-2.189880952937022229e-01
-2.223762884301994092e-01
-2.163838787153302690e-01
-2.223561329058370006e-01
-2.228774338143439948e-01
-2.261211247300636273e-01
-2.210246927823193985e-01
-2.201966781542106233e-01
-2.160529044399339682e-01
-2.173358986024513939e-01
-2.204742056832840191e-01
-2.186036030795053264e-01
-2.164283940735742817e-01
-2.196854545883981658e-01
-2.222457500986134704e-01
-2.145083865741437279e-01
-2.201029375842411540e-01
-2.224379218875096598e-01
-2.158236071997281513e-01
-2.145042202115652330e-01
-2.188201974916132997e-01
-2.194545247503185692e-01
-2.195893663999894940e-01
-2.127622098748362944e-01
-2.165296760025396949e-01
-2.192152245104015407e-01
-2.237150860277949960e-01
-2.194585989455770658e-01
-2.180519118241717180e-01
-2.216707417227476995e-01
-2.181343896515102188e-01
-2.217901484597293305e-01
-2.232170848324797063e-01
-2.253397561430432461e-01
-2.249370236858725391e-01
-2.235351002817944632e-01
-2.228143587761826083e-01
-2.220361026015496009e-01
-2.221488935658593178e-01
-2.235107827553903803e-01
-2.111732999420903312e-01
-2.194269617571471542e-01
-2.178327331586649152e-01
-2.162500464773673414e-01
-2.249371748937418758e-01
-2.268201957493127807e-01
-2.223360134059975124e-01
-2.216026885916937417e-01
-2.188012949873803237e-01
-2.187383041072985534e-01
-2.276351506784868306e-01
-2.216427760400563329e-01
-2.231346431774250405e-01
-2.251863347677405258e-01
-2.225656111248168756e-01
-2.072752803954251988e-01
-2.221059841306001204e-01
-2.198091818641803030e-01
-2.191336674515396155e-01
-2.230955664268785554e-01
-2.222827561951747910e-01
-2.184878161941918862e-01
-2.213759628805522794e-01
-2.228789771001871145e-01
-2.182142397545696610e-01
-2.240586351205333671e-01
-2.199895138883318779e-01
-2.161061370361982981e-01
-2.218427844940258353e-01
-2.201818306210574505e-01
-2.211006609877221862e-01
-2.162597879198404627e-01
-2.234231192681761513e-01
-2.170892955867298468e-01
-2.224864515668212306e-01
-2.133704744300528588e-01
-2.238215637050995355e-01
-2.182920319193009107e-01
-2.247081564099788764e-01
-2.211388038767898578e-01
-2.172962153252733231e-01
-2.209956456959671911e-01
-2.238345535627592753e-01
-2.192628339733388998e-01
-2.200738484810962348e-01
-2.181046028894559896e-01
-2.182678654249867733e-01
-2.176587851709497201e-01
-2.225988876266775662e-01
-2.154698004126629485e-01
-2.212615446058450175e-01
-2.175403470276924267e-01
-2.180891906404784919e-01
-2.205485692001039055e-01
-2.165807673568380665e-01
-2.204227620453513836e-01
-2.197784231735635530e-01
-2.220024443586492424e-01
-2.164285155329617183e-01
-2.218717060055457324e-01
-2.231463772690043257e-01
-2.141992981159299703e-01
-2.188152329551451558e-01
-2.220463951640501143e-01
-2.202009234325843501e-01
-2.228471271488903227e-01
-2.199815948017107559e-01
-2.177384892904372649e-01
-2.196650551835439558e-01
-2.239495672607834109e-01
-2.209337936988688966e-01
-2.149090256119512432e-01
-2.203533044720140666e-01
-2.154153081601393183e-01
-2.221974187692241642e-01
-2.214272190344530600e-01
-2.205551383089803252e-01
-2.207337248649841044e-01
-2.171057950165078410e-01
-2.235480076006579608e-01
-2.192533761929764680e-01
-2.176886944712048688e-01
-2.184307360866597492e-01
-2.233501167936253751e-01
-2.161122045702184025e-01
-2.188994817790250735e-01
-2.178714182298229218e-01
-2.202626017623279253e-01
-2.189379793611445635e-01
-2.217362840762131526e-01
-2.185501395162647853e-01
-2.190389372806595958e-01
-2.249971332730051898e-01
-2.184983508934807972e-01
-2.204305433468194408e-01
-2.230469952484375185e-01
-2.189293291212486281e-01
-2.241526362255257254e-01
-2.229313535895611764e-01
-2.215700016334016809e-01
-2.195362622301892941e-01
-2.201440146728188552e-01
-2.177140655585252382e-01
-2.198077574974464099e-01
-2.192378378521793181e-01
-2.232296572429390835e-01
-2.196126524096921884e-01
-2.204628457127117969e-01
-2.198646329137430300e-01
-2.209475698439282709e-01
-2.145799090637243722e-01
-2.194834877251592431e-01
-2.190578570556214189e-01
-2.259050250256038339e-01
-2.233942331882410315e-01
-2.223298875777377503e-01
-2.222278958583103758e-01
-2.218262588845387739e-01
-2.169798803284654909e-01
-2.206459881586333438e-01
-2.181912952067612821e-01
-2.159741193634472367e-01
-2.138565163519698942e-01
-2.213933021111138544e-01
-2.206002379182496753e-01
-2.191933496135423098e-01
-2.206062804792399135e-01
-2.243907389929882257e-01
-2.187285410268451358e-01
-2.204136710268791433e-01
-2.150231015949835012e-01
-2.163439808683422783e-01
-2.245235432465602088e-01
-2.174513828379547320e-01
-2.210968965842736722e-01
-2.230755733620721770e-01
-2.158161702218084343e-01
-2.211892140028370868e-01
-2.210065520997184230e-01
-2.237254184401473722e-01
-2.183967138245477280e-01
-2.242698934459603777e-01
-2.204974256384431008e-01
-2.196104268672987025e-01
-2.229889830406257545e-01
-2.149951298959202894e-01
-2.205288857894207588e-01
-2.224950854783269705e-01
-2.243313285514272337e-01
-2.269154713304324389e-01
-2.211730493069827830e-01
-2.204369963547727629e-01
-2.258813703284099361e-01
-2.249022191283498451e-01
-2.149101998833744531e-01
-2.198457923918977208e-01
-2.180164127685788600e-01
-2.265234220386957986e-01
-2.190884706564908413e-01
-2.231288228503549576e-01
-2.194729736872118586e-01
-2.221006710498518721e-01
-2.190816347670745401e-01
-2.175751385223798628e-01
-2.193516638011931974e-01
-2.230978075961775886e-01
-2.266511514615130451e-01
-2.225865957530444028e-01
-2.243790446588644905e-01
-2.221000574546616591e-01
-2.187071960215583033e-01
-2.206658763709055115e-01
-2.270477060189324270e-01
-2.223097546663765911e-01
-2.223460097937315361e-01
-2.233371016382119656e-01
-2.250779325867875436e-01
-2.173772669642781707e-01
-2.176983312835503170e-01
-2.227753449180389644e-01
-2.219363902109710018e-01
-2.199947275093299126e-01
-2.224382311927408651e-01
-2.179975849808801769e-01
-2.250282769143834294e-01
-2.245061885199204355e-01
-2.216358438504357764e-01
-2.171669414593200287e-01
-2.230955088108639295e-01
-2.224144559656582310e-01
-2.168721546428082902e-01
-2.254149091690282880e-01
-2.207703148756805511e-01
-2.172591569130797318e-01
-2.241492345127604757e-01
-2.232489993988830967e-01
-2.274936661527853232e-01
-2.256036245736505741e-01
-2.245837301250408480e-01
-2.173295753531498953e-01
-2.171466643001700447e-01
-2.185814033571498172e-01
-2.210056610436987867e-01
-2.216191844341968142e-01
-2.231718448660640064e-01
-2.206374992566257909e-01
-2.219139960170126713e-01
-2.192736417998326637e-01
-2.227728418060808124e-01
-2.170074769232530620e-01
-2.219112985814697403e-01
-2.202598385255654101e-01
-2.258670098899560053e-01
-2.224455455360416778e-01
-2.186408300862843213e-01
-2.176248100262738738e-01
-2.217010042475413556e-01
-2.190607440231655545e-01
-2.184833448301994885e-01
-2.213794625654736947e-01
-2.215621550147410801e-01
-2.192289999492811337e-01
-2.231667491390414426e-01
-2.259950448186567318e-01
-2.255277589288355866e-01
-2.217160511224482988e-01
-2.223503304127474323e-01
-2.235745647421421012e-01
-2.227656194678280244e-01
-2.181937391552684069e-01
-2.241961761303965517e-01
-2.271732979403593422e-01
-2.174047983892015701e-01
-2.207136555236466346e-01
-2.244632028234176957e-01
-2.251924022246150070e-01
-2.216604388142786597e-01
-2.247629831193305172e-01
-2.218289713069339086e-01
-2.180552662571417777e-01
-2.246299121169998969e-01
-2.204945219581078142e-01
-2.241843487192500817e-01
-2.274531211432821998e-01
-2.253508137874675743e-01
-2.262911039051962447e-01
-2.248908588306905987e-01
-2.256430444866235341e-01
-2.222706558957507905e-01
-2.255041729173994369e-01
-2.244404616362574156e-01
-2.243662456853627862e-01
-2.185539737170842933e-01
-2.212425299242797294e-01
-2.264710418699604766e-01
-2.211050779273673328e-01
-2.199434338007488776e-01
-2.200758197566270447e-01
-2.286877007976255705e-01
-2.226644204784937742e-01
-2.207495186752126415e-01
-2.190190532328331052e-01
-2.225095524490483534e-01
-2.202290596269982359e-01
-2.186754675732545117e-01
-2.237856209478388259e-01
-2.204851525612832042e-01
-2.228531136414280134e-01
-2.228163537462974908e-01
-2.235080280800110231e-01
-2.217116504329785798e-01
-2.188534442370602129e-01
-2.242414047676177802e-01
-2.257074548230830757e-01
-2.251489131041637393e-01
-2.228304556217537424e-01
-2.259745347400721194e-01
-2.230780381966761539e-01
-2.248926081613458194e-01
-2.178464841235157046e-01
-2.202490543192410222e-01
-2.243427824489931943e-01
-2.257329909414229618e-01
-2.254103887350726865e-01
-2.225946698510510302e-01
-2.250530310940792589e-01
-2.224470082280340932e-01
-2.133492496484934442e-01
-2.151102558006607879e-01
-2.206304459480978863e-01
-2.189296189916332125e-01
-2.232703282257766375e-01
-2.189933106270509633e-01
-2.238663996478007512e-01
-2.173461360499606698e-01
-2.231039028915926536e-01
-2.187267376902712890e-01
-2.203837770745726843e-01
-2.140316009095752925e-01
-2.152181589602486511e-01
-2.225661049277070092e-01
-2.177611713354514755e-01
-2.155288542887716652e-01
-2.169817038194707948e-01
-2.193128812731468535e-01
-2.188861961135071255e-01
-2.202461078917656856e-01
-2.199128321587044965e-01
-2.189771786544838506e-01
-2.200963335188501624e-01
-2.223938790596520221e-01
-2.210516124324541920e-01
-2.197750973638616934e-01
-2.212240815058637011e-01
-2.241823201979618041e-01
-2.157090243000809870e-01
-2.201197688723719459e-01
-2.175406193435462932e-01
-2.200317610098081467e-01
-2.183925985720120977e-01
-2.216265506413344077e-01
-2.228725117900216546e-01
-2.258278361164616221e-01
-2.182567910531005850e-01
-2.188129619203427190e-01
-2.200055309095829692e-01
-2.228719224006407984e-01
-2.226200088215763984e-01
-2.196709866557529089e-01
-2.188280683724377340e-01
-2.156755015965376998e-01
-2.160408422533586226e-01
-2.207449388996263195e-01
-2.121645390311490686e-01
-2.271257421058496817e-01
-2.154765421775559631e-01
-2.187732403374971213e-01
-2.197117810586899367e-01
-2.189518624009023640e-01
-2.208916881986477954e-01
-2.162949970823770940e-01
-2.140809243804158157e-01
-2.192661790469871974e-01
-2.255455011331131132e-01
-2.217891114807892805e-01
-2.225552012036571270e-01
-2.221836843292033237e-01
-2.235213676539844485e-01
-2.171885136187334808e-01
-2.201015660904253046e-01
-2.175336565018337609e-01
-2.240613737782748416e-01
-2.242365558769465750e-01
-2.248628048800558332e-01
-2.214992511918509877e-01
-2.239731801711517534e-01
-2.249626462288567552e-01
-2.250047787148439227e-01
-2.235425344254196034e-01
-2.200870399267396138e-01
-2.170565341199557352e-01
-2.154277695289437133e-01
-2.224667944841671741e-01
-2.205038585924903316e-01
-2.203504647767360325e-01
-2.161256770676134309e-01
-2.250834595000705818e-01
-2.221860161545965440e-01
-2.186140269965859417e-01
-2.188412919084283814e-01
-2.198047093007380326e-01
-2.218225435568434989e-01
-2.211533448715390371e-01
-2.232432843662226496e-01
-2.196735041262503074e-01
-2.239347845029397988e-01
-2.175975965366032661e-01
-2.234874197265499518e-01
-2.190964829600252628e-01
-2.210810551076463071e-01
-2.229093527108738648e-01
-2.262574692287548928e-01
-2.199812973885459932e-01
-2.134952108491949829e-01
-2.173850230332918798e-01
-2.232245351176560533e-01
-2.154877551130054414e-01
-2.248130619362491700e-01
-2.272648977995102015e-01
-2.258378974455723665e-01
-2.269910278332236686e-01
-2.243404476970343175e-01
-2.285642404028807029e-01
-2.245712570290416821e-01
-2.197821285259724533e-01
-2.239192450083153929e-01
-2.227996509583518581e-01
-2.172471701654634657e-01
-2.236196539851360576e-01
-2.198372017754937069e-01
-2.189383549090555547e-01
-2.254292299039049041e-01
-2.259641431581691506e-01
-2.195273207268422233e-01
-2.139711407606963434e-01
-2.149210035549384834e-01
-2.214811849120268405e-01
-2.231371868563440941e-01
-2.168848983647158057e-01
-2.248812057858313729e-01
-2.265233941657975869e-01
-2.151902232962767947e-01
-2.193820204414635988e-01
-2.219964133466652001e-01
-2.267639761679030030e-01
-2.203417415163562154e-01
-2.258490094535634540e-01
-2.218391041413081410e-01
-2.189250854798716617e-01
-2.194416964240124557e-01
-2.232446496431359506e-01
-2.212627195365803878e-01
-2.257486108513790946e-01
-2.222658962542278793e-01
-2.242060115252115793e-01
-2.211031190699768167e-01
-2.240528742457383871e-01
-2.239794467075144624e-01
-2.242736832349292442e-01
-2.204014753001861671e-01
-2.268670444425695543e-01
-2.286621164730515687e-01
-2.267105454791393804e-01
-2.242271011235801303e-01
-2.215926420422040799e-01
-2.227740990208362248e-01
-2.278819634136506345e-01
-2.163626448968298810e-01
-2.231067973124130077e-01
-2.276799878836324176e-01
-2.224179145011184744e-01
-2.180243831171382318e-01
-2.240343015374328672e-01
-2.242773808495996946e-01
-2.222571722368167357e-01
-2.239921054044939908e-01
-2.242305347329156540e-01
-2.181857449747246491e-01
-2.219075569981288076e-01
-2.228026154194497899e-01
-2.223197925459738933e-01
-2.220922767952004939e-01
-2.233422189776725908e-01
-2.231733262036348364e-01
-2.185046960690355533e-01
-2.246086287783919389e-01
-2.184647548093052727e-01
-2.229162503505377479e-01
-2.247316857391847833e-01
-2.254074133042269779e-01
-2.197606139679937343e-01
-2.158498845837351077e-01
-2.277336767684579044e-01
-2.166961603234511813e-01
-2.228381554984681934e-01
-2.197586468241499169e-01
-2.223400395391239570e-01
-2.254072525387695869e-01
-2.155016931870283869e-01
-2.247591918496238961e-01
-2.203577870932704741e-01
-2.254622560755645821e-01
-2.227303171196837184e-01
-2.196102467517597745e-01
-2.255134315590687777e-01
-2.235843222454421131e-01
-2.247525526144293906e-01
-2.202877475489590786e-01
-2.258641257153444215e-01
-2.201555147123244183e-01
-2.224875429061641263e-01
-2.263232578559772890e-01
-2.188470938946465161e-01
-2.138325890914587468e-01
-2.203832120172202202e-01
-2.185866490199526169e-01
-2.190806812850025764e-01
-2.246083443938236002e-01
-2.241161953758052938e-01
-2.194682909013310201e-01
-2.192144775152642389e-01
-2.177794737871878716e-01
-2.234215509889154738e-01
-2.211565493649985115e-01
-2.230979217163255868e-01
-2.265280661208906032e-01
-2.188015634398086107e-01
-2.238645487747197294e-01
-2.245894525362741589e-01
-2.238268054017877873e-01
-2.229155091990144832e-01
-2.232342359827748091e-01
-2.201969499456728485e-01
-2.229908494619001758e-01
-2.224307608597704267e-01
-2.223841172871949823e-01
-2.242894059958113750e-01
-2.228851639284177288e-01
-2.202326656668054383e-01
-2.249408630539440068e-01
-2.198776721763562314e-01
-2.245472412958178232e-01
-2.219599233434705887e-01
-2.195833752826259477e-01
-2.240922086735039898e-01
-2.257046270431866120e-01
-2.196125755978495242e-01
-2.202608494985405230e-01
-2.112687881228714204e-01
-2.196072957498214073e-01
-2.239775644365220586e-01
-2.194368682212446409e-01
-2.216568292164455833e-01
-2.195810119067824751e-01
-2.194332896866608706e-01
-2.252968584874315283e-01
-2.272959118682531532e-01
-2.195117114118518842e-01
-2.278520576056819458e-01
-2.280099807854365501e-01
-2.242943398265420107e-01
-2.228518769909677566e-01
-2.258354322840601114e-01
-2.228912572514794022e-01
-2.257870030174324860e-01
-2.213613117605284231e-01
-2.241694043650284129e-01
-2.241692992319412880e-01
-2.241397857292524165e-01
-2.222823480531839202e-01
-2.209960596862723392e-01
-2.215740721096040033e-01
-2.210488526975771251e-01
-2.238244415153474165e-01
-2.260519848571469481e-01
-2.246907358687848522e-01
-2.221671527541611013e-01
-2.184123440393461735e-01
-2.185526865136901975e-01
-2.200055367085975710e-01
-2.203287971647620580e-01
-2.171582959182649653e-01
-2.223819493394194602e-01
-2.235295081552002294e-01
-2.216864757457610580e-01
-2.210407996068113334e-01
-2.209048630637751032e-01
-2.221180908722844016e-01
-2.158908309183273921e-01
-2.217368636013978822e-01
-2.171784467259891827e-01
-2.151528722343414302e-01
-2.163746507881176839e-01
-2.237021530918523737e-01
-2.153065142769312601e-01
-2.169745429860592267e-01
-2.191280360734007004e-01
-2.223911026555374093e-01
-2.197968730445767349e-01
-2.201049690794461000e-01
-2.153373838183263445e-01
-2.179285294247463867e-01
-2.235779349578885800e-01
-2.184458728373215308e-01
-2.181957701512056147e-01
-2.204434406342272723e-01
-2.245912702596859489e-01
-2.155080524573325107e-01
-2.197782277280229124e-01
-2.223919295051901557e-01
-2.195767205034613312e-01
-2.140644110999527783e-01
-2.194009094416351502e-01
-2.142884381299836605e-01
-2.155628140626992817e-01
-2.210792562994257082e-01
-2.235054071491360261e-01
-2.205259243808415093e-01
-2.199585153070726662e-01
-2.231335225498272123e-01
-2.211699922602248236e-01
-2.222113495449056231e-01
-2.215883993077776282e-01
-2.209389581912581946e-01
-2.220691749208469901e-01
-2.172997111739309872e-01
-2.197435044374689284e-01
-2.235897942085625090e-01
-2.174412794023528051e-01
-2.230467635590613895e-01
-2.262078371282996159e-01
-2.245471905502673948e-01
-2.198302001268075401e-01
-2.186369818907776263e-01
-2.195002590826504729e-01
-2.204566066597282159e-01
-2.204132491032613217e-01
-2.168061869153250498e-01
-2.219061633552970036e-01
-2.211526212181267326e-01
-2.204230606360626510e-01
-2.240583963300677439e-01
-2.250362422180458566e-01
-2.189839341856667509e-01
-2.244280292337426097e-01
-2.160660540847474387e-01
-2.252917857232725751e-01
-2.153683279245397486e-01
-2.255975134078864741e-01
-2.198836538976447486e-01
-2.161735235624835383e-01
-2.192084064034220958e-01
-2.174532604383281331e-01
-2.180440362796400855e-01
-2.225477957452142164e-01
-2.179020479018132228e-01
-2.220446188306652857e-01
-2.232787276248289210e-01
-2.212288042253676146e-01
-2.184162005351617530e-01
-2.216182802078856540e-01
-2.233307650202744910e-01
-2.262479689243344083e-01
-2.242409199777615214e-01
-2.251579490578503595e-01
-2.225015048585357036e-01
-2.211685588526597357e-01
-2.245315429066314650e-01
-2.196787449339927534e-01
-2.234543018704346906e-01
-2.235240496647010744e-01
-2.224862733137937809e-01
-2.203257587793556738e-01
-2.206971466470228904e-01
-2.248573305571177627e-01
-2.288779844405315345e-01
-2.193744567890050234e-01
-2.140953234258704541e-01
-2.219967607838810864e-01
-2.219593233483418970e-01
-2.256047710737645318e-01
-2.241688137884576548e-01
-2.210035701698194188e-01
-2.203696909729009334e-01
-2.216627781134068442e-01
-2.264338827874738946e-01
-2.234355806203720540e-01
-2.199310366189388688e-01
-2.222878162751786846e-01
-2.242435458984082253e-01
-2.194782079803210273e-01
-2.246266340247839999e-01
-2.222634284652045267e-01
-2.266154349744824437e-01
-2.217542916443608902e-01
-2.256726292725312888e-01
-2.246050851204492993e-01
-2.244691801331453185e-01
-2.219653505918577352e-01
-2.186924646324763799e-01
-2.234413778417296825e-01
-2.223758594605369510e-01
-2.249886722775396031e-01
-2.220362229203729498e-01
-2.205946803108389531e-01
-2.230443896559983763e-01
-2.230970667920377792e-01
-2.201630909225937849e-01
-2.247166119173629184e-01
-2.251296267130333817e-01
-2.187293405574726179e-01
-2.225352404729350475e-01
-2.175067607267231473e-01
-2.208860818986813079e-01
-2.227346057778474275e-01
-2.182049872934541668e-01
-2.154462769631679819e-01
-2.242344243418035177e-01
-2.258573421820422311e-01
-2.205793375224134323e-01
-2.261354833237594342e-01
-2.252462956307255126e-01
-2.213454192876134208e-01
-2.223608922888056227e-01
-2.229104788836595574e-01
-2.155757407924436819e-01
-2.253822609364135587e-01
-2.191708077607241734e-01
-2.206896742280122226e-01
-2.251423795940823425e-01
-2.199256526488042596e-01
-2.195571825453441761e-01
-2.210286178245013389e-01
-2.186266758582329217e-01
-2.207662160729526590e-01
-2.240999013866922240e-01
-2.172098833971114473e-01
-2.237025519630293502e-01
-2.190355933527916577e-01
-2.250829272471337461e-01
-2.233047792075195659e-01
-2.219289982096173119e-01
-2.244102085559229742e-01
-2.215153172354016320e-01
-2.237558742189507122e-01
-2.221492509896805245e-01
-2.240755892308694541e-01
-2.214660180888614605e-01
-2.270901077582503369e-01
-2.244895680544303218e-01
-2.265571908081955854e-01
-2.160313860925349161e-01
-2.236507080327658770e-01
-2.181325946654864012e-01
-2.187501376961442645e-01
-2.271116394339998124e-01
-2.217074486549854839e-01
-2.227148007069841285e-01
-2.231150555424981086e-01
-2.150481345815999923e-01
-2.140765026233220070e-01
-2.235574082606213153e-01
-2.245704729491242446e-01
-2.177714495213391999e-01
-2.218268983445108589e-01
-2.205653820881936511e-01
-2.215170963794710346e-01
-2.247498862108097128e-01
-2.169104256537845998e-01
-2.246007791591768665e-01
-2.250870774642637073e-01
-2.262805001083343370e-01
-2.239916023449968208e-01
-2.217365772391026724e-01
-2.250945869389466836e-01
-2.237372111773021643e-01
-2.204890723740060565e-01
-2.282255882941091052e-01
-2.278342624213842704e-01
-2.244348776855904504e-01
-2.189357611506586032e-01
-2.245262330322148614e-01
-2.253314689756980016e-01
-2.236218298856647024e-01
-2.227540133102614561e-01
-2.220349263107754822e-01
-2.212437665004793885e-01
-2.160419343854416141e-01
-2.159966527331835806e-01
-2.200547090008919682e-01
-2.244810468154474492e-01
-2.218969033732198781e-01
-2.209586016691442723e-01
-2.191840160272313653e-01
-2.181626493553370238e-01
-2.186410836423240411e-01
-2.206260807262960810e-01
-2.251921820758502335e-01
-2.197389402708278539e-01
-2.224693521186020817e-01
-2.140769221996396965e-01
-2.231764558189421876e-01
-2.239330803967325423e-01
-2.219339818563410560e-01
-2.194858890263597928e-01
-2.191048354938365250e-01
-2.209437484530889506e-01
-2.205357498348687884e-01
-2.238039792655879268e-01
-2.238740995588921479e-01
-2.204916707476458626e-01
-2.251250498030401559e-01
-2.224590107280777218e-01
-2.246609679608662091e-01
-2.198038015565373371e-01
-2.218695681653786167e-01
-2.220253450215725621e-01
-2.176856324780125362e-01
-2.203133797823921824e-01
-2.228008062486726004e-01
-2.254304146685122134e-01
-2.230256305858047128e-01
-2.268544073336018485e-01
-2.268355657521867741e-01
-2.257761233745965157e-01
-2.219826415869343705e-01
-2.240512755799066724e-01
-2.258322846034488407e-01
-2.259741444114844455e-01
-2.213467189497961840e-01
-2.215058869558959032e-01
-2.211092655354480740e-01
-2.262475781351076520e-01
-2.227739334103802094e-01
-2.200536209266310550e-01
-2.250035968403096831e-01
-2.238665899563434536e-01
-2.196512303629480911e-01
-2.204893727086574273e-01
-2.193674148157942483e-01
-2.197213078020467947e-01
-2.192999446485295323e-01
-2.208857682974620928e-01
-2.219209748506960622e-01
-2.205604059359318470e-01
-2.243596661891276156e-01
-2.178066162492697799e-01
-2.252365927334727402e-01
-2.224000343726695306e-01
-2.176502564647080362e-01
-2.224025744989290843e-01
-2.234944954051556465e-01
-2.197402391397993426e-01
-2.219223900015947493e-01
-2.173348254429505744e-01
-2.230245942832027595e-01
-2.204698806930167621e-01
-2.220141226501359810e-01
-2.197032034766213116e-01
-2.169073969850154882e-01
-2.192805461107818488e-01
-2.181949739581474645e-01
-2.214446709622208687e-01
-2.165720990499062637e-01
-2.207257715373707185e-01
-2.192560601809478982e-01
-2.184207919813729859e-01
-2.228143434412093171e-01
-2.248208198720620388e-01
-2.264653735253867595e-01
-2.233852368195243798e-01
-2.186273362189892211e-01
-2.231789966575821182e-01
-2.263066391729875448e-01
-2.214700095127035695e-01
-2.224513553216995732e-01
-2.231430178208668735e-01
-2.161028308078032367e-01
-2.243445215721964203e-01
-2.231739349932464478e-01
-2.230995319907744801e-01
-2.242203386532608533e-01
-2.235608596895346523e-01
-2.238339591360585246e-01
-2.182368887623216125e-01
-2.188004984021265642e-01
-2.156713370987599632e-01
-2.183475812125603710e-01
-2.214193271193618529e-01
-2.151619532361559450e-01
-2.210728108773727385e-01
-2.206928380203176943e-01
-2.241621179887163251e-01
-2.237378073309024273e-01
-2.193013193117927528e-01
-2.238122339519144077e-01
-2.212490779576441469e-01
-2.236215564166581515e-01
-2.177653415539166915e-01
-2.230599486725779457e-01
-2.238931918653390696e-01
-2.230595790342881912e-01
-2.174971507819005723e-01
-2.207001863482442872e-01
-2.226835463805763027e-01
-2.251175531964300092e-01
-2.241371109936904915e-01
-2.248865239376316438e-01
-2.248890601720994198e-01
-2.216650355904024039e-01
-2.184430952739511156e-01
-2.226196509003957047e-01
-2.212945962939594224e-01
-2.250667030756083875e-01
-2.222788910060868872e-01
-2.155132240788590892e-01
-2.186332020433825463e-01
-2.194045907411030782e-01
-2.248328714473393219e-01
-2.191967885767382995e-01
-2.200053648564743725e-01
-2.164629877374721900e-01
-2.241536792651857013e-01
-2.193846185900785173e-01
-2.273597392939832318e-01
-2.223667145300556314e-01
-2.228827069217214074e-01
-2.254553861069981124e-01
-2.221990469814336677e-01
-2.241872107959119731e-01
-2.248370346762413874e-01
-2.215042614190698700e-01
-2.257270370010635574e-01
-2.157318022186700546e-01
-2.166899194355424996e-01
-2.219355549564392405e-01
-2.192593383805139240e-01
-2.213019538316354229e-01
-2.197979446598230524e-01
-2.227873459952682822e-01
-2.217116692077976126e-01
-2.240765791061942735e-01
-2.247341571758161294e-01
-2.244187326730466836e-01
-2.237176609798847693e-01
-2.287274390103943844e-01
-2.151492020787584281e-01
-2.233801985222827469e-01
-2.205079495244648413e-01
-2.209327919035617427e-01
-2.225814898654316920e-01
-2.170739572293616249e-01
-2.210943511335514700e-01
-2.234693480877156802e-01
-2.141128458914112187e-01
-2.232312216436662666e-01
-2.255570114168801155e-01
-2.248835493340068936e-01
-2.223193817068152001e-01
-2.238094090897835287e-01
-2.227517336173239215e-01
-2.203444534523333331e-01
-2.266794897727040237e-01
-2.153695578878238592e-01
-2.260238529142695185e-01
-2.133500407933697218e-01
-2.237759175767033426e-01
-2.181595244691330038e-01
-2.221363345954694424e-01
-2.161025456446923343e-01
-2.239168278665424339e-01
-2.206131127909829459e-01
-2.196405908803855667e-01
-2.169031435225390325e-01
-2.206181487534921715e-01
-2.159300053083255122e-01
-2.224186877080800429e-01
-2.202289638784327153e-01
-2.186288194711059063e-01
-2.179802908023260599e-01
-2.190791051433791381e-01
-2.170969723478100022e-01
-2.161779323853423307e-01
-2.227161840434241924e-01
-2.209725667758375423e-01
-2.135155826359707021e-01
-2.215085196485677699e-01
-2.250536625256227552e-01
-2.225811981537759721e-01
-2.171757483498799601e-01
-2.215505825490255987e-01
-2.191769045954732320e-01
-2.151734886715903627e-01
-2.171479219196168486e-01
-2.240078355408758881e-01
-2.154325094745237479e-01
-2.226776853230312270e-01
-2.252126225380655100e-01
-2.190261515704881035e-01
-2.252148654147019258e-01
-2.218844282176339888e-01
-2.199072127290451206e-01
-2.212050753048719898e-01
-2.227370006262443525e-01
-2.224886520000355361e-01
-2.225404024265849046e-01
-2.243549870540757496e-01
-2.215219741811971232e-01
-2.259326598613373704e-01
-2.192891209665202013e-01
-2.224140663416500630e-01
-2.162481910120348516e-01
-2.240643207483792310e-01
-2.217737699159147979e-01
-2.268781917216600164e-01
-2.210354806860612698e-01
-2.208579806839541249e-01
-2.179482732400588318e-01
-2.254848893169549839e-01
-2.238273085098771986e-01
-2.260303346072607411e-01
-2.225880964077093793e-01
-2.206892311586470257e-01
-2.214919143431499648e-01
-2.236111178497512952e-01
-2.250147037350460621e-01
-2.186032750505262356e-01
-2.173359013655957739e-01
-2.126767608511688223e-01
-2.157258361321821027e-01
-2.230866262749291451e-01
-2.229382459481916712e-01
-2.169275780376409557e-01
-2.159526849924029435e-01
-2.223310289023423536e-01
-2.265546096766017925e-01
-2.246869826535720094e-01
-2.192161889520960472e-01
-2.202609276039835251e-01
-2.211619565439155721e-01
-2.215471721429729257e-01
-2.233041496566547934e-01
-2.176347881439735232e-01
-2.159695558573506702e-01
-2.202812534463607363e-01
-2.217782115729027836e-01
-2.230574985586333270e-01
-2.286480619351491939e-01
-2.235506037359584752e-01
-2.183808950229417789e-01
-2.216871502621176049e-01
-2.219188631268469436e-01
-2.242351417267443026e-01
-2.239572426426752472e-01
-2.176430804669609032e-01
-2.180774124072168973e-01
-2.228991380158618085e-01
-2.197681312786565755e-01
-2.262579301805374143e-01
-2.215601868574363920e-01
-2.191965258807675454e-01
-2.281891317295041688e-01
-2.169101534909376738e-01
-2.191700168579728825e-01
-2.208506109715049348e-01
-2.277365620927094270e-01
-2.206818684730187385e-01
-2.223205418540228351e-01
-2.216825469456775721e-01
-2.201293790406788631e-01
-2.242007435745154709e-01
-2.187084177643239258e-01
-2.230249928623662115e-01
-2.224298305051437552e-01
-2.163075607101641040e-01
-2.205315879074998264e-01
-2.165972846652728379e-01
-2.173346946090344289e-01
-2.209049065591193184e-01
-2.220484763619250401e-01
-2.188324317898926452e-01
-2.258479145635883256e-01
-2.247743599658322822e-01
-2.186554234400093222e-01
-2.247171543844466157e-01
-2.210379472750254592e-01
-2.217210308778074790e-01
-2.152902555044704513e-01
-2.205090341463593617e-01
-2.221229876049717333e-01
-2.236620688179256078e-01
-2.213806454076729935e-01
-2.207497992654934293e-01
-2.176678594813514778e-01
-2.245219556871127509e-01
-2.231861865017963353e-01
-2.253405833121560065e-01
-2.220057928058736252e-01
-2.253662149841675344e-01
-2.185313773477890464e-01
-2.224705068411996223e-01
-2.211507884214256592e-01
-2.253320637343714239e-01
-2.186419579078284769e-01
-2.222685969930910943e-01
-2.190989468035029475e-01
-2.168806073654705457e-01
-2.194495436328907090e-01
-2.227742579774689702e-01
-2.138303827855203565e-01
-2.215537418698803052e-01
-2.220052960447693735e-01
-2.201062473721755453e-01
-2.224606304195502204e-01
-2.191771344232629204e-01
-2.184917949948337323e-01
-2.234648772600058564e-01
-2.193897596624978519e-01
-2.247728875117669389e-01
-2.210989634339819432e-01
-2.187891849889735951e-01
-2.176297089787944117e-01
-2.252852222497372381e-01
-2.284592392927056181e-01
-2.272183586294174162e-01
-2.271494301771790347e-01
-2.153521734568117907e-01
-2.249760737010850775e-01
-2.263681749595098935e-01
-2.231729090730301124e-01
-2.219322607607141506e-01
-2.143411945906636973e-01
-2.177004941783815539e-01
-2.220759586150098386e-01
-2.170323094470836267e-01
-2.255721135186243842e-01
-2.233050148278437064e-01
-2.230957174493193307e-01
-2.254773802877796385e-01
-2.221249043953212876e-01
-2.157500082462568969e-01
-2.207927852029341054e-01
-2.194884222225663706e-01
-2.194649806601711717e-01
-2.225628170183355792e-01
-2.181903732622876291e-01
-2.229482923273291561e-01
-2.211545663879652679e-01
-2.228922355963218749e-01
-2.179301429173499116e-01
-2.140416736283690113e-01
-2.240121139905566494e-01
-2.210377682619064643e-01
-2.162600057175501078e-01
-2.176406356816196208e-01
-2.204634224222727923e-01
-2.168198931580480604e-01
-2.206085772887771412e-01
-2.197008849517096962e-01
-2.150111075580172226e-01
-2.159589607405481004e-01
-2.225851007614974009e-01
-2.238565314143121654e-01
-2.216505181160792759e-01
-2.218130855200524110e-01
-2.226057105477643461e-01
-2.246382419532952923e-01
-2.233176103128062806e-01
-2.241219399686116276e-01
-2.234396800467495225e-01
-2.238873461089863071e-01
-2.243492164098928043e-01
-2.201118193703077708e-01
-2.241309183505482139e-01
-2.194007631753152054e-01
-2.209401087030338218e-01
-2.205776821578666613e-01
-2.199036935048077623e-01
-2.220711195510425284e-01
-2.233655243354757403e-01
-2.248563177368732013e-01
-2.171829505827762574e-01
-2.182847756413197615e-01
-2.131468263326201651e-01
-2.180172317794895065e-01
-2.154662016234185629e-01
-2.131658430541607530e-01
-2.208513477969864525e-01
-2.190886248325414343e-01
-2.240273333361306740e-01
-2.232697866498121186e-01
-2.178146642367053687e-01
-2.159550641057013110e-01
-2.161318921498498469e-01
-2.204345633695208306e-01
-2.168425209320830049e-01
-2.193721891561040138e-01
-2.233793378863460077e-01
-2.211244300108354821e-01
-2.215449038501340340e-01
-2.183247910168084616e-01
-2.239948732369967388e-01
-2.239398706604358580e-01
-2.236092547533363728e-01
-2.165194787863509163e-01
-2.202978673791076147e-01
-2.192493495221707889e-01
-2.206646804146359386e-01
-2.197185811670543387e-01
-2.185818983545839700e-01
-2.180385585860591391e-01
-2.253698848802283550e-01
-2.249357879794526838e-01
-2.223705537235325380e-01
-2.207991760105265655e-01
-2.234517249308272113e-01
-2.204977379867099074e-01
-2.191803215396426197e-01
-2.182525631531273547e-01
-2.219012378653921758e-01
-2.162250142935260300e-01
-2.197232016609582672e-01
-2.204206577971223879e-01
-2.145770923707708278e-01
-2.256412350902472497e-01
-2.249727185316903189e-01
-2.198301547922820731e-01
-2.196873598626503110e-01
-2.195628864053844609e-01
-2.238856600518168705e-01
-2.203343651072131593e-01
-2.208649056882325823e-01
-2.212162945723772367e-01
-2.190451082174789121e-01
-2.202241781722324987e-01
-2.250697319736083557e-01
-2.213030740438810540e-01
-2.206056080285048182e-01
-2.201080561560715410e-01
-2.195142424628464539e-01
-2.222179664013133049e-01
-2.189405671956752286e-01
-2.217833782046767510e-01
-2.182237060209821777e-01
-2.246693876585457161e-01
-2.162551494877984481e-01
-2.202379696359439976e-01
-2.214581091178899896e-01
-2.218801629981737022e-01
-2.210798620482403720e-01
-2.192028928583749092e-01
-2.188208846728816326e-01
-2.213551193070415479e-01
-2.233541578185906928e-01
-2.193922424780954117e-01
-2.221058946340370710e-01
-2.228977523703434827e-01
-2.237363581528448719e-01
-2.196653701140220960e-01
-2.192911637793280022e-01
-2.201185353093464414e-01
-2.183705689254384907e-01
-2.159672722068322059e-01
-2.180690912402045711e-01
-2.191061558902394069e-01
-2.186852061164525907e-01
-2.216360349675952079e-01
-2.204930469007564398e-01
-2.174566590174826786e-01
-2.160626398023648420e-01
-2.228834842414002537e-01
-2.177349297086781377e-01
-2.224463866100840903e-01
-2.162498843098212831e-01
-2.172665243668827628e-01
-2.223487314944900817e-01
-2.187655081990289574e-01
-2.150758434912987127e-01
-2.242664395492344198e-01
-2.211565490816891355e-01
-2.175590606995410070e-01
-2.146342738559265939e-01
-2.243676110086241238e-01
-2.218919032480357600e-01
-2.231728125306879917e-01
-2.219083642614414487e-01
-2.201537582259298631e-01
-2.238411784754443801e-01
-2.262545915120011131e-01
-2.193512313319967433e-01
-2.200189104632102044e-01
-2.226224493642359192e-01
-2.192979346351204839e-01
-2.202686347092175367e-01
-2.180525044463692552e-01
-2.215547174787673157e-01
-2.180714115291095823e-01
-2.231566054645153230e-01
-2.251307090510454856e-01
-2.250583631765206150e-01
-2.183561538211371555e-01
-2.227368330460546275e-01
-2.222080767610723484e-01
-2.245022373287817175e-01
-2.228384385411263935e-01
-2.236400791931529852e-01
-2.231042907943265874e-01
-2.179301012518397584e-01
-2.187691740598030066e-01
-2.193113932781827202e-01
-2.226550748958633363e-01
-2.160984165569317383e-01
-2.180375041725302054e-01
-2.175215637130190061e-01
-2.214886876280726113e-01
-2.187859231856492670e-01
-2.190015925784649653e-01
-2.194658567156988482e-01
-2.214815264580707321e-01
-2.214191022416169830e-01
-2.139879481070696698e-01
-2.196802963686739218e-01
-2.224536265356640286e-01
-2.205261613160409695e-01
-2.170498123649196032e-01
-2.233172490189527792e-01
-2.220640380702754157e-01
-2.202359117280252576e-01
-2.204991940260452310e-01
-2.249574460905936490e-01
-2.223629285928971910e-01
-2.240227976024424805e-01
-2.261638801450551739e-01
-2.233236192609382442e-01
-2.210841315982818855e-01
-2.247875349750518836e-01
-2.226074314261747844e-01
-2.185722257412301417e-01
-2.213893420365415921e-01
-2.214550891496500640e-01
-2.231035005166663865e-01
-2.205783106205529975e-01
-2.210806894584180782e-01
-2.215260937912297834e-01
-2.227617120713993870e-01
-2.199798834661024216e-01
-2.231721691531980412e-01
-2.222339300940436857e-01
-2.219697371331363911e-01
-2.210125714558657251e-01
-2.208293383677624178e-01
-2.228403295558898378e-01
-2.187237813251350360e-01
-2.240344503458242542e-01
-2.164840345516871878e-01
-2.191622329403131175e-01
-2.222032618025959749e-01
-2.218735255693093933e-01
-2.262375627939459122e-01
-2.237523041898938914e-01
-2.221448785642969881e-01
-2.180378939049898435e-01
-2.180014648461412463e-01
-2.186539984696533878e-01
-2.239076372347472699e-01
-2.182572876731558864e-01
-2.155000398314168564e-01
-2.173591043648439580e-01
-2.191682901018392471e-01
-2.147919678669740762e-01
-2.179251052865645022e-01
-2.160888487409664549e-01
-2.200830906420687683e-01
-2.210674623042176989e-01
-2.179616575315765914e-01
-2.196767144186253518e-01
-2.216479016650492184e-01
-2.161952351855944698e-01
-2.182853912384281614e-01
-2.211477447896026405e-01
-2.224689185322556995e-01
-2.220399476282448603e-01
-2.247128221608232224e-01
-2.247363301739770947e-01
-2.192781430249102215e-01
-2.209622223611553693e-01
-2.220396575101322156e-01
-2.223387847564417541e-01
-2.180670060293010692e-01
-2.204781116039100652e-01
-2.241990288454207558e-01
-2.233984580186394453e-01
-2.154110766197998572e-01
-2.191973751283775584e-01
-2.276222670594041375e-01
-2.203226598405390035e-01
-2.195747893153292551e-01
-2.262916760824129625e-01
-2.225108265483424219e-01
-2.199065104233000056e-01
-2.218900803307199965e-01
-2.230244119533200120e-01
-2.204918977750409681e-01
-2.219706934978500357e-01
-2.236169699566818991e-01
-2.217620624108267435e-01
-2.237789264552425550e-01
-2.228965718194988455e-01
-2.224815446654790918e-01
-2.243975273008107507e-01
-2.211918996530641834e-01
-2.206379568032321714e-01
-2.262005867674687920e-01
-2.232427065385262921e-01
-2.193534502538252440e-01
-2.235352363718838831e-01
-2.200062748508528898e-01
-2.201653928352449441e-01
-2.205679189596061462e-01
-2.198431839247962927e-01
-2.190583020007501602e-01
-2.134189130181312066e-01
-2.230638840037268977e-01
-2.208816718110000465e-01
-2.213630666174193351e-01
-2.136399291879147455e-01
-2.197177058580823683e-01
-2.256021677825366112e-01
-2.253608198140693020e-01
-2.257372944062225883e-01
-2.217316490906906523e-01
-2.198513107103039488e-01
-2.233511144114039837e-01
-2.210291149540672961e-01
-2.155775442533887087e-01
-2.200804823300401836e-01
-2.199913332842822200e-01
-2.207151998768139833e-01
-2.219193814528885866e-01
-2.209078376264006494e-01
-2.213211152603768994e-01
-2.247348763757113232e-01
-2.162220276618889159e-01
-2.253286146309285698e-01
-2.232372783913287861e-01
-2.231830245015657965e-01
-2.229231163643419222e-01
-2.230479332990960017e-01
-2.241024511482549997e-01
-2.208526395098502348e-01
-2.172832780409077458e-01
-2.223559464131454888e-01
-2.276385278005896851e-01
-2.241265303789834462e-01
-2.230974076880389845e-01
-2.210560118794830942e-01
-2.222695154604128476e-01
-2.245880523873751144e-01
-2.209702541109539453e-01
-2.246226064135345979e-01
-2.238602348260592123e-01
-2.210534541635151840e-01
-2.262040052303007087e-01
-2.240048575690849475e-01
-2.210662450240850063e-01
-2.272587429745911436e-01
-2.271042763618797977e-01
-2.191248801634984034e-01
-2.216990662838060899e-01
-2.228134477433965088e-01
-2.211942475919226325e-01
-2.205289797790523920e-01
-2.174389457029324291e-01
-2.175722184884705257e-01
-2.216713567741166457e-01
-2.227409246343086124e-01
-2.249747683485079364e-01
-2.211169969777575517e-01
-2.238773380493661591e-01
-2.225427903176608879e-01
-2.165958265812655270e-01
-2.210005469069251660e-01
-2.244928482599419794e-01
-2.220128382581005866e-01
-2.226436899453503315e-01
-2.216207626586328416e-01
-2.264934729036394145e-01
-2.233958657686372362e-01
-2.184838140935561057e-01
-2.203226719149533608e-01
-2.190705353787976151e-01
-2.245195707933245188e-01
-2.169062695703463106e-01
-2.271270960954527851e-01
-2.208474862997089616e-01
-2.198833068085566111e-01
-2.209075377091078707e-01
-2.212672822569494713e-01
-2.165194387140640941e-01
-2.191144806673879231e-01
-2.239833206126089493e-01
-2.195974604298793764e-01
-2.225976376014209279e-01
-2.220218842730119491e-01
-2.255549365951630136e-01
-2.208317395586103515e-01
-2.204530909278279438e-01
-2.238046560942095198e-01
-2.185103845409948065e-01
-2.210348901780587738e-01
-2.222112378799714349e-01
-2.191380340904061086e-01
-2.142597128205636636e-01
-2.189695433895089138e-01
-2.258445214607309737e-01
-2.229905908489069333e-01
-2.246181616545310789e-01
-2.263813239506493602e-01
-2.225119513928586201e-01
-2.190305230480404930e-01
-2.223855297184549329e-01
-2.160978269326125911e-01
-2.195687425250127944e-01
-2.223694311427610870e-01
-2.244297822205609805e-01
-2.225049573021351534e-01
-2.244789831758495779e-01
-2.181599859228473548e-01
-2.216606362829161014e-01
-2.225764709915658557e-01
-2.202721169690100567e-01
-2.206370931443792927e-01
-2.218406827777243961e-01
-2.228808941673108279e-01
-2.202558508666569992e-01
-2.152152657939616631e-01
-2.189457872810134376e-01
-2.223438773657608891e-01
-2.214364181478511995e-01
-2.142682577565189206e-01
-2.165538126990931289e-01
-2.215955130378386428e-01
-2.255165955693545499e-01
-2.245057847001170614e-01
-2.203174951536759352e-01
-2.244637986354884873e-01
-2.188606593116855237e-01
-2.237065538826641387e-01
-2.244038598096906867e-01
-2.232587135728749672e-01
-2.266309651723688035e-01
-2.191013331378037776e-01
-2.221852510923625346e-01
-2.276811322578655705e-01
-2.253523427015071690e-01
-2.201759698418239708e-01
-2.256825287297044014e-01
-2.210017669754726910e-01
-2.192952601627666809e-01
-2.214929424351659293e-01
-2.245768855681440357e-01
-2.228202612749647926e-01
-2.216785385137818309e-01
-2.189141015070852347e-01
-2.196933782185510609e-01
-2.221283787685273126e-01
-2.234834342587248557e-01
-2.233976238373998058e-01
-2.234353594730293935e-01
-2.208600563462006505e-01
-2.237894239675863872e-01
-2.181287281998471883e-01
-2.261135907211553331e-01
-2.221900138879178144e-01
-2.228987662237820189e-01
-2.199657192826602881e-01
-2.201508851497173680e-01
-2.205671511567555143e-01
-2.200373701737738941e-01
-2.209458541372342211e-01
-2.205122033196005304e-01
-2.202147990414875522e-01
-2.213758985263005741e-01
-2.227936539837678254e-01
-2.243693997857025835e-01
-2.239933368796869217e-01
-2.186437090990320797e-01
-2.174005903886797597e-01
-2.222592717927671657e-01
-2.215569868966031919e-01
-2.205221582502190358e-01
-2.205895855166986053e-01
-2.255131892028661156e-01
-2.202205108477475193e-01
-2.246416309700656200e-01
-2.206252294705688399e-01
-2.189951962394687257e-01
-2.238893140321760455e-01
-2.222439207016506657e-01
-2.213084269426701667e-01
-2.241277975608646500e-01
-2.218774807987369257e-01
-2.175766313785629791e-01
-2.243093748251805408e-01
-2.263667395072666011e-01
-2.240973662309659886e-01
-2.182361470741600584e-01
-2.209070752201931498e-01
-2.241482847262901146e-01
-2.199769928756438730e-01
-2.268977470775759286e-01
-2.241020537878597452e-01
-2.235604091425429374e-01
-2.236322247020048337e-01
-2.226577844095114500e-01
-2.151769107575116635e-01
-2.196570846527130527e-01
-2.165217309874094553e-01
-2.226347744402961126e-01
-2.230934679242935204e-01
-2.223643345161523399e-01
-2.218492678648527061e-01
-2.201364717686917771e-01
-2.219976222595665405e-01
-2.215622639396457316e-01
-2.240461518613336978e-01
-2.176456404108471077e-01
-2.217866893062989675e-01
-2.221018118529016760e-01
-2.199573044426532675e-01
-2.232647601488437772e-01
-2.229802263587519207e-01
-2.217449964239417426e-01
-2.209888691501156188e-01
-2.194882724349032088e-01
-2.237994161937706394e-01
-2.171381542359540617e-01
-2.211283427826309378e-01
-2.200388483813284779e-01
-2.178125822941279210e-01
-2.218587976530486117e-01
-2.198456461410991380e-01
-2.223873464171539638e-01
-2.117707466275540185e-01
-2.153968077710626261e-01
-2.228850968591356008e-01
-2.244849111824134269e-01
-2.220293390219527652e-01
-2.231720062675517369e-01
-2.223057007720523615e-01
-2.151459928903705077e-01
-2.206203465523479679e-01
-2.139441725309350062e-01
-2.225726010336206429e-01
-2.215025524519944611e-01
-2.170913560189990932e-01
-2.204399192206061286e-01
-2.211986952697895248e-01
-2.240019403175210755e-01
-2.168069372196530509e-01
-2.214427698358285568e-01
-2.208275176872529499e-01
-2.216659226614225986e-01
-2.183947561253205549e-01
-2.186231676237433419e-01
-2.245265138807575056e-01
-2.231585961766811010e-01
-2.234983161000183571e-01
-2.235742431716083445e-01
-2.232115293169680825e-01
-2.206300736568369558e-01
-2.210319838207581711e-01
-2.210087881217646100e-01
-2.212665406183678130e-01
-2.216280438947766385e-01
-2.198918251311976491e-01
-2.222341175979511974e-01
-2.206693165580055904e-01
-2.218131494424220307e-01
-2.211602066709463799e-01
-2.238441538974615952e-01
-2.226106006256625136e-01
-2.188993413710562663e-01
-2.188786911032245541e-01
-2.237103406350424706e-01
-2.167350105578691455e-01
-2.232691795258716638e-01
-2.223782082866261334e-01
-2.168395828044804574e-01
-2.213455338227898750e-01
-2.230928052579450593e-01
-2.226427013186391690e-01
-2.206964796903996273e-01
-2.165467462871912829e-01
-2.196854380305417465e-01
-2.198539510687744780e-01
-2.194459044583343399e-01
-2.186012436961668470e-01
-2.194394064339348915e-01
-2.195826129193712006e-01
-2.206381881108647747e-01
-2.195962935197055543e-01
-2.189803045135736426e-01
-2.208782453767366150e-01
-2.186738963147956127e-01
-2.142884742022541644e-01
-2.229059009655589563e-01
-2.191521112491603418e-01
-2.212552869670627587e-01
-2.219187028571276699e-01
-2.214551234862582874e-01
-2.236705923403494722e-01
-2.157485372372658361e-01
-2.197146717826914397e-01
-2.203516018129576537e-01
-2.179357101848058420e-01
-2.183591447549488862e-01
-2.178034320781581101e-01
-2.217781104926750402e-01
-2.197914306946291418e-01
-2.183415034119597919e-01
-2.196048804225867457e-01
-2.186361559330407545e-01
-2.187486346008764571e-01
-2.236338976498259967e-01
-2.231399569653103043e-01
-2.206709926179417636e-01
-2.195390537844179590e-01
-2.150940514640939938e-01
-2.223106771623282185e-01
-2.208955469888387313e-01
-2.187328452110612886e-01
-2.240057425288295434e-01
-2.214885719372698958e-01
-2.187653025737734680e-01
-2.197474116796307442e-01
-2.216174255495815260e-01
-2.205111194532918262e-01
-2.174779719806867462e-01
-2.180341728431844928e-01
-2.227445326971686512e-01
-2.173389389844544439e-01
-2.175825124843591141e-01
-2.197302242801413286e-01
-2.210392538288115105e-01
-2.183521357724220735e-01
-2.219849467364873874e-01
-2.269127786536593305e-01
-2.205416659245980071e-01
-2.230852125141584708e-01
-2.198902187960278809e-01
-2.221313096015187227e-01
-2.197655840073462485e-01
-2.221176746358182186e-01
-2.232723135625072075e-01
-2.209479835804994963e-01
-2.210315590249649631e-01
-2.222482362683226853e-01
-2.177890633912031859e-01
-2.213552016339139783e-01
-2.226898545901985216e-01
-2.195822131571034674e-01
-2.195233399239278071e-01
-2.201304860039972056e-01
-2.216763049287244769e-01
-2.189374367635519292e-01
-2.191269058972533657e-01
-2.172191189090622032e-01
-2.174322938083044221e-01
-2.216650954226935255e-01
-2.196259507876892059e-01
-2.185167628630075853e-01
-2.224940206830083866e-01
-2.168099934594742706e-01
-2.198328778687965723e-01
-2.211713126827845599e-01
-2.207776480849066303e-01
-2.210965233794883744e-01
-2.234635215783207229e-01
-2.241023193141611358e-01
-2.158465381820313667e-01
-2.194102223991887257e-01
-2.186603157585000901e-01
-2.231872157158214520e-01
-2.234112325570052349e-01
-2.180176029794047565e-01
-2.204175475148044683e-01
-2.142956908321913545e-01
-2.210399243522900292e-01
-2.216761076469975222e-01
-2.233623418212768996e-01
-2.202483711293581337e-01
-2.228515636715435733e-01
-2.161615391162836630e-01
-2.158584845921360795e-01
-2.154998453328609287e-01
-2.194312181535895689e-01
-2.170575160568013473e-01
-2.200879298344897705e-01
-2.218146445578899062e-01
-2.197455824118570433e-01
-2.167878764575341677e-01
-2.191599755509319181e-01
-2.196312001882603226e-01
-2.175371312637945920e-01
-2.167582388754993872e-01
-2.207386338602379539e-01
-2.240036843592072557e-01
-2.195688414982921444e-01
-2.213973243711482297e-01
-2.174044288882850395e-01
-2.197931495065770235e-01
-2.215170272672608576e-01
-2.202665904047815815e-01
-2.198984777569528148e-01
-2.155875419580617347e-01
-2.170057862632663870e-01
-2.179328915812153156e-01
-2.210067556512083087e-01
-2.158637839259132107e-01
-2.191471110178273562e-01
-2.228916559713933765e-01
-2.170630094651446740e-01
-2.194562733837077673e-01
-2.202588045778455239e-01
-2.202028962133244505e-01
-2.206902907753089949e-01
-2.211240266098499774e-01
-2.183734144742164318e-01
-2.219836198146882822e-01
-2.200742855391801811e-01
-2.185425292257470176e-01
-2.187694041126277966e-01
-2.201420195396490698e-01
-2.189590392419500375e-01
-2.207758057920798933e-01
-2.241287526965969334e-01
-2.178553057226455536e-01
-2.194477185363954419e-01
-2.218196625574542225e-01
-2.147360882570890084e-01
-2.202899174296373275e-01
-2.207707535523883990e-01
-2.183163680468158674e-01
-2.209423861543857726e-01
-2.245575315692835972e-01
-2.189408576603284473e-01
-2.178022061969553391e-01
-2.218487585344348645e-01
-2.190477912533506100e-01
-2.129934124190935307e-01
-2.166833631207598643e-01
-2.158441280211480517e-01
-2.167192963753645785e-01
-2.168369325926668978e-01
-2.197311230821572536e-01
-2.132605171261481303e-01
-2.178606972266816655e-01
-2.201707702564501545e-01
-2.229360464222338578e-01
-2.215692039048899886e-01
-2.237732611210727640e-01
-2.235178516334848098e-01
-2.218297897563257237e-01
-2.189721009297613818e-01
-2.180429977181965739e-01
-2.182854950955483986e-01
-2.178254778620107857e-01
-2.179279493181116578e-01
-2.176792929307680424e-01
-2.185017578295536111e-01
-2.234786702913460488e-01
-2.189782665879409507e-01
-2.149513018761570748e-01
-2.235952955962847710e-01
-2.193180710288817892e-01
-2.192837259049227328e-01
-2.162373730542075378e-01
-2.176318479315924037e-01
-2.216517056213778147e-01
-2.207923802862890028e-01
-2.223526589523849850e-01
-2.208957980987431569e-01
-2.215326966761548277e-01
-2.222509394616078993e-01
-2.218444958045395765e-01
-2.189008398728020666e-01
-2.172890795842885581e-01
-2.205787181383698226e-01
-2.156212507736370299e-01
-2.197261727472348269e-01
-2.187428456084390405e-01
-2.238468319850301924e-01
-2.164209554159040039e-01
-2.208289183279781298e-01
-2.223144581506950601e-01
-2.215610971519677008e-01
-2.257413236773881948e-01
-2.212332920987805096e-01
-2.207796606159302399e-01
-2.218807720557194330e-01
-2.205733248965628945e-01
-2.200997720493820253e-01
-2.162652791603782987e-01
-2.147791626554873545e-01
-2.195612329609470947e-01
-2.183392260577203814e-01
-2.190088343909302182e-01
-2.220567662585910540e-01
-2.239013862915921749e-01
-2.225436727979772655e-01
-2.154325337281655095e-01
-2.209595793750125381e-01
-2.226740521974832632e-01
-2.182841518081044541e-01
-2.229727203415681203e-01
-2.219871721007073972e-01
-2.173330105353095121e-01
-2.198351744054232171e-01
-2.199207445715902765e-01
-2.194201775212221150e-01
-2.204676187163521206e-01
-2.220478051993595159e-01
-2.209881851034172229e-01
-2.167787376496974616e-01
-2.156862638517011987e-01
-2.163226413422609795e-01
-2.164900510622729257e-01
-2.185700300116000250e-01
-2.179115535102038592e-01
-2.201532914119361806e-01
-2.184686746449830963e-01
-2.181992287195377855e-01
-2.190834360575610873e-01
-2.223560886967579364e-01
-2.245415342758168009e-01
-2.182905024102748115e-01
-2.171384959465356701e-01
-2.218648956067745814e-01
-2.156267972771797048e-01
-2.195073618904483936e-01
-2.213027599291326197e-01
-2.226637574012819698e-01
-2.235623275359888140e-01
-2.228785589494890473e-01
-2.172254019383590418e-01
-2.173887944321197807e-01
-2.227660770545263347e-01
-2.220218408797016707e-01
-2.219454091472936597e-01
-2.203346521480860076e-01
-2.198385275302712216e-01
-2.193672494385747740e-01
-2.199896689897755664e-01
-2.197843039664650888e-01
-2.234798965724777986e-01
-2.221771248403783261e-01
-2.236724673402008534e-01
-2.249432606819041780e-01
-2.218634201946798612e-01
-2.240486961370056207e-01
-2.234408018880884583e-01
-2.196984884654327175e-01
-2.209151016410419999e-01
-2.209332048964309791e-01
-2.228438406272346128e-01
-2.175463536706914169e-01
-2.238662636884107826e-01
-2.245550669946396738e-01
-2.205965306248334201e-01
-2.177097079181287143e-01
-2.182144920210848937e-01
-2.214261637207322053e-01
-2.129858657015404333e-01
-2.164736172449952534e-01
-2.147280099075228321e-01
-2.193051043796039323e-01
-2.193548916010978900e-01
-2.196536869710712381e-01
-2.207299457346074689e-01
-2.127849901292844237e-01
-2.191825823780408911e-01
-2.212525555351110285e-01
-2.172025080034512001e-01
-2.143505987416318703e-01
-2.170785510453008271e-01
-2.214567964595488547e-01
-2.223702634355593233e-01
-2.128377816204203299e-01
-2.220655230345620623e-01
-2.205680274581176548e-01
-2.169398000228728307e-01
-2.203613060275255719e-01
-2.171001145332844828e-01
-2.166391785186139174e-01
-2.199214715004558229e-01
-2.191816629683387418e-01
-2.159367081790346532e-01
-2.228332726275592535e-01
-2.216521005889902085e-01
-2.187047193267428469e-01
-2.188143237747546266e-01
-2.205590693276722192e-01
-2.194804187137311402e-01
-2.217443942083061614e-01
-2.219709128018063637e-01
-2.183638682815001175e-01
-2.182443053494171892e-01
-2.213284504393939756e-01
-2.171494853637021549e-01
-2.190117692554043316e-01
-2.208828143083554352e-01
-2.187344066796619302e-01
-2.222507418559231951e-01
-2.216217550140981984e-01
-2.199890990231967436e-01
-2.236161616709235744e-01
-2.212908166552409739e-01
-2.203510417590930359e-01
-2.235163948552365554e-01
-2.227099542184056702e-01
-2.213850040909299821e-01
-2.178691437902333661e-01
-2.194894269195515335e-01
-2.225260329473890408e-01
-2.234550512508590714e-01
-2.208869719388371067e-01
-2.236629880470957232e-01
-2.231127515786361926e-01
-2.168445743113558422e-01
-2.225843084851764075e-01
-2.209808264096952968e-01
-2.205016822786927122e-01
-2.211187871355999590e-01
-2.232490562454820804e-01
-2.195559949578580472e-01
-2.228293408350037197e-01
-2.208212055238654159e-01
-2.189605698591066130e-01
-2.155496113107062683e-01
-2.204302264456465821e-01
-2.194187504706164304e-01
-2.201260419790749268e-01
-2.209393361627167707e-01
-2.220999167965782561e-01
-2.255676045116423722e-01
-2.216026072472754294e-01
-2.230912599081875669e-01
-2.202188245746672379e-01
-2.185353508774081632e-01
-2.228700720928564749e-01
-2.222067987752520679e-01
-2.206902717799525959e-01
-2.212602229140134824e-01
-2.226633980708427885e-01
-2.231603222261391295e-01
-2.219076555181800359e-01
-2.228248370217684737e-01
-2.182146881935285165e-01
-2.177799554123183157e-01
-2.231331903735931377e-01
-2.213475285367643153e-01
-2.218116423612812582e-01
-2.193190536958677939e-01
-2.181136682650777203e-01
-2.223041882134708658e-01
-2.156503622257606168e-01
-2.243540463034037202e-01
-2.218841150298853648e-01
-2.205366349781812119e-01
-2.217470945252433268e-01
-2.237136194257747235e-01
-2.196216503261823050e-01
-2.197008157021649311e-01
-2.220424370877669418e-01
-2.236155530071872732e-01
-2.220078643036167421e-01
-2.210983641896682173e-01
-2.173047523941882275e-01
-2.214493536288362208e-01
-2.206077778124235778e-01
-2.200591812220569210e-01
-2.133334056929427902e-01
-2.204392190414967700e-01
-2.212020332487938390e-01
-2.173942064587883749e-01
-2.203240810262752092e-01
-2.224874414764066444e-01
-2.209157338593481512e-01
-2.218046565643785328e-01
-2.228132189918063943e-01
-2.195465078945879611e-01
-2.214202342985718275e-01
-2.200720540625002997e-01
-2.235862944745132808e-01
-2.223533459874467155e-01
-2.209113897095917878e-01
-2.235224385866931840e-01
-2.241122003090119108e-01
-2.173779938694053726e-01
-2.222998560791200617e-01
-2.195463691393797490e-01
-2.205293907984327006e-01
-2.161530417338735077e-01
-2.198610877984741308e-01
-2.205276356297716234e-01
-2.184809429987932816e-01
-2.223199783006180041e-01
-2.247599977529191051e-01
-2.219387373657468743e-01
-2.170432899840673002e-01
-2.209120444450967113e-01
-2.207178842714760947e-01
-2.190768181825717420e-01
-2.190888736034306561e-01
-2.170672463891456516e-01
-2.148866201935746290e-01
-2.213939468195835758e-01
-2.181525941274742308e-01
-2.174333774938759234e-01
-2.230943261051727688e-01
-2.232752505573980528e-01
-2.240450474343553822e-01
-2.187324638767762508e-01
-2.172926345331802622e-01
-2.220635804977604266e-01
-2.221418297208526127e-01
-2.175591676175141487e-01
-2.233902700274139619e-01
-2.211382874827076961e-01
-2.190292294072833101e-01
-2.175703497632266448e-01
-2.195901888661708767e-01
-2.179302928035671272e-01
-2.196842660192199759e-01
-2.204783559305507623e-01
-2.186812357266774143e-01
-2.222045382981718831e-01
-2.183694194762644258e-01
-2.124700400810830558e-01
-2.212189659707846090e-01
-2.219290868278580575e-01
-2.212602105393113305e-01
-2.178328412968877359e-01
-2.159434774954380742e-01
-2.195239515190170465e-01
-2.201848620253663569e-01
-2.231602534718568620e-01
-2.201881889098533662e-01
-2.218159463374220763e-01
-2.188546807549247575e-01
-2.213625652168182967e-01
-2.194081944120149785e-01
-2.190714803606592653e-01
-2.209158590290645208e-01
-2.181595953332511328e-01
-2.204922858741085179e-01
-2.230933400720793713e-01
-2.199614332661052885e-01
-2.185262310470026392e-01
-2.245716255309471165e-01
-2.208186428820493319e-01
-2.244471870115205547e-01
-2.171424913827113556e-01
-2.187545826360981494e-01
-2.180720016217208013e-01
-2.181818395735071192e-01
-2.222749987148802120e-01
-2.200363401617799752e-01
-2.206527785839824674e-01
-2.165857482883506435e-01
-2.161585582767919789e-01
-2.217602442960355802e-01
-2.210404798718208497e-01
-2.156354966220668246e-01
-2.185380237439531470e-01
-2.213113863622027111e-01
-2.219379109116506044e-01
-2.191393702251218656e-01
-2.240040530640357019e-01
-2.239019500417409603e-01
-2.226454425440724805e-01
-2.199245523020305626e-01
-2.209821908678399893e-01
-2.242418073380516574e-01
-2.238501793554359409e-01
-2.186457788977236305e-01
-2.231785114305182560e-01
-2.170948515787767263e-01
-2.168102920373655706e-01
-2.184260737114165352e-01
-2.229759920470577583e-01
-2.201412179187958174e-01
-2.184704425158852104e-01
-2.199158161787124754e-01
-2.184913437773445821e-01
-2.190477319589820837e-01
-2.199976900832947280e-01
-2.243466721458240443e-01
-2.250821603608024191e-01
-2.216962452085304847e-01
-2.206112278192655651e-01
-2.210137996579923936e-01
-2.217721707767505990e-01
-2.188750223484934310e-01
-2.198894803494333416e-01
-2.164884643722597701e-01
-2.198255204793682083e-01
-2.195504965061694236e-01
-2.199500987885851799e-01
-2.198892597494221945e-01
-2.196743189774394978e-01
-2.244795502971417278e-01
-2.200900919772106334e-01
-2.188361286455027255e-01
-2.231827107978361369e-01
-2.244570834680459370e-01
-2.205442381372630933e-01
-2.175342617434328218e-01
-2.187934330983090092e-01
-2.240478875168800954e-01
-2.225548820934033500e-01
-2.187496194880917955e-01
-2.195165067366851019e-01
-2.210830786206976484e-01
-2.223037503770175505e-01
-2.169753044773017336e-01
-2.148726454237301908e-01
-2.214604534995405771e-01
-2.223006428295537518e-01
-2.207793780922155946e-01
-2.215816086560824516e-01
-2.197447788326307716e-01
-2.176237363130404390e-01
-2.178195358213876887e-01
-2.235561834843622364e-01
-2.214534839616284501e-01
-2.210541504214482700e-01
-2.196810674626998861e-01
-2.209139032153366600e-01
-2.219832819648495104e-01
-2.238099862686873109e-01
-2.194485580720382245e-01
-2.243649546532946459e-01
-2.240194292598438608e-01
-2.170835584615069536e-01
-2.215807956567292791e-01
-2.236807940884748547e-01
-2.199595032137207085e-01
-2.224492609931782994e-01
-2.198093640987242026e-01
-2.228883147773501605e-01
-2.206634537702871768e-01
-2.246903628808851749e-01
-2.225619780284979754e-01
-2.208976126002966112e-01
-2.206433345450715677e-01
-2.222241552374377704e-01
-2.200901237497383534e-01
-2.137921736532018002e-01
-2.191941715962251180e-01
-2.176469241102338970e-01
-2.158100778419544952e-01
-2.204343982826664217e-01
-2.234691536993267391e-01
-2.183314118198165232e-01
-2.214705018278522175e-01
-2.149276061954186190e-01
-2.213820635751506671e-01
-2.212846263072787423e-01
-2.207726372851013252e-01
-2.226264151274470748e-01
-2.213544616155864730e-01
-2.251229190457699758e-01
-2.227830233805612181e-01
-2.182650352244905889e-01
-2.217808476526421657e-01
-2.199881258195368616e-01
-2.216268381512200847e-01
-2.194328374389975522e-01
-2.226930336362116236e-01
-2.243921375149504627e-01
-2.164729615894884773e-01
-2.204099124435678903e-01
-2.221773993235807154e-01
-2.254666534189162519e-01
-2.214563831953242357e-01
-2.211278051143104051e-01
-2.186563702937469600e-01
-2.202669231240790282e-01
-2.218646004813642492e-01
-2.217214917880490077e-01
-2.131745447972548391e-01
-2.244617611604589058e-01
-2.216798089118050541e-01
-2.210029420273258438e-01
-2.206501599404440128e-01
-2.179921580693395811e-01
-2.208082276504654828e-01
-2.208496780891664457e-01
-2.179817080450945355e-01
-2.175022647981563750e-01
-2.201410650260768875e-01
-2.195853086954393518e-01
-2.194457589148299803e-01
-2.224976573287733572e-01
-2.225558720388853828e-01
-2.228788670367194413e-01
-2.217285140276601396e-01
-2.230837422484199806e-01
-2.195241189817771499e-01
-2.196232336146444197e-01
-2.193506699093532575e-01
-2.203737340661398036e-01
-2.188559574161246246e-01
-2.226151938285809706e-01
-2.195374811542976090e-01
-2.195081421833293689e-01
-2.197630961241330283e-01
-2.250526296910493329e-01
-2.205755880995212692e-01
-2.203573949491328676e-01
-2.227879676272017662e-01
-2.205445093923401600e-01
-2.214348078150152332e-01
-2.204556036515938899e-01
-2.202261104856084728e-01
-2.207367459335003446e-01
-2.243703875413878279e-01
-2.224781603817014286e-01
-2.174687227000724477e-01
-2.180863664006160718e-01
-2.231185468780676473e-01
-2.228760877192659251e-01
-2.226622021217945502e-01
-2.253032885451986544e-01
-2.197930893317536771e-01
-2.194162494651141770e-01
-2.194053137901939010e-01
-2.203225504688059999e-01
-2.228676934501070406e-01
-2.194829963094537817e-01
-2.218206151222492650e-01
-2.224687278938102253e-01
-2.212078383070394949e-01
-2.211905157626041785e-01
-2.243384958712901778e-01
-2.224551045918943259e-01
-2.216274587572630850e-01
-2.212027578267772299e-01
-2.238978140948155726e-01
-2.228905832867305037e-01
-2.207343082085770902e-01
-2.190640634204399362e-01
-2.217598197975441110e-01
-2.209503383179161062e-01
-2.178901787434028847e-01
-2.219199939150442447e-01
-2.215061897847192540e-01
-2.214741628305851862e-01
-2.235857447446285562e-01
-2.229828640838285025e-01
-2.230945352965676420e-01
-2.243143683420001366e-01
-2.212794047249282414e-01
-2.201612041777742945e-01
-2.208301744471334871e-01
-2.212214077266061452e-01
-2.247847209118418732e-01
-2.277267462850431912e-01
-2.241629713165202986e-01
-2.225068861840568957e-01
-2.227977254748623182e-01
-2.201002385888664037e-01
-2.221352527421025513e-01
-2.203232246410173900e-01
-2.202558554964717530e-01
-2.236783505464856603e-01
-2.186002414082324208e-01
-2.235126389005692715e-01
-2.193079114863820678e-01
-2.144105099514241886e-01
-2.233922421333112140e-01
-2.248498814433652626e-01
-2.217394373499814719e-01
-2.235461432723795383e-01
-2.247975862787789936e-01
-2.219845656593086858e-01
-2.242671649997944883e-01
-2.217828133191517281e-01
-2.181953696153229316e-01
-2.209722739272734771e-01
-2.229894357500050717e-01
-2.205172163627686643e-01
-2.200100474934139072e-01
-2.242177893262784494e-01
-2.246645404267546553e-01
-2.236160702257841137e-01
-2.223209517545789993e-01
-2.212498872494279567e-01
-2.212826123371520737e-01
-2.224273636771272322e-01
-2.237434876883028778e-01
-2.191460893044343550e-01
-2.201371489133450154e-01
-2.223400494193761290e-01
-2.197527273760115918e-01
-2.231933766601272850e-01
-2.270236890083765502e-01
-2.233703344998332341e-01
-2.206233951361404877e-01
-2.200447366465638765e-01
-2.213680199647036773e-01
-2.171788631906785838e-01
-2.196121840673939118e-01
-2.232321070622269588e-01
-2.236256839536778784e-01
-2.243434607378418377e-01
-2.205180069053476188e-01
-2.206679181038246895e-01
-2.226747732218399278e-01
-2.239643922086678174e-01
-2.244779673300598688e-01
-2.170547890162239923e-01
-2.216768997941791497e-01
-2.188800108980437642e-01
-2.200542635496383070e-01
-2.235805796407284163e-01
-2.207151389209762726e-01
-2.194867126413342362e-01
-2.184750180475383274e-01
-2.199668960551264263e-01
-2.212862808805269310e-01
-2.218886758796863035e-01
-2.198066264240203793e-01
-2.230363669930355286e-01
-2.237230541884187573e-01
-2.178255261067327808e-01
-2.203326986994191827e-01
-2.234312356074816819e-01
-2.224543742024316373e-01
-2.197048086156563329e-01
-2.151502001353655658e-01
-2.226403327715154035e-01
-2.185595782343412452e-01
-2.221881958275062630e-01
-2.236986854042832817e-01
-2.212209701567999787e-01
-2.219239576077072229e-01
-2.197676771730456835e-01
-2.251625480619985353e-01
-2.192668357776241805e-01
-2.246874555011615371e-01
-2.232197544557585900e-01
-2.211965494092247297e-01
-2.225039507031034702e-01
-2.227058181024119676e-01
-2.243321310087615927e-01
-2.196937358060573331e-01
-2.205033600274965977e-01
-2.213272971210358264e-01
-2.196452579809893280e-01
-2.232047199467217524e-01
-2.236114563128914767e-01
-2.163543858874810155e-01
-2.231092932700668996e-01
-2.222327936175574337e-01
-2.205435672354347787e-01
-2.226854619084903675e-01
-2.245704347439350101e-01
-2.196161397364555512e-01
-2.204019157999645984e-01
-2.193441072668740333e-01
-2.184811336174874441e-01
-2.210304572370276333e-01
-2.201693193851568253e-01
-2.226989847702469660e-01
-2.235248611386424500e-01
-2.227855260399387305e-01
-2.201411384918934289e-01
-2.227301523841411779e-01
-2.185420897088299341e-01
-2.230757366113209628e-01
-2.244044848606669973e-01
-2.213924877336808095e-01
-2.193630999603684018e-01
-2.231853458240706800e-01
-2.207079791188739648e-01
-2.236935356444895717e-01
-2.243223860138279235e-01
-2.227219119699093142e-01
-2.227411136923791446e-01
-2.243855611512870496e-01
-2.239981153751067211e-01
-2.211424197723665941e-01
-2.229371144251217629e-01
-2.234637979063158753e-01
-2.195369536391460485e-01
-2.242918430638241034e-01
-2.205061034793089902e-01
-2.243292980613915688e-01
-2.251344324886233039e-01
-2.221487098786845138e-01
-2.234733738049392571e-01
-2.219900562281971190e-01
-2.225580672096221235e-01
-2.176605768101396166e-01
-2.210676986027415580e-01
-2.215382021078831087e-01
-2.194206283520578893e-01
-2.249989792494737628e-01
-2.225483490314843493e-01
-2.226250710452504222e-01
-2.208196684850634028e-01
-2.216372660557084373e-01
-2.239787812484479446e-01
-2.231821657063974840e-01
-2.190899922203222161e-01
-2.193508119043450222e-01
-2.226886129956753280e-01
-2.247194598011112987e-01
-2.249737324744316425e-01
-2.229211598848372944e-01
-2.258880260485192082e-01
-2.238094848464449171e-01
-2.193277989822703944e-01
-2.188406891989593817e-01
-2.216873429821362151e-01
-2.212945931304481917e-01
-2.225862482815905707e-01
-2.227135688638171018e-01
-2.236139736782725151e-01
-2.221462686004542775e-01
-2.197139981971858447e-01
-2.229566478297151377e-01
-2.227833115308222034e-01
-2.246284383283914110e-01
-2.194438876712787589e-01
-2.214766737425186705e-01
-2.200063931735805056e-01
-2.226953253913954711e-01
-2.218726113240983011e-01
-2.180843786933159834e-01
-2.232966082524150409e-01
-2.207706387981716034e-01
-2.234382600521911399e-01
-2.235770654586382022e-01
-2.193458141059316802e-01
-2.219074029478065313e-01
-2.194115034628651983e-01
-2.249245475883157042e-01
-2.237028471854003442e-01
-2.228703900486372902e-01
-2.243460303770632436e-01
-2.200851041106517414e-01
-2.253734989207103467e-01
-2.222437289409988637e-01
-2.203841581512691050e-01
-2.212331205309112647e-01
-2.183274642183405945e-01
-2.224030002742694023e-01
-2.235484611766764829e-01
-2.219551047471277627e-01
-2.235819140622687939e-01
-2.224496308705319336e-01
-2.246646369844924607e-01
-2.220585914820780715e-01
-2.212572436805260168e-01
-2.169179603603090811e-01
-2.152783534032671753e-01
-2.211726114278782518e-01
-2.231791341393787320e-01
-2.214489106615680214e-01
-2.236742430700076056e-01
-2.155683839481454811e-01
-2.210236312330380315e-01
-2.192450217937995660e-01
-2.230521898731510078e-01
-2.236194001027094203e-01
-2.191524605274821624e-01
-2.214698607829355126e-01
-2.248085987402461683e-01
-2.176789371289942210e-01
-2.201004804469910425e-01
-2.201724053785412138e-01
-2.221040327702432648e-01
-2.219111608261847834e-01
-2.194010293221957397e-01
-2.242644260054049710e-01
-2.216822335583366055e-01
-2.198757370770145769e-01
-2.213646012420689146e-01
-2.184949176242980684e-01
-2.236827810656834004e-01
-2.225008004375688131e-01
-2.208175926161324298e-01
-2.191280052432560410e-01
-2.261234395245246276e-01
-2.207668245956639907e-01
-2.177258403198436554e-01
-2.218933562560287953e-01
-2.241201095797862308e-01
-2.220084673681412823e-01
-2.204486460471102305e-01
-2.239068094529592656e-01
-2.240814772775401309e-01
-2.225232457293415678e-01
-2.178881156212426617e-01
-2.244416422792063770e-01
-2.185186501276419335e-01
-2.187706217262821440e-01
-2.239459854592205090e-01
-2.249678498558758122e-01
-2.218862306530944295e-01
-2.182753794579959106e-01
-2.257037168908588853e-01
-2.201493555737670249e-01
-2.198717173139392855e-01
-2.248254691545064077e-01
-2.222915939298673038e-01
-2.235705500716314020e-01
-2.238611452599634788e-01
-2.226034829255887360e-01
-2.226875832351140616e-01
-2.262300139305217783e-01
-2.229350559906784213e-01
-2.217363100592137926e-01
-2.200473940298977027e-01
-2.212596122504102425e-01
-2.228866272797880299e-01
-2.233438781654939476e-01
-2.253788565949790268e-01
-2.184841445448952868e-01
-2.210058324794488271e-01
-2.210435154450891559e-01
-2.226916158246901034e-01
-2.207356838579173086e-01
-2.209227020701121091e-01
-2.240903976234491779e-01
-2.184172459321693793e-01
-2.194024691097737900e-01
-2.205420437555503099e-01
-2.222741449666827407e-01
-2.211528723273943342e-01
-2.189139859455337955e-01
-2.232905196052605845e-01
-2.251790231593311375e-01
-2.197395448329331202e-01
-2.216797879598040311e-01
-2.222261553792108657e-01
-2.225004976063935658e-01
-2.245772416793947457e-01
-2.239281640202541723e-01
-2.229666299247554662e-01
-2.222843952150022062e-01
-2.226169298101403626e-01
-2.259823031850416442e-01
-2.239063150820364001e-01
-2.249677417867594897e-01
-2.257306455394925138e-01
-2.220201439820748135e-01
-2.187638481185807393e-01
-2.211828113206415480e-01
-2.207130331623083919e-01
-2.225797376302658392e-01
-2.230769276645219179e-01
-2.211366060559569746e-01
-2.215890120727301849e-01
-2.225513083206607234e-01
-2.237693983355484306e-01
-2.216917534100666387e-01
-2.220421497611475559e-01
-2.220145004206237616e-01
-2.239920327570210645e-01
-2.207501446435387038e-01
-2.232203114411177580e-01
-2.213432345401713519e-01
-2.202201713295188767e-01
-2.213443688113088115e-01
-2.266480996166144735e-01
-2.241729959306226760e-01
-2.185313344879133979e-01
-2.229146501632222055e-01
-2.233648096717999465e-01
-2.176249671867580560e-01
-2.223642661355498262e-01
-2.254329829061987311e-01
-2.213426773872448905e-01
-2.248197767072213082e-01
-2.236349749987667224e-01
-2.159919377298322729e-01
-2.225639745279828219e-01
-2.247906987427654713e-01
-2.240744725134362625e-01
-2.226100989499251170e-01
-2.233488915840808886e-01
-2.246947961155179030e-01
-2.196471775954051964e-01
-2.278164227887842230e-01
-2.227731663763847791e-01
-2.251224140222980452e-01
-2.248431853196457553e-01
-2.246013662731449756e-01
-2.231443055976001233e-01
-2.205828720521481046e-01
-2.254481870229767537e-01
-2.241106375096251213e-01
-2.257913910062825380e-01
-2.192734249366097288e-01
-2.224779889911872033e-01
-2.237726707809990501e-01
-2.218724860606329230e-01
-2.227701939955544219e-01
-2.252935638732509460e-01
-2.255917736286683350e-01
-2.260543671091994611e-01
-2.259432974956148144e-01
-2.250861220975828303e-01
-2.233956218563299956e-01
-2.245276440940138230e-01
-2.258510536913291844e-01
-2.237346914285716082e-01
-2.223049676522386164e-01
-2.218711161563966527e-01
-2.199244404227407301e-01
-2.238355860989535984e-01
-2.204750156302885955e-01
-2.199028810092222841e-01
-2.191474886638538067e-01
-2.180158016666062792e-01
-2.218307142596600556e-01
-2.215625960427374253e-01
-2.212809509407200892e-01
-2.227938313731137043e-01
-2.201870656757947131e-01
-2.215945820841227487e-01
-2.164671124624710785e-01
-2.226378667926773858e-01
-2.178409639393450448e-01
-2.244169571535117313e-01
-2.198885656809679290e-01
-2.219869867233548177e-01
-2.189633077971144814e-01
-2.232928299209291367e-01
-2.132452339810164688e-01
-2.191159265581674731e-01
-2.193876892243800114e-01
-2.232797711424296949e-01
-2.213039579328857087e-01
-2.209483580777664713e-01
-2.199761429039668315e-01
-2.198484126048256826e-01
-2.218640061030647814e-01
-2.226045867877530782e-01
-2.216646157602077949e-01
-2.222143067604243072e-01
-2.240605225832439373e-01
-2.237711209047077432e-01
-2.260965202011888664e-01
-2.226127752814228700e-01
-2.265084088567661524e-01
-2.238710874954001895e-01
-2.220942959290148622e-01
-2.243006731061818471e-01
-2.238236850530768152e-01
-2.234670745500437761e-01
-2.202935276929096631e-01
-2.220499110417115673e-01
-2.219706190532377832e-01
-2.205353410112458334e-01
-2.240954049453982577e-01
-2.227549863929496610e-01
-2.241712721893343030e-01
-2.208925649148980597e-01
-2.193658398356923556e-01
-2.228407164794141693e-01
-2.223513858825434397e-01
-2.200566930108500685e-01
-2.244398981299866591e-01
-2.219326692792016331e-01
-2.239117586064800491e-01
-2.210457046826874716e-01
-2.226801788442109853e-01
-2.239740730519628187e-01
-2.229527370195540925e-01
-2.208422783717587379e-01
-2.238150434607746320e-01
-2.234746361390023139e-01
-2.254097341122296427e-01
-2.200807025154176699e-01
-2.202647876296062179e-01
-2.209783784802823448e-01
-2.242677507815749038e-01
-2.211422956850128685e-01
-2.260161919363419258e-01
-2.245179260016421097e-01
-2.227163676203538500e-01
-2.200154300588934575e-01
-2.198758122531003778e-01
-2.183387813640642605e-01
-2.230806156559026476e-01
-2.187227422686568445e-01
-2.193348200204248144e-01
-2.207467290803251103e-01
-2.218444183722247942e-01
-2.215352399216570234e-01
-2.222743549759975679e-01
-2.198853109684755225e-01
-2.236991007774236095e-01
-2.212779709443672971e-01
-2.249137933841645065e-01
-2.255979182006200290e-01
-2.195979193289154807e-01
-2.233304877170887437e-01
-2.257023381078973046e-01
-2.244616010426661035e-01
-2.190898596439048163e-01
-2.221104373731854764e-01
-2.186501722093296962e-01
-2.198235323920876283e-01
-2.196522154249294090e-01
-2.200523680767325629e-01
-2.203814709098992353e-01
-2.194003145313381253e-01
-2.188250200793504519e-01
-2.192151515588669497e-01
-2.216002917138375494e-01
-2.232697697637426870e-01
-2.168905134162351089e-01
-2.207756657326740424e-01
-2.225030057445689380e-01
-2.224403200620042043e-01
-2.203989904940026889e-01
-2.207039238021870631e-01
-2.199789594615388921e-01
-2.196157511617791158e-01
-2.244036126527575448e-01
-2.197240660208770180e-01
-2.249895715486260883e-01
-2.236159316985784073e-01
-2.194217289937441251e-01
-2.204552427841299789e-01
-2.202016307931380368e-01
-2.208254327694874064e-01
-2.239455318962448871e-01
-2.203813429486274345e-01
-2.220986552329158314e-01
-2.217373770687700585e-01
-2.204205219511230496e-01
-2.230326531520745448e-01
-2.232682205819678245e-01
-2.222205163841550757e-01
-2.195440456408768171e-01
-2.188778584328758825e-01
-2.179587882567659562e-01
-2.229555160764142840e-01
-2.209898733477153598e-01
-2.235686037870898701e-01
-2.215462800704592894e-01
-2.207088662890193120e-01
-2.200540606222816109e-01
-2.192128123406362761e-01
-2.212703034194198892e-01
-2.192715170924586232e-01
-2.181301858947151118e-01
-2.168412652982780742e-01
-2.221020591311031467e-01
-2.251018937446467305e-01
-2.223371082096186058e-01
-2.156480574002230810e-01
-2.163912935475629240e-01
-2.166258872916095868e-01
-2.197042246868541326e-01
-2.212531074774055639e-01
-2.184108946571043930e-01
-2.229089552404523999e-01
-2.232736383644322586e-01
-2.223964305262278174e-01
-2.219622452054537121e-01
-2.241750571103260370e-01
-2.250599095194552035e-01
-2.232896552090615216e-01
-2.216364463069737667e-01
-2.202846841955903301e-01
-2.148466871405858569e-01
-2.202908789138966483e-01
-2.239399439462914643e-01
-2.203303472048112610e-01
-2.182395199631059768e-01
-2.199129381029507613e-01
-2.205837462893462941e-01
-2.213007135562463645e-01
-2.203974597049160877e-01
-2.189658457956937809e-01
-2.194892094713480901e-01
-2.203699470880202682e-01
-2.206987683931131983e-01
-2.201195871715562191e-01
-2.179524401758037300e-01
-2.192286960031175624e-01
-2.195734280356163026e-01
-2.219262257895842083e-01
-2.223178930704463596e-01
-2.208654594002794624e-01
-2.234220695541324631e-01
-2.240250296274375330e-01
-2.236317137837247060e-01
-2.211587861864323656e-01
-2.219464143846607840e-01
-2.194079063099536597e-01
-2.197684498793108787e-01
-2.227328709092049053e-01
-2.182697864804943322e-01
-2.203600335562647672e-01
-2.191184144814961599e-01
-2.240472336766714534e-01
-2.179966834255928632e-01
-2.219436962351508669e-01
-2.200851079892665041e-01
-2.200325783487215858e-01
-2.186046894227580140e-01
-2.237553777382288445e-01
-2.239395015245868592e-01
-2.184736828212905380e-01
-2.174041040058973806e-01
-2.179511500778161803e-01
-2.209179515038570685e-01
-2.211783434359801959e-01
-2.193251408258198865e-01
-2.218870476504335443e-01
-2.180785316184454814e-01
-2.185208557415769803e-01
-2.142716394923809275e-01
-2.220902247843383748e-01
-2.221107705577018976e-01
-2.230770984172103510e-01
-2.207283860815394405e-01
-2.190891570163806534e-01
-2.158719267098838657e-01
-2.206701906460253326e-01
-2.220672935376235557e-01
-2.223108492009302495e-01
-2.203658494475853047e-01
-2.181669973472253332e-01
-2.227289491637911567e-01
-2.245230839025644798e-01
-2.240786307283428869e-01
-2.208287726861506428e-01
-2.200736198802566435e-01
-2.218014455710779487e-01
-2.205479043792841765e-01
-2.221284477051099771e-01
-2.204973768223617014e-01
-2.193215071187211151e-01
-2.220799703384663815e-01
-2.216323560676087823e-01
-2.202847343148555126e-01
-2.211070907454590895e-01
-2.211462683365965631e-01
-2.211140934926980606e-01
-2.189601927128990155e-01
-2.180911936839287080e-01
-2.216572729774384243e-01
-2.168189451739088724e-01
-2.149240313848927997e-01
-2.188210473885234819e-01
-2.216878138403082232e-01
-2.243959574942415713e-01
-2.240206665540824815e-01
-2.229993029094679002e-01
-2.241087070029728068e-01
-2.220861467307493342e-01
-2.251919587470361250e-01
-2.199115472258768023e-01
-2.217267604443868834e-01
-2.209142770379415310e-01
-2.214027824585116377e-01
-2.230945675887667790e-01
-2.233838364566693713e-01
-2.198835212665315453e-01
-2.218346241125779272e-01
-2.186794850018571879e-01
-2.226896632896320227e-01
-2.190039047031469011e-01
-2.216311660460767996e-01
-2.201924912269994650e-01
-2.214676229405725394e-01
-2.185980762628183527e-01
-2.213392636280175907e-01
-2.214463041675571731e-01
-2.214995776200687772e-01
-2.185225199262887941e-01
-2.194855626681828653e-01
-2.224587942031917009e-01
-2.228842609496517468e-01
-2.223908938829026738e-01
-2.195245421827785037e-01
-2.217806925346863522e-01
-2.192967749462688687e-01
-2.214942942901032552e-01
-2.223305728089179922e-01
-2.229531743235675378e-01
-2.192906966546708247e-01
-2.200409550412629756e-01
-2.215217776573616959e-01
-2.215213040786494503e-01
-2.210700502971256753e-01
-2.210124840397114099e-01
-2.226222405206463861e-01
-2.189367002406434892e-01
-2.215964445982621100e-01
-2.192659138142527553e-01
-2.196789496596309732e-01
-2.203884537661284782e-01
-2.178243856012223034e-01
-2.201399544094719829e-01
-2.219920182998080804e-01
-2.170516279749357125e-01
-2.187116540922247054e-01
-2.223196310620014771e-01
-2.200798267752013260e-01
-2.210808589048340878e-01
-2.221954010436100191e-01
-2.214619736232599223e-01
-2.245831614882050076e-01
-2.180508634565523352e-01
-2.180978570515375026e-01
-2.227585563495768639e-01
-2.200551558249070894e-01
-2.242067718943232535e-01
-2.202153252834389008e-01
-2.183998670080811166e-01
-2.225710464655108467e-01
-2.230090771349111378e-01
-2.215980081344994801e-01
-2.227401498740455565e-01
-2.226296925561115359e-01
-2.256847573608737889e-01
-2.220724120687300740e-01
-2.256786955269802775e-01
-2.259622583481188940e-01
-2.233602418269349243e-01
-2.237465961788025481e-01
-2.185778908971016676e-01
-2.178698300120416320e-01
-2.200563166649267544e-01
-2.219561913093066607e-01
-2.241866016158411412e-01
-2.236333179167786511e-01
-2.244901674477546294e-01
-2.215603567472257396e-01
-2.177025416172142513e-01
-2.223936188243946788e-01
-2.193134522737913983e-01
-2.189867234432760768e-01
-2.163564959634456386e-01
-2.205114486261052775e-01
-2.218306476946274586e-01
-2.228571174620057604e-01
-2.208257957954486983e-01
-2.204736776071030135e-01
-2.224455691834279492e-01
-2.248968357275202834e-01
-2.220006366662232722e-01
-2.230182060447489789e-01
-2.217541463075853869e-01
-2.184522043038690242e-01
-2.229074472171816979e-01
-2.230150790238560887e-01
-2.246663690361430099e-01
-2.231082026354229697e-01
-2.221703720019014838e-01
-2.247044619194795700e-01
-2.219147317668834773e-01
-2.222010595147736467e-01
-2.207164580899885209e-01
-2.226601493615483207e-01
-2.231639719756088880e-01
-2.209816121173737713e-01
-2.208244303038071621e-01
-2.194664001569996969e-01
-2.220818946557656659e-01
-2.189000680642472219e-01
-2.259169882310061439e-01
-2.218381878781912064e-01
-2.213265683423699670e-01
-2.242090442915696258e-01
-2.210507292758947528e-01
-2.205647950731339790e-01
-2.221606536685243327e-01
-2.188988596334269232e-01
-2.233194198357324467e-01
-2.189947157651452869e-01
-2.208918374719921474e-01
-2.213899482330248247e-01
-2.215210124419897397e-01
-2.239452944690754066e-01
-2.241285127010428369e-01
-2.196679822289233641e-01
-2.202983965809544031e-01
-2.211251625182981684e-01
-2.203076953819014250e-01
-2.197420038349129356e-01
-2.222817911906780353e-01
-2.232335355968899648e-01
-2.186718726087661935e-01
-2.254193394904646652e-01
-2.219634831970225264e-01
-2.201266956096681326e-01
-2.228888924594727428e-01
-2.221996130434220618e-01
-2.209903590265973605e-01
-2.231142967618140460e-01
-2.221745171575513211e-01
-2.229285834961771684e-01
-2.243899766059875844e-01
-2.208497750364237788e-01
-2.171352041904093255e-01
-2.212536847084543012e-01
-2.214437848144115151e-01
-2.253446716617872880e-01
-2.215237405903138779e-01
-2.206444406459056040e-01
-2.236609271476410754e-01
-2.169249452427521874e-01
-2.236310818675271150e-01
-2.195306107631083137e-01
-2.242064110639852004e-01
-2.229402604096044627e-01
-2.224804124058543664e-01
-2.235466239808800992e-01
-2.253805618941484568e-01
-2.232123456468571021e-01
-2.242861104614561896e-01
-2.193115927901025941e-01
-2.240930507381158066e-01
-2.236846061405337593e-01
-2.233186340588950713e-01
-2.225798211020446615e-01
-2.226965105696905312e-01
-2.205705142398208807e-01
-2.239123831809628484e-01
-2.234414145473309077e-01
-2.234424634820406652e-01
-2.235468263142479373e-01
-2.216208176030782795e-01
-2.237378970797969657e-01
-2.267916005838337412e-01
-2.216898270520708536e-01
-2.288860849029852318e-01
-2.231440160291811026e-01
-2.231172386046331724e-01
-2.251678486392023615e-01
-2.199766222802352900e-01
-2.209643250573130047e-01
-2.223625743855244252e-01
-2.234147728224016305e-01
-2.224906604316139180e-01
-2.193554243023534411e-01
-2.174427497036361956e-01
-2.249666409017088142e-01
-2.236225017746278354e-01
-2.245354532339014497e-01
-2.244705025831805756e-01
-2.238031154043547133e-01
-2.255778357487763230e-01
-2.267605077629539778e-01
-2.259368758995634607e-01
-2.207709181188342029e-01
-2.263464713748533086e-01
-2.229661218176559601e-01
-2.246529987565928366e-01
-2.267348656102718962e-01
-2.230371339377050788e-01
-2.210957651117126943e-01
-2.208965270142044801e-01
-2.217520127987562262e-01
-2.239022292970602734e-01
-2.215198128987552195e-01
-2.204864809818047888e-01
-2.212955653253985133e-01
-2.241590195637712668e-01
-2.240304419429115512e-01
-2.218320799540514088e-01
-2.261924746276342546e-01
-2.252856334799879789e-01
-2.239592806533110547e-01
-2.236870888706832261e-01
-2.208321673292630294e-01
-2.229901572057606529e-01
-2.230468946423727061e-01
-2.247669370307434633e-01
-2.240967147779109325e-01
-2.220187188704905168e-01
-2.229214184885002226e-01
-2.232554539606681487e-01
-2.214327187527587171e-01
-2.218271433977641038e-01
-2.227225027195771645e-01
-2.210700393078468551e-01
-2.248629881603463332e-01
-2.233640003781722783e-01
-2.256739164805736664e-01
-2.218982441519798954e-01
-2.271068868267747121e-01
-2.234598532371130375e-01
-2.237259753256282124e-01
-2.211310535322077442e-01
-2.226179575614857242e-01
-2.228915513088018940e-01
-2.260678826428375032e-01
-2.241125242959469688e-01
-2.209139617292237290e-01
-2.264614550192902698e-01
-2.275497751811386138e-01
-2.242820943053018823e-01
-2.253512850458356809e-01
-2.260406849350538039e-01
-2.250763751138720181e-01
-2.241021828831755158e-01
-2.231146329844477805e-01
-2.256412409437302813e-01
-2.255913249292191836e-01
-2.246482756952978832e-01
-2.272973792804329207e-01
-2.228366723716206366e-01
-2.235717326232951052e-01
-2.260027235647754651e-01
-2.264925181066068660e-01
-2.251891801364465096e-01
-2.275395119123793108e-01
-2.230699328996799125e-01
-2.251677299718437553e-01
-2.261152990195860468e-01
-2.214363100465881473e-01
-2.195471707300988840e-01
-2.231053111961962543e-01
-2.220277685962344094e-01
-2.234924173406760417e-01
-2.219627900188925196e-01
-2.260776366726560127e-01
-2.241835742399160836e-01
-2.253852059730547808e-01
-2.260720961595765743e-01
-2.254847752679580708e-01
-2.219156500612804450e-01
-2.242258825330836203e-01
-2.285571038437694824e-01
-2.290282218173125273e-01
-2.280768130355461665e-01
-2.249197807333516153e-01
-2.276876056619769884e-01
-2.285270200807580920e-01
-2.234386397567007521e-01
-2.268954985743896202e-01
-2.223174622336792083e-01
-2.273447365852625524e-01
-2.287638583938864656e-01
-2.262628255232854713e-01
-2.262292488842341243e-01
-2.237262415095599977e-01
-2.259002165182728561e-01
-2.261566007612714202e-01
-2.256824396599093063e-01
-2.261210179001373888e-01
-2.253435469571805072e-01
-2.287037548789072616e-01
-2.248878545282337882e-01
-2.272780530520144282e-01
-2.229699886056728531e-01
-2.260523890182248863e-01
-2.242344775118780831e-01
-2.293043684978961494e-01
-2.245141730067885533e-01
-2.269671948759501845e-01
-2.272575915833527915e-01
-2.285926049929543069e-01
-2.251880294584402975e-01
-2.264449764117699715e-01
-2.256455702786368533e-01
-2.260338903250413978e-01
-2.255265709513984973e-01
-2.246825829417673503e-01
-2.281635171412688123e-01
-2.259213175630883086e-01
-2.269658247090653447e-01
-2.268236639499932039e-01
-2.297179694175959241e-01
-2.264022865648698257e-01
-2.268752288781250570e-01
-2.280296429290160631e-01
-2.231220241335130083e-01
-2.261958426225412211e-01
-2.286917398160746018e-01
-2.309905084063572644e-01
-2.319242617626393610e-01
-2.271798441254020418e-01
-2.278302294380125659e-01
-2.246144322323182507e-01
-2.254561115991293718e-01
-2.263101564498022356e-01
-2.248005525023408779e-01
-2.266125443130171391e-01
-2.272451375065429602e-01
-2.311129864701157999e-01
-2.283861676049454559e-01
-2.255803728014456055e-01
-2.273064205017121253e-01
-2.254779665304411651e-01
-2.285036178761785663e-01
-2.286315326597438968e-01
-2.243825571504167726e-01
-2.261071190000940589e-01
-2.277598365653084045e-01
-2.270636908250267538e-01
-2.249753449976736874e-01
-2.283340619856524256e-01
-2.278818966260516277e-01
-2.233710143337503951e-01
-2.251355643864023648e-01
-2.278782236425875851e-01
-2.251575951516819885e-01
-2.263285049723755549e-01
-2.289036846414980175e-01
-2.247167296024379368e-01
-2.279047156282594244e-01
-2.294358129187159534e-01
-2.282942335681958923e-01
-2.293416718052121439e-01
-2.267168968421060526e-01
-2.321005958581316975e-01
-2.256568977513708774e-01
-2.240703285890965901e-01
-2.243472322163100330e-01
-2.249854986608497143e-01
-2.268497010053565077e-01
-2.246013821005163891e-01
-2.273049964660849298e-01
-2.268617422725220933e-01
-2.281013226589401199e-01
-2.281347545371268382e-01
-2.269923131641604641e-01
-2.300595714597442054e-01
-2.295697804461696023e-01
-2.282718460796395732e-01
-2.237078898911271096e-01
-2.269777557495835651e-01
-2.223172298738838037e-01
-2.274218740227738067e-01
-2.273626064239948619e-01
-2.276270374211613046e-01
-2.310903168543454456e-01
-2.267219571351439811e-01
-2.250984044708381759e-01
-2.292035138370422942e-01
-2.248443354365754487e-01
-2.244443939969826829e-01
-2.297786192583970433e-01
-2.294032157920469217e-01
-2.271254624230429897e-01
-2.322287788688406351e-01
-2.278947725799831403e-01
-2.302563311280856340e-01
-2.271723069775219983e-01
-2.277846768409830247e-01
-2.261105833554601929e-01
-2.280156574220093546e-01
-2.315113895805112065e-01
-2.325874105934886416e-01
-2.272615059420921568e-01
-2.271362572491959497e-01
-2.241226209723983231e-01
-2.284132839190533559e-01
-2.263177163421303817e-01
-2.285938432506036122e-01
-2.302183933649466496e-01
-2.286686807116353748e-01
-2.284999241913929779e-01
