-5.297202438927348656e-01
-6.304970934396765259e-01
-6.536507968023630433e-01
-6.975633378286651975e-01
-6.855574546527578583e-01
-7.155847230547381921e-01
-7.116482858774065834e-01
-7.436591259397469234e-01
-7.462546697169296639e-01
-7.342874917006934066e-01
-7.346644791694942889e-01
-7.426643828299347438e-01
-7.482854776504251904e-01
-7.654600434328243663e-01
-7.594016273883237300e-01
-7.659223732090501002e-01
-7.462886010062332875e-01
-7.638578080286110294e-01
-7.663086753839363219e-01
-7.441688029331656740e-01
-7.814863653084965778e-01
-7.455727408536050316e-01
-7.661965949927429520e-01
-7.076091578682226491e-01
-7.630858317166751004e-01
-7.504153283644716677e-01
-7.487473804565214497e-01
-7.524074098009563283e-01
-7.252527299738023014e-01
-7.622543425157306540e-01
-7.248011515572155838e-01
-7.507643915555017866e-01
-7.275836666932462560e-01
-7.421708122719028466e-01
-7.691439165950563206e-01
-7.552235263594695436e-01
-7.318239527253740384e-01
-7.258991600489017593e-01
-7.656742651408392497e-01
-7.634723585270382085e-01
-7.739455587325574371e-01
-7.206905992536067895e-01
-7.536391228678620546e-01
-7.365371613483839841e-01
-7.570352532462428785e-01
-7.259020236441765528e-01
-7.454898165713459424e-01
-7.742725970148744974e-01
-7.606403399633101525e-01
-7.492119743956598965e-01
-7.617027961294622340e-01
-7.750061422335960959e-01
-7.451240451805075660e-01
-7.599828326741241424e-01
-7.475138565487936537e-01
-7.591079384566574717e-01
-7.634295428438061526e-01
-7.651400173633060575e-01
-7.399988676047010161e-01
-7.276865290014037368e-01
-7.657151721901285235e-01
-7.210190370532452153e-01
-7.367172135494121088e-01
-7.365120303929648671e-01
-7.631614477200218127e-01
-7.253355567067739651e-01
-7.450262880473924598e-01
-7.530257490868448311e-01
-7.321587540360814383e-01
-7.393772518279271289e-01
-7.640568354827478315e-01
-7.439775098194683078e-01
-7.741893532503345554e-01
-7.367191382631375074e-01
-7.533289506573460637e-01
-7.278486294404500345e-01
-7.318457882893134592e-01
-7.448676165202213761e-01
-7.646434811322391223e-01
-7.244459500779174554e-01
-7.199220314837879720e-01
-7.469994831384054734e-01
-7.348056769856938786e-01
-7.447557874261311328e-01
-7.384294417157521995e-01
-7.300932528511416830e-01
-7.444763612633411576e-01
-7.381660538997345533e-01
-7.551546051013737770e-01
-7.321540148113850899e-01
-7.473290431617829466e-01
-7.496195830877505628e-01
-7.267699889414945824e-01
-7.588748146369139747e-01
-7.511724712371909973e-01
-7.158538656821860080e-01
-7.217823789160524584e-01
-7.404804483310563068e-01
-7.443121558213098288e-01
-7.301611878084911522e-01
-7.185148552589206705e-01
-7.101043139523788295e-01
-7.395138988506860800e-01
-7.072032470424793882e-01
-7.312403088274946894e-01
-7.438642399842092523e-01
-7.363544607434919786e-01
-7.465925700044714342e-01
-7.327960857220193747e-01
-7.315560162929738430e-01
-7.276759209358466540e-01
-7.137807397016209254e-01
-7.254728606905499477e-01
-7.154428950320567138e-01
-6.978269209585468147e-01
-7.245052454004047293e-01
-7.252711723177343028e-01
-7.078824082850592170e-01
-7.190402590259376003e-01
-7.339613317916375834e-01
-7.200152128483910952e-01
-7.437392201281636250e-01
-7.051399298846204866e-01
-7.620650217694240336e-01
-7.372189200189220859e-01
-7.117148797384508230e-01
-7.391625433705023562e-01
-6.972208122009924125e-01
-7.086401305024272457e-01
-7.082165716999381244e-01
-7.219005441706278781e-01
-7.209866749385140938e-01
-7.037815265741538262e-01
-7.132177007346331976e-01
-7.086479088964439121e-01
-7.195360973412754380e-01
-7.071476435374938196e-01
-6.996732798172362600e-01
-7.028957285785064624e-01
-7.032534410019182225e-01
-6.823085929848194953e-01
-7.060085607180969225e-01
-6.965256039000821131e-01
-6.967602074490291120e-01
-6.766091332606670727e-01
-6.830709456827832593e-01
-7.033409216764355820e-01
-6.902314214795829406e-01
-7.074241370306431076e-01
-7.228322463683143351e-01
-6.762000922004375303e-01
-6.904517989297374037e-01
-6.791993192908715171e-01
-7.081514643768576089e-01
-6.787529425762610646e-01
-6.750669014531165413e-01
-6.970889788074509097e-01
-6.928902395055723806e-01
-6.703185121178020234e-01
-6.726323602882591235e-01
-6.693329536981426076e-01
-6.943520905065397875e-01
-6.900394216938374736e-01
-6.796205374444675984e-01
-6.739521204814777899e-01
-6.804562040509811727e-01
-6.665707037428602044e-01
-6.943940478984012010e-01
-6.620464482161805275e-01
-6.916472958109712854e-01
-6.493129771827286234e-01
-6.613947534693225272e-01
-6.784246679383604262e-01
-6.750388367968602754e-01
-6.559465097385803745e-01
-6.561181045549505653e-01
-6.720717097667870954e-01
-6.781422285879750156e-01
-6.609352620272750389e-01
-6.706451339938137579e-01
-6.682970250218444042e-01
-6.624568687510279386e-01
-6.681097140632917819e-01
-6.530168621106071658e-01
-6.549641831774480893e-01
-6.472186164367639272e-01
-6.435900319731160391e-01
-6.283768951180656037e-01
-6.435885038987487761e-01
-6.430961944656454765e-01
-6.464002984489066739e-01
-6.399597216360608520e-01
-6.506461358550378327e-01
-6.494388455484053635e-01
-6.455129564049091329e-01
-6.444270608871929262e-01
-6.373294435429197602e-01
-6.440611970413001597e-01
-6.405655646930065172e-01
-6.199236652413222526e-01
-6.265565566578313872e-01
-6.371981173413691080e-01
-6.367971939879770726e-01
-6.414542225262107600e-01
-6.261959119612390268e-01
-6.198667216018192150e-01
-6.236455700118654910e-01
-6.162478321497857348e-01
-6.223414491074303889e-01
-6.275818884900998817e-01
-6.190200117503014132e-01
-6.228981566872781039e-01
-6.286479934936668457e-01
-6.185772074302458012e-01
-6.228283073812926895e-01
-6.141017210661978698e-01
-6.030261878892014815e-01
-6.166545543657222517e-01
-6.119342372472842406e-01
-6.114796561138184927e-01
-6.170731723895437337e-01
-6.141192564450134173e-01
-6.040397978155108705e-01
-6.037307737196166979e-01
-6.065047175366986565e-01
-5.966159036592265652e-01
-6.258185895211340055e-01
-6.005721352393931234e-01
-6.377028874338498410e-01
-6.166883706755026395e-01
-6.101104982702301172e-01
-5.955314965830839080e-01
-6.085304111577247710e-01
-5.840534651218189932e-01
-6.032128695327209078e-01
-5.879502490548808025e-01
-5.946002009154677248e-01
-5.844828732419173889e-01
-5.784705090335214850e-01
-5.741440287629161476e-01
-6.088631201188473563e-01
-5.957812499614169033e-01
-5.727307838685076202e-01
-5.708705474196904550e-01
-5.700807654336671471e-01
-5.899140654172013720e-01
-5.958264307318792419e-01
-5.695327187234380251e-01
-5.655856205447753471e-01
-5.765237124087663201e-01
-6.027815314523596868e-01
-5.758346207927421689e-01
-5.687507056935967586e-01
-5.738248381298951539e-01
-5.651086373681406538e-01
-5.740512310901728643e-01
-5.653692544596087277e-01
-5.738257512511666381e-01
-5.803415132314755365e-01
-5.772120881528469694e-01
-5.596628473557108130e-01
-5.752844617652789205e-01
-5.852746636630615784e-01
-5.742954930417032422e-01
-5.736632248629622843e-01
-5.689910387000896019e-01
-5.549675755710570257e-01
-5.534485461358054081e-01
-5.463213640083441902e-01
-5.484393564078996475e-01
-5.499032574456648170e-01
-5.502803906549998958e-01
-5.527898509370410274e-01
-5.535510868446026356e-01
-5.479021875673747433e-01
-5.604235154941584751e-01
-5.441873706145097245e-01
-5.451368373206526563e-01
-5.581171587131866785e-01
-5.436198728557344317e-01
-5.233914763140694593e-01
-5.370800563148077078e-01
-5.458348087342610455e-01
-5.238615638429471311e-01
-5.445920264934493993e-01
-5.318532313020529756e-01
-5.413052155152586753e-01
-5.365972966643628439e-01
-5.361462007519135486e-01
-5.398631593486566960e-01
-5.379484490670755070e-01
-5.502588309564953040e-01
-5.240386572308902702e-01
-5.351168141517206323e-01
-5.307413904672075855e-01
-5.371746542970529115e-01
-5.340343190866125855e-01
-5.326448643316687992e-01
-5.122612640862141964e-01
-5.256908597007741157e-01
-5.312217362852951208e-01
-5.262860804905447054e-01
-5.170320589878500961e-01
-5.175835016646468389e-01
-5.004913545375256900e-01
-5.189596752982672534e-01
-5.096276942758917183e-01
-5.027445725998690440e-01
-5.210966012982617412e-01
-5.037903556360190382e-01
-4.964117280084389128e-01
-4.952883282983591151e-01
-4.967728757420564190e-01
-4.959367015229158016e-01
-4.924165445523596141e-01
-5.143382782198603342e-01
-4.883392929352401435e-01
-4.909912929883841759e-01
-5.079998863340245974e-01
-4.987816398529193451e-01
-5.015492352016708288e-01
-4.909766325443323254e-01
-4.986890990857969497e-01
-4.772690665659323761e-01
-4.802858471916224836e-01
-4.951786277936267577e-01
-4.950064173659559641e-01
-4.989846483184166015e-01
-4.984890333043554556e-01
-4.949810432753327660e-01
-4.919353489171256477e-01
-4.823311525970810365e-01
-4.739618819777615677e-01
-4.790319869591117552e-01
-4.728418382005841192e-01
-4.726288983590032355e-01
-4.870781072844074799e-01
-4.786445451995647860e-01
-4.843706626841673968e-01
-4.704047274592648709e-01
-4.787622797525648011e-01
-4.695512464362439076e-01
-4.757118300907037245e-01
-4.740975534746401099e-01
-4.780950388162521492e-01
-4.643524136558609960e-01
-4.746531107644385017e-01
-4.585982956847410863e-01
-4.526521331423690730e-01
-4.701696718301998645e-01
-4.648269327566207920e-01
-4.741354380470125252e-01
-4.648140393831743378e-01
-4.614185228392735372e-01
-4.490412584275691454e-01
-4.674693649774093185e-01
-4.616700899053352014e-01
-4.471203746065176565e-01
-4.525287421886061701e-01
-4.473885705691431625e-01
-4.547119141990747515e-01
-4.388411897664736827e-01
-4.479654190466875185e-01
-4.520390337802998593e-01
-4.504071970971339489e-01
-4.365529255309716916e-01
-4.404367010684814288e-01
-4.437330339116678513e-01
-4.489721258815198013e-01
-4.490131883963745518e-01
-4.493178440293527087e-01
-4.364065780260419913e-01
-4.499827196691728037e-01
-4.359945050151826651e-01
-4.297133841566298518e-01
-4.353621727856976098e-01
-4.412026487862987789e-01
-4.483713751531097635e-01
-4.341925551978962350e-01
-4.310557071883446278e-01
-4.396876453781464744e-01
-4.288410328545742001e-01
-4.355299194712671795e-01
-4.369818037034622904e-01
-4.317322436526779272e-01
-4.217703192831584458e-01
-4.177922573085554037e-01
-4.251195318432460235e-01
-4.268989577722999140e-01
-4.226148875819430994e-01
-4.140682034525084987e-01
-4.307833762133407296e-01
-4.096755898927986750e-01
-4.139887122081195026e-01
-4.240880858620730276e-01
-4.255962677645116488e-01
-4.177396816300273930e-01
-4.136955718750112698e-01
-4.148965410337113191e-01
-4.212640303329286962e-01
-4.142805657634671679e-01
-4.120399369754680352e-01
-4.056858928916406981e-01
-4.102170690123428942e-01
-4.097027200676895964e-01
-4.036048013519157873e-01
-4.048564034053785399e-01
-4.027409165627012788e-01
-4.102746926761773327e-01
-4.004712757125339362e-01
-4.022267411923399760e-01
-3.945817402641695892e-01
-4.012118497944729967e-01
-3.948151574442319012e-01
-3.960607629159605958e-01
-3.935295868218773307e-01
-3.914662988000520150e-01
-3.898295727190734805e-01
-3.890432362611209172e-01
-3.857724153172574777e-01
-3.856429234109697290e-01
-3.879451529529827081e-01
-3.854745477629037964e-01
-3.836983824072595084e-01
-3.847376263452786382e-01
-3.881174539440370719e-01
-3.862990871187201858e-01
-3.831929898978025939e-01
-3.797287383831805530e-01
-3.797903518702842041e-01
-3.767353956269799964e-01
-3.723892218705575630e-01
-3.762748645404510039e-01
-3.781901425974676378e-01
-3.837007923132729204e-01
-3.725485561275714286e-01
-3.714839833515979350e-01
-3.689132489901767453e-01
-3.652645279405215550e-01
-3.695079901480318174e-01
-3.604281155316135798e-01
-3.629870164778790098e-01
-3.634917891544613422e-01
-3.623350505647218167e-01
-3.621639388564921180e-01
-3.624438115742703026e-01
-3.546631290801904868e-01
-3.523573009720299964e-01
-3.534294948475658060e-01
-3.471249852672588787e-01
-3.493003732815683771e-01
-3.495474481240966602e-01
-3.509051508191718405e-01
-3.502690785031217224e-01
-3.499912399694953269e-01
-3.485537479363356450e-01
-3.518684997905179301e-01
-3.481374897183653339e-01
-3.496330657875914572e-01
-3.484933048288287871e-01
-3.439469549397233816e-01
-3.475581868884740633e-01
-3.482207670813584066e-01
-3.441753320574865160e-01
-3.455066617486164393e-01
-3.419732570921354409e-01
-3.430407847758139006e-01
-3.409059849821851618e-01
-3.397752256190387232e-01
-3.431310480192313328e-01
-3.437515356159936974e-01
-3.427968840643601522e-01
-3.404820285937361080e-01
-3.365658200081340645e-01
-3.377261824044216487e-01
-3.416540849870507435e-01
-3.410480810522892314e-01
-3.345342022205515242e-01
-3.359986005050044078e-01
-3.351223708621571262e-01
-3.353527245916074762e-01
-3.360905157858129488e-01
-3.342339744108066002e-01
-3.345595130220508917e-01
-3.386152916076824448e-01
-3.353229360328487951e-01
-3.371857855998281472e-01
-3.312325123027226592e-01
-3.259647583600573384e-01
-3.274208615736815542e-01
-3.292514341797152522e-01
-3.286707786966047706e-01
-3.282335378319329866e-01
-3.177780448177931483e-01
-3.244633491542516790e-01
-3.217641857835638053e-01
-3.222377357975796386e-01
-3.164583971893497605e-01
-3.265112214038823346e-01
-3.234016917873923092e-01
-3.222288418527607945e-01
-3.179957055896553975e-01
-3.243069179319684192e-01
-3.188887334628336401e-01
-3.158711792049404554e-01
-3.140802182944613108e-01
-3.142293378332539078e-01
-3.099087128532513891e-01
-3.143639913112938888e-01
-3.170280329367674010e-01
-3.084884916683929834e-01
-3.090798282450371026e-01
-3.053534054829394329e-01
-3.088287884441776043e-01
-3.117997537154071352e-01
-3.064291657071571695e-01
-3.089095282107643392e-01
-3.026500030517493833e-01
-3.098519176082608073e-01
-3.101747392597049569e-01
-3.031294850962518161e-01
-3.001624766160975177e-01
-3.036097811895319687e-01
-3.061345398685226815e-01
-3.033677493541317993e-01
-3.042974445017798679e-01
-3.028833949140647963e-01
-2.992982164525588296e-01
-3.027793396492415301e-01
-3.005540898355407720e-01
-2.984451037990316635e-01
-3.032604715563063102e-01
-2.958549208567990974e-01
-2.970192439662024952e-01
-2.990297997104955918e-01
-2.986268059840857525e-01
-2.953052146836918634e-01
-3.031765711611058567e-01
-3.011614465191607692e-01
-2.969795735872484688e-01
-2.944714645586177237e-01
-2.917805022659178960e-01
-2.978258473668902173e-01
-2.902448045845154034e-01
-2.938721713273440006e-01
-3.004434628814145469e-01
-2.959412486251522534e-01
-2.957803550539761517e-01
-2.977448130356794564e-01
-2.912225823284750881e-01
-2.894323419308748591e-01
-2.909258956697939880e-01
-2.931868271887243527e-01
-2.873824740789243659e-01
-2.902370466022290429e-01
-2.896763142298621752e-01
-2.909701273948046563e-01
-2.890957376205862683e-01
-2.907659719361908035e-01
-2.852730774256146962e-01
-2.841134730199510461e-01
-2.878537599754276144e-01
-2.916960130883869962e-01
-2.883625239231695225e-01
-2.878928742824624631e-01
-2.874476071251095277e-01
-2.849291905973532213e-01
-2.913526309066767350e-01
-2.813437617401040036e-01
-2.837110495782257935e-01
-2.850371579753609996e-01
-2.871164821380542964e-01
-2.897648395544758504e-01
-2.849667023749354877e-01
-2.830500391919110736e-01
-2.884608816025784339e-01
-2.891156011137259174e-01
-2.874794214846992935e-01
-2.873696128715477194e-01
-2.863614148080473321e-01
-2.804872692127931000e-01
-2.861083313906180869e-01
-2.833725175287709064e-01
-2.884239129029626536e-01
-2.849358291822301492e-01
-2.836691076546575818e-01
-2.806929015173531550e-01
-2.847077515945684034e-01
-2.850021925751788920e-01
-2.811089455747979304e-01
-2.854104143153188833e-01
-2.808174298989472017e-01
-2.850516937084310864e-01
-2.813050144570867772e-01
-2.819385682598198883e-01
-2.820592112143360808e-01
-2.854931253043591077e-01
-2.822415008193190911e-01
-2.828601149791265534e-01
-2.816580076437431579e-01
-2.832650669757916795e-01
-2.827323767321465731e-01
-2.796420079611485754e-01
-2.808445646539781126e-01
-2.791714933946067845e-01
-2.821283415458410992e-01
-2.823875819237056106e-01
-2.826240549353817855e-01
-2.783722167677598058e-01
-2.802680857923500746e-01
-2.785228675202526816e-01
-2.828906018868706518e-01
-2.760717827071696995e-01
-2.771334906092741690e-01
-2.842470330283974889e-01
-2.783853935265598878e-01
-2.811357337118214339e-01
-2.796837352982750602e-01
-2.781919526438145773e-01
-2.798399300484435415e-01
-2.785636251978393929e-01
-2.773382417085192841e-01
-2.714976501294921185e-01
-2.695657396966115726e-01
-2.791950221476788840e-01
-2.731641975546170720e-01
-2.741988821572869384e-01
-2.711254692280715695e-01
-2.735075435647535969e-01
-2.782591634366782252e-01
-2.768229813656648552e-01
-2.734814208427036597e-01
-2.731176520025386800e-01
-2.733639633290900761e-01
-2.715092864423427343e-01
-2.715538717226122500e-01
-2.720904102559700277e-01
-2.676156865288938924e-01
-2.746725563265877135e-01
-2.749305659885314945e-01
-2.761182311671657175e-01
-2.723048648996835297e-01
-2.677294040952964416e-01
-2.726727112397329122e-01
-2.736985848785695730e-01
-2.710884000389874871e-01
-2.715806738764539041e-01
-2.670600530885565149e-01
-2.751226846944487825e-01
-2.727682162528317633e-01
-2.710974140106676700e-01
-2.698771415831053844e-01
-2.703200813105031131e-01
-2.676907970344386545e-01
-2.654986637361409496e-01
-2.676088976824613219e-01
-2.678582476099840015e-01
-2.712253744563701829e-01
-2.698201398386381733e-01
-2.690627004719110538e-01
-2.712761968659802569e-01
-2.698715630386976372e-01
-2.670639546717707979e-01
-2.697850361669720254e-01
-2.695498287979423147e-01
-2.676664386498612824e-01
-2.701072067046277336e-01
-2.683312510346884672e-01
-2.631997085618906773e-01
-2.659438920575076803e-01
-2.676569419396719329e-01
-2.669321840416485347e-01
-2.625797859108738308e-01
-2.679737850304952929e-01
-2.628481409339142871e-01
-2.643945358134482948e-01
-2.671220481116800549e-01
-2.630022745073148371e-01
-2.650664639492430474e-01
-2.643367655280108863e-01
-2.601810431881153018e-01
-2.676136808580564797e-01
-2.668468520529954091e-01
-2.652660108616911039e-01
-2.699494366458274897e-01
-2.685200917858661107e-01
-2.681997107510625256e-01
-2.657584177389149538e-01
-2.649341699114331483e-01
-2.652044616133673038e-01
-2.645089023836955100e-01
-2.674944798641494259e-01
-2.679858412389237721e-01
-2.649967105548975965e-01
-2.673019122552005022e-01
-2.635742138475731799e-01
-2.658294187832161981e-01
-2.577316517108778626e-01
-2.657668635494800924e-01
-2.647551640067893342e-01
-2.650735469711495984e-01
-2.654338415247359251e-01
-2.641490492149076719e-01
-2.625700724164117261e-01
-2.620906568331107245e-01
-2.611680097663489075e-01
-2.674321971428215150e-01
-2.617837530155990855e-01
-2.639413105934607096e-01
-2.644935622601458647e-01
-2.672210314914755802e-01
-2.560215420027978084e-01
-2.622971373098954562e-01
-2.658424440610582806e-01
-2.597003877304369102e-01
-2.626526993926727727e-01
-2.618079532690200661e-01
-2.648780964645611746e-01
-2.633808840689286779e-01
-2.632514870494875314e-01
-2.604659028354037176e-01
-2.646068514974027064e-01
-2.675931388143590883e-01
-2.638878100409003391e-01
-2.661301044667250260e-01
-2.638281921444782796e-01
-2.598400798071947015e-01
-2.589915643700002601e-01
-2.635322645660802543e-01
-2.636105367475640726e-01
-2.635633299823214593e-01
-2.648604427647671677e-01
-2.613292850106527787e-01
-2.592837021982310475e-01
-2.640205615629824809e-01
-2.585759647957108776e-01
-2.625725272209042949e-01
-2.622085817642734185e-01
-2.593505263171675956e-01
-2.591869540821716278e-01
-2.596206243037886274e-01
-2.579553273466799190e-01
-2.578531709350619927e-01
-2.632130227649667198e-01
-2.602448133553911802e-01
-2.637694838947852727e-01
-2.570808095085754807e-01
-2.572541544428854632e-01
-2.601390503702598611e-01
-2.621150425749056989e-01
-2.591172312506038189e-01
-2.606196472179325152e-01
-2.542477258532884754e-01
-2.574677593093241956e-01
-2.606954376898116266e-01
-2.582658541298266108e-01
-2.583420101260855972e-01
-2.635026863247615925e-01
-2.601804417464095298e-01
-2.595665778258604561e-01
-2.607224730795882905e-01
-2.575847500088694897e-01
-2.586070903325226045e-01
-2.559947574357299693e-01
-2.579987786495572255e-01
-2.593413826719390691e-01
-2.600202468631547248e-01
-2.596094112231570605e-01
-2.623644732691996495e-01
-2.589332869583764740e-01
-2.579657609110750371e-01
-2.583981946324094281e-01
-2.564895381659746398e-01
-2.551874804708416100e-01
-2.554267261217750828e-01
-2.599499362177346562e-01
-2.616197849313177670e-01
-2.548303252627746041e-01
-2.579854017756000317e-01
-2.536021959220664534e-01
-2.572666603505520122e-01
-2.532269417028354397e-01
-2.554592191011972879e-01
-2.508289717156824139e-01
-2.506896232994675344e-01
-2.593731033746582426e-01
-2.606594280191751878e-01
-2.550325425067616614e-01
-2.599211724619108210e-01
-2.519991795158764702e-01
-2.601059415939979136e-01
-2.623170887864203493e-01
-2.580608103002235421e-01
-2.544034627244287083e-01
-2.615908019522135142e-01
-2.517401353274543174e-01
-2.605668303680532816e-01
-2.583081481563280768e-01
-2.572479903879186791e-01
-2.539712760092729393e-01
-2.597126550588454430e-01
-2.591851277170275081e-01
-2.551753013601116837e-01
-2.548882691060361805e-01
-2.558489105154110876e-01
-2.571945959975421303e-01
-2.606168179819270403e-01
-2.526545447195938099e-01
-2.576243440356023040e-01
-2.570861987653740854e-01
-2.614978415523965261e-01
-2.583509752678058158e-01
-2.557337846515531088e-01
-2.562395893476693276e-01
-2.570416463257361173e-01
-2.596044927056787022e-01
-2.570020256065477238e-01
-2.564683795885135398e-01
-2.598050514632642694e-01
-2.610187891150333450e-01
-2.585123131236565786e-01
-2.635115089098343244e-01
-2.608197317881523203e-01
-2.567246395451725505e-01
-2.604819768423273230e-01
-2.584752790164366321e-01
-2.566123597380101096e-01
-2.536201135313516097e-01
-2.597310693346903676e-01
-2.554906193987591667e-01
-2.528701955184777805e-01
-2.599130986721356340e-01
-2.550888056285685046e-01
-2.591388467622357528e-01
-2.551976904383315148e-01
-2.552204047406019249e-01
-2.492001633115747961e-01
-2.598275681944446358e-01
-2.612181399888422462e-01
-2.580400927458845750e-01
-2.596659023376737263e-01
-2.591235556143748342e-01
-2.563839729809590517e-01
-2.507891961420020133e-01
-2.530433205459027279e-01
-2.593159822747274079e-01
-2.535043333887019301e-01
-2.560363294335536999e-01
-2.542423941821376765e-01
-2.553997966932106678e-01
-2.572788423299043892e-01
-2.581482704192206157e-01
-2.537767694183772349e-01
-2.483473026089242364e-01
-2.509332390090019960e-01
-2.561800947198150658e-01
-2.491612685866405608e-01
-2.553186624614289801e-01
-2.586273328795630766e-01
-2.541118511022615323e-01
-2.544034665157430819e-01
-2.517577326700357609e-01
-2.521161122111765795e-01
-2.525487751198689512e-01
-2.572385254641624819e-01
-2.557898428527034529e-01
-2.566429440682369556e-01
-2.512786282296481932e-01
-2.471896862481712809e-01
-2.494450445636102742e-01
-2.524316087820710486e-01
-2.545351804534476958e-01
-2.512461208243856881e-01
-2.541879691349490100e-01
-2.543661339879484951e-01
-2.505003879035920811e-01
-2.508146122369245834e-01
-2.577694077772318959e-01
-2.522392545672853537e-01
-2.543864306450533963e-01
-2.554483560437490475e-01
-2.531080847529987299e-01
-2.485370351700433300e-01
-2.514425994750237869e-01
-2.525736197430078489e-01
-2.439376239221591192e-01
-2.526252012731377006e-01
-2.553108597870710206e-01
-2.556930552344683916e-01
-2.506218557714632866e-01
-2.535691475591159705e-01
-2.510496479082081622e-01
-2.547594594328568274e-01
-2.519971564660310470e-01
-2.495975686357612133e-01
-2.476908193529550051e-01
-2.560021048576522906e-01
-2.485164843446947547e-01
-2.471699831053389973e-01
-2.510372863283434341e-01
-2.461062265413767047e-01
-2.465914003149792810e-01
-2.540473895506243363e-01
-2.536791701648530850e-01
-2.531206980078765101e-01
-2.473007925520893657e-01
-2.488119937274947402e-01
-2.516720905049546486e-01
-2.527746062051927645e-01
-2.524933289394468705e-01
-2.531199590982766146e-01
-2.521024247989318567e-01
-2.539809637339288662e-01
-2.511773540657413761e-01
-2.529442987327783499e-01
-2.486214298366080655e-01
-2.462597161841861837e-01
-2.515287878725409598e-01
-2.507912259218718631e-01
-2.549684022571216957e-01
-2.527662962443060213e-01
-2.505267776573432137e-01
-2.433785150742453496e-01
-2.439657030933071180e-01
-2.465803327245752463e-01
-2.460829262222921088e-01
-2.508075599551546908e-01
-2.447806315417284662e-01
-2.479831038435229562e-01
-2.515379367108374620e-01
-2.460165941023322311e-01
-2.461181509741450224e-01
-2.467806025535392855e-01
-2.485883161461854840e-01
-2.463643326524551647e-01
-2.489070982285146449e-01
-2.525666160618444955e-01
-2.475764784728053947e-01
-2.440352638789602402e-01
-2.470562405803367056e-01
-2.428568057871038910e-01
-2.443316304152833851e-01
-2.415217492302264013e-01
-2.467991805893672286e-01
-2.465815945321518932e-01
-2.521095613900454779e-01
-2.417761088999292873e-01
-2.470420253064358196e-01
-2.484109186764911215e-01
-2.426865218990841289e-01
-2.458306911221856961e-01
-2.454808653288018672e-01
-2.458488335537769576e-01
-2.453506941647951578e-01
-2.450313047899530527e-01
-2.410816084020253047e-01
-2.391426654062902557e-01
-2.432076404362690791e-01
-2.380115008445615743e-01
-2.372854222725522266e-01
-2.425126752443413913e-01
-2.454825224959285013e-01
-2.412505149757657730e-01
-2.442139043627631345e-01
-2.419229453792555162e-01
-2.387379977936014974e-01
-2.388318621361387173e-01
-2.391130263664442701e-01
-2.367451746979543081e-01
-2.457997030124730031e-01
-2.422934719293110550e-01
-2.438458122236697445e-01
-2.407121912648959583e-01
-2.433957824437735784e-01
-2.444791782097337496e-01
-2.453586049731111274e-01
-2.444622416751149885e-01
-2.429639108480734500e-01
-2.405652361280061768e-01
-2.426391561444707357e-01
-2.411281108964209441e-01
-2.383204102355174214e-01
-2.398910052961511497e-01
-2.413439214573682712e-01
-2.375177350645556462e-01
-2.407056195267955889e-01
-2.342202367805743535e-01
-2.460634003917157031e-01
-2.410685544200887875e-01
-2.460712456850737695e-01
-2.409499596277866473e-01
-2.422802399257797390e-01
-2.423895636881008286e-01
-2.398977824436960837e-01
-2.408080086383828089e-01
-2.436692009328207398e-01
-2.469055421484309676e-01
-2.386074969973632776e-01
-2.439190355887377315e-01
-2.418148550955177001e-01
-2.417484658945598941e-01
-2.390193935261495373e-01
-2.371736142311291484e-01
-2.369148760888202254e-01
-2.448538291296842306e-01
-2.426317110470557203e-01
-2.438086623277806453e-01
-2.377128165812947280e-01
-2.405109929372173383e-01
-2.412732959365047058e-01
-2.430176823249752260e-01
-2.444374075870574536e-01
-2.420161056206029393e-01
-2.449428628969099186e-01
-2.394127618901107368e-01
-2.427556904632073298e-01
-2.432596001590172641e-01
-2.362693191136786552e-01
-2.380746765688783739e-01
-2.398622421388072468e-01
-2.429204463693257487e-01
-2.360153033708392023e-01
-2.380107079106692503e-01
-2.417572563365619764e-01
-2.376484165857957187e-01
-2.393270987296136632e-01
-2.395591493907849312e-01
-2.342635982687433227e-01
-2.377337952423057565e-01
-2.337290857204878947e-01
-2.369163650969809964e-01
-2.381789886697078806e-01
-2.401832419754028614e-01
-2.368458693077588606e-01
-2.370023978316653235e-01
-2.341388267863511174e-01
-2.337208858306190074e-01
-2.333720380374044723e-01
-2.354671117711899520e-01
-2.382584338649351707e-01
-2.377054857188709569e-01
-2.403023847280589820e-01
-2.393650360832437762e-01
-2.415457754898091558e-01
-2.410907743770134282e-01
-2.403755329656935835e-01
-2.371112886862793978e-01
-2.379516881062389011e-01
-2.355742294409535198e-01
-2.333294109180430453e-01
-2.353566258474963924e-01
-2.330896733214515848e-01
-2.334193154895016775e-01
-2.333149848097093582e-01
-2.375888982593465926e-01
-2.398521784116924849e-01
-2.363088023945585370e-01
-2.337491878546034130e-01
-2.335335348492810770e-01
-2.346445439029281044e-01
-2.322859553350582473e-01
-2.357950822219987419e-01
-2.334661233400219249e-01
-2.380267944758118759e-01
-2.296579831298846130e-01
-2.353112201384623958e-01
-2.331438743512213030e-01
-2.381087862765154384e-01
-2.307490081849890018e-01
-2.327645920198402330e-01
-2.325591430148024052e-01
-2.261595565825142984e-01
-2.299097688600981737e-01
-2.323999271306471659e-01
-2.352947599630059727e-01
-2.311665122014707752e-01
-2.325063369434672289e-01
-2.349650708114761066e-01
-2.344815322536697444e-01
-2.336136333118665753e-01
-2.381834660151986860e-01
-2.356647767013675399e-01
-2.307486409746903888e-01
-2.347023455172476680e-01
-2.293768952383921089e-01
-2.328241411944511619e-01
-2.348846231756960279e-01
-2.319851988827839051e-01
-2.333001634436455696e-01
-2.343867911152637262e-01
-2.296921599685286530e-01
-2.302232543948785626e-01
-2.299306828865739227e-01
-2.312563433808416669e-01
-2.298951061339273849e-01
-2.309324055157038202e-01
-2.309640455207788712e-01
-2.312886152493094372e-01
-2.334467174230137054e-01
-2.314131298788786317e-01
-2.295140974485123664e-01
-2.334562749384252456e-01
-2.330369822867695007e-01
-2.307905890505437263e-01
-2.322384190472219778e-01
-2.336583098083599985e-01
-2.311694410566405011e-01
-2.283243726796704287e-01
-2.331935206974762309e-01
-2.279108944864538522e-01
-2.291440507025486184e-01
-2.299586993863393936e-01
-2.294369419719894942e-01
-2.292671309205092101e-01
-2.234928877582444962e-01
-2.302781288655109115e-01
-2.299627110614443914e-01
-2.277337303926505463e-01
-2.287942956212263290e-01
-2.262469939858244850e-01
-2.320698633140363398e-01
-2.290201730927661217e-01
-2.331746946807951026e-01
-2.322570704476376591e-01
-2.279612060170421728e-01
-2.274567615410458821e-01
-2.235947495984125233e-01
-2.314602168275206040e-01
-2.251932171585044884e-01
-2.285971659884902252e-01
-2.264997306751883599e-01
-2.287608789996027348e-01
-2.298223090797195667e-01
-2.245772555987088914e-01
-2.274479194824081674e-01
-2.226709783001954435e-01
-2.230947105271439135e-01
-2.255640214891059259e-01
-2.280167209039793974e-01
-2.257693450416931036e-01
-2.310169374016850519e-01
-2.270052878289376963e-01
-2.262039711646910423e-01
-2.269306917493858489e-01
-2.288562671872229615e-01
-2.293344439783333577e-01
-2.293143179352501448e-01
-2.283903311746766640e-01
-2.297135812563233515e-01
-2.305378081071554064e-01
-2.340720848354882477e-01
-2.330206740701497026e-01
-2.246389090618001738e-01
-2.262744558330678224e-01
-2.232881672345454760e-01
-2.263676529019553740e-01
-2.283742622665143607e-01
-2.297470689903651220e-01
-2.270612360061941004e-01
-2.269018148792567580e-01
-2.250936215999570500e-01
-2.251288237146384930e-01
-2.257675472436373454e-01
-2.289720710316855978e-01
-2.263713618941949335e-01
-2.251411429143050924e-01
-2.233164186929994521e-01
-2.283104325570048942e-01
-2.262085153313666552e-01
-2.235514061276351327e-01
-2.237777734451271705e-01
-2.220693709894825396e-01
-2.258628802622775211e-01
-2.263903585535649299e-01
-2.237630275929949342e-01
-2.215006061995530295e-01
-2.243227821245676878e-01
-2.308174116924517350e-01
-2.279591949086099412e-01
-2.262399045836516187e-01
-2.237756423505405934e-01
-2.255527113061250866e-01
-2.278712565599394502e-01
-2.241739021484407957e-01
-2.258148611420693896e-01
-2.282148853559329282e-01
-2.265999843880512898e-01
-2.297031614592430770e-01
-2.255973268718651781e-01
-2.226500945305778245e-01
-2.252804095548763819e-01
-2.282093624515755259e-01
-2.258322450830609895e-01
-2.242057287196979054e-01
-2.208157277341666891e-01
-2.269551538726917173e-01
-2.222253342193227788e-01
-2.215496034164665673e-01
-2.249923769526507300e-01
-2.238985654621958865e-01
-2.257739559200060420e-01
-2.273692989062885417e-01
-2.229252842456102002e-01
-2.231041320179603105e-01
-2.242008004054878434e-01
-2.249951287904821129e-01
-2.248301231061464733e-01
-2.214082823563883196e-01
-2.268504082450775172e-01
-2.265281790592519329e-01
-2.270645749338546793e-01
-2.223961129070808340e-01
-2.247465721322328136e-01
-2.216838076624716436e-01
-2.243951714766785344e-01
-2.215263316135898108e-01
-2.212549785303616900e-01
-2.180252522008059302e-01
-2.227764190707581804e-01
-2.217243501051093801e-01
-2.282685182511592359e-01
-2.245580033013157006e-01
-2.213312673618501591e-01
-2.199321159445641882e-01
-2.196481524203139912e-01
-2.180930193281920282e-01
-2.168621666134633585e-01
-2.151958217138432161e-01
-2.161537009753056182e-01
-2.197835841460520356e-01
-2.206559109668262408e-01
-2.220083940144688128e-01
-2.189770954016125870e-01
-2.182896413295756233e-01
-2.140515819396036079e-01
-2.218879133672455595e-01
-2.193168893170920342e-01
-2.194675287002336717e-01
-2.202542876399204985e-01
-2.179706201957420930e-01
-2.135547839304443585e-01
-2.157085265066864821e-01
-2.130288592521436541e-01
-2.159439385378485454e-01
-2.157667097476725360e-01
-2.175989465010772506e-01
-2.185535929219222240e-01
-2.144107582960925740e-01
-2.187616200931739030e-01
-2.144583345086736870e-01
-2.176360015321883168e-01
-2.150912511994906851e-01
-2.163116009647341187e-01
-2.160213893077616021e-01
-2.136107411978560577e-01
-2.176930898241273837e-01
-2.194996711936045841e-01
-2.155434631828478942e-01
-2.180749892747551044e-01
-2.160578455342188064e-01
-2.156686633468156700e-01
-2.193938171131621928e-01
-2.153802738494592361e-01
-2.122202943915683093e-01
-2.147915623336373869e-01
-2.141125028136441344e-01
-2.170349309999526355e-01
-2.168144770280155953e-01
-2.141961760657178360e-01
-2.180589900651757063e-01
-2.089642920351399979e-01
-2.159914852965538756e-01
-2.133713742919045586e-01
-2.118976553345621738e-01
-2.163165579529504612e-01
-2.169387344217108549e-01
-2.180442066105925392e-01
-2.144310595287928223e-01
-2.164849383681506367e-01
-2.133671392937808164e-01
-2.143156327718367393e-01
-2.169503058328388079e-01
-2.090872552454072775e-01
-2.135586972662348870e-01
-2.167377490167554654e-01
-2.164103958527601179e-01
-2.200195677996594767e-01
-2.167664606510131264e-01
-2.168135678925695586e-01
-2.161519570451808647e-01
-2.127900827586346466e-01
-2.132438708400066218e-01
-2.134286345433782373e-01
-2.127106251238508605e-01
-2.158792222301055830e-01
-2.122693187633695189e-01
-2.119895864691487830e-01
-2.121152377540225231e-01
-2.154163060723588430e-01
-2.135702587978718370e-01
-2.112908686012708870e-01
-2.155737115336657794e-01
-2.139883037584393577e-01
-2.123163395404779052e-01
-2.102324819171110803e-01
-2.114749611642290361e-01
-2.128278980593441005e-01
-2.097132690125755872e-01
-2.114274084560889833e-01
-2.102165555740653780e-01
-2.130379154687735976e-01
-2.103619084261114658e-01
-2.086233497182075070e-01
-2.094175972286871357e-01
-2.130678009245707827e-01
-2.131066732898805327e-01
-2.145535413487067444e-01
-2.107021919514293629e-01
-2.137465568528558180e-01
-2.095031784464569391e-01
-2.093866427534085695e-01
-2.094453569229619561e-01
-2.116655002567888744e-01
-2.140348563257918890e-01
-2.122631962895953350e-01
-2.152435229268627737e-01
-2.125748378487921642e-01
-2.135307790274842965e-01
-2.065232640606406989e-01
-2.114978029820377969e-01
-2.077517413433156435e-01
-2.098056057184543022e-01
-2.145233872058307512e-01
-2.119158006060235522e-01
-2.138805736956292947e-01
-2.119000292188499834e-01
-2.092353965602544719e-01
-2.146162474568709122e-01
-2.144642802271352622e-01
-2.114129832948972165e-01
-2.120339068897596491e-01
-2.143683619348237812e-01
-2.137044745957004110e-01
-2.121445396525558635e-01
-2.132664073524463966e-01
-2.077153521062058417e-01
-2.115761007157677120e-01
-2.139350347984811940e-01
-2.074771422754908556e-01
-2.087276239812596579e-01
-2.081874348239241002e-01
-2.102047868272984843e-01
-2.116348565962486994e-01
-2.093260907477909605e-01
-2.081440226418149742e-01
-2.103762716882346950e-01
-2.103026261586888879e-01
-2.072880411136202028e-01
-2.094992401395838755e-01
-2.081019899263241157e-01
-2.084874468093316224e-01
-2.065068894807313704e-01
-2.082162260612756555e-01
-2.140183914904376650e-01
-2.091332570328652274e-01
-2.104958148514075589e-01
-2.114017846337175044e-01
-2.080428724978888866e-01
-2.081684726703367794e-01
-2.084466193013696511e-01
-2.055067550052727121e-01
-2.082970701165476335e-01
-2.105396703491639876e-01
-2.093975861949912698e-01
-2.088813739795316593e-01
-2.082825380001307458e-01
-2.093337590333974596e-01
-2.120911986691664808e-01
-2.111659769473246406e-01
-2.103147992969809366e-01
-2.106820610865005605e-01
-2.053413577567120285e-01
-2.032448597180178673e-01
-2.070945196289772916e-01
-2.074956834199168654e-01
-2.058167830306034674e-01
-2.072567659249200389e-01
-2.130468296938818895e-01
-2.094419208834934487e-01
-2.108982874448575018e-01
-2.090284949987766261e-01
-2.108887061350492864e-01
-2.110198337685114112e-01
-2.102613860212985131e-01
-2.124111220004905043e-01
-2.131131275990476581e-01
-2.136070046122195976e-01
-2.129601607817570574e-01
-2.084502029558339409e-01
-2.103745501021672126e-01
-2.081335663636219024e-01
-2.088875167750576800e-01
-2.120782827489322564e-01
-2.126909307256430459e-01
-2.082501972550248048e-01
-2.121028951413177488e-01
-2.105664084674310210e-01
-2.116826913327578552e-01
-2.099155007240960380e-01
-2.099692027888551138e-01
-2.078700086334164254e-01
-2.050939955527106839e-01
-2.097316884531292835e-01
-2.098238420029088225e-01
-2.107590492268038851e-01
-2.081924636121836869e-01
-2.098630740101214975e-01
-2.079962250886913111e-01
-2.083674139044591200e-01
-2.093970446871180613e-01
-2.103377653964395577e-01
-2.077316487605265216e-01
-2.057222140528383036e-01
-2.037219710501929626e-01
-2.056574141456661842e-01
-2.110488507277130665e-01
-2.041925175761170053e-01
-2.072224630251264799e-01
-2.036746806395428600e-01
-2.061238441964703405e-01
-2.088455480796747032e-01
-2.108415889307413416e-01
-2.062506319924786169e-01
-2.051888526978169480e-01
-2.093433903478150171e-01
-2.112140066342469424e-01
-2.101798127554737050e-01
-2.115295488066717411e-01
-2.071817396299362457e-01
-2.065514524389748807e-01
-2.083583624167095749e-01
-2.040943480089687512e-01
-2.030053155910236384e-01
-2.017066320746394581e-01
-2.021087670326986441e-01
-2.076755888854870946e-01
-2.077153019995625627e-01
-2.080184835613829719e-01
-2.077468890690257197e-01
-2.053968579608280720e-01
-2.060609927222891713e-01
-2.090347991258472149e-01
-2.062609532829444703e-01
-2.064486955413435965e-01
-2.059825691147132432e-01
-2.061866934279930064e-01
-2.045032022538082472e-01
-2.043667743296637695e-01
-2.060209052665999963e-01
-2.065453588496879433e-01
-2.063170081650822496e-01
-2.080240411203151396e-01
-2.071472050225109385e-01
-2.064430921013418185e-01
-2.023295753160843091e-01
-2.054301004461214220e-01
-2.065487702723327601e-01
-2.056862798048699759e-01
-2.045275909807173775e-01
-2.021496849180453026e-01
-2.060031980137422281e-01
-2.043840435845947212e-01
-2.060563771694257085e-01
-2.066850374358448761e-01
-2.070490776966629198e-01
-2.056576128500946510e-01
-2.059592086416506262e-01
-2.011344348592221110e-01
-2.042287623286611620e-01
-2.065467851989479797e-01
-2.067755668398261193e-01
-2.023608595965402657e-01
-2.019749877649203995e-01
-2.052221668091727125e-01
-2.046700324930537107e-01
-2.053571765541226668e-01
-2.066395919496626377e-01
-2.037555635008674315e-01
-2.038474421760358979e-01
-2.074341255234379844e-01
-2.058437965744870368e-01
-2.076709111110437433e-01
-2.057476555345916225e-01
-2.058201463773272621e-01
-2.027286111886370534e-01
-2.011211941292598837e-01
-2.035488282289925621e-01
-2.029245270860977612e-01
-2.060278164063999995e-01
-2.058546595198471607e-01
-2.068462358195333195e-01
-2.010761880686482428e-01
-2.033159734429439425e-01
-2.026412758770232969e-01
-2.007255629104864880e-01
-2.021054733624270128e-01
-2.030776584636830862e-01
-2.041454221187297691e-01
-1.991488117543438463e-01
-2.052501932547219354e-01
-2.068868405637349639e-01
-2.082000610841632238e-01
-2.030056464782097336e-01
-2.063508733479659796e-01
-2.092435102790553003e-01
-2.070865113146656000e-01
-2.067616343466305295e-01
-2.090250878779844612e-01
-2.069578919817827156e-01
-2.045735206527616867e-01
-2.043870972507448869e-01
-2.015191319800031522e-01
-2.060349941070711566e-01
-2.045146830424959816e-01
-2.017616737930429949e-01
-2.020643166975233385e-01
-2.020109895026651614e-01
-2.022320786564568706e-01
-2.061352390581623339e-01
-2.065663325829829589e-01
-2.021520456432117641e-01
-2.032718811163602979e-01
-2.022864745198003078e-01
-2.051091560038269535e-01
-2.073964330350053231e-01
-2.025837282947673401e-01
-2.035884618053982464e-01
-2.060417300057597600e-01
-2.045211512472508986e-01
-2.025474368744335507e-01
-2.055577875803917820e-01
-2.056336373991234368e-01
-2.057250069284286553e-01
-2.065472578471831966e-01
-2.066312883912768683e-01
-2.043193599347041811e-01
-2.029070629313176610e-01
-2.047460624662145179e-01
-1.979608865742905621e-01
-1.985313952915452873e-01
-2.030593707709620332e-01
-2.043079666609806111e-01
-2.040236811272739814e-01
-2.036674150856319088e-01
-2.036680156381773799e-01
-2.026119195525772909e-01
-1.986368023288491713e-01
-2.039953562535092857e-01
-2.032767487902349401e-01
-2.034166190879957981e-01
-2.046025396366566440e-01
-2.029340657789635571e-01
-2.030465905076264121e-01
-2.032010230957288499e-01
-2.040721258146014350e-01
-2.042827394518171857e-01
-2.046123914139643674e-01
-2.044831392486745614e-01
-2.074382547493183182e-01
-2.005165991541888459e-01
-2.022678594506244210e-01
-2.018475128671601837e-01
-2.027383714942061488e-01
-1.989500264999763957e-01
-2.025144145518860128e-01
-2.028072441592669861e-01
-2.033279080236809477e-01
-2.018599021407654348e-01
-2.034160349274962698e-01
-2.011787955357533519e-01
-2.017571160080313675e-01
-1.987683243250000231e-01
-1.981772350361250545e-01
-1.989051587972694435e-01
-1.975500555567464289e-01
-1.974848767654737713e-01
-2.000903633786430547e-01
-2.058938423364846670e-01
-2.026301883212529020e-01
-2.003424227333505669e-01
-1.972191554456399487e-01
-1.999328513286666720e-01
-2.031346204316815118e-01
-2.032242455414827731e-01
-2.001485929966504429e-01
-1.999533111792475282e-01
-1.995228237412263184e-01
-2.023882102182286147e-01
-2.004446602378129327e-01
-1.999031927072119075e-01
-1.999148128101406741e-01
-2.011276065677982672e-01
-1.983944875516563400e-01
-2.046290059982682763e-01
-2.039817928995351082e-01
-2.022742273012738679e-01
-2.040475938718966376e-01
-2.025727371670624777e-01
-1.969577333358394355e-01
-1.958338443342517721e-01
-1.981951665255827777e-01
-1.998125171802325184e-01
-1.969335183640668063e-01
-2.015422310602907885e-01
-2.006975100694559089e-01
-2.009672590212892018e-01
-2.012079613532957723e-01
-1.945549863428830406e-01
-2.001345817722270937e-01
-2.001061587635240002e-01
-1.982565653295260688e-01
-1.990790088695950644e-01
-2.014554948821629665e-01
-2.010519473927807610e-01
-2.015371673852346390e-01
-1.992855077059729751e-01
-1.979572302272245565e-01
-1.984036832721400856e-01
-1.948688758704451018e-01
-1.916254592663637624e-01
-1.968176598584863157e-01
-1.998857644470062311e-01
-2.014807019827173917e-01
-2.007778611451502826e-01
-1.999572700339653508e-01
-2.013597560804507580e-01
-2.013479768085106869e-01
-2.024045116716735038e-01
-1.992315041728032199e-01
-1.994402336734504289e-01
-1.987605340367313289e-01
-1.955042731567280256e-01
-1.997780562941811056e-01
-1.996008772407442677e-01
-1.972309447586626519e-01
-1.995073854645683653e-01
-1.985090690036770411e-01
-2.016887686358472820e-01
-2.013626012941642784e-01
-1.986925805871289086e-01
-1.991481337438978372e-01
-2.019534570423155984e-01
-1.988981457296992161e-01
-2.003126956095266920e-01
-1.996212601732416658e-01
-1.993898460546237317e-01
-2.014092279651613637e-01
-2.014799915650886675e-01
-2.013378136280943309e-01
-2.024747626573404347e-01
-2.002785616230617904e-01
-1.997358881235831163e-01
-2.005090437354102306e-01
-1.970446594698795906e-01
-1.996594021364259675e-01
-1.978074948551089562e-01
-1.959775939947121515e-01
-1.986270679629207336e-01
-1.980681056200399581e-01
-1.950003839699609998e-01
-2.027234669300685965e-01
-2.030164888573784410e-01
-2.030275691707137398e-01
-1.990491822013860101e-01
-1.990124520369231931e-01
-1.995529166445502156e-01
-1.992621458524190814e-01
-1.997129025368327149e-01
-1.965857059124367368e-01
-1.963809402792477954e-01
-1.977069576560532838e-01
-1.980869726980198919e-01
-1.990890464159855711e-01
-1.987412144607159092e-01
-2.002900156680773591e-01
-1.957088965300011196e-01
-1.938755232500684045e-01
-1.971218420912039804e-01
-1.997786469447477842e-01
-2.023757573291247169e-01
-2.045268541939009310e-01
-2.017084715192822841e-01
-2.009754179098237614e-01
-1.996439333913775371e-01
-1.966669051632861098e-01
-1.967807779936192603e-01
-2.002207803617039872e-01
-2.002608700877095416e-01
-2.013227521396361297e-01
-2.020347384681153713e-01
-2.003847165346339665e-01
-1.990730282596642198e-01
-2.016137327770008980e-01
-2.017782224744220088e-01
-2.008270641508085319e-01
-1.979633809755689811e-01
-1.955226531346516694e-01
-1.939673383032607390e-01
-1.968365943435008703e-01
-1.999906944067681991e-01
-1.991602757436741200e-01
-1.970061516466392604e-01
-1.979651856671926780e-01
-1.993895246121715203e-01
-1.992022379776186014e-01
-1.988032479505790207e-01
-1.963321779343676354e-01
-1.979004803486326125e-01
-1.979775408469457432e-01
-1.969224971695684445e-01
-1.980123012806656035e-01
-1.938105531321925312e-01
-1.975127565057208656e-01
-1.986475559238964905e-01
-1.980174038786497448e-01
-1.960318361438257995e-01
-1.911845841140227265e-01
-1.969421904047186089e-01
-1.963492079080353392e-01
-1.965584736056165127e-01
-1.934706700844541771e-01
-1.983491274857245301e-01
-1.954713030976931165e-01
-1.945056689409101480e-01
-1.987244228124316336e-01
-1.993942119764380294e-01
-2.000343650053650890e-01
-1.986513303415646803e-01
-1.980059748482485560e-01
-1.991156815032528726e-01
-1.979328707819938415e-01
-1.968594810333934575e-01
-1.962149607250776029e-01
-1.967039157868173405e-01
-1.989222881837440227e-01
-1.976187641443267751e-01
-1.982997518318034835e-01
-1.984027348246968359e-01
-1.994809189664401572e-01
-1.961293445372911393e-01
-1.981998164741680668e-01
-1.998613158075768226e-01
-1.978507738346690914e-01
-1.988381957990288385e-01
-1.989697720702068295e-01
-1.991701349603065552e-01
-2.014232268909541546e-01
-1.997800560273423898e-01
-2.050188081618875557e-01
-2.011943115279217764e-01
-2.013414678410985204e-01
-2.009901792077881666e-01
-1.993145603420272138e-01
-1.977648156054403472e-01
-1.929412854830845347e-01
-1.996428061632471440e-01
-1.987039005452500007e-01
-2.013710930400360866e-01
-1.965981296450847182e-01
-1.975714301698898723e-01
-1.951269161759761062e-01
-2.013969833125575093e-01
-1.994710029809496632e-01
-1.952285118714334189e-01
-1.991103960343707513e-01
-1.986625524474465720e-01
-1.950108130696985853e-01
-1.934600548681792986e-01
-1.962534988326254393e-01
-1.961611993899996520e-01
-1.971160912916536390e-01
-1.959287842203183416e-01
-1.942803926889657973e-01
-1.956264789537716098e-01
-1.969838016989289287e-01
-1.985961757679168826e-01
-1.993386043335672042e-01
-1.986353090259305176e-01
-1.977593432844804155e-01
-1.958254216898485112e-01
-2.008880358314950598e-01
-2.023233599247449277e-01
-2.000937692195075002e-01
-1.962305871476788255e-01
-1.957748305363038455e-01
-1.956984242578441169e-01
-1.934197205448651147e-01
-1.946051906502059836e-01
-1.966402023677682465e-01
-1.919724571299568083e-01
-1.930495792338167149e-01
-1.916157867571097739e-01
-1.967970141580890342e-01
-1.979942127057050527e-01
-1.972215626256197396e-01
-1.983101703574288166e-01
-1.941015510097443553e-01
-1.976764940693271910e-01
-1.950218306615845165e-01
-1.918592445176106054e-01
-1.905520824030046967e-01
-1.923515317128003943e-01
-1.920425058979153832e-01
-1.968113090358620809e-01
-1.923814702788773090e-01
-1.961714749827043747e-01
-1.940535452366258795e-01
-1.957810786592091290e-01
-1.971789539355519594e-01
-1.954902110817888783e-01
-1.935952015802833159e-01
-1.910209706581680322e-01
-1.935807079427478428e-01
-1.938014854058422998e-01
-1.972234929915028800e-01
-1.985790317923958881e-01
-1.962323496185831573e-01
-1.900023795196350562e-01
-1.971071544410145648e-01
-1.960682346483668681e-01
-1.929213861410445929e-01
-1.937185545833068900e-01
-1.975120669366372539e-01
-1.965187503843122130e-01
-1.982949559650410976e-01
-1.996505260933485459e-01
-1.967175515271737396e-01
-1.961428959512367953e-01
-1.946214336193392569e-01
-1.953770012358138075e-01
-1.948668938092374958e-01
-1.967824910381050785e-01
-1.901623373208938261e-01
-1.895444169110938049e-01
-1.949487617811431761e-01
-1.918523270471297337e-01
-1.915224189485211781e-01
-1.978671416665669369e-01
-1.908288134897411226e-01
-1.925167628243240614e-01
-1.937978968826161719e-01
-1.934835604219227179e-01
-1.935617864019842926e-01
-1.938165190775791302e-01
-1.956845466148049439e-01
-1.964575105536763289e-01
-1.974608674696831656e-01
-1.947142967107744482e-01
-1.948809440894887501e-01
-1.944867713792550745e-01
-1.920293112924102985e-01
-1.930905780873573008e-01
-1.939917108570021753e-01
-1.956637204243438788e-01
-1.959513036454616497e-01
-1.975169657300330783e-01
-1.926298218620967617e-01
-1.952927212225148423e-01
-1.964943397124940816e-01
-1.920848028586252809e-01
-1.900823202193215877e-01
-1.925766070832395371e-01
-1.930500908797903037e-01
-1.941650055350994108e-01
-1.930157956743485670e-01
-1.920006096045678845e-01
-1.948917663141749301e-01
-1.905481601599117170e-01
-1.899946948880426589e-01
-1.876070836734342606e-01
-1.922338292434844220e-01
-1.923175035173336767e-01
-1.889572196053137532e-01
-1.886598586957628498e-01
-1.923199501438279668e-01
-1.916111060510630182e-01
-1.909495746167291230e-01
-1.915636134480642738e-01
-1.911781917214252502e-01
-1.910583955427913594e-01
-1.900138162297508870e-01
-1.926360105999673777e-01
-1.890675347554537922e-01
-1.908085722501891013e-01
-1.879481288280384632e-01
-1.881113959999272112e-01
-1.883689315742334003e-01
-1.901174099017346464e-01
-1.889817423134552143e-01
-1.888719664439975077e-01
-1.869296561318822825e-01
-1.913759336067695216e-01
-1.911942369391113061e-01
-1.893467224063911658e-01
-1.909657239560935693e-01
-1.895312000739366454e-01
-1.899706535760543602e-01
-1.901985323237713743e-01
-1.909538614589525451e-01
-1.918571914727014160e-01
-1.953761388513548525e-01
-1.933278592751506153e-01
-1.934672635007270713e-01
-1.916177129265044243e-01
-1.921295920470384999e-01
-1.901762599962761868e-01
-1.905135742606827165e-01
-1.880703811342741005e-01
-1.904106956231093051e-01
-1.909932469842097191e-01
-1.896999940864301237e-01
-1.900615199425406132e-01
-1.886462971498534813e-01
-1.897963250746972363e-01
-1.898655954112218325e-01
-1.875095118043663689e-01
-1.888192603168636907e-01
-1.898933565735525519e-01
-1.916091324442259491e-01
-1.899934660842585998e-01
-1.890686733262754160e-01
-1.877347877630182182e-01
-1.865901470709996346e-01
-1.878096872100787351e-01
-1.875448946077771240e-01
-1.906688252118566851e-01
-1.905304429103455988e-01
-1.891314176949858705e-01
-1.891543019206860521e-01
-1.883506958006595511e-01
-1.853852564161613259e-01
-1.879545055349129967e-01
-1.858991721267742037e-01
-1.893183319815232579e-01
-1.910559418598847259e-01
-1.905566671340732654e-01
-1.900626512298693171e-01
-1.895861073859350654e-01
-1.914289419908818957e-01
-1.904560928566514377e-01
-1.900886114496600499e-01
-1.913919565967301395e-01
-1.889322207556691779e-01
-1.889947901912449879e-01
-1.867069400082961295e-01
-1.868884570091964292e-01
-1.887325004965738628e-01
-1.872457025177070022e-01
-1.886617137494965846e-01
-1.882943184904597445e-01
-1.887510309595725744e-01
-1.911942952370040416e-01
-1.908798643596210098e-01
-1.928199686536764546e-01
-1.919108958991930791e-01
-1.874462302027790628e-01
-1.852421003225028784e-01
-1.915015949675265006e-01
-1.877784139295730625e-01
-1.895625686743294125e-01
-1.916055435171610810e-01
-1.884470098707780039e-01
-1.897925465856165061e-01
-1.867338633991337815e-01
-1.890462119073248459e-01
-1.888955221542847340e-01
-1.874697668992943989e-01
-1.885801650561251819e-01
-1.894325206084541691e-01
-1.856745387915541556e-01
-1.879834119098742207e-01
-1.849879870175534791e-01
-1.816206328875793474e-01
-1.846391790820671730e-01
-1.865050698259960171e-01
-1.871061150100832293e-01
-1.879236912301056606e-01
-1.855254429971466834e-01
-1.882101924233463563e-01
-1.894173144386535057e-01
-1.866696014036470785e-01
-1.885513853341240775e-01
-1.859993844512626282e-01
-1.879272304913914837e-01
-1.901109475236602009e-01
-1.907867073909148559e-01
-1.903730639447385187e-01
-1.897259175506817996e-01
-1.883749474051690243e-01
-1.902650096077955766e-01
-1.872408866360029123e-01
-1.884197710869557341e-01
-1.860129606975231553e-01
-1.883824304930215021e-01
-1.885383942966338822e-01
-1.901463846603235197e-01
-1.900171682458253741e-01
-1.870051232001337382e-01
-1.846928092988857628e-01
-1.878190523404015266e-01
-1.868640718311098681e-01
-1.838191995451836647e-01
-1.891524755249420764e-01
-1.889439465139890473e-01
-1.874510423109470025e-01
-1.818464320449368898e-01
-1.837009353411005463e-01
-1.844362187008083964e-01
-1.785404577412883498e-01
-1.878342084137649692e-01
-1.870641343174614946e-01
-1.875559291086599245e-01
-1.854298637671547567e-01
-1.840905551260654249e-01
-1.890530573741067144e-01
-1.833587046045490609e-01
-1.839397218884055718e-01
-1.863539728138654539e-01
-1.859113178163447344e-01
-1.855465371780784523e-01
-1.852845886788188068e-01
-1.833737697033814840e-01
-1.874192349453380757e-01
-1.861705606911225885e-01
-1.858151412258148838e-01
-1.831672569924496230e-01
-1.834083629636733548e-01
-1.864086129149704618e-01
-1.870369256052857310e-01
-1.856984540641253290e-01
-1.824256517710356462e-01
-1.824640824675096695e-01
-1.848386751195114641e-01
-1.848941594539557087e-01
-1.838817841100581774e-01
-1.836198620475730792e-01
-1.848851881730375624e-01
-1.853804488777139881e-01
-1.815864632582204763e-01
-1.821688513387105246e-01
-1.884304183911922337e-01
-1.854651407579286371e-01
-1.857231014926608026e-01
-1.828285427601965552e-01
-1.848290139346815408e-01
-1.843422521835496042e-01
-1.844879105656573870e-01
-1.826044167067610857e-01
-1.802272958170032524e-01
-1.832257042125728930e-01
-1.813545757976342543e-01
-1.866504553096159924e-01
-1.856972831647922817e-01
-1.872934411163615920e-01
-1.865990534284289737e-01
-1.871508079675656688e-01
-1.874166422401266630e-01
-1.864981943951686816e-01
-1.888453267941478941e-01
-1.837304764698615145e-01
-1.880328781324962506e-01
-1.857100096345920548e-01
-1.869370452146927875e-01
-1.836604292067800515e-01
-1.813530544616330786e-01
-1.859396939183408648e-01
-1.849777542373409744e-01
-1.854904706571698370e-01
-1.858394084298815585e-01
-1.878904893502184592e-01
-1.820070430413203155e-01
-1.849687532170243287e-01
-1.854883567600165151e-01
-1.874450845289281631e-01
-1.846049381344236906e-01
-1.891656995946782160e-01
-1.877286639715300964e-01
-1.864511058541697963e-01
-1.872900543441620158e-01
-1.859326435591572846e-01
-1.864714243164868890e-01
-1.853262214011941467e-01
-1.864800652871192455e-01
-1.880202609574492811e-01
-1.877147138151915584e-01
-1.859540197001887663e-01
-1.839937093952563885e-01
-1.851613641910230257e-01
-1.845806430871679282e-01
-1.846086117765679546e-01
-1.842749923458573136e-01
-1.828632121250972631e-01
-1.878764343158536576e-01
-1.830470909086816533e-01
-1.836880132429268286e-01
-1.843210589543780031e-01
-1.855293826569024418e-01
-1.819366843714647075e-01
-1.845102933409581425e-01
-1.826515937516912658e-01
-1.838769371511386197e-01
-1.853439179692042416e-01
-1.829420287125049782e-01
-1.863289852078509057e-01
-1.848174210840216602e-01
-1.840690687322954489e-01
-1.828748365650181285e-01
-1.805932979183797471e-01
-1.796587714374826561e-01
-1.802017016339600985e-01
-1.819291113808301219e-01
-1.810197414529284288e-01
-1.861988409372514752e-01
-1.865436656425263351e-01
-1.835210621742344728e-01
-1.867926541347255665e-01
-1.858411810715345780e-01
-1.864498078933287672e-01
-1.822734898061870723e-01
-1.864012148026343851e-01
-1.822401600546417200e-01
-1.822559242467391982e-01
-1.825338549831840851e-01
-1.880912656404216676e-01
-1.867940987089298233e-01
-1.839808802403037902e-01
-1.853582044616732816e-01
-1.860068880422645066e-01
-1.866241828946648695e-01
-1.873250817745830687e-01
-1.850368272428255523e-01
-1.841703679368276170e-01
-1.871056499813850138e-01
-1.838214821814201372e-01
-1.847428534271848832e-01
-1.829972295710700081e-01
-1.848802846269723688e-01
-1.873438867189385348e-01
-1.865926697713753413e-01
-1.868263315997982232e-01
-1.867693130534622270e-01
-1.823757222448012527e-01
-1.839791855940333676e-01
-1.839167191774340182e-01
-1.819106937551229208e-01
-1.853253562610657212e-01
-1.859668755362235970e-01
-1.865056706277314902e-01
-1.853885624659543652e-01
-1.892518133963534410e-01
-1.865218247620159531e-01
-1.865759995707936270e-01
-1.837972363196822556e-01
-1.836177996002454904e-01
-1.852371319021397511e-01
-1.864303488244321017e-01
-1.852657824587389257e-01
-1.846538524903174050e-01
-1.861688450949721130e-01
-1.824534121272964882e-01
-1.849749759453231945e-01
-1.832752898417862042e-01
-1.836167797975747362e-01
-1.851711454014264291e-01
-1.812581466415377207e-01
-1.848461967596612965e-01
-1.776229781334670577e-01
-1.794880853680211885e-01
-1.829491222873294021e-01
-1.826083355361980409e-01
-1.842002168130481010e-01
-1.814960583626703539e-01
-1.850979447756699869e-01
-1.805600185809392855e-01
-1.833157209313380775e-01
-1.859295094124036041e-01
-1.833434957837418722e-01
-1.823685131560157657e-01
-1.860316658787102284e-01
-1.793887374960547731e-01
-1.814208318345098547e-01
-1.865667234556234177e-01
-1.852235079933173267e-01
-1.872082841584354895e-01
-1.840530813738414651e-01
-1.850354224363961464e-01
-1.853192468442070862e-01
-1.827821666327835715e-01
-1.810767863883260276e-01
-1.824986589315003016e-01
-1.828795049813241036e-01
-1.865788997582260578e-01
-1.803868033902951140e-01
-1.797569349860683730e-01
-1.800676079920844330e-01
-1.805718794073971623e-01
-1.828465073365137528e-01
-1.832233199956796454e-01
-1.843134252697247177e-01
-1.843002854498667631e-01
-1.816296083833197628e-01
-1.832859459043980621e-01
-1.841019202939335742e-01
-1.806506923996789027e-01
-1.846842197514231287e-01
-1.844612644880534447e-01
-1.829330207360744254e-01
-1.832957980475864446e-01
-1.835798057212905121e-01
-1.849432233558943039e-01
-1.853197914725388529e-01
-1.853448771330210576e-01
-1.820479213244805550e-01
-1.829268974908959677e-01
-1.801619551207078729e-01
-1.804695695549973777e-01
-1.752305181164075520e-01
-1.782787732745116926e-01
-1.825696374946748080e-01
-1.811648875527680502e-01
-1.808145494204005388e-01
-1.839709169018099999e-01
-1.799452327993336098e-01
-1.844484265549297675e-01
-1.832295866854902755e-01
-1.831186836411724528e-01
-1.799922584029154393e-01
-1.787561073317522897e-01
-1.809937729224220249e-01
-1.791184322151195829e-01
-1.794552396100321801e-01
-1.815505154553296308e-01
-1.788977649445815388e-01
-1.788643250694814668e-01
-1.830039199000346173e-01
-1.792970274480012449e-01
-1.813336791431030548e-01
-1.844850427347104471e-01
-1.852323095793479979e-01
-1.822530227139065317e-01
-1.825503178530833992e-01
-1.802411624378770227e-01
-1.806484241757111420e-01
-1.811976562430643867e-01
-1.849861921893385386e-01
-1.831382272309109993e-01
-1.831145453746678697e-01
-1.780205099395733015e-01
-1.800422296981913917e-01
-1.798674742021368900e-01
-1.772175554566963740e-01
-1.777489882927572040e-01
-1.825195656355607099e-01
-1.834506789150491812e-01
-1.778812824587010510e-01
-1.822979788855079164e-01
-1.799574682776814427e-01
-1.817812074145859214e-01
-1.838450581419213137e-01
-1.792334051443447152e-01
-1.821275945180680367e-01
-1.781552715340648518e-01
-1.823472490281119462e-01
-1.826231569728147264e-01
-1.855406054445651876e-01
-1.805304189061125442e-01
-1.789960960631695741e-01
-1.815326851074328118e-01
-1.806830441833042755e-01
-1.831339938503653286e-01
-1.805453623669972529e-01
-1.838507408041021307e-01
-1.825953319086579540e-01
-1.829067273864470877e-01
-1.827911958409575988e-01
-1.832256953817257283e-01
-1.846675238904165184e-01
-1.761864760051334855e-01
-1.792021435585553490e-01
-1.843345938582956478e-01
-1.819638182372322888e-01
-1.830309636451303845e-01
-1.830230743174983132e-01
-1.834711444034802241e-01
-1.808692965060298974e-01
-1.809421206393562187e-01
-1.823035266063790516e-01
-1.831589179489689911e-01
-1.801318251187318253e-01
-1.837379119642008618e-01
-1.798598792536356683e-01
-1.834688324261968262e-01
-1.820108478321422751e-01
-1.844912553550202006e-01
-1.839089134024600725e-01
-1.849335679815542477e-01
-1.819351274481810776e-01
-1.827203593180808383e-01
-1.807490463820009552e-01
-1.843910368629941843e-01
-1.845291836373998962e-01
-1.816630309271616284e-01
-1.806693739885378847e-01
-1.844316828658900675e-01
-1.827010965281612442e-01
-1.834692158084809677e-01
-1.789591494984303921e-01
-1.836757990281974173e-01
-1.829176277006290263e-01
-1.822011721092682279e-01
-1.776126768499928232e-01
-1.793831062449733338e-01
-1.815208623210402550e-01
-1.817027218553910473e-01
-1.778281911722423558e-01
-1.797845852279138512e-01
-1.797739385530565670e-01
-1.803776007205204479e-01
-1.808779674842799778e-01
-1.826367073212242786e-01
-1.818394251942319073e-01
-1.827009858362931283e-01
-1.805751623021585317e-01
-1.825984074314455086e-01
-1.788881195918783362e-01
-1.795242087454091973e-01
-1.792007174745542386e-01
-1.814999844146409913e-01
-1.754919650260493569e-01
-1.773201170126892379e-01
-1.775661795882417238e-01
-1.777400956319148406e-01
-1.811258534924551356e-01
-1.815123744074629286e-01
-1.787616621880836476e-01
-1.808730433728076292e-01
-1.791288505356867233e-01
-1.843422919540369520e-01
-1.811131032456483325e-01
-1.831981476843989043e-01
-1.790436167361271202e-01
-1.804103135629322452e-01
-1.801671559718034388e-01
-1.822770202685592977e-01
-1.820484713601402404e-01
-1.796725599108182081e-01
-1.812205561676396570e-01
-1.818016224515428547e-01
-1.801249101219788429e-01
-1.777333896565682636e-01
-1.796273286614589182e-01
-1.769287735518112470e-01
-1.798137176980780794e-01
-1.841679876523230064e-01
-1.793899155468228201e-01
-1.815938431764596572e-01
-1.841564849234025303e-01
-1.785841565746135728e-01
-1.825542357612732758e-01
-1.857572572345631556e-01
-1.875980635264671292e-01
-1.817534214271923076e-01
-1.845875666176830521e-01
-1.838530021354074506e-01
-1.813073279095593904e-01
-1.862130004835638175e-01
-1.833358376280180835e-01
-1.824987827488993020e-01
-1.841341529424642687e-01
-1.817510137037938733e-01
-1.849930037869729205e-01
-1.828669397640680927e-01
-1.816926649006127548e-01
-1.778490108147146032e-01
-1.827360164155127364e-01
-1.809334741437567118e-01
-1.796757768779357889e-01
-1.816418700965698463e-01
-1.823367863612723738e-01
-1.809858313642713767e-01
-1.808187437490360594e-01
-1.852259852931563699e-01
-1.786213357879127273e-01
-1.797439678179557632e-01
-1.784334874709578855e-01
-1.776839975768744750e-01
-1.808183640490454991e-01
-1.802219702629841436e-01
-1.822573942359522192e-01
-1.772235358435825248e-01
-1.805243356694425927e-01
-1.835382994896335163e-01
-1.807949793558805140e-01
-1.828583206793741311e-01
-1.825740643439903721e-01
-1.844921224851372443e-01
-1.813189993191439697e-01
-1.820887874890644298e-01
-1.814992246588840175e-01
-1.824476268460433204e-01
-1.800577576992576923e-01
-1.792139994408650239e-01
-1.831547454752158188e-01
-1.833246173239224674e-01
-1.829607991055173244e-01
-1.837532708780518220e-01
-1.831495860511154206e-01
-1.804453910417045392e-01
-1.841448304410349124e-01
-1.804741211818878810e-01
-1.796590243929880870e-01
-1.836714386011522038e-01
-1.837248744782460363e-01
-1.814442011507928498e-01
-1.822848220903807714e-01
-1.811171710552752501e-01
-1.813771546234068666e-01
-1.784566787699581880e-01
-1.826635849419879776e-01
-1.830288687146914839e-01
-1.825245987831145555e-01
-1.824230398322921332e-01
-1.805230386181460034e-01
-1.813322485204107437e-01
-1.828564302213901982e-01
-1.798557258025592631e-01
-1.837743374116502793e-01
-1.840309337771639520e-01
-1.856202629106942226e-01
-1.846040615722248646e-01
-1.816946078637169393e-01
-1.798516708954434051e-01
-1.821389965192246052e-01
-1.850121918150016143e-01
-1.840717933462272526e-01
-1.847990581395730914e-01
-1.826141473813613914e-01
-1.820724497573174006e-01
-1.838713383037635651e-01
-1.838188971211156542e-01
-1.837418140030191438e-01
-1.854074308879791744e-01
-1.869853758901136587e-01
-1.862049620776407011e-01
-1.868718112996425873e-01
-1.834759595137711585e-01
-1.850709470027833703e-01
-1.823163222673827022e-01
-1.836826150509054401e-01
-1.840913745687604575e-01
-1.844825014336830549e-01
-1.833670439098469274e-01
-1.847725653993261830e-01
-1.798053886402186663e-01
-1.814340330633239518e-01
-1.820363929499926314e-01
-1.798665582465570623e-01
-1.796299676366430731e-01
-1.780708294703483574e-01
-1.775664915508290420e-01
-1.804755294667899079e-01
-1.824614274611846554e-01
-1.807502953474582341e-01
-1.821592233200988176e-01
-1.812866293574799670e-01
-1.815911406397727745e-01
-1.802155940560741243e-01
-1.810856896408150618e-01
-1.805934070436947536e-01
-1.815968648696788534e-01
-1.877091067464196072e-01
-1.825026907416695821e-01
-1.834124571744659704e-01
-1.857196683258077741e-01
-1.836355098067876668e-01
-1.855634686037888059e-01
-1.870229514599124343e-01
-1.845288171077115180e-01
-1.830500829406798147e-01
-1.808313140471344838e-01
-1.792188716792875169e-01
-1.789539142390559334e-01
-1.779804396135293842e-01
-1.808965558652833039e-01
-1.826168190647994294e-01
-1.811433699474083170e-01
-1.814916056063768934e-01
-1.820420492458669770e-01
-1.860362928028393981e-01
-1.793916072538692674e-01
-1.846788856727812345e-01
-1.849491014436814851e-01
-1.830416042596514359e-01
-1.836751758220511732e-01
-1.853999641404264764e-01
-1.841824156970961468e-01
-1.842655564183939276e-01
-1.846516299492364510e-01
-1.845381909398948750e-01
-1.822208477666453774e-01
-1.834396268525004814e-01
-1.847628573645057060e-01
-1.850283541846717839e-01
-1.864116454716686633e-01
-1.847323216992435846e-01
-1.846364578246966204e-01
-1.832224009740048842e-01
-1.814629137736343267e-01
-1.848035246820280975e-01
-1.831670140971262128e-01
-1.830035972581498527e-01
-1.828821765749104600e-01
-1.832622238413215143e-01
-1.828731627702104845e-01
-1.819339955702705680e-01
-1.804230116831302411e-01
-1.819327664055290228e-01
-1.790380758754661628e-01
-1.800633703047402889e-01
-1.811175390857187040e-01
-1.805739155504468840e-01
-1.819766797491624288e-01
-1.810499821083713101e-01
-1.804454978556506717e-01
-1.806424833919422213e-01
-1.810134320366021399e-01
-1.801514805886093029e-01
-1.810244765135458067e-01
-1.820469273909193220e-01
-1.813120172273876562e-01
-1.840351947924627751e-01
-1.831316566827521086e-01
-1.831903026417389668e-01
-1.813281756067528505e-01
-1.837728443463202410e-01
-1.813884608597096104e-01
-1.791454540509125337e-01
-1.789244275104291404e-01
-1.796790072720302334e-01
-1.799392067689211672e-01
-1.795426909751594025e-01
-1.808536370343407640e-01
-1.847670748771239602e-01
-1.814999211290686532e-01
-1.811809737472440673e-01
-1.822432006444323349e-01
-1.834886812850182736e-01
-1.844745130748730588e-01
-1.828015674167957627e-01
-1.834446027458671580e-01
-1.839196777483227407e-01
-1.839239993614505408e-01
-1.840461034514291327e-01
-1.853877067536515710e-01
-1.835277730690645370e-01
-1.830394819578273768e-01
-1.803749331389923327e-01
-1.814660238155738625e-01
-1.824634782994127846e-01
-1.816136103645291655e-01
-1.787803219778307806e-01
-1.828160402348473212e-01
-1.849015729595926416e-01
-1.841451963307338957e-01
-1.841908597835661965e-01
-1.832109420850684955e-01
-1.832685961336935065e-01
-1.831471817612992936e-01
-1.833374043518176677e-01
-1.837423462239726746e-01
-1.846290618690815677e-01
-1.861788898805922798e-01
-1.838394884775418348e-01
-1.833476967690046422e-01
-1.851812277692914677e-01
-1.856978007621012949e-01
-1.849215048105516956e-01
-1.858533400777826472e-01
-1.874289359578096281e-01
-1.818455133758689612e-01
-1.831423100396349923e-01
-1.842883109579531720e-01
-1.821265862580219164e-01
-1.838173512617959915e-01
-1.845572719497816649e-01
-1.829695635093600004e-01
-1.817170180470473184e-01
-1.819784323128281756e-01
-1.835898531876267725e-01
-1.850611476569223868e-01
-1.841307029656338301e-01
-1.832101891988848763e-01
-1.808951376815919332e-01
-1.806654498742190640e-01
-1.811116105070915694e-01
-1.799471811698101220e-01
-1.809057648174885458e-01
-1.821761305356304206e-01
-1.838820912515544137e-01
-1.800878681062076936e-01
-1.800093671370674997e-01
-1.798632497210199688e-01
-1.810920188431364153e-01
-1.796704276892384655e-01
-1.793201069895129507e-01
-1.803837156319740842e-01
-1.816322525917382080e-01
-1.802321363100229945e-01
-1.804764681790622660e-01
-1.802290084182924801e-01
-1.797679997222019210e-01
-1.812386073087850491e-01
-1.814524896582305757e-01
-1.814082403870269644e-01
-1.821910255431244963e-01
-1.827688890401883981e-01
-1.820456466719075905e-01
-1.811147827984935788e-01
-1.827434862666894588e-01
-1.828147370098918145e-01
-1.819175623163040711e-01
-1.793722679053324498e-01
-1.791157393242936990e-01
-1.796013603041899387e-01
-1.797394739580600032e-01
-1.801945402728470924e-01
-1.814906050889799616e-01
-1.801849809514859402e-01
-1.804226650939675380e-01
-1.802146588164479368e-01
-1.812264115310071588e-01
-1.807375218939490935e-01
-1.802452133561516234e-01
-1.842920152130584910e-01
-1.820334762937481088e-01
-1.812040989706726890e-01
-1.803032790444802913e-01
-1.808320458541654574e-01
-1.800549299903213551e-01
-1.803553951570862068e-01
-1.818941803648925770e-01
-1.810422618827303154e-01
-1.809538173280564877e-01
-1.821608932691365368e-01
-1.808796744050287231e-01
-1.809342513671037267e-01
-1.809341035562184175e-01
-1.821088098269907363e-01
-1.817259992573863059e-01
-1.822307512232086424e-01
-1.811998341228040488e-01
-1.804528024931233432e-01
-1.785894603488031862e-01
-1.777556491312033415e-01
-1.805227913603086876e-01
-1.811870137722415564e-01
-1.810528897866028331e-01
-1.838326647871362240e-01
-1.836173883082015124e-01
-1.829094438190406180e-01
-1.832445083199445435e-01
-1.822319434706667352e-01
-1.819530489266831808e-01
-1.809752956517982625e-01
-1.817215231354207816e-01
-1.812890209458082325e-01
-1.803228499995448431e-01
-1.797460091717777431e-01
-1.812571139584662205e-01
-1.778290608376114079e-01
-1.797129333469094092e-01
-1.809624470214075131e-01
-1.790026804687165907e-01
-1.809848642890266035e-01
-1.809439047896539421e-01
-1.823662599874129597e-01
-1.817805472217024487e-01
-1.778919056672823018e-01
-1.788906914981751584e-01
-1.804996978031123689e-01
-1.805752209178628220e-01
-1.807530915096435820e-01
-1.805001748867240963e-01
-1.827146862135897720e-01
-1.825908732972187920e-01
-1.823149711543123885e-01
-1.823743660470658057e-01
-1.828438470961462059e-01
-1.825774162706199633e-01
-1.818801682067174852e-01
-1.819011045843428320e-01
-1.811232872815473627e-01
-1.797383938414132132e-01
-1.806154303238614034e-01
-1.779759892534098498e-01
-1.782420000550999362e-01
-1.790986221513524157e-01
-1.780928915104826871e-01
-1.791778531435515021e-01
-1.801323142319688486e-01
-1.794563237374049436e-01
-1.804356072575927783e-01
-1.801405599644123612e-01
-1.819067871094226518e-01
-1.804951598578288241e-01
-1.785842513656277220e-01
-1.792072464798106779e-01
-1.807342066413237802e-01
-1.811701772654856768e-01
-1.788378820886098453e-01
-1.783454264367261288e-01
-1.791512208659344907e-01
-1.796383760100273008e-01
-1.801111580270085000e-01
-1.796589867993514389e-01
-1.786165265178745187e-01
-1.787229433265409284e-01
-1.790971310352702517e-01
-1.807171337387138976e-01
-1.808769700301624539e-01
-1.807097379241433543e-01
-1.817194445901169075e-01
-1.832827652643427285e-01
-1.835739680688028841e-01
-1.839965242831222980e-01
-1.816777654355536953e-01
-1.801656989072881743e-01
-1.794036121704962738e-01
-1.805487285055011881e-01
-1.795192589688969775e-01
-1.812687396840235721e-01
-1.795203645220908584e-01
-1.807107928721620738e-01
-1.812101954767513234e-01
-1.806866834039908554e-01
-1.792003942133124639e-01
-1.786891490048585496e-01
-1.784435596102547095e-01
-1.774744585987146905e-01
-1.795311387913596235e-01
-1.789504759112023891e-01
-1.794757658606354056e-01
-1.803412775799504431e-01
-1.785853142532189963e-01
-1.802339146874949449e-01
-1.782684512121388565e-01
-1.803100348137469666e-01
-1.809581048372983503e-01
-1.801702916360401474e-01
-1.808647192734404996e-01
-1.816289009020284340e-01
-1.814719922280119135e-01
-1.817260141005050400e-01
-1.826584535312711921e-01
-1.808489445302665644e-01
-1.804619455797897842e-01
-1.806662367103264444e-01
-1.819885378671131093e-01
-1.819308300495343644e-01
-1.823795051083116903e-01
-1.821217069660452381e-01
-1.798905966688302271e-01
-1.807840391398123359e-01
-1.804964583434287562e-01
-1.801759139714231850e-01
-1.809171837095426838e-01
-1.793336860284870937e-01
-1.805044601875387400e-01
-1.802805846486954522e-01
-1.795817139919417826e-01
-1.792680896320710815e-01
-1.813577268737809334e-01
-1.806924297017200587e-01
-1.807769174951943114e-01
-1.823460626032691323e-01
-1.809977329421066372e-01
-1.815108130460707514e-01
-1.812858023870713708e-01
-1.805720723891592883e-01
-1.803939412095534323e-01
-1.800051006807947829e-01
-1.784795077032406141e-01
-1.787397318712873329e-01
-1.790139111481732215e-01
-1.803398324080696113e-01
-1.796531429440744176e-01
-1.792768338124055560e-01
-1.787345075533188776e-01
-1.802569631600423605e-01
-1.807790711548769025e-01
-1.817565299243018018e-01
-1.816970094341439079e-01
-1.819158075496698501e-01
-1.811202813232419828e-01
-1.813035161394296324e-01
-1.808710511783644392e-01
-1.795215019820339819e-01
-1.809629860333323847e-01
-1.800079269804264470e-01
-1.815729444178764140e-01
-1.807661178579564876e-01
-1.818319618427235440e-01
-1.794541928762178884e-01
-1.804114884837542121e-01
-1.796345415859388339e-01
-1.787689641566760912e-01
-1.795093418295685694e-01
-1.786897585210063255e-01
-1.806311575599774955e-01
-1.808281686547719147e-01
-1.806156753033736351e-01
-1.800240277993161442e-01
-1.808629583308913880e-01
-1.805904900027996973e-01
-1.796691041923992316e-01
-1.800855011316890852e-01
-1.793163537087512083e-01
-1.804685907000909140e-01
-1.810690490735513691e-01
-1.804365570083508175e-01
-1.803444461257299736e-01
-1.806501415901600183e-01
-1.808153484742707207e-01
-1.815460290228614326e-01
-1.815893128090806385e-01
-1.816988307122269219e-01
-1.823977285615310251e-01
-1.827089049205028459e-01
-1.808850239457004960e-01
-1.827494318812217244e-01
-1.822579763963485533e-01
-1.807061849623607941e-01
-1.815170882947345632e-01
-1.811350333480667985e-01
-1.814563412733409820e-01
-1.802818848281617647e-01
-1.817196036522670255e-01
-1.816097619450083300e-01
-1.808987014363374612e-01
-1.808769285245510616e-01
-1.822430819515972189e-01
-1.811726090392653532e-01
-1.813939016700967244e-01
-1.796630384191537644e-01
-1.795237707937271665e-01
-1.805529289716822916e-01
-1.788206466493296176e-01
-1.779345802305591917e-01
-1.788180159880141673e-01
-1.765767063202385856e-01
-1.776148688111547358e-01
-1.788340691151848461e-01
-1.786314877703798487e-01
-1.782318730908709625e-01
-1.794791483655622244e-01
-1.799324212072335172e-01
-1.803104311980607832e-01
-1.804783149452759972e-01
-1.795222796010769173e-01
-1.799278783097282286e-01
-1.798472085714308832e-01
-1.804377595508910304e-01
-1.805100936015460178e-01
-1.816148280785405689e-01
-1.809000944645386966e-01
-1.803909532644016878e-01
-1.804337056756573077e-01
-1.794955638026323186e-01
-1.803486639387585910e-01
-1.830735460567769479e-01
-1.827970647998657938e-01
-1.820342638862495477e-01
-1.822846610919839350e-01
-1.818090442445328137e-01
-1.817697567754503751e-01
-1.795343822136441503e-01
-1.814350508482416302e-01
-1.814444483776469497e-01
-1.808250767454513408e-01
-1.795360303037423222e-01
-1.785334906201168081e-01
-1.781667083638076576e-01
-1.786615781302192119e-01
-1.774414687653926848e-01
-1.782694886530418188e-01
-1.770168552915212246e-01
-1.785440519153986827e-01
-1.788885931463344292e-01
-1.791818213275799820e-01
-1.792797802445313948e-01
-1.800252342993893251e-01
-1.808729916721709685e-01
-1.790919231053500482e-01
-1.791296032013356410e-01
-1.788889653678502611e-01
-1.782363887110420819e-01
-1.785235206156698951e-01
-1.790164851072475471e-01
-1.797845012730689973e-01
-1.806025151932431072e-01
-1.789921762412873818e-01
-1.793557999388681878e-01
-1.795600179455121292e-01
-1.801656934252271469e-01
-1.792326519198752521e-01
-1.798992393599299078e-01
-1.818210887518922902e-01
-1.820910342330570586e-01
-1.804698248908387370e-01
-1.799271255394110369e-01
-1.803369493918189903e-01
-1.813568481857288361e-01
-1.799555204415099752e-01
-1.822457639678525254e-01
-1.831878025974589264e-01
-1.816379421062954691e-01
-1.826985815937085533e-01
-1.820665423042626685e-01
-1.805379533782414114e-01
-1.828465990447867284e-01
-1.824235856327405259e-01
-1.830009210290768351e-01
-1.821931253184203570e-01
-1.815407916835702906e-01
-1.810408525268023539e-01
-1.825642227768184966e-01
-1.830225611046571998e-01
-1.815495773008315439e-01
-1.825564922799003398e-01
-1.826838107274433298e-01
-1.820832258770650469e-01
-1.827174243015186050e-01
-1.824255658015765391e-01
-1.828282271788452817e-01
-1.821645137449969809e-01
-1.820298317465791627e-01
-1.818844791488665180e-01
-1.818435709955323887e-01
-1.819673396147116762e-01
-1.799931732569852727e-01
-1.804983962697974675e-01
-1.805628482922969624e-01
-1.792935104438058147e-01
-1.778429146908209191e-01
-1.787312637436748730e-01
-1.795889672510107005e-01
-1.792194926942283217e-01
-1.804501228016874848e-01
-1.799437006488400215e-01
-1.803816634729535906e-01
-1.797683298161505405e-01
-1.798572323063840628e-01
-1.811496153181906266e-01
-1.807387073983157677e-01
-1.788099005818324372e-01
-1.791748527969083682e-01
-1.805474213126014860e-01
-1.809099417733897042e-01
-1.812862448404040094e-01
-1.806298396535979123e-01
-1.817869313626978567e-01
-1.806951802144922681e-01
-1.811851651764371240e-01
-1.802084166935671306e-01
-1.791778200604383642e-01
-1.790320505301892240e-01
-1.799767935517557760e-01
-1.815403900579397600e-01
-1.797383324704924235e-01
-1.789602043462430458e-01
-1.791697575357495964e-01
-1.797077848074017936e-01
-1.809363535680006407e-01
-1.804954847073965141e-01
-1.812434181900997032e-01
-1.807527911010424759e-01
-1.811727399767342206e-01
-1.804257127091659640e-01
-1.807533436770789592e-01
-1.815788176432562295e-01
-1.821978388453295850e-01
-1.805559317623988136e-01
-1.820490784747441637e-01
-1.812630432593209662e-01
-1.827629584769177029e-01
-1.819941671432445673e-01
-1.820286974654052869e-01
-1.820199994993352277e-01
-1.805711892766517224e-01
-1.811858400379264822e-01
-1.795691604616500570e-01
-1.828824559605060074e-01
-1.827130527201745736e-01
-1.821078245272893525e-01
-1.816308772347063893e-01
-1.826568155477445998e-01
-1.822657534278420144e-01
-1.819341286012168268e-01
-1.811594622115606512e-01
-1.817707678473325927e-01
-1.823453696507861821e-01
-1.823625266002011358e-01
-1.831103727675333914e-01
-1.825269990865479031e-01
-1.847933203772207378e-01
-1.827586355380681482e-01
-1.840371694491231835e-01
-1.820435384666865275e-01
-1.817333492216306468e-01
-1.826652628396239209e-01
-1.811558654835572213e-01
-1.822881958478674846e-01
-1.832954956617776077e-01
-1.840300067305875586e-01
-1.825754843399316485e-01
-1.832977396049706442e-01
-1.824271410703914853e-01
-1.805462596051370383e-01
-1.813642047308476890e-01
-1.822487870762650175e-01
-1.818978642020887548e-01
-1.800253788342693895e-01
-1.807490969130718383e-01
-1.809443581821064129e-01
-1.805944277320499225e-01
-1.814999387038405132e-01
-1.812605539664708942e-01
-1.815948278562693474e-01
-1.804652268164055329e-01
-1.819244857134343363e-01
-1.821077036234690638e-01
-1.826588714467085595e-01
-1.817138807169165204e-01
-1.816129271906419262e-01
-1.812252246410963608e-01
-1.814709248904442518e-01
-1.824462114871572282e-01
-1.821509660584865742e-01
-1.828410935349431554e-01
-1.822350801704395451e-01
-1.840275252647280979e-01
-1.842197246606858130e-01
-1.836420393759432557e-01
-1.849279731537123439e-01
-1.823773853556325264e-01
-1.834916231871517311e-01
-1.841002081942519908e-01
-1.839872034833653913e-01
-1.845008603641211664e-01
-1.835599065665114438e-01
-1.835644178885935673e-01
-1.818561631083213115e-01
-1.833939825309336413e-01
-1.831944710604460624e-01
-1.821533833383455203e-01
-1.819742798265764350e-01
-1.820854240665639168e-01
-1.809085699587704710e-01
-1.805804444331329250e-01
-1.801529556878698202e-01
-1.801091466818967035e-01
-1.822610514499025669e-01
-1.834989003973426236e-01
-1.829730091659200752e-01
-1.845853106615216177e-01
-1.859707712328919627e-01
-1.842326644316791828e-01
-1.836916883945676204e-01
-1.829341404315165676e-01
-1.824491574369844216e-01
-1.820058708792835489e-01
-1.812746068445747483e-01
-1.814855293706258976e-01
-1.807013015608802675e-01
-1.817643920324663043e-01
-1.829368734377823102e-01
-1.831922590012524665e-01
-1.825371115980942704e-01
-1.827257978502743185e-01
-1.833282656850450110e-01
-1.828563308951451916e-01
-1.836089194557146698e-01
-1.839944905157828714e-01
-1.839999884823519949e-01
-1.840875933039463064e-01
-1.848010591624351662e-01
-1.841071127674673846e-01
-1.845141271050572129e-01
-1.840556066492347043e-01
-1.841486034598602828e-01
-1.823688817471165180e-01
-1.825289248880821447e-01
-1.829122076755886894e-01
-1.832861228641000650e-01
-1.815907727191081733e-01
-1.817064332986824127e-01
-1.823915846090713444e-01
-1.831456061015472869e-01
-1.824719247623249885e-01
-1.839060873492428527e-01
-1.840684602557960403e-01
-1.843116661428485514e-01
-1.851885773186108253e-01
-1.836735323050113777e-01
-1.845084914155670219e-01
-1.845579581570166994e-01
-1.854201572217988314e-01
-1.851253954898322007e-01
-1.843803593335451296e-01
-1.854796736245312161e-01
-1.856829936378296964e-01
-1.857223528076890062e-01
-1.840942806274767918e-01
-1.838228116298683545e-01
-1.847211360077380959e-01
-1.852446119174864236e-01
-1.828148044872559552e-01
-1.818598969703852930e-01
-1.817143014242983412e-01
-1.830952494923483442e-01
-1.827114770006996736e-01
-1.835542586013172439e-01
-1.831446138833872084e-01
-1.834241143953168063e-01
-1.837856965448736446e-01
-1.841062967359938796e-01
-1.834024057975440769e-01
-1.832588060854156709e-01
-1.824083285746809224e-01
-1.831652337654112728e-01
-1.837531980954434374e-01
-1.840149246218807377e-01
-1.842569704602254888e-01
-1.841446839895066745e-01
-1.831318168803477420e-01
-1.840100272287497063e-01
-1.836431854343096859e-01
-1.836595564055389929e-01
-1.829913511895888689e-01
-1.835905446256482776e-01
-1.840824942572485412e-01
-1.836435498803847821e-01
-1.841673149760421069e-01
-1.826820447145145465e-01
-1.810606532899559085e-01
-1.825096700836965624e-01
-1.814572582867217676e-01
-1.825185635775543602e-01
-1.837517020841428206e-01
-1.832097768316440778e-01
-1.826244623314838833e-01
-1.826268255319654088e-01
-1.823224355740862279e-01
-1.821899484754716525e-01
-1.831667483387899864e-01
-1.823745704085890651e-01
-1.828775927500849718e-01
-1.842618466010961242e-01
-1.830823019448271083e-01
-1.840637889521907766e-01
-1.830668989366017740e-01
-1.831542314853340514e-01
-1.844136650307124370e-01
-1.823957598334047248e-01
-1.833062760008843384e-01
-1.822520489132877231e-01
-1.818857047729878218e-01
-1.811379136434929649e-01
-1.824989064311193232e-01
-1.825069572242004057e-01
-1.819088266159418765e-01
-1.825791554852127518e-01
-1.826383293147610942e-01
-1.830785333770617029e-01
-1.833448212749750894e-01
-1.842206715757459534e-01
-1.838327343025412119e-01
-1.844013404213651341e-01
-1.855237045788786787e-01
-1.855658883755690880e-01
-1.835480606718977725e-01
-1.833941924250535038e-01
-1.843085371569816999e-01
-1.834080481210982327e-01
-1.836055911891545378e-01
-1.832143473047960214e-01
-1.832740978595968073e-01
-1.808235779834230783e-01
-1.827505077457054483e-01
-1.820663844759646821e-01
-1.826525489354118292e-01
-1.824376068265713968e-01
-1.815104147769890375e-01
-1.822341544408345726e-01
-1.834351105930842607e-01
-1.837208607506308766e-01
-1.823917066500317929e-01
-1.827910075703353954e-01
-1.834939771468260261e-01
-1.830549397656842103e-01
-1.841545537063176141e-01
-1.816229987888835495e-01
-1.832070738815509969e-01
-1.830226673636623502e-01
-1.830698514018127554e-01
-1.825336707259772595e-01
-1.817981288957017938e-01
-1.832197471658112420e-01
-1.829814967586926855e-01
-1.840430453389760856e-01
-1.835286617375331275e-01
-1.844519000080016013e-01
-1.823565312581258979e-01
-1.839909159549399931e-01
-1.844311435317358416e-01
-1.854430411660139555e-01
-1.849234584580941032e-01
-1.849731836031267562e-01
-1.835162364965938764e-01
-1.849177646480058002e-01
-1.852307141182905070e-01
-1.849333322352606501e-01
-1.848392580042848010e-01
-1.855588128445830876e-01
-1.865881755573042255e-01
-1.863410239562774962e-01
-1.862801754185454683e-01
-1.869932675169749814e-01
-1.855472559786583986e-01
-1.860832339495459564e-01
-1.844483281573303657e-01
-1.862822981108571696e-01
-1.844272509482038913e-01
-1.852379920356455045e-01
-1.839258091057516253e-01
-1.847778713247230087e-01
-1.849931665831014982e-01
-1.831185446575638309e-01
-1.851043200967588120e-01
-1.858880364501480642e-01
-1.852047202713933416e-01
-1.867652237353496503e-01
-1.865535610180657500e-01
-1.861956251711625043e-01
-1.859355281457339970e-01
-1.852948257848794356e-01
-1.851978015129276400e-01
-1.862994338979717668e-01
-1.866338889705971837e-01
-1.857849906383499672e-01
-1.858664164083769776e-01
-1.870963424330440716e-01
-1.860531144245527457e-01
-1.866749431264231873e-01
-1.875755529617713080e-01
-1.876124733860251581e-01
-1.881558517751891202e-01
-1.872051408328552213e-01
-1.854154684495163963e-01
-1.867816488376980999e-01
-1.860501105489440477e-01
-1.859626524410380455e-01
-1.874652319750751417e-01
-1.849497289875117190e-01
-1.849113784485467704e-01
-1.862219160038911525e-01
-1.858011737721199097e-01
-1.862428360831565044e-01
-1.859002648565670768e-01
-1.861536291530505594e-01
-1.852811168811179243e-01
-1.848902199991364625e-01
-1.846039734758235795e-01
-1.854622294776930858e-01
-1.865393336356326870e-01
-1.863059816339429631e-01
-1.879860629383571791e-01
-1.867105187844906311e-01
-1.859612502538148249e-01
-1.850837747474471939e-01
-1.856882639873873586e-01
-1.866824981152355178e-01
-1.858940249392091459e-01
-1.862692502545897355e-01
-1.864677648646875241e-01
-1.865453131682066612e-01
-1.861957881386189229e-01
-1.857379938717684809e-01
-1.859455884517515756e-01
-1.862229535938695335e-01
-1.843129665891645175e-01
-1.850194825703255219e-01
-1.861233880292481047e-01
-1.863496413971859056e-01
-1.862463420465267916e-01
-1.853507282909667708e-01
-1.858172442861594220e-01
-1.855607699532590971e-01
-1.847405215603004081e-01
-1.861079417970152861e-01
-1.859258827302348038e-01
-1.885501307353045775e-01
-1.876246716286793514e-01
-1.859210217414961619e-01
-1.871892491720146268e-01
-1.863130443139446868e-01
-1.866192961166426301e-01
-1.846729726271192362e-01
-1.852364927010654583e-01
-1.854747298887460261e-01
-1.863798633934941051e-01
-1.867923612585791204e-01
-1.856163967899249201e-01
-1.858469424744200182e-01
-1.850380844578367601e-01
-1.860083690256360001e-01
-1.856372673203914303e-01
-1.848080535172229588e-01
-1.860384782662336534e-01
-1.849507244319887889e-01
-1.857924394171952542e-01
-1.868557250636833089e-01
-1.866980042731398726e-01
-1.876188078842844220e-01
-1.863662590034316224e-01
-1.878454781091960513e-01
-1.876764158747015188e-01
-1.849041164040521323e-01
-1.869686728825321609e-01
-1.883276788794532308e-01
-1.893207833786156868e-01
-1.880355670789484179e-01
-1.875763229020463996e-01
-1.862803931746412900e-01
-1.867186809181689000e-01
-1.862965673769885200e-01
-1.869209280336860957e-01
-1.872401049804679474e-01
-1.870612466865004819e-01
-1.866907558693284841e-01
-1.869409759493798617e-01
-1.859785400853475323e-01
-1.843755094357177882e-01
-1.860060005662056426e-01
-1.866798734117267600e-01
-1.881024557319861401e-01
-1.884932169804400814e-01
-1.868968693479295951e-01
-1.874020678971994869e-01
-1.860719098285876782e-01
-1.846568736350739925e-01
-1.843379297598382038e-01
-1.839222546285625981e-01
-1.857996202680496367e-01
-1.858895969230083267e-01
-1.873678183112517104e-01
-1.870577978676308817e-01
-1.858436781589780651e-01
-1.865597286170448399e-01
-1.869023923865320569e-01
-1.863450720891570711e-01
-1.868616861159928533e-01
-1.875019944117575221e-01
-1.866489851286097235e-01
-1.859973961478438298e-01
-1.877658053889419421e-01
-1.872011505560706723e-01
-1.851825515587854909e-01
-1.872029169264308734e-01
-1.858686251206975726e-01
-1.879334017394285183e-01
-1.868278251985842076e-01
-1.871405332556541623e-01
-1.882032130638187084e-01
-1.888010059010554187e-01
-1.880691252669990376e-01
-1.882187961916024221e-01
-1.879712333372758337e-01
-1.869807106324579138e-01
-1.871221907131221940e-01
-1.872351054331851117e-01
-1.877113644155663508e-01
-1.879389839293637010e-01
-1.873770202249502859e-01
-1.866752495465000550e-01
-1.878437618892938588e-01
-1.868783097715898123e-01
-1.874372648408701991e-01
-1.870249138768684816e-01
-1.860104922353293944e-01
-1.865838988680579291e-01
-1.860100853673216648e-01
-1.853779529701355955e-01
-1.858779981138560800e-01
-1.870465215027756756e-01
-1.856079425287191498e-01
-1.878427375313336256e-01
-1.892240288890150168e-01
-1.886041784223095874e-01
-1.879801093609749785e-01
-1.866220910285019130e-01
-1.861162931646447305e-01
-1.846189734416654460e-01
-1.862747010981831153e-01
-1.883200882937785536e-01
-1.880966801749455186e-01
-1.879123789927170662e-01
-1.888220401963973671e-01
-1.890397269290531312e-01
-1.898071552526179318e-01
-1.871235233318611080e-01
-1.894541697251472812e-01
-1.885693377403860893e-01
-1.895360966881298737e-01
-1.897405539977352618e-01
-1.870219962096992816e-01
-1.875989221440601540e-01
-1.867376879221041008e-01
-1.871732911892713958e-01
-1.886260246478563829e-01
-1.881858557201177007e-01
-1.870178779563502758e-01
-1.886743096291922939e-01
-1.873558228197449438e-01
-1.894040674502015520e-01
-1.893644959261067129e-01
-1.894664693869696492e-01
-1.882589876536435725e-01
-1.901154020081410323e-01
-1.894810249818750236e-01
-1.891666153081317248e-01
-1.891132713387548847e-01
-1.866840071905553344e-01
-1.869240284023785392e-01
-1.862906503726584617e-01
-1.876232676646498732e-01
-1.868535705423717275e-01
-1.881955960323047350e-01
-1.891717566246526872e-01
-1.892248149258239920e-01
-1.886766393481149606e-01
-1.903515436850504727e-01
-1.901165565249574030e-01
-1.895499459643374962e-01
-1.889176969075823109e-01
-1.890781218063573021e-01
-1.882292482997840466e-01
-1.894362367594961682e-01
-1.890880775309202733e-01
-1.886933456045483126e-01
-1.894102554631480473e-01
-1.894477271531922469e-01
-1.887469445754632602e-01
-1.895099535960032000e-01
-1.887247918649066492e-01
-1.919438730659450698e-01
-1.896840468209770592e-01
-1.878461119773415788e-01
-1.874442123396793392e-01
-1.872364953531260312e-01
-1.887610893876523477e-01
-1.893146161884118328e-01
-1.903195262173724700e-01
-1.911850089445081835e-01
-1.887592122603223288e-01
-1.881266260210292529e-01
-1.871833054777312100e-01
-1.896766715524282887e-01
-1.881429773597531607e-01
-1.904812144805951846e-01
-1.893759942634503091e-01
-1.888224355321757031e-01
-1.870244296797274330e-01
-1.878093056872565114e-01
-1.873281876303529714e-01
-1.866540939369212282e-01
-1.857292831257435495e-01
-1.848729740604131422e-01
-1.847797084749789320e-01
-1.866324805569625767e-01
-1.879992480466654570e-01
-1.872335504117490501e-01
-1.887337053276496590e-01
-1.885239217361664998e-01
-1.896556624066825236e-01
-1.891176434374415294e-01
-1.904591498979861797e-01
-1.896736318775360530e-01
-1.902850294980424906e-01
-1.908846236845249678e-01
-1.914112546648922830e-01
-1.909399507395015405e-01
-1.898039886067284243e-01
-1.910505001832678573e-01
-1.905134828475425479e-01
-1.905376891085381885e-01
-1.887732531678079084e-01
-1.889089542533444188e-01
-1.890869748653152271e-01
-1.901655784469475918e-01
-1.896310110443337749e-01
-1.902796235792436619e-01
-1.908207268069155305e-01
-1.904945854638349090e-01
-1.900758363146231034e-01
-1.908186128594842046e-01
-1.900290574662903964e-01
-1.899293695924679781e-01
-1.905693834426251954e-01
-1.906800576213907306e-01
-1.892439276046431473e-01
-1.872733303458709031e-01
-1.872851710068683673e-01
-1.877803477375561414e-01
-1.876115097820036937e-01
-1.892206454333233978e-01
-1.883281458521270935e-01
-1.891708099757636319e-01
-1.890603582812637740e-01
-1.898175135506594557e-01
-1.888279338726146506e-01
-1.904237011644305255e-01
-1.899400848523224994e-01
-1.875043369245776859e-01
-1.882509356161161662e-01
-1.884609267446126779e-01
-1.892003567850348844e-01
-1.906394890117759644e-01
-1.901193875522988463e-01
-1.908146019643286451e-01
-1.908968581806114173e-01
-1.888686966590498173e-01
-1.882606563916429110e-01
-1.889205491353322941e-01
-1.887227453171309577e-01
-1.886143378557179062e-01
-1.889034494677890308e-01
-1.884372478532547746e-01
-1.905440780818068447e-01
-1.885662076281651167e-01
-1.888339183976039948e-01
-1.904803349867414397e-01
-1.910869349844528386e-01
-1.899895682549477272e-01
-1.914909919404053085e-01
-1.889782658190526377e-01
-1.893246194791284864e-01
-1.896387604468099397e-01
-1.891767552514949102e-01
-1.878167098531076107e-01
-1.876525494043725928e-01
-1.883000634692653108e-01
-1.885362318640648738e-01
-1.888673190856859918e-01
-1.892206035433492417e-01
-1.889165589756007790e-01
-1.898048808480155003e-01
-1.893893885386379594e-01
-1.899989770589431970e-01
-1.911046565371385952e-01
-1.901996559989900248e-01
-1.898651085322935472e-01
-1.920805391105364635e-01
-1.919592848497213566e-01
-1.901058611999673076e-01
-1.889710114391895956e-01
-1.894065306464565168e-01
-1.911770087595368040e-01
-1.899426214061943341e-01
-1.903004576335121101e-01
-1.900660396598983226e-01
-1.905110075703912997e-01
-1.903314558499360487e-01
-1.899001019717889704e-01
-1.889429816672816287e-01
-1.896233487113754279e-01
-1.880187302212732448e-01
-1.896056367086362826e-01
-1.878291439841230925e-01
-1.892606898610935673e-01
-1.882715319688301747e-01
-1.890424526880440936e-01
-1.897562993404200427e-01
-1.886498398958487144e-01
-1.883630591907117235e-01
-1.880132362009980795e-01
-1.885821824683802106e-01
-1.896571588391946506e-01
-1.915130328971663687e-01
-1.905815623725661823e-01
-1.895046645348479331e-01
-1.891025316413035284e-01
-1.898008547221277098e-01
-1.900057716709575573e-01
-1.903720114862128554e-01
-1.891684821636214764e-01
-1.891842701588721809e-01
-1.904791380010557589e-01
-1.896546940766992151e-01
-1.897929559678246392e-01
-1.886040934888182363e-01
-1.904703313132767306e-01
-1.898603125445514905e-01
-1.897446418963024684e-01
-1.889977464233290050e-01
-1.885336298491573359e-01
-1.890994785825448332e-01
-1.897184546797934246e-01
-1.901449741933358695e-01
-1.905076817506650144e-01
-1.910223958305952152e-01
-1.921425536898198061e-01
-1.902261593480218949e-01
-1.913621140595545000e-01
-1.920492060393801381e-01
-1.921317338476562497e-01
-1.917945971683909789e-01
-1.911413746844186079e-01
-1.927683777013804445e-01
-1.918900016172635503e-01
-1.922411460155473151e-01
-1.931663083628762934e-01
-1.931621942659571545e-01
-1.931355199307400738e-01
-1.927092201043159037e-01
-1.926036760644347368e-01
-1.910280255242255976e-01
-1.913754915947052382e-01
-1.925234718881636553e-01
-1.918829665245471716e-01
-1.931361261792385875e-01
-1.936566080270196721e-01
-1.933367648436039588e-01
-1.941645879680589104e-01
-1.944272988128510349e-01
-1.944236786368787051e-01
-1.936960135748506673e-01
-1.936076938645978629e-01
-1.932965380693474344e-01
-1.925492864905180568e-01
-1.915276382871891059e-01
-1.896792237319626651e-01
-1.914344530679610301e-01
-1.910979709307873975e-01
-1.897417479477319091e-01
-1.896995598780524261e-01
-1.900854256664459285e-01
-1.896965060791604429e-01
-1.913170977467171241e-01
-1.907467263750053377e-01
-1.908420855889740864e-01
-1.889352580936343173e-01
-1.895558626402138458e-01
-1.904625652050704332e-01
-1.897106145508971053e-01
-1.900040003600143024e-01
-1.890281933162984984e-01
-1.893441069326726733e-01
-1.905369374051151254e-01
-1.910974432167531489e-01
-1.921327056485733209e-01
-1.933784154220745677e-01
-1.925197610034761198e-01
-1.938100576490491278e-01
-1.918839559152871743e-01
-1.925199017827914361e-01
-1.910726261776858337e-01
-1.902720763125103076e-01
-1.902734759078086313e-01
-1.904553599186051827e-01
-1.917234800879796808e-01
-1.919316628830127769e-01
-1.917519539419210162e-01
-1.920908043279343502e-01
-1.953393548567348148e-01
-1.940097264754498951e-01
-1.933072511707596419e-01
-1.934939032173783602e-01
-1.940741810566848358e-01
-1.922770083187153034e-01
-1.908803565822019266e-01
-1.904098664617457359e-01
-1.918058576579610985e-01
-1.916377480283451007e-01
-1.902449643186177042e-01
-1.915722103140833354e-01
-1.908820434049012249e-01
-1.893934811146777974e-01
-1.887055225723148766e-01
-1.879864261059243091e-01
-1.876867144945890686e-01
-1.897381364752437349e-01
-1.896862604804958607e-01
-1.903055814562151227e-01
-1.908970878645810387e-01
-1.914254071556129588e-01
-1.916433841053812870e-01
-1.929679381767641644e-01
-1.932111107460752208e-01
-1.933406041295402389e-01
-1.920043974105887230e-01
-1.937568733603232118e-01
-1.929707476125148702e-01
-1.923555599517090542e-01
-1.934563476005966010e-01
-1.929027887512759776e-01
-1.916453227760452904e-01
-1.918530113951106841e-01
-1.914832628085552102e-01
-1.929533642672147664e-01
-1.923151641375717702e-01
-1.922212563745571146e-01
-1.915820120941269522e-01
-1.926909227329520746e-01
-1.936082111165049469e-01
-1.926425472902391078e-01
-1.935296095510992131e-01
-1.928508292312987038e-01
-1.939922935042819319e-01
-1.965562441601669263e-01
-1.950298960696947859e-01
-1.945224875629243400e-01
-1.939380587424146540e-01
-1.957897643795387665e-01
-1.948077078814627328e-01
-1.947192764782688101e-01
-1.932084901684874012e-01
-1.932423652417210036e-01
-1.927649713344017357e-01
-1.924119331790592469e-01
-1.916339943785914102e-01
-1.933606651469830240e-01
-1.935128072753506956e-01
-1.939700638133068367e-01
-1.943289857607766180e-01
-1.937555590984345599e-01
-1.936665876971552791e-01
-1.949819331377398157e-01
-1.943034249702790817e-01
-1.928763452950619239e-01
-1.952608598615910296e-01
-1.958057342898307240e-01
-1.963026692104676840e-01
-1.954757248908123302e-01
-1.949301159082317270e-01
-1.940741416978610800e-01
-1.943125234060971707e-01
-1.939753042199754418e-01
-1.950723676613144164e-01
-1.943571989560268776e-01
-1.932619035494731463e-01
-1.947239436591736705e-01
-1.943300859095060673e-01
-1.950437177735793171e-01
-1.951974528391531294e-01
-1.955294725962311020e-01
-1.945935095653013036e-01
-1.960364801129372836e-01
-1.977732280987254398e-01
-1.963175668784096217e-01
-1.961745142913784434e-01
-1.975870942943913633e-01
-1.973748731750184504e-01
-1.955678582210857996e-01
-1.971765809840064776e-01
-1.979154405424949914e-01
-1.969750187341894332e-01
-1.960638763815438779e-01
-1.969814012717243656e-01
-1.962400590024131475e-01
-1.974153448646198683e-01
-1.967045449565105741e-01
-1.961992471212603562e-01
-1.967369394742171096e-01
-1.967721277004059743e-01
-1.963992206826041809e-01
-1.965573140223852988e-01
-1.969968187308985819e-01
-1.972226212431280601e-01
-1.948849187576975339e-01
-1.979004242562290017e-01
-1.982274086739010954e-01
-1.984871812799617885e-01
-1.998349575990658877e-01
-1.974543886069568543e-01
-1.986178542714824857e-01
-2.000614233590667368e-01
-2.002761855630410537e-01
-1.986474427751225846e-01
-1.996524573017914861e-01
-2.006576966236934823e-01
-1.991814720680622486e-01
-1.983271927326555328e-01
-2.010388602496568922e-01
-2.024067813240897351e-01
-2.034947513514175910e-01
-2.042806753704731193e-01
-2.033679874975433677e-01
-2.023243446950360180e-01
-1.999083922531319502e-01
-2.014044475824938729e-01
-2.028686093665683643e-01
-2.004049246147623364e-01
-1.971284923117408994e-01
-1.949660421537160460e-01
-1.975549717745259670e-01
-1.961692260491645357e-01
-1.937080181645249866e-01
-1.960911927146327116e-01
-1.915944317250364293e-01
-1.872642818560699141e-01
-1.843211161321960390e-01
-1.806766511021109523e-01
-1.787893275937975091e-01
-1.738717764605475224e-01
-1.751826447358340033e-01
-1.719231549716617735e-01
-1.671616575401628779e-01
-1.653601173813896708e-01
-1.606270088638339644e-01
-1.623739850745593571e-01
-1.633388900913708142e-01
-1.579451705332495237e-01
-1.577626819141180192e-01
-1.602568233469412462e-01
-1.562362858301042934e-01
-1.544218222005113716e-01
-1.565247131799694102e-01
-1.534443496220703196e-01
-1.508302823037510620e-01
-1.495192980166315522e-01
-1.463966458309648999e-01
-1.429781557312423956e-01
-1.421386149465071469e-01
-1.394738291099670846e-01
-1.364804539917621184e-01
-1.378023774554009151e-01
-1.362974555104372598e-01
-1.329141310280768096e-01
-1.319294192385065401e-01
-1.304776127906421834e-01
-1.305830058302923646e-01
-1.325003626714220673e-01
-1.295810479133407966e-01
-1.282484392791367611e-01
-1.256236852179561936e-01
-1.255599862144087808e-01
-1.242833502731741646e-01
-1.243767513850073669e-01
-1.231486261979490848e-01
-1.196752005775714167e-01
-1.168312195873184578e-01
-1.154798810497439376e-01
-1.147403304746532626e-01
-1.138539463847401123e-01
-1.135712601649174758e-01
-1.149254645336661440e-01
-1.145356448034426933e-01
-1.150606332165189372e-01
-1.144580111702673264e-01
-1.139360274551606267e-01
-1.120414889948762038e-01
-1.118647011367279731e-01
-1.103190396687239172e-01
-1.101319191037326561e-01
-1.108561119998121569e-01
-1.087614671448910997e-01
-1.092510842904275137e-01
-1.080789118903773272e-01
-1.069231190050388136e-01
-1.061893561376265893e-01
-1.048453523973975621e-01
-1.064598986539913028e-01
-1.061093994729453982e-01
-1.062330953676458023e-01
-1.056818232169867144e-01
-1.059342985278775018e-01
-1.050313769871742409e-01
-1.059634675561156314e-01
-1.057099556697274068e-01
-1.044162942702797636e-01
-1.045259058331637902e-01
-1.041835263390176181e-01
-1.042054189236196748e-01
-1.031376254431073392e-01
-1.032494018135281522e-01
-1.024940529298667968e-01
-1.009625399260727363e-01
-1.006915040395455208e-01
-1.008877612865255458e-01
-1.009248891442915408e-01
-9.872092086358463803e-02
-9.781818931827501729e-02
-9.550447966903874430e-02
-9.350335007852805802e-02
-9.257239265795647043e-02
-9.007088323608059000e-02
-8.850443610909053405e-02
-8.587541606852511222e-02
-8.562891688836060666e-02
-8.361525438548511602e-02
-8.278351222823232547e-02
-8.167407879426491490e-02
-8.059452273805334244e-02
-8.010894669534707191e-02
-7.887840698630554925e-02
-7.731660365470105489e-02
-7.542849587669309130e-02
-7.388920929801656712e-02
-7.396951732796708257e-02
-7.259227223210729107e-02
-7.192167372529212344e-02
-7.024887259967727005e-02
-6.996921153286450590e-02
-6.922885156830460573e-02
-6.931556941960081986e-02
-6.827702011450753616e-02
-6.588862511494397722e-02
-6.446956387740954142e-02
-6.337870283356750178e-02
-6.272423638172597293e-02
-6.136372109487098214e-02
-6.065732248799804438e-02
-5.929158212054375099e-02
-5.880340410286777342e-02
-5.548298514491278866e-02
-5.674448924546737771e-02
-5.640261357585529822e-02
-5.588650346204815378e-02
-5.593105314229518399e-02
-5.466939199207843103e-02
-5.544032141602173169e-02
-5.530137159708203853e-02
-5.444802591937758507e-02
-5.424966144423848391e-02
-5.325073498765675595e-02
-5.187856335398777219e-02
-5.445003142254734030e-02
-5.352806941899501680e-02
-5.335054639078151695e-02
-5.436349060512668530e-02
-5.411510982007428083e-02
-5.188626142766850080e-02
-5.266329034209604743e-02
-5.310621692734684984e-02
-5.286664483315206553e-02
-5.240083287908703369e-02
-5.273172060692132845e-02
-5.278425471873049446e-02
-5.271045299726750955e-02
-5.232357071690074690e-02
-5.223956623445502601e-02
-5.118251561293618579e-02
-5.194642049935538353e-02
-4.896302767576798942e-02
-5.118605522864783097e-02
-5.121887662320290246e-02
-5.088538325300362430e-02
-4.882626782909937901e-02
-4.935765070353426154e-02
-4.808642240526239675e-02
-4.598302695262646012e-02
-4.629098135753650922e-02
-4.774014173118956705e-02
-4.730621135915669129e-02
-4.829489278663601226e-02
-4.740714827462966241e-02
-4.752654848125104081e-02
-4.764097691577262594e-02
-4.780067517154407142e-02
-4.781191095418080295e-02
-4.730560049967635905e-02
-4.745134273559870053e-02
-4.624338845719933033e-02
-4.700306714823909715e-02
-4.780736896243809042e-02
-4.642146393475599098e-02
-4.614522622807015750e-02
-4.449807718953735503e-02
-4.564270691986394013e-02
-4.632016099307634249e-02
-4.635781785735559879e-02
-4.542701209339128354e-02
-4.599384434361297735e-02
-4.452760908553443642e-02
-4.465288505554809717e-02
-4.218872352237212908e-02
-4.345656021438060179e-02
-4.415455654633149152e-02
-4.401451292286395756e-02
-4.415387757236999278e-02
