1.185033223214358333e+00
1.683042434895446471e+00
1.706610671457693629e+00
1.607322375296373451e+00
1.761154415022001540e+00
1.526332815046337998e+00
1.263990821273045073e+00
1.167036349768912240e+00
1.028186677965589713e+00
8.750009067584882949e-01
8.616669182890819290e-01
8.698835673440995508e-01
9.377790877242822010e-01
9.229744971238910134e-01
1.063824296460794461e+00
1.170457043274105491e+00
1.151906079999721166e+00
1.014928795510820381e+00
9.367900696274263916e-01
1.001632861260051355e+00
8.538073076345373824e-01
9.966552864309838888e-01
1.045216067541773430e+00
1.214954899050920245e+00
1.189737178854979538e+00
1.163061845763838420e+00
9.816906459349846736e-01
1.005564089780961456e+00
7.571226964046986474e-01
6.877269677100481537e-01
6.692136512266989579e-01
7.782116472587221612e-01
9.347734891174810379e-01
1.004885114242099586e+00
9.845745858896992608e-01
9.877945288999383511e-01
9.228840707342269578e-01
9.853109488546137884e-01
1.163706743288482670e+00
1.009250064087048537e+00
1.124566551488393795e+00
1.137776806377005734e+00
1.216437290027523099e+00
1.245699996338330839e+00
1.392233163895509440e+00
1.358978085668247182e+00
1.358839385116488607e+00
1.617837977320629728e+00
1.583039854075383168e+00
1.529592924657494635e+00
1.832758271871935962e+00
1.763303328333830855e+00
1.681310143460073903e+00
1.582092233447238705e+00
1.500785191170040944e+00
1.499192636676187629e+00
1.599565798653426185e+00
1.570652668045535716e+00
1.515850926098155860e+00
1.350633721804064713e+00
1.330117487965295275e+00
1.442794019491246305e+00
1.445990351464878199e+00
1.423005171656354095e+00
1.419463670561666113e+00
1.433225400906445124e+00
1.467473452098268183e+00
1.377708941833704737e+00
1.382936711823446796e+00
1.237911595656075114e+00
1.337623445677907918e+00
1.208927420171700629e+00
1.197079985494283960e+00
1.348699822834420248e+00
1.379264631990312573e+00
1.210403885203902075e+00
1.168955197160792325e+00
1.186482146751200339e+00
1.240241206514660410e+00
1.201487111425871168e+00
1.183738465408993523e+00
1.143591334947612337e+00
9.681165242361848833e-01
9.574391233931720535e-01
9.497673058894091636e-01
8.396942438641643580e-01
9.433408062470319821e-01
8.788817975718816733e-01
8.798613103230773502e-01
8.043520571332590796e-01
9.198076177420981825e-01
1.020001859846112469e+00
9.653497280274024872e-01
1.231952315441685597e+00
1.219642801906698715e+00
1.214386935504554232e+00
1.115714891315834789e+00
1.202131775559940108e+00
1.202549955360030065e+00
1.112659800543802646e+00
1.136745022824027895e+00
1.125246891951417805e+00
1.124939069524196533e+00
9.521010345577853862e-01
8.307631407804998425e-01
7.866027324354780692e-01
7.949235708225480534e-01
8.685460517403534864e-01
9.115517161420976233e-01
9.619901187750242721e-01
9.144080354644539277e-01
6.997503611094627596e-01
5.886666631906133373e-01
6.229201073476756667e-01
6.109486821433101067e-01
5.917965396842694847e-01
6.205897217488671735e-01
5.716553054579912585e-01
5.682670084525643928e-01
5.393809530804872798e-01
4.658033830796962649e-01
4.077745949402221681e-01
4.821257906019593142e-01
4.405644659159299592e-01
3.768760293715299192e-01
3.087620321411197466e-01
1.781979807984069852e-01
1.498797259667027648e-01
2.074488303256646626e-01
2.042712694439143550e-01
1.519490733777359992e-01
1.675369971248442946e-01
2.871096826274747160e-01
2.692484189462299726e-01
3.442200040771883351e-01
3.788486607588781307e-01
3.369903980877843042e-01
2.399356898839214158e-01
2.203275404562282380e-01
3.436332793155208454e-01
4.146503731880438748e-01
3.509557890902686994e-01
3.166631865105534183e-01
3.011915305670481713e-01
2.210027691467169042e-01
3.567469401163321785e-01
3.611161895975320557e-01
3.421406990035571472e-01
3.360781850687358796e-01
3.109512370531153369e-01
2.238346628046024578e-01
2.860705140314117045e-01
2.244066204586140645e-01
2.290024657711429157e-01
2.216971122491591117e-01
4.853682912512822384e-02
1.299152004161280294e-01
1.010311308735458713e-01
-6.952229219043105576e-03
2.381989614044391704e-02
4.444547841785430331e-02
9.919257638766129648e-02
7.588973597761136669e-02
5.201601584448735383e-02
1.839402356948060535e-01
2.076295003555243823e-01
2.145849176653614743e-01
2.026044740347053286e-01
3.223342104851203982e-02
1.684043644373452164e-01
1.994221067825620308e-01
2.523895433609968375e-01
2.463448351360420785e-01
3.666154152479557671e-01
3.781859727567520868e-01
4.555815211373061002e-01
5.977099746618333986e-01
4.411361069224346565e-01
5.049241568925757484e-01
5.501139692509897650e-01
5.311037550702558674e-01
6.215844646538390972e-01
5.380019848562200835e-01
5.334193458144026456e-01
4.076829647307971816e-01
3.242271727341986542e-01
3.789181913025017057e-01
4.064325452619566570e-01
4.490025047122468416e-01
3.965801895356485529e-01
4.447745739779342955e-01
5.677772723586962389e-01
5.938273203373753972e-01
4.326363763144878138e-01
4.309535436150831456e-01
3.733421098464069776e-01
4.797175635249460446e-01
4.440758272306804533e-01
3.448727376838254255e-01
3.123365990662626546e-01
2.473842815743408086e-01
1.977399379947534230e-01
3.054702072939128876e-01
3.478538784998831401e-01
4.275137779182782150e-01
3.629764236848427306e-01
3.616231028555512150e-01
2.642929429988135070e-01
3.227059342528480479e-01
3.221301263489705358e-01
4.104877528982514012e-01
3.894992204667794833e-01
2.919665918812464622e-01
2.864084640634056433e-01
2.556057215946670458e-01
2.858996167558955914e-01
3.859352790358358543e-01
3.262762870680826488e-01
3.004155175178105375e-01
2.273752396224311134e-01
2.332166518439977854e-01
1.492953017196307075e-01
1.528000085627901350e-01
1.125824785665265892e-01
6.388185723378453362e-02
4.299237117466447877e-02
1.478276311470588522e-01
1.272984153780145344e-01
1.137650958620958080e-01
1.387049991984614650e-01
1.263519440540544769e-01
1.373408096429896974e-01
2.104686729059480621e-01
1.290153421124146660e-01
2.144378441137611835e-01
1.687698822538643006e-01
2.285405387135354405e-01
1.651321341598732673e-01
1.313906362933833227e-01
8.914845377299100704e-02
7.486125339513846622e-02
3.332304638566528643e-02
-8.337828822807091811e-02
-1.748554320009443885e-01
-1.744107136880394815e-01
-1.609944949548435533e-01
-2.092155833818464261e-01
-1.143816469677718384e-01
-1.124524655344986968e-01
-1.013303478564321208e-01
3.342652249234975836e-02
1.108704677899654129e-01
1.154617613298282580e-01
1.195327474496500897e-01
4.775856085802589190e-02
8.146584620465927018e-03
6.305439949152381873e-02
1.451462352778354892e-01
1.061948602070711262e-01
1.197800804754331760e-01
2.117873735610986130e-01
-2.232540766963309747e-02
7.196868950368139062e-02
-1.131092351207297758e-01
-6.927767372139276292e-02
-1.485404751796061684e-01
-1.833131411020034740e-01
-9.084741053940165179e-02
-1.156191871015613409e-01
-7.736159511678253331e-02
-8.677584943806224138e-02
-9.512333804512475288e-02
-1.701055872348434250e-01
-1.568304013594731539e-01
-2.096561737608230169e-01
-2.246877163944202282e-01
-3.753602259025327209e-02
-1.401771111632061362e-01
-2.226925503069458745e-01
-3.591733721339185892e-01
-4.048264880992065162e-01
-2.930827830332510264e-01
-3.853308804885960392e-01
-3.154620036641879177e-01
-2.781357516366716465e-01
-2.178319899675871252e-01
-2.672536275500924652e-01
-3.682797880824721370e-01
-2.706602876802354785e-01
-3.318719431718015200e-01
-2.139648512900630406e-01
-2.924496738672174856e-01
-3.783255593872765221e-01
-3.091548999213765136e-01
-3.914833025525194521e-01
-2.898406186952484642e-01
-3.784361108858387279e-01
-3.107480317261201441e-01
-3.619169942959279407e-01
-3.862059879640015736e-01
-3.519217143165355166e-01
-2.654386978436973910e-01
-2.632072925945536102e-01
-1.848129109697683459e-01
-2.798258727139868451e-01
-2.399425371120953998e-01
-1.890765049319638735e-01
-2.197935952526585968e-01
-2.695154529319354619e-01
-3.626587321173451728e-01
-4.721032693405352587e-01
-4.890992585093683065e-01
-5.043080979684881893e-01
-6.229522274622111278e-01
-7.293587484045347402e-01
-7.083894062582835049e-01
-8.011455416508410643e-01
-8.285601180002628574e-01
-7.774524361337739053e-01
-7.216611759568879458e-01
-7.661974806782372305e-01
-8.552485536150753465e-01
-9.129717052954221534e-01
-8.889954870886419558e-01
-9.764671020383883793e-01
-8.754768589133830048e-01
-8.116586295537092655e-01
-9.080306412683047945e-01
-1.006449220872568384e+00
-1.054974514380198736e+00
-1.107524784364104953e+00
-1.176618883669692472e+00
-1.215166644580717881e+00
-1.236891886175053301e+00
-1.249615878499301225e+00
-1.081277162552498838e+00
-1.080697793966415077e+00
-9.538538370294015190e-01
-9.581774702505835295e-01
-9.189362471089519424e-01
-1.032352634274648295e+00
-1.034577581640265809e+00
-1.115955613804920921e+00
-1.139414670600457091e+00
-1.137432050561764996e+00
-1.122545589390763432e+00
-9.874587409535315885e-01
-9.100668985632623942e-01
-9.385829512639239924e-01
-8.840655688565547399e-01
-8.031026173277775460e-01
-9.413144027409848791e-01
-1.027704066828605933e+00
-9.296060445884160028e-01
-8.875904496469464444e-01
-8.308419907756383616e-01
-9.986544635846890117e-01
-9.750852450984474062e-01
-9.007974318895342059e-01
-9.594127116898309993e-01
-8.656451232853386024e-01
-8.326614803887899541e-01
-9.383037004226508770e-01
-8.850641810568292689e-01
-9.159930202338804062e-01
-7.823041789265343660e-01
-7.677660109049845305e-01
-7.086143533400910410e-01
-6.922819070805454889e-01
-4.880016479726160816e-01
-4.843088767103560510e-01
-4.280462195554378679e-01
-4.368742991254832564e-01
-5.448418911312996604e-01
-4.649201806241336499e-01
-2.644611478152495976e-01
-3.178555609794351255e-01
-3.723349173266117251e-01
-5.168450169585915299e-01
-4.832686676548227922e-01
-3.750863930841912830e-01
-2.404911053319511716e-01
-3.690517620551930777e-01
-5.014064474404068550e-01
-6.252353090649810374e-01
-5.836104338993478580e-01
-5.627534293221132522e-01
-5.969953817402521290e-01
-6.790221352834413526e-01
-6.796912630072031725e-01
-6.552930567241785909e-01
-5.075219756765468881e-01
-4.938875233632917250e-01
-5.102372352781929798e-01
-6.744900847899475416e-01
-6.170617841374260726e-01
-6.359542085293892200e-01
-5.447045120245666006e-01
-5.969089677227592539e-01
-7.824931182844208077e-01
-8.964522425042689147e-01
-8.480103984239187875e-01
-9.291525526333574980e-01
-8.850939189686807262e-01
-8.037129471116838397e-01
-8.548560671494247476e-01
-6.614955712339007921e-01
-7.703627900480553015e-01
-8.407044928058058364e-01
-7.144252729761519927e-01
-4.894512214822939744e-01
-5.665125054694860607e-01
-7.065227579891888432e-01
-6.432004589058336608e-01
-5.882699545115475104e-01
-9.062387329619920884e-01
-9.598595538940103422e-01
-1.197692307755416685e+00
-1.297229794732078556e+00
-1.278031621229154258e+00
-9.860065535733935072e-01
-7.780802963255966098e-01
-7.472493597825082823e-01
-7.878706361466645269e-01
-7.198279888458964937e-01
-1.013208662072380806e+00
-8.426730939562232514e-01
-1.005153239328562709e+00
-9.264804542411736454e-01
-8.697950092880061268e-01
-9.127635220023747609e-01
-8.487240778049842671e-01
-9.723240620656488087e-01
-1.049980746338715853e+00
-1.457227788362466914e+00
-1.522329479843512523e+00
-1.601454494237167570e+00
-1.533954279304555968e+00
-1.640046908292717598e+00
-1.554048499005586725e+00
-1.272429369203742056e+00
-1.387716026953970117e+00
-1.273692301473634103e+00
-1.459947805230312978e+00
-1.430474445492598612e+00
-1.508052521403631108e+00
-1.540203752645216362e+00
-1.201005178532889905e+00
-1.066071471372704416e+00
-8.702790091756744673e-01
-9.779978731788497859e-01
-7.671196013676807590e-01
-8.919651716557392973e-01
-1.012196727917041406e+00
-1.084095852968246065e+00
-1.044221084213792894e+00
-1.214260331762157197e+00
-1.186073631729777311e+00
-1.228265369203525470e+00
-1.075360600266199507e+00
-1.148520710072101103e+00
-1.183198534006400182e+00
-1.169054629373851961e+00
-8.800905773204512617e-01
-9.982934369895504201e-01
-9.294254493628528735e-01
-1.048327102216664253e+00
-8.783857708242994722e-01
-7.495767388270011544e-01
-9.440067620937957482e-01
-7.216906950242585328e-01
-6.846476097336654520e-01
-7.480544842591368981e-01
-5.754019574662212477e-01
-5.872394088741699214e-01
-6.947075637491680888e-01
-7.929320231830968568e-01
-1.207494174672945952e+00
-1.355273378653405913e+00
-1.175527898253891923e+00
-1.099561786903710203e+00
-9.964868688553973897e-01
-8.693861888265789206e-01
-6.886649461454159571e-01
-6.818538329118050134e-01
-5.847397599830934656e-01
-1.058386247593739560e+00
-1.158383283634017991e+00
-1.260676623955856002e+00
-1.065245600301177209e+00
-1.016960718731727997e+00
-1.207796175156954366e+00
-9.975997983356847953e-01
-1.134181214629345513e+00
-1.071857988295705333e+00
-1.293324308079118801e+00
-1.258511740533908796e+00
-1.154221812967482608e+00
-1.242054961898193088e+00
-1.339622652412733261e+00
-1.450300464480485774e+00
-1.674449305678359146e+00
-1.589637008847575750e+00
-1.566282302512332469e+00
-1.811390022339770534e+00
-1.764719429566762976e+00
-1.643259601887203436e+00
-1.397840805027793287e+00
-1.433512597750373097e+00
-1.519068937165667377e+00
-1.708593772038400127e+00
-1.560074781396037835e+00
-1.516835461300238830e+00
-1.284827026453375431e+00
-1.343358738189966983e+00
-1.637333612227112489e+00
-1.863846233905043004e+00
-1.913770588935268524e+00
-1.805013657889309231e+00
-1.593513899184383575e+00
-1.570516784144572187e+00
-1.672869136682944458e+00
-1.629667071427012282e+00
-1.581366985396829072e+00
-1.507169380512446644e+00
-1.692240687461670667e+00
-1.963282625695493833e+00
-2.047777246873343060e+00
-1.922018797321894956e+00
-1.692408660583573532e+00
-1.950545692223457195e+00
-2.063348523519723532e+00
-2.137004204002634022e+00
-2.093144019434775238e+00
-2.010333330923459449e+00
-1.724733312260512630e+00
-1.822605066982406319e+00
-1.944982635715251318e+00
-1.718339999207782576e+00
-1.714043336275881346e+00
-1.518480479071792510e+00
-1.798320259326122272e+00
-1.759980851775706290e+00
-1.861173782719274250e+00
-1.861726870910919596e+00
-2.037966697422175510e+00
-1.901328546572008671e+00
-2.077084988669724908e+00
-2.156525199158915385e+00
-1.980520695829071087e+00
-2.054974781680821039e+00
-2.144473269574791008e+00
-1.852550555622338058e+00
-1.793611701215373833e+00
-1.756329876064130602e+00
-1.778659239829619487e+00
-1.690033433357005066e+00
-1.593012628729413960e+00
-1.165820949699616582e+00
-1.192937042408648729e+00
-1.390954849828611284e+00
-1.534022880772351272e+00
-1.431142713432099534e+00
-1.171475649526665386e+00
-1.134973270631313591e+00
-1.245289672568792305e+00
-1.220778564317204440e+00
-1.184335737044488468e+00
-1.149661958860870747e+00
-9.419850017457809255e-01
-6.403017041673122467e-01
-4.126408758188546688e-01
-4.179006449925958266e-01
-5.485749290546665380e-01
-5.152105225378148523e-01
-7.715541949505304586e-01
-1.031674533171408337e+00
-8.945709494342241053e-01
-1.354769673041138267e+00
-1.468894633953342854e+00
-1.116959880029596563e+00
-1.253982612431419064e+00
-1.265652197013436453e+00
-1.411486517156699261e+00
-1.678235128029493817e+00
-1.640117951986185707e+00
-1.480450380162573909e+00
-1.188387342585468520e+00
-1.072578224908496303e+00
-1.125324656860041461e+00
-1.309534666393862512e+00
-1.084362488009883663e+00
-1.295906680371987640e+00
-1.375816305278310558e+00
-1.462198786763265979e+00
-1.884678573840857574e+00
-1.776731344679994606e+00
-1.502133796765556362e+00
-1.126689487204687756e+00
-1.422714498910711889e+00
-1.238870983430508499e+00
-1.395797249753497615e+00
-1.513716321809213783e+00
-1.933675960779013936e+00
-2.049707753749503425e+00
-2.027920844752466145e+00
-2.043179100096640166e+00
-2.357971050879131170e+00
-2.454863464963439768e+00
-2.183807152499986248e+00
-2.327465179570628706e+00
-2.662012080185055307e+00
-2.520251377343785126e+00
-2.495340206679613537e+00
-2.659264182415645106e+00
-2.873988896032642515e+00
-2.863502947200229354e+00
-2.969397771166657485e+00
-2.555620958705187018e+00
-2.626252593743378050e+00
-2.498067743559769127e+00
-2.578638933308774028e+00
-2.846356847538868973e+00
-2.783109025080238830e+00
-2.822020353075382015e+00
-2.524634994016512923e+00
-2.415259647176602353e+00
-2.533080225738925773e+00
-2.565016484675152864e+00
-2.515694148526970153e+00
-2.849861796943317316e+00
-3.224079871787056906e+00
-3.051120781759207201e+00
-3.088575069163133513e+00
-2.964554422842383907e+00
-2.933635909399344044e+00
-3.314174321556429881e+00
-3.267558176708010631e+00
-3.228928644717606211e+00
-3.022118308605620030e+00
-2.917157124719199413e+00
-2.806451765835888512e+00
-2.851485595039231935e+00
-2.574399466114708268e+00
-2.755657461100593064e+00
-2.437798559876120930e+00
-2.197757951112263353e+00
-2.043864306580835066e+00
-2.166345238966906450e+00
-2.163365807304107324e+00
-2.162089552389940383e+00
-2.200353292423379514e+00
-2.290306083216210542e+00
-1.903503114991499823e+00
-1.971670608695910820e+00
-2.236433086901153278e+00
-2.317813751568976066e+00
-2.474251800456325423e+00
-2.515182499725593157e+00
-2.121601347106795821e+00
-2.205246931988511072e+00
-1.884464025789555741e+00
-1.829164955217852384e+00
-1.901821710189453229e+00
-1.825944414530781934e+00
-1.984574738589908405e+00
-1.840661752731855616e+00
-2.171485069583489302e+00
-2.119106481938071607e+00
-1.843480742685515539e+00
-1.985847161385867699e+00
-1.940420661079765408e+00
-2.365710901263390120e+00
-2.315713211236847702e+00
-2.157487375298767329e+00
-1.941734194483897058e+00
-1.634919266502237623e+00
-1.911212097219201933e+00
-1.781878640490792254e+00
-1.528920816643881464e+00
-1.842112102808721508e+00
-2.211812944845181761e+00
-2.440531463423694980e+00
-2.510129957662415201e+00
-2.640991684839335996e+00
-2.771818664719937431e+00
-2.681337347547938510e+00
-2.593094702995265344e+00
-2.384755545918736619e+00
-2.297415584191149218e+00
-2.319861123951841630e+00
-2.519766730657865939e+00
-2.623114788702485711e+00
-2.549181000508752071e+00
-2.485689335952027790e+00
-2.327237770743225020e+00
-2.203370071953917986e+00
-2.097279159754544597e+00
-2.185814276875793993e+00
-1.862004921563192861e+00
-1.575137005614972052e+00
-1.412404671652120802e+00
-1.583283837640380609e+00
-1.736567875110591963e+00
-1.806604283611644934e+00
-1.742905173573993993e+00
-1.715075316729741228e+00
-2.025643927130121646e+00
-2.066146263586556842e+00
-1.980784146424027892e+00
-1.580409611029923944e+00
-1.848008960699721648e+00
-1.480051088817151417e+00
-1.370927606849196678e+00
-1.325724244073108071e+00
-1.015802546951352747e+00
-1.074314844168031691e+00
-1.106009332811941581e+00
-1.356928710123717963e+00
-1.358145356934395753e+00
-1.429528279499507448e+00
-1.519342557754511658e+00
-1.473360324821583411e+00
-1.674141297896142078e+00
-2.097307258699490973e+00
-2.082382173916923929e+00
-2.143007178673829838e+00
-1.996895902226667241e+00
-2.281829338140573871e+00
-2.549002999371984046e+00
-2.445943570374019771e+00
-2.067180991797171075e+00
-1.791542352160266027e+00
-2.024589031308673182e+00
-1.895844584516089837e+00
-2.043127642368062435e+00
-2.343120239620508638e+00
-2.375015965165482967e+00
-2.432874941233691857e+00
-2.458410145447500916e+00
-2.211176691084344892e+00
-1.891505218668055210e+00
-1.714924026126149581e+00
-1.676996693531700888e+00
-1.606840623219626174e+00
-1.713005488029988310e+00
-1.860922604548032933e+00
-1.748527843140917470e+00
-1.666265188069103731e+00
-1.744390445537470802e+00
-1.869604396815706782e+00
-1.843203811568893125e+00
-1.468580275795025480e+00
-1.454730649734579773e+00
-1.650102281732466203e+00
-1.518819708594368212e+00
-1.649078499894570449e+00
-1.774247494714335405e+00
-1.745840621947414517e+00
-1.765092549255133925e+00
-1.828528354654589627e+00
-1.516087735669818359e+00
-1.335875820239624590e+00
-1.443250490439842215e+00
-1.990363551561211031e+00
-1.984834820203704719e+00
-1.846887855529498967e+00
-1.947764572242121517e+00
-2.015580140253639296e+00
-2.397950862426851959e+00
-2.075044553147225912e+00
-2.085260906324478469e+00
-2.415326351631466029e+00
-2.452458758392547455e+00
-2.407226094269882211e+00
-2.718075509353060415e+00
-2.686412636228871165e+00
-2.777115870181386281e+00
-2.797153192074585792e+00
-2.684325577049920586e+00
-2.661567654480657463e+00
-2.605947315317524104e+00
-2.248637292180660552e+00
-2.420558827180747663e+00
-2.403617552766841747e+00
-2.445880337839720031e+00
-2.427818005394683176e+00
-2.405088202710162104e+00
-2.247881992526191031e+00
-1.947719154345413095e+00
-1.601681066215087101e+00
-1.487360242207330874e+00
-1.221967650250169735e+00
-1.061786103244464652e+00
-9.240701971897387068e-01
-6.794708054443455714e-01
-8.339419765234568072e-01
-7.618877444772793606e-01
-7.813810833389104316e-01
-5.935482024448979210e-01
-7.984207160205484266e-01
-6.547220046053513487e-01
-3.399908407090972418e-01
-3.935537686312955974e-01
-3.988615353156637622e-01
-6.251646505427475020e-01
-4.742005241347574396e-01
-6.694371158077507822e-01
-7.841750726471392596e-01
-9.641282463437925720e-01
-1.032840822609320419e+00
-5.777001256934951590e-01
-3.914149887513461157e-01
-2.064141761512099105e-01
-2.729481465994807454e-01
-3.541586136666123319e-01
-3.870381300305474337e-01
-4.040368081172881487e-01
-3.083925316284068519e-01
-3.021623269923568444e-01
-3.621291335976618009e-01
-2.234330545579868710e-01
-6.549717797096862304e-01
-9.401200579205821750e-01
-9.536957523902712675e-01
-1.027123868879345370e+00
-1.072820127935605994e+00
-1.208520985197512054e+00
-1.011596631818903358e+00
-1.168926493260003641e+00
-1.087971880159202431e+00
-1.172606055436835160e+00
-1.174454557485465234e+00
-1.449685386030741707e+00
-1.452456282348824290e+00
-1.433395491490391249e+00
-1.465583150779924626e+00
-1.373547279814348876e+00
-1.170526444910650943e+00
-1.159604654103510324e+00
-1.162247225697112363e+00
-6.899524331519311104e-01
-7.026126218109771671e-01
-6.588234824004796097e-01
-7.917358108863709054e-01
-8.259343832711666389e-01
-8.610508964702590085e-01
-1.159152560580604341e+00
-1.061397939925408096e+00
-1.335611391769476075e+00
-1.186376446095551929e+00
-1.254062481128515705e+00
-1.492683697333282877e+00
-1.266738211445123108e+00
-1.031864955906827586e+00
-9.563666761015942042e-01
-8.893009215345776264e-01
-7.392034398288495067e-01
-8.276878248305400421e-01
-1.108030756892008029e+00
-1.387876317339754140e+00
-1.354823615894100719e+00
-1.195240491712940889e+00
-1.231679967494302863e+00
-1.242961231885335804e+00
-1.499396519644364600e+00
-1.596351130857934564e+00
-1.788027279009971382e+00
-1.727967951292771254e+00
-1.775314197781677095e+00
-1.754136131569532076e+00
-1.460484149496062534e+00
-9.456208245830315384e-01
-7.038500706865283840e-01
-7.813750747350144410e-01
-1.040168079751430774e+00
-1.082054405533894759e+00
-1.356438551419133942e+00
-1.430585517611334456e+00
-1.233154930681860995e+00
-1.131187715785768377e+00
-1.188088446932964892e+00
-1.016637255369910564e+00
-9.761937876204274112e-01
-8.382108506775701739e-01
-6.467359810115085317e-01
-6.926603026343443048e-01
-7.095090959714944745e-01
-5.591868448903193345e-01
-4.438716564312388813e-01
-6.150481680088117908e-01
-6.341433798353950380e-01
-1.008278533132890509e+00
-1.166990899582844632e+00
-1.267538510913517769e+00
-1.012474518183678063e+00
-8.644872405321873954e-01
-6.616037878048403043e-01
-4.877074029014741852e-01
-5.006875345534731458e-01
-6.084952889013666155e-01
-6.144971529957700129e-01
-6.284033983787140620e-01
-6.013756478033174258e-01
-5.892575159602664314e-01
-8.659150486565441174e-01
-8.539780626727687673e-01
-8.601593682663496443e-01
-7.394747989658788656e-01
-5.886022589512224235e-01
-4.966900044783187362e-01
-6.327750611130732450e-01
-9.441230336630793696e-01
-1.278762862877132811e+00
-1.575922449546826254e+00
-1.413861793685611268e+00
-1.573219500659197800e+00
-1.484381320813341398e+00
-1.662753200871805781e+00
-1.705066382603296127e+00
-1.723389107340444593e+00
-1.703540103672220418e+00
-1.663509534083519092e+00
-1.560622837659200846e+00
-1.950909275843858648e+00
-1.963289087137148670e+00
-2.010597759565845077e+00
-1.948964640772788082e+00
-1.773321814114464212e+00
-1.744988660741347841e+00
-1.798473318786153907e+00
-1.940938244599645257e+00
-2.082258445966257643e+00
-2.168136733737396682e+00
-2.251126332688420550e+00
-2.333916497852587035e+00
-2.383246037589652477e+00
-2.281244727751374324e+00
-2.346230093618848045e+00
-2.049896576849254970e+00
-2.166909035241316506e+00
-2.074697470502873120e+00
-2.037493878069724040e+00
-2.091886104782934908e+00
-2.264145355917174474e+00
-2.159248196091602789e+00
-2.008918227782376942e+00
-1.647411446897255161e+00
-1.649667788939433999e+00
-1.664855028756125455e+00
-1.520635753944021173e+00
-1.781167982914523273e+00
-1.744629378924814400e+00
-1.947517160069327069e+00
-1.760232230064185055e+00
-1.530738574012709963e+00
-1.658864190304712771e+00
-1.496391664781921982e+00
-1.478732150233817322e+00
-1.404046034247470764e+00
-1.314785185220292085e+00
-1.359930096366629204e+00
-1.633633288902542668e+00
-1.609986933235894035e+00
-1.507707692534041355e+00
-1.367811624276993321e+00
-1.466234729386691749e+00
-1.613669757422326656e+00
-1.432984870701608182e+00
-1.604449199062043752e+00
-1.546072703752460864e+00
-1.510871242247793456e+00
-1.697410511750896189e+00
-1.811258173175507968e+00
-1.843308579950229120e+00
-1.987875096341653602e+00
-1.942615824522184731e+00
-1.868883556907892984e+00
-1.687864996191527744e+00
-1.440634850798871325e+00
-1.254191348323146826e+00
-1.342897113181674040e+00
-1.479674293741850555e+00
-1.590139589916545582e+00
-1.709893959005573283e+00
-1.832028682084404947e+00
-2.115760052438258043e+00
-2.119096666971984622e+00
-2.148042884433399191e+00
-2.263368853820419080e+00
-2.391576064143308145e+00
-2.317584972751342676e+00
-2.283275513054802808e+00
-2.439797902314549294e+00
-2.586098579561904920e+00
-2.503402364421701165e+00
-2.858458446205318193e+00
-2.823091301492755001e+00
-2.595941434407740722e+00
-1.993701268283288641e+00
-1.718596835352575347e+00
-1.751426389904955583e+00
-1.475916291549209669e+00
-1.650420220238266067e+00
-1.882014199536661048e+00
-1.900863152596905969e+00
-2.155260796896851350e+00
-2.530181445603379320e+00
-2.465315257066057253e+00
-2.614638354808306531e+00
-2.468180463206262498e+00
-2.590243060203096359e+00
-2.590929907627915085e+00
-2.515240073744079652e+00
-2.894020996861071282e+00
-2.986115054629293830e+00
-3.074194320666429725e+00
-3.319735448232426389e+00
-3.416725489692437279e+00
-3.067761471446739829e+00
-3.127717610820611949e+00
-3.146961252889681759e+00
-2.990129393795133428e+00
-2.691845039299448406e+00
-2.671548877002949407e+00
-2.285828957501654823e+00
-2.110209381966283271e+00
-2.204417890557520909e+00
-2.334238801655530882e+00
-2.252129357005358212e+00
-2.407697238364598036e+00
-2.557505467341321115e+00
-2.458337237143695564e+00
-2.194195864933747853e+00
-2.124910805993080132e+00
-2.318657022499233111e+00
-2.363633660016416282e+00
-2.569544023385517129e+00
-2.402993495242879973e+00
-2.374585062972980776e+00
-2.389523078406200263e+00
-2.326125996013720165e+00
-2.159157168007567407e+00
-2.481312104532532814e+00
-2.550469999303272672e+00
-2.652474918363512124e+00
-2.742999134470414546e+00
-2.890859346839703470e+00
-2.887761980808821072e+00
-2.630256997628472426e+00
-2.530190624241153596e+00
-2.465073748524160280e+00
-2.309209842734491591e+00
-2.349603737439908802e+00
-2.344602215220930930e+00
-2.216663115788653382e+00
-1.968651197674820441e+00
-1.826361199469591412e+00
-1.625204673016820145e+00
-1.504952661561016036e+00
-1.323348588481433552e+00
-1.703167279420570557e+00
-1.966543021113300371e+00
-2.328273920363763683e+00
-2.481026630353933893e+00
-2.167646161504782398e+00
-2.074682271312349613e+00
-2.366609753300396246e+00
-2.313160537745043044e+00
-2.270583345543006448e+00
-2.143226207155240814e+00
-2.064703148525496079e+00
-1.902149519138730094e+00
-1.753430877823481726e+00
-1.742236480670408927e+00
-1.772184311615179420e+00
-1.973785440271132785e+00
-2.308783972276399865e+00
-2.292455223046425683e+00
-2.254081744383746866e+00
-2.473712544370560540e+00
-2.324377262067366612e+00
-2.275002870413049383e+00
-2.131329317384442312e+00
-2.246688226448013470e+00
-2.140647311662476682e+00
-1.930630817339271665e+00
-2.133193307811417583e+00
-2.199570194717818339e+00
-2.234108780877080314e+00
-2.233408558698966484e+00
-2.180363548268810181e+00
-2.254676981925632262e+00
-2.401731710526204377e+00
-2.607093373677360493e+00
-2.551124301805097971e+00
-2.402195562255679206e+00
-2.422780518837323260e+00
-2.297618798477151003e+00
-2.530098522621703427e+00
-2.482310093446085553e+00
-2.667197560806451317e+00
-2.647612346447900222e+00
-2.674878442088592934e+00
-2.623135106211156753e+00
-2.568486499966955439e+00
-2.677171643738174733e+00
-2.614986488206383797e+00
-2.799577790850685588e+00
-2.682633769806811230e+00
-2.488840663976083611e+00
-2.287181751863623269e+00
-2.383651556348128864e+00
-2.256530279865427424e+00
-2.401199361085636141e+00
-2.242118872875796587e+00
-2.348310657152195002e+00
-2.271968927476419875e+00
-2.383447629673626444e+00
-2.569906035199650329e+00
-2.359008432161806113e+00
-2.430640733977737611e+00
-2.665498514622960613e+00
-2.816378401261019349e+00
-2.916782392689305503e+00
-2.890110342203624949e+00
-2.704345558824877482e+00
-2.605029302520605050e+00
-2.453495649013873070e+00
-2.769430926449812702e+00
-2.686796473044267497e+00
-2.852262004646146654e+00
-2.953051653194081361e+00
-2.612158395606519079e+00
-2.417323132983658418e+00
-2.338326014388643959e+00
-2.201290667078189767e+00
-2.298509143712206271e+00
-2.426328569813228420e+00
-2.229287235086613084e+00
-1.925096184595670668e+00
-1.728716617440423153e+00
-1.630585162620655115e+00
-1.930905808189143036e+00
-2.127158516676215250e+00
-2.493600764548721482e+00
-2.391272354004409184e+00
-2.159717472780628533e+00
-2.204685247302039741e+00
-2.255905792803655885e+00
-2.325976981042483960e+00
-2.145550746586477153e+00
-2.352027678010045086e+00
-2.374753110258979838e+00
-2.515599559647582417e+00
-2.582555310399591519e+00
-2.259540191847562607e+00
-2.264132717271309936e+00
-2.488742539554116284e+00
-2.263973287668436640e+00
-2.063066343091085830e+00
-2.185500743367410514e+00
-2.198849292794761379e+00
-2.204028060797735833e+00
-2.118784057378123364e+00
-2.245517297172924476e+00
-2.264199330652027164e+00
-2.267389341925143853e+00
-1.952362552470067847e+00
-2.178127829558202944e+00
-2.318420749316195018e+00
-2.729825588829084548e+00
-3.083035463053055647e+00
-3.174461549885664091e+00
-3.202302905381673170e+00
-3.274786038913908293e+00
-3.644231734526539146e+00
-3.771704204796216153e+00
-3.663304335736005779e+00
-3.452845564577817772e+00
-3.390881805280879124e+00
-3.533754968779212469e+00
-3.438586773460563073e+00
-2.992037273269047226e+00
-2.887140879392501969e+00
-2.615132203607390959e+00
-2.752546418432082920e+00
-2.569764986170367749e+00
-2.583647371459678599e+00
-2.548421035191880346e+00
-2.678126697627499997e+00
-2.721234911024538405e+00
-3.077147910953050847e+00
-2.964808019148607254e+00
-2.846793732374583996e+00
-2.734978410840832375e+00
-2.774233046876391828e+00
-2.792029457377697810e+00
-2.729621424635494620e+00
-2.576285267695689996e+00
-2.850622336062496931e+00
-3.059725948691891517e+00
-3.185239691962107766e+00
-3.560760274382257062e+00
-3.834689184006140561e+00
-3.731237100554589237e+00
-3.980301538505543135e+00
-4.166636799663685942e+00
-4.077843650451737467e+00
-4.359675375613695003e+00
-4.362629864988395667e+00
-4.430247162915158299e+00
-4.257741008242479808e+00
-4.307863958193574483e+00
-4.663054911347824572e+00
-4.757567950126605716e+00
-4.991670033413989849e+00
-5.066307603087168765e+00
-4.898000637119153566e+00
-4.767531411110541129e+00
-4.972806594483884624e+00
-5.104660626821220681e+00
-4.951989341721818150e+00
-5.032445034137174034e+00
-5.109197329691482992e+00
-5.089170314927162764e+00
-5.284400893633602436e+00
-5.284768249498246639e+00
-5.151315451051853067e+00
-4.963554883568860099e+00
-4.948948255823403919e+00
-4.678639083298023138e+00
-4.937305082709209536e+00
-4.876428869379279440e+00
-4.966985665219617374e+00
-4.963985914747731876e+00
-5.008149524093562732e+00
-4.755986530924073641e+00
-4.754011535626959883e+00
-4.776700398283697524e+00
-4.859912053724520398e+00
-4.727781565035799716e+00
-4.573263189075110979e+00
-4.751354332020746973e+00
-4.625133160542043598e+00
-4.514849737802860474e+00
-4.548583922063384577e+00
-4.550298156596984001e+00
-4.835026136476378689e+00
-4.824508781545048919e+00
-4.756594363070656861e+00
-4.917545970301129721e+00
-4.907513994873279550e+00
-4.936541565959875477e+00
-5.028495259003124218e+00
-5.002035282152984763e+00
-5.166092483126870860e+00
-5.147932572094513937e+00
-4.981631860603204842e+00
-5.121097606311971084e+00
-5.135374214840322082e+00
-5.347301822802382532e+00
-4.990812295765548967e+00
-4.892127670898300806e+00
-4.738597708517546359e+00
-4.892314138296650405e+00
-4.793633849774938227e+00
-4.685703632941430996e+00
-4.744730656087126519e+00
-4.814669032879696609e+00
-4.761119827044374198e+00
-4.664839518284032316e+00
-4.451530056794433143e+00
-4.248181337083112297e+00
-4.213703513574022175e+00
-4.208633944612355293e+00
-4.255624397397339109e+00
-4.254010038765488666e+00
-4.376362319673759771e+00
-4.584536748845541076e+00
-4.616216776823127255e+00
-4.770710191673068756e+00
-4.647109710283654493e+00
-4.930422118856180980e+00
-4.965420919373180197e+00
-4.930137519305338500e+00
-4.894169911322685529e+00
-4.805580827039706016e+00
-4.903000017292760582e+00
-4.763824232214213694e+00
-4.576653389087196544e+00
-4.614797927722689153e+00
-4.568080787472155180e+00
-4.758660754416791150e+00
-4.739103141556806342e+00
-4.991225258698851697e+00
-4.971247126516979975e+00
-5.056520502723630628e+00
-5.351779857160985365e+00
-5.361947499500994141e+00
-5.691824958776855681e+00
-5.471236752936261105e+00
-5.193776746222501295e+00
-4.985328701554165853e+00
-4.710476569813325298e+00
-4.709842978509588995e+00
-4.276258685817975191e+00
-4.219000526943984752e+00
-4.013979845292384496e+00
-3.958801405796142259e+00
-4.183714239923056688e+00
-3.815291269979562916e+00
-3.730480040194494862e+00
-3.695944076173034887e+00
-3.880426293836129581e+00
-3.767828112105156890e+00
-3.558476177014485486e+00
-3.712867336215692760e+00
-3.862054436435778726e+00
-3.862211424762290957e+00
-3.811350732273214970e+00
-3.947757723367808502e+00
-4.011569595002403510e+00
-3.728283917481063803e+00
-3.442421095310142842e+00
-3.492617946631967563e+00
-3.635984796263793672e+00
-3.908875500632365441e+00
-3.798373153547657033e+00
-3.729769505018528886e+00
-4.040834013794778912e+00
-4.162812882219861343e+00
-4.177687248303258549e+00
-4.255291882531785141e+00
-3.918058226049454973e+00
-3.825672438680987053e+00
-3.909209940974394115e+00
-3.756092092943720484e+00
-3.896662314619222300e+00
-4.042947582432503850e+00
-3.971371938167633786e+00
-4.004011381739131181e+00
-3.851757013384007777e+00
-3.741620303735976982e+00
-3.510441108656108256e+00
-3.714386767612563478e+00
-3.947757690438967071e+00
-3.996140902303854769e+00
-4.076569489323977002e+00
-3.929932060243169989e+00
-3.942756681787691342e+00
-3.821007229318545306e+00
-3.837983912327213698e+00
-3.912879855844868526e+00
-3.870352453675377280e+00
-3.915734340063208307e+00
-3.952835977986915772e+00
-4.110086002719509857e+00
-4.041797492111987467e+00
-3.908818184246711347e+00
-3.860021333115527753e+00
-3.859119508334503568e+00
-3.539947620342380752e+00
-3.513803455079225202e+00
-3.558498127053641991e+00
-3.456530994898205034e+00
-3.439232569023462638e+00
-3.379512280071097496e+00
-3.699239238145009878e+00
-3.773164551584716531e+00
-3.749350972895838296e+00
-3.595025943413842739e+00
-3.719350765625433208e+00
-4.011386918235223753e+00
-3.725603094038381968e+00
-3.827615951353867896e+00
-3.884992400577911287e+00
-3.884977454800172758e+00
-3.688111245472621480e+00
-3.697779712244048334e+00
-3.611895590760682673e+00
-3.524834350276043526e+00
-3.418609652707292224e+00
-3.590600101897686969e+00
-3.893028526587849925e+00
-3.876217528210596619e+00
-3.843514472787134650e+00
-3.878645047786649869e+00
-3.837401287774208303e+00
-3.886086666278488977e+00
-3.750680574790132837e+00
-3.718177690259846013e+00
-3.635559645196775325e+00
-3.527817042714361584e+00
-3.512753627547995805e+00
-3.546821093687929860e+00
-3.486428113641849791e+00
-3.370042880277261510e+00
-3.507121644480025946e+00
-3.483808550274160254e+00
-3.463668849783000159e+00
-3.323190749854136428e+00
-3.310115627188001675e+00
-3.329544199109619740e+00
-3.364092113097170156e+00
-3.629950800280003609e+00
-3.694443176339889057e+00
-3.877963100388994278e+00
-3.998546266008486949e+00
-3.850421920531183595e+00
-3.700080463479543447e+00
-3.694518577331024289e+00
-3.645369593654374629e+00
-3.521122682186403896e+00
-3.548801421195564743e+00
-3.623908283773058958e+00
-3.607518104082135135e+00
-3.523698271769327484e+00
-3.443472558018152441e+00
-3.412229809915830803e+00
-3.512836331835664794e+00
-3.712830619066286530e+00
-3.802283683641091372e+00
-3.941166664351774429e+00
-3.849731415723025574e+00
-3.595864371078773214e+00
-3.823386857516802628e+00
-3.993214092731855125e+00
-3.726141436004559715e+00
-3.831253804625970094e+00
-3.762074055239168047e+00
-3.886245366856346362e+00
-4.057321927086702473e+00
-4.001399042027315112e+00
-4.021125675545675016e+00
-4.072884151632725214e+00
-4.095348113283490576e+00
-4.046615245564920471e+00
-4.193624149278897484e+00
-3.975272296714801090e+00
-3.781314462601250703e+00
-3.965439532289634528e+00
-3.888748840065234802e+00
-4.020849546457746726e+00
-4.167622355768081377e+00
-4.057071330917371377e+00
-4.050521478575597634e+00
-4.138355563678215887e+00
-4.031468160716406679e+00
-4.186182576033791847e+00
-4.312745554078501797e+00
-4.098896800329084655e+00
-4.086226607171593805e+00
-4.059853873402508917e+00
-4.212006399790398703e+00
-4.262407067158097362e+00
-4.350188775960228682e+00
-4.568791720867655393e+00
-4.693357437088330641e+00
-4.668439289181897323e+00
-4.961012842619023644e+00
-4.989044370923038763e+00
-5.183486817223130316e+00
-5.515261371921662104e+00
-5.501265783920995744e+00
-5.469223756930039038e+00
-5.567721772110195921e+00
-5.347266807290763424e+00
-5.308939414787673172e+00
-5.042314172267094996e+00
-4.984173338095812866e+00
-4.868943402662791797e+00
-4.777551769226731082e+00
-4.904934755349120934e+00
-5.050322451140636382e+00
-4.831849069667687679e+00
-4.830786096690692588e+00
-4.924843865391211217e+00
-4.821097367304036929e+00
-4.964191146156381684e+00
-4.709133649364988017e+00
-4.971768791971123314e+00
-5.121347760937158711e+00
-5.134630949341828732e+00
-5.072546289006576892e+00
-5.139134229232515061e+00
-5.040414218530167467e+00
-4.678955747398231502e+00
-4.629881692495311896e+00
-4.516417411378835567e+00
-4.348163721250394964e+00
-3.972877903085601403e+00
-3.948527691009113383e+00
-4.029502524274242603e+00
-4.227964283568752535e+00
-4.487132559788499897e+00
-4.416933397345508716e+00
-4.519534735330929642e+00
-4.713775785271869800e+00
-4.769085493431062694e+00
-4.806206751157724888e+00
-4.543841908820326125e+00
-4.489273156114636620e+00
-4.345759733296184812e+00
-4.463329690841849384e+00
-4.655992241622579186e+00
-4.930674476770844805e+00
-5.231525701717722576e+00
-5.358372198122896890e+00
-5.517122599817862572e+00
-5.569584874307502709e+00
-5.561017256360226924e+00
-5.820560574960514266e+00
-5.968967233349731671e+00
-5.773491154947574699e+00
-5.577768369960139694e+00
-5.325419498128043827e+00
-5.404351179825972018e+00
-5.252630849009829461e+00
-5.469867876337836776e+00
-5.292812509797836462e+00
-4.976735767997600313e+00
-5.124945626052688219e+00
-5.032006043638947546e+00
-5.249750688893015216e+00
-5.157618726235341455e+00
-5.164996291825696417e+00
-5.189755871995250125e+00
-5.274202175681607763e+00
-5.305020348176315181e+00
-5.222991099124401515e+00
-5.247591722047885376e+00
-5.207837034015340372e+00
-5.382521247988966806e+00
-5.339093346705825915e+00
-5.236832933913616372e+00
-5.193192066191238077e+00
-5.371243525779415329e+00
-5.573395174476084790e+00
-5.746656990040166946e+00
-5.486515983108138705e+00
-5.377632079407785426e+00
-5.198579256231149692e+00
-5.093585469260452747e+00
-5.109373059458620858e+00
-4.864908253952568096e+00
-4.933657101364917530e+00
-4.759185427314721828e+00
-4.949690406576613633e+00
-5.194167830405151065e+00
-5.536585997189384933e+00
-5.625913359733953456e+00
-5.755411265320010017e+00
-5.856588798776573235e+00
-5.939756161917115307e+00
-5.502048468717243956e+00
-5.420346240437096341e+00
-5.255448674404460618e+00
-5.461945865121797361e+00
-5.399484186437867983e+00
-5.454442499898599195e+00
-5.372196888793967062e+00
-5.325051422533480405e+00
-5.289253906986652431e+00
-5.355622193694076216e+00
-5.219344639638183736e+00
-5.160299638008098100e+00
-4.913299859442037842e+00
-4.893176461951664002e+00
-4.897457335368972764e+00
-5.067364512113995190e+00
-5.125739123177320167e+00
-5.477359498938195514e+00
-5.439332670047526186e+00
-5.394989051551394965e+00
-5.403193669748073802e+00
-5.430600392193986714e+00
-5.213227550057855986e+00
-4.894935782861843165e+00
-4.767290422425275231e+00
-4.947873366752668645e+00
-5.076973901537505718e+00
-5.055775522659102350e+00
-5.066058368105256449e+00
-5.061857100633967654e+00
-4.900158510399056588e+00
-5.077735067035438199e+00
-5.329060414661801026e+00
-5.295966529342235773e+00
-5.218763251252146240e+00
-4.992170756453758074e+00
-4.980369603959283076e+00
-4.875060975280238296e+00
-4.852969669340081893e+00
-4.594913374187874489e+00
-4.499435822875082813e+00
-4.572970259659909331e+00
-4.798540605102096457e+00
-5.004701082457198247e+00
-4.949147389866697111e+00
-5.087121638331727702e+00
-5.066259061495436811e+00
-5.290236418357208592e+00
-5.246686694161947884e+00
-5.299930734431932855e+00
-5.242803606915521719e+00
-5.213163906935904812e+00
-5.236541978232001071e+00
-5.121621476304475173e+00
-4.863008228695928636e+00
-5.015630849164695704e+00
-5.123694577702361919e+00
-5.153711322940129236e+00
-5.352717519546835057e+00
-5.314211988703115175e+00
-5.337090042859683692e+00
-5.469633902498047817e+00
-5.434668349829763656e+00
-5.228292796015346688e+00
-4.902185273915827146e+00
-4.729361089642980076e+00
-4.721798470079452414e+00
-4.756175084005918485e+00
-4.632492027014478708e+00
-4.466335782117998754e+00
-4.266250123266807748e+00
-4.459623882272592432e+00
-4.549769822989582657e+00
-4.698282405746271095e+00
-4.715016643034680932e+00
-4.551236676691985394e+00
-4.513505324744862435e+00
-4.573634527434364827e+00
-4.667316234850014567e+00
-4.709482393049167825e+00
-4.640163564735694024e+00
-4.600941331650009403e+00
-4.824548265246480838e+00
-4.898708804084149548e+00
-4.799115693671004657e+00
-4.809549474293776328e+00
-5.114252964061920537e+00
-5.066855729887039139e+00
-5.024165220183018477e+00
-4.978101718743098481e+00
-4.879442050201332037e+00
-4.741195691182822358e+00
-4.684329050746956824e+00
-4.493536871089899520e+00
-4.298963920491563506e+00
-4.485532249849977227e+00
-4.541832466185413253e+00
-4.695888324391003010e+00
-4.689775793173617480e+00
-4.603995763829127341e+00
-4.791873043315227676e+00
-4.830030070718853707e+00
-4.835080238251016738e+00
-4.953663096910081443e+00
-4.778194992289032328e+00
-4.576119107526912089e+00
-4.618471405632160298e+00
-4.469282744100251392e+00
-4.417052457998662973e+00
-4.265549513196199349e+00
-4.297332859590235365e+00
-4.237402305072669684e+00
-4.341285219901504178e+00
-4.482074954360443897e+00
-4.309551869834411519e+00
-4.078076610662874302e+00
-4.103545953861218010e+00
-4.324656878920885461e+00
-4.395249486252197357e+00
-4.739351899556983660e+00
-4.841305813855735884e+00
-5.005246091493434690e+00
-4.636964899113301009e+00
-4.672431888918812781e+00
-5.014068589413872346e+00
-5.069026660983474208e+00
-4.864858267376364509e+00
-5.104798878656586325e+00
-4.824452939938584706e+00
-4.769644453304307419e+00
-4.884988224741530161e+00
-4.741719381656661625e+00
-4.570657604459291257e+00
-4.679560036681607471e+00
-4.588759428431650633e+00
-4.554310560815427067e+00
-4.755414906297279920e+00
-4.801717048136257660e+00
-4.740312862031359487e+00
-4.824570499078863151e+00
-4.755755086755238281e+00
-4.896445375342447726e+00
-4.971817614251804684e+00
-5.131785181496009152e+00
-5.053729171290266109e+00
-5.127070887796342014e+00
-5.287893305777692454e+00
-5.236562951524202703e+00
-5.164931383908294649e+00
-4.860310432452410012e+00
-4.768823213668245131e+00
-4.742920036529247874e+00
-4.797702967000962992e+00
-4.915276231181222144e+00
-4.822432874572021966e+00
-4.742650503870580181e+00
-4.637452785677916189e+00
-4.679636733431475903e+00
-4.400718489095130970e+00
-4.250726905228964903e+00
-4.170612905125917536e+00
-4.127743579274002705e+00
-4.129710337928045760e+00
-4.217507413923136994e+00
-4.232453761243353263e+00
-4.357133834653099669e+00
-4.433544379741449326e+00
-4.315224061917486864e+00
-4.021720697587355176e+00
-4.066795737280941125e+00
-3.873391253328803074e+00
-4.097051438927834077e+00
-4.287180025555970886e+00
-4.181297052282477722e+00
-3.983074191576648992e+00
-4.084213401721047632e+00
-4.186692454053235757e+00
-4.240330424705116563e+00
-4.614600785321839815e+00
-4.533204197935382318e+00
-4.705677649711438981e+00
-4.802573970308533724e+00
-4.835721001347964787e+00
-4.872358262061863954e+00
-4.826948737652302590e+00
-4.843462390027145403e+00
-5.140800732523233663e+00
-5.514714967152175795e+00
-5.430056599505079795e+00
-5.189942770116059201e+00
-4.827963678736709063e+00
-4.754584174056550872e+00
-4.843604074468458975e+00
-4.860310148350821535e+00
-4.720939634955184872e+00
-4.756208707387294510e+00
-4.618769764903338348e+00
-4.608024356681166722e+00
-4.638582982965547608e+00
-4.988974003217001574e+00
-5.165314961662277327e+00
-5.215498553808359361e+00
-5.085602504070499741e+00
-4.924133284777301611e+00
-4.718293420903326485e+00
-4.735075082914990574e+00
-4.946036618790055961e+00
-4.844702505905904566e+00
-4.658447228235538695e+00
-4.456839843114774879e+00
-4.449528011484055412e+00
-4.546101829607452238e+00
-4.802333171397370926e+00
-4.777415237352171218e+00
-4.841523465552183936e+00
-4.811530752443388792e+00
-4.787869748460107822e+00
-4.792929069056870439e+00
-4.773890750110301617e+00
-4.839339294960421256e+00
-5.070469914251250820e+00
-5.161803314312087387e+00
-5.156896991988759282e+00
-5.422719625117726316e+00
-5.465818480180193006e+00
-5.345794551644743819e+00
-5.487111613947008415e+00
-5.557444694619189107e+00
-5.701549712369448741e+00
-5.870784328830909615e+00
-5.725233682215002062e+00
-5.432425745910905768e+00
-5.605430786526343745e+00
-5.751949583461826165e+00
-5.685126172171523606e+00
-5.743428634144818190e+00
-5.853149801613141356e+00
-5.819358126993079416e+00
-5.786678104036801606e+00
-5.636983683726604077e+00
-5.734101872762664698e+00
-5.720720271278369573e+00
-5.675548486550791694e+00
-5.911980367568950179e+00
-6.020219643897231521e+00
-6.187331817058345784e+00
-6.053875345362431659e+00
-6.106031959783487117e+00
-6.307398418644267757e+00
-6.549253743378825376e+00
-6.775064714095512031e+00
-6.983261958882980736e+00
-7.232803048071954066e+00
-7.068109080292795277e+00
-7.085525833038035515e+00
-7.039321505828796788e+00
-7.167283884964425589e+00
-7.132005763655353547e+00
-7.172209295140697272e+00
-7.443813055560760894e+00
-7.532761978208942999e+00
-7.733647429724350708e+00
-7.793534899836343399e+00
-7.887113846818269991e+00
-7.855577536270595296e+00
-7.659510475122257134e+00
-7.750348517049360453e+00
-7.597521344930189713e+00
-7.527272037006813576e+00
-7.611872584656400598e+00
-7.856631802450414703e+00
-7.914110354916775947e+00
-7.796505649868167964e+00
-7.996932008455492458e+00
-7.974786251674840898e+00
-7.933179331239374577e+00
-7.955936511480849127e+00
-7.979604908342819769e+00
-8.145525048895997600e+00
-8.360920734080458772e+00
-8.365042748243704196e+00
-8.608356054208874397e+00
-8.590995456527085850e+00
-9.026269322147227214e+00
-9.190866904535109683e+00
-9.252559177943950885e+00
-9.415106539666771468e+00
-9.472271172351481638e+00
-9.372481753244263913e+00
-9.234173104678774280e+00
-9.533437197503140226e+00
-9.693359022039361506e+00
-9.592788879622327514e+00
-9.308603153858578949e+00
-9.267808804625888186e+00
-9.556037298981815198e+00
-9.721128014976500253e+00
-9.797223631524850873e+00
-9.905223548845283332e+00
-9.798879974906981261e+00
-9.758761496736216401e+00
-1.000166379342206113e+01
-9.975066971616879385e+00
-1.010392765537999260e+01
-1.034154950814945906e+01
-1.039935776677499035e+01
-1.072667263773828061e+01
-1.077912883761383611e+01
-1.051087773801058134e+01
-1.062586658402621431e+01
-1.057467825994261723e+01
-1.071767821445764390e+01
-1.075912982364612880e+01
-1.070698246098646678e+01
-1.057463569769304179e+01
-1.059758552748814608e+01
-1.045467554121082898e+01
-1.048004242854957369e+01
-1.038390165474561755e+01
-1.035188873625787664e+01
-1.003229293247760978e+01
-9.933853701483997156e+00
-9.895394971314702914e+00
-1.002717951671396790e+01
-1.015578408511376907e+01
-1.004627428439764003e+01
-9.985097319645937830e+00
-9.904315900964050456e+00
-1.002236877614244470e+01
-1.007890723174641323e+01
-1.007836860433756065e+01
-9.949108961296879272e+00
-9.834648491346026589e+00
-9.744653101194725053e+00
-9.554220073900232535e+00
-9.468388160932768471e+00
-9.388899605771813484e+00
-9.278908618833890287e+00
-9.158209864611137618e+00
-9.564577836224534835e+00
-9.702818810868800270e+00
-9.802909081266754754e+00
-9.503823331755997472e+00
-9.440683203064699214e+00
-9.403795721903252414e+00
-9.525674905685880489e+00
-9.770146866962923227e+00
-9.649317606709878703e+00
-9.498223324325536510e+00
-9.528040862982489756e+00
-9.405899157255788623e+00
-9.318555917600583882e+00
-9.496325681014134545e+00
-9.635754023459432105e+00
-9.655023738037677106e+00
-9.425782298196875075e+00
-9.187198873260124188e+00
-9.130502603179387222e+00
-8.970185048108390902e+00
-8.927516476747639373e+00
-8.821580479921040663e+00
-8.656815055179650997e+00
-8.697278039752875500e+00
-8.544660633791847815e+00
-8.675189995141767696e+00
-8.805339190022712259e+00
-8.903609918104217869e+00
-8.905118050250699469e+00
-8.706309646725964413e+00
-8.757966172574631614e+00
-8.588726914625507192e+00
-8.417169685378963706e+00
-8.447406503954560719e+00
-8.181230129788184868e+00
-8.407670564411581893e+00
-8.281372585528689712e+00
-8.417571955026962982e+00
-8.644182067721366991e+00
-8.582487712775069610e+00
-8.805118502097494471e+00
-8.975353434555637833e+00
-8.899543569551338962e+00
-8.645606112072941940e+00
-8.660127632136438436e+00
-8.497015573596151228e+00
-8.575064639705910707e+00
-8.738524384712732740e+00
-8.753501408416191509e+00
-8.571336245811876253e+00
-8.641663582789005815e+00
-8.565500343012868001e+00
-8.636392368135746622e+00
-8.723127628276804657e+00
-8.826604255340928518e+00
-8.808504356379184941e+00
-8.996066432179809169e+00
-9.125112745294213568e+00
-9.382218762298375481e+00
-9.447193109851532711e+00
-9.453767813660627795e+00
-9.298528424016829774e+00
-9.332599496427825159e+00
-9.450681886084254302e+00
-9.284913575836270638e+00
-9.134570259438779871e+00
-9.091636200452780869e+00
-9.046685301690480685e+00
-9.102785175200720502e+00
-9.273486601892587444e+00
-9.321678136147024674e+00
-9.520793756451874756e+00
-9.618717878397625043e+00
-9.631030348649131767e+00
-9.581240517957693825e+00
-9.392471059437772496e+00
-9.257198858105727624e+00
-9.416074034978382912e+00
-9.721726239998199404e+00
-9.668753331003813400e+00
-9.557311173390898418e+00
-9.630439787390136175e+00
-9.786306672925231709e+00
-9.676442384041534339e+00
-9.567549077630784993e+00
-9.553837537382865008e+00
-9.826741772502364469e+00
-9.826595643542365366e+00
-9.602994914305867269e+00
-9.676153609795555610e+00
-9.670508562499186667e+00
-9.841803534330972880e+00
-9.901121747979509280e+00
-9.970373949352975274e+00
-9.885494329861915119e+00
-9.808644661645383067e+00
-9.773732605038683019e+00
-9.890243482353488602e+00
-1.013199103252614819e+01
-1.026418786614322975e+01
-1.034998818253036568e+01
-1.032059093941916572e+01
-1.038533322063107178e+01
-1.045323169854289880e+01
-1.069807838638319453e+01
-1.099009591266380426e+01
-1.123662882678828545e+01
-1.130246809527704421e+01
-1.126576623119890463e+01
-1.115489901154224839e+01
-1.125757322173252639e+01
-1.104578883224069763e+01
-1.125514700172802485e+01
-1.138053672155437823e+01
-1.128034213147358855e+01
-1.142476245335399909e+01
-1.142702377456925333e+01
-1.144260251171232312e+01
-1.136457248727613312e+01
-1.147863122564620397e+01
-1.158009195065112529e+01
-1.172162191581845292e+01
-1.167218357272216878e+01
-1.165633985491459512e+01
-1.178686558976986731e+01
-1.169034884021144549e+01
-1.150812129762139868e+01
-1.159235508572434092e+01
-1.180058804451213383e+01
-1.177631764372571155e+01
-1.176507601887902155e+01
-1.215387480702404055e+01
-1.219209302610445178e+01
-1.212710241496269958e+01
-1.209981996925815650e+01
-1.202872103091507228e+01
-1.217191146783243383e+01
-1.205236452481489451e+01
-1.200463072557490563e+01
-1.192981655994350554e+01
-1.188243787572600674e+01
-1.179644166740198408e+01
-1.158847767112597715e+01
-1.159637253538777912e+01
-1.158125457276064019e+01
-1.158597577449620353e+01
-1.162234074002910234e+01
-1.155338694014676371e+01
-1.141934883033960624e+01
-1.127243725202060531e+01
-1.140181592115316001e+01
-1.129176813859861817e+01
-1.108347967659011246e+01
-1.093357633955990771e+01
-1.084984755208196461e+01
-1.080707314728022439e+01
-1.067218446855313019e+01
-1.064171573716710917e+01
-1.069202525066562792e+01
-1.077433259454142700e+01
-1.074123604937840781e+01
-1.071217766665570359e+01
-1.079779329093939388e+01
-1.092359175735391652e+01
-1.115368085428583278e+01
-1.119081542779921534e+01
-1.100408819120568182e+01
-1.072141752464587761e+01
-1.066905709047082595e+01
-1.039318019425907202e+01
-1.026367457344950473e+01
-1.043469856979691812e+01
-1.053414591076751350e+01
-1.061391854642176646e+01
-1.064366298879303585e+01
-1.075951882367524703e+01
-1.065331817274011428e+01
-1.046190324215124434e+01
-1.050282042305396857e+01
-1.045725048134754154e+01
-1.059245117637447997e+01
-1.079723297847442431e+01
-1.075187072331393523e+01
-1.074852199124919139e+01
-1.061263381080948953e+01
-1.067803220709049761e+01
-1.088092119527668267e+01
-1.100672260095445587e+01
-1.097593943809590300e+01
-1.097643726913211992e+01
-1.095392827899128818e+01
-1.098388801536868620e+01
-1.108005481408665815e+01
-1.096765163063345661e+01
-1.104334108061631703e+01
-1.097633020295335093e+01
-1.100577623889769541e+01
-1.113184020793548967e+01
-1.123472427940943241e+01
-1.154936647775731373e+01
-1.177733929440498528e+01
-1.158625596688217563e+01
-1.137946336109169998e+01
-1.144766322208941567e+01
-1.142924932134450700e+01
-1.153894777279136896e+01
-1.124706138873632888e+01
-1.118898717861008762e+01
-1.123980220732909174e+01
-1.123637062821359223e+01
-1.133850594839040937e+01
-1.133021092838536248e+01
-1.115899244921501321e+01
-1.107745333783990915e+01
-1.122776416478548178e+01
-1.116100372488669557e+01
-1.100518885515787915e+01
-1.100431898205696513e+01
-1.134297293447716726e+01
-1.144436963866760948e+01
-1.174699522046767264e+01
-1.179927586556703822e+01
-1.180129625202215493e+01
-1.179367284878127720e+01
-1.194113667635262210e+01
-1.211727557834630176e+01
-1.226495483137665765e+01
-1.236639562285518856e+01
-1.260122752450728711e+01
-1.268839998018107629e+01
-1.285731710630361491e+01
-1.259160718006366508e+01
-1.227184977515934960e+01
-1.227850241469454673e+01
-1.224831976607361739e+01
-1.239766449508885948e+01
-1.265474342553953413e+01
-1.262111320590596719e+01
-1.263889891147522349e+01
-1.259678241475141114e+01
-1.263250166137040509e+01
-1.290250801236631339e+01
-1.289060845101565178e+01
-1.257030306279283671e+01
-1.243970818566769054e+01
-1.244648093548716439e+01
-1.209391017815384295e+01
-1.199381837925528238e+01
-1.207690286487106235e+01
-1.245894737954402309e+01
-1.245464239467587753e+01
-1.262277480916339911e+01
-1.276461951518375493e+01
-1.298687023053451028e+01
-1.288316060893330217e+01
-1.267689340364946027e+01
-1.239666640845299206e+01
-1.251504672832518850e+01
-1.252661042230157307e+01
-1.258995728509083989e+01
-1.230774108003178036e+01
-1.240117962664887408e+01
-1.243660296099424833e+01
-1.243116264299800378e+01
-1.286681334230355134e+01
-1.281393590743960686e+01
-1.269073511140943467e+01
-1.247338707531666735e+01
-1.258571340843519515e+01
-1.266487890895814594e+01
-1.265198003761048540e+01
-1.239733625071774092e+01
-1.240358839579947059e+01
-1.248358880381792169e+01
-1.253699113346520022e+01
-1.268662367339684494e+01
-1.288864266954400151e+01
-1.297712474751808109e+01
-1.302197814458103409e+01
-1.296329899883407499e+01
-1.282742593356792149e+01
-1.278955779799837877e+01
-1.289149586673835834e+01
-1.292407400578398935e+01
-1.277503716188448557e+01
-1.268702531126755417e+01
-1.284672484161441375e+01
-1.296642742373113499e+01
-1.298088054592679441e+01
-1.323973056865290765e+01
-1.326746998732120808e+01
-1.324133052617177064e+01
-1.325597178832155087e+01
-1.330113238570818268e+01
-1.314881581476506867e+01
-1.318818142768585311e+01
-1.327444689491135676e+01
-1.304777707622494987e+01
-1.296142746583542049e+01
-1.291334145537763156e+01
-1.271197738341399308e+01
-1.263746848063674300e+01
-1.252032888749348771e+01
-1.251983732263417437e+01
-1.269244249340224862e+01
-1.286093326654758329e+01
-1.284719418321328277e+01
-1.284301382544177272e+01
-1.278368015623642329e+01
-1.281986644082162208e+01
-1.280060961363398064e+01
-1.289329920780690486e+01
-1.293368439573168871e+01
-1.270210986247312768e+01
-1.247259706631205844e+01
-1.229549654352871713e+01
-1.208390013655689899e+01
-1.192655829951285007e+01
-1.166291509053884567e+01
-1.172374049832630050e+01
-1.180847457928911126e+01
-1.171892909779341352e+01
-1.165120312666848434e+01
-1.172751092573006737e+01
-1.174565693942720124e+01
-1.166022774095129222e+01
-1.189027496032678499e+01
-1.188232640767193793e+01
-1.206662976892518913e+01
-1.215909868298702712e+01
-1.234964741604478888e+01
-1.249702609455721003e+01
-1.276951204686471186e+01
-1.294432626187791335e+01
-1.270047979148797701e+01
-1.268210929757368710e+01
-1.256248917914982499e+01
-1.253986813343709983e+01
-1.287054199969347401e+01
-1.260554846523048766e+01
-1.236653827809470840e+01
-1.227126918820735213e+01
-1.233602513325993399e+01
-1.253434590863979636e+01
-1.239579778558537448e+01
-1.216207628778595762e+01
-1.219280117913941375e+01
-1.223169288545951972e+01
-1.211297657737431166e+01
-1.192888557869292043e+01
-1.178512557031886132e+01
-1.158605724320606534e+01
-1.167404239927264875e+01
-1.193869895770564504e+01
-1.205919793047318755e+01
-1.196671624479428431e+01
-1.206818761249912342e+01
-1.206398104199540278e+01
-1.213767051449127266e+01
-1.212698179904851692e+01
-1.217467762041040480e+01
-1.215479640993808630e+01
-1.198121902071276601e+01
-1.219339693439591876e+01
-1.227970977181204582e+01
-1.235693529873843488e+01
-1.215200506420214488e+01
-1.214175064871933785e+01
-1.203415009724961671e+01
-1.213842290497849064e+01
-1.215856051896436618e+01
-1.212313827550812917e+01
-1.214793903485086268e+01
-1.184649658589617438e+01
-1.200071822880410188e+01
-1.226706160124237854e+01
-1.232787072464231137e+01
-1.263574107369484878e+01
-1.275260493360345748e+01
-1.292180855636994785e+01
-1.290846504002512596e+01
-1.315423406963288677e+01
-1.340300227393751697e+01
-1.331967489172269303e+01
-1.321542206331060676e+01
-1.320209540230050393e+01
-1.322146265631483608e+01
-1.330309788255531167e+01
-1.336275703000439208e+01
-1.336696912197858644e+01
-1.294411679741032550e+01
-1.300732430159695951e+01
-1.313814088640746824e+01
-1.358975549503535341e+01
-1.342669904751197940e+01
-1.329172642828592821e+01
-1.340050978184402375e+01
-1.338269830633132074e+01
-1.330563551302030945e+01
-1.328749540424947995e+01
-1.335207848796886765e+01
-1.351131274921645087e+01
-1.342353890018376639e+01
-1.324145394606295767e+01
-1.341543164181573644e+01
-1.353027726421746380e+01
-1.358930307709138496e+01
-1.369151993424676661e+01
-1.365652899042792257e+01
-1.341880631303886418e+01
-1.321535329056462160e+01
-1.315096834085897370e+01
-1.305156468733615682e+01
-1.295797657996482855e+01
-1.288881498962673255e+01
-1.281057848204120297e+01
-1.278603255528108384e+01
-1.275493281215639563e+01
-1.291627488763088749e+01
-1.285520289846139441e+01
-1.273816298143582948e+01
-1.266295220037902247e+01
-1.229840991300823916e+01
-1.230544990731191746e+01
-1.231752880350714641e+01
-1.220407805522608946e+01
-1.235956016708650296e+01
-1.229594121075105484e+01
-1.225558533977525499e+01
-1.221531517521913734e+01
-1.232746270099302244e+01
-1.228187933562205991e+01
-1.234167276934673829e+01
-1.251031482726406097e+01
-1.263398827143006642e+01
-1.252192379109696319e+01
-1.246654508491748636e+01
-1.235318345191541667e+01
-1.218384311996432778e+01
-1.195675605206259640e+01
-1.176908080982880023e+01
-1.165182620338399389e+01
-1.136115527381420165e+01
-1.122695031084834660e+01
-1.132658016484320207e+01
-1.134614430102419647e+01
-1.145113774285309383e+01
-1.145881535293767683e+01
-1.136235333689958438e+01
-1.111926864938535431e+01
-1.129244939272527049e+01
-1.128327581038859506e+01
-1.120316815745910333e+01
-1.100993153170659689e+01
-1.087044620399601591e+01
-1.073085019188437172e+01
-1.072644273062107168e+01
-1.076651125673375198e+01
-1.083433060563036499e+01
-1.072016003324002753e+01
-1.048404568613784349e+01
-1.045337350665161935e+01
-1.047682820362660472e+01
-1.047742021964704584e+01
-1.057393173780887530e+01
-1.051024443515762030e+01
-1.027490336139472760e+01
-1.032834541257601835e+01
-1.041509644443230620e+01
-1.040820799292445287e+01
-1.025882043766490881e+01
-1.027643778638877059e+01
-1.013694002391179261e+01
-1.043279518562503405e+01
-1.037760859047396167e+01
-1.020093564437343048e+01
-9.948502707647049803e+00
-1.000950177840305244e+01
-1.010699346193650960e+01
-1.030184598434089693e+01
-1.063816836649850117e+01
-1.056503719407036002e+01
-1.072655596407627598e+01
-1.099503583626461278e+01
-1.111469210836228427e+01
-1.119179135715283202e+01
-1.124114969245428952e+01
-1.114511627245485670e+01
-1.103833403568221705e+01
-1.129417530699585903e+01
-1.098182664693140254e+01
-1.076231455888254906e+01
-1.079009031892068471e+01
-1.090187594233618462e+01
-1.108551694131115184e+01
-1.120845369473810571e+01
-1.124653623508347522e+01
-1.116926889208143336e+01
-1.125010862989012672e+01
-1.152882203329040323e+01
-1.180161667522756375e+01
-1.183067310813200024e+01
-1.176070136875211780e+01
-1.179054754765258650e+01
-1.180064970548512626e+01
-1.187437183517608652e+01
-1.191346651288902336e+01
-1.174011830922503918e+01
-1.180894971723220266e+01
-1.190753383865203929e+01
-1.173371494534550941e+01
-1.150369729026387944e+01
-1.142242675976408606e+01
-1.152976977953840532e+01
-1.174285014106521174e+01
-1.163609087764274719e+01
-1.174055382837995687e+01
-1.171994906109852863e+01
-1.165921323774965224e+01
-1.151839762571258952e+01
-1.153177912650985704e+01
-1.157486096460321612e+01
-1.152067993401945856e+01
-1.160500078388854384e+01
-1.133758249129074080e+01
-1.131891755409443334e+01
-1.141154546780452606e+01
-1.134777581788249634e+01
-1.118323439778225392e+01
-1.110178034853921147e+01
-1.099328101509924238e+01
-1.121156102642488150e+01
-1.130698977386942516e+01
-1.170179787832879903e+01
-1.149640267032610197e+01
-1.163090411715928418e+01
-1.182696421081743310e+01
-1.197503769392027628e+01
-1.205891653237362604e+01
-1.193426781438702733e+01
-1.191840175692690451e+01
-1.192663493504349326e+01
-1.202327468113938558e+01
-1.203954832755440840e+01
-1.179145863627063129e+01
-1.170415363291498601e+01
-1.194900053743099200e+01
-1.234906273112528297e+01
-1.251070160755844540e+01
-1.232286354408349993e+01
-1.245934201521224161e+01
-1.242574732567656071e+01
-1.261479367791020678e+01
-1.261404619254739856e+01
-1.261055897774172507e+01
-1.282846254789193630e+01
-1.305094005163019233e+01
-1.301179330997701555e+01
-1.290585816526759366e+01
-1.285494364270043199e+01
-1.272457585029859217e+01
-1.278295879690185188e+01
-1.271902790831848407e+01
-1.254651529630632112e+01
-1.256049174868286755e+01
-1.249505573636177935e+01
-1.249776844112573038e+01
-1.271557345011140328e+01
-1.247294151089272063e+01
-1.248300471012243484e+01
-1.256842270141587647e+01
-1.237426501799024869e+01
-1.261371855259941199e+01
-1.270006212607224683e+01
-1.274140936481702013e+01
-1.301824089159074660e+01
-1.297093852266821301e+01
-1.277430246428209770e+01
-1.271440600611274796e+01
-1.277694914615232946e+01
-1.280946716217996162e+01
-1.284624063627692436e+01
-1.284755284926159469e+01
-1.291163367934932360e+01
-1.305100227392179768e+01
-1.292421293186485975e+01
-1.272842790754545916e+01
-1.257470424511745932e+01
-1.276191125074906019e+01
-1.293224177215561888e+01
-1.283134476723693496e+01
-1.259752036922379581e+01
-1.247911679034887555e+01
-1.247749584760974528e+01
-1.255694462324167127e+01
-1.290098710971464158e+01
-1.341095863913549202e+01
-1.377869899133173703e+01
-1.381433661907187549e+01
-1.371135302738966999e+01
-1.353564790241922644e+01
-1.349826523686926194e+01
-1.329107116609172934e+01
-1.296191938152336753e+01
-1.253722669794766809e+01
-1.258276148132210714e+01
-1.239955211313917616e+01
-1.232426019872178102e+01
-1.255634167911236077e+01
-1.258807027521294231e+01
-1.256303158159224864e+01
-1.270542157676259976e+01
-1.286693173456775163e+01
-1.263539821012098585e+01
-1.270819475534282361e+01
-1.273202164355662269e+01
-1.277847559826885160e+01
-1.291825337796136886e+01
-1.299868571246338966e+01
-1.299087172751109520e+01
-1.298314223751759400e+01
-1.302702475213268052e+01
-1.313514556932971367e+01
-1.344839443265613887e+01
-1.330677337889659029e+01
-1.345586008278364964e+01
-1.341372082070717653e+01
-1.337817741163412144e+01
-1.324303185320185250e+01
-1.312421254777461144e+01
-1.315187061273780778e+01
-1.324459170966516020e+01
-1.310210294189710112e+01
-1.321246149813422655e+01
-1.323683093397776211e+01
-1.323938153675002383e+01
-1.340322975114162318e+01
-1.301507977447856668e+01
-1.311938163113596723e+01
-1.336853401918116901e+01
-1.320161934891048539e+01
-1.331347621904926193e+01
-1.355885408387961633e+01
-1.358881929142725120e+01
-1.342558422864246737e+01
-1.342046034545021271e+01
-1.329327126373139301e+01
-1.300038921630782340e+01
-1.271082365989701302e+01
-1.278210027410159277e+01
-1.259576984890461659e+01
-1.251172276968410202e+01
-1.278637814100900272e+01
-1.298871794289219217e+01
-1.298771802249156693e+01
-1.312465241179482511e+01
-1.284555919307181071e+01
-1.282427159475896694e+01
-1.259340075095604661e+01
-1.251887243954965712e+01
-1.253213592473004745e+01
-1.252065415721966346e+01
-1.264702503590914340e+01
-1.262688460307469285e+01
-1.259961473109716934e+01
-1.255253131532977129e+01
-1.257488356407132279e+01
-1.273557756357993043e+01
-1.280052885613145008e+01
-1.288505391066502526e+01
-1.297454306790195666e+01
-1.295654236943281035e+01
-1.333937194250425051e+01
-1.324005914376201787e+01
-1.336585234242401121e+01
-1.342763703205343262e+01
-1.345010668403817178e+01
-1.310139840487997986e+01
-1.267145329296946876e+01
-1.251396506261937702e+01
-1.279611170029699352e+01
-1.294883321865662396e+01
-1.287430139633742954e+01
-1.306579029596732155e+01
-1.320389026331908866e+01
-1.310448302142449251e+01
-1.301704038403281061e+01
-1.281167091829030369e+01
-1.300290113885437826e+01
-1.298646726392149020e+01
-1.289166579787045208e+01
-1.277629633287384081e+01
-1.284561764865610733e+01
-1.272911791381274860e+01
-1.265399482066553816e+01
-1.307393591464315108e+01
-1.300114370206580361e+01
-1.295032468108898094e+01
-1.274174195671911036e+01
-1.274639160427679485e+01
-1.296742944898895189e+01
-1.297370824222232244e+01
-1.293449683465803801e+01
-1.318323274242155563e+01
-1.308869508940279758e+01
-1.293388617442327337e+01
-1.276632138185372334e+01
-1.291765239964126266e+01
-1.338847427098924747e+01
-1.387474290081981287e+01
-1.394965731585469726e+01
-1.379523474282889772e+01
-1.365103319660389403e+01
-1.363758880241697824e+01
-1.362980781449137702e+01
-1.392806530234236817e+01
-1.446487243581278470e+01
-1.458430256048949225e+01
-1.465893114844476486e+01
-1.463066685194413274e+01
-1.470314089915886946e+01
-1.493974307595728312e+01
-1.475573045196275856e+01
-1.524225928584849932e+01
-1.524153373400701383e+01
-1.524691920975212511e+01
-1.521049271743765630e+01
-1.521703951468130889e+01
-1.498133688975873490e+01
-1.525649596248360673e+01
-1.522187625336259664e+01
-1.488808923943995843e+01
-1.482652691908907627e+01
-1.473747222453589423e+01
-1.472464334621994553e+01
-1.464729622803469766e+01
-1.450057656153369301e+01
-1.477497736037462239e+01
-1.496204571239650960e+01
-1.487506999076052949e+01
-1.491684621354452034e+01
-1.514136546708165376e+01
-1.534684189297971990e+01
-1.519480736082457284e+01
-1.502787613230670694e+01
-1.453306734945246248e+01
-1.407862374292148999e+01
-1.419427142677566955e+01
-1.442750825886921362e+01
-1.404262013507758944e+01
-1.391584496641836033e+01
-1.378028600062118159e+01
-1.399947159001599672e+01
-1.388637171513087587e+01
-1.404905880007338226e+01
-1.400233083900293174e+01
-1.395089035433838554e+01
-1.416184613652665014e+01
-1.437366572353979244e+01
-1.426479402213924352e+01
-1.422282946167689488e+01
-1.411865064087952426e+01
-1.412313650029972756e+01
-1.385673875670896571e+01
-1.386291898277984735e+01
-1.375316188971716080e+01
-1.377938971577504113e+01
-1.388872656161622032e+01
-1.408470949603012201e+01
-1.419376581303316343e+01
-1.430910060552017171e+01
-1.436139898173987817e+01
-1.429374831871608187e+01
-1.436738002438832851e+01
-1.433264874607791306e+01
-1.426389145765427102e+01
-1.407215962252799635e+01
-1.405746331470886012e+01
-1.408720490915595391e+01
-1.422319739495685553e+01
-1.390635568517095244e+01
-1.396594667208394469e+01
-1.406441422684488352e+01
-1.407896287410015823e+01
-1.402376980025999131e+01
-1.420648943226874650e+01
-1.399845409106208116e+01
-1.384592021347091340e+01
-1.373441272855457029e+01
-1.364781066018421818e+01
-1.356053757852805219e+01
-1.349950979473266521e+01
-1.332957209853782565e+01
-1.352603456099080148e+01
-1.363950459045942232e+01
-1.377869590048651283e+01
-1.400704698050449082e+01
-1.400292961721826401e+01
-1.419741868127646178e+01
-1.426860562151014733e+01
-1.439693576965345301e+01
-1.421662023815665776e+01
-1.415563759576236968e+01
-1.388552550949666653e+01
-1.402030437236056493e+01
-1.387118718761128733e+01
-1.375537088009569686e+01
-1.383666747406807929e+01
-1.383994434203759560e+01
-1.388232391961368961e+01
-1.397272825740525093e+01
-1.408046496115404445e+01
-1.381036056490355612e+01
-1.393069539281843383e+01
-1.387741594800429823e+01
-1.380671034374915074e+01
-1.386060664309056101e+01
-1.369528208861515495e+01
-1.372656294138409905e+01
-1.367258023779040421e+01
-1.369815221595734656e+01
-1.398162389118617277e+01
-1.411154416192947103e+01
-1.386465030646913910e+01
-1.367689460065160034e+01
-1.395612505344077725e+01
-1.394700759831321335e+01
-1.391397027130327047e+01
-1.396816954382471465e+01
-1.396000919682401431e+01
-1.388014902803119277e+01
-1.387074035339640332e+01
-1.389689159006945474e+01
-1.404485492710062644e+01
-1.381180449384435605e+01
-1.367499956220032153e+01
-1.377431449402755526e+01
-1.380794037161177812e+01
-1.340460535566578315e+01
-1.334665768565420407e+01
-1.326566453710699811e+01
-1.317633122356831699e+01
-1.346032050572512873e+01
-1.344719422813432175e+01
-1.356671974766406841e+01
-1.374486013844938803e+01
-1.387809958328058890e+01
-1.389812636046009864e+01
-1.377272273732761931e+01
-1.378285794109380724e+01
-1.422463510412373822e+01
-1.449391967708267792e+01
-1.502580566483006663e+01
-1.539775677529688558e+01
-1.523044889537758095e+01
-1.487006791937323413e+01
-1.497001572036380246e+01
-1.507519892779717097e+01
-1.496877344467436721e+01
-1.475679859842221475e+01
-1.487042316412301624e+01
-1.520309601009901712e+01
-1.514770579153270091e+01
-1.480200028525535316e+01
-1.498226715861019542e+01
-1.487241841097778661e+01
-1.475781412989847574e+01
-1.463545733893277401e+01
-1.468544118749496619e+01
-1.462299485588540193e+01
-1.488709256015656379e+01
-1.487637110312360633e+01
-1.480597435393125139e+01
-1.476481060747447493e+01
-1.475670609588107851e+01
-1.499282626446762734e+01
-1.497854697834508997e+01
-1.480401284957039820e+01
-1.474291100572241220e+01
-1.495377906653142297e+01
-1.497664101815858295e+01
-1.518949284854469717e+01
-1.524909823182766466e+01
-1.539072471806851894e+01
-1.536853719725068146e+01
-1.535946199495196396e+01
-1.545628620711129564e+01
-1.529595301596761736e+01
-1.528000217252359683e+01
-1.509834789640451191e+01
-1.516317192065295316e+01
-1.508213012681974874e+01
-1.476837775141293818e+01
-1.486972777590467132e+01
-1.474844166510811050e+01
-1.444724618146939399e+01
-1.431468766479975230e+01
-1.455855212246343378e+01
-1.468614633697381144e+01
-1.445845978905564699e+01
-1.431232370734965542e+01
-1.414564265825688949e+01
-1.394035506851180450e+01
-1.391013007726206752e+01
-1.383044779809440072e+01
-1.385005922495026809e+01
-1.373351318097112106e+01
-1.350537320950473230e+01
-1.361166296520870134e+01
-1.369743370493694812e+01
-1.380477369751444350e+01
-1.393842465136052411e+01
-1.425456229324372437e+01
-1.432047267834994031e+01
-1.453023289119136763e+01
-1.445101148007551473e+01
-1.447422484957715838e+01
-1.429095961640343937e+01
-1.452141348712686764e+01
-1.470223735356707628e+01
-1.487197536128907949e+01
-1.505885887307050908e+01
-1.509398811288197884e+01
-1.519636647184268696e+01
-1.486479367317698674e+01
-1.506732031510797221e+01
-1.541358000313727850e+01
-1.556190660907228995e+01
-1.563564714074738049e+01
-1.575920825690895200e+01
-1.583656846782946559e+01
-1.572800800667171295e+01
-1.551660222580514770e+01
-1.529921798007606881e+01
-1.506008177240397217e+01
-1.476500084234243104e+01
-1.480444740108683988e+01
-1.456931948830347068e+01
-1.481964524008836293e+01
-1.466154695949666120e+01
-1.489864211943972805e+01
-1.491937285695301973e+01
-1.516179207078504199e+01
-1.516259282395237307e+01
-1.512166212008868094e+01
-1.478562057448572098e+01
-1.493165565966171471e+01
-1.501608077238477357e+01
-1.494704269125538332e+01
-1.496375760831770307e+01
-1.494563008035205165e+01
-1.485384967620334251e+01
-1.458881394716379631e+01
-1.455477233467160403e+01
-1.465681647113725283e+01
-1.461460544715329313e+01
-1.440509535800008933e+01
-1.445827329277297046e+01
-1.488223057236423053e+01
-1.494117959601425483e+01
-1.501264536705859776e+01
-1.524568099448237390e+01
-1.529628314809511025e+01
-1.547630235239179086e+01
-1.518264872833642443e+01
-1.546881280906619160e+01
-1.555948864769149864e+01
-1.557325723361977232e+01
-1.552346380756891797e+01
-1.580753713790261372e+01
-1.560156333215525848e+01
-1.539937573407832616e+01
-1.525104571473288040e+01
-1.505005195833266818e+01
-1.494599588001003809e+01
-1.514343370435908476e+01
-1.497574688039270896e+01
-1.523829986605025866e+01
-1.508657947532930166e+01
-1.527981080159056226e+01
-1.555860528722799252e+01
-1.572426597292441208e+01
-1.568711342001958187e+01
-1.570943643475906271e+01
-1.542642548017332160e+01
-1.507133498824560291e+01
-1.508799467875902778e+01
-1.509048840183764817e+01
-1.516627544620697776e+01
-1.521084893315095776e+01
-1.501014161334982511e+01
-1.507557608586811604e+01
-1.512853955407796214e+01
-1.534695849716852400e+01
-1.539837551873532995e+01
-1.518845677819681761e+01
-1.529004455973313625e+01
-1.531413806446406412e+01
-1.539346225786160538e+01
-1.545069894038480030e+01
-1.535580460689660853e+01
-1.574615857265828467e+01
-1.583463071113607867e+01
-1.574051283147826119e+01
-1.595424704460150345e+01
-1.603856565396215927e+01
-1.634286769335165701e+01
-1.677920696366770770e+01
-1.690746096124291853e+01
-1.709299893976625739e+01
-1.715340632561330736e+01
-1.716496363854759011e+01
-1.729054884538042458e+01
-1.734048379536104889e+01
-1.729168794041469681e+01
-1.721107269590150324e+01
-1.688955918764727215e+01
-1.701402362627505482e+01
-1.713980016527879968e+01
-1.713574894466421839e+01
-1.711078545381006677e+01
-1.717964376407519111e+01
-1.737656664341636770e+01
-1.731873814110250365e+01
-1.739788482450370921e+01
-1.764038200408949919e+01
-1.754727840070095013e+01
-1.737912347412261127e+01
-1.738102734886895462e+01
-1.745750267513616905e+01
-1.752775671610143959e+01
-1.759558352934417158e+01
-1.750181116835843298e+01
-1.758181859010873183e+01
-1.796979030237667985e+01
-1.779573125621554652e+01
-1.783674348639035401e+01
-1.807026710278264048e+01
-1.791268893198605738e+01
-1.793584809661228974e+01
-1.772491603284894168e+01
-1.747856985874495450e+01
-1.758199271312154721e+01
-1.776419266762193772e+01
-1.778903775819345157e+01
-1.776486297634009404e+01
-1.763236271629057939e+01
-1.756255552610455695e+01
-1.737722526174695403e+01
-1.724086000517728223e+01
-1.726228103965519978e+01
-1.707960924178879125e+01
-1.709091454752591233e+01
-1.678971569388120244e+01
-1.661899982879579341e+01
-1.670243012266407945e+01
-1.670484992895546128e+01
-1.659505810525263314e+01
-1.648333452769561092e+01
-1.650770034185690349e+01
-1.634134453797835462e+01
-1.623852592292877972e+01
-1.596334712082124163e+01
-1.561955813341378629e+01
-1.553719213401835653e+01
-1.537485430679120313e+01
-1.535227169862560004e+01
-1.548743046880614216e+01
-1.553517315566345225e+01
-1.556589392742565359e+01
-1.590069889076736587e+01
-1.606119915355115069e+01
-1.583479375736289718e+01
-1.603302213766450990e+01
-1.628006935300513192e+01
-1.628445359050348529e+01
-1.606832493527868166e+01
-1.620213209008948851e+01
-1.645431497868083781e+01
-1.680338282931662164e+01
-1.677809822587827071e+01
-1.675042696384763730e+01
-1.714220353583071699e+01
-1.713998910042836954e+01
-1.698160191695837185e+01
-1.722514129359000634e+01
-1.727118409130510557e+01
-1.726769247736689294e+01
-1.747086554458173424e+01
-1.758869623062454579e+01
-1.756110830387379096e+01
-1.768633575112461642e+01
-1.736126520568161880e+01
-1.739636428990479899e+01
-1.768019785225758156e+01
-1.779981512892470619e+01
-1.783068700566791165e+01
-1.803407514701418179e+01
-1.779199513053143633e+01
-1.764014808071867435e+01
-1.779548586951463207e+01
-1.777871486723283212e+01
-1.783372287532363742e+01
-1.780658807699719759e+01
-1.796419634778914798e+01
-1.815833028135380545e+01
-1.840769747712347382e+01
-1.829893003478703761e+01
-1.842181683073236087e+01
-1.841222488838723947e+01
-1.850802386343408656e+01
-1.848208006981552387e+01
-1.839842146405154111e+01
-1.850558215616709390e+01
-1.867057373020031719e+01
-1.877631093785040051e+01
-1.903178373883049801e+01
-1.886923035502159962e+01
-1.865281037820951937e+01
-1.843680198056794950e+01
-1.809190929829314243e+01
-1.817843982785666412e+01
-1.785930946061538194e+01
-1.727810218495989858e+01
-1.733746422441477364e+01
-1.720249911351342575e+01
-1.759033374770291047e+01
-1.738024135831186356e+01
-1.736305523736431056e+01
-1.766317891730857426e+01
-1.769095746882364040e+01
-1.764745484755084348e+01
-1.750441322681957246e+01
-1.752853525800842149e+01
-1.745816457798290955e+01
-1.732114131935644252e+01
-1.712102406731561288e+01
-1.697675085300105735e+01
-1.731210172392182756e+01
-1.762471438253729161e+01
-1.771937477204049571e+01
-1.768789367508478705e+01
-1.780223955961884386e+01
-1.778821831845767321e+01
-1.773035160300783630e+01
-1.741470221159429244e+01
-1.737312047940541149e+01
-1.753172316661055419e+01
-1.773863569955705088e+01
-1.755589384363574723e+01
-1.759144144491156325e+01
-1.746988080574631041e+01
-1.732729203723143030e+01
-1.742596874838321597e+01
-1.758085326716747687e+01
-1.772096746147003898e+01
-1.777472254452935374e+01
-1.793832568794996973e+01
-1.791504949693715787e+01
-1.794255717304492492e+01
-1.804772294758041085e+01
-1.813220771693723421e+01
-1.785566572157939902e+01
-1.804448072674539461e+01
-1.818241067960279267e+01
-1.810644779240307756e+01
-1.821050791516462652e+01
-1.819202538432628558e+01
-1.831928109015298745e+01
-1.832335710680608187e+01
-1.840209845848070813e+01
-1.839475831260709882e+01
-1.822012939445726687e+01
-1.825554184642646049e+01
-1.836766220911891878e+01
-1.841605157975687490e+01
-1.859914100123855363e+01
-1.865417740365499810e+01
-1.852959870917992902e+01
-1.836934793426945944e+01
-1.812944676980997372e+01
-1.814712777935817201e+01
-1.791383026512611210e+01
-1.749408441582321316e+01
-1.727297422350510203e+01
-1.736163554164365763e+01
-1.710630346565880799e+01
-1.722453340694539392e+01
-1.726409747490381008e+01
-1.738827933985228569e+01
-1.734860937807337322e+01
-1.743766716982746345e+01
-1.731291583104546206e+01
-1.705558802480645397e+01
-1.693153197546077848e+01
-1.681095303617102132e+01
-1.704571517792971491e+01
-1.693142791858616647e+01
-1.663238208861622880e+01
-1.661980917233523769e+01
-1.663623986307503344e+01
-1.676543719045892189e+01
-1.674716760881752364e+01
-1.662115086691251520e+01
-1.652444803391148653e+01
-1.640870820565616839e+01
-1.647807549860027621e+01
-1.671790445617511978e+01
-1.670254329360058776e+01
-1.696750439325036908e+01
-1.703592490542056126e+01
-1.709932909670684609e+01
-1.696330762063338682e+01
-1.665026588739665669e+01
-1.642820074485396376e+01
-1.621177974684944445e+01
-1.581692308987861217e+01
-1.592168474863887262e+01
-1.581876787155918684e+01
-1.586797310446078768e+01
-1.592421367504466190e+01
-1.597565580791839146e+01
-1.562992721460955892e+01
-1.525480984333331769e+01
-1.534969479185651942e+01
-1.520580904343741757e+01
-1.521030303307107623e+01
-1.524677292826465447e+01
-1.559706491695971842e+01
-1.554617021870426008e+01
-1.526846026023032543e+01
-1.491059789302274652e+01
-1.511227954486138714e+01
-1.526197255617374715e+01
-1.536304290611700907e+01
-1.562731516338836180e+01
-1.560188561477137448e+01
-1.558690099020438069e+01
-1.541182525328699171e+01
-1.537148211100023687e+01
-1.537983188050852945e+01
-1.552585049059319644e+01
-1.563211234194149846e+01
-1.542156606803619390e+01
-1.555787205243529314e+01
-1.581103175458103927e+01
-1.587646409768636069e+01
-1.572146448869457025e+01
-1.522864756345087045e+01
-1.504203621140056057e+01
-1.490566797763115936e+01
-1.474573443925637761e+01
-1.449640953319297054e+01
-1.433320400763558844e+01
-1.446726820910911115e+01
-1.444394847164092432e+01
-1.473298532622733426e+01
-1.471251680775982784e+01
-1.456727997529207208e+01
-1.478183987458108284e+01
-1.503502898790462261e+01
-1.506911307488614860e+01
-1.489071069007820824e+01
-1.476434180636007554e+01
-1.466751502020454723e+01
-1.468612284023965486e+01
-1.464699400568374799e+01
-1.457263239214501382e+01
-1.465128998573482733e+01
-1.467180091257202079e+01
-1.472281385142546917e+01
-1.487189551645865215e+01
-1.472422032128956637e+01
-1.470918608861805055e+01
-1.444653594088938320e+01
-1.436680794468038691e+01
-1.455306250869291596e+01
-1.447384155023964603e+01
-1.429540414240380386e+01
-1.431726123309771204e+01
-1.419816176257042173e+01
-1.432177632207201334e+01
-1.455132447270332463e+01
-1.449821754975600108e+01
-1.430170869758133811e+01
-1.439159627249037143e+01
-1.434096706075568584e+01
-1.456908799083412198e+01
-1.492071048262484645e+01
-1.513460749290381635e+01
-1.489370385289270615e+01
-1.442285090533544789e+01
-1.429208660062336200e+01
-1.458818676668618508e+01
-1.433525774928784102e+01
-1.448989521654044665e+01
-1.464985605593534501e+01
-1.463020996144131658e+01
-1.435522684770828938e+01
-1.427343999901585114e+01
-1.419421934149691111e+01
-1.424194497935362413e+01
-1.429411083393330983e+01
-1.425009194227039977e+01
-1.425595332665854009e+01
-1.436113621123491946e+01
-1.440378669656176847e+01
-1.468993161614747933e+01
-1.493078403303271884e+01
-1.496282119824448742e+01
-1.499990492617993354e+01
-1.482446060354499195e+01
-1.490879327536668342e+01
-1.504958569972045801e+01
-1.509085638155515063e+01
-1.510824743618590915e+01
-1.509050693950364597e+01
-1.533761088708949849e+01
-1.552690256980841710e+01
-1.538057300322299525e+01
-1.570038392954946183e+01
-1.600401611501945354e+01
-1.592025274700485049e+01
-1.620376017170423211e+01
-1.608065465696754970e+01
-1.586438388453367132e+01
-1.605417744291553817e+01
-1.598237093181417912e+01
-1.625568366032411660e+01
-1.640875951242172448e+01
-1.647843185610265238e+01
-1.643601548388073041e+01
-1.628462100732361506e+01
-1.612622010433252839e+01
-1.624415330721624784e+01
-1.635378814039257023e+01
-1.674220876789290458e+01
-1.675605248937817038e+01
-1.657802982001190273e+01
-1.700965691306820915e+01
-1.700308751282883790e+01
-1.726123377424306682e+01
-1.724720559492141092e+01
-1.706520079271291479e+01
-1.671306634949167602e+01
-1.656819756963872337e+01
-1.671371658399922566e+01
-1.685663945459974755e+01
-1.689444537627788989e+01
-1.700789295855870265e+01
-1.698497839127812981e+01
-1.691275638903527323e+01
-1.678313652450846050e+01
-1.697428721442581079e+01
-1.708868684417197059e+01
-1.722349659418477685e+01
-1.759825123910955469e+01
-1.741396391655199949e+01
-1.749839907661843341e+01
-1.764344260998635860e+01
-1.777861145771358053e+01
-1.771879666405509823e+01
-1.779986380531266832e+01
-1.757231454191052933e+01
-1.744245558446669264e+01
-1.742582733141101414e+01
-1.743463473425356014e+01
-1.776511817024238837e+01
-1.786606122833761034e+01
-1.801056756442115514e+01
-1.786343537901220913e+01
-1.741161777355645768e+01
-1.723442678750703649e+01
-1.717880228362615114e+01
-1.713785485546661747e+01
-1.718539816020708244e+01
-1.730043583410217423e+01
-1.735530455286320617e+01
-1.749920579262310127e+01
-1.774661495299685043e+01
-1.797040767529378158e+01
-1.804359312374141666e+01
-1.811989025891703875e+01
-1.837221667707915174e+01
-1.826357753593671873e+01
-1.768573741311950442e+01
-1.740711088397023687e+01
-1.732998605608025855e+01
-1.722340514092000419e+01
-1.731999794171446183e+01
-1.738104910372831213e+01
-1.728996459734820590e+01
-1.698539786095082249e+01
-1.675211511107458406e+01
-1.680399901890423564e+01
-1.727489523587586007e+01
-1.754873945422110637e+01
-1.755847012273978791e+01
-1.758492875742256345e+01
-1.783899235216802737e+01
-1.798728132090456100e+01
-1.807190415405036177e+01
-1.823274831443540478e+01
-1.825309080428067787e+01
-1.809628168568285034e+01
-1.838664493696978752e+01
-1.862250078855828406e+01
-1.873479362225425859e+01
-1.867869213407232110e+01
-1.853791364251191709e+01
-1.821038708905739867e+01
-1.798645034891932681e+01
-1.823342098282043011e+01
-1.827466740773497023e+01
-1.822864829515606289e+01
-1.845766210119748862e+01
-1.860801452151603996e+01
-1.838316923113355372e+01
-1.838466614887338579e+01
-1.817506628661014290e+01
-1.774639506195990890e+01
-1.786624697851362242e+01
-1.810488125770557133e+01
-1.827142556271443752e+01
-1.812316900748280091e+01
-1.822364735915239464e+01
-1.799124676633141817e+01
-1.798676255275140434e+01
-1.805480582681395063e+01
-1.841291773862712233e+01
-1.845566488045163567e+01
-1.839153326070349337e+01
-1.794054628827505482e+01
-1.816221968349143268e+01
-1.825842545041721721e+01
-1.857486461122953969e+01
-1.877299338439614829e+01
-1.853251549684222610e+01
-1.872164149899090901e+01
-1.865809246406816513e+01
-1.870804050096772286e+01
-1.851659641869045458e+01
-1.841784370329672527e+01
-1.849513682821354266e+01
-1.829285076923049758e+01
-1.813058341202001955e+01
-1.819934131797371535e+01
-1.808846354128014156e+01
-1.832594275625837099e+01
-1.829529763837705758e+01
-1.847591758090421266e+01
-1.871122835868349554e+01
-1.871743658065601323e+01
-1.874869623750387149e+01
-1.903790321905254146e+01
-1.901189717116263722e+01
-1.923939514788293081e+01
-1.951518828848832499e+01
-1.967972277467997699e+01
-1.974023533274649012e+01
-1.965215829241168422e+01
-1.967378498803036635e+01
-1.973365822126868352e+01
-1.954528634640682583e+01
-1.927175776273450936e+01
-1.922878255970769246e+01
-1.894499060780470501e+01
-1.905745900058270692e+01
-1.925018594805920458e+01
-1.932514138102378354e+01
-1.901387146683138241e+01
-1.902546901930690026e+01
-1.902382332831506062e+01
-1.916719094092699649e+01
-1.911212515934917278e+01
-1.902042419184489574e+01
-1.890985242750478434e+01
-1.905726981518952456e+01
-1.888343463489005458e+01
-1.879226647741215572e+01
-1.869685904121051223e+01
-1.873088714587668946e+01
-1.869033060829647397e+01
-1.834345734059206379e+01
-1.834945389200449029e+01
-1.816672814325418983e+01
-1.781008145225719019e+01
-1.745285695939120529e+01
-1.725370259306061982e+01
-1.703748745666069908e+01
-1.709823360749600596e+01
-1.693160812277281124e+01
-1.697862750603428594e+01
-1.707606486467231477e+01
-1.713408643118717478e+01
-1.712945619859313595e+01
-1.736352431985348588e+01
-1.746312745993670035e+01
-1.744911806723511916e+01
-1.739966334470881293e+01
-1.717233212846770840e+01
-1.704036766885753451e+01
-1.678207858189190560e+01
-1.675552337596646169e+01
-1.660413736090770698e+01
-1.655294590825767287e+01
-1.660965956217168582e+01
-1.681662289556275525e+01
-1.701835865728197206e+01
-1.687076376328479910e+01
-1.657935818865924205e+01
-1.664008536662563031e+01
-1.657078323058894043e+01
-1.651747310794945278e+01
-1.627269006375969695e+01
-1.607920427466744684e+01
-1.594480896376594181e+01
-1.593733263875171247e+01
-1.587015908335351000e+01
-1.576154966853763639e+01
-1.564433180715461624e+01
-1.549693685115548547e+01
-1.565904546587706569e+01
-1.578016731390507310e+01
-1.583088219575236266e+01
-1.559827142517162990e+01
-1.553549530846035154e+01
-1.536104252455207764e+01
-1.558484519664244417e+01
-1.557472856377086501e+01
-1.566924835882654499e+01
-1.552225620328804112e+01
-1.575152884915353191e+01
-1.594804729088446749e+01
-1.578367650340364570e+01
-1.552644861575605972e+01
-1.543936101260894489e+01
-1.581150169163482921e+01
-1.601541911875765223e+01
-1.583865738139665247e+01
-1.560855403620863413e+01
-1.549328776224491655e+01
-1.578517478940803720e+01
-1.558619886096815677e+01
-1.545779932520285804e+01
-1.552427436809060524e+01
-1.515485165191196515e+01
-1.519130744107226150e+01
-1.505026701765783947e+01
-1.527469359479524869e+01
-1.548972471134026030e+01
-1.558275453632131757e+01
-1.562182292599161215e+01
-1.568941850181141362e+01
-1.555012174792470780e+01
-1.540726051397349572e+01
-1.516573545122697730e+01
-1.508118292796175730e+01
-1.481011011590063831e+01
-1.451880161234009137e+01
-1.437264574778685500e+01
-1.457758003162859595e+01
-1.487007433920612698e+01
-1.473378911441531969e+01
-1.494097370041324879e+01
-1.489971139111122156e+01
-1.495454859084699706e+01
-1.489610010104172133e+01
-1.511407418916141410e+01
-1.522840738257540494e+01
-1.552849667667310740e+01
-1.547770643126620627e+01
-1.559729740869021164e+01
-1.539567630021731048e+01
-1.546963532006033937e+01
-1.562177710481567239e+01
-1.572210084811367103e+01
-1.591465014694478697e+01
-1.549947681162865365e+01
-1.511901116500578013e+01
-1.499854891765292209e+01
-1.539121455122288218e+01
-1.571306556664555742e+01
-1.562274993341908491e+01
-1.538987621086645596e+01
-1.488456128069840467e+01
-1.492156521027825988e+01
-1.483096271624140172e+01
-1.474202996468232385e+01
-1.505385732530229248e+01
-1.511304421194235736e+01
-1.527918379243624258e+01
-1.557852706655855535e+01
-1.552349550516879617e+01
-1.558529548725109848e+01
-1.552119758956060203e+01
-1.576104624926863806e+01
-1.595613586320784627e+01
-1.610462475486644962e+01
-1.630591136677052333e+01
-1.634050872352227302e+01
-1.612869739990093620e+01
-1.646764168317440635e+01
-1.664881656997572890e+01
-1.643796419003227172e+01
-1.620756311449550680e+01
-1.593692126511527718e+01
-1.602141905660015553e+01
-1.596130995063346880e+01
-1.585595564606253127e+01
-1.554359762594085481e+01
-1.527756197250862868e+01
-1.532892126315054249e+01
-1.504790484809824846e+01
-1.496953146582130678e+01
-1.493806137053516281e+01
-1.457300735982650508e+01
-1.452004296168418840e+01
-1.455055629281624086e+01
-1.446715638141341032e+01
-1.435182713990736403e+01
-1.422069864587487942e+01
-1.424863708807273355e+01
-1.449786674500448136e+01
-1.447869088671667015e+01
-1.419940690104456316e+01
-1.429764096091355441e+01
-1.461090255993697617e+01
-1.504000157576472141e+01
-1.524179952249994585e+01
-1.530692985963330344e+01
-1.524986504617959682e+01
-1.511359534261868731e+01
-1.499674687611562618e+01
-1.486780041220196047e+01
-1.474370099231621012e+01
-1.442632090223654373e+01
-1.415730210440812264e+01
-1.432675034852439921e+01
-1.457729841959356598e+01
-1.446323081504841213e+01
-1.427115315650014615e+01
-1.409056818914069176e+01
-1.427804012056373040e+01
-1.417023332707792349e+01
-1.405845646923157055e+01
-1.398365034862123935e+01
-1.392237892646985209e+01
-1.395956500742649808e+01
-1.391515579644386946e+01
-1.382558787508423315e+01
-1.395318147421473753e+01
-1.385935318714794207e+01
-1.398107940181607134e+01
-1.376560573354092654e+01
-1.391221664864922936e+01
-1.392621740741670244e+01
-1.389003772439326667e+01
-1.366168786271304825e+01
-1.346243774003775684e+01
-1.358028953482228118e+01
-1.381737965170478155e+01
-1.377762383044130168e+01
-1.385221821417155397e+01
-1.409991033418027229e+01
-1.394086440682366401e+01
-1.416319735190923979e+01
-1.423815836120690648e+01
-1.438894791177945898e+01
-1.410852228286013599e+01
-1.413062086606979051e+01
-1.400232662848581988e+01
-1.397089268894003844e+01
-1.379026105524263635e+01
-1.380858992690402154e+01
-1.370493271003504887e+01
-1.372419843628886582e+01
-1.357683749955369201e+01
-1.320545595745235268e+01
-1.318676357233111851e+01
-1.326811271776460543e+01
-1.348095981440429014e+01
-1.370362400227318922e+01
-1.391379401098388691e+01
-1.391360669676734574e+01
-1.394599014698265904e+01
-1.382380459669226092e+01
-1.375570273984883762e+01
-1.394625604107253025e+01
-1.411312324708488752e+01
-1.447386875678017049e+01
-1.437971336197441907e+01
-1.465314232312224263e+01
-1.485153556264327435e+01
-1.497494402364613642e+01
-1.495687212375604425e+01
-1.486385502575130779e+01
-1.472354126138908548e+01
-1.450156281438412620e+01
-1.451513220083115918e+01
-1.469831944118211808e+01
-1.478740650454788330e+01
-1.472057093217632229e+01
-1.488987472720035932e+01
-1.507519391587502255e+01
-1.513095353812455990e+01
-1.507707019378157476e+01
-1.532674843796661790e+01
-1.522773704043462750e+01
-1.519266953786252117e+01
-1.517751989138648838e+01
-1.509705168311355905e+01
-1.527376394725852293e+01
-1.513422734574174910e+01
-1.478189030205451004e+01
-1.436074895127386952e+01
-1.414985712350519442e+01
-1.406247166601827558e+01
-1.381079387005466153e+01
-1.392550776282878822e+01
-1.386855569269313015e+01
-1.369164526557092465e+01
-1.373471093021005451e+01
-1.377458725043367416e+01
-1.370306743558368012e+01
-1.385600217053611516e+01
-1.378816815120953976e+01
-1.357096580988707046e+01
-1.382352359286123722e+01
-1.388908123861580890e+01
-1.372196180127679099e+01
-1.349429260835952249e+01
-1.356837636103916900e+01
-1.359248056865651755e+01
-1.368933430991277156e+01
-1.368786704013389155e+01
-1.370489593834648900e+01
-1.358946450099652203e+01
-1.329778741156704314e+01
-1.326305368800986706e+01
-1.309360235638839853e+01
-1.311516413347530907e+01
-1.321868683694142987e+01
-1.325775500664934370e+01
-1.342972845014712036e+01
-1.347762280604174201e+01
-1.326683283469796848e+01
-1.304853220562988092e+01
-1.286387974323053207e+01
-1.280847311249504017e+01
-1.279127652389267844e+01
-1.273062344319374262e+01
-1.291232015776327557e+01
-1.273585361117182835e+01
-1.217587787509071617e+01
-1.205730742046642234e+01
-1.240388688400931194e+01
-1.231133048854151646e+01
-1.236594719261770514e+01
-1.249509498857454837e+01
-1.291455021267300118e+01
-1.313848492085811159e+01
-1.344031273622473321e+01
-1.357375066091342219e+01
-1.325117078939997306e+01
-1.313271273550641816e+01
-1.338217991940464735e+01
-1.356296345006589377e+01
-1.374211697296454382e+01
-1.402531490924083890e+01
-1.376281201660333942e+01
-1.377219001609625515e+01
-1.370490976012945161e+01
-1.375505085577091791e+01
-1.363688531700966422e+01
-1.386385878449665476e+01
-1.391118634840779045e+01
-1.393348645503827044e+01
-1.384033981871258590e+01
-1.360394730080305870e+01
-1.405625077164649461e+01
-1.422332132593058063e+01
-1.440732658740761707e+01
-1.462914980029247225e+01
-1.460099055912213117e+01
-1.422204822155100956e+01
-1.401056388177468293e+01
-1.423828466866271825e+01
-1.424167942846560564e+01
-1.411420510692444985e+01
-1.439628551841318327e+01
-1.463166963208109905e+01
-1.472566152140058904e+01
-1.467325211843164290e+01
-1.509253646232093615e+01
-1.515794135491908357e+01
-1.514831285197616673e+01
-1.523315361839769366e+01
-1.526623056609836659e+01
-1.511194225050916629e+01
-1.499834605218227779e+01
-1.501617198550736809e+01
-1.460860348290038502e+01
-1.470542539417255945e+01
-1.475286071391028919e+01
-1.462141254966592463e+01
-1.446253756230643006e+01
-1.432649089313611057e+01
-1.436926667043220718e+01
-1.446637561319053589e+01
-1.465323179416116339e+01
-1.464099469817654153e+01
-1.467585509959510759e+01
-1.463080288171787835e+01
-1.453319656310142349e+01
-1.437489573451013847e+01
-1.439598804868524340e+01
-1.427084469659668464e+01
-1.439684736596720072e+01
-1.455780758358824301e+01
-1.448539657735869213e+01
-1.441991360429108227e+01
-1.479266885697688849e+01
-1.499342932002252127e+01
-1.482112401550914882e+01
-1.480326600380115920e+01
-1.497327885307736750e+01
-1.530781083836251710e+01
-1.532151658848289344e+01
-1.521063916725753096e+01
-1.531495930865777488e+01
-1.538497264520121810e+01
-1.557391560949123210e+01
-1.543287591264481051e+01
-1.533461541193014099e+01
-1.535234624161910588e+01
-1.526598415430200006e+01
-1.517504066929965667e+01
-1.511140158069835238e+01
-1.555458786369216462e+01
-1.584865363515953618e+01
-1.565965161111589410e+01
-1.568373041377703458e+01
-1.559991346990837080e+01
-1.601571830022295728e+01
-1.617281534114352937e+01
-1.626988908896635877e+01
-1.620998019265262258e+01
-1.614436574361356591e+01
-1.611511528679426064e+01
-1.611684629519892908e+01
-1.600363450258713272e+01
-1.624688370307019625e+01
-1.633456540229089171e+01
-1.644062114946585496e+01
-1.666606128004922738e+01
-1.693676716786825409e+01
-1.730376558249743368e+01
-1.720807963760152859e+01
-1.740615191934917405e+01
-1.749676301788111132e+01
-1.724281923989919463e+01
-1.711709462966066653e+01
-1.733788501980478003e+01
-1.765782138793273148e+01
-1.782243659393757085e+01
-1.756090106755738844e+01
-1.732230633793330554e+01
-1.727525259665880242e+01
-1.715857021653425818e+01
-1.710676923412392370e+01
-1.713822280294842315e+01
-1.757337943300446170e+01
-1.783481332274050857e+01
-1.799204232135994630e+01
-1.829266636557157710e+01
-1.814748828503461198e+01
-1.817602354690271582e+01
-1.841581319407460882e+01
-1.843353661609823391e+01
-1.835228124658494764e+01
-1.811403172704847719e+01
-1.788480171857811030e+01
-1.804231249243126456e+01
-1.805699796173239235e+01
-1.812783838903953892e+01
-1.829333833767284290e+01
-1.846863415104718342e+01
-1.886714088450206361e+01
-1.919252793298488768e+01
-1.927673678431630577e+01
-1.914839148440954375e+01
-1.911045794911932560e+01
-1.887393941486639548e+01
-1.827877246493939367e+01
-1.814430955727495132e+01
-1.803612829315425614e+01
-1.818793298155978633e+01
-1.832570623677357347e+01
-1.834229173804570223e+01
-1.855834291613968290e+01
-1.879549080891986534e+01
-1.876700705650141288e+01
-1.892287724702639196e+01
-1.917408852132690811e+01
-1.946988873731787351e+01
-1.974626601048146313e+01
-1.970440878545660723e+01
-1.996678322838947395e+01
-2.003798539326043127e+01
-2.028217588723000731e+01
-2.044255927090098268e+01
-2.067805318159079420e+01
-2.063139604756194601e+01
-2.079802241569608512e+01
-2.092652268863178477e+01
-2.089438851492328908e+01
-2.106429797183342600e+01
-2.126819493443843001e+01
-2.151851625761079490e+01
-2.148415063233111155e+01
-2.151811886200852797e+01
-2.179156981353291656e+01
-2.238022357688692665e+01
-2.253468833303979579e+01
-2.255645055151105893e+01
-2.248130226085589456e+01
-2.241466908708418515e+01
-2.268836362478123903e+01
-2.272902207949438491e+01
-2.273511299701565846e+01
-2.283324201431240041e+01
-2.303077964142967815e+01
-2.308567122935768623e+01
-2.316179386955632324e+01
-2.317926909427724524e+01
-2.319721800547091561e+01
-2.308474500378462224e+01
-2.313260767642897875e+01
-2.314402730460119528e+01
-2.303839575873949030e+01
-2.277410643433049486e+01
-2.273665181921601075e+01
-2.291972347519686082e+01
-2.285591841806653335e+01
-2.275770221047300268e+01
-2.266636328124046784e+01
-2.270072310388189507e+01
-2.269416290232419442e+01
-2.275072401888137819e+01
-2.283274820258888482e+01
-2.297262971291547018e+01
-2.294824892756024326e+01
-2.293025114701139699e+01
-2.292230781902530623e+01
-2.312057048959114525e+01
-2.322578139118103380e+01
-2.319158965181626897e+01
-2.318822553685421539e+01
-2.329514090492033773e+01
-2.324611850120930256e+01
-2.328219180412283862e+01
-2.330018838776825518e+01
-2.334579895175748021e+01
-2.330592665688543974e+01
-2.353027604116288529e+01
-2.375181749209203375e+01
-2.380187740334033819e+01
-2.377222167519311213e+01
-2.393982753863014779e+01
-2.397089105567139100e+01
-2.396711477867883389e+01
-2.388849210814752055e+01
-2.411017743755819254e+01
-2.414090806026798219e+01
-2.405111303662267730e+01
-2.409140485169194079e+01
-2.406700208017437603e+01
-2.405801588960023807e+01
-2.426287215520128981e+01
-2.436685098750181666e+01
-2.454637965957267909e+01
-2.464445899520749705e+01
-2.492110973427912768e+01
-2.512258412359144089e+01
-2.527896658065085589e+01
-2.556377035216967641e+01
-2.574435373643295577e+01
-2.599626083717425118e+01
-2.613206340894547353e+01
-2.621499521512602726e+01
-2.650606506798946427e+01
-2.685060148716705442e+01
-2.723178931896583421e+01
-2.742761367537066519e+01
-2.770418211301107903e+01
-2.806518982888739089e+01
-2.838907306969591460e+01
-2.857642977264868023e+01
-2.877958325150042640e+01
-2.912522012822004669e+01
-2.927277120653889142e+01
-2.969918819253686948e+01
-3.004557681761437138e+01
-3.034967421706382140e+01
-3.068887381847631346e+01
-3.119414265732487124e+01
-3.163865439513504896e+01
-3.205069880912468250e+01
-3.242577969483030387e+01
-3.287739704755568937e+01
-3.329405678674470437e+01
-3.375310718522681697e+01
-3.424151253050258958e+01
-3.462833953838831746e+01
-3.498897352708328157e+01
-3.536879775993974562e+01
-3.577472125376012002e+01
-3.611446452106235938e+01
-3.641371018634837498e+01
-3.698928468961091198e+01
-3.744486672192991961e+01
-3.776811690225149221e+01
-3.801533765165282830e+01
-3.844979187729465764e+01
-3.887375985956263236e+01
-3.918181088847373417e+01
-3.952940746926071114e+01
-3.986951570615829610e+01
-4.018976953001170926e+01
-4.059886326129108625e+01
-4.097529677399725045e+01
-4.122833340554858239e+01
-4.152625052646300929e+01
-4.182899765623557897e+01
-4.210573122513952882e+01
-4.243669130341416462e+01
-4.272327206832633806e+01
-4.306908318158841098e+01
-4.335444412002792092e+01
-4.369719092166141650e+01
-4.400138865158871226e+01
-4.426517411779521893e+01
-4.454467648291281989e+01
-4.482871524476081504e+01
-4.504263595160406197e+01
-4.532896057558642866e+01
-4.560063025006357407e+01
-4.601785808595176519e+01
-4.644160235558976524e+01
-4.669783536758662024e+01
-4.692222981470568755e+01
-4.721707182952276582e+01
-4.749163686133731943e+01
-4.785449279133820255e+01
-4.821426107240396419e+01
-4.838842873399086386e+01
-4.864817661489524170e+01
-4.893946846392410777e+01
-4.919780346588124331e+01
-4.950461081313648748e+01
-4.985151953519640244e+01
-5.016171378195169694e+01
-5.028540324100453773e+01
-5.051432688889077838e+01
-5.069357652943876502e+01
-5.096983255654019018e+01
-5.124216561064119446e+01
-5.142411196235895687e+01
-5.163304763349498927e+01
-5.194131413226288174e+01
-5.207946916209162680e+01
-5.227812381528183749e+01
-5.248956933262367386e+01
-5.277845821504893564e+01
-5.307645841624420768e+01
-5.329983867401293196e+01
-5.349489815609435084e+01
-5.373303346381880630e+01
-5.399499005924666051e+01
-5.413907010209796766e+01
-5.427187641139334318e+01
-5.449753410632445139e+01
-5.466709762129843853e+01
-5.482370630067171646e+01
-5.494272044299350455e+01
-5.508025589944696065e+01
-5.529192958747031383e+01
-5.553957504664440847e+01
-5.577180920101008610e+01
-5.587982091836598642e+01
-5.602545321218769914e+01
-5.627619850793089995e+01
-5.642730979897500987e+01
-5.661454753557850239e+01
-5.671669106258302406e+01
-5.688460519357067824e+01
-5.695473210969363720e+01
-5.714257940671222968e+01
-5.713620235542121861e+01
-5.732181483891125140e+01
-5.754440969668160477e+01
-5.770786467968486733e+01
-5.778077612287110298e+01
-5.786436135053760665e+01
-5.807791634941486336e+01
-5.825706610309915590e+01
