-2.794513448273882594e-01
-3.405358882234914564e-01
-3.822966801570426565e-01
-3.827341008471899508e-01
-4.141024416732205227e-01
-4.200425652736013982e-01
-4.206056547902077281e-01
-4.326085933486846224e-01
-4.369908318037329931e-01
-4.234407879188483714e-01
-4.270718600803590781e-01
-4.200123790450616124e-01
-4.411290425434465368e-01
-4.373316773356289433e-01
-4.388873500681683137e-01
-4.414819513872715873e-01
-4.302147878939172054e-01
-4.240906963766767346e-01
-4.259286597518575079e-01
-4.350478147653077388e-01
-4.480435363473059263e-01
-4.482704864569695413e-01
-4.450025552479061619e-01
-4.417761062043315534e-01
-4.226022497947773404e-01
-4.572067718883406351e-01
-4.464748424167901408e-01
-4.329823831025780834e-01
-4.374415071958303036e-01
-4.353307182894038396e-01
-4.451293371518911801e-01
-4.326840854642521883e-01
-4.276594757359564181e-01
-4.398260056998049006e-01
-4.513879817313528608e-01
-4.326489036384166820e-01
-4.255839557435161513e-01
-4.423220203141353668e-01
-4.537494796014162057e-01
-4.218180143272115545e-01
-4.368022129729314251e-01
-4.216115413009930979e-01
-4.285833318333349684e-01
-4.322809354108825275e-01
-4.400070769692852046e-01
-4.309679408682518531e-01
-4.343353831311869140e-01
-4.307987007914364508e-01
-4.145876608946932329e-01
-4.230369973290992736e-01
-4.231328190180205784e-01
-4.143872610710810367e-01
-4.203775310167381374e-01
-4.206809984356609800e-01
-4.294727789801535689e-01
-4.188757563906451153e-01
-4.269440786088616324e-01
-4.325557987994388398e-01
-4.140226743728439018e-01
-4.107214498824176552e-01
-3.894815073281547857e-01
-3.996761956616321498e-01
-4.168080904987798707e-01
-4.120001174082890127e-01
-4.203666848771145936e-01
-3.887625774011209678e-01
-4.042870253406889436e-01
-4.120581273530721234e-01
-4.052710297164558995e-01
-3.960863549438882192e-01
-4.038889937618614923e-01
-4.212187219909233615e-01
-4.181972089841812235e-01
-4.079859887122745388e-01
-4.039509445476496818e-01
-4.213148802691806249e-01
-4.081731719919226009e-01
-4.018234650583556444e-01
-3.896017878939248558e-01
-4.152476422685151825e-01
-3.927245368920166957e-01
-4.060360232868582830e-01
-3.859239723725464977e-01
-3.933761308699088577e-01
-3.879000351083543574e-01
-4.083907719223498489e-01
-3.894915836459396097e-01
-3.766690364295688376e-01
-3.885236771772846431e-01
-3.944150408093474169e-01
-3.926618614930443840e-01
-3.890396468943020380e-01
-3.829632806542044854e-01
-3.986752389342402836e-01
-3.853150574614794266e-01
-3.795811695750179737e-01
-3.692768741509206976e-01
-3.751738613950310608e-01
-3.881952176445460090e-01
-3.934351568033891411e-01
-3.760363356382656619e-01
-3.665113352705557936e-01
-3.689513195538327572e-01
-3.651884433336238800e-01
-3.669739200754063013e-01
-3.752411988143364852e-01
-3.774981284766707468e-01
-3.685059709542728434e-01
-3.526165975787503015e-01
-3.659552608274365681e-01
-3.681744486201066202e-01
-3.637172638453387563e-01
-3.656181392322763735e-01
-3.580075758046716849e-01
-3.498196782900437896e-01
-3.539356884737485665e-01
-3.557944629027347538e-01
-3.427165873027115950e-01
-3.430394691209013303e-01
-3.399002645356494767e-01
-3.374925042241154749e-01
-3.468160286963861694e-01
-3.540946721951083731e-01
-3.407993642000843870e-01
-3.358138394037348817e-01
-3.389339109765896474e-01
-3.435147658132304826e-01
-3.453236546541189611e-01
-3.313834940004931617e-01
-3.400181984348584763e-01
-3.332414805780539169e-01
-3.500475369358602151e-01
-3.239465760322599586e-01
-3.288581356502913167e-01
-3.212494696313150655e-01
-3.338688047996334340e-01
-3.229731390894481358e-01
-3.142907636036271768e-01
-3.231152891884980782e-01
-3.113563291749081863e-01
-3.146902601949896905e-01
-3.266878988050696542e-01
-3.214600347527505342e-01
-3.198867292348692715e-01
-3.142550806255215434e-01
-3.035583523671445683e-01
-3.247000919971951838e-01
-3.101890113209879729e-01
-3.153789029509437292e-01
-3.019390808316133601e-01
-3.010086580440627380e-01
-3.106659642833577983e-01
-3.127881059488442084e-01
-3.149886368334384734e-01
-3.126216942004522714e-01
-2.912796788698961414e-01
-3.001868656221411413e-01
-3.045249910571636853e-01
-2.903019634203425348e-01
-3.024325979029023337e-01
-3.007087400817045619e-01
-2.862881079579642218e-01
-3.099237697806294101e-01
-3.017374678533100152e-01
-2.993337688162567289e-01
-2.952029046644724097e-01
-2.939871846812907030e-01
-2.846130885404316579e-01
-2.889640019939689886e-01
-2.897292447577646257e-01
-2.975364608327852878e-01
-2.801190966472493216e-01
-2.960713208137843999e-01
-2.896823019254508580e-01
-2.813321780677964234e-01
-2.865370733552063953e-01
-2.934212733546668339e-01
-2.860150948826389872e-01
-2.843365666842965211e-01
-2.892328364251666173e-01
-2.884382918131236373e-01
-2.926928328161517712e-01
-2.983303422144230055e-01
-2.770080611469545318e-01
-2.875377258597682228e-01
-2.875674920574686766e-01
-2.833319859396663531e-01
-2.776438019831983794e-01
-2.871107440983091674e-01
-2.839167874818464554e-01
-2.800259271064724498e-01
-2.710098385458290515e-01
-2.836348197417635220e-01
-2.813607482380702240e-01
-2.788739795139578703e-01
-2.807771060137029817e-01
-2.794033296651390330e-01
-2.850062951060545746e-01
-2.897536502690982729e-01
-2.849216449222042868e-01
-2.621210938007569879e-01
-2.828268077407172232e-01
-2.782356640852503560e-01
-2.780212604671530308e-01
-2.733332049283547782e-01
-2.596385483578367293e-01
-2.742325987020692857e-01
-2.570874976754482510e-01
-2.668155706221964074e-01
-2.801930870380435756e-01
-2.713395404678160538e-01
-2.608718856349163673e-01
-2.576968277547391217e-01
-2.679780618091638367e-01
-2.713927592611926620e-01
-2.618942001663397967e-01
-2.629131098884229800e-01
-2.654377224718351691e-01
-2.725800540312226516e-01
-2.671076854135501222e-01
-2.649655405889796977e-01
-2.590891786416624765e-01
-2.504724560484090645e-01
-2.563208321237571141e-01
-2.557227098021436218e-01
-2.446838318956011671e-01
-2.720675833410293176e-01
-2.558609734585753914e-01
-2.542024298864121734e-01
-2.529122630520042048e-01
-2.547165173090721879e-01
-2.540073904935358229e-01
-2.605256028744629138e-01
-2.407871087194046744e-01
-2.577699893619271876e-01
-2.524621061533708355e-01
-2.479730335569142463e-01
-2.503404835979483600e-01
-2.480119918434842141e-01
-2.348305817928066919e-01
-2.464640314667199128e-01
-2.519867834218545433e-01
-2.395800829428782475e-01
-2.540068062461074971e-01
-2.383868543830296449e-01
-2.477090231340652871e-01
-2.362829114481674875e-01
-2.446576260834179006e-01
-2.416801812955645667e-01
-2.410579018754011038e-01
-2.350631303581682818e-01
-2.455097396108532060e-01
-2.475506670830437406e-01
-2.435955796400670614e-01
-2.402651764809102808e-01
-2.359274426839919059e-01
-2.354538852406218297e-01
-2.318269690609932598e-01
-2.361673790826409047e-01
-2.401005374858361241e-01
-2.315367939391038132e-01
-2.291018805039959916e-01
-2.312505203031379741e-01
-2.187700050176896172e-01
-2.270473238642701785e-01
-2.242925216314355374e-01
-2.431120252403155546e-01
-2.177568471105564285e-01
-2.068882596695024167e-01
-2.322277934257126475e-01
-2.344760087574406793e-01
-2.291266143068581007e-01
-2.258274676370399803e-01
-2.188036784731254292e-01
-2.268163024237708769e-01
-2.209980611257513772e-01
-2.205945315345934632e-01
-2.221041070456997724e-01
-2.282994334857105789e-01
-2.299758043175429423e-01
-2.139898984929986536e-01
-2.133854312155438748e-01
-2.159540618370254794e-01
-2.192736156852534979e-01
-2.254121099223618252e-01
-1.970620369030418040e-01
-2.270437023431746137e-01
-2.051951386157342405e-01
-2.058257208686675721e-01
-2.209310147956620174e-01
-2.188634140553664675e-01
-2.154517716394381832e-01
-2.068236161950745555e-01
-2.120376298779790281e-01
-2.213718726048435892e-01
-2.140841509421453903e-01
-2.219725460266627481e-01
-2.095520595903620775e-01
-1.999817762493437678e-01
-2.129659155675129867e-01
-2.101391835045987033e-01
-2.185485009687971603e-01
-2.132135458089385871e-01
-2.108142367966217567e-01
-2.048638192611596520e-01
-2.017236917548310693e-01
-2.185742971946030844e-01
-2.190478970059304142e-01
-2.009445714928415061e-01
-1.852736797389005208e-01
-2.039938667101321990e-01
-1.986991669364681634e-01
-2.154289090073087110e-01
-2.114524171488765258e-01
-2.048413908672732653e-01
-2.005490102893339177e-01
-2.003805325442618024e-01
-1.996114658822643051e-01
-2.094543826222641236e-01
-2.042782080313720883e-01
-2.150556158041549981e-01
-2.063184566755331684e-01
-2.055368553516314645e-01
-1.904209064323583722e-01
-1.965487586111802631e-01
-2.165900842871202325e-01
-1.908249729334010603e-01
-1.932406226831046014e-01
-1.935568543763328542e-01
-1.931288834699427248e-01
-1.892578094584023152e-01
-1.973089119886692888e-01
-2.132379573346119273e-01
-1.980096932456736347e-01
-1.977514578281329705e-01
-1.925761405974917295e-01
-1.912017611155429897e-01
-1.670652188721746256e-01
-1.883650638649716491e-01
-1.974128733760522891e-01
-1.947997692762650779e-01
-1.750002322554449208e-01
-1.993807374419391820e-01
-1.878544182642252203e-01
-1.913332885804224226e-01
-1.933955675541412234e-01
-1.957521912872484116e-01
-1.951354694142644064e-01
-1.999385804593862836e-01
-1.923546965795277508e-01
-1.848684511174045753e-01
-1.943900791345622991e-01
-1.854776984694581632e-01
-1.867632828888825536e-01
-1.858891523701124981e-01
-1.825174727033733735e-01
-1.824929225160158985e-01
-1.852691667280201848e-01
-1.724891631733468378e-01
-1.931749725776983340e-01
-1.897980307802547006e-01
-1.910179494411510248e-01
-1.759765005925360004e-01
-1.821579487305997613e-01
-1.863162038179144719e-01
-1.902026242359069474e-01
-1.802160041823483994e-01
-1.798338932324767825e-01
-1.833280856437013995e-01
-1.784918250727498545e-01
-1.659545697040218926e-01
-1.824253237652735393e-01
-1.694281711787721800e-01
-1.727687988267092578e-01
-1.848774634836547470e-01
-1.843805103945173052e-01
-1.784211767583676611e-01
-1.787510581750968441e-01
-1.835389938162004242e-01
-1.917400843429799551e-01
-1.680705547078678030e-01
-1.842966508901509037e-01
-1.752391110922517647e-01
-1.783641273109113357e-01
-1.874948805209584179e-01
-1.728612790156129897e-01
-1.899033288458147339e-01
-1.798127679915735300e-01
-1.810574686830155322e-01
-1.667570773597328859e-01
-1.745561840226552697e-01
-1.793508255829712184e-01
-1.816369652132017176e-01
-1.832896577871161448e-01
-1.902912699192400581e-01
-1.767294549158919814e-01
-1.844493970789593540e-01
-1.972533915001863924e-01
-1.691888209475225224e-01
-1.871492330065716025e-01
-1.801188269119791130e-01
-1.864145591837407245e-01
-1.769158401401351721e-01
-1.642763486247733606e-01
-1.849627901075467928e-01
-1.724418396884035420e-01
-1.689568003553452158e-01
-1.788989045594528982e-01
-1.678741603958917583e-01
-1.731484708775510306e-01
-1.745264898541489806e-01
-1.733505259848406865e-01
-1.657433059198873959e-01
-1.802363126572867902e-01
-1.836393369150464139e-01
-1.734868574842667321e-01
-1.739325324247804616e-01
-1.709999385010005923e-01
-1.789769873158173485e-01
-1.762142473549899169e-01
-1.625910892987789680e-01
-1.742282000751562698e-01
-1.745667513120012782e-01
-1.745081330940068121e-01
-1.754945685303832548e-01
-1.774397106080689568e-01
-1.651710971957793817e-01
-1.801088578229999015e-01
-1.681250966084841814e-01
-1.874620415036427623e-01
-1.724845956139078318e-01
-1.711848600536507448e-01
-1.818988051264027739e-01
-1.791488793544422364e-01
-1.863185875231208044e-01
-1.774058203574506720e-01
-1.646969356334504475e-01
-1.762161646866287068e-01
-1.804717365425316800e-01
-1.654667623884085170e-01
-1.706302262848600204e-01
-1.882810998691322180e-01
-1.851960019227059107e-01
-1.691763513791273432e-01
-1.838169589562483885e-01
-1.719545522808860749e-01
-1.652453895348904300e-01
-1.567252966818362125e-01
-1.664723179497442640e-01
-1.670126936716855859e-01
-1.652961341031509157e-01
-1.776299078320657809e-01
-1.759690639871627216e-01
-1.816003880109096080e-01
-1.739811169286491488e-01
-1.718965450731780864e-01
-1.796349315318300777e-01
-1.690357158382979064e-01
-1.673894695531600307e-01
-1.688109913164754783e-01
-1.752158208047100985e-01
-1.766458319193825455e-01
-1.533529902499449760e-01
-1.709631277140953864e-01
-1.675580117243209433e-01
-1.722719365959386462e-01
-1.634441363387948987e-01
-1.738823309850321408e-01
-1.722782976224500606e-01
-1.635915067712101489e-01
-1.719173542978101876e-01
-1.637842286209002518e-01
-1.675036605177999127e-01
-1.635345190500473722e-01
-1.583926703963572935e-01
-1.549994104435671316e-01
-1.711424584092693379e-01
-1.776635122808214451e-01
-1.605179797303804001e-01
-1.553143091949172883e-01
-1.618847633064324776e-01
-1.615467958602417597e-01
-1.702915273033953902e-01
-1.595847038077329305e-01
-1.708027168246047944e-01
-1.632437925700221948e-01
-1.696372386500307750e-01
-1.606310469324855328e-01
-1.506409224078320008e-01
-1.695935193658730800e-01
-1.579514285355718695e-01
-1.589030233941910453e-01
-1.604732618990101223e-01
-1.599708318070470758e-01
-1.608844502724429137e-01
-1.603548570904054227e-01
-1.582247979763393708e-01
-1.526823296940487129e-01
-1.542281676901555709e-01
-1.612893139810256393e-01
-1.626289948306915978e-01
-1.616517729588767827e-01
-1.570170333547560304e-01
-1.647195079189545108e-01
-1.572724696663470589e-01
-1.546988317682622682e-01
-1.555012552515731006e-01
-1.706880901965636133e-01
-1.660489277093448734e-01
-1.569407481714671371e-01
-1.647000311856506305e-01
-1.747259895869823221e-01
-1.643218485562022435e-01
-1.693649860945142804e-01
-1.604166736751366784e-01
-1.493455757692815911e-01
-1.733628309759672748e-01
-1.627920204302502061e-01
-1.685250834676441656e-01
-1.587052818346921246e-01
-1.452267122447822301e-01
-1.611367994954316929e-01
-1.599066280718358657e-01
-1.571160872033982026e-01
-1.762084844785339888e-01
-1.690229620781365516e-01
-1.669782994040085455e-01
-1.703908790318234834e-01
-1.636554882758016749e-01
-1.660068767269540224e-01
-1.535069829212071801e-01
-1.634406505219576644e-01
-1.708302098991774376e-01
-1.610925934211067112e-01
-1.664579048247744331e-01
-1.623198483343012144e-01
-1.600661121750505123e-01
-1.611093827683690860e-01
-1.666719268377801488e-01
-1.726808458008229907e-01
-1.683837725509383931e-01
-1.587622400929267208e-01
-1.651548871856567402e-01
-1.806638665883819606e-01
-1.681394026697161648e-01
-1.728743274118405560e-01
-1.547618159256343717e-01
-1.636564504084028482e-01
-1.700597619924679171e-01
-1.711952196226373402e-01
-1.558790799190778453e-01
-1.669531509978611217e-01
-1.528573772485650462e-01
-1.507045944844261076e-01
-1.564929325651033820e-01
-1.749601933202206971e-01
-1.698985648515194402e-01
-1.626891715154694940e-01
-1.637082028811175372e-01
-1.597556539757674088e-01
-1.507869195378538363e-01
-1.641715064450702810e-01
-1.614128427445731262e-01
-1.579850492298943143e-01
-1.769032143305704352e-01
-1.627048010029348291e-01
-1.640421086223806668e-01
-1.618390358361815329e-01
-1.631894083748613999e-01
-1.599547453122591723e-01
-1.506012453972060960e-01
-1.623472509156053123e-01
-1.630538825920854196e-01
-1.580018042303065195e-01
-1.637550103253951894e-01
-1.663150848048235986e-01
-1.607634407947089450e-01
-1.566271464272998015e-01
-1.638757835283746189e-01
-1.690875504353713810e-01
-1.753766782238044275e-01
-1.582170210091028428e-01
-1.738690962621655123e-01
-1.748390747095673881e-01
-1.512462507961720437e-01
-1.672990928401407729e-01
-1.520363430591444853e-01
-1.535158327720524962e-01
-1.563821066089170486e-01
-1.537428457021916550e-01
-1.579751472651835797e-01
-1.581231527113586832e-01
-1.591548865686391867e-01
-1.423922098942835834e-01
-1.533055894792783036e-01
-1.552440167751791833e-01
-1.524769732484430040e-01
-1.640190178820524203e-01
-1.716606652498013919e-01
-1.651612494136891485e-01
-1.636109194509713927e-01
-1.608709520776825386e-01
-1.632042728484206506e-01
-1.679206516405888916e-01
-1.457908566889178914e-01
-1.551387936079782204e-01
-1.602510227245281804e-01
-1.624171172412087749e-01
-1.559115001467339390e-01
-1.452689331487460045e-01
-1.547596350104571972e-01
-1.461781675921443036e-01
-1.564365053931322525e-01
-1.662644258576362333e-01
-1.572742237555986300e-01
-1.381693580894860496e-01
-1.502967874498668532e-01
-1.750112032990087663e-01
-1.639344541473377603e-01
-1.595469990921463133e-01
-1.637995058198173925e-01
-1.572877416704101528e-01
-1.413858078925946948e-01
-1.649021820940805849e-01
-1.614217318346902186e-01
-1.699544642690706819e-01
-1.614359589695395503e-01
-1.551820699730954711e-01
-1.507093867990600966e-01
-1.490389155751841166e-01
-1.618233034275244897e-01
-1.507530619655574888e-01
-1.756950512665484965e-01
-1.556332447127335428e-01
-1.666605541501504639e-01
-1.638374680822973772e-01
-1.560522532303489918e-01
-1.730620960696853672e-01
-1.593442037251753263e-01
-1.485450813864663822e-01
-1.584403731227235212e-01
-1.487878544500471634e-01
-1.541644054641158057e-01
-1.522775344840057166e-01
-1.538756202946847118e-01
-1.569021860625126052e-01
-1.690751270979671261e-01
-1.625201003929683807e-01
-1.485078954059537715e-01
-1.713659810662218064e-01
-1.649739961669141053e-01
-1.522204538022138287e-01
-1.515456745980254816e-01
-1.640244581433436544e-01
-1.597484910503954580e-01
-1.556710541421795213e-01
-1.684447427235622463e-01
-1.645583187074475262e-01
-1.666235232324717597e-01
-1.516274504492156616e-01
-1.602574953564070981e-01
-1.625253478746526703e-01
-1.562534459141506904e-01
-1.632697012864572361e-01
-1.651864611868911759e-01
-1.493434432457469985e-01
-1.499499838867888180e-01
-1.808335258026125825e-01
-1.600232229373779180e-01
-1.667556232406015582e-01
-1.572887024483065055e-01
-1.545225495190534204e-01
-1.569230204256850669e-01
-1.551904149867893157e-01
-1.582364592155169891e-01
-1.609203061876411933e-01
-1.612583640380584882e-01
-1.572671013189583800e-01
-1.591589602457765817e-01
-1.530449237128146400e-01
-1.500911101342599085e-01
-1.443455704844971432e-01
-1.501770739970083035e-01
-1.548021318109684685e-01
-1.567104927821958427e-01
-1.634973954316509825e-01
-1.770526785488368837e-01
-1.732309545138539519e-01
-1.640655519111380301e-01
-1.543795789163162624e-01
-1.521407529539997583e-01
-1.578871347477543985e-01
-1.494791125405958709e-01
-1.477645316071041215e-01
-1.615675504623963477e-01
-1.608091381608285353e-01
-1.511862675721209470e-01
-1.660290945958129427e-01
-1.598179692981831490e-01
-1.478630940196654642e-01
-1.605926396542849410e-01
-1.523103195282757838e-01
-1.604113993706501873e-01
-1.603363002837676632e-01
-1.500871993500179080e-01
-1.497872615477069402e-01
-1.516263568877689316e-01
-1.659246799730116351e-01
-1.612947683570222779e-01
-1.654431125635809074e-01
-1.530775410321516539e-01
-1.528561787109352643e-01
-1.675236142966869402e-01
-1.618733282570521403e-01
-1.467456453929401050e-01
-1.599430798175176527e-01
-1.468111250705979032e-01
-1.376252276785621120e-01
-1.627862404159872156e-01
-1.618341765579973668e-01
-1.591427195466672551e-01
-1.721653321683187521e-01
-1.442224042374380399e-01
-1.507682726698620357e-01
-1.572983114800683424e-01
-1.694920718262820092e-01
-1.561333042399037918e-01
-1.557993616410191517e-01
-1.580448462769052931e-01
-1.385664587430484040e-01
-1.488432802973234104e-01
-1.646027476833475944e-01
-1.617021030571947904e-01
-1.564468975076507284e-01
-1.598813782166716990e-01
-1.610694605793216994e-01
-1.546376824210455858e-01
-1.511826160270950403e-01
-1.533771722944381466e-01
-1.564635248007744117e-01
-1.532443440570858684e-01
-1.476208615433187710e-01
-1.644051900049721127e-01
-1.568385017679239102e-01
-1.662229959301895210e-01
-1.603690491305771459e-01
-1.674026405664532646e-01
-1.562289196764861110e-01
-1.695597460039861559e-01
-1.558402234345166448e-01
-1.574622253864363941e-01
-1.392069261716666340e-01
-1.654477667912994665e-01
-1.627279683541800193e-01
-1.600761880901371281e-01
-1.616898935293675788e-01
-1.636538535512428449e-01
-1.574927089743292097e-01
-1.523363135976119054e-01
-1.739443001228855312e-01
-1.674942776705616865e-01
-1.652241452801290755e-01
-1.655390376802707841e-01
-1.599203632414583076e-01
-1.663053400848513164e-01
-1.634590023826101302e-01
-1.592791032679001795e-01
-1.514887611467996553e-01
-1.685988670937386136e-01
-1.492247561066035733e-01
-1.493571083042726233e-01
-1.482443651691585096e-01
-1.627117154703081603e-01
-1.722306138872746750e-01
-1.649077320649721123e-01
-1.720636906491090912e-01
-1.720657895510697699e-01
-1.590459110204289761e-01
-1.523899267268848945e-01
-1.549465000352012733e-01
-1.565421671846449758e-01
-1.515180744756305931e-01
-1.607940076929925688e-01
-1.592973311823899785e-01
-1.604487466169264298e-01
-1.776276123433062626e-01
-1.726205992278413426e-01
-1.758660347590608186e-01
-1.742816141972336474e-01
-1.647615734876370919e-01
-1.600641450903814711e-01
-1.644535793784376310e-01
-1.725743194700826155e-01
-1.651353059483287034e-01
-1.494491415956038516e-01
-1.552147436613267040e-01
-1.757904457548096211e-01
-1.743259749565675421e-01
-1.549128281671841023e-01
-1.542879579078388907e-01
-1.556516522526210089e-01
-1.631193847934491181e-01
-1.557073951560865588e-01
-1.454181694931961921e-01
-1.611974218215754817e-01
-1.579728172265493225e-01
-1.765972304957710293e-01
-1.527305515421495397e-01
-1.634560041681152320e-01
-1.719419647569222498e-01
-1.523028393848060436e-01
-1.559115480222996730e-01
-1.636694025148530685e-01
-1.581721420332202754e-01
-1.635496148907145120e-01
-1.777351934137381129e-01
-1.782274768344946914e-01
-1.535514392530030747e-01
-1.612922255340443201e-01
-1.546315821740453789e-01
-1.718217239885060366e-01
-1.600544096568838892e-01
-1.670504485944208639e-01
-1.597995473882325435e-01
-1.668954805905600303e-01
-1.729317520368582883e-01
-1.595442177110459880e-01
-1.685332471397216203e-01
-1.713728370124436573e-01
-1.530376098721610845e-01
-1.654052998849890876e-01
-1.607951421303708273e-01
-1.558132456512533182e-01
-1.483735533613095292e-01
-1.680148775852252641e-01
-1.704653708536749690e-01
-1.790743833029684318e-01
-1.701248568670141736e-01
-1.553570388245764100e-01
-1.483843681554666283e-01
-1.418662907612548985e-01
-1.769990608142060218e-01
-1.790114254752670497e-01
-1.691484555007400914e-01
-1.645435869124725059e-01
-1.742916788878940970e-01
-1.569575048811882034e-01
-1.660467310671744912e-01
-1.657880356720871085e-01
-1.681180629095848644e-01
-1.430429873382799144e-01
-1.537665168020811990e-01
-1.727519728679411948e-01
-1.742745404585597235e-01
-1.652846787702468845e-01
-1.625006889417619504e-01
-1.665546215594275736e-01
-1.649051702202544156e-01
-1.607982555179745532e-01
-1.549510471127919509e-01
-1.499718713920965563e-01
-1.638696469020808344e-01
-1.613657295779478140e-01
-1.640243490977764118e-01
-1.654195521084478315e-01
-1.450827444567059921e-01
-1.696133916634092742e-01
-1.602205636019409241e-01
-1.636812702055530089e-01
-1.782421081985399169e-01
-1.891589472466082000e-01
-1.654430952106444863e-01
-1.640811135352961969e-01
-1.648769383824992829e-01
-1.689867380348291093e-01
-1.702512165712990466e-01
-1.722322068803467943e-01
-1.692978059184202522e-01
-1.783623793232145260e-01
-1.698773454344268963e-01
-1.596114487574840091e-01
-1.650846882803431726e-01
-1.681413530952804436e-01
-1.545359048006345049e-01
-1.757821403082884260e-01
-1.666014942550484434e-01
-1.801094053491585356e-01
-1.979445825038936846e-01
-1.850943699215319427e-01
-1.973689136858451931e-01
-1.831999033711957381e-01
-1.788025961794428298e-01
-1.647945983970044992e-01
-1.734823918775596496e-01
-1.920122953865872617e-01
-1.816053627800151560e-01
-1.914446279142039131e-01
-1.734821271772766238e-01
-1.737569388193298536e-01
-1.538325859046190125e-01
-1.670686845893083472e-01
-1.944030667585030514e-01
-1.992079887742974620e-01
-1.713457465835404037e-01
-1.777238232383377969e-01
-1.796966593789801614e-01
-1.937107073428232518e-01
-1.838626092570878612e-01
-1.979681698561330805e-01
-1.911110687077393067e-01
-1.808886537281049200e-01
-1.923659521329423860e-01
-1.877637002341741024e-01
-1.960856141202751424e-01
-1.836099683635934454e-01
-1.952728438795929833e-01
-1.813692279441094790e-01
-1.936130011567587239e-01
-1.850440747105799311e-01
-1.735958563062700577e-01
-1.878134875894357236e-01
-1.856598569755032457e-01
-1.958553985106870066e-01
-1.993204760297757616e-01
-1.886601749440002251e-01
-1.847439575191964778e-01
-1.783801486052318808e-01
-2.011122126507931540e-01
-2.077513511740995966e-01
-2.104567362970075628e-01
-1.749179629389678858e-01
-1.928647920421111550e-01
-1.955460613108073176e-01
-1.771106200738969960e-01
-1.868067615381319158e-01
-1.827752072513018078e-01
-1.682163338997102464e-01
-1.830295235422818578e-01
-1.774454797800135708e-01
-1.785533344851524262e-01
-1.928313251288207297e-01
-1.842446922234088902e-01
-1.785123174710410154e-01
-1.871696037370407240e-01
-1.851450233253713051e-01
-1.831157456057517230e-01
-1.881814566869133287e-01
-1.923025105230644627e-01
-1.793380002540847507e-01
-1.897929464853760351e-01
-1.936241336127055845e-01
-1.873828761174261004e-01
-1.718969834002566088e-01
-1.609372099060988326e-01
-1.791424665694756335e-01
-1.718180991277242775e-01
-1.582816288872290755e-01
-1.767704913741181549e-01
-1.810594867087118587e-01
-1.784641612294906032e-01
-1.927669893484198482e-01
-1.763616590679459861e-01
-1.886522549591060915e-01
-1.948449474365778755e-01
-1.931480778338956483e-01
-1.827764772147544292e-01
-1.565853133004639908e-01
-1.686932623523973440e-01
-1.840654382683686308e-01
-1.807292912465028323e-01
-1.938800547373471517e-01
-1.755394478971674666e-01
-1.685073782122450403e-01
-1.722372963496314746e-01
-1.947638076681501573e-01
-1.742400716869854094e-01
-1.824129748538321216e-01
-1.825600584130007142e-01
-1.812072702903320121e-01
-1.635751360479531513e-01
-1.779922818746593194e-01
-1.631152765122148018e-01
-1.790400420533662107e-01
-1.869026370126669612e-01
-1.657072736016216297e-01
-1.793791365126100601e-01
-1.670846395488285729e-01
-1.828021048090562317e-01
-1.609327543885954448e-01
-1.751235373394655070e-01
-1.627319952039991691e-01
-1.701297024391976720e-01
-1.607326286452743780e-01
-1.785049076330467166e-01
-1.564135493598168836e-01
-1.748748261546833049e-01
-1.724723935972876099e-01
-1.672941345026046633e-01
-1.662830050919512637e-01
-1.857943221828488589e-01
-1.736261549332280829e-01
-1.734133816994241073e-01
-1.752289100652593135e-01
-1.744859721564324673e-01
-1.635573044607050441e-01
-1.711318723775656636e-01
-1.644808042722929464e-01
-1.766421327869225344e-01
-1.764063061972076518e-01
-1.668219509259452060e-01
-1.731290248748251770e-01
-1.628533117367081395e-01
-1.679809271309595786e-01
-1.759739016822972069e-01
-1.649264228245352903e-01
-1.597370790248096029e-01
-1.638816541481706857e-01
-1.514962651382396608e-01
-1.491881224290048102e-01
-1.673545788736925388e-01
-1.659171552839517894e-01
-1.694305897933090499e-01
-1.616090022437699503e-01
-1.590624504541753303e-01
-1.618076544801714256e-01
-1.661178383091361788e-01
-1.568763141431626096e-01
-1.591241142944888054e-01
-1.561641191606382151e-01
-1.608556599062906933e-01
-1.610276190732125023e-01
-1.723757815141220284e-01
-1.536020668365334352e-01
-1.601586624480453303e-01
-1.715519449631264237e-01
-1.507608512947222756e-01
-1.723225173612745742e-01
-1.594199794254254066e-01
-1.560184131548938424e-01
-1.606247080972607044e-01
-1.512172229015948943e-01
-1.553367624937513902e-01
-1.492960686010254001e-01
-1.637929529846187116e-01
-1.565352526014844869e-01
-1.521136149150144057e-01
-1.524432609858101806e-01
-1.469079734919458424e-01
-1.585296246262335451e-01
-1.459697158336092926e-01
-1.429124828415302417e-01
-1.429853647622323365e-01
-1.529821874806374105e-01
-1.477097017659438905e-01
-1.557966547700893045e-01
-1.653817860350539348e-01
-1.644613133867589561e-01
-1.550715683929939637e-01
-1.555244877374328816e-01
-1.558971933375921104e-01
-1.544386357777680630e-01
-1.390247905337398393e-01
-1.427236192486476263e-01
-1.448543236091888176e-01
-1.496388632938434604e-01
-1.454328514305860409e-01
-1.443161572502824619e-01
-1.570465207080342651e-01
-1.531472896710406317e-01
-1.580414940534011770e-01
-1.411512671929999740e-01
-1.644673951480362106e-01
-1.353086036892219290e-01
-1.283551175382036114e-01
-1.356272339396324966e-01
-1.500792804383990209e-01
-1.511096484837124443e-01
-1.515642674370591969e-01
-1.471869742649478674e-01
-1.315176043685304386e-01
-1.503041077529645442e-01
-1.414519714257393979e-01
-1.412571188799804922e-01
-1.402207920636859839e-01
-1.487374630144961962e-01
-1.449821089864036239e-01
-1.543607250060539116e-01
-1.377147654183641379e-01
-1.499908724072720467e-01
-1.378365914574817275e-01
-1.364860049203637793e-01
-1.359529766489981917e-01
-1.503559947266386310e-01
-1.477860926700529376e-01
-1.293359123293598145e-01
-1.451876169127710448e-01
-1.428953521435905039e-01
-1.462946899966706127e-01
-1.526669258308164245e-01
-1.390030992897997031e-01
-1.318609323170631953e-01
-1.408148579877130935e-01
-1.482828267992220006e-01
-1.508067877722836236e-01
-1.257129111292090151e-01
-1.447139120640774657e-01
-1.421801280578547377e-01
-1.449154353760548908e-01
-1.397946163182020030e-01
-1.337936186211416967e-01
-1.305922551238025697e-01
-1.324131688439043053e-01
-1.356756881783418578e-01
-1.233843148610924700e-01
-1.315514988133945629e-01
-1.406720378907979629e-01
-1.413050168423337638e-01
-1.408577170283269453e-01
-1.350771045631020684e-01
-1.312137393447749822e-01
-1.277035279451674832e-01
-1.225544493801247192e-01
-1.276299106357479118e-01
-1.388425102063424177e-01
-1.346694195731918953e-01
-1.277590144892424284e-01
-1.446097499436040934e-01
-1.276714690730935686e-01
-1.393320358891307897e-01
-1.309134596764192082e-01
-1.336332375433744168e-01
-1.338693384150619892e-01
-1.264790320276372171e-01
-1.244760789057504091e-01
-1.286604010684961885e-01
-1.257709746220179170e-01
-1.362900328980582998e-01
-1.395819955092671982e-01
-1.407329039861355824e-01
-1.444403044337603248e-01
-1.398347192146762730e-01
-1.304004925292945316e-01
-1.313150215736071935e-01
-1.345570078082007903e-01
-1.365320843115753746e-01
-1.319566657402617693e-01
-1.295598066641705515e-01
-1.360735600105491550e-01
-1.376552092818261741e-01
-1.246206001327059276e-01
-1.248052510711805674e-01
-1.400959418454696959e-01
-1.317357506800425071e-01
-1.432975986639664079e-01
-1.298979590724984590e-01
-1.361839900057058017e-01
-1.351490819531333543e-01
-1.268052630972928974e-01
-1.261340171460010318e-01
-1.348467452624921847e-01
-1.293735648903200364e-01
-1.346803784507386581e-01
-1.378013104798347932e-01
-1.444212298856397680e-01
-1.374498722455061994e-01
-1.249159284782495050e-01
-1.208291697872070358e-01
-1.252146958504591900e-01
-1.275620520851155071e-01
-1.300215172768699468e-01
-1.317475750459466965e-01
-1.217530267484709938e-01
-1.309310732290187573e-01
-1.270795314709758372e-01
-1.241596530321591452e-01
-1.331082986955158809e-01
-1.303034491412486950e-01
-1.285705003407602298e-01
-1.219272391372059339e-01
-1.445314161533652886e-01
-1.289353023500581230e-01
-1.269575764487709257e-01
-1.238705427582442731e-01
-1.274731219457883036e-01
-1.335028072352466566e-01
-1.286200820000540368e-01
-1.302044149114784943e-01
-1.405928988425242387e-01
-1.354517743002103813e-01
-1.253531908424321273e-01
-1.259964305111966887e-01
-1.251929427021627461e-01
-1.172558498398106330e-01
-1.241566792331720848e-01
-1.265200821231298178e-01
-1.280590531050744829e-01
-1.234772501157372915e-01
-1.378079611700311347e-01
-1.208804899578348468e-01
-1.282858847951304782e-01
-1.313208989308494168e-01
-1.232959578487946573e-01
-1.163907864752262711e-01
-1.076737387910098320e-01
-1.175833782955173490e-01
-1.263997494550244127e-01
-1.168322528476846145e-01
-1.217928325239823195e-01
-1.231800905553033232e-01
-1.263137517753705197e-01
-1.204921639331724137e-01
-1.152076039396545681e-01
-1.246029755347350942e-01
-1.135611952634016930e-01
-1.291511958189710541e-01
-1.082711100281175121e-01
-1.177255164684716249e-01
-1.251084635726789074e-01
-1.239102570926968738e-01
-1.144169629822640033e-01
-1.089871558170676380e-01
-1.315664447720581443e-01
-1.233728683370474144e-01
-1.218519681234084828e-01
-1.238879663029948119e-01
-1.117206808769202198e-01
-1.196132441712545180e-01
-1.256204226389425749e-01
-1.273523218339298602e-01
-1.173730883004040493e-01
-1.196602035423888211e-01
-1.238800234859396276e-01
-1.352236361406240484e-01
-1.267221674170557755e-01
-1.220983596959803741e-01
-1.195446927820040806e-01
-1.247975056708816588e-01
-1.181560520559910010e-01
-1.184012497847111156e-01
-1.289231754390702811e-01
-1.165542066277160949e-01
-1.196222154328645537e-01
-1.243583510635355438e-01
-1.184952363052191870e-01
-1.184746594477590342e-01
-1.212795389897101117e-01
-1.128754309922421761e-01
-1.197657464809362970e-01
-1.261024252180940053e-01
-1.094492340583759216e-01
-1.045911875323213280e-01
-1.158879634002496495e-01
-1.255414498814126922e-01
-1.359753723034557993e-01
-1.188687837753104048e-01
-1.203109549282852520e-01
-1.136656321358504584e-01
-1.207527941357886547e-01
-1.104359295074983649e-01
-1.260884973180833590e-01
-1.254942698758196862e-01
-1.201191936861190079e-01
-1.178408161218147399e-01
-1.148366869217785080e-01
-1.176438724046722228e-01
-1.146478080648134501e-01
-1.104147282208596259e-01
-1.077864740378160491e-01
-1.270352715355937967e-01
-1.235354911904638087e-01
-1.232340456617193603e-01
-1.198858423034572240e-01
-1.223524625244714059e-01
-1.172322401858951757e-01
-1.127815110635768114e-01
-1.081917151204532246e-01
-1.085058921348069916e-01
-1.144864027490952729e-01
-1.139245038369538499e-01
-1.105120013431557524e-01
-1.248219434750366119e-01
-1.170433786273066268e-01
-1.150191873117849539e-01
-1.109667831302436625e-01
-1.218903254344283482e-01
-1.308429698412836295e-01
-1.131192246245382726e-01
-1.186716577904864955e-01
-1.249098846795866358e-01
-1.220506193722910027e-01
-1.269013137718650874e-01
-1.178164418472347208e-01
-1.154536058765138762e-01
-1.111314010777362249e-01
-1.094442573462539592e-01
-1.063188232125154009e-01
-1.045408454548666377e-01
-1.065847738977727666e-01
-1.162752305071821368e-01
-1.126834484907908163e-01
-1.156185766789681324e-01
-1.214587765361594407e-01
-1.060201840538717022e-01
-1.146707626693626025e-01
-1.177429329344512610e-01
-1.151703676363418083e-01
-1.120416234881131956e-01
-1.241617667601073727e-01
-1.150920204644712008e-01
-1.267212092179170746e-01
-1.068989966419833237e-01
-1.177292535428851039e-01
-1.109710608422158629e-01
-1.256031183732038148e-01
-1.252295906581188945e-01
-1.292487219690230393e-01
-1.120397408925408733e-01
-1.188695874403271624e-01
-1.073413788204702346e-01
-1.117578800744036815e-01
-1.130169951488333435e-01
-1.118544598680257796e-01
-1.204410864248770530e-01
-1.127577482725872215e-01
-1.040960818855793946e-01
-1.039282090567326122e-01
-1.140517035955728176e-01
-1.113385060172440433e-01
-1.111579701010936283e-01
-1.005277630907510655e-01
-1.087556221167886861e-01
-1.067815198836687962e-01
-1.194392424716110845e-01
-1.053396092168519260e-01
-1.092470213651473010e-01
-1.199882035847572581e-01
-1.096163986947940039e-01
-1.129442404249503262e-01
-1.108590929091199939e-01
-1.099740548330410128e-01
-1.145277106317936777e-01
-1.169719033777365524e-01
-1.203599608732215387e-01
-1.104977707431387124e-01
-1.230111955902688514e-01
-1.057234048659227987e-01
-1.108009454217309120e-01
-1.116364505734166457e-01
-1.146969874664551803e-01
-1.107462584247809190e-01
-1.136783593536807579e-01
-1.021157395803209411e-01
-1.103250113774758567e-01
-1.260828595668961327e-01
-1.111603386360364709e-01
-1.222195155215235474e-01
-1.043729083115692013e-01
-1.136075574528114807e-01
-1.129916429870165828e-01
-1.051980532404099833e-01
-1.109828891611686075e-01
-1.128097613758325402e-01
-1.130823059995300639e-01
-1.077102114815637890e-01
-1.134306835414466974e-01
-1.143762336114524381e-01
-1.118292678728360912e-01
-1.047056326067075105e-01
-1.156437753986558903e-01
-1.104416171177748929e-01
-1.233798991232224473e-01
-1.028130709532486531e-01
-1.110202434693314810e-01
-1.190328842990326930e-01
-1.131451274155117481e-01
-1.047743355679049415e-01
-1.069697692548263745e-01
-1.120115404580843688e-01
-1.094400240224082665e-01
-1.076661554671591858e-01
-1.129003249472382286e-01
-1.159620411911208571e-01
-1.026375553955136688e-01
-1.073922168376510999e-01
-1.136337534357672041e-01
-1.168934502371827833e-01
-1.032546426406852902e-01
-1.141042406708687729e-01
-1.053994470323340593e-01
-1.099150948604386002e-01
-1.006039529708568914e-01
-1.054861860318481170e-01
-1.011490380233017738e-01
-1.069064031683106819e-01
-1.047997043335553435e-01
-1.027076276611507133e-01
-1.145252893823243134e-01
-1.040982142275574951e-01
-1.063426102337712287e-01
-1.045373863820691085e-01
-1.058103115602770927e-01
-1.028143375797294645e-01
-1.155618293840126043e-01
-9.696138745536719838e-02
-1.037492275806730646e-01
-1.049803151316961447e-01
-1.056158819137942295e-01
-1.074379143949242277e-01
-1.126609089208949754e-01
-1.170257010308772827e-01
-1.054036661258974661e-01
-1.073471896165045791e-01
-9.803914702457561248e-02
-1.067647887127707307e-01
-1.082162493313321150e-01
-1.031958648217843333e-01
-1.079670808252730652e-01
-1.054918956385173523e-01
-9.476012480277207217e-02
-1.025094752151156641e-01
-1.077708442811955436e-01
-1.018864823046796708e-01
-1.078050187588464048e-01
-1.002507101612848395e-01
-1.121350219825183459e-01
-1.065112496212332616e-01
-1.159218942182989043e-01
-1.043107697611640461e-01
-1.191595295726881609e-01
-1.021559587432521177e-01
-1.103038191683449742e-01
-1.132986787982646071e-01
-1.127506701012608303e-01
-1.131878503655854296e-01
-1.127108828684411090e-01
-1.010797346838816502e-01
-1.020811921640258912e-01
-1.138674626192544004e-01
-1.052134121533503386e-01
-1.103306896229099276e-01
-9.537634291109853280e-02
-1.152604223153042007e-01
-1.095673283548164179e-01
-1.019487426114185080e-01
-1.118125967476328864e-01
-1.152143454879761553e-01
-1.110498768050278695e-01
-1.073409184399036764e-01
-1.101556337620896997e-01
-1.055978635324927861e-01
-1.177068467937618657e-01
-1.045020935484164970e-01
-1.135642457020230589e-01
-1.050982354989564715e-01
-1.108422313697721151e-01
-1.068825731807755419e-01
-1.033215613236638242e-01
-9.785548254246112521e-02
-1.117301654008679979e-01
-1.132929305737938597e-01
-1.103869566837434313e-01
-9.840518051737956462e-02
-1.047432666779517518e-01
-1.117681169295448029e-01
-1.071567078590174305e-01
-1.028742152400841103e-01
-1.119505189828868680e-01
-1.133954298634556324e-01
-1.078526925266771741e-01
-1.119727157574993137e-01
-1.203077751759022290e-01
-1.151425528531647702e-01
-1.043011271952565266e-01
-1.140375900293244538e-01
-1.085853913866579035e-01
-1.098276776917073150e-01
-1.070211190107116517e-01
-1.130135833344546592e-01
-1.090308535219924602e-01
-1.119238497248191688e-01
-1.163427896665802375e-01
-1.046328049923227477e-01
-1.061469485698386811e-01
-1.133841745530344558e-01
-1.163684074080134634e-01
-1.059918700603873498e-01
-1.105971904771152481e-01
-1.062808290211465501e-01
-1.074839276564514834e-01
-1.064546437766823450e-01
-1.039162959034870548e-01
-1.095045795492634033e-01
-1.057801087910856808e-01
-1.145034363588993964e-01
-1.173508110255742087e-01
-1.102183126725913009e-01
-1.189229026889427887e-01
-1.138700263845691119e-01
-1.109912864897221185e-01
-1.174049466888382326e-01
-1.087333241081885338e-01
-1.184910868347834878e-01
-1.156029697136672918e-01
-1.207444921981714048e-01
-1.254045913208826635e-01
-1.129490299829604139e-01
-1.148683234019941546e-01
-1.108445675526313901e-01
-1.140234591116356944e-01
-1.229917229245597321e-01
-1.089915026129921749e-01
-1.151764519395956921e-01
-1.208521339727025024e-01
-1.094554558708613623e-01
-1.157184138099293658e-01
-1.164902545772958098e-01
-1.056757364180340719e-01
-1.135847820886416171e-01
-1.204174363293605832e-01
-1.138995452925882224e-01
-1.133370884313872895e-01
-1.066878405565003796e-01
-1.202739094363121097e-01
-1.135683617215882402e-01
-1.092851190159487285e-01
-1.082656343214056793e-01
-1.105607440922966866e-01
-1.129254728496233984e-01
-1.137923587677186488e-01
-1.143816534669013230e-01
-1.224149990860229908e-01
-1.204566957170500885e-01
-1.250028345166114274e-01
-1.117327850277543000e-01
-1.271571241590350176e-01
-1.118185217458881331e-01
-1.116643297093113940e-01
-1.159086041368522224e-01
-1.157976880392754815e-01
-1.178942478290816442e-01
-1.121340223313831430e-01
-1.093995414443060810e-01
-1.199847075189820478e-01
-1.014554908917091325e-01
-1.158176320372058532e-01
-1.162981670279223945e-01
-1.199442828416765749e-01
-1.192486222581574662e-01
-1.214348300915679690e-01
-1.182843054373383662e-01
-1.147877833421315774e-01
-1.184306177673015714e-01
-1.074379202717037352e-01
-1.111029812393278249e-01
-1.093738958928174299e-01
-1.212761358947593848e-01
-1.126476696606482086e-01
-1.254178208771068448e-01
-1.179669387419908233e-01
-1.143919706174871820e-01
-1.162316016584996614e-01
-1.235990270004780900e-01
-1.160019853391962563e-01
-1.193501276708848202e-01
-1.189405611558338460e-01
-1.264616475292812403e-01
-1.082309244842414309e-01
-1.188195292194946795e-01
-1.283089774696341001e-01
-1.229725840891857658e-01
-1.198631852904251116e-01
-1.099854468596791479e-01
-1.193446892874765047e-01
-1.223633279868914792e-01
-1.182806572919681692e-01
-1.037530524486586225e-01
-1.131223870874479148e-01
-1.091180809044614841e-01
-1.134260287092541120e-01
-1.218576531895263493e-01
-1.278838707552791831e-01
-1.141121324724196917e-01
-1.209168995939791241e-01
-1.166838207393420812e-01
-1.170721383069033839e-01
-1.222859058772824969e-01
-1.234985634631361739e-01
-1.207927402509109682e-01
-1.201802048009702473e-01
-1.212687296604032516e-01
-1.118089202103825786e-01
-1.241010945400531362e-01
-1.198950001343856986e-01
-1.173137741633952791e-01
-1.253316738530101393e-01
-1.117059308805287143e-01
-1.133820645743861544e-01
-1.202182997658660657e-01
-1.153746278098648492e-01
-1.221852928708333508e-01
-1.173650534335710649e-01
-1.215219909456564107e-01
-1.102261759540683617e-01
-1.231258541474815615e-01
-1.108005859340641663e-01
-1.200561634529293542e-01
-1.240214599500213399e-01
-1.204261896216101135e-01
-1.138472356030089117e-01
-1.139350204090903151e-01
-1.260649257836845560e-01
-1.110191097089212597e-01
-1.097777181884183051e-01
-1.172929052124711546e-01
-1.079364556537228959e-01
-1.184585487511257140e-01
-1.140128018940336774e-01
-1.153396794427166694e-01
-1.083892487761969337e-01
-1.004699390795829039e-01
-1.196187161390610543e-01
-1.225508623787541218e-01
-1.202369902442848026e-01
-1.097972404688645209e-01
-1.154084207562073860e-01
-1.138296341783096022e-01
-1.163445596099428325e-01
-1.130545965542935072e-01
-1.109099850564350120e-01
-1.098134397905914383e-01
-1.157490169010746417e-01
-1.069930366062985527e-01
-1.145574850849144788e-01
-1.204872726200154620e-01
-1.150302331127888156e-01
-1.146281961754560541e-01
-1.212140043567583314e-01
-1.089980903567666637e-01
-1.205396122887130161e-01
-1.063448316528421422e-01
-1.055023922890734323e-01
-1.109095605508093607e-01
-1.011404953981562826e-01
-1.042754462515389502e-01
-1.035344575730101635e-01
-1.119316584230378719e-01
-1.218348915966513957e-01
-1.059542654738316880e-01
-1.153850826079527714e-01
-1.027825680992249247e-01
-1.065340236050373868e-01
-1.072786251385027256e-01
-1.053187415780372227e-01
-1.050063970633754451e-01
-1.106385699096543718e-01
-9.034970415501852870e-02
-1.084797825855168263e-01
-1.047771362598926004e-01
-1.170470063977875341e-01
-1.109512020859528825e-01
-1.094084228821277094e-01
-1.030182804840777955e-01
-1.073908421232006027e-01
-1.070968134302408004e-01
-1.113012751743855944e-01
-1.036315310301494375e-01
-1.122278533414851065e-01
-1.060186356031111998e-01
-1.045790053198358827e-01
-1.181681272253596315e-01
-9.932384379168057720e-02
-9.160677982102516381e-02
-1.056891592551638670e-01
-1.014916929976212856e-01
-1.087971018022404479e-01
-1.028547232346217477e-01
-1.024146750503089898e-01
-1.053546857224629818e-01
-1.014152860065320461e-01
-1.094941148089394467e-01
-9.880901302698452682e-02
-1.146816743503205061e-01
-1.021508015033973926e-01
-1.079060133228417762e-01
-1.102415869044919283e-01
-9.718685685462569168e-02
-1.153784042009196042e-01
-1.012490367440732619e-01
-1.090594899656158745e-01
-1.067028175294009174e-01
-9.482797252932950727e-02
-1.063142612846332824e-01
-1.018411502728864271e-01
-1.198887473420096050e-01
-1.000942551655494839e-01
-1.090219005297292654e-01
-1.176525163247310601e-01
-1.087467846097744939e-01
-1.075939642144181363e-01
-1.035788995125521694e-01
-1.006513074685591036e-01
-9.918684901682661703e-02
-9.910474020078963164e-02
-1.136313736740333091e-01
-1.077513720763887406e-01
-1.085178822551542410e-01
-1.044156335888684062e-01
-1.199091530413127771e-01
-1.139454389571872284e-01
-1.144031160527951840e-01
-1.114841508209765131e-01
-1.045930990179786413e-01
-1.044146655640365573e-01
-1.112892398397056226e-01
-1.136158757199829950e-01
-1.028729584067793468e-01
-1.100409508304931450e-01
-1.118533934238410410e-01
-1.107117750495492103e-01
-1.098118733097943611e-01
-1.068699872299272435e-01
-9.468418824480728802e-02
-1.125128306488178964e-01
-1.101143690722716784e-01
-9.569723492936610398e-02
-1.002844793893329367e-01
-9.888982457300743434e-02
-1.103015468235319929e-01
-9.754599674868913439e-02
-1.084118387099270997e-01
-1.110771025644679000e-01
-9.550132857441706591e-02
-1.099470036164706954e-01
-1.134291164907024196e-01
-1.144735228033346708e-01
-1.064917073325051255e-01
-1.068283385146879816e-01
-1.105233824611095983e-01
-1.087680259558627682e-01
-1.146660613001104778e-01
-1.070903292153011499e-01
-1.080477785263251889e-01
-1.177881984823248018e-01
-1.194497202033328875e-01
-1.080221401831427119e-01
-1.032980873689810508e-01
-1.132825565603563511e-01
-1.052161888976199666e-01
-1.093118371780148479e-01
-1.160415704186543717e-01
-1.076641250536840566e-01
-1.159276467256268317e-01
-1.052191909744362164e-01
-1.208417579309333245e-01
-1.028503837428884626e-01
-1.238761780001880197e-01
-1.166569879422194589e-01
-1.088456354512152835e-01
-1.014924339032066136e-01
-1.066566004988660499e-01
-1.050700514946267816e-01
-1.106382109109480538e-01
-1.022803845878348383e-01
-1.133844064963982212e-01
-1.140873273220159856e-01
-1.133313141655279965e-01
-1.057105655581958431e-01
-1.062962664437757387e-01
-9.955071703399187566e-02
-1.036549098584716444e-01
-1.110774842679386615e-01
-1.084463013209017168e-01
-9.933416438334374821e-02
-1.092125093428435723e-01
-1.037852270139600908e-01
-1.034898979945285680e-01
-9.820509982368885726e-02
-9.829549899496159426e-02
-9.447730531440168278e-02
-1.079392527114710065e-01
-8.922585063698221242e-02
-1.001945751484591141e-01
-1.030320965536629663e-01
-9.756125461445253055e-02
-1.016520589389606766e-01
-1.000251714540426606e-01
-1.042873202789900144e-01
-1.028648877255604610e-01
-9.607146867432247994e-02
-9.571912136658988768e-02
-1.050840405804608357e-01
-9.897052982415766031e-02
-1.018272931695662908e-01
-1.040734283923380188e-01
-9.068356365745378067e-02
-9.682511811907462684e-02
-9.924827460250837396e-02
-9.132468353238482051e-02
-9.450339714073116570e-02
-1.006206355333591346e-01
-9.849412496022383334e-02
-1.068347259758268830e-01
-1.094009287522471618e-01
-1.052460184888137640e-01
-9.177414398906913462e-02
-1.027788634471099721e-01
-9.916232244224092163e-02
-9.782906158260520901e-02
-9.888504148882781841e-02
-9.314323679505065456e-02
-1.047665531807684958e-01
-9.820722164924428066e-02
-1.014673638677299206e-01
-8.093880146846366141e-02
-9.868642830601104254e-02
-9.362709834203297721e-02
-9.194391408035929025e-02
-1.018341963995694766e-01
-9.875579067234885322e-02
-1.031697212181950096e-01
-1.032215410220830298e-01
-9.802698141270949073e-02
-9.965686680464636016e-02
-9.997294902999032118e-02
-9.464644247094167184e-02
-1.109674140413154930e-01
-1.085917442379151776e-01
-9.541340531251907287e-02
-1.066043624828028058e-01
-1.105262583605945981e-01
-1.082589950873775742e-01
-9.865281093510258614e-02
-1.028300349310140582e-01
-1.130146327734937728e-01
-1.036337486644449690e-01
-1.144774528497389809e-01
-1.050027885515705250e-01
-1.166998230415703386e-01
-9.837791432538534053e-02
-9.919013050408276300e-02
-1.077176110222484162e-01
-1.059570537691598702e-01
-1.056030189129271157e-01
-1.005315315607560045e-01
-1.037584534186888341e-01
-1.079041507690010615e-01
-1.041040337823000428e-01
-1.026906368560285276e-01
-9.991672639680482249e-02
-1.065970370559741198e-01
-1.042421718868258296e-01
-1.075779332611115358e-01
-1.087451914052408597e-01
-1.053210783070059886e-01
-1.121726893486767462e-01
-9.510000096997450747e-02
-9.179145269026967036e-02
-1.071088314317312218e-01
-1.068086120628066737e-01
-9.877931591571642578e-02
-1.074937707203610371e-01
-1.069823048914007035e-01
-1.008129056339698293e-01
-1.107471908575463626e-01
-1.040490624634551331e-01
-9.789124185496933528e-02
-9.587404117130271519e-02
-1.010090144622938224e-01
-1.056265448170570220e-01
-1.084981846812087536e-01
-1.025355209175525806e-01
-1.049484628717823886e-01
-1.018199884075233763e-01
-1.116572624613157982e-01
-1.059920623940407980e-01
-1.032021902597488050e-01
-1.013317447010262662e-01
-1.007231444603221282e-01
-1.087459287434250355e-01
-9.776797463370401342e-02
-9.193787155091009966e-02
-1.053771917520850421e-01
-1.009376048261503289e-01
-1.043012459244462287e-01
-9.668519975740491601e-02
-1.044119055861721240e-01
-1.016141514392151224e-01
-1.022830749708053821e-01
-1.031898763682039810e-01
-1.044349624862675602e-01
-1.022165751628530683e-01
-1.110553758392243684e-01
-1.067401541917605279e-01
-1.076272520018541345e-01
-1.144818077401257017e-01
-1.042421457486079617e-01
-1.131005767485644131e-01
-1.107342922578394423e-01
-1.068637238642869136e-01
-9.817558317094018938e-02
-1.071215255197573435e-01
-1.140526928005288765e-01
-9.716693292946432248e-02
-1.060824907336336831e-01
-9.999857585928051407e-02
-1.069030095955151305e-01
-1.137172849311259837e-01
-1.089520034797201165e-01
-1.089140008067325249e-01
-1.094157016709078611e-01
-1.044011717312702814e-01
-1.112582644790942599e-01
-1.067737635014514019e-01
-9.800389376689078169e-02
-1.020058443051934383e-01
-9.933283610630061489e-02
-9.473630083658468592e-02
-1.058675793719532354e-01
-1.000001100666065845e-01
-1.083609648652967827e-01
-1.180623961926987597e-01
-1.039217766527134046e-01
-1.097044116875258712e-01
-1.037194013224862488e-01
-1.066222590009051618e-01
-1.050996462977877854e-01
-9.491436927871643725e-02
-1.148098146604702441e-01
-1.049282989749363848e-01
-1.103701621183810211e-01
-1.055413898562068686e-01
-1.147754583818753060e-01
-1.067647852007831411e-01
-1.056650455531975563e-01
-1.147618338159370754e-01
-1.141733329727275814e-01
-1.134039686360215349e-01
-1.139409008383538424e-01
-1.086366191228029798e-01
-1.099749422878129046e-01
-1.075601467900488828e-01
-1.123853952145359436e-01
-9.904970253913392142e-02
-1.057371518769731900e-01
-1.101963260826519519e-01
-1.095247083240419306e-01
-1.101164276341896064e-01
-1.149979800514100425e-01
-1.028203918592354160e-01
-9.889293207920291096e-02
-1.077904172143534511e-01
-9.486505793240307405e-02
-1.056956222344317131e-01
-1.022942674497062665e-01
-1.065801864336395344e-01
-1.073126277271219675e-01
-9.254019432424370750e-02
-1.076497932879551117e-01
-1.081296934102402019e-01
-1.122294098259453143e-01
-1.088513731947547969e-01
-1.010769094609229590e-01
-1.070444361664026900e-01
-1.035177440993315656e-01
-1.116828879205911118e-01
-1.112561329487411488e-01
-1.043527497954166439e-01
-9.980964870539077438e-02
-1.039211445894943076e-01
-1.128149951128716300e-01
-1.038266025043024232e-01
-1.121332969781522193e-01
-1.052716179987752687e-01
-1.064322971236174031e-01
-1.046417747163308487e-01
-1.001959817529676222e-01
-1.068279923162598344e-01
-1.081283997678710307e-01
-1.137496129515174897e-01
-1.009743262772562905e-01
-1.184132260366931866e-01
-9.934928587971865455e-02
-1.083583064754656544e-01
-1.110605370233648803e-01
-1.151517079106642027e-01
-1.088099286632055046e-01
-1.045260851322728224e-01
-1.073111076543993431e-01
-1.060485656943080807e-01
-1.205072712182279487e-01
-1.070248905920935800e-01
-9.615284879246865923e-02
-1.088319674347468374e-01
-9.986303948647692885e-02
-1.054956333111065070e-01
-1.179336551887322782e-01
-1.066820635990100574e-01
-1.143498202081955073e-01
-1.066631890492671930e-01
-1.084479978987402116e-01
-1.027898477570008406e-01
-1.110676974176358911e-01
-9.577519718948890315e-02
-1.045316308982511266e-01
-1.036962856935043087e-01
-1.135950126925396875e-01
-1.017687956082077294e-01
-1.019090637246102826e-01
-1.004617897827650985e-01
-1.099649384707559463e-01
-1.040444267030555814e-01
-1.125017645701744673e-01
-1.062851727928224577e-01
-1.153265943319705666e-01
-1.104453071192197378e-01
-1.102823473504577212e-01
-1.059278727621599803e-01
-1.118044608604911172e-01
-1.115349567666603647e-01
-1.214585079352683561e-01
-1.155186192623421926e-01
-1.111724951789319071e-01
-1.074895633026662356e-01
-1.119031887985533213e-01
-9.720757653798894893e-02
-1.143837827524573081e-01
-1.071242985119662539e-01
-1.130375287082205915e-01
-1.075352812824628135e-01
-1.217290008646041422e-01
-1.174769333608767230e-01
-1.126519444002120895e-01
-1.021019829436953241e-01
-1.155519263365052396e-01
-1.077236357342035156e-01
-1.111323199058638078e-01
-1.051199917700502695e-01
-1.106905776010667086e-01
-1.132441937131121179e-01
-1.083941776915313682e-01
-1.076111600631488585e-01
-1.135932452729964126e-01
-1.115238103221076749e-01
-1.005441017010668681e-01
-1.127023147532622005e-01
-1.181655467818356620e-01
-1.116952284344572277e-01
-1.091581247888400164e-01
-1.071176904541282227e-01
-1.180940184798853210e-01
-1.227226276410533501e-01
-1.216890534681613900e-01
-1.087580239507759394e-01
-1.123198940572938120e-01
-1.039589537977541056e-01
-1.091040461934023043e-01
-9.931369451703986329e-02
-1.050060100260283846e-01
-1.013421213317022840e-01
-1.106703239983546361e-01
-1.073793962776199429e-01
-1.076310591959366292e-01
-1.118159877367470578e-01
-1.188393031596683969e-01
-1.122467862094838065e-01
-1.110389838134286933e-01
-1.034379686197328674e-01
-1.071451292656031562e-01
-1.225701425367744513e-01
-1.121199220280799658e-01
-1.108018011325171415e-01
-9.948279248385194506e-02
-1.066080691788879875e-01
-1.096202735171236675e-01
-1.127846529680571752e-01
-1.089817674291273519e-01
-1.182226833815294142e-01
-1.117568896498373210e-01
-1.249211466580266716e-01
-1.130826375402946837e-01
-1.102260195129365350e-01
-1.043291990074508568e-01
-1.080634379661895572e-01
-1.085972993207646731e-01
-1.175359668833706461e-01
-1.127495353211291906e-01
-1.055760259614046959e-01
-1.072740023615978977e-01
-1.062052505993162921e-01
-1.102490822462953712e-01
-1.113712707624172626e-01
-1.206178412374376840e-01
-1.125657388802565606e-01
-1.179487353243475756e-01
-1.058321786603831915e-01
-1.097913175369736871e-01
-1.041513524105798227e-01
-1.134401696166158491e-01
-1.165328002898406989e-01
-1.073986596914576763e-01
-1.149804642595286808e-01
-1.082828427309314723e-01
-1.146798576478773590e-01
-1.131017820844957278e-01
-1.106575797539914863e-01
-1.111592989621925653e-01
-1.186984696311619292e-01
-1.122025725305095811e-01
-1.227403310066155218e-01
-1.161392641611305176e-01
-1.133941979306127834e-01
-1.125467536133875068e-01
-1.127709724407551795e-01
-1.147813049670554086e-01
-1.083274082033013341e-01
-1.041123321776840083e-01
-1.191722865910654905e-01
-1.051991612647587004e-01
-1.055602420134869046e-01
-1.144012270075521753e-01
-1.087660146168063502e-01
-1.170143680062196156e-01
-1.122034431958037759e-01
-1.087262095387720173e-01
-1.165590635881387782e-01
-1.236272294115296488e-01
-1.081340777237043138e-01
-1.121752341276627263e-01
-1.215079565903243175e-01
-1.046047809184098565e-01
-1.119219726582478813e-01
-1.076256648041526987e-01
-1.076352855344187009e-01
-1.172079842149396089e-01
-1.154832857985996775e-01
-1.104739610379814607e-01
-1.106754549455177816e-01
-1.130358711364918278e-01
-1.203204765910508289e-01
-1.103116055568151843e-01
-1.068731592608136438e-01
-1.080180315622980558e-01
-1.157626101585746969e-01
-1.152477320738736211e-01
-1.201597674304799579e-01
-1.142731850092129076e-01
-1.124322222140901051e-01
-1.114796980388459424e-01
-1.173074169319110460e-01
-1.172988928368936534e-01
-1.115736805849962821e-01
-1.176210801393327010e-01
-1.109744156670062765e-01
-1.091672673968533402e-01
-1.148224689763335249e-01
-1.160852409090615822e-01
-1.117735834732997979e-01
-1.052321916333527341e-01
-1.096981349601642286e-01
-1.210458733843844392e-01
-1.244495620332497499e-01
-1.125334656641896469e-01
-1.148039977991868188e-01
-1.217313334709348993e-01
-1.095094726642280580e-01
-1.180120632132175551e-01
-1.140878756562950791e-01
-1.185319856578987974e-01
-1.147709889793064875e-01
-1.187708076797195922e-01
-1.187585054219644221e-01
-1.230064151427794350e-01
-1.191959825045527666e-01
-1.147667885848941971e-01
-1.124717070275975672e-01
-1.152063485044969582e-01
-1.183119281952644819e-01
-1.125571267364975370e-01
-1.225427853989615734e-01
-1.154720385061054344e-01
-1.162981917685002031e-01
-1.155609579260952202e-01
-1.246221020612132691e-01
-1.208646973837455008e-01
-1.168808405991241806e-01
-1.244906509158028030e-01
-1.147555586187936072e-01
-1.140014249872622898e-01
-1.165959871132651315e-01
-1.206062386737516423e-01
-1.072504307526271905e-01
-1.194092441358454160e-01
-1.146487164928418068e-01
-1.175553704523621956e-01
-1.227920944574734108e-01
-1.182476468519937374e-01
-1.184788076526219758e-01
-1.217007942381453933e-01
-1.202128970368309124e-01
-1.207186876551329391e-01
-1.138369230535891674e-01
-1.252780776207722546e-01
-1.177985286277094534e-01
-1.136821959554361605e-01
-1.167439416962133825e-01
-1.201383595238749991e-01
-1.228116220590605573e-01
-1.144426621145399198e-01
-1.166494599197772097e-01
-1.134062857588048756e-01
-1.152499827814632144e-01
-1.283057516389705111e-01
-1.179829105264274536e-01
-1.178114738424066305e-01
-1.199009202322087048e-01
-1.178869609861037948e-01
-1.193719231726196872e-01
-1.111237492896220980e-01
-1.124157572509686398e-01
-1.252555128844644594e-01
-1.178820640565365618e-01
-1.288185636151979452e-01
-1.273469642009965597e-01
-1.219148178816524819e-01
-1.216510998138962130e-01
-1.196631739386553317e-01
-1.266668739366216823e-01
-1.177552906522583154e-01
-1.310553001596579392e-01
-1.133992490890431970e-01
-1.251187673286171531e-01
-1.289271755130521058e-01
-1.279915921349841224e-01
-1.321140885918170582e-01
-1.220369066789510626e-01
-1.240663840356139858e-01
-1.244042254580408624e-01
-1.232157708760257542e-01
-1.144368445058350225e-01
-1.160076498362401232e-01
-1.206271046697480198e-01
-1.268825027097277847e-01
-1.118450498351084565e-01
-1.246344150421478947e-01
-1.277535497531538944e-01
-1.298309219057605102e-01
-1.323897901795256793e-01
-1.171880006080219250e-01
-1.155832403699172950e-01
-1.233342944595243740e-01
-1.202078176000069831e-01
-1.196333427048744680e-01
-1.161594200240894104e-01
-1.178107734073556845e-01
-1.226417081198540870e-01
-1.166699132326012300e-01
-1.292277988847155834e-01
-1.188202873063924914e-01
-1.233784404017824743e-01
-1.245112767043052848e-01
-1.216153333724701024e-01
-1.240017470324796811e-01
-1.254688419592273618e-01
-1.210606183082851839e-01
-1.142485368857356631e-01
-1.212251722038518720e-01
-1.237550008497608767e-01
-1.189236667349929943e-01
-1.215071009129651269e-01
-1.255430749653786981e-01
-1.184405588321804648e-01
-1.240050050114738789e-01
-1.218849346313609638e-01
-1.127793912582945590e-01
-1.268131124369154261e-01
-1.189455641097185712e-01
-1.182835389133268800e-01
-1.280108148503292798e-01
-1.240908816106830459e-01
-1.160383162586174910e-01
-1.338009008055448534e-01
-1.192375915021046673e-01
-1.213119213534502583e-01
-1.242607190163766973e-01
-1.282942059514262656e-01
-1.226809640709703997e-01
-1.260355505191307346e-01
-1.252116614410750950e-01
-1.283803124429360176e-01
-1.225121207081522057e-01
-1.273890369856913451e-01
-1.308750374701860286e-01
-1.259692467490749201e-01
-1.288693978453127886e-01
-1.281210720145370130e-01
-1.320593523702669192e-01
-1.199197074984191536e-01
-1.259531223308570369e-01
-1.187699242626578111e-01
-1.353070946811395503e-01
-1.285671284594569475e-01
-1.198795414750946087e-01
-1.199096129810213185e-01
-1.223841961510128140e-01
-1.252870420907211679e-01
-1.201756819644048679e-01
-1.179956118641348750e-01
-1.225445342947120153e-01
-1.281612730113623755e-01
-1.200978484856785045e-01
-1.243025311279194467e-01
-1.142053414394882394e-01
-1.178858155422853882e-01
-1.101167723943365928e-01
-1.261981019888986921e-01
-1.243348088234348392e-01
-1.234657409986696930e-01
-1.245424688606138197e-01
-1.226427480465337450e-01
-1.234641565174565692e-01
-1.178728360020560029e-01
-1.191427621005023418e-01
-1.298595973232856693e-01
-1.138661198857524592e-01
-1.198334277777748369e-01
-1.206613904254347780e-01
-1.225665840036329612e-01
-1.193455885927436899e-01
-1.254757155351502451e-01
-1.139576718739883088e-01
-1.188333171688293888e-01
-1.167285187386923884e-01
-1.131600074545169310e-01
-1.216525026570982604e-01
-1.207840849455696919e-01
-1.079403364992870262e-01
-1.172331070789938146e-01
-1.171138958571389388e-01
-1.226944463946906261e-01
-1.221689660437177416e-01
-1.226858402089572309e-01
-1.210109264556802344e-01
-1.201193315639339509e-01
-1.202719675085632822e-01
-1.172238235432354614e-01
-1.180042080260035320e-01
-1.127579492422601248e-01
-1.122620754506575835e-01
-1.192449528472732112e-01
-1.153182286433787063e-01
-1.164087449906703320e-01
-1.254707538207853190e-01
-1.102817706832881495e-01
-1.202280253478602567e-01
-1.114511656964565223e-01
-1.118610683799889927e-01
-1.134180737655763327e-01
-1.178046597027171405e-01
-1.218064511706198338e-01
-1.128010217536270510e-01
-1.102696156791993509e-01
-1.186707755395161046e-01
-1.084381197694884724e-01
-1.157739108100794834e-01
-1.201484736075694171e-01
-1.213714523108459231e-01
-1.016093784736763483e-01
-1.144582608588353978e-01
-1.126405997458662100e-01
-1.143027301474633939e-01
-1.134032605872098975e-01
-1.201685178467778448e-01
-1.079068545877268637e-01
-1.049210283296613255e-01
-1.107574575077334700e-01
-1.216489089481520569e-01
-1.195036735536620931e-01
-1.196854003138074773e-01
-1.115421737433288651e-01
-1.175260243892699563e-01
-1.140466610593764418e-01
-1.278812569485767714e-01
-1.252653051729437639e-01
-1.144032955247422656e-01
-1.072217365845260506e-01
-1.215443508934501704e-01
-1.086807836212861922e-01
-1.190467787707822911e-01
-1.173174603819431283e-01
-1.215832580112590211e-01
-1.133965140602650745e-01
-1.134477773235023079e-01
-1.149431597670653726e-01
-1.182499498322107101e-01
-1.140118441238784364e-01
-1.087201116293667891e-01
-1.130494200818137340e-01
-1.187709820453690668e-01
-1.164239337424846088e-01
-1.146552597927450456e-01
-1.179224921104644608e-01
-1.125885879694954461e-01
-1.195417738900272919e-01
-1.197822690403045343e-01
-1.284713229504275134e-01
-1.139685423851408697e-01
-1.143054198051736137e-01
-1.242144581164519312e-01
-1.107306720749487994e-01
-1.168871287306230133e-01
-1.160522961492325145e-01
-1.089378793346575947e-01
-1.118997123262595039e-01
-1.150132360660469644e-01
-1.114173420664208436e-01
-1.129002784430452877e-01
-1.143584350839690345e-01
-1.140977510508207615e-01
-1.174402316791698375e-01
-1.257219693856383991e-01
-1.148515874647499935e-01
-1.242950883723819011e-01
-1.170529052747903975e-01
-1.187252795468265454e-01
-1.297279097554113747e-01
-1.123112144148787905e-01
-1.157857795792001099e-01
-1.199043044566265870e-01
-1.168830661023276818e-01
-1.127099257187267334e-01
-1.221881079854361118e-01
-1.198790872224178017e-01
-1.168444087879156879e-01
-1.164583605661886345e-01
-1.158082627355707661e-01
-1.170272193864372312e-01
-1.103388184143891948e-01
-1.274380059247190999e-01
-1.115760326190688989e-01
-1.226363333027409297e-01
-1.121105288344437234e-01
-1.141537351173864678e-01
-1.158735604593750246e-01
-1.153211114063932285e-01
-1.083169924097235892e-01
-1.129135119389599318e-01
-1.247131138210937351e-01
-1.166933513986583293e-01
-1.163368349349465092e-01
-1.163160181659961268e-01
-1.139901408528851690e-01
-1.235303662789135615e-01
-1.247211587975640690e-01
-1.164918122279097190e-01
-1.246141902399178214e-01
-1.283397498608458420e-01
-1.204650326809493244e-01
-1.206529026411309324e-01
-1.049432519908075623e-01
-1.292680389007010433e-01
-1.255951706795550571e-01
-1.301248979382214621e-01
-1.190036818668844809e-01
-1.199323714088236237e-01
-1.171969398540264606e-01
-1.106592012042022510e-01
-1.149023646424576217e-01
-1.172136441392070960e-01
-1.111104827277415996e-01
-1.214810593632795754e-01
-1.291006758097916762e-01
-1.200512542802343319e-01
-1.121807626507802524e-01
-1.088613620800757964e-01
-1.091903126596018847e-01
-1.077360029495673110e-01
-1.113806833032275900e-01
-1.152186619665194200e-01
-1.172834813617278371e-01
-1.197083318830423071e-01
-1.212854886929903842e-01
-1.226089176331095487e-01
-1.131420034812422593e-01
-1.141598926164133498e-01
-1.196036553748991427e-01
-1.145907290713177318e-01
-1.245998960503682529e-01
-1.197894182808956209e-01
-1.159030340900808476e-01
-1.229496476571023678e-01
-1.141673442538109207e-01
-1.103056672650866155e-01
-1.198019700878123484e-01
-1.259494846202695584e-01
-1.239857329127374008e-01
-1.234667182729543011e-01
-1.211479340889667355e-01
-1.187654559525879172e-01
-1.188338157010271345e-01
-1.126116286465057570e-01
-1.243860766414623953e-01
-1.282305081398416036e-01
-1.168282034907388578e-01
-1.219386527532191344e-01
-1.229055485859693597e-01
-1.162165508897832211e-01
-1.127097726905565978e-01
-1.163500636952865541e-01
-1.137632576739688872e-01
-1.399118624073665273e-01
-1.223300309649852924e-01
-1.092299479662388606e-01
-1.261611582085029326e-01
-1.195052945058536764e-01
-1.262362936404266556e-01
-1.248848565709193004e-01
-1.314287928695274665e-01
-1.190132890523369902e-01
-1.187658864155731742e-01
-1.257665866339765515e-01
-1.184453603444119985e-01
-1.193079192641697261e-01
-1.254532559365388877e-01
-1.232009170470171888e-01
-1.206883392048876402e-01
-1.218180712207042049e-01
-1.187252112672272375e-01
-1.221377925854953972e-01
-1.142227581597472508e-01
-1.243329341400265520e-01
-1.200930608310146752e-01
-1.180471975680372765e-01
-1.160338292659695014e-01
-1.216572919268639197e-01
-1.155809855880391979e-01
-1.202706925643370894e-01
-1.169279349306142635e-01
-1.170819644057332631e-01
-1.215338576023632378e-01
-1.179874799054871914e-01
-1.210904891046560294e-01
-1.221605794377653709e-01
-1.114817426857470650e-01
-1.147832741864220907e-01
-1.114112762951462443e-01
-1.140896899120047436e-01
-1.129620582517674166e-01
-1.228048912551731320e-01
-1.244243762773309392e-01
-1.147254846652900895e-01
-1.283643140963004470e-01
-1.183964739357650231e-01
-1.259278950981754797e-01
-1.315120602345194456e-01
-1.127202534379185828e-01
-1.141137626806854044e-01
-1.198357776515925899e-01
-1.174251537851564997e-01
-1.283569794896237681e-01
-1.190362998786134163e-01
-1.163075638990704874e-01
-1.180546087362199792e-01
-1.279359820218539667e-01
-1.134263916089151003e-01
-1.222950764069676843e-01
-1.225053239220947887e-01
-1.235955376176955944e-01
-1.173270829364048140e-01
-1.166789144586788396e-01
-1.286377195646233318e-01
-1.163406436573923841e-01
-1.179058398671859464e-01
-1.170514474752870626e-01
-1.226947097899921957e-01
-1.083400998824801675e-01
-1.191134907913680152e-01
-1.156082348248168579e-01
-1.265269933284409731e-01
-1.094116364184971602e-01
-1.127450665063611801e-01
-1.249044577558242608e-01
-1.136136581492368514e-01
-1.288355152816293980e-01
-1.208707334606211603e-01
-1.201120022719206482e-01
-1.180028521410294573e-01
-1.214187003266613551e-01
-1.178491196464732660e-01
-1.219747012804619501e-01
-1.202643472717821460e-01
-1.233961324507921731e-01
-1.282541026474302015e-01
-1.229982646134106794e-01
-1.217857920381555381e-01
-1.096218726387174769e-01
-1.217246480192799574e-01
-1.115917580759884231e-01
-1.156914012824410420e-01
-1.170967857590197170e-01
-1.202100908871277518e-01
-1.147771615085133590e-01
-1.279375569949636748e-01
-1.093649157035239128e-01
-1.242889471640507004e-01
-1.083914770259601923e-01
-1.221949142186531390e-01
-1.193496423221303004e-01
-1.173479180495560215e-01
-1.230102895957259079e-01
-1.179613974256397135e-01
-1.131455342171867606e-01
-1.148874981657352912e-01
-1.211006984768885353e-01
-1.219144299942183096e-01
-1.211387566210078148e-01
-1.187630480904364738e-01
-1.211572256059443298e-01
-1.217217855121504044e-01
-1.241099958948415072e-01
-1.243311417210284375e-01
-1.307873693071148757e-01
-1.178482396587350323e-01
-1.212508606569615566e-01
-1.240523165245077664e-01
-1.236096093720977507e-01
-1.099452289883497969e-01
-1.125585705877565346e-01
-1.160396863489876473e-01
-1.168799505080122536e-01
-1.144158472057039688e-01
-1.226660610069760793e-01
-1.107239818373781937e-01
-1.224557615216337325e-01
-1.236382251901013696e-01
-1.215030063641657776e-01
-1.181067726785700600e-01
-1.260865518629983306e-01
-1.113891113212432948e-01
-1.208314503916594340e-01
-1.271277995543047545e-01
-1.129620536610258519e-01
-1.147492825520441961e-01
-1.189299343408740661e-01
-1.112430310290655200e-01
-1.269877358427509151e-01
-1.208995510562278497e-01
-1.165015358612739860e-01
-1.145047998333050820e-01
-1.252095497081997522e-01
-1.194569935580158671e-01
-1.206413889045196974e-01
-1.138465537615616086e-01
-1.182971532121857017e-01
-1.137944938912456294e-01
-1.232773394357256080e-01
-1.193977603896816397e-01
-1.173805416588682426e-01
-1.214153994821756122e-01
-1.157492712616252639e-01
-1.176602996496027842e-01
-1.205725174704412872e-01
-1.203760468935244354e-01
-1.179147113771117361e-01
-1.153114857817589822e-01
-1.133300899732581080e-01
-1.176243978263258327e-01
-1.137783656029518475e-01
-1.114417298013545832e-01
-1.094631787542574841e-01
-1.191811711037562560e-01
-1.180632876606684256e-01
-1.205576308758633530e-01
-1.132754758697891440e-01
-1.211035111904932293e-01
-1.225936201873381037e-01
-1.227503488761105821e-01
-1.197311222954868803e-01
-1.190993467450631726e-01
-1.245734345101259244e-01
-1.099374428821526806e-01
-1.218006742184254421e-01
-1.240414264561691127e-01
-1.225258350772633342e-01
-1.261713008697828986e-01
-1.186243766714105696e-01
-1.177820853176225757e-01
-1.110487164655964420e-01
-1.200722670719811536e-01
-1.192100935271549478e-01
-1.177418080431809067e-01
-1.087108903822706640e-01
-1.220283429398394404e-01
-1.196880235791379921e-01
-1.160761672756767116e-01
-1.155557331050192094e-01
-1.256984099746796257e-01
-1.152756103342709171e-01
-1.206581797934480615e-01
-1.172576457895613267e-01
-1.153949374207392520e-01
-1.244587141157915688e-01
-1.209145924167707165e-01
-1.298962054771459762e-01
-1.231200405805172871e-01
-1.141214651689566040e-01
-1.160791162460794723e-01
-1.226067872251159763e-01
-1.200418389230686333e-01
-1.127292819272509572e-01
-1.135666903420864404e-01
-1.129376831912480839e-01
-1.190667272731504855e-01
-1.191842401027580767e-01
-1.272003215717425473e-01
-1.224122702003556107e-01
-1.208717578413183169e-01
-1.220180708021589844e-01
-1.218269218620500194e-01
-1.157642851241107440e-01
-1.171507616237936755e-01
-1.219892199978147573e-01
-1.219325367390731163e-01
-1.104637010725977309e-01
-1.157350352493242696e-01
-1.088127896941577522e-01
-1.191724475176205722e-01
-1.083332262232710175e-01
-1.200340782439357490e-01
-1.163456103940854192e-01
-1.150532381109097280e-01
-1.311491519855378929e-01
-1.139797470393393297e-01
-1.095399597446409246e-01
-1.101362568689985277e-01
-1.122285125280486628e-01
-1.113048450154285884e-01
-1.155444166095591640e-01
-1.159640951828005973e-01
-1.243510818446331712e-01
-1.225775617476818624e-01
-1.205141651992485130e-01
-1.278559305779545241e-01
-1.122256980860425468e-01
-1.209148419732979374e-01
-1.189781214380258856e-01
-1.009565840536192916e-01
-1.202166475926924605e-01
-1.166387513807815024e-01
-1.221492012910364577e-01
-1.246806014929122131e-01
-1.157156398822548615e-01
-1.159669602881112649e-01
-1.331655351658221909e-01
-1.260589211498647222e-01
-1.168365285455654767e-01
-1.210365216033276736e-01
-1.178863287405107485e-01
-1.101583064107476417e-01
-1.174118793725088539e-01
-1.138595821632181204e-01
-1.216540164213820718e-01
-1.234402149350281030e-01
-1.179325097385240939e-01
-1.106402477297108167e-01
-1.257275051200348326e-01
-1.183738135359350130e-01
-1.301823295608729447e-01
-1.232710657128686105e-01
-1.202138243460418865e-01
-1.243749604802342756e-01
-1.236522111067036578e-01
-1.255317185106415989e-01
-1.288828307061499201e-01
-1.275905228875781061e-01
-1.291859117065454754e-01
-1.279958284760969178e-01
-1.291843173732161176e-01
-1.310663253279887863e-01
-1.271402051194644445e-01
-1.244090221268989160e-01
-1.191257067015280002e-01
-1.244385342284503038e-01
-1.270992383927887492e-01
-1.231205434834141688e-01
-1.287111656103567259e-01
-1.212192788825253026e-01
-1.150762773838953645e-01
-1.308116381244196491e-01
-1.246597336895222119e-01
-1.233558631261011951e-01
-1.220547751526964431e-01
-1.169655672728958096e-01
-1.222662594029969574e-01
-1.253441997425961407e-01
-1.232187281775786181e-01
-1.267237039040577384e-01
-1.285942862162253730e-01
-1.254526881861022236e-01
-1.158349762832449059e-01
-1.262252616806984751e-01
-1.228553010270050372e-01
-1.174695797568507949e-01
-1.261990567925378448e-01
-1.258991335566921332e-01
-1.235367512188285666e-01
-1.209730068578009909e-01
-1.258682006487430449e-01
-1.240698228263057423e-01
-1.272300500122343081e-01
-1.158770135740889717e-01
-1.162296553934485388e-01
-1.233594412311882493e-01
-1.208879661625585911e-01
-1.212692430235269292e-01
-1.149310885695580264e-01
-1.258745997305340536e-01
-1.249623324265078939e-01
-1.260378353839030630e-01
-1.243676760036264706e-01
-1.242831857517705807e-01
-1.229988910957202086e-01
-1.218297736348695481e-01
-1.290035052558101136e-01
-1.299871969970424201e-01
-1.242889998449513422e-01
-1.185388476691158210e-01
-1.255804471811349521e-01
-1.190613723033333016e-01
-1.208376495866940736e-01
-1.173458246465983734e-01
-1.222303208528389140e-01
-1.210893867740324148e-01
-1.135072528713930717e-01
-1.213271078524147395e-01
-1.150040875006432262e-01
-1.193891298394886835e-01
-1.198370697733353030e-01
-1.339930040429385683e-01
-1.237251395069096649e-01
-1.202415359108007786e-01
-1.187782612170472651e-01
-1.263343109786460028e-01
-1.222901623436620788e-01
-1.149651878091781931e-01
-1.251546635939890795e-01
-1.132134807444229452e-01
-1.348139722574779320e-01
-1.188822972630007024e-01
-1.194564307700828332e-01
-1.283764452110397469e-01
-1.124876340131718278e-01
-1.141129478545632736e-01
-1.096127956662935610e-01
-1.236475089784799808e-01
-1.144787093913496312e-01
-1.159183320224225211e-01
-1.163826152907788680e-01
-1.253651032490241679e-01
-1.211238571025734512e-01
-1.241466906592492148e-01
-1.177151451402431714e-01
-1.295442634500794110e-01
-1.142519633582645966e-01
-1.247983891414254920e-01
-1.199658442881572640e-01
-1.242116716650858432e-01
-1.159590165734087908e-01
-1.288252070646733749e-01
-1.115854512997551673e-01
-1.112232466672753439e-01
-1.191813394777896384e-01
-1.286485466958549040e-01
-1.210601703486271497e-01
-1.221446194537434415e-01
-1.240505916954881549e-01
-1.205651875093773917e-01
-1.186591918907056176e-01
-1.272606115439094410e-01
-1.231813170495374976e-01
-1.245932168178303101e-01
-1.243598244111607798e-01
-1.315968882643949733e-01
-1.263181965603874524e-01
-1.191039315181141589e-01
-1.230685608253168084e-01
-1.134671445955373059e-01
-1.241483134523013732e-01
-1.184478985294621367e-01
-1.229941143628332512e-01
-1.181659410797415433e-01
-1.170097958112101821e-01
-1.242017299376234618e-01
-1.165230797030805121e-01
-1.214725997805716773e-01
-1.178586002520893850e-01
-1.101908226765657695e-01
-1.212554294652958831e-01
-1.211798416548131030e-01
-1.182336848546770014e-01
-1.229163051846198229e-01
-1.178865222508904687e-01
-1.199960616258457513e-01
-1.120250400046223227e-01
-1.156993730084794336e-01
-1.253553372486559958e-01
-1.161177490237959020e-01
-1.317976229033233082e-01
-1.101270266426586097e-01
-1.231414541265825058e-01
-1.224167807102198857e-01
-1.121081085523054632e-01
-1.257240374189037002e-01
-1.234776800644286077e-01
-1.274087531589498390e-01
-1.123529355369570215e-01
-1.242731698275796326e-01
-1.246285863561626961e-01
-1.154803906015609005e-01
-1.187604104906725411e-01
-1.209265200190254852e-01
-1.159653463537086981e-01
-1.197919618926759355e-01
-1.181858953481653707e-01
-1.227669543379417139e-01
-1.268618153503549006e-01
-1.220865169859473021e-01
-1.280471789411579131e-01
-1.209231883222772197e-01
-1.115456800613117139e-01
-1.228394255563258763e-01
-1.216592428164957607e-01
-1.211271057368836779e-01
-1.239842645899378315e-01
-1.238275695272992305e-01
-1.130689947108649562e-01
-1.238486987025420039e-01
-1.196355804177442472e-01
-1.127091923133229923e-01
-1.216301515284849977e-01
-1.243918705661468671e-01
-1.162560320295393801e-01
-1.176154713971957477e-01
-1.282575162464048013e-01
-1.176249392513288861e-01
-1.222783629886841084e-01
-1.198619480143889859e-01
-1.268779481004540521e-01
-1.186380515101284061e-01
-1.125443716094354230e-01
-1.185621608885134570e-01
-1.210536622510534066e-01
-1.295368561944505448e-01
-1.258602298140596432e-01
-1.252220197857152328e-01
-1.240183662124525465e-01
-1.304673148474237987e-01
-1.164410084080018670e-01
-1.249495349192542015e-01
-1.159057329784196622e-01
-1.142345743167425542e-01
-1.206432190998385501e-01
-1.177675707423793128e-01
-1.273395790951510342e-01
-1.289709480256830965e-01
-1.212020835693761178e-01
-1.212785401560472209e-01
-1.179360555129540522e-01
-1.247809506186223771e-01
-1.248361491592442363e-01
-1.226356229247360652e-01
-1.208752820222636082e-01
-1.221817073700628420e-01
-1.130505441579816583e-01
-1.114048133341736246e-01
-1.145462554839951075e-01
-1.226309842126247496e-01
-1.209469455918101843e-01
-1.200799966707384314e-01
-1.133838318982318683e-01
-1.104970969536220871e-01
-1.104081370172034227e-01
-1.167595131699457056e-01
-1.168749657077849946e-01
-1.183754169715625082e-01
-1.241463350604425919e-01
-1.209517702269740091e-01
-1.181998592381745539e-01
-1.293464025393915584e-01
-1.149761356667187151e-01
-1.266002638973060535e-01
-1.186665354586833310e-01
-1.320321935643744560e-01
-1.147075465268292405e-01
-1.148834697576592845e-01
-1.168046967455875773e-01
-1.192664003522669880e-01
-1.202903745285177628e-01
-1.200236667801415358e-01
-1.186804739224851524e-01
-1.170036107843435147e-01
-1.135196747913442827e-01
-1.179471458530683137e-01
-1.187168217585101715e-01
-1.242986948920581369e-01
-1.169609848625565718e-01
-1.198592337731172464e-01
-1.182198038985378119e-01
-1.173797856038811815e-01
-1.121029102274668787e-01
-1.176483160351464718e-01
-1.099387049071474109e-01
-1.106921437897057103e-01
-1.195519598574588116e-01
-1.188569857169756716e-01
-1.153725082485106412e-01
-1.198204168619074750e-01
-1.276380169010513654e-01
-1.079372048339015677e-01
-1.197626569397058915e-01
-1.234013010495136342e-01
-1.199266033881816185e-01
-1.180755127541219807e-01
-1.123798915211500216e-01
-1.175817683409015046e-01
-1.226500399619627757e-01
-1.164412772350784664e-01
-1.264896526857830494e-01
-1.110521193819327124e-01
-1.157670222656328463e-01
-1.187462245409225403e-01
-1.066951262684092683e-01
-1.217710862852268150e-01
-1.191932346295070388e-01
-1.173096621067717393e-01
-1.263692926691861729e-01
-1.207385768868700637e-01
-1.176096179021488553e-01
-1.176394452857651984e-01
-1.213725131305345428e-01
-1.300290291581180924e-01
-1.202397824534742199e-01
-1.110194620301578894e-01
-1.155644244859885816e-01
-1.159177804603714890e-01
-1.118314371571011989e-01
-1.181095309187361053e-01
-1.191926038114132780e-01
-1.096555895636548428e-01
-1.144703480442874621e-01
-1.044309433855286073e-01
-1.185459604937877387e-01
-1.141147322312887624e-01
-1.224218983282829853e-01
-1.076954978259418994e-01
-1.127196356759458951e-01
-1.124434444255211218e-01
-1.139415164057329122e-01
-1.228271794437958420e-01
-1.197086467970409629e-01
-1.203617053468875042e-01
-1.153029154524647382e-01
-1.189981933777932710e-01
-1.231398523295617053e-01
-1.135859621466304148e-01
-1.191560574860233146e-01
-1.157774602319694424e-01
-1.214378486465408358e-01
-1.245970983186293068e-01
-1.080583465640119201e-01
-1.212490810680373343e-01
-1.192525048008254984e-01
-1.125665232341717115e-01
-1.117475734787349850e-01
-1.108124305721984726e-01
-1.199565404315023898e-01
-1.192137997913373937e-01
-1.097982360502927079e-01
-1.209053754279461046e-01
-1.243483786343722031e-01
-1.225840739241599309e-01
-1.230857379364351800e-01
-1.117608468902941965e-01
-1.124116786981979033e-01
-1.165916110788289828e-01
-1.170677047276260652e-01
-1.162511701598596403e-01
-1.095733069519990721e-01
-1.185596420264172224e-01
-1.123398572000562368e-01
-1.212024423391744321e-01
-1.083102489503637855e-01
-1.227553229144549007e-01
-1.129070963684242201e-01
-1.099681468549036367e-01
-1.158031627251618900e-01
-1.125004442321744236e-01
-1.155851580635172127e-01
-1.178636193988946701e-01
-1.126771148598324501e-01
-1.195215397735571727e-01
-1.248845896781469733e-01
-1.173589479379719691e-01
-1.098980078752829215e-01
-1.098918393923291603e-01
-1.137978232385847832e-01
-1.136465113539291139e-01
-1.167174585109815865e-01
-1.230963535231079931e-01
-1.038627042514281840e-01
-1.106762157109582034e-01
-1.152417473530373826e-01
-1.152856474973988909e-01
-1.189991534953716013e-01
-1.169537683745147660e-01
-1.199573483153191233e-01
-1.211483520942655545e-01
-1.170052881183964999e-01
-1.063148570312382191e-01
-1.209941636530631470e-01
-1.170170403966617201e-01
-1.221873240224811141e-01
-1.188580149443705380e-01
-1.087681227168957321e-01
-1.168953886929644526e-01
-1.129587673417979943e-01
-1.129519877366567115e-01
-1.169722455155279839e-01
-1.171218045576400968e-01
-1.090116108882526191e-01
-1.182766966137553943e-01
-1.139980085787488662e-01
-1.169371309884734700e-01
-1.196682976675207399e-01
-1.158211825070254442e-01
-1.133119609551496154e-01
-1.177250868843358056e-01
-1.148363658126623221e-01
-1.079128741653474499e-01
-1.156919688477557884e-01
-1.156382642113973347e-01
-1.105485423075540652e-01
-1.187503335811950222e-01
-1.192249985365410048e-01
-1.100869964055064543e-01
-1.240331143785748935e-01
-1.125960283867382117e-01
-1.144028557444403127e-01
-1.168221363701085203e-01
-1.131859689896694832e-01
-1.179607673179532412e-01
-1.064232797263002794e-01
-1.177141397454692928e-01
-1.149722827418084847e-01
-1.107140004251201404e-01
-1.052552570022955436e-01
-1.138623332009411904e-01
-1.136784480743973091e-01
-1.186293986881827855e-01
-1.187832230457073202e-01
-1.158294376195407871e-01
-1.109868718643651775e-01
-1.133908440992987821e-01
-1.110063061922943461e-01
-1.154762718308264269e-01
-1.175383032073979983e-01
-1.236426122292195728e-01
-1.175965048261513601e-01
-1.170080486807520970e-01
-1.187277853589243648e-01
-1.200961466050172177e-01
-1.094861118580023884e-01
-1.133015398770611526e-01
-1.140678853221368527e-01
-1.170317638579403408e-01
-1.260796057838962092e-01
-1.094448453918124287e-01
-1.112566506338006356e-01
-1.207728465305986099e-01
-1.157878436534565125e-01
-1.089888584040612507e-01
-1.185844738385539721e-01
-1.167260953062028150e-01
-1.044296345963160455e-01
-1.210902020434052595e-01
-1.133420107073765948e-01
-1.241101839329039613e-01
-1.207520452173480585e-01
-1.091755363813216029e-01
-1.154596515237193977e-01
-1.157730576505233699e-01
-1.207292798384287380e-01
-1.148470859028929425e-01
-1.079214175019020949e-01
-1.226907186204062583e-01
-1.129671734942818695e-01
-1.196343829972641437e-01
-1.160596895265544326e-01
-1.055509761828985482e-01
-1.160635019186955219e-01
-1.148452424403663130e-01
-1.187182607909429422e-01
-1.181729487280067659e-01
-1.110732878053819483e-01
-1.207628264058198120e-01
-1.245269003355162774e-01
-1.084924853165469827e-01
-1.232482886438388547e-01
-1.184392911553651118e-01
-1.176558538871095294e-01
-1.145082627602156400e-01
-1.111318236755103328e-01
-1.133811064122136614e-01
-1.192380124422474097e-01
-1.058446500783611910e-01
-1.120494286630027148e-01
-1.126083276806326694e-01
-1.192179314669443713e-01
-1.130760418542164913e-01
-1.176787434723891579e-01
-1.049381601421970345e-01
-1.248006650420636632e-01
-1.103460115443493095e-01
-1.209630066770510659e-01
-1.089871041178636091e-01
-1.156149269716797434e-01
-1.096777635531012152e-01
-1.118184013100873564e-01
-1.158677807317030073e-01
-1.173749882958086133e-01
-1.124511068705089656e-01
-1.180038056907184441e-01
-1.181849346457122252e-01
-1.248217351388456464e-01
-1.036234025051081531e-01
-1.117765131797883171e-01
-1.073690782434191249e-01
-1.140931449724256197e-01
-1.202403892910108851e-01
-1.081041479329520882e-01
-1.192589839210436153e-01
-1.116672790700716789e-01
-1.172455641194583009e-01
-1.158315279121850949e-01
-1.179513793400497335e-01
-1.168739233183622162e-01
-1.163718314125112840e-01
-1.161711879722142626e-01
-1.232360444644697850e-01
-1.150965963420178539e-01
-1.174817934541829700e-01
-1.278279068576626543e-01
-1.135546918903509450e-01
-1.180755467746239518e-01
-1.221688861470484611e-01
-1.158754166958226861e-01
-1.160386348745161555e-01
-1.127964212762906371e-01
-1.154552202213627865e-01
-1.179000417972382309e-01
-1.181134288885061778e-01
-1.093436169587285178e-01
-1.195493269885501419e-01
-1.121781271160875448e-01
-1.128770507193754824e-01
-1.198958025684575546e-01
-1.189776536708109234e-01
-1.159010329039000808e-01
-1.196614860862759144e-01
-1.121788259542890742e-01
-1.068764186782074077e-01
-1.135740722233071764e-01
-1.187106982342944761e-01
-1.215820337550646002e-01
-1.118139673817193369e-01
-1.164559738841592917e-01
-1.162893092959871311e-01
-1.222287218585633717e-01
-1.229368441531342171e-01
-1.121025530556334360e-01
-1.126720415065665115e-01
-1.126616650528617924e-01
-1.094048886688474553e-01
-1.148033260992269433e-01
-1.220165617001360836e-01
-1.180695253620487328e-01
-1.184545011227045030e-01
-1.145728855850824957e-01
-1.177181506760716090e-01
-1.138012816957689743e-01
-1.144389884873562302e-01
-1.127818068025345788e-01
-1.102598503947169739e-01
-1.129289991358790601e-01
-1.179647495883946462e-01
-1.167725651005611098e-01
-1.159765251519053741e-01
-1.047257735726940808e-01
-1.180634146445300736e-01
-1.151162471373923246e-01
-1.212165849673261242e-01
-1.181431138810085102e-01
-1.002210449167346695e-01
-1.211492564404323957e-01
-1.048113455603587596e-01
-1.233837426626789302e-01
-1.166244744645013043e-01
-1.183619329937730669e-01
-1.173771447450095984e-01
-1.143407595571419577e-01
-1.133519326938525751e-01
-1.142163877591242382e-01
-1.127416992561167675e-01
-1.148898905184947417e-01
-1.145768800457593883e-01
-1.154494323210863982e-01
-1.212473028736695824e-01
-1.142214648748307582e-01
-1.166157926356383712e-01
-1.224898998396586336e-01
-1.155336290410593492e-01
-1.099729319052160648e-01
-1.068170890205415446e-01
-1.218643864484612038e-01
-1.105535575044509500e-01
-1.112545310369768004e-01
-1.133859017642491196e-01
-1.168533343637774280e-01
-1.077473832431712353e-01
-1.012163017908260798e-01
-1.202217075475005004e-01
-1.087737449983769977e-01
-1.112006947223775910e-01
-1.219661187444165407e-01
-1.177464646829822215e-01
-1.190357193594522300e-01
-1.133360512805801079e-01
-1.165851521129974699e-01
-1.166780278831183182e-01
-1.170299999545418856e-01
-1.196093723435156519e-01
-1.163080780372443002e-01
-1.133633798266604487e-01
-1.053187354814575372e-01
-1.215505129306047039e-01
-1.146156800227844386e-01
-1.049728994445935371e-01
-1.175779255829070280e-01
-1.143905835429137596e-01
-1.179120154183905811e-01
-1.156124172354866531e-01
-1.141940528246716546e-01
-1.177040283682981858e-01
-1.087985826051531824e-01
-1.126678072667210984e-01
-1.137972573730419157e-01
-1.111476158980746476e-01
-1.124818279717274550e-01
-1.121030166030507758e-01
-1.199684290488303162e-01
-1.191028677890093590e-01
-1.232175218013393803e-01
-1.129414047767687279e-01
-1.178794790189341413e-01
-1.193126997983418036e-01
-1.079682933653671739e-01
-1.149526399933256116e-01
-1.227537358878487694e-01
-1.156175026380710236e-01
-1.162728522062765890e-01
-1.167286721977296438e-01
-1.174917524563818816e-01
-1.157006728604281776e-01
-1.102328337321223373e-01
-1.048018081327493078e-01
-1.241275717069481033e-01
-1.141062360829199207e-01
-1.129596860286818938e-01
-1.161089840931142092e-01
-1.189937117521990828e-01
-1.124576524526359478e-01
-1.243004648036549753e-01
-1.143323870782069207e-01
-1.128547303640141664e-01
-1.156546708978964944e-01
-1.190736153272906606e-01
-1.156057981867357753e-01
-1.068943989163582131e-01
-1.152645592629335525e-01
-1.169264886524414848e-01
-1.174815716019734779e-01
-1.145985511083038588e-01
-1.085158599485414044e-01
-1.188493016463638696e-01
-1.161892921485225827e-01
-1.307159883708743919e-01
-1.243594737001663120e-01
-1.137903934623905045e-01
-1.263243202592816417e-01
-1.172367845365407391e-01
-1.235404013011569546e-01
-1.152917152314048010e-01
-1.191393837448204707e-01
-1.125318960380994326e-01
-1.211752301258961495e-01
-1.173107674139295398e-01
-1.171258338176288660e-01
-1.082104953464329000e-01
-1.119832341343371951e-01
-1.039281704310708321e-01
-1.221498777562048943e-01
-1.131185418863820402e-01
-1.216117956020719149e-01
-1.053776288045442655e-01
-1.181437980249402386e-01
-1.158769893065025869e-01
-1.094609802268591281e-01
-1.060994170778268852e-01
-1.113992783752442151e-01
-1.124758037809456823e-01
-1.085923637132344410e-01
-1.064690791226379218e-01
-1.185394778190627108e-01
-1.149460822184726894e-01
-1.164648238503742661e-01
-1.157473880793240539e-01
-1.178200895627954381e-01
-1.180832398538811390e-01
-1.051654260828724929e-01
-1.174348413698664828e-01
-1.220297611132057369e-01
-1.224425801048836249e-01
-1.124526641004921501e-01
-1.126346001028677435e-01
-1.191998989648208607e-01
-1.140051562535528973e-01
-1.200849566992774342e-01
-1.210249801227405442e-01
-1.222521449671978289e-01
-1.147103756614447079e-01
-1.146176386325707952e-01
-1.028817827579615596e-01
-1.093632486078881527e-01
-1.132750839066396509e-01
-1.115545567809066441e-01
-1.154676072053382185e-01
-1.168715558040593905e-01
-1.094652604945087759e-01
-1.149106163024313787e-01
-1.107778877943559337e-01
-1.208364594512527646e-01
-1.187492772763434346e-01
-1.171076324010478231e-01
-1.223461326302954788e-01
-1.164766510323520521e-01
-1.144223744604868642e-01
-1.202183657508388848e-01
-1.181627625026351325e-01
-1.125249324535184670e-01
-1.202062235437626470e-01
-1.125542776915802179e-01
-1.213318858472804962e-01
-1.137662629747451248e-01
-1.167310067156961395e-01
-1.098334606485806830e-01
-1.240425845162604901e-01
-1.088949454734922107e-01
-1.202998197342211029e-01
-1.110968167212482705e-01
-1.132944537067892554e-01
-1.160722979069142013e-01
-1.180584436975413709e-01
-1.241655679925184330e-01
-1.140612335938584465e-01
-1.223622890862374746e-01
-1.186438030629872742e-01
-1.199353280783679310e-01
-1.150613227040899744e-01
-1.207047286721127932e-01
-1.218119967384385660e-01
-1.211525226485319351e-01
-1.133375278813852916e-01
-1.181746379380301804e-01
-1.228326301720583658e-01
-1.152723570134055464e-01
-1.218184803879323042e-01
-1.157714849340045760e-01
-1.220817454450990880e-01
-1.197910418950325351e-01
-1.270110388684972946e-01
-1.199187363880680479e-01
-1.207893551887089245e-01
-1.167983465406718935e-01
-1.223547786879350951e-01
-1.183476604249111830e-01
-1.185831973741127143e-01
-1.217537292901251789e-01
-1.124391255594723305e-01
-1.157970213615673316e-01
-1.197961718293276689e-01
-1.155250455710170598e-01
-1.184999780682076675e-01
-1.065750310935609235e-01
-1.236386910765547853e-01
-1.167261514119157795e-01
-1.173407877883319017e-01
-1.175362458567930091e-01
-1.119587319488837274e-01
-1.212758910909932375e-01
-1.149293508802755603e-01
-1.147532887853714989e-01
-1.099188079628596881e-01
-1.226262157174176082e-01
-1.230665912385533467e-01
-1.170695660770491031e-01
-1.180229293372008215e-01
-1.133372273426589416e-01
-1.174206419182257655e-01
-1.147299903032350521e-01
-1.199428239631155080e-01
-1.112253120327428846e-01
-1.139349473462782925e-01
-1.179133196658552762e-01
-1.195662451543944016e-01
-1.145035795669109291e-01
-1.227363707915554158e-01
-1.199373761974200647e-01
-1.194738349210267003e-01
-1.158564185051655926e-01
-1.133855810219994709e-01
-1.175011515516271032e-01
-1.187947123577881570e-01
-1.220845116502866645e-01
-1.156051039866845542e-01
-1.173115310229659869e-01
-1.104170603271965589e-01
-1.163179075895151016e-01
-1.154240584879122622e-01
-1.198028466776905887e-01
-1.140799357493627042e-01
-1.135296477626130951e-01
-1.143534193523434439e-01
-1.170375289486980108e-01
-1.153233908930069163e-01
-1.185781694143228648e-01
-1.154466052497582496e-01
-1.083746579127220500e-01
-1.082479010948498299e-01
-1.151791587259758387e-01
-1.172039698402560504e-01
-1.041829695745271067e-01
-1.202652511866544316e-01
-1.116647125925513961e-01
-1.111554168761115235e-01
-1.059150174334857475e-01
-1.167381091670560700e-01
-1.107329661458593684e-01
-1.066695519941389669e-01
-1.108801029713188946e-01
-1.153173667652103163e-01
-1.193925845506553785e-01
-1.227264780613577244e-01
-1.163152950297456911e-01
-1.208329711883555646e-01
-1.163810145022132758e-01
-1.107324677740093577e-01
-1.190067623897199667e-01
-1.206016339725390907e-01
-1.132176415876671172e-01
-1.236911887901648299e-01
-1.138030635415043790e-01
-1.149815850260518246e-01
-1.162020681784996512e-01
-1.109517099994299372e-01
-1.206237267206118347e-01
-1.088461175631181277e-01
-1.218592117974841571e-01
-1.090239801578753998e-01
-1.163282756034922372e-01
-1.226659676796808540e-01
-1.203875334074746561e-01
-1.162898798790301669e-01
-1.172287097348636564e-01
-1.179942186321012443e-01
-1.160527211893942479e-01
-1.134753007904381050e-01
-1.269512874275804393e-01
-1.251992974028457439e-01
-1.074794634670199756e-01
-1.136572572628891109e-01
-1.136269292089666649e-01
-1.119797175941128486e-01
-1.199352837051206322e-01
-1.145214618875689538e-01
-1.244091774750559765e-01
-1.203491910016429856e-01
-1.209140322308641657e-01
-1.147017299232748755e-01
-1.165632730308532317e-01
-1.125650422238670956e-01
-1.119420139579547779e-01
-1.178018944859777761e-01
-1.089466107663605854e-01
-1.160954065412580505e-01
-1.113457065634184673e-01
-1.140081173580007601e-01
-1.076238262783988375e-01
-1.152620881418817689e-01
-1.157795255771398857e-01
-1.168437424335277974e-01
-1.157748332427277482e-01
-1.156625398007351535e-01
-1.113041788451329950e-01
-1.150687489366322147e-01
-1.145233989420773035e-01
-1.168824947084448063e-01
-1.147534646776264822e-01
-1.148010484282595556e-01
-1.227433692363524287e-01
-1.175614523051633498e-01
-1.166574789778200838e-01
-1.238293945780082339e-01
-1.195368971255392765e-01
-1.106094081166100196e-01
-1.167730881809196930e-01
-1.114923682857797971e-01
-1.149746804530540345e-01
-1.202996631107504655e-01
-1.148330846413747608e-01
-1.178452809208554442e-01
-1.166906085480423627e-01
-1.184351854589342778e-01
-1.152464520900826628e-01
-1.172664022952529805e-01
-1.167961548256890580e-01
-1.176466558133704154e-01
-1.156406236563798373e-01
-1.139042219559041058e-01
-1.145124398653756259e-01
-1.173705223417895738e-01
-1.093257349176655069e-01
-1.192000755409790003e-01
-1.138567776284693522e-01
-1.127215382263226928e-01
-1.163099060246342020e-01
-1.148435016088953375e-01
-1.096032841043808048e-01
-1.167643341678052948e-01
-1.168007232994812128e-01
-1.125784389158841492e-01
-1.074153184269830419e-01
-1.090043387644143991e-01
-1.188486303245728237e-01
-1.207967032146655129e-01
-1.201792502567169407e-01
-1.174923792265536449e-01
-1.192215635822480024e-01
-1.184163288863135932e-01
-1.199382153524739536e-01
-1.163460926315433852e-01
-1.154208954465936188e-01
-1.127665902269852083e-01
-1.158914072630610193e-01
-1.170914657547150739e-01
-1.111854296978949108e-01
-1.100822334906115252e-01
-1.153610318032738391e-01
-1.159638471105370883e-01
-1.104469689302276514e-01
-1.153208482937975177e-01
-1.161416524288796381e-01
-1.179181227509986662e-01
-1.221950612434921091e-01
-1.118636149362184362e-01
-1.097904723402929328e-01
-1.156566469583153456e-01
-1.147733971409299336e-01
-1.092444798615832546e-01
-1.098004522590825260e-01
-1.170513702915405574e-01
-1.188318716244003426e-01
-1.104250993315814000e-01
-1.100536672419130113e-01
-1.036762979416039343e-01
-1.109134085646013013e-01
-1.156698750216560434e-01
-1.160716149176757028e-01
-1.160581115735350721e-01
-1.100400655821687224e-01
-1.214224886009107607e-01
-1.237522448540451236e-01
-1.187550411177999976e-01
-1.173486598269350978e-01
-1.188650724515500912e-01
-1.170478473443115064e-01
-1.176359626503229450e-01
-1.197836665535740863e-01
-1.205546934357499822e-01
-1.164692087984340318e-01
-1.236326888251664258e-01
-1.235430544832176736e-01
-1.208890070003416639e-01
-1.258493752871174820e-01
-1.229531806060784049e-01
-1.161893396143955925e-01
-1.160441641992218109e-01
-1.162613687095417347e-01
-1.181126809010812906e-01
-1.061939018836879356e-01
-1.228684558287884698e-01
-1.139307393139130653e-01
-1.154407434978619307e-01
-1.165542695430357156e-01
-1.181467887706153519e-01
-1.168768087383975640e-01
-1.166116336612539328e-01
-1.162002120481329115e-01
-1.069390780349932513e-01
-1.231792441596315513e-01
-1.249355123051572036e-01
-1.176378733020708722e-01
-1.188527715212055469e-01
-1.105052169440252641e-01
-1.167647925419945665e-01
-1.112374090255947578e-01
-1.184966725182254876e-01
-1.123356603542218224e-01
-1.172685803287176753e-01
-1.188897911006803199e-01
-1.164126674335204115e-01
-1.111661570577329172e-01
-1.129267436987833051e-01
-1.151536105444748159e-01
-1.249221889486102910e-01
-1.121509589428200115e-01
-1.207821462819440583e-01
-1.170946753967436749e-01
-1.159045313519548870e-01
-1.156551338104625515e-01
-1.146557688496168126e-01
-1.162567553579938462e-01
-1.148156811494098761e-01
-1.132921721225841338e-01
-1.130373922508596252e-01
-1.144170331664389195e-01
-1.109492080978631279e-01
-1.180674730786757110e-01
-1.189198538584452791e-01
-1.143042545057282311e-01
-1.170617209958502158e-01
-1.211126933166228881e-01
-1.144886474746282801e-01
-1.153847466326762827e-01
-1.156364123006694555e-01
-1.144112615329300198e-01
-1.136755025750586512e-01
-1.271725051230507830e-01
-1.198567569093551555e-01
-1.206198686849884183e-01
-1.119787368048594800e-01
-1.183297730535812775e-01
-1.153475712458105207e-01
-1.182736756308404580e-01
-1.130661346785499788e-01
-1.181547178387409858e-01
-1.172029382322152813e-01
-1.134267628770748715e-01
-1.163415028366241444e-01
-1.186874349437845311e-01
-1.204557305694926583e-01
-1.260430505514102961e-01
-1.147123720774079203e-01
-1.128914262655156264e-01
-1.126088458475731358e-01
-1.053034565865953454e-01
-1.141458982453782411e-01
-1.219342893789221449e-01
-1.209485020579714742e-01
-1.176207707345469089e-01
-1.232822225563001695e-01
-1.186344716945439970e-01
-1.290865632978066557e-01
-1.228841009092533909e-01
-1.259951981357536610e-01
-1.182350318962850366e-01
-1.195241714217187834e-01
-1.309135278237274491e-01
-1.312386566809022881e-01
-1.326199479958880545e-01
-1.221207431567323809e-01
-1.251854913549372839e-01
-1.283789898677953900e-01
-1.212897348024775113e-01
-1.166236745630335747e-01
-1.201653369542379224e-01
-1.199114957569209494e-01
-1.266678470189646077e-01
-1.278378932671291324e-01
-1.252516012812421309e-01
-1.193270750665798019e-01
-1.176409694472591028e-01
-1.247827604571245530e-01
-1.200846526783729828e-01
-1.214897660988745187e-01
-1.190120293430894094e-01
-1.229347038073607123e-01
-1.205750545813764063e-01
-1.238263348723851465e-01
-1.253157765393941858e-01
-1.189867379059093011e-01
-1.152351316278679150e-01
-1.210238128609963937e-01
-1.216301992209078975e-01
-1.172643508828556946e-01
-1.118668722991591480e-01
-1.265703004816005617e-01
-1.219249434144167310e-01
-1.216815311521184384e-01
-1.270424889784225186e-01
-1.245730466066410358e-01
-1.182727742328006926e-01
-1.159153355071067537e-01
-1.105447483993655666e-01
-1.193682194221166171e-01
-1.210450544370100801e-01
-1.172807495909173880e-01
-1.249998487368548794e-01
-1.241289737449582375e-01
-1.189632971966672059e-01
-1.164660006057918196e-01
-1.302080292021798869e-01
-1.227978947258918652e-01
-1.229607192666435367e-01
-1.230708536786240259e-01
-1.199415327412154397e-01
-1.269222562375249552e-01
-1.308352037217623831e-01
-1.214605297620865443e-01
-1.276225489985787220e-01
-1.229215860202357291e-01
-1.240390421706019097e-01
-1.299185604513066750e-01
-1.286191149055797567e-01
-1.244752934900210661e-01
-1.205169072917664508e-01
-1.212332068887418401e-01
-1.159819045861123499e-01
-1.187726305349627864e-01
-1.224517491682188819e-01
-1.288676143956131170e-01
-1.288568007566723850e-01
-1.133040894776327079e-01
-1.227752289147856501e-01
-1.262776187435905584e-01
-1.177346860886920865e-01
-1.241276316955910453e-01
-1.165256825722837952e-01
-1.153855972004387276e-01
-1.139700549402662411e-01
-1.221378916444573193e-01
-1.068496403682157592e-01
-1.176712525660859043e-01
-1.197848871080875455e-01
-1.188233370727012073e-01
-1.242707966108698159e-01
-1.160026391758268716e-01
-1.270113938644019669e-01
-1.235288681057920002e-01
-1.087361116730312105e-01
-1.183453609542128859e-01
-1.222875870055140091e-01
-1.225337063783005220e-01
-1.213727162648954305e-01
-1.177406560081459830e-01
-1.186454528698464017e-01
-1.207470993413899407e-01
-1.169436620390245096e-01
-1.226133681581922374e-01
-1.200775798114781523e-01
-1.134776291736976361e-01
-1.175561877119655207e-01
-1.175487112605715367e-01
-1.259399289387408416e-01
-1.183353977271321966e-01
-1.241956998796602818e-01
-1.247473017159794750e-01
-1.224735242732535312e-01
-1.110977497919831691e-01
-1.183315455404150285e-01
-1.194842403013502974e-01
-1.184354640781162260e-01
-1.088577900251035402e-01
-1.218733565309557676e-01
-1.174826026480761954e-01
-1.074741095562075088e-01
-1.230249709714303918e-01
-1.127768492349874307e-01
-1.171563150410195320e-01
-1.264800065880766766e-01
-1.230520886080928022e-01
-1.183547727584626230e-01
-1.225760425372266482e-01
-1.144102210746131831e-01
-1.148703702412632310e-01
-1.190195365223454260e-01
-1.233502404777260253e-01
-1.218632842177989062e-01
-1.251519200765516260e-01
-1.258099285026448300e-01
-1.213268150533357570e-01
-1.186002364698568456e-01
-1.082371470401755076e-01
-1.236208278201740285e-01
-1.181109946050726833e-01
-1.124789623869961730e-01
-1.187114053930375945e-01
-1.188289575590664171e-01
-1.155161717019002054e-01
-1.148793571655115642e-01
-1.179600303322079213e-01
-1.195707804837917720e-01
-1.063678364687712374e-01
-1.167625714781541646e-01
-1.161839531197790265e-01
-1.214954627729163406e-01
-1.145417950934124462e-01
-1.170069108756823795e-01
-1.156452460395538395e-01
-1.164615175937600000e-01
-1.162430133436078705e-01
-1.198110831955538913e-01
-1.207782903190475210e-01
-1.180413290089505907e-01
-1.234654909874262074e-01
-1.192396298287077272e-01
-1.241629451040804355e-01
-1.190361989923420794e-01
-1.129238628995556937e-01
-1.165784869650146049e-01
-1.209785628746962161e-01
-1.195827690283737255e-01
-1.235094022801410674e-01
-1.188576523929114614e-01
-1.170967725008988936e-01
-1.209708773096487278e-01
-1.163508181471808456e-01
-1.192850097941695608e-01
-1.204010116279716769e-01
-1.200962479694549501e-01
-1.217786010448849154e-01
-1.150933302650951617e-01
-1.274854565749929947e-01
-1.191101891440968785e-01
-1.235977191849961798e-01
-1.223274673564951343e-01
-1.202232877797158039e-01
-1.152261316415419401e-01
-1.229146944153161058e-01
-1.189594854244173661e-01
-1.140415697663819117e-01
-1.180178731651002622e-01
-1.084017360220999038e-01
-1.084604994774940323e-01
-1.209133145462528702e-01
-1.273014160288932217e-01
-1.181442193029900167e-01
-1.198545062006441952e-01
-1.108834528214099890e-01
-1.191290719625897054e-01
-1.198094494715595815e-01
-1.205245994351695771e-01
-1.215561956731390225e-01
-1.207472783509020431e-01
-1.313970876874765992e-01
-1.230764040767926559e-01
-1.177414497714108776e-01
-1.211846441505279870e-01
-1.207364437871820684e-01
-1.238071562695139960e-01
-1.199555688764863959e-01
-1.157989713990819070e-01
-1.167356369058616394e-01
-1.249217438547649550e-01
-1.182127013529008508e-01
-1.198357156559737291e-01
-1.223492417230396256e-01
-1.299712368289647202e-01
-1.221210037290099137e-01
-1.199530198593627972e-01
-1.215590913901625214e-01
-1.204183969704644142e-01
-1.261195168033371061e-01
-1.272022932981151655e-01
-1.239178066710078241e-01
-1.146996245790639080e-01
-1.273866372001819514e-01
-1.276327009899969056e-01
-1.179635336612179231e-01
-1.223308498732613714e-01
-1.275809458836114629e-01
-1.316441374271946074e-01
-1.348788660707320730e-01
