-7.530587078687431268e-02
-4.273546054978413222e-01
-4.204266515684675909e-01
-6.885235840184870115e-01
-6.101844011610599861e-01
-6.796399394313158426e-01
-2.819219649954554097e-01
-2.169976077910724943e-01
-3.514749175896286770e-01
-5.982684603906621712e-01
-2.729217492990049579e-02
1.247104175955119493e-01
2.328839444784166490e-01
8.829732774554126529e-01
7.160467117542296256e-01
5.647810809054034653e-01
5.379382675613091358e-01
5.389005445432387686e-01
8.980843758719641023e-01
6.864200720255375643e-01
1.173898328774143796e+00
1.037141989635914197e+00
4.668357045179263309e-01
5.196942805958943978e-01
9.479109079697253248e-01
8.387449138656695169e-01
6.743263378326145308e-01
1.085112793995046676e+00
1.149273398659069967e+00
7.107957111481293389e-01
7.225288465511308100e-01
7.425679186531795040e-01
8.843162567725241230e-01
7.448023557391357796e-01
7.543032835732592645e-01
8.809892334484971110e-01
9.584429862537225953e-01
9.395140763891554059e-01
1.134215922597686221e+00
1.128276309897553009e+00
1.239123484161974265e+00
1.157031001510987700e+00
9.486930273785544321e-01
1.181675868895331494e+00
1.214628537497104865e+00
1.499308463033389049e+00
1.500748040460874178e+00
1.170108887923907881e+00
1.020361755634551448e+00
1.223532762842892696e+00
9.345483411998463108e-01
7.336719841304637502e-01
9.927039375975239555e-01
1.082218635677180796e+00
5.664312305980664375e-01
7.684501567930380750e-01
7.836810932373925453e-01
5.463084506714088739e-01
4.616571813249139566e-01
5.771306932559848724e-01
5.411337234124211637e-01
4.250003280017795593e-01
3.542814058876366801e-01
3.681092929118651158e-01
2.349879230410331088e-01
4.885338991951590493e-01
3.681825249509718678e-01
3.185337239948993204e-01
1.898847680596661425e-01
3.330731840014364287e-01
4.410612445773730572e-01
3.382871383919481278e-01
4.357887115166671488e-01
5.332363870282995633e-01
6.612189952271653182e-01
6.125616915010585056e-02
-1.270158019308612884e-01
2.006441802612982661e-01
5.064826244099298602e-01
4.813370057815398728e-01
6.907748232582948678e-01
5.302780555975696863e-01
7.412917645079268869e-01
7.098548703247554714e-01
7.849067410122285704e-01
7.339244601438463800e-01
6.558795766060693255e-01
3.909661202125437329e-01
5.087000109006588611e-01
4.986822803256312775e-01
2.750901608635720197e-01
3.489019385938043616e-01
3.972569064284692253e-01
2.792657197287906068e-01
1.949192660059101412e-01
4.027391811085974660e-01
4.423544987298220210e-01
4.567985843529849821e-01
3.774802850880006888e-01
5.396186333226022924e-01
6.557899672858193973e-01
4.489333410029661686e-01
4.293129524595269420e-01
3.986184284158007518e-01
4.299498758790843422e-01
4.836608782179207533e-01
3.807543618326779122e-01
8.921773121662582295e-02
4.049505524915730237e-01
2.898395302198267798e-01
3.778460032017528225e-01
2.801426488674279014e-01
2.329167882348890106e-01
1.143399054283122246e-01
1.730527677047523361e-02
2.850236488609348556e-02
4.538366206133451902e-02
-9.681456484839584542e-02
-5.614981838358708011e-01
-1.309998111731180415e-01
-2.517101793335755344e-01
-3.137649579732262328e-01
-2.940247753482986073e-02
-8.051038740511150260e-02
-3.181587144795443023e-01
-1.825105709665396647e-01
-3.677477289191972143e-01
-4.713081227979808996e-01
-4.635295981713526414e-01
-4.523004828344195927e-01
-5.754916323366042752e-01
-6.812468430388816110e-01
-7.113159977369600817e-01
-7.252309423091571894e-01
-6.757203193479160985e-01
-9.745129699691497116e-01
-1.099920080374068299e+00
-9.961469030026550708e-01
-9.023626598461866877e-01
-8.657280859461329303e-01
-7.129905543302981208e-01
-7.540491817202615854e-01
-7.725258227189851779e-01
-6.572022591746473630e-01
-3.374635475522521633e-01
-1.443257901478667837e-01
5.222039232582114526e-02
-1.516609574106133340e-01
-2.102909804169272590e-01
-6.233581366835242443e-01
-2.887916243139856953e-01
-4.599236422400393987e-01
-8.042926084292619793e-01
-8.344654037900747223e-01
-8.552972289506579617e-01
-9.762501994375116787e-01
-8.367553147318429474e-01
-8.013790152273936318e-01
-6.959535927261573107e-01
-5.405001971013910778e-01
-6.534284466592856777e-01
-4.311645956370144805e-01
-2.934950415154871095e-01
-1.442892915854223079e-01
-9.039179323838952840e-02
-2.549633992264808691e-01
-2.329798102739157328e-01
-2.628583638046753657e-01
-2.518681354705820663e-01
-1.648547853387934969e-01
-2.222122880748245988e-01
-2.588327562332347620e-01
-1.969759756986746158e-01
-1.048991308453350452e-01
-2.117210226751501667e-01
-4.684900653518216801e-02
-2.435529427649501810e-01
-4.067421968460918080e-01
-4.069229994885400492e-01
-6.783134907777740308e-01
-4.115263117298347817e-01
-3.557720242055428250e-01
-4.009804219180875262e-01
-4.891823593843026008e-01
-4.096290473443640612e-01
-4.367643863306739371e-01
-4.443174151796646099e-01
-3.537242159983502443e-01
-2.594859660766694609e-01
-2.938252387846558844e-01
-2.960353340234362918e-01
-2.419252642786277052e-01
-2.604520149093609294e-01
-4.324856834431183017e-02
-3.246323254874293740e-01
-4.874377414969804367e-01
-1.343130281578806817e-01
-7.375142782885225901e-02
-1.957216163021563426e-01
-1.377653179720471910e-01
-3.143082394069617383e-03
1.213328987229812944e-01
1.408249983232422453e-01
-1.547068434962422523e-01
3.418777198915899929e-01
2.646765270128004222e-01
3.554245817779027039e-01
2.470091754013012397e-01
2.593990897097190329e-01
2.274768938369317595e-01
2.229042858714993802e-01
4.004278598314937598e-01
2.629801804577203694e-01
9.509286696607686939e-02
1.316255666945785885e-01
2.565721022488736680e-01
5.294736757300362306e-01
2.707381100514061334e-01
2.141989008108725889e-01
2.756857444380759192e-01
2.698282533901835145e-01
1.831344061488094088e-01
6.514894867527794287e-02
4.353898640338180193e-02
3.159669729992208853e-01
1.137195470936838426e-01
2.565693933598168358e-02
1.060022399562257633e-01
2.204672128207816606e-01
1.470949013122869187e-01
2.332581896962252488e-01
2.584357891651694050e-01
3.127512499168745297e-01
1.385351659030467919e-01
2.864631118177516367e-01
2.202649156322609159e-01
1.832608461178484305e-01
2.432187474802968152e-01
2.501288924679586079e-01
3.121803703032230981e-01
5.012066987292603804e-01
5.189757517428845723e-01
5.268405826604705133e-01
6.994442522587633881e-01
7.210328551910238915e-01
6.315478628619420887e-01
6.281590847596688620e-01
5.648464473410079734e-01
5.170027617146106813e-01
4.900195447503981061e-01
6.218731228098872688e-01
6.606235782081714136e-01
5.102341129046281676e-01
5.234225410900554820e-01
6.886039717761349710e-01
7.025527820797132783e-01
5.937182074157227873e-01
5.034257778960099516e-01
6.471856473719930225e-01
7.933802512879704061e-01
6.094399275092919899e-01
5.486969868801813144e-01
6.925525650258711474e-01
7.007877656690045809e-01
6.718265080534067124e-01
7.173126466554710090e-01
5.823796255729112303e-01
5.378843487369582288e-01
6.190928580860766139e-01
6.545184064378383182e-01
6.145116317430869834e-01
5.640661682097517504e-01
6.162820465375098422e-01
5.176552432765474387e-01
5.990976062560652293e-01
9.870114115250770981e-01
1.015071936356112703e+00
1.070158826380798844e+00
9.517719653205607422e-01
8.787520593075721642e-01
7.671255351284833601e-01
5.012206671978600703e-01
5.677817462063631249e-01
5.528924638666702362e-01
6.163679758495523853e-01
5.137244944310001005e-01
4.879290077681795457e-01
4.243288554631388099e-01
3.606362288953267603e-01
3.905875004504938408e-01
4.845170058255288126e-01
5.314127891217670374e-01
5.086192564537840299e-01
4.836458009537921710e-01
4.671613253542925559e-01
3.884272426039307446e-01
4.839628118723444672e-01
5.582280929088023758e-01
6.070708185603806983e-01
5.405649494619867435e-01
4.179834079963555271e-01
3.777676340813822531e-01
4.442533749615460992e-01
5.012024046506913244e-01
4.545531177095740727e-01
4.377923020026118772e-01
6.859210984531488586e-01
7.589111457886134060e-01
8.176792915134539763e-01
7.764559545264272389e-01
7.864557997597407812e-01
8.745723689257013378e-01
6.894422854700650305e-01
6.042836204006500900e-01
8.451468657579739308e-01
7.015797797231052568e-01
5.719288957550801022e-01
6.236540729183333021e-01
6.847273195849418181e-01
4.736347330349823803e-01
4.862718515733517322e-01
6.545753687890073502e-01
4.446940529341117387e-01
4.512225860458925486e-01
4.827236114961606650e-01
6.321915105544335667e-01
6.958416019062849678e-01
7.019475700678386998e-01
7.927535777668310857e-01
8.615835476201874066e-01
8.540975956430737481e-01
8.555647054941867280e-01
6.876997479740277752e-01
6.007207611750534637e-01
6.266990131599970981e-01
6.871677596216299033e-01
5.308303834281608014e-01
7.429199195236404485e-01
7.514503442975374314e-01
8.655045042128581834e-01
9.159628497440613915e-01
7.832612178983736628e-01
6.128594315956529259e-01
4.968658101245504999e-01
7.487102386726388614e-01
6.426904939550354134e-01
7.328489307664656227e-01
7.095142779045046089e-01
6.561577128666189473e-01
7.079407975541385234e-01
4.126035714670422960e-01
5.185586887996477268e-01
6.020871758752264213e-01
5.866079637028392968e-01
6.171396735358429808e-01
8.207700887502427101e-01
8.677660478981255032e-01
5.934034000028467482e-01
4.151601486103581040e-01
5.467371080078439194e-01
6.144080363738200212e-01
4.877398776380285073e-01
6.108210914235888689e-01
5.687151984795477677e-01
7.128523267261294150e-01
8.844954974880994136e-01
9.440851191851725721e-01
8.640841579866310740e-01
8.384474069784294548e-01
7.082151577562183498e-01
7.655576911642252291e-01
8.899141302164932377e-01
8.806368280209413424e-01
6.923019086033516123e-01
5.739431136579715709e-01
5.843372056339268816e-01
6.511149480530392664e-01
6.256386405182394750e-01
6.492364300655789622e-01
4.764994592413869245e-01
5.376190915094135603e-01
6.180909353966760333e-01
7.476232597256887713e-01
7.817482771577621836e-01
8.662845704424829707e-01
8.406265349536785614e-01
6.547814663612206987e-01
8.289914216581615314e-01
8.846064287161727879e-01
9.119150911261326709e-01
9.701293099357223282e-01
9.036836604444644649e-01
9.058075409206632900e-01
9.688422715611501035e-01
9.276433249785023261e-01
8.936701083905924659e-01
9.024277412044572344e-01
8.563934978309923896e-01
9.575098986296934900e-01
8.462821444840210594e-01
9.618076779905300189e-01
7.571469689838933315e-01
7.924662023161209712e-01
7.048377282507997110e-01
5.436731853297862571e-01
5.721808181382442848e-01
5.968488171483509186e-01
5.573104774334064482e-01
4.623750364192003581e-01
3.758889556289267686e-01
4.644948291285821984e-01
4.567923264969436237e-01
5.861971777369873182e-01
4.520416278507989882e-01
4.732282271171519006e-01
6.726051971036023369e-01
7.522862082470394007e-01
8.964020347336936201e-01
8.500149790485663770e-01
9.273049833958041388e-01
1.087323988057910196e+00
1.102074350154263138e+00
9.044358432730851272e-01
8.244955671814770959e-01
9.079516651483411360e-01
1.067103061561706090e+00
1.003665669358535295e+00
1.108422749461152268e+00
1.120645258111389042e+00
1.129540258319980062e+00
1.103089767742897020e+00
1.038318530743335799e+00
1.165168047786359073e+00
1.257872329266318534e+00
1.058534821264231596e+00
1.360192498020197593e+00
1.279338059879001177e+00
1.233011601216281283e+00
1.315999153476593797e+00
1.064490661175014452e+00
1.236803241346874360e+00
1.501102919032632599e+00
1.648510032918949708e+00
1.515306381035562033e+00
1.452165731895004974e+00
1.392722058686193254e+00
1.392836922065449734e+00
1.143756964569503376e+00
1.240798134568775524e+00
1.264237131713368933e+00
1.150783455547375267e+00
1.020814548059395532e+00
8.072188171555230163e-01
9.494851425984625060e-01
1.078814598362749955e+00
1.170335872706956160e+00
1.173619382373353393e+00
8.661631197174050056e-01
5.712149932273902220e-01
3.553096655278263349e-01
7.889069471178156157e-01
8.930099299659539636e-01
8.038350897791667338e-01
8.700500627245815188e-01
9.063942487513505508e-01
9.354567357114221826e-01
7.384934500222714027e-01
8.185993372625559594e-01
8.789358804724705099e-01
1.176089443056387740e+00
1.085061149181379525e+00
1.159200478915829002e+00
1.330548691521933780e+00
1.332666969662108070e+00
1.308844566354906425e+00
1.363529591967497012e+00
1.386699637224012571e+00
1.328470406449958618e+00
1.271273505447039431e+00
1.151081311631514392e+00
1.179303679061450616e+00
1.236439865582265041e+00
1.211287592248340594e+00
6.502909410124230183e-01
-2.282910515661609394e-02
1.706124850265821058e-01
2.741995385020367659e-01
5.370005813942895223e-01
5.162101462221870829e-01
5.423121191451569789e-01
5.198653435266531453e-01
6.214879976395072392e-01
4.634816647248675703e-01
3.287877260873589003e-01
4.109355405234821346e-01
3.284845102744855527e-01
2.100717440970469030e-01
3.557297101780226289e-01
3.557111289290664780e-01
5.185534972311093282e-01
2.930256566564896636e-01
6.609869880351557647e-01
8.700376760087450423e-01
9.237956665512528920e-01
8.202165225393807102e-01
7.426794906426987808e-01
7.526986794910226486e-01
4.692084378567298875e-01
2.182273608430951584e-01
3.159562168488513900e-01
5.332124499001742457e-01
8.433504359985400933e-01
1.112383652828732306e+00
1.129678801153769507e+00
1.166204709897735725e+00
1.353792822088172310e+00
1.189002425715056876e+00
1.021147910967952210e+00
8.929950391385852448e-01
8.428468382003155845e-01
7.372190777455034372e-01
7.308391763355924775e-01
6.974804273150035927e-01
4.440881393758114304e-01
8.984862464219077749e-01
7.832458519305602884e-01
6.429382581889684367e-01
9.107087699973089867e-01
9.003988601912347178e-01
9.477530920289672922e-01
1.038887594869268849e+00
1.094424419143124050e+00
1.104631977349550986e+00
1.080224589914034139e+00
1.057535556298396795e+00
1.111372619529740202e+00
8.367742803799664841e-01
5.993344104187957599e-01
5.237413560813356517e-01
2.823737789148113575e-01
1.058985635772101974e-01
2.352359146334342954e-01
5.002679473594380255e-01
4.932286622597516490e-01
4.296122084272632202e-01
3.960253402710931514e-01
5.336999698521828206e-01
8.944637636596254326e-01
6.529552738479116325e-01
6.687643673015182255e-01
4.894373923146822514e-01
4.125177316444774700e-01
4.525518312248115738e-01
6.095947159308394703e-01
5.474239124592436001e-01
8.862952459784184667e-01
9.265863880216451687e-01
8.725682304212195595e-01
1.090497404217460220e+00
1.274118336278291741e+00
1.195963602762077027e+00
1.173295200944307393e+00
1.065373293326912441e+00
9.609775211450377608e-01
8.686377632892982037e-01
7.827464431801143263e-01
6.713702317535226172e-01
6.093516139328601922e-01
5.699692275897185745e-01
6.258433357193501356e-01
4.433210234302280006e-01
5.788742727171078961e-01
8.436219993404266981e-01
8.298150890714401928e-01
6.237714051296756601e-01
5.267927208735756484e-01
4.383311832518910212e-01
3.685713972994985044e-01
3.199790009462275542e-01
9.704578583128438407e-02
4.176991182827392568e-01
4.234248231194217005e-01
3.263781330101883094e-01
2.127340596876557688e-01
-5.293176513448810683e-02
7.029366879702088344e-02
-9.342663841398787805e-02
-2.113297433486391666e-02
1.430749688264034147e-01
-1.928391886633024598e-03
3.571012330666934464e-01
1.639467532065393141e-01
2.751457873405425691e-01
6.327116543744837340e-02
2.495250580745179969e-01
3.883644330028397373e-01
2.599728117151409168e-01
3.116590393592075237e-01
5.047526930258676714e-01
5.766972165489021585e-01
5.518525031594376795e-01
4.736936813093021170e-01
4.773131494609560432e-01
4.328406435778976991e-01
2.715005903489079442e-01
4.947145692746823253e-01
3.862839858641065049e-01
1.726244563975615209e-01
3.191127288615688284e-01
2.985932343619914220e-01
3.635745672665552375e-01
2.871970281126847713e-01
2.061774959120671047e-01
3.065100838179060094e-01
2.240934542904169102e-01
1.348855537673798455e-01
1.587599972179189189e-01
-4.607642364995568826e-03
2.117602141321758488e-02
-1.205387761123629248e-01
8.031894576729053936e-02
3.160028062823621031e-01
1.020208990816889455e-01
2.750298327005136212e-01
1.615890457284852033e-01
2.947873440715180204e-01
1.538606836550875379e-01
3.510800142275778413e-01
1.410563521073691373e-01
3.457746780325552938e-01
1.853955315263960402e-01
4.122432931400183964e-01
2.703296755243253524e-01
3.812477516005643996e-01
4.128410384248619169e-01
1.794421372566753770e-01
1.866887614447486077e-01
2.232620300698766880e-01
2.335876449512404585e-01
-3.991092471900362093e-02
5.683070395764044935e-02
-8.513000097183059944e-03
1.383179588337629939e-01
1.287302764929081633e-01
1.306119878413891100e-01
3.025401674508846339e-01
2.914765572535498728e-01
7.488382077990560215e-02
4.814683706977304634e-01
4.124629736524559331e-01
4.102249811481510355e-01
6.189838303312580337e-01
5.985668381044857433e-01
6.004228751493250194e-01
5.986046646070709576e-01
7.194270371695572486e-01
7.777419328998761427e-01
9.082052324908794771e-01
7.654115129604741607e-01
6.660928450674246104e-01
8.439941751111785795e-01
8.882122856875740435e-01
3.617898205882624230e-01
9.667230777123171637e-02
3.465502183998600549e-01
2.566952165285394383e-01
-8.191916280080945023e-02
3.323511775098604293e-01
4.333617474340118458e-01
2.735555715222032780e-01
4.007880387642346331e-01
4.573915791456165114e-01
4.884628376749738932e-01
6.231801467027049402e-01
4.332073663836303323e-01
4.921911942461005274e-01
8.689364246737371067e-01
8.321570811837067927e-01
6.561447804954886331e-01
6.581688547218357277e-01
5.739223876271419833e-01
4.748910290067299700e-01
6.903095426563888859e-01
7.161783458048294193e-01
7.270773155086094341e-01
7.751548333687102721e-01
7.449198781194417140e-01
8.708685346174027675e-01
8.854311092630954283e-01
7.708044489659228171e-01
7.872476079152644912e-01
6.938286463747674881e-01
5.202075681268273355e-01
6.402186572775205864e-01
6.127898068276401711e-01
6.938362722297301000e-01
9.136671126155724298e-01
7.468009895232844420e-01
8.003412726544549827e-01
6.014731112204295682e-01
7.660923970857683729e-01
8.875779401814960501e-01
8.806462309351061890e-01
8.637466435679416188e-01
1.256305194813162940e+00
1.204256530027562944e+00
1.253983443425830346e+00
1.141141063488616991e+00
1.220446832575274421e+00
1.158461811963424681e+00
1.003725427500423706e+00
1.079343065354770648e+00
1.197421574247652831e+00
1.141141393180317154e+00
1.025226819079144702e+00
9.666278307745996834e-01
1.081968057937730210e+00
1.057813718298203254e+00
1.335539218629594682e+00
1.198437086966605447e+00
1.292055435923910256e+00
1.207135782181821604e+00
1.183516680127001841e+00
1.085854918909177291e+00
1.022930343723035485e+00
9.935166972686891862e-01
9.904635711212917970e-01
1.084217957115140019e+00
1.248920865545565029e+00
1.432268587334252663e+00
1.414068677608553593e+00
1.197638320724779826e+00
1.209776173162290247e+00
1.349483632285914059e+00
1.601136790687361922e+00
1.567900122444526811e+00
1.543827143653529133e+00
1.429175309688541118e+00
1.328320420273546354e+00
1.492502146163437349e+00
1.766386349746420281e+00
1.869951835322236189e+00
1.695230289639469312e+00
1.699226843499640260e+00
1.536612023399583249e+00
1.359916846766154652e+00
1.287940682701907757e+00
1.351342023834759765e+00
1.433000230814232889e+00
1.210231798431345540e+00
1.239040978964165873e+00
1.421397421322702970e+00
1.239562307166254929e+00
1.425262539233594916e+00
1.352036499446763518e+00
1.492800845199172111e+00
1.625212200412121222e+00
1.072609873256923585e+00
8.858780069064864371e-01
4.864020965214290726e-01
4.531322313317802664e-01
8.515178509051722910e-01
1.183443834037902764e+00
1.529014182630402896e+00
1.213910869533210590e+00
1.290756504765277590e+00
1.122784429774924764e+00
1.293673179974263787e+00
1.323184680913646050e+00
1.372009466290097457e+00
1.422533714149053719e+00
1.185249454557073312e+00
1.044368427540327549e+00
9.831571718737536214e-01
1.164468797627086660e+00
1.275086183102494886e+00
1.375817101182322366e+00
1.505863372090709529e+00
1.401009999162257769e+00
1.431460347283347367e+00
1.599530887951453373e+00
1.554258968615857661e+00
1.600246387092332689e+00
1.749096088927241111e+00
1.607887843876608436e+00
1.502655545556879524e+00
1.849773192739087024e+00
1.837490083655342055e+00
1.598176156531436298e+00
1.476048401297654689e+00
1.464460868737905930e+00
1.380728923145991383e+00
1.274791788362444001e+00
1.309044202549203284e+00
1.140961645901542587e+00
1.358656129379101962e+00
1.238474463241659329e+00
1.266059816551517336e+00
1.159850976072936968e+00
7.064115192774443885e-01
6.362384118714097259e-01
6.891772113704474068e-01
8.120334050319346630e-01
8.816515320894943164e-01
1.057996303735779797e+00
1.026847462596376159e+00
7.415465684917994516e-01
7.232875422060043302e-01
8.486198953419434865e-01
8.969278824256932126e-01
9.971619795601700531e-01
1.160525129278863421e+00
7.506922656669952065e-01
8.395325993667581699e-01
7.355195030651545673e-01
7.342494775883524616e-01
6.930540725257484658e-01
6.029440426497774119e-01
7.289185819969966618e-01
7.772114960570325470e-01
7.585297501279097965e-01
8.640271819246178042e-01
7.342797550258586270e-01
3.850388616196996905e-01
4.432099921998560732e-01
5.385468246172018247e-01
2.117599242617247135e-01
2.010573502668068502e-01
2.490797513742795399e-01
1.939556909899677883e-01
3.113270920147470644e-01
3.867822414785545004e-01
6.782614424327929603e-01
7.318636245773426641e-01
7.203248088673817051e-01
1.001293461981487498e+00
1.048727935754081075e+00
1.117681122206319211e+00
1.095616953101728797e+00
1.119318337010754894e+00
1.146194888658741418e+00
1.000651858199792077e+00
9.886666150998834057e-01
1.193352535840367601e+00
1.065381490072707438e+00
7.271641977818479319e-01
7.003904614016653873e-01
6.962121917544989991e-01
8.846427087756464358e-01
1.051263532792627853e+00
1.288123210899407400e+00
1.172819840410142866e+00
1.257740514979243329e+00
1.610810709412764830e+00
1.668858304283421745e+00
1.434879541475771347e+00
1.108422281205849069e+00
1.136030493477074854e+00
1.079205336940080029e+00
1.195079057675374923e+00
1.237642794884514119e+00
1.516411451596597404e+00
1.690100179822354276e+00
1.901349163427965117e+00
1.745576319719146285e+00
1.866933215269634294e+00
1.856432192189083175e+00
1.713705177310111516e+00
1.694419394891625963e+00
1.863790201399670554e+00
1.677268864597454279e+00
1.396266426954905215e+00
1.341558035916862623e+00
1.352480340457579366e+00
1.161723837934662829e+00
1.090591061279545082e+00
1.194027146635195713e+00
1.144463141367429326e+00
1.308635561277471604e+00
1.558868319829074700e+00
1.514345679198459527e+00
1.662238094987469550e+00
1.796473778029940016e+00
1.772668119327408531e+00
1.720719934176580201e+00
1.808467187902980111e+00
1.795343193441576668e+00
2.174130278623314538e+00
2.113637782968774026e+00
2.081068375122337333e+00
2.096712662778188907e+00
2.104226589322056640e+00
2.272776651010214977e+00
2.432477220006141749e+00
2.422644830800722904e+00
2.503179117581344482e+00
2.301437674905610464e+00
2.071346360742211345e+00
1.931540195077120936e+00
1.897556905320375353e+00
2.002492414537292653e+00
2.104295112596104467e+00
1.989733868092994129e+00
1.945822114962161287e+00
1.877848288073485472e+00
1.909740070946450485e+00
1.904842747381534140e+00
1.797420511032760126e+00
1.627078722249306830e+00
1.583535525448785064e+00
1.706530052608313808e+00
1.697792538368267712e+00
1.553225258925089669e+00
1.434519651631561699e+00
1.403396893656052802e+00
1.442425292847202778e+00
1.562634428856130908e+00
1.586934383534699400e+00
1.755668986174381274e+00
1.609177176075873739e+00
1.679944991982995406e+00
1.662645449200831571e+00
1.531288191199729587e+00
1.665582715420025339e+00
1.774410773297414368e+00
1.608233590704227556e+00
1.436275458785566839e+00
1.229937573088164982e+00
1.157464063147479294e+00
1.186864523942067207e+00
1.168288463903073060e+00
1.131633684814560503e+00
1.408659086758451640e+00
1.599380746111639384e+00
1.554427722221009445e+00
1.727968117299954587e+00
1.685372537912913637e+00
1.848013125771136522e+00
1.828852481755545378e+00
1.745759908264453486e+00
1.600412800034313188e+00
1.507733457711462721e+00
1.458573045574600435e+00
1.479237883864235492e+00
1.442379699875607324e+00
1.141186481195051838e+00
9.443119735715994612e-01
1.036244762543262476e+00
1.091176049968001438e+00
1.226296958176843921e+00
1.265507165970131354e+00
1.263291843594872121e+00
1.193855773946782106e+00
1.269287985000038477e+00
1.445978597452384662e+00
1.374269744458064935e+00
1.141676585531646415e+00
1.237124082652370838e+00
1.236232641550776501e+00
1.456734147760761822e+00
1.523333712374106197e+00
1.513663530819056913e+00
1.361403835076159252e+00
1.097239693505605684e+00
1.104572132778204541e+00
1.243120727789529534e+00
1.104841324830816651e+00
1.142394652620418061e+00
1.142777159607208937e+00
9.823269041769301380e-01
1.055236377236858480e+00
1.188528976894185796e+00
1.186318986565718214e+00
1.201955089257795928e+00
1.325150777262429802e+00
1.475768932325032923e+00
1.585568464693399182e+00
1.729232872467413529e+00
1.791884125958604246e+00
1.746395413161771160e+00
1.653139594968494830e+00
1.546480464037663705e+00
1.669689295493580916e+00
1.854130621140648305e+00
1.896744412080244579e+00
1.800488943435245348e+00
1.748571337087652999e+00
1.796094203832448555e+00
1.617237766637040108e+00
1.789734626224667835e+00
1.787307089660517212e+00
1.545305335432763494e+00
1.420025516421849821e+00
1.515044894831733879e+00
1.467928138998715104e+00
1.471779344498623354e+00
1.479473730654217611e+00
1.470314634683797195e+00
1.637252716494619342e+00
1.624501005924102959e+00
1.624055486660838987e+00
1.693994343418100179e+00
1.672380083365705872e+00
1.570869346118952237e+00
1.549907252142553649e+00
1.460831024431656688e+00
1.492655572886618209e+00
1.366455760648376483e+00
1.219746475715809408e+00
1.442623645265559196e+00
1.528262693710667364e+00
1.487898601903393958e+00
1.364548422104474801e+00
1.441412024710539308e+00
1.453762239711789306e+00
1.472320728837493986e+00
1.346159952433851004e+00
1.276146857345943353e+00
1.098916877959682070e+00
9.248671267391771478e-01
7.788385192565144832e-01
7.414195444526104906e-01
8.747285792749331934e-01
9.079606707672122079e-01
7.458435237889666780e-01
3.876539948409578051e-01
4.155250925408538465e-01
4.319901182212250168e-01
4.164029470702856894e-01
6.039858292611834933e-01
6.342107422900015168e-01
4.929947302198071646e-01
4.327794525437680950e-01
4.632165591705555419e-01
4.839977660383204539e-01
5.025158002452795314e-01
5.739806651405285898e-01
7.293858493204599114e-01
9.441408775830036904e-01
1.095086802257239977e+00
1.104528519759695238e+00
1.195233004500225293e+00
1.198875063212787806e+00
1.114405395729641146e+00
1.233905351854058585e+00
1.230975200393506608e+00
1.352135485096192191e+00
1.140920467394934912e+00
9.138420888315101909e-01
8.681184171028092367e-01
8.385758629172082035e-01
8.612219590752756559e-01
1.071192717036399733e+00
1.053442913787226320e+00
9.008450121440776392e-01
8.567820465964400833e-01
9.493363177526634722e-01
1.139140697694974058e+00
1.292943540144604553e+00
1.480212238230987909e+00
1.581933050591432410e+00
1.646089517154535997e+00
1.571742984547106925e+00
1.711209588685337346e+00
1.595567336254190671e+00
1.427767377701802731e+00
1.564335719782465883e+00
1.480631908215471082e+00
1.389626659129377551e+00
1.491339821765686802e+00
1.462169109894772667e+00
1.261738699174209666e+00
1.304283621983355346e+00
1.242469798613156096e+00
1.274822784514431540e+00
1.356304835034115364e+00
1.359604057274728994e+00
1.416261674868527498e+00
1.472357247816756143e+00
1.400464006798594063e+00
1.444161112957424553e+00
1.484965984092302627e+00
1.353121250832109990e+00
1.351379092603568477e+00
1.470403419060048122e+00
1.680845213080067069e+00
1.698979309109313718e+00
1.722849009330425396e+00
1.772633629992625970e+00
1.811514627720007375e+00
1.798074141191629671e+00
1.952630688600725639e+00
2.006071323167354592e+00
2.038530398771696284e+00
2.049906397234298350e+00
1.963934400330903829e+00
2.034169816256071961e+00
2.088342592472431036e+00
2.132298747217114432e+00
2.178780867774769536e+00
2.160248291727850489e+00
2.240066368879181091e+00
2.259720032066220519e+00
2.242382543680045082e+00
2.078030257170241146e+00
2.008577513520288349e+00
1.913950467264812438e+00
1.899373159616053908e+00
2.006486323518508641e+00
2.109667652367669621e+00
2.246066841333278052e+00
2.290088417454275938e+00
2.323241514933199969e+00
2.354475385847520919e+00
2.335190070322264777e+00
2.324546061509174422e+00
2.197617057684732700e+00
2.218515999158854335e+00
2.140055305685542919e+00
2.344615640636863230e+00
2.273216024943818692e+00
2.104505176027150259e+00
1.958288618822918492e+00
1.783032848553185223e+00
1.816003700393350018e+00
1.725906669000673466e+00
1.691060437365705882e+00
1.762835157374801787e+00
1.669126381010687110e+00
1.596099702551360799e+00
1.636824384003429778e+00
1.605213394284757733e+00
1.793045755324329749e+00
1.914150620478556108e+00
2.009049984818219947e+00
1.896203768748796925e+00
1.843222653445105719e+00
1.683338328068297640e+00
1.537284392305678704e+00
1.475435859011691830e+00
1.617603574517027409e+00
1.616704982997002382e+00
1.598643450436691316e+00
1.531072515008341739e+00
1.315724779062857452e+00
1.222175802900147268e+00
1.208450264773374805e+00
1.221752636492797528e+00
1.321761352716362303e+00
1.209597339545342543e+00
1.351346056904261461e+00
1.335679964063990033e+00
1.368788013145160631e+00
1.302489356604572768e+00
1.265535197905002907e+00
1.179470446184750054e+00
1.123130549907659148e+00
1.076058065369586814e+00
9.939175135977822428e-01
8.193026096813950110e-01
7.849731205438454928e-01
6.336824994065590744e-01
5.202516246618089646e-01
4.547745865198591364e-01
5.226586549154343952e-01
4.385380083983543287e-01
3.969288501659195556e-01
3.207290389363520733e-01
3.674687099545252411e-01
4.876292491564439002e-01
5.042173960599354299e-01
5.562491099576886144e-01
4.581086382778112309e-01
6.043811236021531252e-01
6.890563912172553707e-01
6.290924382755975763e-01
6.742441932483049793e-01
6.783851556927101845e-01
4.916658670523538222e-01
3.707727874409505464e-01
3.284333402695601145e-01
1.444995406873201549e-01
1.364383100675122147e-02
5.556878527965006254e-02
6.179075037399613807e-02
2.088998893969646886e-01
1.808317590152457854e-01
1.417385012386557230e-01
8.364672171143076873e-02
1.901618794758355158e-01
2.014532976858085245e-01
1.022817966757015307e-01
7.217800392828355172e-02
-1.058900437028304775e-01
-3.730475226472933920e-02
5.158350284619342419e-02
9.308774529469676651e-02
1.008702192961134503e-01
-1.098000719041702516e-01
-1.878304367982384371e-01
-1.566711384600942836e-01
-8.524185499147211853e-02
1.016356425883561537e-01
1.578749094052218638e-01
7.085524824272462774e-02
8.802807614863690511e-02
1.084158435626283029e-01
3.578429983690203670e-03
2.279915240313968097e-02
4.979471921001505513e-02
3.474122510191141738e-02
1.127774290072784957e-01
1.830318606999868924e-01
1.120749159127038819e-01
7.168624847079621554e-02
-1.549988205665580876e-01
-3.266410626394028460e-02
4.976516927397113543e-02
4.358855723367577317e-02
9.199235990401273544e-02
1.912308048017453133e-01
1.396721281873767873e-01
7.277209617125546259e-02
2.034968263323678195e-01
7.598043785788287374e-02
-2.000279178054134577e-01
-3.152129942617982739e-01
-2.406087508632827332e-01
-1.488607406889344287e-01
-1.989530908730418046e-01
-2.507323133271628368e-01
-2.847443422581988903e-01
-1.618437626085657000e-01
-3.704554479144653995e-02
7.562846322044133873e-02
9.076596959418611887e-02
2.292746469228068226e-02
5.632280630176925845e-02
2.398771433891058735e-01
3.135637856969862303e-01
3.527644630181552832e-01
3.689283094014503828e-01
3.566208450643359451e-01
4.065002386789337008e-01
4.339560810947182268e-01
5.228685322602762975e-01
6.802669658330339209e-01
6.874418415401857274e-01
7.368511051438670911e-01
6.915736930220253154e-01
6.212727786430147781e-01
6.168761177052966005e-01
6.624981766779612924e-01
6.767405333846168158e-01
6.812265292534563921e-01
6.625158591334132652e-01
6.559096749345341149e-01
7.661281451309237545e-01
7.245540811858082186e-01
6.770208138885003279e-01
6.074669403718512273e-01
6.244532639009143793e-01
5.158413631601740379e-01
3.275834703284872251e-01
3.524498106246009566e-01
3.759922638142785822e-01
3.421727206809773714e-01
3.297016518247712913e-01
2.021417384298559994e-01
2.625984575527530174e-01
3.872269930670233506e-01
4.115681675825342278e-01
4.708093214553239481e-01
7.181134577697442234e-01
6.890507997837509446e-01
6.106452431434241657e-01
6.728904943201635680e-01
7.160501032286058498e-01
7.722543684461751212e-01
9.935235314811399210e-01
8.170236627181015621e-01
7.167776478314892286e-01
7.665521605589499243e-01
8.236881395384400006e-01
7.539600606353251688e-01
6.580290728554533120e-01
7.494508526016046002e-01
7.380998068437804038e-01
6.408001781607229885e-01
4.795512050752531175e-01
4.418024867106316034e-01
4.356046613494389819e-01
4.303161004210173668e-01
5.775266214540936138e-01
5.432795086044373001e-01
4.363039274555922109e-01
5.239719080289128028e-01
5.194480041285211014e-01
6.073781034710681315e-01
8.463074856707710758e-01
1.002909459719789842e+00
1.163505767941137137e+00
1.055159426753889740e+00
9.452475193001786957e-01
9.037739757349709802e-01
9.117779515858731587e-01
8.773219868801369614e-01
8.013164605956083486e-01
8.005445058886534460e-01
8.262486119521000871e-01
7.473982883820027290e-01
7.023292849662072790e-01
8.279584957901874320e-01
7.767725631777216977e-01
8.299635946970003175e-01
7.593570904161074386e-01
9.418375678969252984e-01
1.084800403222922816e+00
1.143261847830289835e+00
1.100342276778974338e+00
1.022429756734408945e+00
1.074998839979248721e+00
1.129636373933996518e+00
1.079734861060748230e+00
1.129877130327781698e+00
1.019474017523967824e+00
9.492703802032527172e-01
9.514145783732487205e-01
9.109051504222390738e-01
8.910084133177060828e-01
9.774233304185089288e-01
8.075670815062756525e-01
8.104701441157611264e-01
7.945299944094433853e-01
6.622136841004923058e-01
5.858806787393783244e-01
7.477459980242593396e-01
6.422909953220297119e-01
6.857074459223402307e-01
7.492895676299579089e-01
7.127858126369597258e-01
6.908387022516322418e-01
6.128841031042756571e-01
6.922135001605420612e-01
7.431967926996880802e-01
6.013585421693078414e-01
5.539691384578514510e-01
6.567141873829107634e-01
6.770256150231489523e-01
6.522920071907136741e-01
5.034359553305455259e-01
5.641224964030122635e-01
7.473827598668439931e-01
7.841507051111591409e-01
8.306150727354852936e-01
7.595997981700228774e-01
7.197736387079665121e-01
7.544222743913737705e-01
8.349569796116104170e-01
8.419098113117819970e-01
7.677246869230268667e-01
8.138646482468419041e-01
9.507757557807366977e-01
1.062008156912947809e+00
1.152803549635470937e+00
1.190296117438598644e+00
1.130416039370262249e+00
1.262874051365613370e+00
1.221720205467228482e+00
1.248263337897112635e+00
1.308891151788251772e+00
1.221332075413065876e+00
1.237678503261038898e+00
1.228230234512321273e+00
1.052396098135696789e+00
1.110506991240235442e+00
1.226908143890509839e+00
1.335321276039293847e+00
1.339020361270400361e+00
1.159983348678795823e+00
1.093579960451692701e+00
8.986795825421824979e-01
1.039283361128321870e+00
1.087166138721608055e+00
1.176191520991503703e+00
1.166246558630416263e+00
1.147227119008259910e+00
1.233663785921668365e+00
1.297441649716707834e+00
1.378348436822695700e+00
1.457641424616675119e+00
1.453627891843212838e+00
1.463622908886526908e+00
1.599046693735525659e+00
1.461482345918717396e+00
1.309161618642870728e+00
1.411905107740784926e+00
1.331194524407675495e+00
1.195410060753075321e+00
1.065199006454444541e+00
1.082013854277221743e+00
1.105493039498103514e+00
1.063881600873061162e+00
1.119405883418473469e+00
1.039092242131044674e+00
9.684584425443202305e-01
9.351181821553724571e-01
1.001757265469419789e+00
9.519355145493548775e-01
9.518059342150336777e-01
8.295649270946692244e-01
7.395929155857748905e-01
8.200293916144484330e-01
6.497946543746265791e-01
7.041319823543150669e-01
7.369166106159446006e-01
7.714108102573133952e-01
6.863987365708020816e-01
6.187312434276359685e-01
5.805211532524217066e-01
7.249116519551088711e-01
7.627281165323958056e-01
7.474737169722465158e-01
7.616393269508461294e-01
7.231197481951716632e-01
5.592672592606314774e-01
6.870419327268967313e-01
7.836413732968173784e-01
7.144512721613431872e-01
6.375343144250869010e-01
6.453303719591143572e-01
6.045424628005072742e-01
5.913593559203980110e-01
5.356388079222607068e-01
6.898902261712474004e-01
6.784875814004744932e-01
6.542688371283718052e-01
7.874563712574934593e-01
5.899438790205552285e-01
6.481099709672711873e-01
6.447840576168568649e-01
6.649697583093477915e-01
7.261153332473005984e-01
8.503652515679916979e-01
8.482143481863426704e-01
7.974626035208145503e-01
5.993635270465933473e-01
4.507952130482605901e-01
5.449493613070909293e-01
6.181764430580988234e-01
6.990321405523522991e-01
8.563706446257685068e-01
7.117063673062058449e-01
6.624535139521549043e-01
4.716378133125048722e-01
3.931205869485882021e-01
4.027114315593797733e-01
5.928055174891958545e-01
5.202866826417875679e-01
6.215356262035962587e-01
5.892743290848536653e-01
6.313226819454885730e-01
6.299557018176121792e-01
7.242650242123103155e-01
6.729933311652021022e-01
7.317431299602776829e-01
7.283255222969144960e-01
6.119406619852694185e-01
6.808167618307262581e-01
4.663974741876615870e-01
3.318533830792333994e-01
3.909074494314457859e-01
4.558335514328790694e-01
4.714361629004414356e-01
3.784871950005738728e-01
2.115961988413027628e-01
2.702149411126844591e-01
1.549576337170069928e-01
1.397582424724692907e-01
2.775264365385352594e-01
2.843860473475676165e-01
2.704246930824498185e-01
-3.573705096497740291e-02
3.092166838308798779e-02
2.176761926276974402e-01
2.823503990518795304e-01
4.117347539109915688e-01
5.585980119317388581e-01
5.154624116300419168e-01
6.157175923826682107e-01
5.569774282802276710e-01
5.626478118356218472e-01
6.790775227094664190e-01
6.242514794933339273e-01
6.233833484900803690e-01
6.854996896415417318e-01
6.485263536737646550e-01
6.263231656055501251e-01
6.788068931577488918e-01
7.814358700751967701e-01
7.393258930704903475e-01
9.441426093730829194e-01
1.045154078795346164e+00
1.157312159747889702e+00
1.246849422568681698e+00
1.251540613158152349e+00
1.336602963702418378e+00
1.346170810808066554e+00
1.254557907829149777e+00
1.386893324680302353e+00
1.554797357165744964e+00
1.592942190410622905e+00
1.743976951444575541e+00
1.650330162682167368e+00
1.664085506669116921e+00
1.827901319067662733e+00
1.665862702724391964e+00
1.696123133924376525e+00
1.667307468417674077e+00
1.596699716221405829e+00
1.705065427668785993e+00
1.815465109302681013e+00
2.133292630790529998e+00
2.139698878308176955e+00
2.288585855903116251e+00
2.388866714527422275e+00
2.225813099851029264e+00
2.062828199573352173e+00
2.047261227373405212e+00
2.035076640805030923e+00
1.907705210133869844e+00
1.977258867774183360e+00
1.959511081964651957e+00
2.034307240552542417e+00
2.002291841225416480e+00
1.967706095140197231e+00
1.962086199662789854e+00
2.074843263601303889e+00
2.055156951158630285e+00
2.038379658980463471e+00
1.993891654546773085e+00
2.005553344073184086e+00
2.065013337640445812e+00
2.027150614003266682e+00
2.084004926591999762e+00
2.046364176145935243e+00
1.919425582271813369e+00
1.803423363238431554e+00
1.776805596516867203e+00
1.644667232165684556e+00
1.618520427509907211e+00
1.524474521165179342e+00
1.458282910304064650e+00
1.474452930627008662e+00
1.562510611632724977e+00
1.785497160360071112e+00
1.798061789120316112e+00
1.700622678065441429e+00
1.681251471950337084e+00
1.717375612037690624e+00
1.579938305566703338e+00
1.652090901595114625e+00
1.630405036701073396e+00
1.592587429572318136e+00
1.620737784154928640e+00
1.543883190082197876e+00
1.544243914268487838e+00
1.548007880003130055e+00
1.605031831468522352e+00
1.520173460745821492e+00
1.357940551643391558e+00
1.317712863414500557e+00
1.522836692825223937e+00
1.642783056036965617e+00
1.710355945311812897e+00
1.622682094906717332e+00
1.584714595979493490e+00
1.584781437113713443e+00
1.501703065505072043e+00
1.637590726091106896e+00
1.463040634442443144e+00
1.528922485794280028e+00
1.576961662710032464e+00
1.714794712767127471e+00
1.870270700184109680e+00
1.863251602633778647e+00
1.752255716432766786e+00
1.596085601951738653e+00
1.614693905817130348e+00
1.687410409577980941e+00
1.582602708203386888e+00
1.615505815701135939e+00
1.518148478210133767e+00
1.617641265193592526e+00
1.630951263383884520e+00
1.697248451133455127e+00
1.806047249749379802e+00
1.944737607417391434e+00
1.841479374747376330e+00
1.881164695365192152e+00
1.777986949595855570e+00
1.802261908030902582e+00
1.791447460404302916e+00
1.709784698112462031e+00
1.787095124249523215e+00
1.778964980605297397e+00
1.708304328957679807e+00
1.849698321477640128e+00
2.002682045008207012e+00
2.084781576235170686e+00
2.216844518914617979e+00
2.224679876487735797e+00
2.242917014572754386e+00
2.142970891878205109e+00
2.219074960260579932e+00
2.290697435730884912e+00
2.323470314148334825e+00
2.223399932380878852e+00
2.265935907160875562e+00
2.280486990624230881e+00
2.188400368830631493e+00
2.024598506548133781e+00
2.072433225510125432e+00
2.163104847946737852e+00
2.062543487205578785e+00
2.097255706326614622e+00
2.233325539386341596e+00
2.248171926738688153e+00
2.107824108370719429e+00
2.071376147045589811e+00
2.050202806431292935e+00
2.150721167238164977e+00
2.125945934322328146e+00
2.019763506841397938e+00
2.077154732954007876e+00
1.986107311618745097e+00
1.808499226224952849e+00
1.795260177797287637e+00
1.901033412475567674e+00
2.066639292247361315e+00
2.081975631039908237e+00
1.980099419921475201e+00
1.851307331518604382e+00
1.871735314517865012e+00
1.799827572970891687e+00
1.826821219339002766e+00
1.819450674690520353e+00
1.893560058238792587e+00
1.647690331074693981e+00
1.566243263334171409e+00
1.627899247394414051e+00
1.726534983937477286e+00
1.791252514762198267e+00
1.908906139234828325e+00
1.939544515579453066e+00
1.813123368131175805e+00
1.769864062474698851e+00
1.760860560751327686e+00
1.686060490591605010e+00
1.616235238790964424e+00
1.695827567527991686e+00
1.689432785201989695e+00
1.884942486221898417e+00
1.842936958974354722e+00
1.954293495762317701e+00
1.991336217071005166e+00
2.009163548780614317e+00
2.058119009288893686e+00
2.146594567167101175e+00
2.122639708165154460e+00
2.142259069823321926e+00
2.159981211306681637e+00
2.076499529995070148e+00
2.052179454206750631e+00
2.062620144316057669e+00
2.001653572642112078e+00
2.144865165675267971e+00
2.127190951095745408e+00
2.067841492303231998e+00
1.998392354770540447e+00
2.000402758141536896e+00
2.086574117062353295e+00
2.160375995817588990e+00
2.132938261176362094e+00
2.298447582799115541e+00
2.185280360011142342e+00
1.996762297034752720e+00
2.063936093707560815e+00
2.096006278315743376e+00
2.148598357883610088e+00
2.102360660549674076e+00
2.063942175230659259e+00
2.135718471310686706e+00
2.209325802626886492e+00
2.322755347176297835e+00
2.355667895251153610e+00
2.259526620681766573e+00
2.299942180279908044e+00
2.306028784054823255e+00
2.223746677017930384e+00
2.257402780509191853e+00
2.210877891766702685e+00
2.155372756568191051e+00
2.188816338784858484e+00
2.214429053036337525e+00
2.242011507023597972e+00
2.220645331127339084e+00
2.219091433091376242e+00
2.285595149357132705e+00
2.354673993520169706e+00
2.415874816823554205e+00
2.311440506982068044e+00
2.154295259255791350e+00
2.074266385710716420e+00
2.050638764880183373e+00
2.123594711062880780e+00
2.067170509938835554e+00
1.945766589252408751e+00
1.913886708249123103e+00
1.792291366966321409e+00
1.875513636614047908e+00
1.938736038024636343e+00
1.871138854285907316e+00
1.864314237066598157e+00
2.063660274621858193e+00
2.030673772092429274e+00
2.050753054989854718e+00
2.128822276483832709e+00
2.126720679456747476e+00
2.126406142774529329e+00
2.115376059822931420e+00
2.248498081666657100e+00
2.084775870271727172e+00
2.011337782264168705e+00
2.081657636994205252e+00
2.136400861921413430e+00
2.129902042517958449e+00
2.141652988420000625e+00
2.140378615694735753e+00
2.073161705328485649e+00
2.040149681591261643e+00
2.200644801368725645e+00
2.333166791842117505e+00
2.392057121047880930e+00
2.363170557061157862e+00
2.418404412764489919e+00
2.507083593536468147e+00
2.430454513161480978e+00
2.434849971397739843e+00
2.408435303086234214e+00
2.540012695441070001e+00
2.480703336520890367e+00
2.509813400697280539e+00
2.429833479408571861e+00
2.473379432420335089e+00
2.327118629101630809e+00
2.166906016052950079e+00
2.097938256977060156e+00
1.997880529168548414e+00
1.963941683698497531e+00
2.010728745984075250e+00
1.937003491837606894e+00
1.842655461709016285e+00
1.847659410891242526e+00
1.813804341093638639e+00
1.889839929734447699e+00
2.050016386177648364e+00
2.070763576550378904e+00
2.012830096235421085e+00
2.067268746773851085e+00
2.058744330943046208e+00
1.996633115197139707e+00
1.929273901355460508e+00
1.959715200270859548e+00
1.801145276258936612e+00
1.634576999281331267e+00
1.460415112501836088e+00
1.542996722883560823e+00
1.475606581645699134e+00
1.429833002831100597e+00
1.481799865915569114e+00
1.568176305290568173e+00
1.791574746645746785e+00
1.798398224908085430e+00
1.706498950724384844e+00
1.712006954070266707e+00
1.670247056020963905e+00
1.588907210931753911e+00
1.434855527855891655e+00
1.308786387103844540e+00
1.257038000157791657e+00
1.191165278496245206e+00
1.340400206856581455e+00
1.379909158020311333e+00
1.408539202538037660e+00
1.463809729287669947e+00
1.372474770868410188e+00
1.420165304923063143e+00
1.371777766242146868e+00
1.365327485674518782e+00
1.305413245441259695e+00
1.186076281905535268e+00
1.064206690980262771e+00
9.728884070640846371e-01
9.659275433201174321e-01
1.034000999886274919e+00
1.065077678280110129e+00
1.045188787259822449e+00
1.180463061364322108e+00
1.285917567030992137e+00
1.144786493769039515e+00
1.080626240026627327e+00
9.145482421156189146e-01
1.039156028451341474e+00
1.158833561283148406e+00
1.196093701199331782e+00
1.139762383557014536e+00
1.170821749220517738e+00
1.222163012268627558e+00
1.362019621461600272e+00
1.403480584849585266e+00
1.533628790526674557e+00
1.522589325134333649e+00
1.448431613315249278e+00
1.416850300072552082e+00
1.388462260622325584e+00
1.331119043724323658e+00
1.479015088566788094e+00
1.568553146619364069e+00
1.458515679696258616e+00
1.486006399609631323e+00
1.583845537038816476e+00
1.554382375593697407e+00
1.622616662517083919e+00
1.518513937053735718e+00
1.454409034725001826e+00
1.513360808422053339e+00
1.510352992647513437e+00
1.560105648693066449e+00
1.654063127409933776e+00
1.634264563574779450e+00
1.598019849002364934e+00
1.530005595023093745e+00
1.547676861903447776e+00
1.521692824372307795e+00
1.502892042981583076e+00
1.446083469463115057e+00
1.497200619822345091e+00
1.438505589844645938e+00
1.493091161866118455e+00
1.451947624778389345e+00
1.503962745830585979e+00
1.548134578997823807e+00
1.565068320713221217e+00
1.595724057877748514e+00
1.533140353970540382e+00
1.377899095490540571e+00
1.391052006288588050e+00
1.419616662147170416e+00
1.408171996235660695e+00
1.407656801684221692e+00
1.330566205582366379e+00
1.197149251033858386e+00
1.100545352718966141e+00
1.211801420719154088e+00
1.324417747168863846e+00
1.424487872876216477e+00
1.425397834588169710e+00
1.396113869173488231e+00
1.460837794197289874e+00
1.576577546712750966e+00
1.581582164609197649e+00
1.554397145019147608e+00
1.501109642044662351e+00
1.492345514401054452e+00
1.551090828086892248e+00
1.672084979159674578e+00
1.697201083711050495e+00
1.621847795023781735e+00
1.587792677806915798e+00
1.618041023934248424e+00
1.719750662281549047e+00
1.800522469454969077e+00
1.811885486201594953e+00
1.747445060312542431e+00
1.712297509513301730e+00
1.837682097349434995e+00
1.873360994823623171e+00
1.992366374884944058e+00
2.020243168970640824e+00
2.052469950235159768e+00
2.055188340653179679e+00
2.159597812510340553e+00
2.273174073605281453e+00
2.219935485802968955e+00
2.071384895675654647e+00
2.102196890889642233e+00
1.992186679497094159e+00
2.020967106844964611e+00
1.986644993477586052e+00
1.948760383764946313e+00
1.916432096488144943e+00
1.818186877266538604e+00
1.621826055835373648e+00
1.566197601907243220e+00
1.620921884507916966e+00
1.610629777412409869e+00
1.657029905822951399e+00
1.660990891015476922e+00
1.702388005652650804e+00
1.532910438257292229e+00
1.379134745671780848e+00
1.362135818797629128e+00
1.514233527838072746e+00
1.541556386986007388e+00
1.552478531820717933e+00
1.414510091262564107e+00
1.478963786628948007e+00
1.495429243923893203e+00
1.522756768737338895e+00
1.474332536313159858e+00
1.493230928057794671e+00
1.460973483846579990e+00
1.624857661637105100e+00
1.691832795829407710e+00
1.597596746034325443e+00
1.597657992527182325e+00
1.448639799793658645e+00
1.246343509949744188e+00
1.205598007167926422e+00
1.145975725532991429e+00
1.092910665336066733e+00
8.838611645797301852e-01
7.618164176375235019e-01
7.435978190688676825e-01
6.631025210928029878e-01
7.323461757779216041e-01
7.887550564384750995e-01
7.759362808007517209e-01
7.318616477672839071e-01
6.785998164926573262e-01
7.415168502635509640e-01
7.798433645272093706e-01
8.498147956105849277e-01
8.127989999067842808e-01
8.514800988895987466e-01
7.822807798647910538e-01
6.515873792428382716e-01
6.406955865347531143e-01
6.535495800069367478e-01
6.370981822861576660e-01
4.950911047244289098e-01
4.406758498835823823e-01
4.294854310344315418e-01
4.660438461566744905e-01
5.010745100679719899e-01
3.976156770830521214e-01
3.649994346331432715e-01
4.935047165788108425e-01
6.248160209321204084e-01
7.482405147020885217e-01
7.889490893732750143e-01
6.931188966903351067e-01
7.264297163909380073e-01
6.189667116863079022e-01
5.773813204645948938e-01
5.699211208700426523e-01
4.849186248145248568e-01
2.891662108943547915e-01
3.252013157632462903e-01
3.144884234561068914e-01
3.048471466783062023e-01
3.089246611661219388e-01
3.672974948125083405e-01
4.191077512482743739e-01
5.012757620699341832e-01
4.231489346487130043e-01
3.421893232613376079e-01
2.441456874122137632e-01
2.112773185372029960e-01
7.636580939315579242e-02
-6.477115756184637085e-02
1.148455304444318953e-01
1.068633865953413919e-01
1.325328204385559927e-01
2.245108644870921211e-01
3.125931255057488589e-01
4.020725714800280626e-01
2.976771194884431093e-01
2.043486285256620461e-01
1.741475502341606196e-01
2.605980327769356064e-01
2.312046616502056451e-01
1.682830234450370110e-01
2.027520755902667837e-01
1.970895853726304936e-01
2.168927042998505528e-01
1.619204542047910644e-01
2.752443357700177454e-03
-1.064360737119740552e-01
-3.684950245648274669e-02
6.745372019109417694e-02
1.067847024861422883e-01
6.186969055295651193e-02
9.332154857900085143e-02
2.332800706410766978e-01
3.113466436681062155e-01
4.009974791969749264e-01
1.697237405171903024e-01
1.586736786753112916e-01
2.975158188783588731e-01
2.835027283094188055e-01
3.058417109894638886e-01
2.957608638889641650e-01
3.881064769426253447e-01
2.994458422306721657e-01
1.799197564400142890e-01
2.253420995177801145e-01
4.133180098033575334e-01
3.691925946169342110e-01
3.446948977339143183e-01
2.191018126646600006e-01
8.223072068404436996e-02
2.150806622844042559e-01
2.560383465390965729e-01
3.081742199823221950e-01
2.404662038269482771e-01
1.956525872677154429e-02
4.671803443418849622e-02
6.029580163867213731e-03
-5.524610900170815603e-02
-5.801362811632293504e-03
1.206874657390128308e-01
1.507012704789075230e-01
2.283223814994392031e-01
5.114969487925000169e-02
3.177946990556229179e-05
1.738037010113061831e-01
2.036240785311903001e-01
2.605396277258192374e-03
-6.370063478917430480e-03
-3.181433847167516177e-02
-1.069045372386821652e-01
4.026427223160865612e-03
1.092539396343211316e-01
1.116664101563310217e-02
2.373295981911178187e-01
1.999435740306594045e-01
1.539473612364598287e-01
3.273467111945490560e-01
2.525876076587869057e-01
2.272826045110748483e-01
1.253008896393220384e-01
1.006007243210220586e-01
1.296574031406124705e-01
-2.527306550647454280e-03
-6.943950118871325405e-02
6.330682085938083015e-02
-8.991873454452231629e-02
-3.397817676589688640e-02
-1.705985706354076203e-01
-2.922645821413156764e-01
-3.289699105832868953e-01
-3.724168680418106225e-01
-3.743161412049123005e-01
-1.447498566409904930e-01
1.227595807221522860e-02
1.203799622763651461e-01
1.165453434421876294e-01
1.273620460751793138e-01
2.264226419111964039e-01
1.815696631755103763e-01
2.057625251407720623e-01
5.858839836495523257e-02
-4.571206758080612054e-02
-1.095333180995017031e-01
-2.493426653279451344e-01
-3.318326330453543749e-01
-2.662944733618702320e-01
-2.193500276526346437e-01
-1.518338917485030914e-01
-7.890590500425462284e-02
-9.919523505828396065e-03
1.181938289945442047e-02
-2.686999705998924584e-02
4.383322153672584293e-02
-2.873003282011706017e-02
-5.439032808883684234e-02
-1.509642579712268673e-01
-1.287767569485872288e-01
-1.428537809406119630e-01
-2.204881401833461707e-01
-1.644202895650878626e-01
-2.343187951737984998e-01
-1.489807422150714877e-01
-3.596269100786761985e-01
-4.591650528675103593e-01
-5.932412500280920264e-01
-7.091947356365272404e-01
-5.302024423797094821e-01
-5.743808302613142569e-01
-6.122601628241857163e-01
-7.357821114228946247e-01
-7.091241681861766288e-01
-7.752920659336653975e-01
-8.082652774198747503e-01
-6.614555703477225101e-01
-5.028730233159022234e-01
-4.307367610073437048e-01
-5.271924754885776165e-01
-6.578614268634054296e-01
-6.107707329090266146e-01
-5.568230874328261581e-01
-5.453411060564969937e-01
-5.179866411640570156e-01
-5.666730503277784825e-01
-5.825235707041951372e-01
-8.523202764511853546e-01
-8.198309479694514401e-01
-7.725365736714194798e-01
-7.925466603618167571e-01
-8.086777192994093477e-01
-7.764734930586182360e-01
-8.183439199733799629e-01
-6.917962602713219056e-01
-6.654295322514445221e-01
-7.672724571096917190e-01
-7.307115820752283497e-01
-7.610358141402087107e-01
-8.197660130547826940e-01
-6.902591891314082684e-01
-4.549560267894394716e-01
-3.742747197365556833e-01
-4.108988915344551907e-01
-2.903827834613576520e-01
-2.325317318328066762e-01
-2.533613160588308877e-01
-3.371482272273462200e-01
-4.604904991569015449e-01
-3.496562940648712536e-01
-3.975295987750564475e-01
-3.763743089420865662e-01
-3.843190984694923595e-01
-5.046301175555016894e-01
-4.908597087764479117e-01
-5.209017625135159424e-01
-5.621170696224880858e-01
-3.928150414225856091e-01
-3.932261738097033721e-01
-5.883152058808023277e-01
-4.887918792838404913e-01
-3.554770319323750649e-01
-1.806443115567624436e-01
-1.254749087402790286e-01
-1.961355902497018411e-01
-3.244131471633203700e-01
-3.112902714865206089e-01
-2.775530123808115923e-01
-3.331426142681995772e-01
-4.257059509529379504e-01
-3.821236756005595425e-01
-2.892079085543861061e-01
-3.923072240390681475e-01
-4.641688607672916356e-01
-5.246403448165889438e-01
-5.020062272507442858e-01
-4.195722130643781411e-01
-3.029560048646582349e-01
-4.064094943331381105e-01
-3.973206313569528358e-01
-2.649180478076886280e-01
-2.326600275789815209e-01
-2.916341838292066391e-01
-2.491696610665988521e-01
-1.890311712316262716e-01
-2.730561593605844162e-01
-2.924064508880555024e-01
-2.703223282291974394e-01
-3.429780043535470280e-01
-3.185152996968309558e-01
-4.122833922778895710e-01
-4.979982964970124382e-01
-6.039572316840031707e-01
-6.210725512465331555e-01
-5.833688721563795587e-01
-7.288995944852424413e-01
-7.980902319879512596e-01
-5.917873256750636468e-01
-4.472438786340549033e-01
-2.917357675284252827e-01
-2.551518762634221171e-01
-1.273398998024797280e-01
-1.353719792870985983e-01
-1.435870191210366353e-01
-1.388875730674142828e-01
-3.589370958859867122e-01
-3.263315255333998355e-01
-2.980977900211103648e-01
-2.204369764121945907e-01
-2.164164670885078412e-01
-2.731724130166320319e-01
-2.642107779697465686e-01
-4.216614708639171427e-01
-5.381907063327474594e-01
-5.128023964435547422e-01
-3.342391709044123527e-01
-2.332199974493456007e-01
-2.081737586856611533e-01
-1.435663732511576786e-03
-5.460641520766658374e-02
-1.895808705070641254e-01
-2.274793516315386233e-01
-2.816327410811337306e-01
-4.107445267985087578e-01
-5.321660760626778508e-01
-5.352875905694156611e-01
-4.277173999490739287e-01
-3.720109865836087604e-01
-3.859785726726905342e-01
-3.242682054123936508e-01
-3.436595831904727394e-01
-2.844686319981465372e-01
-1.775605547799710693e-01
-2.273540971497375052e-01
-2.257972963101593511e-01
-2.612540558837557758e-01
-7.099020580962812910e-02
-2.925017059608669284e-02
-1.172906196625216335e-01
-2.061344365849963056e-01
-1.748660725035072749e-01
-1.166520306097219156e-02
-8.487362776982146362e-02
-1.237130611847548356e-01
-1.101485205539727841e-01
-2.221978433170259115e-01
-2.963545159850492494e-01
-3.310013002613116928e-01
-2.748170301965523477e-01
-2.738399061606151541e-01
-3.478160294595382118e-01
-3.455795821935874201e-01
-5.800270289241721278e-01
-7.366739883742966510e-01
-7.133885832796755810e-01
-8.573165418656448766e-01
-8.310436084817313107e-01
-8.371474452766147767e-01
-8.735675007222560851e-01
-7.474150439985040029e-01
-6.846016925675375564e-01
-4.221523511798981887e-01
-1.977693741528371019e-01
1.178702111056755680e-02
4.160499678055042116e-02
7.127253376683256869e-02
-5.105074825817085271e-02
-6.089251295306647577e-02
-1.484643779182946988e-01
-1.724018578561354320e-01
-2.021568446394498841e-01
-4.116743672058945647e-01
-3.915338323831968337e-01
-4.613956686627255221e-01
-4.040397263797902427e-01
-3.893082434727632712e-01
-3.277004971294257829e-01
-1.774452900068611561e-01
-2.207723943413710324e-02
4.348433471421010721e-02
2.045168579612624549e-01
3.707002726314641561e-01
3.663873085203183111e-01
3.928543735124849778e-01
5.555571657374051009e-01
6.518977949978831399e-01
8.059515450587666496e-01
7.062691134029353002e-01
5.723169093561200071e-01
5.236330591240422327e-01
4.963185364935076560e-01
4.386039490822244979e-01
4.289715425128817206e-01
3.353539355489463247e-01
4.482339315497841925e-01
4.349498203112209804e-01
3.047899278581034377e-01
2.276835061481728151e-01
2.452667304125725756e-01
3.047596243855585363e-01
3.819254933594707357e-01
4.891629177552092589e-01
4.110806778222950708e-01
2.425544090704475908e-01
2.790466112345139083e-01
4.113105473920093402e-01
4.129524320706222662e-01
3.383271411840590992e-01
2.306095424693729301e-01
8.927196863728263654e-02
1.388753304787167242e-01
1.967075035000431238e-01
3.181039374773697026e-01
3.611340228676376274e-01
4.883168755339562517e-01
5.059031131174014373e-01
4.116243566594394165e-01
4.531917210606573598e-01
4.358776283547826647e-01
3.402657968890471785e-01
4.301762883816502292e-01
3.962980918434369504e-01
3.740561903717332659e-01
3.195118879190472216e-01
3.956416688453187613e-01
3.698543014206403523e-01
3.579621430755568490e-01
2.465451979406481087e-01
2.270990182740506569e-01
6.792985900964404467e-02
5.655537735723592530e-02
1.106441953694879271e-01
-2.098623652638890395e-03
-1.112455580836832492e-01
-7.907738470785455331e-02
1.650748620372700648e-01
1.114243450639516991e-01
8.815426329325842802e-02
2.537454276091989369e-01
2.190556249279856926e-01
1.785112302026389541e-01
4.171335430854217902e-02
2.422923601598124810e-01
4.873258911619296474e-01
4.043777573843388984e-01
5.432038910116676611e-01
6.085080302894125825e-01
6.253633555750653938e-01
6.047025472583783534e-01
6.397357107758018246e-01
4.912278742293075262e-01
4.432697197067174688e-01
3.320348756329913886e-01
3.057333599722950601e-01
3.483342416070810965e-01
4.238050148357145330e-01
5.744067408611256420e-01
5.807060076668154602e-01
6.846572996342913386e-01
7.991174447718455420e-01
7.670505724624058219e-01
8.770478862590417313e-01
8.837598766903036474e-01
9.758342809997001543e-01
1.075381029461608184e+00
1.153430454619342349e+00
9.913898754125851642e-01
9.031757341341786205e-01
8.686515381498155497e-01
8.757336721069707286e-01
7.462493125389263460e-01
8.379511440254868715e-01
6.929750447303687499e-01
8.475231916787548947e-01
5.830337582602540536e-01
6.106823590437964189e-01
7.304296920603250420e-01
7.800082773510742529e-01
8.525209156199097249e-01
9.109948176564819367e-01
6.855023176164122267e-01
8.929938604884510855e-01
7.780185748965074977e-01
7.222877075588221008e-01
5.204716577022450164e-01
4.536350134142332902e-01
5.327466195105691193e-01
6.290303069332936481e-01
5.396763731924685281e-01
5.936514199271797354e-01
6.125682223384413261e-01
7.023209050601845194e-01
4.195049964303350643e-01
3.917369981042065352e-01
2.944432153086162240e-01
1.465583046894912422e-01
8.613205098989072661e-02
1.813200840401796021e-01
6.702427534876870263e-02
1.744391515036135543e-01
9.839386060771612708e-02
6.126298554619053621e-02
7.957111070875742820e-02
9.002304464216609459e-02
2.167278459403103597e-01
4.436599332021978204e-01
4.816019898077252837e-01
5.522027280371452074e-01
5.183516220202466496e-01
4.457524046771353388e-01
3.590592504318036449e-01
4.721232662832047233e-01
6.612730068464873767e-01
8.142612241039629550e-01
7.604246357948262203e-01
6.961955664814564182e-01
6.889086346201301891e-01
3.898905240451500109e-01
4.596063260362039937e-01
4.916906357005021988e-01
4.439414046551960480e-01
3.575720144462911643e-01
1.370970498984546149e-01
1.771096253257887776e-01
2.655232113287854800e-01
5.617182069860550131e-01
6.760391085298230740e-01
8.352910020733710361e-01
9.098592199578477979e-01
8.420019099221742742e-01
8.157164801079201943e-01
6.689390867715321320e-01
6.722955384315759675e-01
7.904411013084837734e-01
8.174159926293663725e-01
7.783029718589948853e-01
6.793557835889788565e-01
7.532251715772413370e-01
9.490969631291952258e-01
9.480775272438370926e-01
9.037880591713027822e-01
7.387054677247477663e-01
6.030541207826664030e-01
4.667937535397471693e-01
5.306960067614600041e-01
3.837752005352790263e-01
3.884651977474641860e-01
3.982559727612976497e-01
2.424119011325923667e-01
2.556211057906973561e-01
1.395082096177290842e-01
1.717114104913395126e-02
1.452851747042437254e-02
2.483857968770318836e-01
2.167686108297828818e-01
1.531914757495290713e-01
2.108624382816271792e-01
1.958675493380006294e-02
-5.867944794749169191e-02
-1.204314541786033199e-01
-1.480056969553422419e-01
-3.383125655380913033e-01
-3.544628519372324260e-01
-1.221439724506877683e-01
4.967821785795804163e-02
1.256337874158219570e-01
1.045089645092009273e-01
2.187753860039258480e-01
2.840213646891250887e-01
3.738783219648891820e-01
3.922633174359125285e-01
4.273943828857463267e-01
4.725344067174306328e-01
4.911208272122380980e-01
4.238708446889645765e-01
3.357399985086315097e-01
2.704658449018733091e-01
3.299468627114696823e-02
-7.183178850166939411e-02
-1.776648283633102399e-01
-1.480560759980837637e-01
-1.575958319129424634e-01
-2.008832731455363618e-01
-1.763024685844076234e-01
-3.320869557964563068e-01
-4.806599552103543171e-01
-5.230905037530606538e-01
-3.993487796096086284e-01
-3.408458475985956526e-01
-2.680494910505170081e-01
-1.580907537297479293e-01
-1.371976685178379896e-01
-3.689871527580738664e-01
-4.766261418926441285e-01
-2.369436815247148720e-01
-2.269527775447997830e-01
-3.345809864369040376e-01
-2.016928254756532868e-01
-2.084960988568799189e-01
-1.759107123609527090e-01
-1.700585715679916454e-01
-9.269326403887287458e-02
-1.657067672388147506e-01
-1.630923945269931452e-01
-1.836758724769082252e-01
-1.413732112875409341e-01
-2.546376325064110824e-01
-3.817028444859748570e-01
-3.169832109350472216e-01
-2.869093974161474048e-01
-1.586122228078287733e-01
1.394263630029868861e-01
3.514464932092326022e-01
4.387462339298170977e-01
2.931155042019837897e-01
8.292596131075567756e-02
2.670568386786035045e-02
-3.355916443339978031e-03
-6.015687326689000969e-02
-2.758639434879967683e-02
-1.660825047503376173e-01
-1.379733612923563502e-01
3.724086265709835447e-02
2.346391163731979812e-01
2.215674633845089725e-01
3.250408184239652609e-01
2.783975064863503657e-01
3.499068805075340460e-01
3.237744012171488439e-01
2.853793776840946594e-01
2.105041427629993633e-01
8.611569903150528837e-02
3.809599081357495365e-01
4.532691399631880169e-01
4.833565657921252146e-01
3.984719964976635165e-01
4.686743360826364224e-01
4.990923252055616266e-01
5.838775779989126002e-01
6.424597020448443718e-01
6.126283656972970615e-01
5.341889007854895288e-01
4.552227193149782636e-01
3.591033272891993589e-01
4.170288155146851250e-01
4.513024036419637786e-01
4.421448937802365253e-01
5.453072774155737212e-01
3.563856599581946005e-01
1.682825713473433127e-01
2.176858955440901522e-01
2.384891025659753583e-01
3.260492156080003756e-01
1.952734542961794273e-01
1.937100977411116975e-01
2.032231566402848688e-01
3.495395149320577044e-01
3.016645283527752408e-01
2.713173044500819531e-01
3.338323304386728307e-01
3.404886918587350930e-01
4.346989668202193569e-01
1.485704698551991165e-01
1.997337092614764609e-01
2.496667612793297408e-01
3.905819057343407064e-01
4.293636606548125179e-01
3.376065844275736860e-01
3.753706695179975794e-01
4.717548568876249182e-01
3.514344207657709163e-01
2.711396246193840676e-01
2.244780525711872199e-01
1.138734763439360337e-01
1.939562836160417247e-01
1.321823725631814939e-01
2.456604534541033391e-01
2.190590868287446980e-01
2.637035740281927776e-01
3.611865068766822451e-01
4.157033781467918687e-01
2.690685430996540561e-01
2.304942021181027589e-01
2.285095874667903149e-01
3.150163406547419886e-01
5.867710816518085792e-01
5.668011362126924579e-01
6.558975206108373923e-01
8.070094806036044455e-01
9.795353576780603255e-01
1.005648342050701194e+00
1.130961145931198564e+00
1.119107885754459186e+00
1.135662883569310333e+00
1.203195370898923366e+00
1.325740997071968907e+00
1.412331189807281229e+00
1.447858819879570103e+00
1.320940872130848875e+00
1.207873945417333506e+00
1.017281712164316065e+00
8.732201184656847026e-01
6.729221528678913655e-01
4.059213018568639253e-01
2.466940128744845862e-01
2.051835044851680889e-01
1.830932806181406192e-01
8.014747733548056949e-04
-2.796883643301271635e-02
-1.317679880682753879e-01
-1.994035184029055996e-01
-3.101517464599846674e-01
-4.506887703369624742e-02
5.210240247999610441e-02
7.097901757701667591e-02
-1.194140864443314076e-01
-3.006667327375769361e-01
-6.680113627053209102e-01
-9.519846734048269532e-01
-1.111065217493579338e+00
-1.171884257483802871e+00
-1.163338374243704454e+00
-9.618455217532549950e-01
-9.099667099636827849e-01
-9.206909581362986428e-01
-9.601180400217992350e-01
-1.056156003676979260e+00
-1.228735879280547172e+00
-1.355147531279882411e+00
-1.340909220034874227e+00
-1.263810301935803571e+00
-1.235371557864523018e+00
-1.338476408814002205e+00
-1.391702920387255071e+00
-1.508035516493905881e+00
-1.309575963182730618e+00
-1.202575532114034784e+00
-1.227618573493211462e+00
-1.313776319956103666e+00
-1.056383807690429277e+00
-9.274862995928236931e-01
-9.535049910443397225e-01
-1.034264943712460916e+00
-8.536039380090807427e-01
-8.178720966513269852e-01
-1.007919268271803226e+00
-1.134796306206186989e+00
-1.096773280368925629e+00
-1.266663363754222393e+00
-1.374989317078692874e+00
-1.222556202647312462e+00
-1.245138529171645914e+00
-1.364179212462293123e+00
-1.465869499406514231e+00
-1.616766001506059425e+00
-1.555894760803148147e+00
-1.599704991182331559e+00
-1.724091016710556978e+00
-1.792253963908811754e+00
-2.063246010319627732e+00
-2.148244614197842850e+00
-2.003785820390079575e+00
-1.908296937435724372e+00
-1.934904726884029147e+00
-1.845305904767445382e+00
-1.715461660361529361e+00
-1.622832526174513790e+00
-1.547929486445569713e+00
-1.771270160851774023e+00
-1.744316021433449215e+00
-1.930910725226057556e+00
-1.908170593621517641e+00
-1.753716593188792583e+00
-1.737193361221409660e+00
-1.623763840289026650e+00
-1.591243407298942536e+00
-1.496315365000464137e+00
-1.304940515672694978e+00
-1.195104064238319053e+00
-1.299647005575938596e+00
-1.275027420930215261e+00
-1.381638852184392752e+00
-1.662019056128360317e+00
-1.851402264349716775e+00
-1.542725299442646358e+00
-1.597059174018226502e+00
-1.595923002792098755e+00
-1.814381717459883303e+00
-1.743526130050957024e+00
-1.722779614590665753e+00
-1.835310038227271123e+00
-1.809511143077030759e+00
-1.786901376856020685e+00
-1.652140675776678780e+00
-1.654449506906245482e+00
-1.938297418954465057e+00
-1.812044197922920263e+00
-1.724725665790264317e+00
-1.776451018765652590e+00
-1.684799016616121747e+00
-1.673173988443620530e+00
-1.652639342513353871e+00
-1.692757540905544422e+00
-1.717231171523152744e+00
-1.713481800194222471e+00
-1.761205035160866128e+00
-1.693658503784785108e+00
-1.675030357210931298e+00
-1.750780655732635971e+00
-1.769177015930348373e+00
-1.692962007598813434e+00
-1.725202519470874885e+00
-1.845772589273191322e+00
-1.871571364293291406e+00
-1.966162163279698394e+00
-2.205750916584413801e+00
-2.325943905609221929e+00
-2.301870503003892399e+00
-2.372137662525239499e+00
-2.500174754236439423e+00
-2.287378609531850238e+00
-2.198402715917406436e+00
-2.220438139981522507e+00
-2.120127106599704270e+00
-2.059395871542899936e+00
-1.974852873945421416e+00
-1.930902979597815650e+00
-2.157941923511288884e+00
-2.278941329208838074e+00
-2.270985553514900612e+00
-2.169631259646241705e+00
-2.178209672155088317e+00
-2.179284088323037771e+00
-2.169147454679626108e+00
-2.240523153066964479e+00
-2.089812486215313125e+00
-2.036788003735289898e+00
-2.143473991048471916e+00
-2.215852062962754054e+00
-2.244440002489135111e+00
-2.142282512419156681e+00
-2.169190826131060401e+00
-1.990015447618624034e+00
-1.908197166108234200e+00
-1.781341960998082508e+00
-1.976705061706299782e+00
-2.052109032145200906e+00
-2.247376083135685043e+00
-2.393415574779490740e+00
-2.416644886816298410e+00
-2.379352172976830548e+00
-2.478832404447901983e+00
-2.619391666351851278e+00
-2.838866776912393863e+00
-2.921282025087877265e+00
-3.062316363779109096e+00
-3.175777267975389062e+00
-3.306102982648818855e+00
-3.182517145264224023e+00
-3.320921981230672504e+00
-3.454751982645126951e+00
-3.414680864301877339e+00
-3.411495244019262962e+00
-3.348670626376890169e+00
-3.293763364705189378e+00
-3.180916878019321103e+00
-3.286245723983737932e+00
-3.258329033116813545e+00
-3.169546136620740029e+00
-2.971517372492674447e+00
-3.039192102605052348e+00
-3.085245363516519568e+00
-3.001794407310126367e+00
-3.042173812210304362e+00
-3.240763088156197735e+00
-3.129554573557563835e+00
-3.130110050186169612e+00
-3.326172902254282526e+00
-3.301435958669832971e+00
-3.333112503665560666e+00
-3.305655281341977503e+00
-3.359902205994854896e+00
-3.177344360667559098e+00
-3.140774142069304276e+00
-3.036466756948312362e+00
-2.916941104213953917e+00
-3.096276531395757203e+00
-3.217385471234292194e+00
-3.162500207383327488e+00
-3.346330170291623496e+00
-3.501382741580702618e+00
-3.566082078617037077e+00
-3.538739788617723647e+00
-3.722527319643014643e+00
-3.856561208458629153e+00
-3.829767157005636857e+00
-3.850430561575996613e+00
-4.155081353140326783e+00
-4.080153167640649947e+00
-3.901923373808410034e+00
-3.810041461409019004e+00
-3.749901035738526733e+00
-3.734369465259814280e+00
-3.689635610365383567e+00
-3.938954921149944610e+00
-3.941407824068920984e+00
-3.986154185290304852e+00
-4.002813341359465760e+00
-4.134390262130549942e+00
-4.234818992217807221e+00
-4.154356246821230059e+00
-4.143460616134406749e+00
-4.317766154171390980e+00
-4.269077247505687289e+00
-4.079866973002741481e+00
-3.968896458396849347e+00
-4.242280317116907895e+00
-4.289159768401183292e+00
-4.315978931180352696e+00
-4.450146741276498119e+00
-4.328469364352490523e+00
-4.536638703017644936e+00
-4.599353478052372601e+00
-4.599202926204136510e+00
-4.374859656142233710e+00
-4.479920336834321226e+00
-4.508489077533811340e+00
-4.557512437187723364e+00
-4.272424593038818053e+00
-4.243372977853438144e+00
-4.110043188948634629e+00
-4.236017515781664855e+00
-4.101759813030491308e+00
-3.932755573091982981e+00
-4.003713596763071259e+00
-4.072306459394970268e+00
-4.007188696314880616e+00
-3.884355517271421032e+00
-3.925031873994708764e+00
-4.024409562307939225e+00
-3.959772120851976052e+00
-3.852257375745646417e+00
-3.832888188909125304e+00
-3.719854494746005269e+00
-3.781415185840439008e+00
-3.905688870835087645e+00
-4.055855484666654576e+00
-4.168153902097412100e+00
-4.117410604313034739e+00
-4.073366658439510957e+00
-4.189373110438194381e+00
-4.335919880446387431e+00
-4.273351435073308835e+00
-4.176176111342330799e+00
-4.197594997345271750e+00
-4.148627210887032568e+00
-4.141207468514157775e+00
-4.192849327597829578e+00
-4.151130629447960629e+00
-4.122688986241219489e+00
-4.269043353691278853e+00
-4.369686689447544126e+00
-4.388934486645021060e+00
-4.421228576502453045e+00
-4.443942372280518249e+00
-4.555424900542330846e+00
-4.394245469231458756e+00
-4.204621616917909144e+00
-4.117230206240886758e+00
-4.162498892627234603e+00
-4.229508820598590901e+00
-4.120243430065436918e+00
-4.065645636671461283e+00
-4.005452417518695185e+00
-3.902959888168780367e+00
-3.980457822839603033e+00
-4.241371911129705907e+00
-4.087158927976245693e+00
-4.062652492092251322e+00
-4.073786463085427023e+00
-3.986445457038099605e+00
-4.008498953390828845e+00
-4.044981485416172085e+00
-4.034848069796911574e+00
-4.081153962770065036e+00
-4.044740753359794994e+00
-3.994598406885119246e+00
-4.111808101890264133e+00
-4.247306227731077577e+00
-4.036961824476823502e+00
-3.829350651537485550e+00
-4.007497484484964012e+00
-4.129365658268063122e+00
-4.248672144799297001e+00
-4.172479238243094635e+00
-4.165287870458394437e+00
-4.170805994074181733e+00
-3.972909315921612006e+00
-3.856855268052489460e+00
-3.885709785829043916e+00
-4.101874255104194233e+00
-4.196135361064692759e+00
-4.182372958397400531e+00
-4.174040856476598726e+00
-4.299682500828408749e+00
-4.455311398256487365e+00
-4.452218875883277249e+00
-4.454414405217914208e+00
-4.297044669934140693e+00
-4.101957049420454915e+00
-4.259476221784016303e+00
-4.153006111046738447e+00
-3.917916060825569424e+00
-3.864592382304366858e+00
-3.938006207251468993e+00
-4.188646349144962144e+00
-4.297531823217763502e+00
-4.161725008760164712e+00
-4.190428000734833347e+00
-4.287122874527676153e+00
-4.127872935932499487e+00
-3.981723196257408670e+00
-3.934203687129716798e+00
-3.962594096884809236e+00
-3.924852425853478266e+00
-4.007834869746084827e+00
-4.099283942103550515e+00
-4.120108253013070154e+00
-4.044962161611871387e+00
-4.034473311570589971e+00
-4.063277849796957497e+00
-4.129284970799311338e+00
-4.116823276918126773e+00
-4.296349479162612006e+00
-4.413113828003272232e+00
-4.481082688110904044e+00
-4.550100558953356078e+00
-4.584055158835227850e+00
-4.449461043719365350e+00
-4.441155219942158894e+00
-4.357482347666704392e+00
-4.257279059214432948e+00
-4.107387577758247588e+00
-4.032410402192260435e+00
-4.075394359126649491e+00
-3.923796564595440017e+00
-3.839538172720955878e+00
-3.852062222614288434e+00
-3.773373759827003404e+00
-3.750855394826329459e+00
-3.734529997392000311e+00
-3.646960233207667823e+00
-3.630899397622330937e+00
-3.695375717682745975e+00
-3.690143323067335057e+00
-3.629370723189159431e+00
-3.537879230169759026e+00
-3.383304329025502266e+00
-3.225304367658595961e+00
-3.149408410863984820e+00
-3.184383748363797562e+00
-2.966381399288726239e+00
-3.120138409675413449e+00
-3.144642435779748890e+00
-3.338618180435933613e+00
-3.336526406544824130e+00
-3.422209318301758785e+00
-3.260325465992519600e+00
-3.404952445130911443e+00
-3.505052337918578953e+00
-3.551312253402428176e+00
-3.614232243334148276e+00
-3.680242516508336337e+00
-3.896925206605383440e+00
-3.824511518914611052e+00
-3.593056000105938175e+00
-3.694998438237936167e+00
-3.805367028849286459e+00
-3.763499490498142919e+00
-3.787513626758153507e+00
-3.773791998361756939e+00
-3.574967006256285273e+00
-3.652773585149257318e+00
-3.668086961793108003e+00
-3.710472687771752209e+00
-3.731217669467471243e+00
-3.714482899174418762e+00
-3.839097825558201560e+00
-3.870362603786075439e+00
-3.908246219249825515e+00
-3.923783449595336759e+00
-4.114264579682067158e+00
-4.290926428353712296e+00
-4.394303606896340142e+00
-4.241347867865687959e+00
-4.545858574684043418e+00
-4.399339331718966406e+00
-4.300665601898349344e+00
-4.251192450745445939e+00
-4.114565703799232921e+00
-4.094008853624800714e+00
-4.076441160631033789e+00
-4.065229881129596379e+00
-3.934464246143442701e+00
-3.738804188134507100e+00
-3.744254210213763034e+00
-3.710985140843417796e+00
-3.537458481228620943e+00
-3.602890718139340365e+00
-3.486100704845319420e+00
-3.526102084423757610e+00
-3.523851268059912556e+00
-3.595542453126523430e+00
-3.752250251632272882e+00
-3.544541148484067872e+00
-3.491537499012547840e+00
-3.538930807959563829e+00
-3.715186298501336637e+00
-3.842292527659361134e+00
-3.803239751555199444e+00
-3.821327941073564549e+00
-3.711092467626007974e+00
-3.743045974051161462e+00
-3.663785427320185306e+00
-3.660843421406962950e+00
-3.895789515060200436e+00
-4.153950793997143620e+00
-4.078764287879162787e+00
-4.061922606334835706e+00
-4.000022043244257475e+00
-3.999823715752870879e+00
-3.805668671102333978e+00
-3.711801504847147992e+00
-3.746222370634965770e+00
-3.591213897729869320e+00
-3.554045556056684152e+00
-3.516671186599283239e+00
-3.595061799608664010e+00
-3.630991541925220112e+00
-3.651195088183262438e+00
-3.677748555261885599e+00
-3.625698147018470152e+00
-3.728050273525631120e+00
-3.481013642999756463e+00
-3.524644732411605919e+00
-3.527527091357550049e+00
-3.371060331528161313e+00
-3.370793874697952219e+00
-3.351259538770464896e+00
-3.396579644976319035e+00
-3.317086465017507368e+00
-3.160423225132368064e+00
-3.112471118706530149e+00
-3.109689026229678799e+00
-3.122437647488839563e+00
-3.164585954369840692e+00
-3.265006408242766334e+00
-3.142235937814340740e+00
-3.164506503732601228e+00
-3.170982996423608924e+00
-3.427083075740703144e+00
-3.316904749165852540e+00
-3.257974280323081562e+00
-3.385475630731166863e+00
-3.326558507742276127e+00
-3.236786245938278128e+00
-3.085091639243218609e+00
-3.102049993576636577e+00
-3.017642800829784200e+00
-3.044521914484154657e+00
-2.929156444145249338e+00
-2.971153788666586859e+00
-2.966910760791868995e+00
-3.051859573147506222e+00
-2.974718228726591196e+00
-3.036859524359607931e+00
-2.867819601967495302e+00
-2.888551228532319826e+00
-2.769189148518969468e+00
-2.713600734602218179e+00
-2.817151796953297982e+00
-2.874391092300223605e+00
-2.811881897690495791e+00
-2.906135073343476094e+00
-3.275712181205378215e+00
-3.327370153964094968e+00
-3.435421342902474695e+00
-3.293899594132346120e+00
-3.279943513317570059e+00
-3.200536096521473972e+00
-3.113806302593234321e+00
-3.182382413767750773e+00
-3.246964556741659624e+00
-3.442576228300945118e+00
-3.500540438579709868e+00
-3.531399065135717219e+00
-3.550103512663487226e+00
-3.508352999173678821e+00
-3.669652465053243606e+00
-3.719887107790902370e+00
-3.777822280505187091e+00
-3.596539579030342715e+00
-3.506181273771512341e+00
-3.431235956615230620e+00
-3.479333881777082471e+00
-3.485571672444246261e+00
-3.427401015378721105e+00
-3.388586627657916850e+00
-3.360622131447758232e+00
-3.448223997260769558e+00
-3.428658609213418362e+00
-3.304309380001185570e+00
-3.215158515089683533e+00
-3.260976947401600601e+00
-3.316014931258289611e+00
-3.380284646990373787e+00
-3.341840897618677086e+00
-3.597216624262558504e+00
-3.767178397286583547e+00
-3.704903726503421257e+00
-3.473245181849959007e+00
-3.289727140732034982e+00
-3.260291068106196288e+00
-3.220874699335041669e+00
-3.270072281361718680e+00
-3.240883016831345831e+00
-3.329698242914698181e+00
-3.419123401046997746e+00
-3.279882378311754998e+00
-3.421621928527076140e+00
-3.343489095958956270e+00
-3.096938796141625705e+00
-3.123673405443645024e+00
-3.011994569685108480e+00
-2.941170674568002852e+00
-2.833973062556051747e+00
-2.695523227020619306e+00
-2.511994059309621719e+00
-2.457470560727825326e+00
-2.539191752291701132e+00
-2.675689001188542804e+00
-2.725850381182963744e+00
-2.945578109083030860e+00
-2.892639176092792752e+00
-2.925340863800283575e+00
-2.874083794961238780e+00
-2.885080067316946995e+00
-2.774417785367436995e+00
-2.746752542183871881e+00
-2.622100788793408466e+00
-2.691452600698347020e+00
-2.819240147133996288e+00
-2.811853146800520786e+00
-2.876872623135898532e+00
-2.844684139632314590e+00
-2.756588905610994455e+00
-2.813481265755344296e+00
-2.782153211787317115e+00
-2.737268140164350605e+00
-2.696330121403315516e+00
-2.639089565321830921e+00
-2.804747413187251404e+00
-2.879532301581213538e+00
-2.989741559250061798e+00
-3.119838811134017398e+00
-3.058329604069998098e+00
-2.957497167942839233e+00
-2.921784274809138271e+00
-2.801499908433592090e+00
-2.766028445744891595e+00
-2.668340160823463592e+00
-2.774100929642729696e+00
-2.945230064065662567e+00
-3.146550427528924221e+00
-3.224312132324972158e+00
-3.391174075625796647e+00
-3.565392405253367869e+00
-3.801596081180835807e+00
-3.810017409279821798e+00
-3.939053051086234269e+00
-3.931463947253592384e+00
-4.015416032228856125e+00
-4.102870932810374072e+00
-4.190437824999144745e+00
-4.264159465784711500e+00
-4.237992332702380516e+00
-4.128773933087190429e+00
-4.115640563706905120e+00
-4.170164726260702892e+00
-4.239517179111103928e+00
-4.079520070719162561e+00
-4.203121853654124607e+00
-4.270771764267149884e+00
-4.338306565728379915e+00
-4.346890298934403596e+00
-4.170588621458893641e+00
-4.291093357427330446e+00
-4.515513919376505925e+00
-4.543031095653573104e+00
-4.461297828167491097e+00
-4.502291986033920779e+00
-4.543368513374984374e+00
-4.594217097345633327e+00
-4.634672242673660847e+00
-4.536028279492487769e+00
-4.367341285426217468e+00
-4.443856342395396730e+00
-4.441748523101278323e+00
-4.197634192445068635e+00
-4.057039053847946164e+00
-4.040189591418281267e+00
-4.084559901816612104e+00
-3.883737762257101434e+00
-3.762204048848497795e+00
-3.815540296304671397e+00
-3.868385505478959541e+00
-3.751116690752064109e+00
-3.847283845345204512e+00
-3.947107018110723953e+00
-3.925240814246988563e+00
-3.809325231907925158e+00
-3.940862846529193497e+00
-4.050955860506657125e+00
-3.916545977041621995e+00
-3.884877673522985297e+00
-4.042363606235174878e+00
-4.112942497340030812e+00
-4.102993266858053545e+00
-4.066272052881457100e+00
-4.226251759251213436e+00
-4.496572213488050807e+00
-4.406247778225779399e+00
-4.438656300175484404e+00
-4.510589386283233360e+00
-4.593523139644699604e+00
-4.727174431527881637e+00
-4.886802429283425120e+00
-5.039462435532846563e+00
-5.053302118143129462e+00
-5.305304992884155801e+00
-5.040450513146304878e+00
-5.159933786805373401e+00
-5.204256086272522452e+00
-5.343597385785548326e+00
-5.461717658125302854e+00
-5.419196358312166950e+00
-5.389841698561391503e+00
-5.503932727138255210e+00
-5.612331883779481778e+00
-5.527305466597529637e+00
-5.618403465661169882e+00
-5.786743358387854919e+00
-5.785856865655663483e+00
-5.600240112739892417e+00
-5.602915519358169227e+00
-5.610693437523831761e+00
-5.746665590480755981e+00
-5.732433718454846172e+00
-5.797379357624874885e+00
-5.741091512805566843e+00
-5.664332560073535916e+00
-5.430638912131772855e+00
-5.264753062508031434e+00
-5.166772998309507869e+00
-5.200082382106960388e+00
-5.068844654063616062e+00
-4.980146335442602989e+00
-4.919992205832752319e+00
-4.768594836302842310e+00
-4.857248350042457474e+00
-4.670773092943496074e+00
-4.626334615606636724e+00
-4.575497438711394693e+00
-4.527692484060590772e+00
-4.688795220759790716e+00
-4.715970379223220377e+00
-4.694828982276236573e+00
-4.642822574918426426e+00
-4.604561182918268436e+00
-4.548853063477836578e+00
-4.390733005663778776e+00
-4.123819099396199839e+00
-4.074665802142735771e+00
-4.059447631238460197e+00
-3.986140857621697897e+00
-3.873278319434730221e+00
-3.585602298546837652e+00
-3.669755590257549827e+00
-3.539412833501269784e+00
-3.490330445813681237e+00
-3.621741933700878047e+00
-3.537041751372631992e+00
-3.657479047085680612e+00
-3.666939032563617751e+00
-3.773159699778214193e+00
-3.840016836472769590e+00
-3.977629637530455398e+00
-4.083667853564498351e+00
-4.005027457021684612e+00
-4.028522282088188966e+00
-3.804373582883229687e+00
-3.614479349148991716e+00
-3.727337315763670667e+00
-3.569794029695080972e+00
-3.357308205931209599e+00
-3.462009346088750661e+00
-3.449243767970117780e+00
-3.494094702484956905e+00
-3.469886976400129441e+00
-3.376819486081799493e+00
-3.341975491550752242e+00
-3.426403828234747095e+00
-3.210701693599729012e+00
-3.143199683004098688e+00
-3.074586760505014560e+00
-3.096465591602155065e+00
-3.146685496594210818e+00
-3.001520861604181079e+00
-2.875631762338943798e+00
-2.791149459670566380e+00
-2.918077475310821622e+00
-2.918818936607443959e+00
-2.879645939503250318e+00
-2.909448811872786145e+00
-3.131088543043270889e+00
-3.204164038815891402e+00
-3.116164651349206949e+00
-2.975967597462984671e+00
-2.792799474801321402e+00
-2.650743327494331503e+00
-2.791988430935826937e+00
-2.922115280808182280e+00
-2.925714981219432520e+00
-2.871513031672989769e+00
-2.919051128604946754e+00
-3.084139662228682521e+00
-3.063766223768450647e+00
-2.949638702474584928e+00
-2.840704713062683240e+00
-2.788250077031195318e+00
-2.526719156767827545e+00
-2.422666605086086999e+00
-2.417601393617237360e+00
-2.496699521680583622e+00
-2.393116194472158398e+00
-2.473881510990139532e+00
-2.207775455374916707e+00
-2.059676805265672428e+00
-2.122581714575169975e+00
-2.223429605275442977e+00
-2.250117026325241465e+00
-2.271395962965719661e+00
-2.224856737474413038e+00
-2.072185184481713183e+00
-2.071061568125131203e+00
-2.036809596445221970e+00
-2.094107437361394375e+00
-2.122130798527727791e+00
-2.039000844975677129e+00
-1.896995079324614419e+00
-1.903887464044086375e+00
-1.989345123136904592e+00
-1.998781148616973979e+00
-1.905546352171903823e+00
-1.963695195841701491e+00
-1.892485091655214946e+00
-1.944377373222882399e+00
-2.032675909072049425e+00
-2.102371431503486487e+00
-2.207522013006578465e+00
-2.251965830101088972e+00
-2.325644580570653375e+00
-2.328769641571683646e+00
-2.409156817283967467e+00
-2.421486439275204461e+00
-2.511446171358894919e+00
-2.607373592472048252e+00
-2.646140222671431008e+00
-2.824206748117129795e+00
-2.803183109474440826e+00
-2.918918854611867175e+00
-2.983647905654354116e+00
-2.947796808628146081e+00
-3.047463139084674477e+00
-3.097864951886489582e+00
-3.067864615622407864e+00
-3.093534518313449500e+00
-3.019292819584656229e+00
-2.970480050799748195e+00
-2.901792592102207191e+00
-2.840442586916117840e+00
-2.637684689593172926e+00
-2.669847492480567741e+00
-2.770226571302998764e+00
-2.890649851776861734e+00
-2.982516544909198597e+00
-2.828120873385433498e+00
-2.922087309196592209e+00
-3.184923616684587344e+00
-3.204121182893163056e+00
-3.211662576211628206e+00
-3.240852443928190940e+00
-3.294642594068651231e+00
-3.389277017394710434e+00
-3.529473410328809457e+00
-3.555371394453716860e+00
-3.738103390506168466e+00
-3.768825702111680886e+00
-3.782842822613367240e+00
-3.734959736866260815e+00
-3.595639111955814204e+00
-3.546253075680956712e+00
-3.589665138563522984e+00
-3.476813256495217441e+00
-3.508019639657931954e+00
-3.382800461556684901e+00
-3.226390967469729532e+00
-3.243227037638370724e+00
-3.129035058638143241e+00
-3.272272168930335567e+00
-3.259462873459940013e+00
-3.079295539123915848e+00
-3.140281725610141184e+00
-3.106916111762044963e+00
-3.185163818453395024e+00
-3.208048798950875025e+00
-3.147064804988184417e+00
-3.083664272031198639e+00
-3.013964492077293666e+00
-2.936494069673014184e+00
-2.925430332977937198e+00
-3.127706718825598031e+00
-3.353526537057840873e+00
-3.568704377182343457e+00
-3.683348239592111550e+00
-3.736642916770726686e+00
-3.886377171558793364e+00
-4.013131527671335519e+00
-4.018181262553825128e+00
-3.983938511821655482e+00
-3.800407807523166870e+00
-3.728610366756544447e+00
-3.819779964972268793e+00
-3.848419466113766063e+00
-3.843668872406332149e+00
-4.008784045175220356e+00
-4.008845998742022410e+00
-3.952914875572122622e+00
-4.074205336345818829e+00
-4.076427882769725564e+00
-4.015171500029908636e+00
-4.098565979714324570e+00
-4.234656925816103090e+00
-4.215518590737866056e+00
-4.043589882901930999e+00
-4.060283778086533957e+00
-3.998827652064553373e+00
-4.092940418610889530e+00
-4.098306457247024248e+00
-4.053357353462595292e+00
-3.964747745821620484e+00
-4.042006677907767909e+00
-4.074111623889086431e+00
-4.162118110293807405e+00
-4.167042687990697658e+00
-4.192216903253489058e+00
-4.039032945726807711e+00
-4.012999377109095711e+00
-3.894125671874951955e+00
-4.056011464264726918e+00
-4.164803090050591905e+00
-4.186400225453671631e+00
-4.159331048284031773e+00
-4.143197263769724970e+00
-4.132249764498265421e+00
-4.254179884795939337e+00
-4.135586537461595213e+00
-3.965209868442821861e+00
-4.054482241820924315e+00
-3.960759341887495566e+00
-3.946328480814908612e+00
-4.245355173302019836e+00
-4.281739962400245680e+00
-4.300959154203926715e+00
-4.464720891209757347e+00
-4.448196297469915628e+00
-4.427239606681188988e+00
-4.487228412195877425e+00
-4.464232210179907234e+00
-4.557172611096534709e+00
-4.530912438023527500e+00
-4.539735001152558347e+00
-4.504101790898510593e+00
-4.602685735807363621e+00
-4.353989573065888408e+00
-4.125237081424673491e+00
-4.212317167649661798e+00
-4.281269345854967767e+00
-4.347756578210909773e+00
-4.368071226418291708e+00
-4.434671671963576145e+00
-4.430138839537500317e+00
-4.437099904272059803e+00
-4.347144189293934424e+00
-4.427187957201403457e+00
-4.447360877569705551e+00
-4.349653278669434187e+00
-4.321498581293317542e+00
-4.254513854510009629e+00
-4.399716923734703578e+00
-4.390864135303276683e+00
-4.329905527338926419e+00
-4.357795560694423642e+00
-4.174722961994023152e+00
-4.204006115430886759e+00
-4.446866054427555781e+00
-4.325996330060444706e+00
-4.391309724086086774e+00
-4.300022565461651958e+00
-4.224027007740408735e+00
-4.449120422827549604e+00
-4.573312228070077978e+00
-4.539965152213844668e+00
-4.548535836946169475e+00
-4.518499512922101502e+00
-4.395941794009308623e+00
-4.198668224525408554e+00
-4.260787336256739444e+00
-4.332330541305434046e+00
-4.236380660313056268e+00
-4.105215117537493796e+00
-4.262117528054783833e+00
-4.482851130974302656e+00
-4.554034965188037631e+00
-4.492013019784146799e+00
-4.481656182374531561e+00
-4.494074325578652385e+00
-4.527402598921618448e+00
-4.517643550079752046e+00
-4.422184595111059657e+00
-4.610629204411655913e+00
-4.744101413673551981e+00
-4.738167308585875759e+00
-4.836827579407104061e+00
-5.049877919208140220e+00
-5.170540749257773960e+00
-5.200708402279848208e+00
-5.005146949694971426e+00
-4.860970021680107500e+00
-4.623797589812590481e+00
-4.301913213076677067e+00
-4.254664863185682933e+00
-4.324392510137011314e+00
-4.372919573464987053e+00
-4.383185554542551543e+00
-4.212416230794350014e+00
-4.147908769771773585e+00
-4.216048863427506177e+00
-4.137611660829815463e+00
-4.329493313490088369e+00
-4.352085477317711337e+00
-4.382084106050358585e+00
-4.417061016521643069e+00
-4.398459539604137269e+00
-4.233228550082070996e+00
-4.108234911749112150e+00
-4.076048374338417268e+00
-4.054806317868109744e+00
-4.219666770210446671e+00
-4.335514901588549463e+00
-4.226501952198919554e+00
-4.328023310849278715e+00
-4.447609321253114700e+00
-4.526012067532779071e+00
-4.569157732942240813e+00
-4.555101806121411911e+00
-4.502748050552024317e+00
-4.493018854547347729e+00
-4.419543097100192774e+00
-4.347612301864015372e+00
-4.378196894597981448e+00
-4.569377557922617683e+00
-4.558817003564579196e+00
-4.443309257829842984e+00
-4.253352749927419296e+00
-4.076515699038458784e+00
-4.038579720828147757e+00
-3.929053331015936124e+00
-3.795790240380486846e+00
-3.807996154082867069e+00
-3.936662461319474726e+00
-3.932477128351365536e+00
-3.897028690919127847e+00
-3.772014572116331621e+00
-3.653044730670202966e+00
-3.631601701645973623e+00
-3.695886024222831523e+00
-3.885345000864627085e+00
-3.956523656191824667e+00
-4.029836548979490729e+00
-4.047614817811157728e+00
-3.898608244389090149e+00
-3.863586845422686267e+00
-3.930750152696140809e+00
-4.008870809394084134e+00
-4.080566040610024814e+00
-4.103727248385524717e+00
-4.315409688978424363e+00
-4.367391330519325265e+00
-4.412432857339291026e+00
-4.527230336094201668e+00
-4.402820450220946924e+00
-4.493384586210305898e+00
-4.402737579636606391e+00
-4.317426949864331398e+00
-4.365344677547795094e+00
-4.407132857276226723e+00
-4.547968386064807689e+00
-4.538572205905051504e+00
-4.552164508957493361e+00
-4.606819053388140794e+00
-4.566416886692218569e+00
-4.582488468864884368e+00
-4.494270950743709747e+00
-4.308579897494642985e+00
-4.362607996548391043e+00
-4.382345343524706394e+00
-4.536216000153745043e+00
-4.524955743587773860e+00
-4.384085369712384939e+00
-4.318629919224073355e+00
-4.055361455695676298e+00
-4.217178173895486104e+00
-4.214198134716517608e+00
-4.196672150403478518e+00
-4.391977612486845040e+00
-4.496447361150814004e+00
-4.559994496176425827e+00
-4.761841044383735344e+00
-4.749625266759661457e+00
-4.661718210612657565e+00
-4.836498459556421103e+00
-4.841154635940919881e+00
-4.919536989144941863e+00
-4.987469208006850785e+00
-4.977445194207355428e+00
-5.026804397107541789e+00
-5.092353694839006906e+00
-5.031799961150721145e+00
-4.874261656408062748e+00
-4.806519924367673724e+00
-5.041379590915294528e+00
-5.004756541638989198e+00
-5.077396275729701536e+00
-5.225562701503599250e+00
-5.370935366315859660e+00
-5.482274270097381219e+00
-5.438356543350097994e+00
-5.398444117148678778e+00
-5.348350265967631856e+00
-5.454405738958980621e+00
-5.411367945656771816e+00
-5.380655998365374337e+00
-5.299150899482929056e+00
-5.266252087053569397e+00
-5.275726888204151699e+00
-5.367282751149504705e+00
-5.306066739035594004e+00
-5.280114546679090637e+00
-5.405943373813633990e+00
-5.406552083131658470e+00
-5.241361689382067368e+00
-5.079008462598513240e+00
-5.020573665516459450e+00
-4.988409958339358852e+00
-4.798226555857144859e+00
-4.803956685683526295e+00
-4.998187649358331264e+00
-5.115850970454147273e+00
-4.977106193714046611e+00
-4.608414709619706784e+00
-4.404445807049686579e+00
-4.624607417095016437e+00
-4.674248237158926678e+00
-4.836295451875833429e+00
-4.916168959313030662e+00
-4.913640542761744001e+00
-4.945311417660186670e+00
-5.083414563560058497e+00
-5.188592739441688195e+00
-5.303373593452586299e+00
-5.134292824997064741e+00
-5.126431237037304633e+00
-5.175316144165758914e+00
-5.156953474874067744e+00
-5.054977887933657321e+00
-4.943319344234466506e+00
-5.055064643865476270e+00
-4.964147744866453493e+00
-4.979987728502586641e+00
-5.009069198723015148e+00
-5.078923711156550169e+00
-5.154515193159128650e+00
-5.078346587843051374e+00
-5.215876329446102133e+00
-5.221467648314371601e+00
-5.231155735229632953e+00
-5.278395874663216247e+00
-5.081690040078234105e+00
-4.853598408478537074e+00
-4.779263594186435427e+00
-4.861284007691490494e+00
-4.765905035702302506e+00
-4.998092907634263504e+00
-5.104287531907041320e+00
-5.079453584868624638e+00
-5.126499900086844974e+00
-5.188642839723631717e+00
-5.140214417640414091e+00
-5.107208912991028527e+00
-5.135603998686026017e+00
-4.969460916438358744e+00
-4.955728402579627989e+00
-5.029362551863453490e+00
-5.072359449514081575e+00
-4.959625952405827043e+00
-4.865194353956361795e+00
-4.815181758352554020e+00
-4.919838987040535905e+00
-4.844935371238717536e+00
-4.899550844682918793e+00
-4.883609969712746413e+00
-4.851376361820324945e+00
-4.757467027800313275e+00
-4.796772446981954374e+00
-4.773411481061178741e+00
-4.807375238641646398e+00
-4.766482948899021466e+00
-4.576289119022319163e+00
-4.495551309666966588e+00
-4.682173867439912485e+00
-4.547522435746746972e+00
-4.524851481620166815e+00
-4.455858929015714232e+00
-4.669161927415078850e+00
-4.555784021553481722e+00
-4.331424766229356571e+00
-4.083800626620697649e+00
-3.857159885082167783e+00
-3.822791572702308294e+00
-3.588185083721687985e+00
-3.426128439322858377e+00
-3.567819434865989514e+00
-3.658489520261388961e+00
-3.646627800679522746e+00
-3.633053756803985568e+00
-3.525679621391332397e+00
-3.479881416963805041e+00
-3.445685231973321550e+00
-3.362571453190208004e+00
-3.286717625226989181e+00
-3.280265454106128686e+00
-3.194248746330849542e+00
-3.025233678630096179e+00
-2.970136827356824938e+00
-2.880569175376196611e+00
-2.807972894952309950e+00
-2.808367517012276604e+00
-2.922505731358365555e+00
-2.867715252505965484e+00
-2.770983475812590413e+00
-2.767800811472223455e+00
-2.838311189606312013e+00
-2.825987188853471110e+00
-2.892647994524739641e+00
-2.845748707052182969e+00
-2.883656127737713959e+00
-2.775851781546497588e+00
-2.814322741726760668e+00
-2.861154402682327014e+00
-3.083086180421621858e+00
-3.218007052332356732e+00
-3.133566869523050524e+00
-3.182677796986015384e+00
-3.117197862127937480e+00
-3.010104422783162814e+00
-3.017388779672734334e+00
-3.040574975682163839e+00
-3.061973183326512249e+00
-2.984842863014641967e+00
-2.844762682737640436e+00
-2.799182509773596284e+00
-2.692290503063693663e+00
-2.640396951967800998e+00
-2.861445814483717598e+00
-3.057328065676022888e+00
-3.190332310268110483e+00
-2.943130484924516121e+00
-3.101423822990036161e+00
-3.134591902658838691e+00
-2.973476104601182168e+00
-3.041674747005042700e+00
-3.416573140022233446e+00
-3.417782856521860424e+00
-3.465750674857292157e+00
-3.645111387131224845e+00
-3.748546086350883044e+00
-3.823691223486479274e+00
-3.593405253245899988e+00
-3.480614828419011264e+00
-3.399837718840784007e+00
-3.434650906561461436e+00
-3.513088392131843207e+00
-3.553105657565927000e+00
-3.599791695417844384e+00
-3.532800125753187359e+00
-3.513579390456468499e+00
-3.642631819380307778e+00
-3.679527904869045685e+00
-3.695109249858284706e+00
-3.798399263376451174e+00
-3.838722817763512651e+00
-3.800538293077355245e+00
-3.750472664116853760e+00
-3.575826616968252214e+00
-3.538485845982418887e+00
-3.537671323660751987e+00
-3.608807327992767267e+00
-3.550383713277577513e+00
-3.478300426253705613e+00
-3.569156690855701530e+00
-3.591700142062672629e+00
-3.661449346941705318e+00
-3.648337159180397027e+00
-3.575310652385313759e+00
-3.518212074726013938e+00
-3.239460737205896557e+00
-3.240071398500110167e+00
-3.141906598255639338e+00
-3.166619777512106548e+00
-3.016461889490427595e+00
-3.046436120652086910e+00
-3.002580679361686933e+00
-2.964339063191731682e+00
-3.013055582907743002e+00
-3.007515212699111373e+00
-3.113343128920011527e+00
-3.074536187018321431e+00
-3.033926824772672504e+00
-2.779241577164304644e+00
-2.818144151910817019e+00
-2.777678847094387837e+00
-2.885109376718185903e+00
-2.888204443635815633e+00
-2.909892740131829747e+00
-2.884499061546078380e+00
-2.938316205130358405e+00
-2.941367828730810263e+00
-3.083970995111360303e+00
-3.098160017792343623e+00
-3.010582983441421945e+00
-2.972336337621711788e+00
-2.813311336463009127e+00
-2.591344252443414931e+00
-2.495047834795474540e+00
-2.390833379205036469e+00
-2.315612538206715865e+00
-2.193664104522420999e+00
-2.185706092433270520e+00
-2.235312591612601540e+00
-2.217763739468517237e+00
-2.137905041033305586e+00
-2.088070512841136317e+00
-2.097420262909303723e+00
-1.817452721857953257e+00
-1.563172467764699869e+00
-1.615628286771075173e+00
-1.783003873223715896e+00
-1.808978467028284021e+00
-1.883372230783803447e+00
-1.795765339345593681e+00
-1.616886344119003116e+00
-1.516861201404240189e+00
-1.437600166394469303e+00
-1.461953781588539281e+00
-1.578559617643773727e+00
-1.427320387077201325e+00
-1.260658832887424863e+00
-1.319663925861365827e+00
-1.149628644814414180e+00
-1.108699731475254024e+00
-1.002210816656785797e+00
-1.055979517049352001e+00
-1.167268247462788455e+00
-1.137225775325898525e+00
-1.006749340083456623e+00
-1.197092307068268191e+00
-1.137387551840439714e+00
-1.177712267371640698e+00
-1.125182090860807893e+00
-1.221426861757360482e+00
-1.254956809573421372e+00
-1.279309317373451327e+00
-1.348158439434283817e+00
-1.322033578280115362e+00
-1.300312085924761218e+00
-1.351918465692935056e+00
-1.298842175494602014e+00
-1.420937708257789200e+00
-1.524492476734187640e+00
-1.592388924314924292e+00
-1.441508730692917517e+00
-1.421695497181692192e+00
-1.527245473693073841e+00
-1.510214820262191449e+00
-1.622207704090828040e+00
-1.501848470071998953e+00
-1.616050257246846922e+00
-1.845248079403383201e+00
-1.797844678791225892e+00
-1.731933171881236966e+00
-1.714729567010339295e+00
-1.773946910297952151e+00
-1.666549262483821847e+00
-1.570900452820363835e+00
-1.526436055601034347e+00
-1.596670363704593587e+00
-1.677163852715929382e+00
-1.827353606455904167e+00
-1.722884479615029552e+00
-1.630294358750972616e+00
-1.594686816256720041e+00
-1.606725087606114544e+00
-1.421297728412327377e+00
-1.410182377428633504e+00
-1.642330454618501578e+00
-1.637731534412300016e+00
-1.520673178532901737e+00
-1.650965084357783441e+00
-1.711708810654379853e+00
-1.821145023054626666e+00
-1.827838855434989362e+00
-1.709618384859989071e+00
-1.757511004244259434e+00
-1.745327560170217174e+00
-1.626401972084117631e+00
-1.580007157167011123e+00
-1.476939432446490175e+00
-1.421336819724451583e+00
-1.445464879253987478e+00
-1.613315581790444764e+00
-1.615605880738289368e+00
-1.634698749852601329e+00
-1.486372775838065152e+00
-1.265695599915317437e+00
-1.223484371836425000e+00
-1.164532727236980758e+00
-1.107196027519708803e+00
-1.180611997218969700e+00
-1.195903693259979139e+00
-1.134896333106635069e+00
-1.199731379065383852e+00
-1.442579253868122580e+00
-1.569466225003478321e+00
-1.648776257865502304e+00
-1.823398575711295821e+00
-1.873784626299550560e+00
-1.910662554231460586e+00
-1.953162697923660041e+00
-1.977897831674131801e+00
-1.947556948817134259e+00
-1.882984902757775414e+00
-1.884520824495704572e+00
-1.982991744283176594e+00
-1.895011049417212767e+00
-1.864270654011810358e+00
-1.918842418553297735e+00
-1.646037925774649358e+00
-1.655909068301343989e+00
-1.709045285223123045e+00
-1.878994528666322328e+00
-1.934596351968334904e+00
-1.967919530465402467e+00
-1.925092456207288194e+00
-1.936614377928888020e+00
-1.748744710740558039e+00
-1.735059283996949642e+00
-1.813438229033276228e+00
-1.899729826985493197e+00
-1.906213250316961760e+00
-1.895150516690778941e+00
-1.866578573389254370e+00
-1.587375392183155931e+00
-1.557228805336402511e+00
-1.719551510084601498e+00
-1.696569372161725431e+00
-1.651934730355940850e+00
-1.649136359862348078e+00
-1.514571569561594222e+00
-1.414710943991863257e+00
-1.251607176885177086e+00
-1.341193069274277283e+00
-1.452986865495903279e+00
-1.469312639055802228e+00
-1.357361477103797842e+00
-1.244156914822780458e+00
-1.242665178147441152e+00
-1.003149327243644251e+00
-1.071293014116231568e+00
-1.214518978106797986e+00
-1.205416979995861171e+00
