6.979240113043478910e-01
1.045597584584764483e+00
8.508717900189375349e-01
9.573789064821903727e-01
1.151182050264547341e+00
1.042257910566513734e+00
8.998730839271602555e-01
1.055808442340077535e+00
1.273075645208780360e+00
1.099503159701630928e+00
9.815191646336359765e-01
9.840917107925564178e-01
1.002800185091927254e+00
1.130463293335731922e+00
1.048341685201863216e+00
1.048403528488083936e+00
8.794921139522965392e-01
9.893569837161320102e-01
8.722263505469149969e-01
8.593842613448180456e-01
1.061825245976624199e+00
1.151009973776251138e+00
9.509544197716882641e-01
8.792915798039215858e-01
9.436010263098819628e-01
8.091630288685102146e-01
6.449827610802660871e-01
7.104390648781119255e-01
4.846476305327668821e-01
2.287348279877300106e-01
3.656746074600982777e-01
3.575889322860816844e-01
1.763892231983562875e-01
1.291956830619987451e-01
-1.701546074093206878e-02
-1.149513142051407505e-01
8.543481911365366499e-02
1.936229746400504048e-01
2.871788767213964699e-01
4.116622559241103763e-01
2.516264669422152433e-01
1.722656521733025026e-01
2.815478378913105484e-01
3.178752600211990353e-01
3.101325427773111154e-01
1.665330706265128469e-01
3.373261669750425573e-02
-1.186835633492988873e-01
-1.832165302951323793e-01
-3.255449298987513340e-01
-4.056435126747031661e-01
-4.612749731785397156e-01
-3.794062972556918045e-01
-2.561996126253596739e-01
-2.780848689752009606e-01
-2.640760981177166511e-01
-3.431243977846019089e-01
-4.826608188488211160e-01
-5.658982763128528326e-01
-5.600091406775544733e-01
-6.718060164013943680e-01
-6.580597630908027185e-01
-8.337105903611810032e-01
-8.377624770890340633e-01
-9.532004411762989848e-01
-7.493020946164221652e-01
-6.856197665568445343e-01
-6.783950425236761061e-01
-7.437071840590575578e-01
-8.729751001445863468e-01
-7.754724380780569915e-01
-6.214202437152871461e-01
-6.749923743155368250e-01
-7.498418765356072990e-01
-7.637348612723388053e-01
-7.098819718155316982e-01
-6.599028402974101981e-01
-6.475306797019926286e-01
-6.354862984079873156e-01
-7.840288939028441373e-01
-5.996832677130904399e-01
-5.168150165311942157e-01
-5.869896720573108961e-01
-5.604915241125899561e-01
-6.517186404872332695e-01
-7.587201661579398015e-01
-7.669941538401341408e-01
-6.909442148074238510e-01
-5.992602197568469569e-01
-5.769304829800573353e-01
-6.962942375827805286e-01
-7.104004556268106452e-01
-7.521035441469784422e-01
-8.291032124048515195e-01
-8.538838713546229586e-01
-9.272820996994047826e-01
-1.148916774066855107e+00
-1.254200405002529273e+00
-1.354450853210302341e+00
-1.335264135284884635e+00
-1.341805287938135471e+00
-1.282624259583821758e+00
-1.348562557055061895e+00
-1.246406370202808978e+00
-1.224952390011840198e+00
-1.310072322231641051e+00
-1.297682147206873804e+00
-1.351635352243019561e+00
-1.555302749464932743e+00
-1.400945469775507934e+00
-1.491441373388829428e+00
-1.444489835771940234e+00
-1.427512081399257227e+00
-1.236061284135192118e+00
-1.305076402297697058e+00
-1.496509839383770135e+00
-1.434955278502707543e+00
-1.184720133015523480e+00
-1.272354368305527395e+00
-1.352332843895196923e+00
-1.294724224150233027e+00
-1.348931998552255873e+00
-1.346390727844353430e+00
-1.357771716064246847e+00
-1.371557167161185475e+00
-1.410725556986563323e+00
-1.502422573546156714e+00
-1.549157193295754409e+00
-1.460369044879402445e+00
-1.446157526930858417e+00
-1.508335357610335770e+00
-1.387011977689639908e+00
-1.215120583184768899e+00
-1.357906783797318440e+00
-1.479623115332069583e+00
-1.335350430115284315e+00
-1.586798673176682328e+00
-1.558227979454461121e+00
-1.607084177907548650e+00
-1.568454120698497878e+00
-1.607542451092059954e+00
-1.628426754029759005e+00
-1.524966801888084866e+00
-1.455634269594676899e+00
-1.434199886662926415e+00
-1.186483070811834351e+00
-1.410180497343653805e+00
-1.533172847095580993e+00
-1.334242677189417137e+00
-1.337416655309577873e+00
-1.295328101845736546e+00
-1.242291899838574798e+00
-1.218423805097925472e+00
-1.097606329030281991e+00
-1.048853963845280735e+00
-1.036700752029298345e+00
-1.309382904087058375e+00
-1.291947832000889473e+00
-1.309569427988077628e+00
-1.090442267747107508e+00
-1.246337804548214523e+00
-1.178592500685319733e+00
-1.061584708029179591e+00
-1.226122946061799945e+00
-1.323455888552983017e+00
-1.167965046588860467e+00
-1.023496875122232419e+00
-1.038145425085525320e+00
-1.086633399266741629e+00
-9.598653910712803272e-01
-8.085314482426014804e-01
-7.192855439399550299e-01
-9.083706634871467900e-01
-7.234593316795391305e-01
-7.169898897355968526e-01
-6.585853816699117624e-01
-6.766887175924209963e-01
-8.815258440620135083e-01
-5.075440318019083241e-01
-4.218404561308883305e-01
-7.225654306004364313e-01
-7.164335143523136162e-01
-6.719674878911564564e-01
-5.719862144133283088e-01
-4.324257586532886388e-01
-2.887144971238895796e-01
-7.542496941811435152e-01
-4.794227903237648913e-01
-1.472646769305723247e-01
-3.577041597357238367e-01
-1.618378519111335068e-01
-2.160160487224116188e-01
-4.015637116125452266e-01
-3.030400665018855855e-01
-5.508876205642163626e-01
-5.523309147543967734e-01
-5.034657102517976490e-01
-2.632586638626920328e-01
-3.472874795158285566e-01
-7.559697361353528988e-01
-8.411695284982264598e-01
-8.074679405736548965e-01
-8.194667182309345321e-01
-1.061006559060247767e+00
-8.960903615082190798e-01
-1.022444772861036411e+00
-1.011989047995657254e+00
-1.257646234812475949e+00
-1.179241455997577681e+00
-1.099834104932288170e+00
-7.948362223176592689e-01
-7.873017679696130422e-01
-8.715250018127337350e-01
-9.183044562903953656e-01
-1.059441221457677385e+00
-1.023749584897241549e+00
-1.092742871942115279e+00
-1.084963670628157351e+00
-6.762454424813051368e-01
-1.356202969950049408e-01
-4.408004775464081926e-02
-3.138976844097515762e-02
-5.155081059344968075e-02
2.369965509293862904e-02
-1.826759232849487491e-01
-7.902987796287597178e-02
-2.394842398236848163e-02
-1.465407570916650304e-01
-3.388636596809339041e-01
-8.217032235032351029e-01
-7.188742448385337935e-01
-9.284132388041164141e-01
-6.544737969365459485e-01
-7.648265458053188359e-01
-4.995458674471685567e-01
-4.298642745328011827e-01
-5.641706005073912067e-01
-9.006543921535961061e-01
-8.897985974764213157e-01
-9.465619542970943323e-01
-6.478846309396046887e-01
-8.225320332390612110e-01
-9.293905377774144272e-01
-9.200880062540408577e-01
-8.804285804394221815e-01
-1.081467172682265776e+00
-1.297501154864093342e+00
-9.831388500841033995e-01
-6.820584709818060531e-01
-6.147476957969154610e-01
-9.403165013753506107e-01
-1.203907088702271810e+00
-8.702287450238577193e-01
-7.401952020261668430e-01
-8.522728415522019541e-01
-4.416780209552677028e-01
-7.003762380696988421e-01
-3.384997981155293822e-01
-2.438595740765268638e-01
-1.642030293905089866e-01
-3.877450142101108721e-01
-3.607159745416533836e-01
-7.808392824443786129e-01
-6.774388644063752407e-01
-8.022599283129397962e-01
-9.225666918964535723e-01
-7.581064748486999738e-01
-3.749839596765293659e-01
-9.453093657212203738e-01
-1.166615554484555783e+00
-1.164825122763820664e+00
-9.375887176047688065e-01
-1.192552880271419591e+00
-1.141268386278048830e+00
-1.268503752224773740e+00
-1.049139961801479615e+00
-9.646179004425634584e-01
-9.858716815670278688e-01
-7.864831834440890734e-01
-7.514203469771193467e-01
-1.362694041945599732e+00
-1.663094044955918616e+00
-1.410394316405461090e+00
-1.127064012631893375e+00
-1.284422268083578622e+00
-1.449653706013561694e+00
-1.450233803513724107e+00
-1.910260009270329684e+00
-1.926003728297881024e+00
-1.890703300062045455e+00
-1.441402893670016505e+00
-1.555748682059536758e+00
-1.006098044258212365e+00
-1.221899788938387577e+00
-1.140862232837633439e+00
-1.215430319515554913e+00
-9.989957908983535528e-01
-9.869285865839744210e-01
-8.274261565690052000e-01
-6.922636250669442770e-01
-5.870929681999937921e-01
-6.000474155629825779e-01
-7.445441023237289180e-01
-9.878724004175324369e-01
-9.061154464185554591e-01
-7.974826027507005977e-01
-1.072783572800986907e+00
-1.283254069224956995e+00
-1.468640831016354120e+00
-1.266677824460752166e+00
-1.220039188529369101e+00
-1.446539935864022297e+00
-1.618040288480398381e+00
-1.649421608407263484e+00
-1.575020238463575861e+00
-1.405106390558470197e+00
-1.719447702987694671e+00
-1.726427359371974557e+00
-1.646069967399175882e+00
-1.888319283083494726e+00
-1.654059802962002612e+00
-1.643923893539516845e+00
-1.341596606292098537e+00
-1.041490053554863238e+00
-1.024388684067081057e+00
-1.115082961823276264e+00
-9.773940340993232390e-01
-1.479085143553890092e+00
-1.524764799054622699e+00
-1.697202344337230384e+00
-1.843458249500251611e+00
-2.092248824119041117e+00
-2.080390018485783976e+00
-1.894861892650550717e+00
-2.640434446791799061e+00
-2.555786819599992210e+00
-2.727074467750099096e+00
-2.593925344673159827e+00
-2.799979818443104840e+00
-3.051197915710583075e+00
-2.895927247309289854e+00
-2.719273022772578319e+00
-3.328103213242242120e+00
-3.342065367852516733e+00
-2.910605587932144189e+00
-2.942113530632882945e+00
-3.034402757153090935e+00
-2.935144391232055394e+00
-2.892013485292311614e+00
-2.863738746545090752e+00
-2.906340222989726829e+00
-2.473406747132371741e+00
-2.494233272824724068e+00
-2.323273755122017281e+00
-2.718836889269143242e+00
-2.509090174992707034e+00
-2.230551489757490735e+00
-1.791127378173385409e+00
-2.061777750849622670e+00
-2.081807550894480663e+00
-2.098129904828644143e+00
-2.042050558421704576e+00
-2.186431302834694446e+00
-2.127687554747401677e+00
-1.949445168600209666e+00
-1.972511108883966413e+00
-2.332819717634278422e+00
-3.097154884274169184e+00
-2.516960927945378401e+00
-1.987766948907480735e+00
-2.248663347711680860e+00
-2.545555387410181947e+00
-2.592505730441421186e+00
-2.609343066656694354e+00
-2.658687419755328296e+00
-2.819665957673314516e+00
-3.134694410990537250e+00
-3.074225480114503917e+00
-3.121678841312026886e+00
-2.867069804096731733e+00
-2.868529045570404890e+00
-2.792431990804389308e+00
-2.875557753924870230e+00
-2.958925851616558855e+00
-2.935672291492783970e+00
-2.618329283324782430e+00
-2.875301002772946646e+00
-3.010244639153881074e+00
-2.956235577595036634e+00
-2.925900057738413107e+00
-2.889879178935420345e+00
-2.705320185497523955e+00
-2.454834695998902916e+00
-2.543796630270839021e+00
-2.780249054614765569e+00
-2.902366544846070706e+00
-2.982338558125862349e+00
-3.113809668905007655e+00
-2.990618188708800140e+00
-2.560964060783509577e+00
-2.780201298403444543e+00
-2.527619828830660609e+00
-2.140582820963051525e+00
-2.294877254099576991e+00
-2.246154936958032255e+00
-2.300771311678142084e+00
-2.117918253695332709e+00
-1.401870353288820814e+00
-1.843309328004604897e+00
-1.759160060034654416e+00
-1.956303511434435372e+00
-1.979344126294070749e+00
-1.690195710960107789e+00
-1.706224940207122565e+00
-1.602085715784893782e+00
-1.743337032713012880e+00
-2.002579500209755281e+00
-2.268880205556450314e+00
-1.885676716227178806e+00
-2.318425056097410675e+00
-2.075555842875934420e+00
-2.246437471776668193e+00
-1.970833627520234055e+00
-2.166965988497000506e+00
-2.221761591942936320e+00
-2.101284792516529443e+00
-2.189225095241511543e+00
-1.888828693720185470e+00
-2.040742125841718213e+00
-2.191834432445193492e+00
-2.371919056863795561e+00
-2.324705389654825538e+00
-2.446348303878546293e+00
-2.402446413928077007e+00
-2.330534214495591172e+00
-2.260099596169958147e+00
-1.695254404922601044e+00
-1.435871254605404879e+00
-9.620327075764341096e-01
-1.293192992786827089e+00
-1.560473175843968052e+00
-1.988912585594934113e+00
-2.094269851777522007e+00
-1.994502098826829828e+00
-1.646166999434014455e+00
-1.694195709214406431e+00
-1.447092978000694474e+00
-1.137665590964068052e+00
-1.550335089100495889e+00
-1.543916127475337241e+00
-8.866861499626774723e-01
-1.260139882863387184e+00
-1.130208352207051625e+00
-8.554860750429570393e-01
-8.291298822129014034e-01
-1.000536076990941048e+00
-9.178791098264991177e-01
-7.547475500557889738e-01
-9.942115815482819308e-01
-1.135288687685555686e+00
-1.213558897611304310e+00
-6.343589223492150930e-01
-6.268518272101817335e-01
-7.161723736658128781e-01
-6.128744068116659394e-01
-4.326888704619046844e-01
-5.497048274480585972e-01
-8.026796112123402160e-01
-1.234371973942502754e+00
-1.325467226059480197e+00
-1.059331755887362725e+00
-9.163383074193380828e-01
-5.724475912819759760e-01
-3.636840118364138563e-01
-8.716739612289319261e-01
-1.084810088181774157e+00
-1.022642179428894016e+00
-1.093944062137288453e+00
-9.256553039243181624e-01
-8.824983769703425018e-01
-4.266711076126976088e-01
-5.482497023985150042e-01
-3.265957507850693609e-01
-1.015735186371643728e+00
-1.170780059203149648e+00
-1.037537412657584923e+00
-1.126187101894185139e+00
-1.112373854389212546e+00
-6.258934236102950965e-01
-7.842818796373880463e-01
-7.989847192294973199e-01
-1.003714776277584653e+00
-1.066435076424812278e+00
-8.341399622836109806e-01
-1.106626751924667085e+00
-1.519988693069607155e+00
-1.600717827551662920e+00
-1.387562918037239079e+00
-1.171658319364976775e+00
-1.520802087609733233e+00
-1.166746120904684325e+00
-1.269799230323628736e+00
-1.026761332150830874e+00
-5.664568564756030655e-01
-4.088444073278215685e-01
-5.262123671608448516e-01
-7.003017880799790040e-01
-7.837470226855126620e-01
-6.557678845538154055e-01
-2.872352109803700815e-01
-4.172744846410681441e-01
-3.494016120149049387e-01
-1.945722630160456046e-01
-2.796768308599029140e-01
-3.873277468596221240e-01
-3.893371760760303002e-01
-7.535379122872848390e-01
-4.875306733047975460e-01
-6.838677792882571493e-01
-5.672836817214589322e-01
-6.815790915240040881e-01
-7.939041597060743083e-01
-5.784459460927047214e-01
-2.397341887003185124e-01
-4.114459499097347095e-01
-6.183172361630192571e-01
-5.158979252768942647e-01
-4.298228849647020011e-01
-2.478873813761967027e-01
-3.238614850974745329e-01
-3.570662101788377174e-01
2.215211235444305982e-01
3.162687399755629847e-01
4.679888824094844413e-01
-7.907444303160410248e-02
2.137938882963402454e-01
6.677191217486857372e-03
-2.031920438097481185e-01
-2.296390239505064768e-01
-9.050834280354871364e-01
-6.446119097238395268e-01
-8.826418225928225336e-01
-1.171877605578806270e+00
-9.216949628045095766e-01
-5.536498448041337062e-01
-2.584165034717934573e-01
-2.981942080908809856e-01
1.155635154396085357e-01
-2.882974512270916057e-01
-2.151365528037455233e-01
-8.666878753217181763e-02
-1.896377162051691156e-01
7.877882398718824564e-02
3.894218380615026565e-01
1.464891129365876177e-01
4.571897175210830611e-01
-7.417388865196043735e-02
8.644577463161834396e-02
-2.091492313522774482e-01
-1.137030092586991253e-01
-2.685992431713276618e-01
-3.832522265888425039e-01
-4.260844638561937514e-01
-7.080632907374970753e-01
-7.689950510138143791e-01
-9.812028500614454751e-01
-9.820266113799367425e-01
-5.347786522932146402e-01
-5.625336367192077525e-01
-5.406885452249671209e-01
-5.289088293026080745e-01
-5.389588550016520818e-01
-4.412560876020623635e-01
-2.937442742747411462e-01
-5.755586325447419327e-01
-7.696231015398434794e-01
-7.574573457697130197e-01
-3.405829629112962498e-01
-6.994828116233176019e-01
-2.934691032468000338e-01
-2.184459845156326852e-01
-1.222193974544232842e-01
-3.627886198942169571e-01
-5.329719412749267526e-01
-6.224176882123644283e-01
-4.598220048439181085e-01
-3.830702375307374341e-01
-6.616166283880089427e-01
-6.041803331058055448e-01
-3.982007687837002541e-01
-3.354371284667286846e-01
-5.188898840968020343e-01
-3.871640294141990846e-01
-5.724789378706277576e-01
-3.391872531798144075e-01
-5.145190544211971639e-01
-1.788770617657103323e-01
-1.935795535929841216e-01
-1.461023546281378926e-01
-5.152087667342097888e-01
-8.160427297066059626e-01
-6.221899980946132835e-01
-8.363261951580440723e-01
-8.494745560864084277e-01
-1.034161857950993024e+00
-6.687016261439434617e-01
-1.131080831514486462e+00
-1.156602064300964905e+00
-1.058132951108941899e+00
-1.000576505484354950e+00
-8.065110894680270759e-01
-8.922788961737526670e-01
-7.215439926400207815e-01
-5.447393877459105749e-01
-9.860390696221181805e-01
-9.645011851539462278e-01
-6.992551876781267772e-01
-7.874103998830063178e-01
-9.169028600230488824e-01
-8.415790862938050676e-01
-1.027499830688906046e+00
-9.669542012002172449e-01
-7.864401910900777892e-01
-5.150194601431858921e-01
-6.817952309954588008e-01
-6.969320949049954139e-01
-6.554942574168072245e-01
-7.093270166784187980e-01
-7.882051813335565482e-01
-1.103865767244049501e+00
-9.932390887730294660e-01
-1.101536726983927794e+00
-1.017558708784026988e+00
-1.736925388022162897e+00
-1.705286183620661200e+00
-1.649041791383785371e+00
-1.502744603139615220e+00
-1.825064468726252054e+00
-1.706604655670498127e+00
-1.899624994563488656e+00
-1.690460133630756534e+00
-1.822398648328726001e+00
-1.714059537541855471e+00
-1.602074653557176598e+00
-1.150129954056667847e+00
-1.091390224090556194e+00
-7.306324525407834614e-01
-5.785978027709286486e-01
-5.730648908614541792e-01
-7.540675339230540342e-01
-7.548033328691921007e-01
-8.155536359973744043e-01
-9.879037884260092328e-01
-9.271328759474413150e-01
-8.920194604566771268e-01
-1.222335153853219225e+00
-8.729582808415276007e-01
-1.130288911849775868e+00
-3.609890100004358171e-01
-3.299984578503599164e-01
-3.428073659364926917e-01
-5.587564604449828387e-01
-3.158895709527446138e-01
-1.016556882179242699e-01
-2.782119686692671179e-01
-3.329783479048587513e-01
-2.599712715548112563e-01
-1.735483926872933014e-01
-1.037374297886259483e-01
-5.841544609992822545e-01
-6.301535951112042788e-01
-5.211808208245263252e-01
-5.225556581846666493e-01
-7.342296599157209780e-01
-6.906477228032282811e-01
-5.311722265188083547e-01
-1.037589763716441488e-01
-1.821879850135066370e-01
-4.148310548719333912e-01
-1.744665815256777330e-01
-2.048231828321863957e-01
-2.371041263869367866e-01
-5.041957453235063058e-01
-8.955398400942904402e-01
-9.871036827983397099e-01
-8.818468149196934114e-01
-8.584951735323250732e-01
-5.477985646461970282e-01
-6.212522022357538365e-01
-4.651685620570877311e-01
-1.097824669654273375e-02
-8.340096181582511148e-02
-2.870754559413878915e-01
-4.183870849364914601e-01
-2.925696733531322757e-01
-3.105073252424667141e-01
-4.369715165627965359e-01
-1.345201800906576858e-02
-1.609602955068560048e-01
1.287111035240972035e-01
1.494335506422624638e-01
-1.233395510637812914e-01
-1.519304103078727153e-01
-2.188327369499154518e-01
-2.006689672358269727e-01
-5.532372547185203659e-01
-1.395586640435853842e-01
-3.499547204855495419e-01
-6.919634232523781403e-01
-7.858755031842803440e-01
-4.339519815848257855e-01
-4.151802977280145690e-01
-7.666086233385533966e-01
-7.665569695854048682e-01
-3.381034581836790398e-01
-5.570595434765737153e-01
-8.242128071866023920e-01
-5.090255977938901166e-01
-8.115995928627022238e-01
-7.837499989298277736e-01
-7.362346317004161422e-01
-1.805134595943933551e-01
1.598257342256105273e-01
-5.010560530499614806e-01
-6.978868707344622058e-01
-2.101736764077244968e-01
-8.391782959963564603e-02
-2.199461560506982549e-01
-2.189060464785768101e-01
-1.712531832432741263e-01
-2.833431669658934005e-01
-1.877833938180619444e-01
-4.894312311110046165e-01
-6.480483823769788154e-01
-6.981128641810280255e-01
-5.874001982489449603e-01
-9.288136101191442062e-01
-8.137063272078187692e-01
-2.418622097772918367e-01
-1.327364358790409926e-01
-3.416844546037089980e-01
-1.511063278857325276e-01
-9.253051608833316732e-02
-4.115744034560323006e-02
1.083982394053919773e-01
-2.492186235024038132e-01
-3.111302903475463566e-01
-2.159746775507637162e-01
-4.389283106052566108e-01
-2.334500550657311324e-01
-3.085321661308373375e-01
-7.443079743181474361e-02
-1.933280412135646165e-01
-1.145647722016279874e-01
4.105837714687025630e-01
2.560325953873140437e-01
-6.143655295831228214e-02
-1.306112922197179560e-01
-1.209481669596220305e-01
-2.637196400742441993e-01
-5.727402564547108277e-01
-1.884340493758557833e-01
-5.303574277915391599e-01
-5.877163348589946601e-01
-4.582751608857544290e-01
-4.460502801107012472e-01
-3.120794291856999747e-01
1.646492388697354259e-01
3.464379377868309073e-01
1.260542601404738283e-01
1.492465075486204829e-01
-1.168905712038330880e-01
-2.858535214711983574e-01
-2.411108437929145865e-01
-2.502428304731887931e-01
-4.786651983360741269e-01
-1.742063489265420137e-02
2.319672581172400050e-01
3.974702418329074116e-01
3.129744691071972840e-01
6.801634833572172134e-01
7.823987484072056908e-01
5.689958322922367140e-01
7.593818548011427305e-01
6.293395847883718197e-01
2.153886220641764160e-01
2.024961476107982050e-01
4.637332317144934324e-01
6.097029225055664581e-01
3.018909586961009972e-01
3.806958504037494251e-02
2.039976526351104935e-01
-2.258661860068438346e-02
-3.227729160788863072e-01
-4.445672028440367241e-01
-4.802901151450844619e-01
-2.503466451573322371e-01
-4.403916054442398309e-01
-6.350556919729451189e-02
-1.792468599211104741e-01
1.498234204255928237e-01
-9.160131552625896956e-02
-3.898084678791867153e-01
7.349463631735725887e-03
-1.728208534538586416e-01
1.740846051401798503e-02
-4.005342405420806440e-01
-2.261102184336081511e-01
-6.941436361806493371e-01
-4.574868997959040673e-01
-4.076599088649021096e-01
9.610299762758985412e-03
-7.304366063207791415e-02
-4.693843367660556209e-01
-4.170656157553050969e-01
1.021693471395131586e-01
4.625297105900352812e-01
2.654349958852598723e-01
1.226259426579578010e-01
-5.674854442780552510e-02
-3.678478391516704082e-01
-2.970084917748598841e-01
-2.348001066546279436e-01
-6.756383029058107281e-01
-1.093843972302820600e+00
-1.480264197844586072e+00
-1.429438074854606278e+00
-1.618037903898069230e+00
-1.501712093243953383e+00
-1.700124186028862061e+00
-1.975043408838167203e+00
-2.025007328108936466e+00
-1.982855820707100314e+00
-2.001104209595761407e+00
-2.105882436737079644e+00
-2.449110403595842644e+00
-2.184864551428977730e+00
-1.911089226799278284e+00
-1.703982287899004966e+00
-1.690307408910763032e+00
-1.658954827561468726e+00
-1.718975667021320541e+00
-1.875167598210700781e+00
-1.809286788238706700e+00
-1.992464166702229589e+00
-2.358321974737295434e+00
-2.209202565851644540e+00
-2.351749288568247387e+00
-2.067595248880263359e+00
-1.994239030805580626e+00
-2.073400077204291314e+00
-2.615181097029410484e+00
-2.679267802231668938e+00
-2.548225512051940811e+00
-2.521782442591204543e+00
-2.874525444306592625e+00
-2.508484740101677879e+00
-2.259195736579423741e+00
-2.165081391913205699e+00
-2.053754393114550325e+00
-1.831933759655069327e+00
-1.775787778625489421e+00
-1.649442663262752795e+00
-1.479310362364294473e+00
-1.706155787766350684e+00
-1.623231191946993057e+00
-1.506150116805803796e+00
-1.611349083725848619e+00
-1.801039746705713318e+00
-2.184279891665063644e+00
-2.322477785082292634e+00
-2.649364804446406652e+00
-2.593247976319162262e+00
-2.666921541729086798e+00
-2.431851734414747668e+00
-2.705682473679190903e+00
-2.251100398998447716e+00
-1.969088630731196332e+00
-1.628514002905069979e+00
-1.579876293572886947e+00
-1.698146932971178025e+00
-2.076571566338713204e+00
-1.897165036348565925e+00
-2.179450944712405303e+00
-1.997335113595655853e+00
-2.075597874184920144e+00
-2.300645002620017365e+00
-1.853498592737006900e+00
-2.217756389002594197e+00
-2.151611273497099130e+00
-2.074571393881487591e+00
-1.897684662591001103e+00
-1.902445684321847796e+00
-1.786235316841098930e+00
-1.651587368974445358e+00
-1.804236765734501535e+00
-1.862214862179056185e+00
-2.011358334237007384e+00
-1.889716274610915292e+00
-1.603847068522563868e+00
-1.445700949484545417e+00
-1.226595027859374465e+00
-1.203892111221641859e+00
-1.141758848559707218e+00
-1.172645117655047420e+00
-1.119405767073950120e+00
-1.294338214318032421e+00
-1.602332222040520726e+00
-1.239384230299049428e+00
-1.315471413824582214e+00
-1.385893234059497825e+00
-1.657580747403755383e+00
-1.617761303340334411e+00
-1.545518913051268317e+00
-1.613927251701076093e+00
-1.703174144696741443e+00
-2.079150269207541424e+00
-1.884578372084027231e+00
-1.758445511434143516e+00
-1.745312058709051817e+00
-1.638213487692285364e+00
-2.099563799259172470e+00
-1.986205325001260347e+00
-1.813982001411521328e+00
-1.546927450696466089e+00
-1.209964557029585164e+00
-1.291473291602993845e+00
-1.580782856875658116e+00
-9.561658248152645756e-01
-9.388450470262945657e-01
-1.331173517424343089e+00
-1.400245673393007317e+00
-1.467118392312781960e+00
-1.405426674406871079e+00
-1.540037790900773862e+00
-1.393601520595185050e+00
-1.191293223863164163e+00
-1.551304846804731019e+00
-1.491793301596184840e+00
-1.819506743011470196e+00
-1.808600200031692529e+00
-1.552657878197433838e+00
-1.202509213710008851e+00
-1.395819904174926185e+00
-1.322254341794761201e+00
-1.337860076925172503e+00
-1.110503275590401628e+00
-8.988334598008864695e-01
-1.018081404858032890e+00
-1.110773093277792167e+00
-1.298325470047215324e+00
-1.521879526897600421e+00
-1.266493089863400590e+00
-1.242942277890558778e+00
-8.794147537841824347e-01
-1.109234350798892654e+00
-1.038764901625536918e+00
-6.919389671212398119e-01
-7.326111739427111358e-01
-9.850167692763535099e-01
-9.439668577126865134e-01
-8.503642829526819602e-01
-8.760492387257436953e-01
-1.105310620405481892e+00
-1.110596720238672175e+00
-9.630133389313341175e-01
-7.663393097992303726e-01
-5.930106111688918658e-01
-2.108630049823323194e-01
-1.395852004097803967e-01
-4.040103862415921343e-01
-5.049080321589597409e-01
-7.203474702106560379e-01
-7.093217365421696785e-01
-6.057354190716477405e-01
-8.672200182154425896e-01
-6.361433465440911039e-01
-7.484300796695938507e-01
-6.377210186472841436e-01
-7.760867267047095730e-01
-8.417377930046634482e-01
-1.235660717716116741e+00
-1.103181835960111101e+00
-1.078695861111387266e+00
-1.336266268508000010e+00
-1.299871624132642456e+00
-1.398945161418938321e+00
-1.648223667887089627e+00
-1.463413911768833842e+00
-1.847109410312609556e+00
-1.857875645505077555e+00
-1.606521544277252467e+00
-1.602639822268872472e+00
-1.355649354905972270e+00
-1.448274188197127055e+00
-1.459833176949978828e+00
-1.497437408543923709e+00
-1.049793712862961081e+00
-8.546556168778877138e-01
-8.479613812695373509e-01
-1.029195073543609062e+00
-8.300949475885476270e-01
-8.478905440837305463e-01
-9.695497986665245760e-01
-1.203588135617380983e+00
-1.073438879514916566e+00
-1.010628269161639725e+00
-1.023443158142014475e+00
-7.688890351277968271e-01
-8.477556341647317639e-01
-1.289610992078265905e+00
-1.216191889016414507e+00
-1.192857792005427742e+00
-1.097968355567485732e+00
-9.203697641289370068e-01
-5.511360260320325999e-01
-9.642318334974153693e-01
-7.298430856699672509e-01
-8.983224378872530780e-01
-1.034247026167645078e+00
-1.032108793617159126e+00
-1.265020970332208838e+00
-1.219332232141987493e+00
-1.237703752935515933e+00
-1.219113295926567586e+00
-1.290403431113000154e+00
-1.449614922557688423e+00
-1.354033081467481692e+00
-1.462291640766912648e+00
-1.314350875480587044e+00
-1.362024805932803950e+00
-1.453563859396126201e+00
-1.482119220706082263e+00
-1.105843695331486298e+00
-1.087505353057656832e+00
-1.002283486419077274e+00
-9.986317801970443497e-01
-1.039287956982888561e+00
-9.038133141858839537e-01
-1.072408493098081284e+00
-7.383128300763939222e-01
-6.516086342540410303e-01
-7.144007800913212414e-01
-8.306517342069873466e-01
-1.209844834120261448e+00
-1.196421123271527609e+00
-1.104637698101601506e+00
-1.129599957546619349e+00
-1.005554448993270844e+00
-1.129564210698691618e+00
-1.080326691322367472e+00
-1.318981666912192319e+00
-1.659970152897346951e+00
-1.510500434783039525e+00
-1.831392421462906261e+00
-1.718760116705152496e+00
-1.637878993998074018e+00
-1.870923263280527049e+00
-1.558669255824314259e+00
-1.310526271968692535e+00
-1.586977496771308616e+00
-1.777753174309292028e+00
-1.918314491913627684e+00
-2.052925596743222059e+00
-1.976453457546436310e+00
-2.125763611761842142e+00
-2.212765468425891502e+00
-1.957322024337056821e+00
-1.788214816346536340e+00
-1.596539921930588246e+00
-1.533221056621354217e+00
-1.542501121458241586e+00
-1.466926511181935844e+00
-1.508049544097674888e+00
-1.435577708767697080e+00
-1.299332203938049268e+00
-1.385330108181570541e+00
-1.269420384792254719e+00
-9.768349316060123133e-01
-1.411252700848369290e+00
-1.387406130637599544e+00
-1.125030792772373722e+00
-1.403556828784992438e+00
-1.467854304427007373e+00
-1.514888275689700636e+00
-1.236981478023290171e+00
-1.160764717619982678e+00
-1.240391231590171506e+00
-7.812936829554083529e-01
-8.776950214839699393e-01
-1.090991235652854163e+00
-1.001039950382786925e+00
-1.218115799125629506e+00
-1.207549631948334090e+00
-1.230742926056014097e+00
-1.079815882999313859e+00
-6.380663464429505716e-01
-6.586485080261055280e-01
-6.630490689020547279e-01
-9.730627492951539059e-01
-8.181012373900566903e-01
-1.116357803537827653e+00
-8.095617840960096512e-01
-8.358110594020404793e-01
-7.993089129848550689e-01
-1.024620115917494800e+00
-1.219529691175640362e+00
-1.242088886468541986e+00
-1.173664830315907626e+00
-8.959303988393875207e-01
-1.096880990603165351e+00
-9.388371138009886652e-01
-8.857185280673225414e-01
-8.620289790690777165e-01
-8.481759066415217596e-01
-8.067344456705486389e-01
-7.828904558144839099e-01
-7.989032395326621794e-01
-7.283432458575822555e-01
-4.874412870316567892e-01
-5.448607420174510496e-01
-1.786487712406851780e-01
-4.125848993028926603e-01
-6.220035647656949607e-01
-6.502636678415821825e-01
-3.209575842023822956e-01
-4.156317607540488956e-01
-6.744421383903824729e-01
-5.099183764601717961e-01
-8.595770013245478403e-01
-7.721247285457073506e-01
-5.127395861708824443e-01
-2.523695024967362865e-01
-3.400131898755171522e-01
-2.141249902542675942e-01
-4.185612425881841681e-01
-5.802919571731997017e-01
-5.054956144506908000e-01
-8.107149233633735852e-01
-6.711971525822710838e-01
-7.075378181782849829e-01
-1.749332741492137244e-01
-2.813875627856066708e-01
-5.618822583886738942e-01
-3.053608984092981982e-01
-4.335667626178094647e-01
-7.080421711749609326e-01
-6.600407077680716661e-01
-6.635899717008639787e-01
-8.089144613995230548e-01
-7.228957475853931003e-01
-1.081768550836440967e+00
-9.409515137846402588e-01
-9.426141400855496677e-01
-9.239351153703623254e-01
-8.149242033954919862e-01
-1.143189501238736527e+00
-1.214164045294614747e+00
-1.498063283878555030e+00
-1.578774477298339196e+00
-1.251591396367268905e+00
-1.619750936645371509e+00
-1.756256841607657160e+00
-1.918155994221415916e+00
-1.899690943644264829e+00
-1.692802970985061828e+00
-1.559702485213379175e+00
-1.219173902040031621e+00
-1.275535447505055098e+00
-1.666688211234848893e+00
-1.235709892246513730e+00
-1.411130186093855876e+00
-1.200678514878154912e+00
-1.255454033460705832e+00
-1.368854969067470506e+00
-1.327629202210620640e+00
-1.217801449167649430e+00
-1.175654061108720061e+00
-1.209311393685104319e+00
-9.845621929890993052e-01
-1.034700676448539136e+00
-1.106609767943892431e+00
-1.093396304076182268e+00
-7.964524740659957303e-01
-7.262164309106302618e-01
-7.882721563766972306e-01
-6.333421121535994791e-01
-6.928831247278710581e-01
-7.428012077814383218e-01
-9.945151084195814617e-01
-1.031352297177233091e+00
-1.162212182315314424e+00
-1.291907876531399602e+00
-1.681775699251028211e+00
-2.188333274893473401e+00
-2.479787860831802693e+00
-2.774313974520106640e+00
-2.608557604277626396e+00
-2.445280283807106159e+00
-2.534239363232539954e+00
-2.373904883353807005e+00
-2.641679828871520641e+00
-2.429475294954944520e+00
-2.379336153792457331e+00
-2.603176384296927548e+00
-2.688921004846187124e+00
-2.670446171042147210e+00
-2.789001868748586244e+00
-2.722694968568829310e+00
-2.712140945396651848e+00
-2.735989070682228963e+00
-2.329307605202435738e+00
-2.360821112317381676e+00
-2.046098623853727094e+00
-2.234335322867990747e+00
-2.364639089265766714e+00
-1.951225233802060366e+00
-1.952826644716020077e+00
-1.845578900374889031e+00
-1.864056342748350081e+00
-1.992871356317343468e+00
-1.761549334783055087e+00
-1.797283805229622944e+00
-2.313597952049480266e+00
-2.114765954825944760e+00
-2.055864649485519280e+00
-1.950235018707485057e+00
-1.653674932878412829e+00
-1.594932149599726179e+00
-1.694871526285468333e+00
-1.545098721311956247e+00
-1.866893553590315058e+00
-1.827464208246944111e+00
-1.672642813621094016e+00
-1.569392519306941569e+00
-1.655000240671531397e+00
-1.235936440728773400e+00
-1.555143757173390373e+00
-1.579091719854704978e+00
-1.281876455290055672e+00
-1.222007127899752410e+00
-1.385260264566077648e+00
-1.132982285240307307e+00
-1.304853838538335697e+00
-1.163776204019352889e+00
-1.119510876594975057e+00
-9.383779240592793336e-01
-1.022359630606030523e+00
-1.083721195489173006e+00
-1.169883138411463630e+00
-1.069872354832084316e+00
-1.179520041645532258e+00
-1.268147549424168963e+00
-1.241297457085893230e+00
-1.201316985836237583e+00
-9.997688338263761576e-01
-1.013644104296827830e+00
-1.426129632975497774e+00
-1.350116412741980021e+00
-1.572483020764501305e+00
-1.733582513872498732e+00
-1.702757599215262596e+00
-1.784870715511871264e+00
-1.928601463398992744e+00
-1.776337406823321308e+00
-1.517512963397678050e+00
-1.286459852186617292e+00
-1.577093837682673971e+00
-1.745573761005534408e+00
-1.820386097917315871e+00
-1.580550691090530258e+00
-1.765133377141812288e+00
-1.760310216324355803e+00
-1.789487992388828275e+00
-1.419350908210302631e+00
-1.553975539544672602e+00
-1.803997520019321676e+00
-1.661015307617399239e+00
-1.647932336231477279e+00
-1.822074066629134403e+00
-1.659632063995472029e+00
-1.561820007489857831e+00
-1.239733124642045325e+00
-1.322288939001130537e+00
-1.620118818941672867e+00
-1.684045512188008020e+00
-1.569816048476293080e+00
-1.435232953971034231e+00
-1.557419485689777616e+00
-1.393880449309788938e+00
-1.220180285548563948e+00
-1.272096131540815911e+00
-1.341415180674937035e+00
-1.213243868592392083e+00
-9.428381275597099709e-01
-8.863228763521596720e-01
-9.330437651006777688e-01
-1.128214943324441277e+00
-8.079106638144616381e-01
-7.103648423035091586e-01
-7.052321810862548501e-01
-8.813925931073254283e-01
-8.927841169612908967e-01
-9.602964223478842598e-01
-9.801145658106812375e-01
-1.166447301164962314e+00
-1.090520999211844533e+00
-1.306880543737157563e+00
-1.320213068263082157e+00
-1.374795314232069243e+00
-1.328932328232455440e+00
-1.154441776022090416e+00
-8.087473462022548576e-01
-9.052290136225182859e-01
-9.609399057364788055e-01
-1.059472500284097229e+00
-9.138358205358545483e-01
-9.789450454714708760e-01
-7.336449541331412361e-01
-6.626574868260441953e-01
-4.225280448794686561e-01
-2.263461192771298869e-01
-3.924049700766451543e-01
-8.019104989504085568e-01
-8.614765873894106862e-01
-7.873554498062454998e-01
-8.633935891041274457e-01
-9.051858999518204163e-01
-9.399608824042368083e-01
-7.938196974186662036e-01
-8.492851230755733560e-01
-6.029221398109499974e-01
-7.438429753317178372e-01
-9.841736394775735253e-01
-9.152160776806437248e-01
-1.005922501715670991e+00
-6.673048776840526664e-01
-7.448402306948733731e-01
-7.559982148667617752e-01
-6.577250185936244220e-01
-7.288835942910503185e-01
-9.473052862240449734e-01
-1.018900108626240808e+00
-1.211745517835318697e+00
-1.226261784318012804e+00
-1.162538889725524216e+00
-1.243934451185242152e+00
-1.609229356806431088e+00
-1.272028039442084424e+00
-1.060496458797330455e+00
-1.118299233127562520e+00
-1.217676369743839748e+00
-1.315431240153620118e+00
-1.128364565341661185e+00
-8.739839593964104925e-01
-9.306558241883544635e-01
-1.073530379758655950e+00
-1.160669269586430685e+00
-1.112296639976591894e+00
-1.094530159549645498e+00
-8.690554871507571999e-01
-9.232359995454201274e-01
-7.089598429616051911e-01
-6.624317508068755522e-01
-7.257221898441497121e-01
-8.672428719074658510e-01
-8.687155466602242138e-01
-8.902805635925152838e-01
-9.442231334107878959e-01
-1.080616777258277761e+00
-9.846777950574493454e-01
-9.777641354721586797e-01
-9.256271228272581197e-01
-7.947006449497415748e-01
-8.251887681922589479e-01
-9.621461179437973410e-01
-1.028843195740714256e+00
-8.849352161341307310e-01
-5.662360925705133274e-01
-7.384306225799117662e-01
-9.227085729060805486e-01
-1.033700196095763468e+00
-7.691972327564347012e-01
-7.715571730174003440e-01
-9.778403612935464562e-01
-1.056115197753613399e+00
-1.227086488883262216e+00
-1.407143113487087760e+00
-1.353697922907427964e+00
-1.381855023095669210e+00
-1.453966287916032218e+00
-1.755851931050589343e+00
-1.860818221851441745e+00
-1.972611540818967057e+00
-1.939957764584641753e+00
-1.998837133947580336e+00
-1.893722935361967341e+00
-1.811206198747203455e+00
-2.025079759495243437e+00
-1.874138878911517869e+00
-1.738568199156564020e+00
-1.909106837614554575e+00
-1.909683733386854820e+00
-1.786123511325646840e+00
-1.464508944833514681e+00
-1.492780532696674323e+00
-2.033684903611765904e+00
-2.329048425107278053e+00
-2.527125466538208354e+00
-2.529277188946845278e+00
-2.743565078772356003e+00
-2.852089954337804212e+00
-2.969135668426689190e+00
-3.193572450432674792e+00
-3.045974657557978915e+00
-2.861419589781819095e+00
-2.768256545702809657e+00
-2.558473179015043897e+00
-2.552693349791716138e+00
-2.352817543252911037e+00
-2.417731609398948045e+00
-2.485042414165112845e+00
-2.795233645646922227e+00
-2.735980886587127348e+00
-2.815637731057719861e+00
-2.887757709874761325e+00
-2.617571824159072413e+00
-2.459505970381403284e+00
-2.575795726926779494e+00
-2.695781281738212520e+00
-2.538192938888671257e+00
-2.449536620192713787e+00
-2.556041367935057984e+00
-2.525270903979963677e+00
-2.618209168506375306e+00
-2.647695554898284342e+00
-2.426003130933724439e+00
-2.621785134994213173e+00
-2.626170155651412763e+00
-2.588945680367876534e+00
-2.546425158743064188e+00
-2.673392318991057337e+00
-2.444795740388515881e+00
-2.476711309615955869e+00
-2.665255009898639837e+00
-2.687744089735465192e+00
-2.640379325670338506e+00
-2.688520061337652312e+00
-2.593497622986003837e+00
-2.356697327232651240e+00
-2.631344193152935773e+00
-2.269563469361501884e+00
-2.271981203555525575e+00
-2.265681209956130093e+00
-2.207652622332198611e+00
-2.306219540689971481e+00
-2.124837572885166725e+00
-2.319229220320773610e+00
-2.536088222674813153e+00
-2.338202911009242602e+00
-2.082824535049052184e+00
-1.963978893888550514e+00
-1.817749734671656681e+00
-1.798334707370126351e+00
-2.024543183915452627e+00
-2.002574158751532440e+00
-1.648462497284975292e+00
-1.298005250925897691e+00
-1.222772457146064751e+00
-1.509169676845440344e+00
-1.643742009052423292e+00
-1.793307157905839500e+00
-1.759094294658684721e+00
-1.781191758788542634e+00
-1.904422365875657608e+00
-1.589415178923173633e+00
-1.662753008108367903e+00
-1.741108466214455808e+00
-1.698843704064074256e+00
-1.607235094965375977e+00
-1.860915094123936075e+00
-2.017738526238132657e+00
-1.868151832791181466e+00
-1.568450568849221183e+00
-1.509130628072091973e+00
-1.412106344343711850e+00
-1.153393186143781612e+00
-1.263517802325538675e+00
-1.433275793319044533e+00
-1.706153812802732483e+00
-1.854305577583530429e+00
-1.702533730887150210e+00
-1.888471618955918085e+00
-1.789792220968267067e+00
-1.894965975626174082e+00
-2.019666723541969855e+00
-2.120112733511440695e+00
-2.186391968696826282e+00
-2.015220927662995098e+00
-2.034855103415013744e+00
-1.843573048440577677e+00
-1.716520600591848078e+00
-1.725493571487096922e+00
-1.777850077021075892e+00
-1.792797117010894947e+00
-1.727759825765805779e+00
-1.818153064051978296e+00
-1.669247085763706728e+00
-1.587407264412153518e+00
-1.789611526569530486e+00
-1.669173730053379545e+00
-1.665776245409738010e+00
-1.570084446095554975e+00
-1.622303999906772320e+00
-1.676454580790041282e+00
-1.657590359675798375e+00
-1.550026740335216813e+00
-1.423294764862054640e+00
-1.537271542480938225e+00
-1.661164556741547615e+00
-1.609844794936707402e+00
-1.733145660354999951e+00
-1.757484278528745669e+00
-1.779960571328277563e+00
-1.967891889237867398e+00
-1.706066750079039629e+00
-1.500785543215923390e+00
-1.630972956841250765e+00
-1.527427924427041672e+00
-1.494059123064274797e+00
-1.465730598589712885e+00
-1.485254659863699533e+00
-1.845482771065701799e+00
-1.877682081254547164e+00
-1.815600946657238923e+00
-1.687066306760775847e+00
-1.672480234012478917e+00
-1.771920435897566870e+00
-1.756951133357067762e+00
-1.516205948174880858e+00
-1.474827182431285522e+00
-1.391012762791658197e+00
-1.363975913918233918e+00
-1.305425507361470672e+00
-1.187963391929657497e+00
-1.443216963690904020e+00
-1.524131131315256349e+00
-1.259202736389570809e+00
-1.186023898436520341e+00
-1.085252191460371440e+00
-8.799094059065641904e-01
-1.124459219863067183e+00
-1.065423560739706677e+00
-1.341445663951618350e+00
-1.329249127504405159e+00
-1.419143913679362212e+00
-1.545334607429925011e+00
-1.589860312344071325e+00
-1.701704441840344639e+00
-1.675611477633813129e+00
-1.457777406176150370e+00
-1.478108555349205933e+00
-1.563540557428706457e+00
-1.804555632321814596e+00
-1.688027384904000838e+00
-1.560094998584224513e+00
-1.673557371842407271e+00
-1.280355033549265720e+00
-1.304932902122464933e+00
-1.057152984586466893e+00
-9.513111245775698332e-01
-8.885515546401120401e-01
-7.984527273593587937e-01
-6.317214380361195758e-01
-8.207254339198739590e-01
-8.928248840924027929e-01
-8.043917949647982901e-01
-8.483595233703989935e-01
-9.393060559674716314e-01
-9.273987541156031300e-01
-8.919275952404261965e-01
-7.659596890712717654e-01
-6.675062138607528173e-01
-7.950142947568046292e-01
-6.924272932558874771e-01
-7.185570417834242773e-01
-6.501944482951316218e-01
-7.129479456825644768e-01
-8.351957231661908398e-01
-9.513423072919062751e-01
-9.319190032898357900e-01
-8.578285294814640416e-01
-1.041496922280111592e+00
-8.045047968558312057e-01
-8.558955686993157119e-01
-9.051645668565018177e-01
-1.138109702234384013e+00
-9.517175201463103917e-01
-1.170751449302344316e+00
-1.266939385740571744e+00
-1.434612249210450052e+00
-1.528420078983611319e+00
-1.761447507582996508e+00
-1.795482808734170099e+00
-1.727119231464956162e+00
-1.682461957265706021e+00
-1.399238961065876197e+00
-1.649920604334812690e+00
-1.578859192177431758e+00
-1.504210324044316094e+00
-1.731497757258408932e+00
-1.679119610992839018e+00
-1.593812960741178175e+00
-1.654919994124969929e+00
-1.412979235286935698e+00
-1.299787362420491199e+00
-1.321808603725169284e+00
-1.339018539687030662e+00
-1.290440452515136505e+00
-1.577011031003800134e+00
-1.467981693415510769e+00
-1.652949152687944512e+00
-1.593393128735199005e+00
-1.596960663001596004e+00
-1.674308167065087671e+00
-1.912119079962535828e+00
-1.957042446250248702e+00
-1.744330077501139886e+00
-1.709146563550131503e+00
-1.614434366034047219e+00
-1.517577984677761282e+00
-1.561097273443796674e+00
-1.858860695975102839e+00
-1.778984769467919724e+00
-1.693641228431102874e+00
-1.788784010568844396e+00
-1.493063585684153205e+00
-1.772753693107921080e+00
-1.930237564267512029e+00
-1.841786541579667036e+00
-1.797067612674583925e+00
-1.800959106363494433e+00
-2.003187468423287321e+00
-2.149159440845308300e+00
-2.221717863409436333e+00
-2.313068462681926452e+00
-2.247769051968647958e+00
-2.141332759153488308e+00
-2.124124905440604394e+00
-2.225355529691733114e+00
-2.252722471851884567e+00
-2.154319122984328150e+00
-2.168177445879575949e+00
-2.140018384294410492e+00
-2.272808468505698176e+00
-2.229102662262507195e+00
-2.255506466070489324e+00
-2.376803185759893022e+00
-2.403648076531261335e+00
-1.992210297820971032e+00
-1.930522502039686117e+00
-2.082548828662583507e+00
-2.315684842085291351e+00
-2.438594829294379096e+00
-2.284471970930349372e+00
-2.296191933619981640e+00
-2.344885388051021646e+00
-2.256438686394526272e+00
-2.294946557773609452e+00
-2.108996536305589586e+00
-2.110638242726502245e+00
-2.157740009670056303e+00
-2.147004101489587757e+00
-2.369048075670004305e+00
-1.976614871126112005e+00
-1.961475860564669382e+00
-1.979623650920074418e+00
-1.904298171495053982e+00
-2.077920260129463959e+00
-2.149447725626128847e+00
-2.305004845348832543e+00
-2.073010652857098179e+00
-2.166957154458126311e+00
-2.145185947101631463e+00
-2.198139584447750039e+00
-2.262718912809434713e+00
-2.165694095707475508e+00
-2.197668505737646605e+00
-2.217344032874145832e+00
-2.228669834791294324e+00
-2.357984010263242780e+00
-2.356613732477908396e+00
-2.362401227233275947e+00
-2.334658557051574768e+00
-2.450813408270527738e+00
-2.504768618137745761e+00
-2.848521186754854995e+00
-2.727645177139412791e+00
-2.816949496156084365e+00
-2.674625177973190215e+00
-2.757375080185513028e+00
-2.982577866693743029e+00
-2.812009923032501302e+00
-2.848565629736671045e+00
-2.857876398256397721e+00
-3.072506573226994941e+00
-3.037342512943813411e+00
-3.093372995505822232e+00
-3.057733167275900055e+00
-3.102481258557193033e+00
-2.921047066784129509e+00
-2.970799235857304321e+00
-3.101670265774085777e+00
-3.195517223500382364e+00
-3.328815800748086584e+00
-3.613378970450694894e+00
-3.446135651933307731e+00
-3.292687509822433523e+00
-3.078677422336212111e+00
-3.039785918178022239e+00
-2.842950434996296405e+00
-2.990836823044220161e+00
-2.797319547683061458e+00
-2.801180571160722721e+00
-2.949480802037300897e+00
-2.877041303600454292e+00
-3.029948261111440999e+00
-3.132890824140394326e+00
-3.067014022198264467e+00
-2.839387857042689589e+00
-2.954140217468521179e+00
-2.830131414819890612e+00
-2.861843730984209078e+00
-2.807579416162289121e+00
-2.764456448989136117e+00
-2.870905526530461049e+00
-2.855030799029497857e+00
-2.762903515004522692e+00
-2.723956896757298018e+00
-2.728675565907524359e+00
-2.521623139216148779e+00
-2.290073234925005696e+00
-2.102274839377531457e+00
-1.944632721691801125e+00
-1.932676117862130782e+00
-1.943641188908193707e+00
-1.904625625988978443e+00
-2.126720485781153247e+00
-2.282198780320110032e+00
-2.276233035142726902e+00
-2.145127371734063537e+00
-2.075835559519470852e+00
-2.153171385982980190e+00
-2.107751860939095501e+00
-2.082969622123128861e+00
-2.016212312103127680e+00
-1.879276767095936274e+00
-1.974414899385405819e+00
-2.095505358106418914e+00
-2.094750873675820468e+00
-2.090686730787992609e+00
-1.924502553210063693e+00
-1.739816966901802875e+00
-1.634136971540315342e+00
-1.616803823121397254e+00
-1.637197383554594987e+00
-1.528069956994701162e+00
-1.465085548600978171e+00
-1.266312549928408693e+00
-1.355139073724783927e+00
-1.317474766353022186e+00
-1.610395448068155044e+00
-1.515968162670004338e+00
-1.466390685863701693e+00
-1.577092279821468157e+00
-1.420507502772912156e+00
-1.646380396797559209e+00
-1.650803148544963683e+00
-1.593500241583994725e+00
-1.217886881815789080e+00
-1.098288356783241548e+00
-1.213432156927066297e+00
-1.182281960109422103e+00
-1.187487092765873609e+00
-1.107986362628381682e+00
-9.670584039624987582e-01
-1.043717847390398523e+00
-9.331778313623494414e-01
-8.790488792246824445e-01
-1.032131538360606893e+00
-9.291399552799579631e-01
-1.017899776020412039e+00
-9.145885948610117389e-01
-8.946609466545739631e-01
-9.738705514791882178e-01
-1.058347707464267096e+00
-1.034993641368526562e+00
-9.985633518647227813e-01
-8.504096280279287434e-01
-9.733619496598637788e-01
-8.211195239441820837e-01
-8.627953468836088158e-01
-7.994000964292364841e-01
-8.545302087705983762e-01
-7.717613159211623719e-01
-9.479822661492107727e-01
-9.491785953997435854e-01
-8.409612992065150783e-01
-8.658165696445362380e-01
-9.314541349418523630e-01
-1.085142389081284353e+00
-1.047084860371730430e+00
-1.169161839518164436e+00
-1.370225336978708519e+00
-1.392589357683755802e+00
-1.270933923912362928e+00
-1.457509716276121026e+00
-1.393439804377076596e+00
-1.369744112928599433e+00
-1.350595447729002974e+00
-1.175476830406945616e+00
-1.187147618611737121e+00
-1.240377536908062295e+00
-1.196817407450048609e+00
-1.408423590710060846e+00
-1.456306309642123820e+00
-1.617559831247470603e+00
-1.475862293741118769e+00
-1.391566893548078943e+00
-1.532161510826584472e+00
-1.584427881880871469e+00
-1.685590674470906158e+00
-1.804756018494830583e+00
-1.870432121625607902e+00
-1.758186716274864558e+00
-1.960470658795874233e+00
-1.812076852586430809e+00
-1.576374836725073170e+00
-1.377702634475808541e+00
-1.469636681847116488e+00
-1.408889897922824153e+00
-1.925867253835588544e+00
-1.811617531312324170e+00
-1.757239031049102174e+00
-1.779643905059379971e+00
-1.656634659347059335e+00
-1.704107674550571883e+00
-1.805752787129009551e+00
-1.897135392439028179e+00
-2.003987776085246697e+00
-1.992213457908349472e+00
-2.063091067753980656e+00
-2.061013439113833723e+00
-1.990959054422304142e+00
-2.031430317183492651e+00
-1.854356928168986673e+00
-1.895161267577194053e+00
-1.916253797904476253e+00
-1.988876957737433449e+00
-1.940712004345641617e+00
-1.806937215302518496e+00
-1.837029729157970914e+00
-1.987924308063727219e+00
-1.853169433862938753e+00
-1.820081459392370427e+00
-1.918779282233066708e+00
-1.963383673385923345e+00
-2.069710824195395649e+00
-2.017229451574057641e+00
-2.015723573753164910e+00
-1.950837992018935818e+00
-2.021840025489557657e+00
-1.988759853976329151e+00
-1.871497409101275045e+00
-1.883439954920993253e+00
-1.755593263635595980e+00
-1.840452186306319904e+00
-1.778309102904205075e+00
-1.955288924752965007e+00
-1.597319130774093043e+00
-1.561743510165789273e+00
-1.736593050153152351e+00
-1.690829762860798002e+00
-1.577017896279236275e+00
-1.249798883376384895e+00
-1.287151317901752634e+00
-1.352256366882724548e+00
-1.221167568681592597e+00
-1.338176311805827190e+00
-1.509938918434276189e+00
-1.396685640925906302e+00
-1.380718776370978285e+00
-1.484043322222778905e+00
-1.554138642277099081e+00
-1.530887327154865751e+00
-1.519374233163367505e+00
-1.564939562101665738e+00
-1.411241827035465635e+00
-1.323650362481786580e+00
-1.331689220146462738e+00
-1.250635202661810164e+00
-9.118275266772987164e-01
-1.060386513530263697e+00
-1.048682373388246658e+00
-1.417328312039209504e+00
-1.389686009229318175e+00
-1.482646157701704048e+00
-1.358564441106453025e+00
-1.191587603138425600e+00
-1.112064976546499384e+00
-1.289194334816652132e+00
-1.596902361608650400e+00
-1.695601434258026563e+00
-1.692001841642341464e+00
-1.981801772936363060e+00
-2.090223723256489752e+00
-2.127489317613634245e+00
-1.969922880339775473e+00
-2.054260240150265204e+00
-2.123373073120364385e+00
-2.205664627393341348e+00
-1.974866827980907846e+00
-2.035920770478350850e+00
-2.180271979561740014e+00
-2.084850887062856373e+00
-1.960033294945926929e+00
-1.955716537494847973e+00
-1.789492029261689821e+00
-1.509193344274241788e+00
-1.747328698457654816e+00
-1.792697898040561011e+00
-1.659195016815681933e+00
-1.799567397685683856e+00
-1.804303545847703028e+00
-1.685003159276653673e+00
-1.531857974154143598e+00
-1.446548292168342131e+00
-1.452817566961076334e+00
-1.555823623818411328e+00
-1.352053980012779544e+00
-1.157783113704754063e+00
-1.191394927799254599e+00
-1.395682497326208305e+00
-1.470668846975708766e+00
-1.178330389640072751e+00
-1.242548793126979412e+00
-1.363470356146891937e+00
-1.430679075606861916e+00
-1.452015520900657997e+00
-1.535866400439701129e+00
-1.408622588929954400e+00
-1.223034843648760139e+00
-1.026257207781561043e+00
-9.296769933714688072e-01
-9.766408184288053462e-01
-1.054656954557736004e+00
-9.458453853416336488e-01
-1.085692941471632089e+00
-9.671989481943616962e-01
-9.399473345245866751e-01
-8.487936366918302777e-01
-7.248164342067563437e-01
-8.986550157614937584e-01
-6.227712179448428031e-01
-6.016697866621970592e-01
-5.887469761145224245e-01
-5.453537642805074137e-01
-6.586040348914404818e-01
-8.235291328465612626e-01
-6.639922666207804802e-01
-6.097889743733168055e-01
-4.697309533934169723e-01
-6.894412627866804977e-01
-6.390363364571332028e-01
-8.560125941654047610e-01
-8.275474917521107310e-01
-8.733815766321593177e-01
-8.129714998683028604e-01
-8.003315573782789905e-01
-7.239057721112421850e-01
-7.710855247645511668e-01
-1.020256468257029647e+00
-1.217738779362566026e+00
-1.107161320762644729e+00
-1.061923647948609384e+00
-8.436215743273296486e-01
-9.617677399722559528e-01
-9.622327118521663003e-01
-8.910288324903776758e-01
-9.407902624746020681e-01
-1.049043604552915898e+00
-1.019945820792792279e+00
-8.799837449984385662e-01
-8.459676271453139274e-01
-1.050556861198052694e+00
-1.063512868538214917e+00
-1.114805077730221861e+00
-1.266257199684647228e+00
-1.205076727706146933e+00
-1.155819513049006098e+00
-1.370387837005529796e+00
-1.421162433433267758e+00
-1.433214679104141576e+00
-1.468415976364371156e+00
-1.192128197365954101e+00
-9.503342221647133048e-01
-1.020252033885061582e+00
-1.067585944107011464e+00
-1.155659340909143795e+00
-1.405775048768941549e+00
-1.455381861096454621e+00
-1.660103889825975676e+00
-1.757479151087013358e+00
-1.657196321910448411e+00
-1.334570591936597772e+00
-1.350749476917495251e+00
-1.248593790300618123e+00
-1.436204215476871493e+00
-1.493985247038254860e+00
-1.334451929400580106e+00
-1.064924538764623341e+00
-1.255058825270927825e+00
-1.214681167349264568e+00
-9.056394174883775072e-01
-9.831965419052008937e-01
-1.022566767147877975e+00
-1.342586266784701499e+00
-1.226726054782409925e+00
-1.175916162726002412e+00
-1.231744882275263020e+00
-1.249387202059030644e+00
-1.408498278279726623e+00
-1.595166169791607524e+00
-1.729784533876890018e+00
-1.799628380055804389e+00
-1.659783733739980782e+00
-1.722619167941988882e+00
-1.774428935273059338e+00
-1.655512244280763046e+00
-1.598378277656237856e+00
-1.625955352480229932e+00
-1.496799494245187656e+00
-1.756136951550401726e+00
-1.773273924014335590e+00
-1.917249725960404882e+00
-1.742643158673523818e+00
-1.796753392132641958e+00
-1.941031899654117598e+00
-1.730890584947622823e+00
-1.786808015817038076e+00
-1.829946831384908990e+00
-1.619837257444367795e+00
-1.755679525554133313e+00
-1.854033012274854286e+00
-2.045218631065572445e+00
-1.943956153698021883e+00
-1.924328966516908102e+00
-1.714965201967529440e+00
-1.780722164362933180e+00
-1.791039000415159732e+00
-1.839734422346456011e+00
-2.012373902175361273e+00
-2.075924317621264947e+00
-1.838559588400988654e+00
-1.847168591850875563e+00
-2.100395739283769991e+00
-2.143564630101558954e+00
-2.056834611651996436e+00
-1.885313076950145161e+00
-1.858872737940088449e+00
-1.992384879047864210e+00
-2.217495031643417658e+00
-2.282461505423365011e+00
-2.092962915813847857e+00
-1.949959866187630952e+00
-1.934826160213794388e+00
-1.848673789963499292e+00
-1.697318370369970131e+00
-1.819946311574240694e+00
-1.883014830453899835e+00
-1.765765478789190990e+00
-1.523679107938748167e+00
-1.647784252587590981e+00
-2.115594519971017107e+00
-1.990630243560693069e+00
-1.859706538541553433e+00
-1.827834823168283718e+00
-1.818791162460659638e+00
-1.851223420605245584e+00
-1.844950471308881790e+00
-2.090543753872790678e+00
-2.087088454825101635e+00
-1.956041763957252932e+00
-1.792330491682844640e+00
-1.479636978991222263e+00
-1.327433598343168875e+00
-1.346020897996423882e+00
-1.360680015589772474e+00
-1.199251790047425992e+00
-1.345309168423104440e+00
-1.388429933752280299e+00
-1.527744520312807275e+00
-1.561044416104337307e+00
-1.598473810374973603e+00
-1.740449541128359812e+00
-1.428086833266212219e+00
-1.465692669955965366e+00
-1.756808961029204808e+00
-1.687604449162570130e+00
-1.759285019331567002e+00
-1.750830856229735444e+00
-1.536110031981359869e+00
-1.618652188446140450e+00
-1.375010901775906458e+00
-1.371559676186052901e+00
-1.528415238949390575e+00
-1.587661640024641496e+00
-1.688460164603426072e+00
-1.689817562530678607e+00
-1.717270071648822061e+00
-1.773715059550160067e+00
-1.692139039675637058e+00
-1.693259326104176399e+00
-1.545142327978411778e+00
-1.603263913254768802e+00
-1.702298071268601554e+00
-1.735176160688531866e+00
-1.952691168767672458e+00
-1.978066930612295549e+00
-1.977970528543465889e+00
-2.218032980250977726e+00
-2.216106775263218864e+00
-2.205935470030515155e+00
-2.225176029504281061e+00
-2.430899363374520394e+00
-2.418377080083089936e+00
-2.370221222545551676e+00
-2.477717676539468172e+00
-2.586279902117003537e+00
-2.656290372792631693e+00
-2.646489887186268319e+00
-2.564345668469000028e+00
-2.506776714208569068e+00
-2.286852718095111037e+00
-2.396231169769262426e+00
-2.529482837671929829e+00
-2.550033160007405098e+00
-2.489546629051029303e+00
-2.374452092100173939e+00
-2.354590554962543436e+00
-2.567887448083547852e+00
-2.565138676735440715e+00
-2.617022852521264653e+00
-2.793336078643790188e+00
-2.739557709975714683e+00
-2.854670824576806432e+00
-2.800358620260315234e+00
-2.728719237315134549e+00
-2.726119635349542047e+00
-2.579238544865158911e+00
-2.522377472153974232e+00
-2.577636109707714507e+00
-2.583161221020829235e+00
-2.679566389708933016e+00
-2.704336340333528543e+00
-2.776950813202794244e+00
-2.674519831576591233e+00
-2.772418199002611772e+00
-2.683882225551045053e+00
-2.777145118251686196e+00
-2.848457106910502468e+00
-2.761348227503877428e+00
-2.663677959871796119e+00
-2.762326905918688791e+00
-3.069795845613656038e+00
-3.175434982874862477e+00
-3.126737169543621686e+00
-3.006533272093368403e+00
-2.814554808776320804e+00
-2.885014108258066923e+00
-2.923639677552330340e+00
-2.756608434058277268e+00
-2.908337342721897034e+00
-2.905624503061503106e+00
-2.889252520185169093e+00
-2.921992378424659975e+00
-3.118897447953115964e+00
-3.012941741096058390e+00
-2.891718366771449666e+00
-2.876981017862656032e+00
-2.887788765426890336e+00
-2.954296504635456344e+00
-2.910297319716084630e+00
-3.140128058117563459e+00
-2.981458936582141117e+00
-2.666357475566752733e+00
-2.861589014961234412e+00
-2.688950261747294235e+00
-2.454171931468340784e+00
-2.502397644967103929e+00
-2.499911966181818102e+00
-2.563684547623132026e+00
-2.751406188409456721e+00
-2.807352294065478038e+00
-2.897001386716102633e+00
-2.708619006566222343e+00
-2.405954498805077169e+00
-2.605866300644120503e+00
-2.528132958201155134e+00
-2.471663947505937209e+00
-2.639398510370996487e+00
-2.733225651005705803e+00
-2.729242278532094002e+00
-2.851864448783851369e+00
-2.744079670538310367e+00
-2.588235902893476936e+00
-2.487561681843745376e+00
-2.530152750125155059e+00
-2.483355975905970237e+00
-2.549467092793615830e+00
-2.534437049005536569e+00
-2.486843579129459858e+00
-2.455357236213473904e+00
-2.293671662008023304e+00
-2.218878988707026156e+00
-2.079213858462022557e+00
-2.342705060925162286e+00
-2.064441446772540267e+00
-2.141860598065409516e+00
-2.280454963930787837e+00
-2.101701195620785612e+00
-2.230746911170952362e+00
-2.202488254312088056e+00
-1.938419089537876117e+00
-1.784977655413233721e+00
-1.816652561637934982e+00
-2.088484149537534140e+00
-1.801554375245239870e+00
-1.832711198578468093e+00
-1.937210916770582436e+00
-1.958735091353037472e+00
-1.890725931289483519e+00
-2.014949233092889092e+00
-2.145331295735661836e+00
-2.105798439391708410e+00
-2.125287270411172713e+00
-2.050669453238803897e+00
-2.186540699823010581e+00
-2.011158801072804536e+00
-2.203260601432074139e+00
-2.000103368907377277e+00
-2.400304337157332935e+00
-2.302724485792611464e+00
-2.246688773291261931e+00
-2.076375714941486539e+00
-1.902206976570195440e+00
-2.010027628664514676e+00
-2.275526496779496810e+00
-2.253698091980792739e+00
-1.907663636972396715e+00
-2.120440283843128881e+00
-2.068877296158385892e+00
-2.140062513402474664e+00
-2.096223097510451439e+00
-2.203805833635836375e+00
-2.257381621166198116e+00
-2.345245507676726682e+00
-2.293270143195699440e+00
-2.329827646198393332e+00
-2.428604995982791781e+00
-2.314656333498292806e+00
-2.269221594512629725e+00
-2.233471962888620599e+00
-2.124512942750916622e+00
-2.312066245998960934e+00
-2.234736067839419693e+00
-2.364774527144955396e+00
-2.011838498270724251e+00
-1.948676073958360178e+00
-2.004775950910121285e+00
-1.937512984054322374e+00
-1.977457132497760561e+00
-1.979176345385392999e+00
-2.087298042518716645e+00
-2.103374027818369463e+00
-2.061147653168351912e+00
-1.991165041803020008e+00
-2.016044708316999223e+00
-2.131252516478086001e+00
-2.107362972810035817e+00
-2.302246964587945754e+00
-2.460965699729483980e+00
-2.158350116002365482e+00
-2.168805532902142286e+00
-2.210264008301666472e+00
-2.251378459977396052e+00
-2.406673085157775116e+00
-2.460982504105347690e+00
-2.560238494177122348e+00
-2.812470309864724793e+00
-2.886969406339826349e+00
-2.712483852361632586e+00
-2.782680306195477460e+00
-2.885113362711198892e+00
-2.693017943754024035e+00
-2.817049651667015375e+00
-2.867066567114781250e+00
-2.735247743914526186e+00
-2.745901437988846894e+00
-2.647233839209328199e+00
-2.710885945879581538e+00
-2.608433975257632653e+00
-2.621420687445635167e+00
-2.802409072681069535e+00
-2.729144504888834533e+00
-2.771842084733874056e+00
-2.676054721057244290e+00
-2.731322717143972678e+00
-2.773730832244432065e+00
-2.621312922301237247e+00
-2.544749502152907628e+00
-2.524487964801107154e+00
-2.655699243140056787e+00
-2.448695419988387911e+00
-2.686020118024449399e+00
-2.460403682274018067e+00
-2.538814766930989286e+00
-2.688914644713716218e+00
-2.702227030121937545e+00
-2.698933074987152736e+00
-2.795628574502584840e+00
-3.007094442778850407e+00
-3.067755105691872153e+00
-3.078764478040111996e+00
-2.985789994010588533e+00
-2.908042813221694889e+00
-2.931650506850739912e+00
-3.084602378608947149e+00
-3.021519336053907878e+00
-3.030655831581964055e+00
-2.928166281040085472e+00
-3.148064740570460707e+00
-3.112820953899929410e+00
-2.877456144392958493e+00
-3.133478691815860806e+00
-3.041220017931488329e+00
-3.154529401580340675e+00
-3.052287210015502072e+00
-3.067066960776505535e+00
-2.927591707638500740e+00
-2.909264986292865895e+00
-2.967426834073415343e+00
-2.643769788345110339e+00
-2.557804433521225107e+00
-2.525078856204087785e+00
-2.325823302188043673e+00
-2.439004733436488603e+00
-2.394023257215984302e+00
-2.440044836931660743e+00
-2.257463883798012549e+00
-2.353157329477113535e+00
-2.350435090419372486e+00
-2.089249384531249198e+00
-2.113289806176036123e+00
-1.906911699047787456e+00
-1.684625321378514506e+00
-1.725157759114805955e+00
-1.682098362914082657e+00
-1.933990377396302751e+00
-1.783173147008505488e+00
-1.765897330072273563e+00
-2.029126727088728099e+00
-2.172232580833138194e+00
-2.298840142149009225e+00
-2.369072288015751759e+00
-2.482599411619708540e+00
-2.629928440578888971e+00
-2.689665803403718414e+00
-2.671856316636757711e+00
-2.617575315895622534e+00
-2.660333489959862963e+00
-2.632797122342456664e+00
-2.580416175594004713e+00
-2.484159987305051942e+00
-2.806179146624717458e+00
-2.841859333286755440e+00
-2.902312871045829468e+00
-2.788098852866551347e+00
-2.642841569681066538e+00
-2.719997951253651181e+00
-2.653188695637072492e+00
-2.643815503287198609e+00
-2.686491013344544321e+00
-2.710144706077974863e+00
-2.569475880589611183e+00
-2.664063822504961987e+00
-2.578783745873900024e+00
-2.525524313341313665e+00
-2.665430855462790571e+00
-2.794833514249889905e+00
-2.805724417203850241e+00
-2.980789263229098651e+00
-2.527443595380093999e+00
-2.500293806272458230e+00
-2.379680907714633253e+00
-2.656167644195870370e+00
-2.820225974962089044e+00
-2.795923127731999358e+00
-2.886253802703935278e+00
-2.795577710609356004e+00
-2.898136179609198226e+00
-3.039513799917832326e+00
-3.189522603598350159e+00
-3.263648027995947665e+00
-3.215220444373052544e+00
-3.222679467081968951e+00
-3.164081191832359252e+00
-3.061427796686627900e+00
-3.014167206475020677e+00
-2.807231945062231393e+00
-2.866581583000137545e+00
-2.846029619027240720e+00
-3.041840052739869460e+00
-3.092296868301455337e+00
-2.923342960399966994e+00
-3.085064655799956146e+00
-2.916111593363892140e+00
-2.956506894146706088e+00
-2.764680598624426278e+00
-2.642192426676596817e+00
-2.722506593092999250e+00
-2.618290354839837519e+00
-2.794993471403249163e+00
-2.833580963038864198e+00
-2.604871913871612321e+00
-2.746976090614227761e+00
-2.855897188342334303e+00
-2.857498107523996467e+00
-2.777436759254523935e+00
-2.891061586048145671e+00
-2.917087106704234767e+00
-2.909141856077910315e+00
-2.789896186396932265e+00
-2.947135346391917210e+00
-2.975986452357908263e+00
-2.852767997930251820e+00
-2.755737786808786005e+00
-2.753022792833028642e+00
-2.628688854776735973e+00
-2.820712905986374253e+00
-2.723920692123192655e+00
-2.643924484974212064e+00
-2.966298584696766660e+00
-2.747991299349062722e+00
-2.876847913612294416e+00
-2.803971335314654478e+00
-2.717720772004267982e+00
-2.851821908343319834e+00
-2.909886947637557508e+00
-2.702425795414960419e+00
-2.873291387200674674e+00
-2.869668513398385468e+00
-3.060980113361670085e+00
-3.061193389464125669e+00
-3.007392253864703768e+00
-2.876339102067343223e+00
-2.772266650643780750e+00
-2.747040680617460762e+00
-2.539100221971804405e+00
-2.696336938062307453e+00
-2.638425117338536019e+00
-2.655767621222233199e+00
-2.634741918887440359e+00
-2.636068086001859267e+00
-2.527528645805717122e+00
-2.454596237325523234e+00
-2.445978545210957034e+00
-2.408401796641923109e+00
-2.341580665068125455e+00
-2.443214147419825899e+00
-2.541275021200986473e+00
-2.525279834056982420e+00
-2.572807605612971837e+00
-2.455256478102427309e+00
-2.080847535420621952e+00
-2.106403870742476148e+00
-2.132807630952362921e+00
-2.082266955243684325e+00
-2.070466066025168139e+00
-1.946667907104801865e+00
-2.025108458623963603e+00
-2.020801422409474579e+00
-2.183835472605610839e+00
-2.144684513775620971e+00
-2.180076368866906922e+00
-2.238239468266370658e+00
-2.358394659670963733e+00
-2.289714034510901719e+00
-2.286812392651376147e+00
-2.463040104988932111e+00
-2.555590279596662295e+00
-2.477635176136594453e+00
-2.612636090150443735e+00
-2.567046301983670897e+00
-2.603930510449586677e+00
-2.567801718639965092e+00
-2.501361287660817112e+00
-2.437014052087873139e+00
-2.350110722768537830e+00
-2.215087922596452152e+00
-2.177123754681791201e+00
-2.236173325950036705e+00
-2.341677368161393602e+00
-2.214847967642355808e+00
-2.240090859634276566e+00
-2.347757622515923348e+00
-2.588493133052079731e+00
-2.797936152610743132e+00
-2.833732009888799475e+00
-2.904161652866701804e+00
-2.869543974772684525e+00
-2.809026292148177006e+00
-2.911322153323719686e+00
-3.003563931835780298e+00
-3.185805213319131912e+00
-3.221538531285193852e+00
-3.445787810139669727e+00
-3.735150520090189996e+00
-3.500140626845027914e+00
-3.504234000502611135e+00
-3.464214678244094348e+00
-3.405331917587087531e+00
-3.200687510642501898e+00
-3.144596479814395718e+00
-3.024193829081186280e+00
-3.043275810863268482e+00
-2.951151557147792648e+00
-2.950083147788638449e+00
-3.058339102506691276e+00
-3.242043835212391478e+00
-3.250399346145921076e+00
-3.316952663337068508e+00
-3.371373993553149706e+00
-3.328005958110255680e+00
-3.308281921136359660e+00
-3.464850700116556048e+00
-3.481459291752278862e+00
-3.286164007143105970e+00
-3.340811532876337253e+00
-3.435268381397975190e+00
-3.471386575766326477e+00
-3.273555753366486076e+00
-3.340592204300467660e+00
-3.340650685321811419e+00
-3.350385307317876205e+00
-3.377783852232707940e+00
-3.410971092921132097e+00
-3.470427673984185279e+00
-3.406825313695086344e+00
-3.444385127380974243e+00
-3.307067266067533318e+00
-3.199698190466029324e+00
-3.214822585559484303e+00
-3.199706522449046631e+00
-3.183161879476035683e+00
-3.187202480706549768e+00
-3.370998369210002732e+00
-3.472215240307332085e+00
-3.592605397727610672e+00
-3.681424181521800509e+00
-3.625405145136594953e+00
-3.544371044990001884e+00
-3.517437109963618358e+00
-3.553412677629506522e+00
-3.366922256527418611e+00
-3.256616024841717749e+00
-3.227025668770503675e+00
-3.114887695376295174e+00
-3.235369489879948546e+00
-3.032475817657708017e+00
-3.107425216421659364e+00
-3.246544121134098404e+00
-3.105630988084161714e+00
-2.985368631661334593e+00
-2.871842913530035624e+00
-3.056641753019500474e+00
-2.921664110636602363e+00
-2.823936443659627926e+00
-2.997607430548338225e+00
-2.904071418012776462e+00
-2.861777696178071650e+00
-3.066537457181611970e+00
-3.037926555063579670e+00
-3.016985421679477142e+00
-3.194652244284950982e+00
-3.227302075955372107e+00
-3.204745894849827081e+00
-3.224792631054254954e+00
-3.204947148582495853e+00
-3.236499262418319756e+00
-2.824752905483264520e+00
-2.926392920272959053e+00
-2.930565605988005640e+00
-2.907252867684914310e+00
-3.212680503807186394e+00
-3.439403339166690277e+00
-3.536974004024779461e+00
-3.409403320297260898e+00
-3.346831985605049464e+00
-3.447675821445397748e+00
-3.201575644722330249e+00
-3.131387450946266693e+00
-3.132533333356931848e+00
-3.041284223684171284e+00
-2.984501137458760223e+00
-3.114851505400425768e+00
-3.185901898900235452e+00
-3.265965874492650745e+00
-3.320953479802389197e+00
-3.507447539269081815e+00
-3.487684958891197340e+00
-3.390908270425887938e+00
-3.494195750900403130e+00
-3.411051768501758730e+00
-3.289898691007605791e+00
-3.498376472901852274e+00
-3.489147348658028225e+00
-3.418110592677271242e+00
-3.564796474738343157e+00
-3.417573584340381831e+00
-3.390483390996350543e+00
-3.407244995718721192e+00
-3.215573556993242654e+00
-3.261568192091882423e+00
-2.997993553794568555e+00
-3.066895342086139120e+00
-3.268676067908688143e+00
-3.077183381109769300e+00
-3.101639603786740640e+00
-3.178289222285627602e+00
-3.378540642567672059e+00
-3.157786889939464992e+00
-3.246252164659148232e+00
-3.173409371528900014e+00
-3.192728846972983092e+00
-3.222052764853836848e+00
-3.055172328894285805e+00
-3.168108573753317447e+00
-2.995065990047720561e+00
-3.224046365829668304e+00
-3.180431115339576120e+00
-3.047804146831242011e+00
-2.996792398242064781e+00
-3.139102199298006379e+00
-3.226797380267182103e+00
-3.170977668798014015e+00
-3.106149634392476155e+00
-2.896391747763159330e+00
-2.790070441830782677e+00
-3.026832501175062973e+00
-3.037772361200593796e+00
-3.081565872964970865e+00
-3.121135153292596609e+00
-2.932904304500442816e+00
-2.925677158141841705e+00
-3.076635076102457234e+00
-2.989136225360213395e+00
-3.042205382469242547e+00
-3.050824400096013189e+00
-3.172530680017890958e+00
-2.897845511099105931e+00
-2.871597470940890240e+00
-3.129300904241445913e+00
-3.028229180326218017e+00
-2.949602983518122112e+00
-3.013691347291194589e+00
-3.049665852810525379e+00
-3.202421360604640554e+00
-3.172160324359106998e+00
-3.095673509484100805e+00
-3.098489873452726862e+00
-3.085442086351041446e+00
-2.997642760269659146e+00
-2.916553701435821822e+00
-2.809847589395398249e+00
-2.790222802929203993e+00
-2.794489599099437172e+00
-2.980557585665815967e+00
-3.107267376205967047e+00
-2.961741528004883772e+00
-2.916901369814593803e+00
-2.877873400737387399e+00
-2.640982093650617646e+00
-2.704985388176640360e+00
-2.756859221985245245e+00
-2.769828063945193986e+00
-3.022306151626748871e+00
-3.022308532570864070e+00
-2.977561543590359960e+00
-2.950873776558768480e+00
-3.204867388473500611e+00
-3.018653632006842447e+00
-3.188007455518092836e+00
-3.407587840324235895e+00
-3.448151741240585544e+00
-3.406082793381460583e+00
-3.248778785295971083e+00
-3.292729502780986195e+00
-3.235342572176260756e+00
-3.072720303791776519e+00
-3.080501704542105035e+00
-3.178730396125140967e+00
-3.094424491194205817e+00
-3.194871580331032135e+00
-3.317579561321283510e+00
-3.208244345403715947e+00
-3.306328868589131442e+00
-3.357445362656896748e+00
-3.155328441794734928e+00
-3.218309710704255977e+00
-3.077420395241595052e+00
-3.120364568691705198e+00
-3.114501506765557259e+00
-3.253880198013571867e+00
-3.010553003111415826e+00
-2.985941039855774193e+00
-2.810299845199817348e+00
-2.907359352259125895e+00
-2.798281899812943507e+00
-2.711060145426644308e+00
-2.867139082847641074e+00
-2.942205052848610780e+00
-2.832066095236806635e+00
-2.884539016003742073e+00
-2.801981461089651848e+00
-2.591492880596087289e+00
-2.565665156129224300e+00
-2.671882452554906084e+00
-2.811656627106829731e+00
-2.891197064607935907e+00
-2.733838784462215177e+00
-2.648432269343074186e+00
-2.655195976087045384e+00
-2.701495192320431116e+00
-2.596734474703901618e+00
-2.609807616057615132e+00
-2.704870529020778402e+00
-2.322675922330927012e+00
-2.089746409117794634e+00
-2.094507206620756623e+00
-2.109490875032634882e+00
-2.244808086523500723e+00
-2.209190572440015821e+00
-2.342567636010408627e+00
-2.176660261563842180e+00
-2.226947495802998223e+00
-2.139629043485803628e+00
-2.248928336775921633e+00
-2.203758970812921714e+00
-2.097513650795330253e+00
-2.079789328719367170e+00
-2.274276382381784423e+00
-2.361898492962171137e+00
-2.216293091350278743e+00
-2.128411019286808425e+00
-2.035175930195165517e+00
-1.874689662963298531e+00
-1.980130707209969199e+00
-1.957663891950292223e+00
-1.862999970585700549e+00
-1.988030263030350131e+00
-1.952982877695238706e+00
-1.986727598960207786e+00
-1.997695606449699124e+00
-1.797299880959118523e+00
-2.031019101492402168e+00
-2.008658282484763635e+00
-1.848924367118039980e+00
-1.756513405586167531e+00
-1.783420985637003353e+00
-1.824019583567413783e+00
-1.730928229116396988e+00
-1.544340877234503973e+00
-1.377824913043173005e+00
-1.442005129210558900e+00
-1.567147648127417803e+00
-1.266006227450133803e+00
-1.415390813903912193e+00
-1.454914036233511787e+00
-1.326099844212976109e+00
-1.438536569127538911e+00
-1.340859546205663833e+00
-1.276211313991661100e+00
-1.107470229111929605e+00
-1.138908763131003976e+00
-1.087869918920428169e+00
-1.229938862123181709e+00
-1.129493112947089317e+00
-1.157791861304164449e+00
-9.931226554537881945e-01
-9.666199135965101163e-01
-1.178129821696474400e+00
-1.192978983378021107e+00
-1.009032245148435258e+00
-7.693478319811902777e-01
-7.640673128782135004e-01
-9.191559021001983742e-01
-1.107934237699696789e+00
-1.156902742352374780e+00
-1.087628606641639406e+00
-1.133324694311091729e+00
-1.405700871892313408e+00
-1.182959304757153829e+00
-1.247298728102145704e+00
-1.296129168614470029e+00
-1.428656782903491296e+00
-1.577271268780914282e+00
-1.661433760540188320e+00
-1.553657585911848882e+00
-1.590535586131213819e+00
-1.620653390375387914e+00
-1.576033233930738575e+00
-1.668815810191202509e+00
-1.726966901981738856e+00
-1.824927198249900462e+00
-1.824621202850604806e+00
-1.808801606103154436e+00
-1.678184196304489895e+00
-1.741036239387364848e+00
-1.941490662319399707e+00
-1.831167163001046871e+00
-1.758603126266209848e+00
-1.765472752210238028e+00
-1.908195435898446535e+00
-1.937449356839320957e+00
-1.909385386059953893e+00
-2.050680012586328260e+00
-2.174869051325678093e+00
-2.181511328222704549e+00
-1.952915848351603811e+00
-1.959165596874178128e+00
-1.915662523828467689e+00
-1.982111616920277708e+00
-2.009398672838061728e+00
-1.746503499163853057e+00
-1.901570519796890846e+00
-1.815387356373516337e+00
-1.729855841948778838e+00
-1.566485685353163460e+00
-1.498466238893942037e+00
-1.364998084058274941e+00
-1.419632484618670087e+00
-1.472389427068298673e+00
-1.647873086666181264e+00
-1.718408626488261870e+00
-1.644322088018401740e+00
-1.625513512916276992e+00
-1.569070956383048276e+00
-1.753404412822289649e+00
-1.689826681083256510e+00
-1.901361102604618214e+00
-1.949917011481513196e+00
-2.056343425332013197e+00
-2.006009234684401843e+00
-1.879661604207818471e+00
-1.916146368381149934e+00
-1.838617347742802943e+00
-1.915222009388348967e+00
-2.232409077383910034e+00
-2.220805826917001013e+00
-2.479924020011007979e+00
-2.509054219614179626e+00
-2.381375858261836509e+00
-2.502939818988123122e+00
-2.663639894419779885e+00
-2.644689261999108698e+00
-2.635479411036816710e+00
-2.635549277124280554e+00
-2.803389279850143190e+00
-2.523965986362700420e+00
-2.590731945999019903e+00
-2.739719947709107650e+00
-2.825681536935487514e+00
-2.811947448881342737e+00
-2.660748321100340874e+00
-2.791910626845409027e+00
-3.053549786859270476e+00
-3.028382671759112021e+00
-3.025936145037645630e+00
-3.040898748802885354e+00
-3.073725834096333376e+00
-3.161425539740604584e+00
-2.961933513421086239e+00
-3.025851131330777211e+00
-2.984396162143114761e+00
-2.926596927195613151e+00
-2.784427034341005580e+00
-2.723159657808556844e+00
-2.724065714207595690e+00
-2.684190958801025761e+00
-2.775987619776128401e+00
-2.782531999698928171e+00
-2.746052525287763668e+00
-2.789885675625742412e+00
-2.890460076661019340e+00
-2.795884466183077510e+00
-2.752197321840169852e+00
-2.775928277839556202e+00
-2.732678055264161632e+00
-2.523015477760175429e+00
-2.389192741462396796e+00
-2.247252730434907253e+00
-2.311753197407198535e+00
-2.367106469165171312e+00
-2.366275265195882493e+00
-2.311349804873471303e+00
-2.244892799423565677e+00
-2.281174988165329154e+00
-2.106793641262827865e+00
-2.044718407296835849e+00
-1.959525616826922167e+00
-2.166818126190641181e+00
-1.984949899218728886e+00
-2.122447036899131945e+00
-2.080291888242241871e+00
-2.203428511611422724e+00
-1.985003871749468907e+00
-2.048012130665602282e+00
-2.054323238235642446e+00
-2.065834201931009417e+00
-2.112877185319095297e+00
-2.065227317627025272e+00
-2.045164657351858040e+00
-2.026275720284093307e+00
-2.028971209708072543e+00
-1.921021616586669589e+00
-1.905517799801164758e+00
-1.842748464069106529e+00
-1.900860341934127895e+00
-1.970773716117812491e+00
-2.209084983740841057e+00
-2.165626987829808670e+00
-2.147315170908854931e+00
-2.024709327890814592e+00
-2.241802918974721948e+00
-2.244924182812284563e+00
-2.315926824154521668e+00
-2.318878303830647969e+00
-2.292360913434223768e+00
-2.137032840833986924e+00
-2.070890435471228308e+00
-2.023073813383385655e+00
-1.967330299825325257e+00
-2.000017978851461820e+00
-2.011414796314666908e+00
-2.038250739972629955e+00
-2.027085105813264398e+00
-2.033243807356456934e+00
-2.159189364364705099e+00
-2.015756747727411646e+00
-2.096310715642944800e+00
-2.154696695327902756e+00
-2.258363905349071388e+00
-2.380842368410171161e+00
-2.348288697033094952e+00
-2.336338271445266290e+00
-2.289447591795379378e+00
-2.415493927624637216e+00
-2.602989064492143623e+00
-2.334962941492941368e+00
-2.366039276798968416e+00
-2.567825913883608813e+00
-2.516357716061036864e+00
-2.690059042982647419e+00
-2.658488596336310295e+00
-2.720598504376849913e+00
-2.813143036585820322e+00
-2.882601802106564914e+00
-2.866381064507519394e+00
-2.633030685191435794e+00
-2.472647309337338228e+00
-2.828949173470444833e+00
-2.763332328575354158e+00
-2.767452682545059606e+00
-2.866141080621570136e+00
-2.833053097716565105e+00
-2.946373163882305413e+00
-2.800199498013452359e+00
-2.991178242975397250e+00
-2.976344199971918236e+00
-3.098612328159350060e+00
-3.254870973064730055e+00
-3.209793188953482534e+00
-3.077507674340988597e+00
-3.142777659958285508e+00
-3.132557107099166682e+00
-3.106919027221371365e+00
-2.986696182125380350e+00
-2.910366046122403461e+00
-3.057958314891036089e+00
-3.161271835368824501e+00
-3.179642369072960051e+00
-3.521077152645265773e+00
-3.485715225078745316e+00
-3.541273943457154072e+00
-3.682819960743239918e+00
-3.583103983562939465e+00
-3.453167572774637151e+00
-3.361010679089782016e+00
-3.413416009804899343e+00
-3.561808003484601137e+00
-3.560143351023769220e+00
-3.523205470285878160e+00
-3.583199944241963752e+00
-3.560164858863930082e+00
-3.762402260797621523e+00
-3.556227344654265821e+00
-3.677402568548968187e+00
-3.718097074176971883e+00
-3.663153105481105509e+00
-3.702874378803924671e+00
-3.549903325626982742e+00
-3.754673855967366691e+00
-3.718716402094675910e+00
-3.694068817940399541e+00
-3.650961244284881335e+00
-3.593470762485194925e+00
-3.555179239041801775e+00
-3.456776004639460442e+00
-3.543690977566560818e+00
-3.598019878814447736e+00
-3.684268243210878424e+00
-3.592077096132360925e+00
-3.505977689329286662e+00
-3.570861873171518486e+00
-3.592387553727050431e+00
-3.605338931424191706e+00
-3.684640110647882771e+00
-3.671723939118225033e+00
-3.522720958171461803e+00
-3.450279711913578851e+00
-3.362803113342921257e+00
-3.558771786031597273e+00
-3.567136866653452199e+00
-3.651741448419949521e+00
-3.746517680783157722e+00
-3.736939078969010453e+00
-3.782149402790588866e+00
-3.803025441783359994e+00
-3.677909352144328903e+00
-3.458546826086219106e+00
-3.498724130084004624e+00
-3.420468215461648587e+00
-3.517114472798211544e+00
-3.531854638110883737e+00
-3.470928179696080917e+00
-3.368358515414049847e+00
-3.455742050156932255e+00
-3.411483645417124677e+00
-3.342532542012065733e+00
-3.449201333615422360e+00
-3.397358345232496024e+00
-3.454742561819665880e+00
-3.417165690534520461e+00
-3.409779009235728076e+00
-3.433990894452878528e+00
-3.466163378576745835e+00
-3.307899980638751902e+00
-3.388086267610450175e+00
-3.336489786196890517e+00
-3.393124214365531355e+00
-3.269597438363528230e+00
-3.308159173322186231e+00
-3.383606282118813979e+00
-3.442801776407386605e+00
-3.458446764665754625e+00
-3.421770517639130205e+00
-3.520970090131301689e+00
-3.702423867997470364e+00
-3.695992420849026683e+00
-3.573080041394927964e+00
-3.648758227020655109e+00
-3.503167097740639502e+00
-3.556443600180198228e+00
-3.561924632766407584e+00
-3.532301714600628806e+00
-3.465752824585516478e+00
-3.240148811538839713e+00
-3.258799211854695788e+00
-3.481772188600497753e+00
-3.542924021437631410e+00
-3.486401428980978601e+00
-3.470344825462539085e+00
-3.609271135791360052e+00
-3.512650194126866854e+00
-3.506275680813968787e+00
-3.453496802491638373e+00
-3.374947706335382325e+00
-3.407121020476468587e+00
-3.373781345304157853e+00
-3.388227214060842929e+00
-3.415202993584121494e+00
-3.424259084595283831e+00
-3.387252233708449634e+00
-3.482203298659731328e+00
-3.411700130292153244e+00
-3.636609236084398233e+00
-3.747632918085358256e+00
-3.722336527251951299e+00
-3.590887226784238884e+00
-3.656895381795837618e+00
-3.668701351791992860e+00
-3.704492112250179048e+00
-3.660617232115307651e+00
-3.650810840147206360e+00
-3.679258894363403254e+00
-3.660469408925397072e+00
-3.762425804481324576e+00
-3.668516842749230289e+00
-3.491935188629986087e+00
-3.358104833609708351e+00
-3.399149099468933510e+00
-3.267612793179875741e+00
-3.155398849150305995e+00
-3.024309527749608151e+00
-2.982928925370747830e+00
-2.893817132077212140e+00
-2.941460627010148876e+00
-2.914746715208001770e+00
-2.999348693731682225e+00
-3.035864602335106799e+00
-2.853082908922177641e+00
-2.704422000197878262e+00
-2.734751948135686561e+00
-2.726975614042509211e+00
-2.704801397232467153e+00
-2.700352196137789207e+00
-2.527728734969947766e+00
-2.542600872711566318e+00
-2.602659629862291712e+00
-2.498810928475659665e+00
-2.570751694464350035e+00
-2.519849207966695648e+00
-2.535694176137159861e+00
-2.641637710970629715e+00
-2.839758486606170251e+00
-2.669801987210919325e+00
-2.725364699771505528e+00
-2.767428123587006183e+00
-2.522290048217570302e+00
-2.511954335912675251e+00
-2.656466124804547135e+00
-2.694037828496054221e+00
-2.781165951616981769e+00
-2.847510796082706186e+00
-2.873438348254335750e+00
-2.846774251647853582e+00
-2.934197614563784917e+00
-2.897407350327622311e+00
-2.866496851313174332e+00
-2.825201543804551907e+00
-2.989465718533422134e+00
-3.038026383851313295e+00
-3.056485385794990517e+00
-2.939714120992688251e+00
-2.945996882160518471e+00
-3.005427786504073939e+00
-2.930428712137941982e+00
-2.855312718324790833e+00
-2.859498893824997445e+00
-2.851980406041193739e+00
-2.854500389100501856e+00
-2.866304893948484533e+00
-2.915735967518574334e+00
-2.774969980004601933e+00
-2.494071089370422545e+00
-2.596631377458569645e+00
-2.515178012556263276e+00
-2.503257554932481810e+00
-2.416169665990421489e+00
-2.553190386181109162e+00
-2.539535017508011361e+00
-2.529524067095147988e+00
-2.643025494296322275e+00
-2.777958505544473766e+00
-2.731561863823773528e+00
-2.631649312102482874e+00
-2.667233854453848529e+00
-2.677653862030106691e+00
-2.521908461699380322e+00
-2.813512334448018404e+00
-2.729174553991299490e+00
-2.763803628648835442e+00
-2.815817773096757293e+00
-2.831087777603075395e+00
-2.768212519983277886e+00
-2.574515622812413085e+00
-2.563605270544452530e+00
-2.652418034297386207e+00
-2.623295963708544676e+00
-2.658786731717762031e+00
-2.509933248739257827e+00
-2.463851478333380030e+00
-2.377747449442358274e+00
-2.507517444256410766e+00
-2.644603524080579415e+00
-2.722081576708070827e+00
-2.667417905501588304e+00
-2.758012675604163633e+00
-2.704560317642878076e+00
-2.746989345054144049e+00
-2.781238029551444946e+00
-2.823311007911128101e+00
-2.944912946009454302e+00
-2.856781736007164785e+00
-2.732984562347081425e+00
-2.821263953576845562e+00
-2.791966871911386150e+00
-2.741637111298563578e+00
-2.597800151070597696e+00
-2.620386845542711285e+00
-2.552983481685195066e+00
-2.587089885359576513e+00
-2.691317438385334881e+00
-2.748289114818607271e+00
-2.736367214406950854e+00
-2.672222470804173966e+00
-2.689428344987850661e+00
-2.692828951914665314e+00
-2.635878871981478522e+00
-2.715261462597071684e+00
-2.842090308799957832e+00
-2.726111484407340413e+00
-2.638976171233579748e+00
-2.685409015500892060e+00
-2.889950298288849417e+00
-2.802309952382140423e+00
-2.783252311597706363e+00
-2.834956394689454484e+00
-2.991815016485144252e+00
-3.096787703431503225e+00
-3.169275976698736841e+00
-3.187324545270834975e+00
-2.979030684718229960e+00
-2.999216518151091471e+00
-3.114775375953821257e+00
-2.969399637615777188e+00
-2.948762416462143765e+00
-2.989601422951956522e+00
-3.101075687677861126e+00
-3.176831516364163832e+00
-3.125525940384818568e+00
-3.152708003855650087e+00
-3.221278087236215448e+00
-3.320585379647265079e+00
-3.352924871420957853e+00
-3.342717487483353178e+00
-3.377799262587958928e+00
-3.486462302736990981e+00
-3.501749087493646329e+00
-3.405534422079065315e+00
-3.259104660511497720e+00
-3.241831370258440259e+00
-3.310686840081216609e+00
-3.328570399317138495e+00
-3.196282949566427778e+00
-3.181888351162258211e+00
-3.267075576832603190e+00
-3.294252525750688498e+00
-3.217316699762787557e+00
-3.113344969586430810e+00
-3.210702829248583967e+00
-3.008625131142038445e+00
-2.847124886959735424e+00
-2.876262845006854363e+00
-2.786972097984854013e+00
-2.767468113409984110e+00
-2.766560344195238219e+00
-2.812056065764680923e+00
-2.858910948083436043e+00
-2.786294711124934764e+00
-3.019836553032968496e+00
-2.953591898343134403e+00
-2.944247318974906324e+00
-2.805831227221338597e+00
-2.710202250867004281e+00
-2.482450148389363509e+00
-2.555740359793738037e+00
-2.684526406985452862e+00
-2.735714832062302815e+00
-2.822038409216180543e+00
-2.745303750912306828e+00
-2.789253495940103633e+00
-2.749889367961261488e+00
-2.578090912971274129e+00
-2.484192495840601200e+00
-2.338763971618828652e+00
-2.389344744270209375e+00
-2.372005087116187738e+00
-2.528218874712669262e+00
-2.529307214361589118e+00
-2.357497734406608814e+00
-2.370406829224203982e+00
-2.554284964407155467e+00
-2.671674879481325871e+00
-2.640705912821528667e+00
-2.505825332205196432e+00
-2.479869032396124329e+00
-2.451755784367254609e+00
-2.623119487280559881e+00
-2.553344253898107930e+00
-2.567173518108019969e+00
-2.744564996776317045e+00
-2.986340048088424570e+00
-3.062021176401530820e+00
-3.163214626053033829e+00
-3.165030246792190916e+00
-3.065437971263374806e+00
-3.004028087372591749e+00
-2.927380872728178929e+00
-3.039128931105677278e+00
-3.004599953602235640e+00
-2.982467656554534940e+00
-3.070099116072247281e+00
-2.983313611248155528e+00
-2.948565052792010199e+00
-3.039915283971204918e+00
-2.965802086907693536e+00
-2.860358423320601862e+00
-2.763699963573968077e+00
-2.893650695395506123e+00
-2.717639407637134852e+00
-2.721841901301190525e+00
-2.821035869868445456e+00
-2.818427315726383497e+00
-2.844112734219355065e+00
-2.752730742451343193e+00
-2.866130714577947103e+00
-2.730490650145597442e+00
-2.640819783855719916e+00
-2.644615015691599957e+00
-2.503805283911092250e+00
-2.504471504829669293e+00
-2.711130868704227925e+00
-2.616062727374737662e+00
-2.586151089716391294e+00
-2.542449241187935360e+00
-2.449294159460766007e+00
-2.441035987934378149e+00
-2.303082041446072203e+00
-2.296406201264195257e+00
-2.304743207420274942e+00
-2.409870424837381009e+00
-2.613723254369274329e+00
-2.479387618863480025e+00
-2.558404612062957550e+00
-2.706629229817314020e+00
-2.582323897659122736e+00
-2.622461350521064993e+00
-2.690094452370484390e+00
-2.777314418875698188e+00
-2.921389263658069169e+00
-2.841548386695619044e+00
-2.661631784289343106e+00
-2.736102582112932780e+00
-2.812892476902520755e+00
-2.761154072185622699e+00
-2.852048978092363019e+00
-2.802432077219311868e+00
-2.777971172913340503e+00
-2.748341179597242334e+00
-2.765250786681557660e+00
-2.749311351518281654e+00
-2.876519192428851124e+00
-2.824769651527002434e+00
-2.788682501113554757e+00
-2.716545188072454931e+00
-2.837675192334072616e+00
-2.807665006358230908e+00
-3.012480166954840222e+00
-3.087726249914325205e+00
-3.143021442017728262e+00
-3.255287042225143868e+00
-3.253034332246742544e+00
-3.039475395246507450e+00
-3.059711151921097549e+00
-3.183722096857107609e+00
-3.305020260834766077e+00
-3.231335382295705827e+00
-3.212462435231592472e+00
-3.319412890629512169e+00
-3.317400786866319784e+00
-3.299370533037874864e+00
-3.243504345245076248e+00
-3.073810423614180554e+00
-3.093622342122726465e+00
-3.039040486721481749e+00
-3.107911859104646624e+00
-3.156602165884089928e+00
-3.112362836216327366e+00
-3.115105477360512687e+00
-3.053174773629367511e+00
-3.030221191191327268e+00
-3.025038521908122391e+00
-3.035658246691514517e+00
-2.911725758597657698e+00
-2.926779500714010940e+00
-2.817185649326033214e+00
-2.851532632822064262e+00
-2.955216179380600661e+00
-2.889869178057263621e+00
-2.784826557707154926e+00
-2.734309988956477255e+00
-2.774581080300324132e+00
-2.966543508317707634e+00
-2.924111049146139951e+00
-2.828761580467123782e+00
-2.901623734858755466e+00
-2.803852690072694998e+00
-2.774701185835412254e+00
-2.673638616634493648e+00
-2.679265184123278853e+00
-2.658724801889105205e+00
-2.777728832574178686e+00
-2.813499866030366725e+00
-2.879908747798669566e+00
-2.970785944001453682e+00
-2.913783175034733386e+00
-3.081246023827679981e+00
-3.179122293016126921e+00
-3.230004613447595041e+00
-3.190006352235094766e+00
-3.039168250346764300e+00
-2.953304668803057087e+00
-2.983686891072667713e+00
-3.097448308001938155e+00
-3.197013289140878900e+00
-3.139916110668033333e+00
-3.081682685928087029e+00
-3.175119665744664310e+00
-3.276042612055671821e+00
-3.197029403008192272e+00
-3.158403205767655209e+00
-3.216959821190801261e+00
-3.235002365294834537e+00
-3.274804899926389012e+00
-3.161192540097433668e+00
-2.978495397476390139e+00
-2.983662851403200644e+00
-3.158037576432386917e+00
-3.207065041144927520e+00
-3.262414784514178212e+00
-3.139786200126857274e+00
-3.349970234384299417e+00
-3.164075242655296716e+00
-3.305626857940167973e+00
-3.430225360818393021e+00
-3.273007532990329427e+00
-3.287505009172145609e+00
-3.326951712465169297e+00
-3.325305086472637228e+00
-3.220246725199753079e+00
-3.303668503830137659e+00
-3.225321177006792883e+00
-3.243789142666463121e+00
-3.109824876897867352e+00
-3.129835520753376787e+00
-3.109059173077144855e+00
-3.174130361093711272e+00
-3.247795042675859278e+00
-3.160105492842390618e+00
-3.260528280601608486e+00
-3.299477459083875353e+00
-3.406471830132455914e+00
-3.375396201874767854e+00
-3.464698015404424680e+00
-3.604691164172243667e+00
-3.592209816799688760e+00
-3.573405945986040777e+00
-3.717393095808473102e+00
-3.514027129309347686e+00
-3.748321939721440899e+00
-3.651691846198921176e+00
-3.639705847948197626e+00
-3.819038387904492460e+00
-3.855256759811886091e+00
-3.602778523245959263e+00
-3.682839972484439173e+00
-3.656603301086647662e+00
-3.572307858037869099e+00
-3.562243550357794941e+00
-3.546758260891970327e+00
-3.339654372618299227e+00
-3.369096919105200261e+00
-3.355494985440872213e+00
-3.449867855904968916e+00
-3.538783686148584184e+00
-3.550827538275952655e+00
-3.475018586341662719e+00
-3.630802856306872606e+00
-3.572966391638740635e+00
-3.405331144788453113e+00
-3.483666059481682620e+00
-3.328812947894846275e+00
-3.410965559224718557e+00
-3.197389796201842049e+00
-3.181527804815223348e+00
-3.295087425376830748e+00
-3.191571888630239773e+00
-3.180571386062796879e+00
-3.339161970454876727e+00
-3.215361591529307894e+00
-3.269244237658259333e+00
-3.157497491173965276e+00
-3.223550512664621337e+00
-3.017622694629941371e+00
-3.182477344017498933e+00
-3.175214873623362521e+00
-3.218214234440861965e+00
-3.328782422793831852e+00
-3.471627928452558187e+00
-3.302089885480896658e+00
-3.250205784408088050e+00
-3.493398589254654407e+00
-3.721705891972800107e+00
-3.474286962671135459e+00
-3.583372138550810160e+00
-3.695646180803654701e+00
-3.666724244486786688e+00
-3.614047244413820525e+00
-3.671727807809498589e+00
-3.648522173556587589e+00
-3.703121957801434050e+00
-3.692150997832073678e+00
-3.693813442733794528e+00
-3.797877220365220463e+00
-3.859086821523933342e+00
-3.784898843779455735e+00
-3.899588731128906360e+00
-3.906445566228171629e+00
-3.887821009638921854e+00
-3.893488868388146784e+00
-3.916612871389984818e+00
-3.806532333868875018e+00
-3.912861081881036096e+00
-3.933611998559084721e+00
-3.880809612879735138e+00
-3.787016578359157393e+00
-3.729834283378087090e+00
-3.723621095791220359e+00
-3.746797843321692412e+00
-3.825196167839744366e+00
-3.846386835652156222e+00
-3.710898842368829609e+00
-3.635969442267609431e+00
-3.644308086468819319e+00
-3.614286112452867350e+00
-3.658178651349883737e+00
-3.684547684720444138e+00
-3.703311967213374523e+00
-3.837125743666705446e+00
-3.797605524309327407e+00
-3.878528728109170931e+00
-3.815290176735689709e+00
-3.806168718848174759e+00
-3.841349030328681469e+00
-3.893057967508052553e+00
-3.980285839761852795e+00
-4.078654957024298255e+00
-3.990561038181592135e+00
-4.036280784661515852e+00
-3.993151052295963233e+00
-4.158392102785409605e+00
-4.163230227077465706e+00
-4.211481364753195678e+00
-4.249254687275676901e+00
-4.179447256937816491e+00
-4.188564972610874904e+00
-4.202435353982654220e+00
-4.122350053386558244e+00
-4.049269228647536245e+00
-4.052821564366482221e+00
-3.994207939535767693e+00
-3.852432882467487385e+00
-3.892747324169941070e+00
-3.830758171576377435e+00
-3.842794138661041359e+00
-3.740518749533495058e+00
-3.568367618959570997e+00
-3.549597494582435786e+00
-3.590801487735726827e+00
-3.565439767179581221e+00
-3.667165677545145552e+00
-3.712204335851809311e+00
-3.865429007264245875e+00
-3.750912369024935966e+00
-3.680410130862629803e+00
-3.794016462566045522e+00
-3.766605889925194184e+00
-3.776620102959002523e+00
-3.697891447479934257e+00
-3.841694035976411570e+00
-3.871242760962050777e+00
-3.779840140675808868e+00
-3.847239910697501042e+00
-3.847309032485279889e+00
-3.908251488161487597e+00
-3.878539414894859760e+00
-3.749795775401540521e+00
-3.800690799226240646e+00
-3.742091266700774632e+00
-3.783710577032403766e+00
-3.869018206521020353e+00
-3.797054223334858758e+00
-3.871090063751100541e+00
-4.066264716347571806e+00
-4.212870051694129536e+00
-4.100241750368909699e+00
-4.133401889287520170e+00
-4.080387476403095626e+00
-4.083153372697823080e+00
-3.995658453567241697e+00
-4.110792388696103750e+00
-4.026984320539234830e+00
-4.046435246085271054e+00
-4.151633644742503293e+00
-4.227666009005591086e+00
-4.191562582712180074e+00
-4.132555968553289105e+00
-4.059232418963030220e+00
-4.146536752015243188e+00
-4.021730996233707778e+00
-4.126509338506210156e+00
-4.190476415828608303e+00
-4.114681022350092476e+00
-3.996600222000891378e+00
-3.835030956647069278e+00
-3.851309352285972487e+00
-3.945621871059492136e+00
-4.027022370667959983e+00
-4.110807650347200415e+00
-4.109962473815885531e+00
-4.162845879715749930e+00
-4.201872430496128352e+00
-4.230677302201992340e+00
-4.142804532831295461e+00
-4.190463495544646477e+00
-4.094577869204973020e+00
-4.172199701664347060e+00
-4.193894328452462794e+00
-4.328117775801280764e+00
-4.442408950983956828e+00
-4.497479110834031957e+00
-4.417167268123751711e+00
-4.388803186148713564e+00
-4.385380090941563225e+00
-4.407102976028664187e+00
-4.357047200974294654e+00
-4.381360509052895758e+00
-4.355925802783977119e+00
-4.143097352662130639e+00
-4.109882308173772536e+00
-3.921013870300237958e+00
-3.786098201697081223e+00
-3.771639769929060471e+00
-3.702612713652982279e+00
-3.706121104052930715e+00
-3.614889086468323853e+00
-3.606969200430372613e+00
-3.465022592801043633e+00
-3.488233692373403638e+00
-3.590911441581670527e+00
-3.660408224133208321e+00
-3.535993205355073332e+00
-3.671234396748439544e+00
-3.669456011646377913e+00
-3.633528163525929777e+00
-3.556951577122674735e+00
-3.818398176371898600e+00
-3.768625797073152039e+00
-3.670081725179858534e+00
-3.558971273572619776e+00
-3.670088284860680172e+00
-3.611470872020944967e+00
-3.535173301850854433e+00
-3.630458892592508313e+00
-3.664133208292204014e+00
-3.710154277713610060e+00
-3.504971232052668917e+00
-3.680420600035102741e+00
-3.686475829003386995e+00
-3.722048686071536050e+00
-3.662969251620220135e+00
-3.672608987226622101e+00
-3.618677150526666608e+00
-3.695840123930767884e+00
-3.740218505105619595e+00
-3.733894684505958406e+00
-3.795289964715297781e+00
-3.832969893836437603e+00
-3.772321646614149149e+00
-3.714412078575908271e+00
-3.748542220536131175e+00
-3.874234820442263416e+00
-3.928135612989658743e+00
-4.082307686376643652e+00
-3.894807172840868859e+00
-3.874702544861417852e+00
-3.938186741527005097e+00
-3.846007852371444713e+00
-3.889525080564466997e+00
-3.994263762645464677e+00
-3.927781870614947213e+00
-3.931264219489735368e+00
-4.092480343297976830e+00
-4.016467414364822019e+00
-3.917751420153223307e+00
-4.116887865600932450e+00
-4.149275560766378490e+00
-3.924367194601575459e+00
-3.950849035927501252e+00
-3.751215199330373729e+00
-3.552240019773274859e+00
-3.602644918340782265e+00
-3.576687212280942774e+00
-3.665104241582613387e+00
-3.731895722112434477e+00
-3.593857076947729823e+00
-3.692649676313223495e+00
-3.634153062687224711e+00
-3.659633774961108976e+00
-3.751559065937812854e+00
-3.625476787218101737e+00
-3.713462446289144570e+00
-3.808972193847504073e+00
-3.869870232132913923e+00
-3.898574995841855184e+00
-3.950438194734849695e+00
-3.739644149856889310e+00
-3.530975425013341162e+00
-3.617751099743139243e+00
-3.529059586056876086e+00
-3.518929363222753626e+00
-3.484839972138692676e+00
-3.628708675430944997e+00
-3.682225818116112936e+00
-3.784590341041480066e+00
-3.824525589948340798e+00
-3.885314387581414675e+00
-3.843918472210839710e+00
-3.734361463959043892e+00
-3.663303970182086644e+00
-3.722673157125816257e+00
-3.731245677649687842e+00
-3.766982856735773488e+00
-3.838344661760598964e+00
-3.969862089654812465e+00
-4.076672485113210342e+00
-4.189812588585259512e+00
-4.093441525530233882e+00
-3.964340520982380323e+00
-3.859407204229346799e+00
-3.988157351990701649e+00
-3.932203639816520990e+00
-3.845837385141060771e+00
-3.953782021351723852e+00
-3.847464746411751513e+00
-3.884786303932037832e+00
-3.986413617725498515e+00
-4.012020240250578240e+00
-3.807656827760952822e+00
-3.698596922388674102e+00
-3.807514137506638807e+00
-3.849318624773965247e+00
-3.983935882911014303e+00
-3.906429175536734189e+00
-3.941814332233211982e+00
-3.750215484420612810e+00
-3.804029280776871857e+00
-3.757913038330471522e+00
-3.647356768238557034e+00
-3.587843105598442772e+00
-3.641039136648672070e+00
-3.727204754747845072e+00
-3.811480411280119274e+00
-3.780446209758139275e+00
-3.687444972623077355e+00
-3.570420157166108499e+00
-3.602974268108498634e+00
-3.499170040985343011e+00
-3.406140252907471577e+00
-3.506693836634107164e+00
-3.596385918741198395e+00
-3.724439396560233373e+00
-3.623320573611783058e+00
-3.738628648626443507e+00
-3.653146690091420457e+00
-3.698950446376880752e+00
-3.648865840907621116e+00
-3.613435515250865482e+00
-3.714037970271735656e+00
-3.697827088735419654e+00
-3.718680533391127252e+00
-3.723809843060286617e+00
-3.745988512928838610e+00
-3.712855526547909957e+00
-3.754101434734613107e+00
-3.748928837289679183e+00
-3.630321973747333342e+00
-3.508795566492870499e+00
-3.406975339281670401e+00
-3.585805157224244866e+00
-3.724664005456211235e+00
-3.700101946811626519e+00
-3.674248309769086784e+00
-3.747727561304289523e+00
-3.690221313686389504e+00
-3.573378595676509839e+00
-3.407944589901893195e+00
-3.399555018267121476e+00
-3.307217876932627476e+00
-3.377812784724605777e+00
-3.444071266278280419e+00
-3.469612937943681530e+00
-3.495096904946973115e+00
-3.575577125953929070e+00
-3.489399278112893299e+00
-3.450937849893977116e+00
-3.473872995479320380e+00
-3.592918700026533241e+00
-3.503706222947807536e+00
-3.620822554942018545e+00
-3.663639057214679973e+00
-3.675528267702745211e+00
-3.531508407175069308e+00
-3.651042180856030051e+00
-3.743794060757854592e+00
-3.762345787083909876e+00
-3.743019221663628215e+00
-3.725374994977307175e+00
-3.559200395281659990e+00
-3.557243601952568834e+00
-3.651667550806225293e+00
-3.607295621515647532e+00
-3.742869221895654963e+00
-3.645996915431581442e+00
-3.606045031530794365e+00
-3.549838515973137820e+00
-3.576657705564479706e+00
-3.515741629999074913e+00
-3.369406246778131830e+00
-3.479412588874140511e+00
-3.472345676371201950e+00
-3.404234705829211727e+00
-3.386928590635622793e+00
-3.373732211071422515e+00
-3.357769678671440605e+00
-3.310489495742354293e+00
-3.323943152745461482e+00
-3.395642572193115161e+00
-3.362979695470125652e+00
-3.519396030876621673e+00
-3.544858802900384021e+00
-3.578716417478430500e+00
-3.641229868753365739e+00
-3.435357273454806570e+00
-3.613700205259628095e+00
-3.411475572511110332e+00
-3.328677882356640083e+00
-3.387096490779448299e+00
-3.515402877776564683e+00
-3.485215693132671433e+00
-3.635111586312222531e+00
-3.551691113910921072e+00
-3.529634991899416985e+00
-3.532282907919085169e+00
-3.511999626949874109e+00
-3.587102239449636798e+00
-3.600130206512106135e+00
-3.646447579261726801e+00
-3.748933359115826480e+00
-3.680540516954588615e+00
-3.850755332907072503e+00
-3.759639474256134761e+00
-3.834584160289697063e+00
-3.838739685659900758e+00
-3.736330450720046770e+00
-3.675635371207994773e+00
-3.768168645177299325e+00
-3.932729750401984692e+00
-3.903738616790078275e+00
-3.777681812265018646e+00
-3.838615075524141051e+00
-3.863511123089070409e+00
-3.754113028848012235e+00
-3.772556014870648067e+00
-3.698290892982260214e+00
-3.614096507782869061e+00
-3.716855845677370596e+00
-3.782513413088043119e+00
-3.814690020121457525e+00
