-3.623795317041611508e-01
-4.066301038474242624e-01
-4.592231438023207102e-01
-4.607038433654791487e-01
-4.461011436514414896e-01
-4.584052968597750466e-01
-4.392968720701188601e-01
-4.628100780710845408e-01
-4.788238501249274526e-01
-4.774223384200400044e-01
-4.541125903243935502e-01
-4.536472529090878059e-01
-4.674751902083502664e-01
-4.759665335374694273e-01
-4.783872801459955193e-01
-4.499877144157237163e-01
-4.762838030459802252e-01
-4.598808699744969530e-01
-4.626447786746578639e-01
-4.804707621667010931e-01
-5.074227723990830663e-01
-5.060634480794298229e-01
-4.828071495706405813e-01
-4.883124635667448477e-01
-4.634587985235357754e-01
-5.008217812195011609e-01
-4.780858205261889760e-01
-4.849235097664569838e-01
-4.833592461595864198e-01
-4.811424299005309102e-01
-4.889534600717996837e-01
-4.736629438347255694e-01
-4.909580697962787621e-01
-5.026310591893783375e-01
-4.891355172880137436e-01
-4.894857467098138737e-01
-4.753193932496793117e-01
-5.008668380910670237e-01
-4.857358038499114405e-01
-4.757561537546825536e-01
-4.985239034597217511e-01
-4.654235253528373750e-01
-4.739502197475292666e-01
-4.887731717894032712e-01
-4.898318947824891190e-01
-4.665440338254758235e-01
-4.674637572056323798e-01
-4.798421120507538884e-01
-4.768834748212064101e-01
-4.851060642810666734e-01
-4.730935996389821763e-01
-4.591271840123898329e-01
-4.727036305317141029e-01
-4.691780927685981761e-01
-4.980184319666104975e-01
-4.839270597163697896e-01
-4.748956913915811651e-01
-4.759764453370422532e-01
-4.761698574723407518e-01
-4.601712433435918292e-01
-4.621705763316974469e-01
-4.694539773848760422e-01
-4.747165787097467060e-01
-4.816696816528197589e-01
-4.577357828140290463e-01
-4.621766532227429281e-01
-4.621359533114582918e-01
-4.584454838095998186e-01
-4.557769488226010024e-01
-4.667141371771760250e-01
-4.562823766115796653e-01
-4.726611447812323341e-01
-4.744216210724767624e-01
-4.613482017154616477e-01
-4.859082413154413027e-01
-4.652373187792572251e-01
-4.602200416816771833e-01
-4.603747108745936956e-01
-4.460428862778734738e-01
-4.671871915592400448e-01
-4.627999351587072097e-01
-4.610912997686449355e-01
-4.574532886608742022e-01
-4.653665638179257380e-01
-4.398968414918997816e-01
-4.512874947849322416e-01
-4.475236857868514218e-01
-4.546257077461430818e-01
-4.619263550910147620e-01
-4.472852017601337549e-01
-4.471745148571781847e-01
-4.573628574106567424e-01
-4.558435579789504866e-01
-4.499066382648558848e-01
-4.527332921084318285e-01
-4.570010279551682819e-01
-4.470998121281863913e-01
-4.492607665255548000e-01
-4.334786088246795899e-01
-4.561140588860668199e-01
-4.494060807958446535e-01
-4.401155234268867567e-01
-4.365592879696655881e-01
-4.343623665714004822e-01
-4.361511641316782040e-01
-4.472889817873155760e-01
-4.460586613534041067e-01
-4.347780863911334670e-01
-4.285987092500502804e-01
-4.308309037761384186e-01
-4.393554124306773279e-01
-4.306104027665098588e-01
-4.187622596758917570e-01
-4.304847663573034833e-01
-4.388850542669837651e-01
-4.285527629279617390e-01
-4.313142364329423106e-01
-4.350245109293606749e-01
-4.207469750695587152e-01
-4.124600515812750778e-01
-4.357469985215678410e-01
-4.301358675077162630e-01
-4.247605550142459219e-01
-4.164142026916612949e-01
-4.188193387292982184e-01
-4.144016728495749646e-01
-4.274466741192388675e-01
-4.218007548946367535e-01
-4.140211106692246457e-01
-4.111500740038793733e-01
-4.230607296225643577e-01
-4.170286865333117099e-01
-3.983777008206716985e-01
-4.155555322784436623e-01
-4.060711998556199021e-01
-4.268110639164670594e-01
-4.052941086870105458e-01
-3.989652304539654804e-01
-4.085860021762646177e-01
-4.013935337343619292e-01
-4.004537399381098428e-01
-4.060248602256517625e-01
-4.019659561555313232e-01
-3.975854487558965200e-01
-3.936400074056893850e-01
-4.068850617428207972e-01
-4.037622547606485313e-01
-4.048640877460472076e-01
-3.927411556185695929e-01
-4.006047778071646359e-01
-3.929516657838980631e-01
-3.828278978429378032e-01
-3.864821141024712414e-01
-3.998290295039184095e-01
-3.930693241239573421e-01
-3.867750663102735853e-01
-3.864004732774017903e-01
-3.810064902671819187e-01
-3.884401718011651905e-01
-3.823789632991727583e-01
-3.790155850622758393e-01
-3.795511998191936076e-01
-3.839287350558975298e-01
-3.729168387672567864e-01
-3.837103521097431358e-01
-3.802674326523325377e-01
-3.815319401728365367e-01
-3.749751597488366617e-01
-3.791246426053092033e-01
-3.729663131022987743e-01
-3.795397266990226948e-01
-3.798299899552375347e-01
-3.779729929132761290e-01
-3.630848103869513954e-01
-3.637192191414677644e-01
-3.664693791480112539e-01
-3.744703177192452159e-01
-3.606563049283026956e-01
-3.714360626892608819e-01
-3.649313850954905569e-01
-3.648537751808610397e-01
-3.706401170895033959e-01
-3.660275522466188702e-01
-3.638944240212138581e-01
-3.648968665045291826e-01
-3.677998437135708287e-01
-3.647064209150631120e-01
-3.698380765531891212e-01
-3.651944154299134881e-01
-3.571769553752781046e-01
-3.632620310122631757e-01
-3.674061018226671971e-01
-3.564256835041712534e-01
-3.716411005842807369e-01
-3.535772226351827641e-01
-3.567685305006385033e-01
-3.542002461483002573e-01
-3.546165394462327258e-01
-3.601271566927550238e-01
-3.578293391919639133e-01
-3.520601812049434232e-01
-3.532590309186534050e-01
-3.592543127885576837e-01
-3.550854349042784630e-01
-3.495042220593777005e-01
-3.471673730847617545e-01
-3.494326196128902939e-01
-3.467010882823795548e-01
-3.417229003996598014e-01
-3.554931269743013544e-01
-3.396377695275554220e-01
-3.436635590273040552e-01
-3.397913185636535216e-01
-3.409349705447198842e-01
-3.383558972228442041e-01
-3.395258916651280323e-01
-3.374315842303863278e-01
-3.349989313046124462e-01
-3.421958260594837320e-01
-3.415178693253813069e-01
-3.321277819105332707e-01
-3.329563679563491974e-01
-3.321680761223091416e-01
-3.366607433727357157e-01
-3.375821308296819145e-01
-3.354279285765344731e-01
-3.392694836202754805e-01
-3.342803733777617303e-01
-3.294483066262113846e-01
-3.312483879380931917e-01
-3.347285217640530997e-01
-3.312621277401179842e-01
-3.390017449752475986e-01
-3.235235181829724249e-01
-3.287354278699448074e-01
-3.253268304086911478e-01
-3.244831279398852075e-01
-3.270140773888825514e-01
-3.237562174737103060e-01
-3.223091265166616592e-01
-3.243552319171919551e-01
-3.247427495927098784e-01
-3.215957869375606348e-01
-3.206597939033999367e-01
-3.170329827584467131e-01
-3.260922776125076972e-01
-3.159134901866362810e-01
-3.252425953043664997e-01
-3.178019921408120618e-01
-3.149336382111648236e-01
-3.072613338444697417e-01
-3.257966884179939182e-01
-3.097887253478299741e-01
-3.130785996800411475e-01
-3.135645400287966345e-01
-3.067235566832143268e-01
-3.115146525054651727e-01
-3.094052723132912353e-01
-3.084679321200329283e-01
-3.103089434688083292e-01
-3.069312402501677139e-01
-3.088170827474007174e-01
-3.016721980841809980e-01
-3.033714805745272303e-01
-3.100563827482466506e-01
-3.015376833238573306e-01
-3.038510827168420247e-01
-3.008800269390914939e-01
-2.994431687378300566e-01
-3.029218835497793361e-01
-2.996048167694884690e-01
-3.028399401723527173e-01
-3.002471846334524574e-01
-2.980717569799615774e-01
-2.974214574782092502e-01
-2.937355184810490627e-01
-2.945325095514779168e-01
-2.894742522041007238e-01
-2.951980328044125912e-01
-2.942040017798791540e-01
-2.806233128622532824e-01
-2.863216059861168894e-01
-2.849903329797129903e-01
-2.838612646667979522e-01
-2.831710874488220231e-01
-2.848305986170942550e-01
-2.854449658047268912e-01
-2.827041556383413923e-01
-2.764127550720247850e-01
-2.720075908713164292e-01
-2.820573535728845282e-01
-2.751738268343042471e-01
-2.805412159307785203e-01
-2.759028895543480520e-01
-2.729551496132827104e-01
-2.776645288873642592e-01
-2.714739105528345409e-01
-2.748539146956755497e-01
-2.643264423430139454e-01
-2.632565293606491386e-01
-2.654092740960948271e-01
-2.733208086636773615e-01
-2.691797161682671913e-01
-2.691447807620496180e-01
-2.676025707636056072e-01
-2.581093769124170878e-01
-2.656621751287997490e-01
-2.670542820395072070e-01
-2.638755927584190974e-01
-2.486347489475051464e-01
-2.648820923439270114e-01
-2.519220439856351135e-01
-2.668687249867924827e-01
-2.516580259573863998e-01
-2.567564204642676096e-01
-2.516093397526952824e-01
-2.461533994712694629e-01
-2.519129592673472473e-01
-2.509430620111492427e-01
-2.465708584701153949e-01
-2.545056570811035090e-01
-2.429314461026637062e-01
-2.498442384163499508e-01
-2.524171477238001948e-01
-2.371515491335183246e-01
-2.450843839602003804e-01
-2.367687810988312602e-01
-2.393223575181806506e-01
-2.385847584108806707e-01
-2.386039332122147361e-01
-2.397184352660679529e-01
-2.330421580581947261e-01
-2.412748104956135009e-01
-2.327321797363766098e-01
-2.355013675976458387e-01
-2.294815517910593350e-01
-2.334991638548937765e-01
-2.219623200381857231e-01
-2.128105359247274286e-01
-2.235907525923765959e-01
-2.160793074625413368e-01
-2.211708822831486287e-01
-2.204083367896356727e-01
-2.170518256178066707e-01
-2.311030753739222732e-01
-2.140095166697952855e-01
-2.127080403791978824e-01
-2.111924242298810483e-01
-2.135556874172066522e-01
-2.143216127796594428e-01
-2.130887445411815406e-01
-2.133009745640954691e-01
-2.100724422679283165e-01
-1.990910985898906027e-01
-2.081778612604727741e-01
-2.049001750879404504e-01
-1.842586825981995524e-01
-1.985409486268787660e-01
-1.885721564716655863e-01
-1.993386454828645071e-01
-2.003141305811237949e-01
-1.845769663689194040e-01
-1.931404704872425881e-01
-1.907669129886180315e-01
-2.001499879886106115e-01
-1.980822280515643907e-01
-1.801304724477788000e-01
-1.737651833020157355e-01
-1.958540136454427483e-01
-1.824268276743410411e-01
-1.774116839929202882e-01
-1.747770463282121156e-01
-1.744618664547910036e-01
-1.720312229007689986e-01
-1.769594414421873374e-01
-1.781972207023718724e-01
-1.797904654759765464e-01
-1.666808820973013638e-01
-1.675096767362802552e-01
-1.655977617221666698e-01
-1.446289665307975980e-01
-1.673030205640499979e-01
-1.592973041199501338e-01
-1.624548129623879511e-01
-1.528161630445317165e-01
-1.450791333748182588e-01
-1.486310315191010645e-01
-1.381047729737900909e-01
-1.520014067634973820e-01
-1.352217765438030739e-01
-1.392426737988281538e-01
-1.342002965060737907e-01
-1.379206555467877848e-01
-1.318614201595051938e-01
-1.276313579193164571e-01
-1.263214138373767170e-01
-1.314272512993230890e-01
-1.348750176070687701e-01
-1.340149527436653720e-01
-1.280350801256222582e-01
-1.116395966870626921e-01
-1.228367763430457948e-01
-1.303225602829174434e-01
-1.214499908407851159e-01
-1.293130223537466428e-01
-1.154337282887598626e-01
-1.199344111310129968e-01
-1.258864321642827466e-01
-1.178093682071910120e-01
-1.240199632127696461e-01
-1.163690306570628330e-01
-1.217191208505783440e-01
-1.144855345286215353e-01
-1.221014627794170249e-01
-1.114947602954914352e-01
-1.222880481842310019e-01
-1.198054687505720750e-01
-1.186903144235422758e-01
-1.221337974858858200e-01
-1.157814869026929649e-01
-1.066236130045949970e-01
-1.126935094714327512e-01
-1.133277872068811920e-01
-1.150822696446418547e-01
-1.151041781973898281e-01
-1.117680857593965627e-01
-1.108250299372093295e-01
-1.089589635173018323e-01
-1.064328890306489583e-01
-1.184250212714950123e-01
-1.084387542573130858e-01
-1.107681316832587193e-01
-1.078769258251726093e-01
-1.128068283162990681e-01
-1.045463113586206916e-01
-1.039926587261970070e-01
-1.015407001625221461e-01
-9.991421197026983947e-02
-9.258012407695415114e-02
-9.670999815702785440e-02
-9.709055905753416482e-02
-1.084058373198175662e-01
-1.005145850201381030e-01
-9.958781940888461470e-02
-9.467342805647871451e-02
-8.819041634602764468e-02
-9.413632643065628081e-02
-8.948611185942589863e-02
-8.301742747864082617e-02
-9.585343642625110405e-02
-9.395510337212686913e-02
-9.277067081914136537e-02
-9.943863479812375950e-02
-9.340770933514797036e-02
-9.663525541787210127e-02
-9.532457986533615646e-02
-9.365821179596900414e-02
-8.524049308454550999e-02
-9.001946807717176036e-02
-8.719496989952912891e-02
-9.049361771024688750e-02
-8.636217099843768175e-02
-8.478719888814756356e-02
-8.843268694353401127e-02
-8.488293401709956498e-02
-8.156425079458923255e-02
-7.197396442176673403e-02
-7.961132933522507837e-02
-8.020038581619060025e-02
-7.953461144538764849e-02
-8.327249653321522338e-02
-7.756248417354183466e-02
-8.046383078893926122e-02
-8.327890292903106229e-02
-7.578962585208715019e-02
-7.904974060249525536e-02
-7.170943425211206979e-02
-7.476899930107805403e-02
-7.566142813373255560e-02
-7.331402762819927421e-02
-7.107153062994214787e-02
-7.280409614960414721e-02
-7.303239404024969295e-02
-6.281601102036216133e-02
-8.092611900155066706e-02
-7.212908368503789802e-02
-7.122977142501674130e-02
-8.054714653128791646e-02
-7.490543009472183655e-02
-7.501194889952267353e-02
-7.079938962437160033e-02
-7.486180853256141354e-02
-7.579456583806254422e-02
-7.294015251276508849e-02
-7.621479294560851159e-02
-7.661356586659717749e-02
-7.658279295024716937e-02
-6.910725705696196819e-02
-6.190277120901233054e-02
-7.098071925734306120e-02
-7.311031366360287720e-02
-6.269515082692422858e-02
-6.944251241855781132e-02
-6.462154068966985410e-02
-7.194949371312520103e-02
-6.914432382861046555e-02
-6.162373753717764746e-02
-7.391851521975500994e-02
-6.515439111239118564e-02
-7.294167805397072657e-02
-7.710106026603302798e-02
-7.968952558678804587e-02
-7.671393525517719580e-02
-6.547108755915626022e-02
-6.771932127610064134e-02
-6.477197147777530306e-02
-7.572939156360136703e-02
-7.453361737209557303e-02
-7.623854243062333502e-02
-7.210886390553894465e-02
-7.674910892204267476e-02
-7.641597258289234418e-02
-7.442669051885852927e-02
-7.585889248014335284e-02
-7.915799931881656315e-02
-7.094741466841913979e-02
-8.455771176888515761e-02
-7.278302858626195526e-02
-7.085909951725655187e-02
-8.128416753412875950e-02
-7.620545766571701352e-02
-7.924260921483322617e-02
-7.078356354650333637e-02
-7.715436788288110304e-02
-6.675813212491807369e-02
-7.526878440622636335e-02
-8.363415547290112273e-02
-7.998258701891083899e-02
-8.400639506885534957e-02
-7.856554874712018410e-02
-8.456477306824017326e-02
-8.286807605455226433e-02
-8.424127878536857850e-02
-7.737883681421053872e-02
-8.061947270156732959e-02
-7.903145833327085423e-02
-7.704223649386060524e-02
-8.634214179508911680e-02
-7.744601594307592984e-02
-8.661256546988585492e-02
-7.623436466552309387e-02
-7.241679966403091750e-02
-7.923338625630869936e-02
-8.337589395570565998e-02
-8.781025449099813529e-02
-8.306544969217877217e-02
-8.116912842042046938e-02
-8.176206332397659149e-02
-7.959005089209988948e-02
-8.578088909915777827e-02
-8.420948964571195461e-02
-8.781836163471823387e-02
-9.144738560206594480e-02
-8.571301526898256196e-02
-9.591851121381833600e-02
-8.972467366991498938e-02
-1.000599760883922329e-01
-9.847059023581794523e-02
-9.244564796590393208e-02
-9.623556147351330914e-02
-8.603453165798868874e-02
-9.334566023662838052e-02
-9.289588038832874428e-02
-9.193362314194386542e-02
-7.682975221165699864e-02
-9.804212193773476081e-02
-8.997981749456895884e-02
-9.602558175248515626e-02
-8.640282898494844321e-02
-9.734594324852891001e-02
-8.260549085959012494e-02
-9.382481093567723862e-02
-8.794025841265362686e-02
-8.228221942350577578e-02
-9.689250235476387640e-02
-9.688545357647271317e-02
-9.908526594870320503e-02
-9.378337611473264168e-02
-9.678427341638895509e-02
-8.507446344592906051e-02
-1.004220828650493336e-01
-9.679113772966130291e-02
-1.079908546403861025e-01
-8.845599080183863538e-02
-9.014994424394789929e-02
-8.785403066790797855e-02
-1.004189345281045198e-01
-9.576168532067125261e-02
-1.095286142439075572e-01
-9.880699548366445040e-02
-1.014519377184230908e-01
-9.732106533306728036e-02
-9.922105158065741559e-02
-1.130510321423960907e-01
-1.045989688270438922e-01
-1.060702658944833177e-01
-8.749840240817130521e-02
-9.881610311887789599e-02
-1.014317417998624737e-01
-1.102421093548657804e-01
-9.928984315311517594e-02
-9.684756693155593954e-02
-8.325386385424915492e-02
-1.111878786091062832e-01
-8.955339915526971950e-02
-9.294364353353912200e-02
-1.017312144917840167e-01
-9.971709546378770828e-02
-1.006688198559497760e-01
-1.044879801398573838e-01
-1.011756107630334967e-01
-1.047120586609833204e-01
-1.120163783491763265e-01
-1.046619521765386196e-01
-9.937303125245933177e-02
-1.119389701234684287e-01
-9.626146554377568165e-02
-1.102203583130253461e-01
-1.032312171964040459e-01
-1.147721129551810826e-01
-1.225575436397384754e-01
-1.118286360401901103e-01
-1.303187431685930431e-01
-1.118233198929177163e-01
-1.231417778172292365e-01
-1.280612031692740516e-01
-1.198951855686012369e-01
-1.356066439171186300e-01
-1.226742866668339982e-01
-1.179023848272517938e-01
-1.252079456722809958e-01
-1.051904323651626783e-01
-1.264787607799935376e-01
-1.271116450364362382e-01
-1.305340246289179440e-01
-1.131177368488875956e-01
-1.280115865131575825e-01
-1.274837577250553800e-01
-1.461353352767663649e-01
-1.201910225184154024e-01
-1.403056634578789819e-01
-1.248799540372718120e-01
-1.139522662000859166e-01
-1.306536805561420156e-01
-1.297478842511687880e-01
-1.187157099891602563e-01
-1.331134569713924298e-01
-1.296278382918907290e-01
-1.345250841877633774e-01
-1.201656726210322268e-01
-1.214892781867968896e-01
-1.398439497630395989e-01
-1.546361247265972683e-01
-1.380690791467064082e-01
-1.460248410395174057e-01
-1.344977357553885366e-01
-1.389900284206795344e-01
-1.440665703211660709e-01
-1.394794170581718507e-01
-1.506014751792350559e-01
-1.356138675961061635e-01
-1.353933535932213550e-01
-1.373450322091599451e-01
-1.454779564925779978e-01
-1.429792125208271258e-01
-1.543466929889111272e-01
-1.376925684450115428e-01
-1.452232812135891837e-01
-1.329842325442008866e-01
-1.482250404760276363e-01
-1.453047854151317264e-01
-1.367639543075943598e-01
-1.331646781721835815e-01
-1.446318647154538617e-01
-1.225154528823675371e-01
-1.455258764035431973e-01
-1.473288537157085853e-01
-1.475179592160623665e-01
-1.333321872788011397e-01
-1.276241636573712257e-01
-1.385033996588417304e-01
-1.354422621514037028e-01
-1.416308629864693192e-01
-1.442207945325845175e-01
-1.423866265860662117e-01
-1.338760291044614470e-01
-1.406880218056184573e-01
-1.395124664143344573e-01
-1.102782762853915244e-01
-1.280056235626576833e-01
-1.441093124119554592e-01
-1.238427218068131469e-01
-1.368410268358451198e-01
-1.340064266491859390e-01
-1.486084389417336726e-01
-1.291962834947703032e-01
-1.324211611062345584e-01
-1.506805149599543814e-01
-1.379669341479177191e-01
-1.239967807557883495e-01
-1.427289050631078138e-01
-1.427941740458757991e-01
-1.391314304520094858e-01
-1.448369147617912800e-01
-1.375305403881617039e-01
-1.161846617522532821e-01
-1.291496677544334837e-01
-1.439892544124520279e-01
-1.461399613945079112e-01
-1.406294092242994509e-01
-1.349364200810136971e-01
-1.462444823093016488e-01
-1.370719776021763203e-01
-1.394726987949540531e-01
-1.239369880580437622e-01
-1.553524365978609101e-01
-1.263902879011799818e-01
-1.506211074552143703e-01
-1.448652946809595443e-01
-1.397687364976150926e-01
-1.181422120575399970e-01
-1.386633745184440991e-01
-1.123264951487933372e-01
-1.397990212924239417e-01
-1.206443034002732118e-01
-1.389525777289161157e-01
-1.426440791410155118e-01
-1.221423606982610099e-01
-1.360100910505099847e-01
-1.333392173028389305e-01
-1.406222846949642946e-01
-1.180739984470514092e-01
-1.477300224195430833e-01
-1.159569651507110499e-01
-1.441635012087304768e-01
-1.317557584225748091e-01
-1.367981291295152224e-01
-1.294409231620306522e-01
-1.272591734226170557e-01
-1.356289776080963350e-01
-1.183806847612993707e-01
-1.329143917744701753e-01
-1.442619372486836360e-01
-1.044218456925462418e-01
-1.386798781770362532e-01
-1.082474064507400469e-01
-1.365979700776475125e-01
-1.341466484013126848e-01
-1.280683830021794312e-01
-1.367543106991906399e-01
-1.174112687882757911e-01
-1.201038994963037898e-01
-1.404375357633816934e-01
-1.429318748193109112e-01
-1.338671673558023412e-01
-1.290961441309731450e-01
-1.186634261789184519e-01
-1.240852723262619028e-01
-1.297488489532428457e-01
-1.236895750622798856e-01
-1.282387836942925352e-01
-1.361741105844829491e-01
-1.270817393995214983e-01
-1.295445685655198242e-01
-1.272090002183928759e-01
-1.134819631340004964e-01
-1.312779336713187639e-01
-1.136586998301781781e-01
-1.173708153180000324e-01
-1.308809647474133697e-01
-1.097276753499468738e-01
-1.299224764200193061e-01
-9.779997280797420034e-02
-1.130917104783643046e-01
-1.044026780914348862e-01
-1.112125340523872075e-01
-1.073313820717879397e-01
-1.220906265579651540e-01
-9.675774706983797380e-02
-1.114861148642643518e-01
-9.874919707965548743e-02
-1.197139846457069834e-01
-1.133350891404765054e-01
-1.222265183893781471e-01
-1.167913315781682337e-01
-1.093012175779358719e-01
-1.234318346806614342e-01
-1.171495280842423936e-01
-9.041074356706456372e-02
-1.106932949914397335e-01
-9.836280983954447110e-02
-1.077332693917212314e-01
-9.134582976220201322e-02
-1.060678159599729165e-01
-1.010695867761592093e-01
-9.632858139009602139e-02
-1.080937663523708903e-01
-9.045919140950828274e-02
-9.205454768530796361e-02
-1.126907482220604884e-01
-8.030485680046312025e-02
-1.139720232868156463e-01
-8.710803328652493016e-02
-1.013541471069433486e-01
-8.677203462854299332e-02
-9.659229939987237779e-02
-1.010386203153917917e-01
-9.215619276314468422e-02
-8.909175327053842075e-02
-1.012744204982446439e-01
-1.094456320426419049e-01
-1.003911920881578879e-01
-1.030968789492826276e-01
-1.071674974096024080e-01
-1.059556155060645821e-01
-1.115515747229023358e-01
-1.151866529703375885e-01
-1.119968762282843588e-01
-1.082435301015600704e-01
-1.198307979497399423e-01
-1.332454312525235274e-01
-1.140281731287831057e-01
-1.356961889142089817e-01
-1.323363428421044929e-01
-1.345246638319910204e-01
-1.318815512180573357e-01
-1.488162221134672336e-01
-1.414951788050966552e-01
-1.617415318381363321e-01
-1.509692359753858071e-01
-1.589224505078070671e-01
-1.650975479821690239e-01
-1.641327141406088153e-01
-1.581875862987176529e-01
-1.738735866439118372e-01
-1.696256396510227304e-01
-1.664944984009975038e-01
-1.856840469665996807e-01
-1.684150500582499710e-01
-1.919077332596810237e-01
-1.683803374927310692e-01
-1.759433844637010580e-01
-1.798149139492335458e-01
-2.009737132734517040e-01
-1.893313818846720231e-01
-1.841180532227126854e-01
-1.935443706420478804e-01
-1.857217863913631639e-01
-2.000346387406932713e-01
-1.980510003744360148e-01
-1.883333406702845103e-01
-1.899614162142173601e-01
-1.937150258535245140e-01
-2.000629314835973283e-01
-2.008044914339301990e-01
-1.958122365346046667e-01
-2.119109311347371349e-01
-2.142412362795975689e-01
-2.059665497019318448e-01
-2.120020623695002548e-01
-2.218159447552690011e-01
-2.014313263129210441e-01
-2.157497987441030496e-01
-2.121791066331155662e-01
-2.120196973971713028e-01
-2.169299224993852526e-01
-2.109164369280787099e-01
-2.082600414078457085e-01
-2.062989712714835555e-01
-2.184885639059561679e-01
-1.997999809613097977e-01
-2.173324292793026302e-01
-2.259634368416094663e-01
-2.248538777438024994e-01
-2.201540387126088572e-01
-2.159764726645621025e-01
-2.167621437856430688e-01
-2.047138480059957910e-01
-2.378730061575380361e-01
-2.321068562858261686e-01
-2.176147543664805895e-01
-2.227932957232408029e-01
-2.192750882860057260e-01
-2.142511591125948467e-01
-2.086363143492266925e-01
-2.147788927912022139e-01
-2.187731974361526444e-01
-2.083143525592965339e-01
-2.164502100971188447e-01
-2.125403002583534651e-01
-2.131549516349944273e-01
-2.326740773042221821e-01
-2.154617214759093624e-01
-2.057741528724077451e-01
-2.256011119878649218e-01
-2.244766509813287403e-01
-2.277608443165330954e-01
-2.115495782588134865e-01
-2.246279572318945483e-01
-2.314249502618319632e-01
-2.044326561192342240e-01
-2.263899996878613319e-01
-2.358156107237061594e-01
-2.234828300973805693e-01
-2.327241584527435236e-01
-2.298643458158762254e-01
-2.049044912446653655e-01
-2.130575700735535261e-01
-2.068251941408101313e-01
-2.265004567900261723e-01
-2.241422379855861902e-01
-2.283779338207159171e-01
-2.131862927337799807e-01
-2.150673365829245398e-01
-2.153761137473497733e-01
-2.137987704020403168e-01
-2.231695038529253328e-01
-2.216370682549784199e-01
-2.158047410022300161e-01
-2.273304059386651588e-01
-2.211518690796381303e-01
-2.172602460481973807e-01
-2.231286638139764467e-01
-2.126875001862045256e-01
-2.279996140505231583e-01
-2.081934492841874818e-01
-2.025209450129759059e-01
-2.280712669287159322e-01
-2.158476150501089652e-01
-2.145085159798063579e-01
-2.193317518305273328e-01
-2.311138154316594306e-01
-2.140857172230683503e-01
-2.205267687498941864e-01
-2.281064263342214016e-01
-2.256527408919222211e-01
-2.138417653979780564e-01
-2.260619389859759298e-01
-2.213618917365864913e-01
-2.186774449719393054e-01
-2.283986057810871717e-01
-2.136019711604415505e-01
-2.018750182309705377e-01
-1.889683094685188358e-01
-2.198268661652190703e-01
-2.115430836285232541e-01
-1.895752467965894361e-01
-2.143740083417554620e-01
-2.141265525686002480e-01
-2.235318333081505182e-01
-2.424375832607779113e-01
-2.230368451354246551e-01
-2.103545747080177719e-01
-2.235863133138165093e-01
-2.087263729542416790e-01
-2.192729922221946515e-01
-2.212146553251879144e-01
-2.178691405763536482e-01
-2.226405294798820822e-01
-2.164981136438946518e-01
-2.213789890181164788e-01
-2.033409743498220124e-01
-2.160403642672701352e-01
-2.100339501284318455e-01
-2.144349477152845962e-01
-2.137849925118877614e-01
-2.150075573116660976e-01
-2.248771691098171432e-01
-2.348859030884448140e-01
-2.080223413219711714e-01
-2.057062884578431117e-01
-1.927148705292243136e-01
-2.191839318273514081e-01
-1.869378647980608488e-01
-2.147620179904157212e-01
-2.048096481188035334e-01
-2.166227839308618730e-01
-2.288483355100252581e-01
-2.019123264045041832e-01
-2.162535389813953213e-01
-2.011406620865143768e-01
-2.242670731208906698e-01
-2.024175593110104643e-01
-2.235756472439407450e-01
-2.103711559625081051e-01
-2.243315695456336023e-01
-1.985703953684390122e-01
-2.040323664816219296e-01
-2.136118271452146500e-01
-2.305981741861825585e-01
-2.085039680072870993e-01
-2.168394958437694919e-01
-2.048566025737417196e-01
-2.061398412416882708e-01
-2.141176478494293267e-01
-2.182509886556367462e-01
-1.940950253179982710e-01
-2.145877248493213152e-01
-2.062519725828608763e-01
-2.206160880629818299e-01
-2.034629387204305306e-01
-2.047985510876670912e-01
-2.100288101496778914e-01
-2.124296287511993064e-01
-2.301483423919099547e-01
-2.192505480380519955e-01
-2.116930388538520447e-01
-2.049565619339202005e-01
-2.102437414121182124e-01
-2.044360602692649742e-01
-2.095917335510055768e-01
-2.158083455064463418e-01
-2.096384339890389192e-01
-2.175433513572155864e-01
-2.236894262094335506e-01
-2.169068065062991213e-01
-2.157303823235692253e-01
-2.113566088445597568e-01
-2.241212294044967468e-01
-2.192577850119483696e-01
-2.093121937481567940e-01
-2.060246533936580526e-01
-2.036465541023630976e-01
-2.214977087232385955e-01
-2.299667891583407897e-01
-2.063512434775218729e-01
-2.317341379799087164e-01
-2.054737365470062915e-01
-2.061157699018485445e-01
-2.139638871123015207e-01
-2.157069786363042807e-01
-2.243964849332363842e-01
-2.169103656830967397e-01
-2.035284558119135889e-01
-2.144596831286116334e-01
-2.074638908926986769e-01
-2.037071478630381183e-01
-2.001927172369906138e-01
-2.071172856461558354e-01
-2.020331538819526429e-01
-2.153370934618514809e-01
-2.133144877190895627e-01
-1.942988816305297739e-01
-2.120823371329194629e-01
-1.985901776039977751e-01
-2.247170549209589474e-01
-2.146404721651826719e-01
-2.057910447081132688e-01
-2.127064606769806243e-01
-2.324335793598335531e-01
-1.912564260851896680e-01
-2.033192908803582721e-01
-2.174571221524232989e-01
-1.912008899852093435e-01
-1.961794338083346911e-01
-2.002402815881794140e-01
-2.079619808252828328e-01
-2.215829110284692760e-01
-2.010885881620498861e-01
-2.053980809490976167e-01
-1.991991020614469754e-01
-2.105828397598346058e-01
-2.127414547957868773e-01
-2.075266374974846784e-01
-1.974131160664631679e-01
-2.112870593805098451e-01
-2.285979387137559993e-01
-2.193591544643371805e-01
-2.142550221450520986e-01
-1.977496532597049494e-01
-2.051399670364189021e-01
-2.121791635850920343e-01
-1.873574521775633883e-01
-2.080302481576454809e-01
-2.056771266640189388e-01
-1.925768004203718409e-01
-2.130289257581874374e-01
-2.111615741451617900e-01
-2.030214539468446766e-01
-2.032414383850468242e-01
-1.986087559222644572e-01
-2.018717001760903518e-01
-2.295354661551591846e-01
-2.036262751280000227e-01
-1.990463556440715820e-01
-2.047993429345129623e-01
-1.930548277570689475e-01
-1.969903451289762852e-01
-2.103869213576675667e-01
-1.902648051739773694e-01
-2.006812797899388823e-01
-1.970076382245222746e-01
-2.170194284604438639e-01
-2.086756023429794382e-01
-2.094496075231825349e-01
-1.964435495867866699e-01
-1.982015867582040958e-01
-2.042839729734640120e-01
-2.006009739776761780e-01
-2.133754700639202140e-01
-1.927028936874597420e-01
-1.943143011007851806e-01
-1.972158539519530684e-01
-1.912899517066667388e-01
-2.078167039040050845e-01
-1.996434496982483209e-01
-2.070000873926987062e-01
-1.948140476845703351e-01
-1.736285673523296769e-01
-1.965576764751317818e-01
-1.663337901920203254e-01
-1.930675817816894790e-01
-1.911598389619361127e-01
-1.998491931412664790e-01
-1.954590607974625582e-01
-1.866469463115180139e-01
-2.014781158111845216e-01
-1.882174175612321143e-01
-1.977213671939438422e-01
-2.044968682067542787e-01
-1.865275832506870790e-01
-1.965314381728023863e-01
-2.092267386042630517e-01
-1.916424529723272374e-01
-1.942728286489980027e-01
-1.985165604539111950e-01
-2.021282042014302949e-01
-2.011323353878459175e-01
-2.007448860805244317e-01
-2.131358340975985088e-01
-1.847104157073693464e-01
-1.950609551410359410e-01
-2.091726283268070530e-01
-2.045988801472520269e-01
-1.722758642485672786e-01
-1.927619891580589773e-01
-1.834028981052914231e-01
-1.942687748029254813e-01
-1.905503494476485926e-01
-1.874871648292608661e-01
-1.901169581439279277e-01
-1.949876689286076381e-01
-1.779994673355964618e-01
-1.990304344809927795e-01
-1.869453052298064577e-01
-1.839835613026509220e-01
-1.915325895521562405e-01
-1.943914039089007506e-01
-1.999597983177978655e-01
-2.029648797667260585e-01
-1.999480399484074855e-01
-1.903764538731234079e-01
-1.964338059496451017e-01
-1.906170689360928705e-01
-2.059772405976512122e-01
-1.958287719303235530e-01
-1.902773936145167877e-01
-2.020567463639111327e-01
-1.964619182078288784e-01
-1.746241540361583855e-01
-1.836370197289047823e-01
-2.000496707856633805e-01
-1.867508346466080216e-01
-2.031474170669789192e-01
-1.906232094338244920e-01
-1.827154478158483641e-01
-1.944804847473053933e-01
-1.913975323743173362e-01
-1.849553475882284026e-01
-1.918937912500864318e-01
-1.847345944157592346e-01
-1.970276795596592745e-01
-1.953902273647454280e-01
-1.872054279883498262e-01
-1.876336656284660620e-01
-1.773906685000624650e-01
-2.083654594295336615e-01
-1.910287275293467424e-01
-1.938571489849376661e-01
-2.013770689906025924e-01
-1.928145047636196097e-01
-1.917608346920542939e-01
-1.755017308887898420e-01
-2.008871433834324982e-01
-1.871969384425606897e-01
-1.980399229226761371e-01
-1.908836587203395219e-01
-2.042170668685616697e-01
-1.788702669537833856e-01
-1.990960943270598804e-01
-1.944999934605191605e-01
-1.941489684315511610e-01
-1.835943696757214028e-01
-1.788456889789995508e-01
-1.962745867390549570e-01
-1.886219343902864054e-01
-1.985220213683729362e-01
-1.907604562687641447e-01
-1.759897092382480821e-01
-1.634229444039090318e-01
-1.890888693203836013e-01
-1.898926506741926978e-01
-1.793565784418253983e-01
-1.709374280083202358e-01
-1.859370103014947873e-01
-1.901850940301383908e-01
-1.873387644613995207e-01
-1.863856357189854762e-01
-1.879887865887202025e-01
-1.813138975602799352e-01
-1.827808093525697952e-01
-1.969163875039765532e-01
-1.769383551284784417e-01
-1.840332983996280092e-01
-1.739621863555846915e-01
-1.803934437566638849e-01
-1.843650167804771201e-01
-1.821532847654303566e-01
-1.897250606754516955e-01
-1.676890889301481113e-01
-1.800644995591569320e-01
-1.837859867583753193e-01
-1.780292876230116228e-01
-1.739035525540866267e-01
-1.814716765555479672e-01
-1.770786450372268117e-01
-1.829693156488525485e-01
-1.767102061160390480e-01
-1.772270482620299514e-01
-1.805349055613438836e-01
-1.961194675612820681e-01
-1.807153671564174502e-01
-1.815065755217921684e-01
-1.653991084855896965e-01
-1.797853434864586930e-01
-1.958758109743747866e-01
-1.698669736377327322e-01
-1.888880200668259235e-01
-1.768371929405814225e-01
-1.676423403157452086e-01
-1.798858017744346949e-01
-1.935938701126889150e-01
-1.662730101438381070e-01
-1.910253713474519000e-01
-1.751103707110079899e-01
-1.757236820610483807e-01
-1.806395749018612218e-01
-1.655646623805837603e-01
-1.746839426143342866e-01
-1.842787008604946930e-01
-1.986837336363733719e-01
-1.792768058133427100e-01
-1.835319329118441090e-01
-1.660410955909952246e-01
-1.799967269021931493e-01
-1.826658674101757640e-01
-1.684666930340135149e-01
-1.745485900215530961e-01
-1.807727471457616364e-01
-1.920089713294619305e-01
-1.725571016898579391e-01
-1.854263523461157082e-01
-1.945173968844868817e-01
-1.768099992915768137e-01
-1.911831957938259219e-01
-1.817780099558055085e-01
-1.614283429871783415e-01
-1.746453689121076902e-01
-1.527141448023228154e-01
-1.734267377550930966e-01
-1.855981868381570976e-01
-1.838811709639143199e-01
-1.714648548399342332e-01
-1.704619984722306469e-01
-1.620526760897864627e-01
-1.941600118742774495e-01
-1.795419497342602977e-01
-1.849394175252527805e-01
-1.974880986271747574e-01
-1.760804347818167859e-01
-1.831918613681300378e-01
-1.843544949885600470e-01
-1.835559395143042671e-01
-1.674356204750382382e-01
-1.854294658545412311e-01
-1.609790421433529017e-01
-1.724934813996645833e-01
-1.722424422593296089e-01
-1.892308611249284844e-01
-1.679139962335963743e-01
-1.632602537036014212e-01
-1.804401116624525514e-01
-1.633875970818103873e-01
-1.673832259457528338e-01
-1.864399706307725557e-01
-1.910813370107786735e-01
-1.723055510605260299e-01
-1.696627092886910937e-01
-1.907226832845074771e-01
-1.763706608273669652e-01
-1.700059545657113258e-01
-1.761391434786965249e-01
-1.593110483011629386e-01
-1.797112744466744516e-01
-1.650534174888490524e-01
-1.696822181015646969e-01
-1.756234519754797940e-01
-1.729925534482738003e-01
-1.655607883921457191e-01
-1.764300863392319618e-01
-1.787744174949220111e-01
-1.782978348217997278e-01
-1.905978952634697632e-01
-1.690233236797765715e-01
-1.595936060087564945e-01
-1.711166882352841423e-01
-1.711247788388653435e-01
-1.732762412143317166e-01
-1.629052039796180518e-01
-1.699302477638339193e-01
-1.806711694065226137e-01
-1.602428805855407035e-01
-1.757219782002424902e-01
-1.717677682653191429e-01
-1.658985059380795324e-01
-1.743419888670618700e-01
-1.556246477464086064e-01
-1.737726529043722712e-01
-1.779656771231703516e-01
-1.793574984356571811e-01
-1.929707639888760262e-01
-1.811691814108165044e-01
-1.800305553468748432e-01
-1.805654456056953183e-01
-1.780639556845080573e-01
-1.692508468024036539e-01
-1.733536034310567686e-01
-1.700131353957010649e-01
-1.691281252779524014e-01
-1.681014844591610657e-01
-1.885773999915210108e-01
-1.728592086905671454e-01
-1.814572933798561660e-01
-1.732980975352684805e-01
-1.659298305304852672e-01
-1.846580349268558408e-01
-1.672433162751152391e-01
-1.609311053280297887e-01
-1.802495496918763429e-01
-1.843873788601917418e-01
-1.657923271575256763e-01
-1.815043863422985959e-01
-1.810714884308431971e-01
-1.747297662182090150e-01
-1.653632880715428799e-01
-1.824516716779682746e-01
-1.588085388583685420e-01
-1.774752826465340050e-01
-1.744021090095709825e-01
-1.641914373342925337e-01
-1.738638414883292294e-01
-1.818086576282218481e-01
-1.800955410536211332e-01
-1.668846369796745943e-01
-1.749051983704665858e-01
-1.710112091071627205e-01
-1.671729368984788966e-01
-1.701292959826580242e-01
-1.675474169286839121e-01
-1.692287572086016434e-01
-1.764652860006657997e-01
-1.792339369308413310e-01
-1.714769999073632034e-01
-1.801056960079855385e-01
-1.698331582313838961e-01
-1.921240166738635846e-01
-1.632642675683086964e-01
-1.619880928236840933e-01
-1.828947546879693409e-01
-1.797433900600098333e-01
-1.904402455845557451e-01
-1.686955972237760282e-01
-1.705545504529126788e-01
-1.805582574697672804e-01
-1.711406420526844219e-01
-1.784665184556863959e-01
-1.733636475183115699e-01
-1.648065318967881776e-01
-1.771481056451311709e-01
-1.618459550793629464e-01
-1.672094044942151747e-01
-1.776064796751244401e-01
-1.677739783532172790e-01
-1.750494858661666431e-01
-1.658940570746088028e-01
-1.847967767071396761e-01
-1.691235008480398427e-01
-1.757088203306849117e-01
-1.487154951427696048e-01
-1.729857592121759602e-01
-1.812124309588578619e-01
-1.544314218235456337e-01
-1.782484734992428876e-01
-1.666014646574232039e-01
-1.538662838672935074e-01
-1.661164825672836187e-01
-1.903309235744665706e-01
-1.638305549769651925e-01
-1.703593150213258411e-01
-1.532835841263509025e-01
-1.708190555380091347e-01
-1.641469651132121399e-01
-1.661200683366348407e-01
-1.701436163518468270e-01
-1.800795543115087938e-01
-1.793813229418015354e-01
-1.736116342894660214e-01
-1.812373671758642502e-01
-1.507950508703879144e-01
-1.720189183727707238e-01
-1.653322703887671885e-01
-1.739776451093764109e-01
-1.664149952032243363e-01
-1.709503842545423424e-01
-1.721064025148226762e-01
-1.654168922159628963e-01
-1.746473640273618066e-01
-1.697994140231093851e-01
-1.705358490006725347e-01
-1.699476367543901745e-01
-1.652097971462267445e-01
-1.623701082864497103e-01
-1.579563891873596582e-01
-1.770866030728042162e-01
-1.781962862109205403e-01
-1.766686223945872491e-01
-1.905168645165651320e-01
-1.665534118235298955e-01
-1.631643450331137224e-01
-1.717819734895429384e-01
-1.756275613414906012e-01
-1.594167559565389247e-01
-1.640813034377894830e-01
-1.622329849971833049e-01
-1.653449425290562935e-01
-1.648507217956800552e-01
-1.633674862675311701e-01
-1.701538545636895883e-01
-1.760784187597499439e-01
-1.697398223527080141e-01
-1.790178207032928626e-01
-1.648524160436399821e-01
-1.776285472786922615e-01
-1.749462979603104706e-01
-1.704207637342780579e-01
-1.599056728248284820e-01
-1.814407681289957885e-01
-1.707745330223158220e-01
-1.608028254142552793e-01
-1.725504282708119064e-01
-1.711030351297135876e-01
-1.703570469543520538e-01
-1.810335973983079327e-01
-1.480362838619015964e-01
-1.790723847433723925e-01
-1.576233080960183219e-01
-1.556228846015084155e-01
-1.711706101807783931e-01
-1.592625392131623574e-01
-1.699158669007407862e-01
-1.746130437067270336e-01
-1.621412133281570078e-01
-1.594240932025789981e-01
-1.660715527725875607e-01
-1.728180883003058721e-01
-1.662012654768822983e-01
-1.519221574411337983e-01
-1.681007286465030504e-01
-1.630295395237697509e-01
-1.672300416394438827e-01
-1.779364374330518750e-01
-1.695389057969431956e-01
-1.683436234454296354e-01
-1.779811556910482206e-01
-1.706516802598430083e-01
-1.630298225850244087e-01
-1.741828715065008026e-01
-1.494281728313211488e-01
-1.668212991580184656e-01
-1.654966924696061881e-01
-1.663503080466000039e-01
-1.739004719114838338e-01
-1.480098480165683572e-01
-1.806999053378668396e-01
-1.668475014679440260e-01
-1.575887365426151820e-01
-1.678488689145092305e-01
-1.624296501921804747e-01
-1.655781643739944187e-01
-1.557524027351016027e-01
-1.523032410091469391e-01
-1.599823359540977208e-01
-1.642469626688485285e-01
-1.688182089482574977e-01
-1.738081842116336873e-01
-1.681225596448692183e-01
-1.586761457510166284e-01
-1.494005583127178127e-01
-1.591581770220433789e-01
-1.680971445236538742e-01
-1.736817543587430013e-01
-1.679728054099776102e-01
-1.508695160316080308e-01
-1.729669880200306320e-01
-1.598572295348394956e-01
-1.660577875101725276e-01
-1.694879319901370085e-01
-1.621273982807502900e-01
-1.522791490461850028e-01
-1.765505875437511918e-01
-1.692474841309896672e-01
-1.658652954316690575e-01
-1.719138974452285584e-01
-1.699525456099451048e-01
-1.677468433011843896e-01
-1.698178934701917164e-01
-1.739088336051020089e-01
-1.676221827939692322e-01
-1.697795278276337250e-01
-1.613718665785159878e-01
-1.678833939848685120e-01
-1.495486978330242689e-01
-1.600117993429557295e-01
-1.740424152418571513e-01
-1.451215086940251808e-01
-1.536470593556567010e-01
-1.702619311883430964e-01
-1.684637724217312726e-01
-1.593919978472788657e-01
-1.731672551817908801e-01
-1.671588147172167194e-01
-1.756117721536996079e-01
-1.551346069562899999e-01
-1.694937766102786458e-01
-1.638085729602256624e-01
-1.792068273627838160e-01
-1.553195253302575018e-01
-1.733204614794836562e-01
-1.580335062092526055e-01
-1.587088053212923899e-01
-1.695467593581159171e-01
-1.587267211955347701e-01
-1.658061070498513256e-01
-1.808856108116623229e-01
-1.587972162900332940e-01
-1.677115007603624530e-01
-1.647963122789359858e-01
-1.652236044110000357e-01
-1.676518562778861465e-01
-1.543208955825583484e-01
-1.543290158835448622e-01
-1.690473056137254959e-01
-1.728062278858700784e-01
-1.638036267510731836e-01
-1.706300395733718611e-01
-1.718248299727335171e-01
-1.686614162944245487e-01
-1.652447507563813422e-01
-1.604935897463061201e-01
-1.666920302573527968e-01
-1.587832421506347735e-01
-1.676364888935711894e-01
-1.656212147836735316e-01
-1.626008342854070587e-01
-1.533657119534479474e-01
-1.620625464918881153e-01
-1.493019616136113115e-01
-1.612690621677757008e-01
-1.669793855868926258e-01
-1.558121937032603821e-01
-1.622487130903996766e-01
-1.700816870927017721e-01
-1.783671716636696658e-01
-1.620546742217403580e-01
-1.646889978493473183e-01
-1.654228846995831059e-01
-1.634519528700386637e-01
-1.502793158155608655e-01
-1.699498639479248840e-01
-1.693444520966960187e-01
-1.759240580976253465e-01
-1.691676683958978078e-01
-1.625219301854015086e-01
-1.750539139906257535e-01
-1.590314557233409865e-01
-1.598658223105151599e-01
-1.645743102466294960e-01
-1.646496551331995128e-01
-1.708496110494230891e-01
-1.589988987902595241e-01
-1.631298906825882078e-01
-1.641194466466877611e-01
-1.794970413960423894e-01
-1.557343480643251787e-01
-1.652327863397129448e-01
-1.690501606282837077e-01
-1.599438158334964832e-01
-1.635340980242854236e-01
-1.566957437799070263e-01
-1.535709925996062708e-01
-1.687368327434026760e-01
-1.599695030277656915e-01
-1.508008635080837490e-01
-1.837655885138052003e-01
-1.631262975492040468e-01
-1.682645842326824237e-01
-1.615304178313827776e-01
-1.740009303753760062e-01
-1.546310592316619825e-01
-1.619700679007938238e-01
-1.652028607395992221e-01
-1.510499411260202152e-01
-1.586359745268119958e-01
-1.477179166356430429e-01
-1.679905267083758869e-01
-1.638463017253326548e-01
-1.670126715588966526e-01
-1.516523782187015890e-01
-1.659012623916245044e-01
-1.615524871036686516e-01
-1.508502892419469887e-01
-1.624882381169336920e-01
-1.621543237788181102e-01
-1.641222985284187530e-01
-1.636773387550647385e-01
-1.747909491326522513e-01
-1.774471097709673373e-01
-1.472168545028695874e-01
-1.658894496353258141e-01
-1.517393589806617094e-01
-1.542369422472638085e-01
-1.558985337622447176e-01
-1.662291355192384579e-01
-1.596840855977510465e-01
-1.709562146218757128e-01
-1.680252151626659973e-01
-1.754296443059013555e-01
-1.625852135589695990e-01
-1.731316482166405102e-01
-1.681069871266993587e-01
-1.642239512762797560e-01
-1.611096490625625322e-01
-1.685781284763341326e-01
-1.735870297177548593e-01
-1.707368847235275489e-01
-1.589730335162964359e-01
-1.595584638150953083e-01
-1.519314092762473756e-01
-1.678798606210194500e-01
-1.477500461547283095e-01
-1.666799420163904699e-01
-1.589681979724701932e-01
-1.656095294498527437e-01
-1.657551039815863270e-01
-1.629863850129609215e-01
-1.537433637542346965e-01
-1.695170616628605131e-01
-1.564969670715892214e-01
-1.508316010622299252e-01
-1.627576828526229313e-01
-1.601919598750769502e-01
-1.612917090616696747e-01
-1.575986465130303493e-01
-1.576840571734448027e-01
-1.651950394791059651e-01
-1.687476634103113327e-01
-1.675132174985285438e-01
-1.619670841325246968e-01
-1.675950775020220718e-01
-1.672776017638355484e-01
-1.756101227944242282e-01
-1.599732508131865849e-01
-1.693899135286227597e-01
-1.667012305632340485e-01
-1.634304960916193039e-01
-1.646320843288759939e-01
-1.582672789798085233e-01
-1.613990594610119622e-01
-1.590087641414852371e-01
-1.562833296011287842e-01
-1.482833512825720845e-01
-1.585045547940833188e-01
-1.613023065931105116e-01
-1.686856099463427405e-01
-1.608995019015018180e-01
-1.559440725814673634e-01
-1.464217946085146771e-01
-1.584392543616863769e-01
-1.710387735690064304e-01
-1.634306671412417700e-01
-1.445690226424738434e-01
-1.651744932723615555e-01
-1.546603622144875345e-01
-1.572838197385708625e-01
-1.477454015102579454e-01
-1.604914755344442057e-01
-1.636087531858185784e-01
-1.540576263365198706e-01
-1.574236283748411402e-01
-1.540448993881171624e-01
-1.367351987004967739e-01
-1.594484187265794439e-01
-1.633323511727091670e-01
-1.583752380384444436e-01
-1.647898829129470499e-01
-1.605839947145577540e-01
-1.451835326913943902e-01
-1.649122471856800942e-01
-1.543963930755753999e-01
-1.524911195446536638e-01
-1.563512843242218509e-01
-1.461055154337485007e-01
-1.617749341224423709e-01
-1.477779793330222802e-01
-1.412435512139214033e-01
-1.491840347724378013e-01
-1.596939432181234686e-01
-1.493228155574359839e-01
-1.633559337226104802e-01
-1.632395742316963272e-01
-1.570815523245778778e-01
-1.628521011562669152e-01
-1.508047508152965399e-01
-1.523082349642377320e-01
-1.554792027500340179e-01
-1.526104333376274713e-01
-1.439205696866545647e-01
-1.458661192677905838e-01
-1.407654906637492154e-01
-1.372982043862185364e-01
-1.488093947259048200e-01
-1.527315427898292555e-01
-1.542676151477095914e-01
-1.480273317294509283e-01
-1.506862582752424018e-01
-1.478181333006092224e-01
-1.535269768102869303e-01
-1.438775534718808036e-01
-1.509160756696497074e-01
-1.531259377930904719e-01
-1.416530263594473205e-01
-1.362598986475684892e-01
-1.597982590302100547e-01
-1.468911131389976088e-01
-1.533363810405967698e-01
-1.462260452536203736e-01
-1.473873762124096043e-01
-1.489398802763923779e-01
-1.570720266636034257e-01
-1.585284144049243782e-01
-1.471128149882225955e-01
-1.547966476157589533e-01
-1.515002185934379852e-01
-1.468336634041660371e-01
-1.717941671232687817e-01
-1.558726169817348239e-01
-1.416236478791188524e-01
-1.468729046005865513e-01
-1.557170933584353101e-01
-1.495544221500721971e-01
-1.479987951640759913e-01
-1.568433821014751928e-01
-1.687947414779158439e-01
-1.460390144722125694e-01
-1.511760006572175907e-01
-1.411462322439656081e-01
-1.506290336594855450e-01
-1.380693337350985539e-01
-1.451393166547281233e-01
-1.637436795354880736e-01
-1.517875475229464310e-01
-1.479833011701876533e-01
-1.580418034097255120e-01
-1.655537430886534489e-01
-1.428296409099648612e-01
-1.533844128228230019e-01
-1.352710610471827835e-01
-1.327173840465531995e-01
-1.366608813881932116e-01
-1.448495643576539482e-01
-1.452952878158514372e-01
-1.512632604931504199e-01
-1.455665592916223217e-01
-1.692665580095549238e-01
-1.344649219496494297e-01
-1.507305192007604155e-01
-1.443946572281218366e-01
-1.293483657534750808e-01
-1.361129528055479154e-01
-1.577694844179227118e-01
-1.299728165254694368e-01
-1.410193179936471974e-01
-1.330705265485596644e-01
-1.433340570553360838e-01
-1.488589037136298643e-01
-1.464987709870146926e-01
-1.481217486710564302e-01
-1.497161003336542340e-01
-1.300278968159704895e-01
-1.416426493236053741e-01
-1.437437908978012047e-01
-1.334951291667476614e-01
-1.491135845335651577e-01
-1.404054650742119215e-01
-1.395229106911997086e-01
-1.553912644794752662e-01
-1.517583245331628472e-01
-1.387198093178425573e-01
-1.419070888075004699e-01
-1.454870383846182946e-01
-1.492868108180342990e-01
-1.499577072008393408e-01
-1.300279487793132294e-01
-1.655108112512184704e-01
-1.549796126517197781e-01
-1.495267021950446029e-01
-1.576218400192774816e-01
-1.439628718049774658e-01
-1.458526104912620802e-01
-1.498334007198269813e-01
-1.407657742435828307e-01
-1.365742612871059247e-01
-1.580412986371477757e-01
-1.463532501245474737e-01
-1.524596622017171388e-01
-1.555914692458204573e-01
-1.474051244481606737e-01
-1.528451079470138918e-01
-1.557800561911790727e-01
-1.604892082197393322e-01
-1.527301935246576647e-01
-1.633050481457423153e-01
-1.515782145124577873e-01
-1.505342688046860111e-01
-1.452714682163023241e-01
-1.372489959773184331e-01
-1.453557122062458795e-01
-1.510715041762622501e-01
-1.509222888712635768e-01
-1.318095019619338615e-01
-1.498542420708919298e-01
-1.328526829466676329e-01
-1.345122309508999248e-01
-1.498851780411247780e-01
-1.356333345589109118e-01
-1.375834588882522969e-01
-1.436839268767826638e-01
-1.487670264364222561e-01
-1.369483608489989734e-01
-1.370879473201629395e-01
-1.389525773919295659e-01
-1.331520227823834723e-01
-1.485206800921403669e-01
-1.625002026643656006e-01
-1.492498995467592682e-01
-1.472085696778469011e-01
-1.407450022288014857e-01
-1.291426869164333802e-01
-1.549893370686012961e-01
-1.435376079234806923e-01
-1.455703438716877685e-01
-1.472667915981400455e-01
-1.434407043012235761e-01
-1.531407740671217876e-01
-1.312653889892185788e-01
-1.497569889303138613e-01
-1.438782255569575064e-01
-1.322050328159596333e-01
-1.349105623193027625e-01
-1.335823927931132360e-01
-1.364145258799542848e-01
-1.372695559375769481e-01
-1.403205843374899509e-01
-1.560039567136728422e-01
-1.272825336749050518e-01
-1.370828892688045197e-01
-1.403576711183596171e-01
-1.381990846960619024e-01
-1.506717270910784556e-01
-1.313761768004539920e-01
-1.571494992484447906e-01
-1.383388202179011151e-01
-1.429860736752730510e-01
-1.359707743442279959e-01
-1.343661832949414325e-01
-1.486885411579963456e-01
-1.503163763049348844e-01
-1.516223304484585199e-01
-1.432469656403361213e-01
-1.291859826501930986e-01
-1.368758957032469858e-01
-1.434862939117595992e-01
-1.281622613362585206e-01
-1.383883481267429438e-01
-1.383837188443537425e-01
-1.438874142637516229e-01
-1.454286834013771568e-01
-1.297859621460475399e-01
-1.386967590568977116e-01
-1.496338761052498079e-01
-1.431812460781602958e-01
-1.409888874570608408e-01
-1.466618525477443313e-01
-1.495631058869113517e-01
-1.314867434125011059e-01
-1.353031311779453461e-01
-1.345823272242734348e-01
-1.437510565553539177e-01
-1.347734593706537698e-01
-1.419965979342467932e-01
-1.406797725992112724e-01
-1.396224916996327003e-01
-1.338526572108591495e-01
-1.430435627196224857e-01
-1.437330900704247849e-01
-1.455151196340127573e-01
-1.307619665710291201e-01
-1.313388490207718640e-01
-1.442818389476490104e-01
-1.544493718944963678e-01
-1.385834118540814064e-01
-1.339334803552987285e-01
-1.454780308171323977e-01
-1.500518338051954892e-01
-1.499332887355009358e-01
-1.401611369525173068e-01
-1.459264929741221906e-01
-1.470947855350777100e-01
-1.335665126963956340e-01
-1.441278651498592023e-01
-1.418236997527986265e-01
-1.304352381097551028e-01
-1.401013536523976200e-01
-1.350145682960237625e-01
-1.377869449041251304e-01
-1.396989789452141029e-01
-1.366585680400206337e-01
-1.305362710904685031e-01
-1.469055810729671396e-01
-1.596266284704627170e-01
-1.362224553516885317e-01
-1.406476495841760821e-01
-1.398090882827985881e-01
-1.436745351332571197e-01
-1.338472443943400370e-01
-1.318437796483777902e-01
-1.296635966978771926e-01
-1.342432608954540196e-01
-1.470326712091506449e-01
-1.313291509393571532e-01
-1.234282314695489546e-01
-1.308758638380116412e-01
-1.254963086217369961e-01
-1.188407713694333845e-01
-1.315148590720586208e-01
-1.270086985133935809e-01
-1.214449562827246698e-01
-1.298906577300937837e-01
-1.378224481282326330e-01
-1.245707815816360364e-01
-1.335961976148770658e-01
-1.191833950853753432e-01
-1.333159324313664129e-01
-1.386319412856942268e-01
-1.342818178345377422e-01
-1.231118919199636341e-01
-1.184777651726460768e-01
-1.091196197339603380e-01
-1.215980286055509119e-01
-1.136029376288092418e-01
-1.155218461551543729e-01
-1.166928239643589826e-01
-1.121844078026064118e-01
-1.199432679036842586e-01
-1.304718066487511319e-01
-1.273219065466859590e-01
-1.255473179229253944e-01
-1.192366094689825129e-01
-1.142749959716693464e-01
-1.133827768373547595e-01
-1.268047780693903892e-01
-1.096138469667522486e-01
-1.072123417599766260e-01
-1.240602285502834246e-01
-1.118193917533734094e-01
-1.129370982662099010e-01
-1.073886929577620997e-01
-9.866323366815143991e-02
-9.048557246075605853e-02
-1.019591168409541559e-01
-1.001624723340968082e-01
-1.076692657228470740e-01
-8.763357383620840046e-02
-9.145380467359509602e-02
-1.000058570302755356e-01
-9.379820264762539495e-02
-8.649639971624911716e-02
-9.508342701157723731e-02
-9.222932820606510873e-02
-9.583038222580664289e-02
-9.411670813888073361e-02
-9.069153173071842211e-02
-9.496137890891187539e-02
-9.126385239994661003e-02
-9.212610610770188835e-02
-9.040027768133129804e-02
-9.160032170837428822e-02
-1.033293737941864965e-01
-9.797042507412978551e-02
-1.039774589416257999e-01
-9.882478558043361616e-02
-9.899972944789436902e-02
-9.781859574630935583e-02
-1.011198848228687108e-01
-9.924813449027225509e-02
-1.020036543832074649e-01
-9.920172165893315075e-02
-1.081709013656597662e-01
-1.014012721165125086e-01
-1.003206590887539829e-01
-1.122211611762802264e-01
-1.084371739943965629e-01
-1.118008686314329037e-01
-1.152202189744064853e-01
-1.153050920284839354e-01
-1.065292834428803737e-01
-1.108120006589767836e-01
-1.031143896060391363e-01
-1.171426695669859352e-01
-1.142389155958627445e-01
-1.150824280745328387e-01
-1.227818624666778824e-01
-1.119674407877107036e-01
-1.125727519982631097e-01
-1.049287336837725348e-01
-1.078926855947863750e-01
-1.153717709016166548e-01
-1.253348081179406215e-01
-1.161381150649110072e-01
-1.167812589223475861e-01
-1.167883079087590481e-01
-1.243605602297899182e-01
-1.128239833268889214e-01
-1.234279840473326839e-01
-1.150953181007525750e-01
-1.177268672918412307e-01
-1.180668980153298797e-01
-1.296638186510237212e-01
-1.306601980327453116e-01
-1.296145234250356548e-01
-1.285476051748721815e-01
-1.243442811166048934e-01
-1.257032784143281567e-01
-1.298250256093260724e-01
-1.128962591680326977e-01
-1.174942154433944452e-01
-1.375411867008260458e-01
-1.273337871328035220e-01
-1.326677149013459900e-01
-1.211477983011797210e-01
-1.340628823376088796e-01
-1.261370732754059087e-01
-1.202145672354593131e-01
-1.283178463927252544e-01
-1.284265296889735009e-01
-1.229696454488697910e-01
-1.441385510625223798e-01
-1.329579103410307717e-01
-1.127799553546913192e-01
-1.288255661238564276e-01
-1.400818729589539124e-01
-1.277620067353568700e-01
-1.382849851840304289e-01
-1.386045047473642988e-01
-1.298076595890791385e-01
-1.355592655873927299e-01
-1.254960521385817263e-01
-1.167267701396124124e-01
-1.362297939505308086e-01
-1.235055204477115698e-01
-1.335561267853155876e-01
-1.314884898213521947e-01
-1.275782524817592467e-01
-1.327357435996243673e-01
-1.205897456957518710e-01
-1.274695639256731017e-01
-1.459112975077874186e-01
-1.327806101161899122e-01
-1.349027169394274583e-01
-1.262593113426200286e-01
-1.272667991948941424e-01
-1.301121488888927757e-01
-1.239102361411454911e-01
-1.207418561414104197e-01
-1.366529309974049422e-01
-1.253572615772580168e-01
-1.402587735036797678e-01
-1.214603911891198873e-01
-1.321352069647221406e-01
-1.273871750710964257e-01
-1.189977686389731559e-01
-1.471263865381096103e-01
-1.197838529132408958e-01
-1.165991445278393712e-01
-1.427081821995046518e-01
-1.217357930682301248e-01
-1.273982324262985522e-01
-1.360915318317932332e-01
-1.404639799424296509e-01
-1.238741083735579451e-01
-1.235939199967281965e-01
-1.356465978912453352e-01
-1.309957136627302177e-01
-1.391240354321108263e-01
-1.250138160663056830e-01
-1.377211309880630452e-01
-1.295661704427684136e-01
-1.347830764041528795e-01
-1.278554918233818505e-01
-1.194150309357513429e-01
-1.177891115162572611e-01
-1.273415803303796778e-01
-1.296136980610911316e-01
-1.140193553331299015e-01
-1.360662827967198396e-01
-1.280244528971081763e-01
-1.301183289084217876e-01
-1.489088258757673700e-01
-1.343279596004980370e-01
-1.316457026927602136e-01
-1.403993299759456193e-01
-1.262965049594502176e-01
-1.422147762669423443e-01
-1.413503541716671918e-01
-1.170411784177147752e-01
-1.340912228239652393e-01
-1.233838175746582166e-01
-1.384799919601533702e-01
-1.054343344336436950e-01
-1.296076191652990595e-01
-1.314787167679463131e-01
-1.327220733505458661e-01
-1.443921607531613027e-01
-1.298652048578516904e-01
-1.198274226337190385e-01
-1.382372077094773388e-01
-1.355842167266372300e-01
-1.334881871364435035e-01
-1.256320578441196822e-01
-1.478721512772662727e-01
-1.458565604605066568e-01
-1.400567328117068300e-01
-1.235165514478460125e-01
-1.340037231983006727e-01
-1.396414273514761106e-01
-1.308200184214065587e-01
-1.348615255240663835e-01
-1.301781070316581079e-01
-1.242336030136792502e-01
-1.388620472047068510e-01
-1.243695265223783153e-01
-1.339586604031350880e-01
-1.567758335499020994e-01
-1.369840292495880796e-01
-1.374655106906406132e-01
-1.464109901468857444e-01
-1.339245285508816607e-01
-1.404088288879603574e-01
-1.313489636241360614e-01
-1.280923890401162168e-01
-1.336486565174905827e-01
-1.386201993810249888e-01
-1.363320901763600546e-01
-1.316955599293265777e-01
-1.144844662707593663e-01
-1.235577781991441526e-01
-1.342791429975731532e-01
-1.228044517440292083e-01
-1.386830707214659064e-01
-1.229315617290875906e-01
-1.229934524038651666e-01
-1.426851425625597081e-01
-1.380397114034010997e-01
-1.409860402291647219e-01
-1.317218774472928011e-01
-1.128214949383461452e-01
-1.419617232976113641e-01
-1.311392485560238796e-01
-1.391440859225463456e-01
-1.458080845333213915e-01
-1.406197015290948649e-01
-1.478157057015687670e-01
-1.236551704536243967e-01
-1.538160614419110672e-01
-1.231271917610325950e-01
-1.392412717605409078e-01
-1.245967296084051767e-01
-1.431760842237923548e-01
-1.312804043695328104e-01
-1.388213532571076492e-01
-1.483681103601228735e-01
-1.376661315718528122e-01
-1.371548549717283016e-01
-1.228650148009173826e-01
-1.384054263047089783e-01
-1.394642028267583100e-01
-1.373068242696322550e-01
-1.082789420141359038e-01
-1.381282462873891781e-01
-1.326186397435842323e-01
-1.244315712249033368e-01
-1.340910421593513036e-01
-1.303869306293012897e-01
-1.158389655541152141e-01
-1.451682167621086705e-01
-1.344750228771609546e-01
-1.257276016351829284e-01
-1.315899254913084349e-01
-1.269321433288326251e-01
-1.242521528943321130e-01
-1.346955322987990478e-01
-1.348101998373514299e-01
-1.123556522227522336e-01
-1.406814386191093114e-01
-1.449600598201601365e-01
-1.475361212547494638e-01
-1.375301725852589030e-01
-1.242551387321233491e-01
-1.434786574317161723e-01
-1.320511840022349226e-01
-1.392741836947379852e-01
-1.401203436442393091e-01
-1.416655944931775046e-01
-1.304276706620415283e-01
-1.385655734271056261e-01
-1.383510327473733703e-01
-1.387408781880590247e-01
-1.489483599344190168e-01
-1.356792509977249317e-01
-1.401037647974476830e-01
-1.330932929825503486e-01
-1.262992691430491199e-01
-1.483783203158282049e-01
-1.418969310023925345e-01
-1.371989782154270365e-01
-1.367475869707504010e-01
-1.269143696843362257e-01
-1.339395982386695216e-01
-1.518021889626188781e-01
-1.252645992904586336e-01
-1.305094208300614511e-01
-1.452801028398953420e-01
-1.314114030278648038e-01
-1.376704513613518088e-01
-1.379316779646004854e-01
-1.237422339650171565e-01
-1.306362599561672333e-01
-1.379846981288075369e-01
-1.508575688124715874e-01
-1.434521818663108128e-01
-1.426091814243028999e-01
-1.417523128321938053e-01
-1.346318309600933461e-01
-1.519567909441956743e-01
-1.349345375308246275e-01
-1.360659736891718374e-01
-1.412481047568638903e-01
-1.315141083881292694e-01
-1.521459788857493223e-01
-1.299783416162094696e-01
-1.451928409688383326e-01
-1.507552918196046754e-01
-1.532227974690272276e-01
-1.378765909384771504e-01
-1.532248882804108092e-01
-1.452353770236896047e-01
-1.392978537791460525e-01
-1.311198433860321089e-01
-1.410966807750928531e-01
-1.493004835340059344e-01
-1.420951163025385711e-01
-1.485187877507119225e-01
-1.491641262359144626e-01
-1.459093422570574283e-01
-1.392209304068328102e-01
-1.433448139649020625e-01
-1.338323975413167055e-01
-1.459977760768076394e-01
-1.501848979144053686e-01
-1.394923147503193128e-01
-1.481697141780808913e-01
-1.490829766072994111e-01
-1.426456598840299961e-01
-1.412125080528787713e-01
-1.551283133848322393e-01
-1.420839122472861149e-01
-1.479057949541888739e-01
-1.308346647147415887e-01
-1.274687250907451386e-01
-1.467798497393655310e-01
-1.471557239327254685e-01
-1.375071070219520131e-01
-1.544931605647610340e-01
-1.345396958023141742e-01
-1.407789932418030965e-01
-1.199928473590845535e-01
-1.456788648230360472e-01
-1.363171808346783642e-01
-1.399100673487421176e-01
-1.342176158186165758e-01
-1.406038279002927993e-01
-1.389224324887408102e-01
-1.237291199834888999e-01
-1.418578104923540195e-01
-1.315132410628563342e-01
-1.165365113106844319e-01
-1.301699163675453796e-01
-1.460852490945967475e-01
-1.351138900391264386e-01
-1.324822493988513372e-01
-1.499974954604446076e-01
-1.431149674771510227e-01
-1.388485993266570517e-01
-1.412706732326785009e-01
-1.399765330995443868e-01
-1.280493274522469527e-01
-1.378448772430149738e-01
-1.291877443730622410e-01
-1.364940481082896895e-01
-1.362921707121045323e-01
-1.389967940595231433e-01
-1.535337078336809213e-01
-1.317536573263651256e-01
-1.398460747714507235e-01
-1.358638076253666505e-01
-1.198931359599941793e-01
-1.420491406526322997e-01
-1.394436576303941244e-01
-1.292080713955123805e-01
-1.406105773809098736e-01
-1.501673603162458903e-01
-1.142694008072506762e-01
-1.326494649594289754e-01
-1.475161095065549155e-01
-1.277677139879214163e-01
-1.354975864196064084e-01
-1.278533927668261683e-01
-1.468542959924912239e-01
-1.405843142938891788e-01
-1.271739395904685210e-01
-1.384216052623405968e-01
-1.384171316128322005e-01
-1.408495227205146527e-01
-1.294937704777536780e-01
-1.347133966692122264e-01
-1.363995279058642929e-01
-1.432448378721078441e-01
-1.325206352646315366e-01
-1.381167677086132528e-01
-1.390833893298326629e-01
-1.414434347379089907e-01
-1.470553412744051158e-01
-1.476159585493594939e-01
-1.392756234005734228e-01
-1.354415269865456573e-01
-1.439939003570018805e-01
-1.302139136610116488e-01
-1.290772180902459709e-01
-1.391316786676624062e-01
-1.322961291860451638e-01
-1.304793231502436868e-01
-1.375214746717823289e-01
-1.367808781163035725e-01
-1.495638099696963152e-01
-1.445962807364917779e-01
-1.641101941596891933e-01
-1.388671473056333205e-01
-1.448590902088953136e-01
-1.423443334804019855e-01
-1.290379174233233783e-01
-1.445631525915453963e-01
-1.229911412570978690e-01
-1.316697996094076117e-01
-1.382453670535945811e-01
-1.381415494272362210e-01
-1.425597555843260977e-01
-1.477609516171218829e-01
-1.481494950349224737e-01
-1.457575577603011929e-01
-1.411171152596839562e-01
-1.350355337696025337e-01
-1.349934055194230709e-01
-1.472907839114823147e-01
-1.431794493620506259e-01
-1.370954891149258614e-01
-1.439191278743869873e-01
-1.373488419129254012e-01
-1.485964399746633191e-01
-1.378400605677181368e-01
-1.503441305003079265e-01
-1.438946863141277177e-01
-1.504226485215509612e-01
-1.558618642793354603e-01
-1.437711554055942642e-01
-1.452557559092437778e-01
-1.393983113027852383e-01
-1.622201855265394954e-01
-1.522974091271978025e-01
-1.281998866551106175e-01
-1.207133663631649867e-01
-1.428081615132694715e-01
-1.239997450701473269e-01
-1.420524020879554428e-01
-1.197940517543836236e-01
-1.353346807213338110e-01
-1.323407933769127354e-01
-1.444605285002271700e-01
-1.214967432080329424e-01
-1.553271471070996057e-01
-1.574105898529554182e-01
-1.455156924480149883e-01
-1.396023303366340507e-01
-1.388585959816444060e-01
-1.355476251758349626e-01
-1.270494448406114252e-01
-1.452031237244972850e-01
-1.507622884092723048e-01
-1.597300035461408640e-01
-1.472331470432330924e-01
-1.305911247340993953e-01
-1.413223381937989132e-01
-1.472955292785838033e-01
-1.492876406770138331e-01
-1.244833358568495640e-01
-1.353337910564627045e-01
-1.564173461921218866e-01
-1.492022834505499773e-01
-1.367990758784940475e-01
-1.335620156065502329e-01
-1.525170111237894588e-01
-1.450471058570679261e-01
-1.499917416739169340e-01
-1.395526448901813765e-01
-1.456920287463612240e-01
-1.457096908581569927e-01
-1.338605610432535009e-01
-1.304066068953133595e-01
-1.308668173349438746e-01
-1.462085113085422883e-01
-1.349455541324133812e-01
-1.318183289518364276e-01
-1.310131453635743348e-01
-1.415155782383061833e-01
-1.478857939511470931e-01
-1.277905222102226901e-01
-1.453113966846348859e-01
-1.608214119194624203e-01
-1.366188494896398709e-01
-1.523573485789868620e-01
-1.442388406237391507e-01
-1.285553109096029267e-01
-1.314350458748037020e-01
-1.307542518941149368e-01
-1.457902232795822428e-01
-1.293959891951965702e-01
-1.438797806717486694e-01
-1.354706415693045507e-01
-1.417443702858633969e-01
-1.492078047273048824e-01
-1.594387535275931800e-01
-1.412946818553835193e-01
-1.220440858475027035e-01
-1.522072413579547145e-01
-1.416240445036311968e-01
-1.496647512733075835e-01
-1.423059652753084769e-01
-1.502310539418498792e-01
-1.544843663008168555e-01
-1.515548412215905749e-01
-1.369656856791938715e-01
-1.576916504594128021e-01
-1.550360805363504291e-01
-1.521263898024303174e-01
-1.508978337292172789e-01
-1.465459131193602715e-01
-1.547566141863234712e-01
-1.356665499335680813e-01
-1.196445837201118856e-01
-1.432281761990310542e-01
-1.616378971686942556e-01
-1.454312988874533197e-01
-1.385843345716084585e-01
-1.369577403506090363e-01
-1.361926606861785238e-01
-1.487703386075449608e-01
-1.541600378113154868e-01
-1.698254349674126473e-01
-1.411237683246766572e-01
-1.559406661483859757e-01
-1.658059624898848838e-01
-1.464157891992892147e-01
-1.526219958076224792e-01
-1.330833340125523456e-01
-1.369894328407528228e-01
-1.577942785747912247e-01
-1.469181872555060941e-01
-1.359834432211322053e-01
-1.384293685308524147e-01
-1.352146361492136961e-01
-1.428404242356569043e-01
-1.587106419627755116e-01
-1.456047412209424685e-01
-1.556115717635826456e-01
-1.568859729783618207e-01
-1.497747051248614625e-01
-1.494745464479465547e-01
-1.496484879025077319e-01
-1.621442538674293665e-01
-1.461779851441202815e-01
-1.538864749017951894e-01
-1.352421986158813816e-01
-1.469038784177212342e-01
-1.371741220043163345e-01
-1.453633909079510289e-01
-1.408604403679012407e-01
-1.470899852906186744e-01
-1.455676357352291284e-01
-1.630482991876496257e-01
-1.380928854217140511e-01
-1.568794651971936460e-01
-1.511065705391687608e-01
-1.374659725425226853e-01
-1.395960196334504744e-01
-1.416867134598298605e-01
-1.525499715548721547e-01
-1.452097122617721503e-01
-1.472985153450547813e-01
-1.468098962054287249e-01
-1.539672106441929422e-01
-1.582549060157698584e-01
-1.427146494133455512e-01
-1.527771450026653710e-01
-1.568062348033563147e-01
-1.405070029928023878e-01
-1.492662958972110765e-01
-1.552115959078808061e-01
-1.430909971614999776e-01
-1.344302927339930953e-01
-1.376315335631810299e-01
-1.464320393767244433e-01
-1.550434048203550574e-01
-1.500884423332005113e-01
-1.336436732051313747e-01
-1.469729762510407767e-01
-1.394431560173319262e-01
-1.441084895038269309e-01
-1.426914903337315188e-01
-1.426439540474486734e-01
-1.536513373805274973e-01
-1.301340381957807324e-01
-1.387406558828092606e-01
-1.423532946927608123e-01
-1.345954483071114538e-01
-1.507039176471143271e-01
-1.497083713466222932e-01
-1.469195226965718248e-01
-1.510282842937566983e-01
-1.650260991545038358e-01
-1.503000614624374620e-01
-1.365047892592272660e-01
-1.467897410292415827e-01
-1.507731851179983096e-01
-1.513486210030108303e-01
-1.356241883953615002e-01
-1.360640020654950710e-01
-1.516617649793770006e-01
-1.278235966472465179e-01
-1.373350043736825121e-01
-1.393952839941361432e-01
-1.453310484759824384e-01
-1.422284585361608400e-01
-1.480163303663877272e-01
-1.453783667613657293e-01
-1.543601770938214379e-01
-1.500443111894376180e-01
-1.518353795478755153e-01
-1.421352638276691671e-01
-1.371171563492152856e-01
-1.488050341020654699e-01
-1.559288731301129438e-01
-1.327765804369751557e-01
-1.414960774742164418e-01
-1.459410674855852186e-01
-1.452906181522792828e-01
-1.424025060589841907e-01
-1.532872520932158089e-01
-1.408472925544699272e-01
-1.496592029583685424e-01
-1.473357006389810486e-01
-1.415462545389609694e-01
-1.571648459047700896e-01
-1.426212374638518021e-01
-1.434224993551929117e-01
-1.491708963139433131e-01
-1.608566899465291300e-01
-1.479047689151125056e-01
-1.481206867356399393e-01
-1.422580174820695653e-01
-1.420183468580780151e-01
-1.432484716966855309e-01
-1.390078454589795953e-01
-1.340392762435063112e-01
-1.400846609745891591e-01
-1.621044054596061379e-01
-1.363097406731972328e-01
-1.399074811109533023e-01
-1.438587017344441499e-01
-1.471088950320651456e-01
-1.388009605023348136e-01
-1.549163013862577820e-01
-1.493394132093728288e-01
-1.502217297347048230e-01
-1.416314464779251381e-01
-1.361854335145564754e-01
-1.469592544459135119e-01
-1.385365754735401467e-01
-1.597761957048078330e-01
-1.515545451407382949e-01
-1.461904052313127700e-01
-1.606581898233150341e-01
-1.499345301192627211e-01
-1.614894509975455250e-01
-1.502982561159802444e-01
-1.488609511354721526e-01
-1.510317650965609104e-01
-1.337220267436585175e-01
-1.507332833187589038e-01
-1.341877675332803221e-01
-1.339921966270449794e-01
-1.351893006455351376e-01
-1.349041920369464798e-01
-1.560437655904673981e-01
-1.331690673954346593e-01
-1.437591520607184314e-01
-1.488456543321503567e-01
-1.458653475228390839e-01
-1.440346813660875469e-01
-1.300986134230925906e-01
-1.437390690398756554e-01
-1.524700927940769724e-01
-1.387764481349429424e-01
-1.296351884231641272e-01
-1.483727070491642763e-01
-1.514746095551964267e-01
-1.422760271166580992e-01
-1.516142052402922324e-01
-1.604428678642109141e-01
-1.526822871692465888e-01
-1.614821808600512831e-01
-1.508812046839906884e-01
-1.525155976774099642e-01
-1.281597128781557515e-01
-1.532785843428539074e-01
-1.499952093138965381e-01
-1.481038988227494357e-01
-1.529974311812467569e-01
-1.443474151909276415e-01
-1.477579812412495031e-01
-1.515335342147281494e-01
-1.489892811065627320e-01
-1.493303742577358761e-01
-1.547306539467747655e-01
-1.552930768979385867e-01
-1.475659405880223041e-01
-1.470619496174370155e-01
-1.636749802696315648e-01
-1.481927835080796285e-01
-1.530105788922586640e-01
-1.466459620463775870e-01
-1.510970754211480305e-01
-1.541852163973258527e-01
-1.558404116828349117e-01
-1.461254584828655112e-01
-1.536012710035468132e-01
-1.716782271914323310e-01
-1.582804713861718504e-01
-1.453020276975358627e-01
-1.577634484793830616e-01
-1.368436462642881324e-01
-1.306150296703783020e-01
-1.302892044145504968e-01
-1.278600760182908580e-01
-1.462390233118981975e-01
-1.497181100811655341e-01
-1.494653010698403506e-01
-1.522679923792056300e-01
-1.566011983417263664e-01
-1.573899981730164654e-01
-1.506248900306434990e-01
-1.560905721184822070e-01
-1.441678473151588591e-01
-1.373548448624415386e-01
-1.385693902130649136e-01
-1.392887151083295194e-01
-1.364310169843894194e-01
-1.499055724546014545e-01
-1.407933207448448520e-01
-1.621971718106243188e-01
-1.550314401986554458e-01
-1.498088952785905370e-01
-1.503512421368715657e-01
-1.488356307746800944e-01
-1.515139356052688235e-01
-1.474520073227396644e-01
-1.357133887680528339e-01
-1.397759569758671994e-01
-1.589862987996411015e-01
-1.456364290674483364e-01
-1.495405805071716721e-01
-1.494038404685906762e-01
-1.465088407991239627e-01
-1.708814012610346822e-01
-1.522846386441782940e-01
-1.476740393247375494e-01
-1.437060837093451227e-01
-1.500252680272096129e-01
-1.302564776168462224e-01
-1.366488489797990091e-01
-1.572809574631177654e-01
-1.579449566368200664e-01
-1.652828594751438729e-01
-1.523562304663332867e-01
-1.584981446967388408e-01
-1.639941970516902714e-01
-1.573523816477151449e-01
-1.477849641661133084e-01
-1.305554164444782117e-01
-1.580970083466248788e-01
-1.586102766761983140e-01
-1.627948101495166888e-01
-1.547038901209587536e-01
-1.551917847610271295e-01
-1.578871867737574597e-01
-1.477743733239869073e-01
-1.650839115238440513e-01
-1.546973578721266840e-01
-1.481539510942724291e-01
-1.463248875301452756e-01
-1.440260126850965161e-01
-1.540970213952608248e-01
-1.469817854601060958e-01
-1.681248059326660993e-01
-1.545997578636533198e-01
-1.501347311356715508e-01
-1.443075418267982801e-01
-1.619245632863450801e-01
-1.490480595435488276e-01
-1.470597593182128016e-01
-1.584312804422509657e-01
-1.489600423848271848e-01
-1.272871053437334421e-01
-1.536047988739648318e-01
-1.647267290594582878e-01
-1.515856864656122127e-01
-1.556279623389462685e-01
-1.585010101725765619e-01
-1.431641860879224737e-01
-1.516407350957180711e-01
-1.424901752737270932e-01
-1.516095323171180453e-01
-1.468932996973382199e-01
-1.559758129820869588e-01
-1.462004053016503491e-01
-1.562588323913847166e-01
-1.572935279771328076e-01
-1.615578380007500758e-01
-1.614861749367679788e-01
-1.634199487711853749e-01
-1.702143584258273279e-01
-1.465831259403358455e-01
-1.646650081202056803e-01
-1.628993318520970401e-01
-1.714824499095424226e-01
-1.541469229092915505e-01
-1.589989592430592902e-01
-1.532804956888702552e-01
-1.454455131677209190e-01
-1.597442040712511169e-01
-1.608612842679226773e-01
-1.607917052545910774e-01
-1.617446353894260724e-01
-1.513194944378171147e-01
-1.548207520757536315e-01
-1.701501444605739710e-01
-1.473565598817299094e-01
-1.557011582690097651e-01
-1.510904508437362903e-01
-1.513754491489995857e-01
-1.454476860515558911e-01
-1.524865932291039616e-01
-1.437077013807570580e-01
-1.428350260095370139e-01
-1.615934507069969328e-01
-1.502839358098482236e-01
-1.732461532675182436e-01
-1.608757701153662456e-01
-1.746307209742650191e-01
-1.558685302072413403e-01
-1.632711329998932648e-01
-1.560209677171737752e-01
-1.611984303974112187e-01
-1.502375618217446362e-01
-1.481449020226306423e-01
-1.557196786368486574e-01
-1.588723701284500134e-01
-1.501545897638838500e-01
-1.553652659399724634e-01
-1.720172539845044035e-01
-1.599446344138195641e-01
-1.588280218708926217e-01
-1.580654168677435578e-01
-1.560704969053932079e-01
-1.498779885015704139e-01
-1.595383401774905785e-01
-1.609894798978677155e-01
-1.574696258888672595e-01
-1.715274919172844470e-01
-1.490752130090022831e-01
-1.589563278819545733e-01
-1.646139558727655050e-01
-1.488795835385019473e-01
-1.411369572148752916e-01
-1.557276980704753733e-01
-1.622187569968476240e-01
-1.620026652485324625e-01
-1.657392641132786615e-01
-1.651184175159765566e-01
-1.774930186857375247e-01
-1.395496759590699742e-01
-1.627082417369292155e-01
-1.529639848565995663e-01
-1.569659933188378709e-01
-1.383889504594950637e-01
-1.493405371779394919e-01
-1.630949845600082604e-01
-1.592453534158377870e-01
-1.576303266263268110e-01
-1.509822006314551768e-01
-1.504652546576821237e-01
-1.488972141630400259e-01
-1.727261905990093993e-01
-1.530927257402550090e-01
-1.418397853966948396e-01
-1.669117877918466775e-01
-1.479012089301443567e-01
-1.552034326213092008e-01
-1.462484338059062416e-01
-1.603191660882994363e-01
-1.614358180774604357e-01
-1.559712503004870854e-01
-1.582570057129348839e-01
-1.816700198860559112e-01
-1.687697718431540039e-01
-1.453879850885617664e-01
-1.645689487142569796e-01
-1.595071924491908710e-01
-1.506571646985443991e-01
-1.698868228996608387e-01
-1.613933826628803914e-01
-1.633347022876106003e-01
-1.642398117002099589e-01
-1.685406297019507171e-01
-1.503349104913556111e-01
-1.593100715740822793e-01
-1.640188694814450621e-01
-1.642950518037760155e-01
-1.533908386425566484e-01
-1.556266464003428496e-01
-1.745155826752702311e-01
-1.528607943425481785e-01
-1.569289305760306341e-01
-1.569702888950783581e-01
-1.513689755705756035e-01
-1.587799052759528706e-01
-1.622871547179913776e-01
-1.511957120792524201e-01
-1.655817765152098886e-01
-1.502386116098093360e-01
-1.525533663064839729e-01
-1.602982888474491219e-01
-1.381104123660499283e-01
-1.521317638816479523e-01
-1.328367168371760165e-01
-1.632050772803479433e-01
-1.856242994629964116e-01
-1.712873609781393469e-01
-1.635698112884447220e-01
-1.504756786473833152e-01
-1.566228675064915699e-01
-1.655396915878535324e-01
-1.616829765125613605e-01
-1.580772455491299411e-01
-1.662415161852346390e-01
-1.491750115654681963e-01
-1.622721128009376734e-01
-1.650465153884224101e-01
-1.624922341184786845e-01
-1.595904989059464540e-01
-1.517537155023580553e-01
-1.641667362956029663e-01
-1.684966628628039587e-01
-1.588610632166282954e-01
-1.574328906108419801e-01
-1.673201158240820163e-01
-1.640643592336719081e-01
-1.627630356172311554e-01
-1.662739034594278298e-01
-1.687750498141298294e-01
-1.756375041671054404e-01
-1.730728831502634790e-01
-1.536838697917572993e-01
-1.527723558748155241e-01
-1.786327799050719811e-01
-1.681827413508862890e-01
-1.506169806083050844e-01
-1.584875344734983926e-01
-1.575399522762608306e-01
-1.577210162182396402e-01
-1.519418469866615773e-01
-1.473862015276448112e-01
-1.664480685542004679e-01
-1.643406820059771789e-01
-1.702183440124802605e-01
-1.733733560443146970e-01
-1.724481992831639054e-01
-1.782968200479149168e-01
-1.475045490879347554e-01
-1.636576653575718687e-01
-1.596688992160246734e-01
-1.520076296168078045e-01
-1.534728154224360708e-01
-1.590738882892996919e-01
-1.326604419773333987e-01
-1.564199238323822350e-01
-1.360317294341144567e-01
-1.555631521669695871e-01
-1.522013162052475721e-01
-1.644842402722841435e-01
-1.607038497132231569e-01
-1.590670633691169122e-01
-1.523245607366994214e-01
-1.534049720112347082e-01
-1.691203212181089377e-01
-1.630908632300571703e-01
-1.711296226323373304e-01
-1.676954583076666339e-01
-1.688111406202374987e-01
-1.661975667195267903e-01
-1.577038090929083758e-01
-1.777589462062616477e-01
-1.654347128283024659e-01
-1.601809797554936132e-01
-1.435491408589779638e-01
-1.674075823457221723e-01
-1.688356909547041873e-01
-1.574172479261886082e-01
-1.559954860982006863e-01
-1.752703820954613079e-01
-1.714952565770602178e-01
-1.706582823513134173e-01
-1.725454546469431527e-01
-1.680728098303898577e-01
-1.714318746736105403e-01
-1.556241970530436447e-01
-1.646122472953175375e-01
-1.625305856805785432e-01
-1.617950306857407483e-01
-1.662260435468763120e-01
-1.620204093456987238e-01
-1.702721396072215398e-01
-1.680037576157640267e-01
-1.741421068112454229e-01
-1.666620390290520781e-01
-1.533320348359787921e-01
-1.597200488763248494e-01
-1.685846104650288169e-01
-1.622690331850527024e-01
-1.631675242956354133e-01
-1.599939538870436273e-01
-1.686751759773472692e-01
-1.538497972437329331e-01
-1.635279466225512124e-01
-1.675539624362536451e-01
-1.707150364655301011e-01
-1.763300634520699184e-01
-1.658701755157667712e-01
-1.727940245006474029e-01
-1.754130828467466152e-01
-1.629655672835053082e-01
-1.689908952455501101e-01
-1.571490334874079409e-01
-1.644947300833523585e-01
-1.649475603391059586e-01
-1.523724335647176353e-01
-1.641382153773220942e-01
-1.695053235390102664e-01
-1.675326993587415991e-01
-1.626783911959654993e-01
-1.480317046098020839e-01
-1.674064326570428030e-01
-1.707535330831913001e-01
-1.720571310307708046e-01
-1.686263621904697807e-01
-1.589608553285821735e-01
-1.762803845483982279e-01
-1.738920440205524720e-01
-1.566587538061665619e-01
-1.614057852321151287e-01
-1.582165120250245138e-01
-1.654247675146702790e-01
-1.672954050702237794e-01
-1.719102761117801137e-01
-1.581272979223125041e-01
-1.762793008946261786e-01
-1.666082775882835598e-01
-1.783759408673915026e-01
-1.618079762115134379e-01
-1.514869911545186909e-01
-1.715147441733715361e-01
-1.495158661814630641e-01
-1.600996829255234566e-01
-1.734106799786947484e-01
-1.649421561336907871e-01
-1.687047758753115190e-01
-1.564343171609499095e-01
-1.499445940249390929e-01
-1.657766370525761701e-01
-1.865649746661062203e-01
-1.718919681644943687e-01
-1.721966919335469193e-01
-1.681883537690596064e-01
-1.692001328051908615e-01
-1.587615964438455762e-01
-1.686860863883055117e-01
-1.702397012956753386e-01
-1.577741650227206804e-01
-1.690134937409308868e-01
-1.642329390930221678e-01
-1.488141374455884680e-01
-1.790650243255882401e-01
-1.799677631522138554e-01
-1.499756736211952379e-01
-1.442182060273027311e-01
-1.551671729003203382e-01
-1.656684140090143309e-01
-1.821368462455219550e-01
-1.721558873743953555e-01
-1.595852847149545894e-01
-1.848410713012071938e-01
-1.673860328150373888e-01
-1.815181915089567610e-01
-1.705002899210472656e-01
-1.737050017450152417e-01
-1.739216649744808052e-01
-1.705608360853352323e-01
-1.755009931191184869e-01
-1.770344138143435941e-01
-1.653772150424557275e-01
-1.543710758806189354e-01
-1.673848032561866539e-01
-1.622953738328063444e-01
-1.603853099004393101e-01
-1.653612107991149216e-01
-1.839275165758231800e-01
-1.545140957903594625e-01
-1.487943508876385934e-01
-1.555345928920934817e-01
-1.907641065440079942e-01
-1.470246418048750670e-01
-1.630165691862610622e-01
-1.574700645334221605e-01
-1.757968116191541696e-01
-1.769904617224242749e-01
-1.731855751094886209e-01
-1.548753481303397628e-01
-1.454571916667175557e-01
-1.586101464945826045e-01
-1.625041989532860498e-01
-1.530448861624336132e-01
-1.480893387652062465e-01
-1.550185797592495973e-01
-1.660710974163737141e-01
-1.887590399362184534e-01
-1.739806464453570456e-01
-1.862819419842240976e-01
-1.769424520931548450e-01
-1.527657405436166904e-01
-1.581688207375435695e-01
-1.698643944632354241e-01
-1.565098902020523042e-01
-1.730077378792840292e-01
-1.702973350164977973e-01
-1.636163360517821630e-01
-1.732430370537074715e-01
-1.776205333298950251e-01
-1.765491818009681246e-01
-1.791606914552859031e-01
-1.566894571560419891e-01
-1.739341331686445891e-01
-1.749611067683329857e-01
-1.654268814594930248e-01
-1.599111973805467102e-01
-1.718145958972527865e-01
-1.890173000832442440e-01
-1.834604090730165282e-01
-1.869457637072846623e-01
-1.674760013003746550e-01
-1.669651914755050370e-01
-1.785673188822540780e-01
-1.658204598540513608e-01
-1.749365852880493399e-01
-1.612129625029030677e-01
-1.587339120388597813e-01
-1.544843823203136957e-01
-1.705046815156063822e-01
-1.616863120400857667e-01
-1.643329907637953724e-01
-1.794738403667004434e-01
-1.741992852600970920e-01
-1.713994013993223042e-01
-1.588314871769527237e-01
-1.718899201885335515e-01
-1.621680003608694243e-01
-1.626508366318923926e-01
-1.788103213936933500e-01
-1.715680204696634625e-01
-1.631565735717042109e-01
-1.649690073890557329e-01
-1.593544838036122790e-01
-1.639173760465304497e-01
-1.679010715620368188e-01
-1.699258126115772427e-01
-1.759038790791844775e-01
-1.775592366278342382e-01
-1.795147272175832143e-01
-1.759191105317441384e-01
-1.789581034564142747e-01
-1.617812847452531066e-01
-1.639754844202596651e-01
-1.856007728908886101e-01
-1.552779769802854481e-01
-1.677050935343413762e-01
-1.611663692893050559e-01
-1.658186980638522989e-01
-1.644673716996241097e-01
-1.538902094104890317e-01
-1.699984766618349852e-01
-1.597213428180177530e-01
-1.602271903569776335e-01
-1.587707451081379340e-01
-1.714455149876963347e-01
-1.641680464526595884e-01
-1.401224404600407425e-01
-1.571638995045843146e-01
-1.629994675755797040e-01
-1.711992117540992453e-01
-1.763990703760174306e-01
-1.708176146442741405e-01
-1.604763821446950622e-01
-1.628852461249419292e-01
-1.614887593993969972e-01
-1.524921706571786828e-01
-1.673413076390941612e-01
-1.731029425128993715e-01
-1.662373589070309521e-01
-1.664629824360455146e-01
-1.703781782679336665e-01
-1.735683815968558363e-01
-1.723505081266853978e-01
-1.749795145497503590e-01
-1.760011108145524972e-01
-1.694843155804579560e-01
-1.720331577429350389e-01
-1.668396417308781743e-01
-1.732521624491787371e-01
-1.620732324188511875e-01
-1.601417714028432471e-01
-1.629781419465290426e-01
-1.611915204681637626e-01
-1.503284467145711290e-01
-1.695428439006190224e-01
-1.810575693899805216e-01
-1.618898888565452054e-01
-1.565997973571264801e-01
-1.601522018640499923e-01
-1.725266446170272694e-01
-1.576491040042768965e-01
-1.699440536801986035e-01
-1.707971871950051401e-01
-1.670509224879070942e-01
-1.745648931001091420e-01
-1.605912897077343970e-01
-1.719761616623798339e-01
-1.841175440645561601e-01
-1.804615933910214132e-01
-1.776998891473482445e-01
-1.567763762871692279e-01
-1.729702918103481757e-01
-1.742285961580587461e-01
-1.821304131350833799e-01
-1.744200382155969287e-01
-1.651566563334152526e-01
-1.691479063898881918e-01
-1.617650219114219468e-01
-1.631994713962203747e-01
-1.664123534706378749e-01
-1.630265988162884483e-01
-1.494583935676687680e-01
-1.614625003925653779e-01
-1.770072362137322664e-01
-1.826018436636149822e-01
-1.785196082876048251e-01
-1.745553204220899879e-01
-1.653670557738720071e-01
-1.745307195582124216e-01
-1.638656581363644449e-01
-1.642308139083046292e-01
-1.635818737281007351e-01
-1.692492595364170072e-01
-1.815905692503672064e-01
-1.752468833972189444e-01
-1.698319397787124707e-01
-1.745642667699955908e-01
-1.823783557752292062e-01
-1.723848930411229219e-01
-1.763385896594527047e-01
-1.505183680600494789e-01
-1.787409983017012038e-01
-1.587651190929117995e-01
-1.710468899303667634e-01
-1.611514634644128918e-01
-1.527689058538408418e-01
-1.714914063208481387e-01
-1.737804479386042544e-01
-1.741031029547936981e-01
-1.711565982544995812e-01
-1.917800493955312824e-01
-1.797245159109661650e-01
-1.622107798488410246e-01
-1.585994212220556143e-01
-1.680625610474177911e-01
-1.778765205405195005e-01
-1.768496031249275902e-01
-1.607352602142460007e-01
-1.608620606675552622e-01
-1.701919702156176051e-01
-1.650957052148278592e-01
-1.604778361503078621e-01
-1.703410297727674383e-01
-1.660470340115156596e-01
-1.560060950611812380e-01
-1.561108291338819676e-01
-1.749980050042680979e-01
-1.880898027810373740e-01
-1.835751930744358162e-01
-1.654250995328414575e-01
-1.634095701182518567e-01
-1.619372709329516269e-01
-1.609404974075228090e-01
-1.666186174186843338e-01
-1.665274826735845259e-01
-1.711071744238177317e-01
-1.725560072349008323e-01
-1.810838126914400270e-01
-1.873057997735600999e-01
-1.743064171278394525e-01
-1.795511514991452451e-01
-1.749867067698889223e-01
-1.724301444142604112e-01
-1.738764301485429264e-01
-1.654616857554307430e-01
-1.647799894686690081e-01
-1.581444239641829341e-01
-1.570199433941201761e-01
-1.612177750877950011e-01
-1.699104042479389065e-01
-1.752071671845705225e-01
-1.645420455170634177e-01
-1.745409444613357230e-01
-1.634791419239953747e-01
-1.680802156344087805e-01
-1.498032871331744786e-01
-1.725323148824773334e-01
-1.661353308108624027e-01
-1.582756472382098600e-01
-1.702440794711401750e-01
-1.837240691038917184e-01
-1.890994440270650223e-01
-1.873383616134942642e-01
-1.853269927235081660e-01
-1.706909212425093969e-01
-1.828328764100199955e-01
-1.725093500200158836e-01
-1.643566666654021624e-01
-1.802411142732665006e-01
-1.752991975384570189e-01
-1.911698468866176448e-01
-1.616768592278199357e-01
-1.745633578527270302e-01
-1.829010798061743159e-01
-1.684400989663306092e-01
-1.568720390860600666e-01
-1.651446975274741824e-01
-1.715739858050175926e-01
-1.656865992245881714e-01
-1.671762991342364835e-01
-1.578805340707303273e-01
-1.692084321966444982e-01
-1.573039210346229844e-01
-1.655427930634640887e-01
-1.662767736379566763e-01
-1.696567319329873591e-01
-1.633695214940042995e-01
-1.589305026687335420e-01
-1.690696309545995923e-01
-1.558378857774500581e-01
-1.779303849695716977e-01
-1.801456671619758865e-01
-1.732143858795112124e-01
-1.717893067277618258e-01
-1.779994644653295488e-01
-1.835859969697986038e-01
-1.746874734727068557e-01
-1.807791348764604678e-01
-1.630578704963676628e-01
-1.774154375762595492e-01
-1.767286344145917454e-01
-1.394070967042631004e-01
-1.780064650385555503e-01
-1.644757720133380730e-01
-1.671823392930433805e-01
-1.665885263084732060e-01
-1.519045966243846024e-01
-1.550631605545018665e-01
-1.698124910585812053e-01
-1.741504676637180005e-01
-1.731030159987523298e-01
-1.692735037376742468e-01
-1.599188419250574533e-01
-1.796372480619137235e-01
-1.701794023420308832e-01
-1.585013706032634140e-01
-1.599063954634734053e-01
-1.697132607040683361e-01
-1.827710403494333669e-01
-1.805007918017875745e-01
-1.848543953005097329e-01
-1.640477323106304119e-01
-1.555295444125945892e-01
-1.901951691682013390e-01
-1.506862688741708034e-01
-1.689038789478596314e-01
-1.792390249446191852e-01
-1.641625923589500324e-01
-1.846313286560365974e-01
-1.681998334588499233e-01
-1.537838664460777771e-01
-1.727645394809815826e-01
-1.739378116615419856e-01
-1.751317088822004209e-01
-1.676670787926939354e-01
-1.861669228332996084e-01
-1.789887926369257976e-01
-1.670392408495602332e-01
-1.757974571836569133e-01
-1.561785418217573884e-01
-1.750838966269041563e-01
-1.869310129037797807e-01
-1.740486093673783152e-01
-1.688713281255185272e-01
-1.775009462749936873e-01
-1.786986221196591451e-01
-1.500174984016751090e-01
-1.734775734491025290e-01
-1.652647655350780731e-01
-1.741383142451047306e-01
-1.605717473762799941e-01
-1.499444945730039613e-01
-1.693260358538828392e-01
-1.613320828339466217e-01
-1.667456518171772650e-01
-1.713960246319854441e-01
-1.611592793897003162e-01
-1.556318038983879326e-01
-1.683175625740758186e-01
-1.794335600627001703e-01
-1.739029193291279363e-01
-1.708974040453448140e-01
-1.650433915800264550e-01
-1.730096157011180580e-01
-1.573206166063281231e-01
-1.664859587502589555e-01
-1.759306462985930075e-01
-1.695275533769073917e-01
-1.683123808298190305e-01
-1.830855257363777078e-01
-1.657599599315919825e-01
-1.558702766167829878e-01
-1.647992320288582668e-01
-1.727675123342966579e-01
-1.715628474379933266e-01
-1.705462193123645775e-01
-1.786855845125328024e-01
-1.698099027623292123e-01
-1.637173126319160232e-01
-1.717306434375349689e-01
-1.636889492208744024e-01
-1.731727388340482676e-01
-1.776304947830613656e-01
-1.652071346644690131e-01
-1.661483481727432654e-01
-1.576306217721121783e-01
-1.497623435887200927e-01
-1.562867060282351339e-01
-1.632692825946402415e-01
-1.771556777218759038e-01
-1.709093152717944264e-01
-1.730120770081056136e-01
-1.502078382961959946e-01
-1.703159180926241412e-01
-1.794997971125122938e-01
-1.734513407084805614e-01
-1.838362223364642389e-01
-1.620466971379070920e-01
-1.507350318871401029e-01
-1.647489931022492193e-01
-1.643807912056791665e-01
-1.671972063485722693e-01
-1.717078986024875853e-01
-1.648758968975623240e-01
-1.718513060898922973e-01
-1.616654223928239986e-01
-1.738051676716723115e-01
-1.884709617440556428e-01
-1.665262411804393494e-01
-1.663069111217225782e-01
-1.848688150434507627e-01
-1.653494014512308929e-01
-1.705239749689693163e-01
-1.791413115542233037e-01
-1.642837187460761683e-01
-1.837103955387600074e-01
-1.758119628013141700e-01
-1.774661437845610479e-01
-1.723888182999262497e-01
-1.654322533808336715e-01
-1.763462102129995657e-01
-1.789232648370795431e-01
-1.751703276516285435e-01
-1.735920493409062182e-01
-1.691729328204658600e-01
-1.804407848754272514e-01
-1.567951755090066790e-01
-1.680676056050107725e-01
-1.776788593052480714e-01
-1.675854260132751961e-01
-1.715196006444505983e-01
-1.876760213106725139e-01
-1.860060840070980603e-01
-1.873990646035839092e-01
-1.775781981301176593e-01
-1.780346749014229957e-01
-1.572470233178719923e-01
-1.626662312529525423e-01
-1.753304190567712695e-01
-1.858498818768334893e-01
-1.763403532481695457e-01
-1.873129206005827996e-01
-1.822428239425391006e-01
-1.678269165135750640e-01
-1.665832687160508918e-01
-1.666088722198835193e-01
-1.794654746947199619e-01
-1.619736143050678479e-01
-1.556641764965771557e-01
-1.672833498212140668e-01
-1.703330785424408411e-01
-1.816478685881390831e-01
-1.729875418342312621e-01
-1.620759192407894567e-01
-1.685124389258336741e-01
-1.654059489204025013e-01
-1.797053789888800601e-01
-1.758600279288198287e-01
-1.606561383710238822e-01
-1.676759158656002668e-01
-1.736180220976870636e-01
-1.661376917210404258e-01
-1.618357421040648170e-01
-1.651468324767311202e-01
-1.859430229932237388e-01
-1.604836466170231901e-01
-1.600843207358533249e-01
-1.770885097461372126e-01
-1.764681458882586540e-01
-1.877141240346724693e-01
-1.928102517682419581e-01
-1.783358061718125498e-01
-1.717813193456101395e-01
-1.639931759551576107e-01
-1.664571162764492129e-01
-1.651708367406174993e-01
-1.681256293797046553e-01
-1.578885500851208157e-01
-1.641868409136493234e-01
-1.652182391367955638e-01
-1.595451563058918332e-01
-1.656729621685610887e-01
-1.811906447310915880e-01
-1.786403277328414418e-01
-1.608933453557708226e-01
-1.769751896625839649e-01
-1.700933283813634844e-01
-1.725968116090754734e-01
-1.738933337260424317e-01
-1.688025788054416942e-01
-1.741159670075993482e-01
-1.546127579480716108e-01
-1.645635141388432920e-01
-1.658551738031004419e-01
-1.854398932878065231e-01
-1.764330411273342669e-01
-1.691252949982331444e-01
-1.613449502081634179e-01
-1.622598133839292522e-01
-1.663877475823625218e-01
-1.814044505460494783e-01
-1.774055791174209418e-01
-1.670977234841721781e-01
-1.682717826430972785e-01
-1.626367279246223596e-01
-1.789132356638836185e-01
-1.694384101744392801e-01
-1.763298002694000388e-01
-1.691210207802984478e-01
-1.606360268738176167e-01
-1.631488632189275201e-01
-1.666021784235591774e-01
-1.685710961382378414e-01
-1.826327973184658227e-01
-1.670480513778063170e-01
-1.618801793585840088e-01
-1.704443037833520691e-01
-1.688476821347775214e-01
-1.707632537865091393e-01
-1.752861568655035285e-01
-1.778640760743765981e-01
-1.597162247040904148e-01
-1.769377177652282640e-01
-1.678476463208316005e-01
-1.804913760930864086e-01
-1.684351445764491473e-01
-1.693706255680291761e-01
-1.555830531463775479e-01
-1.735241830800382523e-01
-1.701624822888030408e-01
-1.733653445694116613e-01
-1.671674627127681667e-01
-1.689389560913201471e-01
-1.661858010444507983e-01
-1.838415752036204331e-01
-1.857724745775493069e-01
-1.641068792505913088e-01
-1.636377584698758270e-01
-1.715694424515934458e-01
-1.765984235291582216e-01
-1.804625256149035017e-01
-1.917104142048753346e-01
-1.781179971769035753e-01
-1.670270012361392276e-01
-1.682159228804214202e-01
-1.679670719970793868e-01
-1.732566485996129835e-01
-1.592467641418600088e-01
-1.704668572867746867e-01
-1.706151864908318494e-01
-1.778814252649731920e-01
-1.855633544391910306e-01
-1.769018932013457501e-01
-1.724583785510303002e-01
-1.669008959379101320e-01
-1.755253857728971134e-01
-1.759805242552685556e-01
-1.725059179740244808e-01
-1.775230799378841873e-01
-1.564226083593265315e-01
-1.671265887709214581e-01
-1.763323757783759049e-01
-1.728826261586302593e-01
-1.712833202014207856e-01
-1.770476627997963348e-01
-1.733959008441892102e-01
-1.729099071700561652e-01
-1.641683871952279716e-01
-1.774297185429327683e-01
-1.769352370330157243e-01
-1.790228081537481586e-01
-1.879949439184986915e-01
-1.718153379396358815e-01
-1.804323866575057167e-01
-1.670511124082585397e-01
-1.694414689131802376e-01
-1.700332545224938485e-01
-1.888243035035808148e-01
-1.821666737183518237e-01
-1.871594162807186379e-01
-1.815745317777195389e-01
-1.781096530411598877e-01
-1.736741373617629591e-01
-1.692665180220345178e-01
-1.704264175591783115e-01
-1.929380924833763444e-01
-1.820108667167428251e-01
-1.936903588722911351e-01
-1.796496773800173585e-01
-1.734706622198380899e-01
-1.848960576683902346e-01
-1.703334808437544368e-01
-1.872076237119522091e-01
-1.863441607092566343e-01
-1.745856399508065593e-01
-1.946372210190494556e-01
-1.892389751856313751e-01
-1.639705023869906242e-01
-1.829026687234112103e-01
-1.809075866825100576e-01
-1.900720971504803458e-01
-1.826246480502105030e-01
-1.854321437680610529e-01
-1.843558388425137196e-01
-1.767161966727686107e-01
-1.838925264394930537e-01
-1.597259402419441976e-01
-1.672123786186059391e-01
-1.797933658261388068e-01
-1.732369651810596878e-01
-1.780559603523319545e-01
-1.921194720295806846e-01
-1.857976913195069635e-01
-1.867177537017838951e-01
-1.814507106115459401e-01
-1.870426619239382582e-01
-1.847885966874573960e-01
-1.640879395802925522e-01
-1.827985200738142524e-01
-1.773005786558030650e-01
-1.720057570504014421e-01
-1.586788028449817034e-01
-1.843079717581215249e-01
-1.782551360996151857e-01
-1.809463877006041166e-01
-1.699312388539970797e-01
-1.753686743997606712e-01
-1.826529162443129017e-01
-1.837224888241140164e-01
-1.729701631721889399e-01
-1.772495458738836405e-01
-1.797977210760595135e-01
-1.727119252201836375e-01
-1.871939596086900082e-01
-1.880424041633270704e-01
-1.828312617686944641e-01
-1.697236914019293330e-01
-1.759652049615825220e-01
-1.752890207670674272e-01
-1.939250357497983579e-01
-1.698185593880254807e-01
-1.607144508734359434e-01
-1.831486485716089518e-01
-1.773234854058025611e-01
-1.650204722346466646e-01
-1.736919779979282374e-01
-1.676224746059662429e-01
-1.675545257266928267e-01
-1.704552190954511381e-01
-1.805378194847451212e-01
-1.721945609901931462e-01
-1.500003870548343166e-01
-1.779214009388496720e-01
-1.697850647765886123e-01
-1.790733610498662642e-01
-1.841331534170564943e-01
-1.726659254363354101e-01
-1.763874006190793153e-01
-1.856127439797887746e-01
-1.674189730450175162e-01
-1.532971634614552769e-01
-1.771573680175313470e-01
-1.943251558345409080e-01
-1.880497858875060935e-01
-1.725334591800664619e-01
-1.798742403974538107e-01
-1.865867703068282424e-01
-1.651864981656743225e-01
-1.810158956101433070e-01
-1.831787974878182901e-01
-1.939017310418895690e-01
-1.812235626049050197e-01
-1.890736447046541535e-01
-1.720817846220006331e-01
-1.746242890266254122e-01
-1.757792455618707450e-01
-1.687401544339288684e-01
-1.859447156271420987e-01
-1.831711508161113500e-01
-1.646757783002041897e-01
-1.664070973207874005e-01
-1.720838201143513047e-01
-1.748248509096703707e-01
-1.526266806118301567e-01
-1.590321896848871930e-01
-1.722784648323671952e-01
-1.646658751193172954e-01
-1.681701142622329392e-01
-1.743590781272841284e-01
-1.710745019115456067e-01
-1.858867362254161826e-01
-1.772275520772290669e-01
-1.827464539981780156e-01
-1.750019163845513148e-01
-1.731117886481507995e-01
-1.738158260661823995e-01
-1.669424530278904584e-01
-1.648697756871024822e-01
-1.533617298541969376e-01
-1.722274050548757707e-01
-1.765226610630366011e-01
-1.708044181111345594e-01
-1.692324827548015165e-01
-1.666349121650672060e-01
-1.684981084125554140e-01
-1.740376467311031128e-01
-1.902492315850645710e-01
-1.726166863051803446e-01
-1.542306226245226952e-01
-1.685772187814218448e-01
-1.738602732185361432e-01
-1.853667805409617841e-01
-1.748280457531836696e-01
-1.831999661459819961e-01
-1.725317812915343474e-01
-1.719131137901097617e-01
-1.694496329479093788e-01
-1.730276277770901316e-01
-1.809947237638196427e-01
-1.707983401633996756e-01
-1.563749085410361950e-01
-1.727529819281627965e-01
-1.823911020760928814e-01
-1.762777982443535230e-01
-1.814638108841752917e-01
-1.564565501187376029e-01
-1.607756934259407799e-01
-1.817255678411293651e-01
-1.739372110721646436e-01
-1.817283403093372662e-01
-1.715673738246845659e-01
-1.834143919035491344e-01
-1.635434409985321302e-01
-1.734995625583617418e-01
-1.772921772366395921e-01
-1.798407230159679848e-01
-1.708462552254630396e-01
-1.720672448400031307e-01
-1.631505470498901822e-01
-1.737901389495122295e-01
-1.773656410113719772e-01
-1.782989932237524222e-01
-1.703093965079216510e-01
-1.850342235264323953e-01
-1.765416954974159403e-01
-1.852399507817241719e-01
-1.782033021130646766e-01
-1.905072398126290700e-01
-1.754380632152297004e-01
-1.870616350660161409e-01
-1.694930523532316435e-01
-1.684098285429111996e-01
-1.819693248667531016e-01
-1.730938046648833328e-01
-1.868469951944695673e-01
-1.780605988029653197e-01
-1.713424256858804284e-01
-1.763406098562456670e-01
-1.883266797602467513e-01
-1.857484796142547800e-01
-1.698906975287419741e-01
-1.852895443669129172e-01
-1.779233791422090150e-01
-1.883441476986176255e-01
-1.892124349918127280e-01
-1.680688172396949120e-01
-1.728739183600276341e-01
-1.647410480679760703e-01
-1.818361811652788873e-01
-1.843024168079332448e-01
-1.782734971412014424e-01
-1.639991787065735451e-01
-1.764246776101532355e-01
-1.788360830019226633e-01
-1.849076919580268097e-01
-1.771108431049257526e-01
-1.681108106251145706e-01
-1.610500626121602608e-01
-1.818197508956092001e-01
-1.756540122992698016e-01
-1.742765237462062800e-01
-1.884626509708606790e-01
-1.666086486313549386e-01
-1.672718420210301815e-01
-1.808804785025688311e-01
-1.744044973279303967e-01
-1.690956053401495573e-01
-1.664744563401208133e-01
-1.774868749426188330e-01
-1.618458144774783669e-01
-1.680711865590875931e-01
-1.664049325288528003e-01
-1.800108084638702977e-01
-1.673876778309635327e-01
-1.680279549065106792e-01
-1.776263486532241309e-01
-1.825159082653411424e-01
-1.529236448381499081e-01
-1.850791942299463422e-01
-1.660280890625887018e-01
-1.750188481962968723e-01
-1.732026274614075767e-01
-1.569202082804332932e-01
-1.642095859575607442e-01
-1.652158769185012588e-01
-1.858471198109139522e-01
-1.731694958353737768e-01
-1.794986702776597554e-01
-1.800012556180110579e-01
-1.721434392477370068e-01
-1.793536645452351586e-01
-1.647834308078870436e-01
-1.552645789256308362e-01
-1.678760362163238540e-01
-1.684457389431690544e-01
-1.794190220896352272e-01
-1.775974317033939265e-01
-1.912179915225449278e-01
-1.691163515733200562e-01
-1.569970590299356594e-01
-1.543290405083062033e-01
-1.643026785892245378e-01
-1.725707640223816952e-01
-1.763318409978742451e-01
-1.793589985948638166e-01
-1.642981182493423731e-01
-1.737621015445296457e-01
-1.751771614005002142e-01
-1.744406401666354078e-01
-1.747065356816701609e-01
-1.702719141369755107e-01
-1.844878105304545990e-01
-1.746609105165393139e-01
-1.840833556564027695e-01
-1.772400827618136887e-01
-1.815409050618970177e-01
-1.869335872300728063e-01
-1.848032423600027840e-01
-1.747177213452251188e-01
-1.720424156272222227e-01
-1.597809875971898386e-01
-1.757080620682924810e-01
-1.670299854630932224e-01
-1.603883064008813086e-01
-1.919835712413520135e-01
