1.030772527929402882e+00
1.482131955790893407e+00
1.497617291413201990e+00
1.357633620552116893e+00
1.182279541683671331e+00
1.209253462001614654e+00
1.238855947890538101e+00
1.236030817760593870e+00
1.221882403948050255e+00
9.649859542390539779e-01
1.001436929381060548e+00
1.054229182507839369e+00
9.273999832106613050e-01
9.858411858493939528e-01
7.038996763809894919e-01
6.732229192759106029e-01
6.280617789668745399e-01
7.701689100131060561e-01
9.231153734354826668e-01
4.860225567206664099e-01
5.445623302226114681e-01
7.052830649354311365e-01
2.271631828280429866e-01
2.299085628258406011e-01
3.696624997586362982e-01
3.728793674845360950e-01
3.111045663999165156e-01
3.866770309164372366e-01
2.908153009583547277e-01
1.252384072821138838e-01
-4.131016923096656607e-02
1.745234143508057022e-03
5.484742103803957880e-02
-3.489990613106921241e-02
-3.064462913916607759e-02
4.581267601090725089e-02
4.253202811210239631e-02
2.004218744289271714e-01
2.009869210459229727e-01
1.761620813264562491e-01
1.728110475592442019e-01
6.854818040753585251e-02
1.302234325710731506e-02
1.268141174737701382e-01
1.219166063224739888e-01
4.407603371152419847e-01
4.402320923935277297e-01
9.001822225484037987e-02
-6.792318921488606220e-02
-1.738708409017603318e-01
-2.403915449881671718e-01
-3.812861922491704303e-01
-2.418377527012975370e-01
-2.748095221018868606e-01
-6.235621172450149796e-01
-3.971032879414209682e-01
-4.546893203965056696e-01
-4.333207289062424583e-01
-6.253302916238641096e-01
-5.874830737848817375e-01
-6.782954270124846863e-01
-8.378540178608151479e-01
-9.407759651556104608e-01
-1.035465852318717017e+00
-1.096730642823030344e+00
-8.962676911449509731e-01
-8.572472246011734187e-01
-9.807684837798519295e-01
-1.010969533860403002e+00
-9.141329537763778212e-01
-8.718608992023204607e-01
-7.725058031558036387e-01
-8.003921636781011761e-01
-7.555775749770903271e-01
-6.499589201547247841e-01
-8.145278209548558745e-01
-8.937568214662982014e-01
-7.913111924620710447e-01
-5.291337430168187028e-01
-6.253160057936069105e-01
-5.860906208282988805e-01
-4.891763021209574736e-01
-4.425644697637418634e-01
-2.455235556946888664e-01
-1.589168930884652109e-01
-1.354983670275848318e-01
-3.361796246952084011e-01
-5.160729768825351726e-01
-3.292944585007218095e-01
-3.703182046191829668e-01
-4.887623456606768335e-01
-4.440645281493064145e-01
-4.877495880214773316e-01
-5.892549065071817083e-01
-6.411238979859237297e-01
-6.262290179139421431e-01
-5.062764521973408538e-01
-5.459492478356762213e-01
-3.961954450841485009e-01
-3.286435196993582886e-01
-4.589787797586535323e-01
-3.859444629534101723e-01
-4.784604459135227139e-01
-5.697985205265098108e-01
-5.902549426052532411e-01
-5.219065012326677966e-01
-5.504559142860876442e-01
-7.121949874495183685e-01
-5.413115960298642282e-01
-5.820542933585668433e-01
-5.528529325230180369e-01
-5.017093520332566170e-01
-6.482382770057474319e-01
-7.866612994067239129e-01
-8.514576566138910563e-01
-7.995814500488998000e-01
-8.558242825261608289e-01
-8.107365491932261303e-01
-1.165538702645654068e+00
-1.013294824722832832e+00
-9.294432169583105585e-01
-8.887668379830414578e-01
-7.681718883128163533e-01
-6.717670996990913190e-01
-9.524694548351373413e-01
-1.105908241634026901e+00
-1.181555065687478701e+00
-1.126314695694484502e+00
-1.115369443354131240e+00
-1.117360111769026387e+00
-1.345166492418787385e+00
-1.341292172547964734e+00
-1.508560745818935400e+00
-1.534259235105676078e+00
-1.462034441826142173e+00
-1.653072158461455832e+00
-1.608408457853300444e+00
-1.511404951461801982e+00
-1.328234284609604021e+00
-1.314827231039373157e+00
-1.296428401394689844e+00
-1.532651273243912371e+00
-1.440358760630090273e+00
-1.452940169796774761e+00
-1.105913145697136057e+00
-7.411758015447643677e-01
-5.918576830088145835e-01
-7.109198047334794879e-01
-9.753547155331396823e-01
-1.194814527806761895e+00
-1.019352314502078194e+00
-1.056281972985304796e+00
-1.462590326922063921e+00
-1.654134693495026509e+00
-1.798521161999947937e+00
-1.957740222149561893e+00
-1.851186870060386847e+00
-1.818102421906771182e+00
-1.709498948710552524e+00
-1.683345681357007795e+00
-1.842818976917826035e+00
-1.501787293492653941e+00
-1.331638663655721366e+00
-1.166587652245982820e+00
-1.135835215580770940e+00
-1.066120269987052893e+00
-1.140170395992588626e+00
-1.248784640203231211e+00
-1.291311021579681917e+00
-1.275899673168305659e+00
-1.082021415731213132e+00
-1.112601891065936321e+00
-1.078175358378209436e+00
-1.213739422253812261e+00
-1.264038603249273640e+00
-1.165432796322787290e+00
-1.305748624203247665e+00
-1.587555252722670174e+00
-1.315222489352800839e+00
-1.405626982123816759e+00
-1.402490302749378692e+00
-1.386212718257159082e+00
-1.541194670151581070e+00
-1.679496540872239763e+00
-1.658817483015947003e+00
-1.586881369518931884e+00
-1.713088181498322093e+00
-1.728462340130980657e+00
-1.725276096022652750e+00
-1.783678764423349605e+00
-1.820865363734373688e+00
-1.721171231644984756e+00
-1.721377314109441947e+00
-1.455519336102594652e+00
-1.605535186718064500e+00
-1.575879337699557237e+00
-1.389378414413380947e+00
-1.453917518168421852e+00
-1.700892430025043423e+00
-1.647322016351477680e+00
-1.535614244378247895e+00
-1.223766644821137284e+00
-1.154492474241677336e+00
-1.347240968771523217e+00
-8.228719898104555064e-01
-1.052941985255652080e+00
-9.747968558176682841e-01
-1.097942216806783167e+00
-9.398976910597459655e-01
-9.726811318838355369e-01
-1.070487531726533215e+00
-9.396341801768007818e-01
-1.043989670749966514e+00
-1.115630881664900764e+00
-1.262080324947622456e+00
-1.318965012091714906e+00
-9.403143412813419477e-01
-1.108323494590091496e+00
-1.136566441005106842e+00
-8.548963026997505876e-01
-9.262920738329162296e-01
-1.166866385588931188e+00
-1.338416015539751092e+00
-1.382163797134082550e+00
-1.212312136137334573e+00
-1.500748455588895469e+00
-1.536284539242259051e+00
-1.612416159141573324e+00
-1.392892587627793555e+00
-1.474270446691493541e+00
-1.503756081260009703e+00
-1.570475485625804302e+00
-1.641889968818010859e+00
-1.844040934650448937e+00
-1.685448799227668104e+00
-1.699548003208733782e+00
-2.039419761882152127e+00
-1.964505882361584632e+00
-2.013845113460665637e+00
-1.694292481659396055e+00
-1.448723542574500422e+00
-1.499039252104936271e+00
-1.533242071081274638e+00
-1.285184393940309810e+00
-1.181809530738837877e+00
-1.104178145566004909e+00
-1.237695319867178512e+00
-1.393771296831344708e+00
-1.626587201296134877e+00
-1.533113635605947600e+00
-1.230688852999026750e+00
-1.008565088890649442e+00
-1.181683009149329111e+00
-1.320524314218953998e+00
-1.236902321887668688e+00
-1.155544105488785611e+00
-1.393399244375243207e+00
-1.387054120514792155e+00
-1.234043876000557427e+00
-1.139233688801687627e+00
-1.290876589816755571e+00
-1.417765249528863070e+00
-1.471725803659345244e+00
-1.413534507541471807e+00
-1.261674750929597355e+00
-1.033291573525066953e+00
-1.320109528475195582e+00
-1.333608388563091607e+00
-1.270458606784355959e+00
-1.292065545283415551e+00
-1.477337525463763512e+00
-1.657678781185409456e+00
-1.563860935506848016e+00
-1.754401615560521766e+00
-1.589485594901450138e+00
-8.993359641758663647e-01
-9.768242838752141388e-01
-9.013708557096465901e-01
-9.857424964030711001e-01
-1.048766884063181415e+00
-1.296038657990469467e+00
-1.692982161055297086e+00
-1.695925870205403196e+00
-1.722925195929147613e+00
-1.476301688768054454e+00
-1.713606018445280377e+00
-1.738732336795819178e+00
-1.696484957450408615e+00
-1.838237964496637344e+00
-1.735920125369736944e+00
-1.580179068670916509e+00
-1.526805345288112514e+00
-1.579486876852909338e+00
-1.581789132953900667e+00
-1.718386603861637107e+00
-2.092917652147629592e+00
-2.078317732980657695e+00
-1.931595165762839628e+00
-2.131060746890656610e+00
-2.206388130509155054e+00
-2.529844471248011928e+00
-2.616420401669254048e+00
-2.442991948100692312e+00
-2.371710423762939168e+00
-2.323529279929683167e+00
-2.461071602037976369e+00
-2.158823345110103542e+00
-1.689005185750609872e+00
-1.584860486287887449e+00
-1.701548723477048108e+00
-1.772004668740438937e+00
-1.839621335052170403e+00
-1.872812201738207838e+00
-2.042738383640986921e+00
-2.003208894667132256e+00
-1.966430049491506793e+00
-2.143297554390788395e+00
-2.173635027058070435e+00
-2.140175040578805810e+00
-2.507246444379758188e+00
-2.459760075842435167e+00
-2.342069235738905242e+00
-2.638334605077372608e+00
-2.575302783334042278e+00
-2.682881382759195965e+00
-2.424201084032413522e+00
-2.393699422129186516e+00
-2.325435403171216553e+00
-2.051149596181071733e+00
-2.016583319982434119e+00
-2.011629585511541141e+00
-2.125223930928109795e+00
-2.543757217847432361e+00
-2.815744326035369394e+00
-2.809323445958769483e+00
-2.669663632709464274e+00
-2.860287939224145148e+00
-2.570057354479172051e+00
-2.499200791864013560e+00
-2.315825273781268567e+00
-2.452915675273072083e+00
-2.584128216279077073e+00
-2.807321322146254960e+00
-3.017078095566043228e+00
-2.752429377559564738e+00
-2.828864856717698384e+00
-2.647741874734211631e+00
-2.758159567851846905e+00
-2.840868332513985184e+00
-2.865763111302145116e+00
-3.238154554576157196e+00
-3.157567022021793512e+00
-3.071602073318121295e+00
-3.111559988840282287e+00
-3.058780184220855514e+00
-2.628688675482441450e+00
-2.526189267007378891e+00
-2.940049386589230984e+00
-3.204149682593256276e+00
-3.101466318032055636e+00
-2.941262398535446021e+00
-3.094222833872941614e+00
-2.873917106350594164e+00
-2.864709818070100500e+00
-2.820563863529595761e+00
-2.644370510105803262e+00
-2.476098316256822862e+00
-2.439039788022417721e+00
-2.401187543691952087e+00
-2.610188646310863891e+00
-2.670124841539451399e+00
-2.513415415299496303e+00
-2.498657881824609017e+00
-2.584055830819668831e+00
-2.783413542821841613e+00
-2.767364856333397238e+00
-2.787701037062261022e+00
-2.656170468795762130e+00
-2.729859294461490116e+00
-3.041336877568254771e+00
-2.984580503948595531e+00
-3.008599559972426452e+00
-2.981802509124558132e+00
-2.853549816325771982e+00
-2.770157437897329711e+00
-2.703207124717843524e+00
-3.147485661185382533e+00
-2.915745882801635602e+00
-2.890086235907992851e+00
-2.848383261300444946e+00
-2.701384249130469151e+00
-2.699565795979106397e+00
-2.623093132769871438e+00
-2.615006839694492324e+00
-2.894297382837213828e+00
-2.870869129624601612e+00
-2.803197674041512322e+00
-2.701323714302661827e+00
-2.768277479029233046e+00
-2.810900580028630635e+00
-2.874903201196208347e+00
-2.992936232861231005e+00
-2.990119826092731969e+00
-2.959828539529801184e+00
-3.298166620006120819e+00
-3.381661174928367153e+00
-3.310128360592978325e+00
-3.278364685153608793e+00
-3.253056313804538746e+00
-3.477130679785558787e+00
-3.510927153118894584e+00
-3.440158761203087501e+00
-3.367890060932976493e+00
-3.479934705363008973e+00
-3.636646740208681727e+00
-3.541782255713662231e+00
-3.405387260206726108e+00
-3.306042457603561413e+00
-3.351655886332741030e+00
-3.243840166110457446e+00
-2.855100454071182625e+00
-2.742012081198859974e+00
-3.043585858566778324e+00
-3.228069120537368164e+00
-3.202547694035278614e+00
-2.988570568706338193e+00
-2.955622369605801936e+00
-2.901272612984528099e+00
-2.767059189568398914e+00
-2.820581906441126385e+00
-3.024041493148878601e+00
-3.081691740324750128e+00
-2.995389396665247173e+00
-2.857120270515431049e+00
-3.204989087531072034e+00
-2.918760869228760768e+00
-2.817245771829766543e+00
-2.788579925037896867e+00
-2.728434419952715739e+00
-2.962389781605829775e+00
-2.816439085757248773e+00
-2.480323060794840995e+00
-2.371759990750559766e+00
-2.547408306679242340e+00
-2.598356972771985962e+00
-2.729214317148600077e+00
-2.901343427196173330e+00
-3.234244834555815018e+00
-3.209723534423991165e+00
-3.127987408204539133e+00
-3.070076915988709576e+00
-3.253893083810931675e+00
-3.511493544163839076e+00
-3.330280354781998575e+00
-3.346339538720952245e+00
-3.169562115823464143e+00
-3.068647620335716475e+00
-3.264750626052437710e+00
-3.623226545578422719e+00
-3.750929926784301927e+00
-3.591297535756638126e+00
-3.519837365215172209e+00
-3.519626101384749184e+00
-3.309839142979341453e+00
-3.302603238622051851e+00
-3.393698513375324577e+00
-3.487056903942130415e+00
-3.407105355833715432e+00
-3.332840853680608895e+00
-3.034912654043762981e+00
-3.043964728720875090e+00
-2.895124874732223130e+00
-2.731184219240080591e+00
-2.540226332043621138e+00
-2.518573216107292900e+00
-2.326754056569292572e+00
-2.213792575276456009e+00
-2.256639467055697068e+00
-2.191832468851940163e+00
-2.130445178312600607e+00
-2.044679225247704402e+00
-2.007932893138699271e+00
-1.908018707920904999e+00
-2.038821194467359099e+00
-2.285706919366693235e+00
-2.289400338877559005e+00
-2.442109574057690136e+00
-2.445178104823563459e+00
-2.539781775645356010e+00
-2.666451915297292086e+00
-2.839441155749386159e+00
-2.819165183283667275e+00
-2.898254969947647641e+00
-3.002100739546040842e+00
-2.814440839000786010e+00
-3.028546260406024704e+00
-3.192518865109124082e+00
-3.018658964860528648e+00
-2.921550632782233148e+00
-2.893678067450241809e+00
-3.126127036335615728e+00
-2.763843093983766597e+00
-2.461304325954921879e+00
-2.214008570079396332e+00
-2.087602450890017280e+00
-2.114941934003250701e+00
-2.216926966464283222e+00
-2.526081255730300512e+00
-3.014856775628484087e+00
-2.910075862888687581e+00
-2.640338095396510099e+00
-2.079010728892123794e+00
-1.716119371701809504e+00
-1.571376106402545103e+00
-1.354933966531081779e+00
-1.189476741345087740e+00
-1.276971825070325917e+00
-1.329742404455244831e+00
-1.425899219278917052e+00
-1.436825019096577449e+00
-1.660014565736974257e+00
-1.771347737232536801e+00
-1.615841907710247494e+00
-1.940530418137542235e+00
-1.519249306467535643e+00
-1.820237544589567769e+00
-1.810351331369745687e+00
-1.528359865656383931e+00
-1.555796793374755849e+00
-1.620734447812944401e+00
-1.547992210465811258e+00
-1.485804362790801081e+00
-1.489778958449308854e+00
-1.415037142470036979e+00
-1.469463036331279282e+00
-1.339913970621378514e+00
-1.483458904355548391e+00
-1.813683312371846323e+00
-1.880715775386130550e+00
-2.067539320792794566e+00
-2.281202186096269902e+00
-2.421628273019029720e+00
-2.331455062698421177e+00
-2.242145832144684992e+00
-2.238532722619805515e+00
-2.418284428914377671e+00
-2.440955627351584667e+00
-2.227806785438520176e+00
-2.565171425015110529e+00
-2.466677322399853711e+00
-2.487457650674068432e+00
-2.691347497243246956e+00
-2.572586298518013237e+00
-2.529922789879262446e+00
-2.658215521365197009e+00
-2.395266765164672851e+00
-2.272377550955659853e+00
-2.386025981928125095e+00
-2.080280311070093813e+00
-1.937886598806710214e+00
-1.909686071369604887e+00
-1.786868337146014341e+00
-1.781219624597423667e+00
-1.783937862264405982e+00
-1.923414588423884908e+00
-2.103253165857238649e+00
-2.196073094862404318e+00
-2.262530342928441129e+00
-2.273802233295423303e+00
-2.184672194030059966e+00
-2.396974161880528698e+00
-2.477337197608948216e+00
-2.195357454706895695e+00
-2.013409801522511255e+00
-2.212795393815863765e+00
-2.301701265559394471e+00
-2.432378747228656213e+00
-2.415374349400970289e+00
-2.443067088872358017e+00
-2.485521392287825204e+00
-2.158277837466746174e+00
-2.155077016883863106e+00
-2.202876953165174179e+00
-2.370660638933140607e+00
-2.356562619577635243e+00
-2.127332340451801418e+00
-2.296744843495852173e+00
-2.188879494555716843e+00
-2.248388230574838609e+00
-2.339149839827106003e+00
-2.419247967310015568e+00
-2.590134097499508847e+00
-2.696789503534698706e+00
-2.838380240285092615e+00
-2.815374281709833060e+00
-2.521910554691550566e+00
-2.519508952898958931e+00
-2.539623426304276510e+00
-2.357816538688245700e+00
-2.246120670389883056e+00
-2.552619472743107298e+00
-2.618971190852167563e+00
-2.422270593079345780e+00
-2.462192787194681820e+00
-2.485140694236368297e+00
-2.215206135997356274e+00
-2.370795950977242494e+00
-2.736296037944325743e+00
-2.724280794507894843e+00
-2.753509404783822223e+00
-2.686852947622344612e+00
-2.714869902991514206e+00
-2.680565296497060768e+00
-2.564262478862835426e+00
-2.507019049786427090e+00
-2.661420355631378243e+00
-2.719678654303089083e+00
-2.976553513713371846e+00
-2.848994473052929077e+00
-3.029497214967791230e+00
-2.942360923667736827e+00
-2.816879179447353998e+00
-2.817254029826971262e+00
-2.601666437680526300e+00
-2.915694648060031646e+00
-2.808203351145098559e+00
-3.020063402716313128e+00
-2.805882705062913374e+00
-3.029717355133494383e+00
-2.615881202051442145e+00
-2.555752237256195158e+00
-2.518930059271451416e+00
-2.491053616788029501e+00
-2.196263956617154012e+00
-2.075999528526718318e+00
-2.394882056816674432e+00
-2.404954428046862880e+00
-2.598524243768617126e+00
-2.581138767556080627e+00
-2.791702473988970645e+00
-2.644945923696952583e+00
-2.622809021568229593e+00
-2.491581172584219850e+00
-2.697640707453297537e+00
-2.422475641412966674e+00
-2.166310561657780465e+00
-1.999928960401548883e+00
-2.243404203492654236e+00
-1.780200383177563017e+00
-1.732740473663137992e+00
-1.874564205626819025e+00
-1.578469496269695016e+00
-1.655056575687715803e+00
-1.749013862733373337e+00
-1.980003032419971554e+00
-1.783584948741239184e+00
-1.682023193578558340e+00
-1.524842884222862738e+00
-1.860180519951413203e+00
-1.986618566294321209e+00
-1.895187015882970893e+00
-1.739955141256322335e+00
-2.442504476539623326e+00
-2.781984893098867317e+00
-2.729623496669043803e+00
-2.854896533058823405e+00
-3.237186211106553912e+00
-2.745790463025597816e+00
-2.639176375053887913e+00
-2.679597157362278992e+00
-2.463201455295917164e+00
-2.339686697538065907e+00
-2.242307263190692179e+00
-2.123972586712512545e+00
-2.227969775232146787e+00
-2.153931258389620407e+00
-1.901647395157547882e+00
-1.927518707413827581e+00
-2.098819617006080662e+00
-2.156971745589236544e+00
-2.442936836762568120e+00
-2.681700707633039471e+00
-2.387760841419001689e+00
-2.058650554112842368e+00
-1.962907076330175471e+00
-1.947747324601288188e+00
-2.132872517829798031e+00
-1.982848541062862902e+00
-1.853558652066723322e+00
-1.849823898653094822e+00
-1.803151508702179662e+00
-1.840905349726140505e+00
-1.976462049589385428e+00
-2.025054695457217502e+00
-2.140142102619133180e+00
-1.942211953377380507e+00
-1.654789270112984934e+00
-1.951269214400782381e+00
-1.749154295918674329e+00
-1.959448268566611695e+00
-1.864283441155989207e+00
-1.777665538551417956e+00
-1.695390464632418492e+00
-1.711709118606178581e+00
-1.527504389516881833e+00
-1.464411154982659724e+00
-1.219206847972561292e+00
-1.371432878814375700e+00
-1.286670146941442106e+00
-1.397134428255804472e+00
-1.632731174422114684e+00
-1.612604475789915615e+00
-1.461313239054453872e+00
-1.658168539504485173e+00
-1.786647382758527858e+00
-1.885012085858019937e+00
-1.707565139497640549e+00
-1.644248064068397630e+00
-1.364743463031993009e+00
-1.680435994333788541e+00
-1.609362452230292062e+00
-1.865922456913186256e+00
-2.115604618436913498e+00
-2.248489640003734635e+00
-2.319875439208821888e+00
-2.362439998292769516e+00
-2.598430647840429319e+00
-2.517003687793222699e+00
-2.225042311597400069e+00
-2.081788783808838694e+00
-1.938918673016450489e+00
-2.156399264365276291e+00
-2.147371355987633734e+00
-2.241342072507124250e+00
-2.102742345630243204e+00
-2.120390731692702424e+00
-2.078652362221662386e+00
-2.339352579364430973e+00
-2.426810521950796495e+00
-2.096268113051461324e+00
-1.866983525458157267e+00
-1.645837693975224614e+00
-1.519413943788864740e+00
-1.458860529966700348e+00
-1.417845447690091909e+00
-1.382426032716241648e+00
-1.427327386374884988e+00
-1.418715164710742771e+00
-1.383132839250689861e+00
-1.326330242784489855e+00
-1.076533550196937083e+00
-7.630606255472502930e-01
-8.624402406386459941e-01
-6.818218328021474761e-01
-4.549656880123020830e-01
-2.986707191650135318e-01
-4.261629530032347984e-02
-5.610988482508957320e-01
-7.475531666146948417e-01
-1.186352439452159846e+00
-1.400851946411931115e+00
-1.108124800300250179e+00
-8.597407745398188972e-01
-4.885000705917729724e-01
-6.445686969862660654e-01
-4.818654961966163386e-01
-6.008782182339993394e-01
-3.226059616624770698e-01
-2.181100970247802640e-01
-1.170714027961986953e-01
5.786772652936374856e-02
2.207114874789923480e-04
-5.582624165097151148e-02
-3.108803978275352653e-02
2.036105163247126093e-01
4.612703532343512269e-01
6.273031529224544212e-01
8.940068358012642769e-01
9.130499735441053311e-01
1.047619737879526447e+00
1.083692830035232202e+00
1.064608813894164951e+00
1.142909210993469760e+00
1.359234713859852395e+00
1.173328014801129138e+00
1.040733021224522048e+00
1.365168105193144577e+00
1.375558383259323447e+00
1.161330544931469255e+00
9.498239326050159637e-01
9.427548318579401787e-01
8.676557046784956206e-01
7.303868025617831217e-01
8.271177207455365776e-01
6.635934042096141017e-01
7.853685160905364837e-01
6.714490270466795252e-01
6.908677959351473552e-01
5.956395918117435295e-01
-1.071836522028509348e-01
-3.184880973383059644e-01
-3.238419884770412649e-01
-1.944941146835382773e-01
-1.620650011395064760e-01
1.004988741380794838e-02
-4.058186845814701349e-02
-2.586530555873171600e-01
-3.518691369731491991e-01
-2.757505755149279314e-01
-2.051582277698174306e-01
-2.514363817171126961e-02
1.665035618618304070e-01
-3.354977266255380619e-01
-2.347889424147908410e-01
-2.768287148109715989e-01
-3.429202291392611790e-01
-3.243243544427089620e-01
-5.371746704986652965e-01
-5.072107614180959567e-01
-4.588675125785179887e-01
-5.758912723463277539e-01
-5.543401907963342312e-01
-7.547664346851666872e-01
-1.256004923235940707e+00
-1.093585350626156805e+00
-1.120014688395046143e+00
-1.646947937894024383e+00
-1.732968859593398525e+00
-1.659043961794471445e+00
-1.683484872363355755e+00
-1.691914871839427015e+00
-1.733155120438950814e+00
-1.475615838086719256e+00
-1.543000318121620751e+00
-1.698785997158588357e+00
-1.707670735170143006e+00
-1.773893977123025545e+00
-1.520658461340511636e+00
-1.470244402667294281e+00
-1.347718482019413022e+00
-1.248746619660332513e+00
-1.409609511856051434e+00
-1.359857460940456786e+00
-1.141113229411847785e+00
-1.356482950567449386e+00
-1.853835976003157082e+00
-1.862368222536351148e+00
-1.889193718128137967e+00
-1.818535434566071141e+00
-1.662585079308690705e+00
-1.372041302776705329e+00
-1.452547294474197948e+00
-1.243815619866244671e+00
-9.038335666450557637e-01
-7.247778388282376527e-01
-9.201918172261329687e-01
-1.366077966424131596e+00
-1.395451536216084643e+00
-1.569416577787540179e+00
-1.434704501498817786e+00
-1.291878673766066576e+00
-1.029870831707491163e+00
-8.209246766506332893e-01
-5.165757589462314225e-01
-6.104148280318164588e-01
-3.752320600196837885e-01
-2.264696034791854884e-01
-2.744890445229770659e-01
-2.203229717055861792e-01
1.439651544057606036e-01
-7.170686855249229497e-02
-4.031452115946838055e-01
-5.270657402383012169e-01
-5.242959221294034577e-01
-7.485311869573167964e-01
-9.208533358535496705e-01
-7.913496206534280653e-01
-8.222959429311491597e-01
-7.444859750176862079e-01
-4.367540939479910289e-01
-4.715661480987112242e-01
-3.669857734307839792e-01
-2.043518941589279325e-01
-2.906712164979486368e-01
-3.336935879613703859e-01
-8.606630393721048655e-02
-1.230062374080627685e-01
3.058322134314710450e-01
2.208935207316904126e-01
2.529654987060896976e-01
2.970941258224049641e-01
4.225377251912666998e-01
7.016617956485841079e-01
1.029728919804840492e+00
1.023556487928133141e+00
1.053620605731797388e+00
6.816886232272971746e-01
1.341266164224398372e-01
-1.130739584578081408e-01
-2.656084892083417914e-01
-2.454724946423482781e-02
1.584231921957278688e-01
-9.415181290616156384e-02
-1.725089250993034062e-01
-2.092033908410878273e-01
-8.659952999045407440e-02
-1.279953725554846267e-01
-2.771150017960014034e-01
-5.892041323415153631e-01
-6.256932286096170692e-01
-5.740905861851897107e-01
-7.552861905129218956e-01
-1.066809519758087799e+00
-1.221197085543390459e+00
-1.230077277872783981e+00
-1.025434839733344372e+00
-8.329612085599574778e-01
-7.226940346341000909e-01
-4.617141956140681791e-01
-7.442398712679477724e-01
-7.706711610302021676e-01
-7.759364033451705556e-01
-1.067597653291331383e+00
-9.787183726175605614e-01
-6.473967578579054027e-01
-1.052554395593528591e+00
-1.261429185127541874e+00
-1.433629042751834115e+00
-1.519470690029638638e+00
-1.660327842971946355e+00
-1.738310922066478970e+00
-1.867469145374510031e+00
-1.325625385465190043e+00
-1.180083339750041205e+00
-1.180573233907643349e+00
-1.123229348490652590e+00
-1.279752399046362843e+00
-1.031575555541323741e+00
-1.111896993878234374e+00
-1.302139698826279224e+00
-1.673834197077663566e+00
-1.993874018611191179e+00
-1.968688152288221138e+00
-1.852377221297001997e+00
-1.973501822559047714e+00
-2.409338141515252385e+00
-2.681925314667473081e+00
-2.452502880339963554e+00
-2.247493665367674698e+00
-1.993332227255293354e+00
-1.905244029580993592e+00
-2.027689312121376375e+00
-2.093092796112811627e+00
-1.920406413470825857e+00
-1.696654272378732120e+00
-1.840010467394971982e+00
-2.203637987019133160e+00
-1.895121261888490061e+00
-2.026439563658630760e+00
-1.567562232345995010e+00
-1.535345216359574216e+00
-1.298459707571791188e+00
-1.416417790557265910e+00
-1.866600524520850568e+00
-1.939371039079832881e+00
-1.624539698594626991e+00
-1.779314732368562746e+00
-1.674976741937776570e+00
-1.693818962462934508e+00
-2.131771114190480709e+00
-1.992384967061995305e+00
-1.671190366045801179e+00
-1.733692884115406674e+00
-1.610996936223565434e+00
-1.411376852679374849e+00
-1.142570040171559720e+00
-1.084597474847909915e+00
-8.710124384674975406e-01
-9.720113637584878452e-01
-1.111171939439267620e+00
-1.216772671696588315e+00
-1.299741180965623633e+00
-1.111422774498980637e+00
-9.852636647137669179e-01
-1.085058271609240732e+00
-1.346025967729317596e+00
-1.608935432335340199e+00
-1.649858549564670929e+00
-2.056599636511727169e+00
-1.880423909472581423e+00
-1.921439413036617028e+00
-2.380192604428586378e+00
-2.712342750586902440e+00
-2.806356605960142137e+00
-2.862850381411900624e+00
-3.070803986343933367e+00
-3.060943609434087609e+00
-3.060778602365999745e+00
-2.779938540691530235e+00
-2.820213940344442172e+00
-2.866076782162166658e+00
-2.815364636779212670e+00
-2.859609608939268188e+00
-2.993103813569047755e+00
-3.087007694545947700e+00
-3.165567185563123775e+00
-2.972278307232202543e+00
-3.108193180590515414e+00
-3.303762785856199535e+00
-2.838966583038075253e+00
-2.654255675583622409e+00
-2.513394153647390716e+00
-2.698452205628374845e+00
-2.400404514613693419e+00
-2.495538359908899384e+00
-2.476446423842492806e+00
-2.716748455985226407e+00
-2.819019230965106537e+00
-2.971632835590983124e+00
-3.159336348858765575e+00
-3.495652627511324440e+00
-3.509810894172140205e+00
-3.279149817012145363e+00
-3.222533807482374613e+00
-3.347062344261974687e+00
-3.866417236669091206e+00
-3.857529450231698132e+00
-3.845109418599735651e+00
-3.941553890217790901e+00
-3.619897749275557075e+00
-3.614392550824254258e+00
-3.879150548127865861e+00
-3.941658368045922067e+00
-3.807042008090737450e+00
-3.755845472028225274e+00
-3.702038553498231632e+00
-3.483733599827218530e+00
-3.177180682158585512e+00
-2.878213257804142167e+00
-2.768682774990390172e+00
-2.766148363383793551e+00
-2.518571119940529179e+00
-2.613986803835219863e+00
-2.843858411555257426e+00
-2.801813943030729170e+00
-2.755267870676212816e+00
-2.505236877762227365e+00
-2.874136201557675019e+00
-3.332673926637712114e+00
-3.492796763965012374e+00
-3.723251688381804758e+00
-3.762791371594078171e+00
-3.539041533559792896e+00
-3.731027140303495138e+00
-4.156149688015355004e+00
-4.347913878260063036e+00
-4.180454192524879709e+00
-3.801474855341819836e+00
-3.454123003528461577e+00
-3.080201254302249669e+00
-2.963024874158916244e+00
-2.936071932087523706e+00
-3.225211514558777193e+00
-2.928348397065176023e+00
-3.076060463733674588e+00
-3.385163597434568405e+00
-3.228672790168456874e+00
-3.558140437011175550e+00
-3.749661749667868360e+00
-3.461127803145477078e+00
-3.614112948504588640e+00
-3.983355369150640701e+00
-3.930950125263172446e+00
-3.976341886665489600e+00
-3.811347088424380747e+00
-3.517725526499557720e+00
-3.598663850468331926e+00
-3.670505766889953669e+00
-3.682960567195945334e+00
-3.822561560685323379e+00
-3.765036767559450936e+00
-3.789536573212850534e+00
-4.147636216212934990e+00
-4.097096154258689893e+00
-3.714549773772480190e+00
-3.387350551691908684e+00
-3.411615380535421238e+00
-3.354638088246355121e+00
-3.226016450913470113e+00
-3.009808543855716056e+00
-2.984549687114201433e+00
-2.706456873485587167e+00
-2.915437381596101662e+00
-2.990615698283983992e+00
-3.182988209873188978e+00
-3.488354391175668479e+00
-3.368088041775065378e+00
-3.376220950753396455e+00
-3.300931731356308241e+00
-3.125461059415127085e+00
-3.288967938116426737e+00
-3.158529817997269618e+00
-3.036190738184170623e+00
-2.972845530191948527e+00
-3.351805467805669903e+00
-3.520508090133875889e+00
-3.678204436822048784e+00
-3.583141908951608112e+00
-3.276899318795585714e+00
-2.925147179012876464e+00
-2.573415223556583697e+00
-2.514304192028179674e+00
-2.472447940918035769e+00
-2.464940910666234775e+00
-2.551874424748821202e+00
-2.932605385251250141e+00
-3.146742458199446979e+00
-3.201060653111597709e+00
-3.333038586645716617e+00
-2.935049776389454745e+00
-3.116942917441621219e+00
-3.353405517969421989e+00
-3.669468871277191013e+00
-3.998252989217814690e+00
-3.912119277320919686e+00
-4.285551175714756411e+00
-4.246101781390403396e+00
-4.034728451648138758e+00
-4.127322178139793962e+00
-4.280657954489777595e+00
-4.326207447107504933e+00
-4.446334008341147559e+00
-4.166223493635468955e+00
-3.939499182859124815e+00
-3.709806393125968160e+00
-3.823545812776885100e+00
-4.087442327441548784e+00
-4.330738661067446316e+00
-4.578785983757061473e+00
-4.811155612397268300e+00
-4.505057417226802308e+00
-4.371195048177501263e+00
-4.561699270594587574e+00
-4.748294342139059765e+00
-5.211668531025889450e+00
-5.434473060884282170e+00
-5.311626183463328488e+00
-5.210381601694691334e+00
-5.020493348169690506e+00
-5.370958240433025388e+00
-4.959770420854939132e+00
-4.977936140021981259e+00
-4.911113428606276976e+00
-5.021497887257495130e+00
-5.185110362101793768e+00
-5.499241573710698994e+00
-5.837063469838231988e+00
-6.095480272963780699e+00
-6.204014619380641804e+00
-6.501577855567166608e+00
-6.632490274199639657e+00
-6.916728684583524966e+00
-7.066119312428332577e+00
-7.340922157113627833e+00
-7.279025089003575921e+00
-7.607019105429874806e+00
-7.707450553595080578e+00
-7.734971280319210329e+00
-7.416734134026571112e+00
-7.252062417460312993e+00
-7.249112705927593048e+00
-7.345576201086998935e+00
-7.673963350124946459e+00
-7.428006491965941649e+00
-7.131704600162843910e+00
-7.087903109612109454e+00
-7.089776616445847779e+00
-7.132910308378023423e+00
-7.608831291502170302e+00
-8.065216713485758859e+00
-8.380178817003221425e+00
-8.737747473983430879e+00
-8.858675758752774243e+00
-8.762983947036868670e+00
-8.733921165209999060e+00
-8.502366251268663078e+00
-8.572719988203708397e+00
-8.684843294001771241e+00
-8.841309087590682125e+00
-8.782908369187026665e+00
-8.881389979484229258e+00
-9.223484351636864531e+00
-9.388798515118825350e+00
-9.677451274553474647e+00
-9.558912630224773110e+00
-9.328079502371529941e+00
-9.318775265978867850e+00
-9.325620248120060296e+00
-9.737445778213352554e+00
-1.004344364377404197e+01
-1.028742613119346672e+01
-1.009439774353477048e+01
-9.981114837448453514e+00
-9.943419456936418044e+00
-9.986559280374271097e+00
-1.009457130441645312e+01
-1.016283773565140436e+01
-1.065713140369821055e+01
-1.090664295769834169e+01
-1.120535698606477837e+01
-1.137068552966286106e+01
-1.129028187944415684e+01
-1.123775336135135738e+01
-1.154372406163158793e+01
-1.184145604226139348e+01
-1.196425306930438559e+01
-1.201532118774514402e+01
-1.202757811499315821e+01
-1.220984290747337830e+01
-1.224016993784539409e+01
-1.227846086127426339e+01
-1.233750950502792954e+01
-1.240859634487944163e+01
-1.234722371400104990e+01
-1.270975008505137538e+01
-1.289156596682155609e+01
-1.307207919761103909e+01
-1.297788095021562960e+01
-1.309345296536949199e+01
-1.344613663575809959e+01
-1.373860514395849819e+01
-1.388894577746842884e+01
-1.402194635771575015e+01
-1.416680123431452287e+01
-1.406207679782725961e+01
-1.442369026991087821e+01
-1.487414575356055835e+01
-1.496518746987857895e+01
-1.525364573545056146e+01
-1.535223317519144892e+01
-1.580755773414656140e+01
-1.611364100411450195e+01
-1.662621725684602936e+01
-1.681617531117228737e+01
-1.713669885983897245e+01
-1.721953997596382280e+01
-1.729807657691826961e+01
-1.716325984469030175e+01
-1.712852978800224690e+01
-1.706398573802777818e+01
-1.714657723778378795e+01
-1.728011589576476581e+01
-1.704274285033280734e+01
-1.718854498136584752e+01
-1.700154289482729553e+01
-1.704337444423116921e+01
-1.711030658018442452e+01
-1.682696464436749295e+01
-1.679099080013115852e+01
-1.688101163200936128e+01
-1.689539521314013371e+01
-1.703390775741808483e+01
-1.673825066522097416e+01
-1.679711449403107082e+01
-1.674654960312892626e+01
-1.669042300667963374e+01
-1.669870548869497284e+01
-1.655106380808513933e+01
-1.662692517379924695e+01
-1.659404672009412351e+01
-1.652820715603567336e+01
-1.642742519187148886e+01
-1.637620271504375324e+01
-1.623566990836635071e+01
-1.624504447154073716e+01
-1.612769933545622081e+01
-1.606902815613047864e+01
-1.598960963337080798e+01
-1.586131108676523382e+01
-1.573629389850816906e+01
-1.591990509769496143e+01
-1.578183894551017374e+01
-1.579483032769933182e+01
-1.578460642846841466e+01
-1.581422748148361990e+01
-1.587708567865518461e+01
-1.584691686545145650e+01
-1.570227059584449414e+01
-1.588063646290301456e+01
-1.575325040826503020e+01
-1.581923186951353166e+01
-1.592156711949898273e+01
-1.585528718435671891e+01
-1.567764668655714999e+01
-1.567116481525075322e+01
-1.574349021798787618e+01
-1.560489129314885304e+01
-1.560192515409339187e+01
-1.552777481166918250e+01
-1.529612242370919972e+01
-1.524105736792222388e+01
-1.528429253503627372e+01
-1.538771864760469832e+01
-1.539848831665505280e+01
-1.539915253064981471e+01
-1.533635736701520713e+01
-1.537333141558004534e+01
-1.542734529025056389e+01
-1.528511357614288180e+01
-1.543166604268811959e+01
-1.539656388441834878e+01
-1.543076837747887886e+01
-1.522345036814584773e+01
-1.513242140076263453e+01
-1.514464625243086715e+01
-1.520882195797309322e+01
-1.490899504189549241e+01
-1.488509131616431347e+01
-1.477376267725317938e+01
-1.479422674995149123e+01
-1.487014915882383548e+01
-1.481701931881006651e+01
-1.474218112185337048e+01
-1.472592554705010137e+01
-1.477910583241963849e+01
-1.485168309776466700e+01
-1.502228248651617015e+01
-1.501745947507143697e+01
-1.498620637010726142e+01
-1.491241183464547504e+01
-1.474909740506219258e+01
-1.485490601854360193e+01
-1.480125333654624775e+01
-1.478249823603907309e+01
-1.476677890163423257e+01
-1.482080991089327426e+01
-1.470505034177041459e+01
-1.486956652246522026e+01
-1.480150089869781027e+01
-1.487893509887043031e+01
-1.481264669039176951e+01
-1.483636420249863264e+01
-1.484389015770842413e+01
-1.470330284085513739e+01
-1.459681182926243181e+01
-1.488916662963361226e+01
-1.485698662128802638e+01
-1.456302917782772255e+01
-1.450856562565013874e+01
-1.455227869324146894e+01
-1.467866147082457928e+01
-1.465849553717208664e+01
-1.446570654608215278e+01
-1.439687748607099849e+01
-1.447724518884416511e+01
-1.457617252213380077e+01
-1.453440011920585206e+01
-1.443006853236961540e+01
-1.436914773071468154e+01
-1.429889911346787024e+01
-1.441973595136005315e+01
-1.437649911553983451e+01
-1.415415927163897081e+01
-1.402132875821306612e+01
-1.392361163927470358e+01
-1.392495226607781333e+01
-1.399602275671637841e+01
-1.397280068888484017e+01
-1.412262822121087424e+01
-1.392659658497813346e+01
-1.386530436140399303e+01
-1.394708192043358430e+01
-1.408843058237389556e+01
-1.413971343372665501e+01
-1.425153202203989977e+01
-1.410050632546069238e+01
-1.389834302427720125e+01
-1.374908758151799049e+01
-1.370476048496391819e+01
-1.386270565984647618e+01
-1.394584121360504270e+01
-1.411339156418376461e+01
-1.396618386582620275e+01
-1.395894586670466175e+01
-1.400656440476089237e+01
-1.394089626059218467e+01
-1.400321722435714378e+01
-1.382047576806059119e+01
-1.375863257500249937e+01
-1.377133037539015881e+01
-1.357228513385232560e+01
-1.354739553601700131e+01
-1.359067486128508762e+01
-1.351751484972466066e+01
-1.361033252793335713e+01
-1.363295567092903404e+01
-1.350692785439509969e+01
-1.357740895942972159e+01
-1.356420179267899329e+01
-1.374624869873612631e+01
-1.360666484762348460e+01
-1.347333935106455449e+01
-1.342428820925714739e+01
-1.340022106966259585e+01
-1.340689903883440337e+01
-1.353119742224573407e+01
-1.365232740685866197e+01
-1.347396343686350306e+01
-1.362654573391874102e+01
-1.360996682480274345e+01
-1.368329094407183355e+01
-1.371356710565664372e+01
-1.376495264030404186e+01
-1.397307229401133455e+01
-1.377831459858334462e+01
-1.372510150758307113e+01
-1.365134698438412286e+01
-1.384769149181344616e+01
-1.389672162267418187e+01
-1.389649094983437294e+01
-1.372694416418959662e+01
-1.364883347919024459e+01
-1.361666232042950142e+01
-1.381359046314940642e+01
-1.373461608709344439e+01
-1.389394410541393476e+01
-1.359049587028051320e+01
-1.347952854953217994e+01
-1.368557235693668694e+01
-1.384867326594349635e+01
-1.380348092051011477e+01
-1.392573747831368891e+01
-1.388542893824790703e+01
-1.390408380319094128e+01
-1.361509678057637274e+01
-1.369256502494926409e+01
-1.373270735634234363e+01
-1.355334619613431180e+01
-1.371933518890030257e+01
-1.364389353461365317e+01
-1.354633748582472563e+01
-1.351075714450059628e+01
-1.339074310265347201e+01
-1.323906707243000369e+01
-1.339441694354885115e+01
-1.339428705018824672e+01
-1.360396501600521013e+01
-1.373097459205397541e+01
-1.370876414861923642e+01
-1.346991867013933764e+01
-1.337600138055735144e+01
-1.323839432390729165e+01
-1.344298351014740867e+01
-1.365699378900584193e+01
-1.378543034736054196e+01
-1.364072913346392646e+01
-1.362894876667725619e+01
-1.335565490027119928e+01
-1.326898533185442908e+01
-1.308822641101374984e+01
-1.321228774257914829e+01
-1.325274171579302873e+01
-1.325585328261996132e+01
-1.303213448268506625e+01
-1.316083463743365023e+01
-1.324009575562443075e+01
-1.323117533124652923e+01
-1.326202567118184916e+01
-1.299393600217443101e+01
-1.331736110788906657e+01
-1.340673469256291028e+01
-1.322193634201361867e+01
-1.315467274491458127e+01
-1.312824858462285249e+01
-1.330798003801502105e+01
-1.330434000671749217e+01
-1.317164709569348346e+01
-1.336095258412785292e+01
-1.326317393249866683e+01
-1.315912795885044595e+01
-1.321786167215565655e+01
-1.324566503532246564e+01
-1.369040794530385696e+01
-1.345659703966422960e+01
-1.310288553939306766e+01
-1.302949869780064418e+01
-1.261979439791312174e+01
-1.272482393003532231e+01
-1.283487964485137134e+01
-1.278257590544860633e+01
-1.301608791381293351e+01
-1.285933251263302246e+01
-1.288927858385546976e+01
-1.281045484987098604e+01
-1.284394887772748817e+01
-1.279951876710067715e+01
-1.270401491213953271e+01
-1.286186028870132425e+01
-1.274156561770022833e+01
-1.234989995363510928e+01
-1.247219663195654249e+01
-1.203335063441848085e+01
-1.192398105619819404e+01
-1.191078389311612540e+01
-1.164280177146811468e+01
-1.169278011494593805e+01
-1.158913465939773957e+01
-1.146974900910332984e+01
-1.166982373505351589e+01
-1.129997256728105270e+01
-1.126280099220257291e+01
-1.119881417422915071e+01
-1.125374205141447526e+01
-1.153515034872199152e+01
-1.140745646124963208e+01
-1.111243444535958957e+01
-1.141847208089078514e+01
-1.129301733693486298e+01
-1.130237265731604168e+01
-1.137229299892553769e+01
-1.108195299590152239e+01
-1.079368138996538917e+01
-1.025556379463654011e+01
-1.037453578420795353e+01
-1.015850443625038224e+01
-1.026810264653635407e+01
-1.029338950259222152e+01
-1.057505028841868189e+01
-1.059687081592343816e+01
-1.064667795593868149e+01
-1.055216033117039842e+01
-1.052634925838301250e+01
-1.055055378508906472e+01
-1.036529916971111653e+01
-1.044471267973321460e+01
-1.044431767991942905e+01
-1.033581140687148903e+01
-1.034985207231099125e+01
-1.039699421120967848e+01
-1.045554580159940095e+01
-1.040134326141965282e+01
-1.050390303209725040e+01
-1.030691809940054782e+01
-1.054387057449563869e+01
-1.044576234466993547e+01
-1.047627147583977170e+01
-1.088783383693752072e+01
-1.099948219024943619e+01
-1.102242886583146486e+01
-1.121784850208440432e+01
-1.112344149965753282e+01
-1.118590333499934530e+01
-1.127307404605898355e+01
-1.125404811774091840e+01
-1.095750311879599614e+01
-1.073796428656299184e+01
-1.047807767206493068e+01
-1.077034643930537960e+01
-1.067009021531442947e+01
-1.068111528764857354e+01
-1.093798409350103640e+01
-1.070717568841485878e+01
-1.093199210252457654e+01
-1.092035192015811873e+01
-1.111044300610205049e+01
-1.114933530860095168e+01
-1.122950753780012079e+01
-1.121927759095066079e+01
-1.119060845623364742e+01
-1.114070369944712269e+01
-1.154235625162827006e+01
-1.144625949829315203e+01
-1.097881817086370937e+01
-1.096280450892096781e+01
-1.075793470872007340e+01
-1.099961677145992667e+01
-1.098724518622363000e+01
-1.091952669620406802e+01
-1.107042083448338587e+01
-1.066524878974728274e+01
-1.101366941407762035e+01
-1.074412464330858619e+01
-1.079682447582608340e+01
-1.048221389495677869e+01
-1.016524400896261149e+01
-1.016899541141861718e+01
-1.018604087304049166e+01
-1.051793813545820377e+01
-1.038288415097345485e+01
-1.031595065311603676e+01
-1.057095960033063164e+01
-1.074001582619087358e+01
-1.095508457094609156e+01
-1.084297709735572290e+01
-1.104045946312868587e+01
-1.080146443543925727e+01
-1.055215341055677847e+01
-1.030895755021307281e+01
-1.071648888964701918e+01
-1.065123051650721919e+01
-1.085726704705303902e+01
-1.078119210697822083e+01
-1.075517941602337402e+01
-1.076481514270758666e+01
-1.065781883492842219e+01
-1.067708049409788629e+01
-1.067548049639115071e+01
-1.033493600579262051e+01
-1.018639878364484197e+01
-1.027265541587978603e+01
-9.961936463593708879e+00
-9.898779110594510655e+00
-9.929064268791023551e+00
-1.008235517321283048e+01
-9.850116230941551976e+00
-9.661742928377645256e+00
-9.866420106600161333e+00
-9.956524688177514903e+00
-1.003163787698091802e+01
-9.756372243120097210e+00
-1.000260567732249939e+01
-1.030091945511585116e+01
-1.029715012959071707e+01
-9.692290497616708578e+00
-1.026426079792656054e+01
-9.962084968789305606e+00
-9.457344452876158769e+00
-9.621905708048252848e+00
-9.966114028333009855e+00
-9.977418582592100904e+00
-1.007591687571685846e+01
-9.859141511092751387e+00
-9.884621796360033130e+00
-9.889338095242361959e+00
-9.835884688085144489e+00
-9.929772409899150887e+00
-1.037464808583233200e+01
-1.014249600098507109e+01
-9.943884466521231147e+00
-9.680507353840868134e+00
-9.507315407527304529e+00
-1.005334177588672695e+01
-1.015358723175438449e+01
-1.000156541479441685e+01
-1.040276066583004244e+01
-1.008695309339015900e+01
-1.026550183166956920e+01
-1.003499768725710162e+01
-1.051428062207255820e+01
-1.051362041721262308e+01
-1.030799503382469595e+01
-1.027549354187145703e+01
-1.011098814344878960e+01
-9.718975309758288716e+00
-9.715187337986932903e+00
-1.010859594787781468e+01
-9.953714112599572061e+00
-9.856050323714558914e+00
-1.015653956972871796e+01
-1.023208639100491979e+01
-9.815631231561951608e+00
-9.731612724803044401e+00
-9.284614272308065352e+00
-9.378632419677110477e+00
-9.118614571979666295e+00
-9.286210475692435296e+00
-9.491984145890306479e+00
-9.415419837203707232e+00
-9.283733797760419293e+00
-9.044553359374122081e+00
-9.275308394866929262e+00
-9.177356862830434281e+00
-9.243064529694388298e+00
-9.372560921794082844e+00
-9.363567930535740658e+00
-9.355821233938620196e+00
-9.313338628637593430e+00
-9.370357476873326874e+00
-9.541367920926539625e+00
-9.669971632991106958e+00
-9.598988031091479911e+00
-8.986971303472733652e+00
-8.808436111854334172e+00
-8.915871404467630157e+00
-8.550240821064640784e+00
-8.959482114113322737e+00
-9.178962219109704890e+00
-9.196983983078403924e+00
-9.312496728753000497e+00
-9.191634866653421554e+00
-9.337514510553615921e+00
-9.404447342515744879e+00
-9.166647501376596452e+00
-9.143772112412179354e+00
-8.710065576160872070e+00
-8.714736931314629231e+00
-8.662119542923859328e+00
-8.807446219840155521e+00
-8.945875803949995486e+00
-9.021564807474735659e+00
-8.866156071990323184e+00
-9.178057554121350492e+00
-9.199368127916050852e+00
-8.976039716569717442e+00
-8.900596653445338902e+00
-8.744543323878131602e+00
-8.717400662483122176e+00
-8.830704613453415064e+00
-8.853289405641863397e+00
-8.662533615339249593e+00
-8.589661786397869037e+00
-8.965046462292100671e+00
-9.344730530094944143e+00
-9.704290934674311586e+00
-9.671354314738369595e+00
-9.400681420430313295e+00
-9.705852545840052414e+00
-9.556039368871388717e+00
-9.692974956470450820e+00
-9.934445637176258614e+00
-9.823071054850247563e+00
-9.687954039118304550e+00
-9.908950587770261720e+00
-9.743794938902915703e+00
-9.183968329447735002e+00
-9.278490985774730859e+00
-9.220521596576471524e+00
-8.897679664605615102e+00
-9.183405603713087118e+00
-8.896959014708992086e+00
-8.827849443469393265e+00
-8.906644978597025641e+00
-9.103447024143724420e+00
-9.251281548892865914e+00
-8.941548042209559455e+00
-9.030292746818140870e+00
-8.848078513921795007e+00
-8.707964078694653054e+00
-9.084494513721530495e+00
-9.128572610567083245e+00
-9.063517550133834533e+00
-8.316849792491701976e+00
-8.234003159230988800e+00
-8.000346683622193922e+00
-8.198874765546138477e+00
-7.890514367912690119e+00
-7.470709217651823941e+00
-7.963236885214731053e+00
-7.798761374246812039e+00
-8.182419818416697410e+00
-7.635577598711953407e+00
-7.997627044382777051e+00
-8.065239874757773819e+00
-8.255462154336703051e+00
-7.860370703949775439e+00
-8.469935213914919103e+00
-8.722291436896490779e+00
-8.591776773905706932e+00
-9.041745165325188793e+00
-8.961622671014023211e+00
-8.688193378322097260e+00
-9.146301581295338323e+00
-9.393259305500345491e+00
-9.140588509682649132e+00
-8.836946182900215163e+00
-8.653628183778350191e+00
-8.401209388795482624e+00
-8.365464769929651823e+00
-8.756556700573314700e+00
-8.572734358372141372e+00
-8.753837091350019861e+00
-9.008739713078872668e+00
-9.185172612902626099e+00
-8.967236818011564026e+00
-9.245387466405670551e+00
-9.836415905121157266e+00
-1.016750293304114372e+01
-9.746126786187865321e+00
-9.907241022162388333e+00
-9.905130572636307917e+00
-9.534348688727952492e+00
-9.346083030013232928e+00
-8.659979926788793136e+00
-8.724253983125411338e+00
-8.794822687748904855e+00
-8.872907985357795013e+00
-9.044068374319635950e+00
-9.092359249223811446e+00
-9.331970210257297893e+00
-9.473643830061888593e+00
-9.118598675371574203e+00
-9.426089048099978385e+00
-8.952781900066046461e+00
-9.040830434102822721e+00
-8.833980695418912177e+00
-8.570600244407023283e+00
-8.815066079500828877e+00
-8.822135801402753330e+00
-8.869103147936009179e+00
-9.046276755660350943e+00
-9.038361915421413428e+00
-9.310792250886807508e+00
-9.623602954769932438e+00
-9.737156970617856899e+00
-9.665147685104086506e+00
-9.420266003612697503e+00
-9.319406307893647323e+00
-9.234019654895691431e+00
-8.913030745152262568e+00
-8.833944024125715444e+00
-9.156238741256485625e+00
-8.939643780962832409e+00
-9.048418518995097415e+00
-8.566013793686236610e+00
-8.264278361185260380e+00
-8.259002172223537386e+00
-8.619748337447386888e+00
-8.402461528971562288e+00
-8.374809328239436468e+00
-8.068184889245559432e+00
-7.981566831977229270e+00
-7.631879353685515177e+00
-7.845196669131755840e+00
-7.659496741472448633e+00
-7.417074686672661343e+00
-7.275350992115251714e+00
-7.632163118332404572e+00
-7.200512655662436146e+00
-7.066513567550548380e+00
-7.514507902682406204e+00
-7.174265059663351707e+00
-7.194447412088570637e+00
-7.240731953059263759e+00
-7.051662365165073609e+00
-7.035546403148698502e+00
-6.993755954843297040e+00
-6.578531959232391202e+00
-6.439096526522561703e+00
-6.175971207483148540e+00
-5.957399646729657050e+00
-6.309636105350256763e+00
-6.612938086262385440e+00
-6.971621955467851350e+00
-6.842261956911447562e+00
-6.880533674629718988e+00
-6.519848928170172364e+00
-6.500199183541470305e+00
-6.810732787550001888e+00
-6.736570211241987849e+00
-6.698496334797121143e+00
-6.812882752760455851e+00
-6.909478601887044213e+00
-6.433495800879482474e+00
-6.478054560946737261e+00
-6.428190432000755017e+00
-6.997542516189665385e+00
-7.112694239137488772e+00
-7.007847158725398096e+00
-6.792429181348028422e+00
-6.585358347165898074e+00
-6.617348776652906217e+00
-7.003323533191458949e+00
-7.379901295027135433e+00
-7.414628873933996722e+00
-6.911782237849924293e+00
-6.855559537309517282e+00
-6.666349024710410021e+00
-6.487622164220160137e+00
-6.338576880997134566e+00
-6.326628495054666956e+00
-6.143669808937702648e+00
-6.386016909390144214e+00
-6.832396618315406123e+00
-6.810614056925873072e+00
-7.098156517310766134e+00
-6.569306212679716594e+00
-6.360470833926340717e+00
-6.603773211550762134e+00
-6.498978782263350240e+00
-6.361844861458796352e+00
-6.241349530890610176e+00
-5.875633011343406764e+00
-5.812118566110701323e+00
-5.892084122977111704e+00
-6.165425706541778794e+00
-6.162005474258974935e+00
-6.082431712375598210e+00
-6.043872811484661156e+00
-5.219618327266705826e+00
-5.449511673774244613e+00
-5.201608628775363563e+00
-5.042324239780053396e+00
-4.852155093004802744e+00
-4.850503195530460943e+00
-5.139475321902551741e+00
-5.830442268907370718e+00
-5.792200142807964802e+00
-5.971385265398402531e+00
-5.827548988162566168e+00
-5.808196555927827909e+00
-5.708856933397871813e+00
-5.498657461121957191e+00
-5.861603265256331241e+00
-6.670057288607649681e+00
-6.427995458151276154e+00
-6.130070727180073398e+00
-5.876401587576359553e+00
-5.875453024349635456e+00
-5.769424729988350542e+00
-5.880694023958191075e+00
-6.309479248986780142e+00
-6.741512553362889015e+00
-6.763699983737169852e+00
-6.070249647675285409e+00
-6.111203026291822660e+00
-6.048119101732911673e+00
-6.766766853964448103e+00
-6.252382345640680406e+00
-5.830766082890081137e+00
-5.911003340195930988e+00
-6.014873373121744748e+00
-6.122833073906303269e+00
-5.793564616249494925e+00
-5.220388563021586492e+00
-5.454402332403579301e+00
-5.995583866880902946e+00
-6.128315884424399229e+00
-6.455143557888719741e+00
-6.944166342131435243e+00
-7.057593364236059763e+00
-6.944813508924799983e+00
-7.311146993146697248e+00
-7.998529114133475559e+00
-7.676251992704142602e+00
-7.939983149820465158e+00
-8.002841925911688747e+00
-7.706026667659825691e+00
-7.500902030365411477e+00
-7.229765713011821582e+00
-7.400861213226471058e+00
-7.059352507636784679e+00
-7.110648614752284047e+00
-6.942178893752217306e+00
-7.133619493628111208e+00
-7.008704094450711075e+00
-7.044204087653191060e+00
-7.038608085188045038e+00
-7.698067270472122914e+00
-7.423954825660962875e+00
-7.397230164723421098e+00
-7.089853593426159506e+00
-7.710464645440920251e+00
-7.374311625764808475e+00
-7.776156505106907701e+00
-7.139843699471106753e+00
-6.983970102383807443e+00
-7.295397630514593779e+00
-7.161784327125205962e+00
-6.562169310561462687e+00
-6.314548448500634237e+00
-5.908412221956069743e+00
-6.081120254966530858e+00
-6.350786682164471841e+00
-6.394930460042282938e+00
-6.779213252062697315e+00
-6.447875243283221813e+00
-6.638290803994965295e+00
-6.502746120650680695e+00
-7.107714954482677427e+00
-6.647903135354549242e+00
-6.742738336551940215e+00
-6.904775880553975398e+00
-6.906348298090425608e+00
-6.408127324823643889e+00
-6.536318483888222453e+00
-5.817694902217263930e+00
-6.210998354964949009e+00
-6.104370675889175146e+00
-6.786402195460219389e+00
-6.237469072967632755e+00
-6.821481092763509224e+00
-7.107007409820671029e+00
-6.382424223431486077e+00
-6.990891870170041322e+00
-6.909782965416265910e+00
-6.598610058166471504e+00
-6.638161900568454676e+00
-5.954846722848478713e+00
-6.691740732401734171e+00
-6.485733652372307922e+00
-6.754402134906811739e+00
-7.042683565812584590e+00
-6.758083184094061835e+00
-7.058258856757560373e+00
-6.640363553301207311e+00
-6.673622017665189254e+00
-6.340580922092379446e+00
-6.328483029193354703e+00
-7.014612260175708158e+00
-6.895092409975673853e+00
-6.815383604656714667e+00
-6.672301310669870311e+00
-6.670618047543030116e+00
-6.763814545071607398e+00
-6.697239739800583180e+00
-5.993674304989314194e+00
-6.190723480643861798e+00
-5.629435199247604160e+00
-7.008973296454467317e+00
-6.765136539964785811e+00
-6.151016306171319670e+00
-6.655565313484318679e+00
-6.464500879011456647e+00
-6.605736299584163085e+00
-6.756166037770938715e+00
-6.930960733375768790e+00
-7.060915870834717722e+00
-6.761786684481660537e+00
-6.427068063136328391e+00
-6.939728503870879806e+00
-6.679066544117586268e+00
-7.379885210598909673e+00
-7.375074220476818709e+00
-7.158371540332810312e+00
-6.998456005328776541e+00
-7.031351228183243762e+00
-7.400209808467375971e+00
-7.696490981982675450e+00
-7.356166263048048215e+00
-7.437443971108336882e+00
-7.494199492672251495e+00
-7.218647775585231408e+00
-6.979016468761230385e+00
-7.047301368213609862e+00
-6.947417642505038238e+00
-7.716789611206223753e+00
-7.872853327259049294e+00
-6.887144944609917552e+00
-6.901352717892343058e+00
-7.227493394808988114e+00
-7.281505722508406997e+00
-7.275701828374554481e+00
-7.149106129983569424e+00
-6.528342872817361808e+00
-6.521882753725801507e+00
-6.677746867207744685e+00
-6.176246638323529936e+00
-6.498908864026192944e+00
-6.776312168361489086e+00
-5.700614227410519597e+00
-6.522852234859521481e+00
-6.506515889531153896e+00
-6.726000288849636632e+00
-6.722848408568286693e+00
-6.864176737828461938e+00
-7.256254904983986620e+00
-7.180392800412723098e+00
-6.416131715456089069e+00
-7.275841334419506090e+00
-7.141461236514427213e+00
-7.945567412925744755e+00
-7.748013563435524276e+00
-7.784388066772139680e+00
-8.074651391788076893e+00
-7.642049424522077139e+00
-6.934760145470298731e+00
-7.180931784289218633e+00
-6.840411478483580332e+00
-6.546399297781418269e+00
-6.600743356374197290e+00
-6.419026232595034465e+00
-6.899397456489022140e+00
-6.912657190246615180e+00
-7.388909019261108213e+00
-7.608467226790728510e+00
-7.413499945405686020e+00
-8.028943706292229976e+00
-7.381726626484802267e+00
-7.842918761141254969e+00
-7.591057004492603788e+00
-7.700384815433507057e+00
-7.370092752084864252e+00
-7.190556330863200785e+00
-7.079295737147429435e+00
-7.563671488495007367e+00
-7.337386584704034931e+00
-7.639829941052608930e+00
-7.235955437883774266e+00
-7.436789090767740085e+00
-7.119862976840740210e+00
-7.516903931931961935e+00
-6.943247713849384439e+00
-7.284547341082090455e+00
-7.011032874036528639e+00
-6.770285506883038984e+00
-7.721872984676767970e+00
-7.632647927511243324e+00
-8.054272086254567142e+00
-7.788140040878772652e+00
-7.707247090348157137e+00
-8.093334244067884597e+00
-7.829271819002853405e+00
-7.883300702399932192e+00
-7.689990373127959522e+00
-7.951079076901714338e+00
-8.007253632058770165e+00
-7.622420124029923194e+00
-7.316962505243130188e+00
-7.271706234071377395e+00
-7.406974897895622689e+00
-7.636138976209092100e+00
-7.922411026708835458e+00
-7.972357028635482123e+00
-7.752589566898933526e+00
-7.455731272278638855e+00
-7.721079373850354699e+00
-7.901039902345953436e+00
-8.406380011374956496e+00
-7.869799240389219186e+00
-8.332769062110525482e+00
-8.109846017296490572e+00
-8.190713226961944926e+00
-8.022631569363925408e+00
-8.513813625056403822e+00
-8.096736132857195400e+00
-8.150903786322068356e+00
-8.195418903038083513e+00
-7.935771052332447617e+00
-8.270467469527229554e+00
-8.230982802229922513e+00
-7.783839109696452319e+00
-7.561561808219449787e+00
-7.495259893866511369e+00
-8.102661565122373233e+00
-7.454400616392216961e+00
-7.825901572994074407e+00
-7.763617028440549461e+00
-8.013750430488997267e+00
-8.235721712797893446e+00
-7.476441223204283837e+00
-7.687476057309434729e+00
-8.096176998547518266e+00
-8.076683451242494982e+00
-8.301670849350077930e+00
-8.495056551352247354e+00
-8.616668387634360826e+00
-8.627434401998606006e+00
-8.136928073703469266e+00
-8.469435494765010120e+00
-8.847219600167866460e+00
-8.605095542017592081e+00
-8.623743735828934831e+00
-7.487328301919720985e+00
-7.794808324740838401e+00
-8.104369555700852601e+00
-8.590387277722825843e+00
-8.172035586502570226e+00
-8.606414916466942344e+00
-8.289226847746691718e+00
-8.670288988218455728e+00
-8.686342118318991723e+00
-8.435783712041853732e+00
-9.008201681103813030e+00
-9.144325937080521882e+00
-8.998929305518961641e+00
-9.265787309473186184e+00
-8.601562712493681317e+00
-8.672630146720804234e+00
-8.966943368701711492e+00
-8.733298496527188703e+00
-8.838588594894796202e+00
-8.652851905615639438e+00
-8.761380874663672103e+00
-8.616451250956625785e+00
-8.745132672114692696e+00
-8.869884502349021815e+00
-8.794936687154480737e+00
-8.697860511172237352e+00
-8.943865873343845863e+00
-9.081179472427020727e+00
-9.079970054626134157e+00
-9.625590408265320974e+00
-9.787105773195769132e+00
-9.862005295705586150e+00
-1.001196422652241402e+01
-1.017553084819657094e+01
-1.041056466123052004e+01
-9.775141760138501112e+00
-9.302222170616069263e+00
-8.931422225687830618e+00
-8.934356708603887753e+00
-8.865045469665696842e+00
-8.863434370422888620e+00
-9.003073792669363584e+00
-9.254324638923044688e+00
-9.819421911353373389e+00
-9.582740757989142821e+00
-9.555083740725811126e+00
-9.508527893410741783e+00
-9.155324278083414313e+00
-9.403495246039479838e+00
-9.309066323707249069e+00
-9.816527704194401238e+00
-9.874597537060427754e+00
-1.034770321996172804e+01
-9.522329026460692347e+00
-9.226651401639069050e+00
-9.205804243132302389e+00
-8.777901683897729512e+00
-9.147420360880827772e+00
-9.760295495600821880e+00
-9.601922376436657913e+00
-9.485866589997295151e+00
-9.826749095221897434e+00
-9.867680933884905414e+00
-1.001150754252105557e+01
-9.701221641601597057e+00
-9.763833713220874344e+00
-9.652693101318648772e+00
-9.614448982726091941e+00
-9.206785699993268679e+00
-8.956714864427391731e+00
-8.832747120158792598e+00
-9.437460900885989545e+00
-8.852091256323786794e+00
-9.318392198424540140e+00
-8.957054738483096301e+00
-9.116932284499352335e+00
-9.415698917803853263e+00
-9.370328444903243792e+00
-9.179976917343360299e+00
-9.465037149157202734e+00
-9.331450741048493924e+00
-9.825666010873952416e+00
-9.761446181680879519e+00
-9.897130360081318301e+00
-9.808010583703152818e+00
-1.023333492923554644e+01
-1.004159816332544430e+01
-9.838303044828291988e+00
-1.002851455761335941e+01
-1.004904860207382633e+01
-1.051854730574771501e+01
-1.053091936863136802e+01
-1.051813849601185780e+01
-1.106608422588175422e+01
-1.069437805961934629e+01
-1.045033830634570648e+01
-1.071105457844147146e+01
-1.029958768263084856e+01
-1.042127215363863613e+01
-9.655629234601043720e+00
-9.713724010515241147e+00
-9.404072868460144008e+00
-9.266946154680191228e+00
-9.245645841309283242e+00
-9.746483228335458548e+00
-1.001454246324647457e+01
-9.848173145093214842e+00
-1.039321300323041619e+01
-1.028268715411024026e+01
-1.059517673674915805e+01
-9.851299118163503010e+00
-1.027818208558303681e+01
-1.032830734772213432e+01
-1.017272824396878761e+01
-1.013485192235217625e+01
-9.771229527583775720e+00
-9.411782993349268267e+00
-9.345864822317251353e+00
-9.478603177937088731e+00
-9.292360151016849201e+00
-9.234526294699691107e+00
-9.578781347015899783e+00
-8.770167555604331255e+00
-9.016986815627744178e+00
-8.640190478600219492e+00
-9.021304254359867159e+00
-8.802166396874389065e+00
-8.831870089118329048e+00
-9.244709562187654939e+00
-9.161426075404161651e+00
-8.995403978828811375e+00
-8.982715966356346726e+00
-8.593880525935741588e+00
-8.789273915488196920e+00
-8.860133602407197273e+00
-9.265316202657592370e+00
-8.422318688505210815e+00
-8.248947058078137218e+00
-9.034574970131208360e+00
-8.566500349144995141e+00
-8.530543617634361198e+00
-8.540692312954185184e+00
-8.363321977453274769e+00
-8.572671762282404018e+00
-8.837865369382349456e+00
-8.507059501055628914e+00
-8.682108049344435585e+00
-8.891388361204086266e+00
-8.571645045635104765e+00
-8.508231944005475000e+00
-8.257835757282641964e+00
-8.222674676148436390e+00
-8.507861659289178036e+00
-8.623343105017362120e+00
-8.794272814428081730e+00
-8.542883250800274553e+00
-9.230454691526896127e+00
-8.917842555772930169e+00
-9.040050528310651146e+00
-9.078607820921913429e+00
-8.758672140085311142e+00
-8.191822462113581338e+00
-8.618546446905526182e+00
-8.779136705453367995e+00
-8.841225279663779801e+00
-9.200959174844188126e+00
-9.263245004410807226e+00
-9.492221764788682847e+00
-9.643599371194262915e+00
-9.153870538970004134e+00
-9.152343344824721783e+00
-9.307767040332036501e+00
-9.645799579469622742e+00
-9.618948546622382523e+00
-9.375095290015163840e+00
-9.629726142406536127e+00
-8.907163304188443931e+00
-8.940815538931879303e+00
-9.098980960691200437e+00
-9.271002809966672586e+00
-9.327706017447338738e+00
-8.594573935707533252e+00
-8.618148536178928509e+00
-8.677454043303933773e+00
-8.819190872304362827e+00
-8.345478094275868841e+00
-8.838784033025412157e+00
-8.209083048694131080e+00
-8.850845729151748387e+00
-8.736102160275928341e+00
-8.914756079189437799e+00
-8.777966964736627631e+00
-8.798182201552812387e+00
-8.880213694391223100e+00
-8.208514546986394933e+00
-7.846767318805660807e+00
-8.666728247242270200e+00
-9.163484161343692591e+00
-9.185120089342014182e+00
-8.816341214901951773e+00
-8.723584281656151518e+00
-8.373129962590358133e+00
-8.277627103432500633e+00
-8.087588613032977491e+00
-8.326307506546690718e+00
-8.114613933469335905e+00
-8.197882881966826574e+00
-7.959008222183762804e+00
-8.646841334999136208e+00
-8.422056059296242125e+00
-8.766239219008310712e+00
-8.544426268632699717e+00
-8.756372997473752307e+00
-9.218008713556152145e+00
-8.729913859682485011e+00
-8.879637587435775359e+00
-8.024310328941258064e+00
-8.198498711981272891e+00
-9.224069682511178314e+00
-8.290072872983115460e+00
-8.593249875243721192e+00
-8.709933868463622275e+00
-9.087032881212614654e+00
-8.807972090527336206e+00
-8.726845147342070064e+00
-8.733803948530127315e+00
-7.796924122480016983e+00
-8.029840911036870921e+00
-7.979446662826131131e+00
-7.924170283880067167e+00
-8.672545619029197184e+00
-8.477609189413998436e+00
-8.548848938280912080e+00
-9.145062079019741219e+00
-8.482538911857083974e+00
-8.718674414890866586e+00
-9.023395848465993296e+00
-8.491711659050112715e+00
-8.254284383430288585e+00
-8.623445136720416571e+00
-9.161785648472671184e+00
-8.960857985242476786e+00
-8.422785787483597630e+00
-8.297552730823756661e+00
-8.328553505676135060e+00
-8.624665416780597837e+00
-8.728561238960502067e+00
-8.330063579267935836e+00
-8.349109723036782782e+00
-8.033865960662428307e+00
-8.096250294907482825e+00
-7.544616975759938171e+00
-8.092820626053217836e+00
-7.696756596791471949e+00
-8.113328619018083998e+00
-8.655960310715020256e+00
-8.978615298008747914e+00
-9.072800741265769631e+00
-8.874104020036769569e+00
-9.509354870755645450e+00
-9.352138756552081489e+00
-9.530690846473552469e+00
-8.747599040922052538e+00
-8.865370431954065822e+00
-8.818043227239892090e+00
-8.442716238776917237e+00
-8.873833017204212581e+00
-8.831914988886961027e+00
-8.786620673331936970e+00
-8.909058793623030326e+00
-8.751037815789320717e+00
-7.816019765834754551e+00
-8.173233080230616565e+00
-8.276270458029269861e+00
-8.230504687483328752e+00
-8.318018314376779188e+00
-8.190576350247919635e+00
-8.103346458680409370e+00
-8.530241608685154020e+00
-9.134951006079711888e+00
-9.049540675133194156e+00
-8.981569252037862938e+00
-9.138290441073618098e+00
-9.333364361133490661e+00
-9.615643163791109060e+00
-9.585253868688388579e+00
-9.853053030726014683e+00
-9.624006848202888875e+00
-9.485759021627179877e+00
-9.734022292317812131e+00
-9.717539202963646261e+00
-9.666996618969987409e+00
-9.007819875920027641e+00
-8.485970377182802338e+00
-8.429468647330573106e+00
-8.985716446097651300e+00
-9.171684237252447858e+00
-8.898534277403991055e+00
-8.889154962730284382e+00
-9.529947848619874762e+00
-9.355161674633675872e+00
-9.402591622071813759e+00
-8.903379893869891148e+00
-9.121587751532963750e+00
-9.540621010742592389e+00
-8.172161039702579899e+00
-8.163716871081046378e+00
-8.131234252470433077e+00
-7.766261191016359255e+00
-7.862298132686744268e+00
-8.752047224064043007e+00
-7.573782599996961906e+00
-7.232700538122551315e+00
-7.477880692953188912e+00
-7.504194813136286335e+00
-7.127206562610172824e+00
-7.114572508418307351e+00
-6.831268518586568916e+00
-6.004727524135483385e+00
-6.139380491387935734e+00
-5.452208209034917097e+00
-5.490430827073881304e+00
-4.597116855278475356e+00
-3.889746247226026910e+00
-2.968953228484085827e+00
-2.275907829374141933e+00
-1.725900821023177434e+00
-2.790274098735932018e-01
8.983564664587189164e-01
2.349274241729679247e+00
1.960284309770397027e+00
1.384232401443909133e+00
2.354879150870379689e+00
1.653383114600116555e+00
1.244395498012699441e+00
1.577750176168800200e+00
1.737777625343704280e+00
1.766348880610284056e+00
1.937192479111039756e+00
2.350360747481537338e+00
1.829381596288073952e+00
1.895983569043054651e+00
1.774183949243728575e+00
1.522661643399049636e+00
7.786915709721539125e-01
-6.967365663508002793e-01
5.194671944735304026e-01
2.522049395835113117e-01
5.226542534453035849e-01
4.918092478967614478e-01
5.927015343491985888e-01
5.066202676633365654e-01
-7.677029246685760366e-01
-1.395978921248355986e+00
-1.470410789303014498e+00
-1.509480993688859352e+00
-1.495167295016001541e+00
-1.277324539032299811e+00
-1.106690094909660305e+00
-8.940001917567802492e-01
-6.408480294213304562e-01
-6.617989811304997305e-01
-3.900623531883943285e-01
-5.777498117385473364e-01
-8.011403824511548200e-01
-4.088341630739789068e-01
-7.263838348316313809e-01
-8.018400181646104796e-01
-5.207141654700103706e-01
-6.511970214529275713e-01
-5.207483431214183361e-02
7.901419519650990098e-02
-2.093918092371417072e-01
1.767518696307808501e-01
1.393328521657961339e-01
4.853856003367233996e-01
5.909809393659732901e-01
8.333716544691475159e-01
4.904077162460264150e-01
4.936339396535522894e-01
6.335624545427651633e-01
5.383639646095940146e-01
5.225875930732031271e-01
3.397883978477678757e-01
1.210202320811677723e-01
2.326663076036375177e-01
9.513493702246103578e-02
-2.260078500486205066e-01
-2.777299719313294779e-01
-2.482210567962062908e-01
-1.561771107075598797e-01
-3.680654330097188898e-01
-5.828238455082560554e-01
-6.843174269675621479e-01
-6.690785524520530547e-01
-9.075254881279861685e-01
-1.188267855027220543e+00
-9.902440403415234682e-01
-1.131300155940637264e+00
-1.134223579468755627e+00
-1.680576735611200689e+00
-1.716870331932709881e+00
-1.715634167264949550e+00
-1.353439513748308620e+00
-1.427052087552050708e+00
-1.480803231157801214e+00
-1.439059301080073627e+00
-1.259816538099922223e+00
-1.454861786810561775e+00
-1.364054129515275271e+00
-1.521852740224241440e+00
-1.700935666754839870e+00
-1.634783731384153782e+00
-1.661300178408819939e+00
-1.925139329344422778e+00
-1.982166058528869845e+00
-1.903467295945678206e+00
-1.865338875115170048e+00
-1.896615083222431775e+00
-2.123803957360224981e+00
-1.967837395224831143e+00
-2.055543968092976570e+00
-1.894246107333572127e+00
-1.642513711982021896e+00
-1.730456220412150081e+00
-1.659173417081522439e+00
-1.414726679355687189e+00
-1.282010375000964153e+00
-1.175654312927643996e+00
-1.235548557819241777e+00
-1.249423620762337039e+00
-1.429845148641967656e+00
-1.441880794414052369e+00
-1.320222144042859869e+00
-1.156743360984723523e+00
-1.253783757325339421e+00
-1.370993969705502469e+00
-1.443767473837249460e+00
-1.708514670020005566e+00
-1.921866858666217315e+00
-2.128568060133638973e+00
-2.455796471563575611e+00
-2.612244996268215047e+00
-2.580919310791874199e+00
-2.607351351255266181e+00
-2.891626865423177151e+00
-2.993863340457527666e+00
-3.163613083662736525e+00
-3.348111311753174224e+00
-3.343069741423712493e+00
-3.020697410819038975e+00
-2.796812274214411254e+00
-2.810713628045645063e+00
-2.988545395132875981e+00
-3.274758282480862093e+00
-3.528496612746972350e+00
-3.565318307547888921e+00
-3.731270201808771336e+00
-3.811520602023906079e+00
-3.503800491886983171e+00
-3.459060929569360177e+00
-3.574578808576223121e+00
-3.677834995350897085e+00
-3.695718394998541267e+00
-3.773986032387439238e+00
-4.028460015738563271e+00
-3.847702710892584754e+00
-3.611318104830147035e+00
-3.693361230718897215e+00
-3.581875079408083806e+00
-3.527623494925072656e+00
-3.614970092350680453e+00
-3.675088716716227832e+00
-3.542093669780296050e+00
-3.478316316769786809e+00
-3.458721699321651410e+00
-3.567372294791026022e+00
-3.489307301858942889e+00
-3.443114874378565560e+00
-3.466776818640807445e+00
-3.413800337979280286e+00
-3.518770473136249244e+00
-3.594717881922155911e+00
-3.794402208239688434e+00
-3.857717166822559385e+00
-4.130427245226673705e+00
-4.156056998772539757e+00
-4.148061713157844110e+00
-4.206738658831412181e+00
-4.109214474438269704e+00
-4.266345126868146487e+00
-4.521283012548350300e+00
-4.640597542313245505e+00
-4.515010871048589891e+00
-4.611129720645450902e+00
-4.685706221866599464e+00
-4.912751803248463389e+00
-4.956702119413581187e+00
-4.964239997059194387e+00
-4.914993147420190667e+00
-4.693788261683936369e+00
-4.622482284878801195e+00
-4.653568367070268330e+00
-4.542267340208283599e+00
-4.625943485253977805e+00
-4.623733372875047820e+00
-4.867761141170332095e+00
-4.974504590311251917e+00
-5.110283492336938238e+00
-5.199065211704803957e+00
-5.110764830632156475e+00
-5.086268625383549846e+00
-5.148513716316823974e+00
-5.258311061811193454e+00
-5.336377871607528078e+00
-5.387284009097758286e+00
-5.229790010137100431e+00
-5.332041253436813122e+00
-5.425108306636845512e+00
-5.683841246453535057e+00
-5.908071733250636726e+00
-5.997579614852314833e+00
-5.898838725256861260e+00
-5.967071502766160052e+00
-6.026521164671393649e+00
-5.962038845890334393e+00
-5.919294544726351859e+00
-5.873755287713831486e+00
-6.008620797508630318e+00
-6.188314607117902710e+00
-6.186931545485606421e+00
-6.161312703696860460e+00
-6.466305671205094363e+00
-6.848976014342225582e+00
-6.767978328864765913e+00
-6.886448517016734883e+00
-7.018445463257724448e+00
-6.878246060724653610e+00
-6.994378448091917555e+00
-7.072762993857066860e+00
-7.164430021320545627e+00
-7.238627529574529262e+00
-7.330481254123501600e+00
-7.352710026986222225e+00
-7.366269314821906278e+00
-7.199596945916330704e+00
-7.362969994975390620e+00
-7.376981831258537348e+00
-7.359911676464586883e+00
-7.611732047723728023e+00
-7.782650883237696604e+00
-7.783610442588967615e+00
-7.858297226316401485e+00
-8.053283736316878105e+00
-8.311743009440109020e+00
-8.301914165493592179e+00
-8.316198287499686259e+00
-8.412322805651276880e+00
-8.369839044411840234e+00
-8.309663103443025278e+00
-8.530077236369322691e+00
-8.712168319062781663e+00
-8.707512040025216393e+00
-8.592917943855219676e+00
-8.666701263125235144e+00
-8.787179638182768926e+00
-8.841046221017277773e+00
-8.934156943514327764e+00
-8.858882542280547057e+00
-8.976987886017964158e+00
-9.041045759946724658e+00
-9.078658553082489036e+00
-9.112951887948684160e+00
-9.155254199882140398e+00
-9.079819821484568010e+00
-9.036629507634396319e+00
-9.057850666843958010e+00
-9.175867249021898431e+00
-9.064327517068367257e+00
-9.144334435765125946e+00
-9.180678293075978047e+00
-9.252377769604345659e+00
-9.157373091995054892e+00
-9.186001864116645876e+00
-9.220843524161763227e+00
-9.327091905491121437e+00
-9.448156145698314745e+00
-9.568358659947552525e+00
-9.622435794575492807e+00
-9.701668908643691580e+00
-9.889720221012712642e+00
-9.866377440287088518e+00
-9.914385959309392149e+00
-9.926992167856552030e+00
-9.897267877066298070e+00
-9.983943035833990010e+00
-9.975739227413713550e+00
-1.004834086189852549e+01
-1.002654321669470328e+01
-9.902387962409779476e+00
-9.899552623840776278e+00
-9.889597175229162929e+00
-9.893559588177367914e+00
-9.809664479512029800e+00
-9.827731612063921318e+00
-9.883347942288871479e+00
-9.875579078749378681e+00
-9.833981878054142811e+00
-9.884771366694742767e+00
-9.931710167365006114e+00
-9.959537273799478285e+00
-1.016065239213089910e+01
-1.034263987203801172e+01
-1.039298896981860842e+01
-1.043769064179430650e+01
-1.058605877730689926e+01
-1.066391282492744708e+01
-1.072409905303570277e+01
-1.077815150804484112e+01
-1.088321406570697825e+01
-1.091917829489507419e+01
-1.091843617519962173e+01
-1.089971855475076445e+01
-1.071937319470585770e+01
-1.063726983708934881e+01
-1.068007961017006480e+01
-1.060912151479907628e+01
-1.065505085756906212e+01
-1.069989947689492737e+01
-1.068033973764281086e+01
-1.075094505154728175e+01
-1.083733561951873625e+01
-1.087534696502462772e+01
-1.087569356443438195e+01
-1.080074615236231139e+01
-1.092313969608744273e+01
-1.090924527598834004e+01
-1.081769075748192677e+01
-1.078161554968836811e+01
-1.077706770455054297e+01
-1.070369526148210326e+01
-1.063230376635855912e+01
-1.068151560150759494e+01
-1.068155376639308329e+01
-1.061183714289206037e+01
-1.062384943191557340e+01
-1.060730183118309355e+01
-1.063672747447250444e+01
-1.063807775658837151e+01
-1.065541998984568473e+01
-1.078440808032514830e+01
-1.086692935200257359e+01
-1.092549363796326389e+01
-1.097294860850039910e+01
-1.116974414747217814e+01
-1.124560372603633773e+01
-1.134767760983524809e+01
-1.148543024042467486e+01
-1.153926958823853965e+01
-1.165502550916260915e+01
-1.174135759984680938e+01
-1.180301043878488620e+01
-1.178866134411326350e+01
-1.179941708121426913e+01
-1.181342382801732604e+01
-1.185672283594970366e+01
-1.181272397570080557e+01
-1.190003561284911981e+01
-1.194624360364917948e+01
-1.200503461371304503e+01
-1.191617156331039062e+01
-1.190541615819540056e+01
-1.194676882763004855e+01
-1.197250730976073285e+01
-1.192560094860371933e+01
-1.183062693483502237e+01
-1.181832552842714890e+01
-1.178769077994956227e+01
-1.176399873951844732e+01
-1.170291339921456597e+01
-1.165253290302373657e+01
-1.156963561883976332e+01
-1.152512493252544346e+01
-1.153136791886355716e+01
-1.144301238711400615e+01
-1.144165074749344768e+01
-1.136493056292806259e+01
-1.136400021799819804e+01
-1.134666641507718055e+01
-1.134834381183016561e+01
-1.137601072757690801e+01
-1.141416579803162534e+01
-1.144812682590572450e+01
-1.146494734991718012e+01
-1.149447715368430600e+01
-1.157144906499247128e+01
-1.162091257503652031e+01
-1.168056514792025524e+01
-1.171115008369128319e+01
-1.175293315996895416e+01
-1.179584834417905448e+01
-1.185581031316470657e+01
-1.189065962322580461e+01
-1.192974278970590696e+01
-1.184609992965560110e+01
-1.184769362216525934e+01
-1.191434389859233178e+01
-1.192434678320490526e+01
-1.195678215453676074e+01
-1.186596620176418071e+01
-1.185542381077416785e+01
-1.181789423942418438e+01
-1.176780389870593346e+01
-1.170831471132110480e+01
-1.166558585044268526e+01
-1.155596455209546214e+01
-1.154493714179778507e+01
-1.154411508815564780e+01
-1.155078812934012156e+01
-1.159177865813357933e+01
-1.164835767372782804e+01
-1.160098372533457578e+01
-1.165168097250976054e+01
-1.168189247795156227e+01
-1.171916758015163751e+01
-1.181738163166128786e+01
-1.190446662610214190e+01
-1.192841677937795630e+01
-1.197717671617131252e+01
-1.205355879915715001e+01
-1.208269901957396542e+01
-1.212897357233381612e+01
-1.213461801264727136e+01
-1.214149998491654436e+01
-1.222677786812641010e+01
-1.227806272910637730e+01
-1.233124351468360835e+01
-1.243661394449160440e+01
-1.260353087671624728e+01
-1.273103829996639291e+01
-1.281781565750007879e+01
-1.287581602185210627e+01
-1.296880334905963217e+01
-1.304317438774116233e+01
-1.311369750412078616e+01
-1.314112491968478835e+01
-1.314159409744302387e+01
-1.313132983388428165e+01
-1.319539740648125736e+01
-1.326462616136786465e+01
-1.334512834498179856e+01
-1.346039486696961696e+01
-1.351550598684204374e+01
-1.364498448527604602e+01
-1.368479986594672582e+01
-1.372256059050345911e+01
-1.379028487110017664e+01
-1.390380339029343482e+01
-1.384411654514294732e+01
-1.395757067615524427e+01
-1.400272304529680589e+01
-1.416512274636567881e+01
-1.426388922743041476e+01
-1.423244190154939481e+01
-1.428126887414370216e+01
-1.441952423991114784e+01
-1.447169985412861948e+01
-1.442765868746291602e+01
-1.442610352271486107e+01
-1.443783311274413350e+01
-1.445836521422227072e+01
-1.442254840917084024e+01
-1.447923129908538264e+01
-1.451772738108776828e+01
-1.449796620728003305e+01
-1.450135896343275377e+01
-1.448800671895409309e+01
-1.447980293305800359e+01
-1.444363318920336958e+01
-1.436671354643996068e+01
-1.443759455246889623e+01
-1.442633661516655685e+01
-1.443382936431380159e+01
-1.443234899102526470e+01
-1.446124896469533283e+01
-1.446321624836405029e+01
-1.443462007441722328e+01
-1.443356149080746142e+01
-1.439047241101746266e+01
-1.444794734073741438e+01
-1.450754376189864736e+01
-1.455627730287699251e+01
-1.456339693755285936e+01
-1.457789113325916119e+01
-1.454932738558012240e+01
-1.455158681255068487e+01
-1.446373405108268884e+01
-1.440115214192790383e+01
-1.433058796127912515e+01
-1.415917355147530188e+01
-1.422838294065479658e+01
-1.416035405097667876e+01
-1.417416883849858777e+01
-1.425301314246242690e+01
-1.429311414593504281e+01
-1.425254706393239879e+01
-1.426664064999322257e+01
-1.428383566930931359e+01
-1.433804662217159809e+01
-1.434455113425704198e+01
-1.433169181381030377e+01
-1.437952449519990417e+01
-1.435148300196565074e+01
-1.431906192653998566e+01
-1.436922943741644865e+01
-1.434749303728442982e+01
-1.428231685425762620e+01
-1.423111671179290383e+01
-1.421834666695072968e+01
-1.415282094689794334e+01
-1.420383924892405858e+01
-1.415301816570914895e+01
-1.410789619603500356e+01
-1.411460906936426341e+01
-1.412128876545821399e+01
-1.414864620267261586e+01
-1.412042858721815364e+01
-1.406010468901386723e+01
-1.404406302342497170e+01
-1.399942514634461332e+01
-1.407426798459097661e+01
-1.407320194870162311e+01
-1.395317558324754259e+01
-1.395016263216925978e+01
-1.387248380801305281e+01
-1.385193589779469647e+01
-1.381060807705428495e+01
-1.379849565890165763e+01
-1.378299279097990393e+01
-1.378893893709315677e+01
-1.376940584728956907e+01
-1.381178461577791694e+01
-1.374247336332144798e+01
-1.371372963885050211e+01
-1.369918619783580205e+01
-1.364091456406270630e+01
-1.359717093228896445e+01
-1.352343432626444475e+01
-1.343678498132334909e+01
-1.341980534557774085e+01
-1.345044598161305771e+01
-1.347793406411246764e+01
-1.340672404830993969e+01
-1.347267569091373929e+01
-1.344230368659892072e+01
-1.343754409272012040e+01
-1.337125547026206185e+01
-1.327950455000409136e+01
-1.327047714037309767e+01
-1.326117594239414821e+01
-1.322246272126473166e+01
-1.314085636359842724e+01
-1.315052651062936562e+01
-1.317158446659452942e+01
-1.316724738817497098e+01
-1.310503201990233357e+01
-1.310907909748451594e+01
-1.305161979073353251e+01
-1.302742496268819217e+01
-1.297209053515727639e+01
-1.289196212169102651e+01
-1.292214090238622859e+01
-1.283592338077550465e+01
-1.276914211427213885e+01
-1.268345258498776218e+01
-1.263933279885970684e+01
-1.264558143530862466e+01
-1.268359700525181211e+01
-1.264058551292857047e+01
-1.258693716357352343e+01
-1.257904240386697126e+01
-1.253063183607000042e+01
-1.250137045343647024e+01
-1.255307720807765826e+01
-1.250821399751271557e+01
-1.249621335545271172e+01
-1.242127606875735779e+01
-1.243834253160462566e+01
-1.243644699576398693e+01
-1.236889958015843582e+01
-1.229865506512423146e+01
-1.231756206520370611e+01
-1.227446520959051313e+01
-1.229981986378623304e+01
-1.235724917094309383e+01
-1.225483949181382037e+01
-1.221951732816913250e+01
-1.216017166278421691e+01
-1.214988062677292291e+01
-1.206842848710064153e+01
-1.191511737205797417e+01
-1.167489972207473414e+01
-1.137919965562466373e+01
-1.109436807346783738e+01
-1.085025931501196084e+01
-1.070464739622064343e+01
-1.055977597230558729e+01
-1.040492780823523766e+01
-1.031696844443168182e+01
-1.030607528813264828e+01
-1.027806273392921810e+01
-1.028763070836680704e+01
-1.025013615023462776e+01
-1.022487075672789025e+01
-1.022719350448439357e+01
-1.023547659899427842e+01
-1.017267933554369286e+01
-1.013018022654849126e+01
-1.013635792159546334e+01
-1.014042616130100427e+01
-1.011385464870722650e+01
-1.007031276910152862e+01
-1.012971953896241217e+01
-1.013831327782200020e+01
-1.011369429060257197e+01
-1.005082111482780149e+01
-1.005361980753609252e+01
-1.005111088892600080e+01
-1.004987850287367301e+01
-1.002375017742329533e+01
-9.973089007162705855e+00
-9.975891132518079019e+00
-9.955844738768142577e+00
-9.936201937038358523e+00
-9.935650773571504502e+00
-9.870476526299471587e+00
-9.906318012835949816e+00
-9.928582481831591977e+00
-9.924108126622622095e+00
-9.840151879597486939e+00
-9.661671172180536615e+00
-9.618076093909134983e+00
-9.613672031289297593e+00
-9.615235457699307986e+00
-9.598808268501421992e+00
-9.584049509145117440e+00
-9.576025037253778294e+00
-9.580913374559811402e+00
-9.594174393730339645e+00
-9.597126698320943561e+00
-9.562822955140271475e+00
-9.548732625243960825e+00
-9.558798296063663713e+00
-9.643434603236574532e+00
-9.719874656996132956e+00
-9.768970247410265983e+00
-9.824335545420447957e+00
-9.768056756398948437e+00
-9.668769132720468562e+00
-9.599982845552307964e+00
-9.516881579133285030e+00
-9.507767082909960976e+00
-9.482802652433012014e+00
-9.421477307754456021e+00
-9.359224087394558467e+00
-9.268017269188648655e+00
-9.184244364955807427e+00
-9.203206534378125525e+00
-9.202052526336869320e+00
-9.121452946328680866e+00
-9.125187078756841430e+00
-9.104065096494236897e+00
-9.136904375421014635e+00
-9.110401613334840221e+00
-9.158382119663725618e+00
-9.166913535430644799e+00
-9.166791182438636554e+00
-9.141933258308256427e+00
-9.100495724169356038e+00
-9.074297245737660944e+00
-9.080121746325403365e+00
-9.023806096985243386e+00
-9.013811623113971550e+00
-8.968970943980236754e+00
-8.916710925356177597e+00
-8.908466604016741286e+00
-8.914343317312917847e+00
-8.846617206119621102e+00
-8.819458790900565504e+00
-8.814304912931014258e+00
-8.798183670059412265e+00
-8.836479199484180924e+00
-8.831371575497080073e+00
-8.810378905560186880e+00
-8.792265519624214321e+00
-8.730690163936905890e+00
-8.656991238848396719e+00
-8.650632134069125456e+00
-8.602175868199687159e+00
-8.591798318156167014e+00
-8.574732553311950056e+00
-8.567385193466179771e+00
-8.541352204899155254e+00
-8.468994956899599913e+00
-8.422161441176635677e+00
-8.409851079615444647e+00
-8.397240611492048146e+00
-8.341205919264346846e+00
-8.260720315459826324e+00
-8.279046711381106149e+00
-8.236282013123858547e+00
-8.164970502172767652e+00
-8.166621162553628466e+00
-8.149157084488592773e+00
-8.180561648324166768e+00
-8.278221721394155352e+00
-8.281849152309458617e+00
-8.233157625262661483e+00
-8.199051001191399735e+00
-8.121838091751088839e+00
-8.078983398381673453e+00
-8.056510142362705906e+00
-8.062503535209083694e+00
-8.105859813846162609e+00
-8.094563850677465311e+00
-7.999116727752168643e+00
-8.020003695479291039e+00
-8.011761006962036191e+00
-7.979608314144107872e+00
-7.981145945998766145e+00
-7.972442665933651362e+00
-7.933891843754376616e+00
-7.864872367954895971e+00
-7.832862449894638424e+00
-7.826760889438856950e+00
-7.846990344016410823e+00
-7.762547838697169134e+00
-7.709011087504235249e+00
-7.680552429994869534e+00
-7.667869421649058381e+00
-7.652745114652699243e+00
-7.652550759886525000e+00
-7.587886775486501811e+00
-7.579148406185996834e+00
-7.597463162328959463e+00
-7.512103084280350451e+00
-7.458835811511487002e+00
-7.403712799441472647e+00
-7.326289264476717022e+00
-7.290121039899054800e+00
-7.275284309975729613e+00
-7.317118507352940782e+00
-7.299056625178549140e+00
-7.271590505519879954e+00
-7.256873512039400786e+00
-7.258425057574882544e+00
-7.288228418306283096e+00
-7.330583349267415727e+00
-7.306671206722386458e+00
-7.317624963011350125e+00
-7.274105810833674468e+00
-7.235835830093516385e+00
-7.202148823594100691e+00
-7.204573201883505362e+00
-7.220581707779087921e+00
-7.179721701100793219e+00
-7.104038530176920219e+00
-7.093765341361080168e+00
-7.145184170792109768e+00
-7.076091465958999294e+00
-7.053012334911583636e+00
-7.078226986265229392e+00
-7.095263147266171799e+00
-7.108208782871132669e+00
-7.093275156303182172e+00
-7.109452739316711956e+00
-7.083958647379036577e+00
-7.042018874522813832e+00
-6.995397162895315546e+00
-7.029558355393065838e+00
-7.022773713506364146e+00
-7.060544060563025859e+00
-7.037580728409053243e+00
-7.050970335140720024e+00
-7.054231687891814317e+00
-7.069399102787342848e+00
-7.109112905991916698e+00
-7.079684285231555130e+00
-7.061489307898581202e+00
-7.047434346531477267e+00
-7.006947384970632520e+00
-6.990252639711401983e+00
-6.956374512595792758e+00
-6.957009969590927767e+00
-6.974712647579681679e+00
-6.988041897047335027e+00
-6.988683454315371968e+00
-6.978502627108445822e+00
-6.939485930497963473e+00
-6.917183143138732504e+00
-6.922231797183652446e+00
-6.886725570415802800e+00
-6.885699099382070365e+00
-6.895838027555740268e+00
-6.965566336779549950e+00
-6.953629671556419645e+00
-6.961283111876225504e+00
-6.953696386833207121e+00
-6.940593925915346851e+00
-6.957921023068482924e+00
-7.017428077279356025e+00
-6.958686912548925463e+00
-6.956091093770291778e+00
-6.973882257441534449e+00
-6.927773795734456286e+00
-6.906270792390699853e+00
-6.919809069983906546e+00
-6.965966827210295698e+00
-6.938808798328107486e+00
-6.928945684934799232e+00
-6.905952545736592896e+00
-6.937740015320462028e+00
-6.950939110802051957e+00
-6.921466411853156586e+00
-6.908243609381205630e+00
-6.924152251234833244e+00
-6.946378755699367247e+00
-6.946998020246748951e+00
-6.937827225074755688e+00
-6.935715195090285334e+00
-6.945052463548141652e+00
-6.983226159386798138e+00
-6.974744938392182014e+00
-6.957391057539287438e+00
-6.979274994557318479e+00
-7.054994986120361133e+00
-7.038440154091428980e+00
-7.013618454947582848e+00
-6.997974133038919575e+00
-6.990209053127403038e+00
-7.015746719475826509e+00
-6.989442822799572852e+00
-6.989728908915015637e+00
-7.039916741557969537e+00
-7.040422837745542672e+00
-7.040418975617684261e+00
-7.113780014256383843e+00
-7.099473918969962938e+00
-7.118238831666693578e+00
-7.144584506785355948e+00
-7.114409828519959511e+00
-7.126378399643734873e+00
-7.172614087426653739e+00
-7.182740629998112247e+00
-7.198254017410683936e+00
-7.209844781436351546e+00
-7.209680531665861203e+00
-7.187491107711212024e+00
-7.219525085314264068e+00
-7.248918933151691668e+00
-7.275868727701347183e+00
-7.293811322280173037e+00
-7.299412393941590693e+00
-7.324385975735918208e+00
-7.360528073091194834e+00
-7.325732821173929210e+00
-7.289322620691264021e+00
-7.249580637141854744e+00
-7.288379873179301249e+00
-7.339293174092397898e+00
-7.398428340149662219e+00
-7.397830995431585954e+00
-7.443087041194527131e+00
-7.516203008080749370e+00
-7.531604111758968045e+00
-7.548422611820456041e+00
-7.466033466350217473e+00
-7.471893390055991624e+00
-7.448154513815071098e+00
-7.359700202745524500e+00
-7.382176083703610558e+00
-7.394374861004981092e+00
-7.412304557621125056e+00
-7.474676286650768553e+00
-7.467198439881185479e+00
-7.494756128129578698e+00
-7.534794981373647005e+00
-7.523109935199402187e+00
-7.548482277683057795e+00
-7.589975923665422286e+00
-7.657287360060514025e+00
-7.706737252294325380e+00
-7.737457961698932074e+00
-7.763707757156658396e+00
-7.793318842904783494e+00
-7.750931872406048306e+00
-7.771030041010582146e+00
-7.762476586876654316e+00
-7.774828430838133464e+00
-7.815953377336821717e+00
-7.831587085156570538e+00
-7.880419660737487675e+00
-7.885669663301083432e+00
-7.892537777568248814e+00
-7.911513975896759199e+00
-7.942327871487553814e+00
-7.989480115428396090e+00
-8.021043920718772924e+00
-8.027215144402861213e+00
-8.088868602498333615e+00
-8.098858976654986108e+00
-8.146222155958671607e+00
-8.184790521825201282e+00
-8.189626037376847023e+00
-8.208352470654393329e+00
-8.191201961415833566e+00
-8.193305689938362946e+00
-8.209103018692800902e+00
-8.260427370109159284e+00
-8.310027448259051042e+00
-8.362038027297602483e+00
-8.411729665407680301e+00
-8.414672841999276898e+00
-8.413838595882957350e+00
-8.418483889866580583e+00
-8.422917251543182715e+00
-8.455426951890936849e+00
-8.438574995264879419e+00
-8.420971412870573047e+00
-8.412590713434216383e+00
-8.430067820856809391e+00
-8.430159012422912213e+00
-8.443061680736995811e+00
-8.489058358084310640e+00
-8.506269809577611696e+00
-8.425081955871185357e+00
-8.379107352568013312e+00
-8.388624243741725550e+00
-8.389259072338481005e+00
-8.357744826300717023e+00
-8.375223749420857899e+00
-8.376124379209569426e+00
-8.393655180276343941e+00
-8.395830994812016002e+00
-8.419949358221035851e+00
-8.363463532882443374e+00
-8.404102873792020034e+00
-8.449848419022357504e+00
-8.471420294244568439e+00
-8.437359293927016779e+00
-8.450128288986332947e+00
-8.496051209276552996e+00
-8.485471274374747352e+00
-8.431058530656546424e+00
-8.477198545978271937e+00
-8.531586937613177213e+00
-8.607303484250365955e+00
-8.596316048670168186e+00
-8.676603834125314663e+00
-8.669735560869920477e+00
-8.687238143349333086e+00
-8.724832303953427015e+00
-8.766236626580180769e+00
-8.740732084912103517e+00
-8.735447014096852314e+00
-8.772297696199894190e+00
-8.782756389832918842e+00
-8.789554715026211440e+00
-8.856733274610004258e+00
-8.943181721691637165e+00
-9.011930829430500722e+00
-9.000907135546951210e+00
-9.037869013848784050e+00
-9.027518750368038525e+00
-9.000605065831033258e+00
-9.046388180503303289e+00
-9.066355474748077015e+00
-9.105499230964269941e+00
-9.087619320854958715e+00
-9.086059957010707677e+00
-9.051825497851602620e+00
-9.010906022264386195e+00
-8.956814435242201000e+00
-8.914715393647108854e+00
-8.960317898758940913e+00
-8.968866534522062395e+00
-8.931482682599572342e+00
-8.867291724028536493e+00
-8.902534873216710665e+00
-8.941412545852479354e+00
-8.975597178675403853e+00
-8.950362423423221969e+00
-8.914465954902945910e+00
-8.913858279986182964e+00
-8.959181681033980382e+00
-8.991920459404656896e+00
-9.015802485172903502e+00
-9.044215541072397002e+00
-9.090312291944599110e+00
-9.110614183410742584e+00
-9.124051285645160547e+00
-9.111354712578155102e+00
-9.089613246028457993e+00
-9.139864110264474206e+00
-9.160853463865439750e+00
-9.158395386310726138e+00
-9.123961912360945448e+00
-9.118216063476445754e+00
-9.153822841592372583e+00
-9.215337890258817666e+00
-9.258059526457779853e+00
-9.223450830736213746e+00
-9.217698457927863132e+00
-9.272016608406973504e+00
-9.344614113681497969e+00
-9.354122368345647587e+00
-9.441028571889519938e+00
-9.427972790391841329e+00
-9.366036335407345703e+00
-9.395542097242225665e+00
-9.383771840862307201e+00
-9.311018214215595279e+00
-9.311289615747053716e+00
-9.316825512664287601e+00
-9.319262105304375154e+00
-9.339884759094084998e+00
-9.346066806035732810e+00
-9.383103811117438298e+00
-9.387803347436696200e+00
-9.371107580162997053e+00
-9.335393523235776314e+00
-9.345857943095255749e+00
-9.278884737661721616e+00
-9.267569434049830690e+00
-9.305285906672450480e+00
-9.331923782945997559e+00
-9.278667439138310158e+00
-9.308040061546702049e+00
-9.294196440046839314e+00
-9.287293385038271509e+00
-9.314966022167396886e+00
-9.316507466714547547e+00
-9.380275054832765136e+00
-9.376075088213795539e+00
-9.383347745985039623e+00
-9.398116253764975170e+00
-9.476304552680309357e+00
-9.488384297940690715e+00
-9.502947375027067878e+00
-9.490576026643736895e+00
-9.495945369762331723e+00
-9.486091829225706817e+00
-9.495487688109667701e+00
-9.497827247003922224e+00
-9.491209575389396136e+00
-9.448545913636326787e+00
-9.390110596747453187e+00
-9.412154433029261469e+00
-9.486485314328636065e+00
-9.483213546890087997e+00
-9.447052455101580648e+00
-9.436379004018426997e+00
-9.417582633707771933e+00
-9.424595742260230224e+00
-9.420043047533006586e+00
-9.453841882497384219e+00
-9.408205614827611640e+00
-9.440202784971868155e+00
-9.454374316953932933e+00
-9.546248829286524185e+00
-9.643956121937504733e+00
-9.675435881272493432e+00
-9.625743563864647356e+00
-9.592127006965286640e+00
-9.617004708729098184e+00
-9.632787777509236093e+00
-9.637977294736636225e+00
-9.604365025908846221e+00
-9.589770782299332552e+00
-9.622029614318105217e+00
-9.638604005498857319e+00
-9.609371554514931191e+00
-9.627840726701361262e+00
-9.609844951627858123e+00
-9.627970997923442908e+00
-9.634157773051507334e+00
-9.603090351604546271e+00
-9.634070267158325152e+00
-9.617277530519803719e+00
-9.643124950284274632e+00
-9.680320536298323120e+00
-9.666466120330282408e+00
-9.657217274402922769e+00
-9.590724566756172464e+00
-9.554458038819452881e+00
-9.545785993258768087e+00
-9.591651094001942823e+00
-9.581670889193697249e+00
-9.572537855956831265e+00
-9.560603881407587323e+00
-9.583480125930352145e+00
-9.583232855491740310e+00
-9.560924751176637315e+00
-9.593344295578445369e+00
-9.551528017793495806e+00
-9.516470226314206471e+00
-9.507839296754603708e+00
-9.592042467024448626e+00
-9.587846298714602256e+00
-9.575085651493383310e+00
-9.594782125877689083e+00
-9.642967171217103228e+00
-9.643420929594640256e+00
-9.593114994146562324e+00
-9.599404972795461788e+00
-9.595956979775170481e+00
-9.596182805251491033e+00
-9.571485090617816383e+00
-9.619204659530382173e+00
-9.655392489290189673e+00
-9.689739611862789204e+00
-9.695332710112641195e+00
-9.713775497114797375e+00
-9.651917015429020807e+00
-9.605956427786745522e+00
-9.586171726124829817e+00
-9.562716596033883576e+00
-9.509104791051646188e+00
-9.537791405872898309e+00
-9.541393407620748945e+00
-9.568817267145760752e+00
-9.508516448002682253e+00
-9.484289559594294872e+00
-9.486181986355880724e+00
-9.475968025055063748e+00
-9.481737780183966180e+00
-9.487412628840182549e+00
-9.477243199607967128e+00
-9.444947711551710867e+00
-9.392014886343256208e+00
-9.401120439031283027e+00
-9.393859110893625797e+00
-9.443637886161893036e+00
-9.432599775017644461e+00
-9.428241196219010689e+00
-9.382237635450314528e+00
-9.363421273409155532e+00
-9.329687420619624305e+00
-9.390600616780290011e+00
-9.399048857335859708e+00
-9.375841454091322191e+00
-9.379092057274855065e+00
-9.343339355117072031e+00
-9.329335184013718418e+00
-9.370000987595943798e+00
-9.308707190517038654e+00
-9.274770094975448131e+00
-9.278954498003063378e+00
-9.309514990510072252e+00
-9.271137117569177022e+00
-9.201848529523608988e+00
-9.190359916617811820e+00
-9.192083555573763221e+00
-9.167170221522846774e+00
-9.163416712112688600e+00
-9.138068506454892770e+00
-9.115032896798251016e+00
-9.104614080075723592e+00
-9.095468947928869952e+00
-9.049261839886421299e+00
-9.071535782383733704e+00
-9.035091599072957891e+00
-9.012649821223314817e+00
-9.082487073924964349e+00
-9.146349537407180819e+00
-9.169051940591836924e+00
-9.167170248349483686e+00
-9.181093269567055515e+00
-9.197685755779776429e+00
-9.173365319794742234e+00
-9.221066429061647085e+00
-9.195538266615788103e+00
-9.305435694160301807e+00
-9.324561255029154339e+00
-9.359715000371291893e+00
-9.366241572289201400e+00
-9.357728502452909325e+00
-9.377368465435447220e+00
-9.398193999727928016e+00
-9.398234469423853099e+00
-9.399816828329878859e+00
-9.398627569531349479e+00
-9.402604327481709490e+00
-9.400036471545519134e+00
-9.387438189534556443e+00
-9.328780274775255066e+00
-9.308474902182517496e+00
-9.277414803460459325e+00
-9.292660137784409358e+00
-9.308164562263447905e+00
-9.278021607253963410e+00
-9.289801692764187990e+00
-9.288365476605093818e+00
-9.314627986033643836e+00
-9.345501705819897253e+00
-9.294128258978357593e+00
-9.333465060752628162e+00
-9.376405750387700522e+00
-9.397099116693457432e+00
-9.327877953356100704e+00
-9.273936553095291302e+00
-9.263780199029252316e+00
-9.270319242885454614e+00
-9.283419155395144173e+00
-9.262334035205293858e+00
-9.295346635749726971e+00
-9.276133482454358870e+00
-9.213222092837790811e+00
-9.121979539878642740e+00
-9.071789737659912589e+00
-9.127428005683201562e+00
-9.109618634595214814e+00
-9.068409389366612672e+00
-9.097238579167887806e+00
-9.108451163558097363e+00
-9.109429637542000080e+00
-9.161288902332115569e+00
-9.170632645924364112e+00
-9.160799304535910181e+00
-9.159180906653963561e+00
-9.163621221752336510e+00
-9.161773696815171064e+00
-9.087058500742598355e+00
-9.090947766539684949e+00
-9.058816237639812030e+00
-9.075871458841659134e+00
-9.082561710253783005e+00
-9.084358339814221139e+00
-9.089232062476959584e+00
-9.036013862749371128e+00
-8.978183959890511545e+00
-8.959067473865239606e+00
-8.945683743036877189e+00
-8.952855207323326070e+00
-8.899137320798208961e+00
-8.897116074808646857e+00
-8.876866020306396265e+00
-8.849577510231089406e+00
-8.857377049933809587e+00
-8.898547523978940887e+00
-8.936241900968079577e+00
-8.972037567125479285e+00
-8.962153242315824997e+00
-9.006772032867663924e+00
-8.939095291568367685e+00
-8.927385295145860766e+00
-8.885610071079019789e+00
-8.818851341581465775e+00
-8.810879230140942653e+00
-8.826640281108900865e+00
-8.819012940223801778e+00
-8.834978861136594475e+00
-8.823080805730789677e+00
-8.788500672940021019e+00
-8.790957611347954170e+00
-8.754029721987267365e+00
-8.764336489168261579e+00
-8.778187882374059114e+00
-8.830889858783690372e+00
-8.884991689028542083e+00
-8.901512280607185801e+00
-8.887389283948117225e+00
-8.878304365964227785e+00
-8.846377757930676822e+00
-8.816669176123671292e+00
-8.800581054242455181e+00
-8.781207417290003647e+00
-8.804802138833700553e+00
-8.772459036437352253e+00
-8.683293789358307535e+00
-8.651625293691370899e+00
-8.603054225628618212e+00
-8.574165671824735213e+00
-8.565498299828757212e+00
-8.502997623425683216e+00
-8.517943163715834487e+00
-8.472019158429866081e+00
-8.449312235614124589e+00
-8.397703832376006261e+00
-8.350884040680464082e+00
-8.359128053386719159e+00
-8.389187328572988989e+00
-8.453731623715713184e+00
-8.456483310050591840e+00
-8.408179269478015527e+00
-8.414622682508301921e+00
-8.377988355279123667e+00
-8.377712640217335860e+00
-8.343989749869637151e+00
-8.365498498424905449e+00
-8.368762956203987358e+00
-8.377307635270630826e+00
-8.331202391238443639e+00
-8.332152201308510087e+00
-8.302281381212123890e+00
-8.210425951031083969e+00
-8.173502759459088551e+00
-8.139134367469681663e+00
-8.132380809035540281e+00
-8.062763764451867488e+00
-8.103162846952784548e+00
-8.102175511337893710e+00
-8.192229342781081058e+00
-8.172716513331353738e+00
-8.143606126174217863e+00
-8.143249696491150047e+00
-8.154256373702136074e+00
-8.139643918012646751e+00
-8.222673055274279719e+00
-8.247946111816409243e+00
-8.243005207240866383e+00
-8.233200162360287067e+00
-8.203987994244844373e+00
-8.208181812155846302e+00
-8.232012785942490751e+00
-8.212815780481646399e+00
-8.239774614497102689e+00
-8.240745843801583703e+00
-8.221894254912561095e+00
-8.211409409930588765e+00
-8.216536038255044971e+00
-8.198127822671771980e+00
-8.193867153334464248e+00
-8.157450900494417567e+00
-8.194309031842452740e+00
-8.155635934822250022e+00
-8.126288023071042588e+00
-8.101318725358055417e+00
-8.036642442459076108e+00
-8.021259660027290295e+00
-7.970058297507931044e+00
-7.984221897041146043e+00
-8.020692329146177357e+00
-8.088564011337162185e+00
-8.075978554043274471e+00
-8.037662072151602999e+00
-8.027191115121336651e+00
-8.003938724538397054e+00
-8.022154061566693528e+00
-8.030508809824850047e+00
-8.049745448662807945e+00
-8.071346560325205033e+00
-8.071030310369792460e+00
-8.051934803531592522e+00
-8.055515307322595575e+00
-8.102424614351727783e+00
-8.126212701357333756e+00
-8.103088805215273638e+00
-8.093006197079967379e+00
-8.122503935367928918e+00
-8.135419446967397050e+00
-8.076628101873843946e+00
-8.055639541153290395e+00
-8.046502898189096697e+00
-8.095084829316078867e+00
-8.151501760281361086e+00
-8.173768106485090001e+00
-8.167481398833524864e+00
-8.122375760770585984e+00
-8.139161457699197300e+00
-8.134643439039011881e+00
-8.128370598693582139e+00
-8.175675833100051193e+00
-8.199580478836400843e+00
-8.167350063148379746e+00
-8.172214644802060945e+00
-8.101370402524564085e+00
-8.091978929614269234e+00
-8.114162498171845428e+00
-8.171249496731729067e+00
-8.176900566746471810e+00
-8.186934868322676806e+00
-8.176575522868565926e+00
-8.208382407115928814e+00
-8.216100909161729859e+00
-8.211321583341964825e+00
-8.170438538161345576e+00
-8.117477475679184096e+00
-8.119302905750148014e+00
-8.078403131801618287e+00
-8.111445274172373487e+00
-8.126073033587248418e+00
-8.161691781342909735e+00
-8.137464535545852584e+00
-8.171317871021804180e+00
-8.191440825816130200e+00
-8.200548471365031844e+00
-8.213124777075385907e+00
-8.178761642303868484e+00
-8.149546242669840623e+00
-8.083666483257539781e+00
-8.021922476620375164e+00
-7.963854898162937346e+00
-7.919142401938760401e+00
-7.850095143660587915e+00
-7.816597132374649703e+00
-7.813149797513836425e+00
-7.812239442613850393e+00
-7.854065464516184036e+00
-7.846138808495993544e+00
-7.798442106320889522e+00
-7.847183826034147991e+00
-7.800589332164160616e+00
-7.775358001962524135e+00
-7.821877575797237192e+00
-7.883191113125249672e+00
-7.917535506166681891e+00
-7.940004289732889298e+00
-7.952487698223412060e+00
-7.924059033250017592e+00
-7.903232191288426023e+00
-7.914119137218364131e+00
-7.897429997379524558e+00
-7.881313539481725527e+00
-7.874006715948143054e+00
-7.899395875173130577e+00
-7.907108513453781740e+00
-7.900796744931271931e+00
-7.941012638557738867e+00
-7.957975423399533454e+00
-7.909939980593946984e+00
-7.896603778155786735e+00
-7.901007950178199124e+00
-7.918438137644959518e+00
-7.925602139011628466e+00
-7.957535092558408074e+00
-7.988598984257192726e+00
-7.967654487455285484e+00
-7.934642546243600769e+00
-7.937287588586938725e+00
-7.884773880233224119e+00
-7.906994089723503372e+00
-7.916459717718796085e+00
-7.844839885934291601e+00
-7.842112114874826290e+00
-7.831162918359871661e+00
-7.874876066492054072e+00
-7.892612801968200031e+00
-7.874020979126827413e+00
-7.898975811757632748e+00
-7.944741238080205825e+00
-7.985403972934033590e+00
-8.025498000971852619e+00
-8.083298032188830362e+00
-8.051476006811533637e+00
-7.968428979047975425e+00
-7.894403641235034463e+00
-7.900458973261310192e+00
-7.888031522199323575e+00
-7.887853884529287818e+00
-7.901672082605027292e+00
-7.914530180374486079e+00
-7.876352372355864162e+00
-7.883002565230709635e+00
-7.924145883123107303e+00
-7.880862705500431886e+00
-7.874377569527114318e+00
-7.925448886327170150e+00
-7.893818245547324253e+00
-7.876096193364550579e+00
-7.898716988588470933e+00
-7.831861156301035187e+00
-7.818573946695678956e+00
-7.829989631774537884e+00
-7.843939589223986708e+00
-7.841340754023693904e+00
-7.883615897535412920e+00
-7.884354817879215105e+00
-7.901113985405721074e+00
-7.910645845251552899e+00
-7.944870389634167474e+00
-7.878902037356340315e+00
-7.854779871908415423e+00
-7.867147514652168105e+00
-7.872071033386355943e+00
-7.917344542251846029e+00
-7.893144896288756485e+00
-7.868991261261227166e+00
-7.909560889070825773e+00
-7.935569410496327691e+00
-7.940607989022762325e+00
-7.895049205791448088e+00
-7.834634231532984217e+00
-7.829699544478277318e+00
-7.819523746086527893e+00
-7.841058971550274315e+00
-7.830468672356655446e+00
-7.861497511359118562e+00
-7.877566708883914082e+00
-7.920460623468547290e+00
-7.960719142389213410e+00
-7.992150718703667778e+00
-7.936650627961294724e+00
-7.910707768741153778e+00
-7.924080332872161847e+00
-7.941401653520683723e+00
-7.951985656597802432e+00
-7.941258371237990943e+00
-7.919661671823168270e+00
-7.909763341354789645e+00
-7.960667962314484924e+00
-7.992603125509170958e+00
-8.004573464177692443e+00
-8.021397481383276684e+00
-8.042684602079873457e+00
-7.976877143418312777e+00
-7.896562148572280115e+00
-7.815916148395261942e+00
-7.822088639475121674e+00
-7.807113170118753942e+00
-7.832445394058840549e+00
-7.834973767419015189e+00
-7.856334591612213814e+00
-7.846579017257209188e+00
-7.869678805384751286e+00
-7.868460594402904462e+00
-7.860549955013723888e+00
-7.821798978416770076e+00
-7.734803766930304469e+00
-7.695177577287735105e+00
-7.626604135082607705e+00
-7.586691668606980521e+00
-7.613983546559544457e+00
-7.664527431438980187e+00
-7.674308612404100671e+00
-7.666717146601040866e+00
-7.665087198614112474e+00
-7.664213124103548047e+00
-7.624000827188999629e+00
-7.592738877604604752e+00
-7.603114038966126031e+00
-7.602130785835655047e+00
-7.634775645951218159e+00
-7.622489924324769461e+00
-7.653571208916003954e+00
-7.648304828757760632e+00
-7.627359541025770184e+00
-7.632732666780102093e+00
-7.689339748312450595e+00
