-4.619854157125875549e-01
-5.447282357392004837e-01
-5.881179902208357735e-01
-6.038461057930841758e-01
-5.854089110509798077e-01
-5.919763434505427302e-01
-6.006168643520388706e-01
-6.197266781971346727e-01
-6.153543977758964001e-01
-6.266017242266285203e-01
-6.137686537890816307e-01
-6.131927631848939075e-01
-6.122725325329551049e-01
-6.474966949811034045e-01
-6.232548418284779013e-01
-5.781847734300897823e-01
-6.174046441217773129e-01
-6.336935448930958170e-01
-6.275999598879526964e-01
-6.435343332597397437e-01
-6.522707233809410532e-01
-6.364380220590543091e-01
-6.550724303049958452e-01
-6.304325209168456512e-01
-6.084731142397850068e-01
-6.511178960774587354e-01
-6.258159241552900820e-01
-6.306626229350162927e-01
-6.189226731241443957e-01
-6.232421177590637962e-01
-6.220139869975990221e-01
-6.202067284859994478e-01
-6.184680387562967452e-01
-6.334300784553582586e-01
-6.224006177000261930e-01
-6.173665025571729581e-01
-6.135010145301984519e-01
-6.200463614582835126e-01
-6.436471252646698282e-01
-6.201312219235828316e-01
-6.317651668824189048e-01
-6.102273890011914448e-01
-6.064830170010283572e-01
-6.494814858686427383e-01
-6.342352354632277978e-01
-6.187038774359685522e-01
-6.082188870497183819e-01
-6.014116494153292081e-01
-6.041114426505918011e-01
-6.177530644219251243e-01
-6.188713532056178135e-01
-6.077026159311263998e-01
-6.182818276163917215e-01
-6.059432553461182591e-01
-6.407049426039113094e-01
-6.033456678743023271e-01
-6.039147865592719988e-01
-6.066146660872517860e-01
-6.036986375553980988e-01
-5.866213161566687928e-01
-5.903599276220261594e-01
-5.860187788828070676e-01
-6.046161106756242631e-01
-6.037711734545778697e-01
-6.009474921319069018e-01
-6.054309367749050041e-01
-6.087838180592635151e-01
-5.835045198344945838e-01
-5.886052334337014136e-01
-5.882695480065148752e-01
-5.797048089678237259e-01
-6.114544437582500880e-01
-6.052873645981854400e-01
-5.818171423119745667e-01
-5.961539083084237411e-01
-5.967962181048884762e-01
-5.896112381390046231e-01
-5.944528314933195112e-01
-5.714712915785187253e-01
-5.894768455191496948e-01
-5.827960859244930569e-01
-5.962895174860657344e-01
-5.850900811908975596e-01
-5.899690717539408658e-01
-5.776286894300193264e-01
-5.977905402260772494e-01
-5.865039326357789351e-01
-5.817609881817251694e-01
-5.902694430686425964e-01
-5.680846941846791065e-01
-5.961092480187490938e-01
-5.945731544787156153e-01
-5.777376754782143076e-01
-5.912551839900358486e-01
-5.750495351387806542e-01
-5.777006780055166102e-01
-5.802676541261572174e-01
-5.754666543177033855e-01
-5.721720875209581614e-01
-5.763949721228704970e-01
-5.715413596318921208e-01
-5.597098694286934961e-01
-5.545588312423914701e-01
-5.694026883455398647e-01
-5.589446991771240825e-01
-5.572463283548192425e-01
-5.524825019816468341e-01
-5.453040340529888841e-01
-5.412238649712730609e-01
-5.447103781773279252e-01
-5.467310801555187449e-01
-5.484136083619688407e-01
-5.307678007292699895e-01
-5.387438294797866067e-01
-5.221538297894321445e-01
-5.254106634552335731e-01
-5.231325167838025703e-01
-5.271775994515186525e-01
-5.107068936935210690e-01
-5.186996573501962970e-01
-5.170423376297081930e-01
-5.153848183971030394e-01
-5.159950125380647901e-01
-5.123325414809924983e-01
-5.069092641480767991e-01
-5.042964366656628172e-01
-5.043467943886361660e-01
-4.985099655239362271e-01
-4.959734699839217775e-01
-4.963654159484658379e-01
-4.953142013306472968e-01
-4.911094772840693956e-01
-4.921486428497789944e-01
-4.948380979241444599e-01
-4.855511036843482842e-01
-4.887289366077292030e-01
-4.811321217559862973e-01
-4.803614247351681854e-01
-4.758467995359163538e-01
-4.729600747441788933e-01
-4.655501590802595402e-01
-4.704432014353985281e-01
-4.763141828842640813e-01
-4.682655654867273753e-01
-4.729945062308718029e-01
-4.678891802573668102e-01
-4.671940026868375284e-01
-4.687383063829120289e-01
-4.603199517606961777e-01
-4.580461856913324858e-01
-4.617109361282549784e-01
-4.581246392124489475e-01
-4.614755430067885023e-01
-4.574272480556085263e-01
-4.499639216353412685e-01
-4.471648638487191185e-01
-4.483980145327026712e-01
-4.530098604289012343e-01
-4.512838208327680789e-01
-4.474746768411455022e-01
-4.420012300462734522e-01
-4.448184634953000760e-01
-4.422743281903764867e-01
-4.385238771277166769e-01
-4.357130737182473013e-01
-4.380350527864420584e-01
-4.352914972315646835e-01
-4.328998775051040582e-01
-4.391246747177328658e-01
-4.351101693848447027e-01
-4.352671712705413753e-01
-4.321433176841038559e-01
-4.333839924017421907e-01
-4.297066218005172189e-01
-4.324156115650614751e-01
-4.302996355724806321e-01
-4.292965204725813777e-01
-4.232308910426665349e-01
-4.247007395538648922e-01
-4.239291074402244952e-01
-4.213643395785116041e-01
-4.234415185323197051e-01
-4.238389646968077074e-01
-4.172899130855074468e-01
-4.172486569925615285e-01
-4.166227661967409901e-01
-4.172343182395517047e-01
-4.094380511226072272e-01
-4.135074465657258003e-01
-4.097399790887163995e-01
-4.075690841823247368e-01
-4.077848989749242037e-01
-4.083367204756629398e-01
-4.087791696928837482e-01
-4.023976611299673323e-01
-4.035284632723836751e-01
-4.021155731919283660e-01
-4.041084376395547295e-01
-4.051969806768016547e-01
-4.045116239538062430e-01
-3.980721783271889969e-01
-3.951580069494009528e-01
-3.977176696270245948e-01
-3.934968833384520082e-01
-3.932294495293104930e-01
-3.865500098840675136e-01
-3.917275523748946497e-01
-3.844325011625935318e-01
-3.838251776924783698e-01
-3.838394493946832853e-01
-3.821090932018504915e-01
-3.803887381965656012e-01
-3.796075388163937525e-01
-3.756198037490543484e-01
-3.782226396279475544e-01
-3.772172302647396336e-01
-3.754189861441847853e-01
-3.755263728109481391e-01
-3.716906583223473781e-01
-3.691400738844330398e-01
-3.686513599300731414e-01
-3.677081825387453762e-01
-3.659745568407331007e-01
-3.644860091102164468e-01
-3.647357481747324215e-01
-3.615127570822052050e-01
-3.572286358097791492e-01
-3.618341948645400485e-01
-3.569359520138521980e-01
-3.549650908564245810e-01
-3.542443159931276675e-01
-3.527563604036321188e-01
-3.525235539228939174e-01
-3.489205773028567492e-01
-3.515511001474389552e-01
-3.502443975827467249e-01
-3.446329540157559990e-01
-3.455170364889155188e-01
-3.434656915766187701e-01
-3.407626455712091662e-01
-3.408945074178628687e-01
-3.366194090595593380e-01
-3.412551685915516941e-01
-3.385973672402724510e-01
-3.351317411892424936e-01
-3.347138543015399925e-01
-3.333711429812318272e-01
-3.327389202139992008e-01
-3.298234756142486290e-01
-3.302126266565652557e-01
-3.281006867832316765e-01
-3.249001824740282984e-01
-3.262911493402675944e-01
-3.260767777902326969e-01
-3.222257908126016090e-01
-3.232434518722921979e-01
-3.225320013986268108e-01
-3.185021888607852958e-01
-3.153289360357280913e-01
-3.153285460142623009e-01
-3.145735608551243345e-01
-3.141450131761258646e-01
-3.117418933849180895e-01
-3.088858300644825583e-01
-3.123370766996473868e-01
-3.071368903651392479e-01
-3.105698458329206879e-01
-3.066861722653975164e-01
-3.061933821887468099e-01
-3.042494460314859595e-01
-3.004064864084243780e-01
-3.014566407465917308e-01
-3.023296014428904499e-01
-2.963664211288046246e-01
-2.962780289486284246e-01
-2.956516816840695228e-01
-2.950760306387136822e-01
-2.930283038668655138e-01
-2.895960568803168655e-01
-2.925013831050033986e-01
-2.908975103632975845e-01
-2.883520708334810223e-01
-2.847984022262322057e-01
-2.848104894570031576e-01
-2.841376315155734744e-01
-2.826942145281519103e-01
-2.813320534669241368e-01
-2.818949358702038666e-01
-2.779649698962893822e-01
-2.782713115061898890e-01
-2.728771679890558133e-01
-2.715689105870193742e-01
-2.690293932322260773e-01
-2.697049927738923714e-01
-2.654975361774267739e-01
-2.645826709415795008e-01
-2.662243577931180383e-01
-2.660859340440406839e-01
-2.644954394192602365e-01
-2.607617439286631367e-01
-2.607271661418968378e-01
-2.564361397728909253e-01
-2.589007395769309383e-01
-2.569793923513419287e-01
-2.598234584954370874e-01
-2.577035362222392934e-01
-2.536939564158897653e-01
-2.538671550461000237e-01
-2.521621023299571718e-01
-2.492299608310375447e-01
-2.490875207264888758e-01
-2.488775255032686928e-01
-2.441755162260994538e-01
-2.432417056237028419e-01
-2.410428011745091581e-01
-2.416187677480365892e-01
-2.381186730527096174e-01
-2.390060062778287531e-01
-2.361701257508439511e-01
-2.347253046452131287e-01
-2.358366097643793680e-01
-2.343676553401765617e-01
-2.325901321882941630e-01
-2.328041903298538884e-01
-2.290586649649233308e-01
-2.304339533756865066e-01
-2.272464408768257726e-01
-2.240614586892588633e-01
-2.227741356399697281e-01
-2.230824154963864103e-01
-2.209632853884393455e-01
-2.194045781215585578e-01
-2.174853018643538860e-01
-2.176388242288114228e-01
-2.142691370762195291e-01
-2.153184870616762225e-01
-2.115060590082507019e-01
-2.120703427508736638e-01
-2.114997339378827945e-01
-2.101484845027155046e-01
-2.078126800683675057e-01
-2.081011590634904707e-01
-2.073191228332937897e-01
-2.049624035816988155e-01
-2.040143544061701064e-01
-2.031545230858666784e-01
-2.051873558083725513e-01
-2.059474032742585337e-01
-2.029171876280084774e-01
-2.012520254388840968e-01
-1.973382317383389761e-01
-2.005404207090908386e-01
-2.068655453665773081e-01
-2.079969307118023636e-01
-2.095907809257244736e-01
-2.156066576084647579e-01
-2.244352784005343437e-01
-2.450568992203692176e-01
-1.686339038338360297e-01
-1.565273225079479857e-01
-1.458650468231503794e-01
-1.580882830413692375e-01
-1.502055580076380181e-01
-1.466633116173596818e-01
-1.478615959594193896e-01
-1.388266607187098600e-01
-1.296150192041487514e-01
-1.416310134342104732e-01
-1.287329882407455273e-01
-1.262818335223965249e-01
-1.290331586093405036e-01
-1.226964922936595315e-01
-1.165596467239744527e-01
-1.150155664867238414e-01
-1.106607745378216379e-01
-1.120214480490062670e-01
-1.074043235822674802e-01
-1.017973237667764153e-01
-1.057857763513112559e-01
-1.007313492611512373e-01
-9.481032450297099956e-02
-9.567115903211842465e-02
-8.575441283158902195e-02
-8.585616646789517858e-02
-8.610238982740092695e-02
-8.169482497221380868e-02
-8.495872081637756423e-02
-7.102534908293378635e-02
-7.423661736843811809e-02
-7.095591732759487513e-02
-6.270642601653086956e-02
-6.932427874698987580e-02
-5.760402631987560085e-02
-5.371778348718869722e-02
-5.175043322965144910e-02
-4.494982873411501600e-02
-5.248944373969344213e-02
-4.485081398132528818e-02
-4.356919502762934826e-02
-4.268090663058643486e-02
-3.675225935439740965e-02
-4.357850429154019878e-02
-3.560239786327201728e-02
-3.615346179400269477e-02
-3.181168078632801155e-02
-2.812044292165616355e-02
-2.539286569587240194e-02
-2.821841619488907327e-02
-2.374890802456164351e-02
-2.548713088109799685e-02
-2.169847098273969266e-02
-2.098106874169047842e-02
-1.762072048306784211e-02
-2.259901132813624258e-02
-1.806298117246818435e-02
-1.929164315675713226e-02
-1.612454682993913480e-02
-1.783204188127562873e-02
-1.416730393590981407e-02
-1.560458241853801553e-02
-1.715348741959488166e-02
-1.675027538177609188e-02
-1.579743268731448325e-02
-1.954821111574922554e-02
-1.668214598826445183e-02
-1.922785484006794832e-02
-2.612074621304394384e-02
-2.890388612809857705e-02
-2.828013052312705611e-02
-3.097396694476550749e-02
-3.789567517305769684e-02
-3.669183556172406213e-02
-3.351141592346174036e-02
-3.239492175545599650e-02
-2.916415195847399389e-02
-3.569125906344083887e-02
-3.889971999807428915e-02
-3.883207364670582251e-02
-3.904068553874751046e-02
-3.639011877654141358e-02
-3.621414468499750683e-02
-3.787629281048410235e-02
-3.779136557463580459e-02
-3.807895013326323408e-02
-3.566945270604726659e-02
-3.349004936784361064e-02
-3.296611639078861344e-02
-3.286545637992155378e-02
-3.454258446878988309e-02
-3.237958050723221959e-02
-2.886368958067819790e-02
-3.032994372424901997e-02
-3.188037943860067003e-02
-2.934452178531365973e-02
-3.160359013712543685e-02
-3.055951662105904632e-02
-2.931676331399835078e-02
-2.918494311437491717e-02
-2.691531686334158735e-02
-2.799277666673027909e-02
-2.708028042166965577e-02
-2.726975885689952861e-02
-2.675152861231921975e-02
-2.613957144391676479e-02
-2.679561528580975960e-02
-2.536370184417435780e-02
-2.529675065531478140e-02
-2.466731007850775370e-02
-2.379965410353435118e-02
-2.371161459319282017e-02
-2.374606142934787556e-02
-2.220047293315552395e-02
-2.129669426547309286e-02
-1.939674224497167643e-02
-1.869270283135548993e-02
-1.810264570694108954e-02
-1.751903589986625320e-02
-1.723800373018846699e-02
-1.655857738149357772e-02
-1.590862618745170209e-02
-1.460042794507465658e-02
-1.321389547244500307e-02
-1.294740864243770773e-02
-1.344173745063947933e-02
-1.321769453418042417e-02
-1.304387945765306256e-02
-1.270919587649643745e-02
-1.299995608862225538e-02
-1.278961968496084012e-02
-1.293170577808488986e-02
-1.211246980637525894e-02
-1.256823120672656557e-02
-1.131656885499232601e-02
-1.162976109038638128e-02
-1.084043859521699460e-02
-1.109731980120720607e-02
-1.078142834042594700e-02
-9.391555591866662667e-03
-9.727246221135743554e-03
-8.602465497439482078e-03
-6.229521890903200187e-03
-5.778360084752520720e-03
-4.758858063116377934e-03
-3.398285509138787575e-03
-2.864406972976851762e-03
-1.719465183796842211e-03
-1.582087137220966611e-03
-6.202013107312609463e-04
-3.593536744279646200e-04
3.989569681408511315e-04
4.572838315954896871e-04
1.437005082054909622e-03
2.765570366234371136e-03
3.211761791819256473e-03
3.711781351572795984e-03
3.700838514447468697e-03
3.274052904174595824e-03
4.713897945093137309e-03
5.611248520020595265e-03
6.105924341424540103e-03
7.273832062509200114e-03
8.538993278859763336e-03
9.321199940410807017e-03
1.006578480850173207e-02
1.245968762762750259e-02
1.135842856521485089e-02
1.165419463310257697e-02
1.307471266707338486e-02
1.289126620893377151e-02
1.391890678341667353e-02
1.377936858826522837e-02
1.530590671608500486e-02
1.669989672912741696e-02
1.783341838366325760e-02
1.868959747178955411e-02
2.022287295286062658e-02
2.338860440360512882e-02
2.559678461548742234e-02
2.941291972011939038e-02
3.032480876316689944e-02
3.108592039980173638e-02
3.277173474833539046e-02
3.499027466949655718e-02
3.403425808478210968e-02
3.355418217014083382e-02
3.535057755001247415e-02
3.279364034785103854e-02
3.082225560871165726e-02
3.101214711828603754e-02
2.815624771230851309e-02
2.655408033154849079e-02
2.904999175573053094e-02
2.777675131521917251e-02
3.049434424995922654e-02
3.067559575550227180e-02
3.388715150968124590e-02
3.491455308649271672e-02
3.775465276720169072e-02
3.853979535856488781e-02
3.931479783139835149e-02
4.165213753058338852e-02
4.324046379750789981e-02
4.234546752141277182e-02
4.237683574969786093e-02
4.346680800477997764e-02
4.596246793026459443e-02
4.536625973764429887e-02
4.561716529036630163e-02
4.316397159870355438e-02
4.453826653647041667e-02
4.630107007892725335e-02
4.583266257998275250e-02
4.438503238235114168e-02
4.848039417688987385e-02
4.795847616971649074e-02
5.027414974529165193e-02
4.895201029366269552e-02
4.863667558302964267e-02
5.141533546930432408e-02
4.857703221858855613e-02
4.599621739034631673e-02
4.682736600745940336e-02
4.475346867588569921e-02
4.539927806969679125e-02
4.519929714090942241e-02
4.279678965245281574e-02
4.589720522339568731e-02
4.535520115165603272e-02
4.719739474173323401e-02
4.810310954900920422e-02
5.111945968404185692e-02
5.120113416846194809e-02
4.904197674827592834e-02
4.794020444355240329e-02
4.507042667808391911e-02
4.187689398372462790e-02
4.581576507950479993e-02
4.258950976375253106e-02
4.560393066825341180e-02
4.892397074317145211e-02
4.791678300427193449e-02
4.923691140716712766e-02
5.110307358596877236e-02
4.857408947630936780e-02
4.533547415586092200e-02
4.814771105542270391e-02
4.910670145284612431e-02
5.009181769236725756e-02
5.249548676204796038e-02
5.703026170548319840e-02
5.301249267805019372e-02
4.290975451892187209e-02
3.241535373950910071e-02
3.891558545682372028e-02
3.799909995292871656e-02
2.658637984420053613e-02
1.950069001314602701e-02
9.140956032627656214e-03
6.270445373710131776e-03
3.447449126335655478e-03
-6.178939939596617137e-03
-1.445829266818066117e-02
-1.783442553701419797e-02
-2.435392148729143003e-02
-3.335534638079629133e-02
-5.417875818765516271e-02
-6.773146194629653394e-02
-7.907376989130376899e-02
-8.109187345334056829e-02
-8.684095349904197292e-02
-6.864414285452369313e-02
-5.794466865793879151e-02
-3.372312436020941107e-02
-6.547019971969092467e-02
-5.792030689975824487e-02
-6.650258230852301722e-02
-4.824458084917715439e-02
-6.960431277155798568e-02
-7.289891841171680653e-02
-7.199946507772736481e-02
-8.892098421508798367e-02
-8.362070065584781275e-02
-7.636114120513148862e-02
-8.594642125953910750e-02
-7.155546071053997537e-02
-6.987521806374985545e-02
-5.954377366040830566e-02
-6.366933426311405242e-02
-6.127776008396068619e-02
-5.296088835532053452e-02
-5.396288545489014155e-02
-5.853292086428751873e-02
-6.112890175164231721e-02
-6.153403726374140348e-02
-5.881998770829977019e-02
-6.140391696688496381e-02
-6.902334730225856418e-02
-7.300996017161676122e-02
-7.840683075846133221e-02
-8.216594182262149104e-02
-8.232796440466483290e-02
-8.384703839952667437e-02
-8.210617224805361047e-02
-7.828419621221716085e-02
-7.768562927213329417e-02
-7.469379091436145757e-02
-6.649323082923208617e-02
-6.076749542936399351e-02
-6.531547011812299797e-02
-6.458111579921493872e-02
-6.080203837789682070e-02
-6.552695903345945316e-02
-6.451727955314012775e-02
-6.283512010567371409e-02
-6.259538443321466250e-02
-6.036648559680557469e-02
-6.127645338550280485e-02
-5.751708467559590865e-02
-5.483336801309790509e-02
-5.600715582319404362e-02
-5.389564713079364466e-02
-5.244923599797379765e-02
-4.870835040019994011e-02
-4.844274559171335426e-02
-4.913756249549305899e-02
-4.956047272941166426e-02
-4.771093879533339077e-02
-4.684846132723663459e-02
-4.261879881526420277e-02
-3.779646695819183222e-02
-3.636364096234689924e-02
-3.396180040873630901e-02
-3.189871228495855249e-02
-2.945293221812828044e-02
-2.983657298073438824e-02
-2.686936240844550738e-02
-2.461608165114714808e-02
-2.152195427435144026e-02
-2.202628146475360538e-02
-2.460318529236094065e-02
-2.006595823701928794e-02
-2.278235767453251626e-02
-1.551118709749665925e-02
-1.465649633712562405e-02
-1.503499716275458198e-02
-1.347976580911325328e-02
-1.535445888881348253e-02
-1.148578722811333108e-02
-7.365849820195613518e-03
-1.111334994174306701e-02
-7.671906738721645524e-03
-3.889702993546073628e-03
-7.492350736114872234e-03
-5.886895467962727224e-03
-4.073223864024644314e-03
5.348672137341914379e-04
-3.325183148408683564e-03
5.535047188072184099e-04
-1.868778650425895194e-03
2.663947433036994994e-04
1.478352967954066344e-03
7.161471581138556530e-04
2.740914013848350095e-03
1.042438151002134106e-03
4.950954493312842430e-03
4.127278546178558827e-03
7.409083017802853277e-03
6.069875808383695670e-03
6.912111107710838809e-03
1.305963736628967808e-02
1.227418728071061338e-02
1.600082315185691328e-02
1.036417867064676201e-02
1.470531786078588254e-02
1.554009140509693410e-02
1.966110126750608700e-02
1.943014028618383904e-02
2.171318485381767971e-02
2.140438871268068866e-02
2.475974717464035635e-02
2.384852243469826050e-02
2.382791408832929392e-02
2.712487973161481492e-02
2.560277113850517594e-02
2.638241502286486906e-02
2.545186294130852289e-02
3.157939595870784544e-02
2.963595788691897326e-02
3.056305232842104758e-02
3.003941882642369166e-02
2.986187731632350406e-02
3.070024221381162377e-02
3.249194719847992019e-02
3.180298814963888887e-02
3.510870183319747539e-02
3.535724832084863323e-02
3.551766487668661654e-02
3.536502825555931651e-02
3.722218462357718138e-02
3.662941958236221041e-02
3.623251140244088120e-02
4.025500513845070572e-02
3.953704615014164148e-02
4.023722560724474206e-02
3.825219547546021559e-02
3.879653467975785475e-02
3.981404699074975184e-02
3.917076676853481487e-02
4.424013119301450914e-02
4.308002763053897510e-02
4.357287001342458055e-02
4.295030490688711566e-02
4.474724677104280346e-02
4.532523525924814223e-02
4.683686246002549680e-02
4.562344638394133511e-02
4.703394830572582563e-02
4.709060409399823399e-02
4.851493721511035417e-02
4.784647877092496060e-02
4.714159419981989174e-02
5.138485454024177557e-02
5.078076893534966274e-02
5.040393205095261564e-02
5.377533310625182139e-02
5.364294742059794174e-02
5.264931667713179664e-02
5.391489345313660309e-02
5.581382966637393750e-02
5.460689946996444277e-02
5.556424002739612789e-02
5.847512380496455719e-02
5.908205699735047389e-02
5.741660498303757798e-02
6.067136408866558028e-02
6.176823440465972759e-02
6.142904138078963960e-02
5.984570747691364545e-02
6.279540260233829052e-02
6.312389780960692143e-02
6.329671648588997002e-02
6.611687339553906639e-02
6.551420557770093467e-02
6.465579472223814683e-02
6.415318490722810019e-02
6.360107586736662988e-02
6.652676750504449288e-02
6.739296187774357350e-02
6.597259901765406553e-02
6.455985846879874757e-02
6.924990270873698783e-02
6.915170370783196852e-02
6.824383191808847116e-02
7.157029065310860361e-02
6.728885441605991780e-02
7.024199254099872114e-02
7.128469598501552262e-02
7.345909766941027819e-02
7.452724813888189637e-02
7.632472234593279392e-02
7.272336683923730227e-02
7.319055207417979325e-02
7.481771896141542477e-02
7.688173778653117907e-02
7.635994236064058693e-02
7.855693949372866136e-02
7.858065072587272493e-02
8.176394610720838507e-02
8.101676088937037612e-02
7.757838641867020879e-02
8.475597621079683508e-02
8.469649859316169538e-02
8.358253094248402348e-02
8.266167517796030317e-02
8.102105892299782397e-02
8.531149166378271254e-02
8.209979465621342065e-02
8.453950940883547815e-02
8.804022136365208251e-02
8.440605483227758832e-02
8.961510141561002118e-02
8.682243106273013211e-02
8.888606397617349053e-02
8.826551993133258112e-02
9.040471943132966093e-02
9.126774245973534594e-02
8.652253714415680808e-02
8.701696402850078726e-02
9.026186666376490031e-02
8.972478662460781074e-02
9.060510910617036728e-02
9.219627439261490753e-02
9.550999484629674185e-02
9.354252282916353245e-02
9.716759888814407997e-02
9.424812445876440403e-02
9.697221857319210381e-02
9.539313332331267326e-02
9.686460227625337538e-02
9.139844819817710686e-02
9.741900707560569028e-02
9.773504491854623222e-02
9.864684518489463816e-02
9.643524955017013234e-02
1.001640341596853334e-01
9.518487396852570726e-02
9.691638213208508823e-02
9.538041232033300787e-02
9.731328868409239163e-02
9.819578956404728665e-02
9.711485702476130299e-02
9.885800803439914741e-02
9.713059826369563332e-02
1.020759041688650282e-01
1.008811854299387356e-01
1.008649633918230482e-01
9.939632385369190359e-02
1.028819815998012199e-01
1.029589896203866317e-01
9.846757134383077315e-02
1.025620302262677530e-01
1.003916750111127909e-01
1.081139157048419674e-01
1.055448169538597547e-01
1.036968299871188215e-01
1.004501245047546565e-01
1.010776984551347013e-01
1.055682275593523567e-01
1.007514068080774816e-01
1.102519383402413289e-01
1.046038920118745885e-01
1.062074861777419499e-01
1.077920990892206610e-01
1.033466361440875669e-01
1.104684034295865813e-01
1.049063710522467607e-01
1.123694058560767428e-01
1.081138443704854346e-01
1.093912516809443236e-01
1.024781021326928165e-01
1.139767975732086658e-01
1.101436387208654111e-01
1.140474877041111057e-01
1.074841929558503217e-01
1.151143736814719265e-01
1.133662584095054271e-01
1.101749418258903823e-01
1.169215743006835062e-01
1.111794395322753815e-01
1.135882213794752182e-01
1.107627720198998134e-01
1.102458694491135205e-01
1.200555984268694143e-01
1.182833082643477418e-01
1.166652337186788735e-01
1.140024821891740814e-01
1.124548089380468241e-01
1.114539354593802045e-01
1.196508078600322378e-01
1.138895302807889642e-01
1.164920810569705090e-01
1.143612492371679501e-01
1.155434348999202498e-01
1.166670302307717400e-01
1.120206909090333269e-01
1.109716406798564314e-01
1.203058173727087343e-01
1.158567169032314048e-01
1.177471475907809761e-01
1.101524964831757103e-01
1.182323394031392638e-01
1.217575670268433718e-01
1.182078250426008559e-01
1.186863955928707526e-01
1.217215459345211137e-01
1.245331363067201380e-01
1.208033678608284589e-01
1.171874590255415072e-01
1.159222162140007839e-01
1.137765209822996226e-01
1.133862302460220128e-01
1.214348033797110205e-01
1.198710886370348838e-01
1.128020938415748020e-01
1.194679989568223633e-01
1.221233082123451830e-01
1.227043515605528157e-01
1.208450771686644387e-01
1.212294903288628767e-01
1.143263234814102525e-01
1.194692507661985204e-01
1.174511887870828275e-01
1.180159299318419563e-01
1.195377531799399762e-01
1.196210065211662510e-01
1.216839539685499183e-01
1.216952028765612148e-01
1.203649337460124258e-01
1.161155565252802724e-01
1.163624692183913290e-01
1.148442511732312710e-01
1.200147571427749860e-01
1.204644327182999852e-01
1.188082180564569157e-01
1.179645180352331124e-01
1.195961101944180704e-01
1.223906305909747694e-01
1.241342011616271002e-01
1.205538551400944236e-01
1.213279448296060714e-01
1.169388362769163692e-01
1.207204243298187762e-01
1.175174260709801466e-01
1.184915045669634459e-01
1.168543253138534244e-01
1.245932572316943432e-01
1.261149311101217307e-01
1.268812978096724997e-01
1.270652341709825883e-01
1.251765964555340283e-01
1.229416809400882826e-01
1.211628304495846464e-01
1.213850834540737278e-01
1.184149470270607907e-01
1.213087064454616559e-01
1.212648660122073174e-01
1.189838073550384401e-01
1.253421520767146191e-01
1.273361948650246767e-01
1.259204280864476555e-01
1.238545461791991098e-01
1.367891682273330023e-01
1.311300306646014935e-01
1.324757302078936050e-01
1.290126531438764435e-01
1.365049982863919542e-01
1.392809634358049831e-01
1.366569900645224767e-01
1.358827914139801862e-01
1.351865644027290259e-01
1.332439654382657768e-01
1.450889264111836496e-01
1.369914070267599371e-01
1.391343542127618793e-01
1.365674260171323429e-01
1.315987364982500463e-01
1.367836181562658293e-01
1.336948933618558044e-01
1.335324136106064152e-01
1.329197241052242351e-01
1.333428209712875789e-01
1.353022843151301391e-01
1.328846902986784428e-01
1.339982869038212066e-01
1.387898544864045736e-01
1.333300601427671594e-01
1.326264356218036511e-01
1.308371230957308118e-01
1.276624481126975574e-01
1.309449125229977806e-01
1.346854885697024162e-01
1.367807254617525725e-01
1.418543365218170038e-01
1.384821352890105439e-01
1.352896656112796414e-01
1.406832350005315924e-01
1.436046993164052932e-01
1.492014344899637024e-01
1.447351282643551951e-01
1.524151622603289180e-01
1.510106603476208953e-01
1.520632792572345071e-01
1.518963253252023637e-01
1.500447777789835069e-01
1.566504399502077760e-01
1.547089912642758414e-01
1.464454303819286984e-01
1.523538274581077712e-01
1.640072348329129071e-01
1.615275124099362358e-01
1.570571053467997302e-01
1.607802630905346142e-01
1.590992952800966975e-01
1.663488657097929035e-01
1.677398591300418573e-01
1.661816695909137387e-01
1.672713127199267902e-01
1.690655671728018561e-01
1.722476847918641418e-01
1.773528187849708893e-01
1.749870101559007907e-01
1.762969664061975195e-01
1.778007849594609446e-01
1.791116910666499251e-01
1.822448473309330463e-01
1.834998144551442945e-01
1.838451157422980042e-01
1.863462861865352593e-01
1.876923891237300968e-01
1.844465208005401369e-01
1.884559945746180354e-01
1.924852880682290657e-01
1.964762629717123898e-01
1.926763695064486193e-01
1.940351991140910615e-01
1.942233880118764411e-01
1.965934876081302241e-01
1.990134010694433464e-01
2.047897873536019264e-01
2.074751702072303305e-01
2.081554166914058313e-01
2.042732297909074513e-01
2.039975065275766442e-01
2.053306815735225221e-01
2.088087979532313732e-01
2.111712701660104496e-01
2.120601256415786118e-01
2.102917658544285473e-01
2.092243685117263219e-01
2.126569676475349446e-01
2.153385988333529344e-01
2.167363414098597563e-01
2.173883163203313984e-01
2.211419260009530596e-01
2.161901208362957405e-01
2.152271025826868467e-01
2.168701063492175507e-01
2.146440111262615247e-01
2.127595306733152114e-01
2.142680353365955526e-01
2.157419539717118084e-01
2.169062508097163722e-01
2.249256811737692097e-01
2.310207270018134196e-01
2.328572100861556748e-01
2.335355690609492996e-01
2.414711533206013172e-01
2.441061331454523753e-01
2.420979393789686185e-01
2.382430366117427312e-01
2.406580484964244704e-01
2.447414119422139933e-01
2.420499848033399459e-01
2.409349661677149257e-01
2.413319628628904923e-01
2.501462893644763597e-01
2.586715506984447188e-01
2.548545966584647715e-01
2.572441833902647801e-01
2.592715658604447526e-01
2.617634486637872016e-01
2.622000736798817400e-01
2.583335634223686839e-01
2.554507131881944559e-01
2.561732635140572256e-01
2.563425199512732178e-01
2.554648316003422792e-01
2.662758170965453530e-01
2.624017653015524587e-01
2.810641424840145675e-01
2.744330417925251453e-01
2.759927427679702561e-01
2.684546634796127762e-01
2.745191390135399701e-01
2.838982622359900176e-01
2.753298310579701536e-01
2.699958799898123374e-01
2.781341733437079355e-01
2.824917491532863423e-01
2.888133735373994426e-01
2.818743756865558225e-01
2.852935601908832552e-01
2.860125915451208201e-01
2.810759912730382837e-01
2.858185409227989027e-01
2.860180532688723076e-01
2.924221011488130628e-01
2.847418692117118511e-01
2.977334769800563663e-01
2.864430153771921894e-01
2.886445523833973681e-01
2.935146507268209248e-01
2.969281397252752086e-01
2.941656188720642717e-01
2.939680089680285491e-01
3.091781955007801841e-01
2.984683403740042706e-01
2.977121796526098763e-01
2.975004190858197006e-01
2.988342371634553629e-01
2.977612929361468375e-01
3.063994717829405801e-01
3.054127756022824158e-01
2.996382370382333349e-01
2.976475919803460712e-01
2.999179438672152642e-01
3.130259091110163538e-01
3.105669450161165912e-01
2.994047717714574119e-01
3.106559027697493036e-01
3.048287352195835354e-01
3.058040880762931124e-01
3.176529815041142513e-01
3.059673027779723498e-01
3.194007022221239112e-01
3.100705422114859999e-01
3.119624706363604005e-01
3.122355702542165545e-01
3.144752596806874578e-01
3.139449461638967875e-01
3.153158872474319807e-01
3.123764797647963221e-01
3.038934833123896340e-01
3.075756347145386371e-01
3.133458484498055086e-01
3.173853806720723369e-01
3.163000763182601816e-01
3.105365737784273605e-01
3.293194084587547366e-01
3.136930683549321586e-01
3.138066837468826975e-01
3.244225924351500367e-01
3.172535191229961526e-01
3.106617183763820123e-01
3.234846846554155775e-01
3.203969264001562678e-01
3.229993213286848075e-01
3.241712606703828214e-01
3.160992397812387722e-01
3.141345392621737176e-01
3.176610955291012672e-01
3.344026416544947367e-01
3.334545036173661714e-01
3.303617577932573823e-01
3.254799356667277266e-01
3.096017811024225352e-01
3.254611143274246388e-01
3.248176707139265318e-01
3.239241495505220669e-01
3.279863183914759617e-01
3.363991813623528060e-01
3.197094620048037683e-01
3.279739567240689269e-01
3.323013267464665077e-01
3.359430058029513333e-01
3.361273539896512119e-01
3.371338359937130491e-01
3.311673902411316206e-01
3.418146328540956347e-01
3.410210276005134489e-01
3.460612552637556405e-01
3.226718377830319895e-01
3.280950596465466162e-01
3.315280112398113488e-01
3.414285533740937240e-01
3.362801797397558801e-01
3.359456222030026140e-01
3.371115888232427693e-01
3.444326738289849033e-01
3.343329066225484425e-01
3.391294090179659548e-01
3.402965766240315659e-01
3.402856148218713628e-01
3.410299653794037766e-01
3.392211510516176531e-01
3.379079500756310139e-01
3.414093084857592331e-01
3.402486897399352728e-01
3.380743004342630087e-01
3.436407607339235781e-01
3.430802851360645889e-01
3.386187409443106588e-01
3.434187433401225675e-01
3.485667710530062635e-01
3.445187748586393539e-01
3.415811217215871665e-01
3.481204874918386594e-01
3.610969591367956255e-01
3.562530896706546102e-01
3.508556559797124663e-01
3.485703403296041003e-01
3.458793698768074520e-01
3.536069451471961500e-01
3.518754978927605137e-01
3.516655324114630332e-01
3.548745023520529784e-01
3.511864282608314625e-01
3.617142319543624751e-01
3.495194278535116439e-01
3.520719632443158886e-01
3.556652411721730189e-01
3.643082861590052346e-01
3.538743003171616053e-01
3.516146357292839753e-01
3.491349158012315712e-01
3.524796947129873459e-01
3.508103446196262354e-01
3.636557217195104386e-01
3.467004532069362099e-01
3.520638432817877472e-01
3.574172083496769403e-01
3.579428146680703193e-01
3.588608285939933751e-01
3.668156807887337223e-01
3.606988058634970074e-01
3.624114294773841394e-01
3.634912153446432370e-01
3.644430988398186244e-01
3.646131501368676808e-01
3.679994893212619189e-01
3.689495807741600686e-01
3.726397641877721156e-01
3.679890257077476079e-01
3.711696578029304305e-01
3.705398627421292446e-01
3.686754670022134306e-01
3.694156257776493035e-01
3.739793018281414305e-01
3.759516283241248757e-01
3.766306360518427709e-01
3.731223332994471065e-01
3.750241278961494729e-01
3.738079924518045161e-01
3.752693736452945572e-01
3.851643366060466533e-01
3.743455136053643884e-01
3.750896199643971585e-01
3.868446771331299772e-01
3.797657106125349458e-01
3.806231627378213744e-01
3.739861661630889955e-01
3.792078374126859330e-01
3.857643591683048712e-01
3.840093727337450247e-01
3.862189782493077317e-01
3.856649848136788350e-01
3.904358565968744088e-01
3.794592875789266628e-01
4.007910917170107723e-01
3.889792207498272703e-01
3.878848302147206439e-01
3.970861278485129375e-01
3.839408323249129396e-01
3.899229948786100408e-01
3.994227435256743064e-01
3.828896027495876098e-01
3.953794117379079154e-01
4.019841327629993799e-01
4.000798095816184841e-01
3.973133244492998983e-01
3.988578068507848684e-01
3.965120580267562644e-01
3.907872330577948361e-01
3.961794393511333112e-01
3.964724395617871266e-01
3.940758326729802974e-01
3.955835582041959952e-01
3.867824301936213516e-01
3.821613000937471583e-01
3.830294328664010095e-01
3.800797431670162041e-01
3.849017774902439015e-01
3.791276368113560835e-01
3.761546123464718505e-01
3.785986514590380381e-01
3.747005069838289515e-01
3.777922395839539149e-01
3.730603033110666544e-01
3.707365387446222016e-01
3.780536239165570578e-01
3.800694872505525623e-01
3.781901712080468769e-01
3.838165498323817815e-01
3.811892098746163526e-01
3.779997189712105410e-01
3.824159334355243800e-01
3.816740908086710959e-01
3.817195833793638471e-01
3.851357785470606032e-01
3.864963373236180999e-01
3.898091085000823242e-01
3.888415456140155158e-01
3.891281948665712420e-01
3.907359337149385325e-01
3.896777633450962952e-01
3.858681378563204589e-01
3.868731675580399099e-01
3.892666966425508690e-01
3.865792793676661177e-01
3.887279783458605920e-01
3.922779361124026920e-01
3.869348583852678658e-01
3.914590618603392969e-01
4.036514602884100356e-01
3.948444411143166022e-01
3.960670570652018441e-01
3.842689002066110859e-01
3.877741351975121376e-01
4.013500148729782779e-01
4.042965218741381150e-01
4.024573304696312803e-01
4.055868091575103307e-01
4.024029864651383903e-01
4.071882203294103775e-01
4.048510739162303196e-01
4.067026185369906344e-01
4.130563827893549700e-01
4.211408159389540273e-01
4.047326475897339293e-01
4.032221407710494532e-01
4.087419597033070673e-01
4.152552276939740494e-01
4.154763396724252544e-01
4.175306603172632691e-01
4.150121374441608779e-01
4.137044043924431591e-01
4.132201485914581696e-01
4.166680613830076041e-01
4.252385517119954272e-01
4.137347963698436715e-01
4.117866991268481769e-01
4.192238053431989186e-01
4.214331327589153631e-01
4.202717660798889199e-01
4.249264682488114175e-01
4.286861674374851106e-01
4.293820262985201808e-01
4.263320331112323558e-01
4.342161566349869162e-01
4.310706913707074150e-01
4.292467261112502541e-01
4.297084100781711768e-01
4.325471492671573159e-01
4.371549742067308841e-01
4.427567894112822700e-01
4.466395984620801229e-01
4.454939290582693445e-01
4.408995530514419059e-01
4.474728644152330403e-01
4.464918754266244960e-01
4.485678926020852941e-01
4.408136764186973977e-01
4.339690616622959851e-01
4.385530473298366871e-01
4.470653624892779732e-01
4.553448362340430933e-01
4.483562646871348534e-01
4.472116396793541782e-01
4.487041579206394459e-01
4.497724678604591020e-01
4.591750418327089633e-01
4.538053910431925075e-01
4.574617703689423109e-01
4.619238347999141681e-01
4.710538963496615494e-01
4.739311490951267913e-01
4.782436095034081625e-01
4.787621302101787713e-01
4.847616027136467665e-01
4.849844240986458388e-01
4.835991750560948432e-01
4.919784772389261818e-01
4.973698302158644502e-01
5.002045775740979749e-01
5.051087999446242094e-01
5.063374803430318316e-01
5.115549486485186925e-01
5.260646324416300423e-01
5.304747181047733129e-01
5.455893200140398136e-01
5.285964885255918233e-01
5.278563687264195003e-01
5.323362132336102448e-01
5.316931509037083892e-01
5.437157519307966869e-01
5.545407430363160639e-01
5.636936323152497152e-01
5.688693101258774920e-01
5.659016048413521016e-01
5.737439925409628660e-01
5.798339992681150745e-01
5.769883404728821663e-01
5.738788309617726124e-01
5.754331653967151849e-01
5.775459654256771547e-01
5.834150370647842587e-01
5.758568863106158231e-01
5.644173501746291288e-01
5.519390397326379150e-01
5.524655316408333405e-01
5.594421934144869768e-01
5.660195488779651285e-01
5.640305008805460707e-01
5.451160919945248207e-01
5.293458280463128052e-01
5.231156575450679469e-01
5.317303153385564141e-01
5.390937378761333498e-01
5.402842492014514608e-01
5.495870802143787426e-01
5.561827663077174577e-01
5.518548268643552746e-01
5.477628888282783937e-01
5.477820799910677607e-01
5.403364796421490368e-01
5.376088072317717348e-01
5.575544084316763627e-01
5.741740105999197930e-01
5.781355748222452018e-01
5.669089064468739725e-01
5.566707821714944604e-01
5.311355108542781256e-01
5.153381079801249154e-01
4.994743796876353059e-01
4.524473598142180197e-01
4.348153712637778945e-01
3.912691189264878577e-01
3.478601859377110639e-01
2.891507348484290141e-01
2.558992673007387531e-01
2.249455392224444239e-01
2.167774149988601629e-01
2.007474540184426282e-01
1.422477793330965135e-01
1.617785132635773948e-01
1.714275956938591250e-01
1.943468286790879240e-01
1.863343733336688679e-01
1.087883200224877278e-01
7.079062956209147828e-02
6.058347849131440199e-02
7.327519765503609506e-02
8.255107719967780255e-02
1.106023875225621289e-01
9.883189330359964941e-02
2.723502580894709979e-03
2.379287564579612990e-03
8.365203179026003966e-03
5.857749044178817144e-02
6.946428152340544671e-02
9.457134678496181834e-02
5.979798928174240302e-02
6.764736798890957914e-02
1.938639026512056773e-02
1.852809961573687048e-02
-4.840381451661102119e-02
-6.037932107015731020e-02
-8.403007838957332609e-02
-9.022103279253812502e-02
-1.424525128636346949e-01
-2.516876563189343052e-01
-2.274840015445662722e-01
-2.104965230538344834e-01
-1.849946615695756691e-01
-1.727388553176076869e-01
-2.083398292921274653e-01
-3.468241873321766811e-01
-4.565859660252686858e-01
-4.830227893549499107e-01
-5.311610384140674768e-01
-4.439483080524624370e-01
-5.323967388669941236e-01
-2.762046590596747286e-01
-2.177409719604090910e-01
-2.024222326479634404e-01
-9.392010210660073355e-02
-7.744305145847896199e-02
-3.623381277037651671e-02
-3.981845279259932369e-02
-9.996378715421627703e-02
-1.274778749669165379e-01
-1.622040740943604398e-01
-1.191785996886767229e-01
-1.119654328896175777e-01
-5.707649704995043649e-02
1.319483289209966159e-02
9.178977313539693483e-02
9.785228136019963330e-02
1.383377846349236329e-01
1.257730932690841463e-01
1.151955642732329643e-01
1.029844033441862372e-01
1.114333262939952718e-01
1.591317726124161780e-01
1.714836268008048670e-01
1.306340475868998929e-01
1.477502302630488984e-01
1.208873086801744989e-01
1.412342829529276145e-01
1.740053053598642485e-01
1.642987447164139247e-01
1.726906919868844703e-01
1.351815004710386070e-01
8.070858784877144032e-02
6.989675139810991311e-02
2.524794054760803874e-02
-1.862769178393852698e-02
-4.090783362361660735e-02
-3.446646503792116789e-02
1.610039379681493799e-02
5.241070164836436618e-02
7.355064910094766262e-02
1.337750886948092521e-01
1.210580273617152258e-01
9.871011438458054954e-02
8.915022996471799743e-02
5.095599407275752668e-02
7.947640644832310031e-02
1.080962163755825323e-01
3.898424566285285664e-02
-2.274030763970102953e-02
1.304545383366617628e-02
6.401653430891229846e-02
8.250950569802784074e-02
5.296634866192695412e-02
3.427257096552649429e-02
7.938475139689504800e-02
5.296567668248819416e-02
1.869728522403857340e-02
1.007124259276448441e-02
-1.972178999972484803e-02
-5.929907771543962980e-02
-4.859611950962428040e-02
-7.736220090905110425e-02
-3.888172905413966873e-02
-8.744721703804891888e-02
-9.571240392168611777e-02
-9.610821249476053652e-02
-1.026835768040079699e-01
-1.064400218250218799e-01
-6.134465199887895182e-02
-4.094722614520218684e-02
-5.917988591111900121e-02
-6.861746451477390707e-02
-3.072132975241714803e-02
1.129190855281070327e-02
5.523761289136253083e-02
2.208867043338891278e-03
-8.000160485343599248e-02
-8.065655673757277100e-02
-4.363435136174942386e-02
-7.546295138524161672e-02
-5.928680938639807607e-02
9.481918558050139723e-03
-6.311817045161571826e-02
-8.269655238737794178e-02
7.139065256698273743e-03
9.623124576247832351e-02
1.408270720382054364e-01
1.394385898984022987e-01
1.640684934219498459e-01
1.636469391850932098e-01
1.711689182841062973e-01
1.784503822817389285e-01
1.746755300128008948e-01
1.704151138308569458e-01
1.747958157377564881e-01
1.711197173279703776e-01
1.652457287886761605e-01
1.683666122430054202e-01
1.657250827418388361e-01
1.628800428621159924e-01
1.614772693833619321e-01
1.636969815692195240e-01
1.653270264222492791e-01
1.613054912255647011e-01
1.597174521662836355e-01
1.568983999598208001e-01
1.564382675794746547e-01
1.545957117539464853e-01
1.620678216556887818e-01
1.594105147948985390e-01
1.578607279250028306e-01
1.572226930848144022e-01
1.513617547933898688e-01
1.478188506518633982e-01
1.456203355986862569e-01
1.416305497170537997e-01
1.361359031845590373e-01
1.204473097760430100e-01
8.263258017138896960e-02
3.598343957569305473e-02
-2.854306487686997240e-02
-5.485057688640332385e-02
-9.245483845906551923e-02
-1.735186301850651647e-01
-1.327909213742495820e-01
-1.178365552441999059e-01
-1.034555146625936728e-01
-1.238654140169574425e-01
-6.763289551545247080e-02
3.108404509694646933e-02
7.229784090925414630e-02
8.275997069248375304e-02
7.531529768762723620e-02
6.325656687345153351e-02
3.290356497432231353e-02
4.759003633918956755e-02
7.614329140486642000e-02
9.788513067743054297e-02
1.079454512283885559e-01
1.072758513747236742e-01
1.061080899581403059e-01
1.093096411276457958e-01
1.118472587848360345e-01
1.148625038693698031e-01
1.161983926765458586e-01
1.116711981273671439e-01
1.132053411839644141e-01
1.143746611813363234e-01
1.101654980411508888e-01
1.091411094610802296e-01
1.125114103041766067e-01
1.133789469727077837e-01
1.097997878868555710e-01
1.089395406374827902e-01
1.068080995204591099e-01
1.019067966407094517e-01
1.023176946017869682e-01
9.740424480020004605e-02
8.737917083270452245e-02
5.631518828051507164e-02
8.419020098901008886e-02
8.784601248606949131e-02
4.946551982697400263e-02
3.367490151042673574e-02
4.414915733586632918e-02
-4.059455984190063482e-02
-1.926839359534815443e-02
-6.252091887150168503e-02
-8.609920289219097356e-02
-6.896280460038384241e-02
-1.088705705411650015e-01
-1.466863667575173391e-01
-2.064597815688751226e-01
-2.626371044661945930e-01
-2.001738437233266943e-01
-1.548068617975549843e-01
-1.306249574007964931e-01
-1.057633622112862382e-01
-1.454288769727847264e-01
-1.040934898666523445e-01
-6.444166096916870146e-02
-2.355625362204949447e-02
-3.129758855817987850e-02
-5.853702093017210117e-02
-5.246821899464526595e-02
-4.642729825758795670e-02
-2.136809110999471351e-02
-2.670989079763885776e-02
8.211905194032587119e-03
3.989569076501497946e-02
7.626614678129195468e-02
5.837289085493146956e-02
-2.900804307369186930e-02
-4.709755547386151875e-02
-1.068869014844693321e-01
-1.171977345525228031e-01
-1.602942723810880654e-01
-1.775684806932718018e-01
-1.751848990292839137e-01
-1.905602736272618003e-01
-3.170600835886987490e-01
-4.511516583842876127e-01
-5.920375581070584925e-01
-8.328674691822512965e-01
-7.458752560381416430e-01
-5.552141307965491324e-01
-4.704668252828673181e-01
-4.837302277796111660e-01
-5.355061703239321069e-01
-5.343582945794369543e-01
-7.239095146902203570e-01
-7.878804545047229935e-01
-1.015932423352289948e+00
-9.618719136846426432e-01
-6.833234588666163845e-01
-6.552957720862342406e-01
-7.003656827825551767e-01
-7.417565528337313197e-01
-7.168184165811942732e-01
-6.447924542026460815e-01
-6.826322545346323878e-01
-5.426195774609673395e-01
-4.271975377851310318e-01
-4.646830014396809982e-01
-4.356169559006531911e-01
-3.982701667303212290e-01
-4.783153073674387690e-01
-5.314839748270679953e-01
-6.208340804980201355e-01
-7.084881118310659698e-01
-9.919598053837113127e-01
-9.800898116055380971e-01
-9.919954173776788231e-01
-9.911627028722382882e-01
-1.000093183780136119e+00
-1.000217703017187043e+00
-1.391758411364072856e+00
-1.536869304115738410e+00
-1.385862332836914401e+00
-1.339563017846884696e+00
-1.574537626081307984e+00
-1.367287111585313575e+00
-1.312609464830559736e+00
-1.327350790509686185e+00
-1.433157051078342459e+00
-1.422904663266047143e+00
-1.461099394958912612e+00
-1.455484804990505587e+00
-1.366968314008162766e+00
-1.239233773656341020e+00
-1.192014176715475937e+00
-1.261768192382877629e+00
-1.126514897916812252e+00
-1.053761831789315373e+00
-1.179404731611567225e+00
-1.164516329979440989e+00
-1.113640642961601479e+00
-1.110464511748425753e+00
-1.003289576675112205e+00
-1.011737194808656870e+00
-1.022190914728472677e+00
-1.151698862419832103e+00
-1.131330858409497431e+00
-1.059352936876623907e+00
-8.074954568598977644e-01
-8.303869237888572563e-01
-6.101541139366086774e-01
-6.476875686404830468e-01
-6.258975496008964967e-01
-4.861562880412373389e-01
-3.675052988333247228e-01
-5.323855303730207211e-01
-4.723900003727994346e-01
-6.321563011769608664e-01
-5.355196908220483110e-01
-6.475646773410446144e-01
-8.260843738039707063e-01
-7.291801781061488796e-01
-8.390343107560136460e-01
-7.455898403389547013e-01
-6.079479346007961027e-01
-3.955354379329163450e-01
-3.302874366268770956e-01
-2.308395420731077508e-01
-2.521443185161258427e-01
-2.055800459981016459e-01
-1.563360345117859040e-01
-2.216380773993051889e-01
-1.831722463432354786e-01
-1.677254355615787063e-01
-2.431496315537406971e-01
-2.239457527852914964e-01
-2.586744297716769836e-01
-2.280023856085096057e-01
-1.772388519025724918e-01
-1.028803782223297603e-01
-1.794673585725057308e-01
-2.655223054625057699e-01
-1.314352003644136957e-01
-4.749402271530378528e-02
-2.450089530808341465e-02
-2.774892011034779671e-02
-3.242046857628455570e-02
-5.992914046890973623e-02
-7.206633214576463331e-02
-6.339718985899622794e-02
-8.426399047168509071e-02
-1.337701169837943738e-01
-2.977350468247657034e-01
-3.226964505962950369e-01
-2.391629191978479341e-01
-2.395018028674087418e-01
-3.059317655738231778e-01
-2.962912293666830621e-01
-3.911612805225876954e-01
-5.395873066126837259e-01
-4.733156803590059525e-01
-3.899858690129667238e-01
-3.658125135889509494e-01
-3.848147288127368171e-01
-2.171753009321468753e-01
-1.125643188017244611e-01
-1.643107194966084705e-01
-1.241764000383023259e-01
-2.745000703223734462e-01
-4.308560908317495830e-01
-4.437671362229931304e-01
-4.902774154156963604e-01
-4.857967230263309233e-01
-5.806679533359009326e-01
-7.195155369205723517e-01
-7.374821648505198723e-01
-7.509392175853255580e-01
-5.713518766198451004e-01
-4.672157554047942085e-01
-3.622471495917460871e-01
-3.779527928927617353e-01
-3.417793924766625580e-01
-3.648000145408998307e-01
-3.106218247112648712e-01
-2.899854202065235143e-01
-2.802989776857280901e-01
-1.930730171096417536e-01
-1.943693961529628922e-01
-1.786079816016279409e-01
-2.168979136041286893e-01
-2.476001933840645819e-01
-4.407225969911605645e-01
-5.577377287029454678e-01
-6.845365194598693748e-01
-7.541001479981277456e-01
-9.688778760128879952e-01
-1.194752262881792149e+00
-1.062472547860246586e+00
-8.283102744436314779e-01
-1.184231768861251588e+00
-1.283585529259784863e+00
-1.306344386420028592e+00
-1.482537895544304707e+00
-1.545545873454106101e+00
-1.466772403847793615e+00
-1.499362591345804852e+00
-1.592864744216186956e+00
-1.617141424120399407e+00
-1.497393954755347423e+00
-1.607641824660815288e+00
-1.879740445385847281e+00
-1.964008816584789763e+00
-2.013952226596924522e+00
-2.001519958652845155e+00
-1.963634018879141685e+00
-2.138136654202467124e+00
-2.129003190624941144e+00
-1.914854093735361751e+00
-1.952164819985001021e+00
-2.008400240787941993e+00
-2.221494654018171033e+00
-2.346874162637235806e+00
-2.443585047473375127e+00
-2.472643033838733739e+00
-2.435165479330369642e+00
-2.532461679313858127e+00
-2.577642118488363110e+00
-2.466957776742196629e+00
-2.549629591706269682e+00
-2.554646399005977564e+00
-2.684634285764734507e+00
-2.741238426063944189e+00
-2.618445524198784291e+00
-2.672752948576080811e+00
-2.761169633977246463e+00
-2.582084683454975327e+00
-2.474693276186287427e+00
-2.492760410359269763e+00
-2.526346156887479211e+00
-2.663926448581991124e+00
-2.723487611867523306e+00
-2.837352029011896981e+00
-2.848595213526055936e+00
-2.707057591616989889e+00
-2.648570160570525189e+00
-2.568465122907145570e+00
-2.485119575019020033e+00
-2.505357399950399966e+00
-2.602990814680869569e+00
-2.654895338180509157e+00
-2.710698722737036270e+00
-2.729037816804299688e+00
-2.629468450408051439e+00
-2.567959733995644811e+00
-2.402065924739711811e+00
-2.090631776802410968e+00
-1.747139797932137029e+00
-1.446120197301064891e+00
-1.025905720604857407e+00
-6.829391878255659520e-01
-7.366553154804691417e-01
-7.113181884154009538e-01
-5.978375672336646574e-01
-7.515223886070803161e-01
-8.231542295751825833e-01
-7.412285976668044896e-01
-7.607163825073559593e-01
-7.728240438420126424e-01
-6.645499784724684389e-01
-5.948845293082900554e-01
-4.706089038248695289e-01
-4.751845331908768344e-01
-4.049652868901620906e-01
-4.118176742129868728e-01
-3.466867743368133858e-01
-2.397439595387957922e-01
-2.812749770416562711e-01
-2.826560293838742410e-01
-2.360114727994329087e-01
-1.906377096360429846e-01
-1.681429942641141650e-01
-1.300420417732901512e-01
-1.209714703668396396e-01
-1.202539536626598959e-01
-1.332296602913025652e-01
-9.601746255688325959e-02
-8.035691265292044250e-02
-6.314653126911728975e-02
-5.826783913314770302e-02
-5.234209653839982934e-02
-5.217152327651142230e-02
-4.905106733056641133e-02
-4.395686839366597098e-02
-4.290966291485354134e-02
-4.214252741516411049e-02
-4.096584779798284615e-02
-3.927758052080498885e-02
-4.111993800452751202e-02
-4.010063489839055251e-02
-3.868217069538637531e-02
-3.718157735726634883e-02
-3.611426537993978059e-02
-3.452841027612763014e-02
-3.473082808145910860e-02
-3.348778225284831933e-02
-3.341782984861296768e-02
-3.265148179435506393e-02
-3.183699439979470469e-02
-3.189849739735883816e-02
-3.097488548383964257e-02
-2.903539961686085746e-02
-2.808328875716448181e-02
-2.868740383872570021e-02
-2.772886515532846374e-02
-2.629834802790753656e-02
-2.546857491183018851e-02
-2.490628265100447436e-02
-2.427211814544705248e-02
-1.898951044783103725e-02
-1.771578308659016443e-02
-1.597064649672752523e-02
-1.380331307701254673e-02
-1.104515274345985176e-02
-1.014243895032151954e-02
-9.707286278629823073e-03
-8.559137771886327073e-03
-8.351409421774036446e-03
-8.210042298502528979e-03
-6.773930377862669161e-03
-7.065480715755967367e-03
-4.650916629827861470e-03
-3.632480944684601809e-03
-3.696084001676425146e-03
-4.133010314628648985e-03
-5.545544566242455176e-03
-3.939253922297325516e-03
-6.388725334375067177e-03
-7.103362455721295987e-03
-6.100834162269919148e-03
-6.289159284007084239e-03
-4.724405008637688752e-03
-7.189609343283720477e-03
-1.176913567255155613e-02
-1.736949615854754825e-02
-2.117950141620461579e-02
-2.875797879534758295e-02
-3.742575791804725327e-02
-4.523615485396703662e-02
-5.478927807745215262e-02
-1.033964604067900694e-01
-1.860862703882144586e-01
-2.889895682160226187e-01
-4.669630217773477199e-01
-7.193735713272388921e-01
-8.890549319411036322e-01
-1.237555263737425193e+00
-1.459157342920842204e+00
-1.743788354488385650e+00
-1.801156766977807244e+00
-1.676465918266705657e+00
-1.760847257813180633e+00
-1.768893401325323467e+00
-1.868434150729311405e+00
-1.855753822771265327e+00
-1.967459022376297995e+00
-1.818896730700054754e+00
-1.803419558717950011e+00
-1.879220335145901366e+00
-2.050874671906306013e+00
-1.943036250239045692e+00
-1.735408887032175329e+00
-1.802540232934171982e+00
-1.857548661362477205e+00
-1.944097735396497661e+00
-2.022894980823254585e+00
-2.165877567978412355e+00
-2.132540627157225366e+00
-1.990290689567633997e+00
-2.016822511099494619e+00
-1.986818119029452490e+00
-2.106345004574365465e+00
-2.165533829622107831e+00
-2.170992185860709522e+00
-2.223038921420520619e+00
-2.149630526308955236e+00
-2.131279021215054303e+00
-2.084803677515465914e+00
-2.096228193571353593e+00
-2.165401389024995904e+00
-2.162001164641536466e+00
-2.145808137718997255e+00
-2.180097380213350977e+00
-2.164680303197944244e+00
-2.188760098584765501e+00
-2.169451865525244383e+00
-2.096556635701477767e+00
-2.009342351846866048e+00
-2.030689503585175082e+00
-2.029931623685471642e+00
-2.068552596543254296e+00
-2.078476739013859209e+00
-1.929809155107037988e+00
-2.166097421971486803e+00
-2.262373486866917638e+00
-2.261190491914468748e+00
-2.136689482110398330e+00
-2.059185415695925503e+00
-2.048229902032327132e+00
-1.990931992792670968e+00
-1.926227142959473948e+00
-1.859416982806125995e+00
-1.846262165398164123e+00
-1.851360691809201375e+00
-1.873318088352697863e+00
-1.785719723150096971e+00
-1.798338477196657514e+00
-1.862243279404370178e+00
-1.803605600500977513e+00
-1.405791106051368367e+00
-1.452837931661786541e+00
-1.319205444348371614e+00
-1.315887425277935563e+00
-1.339276207410786235e+00
-1.309985813124942666e+00
-1.366457450927459405e+00
-1.428134195877634127e+00
-1.401777103446967487e+00
-1.268661381135308019e+00
-1.375309873848457265e+00
-1.367705035622484466e+00
-1.233894228063463494e+00
-1.168559231482570127e+00
-1.405730884527669922e+00
-1.463161888486640194e+00
-1.414991449428966597e+00
-1.361590497855798887e+00
-1.266423004109077155e+00
-1.304563308582114445e+00
-1.258604282064220037e+00
-1.256997366296776164e+00
-1.217330624507106940e+00
-1.235774074343234830e+00
-1.222844003153991999e+00
-1.274989517348401158e+00
-1.274282403222407822e+00
-1.290120686655792603e+00
-1.319835003627252590e+00
-1.307522958215106001e+00
-1.227741166720730526e+00
-1.197072329859652839e+00
-1.234369138236702135e+00
-1.210030519543956018e+00
-1.213336011746950049e+00
-1.152120138475947186e+00
-1.239449474044221233e+00
-1.180765381161772432e+00
-1.115280252344830636e+00
-1.128105791089061505e+00
-1.215068071241120151e+00
-1.293664241994706643e+00
-1.315115339580515297e+00
-1.295120788089347386e+00
-1.306544304066029838e+00
-1.246786732777511730e+00
-1.212713257210115358e+00
-1.148574285132285766e+00
-1.055913752159875152e+00
-1.049214899822053404e+00
-1.091220116753849112e+00
-1.091093665218449971e+00
-1.236544791279150068e+00
-1.308590389757174677e+00
-1.387292829015536633e+00
-1.434761644707533534e+00
-1.428978602935904618e+00
-1.503643462588533986e+00
-1.584157787310610743e+00
-1.545477618743155368e+00
-1.554861357305981961e+00
-1.500790265193411521e+00
-1.501155337425290170e+00
-1.602534132952228241e+00
-1.646234143670137762e+00
-1.648395985997455959e+00
-1.676489505745136555e+00
-1.651762610232662354e+00
-1.728761215027319942e+00
-1.757939730017090696e+00
-1.711835379382518951e+00
-1.668768186921129271e+00
-1.677217277812024676e+00
-1.647211392615085757e+00
-1.670895517157774179e+00
-1.613739659550684991e+00
-1.707681297719819469e+00
-1.689877094403694713e+00
-1.727235240490680113e+00
-1.781686529301884647e+00
-1.829401966942628022e+00
-1.774084774387825192e+00
-1.782616204590041775e+00
-1.422112353602779322e+00
-1.420114204166180727e+00
-1.434902763792189617e+00
-1.331571864099812430e+00
-1.306294966633505084e+00
-1.291109023018409019e+00
-1.257733991085750347e+00
-1.244390182196637440e+00
-1.194440951688777730e+00
-1.116836201727798183e+00
-1.102342966485185372e+00
-1.106556444362192693e+00
-1.034662942224295890e+00
-1.070123368605749192e+00
-1.091477012053347906e+00
-1.135501493718454213e+00
-1.075236263132229197e+00
-1.054960477861518697e+00
-9.609785967474380186e-01
-8.726067097127891969e-01
-8.478892334293597344e-01
-7.792238542809517554e-01
-7.191562125348109902e-01
-6.397078789235184360e-01
-5.385779541780451041e-01
-5.238080684391803743e-01
-4.159709340046706672e-01
-4.034790890464261537e-01
-3.259095056825511705e-01
-2.943364122991738441e-01
-1.991431048782796864e-01
-1.241800819556235780e-01
2.399544005303511085e-03
2.817392196204693278e-03
-8.836384074331427030e-02
-1.930293345901077373e-01
-1.553308620577116272e-01
-1.978583558689575028e-01
-1.945387704068224366e-02
-2.285809536637373185e-02
-1.437736418943682537e-01
-2.483285533020538338e-01
-5.174215000121051844e-04
6.890540700559277809e-02
2.453938854275605763e-02
-1.053197732629769234e-01
4.131574956005579224e-02
1.330014379816013559e-02
-7.866269822715388216e-02
-4.669522952102944657e-02
-6.474724152332633764e-02
-1.388701431288907884e-02
-1.571215311491869215e-02
-7.680497394875018813e-02
-9.045729860989837334e-03
7.071071425095887264e-02
8.795888179693633901e-02
-1.684667458882138646e-02
-4.462013458814695355e-03
-3.800134789711151484e-02
9.212183454483380274e-04
-3.570878637219365714e-02
1.277516444812931695e-02
3.163078995751078537e-03
-6.987238572404486092e-02
-5.863337628729148321e-02
-8.957460051215448971e-03
-3.327738753661968474e-02
-1.674527914491363845e-02
1.515409191176964043e-02
-4.509446666902761081e-02
-5.201380649599585126e-02
-7.898115835172525578e-02
-4.880881884352383793e-02
3.562089209852459248e-03
-1.144333493465978790e-01
-4.537250710054863134e-02
-3.207629509921439137e-02
-9.079657710273103532e-02
-5.074488107015895366e-02
-9.534216104158588223e-02
-6.472522978479311462e-02
5.466518783426721484e-02
-2.474563961694897785e-02
-7.262744298363976725e-02
9.007918143577064995e-02
1.287540919444829512e-02
-5.293119240106847201e-02
-7.471779496109043350e-02
-1.295251301608022487e-01
1.569945932836880331e-02
1.500704725120982630e-03
-8.729854547672388776e-03
-8.216304067306001713e-02
-2.903915114037580736e-02
-1.045439989935852410e-01
-8.725280396082535361e-02
-5.790933817563725938e-02
-8.075392295484729033e-02
-3.787054244413745607e-02
-2.408515525422671999e-02
-5.084999693758618378e-02
-5.869358090937470962e-02
-3.484682773974956405e-02
-2.092168625970369789e-02
-5.143752196041884162e-02
-2.100504641005507267e-02
-2.418467967650705930e-02
-1.555891532276199030e-02
-5.900473208789147606e-02
3.342114373552362849e-02
-1.186624331231396212e-01
-1.934127732630841479e-02
3.038734366208473148e-02
-8.552533525212879795e-02
4.523534706872744948e-02
6.092809611072436127e-02
-1.030470802496941118e-01
-3.746241853393339483e-02
-4.076368125692653166e-02
-1.540821507318046457e-02
-2.968048322338212586e-02
1.402155434024709990e-02
4.291438087363275145e-02
-7.030970609385889247e-02
-1.493921258327546298e-02
-6.595924246813833491e-02
-2.281866071472826718e-02
-4.518331573429801296e-02
-1.397348772727635691e-01
-4.815927209164705403e-02
2.799195077000860010e-02
6.965100479167318781e-03
-4.247815902419205258e-02
-4.589129219554965999e-02
-9.497685736192984507e-02
-1.323846021720882504e-01
1.620088458173007950e-01
3.097676251836212202e-03
-7.278880996866909925e-02
-7.827525281173830507e-02
-6.855467668176729035e-02
-2.221108054760012607e-02
-5.498876040200517679e-02
-1.685768478203275578e-02
-3.718379047188680175e-02
-7.589524460486618551e-02
-1.814765481796598579e-02
-8.799760770136533239e-02
3.996218929956274479e-02
-1.418425018300855101e-01
7.163496659976242853e-02
1.113199770030881552e-02
-5.721810454903941690e-02
-7.490612878750990689e-02
-1.907535851387454073e-02
2.195009836327699304e-04
-5.122617520152950021e-02
-2.513625342450609423e-02
-1.625747285333201120e-02
5.426675101390809886e-02
-3.081962982881503166e-02
-4.148469388739872699e-02
-1.592645552192184510e-02
2.372600706152816485e-02
-4.843926511689744530e-03
-4.166513344848432610e-02
3.176738008478885433e-02
6.866743580885348308e-03
7.020042010892257878e-02
-1.426252831991732251e-01
-1.962299837680436809e-02
-8.908435668969261201e-03
8.351305680529108599e-03
-6.825564020972318957e-02
-2.593777011428244350e-02
-6.945607557837263357e-02
2.557582103494038250e-02
-1.040295093851115737e-01
2.539670611492272911e-02
-4.612749190010312361e-03
1.770283437867803400e-02
-4.854941748114072197e-02
2.841468430171367743e-02
-3.055136879303788078e-02
4.891486182636661795e-02
-2.166453264978329685e-03
-5.103090891923489636e-02
-2.678725822797556333e-02
3.042769131832923080e-02
-3.622507247014095100e-02
1.088917924858812114e-02
-4.042162751099898088e-02
-2.607103872993032923e-02
1.652095129783948124e-02
2.249328047081977644e-02
-2.241858737910895627e-02
-5.461468798109869738e-02
1.877662246853617489e-02
-3.656177527913584413e-02
5.273782705081941913e-04
-6.532696328151654797e-02
8.392450236241799644e-03
-2.546329545140846307e-02
-7.615420059697619592e-03
-2.616874680753245030e-02
-2.296039105018721216e-02
1.037846253969298971e-03
-5.444776794613304105e-03
-2.875484493529700813e-02
3.395714708974661988e-02
-1.313371925384210215e-02
5.300922240473404656e-03
-7.024000222344284339e-04
4.315944426949158697e-04
1.831473842483344328e-02
2.589759126497170882e-03
-1.464712391321398854e-02
-7.200229956969117495e-03
2.458964690788345564e-02
-5.989039703836240847e-03
-1.712353961663382051e-02
9.639207527728288483e-03
-3.333982954605385629e-02
1.986564851612193650e-02
-5.484451847281412995e-03
2.743191043864268153e-02
-1.615273285386908952e-02
1.713664818353244357e-02
-4.412195075607527883e-03
5.431731671116324378e-03
2.343118886035888693e-03
-2.971183185508419200e-02
-4.603368744175995175e-04
4.187867268665979026e-02
3.736207117979617465e-03
-8.805395248219660687e-03
2.046264236660988445e-03
-2.056766845916513375e-02
4.215910391686783498e-03
-9.840090716228822032e-03
-1.166486444874692552e-02
-4.150257483688690741e-03
2.261715440140754652e-03
5.272556039392028993e-03
8.439200049807915605e-03
1.640545694729755866e-02
1.617086388284061371e-02
1.601421501895750055e-02
6.736854705930994669e-03
2.712239646623526568e-02
-1.644497304167380491e-03
1.261559511674725798e-03
-1.747601641964724450e-02
1.343079700033822377e-02
1.420194742046199110e-02
-1.930022153148591713e-02
-1.068609916815876915e-02
3.814834690940571704e-03
-1.360200674792988451e-02
2.067619788522545576e-02
2.588255155849683575e-02
-1.285080567529739426e-03
7.664569351417682697e-03
1.165776459774203744e-02
1.005089243049539505e-03
-1.427134761405213226e-03
-7.789568863660889519e-04
3.559851155937820977e-03
6.337310880839552851e-04
7.947482335378452944e-03
4.835251981326393889e-03
1.395571272034246135e-02
5.264801466251078921e-03
7.328720405823219153e-03
4.189461279652917369e-03
4.603019060904323112e-03
1.371900887913657385e-02
1.200230047841177594e-02
1.002803653142336771e-02
9.998712265147702283e-03
1.423683014912935363e-02
9.192341119145019945e-03
-8.980563119376228087e-05
1.070719793279373278e-02
8.975394096709443659e-03
1.372117673939499127e-02
1.487352699481814255e-02
1.391120029712578088e-02
1.465066376690771222e-02
1.363844296012128865e-02
1.112728387172090549e-02
1.356182739243205759e-02
1.658719586000767521e-02
1.451459754244943667e-02
1.377875042249154802e-02
1.409243235034107755e-02
1.337914519396132818e-02
1.152012390207435288e-02
1.477020772695247786e-02
1.392783924127094508e-02
1.189606366783024782e-02
1.144618089247728676e-02
1.241222229702465540e-02
1.156600278278840932e-02
1.326411475694211362e-02
1.446579381951718091e-02
1.213464154715371279e-02
1.146813441563665492e-02
9.790607761829051015e-03
1.013045518782451637e-02
1.176008054107136047e-02
1.133772882666050918e-02
1.147477187372825114e-02
9.383456999420225486e-03
1.182151558931021640e-02
1.077047775908468452e-02
1.047979664839182590e-02
1.173683866669161802e-02
7.828414151084039929e-03
7.675226757926090215e-03
7.113119144981361330e-03
8.874610058819953906e-03
7.836530474186531592e-03
7.477723145169257180e-03
7.078982974025649355e-03
6.061277486994143260e-03
6.221811739115956641e-03
6.308856531002327017e-03
6.298242313814483850e-03
5.412277206824356313e-03
5.019515291588838579e-03
5.450300486509185305e-03
4.846899959392914070e-03
5.152317853910126644e-03
4.808173540545190860e-03
4.504252272172770688e-03
4.515717093386051317e-03
4.157392081178379328e-03
4.386141576383728591e-03
4.310813130187440834e-03
3.732633372213634004e-03
3.454577651222479062e-03
4.192635880249540037e-03
4.247785657788938352e-03
4.114500477777838228e-03
3.576490002541454771e-03
3.979912509243455077e-03
3.910424077311347446e-03
3.580796637645988767e-03
3.411418892742545950e-03
3.585879467461694503e-03
3.752026558110799215e-03
3.506805653903377618e-03
3.594984413481050467e-03
3.174974905904015543e-03
3.336319631492834503e-03
3.191491672807522662e-03
3.140932483034042377e-03
2.972324825858407849e-03
3.369863905364312018e-03
3.661290715339937663e-03
3.929757482761253584e-03
3.740116373643687098e-03
3.538153937119759007e-03
4.040624828357763931e-03
4.060113091324701884e-03
4.081549227661795953e-03
3.980285005105166363e-03
3.986943564282086072e-03
4.154554766683027367e-03
4.267601852990132727e-03
4.353846589211229912e-03
4.215994406863821098e-03
4.230792318105081051e-03
4.346689336403919413e-03
4.178530741177688412e-03
3.881811203618745765e-03
3.955530846078580964e-03
4.005805822894892287e-03
4.182052094077626236e-03
4.059011519279565050e-03
4.082842983230250411e-03
4.066122337067490378e-03
4.188605505359710435e-03
4.057645443841018107e-03
3.860891888441742026e-03
3.912834422487243557e-03
4.053013066621424798e-03
3.936756240800143303e-03
4.041076352090833268e-03
3.985821621217411348e-03
3.903378954782432686e-03
3.941150964403838941e-03
4.187971584425298488e-03
4.305758353747357603e-03
4.358418154640553155e-03
3.933810036511609098e-03
3.733427238688413752e-03
3.489649934658167751e-03
3.231293511758437376e-03
3.111578193257358294e-03
3.105385109319236392e-03
2.874038681827784103e-03
2.713384181762812375e-03
2.830262084812851242e-03
2.964603880690752646e-03
2.900037595567006576e-03
2.859948211190399547e-03
2.967141920800386856e-03
2.696853247799779751e-03
2.695886823776305619e-03
2.548540339200933147e-03
2.605265312803695110e-03
2.840882006936773507e-03
2.924847983080347547e-03
2.738189422855974442e-03
2.311545435683903804e-03
2.288146494902498773e-03
2.399282109775136007e-03
1.700680004036669857e-03
1.622744557896460549e-03
1.617592188058125657e-03
1.353291802177025716e-03
1.135105772320343931e-03
1.025365213485507354e-03
1.186223107553452394e-03
1.262096452809835512e-03
1.221937038058840130e-03
1.019720506921117931e-03
9.029558632089873527e-04
7.681743047447397998e-04
8.566583964961793640e-04
7.463425892897390668e-04
5.784549129730365280e-04
2.596523639883940859e-04
4.057367820502477684e-04
4.469023999282839554e-04
6.222674681461981550e-04
1.193610869722583345e-03
9.493713948813820025e-04
6.707399904630761966e-04
1.133362640572954660e-04
1.812584514757631382e-04
5.808394277835304820e-04
8.758901343384195570e-04
5.892031318373014415e-04
8.296475045197482245e-04
8.495636328760269862e-04
5.949636370834454624e-04
8.113012598798263753e-04
1.060916596982153237e-03
7.259689560052962065e-04
7.280183331284106885e-04
1.174396894763063415e-03
1.015716732161386915e-03
1.313943737774714293e-03
1.361316042670424054e-03
1.700754248887825781e-03
2.076388156440955868e-03
1.914200091016837746e-03
2.322226694801976521e-03
1.777353908273937577e-03
1.369674493156836093e-03
1.546409339752585765e-03
1.852461427316320908e-03
1.685970615851850596e-03
1.868989789398867174e-03
1.720455739683934837e-03
2.155385037645451973e-03
1.961449855272690002e-03
2.769384262248486550e-03
2.035467439873706041e-03
2.231591266284027597e-03
2.283318171913073513e-03
2.157242488844524075e-03
2.826559389490945762e-03
2.428934073059885179e-03
3.105757364397554454e-03
2.412198737087756228e-03
2.632886347265994686e-03
2.700528403742907813e-03
2.680314646868353634e-03
3.483916592135649637e-03
4.883102058321320271e-03
3.796376287646729963e-03
4.672548410068699809e-03
3.720036588968689273e-03
2.598792270006811123e-03
4.119809890299030997e-03
4.253884858292700244e-03
2.476155306363025943e-03
2.194416160603118726e-03
1.781712609935759417e-03
1.881534929268902090e-03
2.646000032577866534e-03
2.500416740625510670e-03
1.821227352647447617e-03
2.199640812059477923e-03
2.463043620240412679e-03
3.040012012575310507e-03
2.254345829674875290e-03
1.208147859260044754e-03
1.811242157400805297e-03
1.513963361033709987e-03
2.556826678222101634e-03
1.710771769993790770e-03
3.132764391731157616e-03
2.844705193226104711e-03
2.073776410475680620e-03
3.130844219756845348e-03
2.098636578968360311e-03
3.214184258182761766e-03
2.040471503384821972e-03
2.462365819654976917e-03
2.021088786710478757e-03
3.103141460014668951e-03
4.068901007415526294e-03
2.904309798267057374e-03
2.624948499618362519e-03
2.929576302132197441e-03
2.722146346030740460e-03
3.925330555403228061e-03
2.117996505025310228e-03
3.335865336780763357e-03
3.128259038742697840e-03
3.541403936998754887e-03
2.224275406322639981e-03
3.682126243525374321e-03
2.803272409790835695e-03
3.763572214945831718e-03
2.986468148490573071e-03
3.079384668320805929e-03
9.102729257737252055e-04
3.471626799435689747e-03
2.055809548633824591e-03
2.522422464001472520e-03
2.583542801435356751e-03
3.081623667489097329e-03
4.634029984648790901e-03
1.230118256351886430e-03
4.790624682084576591e-03
1.241183622529895558e-03
5.789309831652822425e-03
1.329613479781777130e-03
2.741935516237248294e-03
1.939894042330081447e-03
2.079257394641764733e-03
2.443984397516807405e-03
1.752814313612738317e-03
2.130294208116723098e-03
1.399246178127810936e-03
2.135348974907635977e-03
2.296204908533105993e-03
-9.874638731472984432e-04
-4.627855204457631544e-04
3.028798269319565861e-03
6.197050183711638738e-04
3.858750696074331188e-03
2.714113822388064534e-03
4.083290866163657995e-03
6.541339286894043425e-04
6.983085009935052767e-04
1.884953370663744465e-03
-1.141437140628198676e-03
2.058325431123719795e-03
-9.578104783392049626e-04
-1.112779304474287301e-03
4.240215067983221786e-03
3.094377994974806256e-03
-8.746053703641010202e-04
5.584126360147045887e-03
-9.199846498972874542e-04
-1.411314117333972717e-03
4.165323085270067338e-03
4.473396224919490294e-03
2.130019169854335814e-03
4.004300442205455113e-03
5.149249746046358212e-03
-1.438258648676971063e-03
6.293858104071681225e-03
7.508237220546831736e-03
5.414115349289261303e-05
9.553528364645735849e-03
2.303007009071045275e-03
2.778199748226128918e-03
3.262879391050077516e-03
-1.525872004042305718e-03
4.491890832903244757e-03
2.355978341630482475e-03
8.705646321054416603e-04
2.057633178967677168e-03
6.369777865895542845e-04
3.499431230834737505e-03
3.140764040505672483e-04
1.460960158231827677e-03
5.210407497549418565e-03
7.018927067747426918e-03
-5.589087758693267460e-03
5.009141977317277394e-03
-7.951609937526527006e-04
2.690189071373971785e-03
3.003757618449398592e-04
3.529401495349304696e-03
3.484561359701210392e-03
-7.437870720732320251e-04
4.485222366366059532e-04
-3.625112153571308227e-04
2.277880144983868149e-03
9.361198841570939067e-04
1.770956324305572593e-03
5.201653018992224986e-03
-5.058599852758582927e-03
2.772577217441174469e-03
-1.231535540523687189e-03
-1.162288877816664012e-03
1.013372335528117674e-03
1.143538032260416060e-03
-2.740716309283186547e-03
6.272006615065883750e-03
-2.397292109940885041e-03
6.008107262017503558e-03
-1.056894673645558669e-04
2.386939169237045633e-03
4.681280642696350469e-03
-1.565807381354034078e-04
1.045404909389979764e-03
-1.497051662243009673e-03
-3.547128941530530710e-03
-2.052456842385197433e-04
-2.529194992638927886e-03
1.462348897574461404e-03
1.365566113795679826e-04
1.690138237421479062e-03
-2.976386463666713666e-04
1.107434153322373049e-04
-4.311295118597513465e-04
-5.101759071997058470e-04
1.180099984043891936e-03
7.812765554247036448e-04
-1.296678889478375396e-03
6.285755415203819751e-03
1.879965476230704979e-03
-3.819703611790181697e-03
4.283952155148540442e-04
-4.043760631288861873e-03
9.494359561759146970e-04
3.258000145809347714e-04
6.205472800591138594e-04
-1.068300080465878210e-03
-8.071415358168465559e-04
7.796810985292168539e-04
-4.347688216364442582e-03
7.492470365747294636e-03
-6.706642111367067116e-03
-1.176570638473872776e-03
3.437204202341170856e-03
9.409608960888604656e-04
1.299585781250112149e-03
-1.446401196932622923e-03
-7.255888890135064884e-03
-1.396181407921304185e-03
-2.806945294650198264e-03
-4.749669767392994402e-03
-3.283550207664021059e-03
-3.517837986101390868e-03
-7.462200265793139664e-03
6.742132513140042249e-04
-7.849382477189692509e-03
-4.516237155595792530e-03
-8.159972790821257149e-03
6.365522812723511947e-05
-3.655844615153114319e-03
-9.218070991249494028e-03
-8.527016811453957956e-03
-5.173206157907284108e-03
-8.297946989118010208e-03
-9.800633645915546310e-04
-1.251084009266012487e-02
-1.728593274336276409e-03
-9.944220932891045805e-03
-1.001322645004032452e-02
-5.549082266708804667e-03
-1.301325859881963254e-02
-8.887767142176095092e-04
-5.671002052709539498e-05
-5.379404512852570264e-03
-1.083425036835317101e-02
-6.623633520657978835e-03
7.633438117755630969e-04
-7.837561994148423139e-04
-1.159210765126994502e-02
-5.352480479188237439e-03
-1.244013910318475524e-02
-9.783849135484690152e-03
-1.063333903238827816e-02
-1.230370393370128212e-02
-9.537929714317439078e-03
-1.463511328714606208e-02
-4.667834679864313330e-03
-8.517026306385400147e-03
-1.102542752484225730e-02
-1.599899101657209499e-02
-1.095168942068180939e-02
-3.068729405669046173e-03
-1.600412848540200272e-02
-8.802587671859818386e-03
-6.128838873634023798e-03
-1.453234667039993155e-02
-1.240572506189208113e-02
-1.468555934476167835e-02
-6.978555658122775895e-03
-1.240316090198634313e-02
-1.414284068166882236e-02
-1.035332043297421123e-02
-1.127001349418232934e-02
1.701268809520595227e-03
-1.458194876650287242e-02
-8.734235550089231026e-03
-1.508582192516705334e-02
-6.583419856173389206e-03
-1.338187405511837014e-02
-1.730283568660606619e-02
-1.329398964065831024e-02
-1.447090685225926876e-02
1.741154817366918905e-03
-8.049984465515080956e-03
-9.461385169077907165e-03
-1.375406751995145171e-02
-3.341199395911154113e-03
-7.515191880458793605e-03
-1.198214274206010899e-02
-1.639961351276353341e-02
-1.067138089441277415e-02
-1.241813111037481931e-02
-1.076860797796941327e-02
-1.299120568547929011e-02
-8.777958833446231068e-03
-2.137358144988166231e-03
-7.902322777938231013e-03
-1.297391331335484566e-02
-1.243530432919826012e-02
-3.858336060455602734e-03
-1.538268445735901935e-02
-1.185177393145497859e-02
-1.946958506716756077e-02
-1.020817072940749526e-02
-9.282523677611731472e-03
-8.845265985562011934e-03
-1.145182292078361641e-02
-3.583966633420310188e-03
-9.566461685702520867e-03
-1.495461602888870090e-02
-4.392940363270980697e-03
-7.023803463340527742e-03
-2.117661664348746697e-02
-8.458680835015996990e-03
-5.664304199324288192e-03
-1.272909730805427131e-02
-1.512786794120923872e-02
-8.925949276662681342e-03
-8.058074597244502257e-03
-1.796722274308493184e-03
-2.022786928355735370e-02
-1.497064535054581924e-02
-6.062466177566783188e-03
3.002791891091760590e-03
-1.205322201237368773e-03
-1.465742895954891267e-02
-1.168295188810919427e-02
-9.367920043438004996e-03
-8.634456363509901422e-03
-6.277385828975301507e-03
-2.415797396549779208e-02
-1.822954422152633924e-03
-1.370176690301239120e-02
-5.596638475709347915e-03
-1.635647311046417585e-02
-2.193270628163812574e-02
-6.690493061035418521e-03
-4.999475736930936165e-03
-1.368970882185305271e-02
-1.084625478591538794e-02
-9.354524464284974528e-03
-7.607477399604878343e-03
-6.140286437221753602e-03
-1.022730428984131024e-02
-1.518719857763128900e-02
-8.167357222107707315e-03
-1.202915074579058441e-02
1.917658126635135574e-03
-7.720004087109266777e-03
-5.064587770758244289e-03
-6.305373403373781827e-03
8.784169673390351818e-03
-7.226617628948606153e-03
-9.965577803905389942e-04
5.211308532282465933e-04
-1.321903948027269848e-02
-1.852718256463159463e-03
-7.955546860538564857e-03
-3.483674077240372924e-03
-4.712693401275114269e-03
-1.378316609021057459e-02
2.704963518028957736e-03
-2.607870459075734004e-03
4.117792951539911428e-03
-4.328112167409692290e-03
-1.823771233781190659e-03
1.385577736953358396e-03
4.312137931208770425e-03
-3.367345210154581991e-03
-6.101509141393179902e-03
7.649424051412889725e-03
5.920969523258268197e-03
6.353559276150999580e-03
-4.470239252078123116e-03
-6.723755912442008764e-03
-1.181335326558130561e-02
3.021825457987681318e-03
-7.702158051791752058e-03
-7.011325369704834998e-03
-9.415083622724917944e-03
-1.103894580437092543e-02
-3.537483266828456152e-03
8.037517497063273453e-03
-1.587944748495218050e-03
1.378570305145876418e-02
-6.959543829998970921e-03
5.247834154676667140e-03
-2.440102555570256015e-03
-3.278690766643777010e-03
1.210767763062303715e-02
9.504509504261626773e-03
-1.282451066208611934e-03
7.851052756684850920e-03
-4.962783819483007619e-03
5.316778950924305747e-03
6.114478419494417949e-05
1.308284103941126375e-03
2.314353600624485807e-03
4.963821334480922332e-03
9.241388078784940063e-03
1.235682108551827696e-02
4.813282775950611381e-04
2.523654063361524535e-02
-3.942629045606160787e-03
6.540044606922812420e-03
1.934001554779518628e-02
3.901708662087166601e-03
2.844454470527368883e-02
5.689390036408337181e-03
2.490119610247365500e-03
8.384033425246073534e-03
1.950945191359743092e-03
1.442451619458440248e-02
1.141982491169768466e-02
2.089406558930884117e-02
1.860025175470791936e-02
1.921146771154313981e-02
2.735297924603230513e-02
2.477593253198095979e-02
2.302846813721837194e-02
2.322600833505106266e-02
2.544094530570140122e-02
4.305243268830860615e-02
2.724991169844459549e-02
3.382345645496798170e-02
2.599710263602172944e-02
2.539723249716674403e-02
2.005135712182015695e-02
3.639818834080843502e-02
3.616315858544538742e-02
3.179244237282885521e-02
3.322127391599227764e-02
2.993415256635501009e-02
3.794931912232391014e-02
4.213520643019785794e-02
4.060547553720539327e-02
4.487624639159237816e-02
2.570049285340392231e-02
3.708363172533424290e-02
2.555962682602075375e-02
3.666543469456939874e-02
4.420324237321704430e-02
3.766030620360671932e-02
2.350912846299824110e-02
2.836577914916160736e-02
3.231142105986695157e-02
3.823303479280015793e-02
3.638609295650985231e-02
3.913386404305096988e-02
2.976155357249110622e-02
2.906349615765213557e-02
2.969048096405746406e-02
3.888340244044385940e-02
3.820531581580643987e-02
3.984820040714964762e-02
4.252586954617454396e-02
2.821474997426953735e-02
4.594911712646476687e-02
3.876779587373535563e-02
3.784332907112153421e-02
4.120196890314531402e-02
3.567036611248308731e-02
4.098069027150330612e-02
3.556449149269091947e-02
3.760810301190042892e-02
4.203018426810700703e-02
3.980690546702136956e-02
4.015091921724200930e-02
4.414967026480587364e-02
3.683864666771619056e-02
4.407668876902048893e-02
3.898236909069741074e-02
4.381130765457186271e-02
3.967141899977999486e-02
4.539442570252916198e-02
4.340209337032829851e-02
4.168615501434658199e-02
3.788385312908815195e-02
4.204543678244476723e-02
4.917529699166323098e-02
4.529434069893367720e-02
4.624423471230576510e-02
4.319596899291466841e-02
4.953453670676655207e-02
4.058404029135287416e-02
4.992043635883192110e-02
4.608473453466377379e-02
5.742973076077850791e-02
4.364415412179623033e-02
4.672939984151014414e-02
4.765903379183411559e-02
3.621926516349294189e-02
6.170538702616701343e-02
4.408201070464823346e-02
4.333446137291963041e-02
4.287188047812051650e-02
4.055839683197826062e-02
4.472615087467390893e-02
4.171221520377521585e-02
5.155322836735365399e-02
5.109894575920437276e-02
5.168100182667156872e-02
4.742464333009932531e-02
5.123247179400891582e-02
5.142882505137613691e-02
4.545997713280280905e-02
5.100822944899618960e-02
4.784803876337395678e-02
5.234530152440619588e-02
5.385797987329521419e-02
5.081096400828588600e-02
4.840255560359274511e-02
5.058424139614503545e-02
5.380685655250605492e-02
4.890863196591599404e-02
4.587458850237968733e-02
4.933683917837550226e-02
5.526048844286046702e-02
4.911967318236420965e-02
4.780851404294761409e-02
5.385905001868040998e-02
4.990234520004976915e-02
4.886096963846942032e-02
5.601951650117653614e-02
5.574143170427214855e-02
5.387642786493440639e-02
5.053256122914184800e-02
5.447598485491456088e-02
5.763555648003171328e-02
5.509671519138548135e-02
5.001481346102565340e-02
4.771038839422026001e-02
5.281993562439257772e-02
5.629211436533276824e-02
5.304890319297328460e-02
5.186517850932670370e-02
5.125133479910681800e-02
5.545843613527345894e-02
6.114726021037819592e-02
5.863762765350211126e-02
4.813804626354656335e-02
4.870444040014199061e-02
5.045339876307108895e-02
4.778499979858308322e-02
5.662426100388406880e-02
5.173601421099682796e-02
5.291177093565657685e-02
5.610500341983826189e-02
4.944706770250562045e-02
5.000548574475827124e-02
5.820189042112300370e-02
5.146334865123858293e-02
5.963965118060032822e-02
5.329270262693830418e-02
4.924215599447956393e-02
4.881328037809140596e-02
5.912578523704636879e-02
5.357391794249499739e-02
6.090950416487572738e-02
5.780186517781249478e-02
5.767052318351240103e-02
6.238934471447565855e-02
5.800805852319523837e-02
6.270959782488771950e-02
5.994965019818954133e-02
5.959546670835402793e-02
5.896647181530267900e-02
6.173475041993992107e-02
5.873284616041773987e-02
5.898317137815167754e-02
6.462341536445759260e-02
5.403162026826491271e-02
5.368473248286420585e-02
5.184491129112211993e-02
5.566695314796499261e-02
6.104316612449656176e-02
5.710701225158709704e-02
5.378755844621618820e-02
6.190789941858287904e-02
6.053893056398473860e-02
4.865793383241623360e-02
5.887541433183551831e-02
6.016574212121694742e-02
6.238250132236489165e-02
6.359342300757786504e-02
5.949843177553448825e-02
5.083352751449954354e-02
6.200552823717231377e-02
5.465884822841182711e-02
5.659019800639475406e-02
6.306293196307644067e-02
5.286209086694748649e-02
6.962627292848999616e-02
5.642812410162090231e-02
5.850515063196981558e-02
5.674918974556764084e-02
5.810174595668904374e-02
6.586622795032948119e-02
6.484825002344818401e-02
4.946334462121626530e-02
7.016418949470271116e-02
6.491315141758668972e-02
6.152173633591218049e-02
6.665154716547672109e-02
7.216302446015276928e-02
6.924830062533970931e-02
7.055910052020308854e-02
6.876489357740522834e-02
7.353269623767744179e-02
6.143478500706267553e-02
6.781848543552682074e-02
7.840001909421978610e-02
8.186331735795482345e-02
7.185012914439736775e-02
7.417909916987763808e-02
8.591040388839932262e-02
7.754584078621817866e-02
6.538085798918835678e-02
7.946650013886369379e-02
8.084785997006527225e-02
7.673229149174654040e-02
7.713357625715744348e-02
8.203310216042858372e-02
8.413618157924274144e-02
6.691054560272080565e-02
7.996529786727402112e-02
7.932248939034369783e-02
8.273449170754787474e-02
8.256246655259413814e-02
7.900768040163397288e-02
8.335498796829998724e-02
8.492714736380468921e-02
7.706188513607070689e-02
8.763368310961894281e-02
7.695386161296013938e-02
8.422940127230882368e-02
9.340059247515686280e-02
8.593385493563410193e-02
8.318106529512592218e-02
8.939705167425993082e-02
8.321016314504614542e-02
9.009143586409473770e-02
8.698317183628567761e-02
9.144143058838860583e-02
9.570606566440398311e-02
8.645576894465500928e-02
9.894964387094251634e-02
9.068993246521417362e-02
9.466635693506475491e-02
9.332565829832306648e-02
9.451194265944540263e-02
9.916489628129454559e-02
9.439656172902965992e-02
8.796443005484322342e-02
9.341341485357679275e-02
9.058708013792626801e-02
8.940194064774376059e-02
9.127588708778322513e-02
8.467965270990163162e-02
8.223411859217799602e-02
8.400324174536910604e-02
9.155635029684017212e-02
8.776301237711470193e-02
9.267909854090161659e-02
9.210905777626310353e-02
8.476912454700036292e-02
9.039783634678855151e-02
8.421572585256287269e-02
8.529630831220602616e-02
7.887505259044003125e-02
8.275168380962405479e-02
7.970114405066741625e-02
8.302908281329868245e-02
7.698166455271504560e-02
7.457615855867194554e-02
7.340963939876843369e-02
7.333257935493442403e-02
6.981704541517874674e-02
7.836054863077723809e-02
7.543627798424257236e-02
7.613168230230238365e-02
6.872870000118913580e-02
7.653725101459674107e-02
6.842780878860343918e-02
7.604997580960137782e-02
7.658632868307080344e-02
9.194260885823846152e-02
7.596290837042207755e-02
8.128391093851572435e-02
7.969249886392759663e-02
7.593406879146158417e-02
8.200515102126670897e-02
7.787608267702728071e-02
7.692001487554511741e-02
6.919916011123072863e-02
6.989207375921635546e-02
7.309872502396075333e-02
7.839901861158526941e-02
6.701904588609375324e-02
7.261768240482524561e-02
6.566315974979497483e-02
7.126375785629290860e-02
6.718449399968795532e-02
7.089338527980793003e-02
6.050744656137885258e-02
6.777457912568518594e-02
6.944979904332448939e-02
6.823154507262785273e-02
7.029999580032741946e-02
6.106129362789491921e-02
6.791823759306847563e-02
6.557860169887863577e-02
6.736167603403497850e-02
5.334808184967076983e-02
6.451229064512054023e-02
5.979751193168159062e-02
5.897353604259736315e-02
5.652407283350546763e-02
5.846306008438917345e-02
5.640642282955043996e-02
5.811799607489209762e-02
5.010361303955557233e-02
5.654760124806834654e-02
5.642280524037346368e-02
5.875287497935577363e-02
5.179858104593382251e-02
5.141145869411900549e-02
5.561518191112480025e-02
4.747404890123307908e-02
6.490888290272067707e-02
5.172647150499498636e-02
4.781613053547673076e-02
4.996375899750660210e-02
5.363407686707866162e-02
4.442278477024164118e-02
5.489737096073721290e-02
4.896746537591845083e-02
5.311684890475909526e-02
5.282246749619368131e-02
4.614559340624069250e-02
5.482747320066660990e-02
5.720682605106564012e-02
5.116348132122006120e-02
6.067315672192918896e-02
7.186817617788854307e-02
7.842545942347012300e-02
9.212739692898708199e-02
1.001122151672788618e-01
1.142687528746266779e-01
1.233660619377534573e-01
1.177661423949540875e-01
1.201213444099757943e-01
1.171176237270685760e-01
1.187870328165057110e-01
1.277508972850021074e-01
1.216941559274200557e-01
1.264763862895819102e-01
1.316069424301704593e-01
1.308787952914136632e-01
1.327861068383242582e-01
1.319471163739001085e-01
1.310915193772954623e-01
1.310596218286028680e-01
1.359321474214518766e-01
1.389984348545874049e-01
1.365231876243058196e-01
1.386318296307282871e-01
1.361877635986270541e-01
1.399784977309246337e-01
1.422022910742182233e-01
1.394376313423379976e-01
1.360147070131003666e-01
1.371449365193622150e-01
1.295669124283986839e-01
1.368904195780182853e-01
1.321016934327117198e-01
1.301395453215499209e-01
1.266357495549765844e-01
1.323887133287477980e-01
1.276499689380674596e-01
1.303249619886459598e-01
1.324122397709763810e-01
1.314863180755718730e-01
1.305134153622944382e-01
1.335059793687323193e-01
1.320545556070777948e-01
1.292784575614653875e-01
1.293671656929902269e-01
1.333003861280097624e-01
1.328698835970714143e-01
1.296225276840630158e-01
1.330597276788649808e-01
1.311530791017823105e-01
1.306175500634543241e-01
1.289258900754397530e-01
1.302072856396714329e-01
1.299989628859687940e-01
1.307614513827433100e-01
1.326412889852370824e-01
1.324229228957367610e-01
1.315936631498049181e-01
1.314406424755922842e-01
1.299563083602226499e-01
1.294320472140162437e-01
1.305246140672871036e-01
1.307719684735637600e-01
1.291248220954477333e-01
1.329217583374662226e-01
1.312511755088969778e-01
1.315271823683596963e-01
1.324616053321285847e-01
1.351886922613152464e-01
1.350834350975134157e-01
1.335580687812782941e-01
1.342860327395811737e-01
1.341722028568499425e-01
1.324079165409539627e-01
1.337567326434987436e-01
1.335025259287920818e-01
1.308377305231900323e-01
1.313432548647908149e-01
1.362004011286943594e-01
1.369521608243662314e-01
1.366878642751627737e-01
1.378800114516005593e-01
1.309805476344374497e-01
1.318410341760136717e-01
1.335357059634061372e-01
1.333294496966308529e-01
1.324991271104831725e-01
1.343470823901711242e-01
1.328063290395249396e-01
1.340450616150370422e-01
1.327996209967405861e-01
1.339799720543224382e-01
1.317315475299336569e-01
1.309295692551586399e-01
1.320573367827684308e-01
1.317527477032518490e-01
1.328685025544391607e-01
1.333608433222019940e-01
1.296869849585435830e-01
1.294157727690254944e-01
1.326451472557232947e-01
1.338392439054443273e-01
1.321300267120166794e-01
1.322320918357577924e-01
1.336485790080708114e-01
1.311510781192444242e-01
1.309389318305527183e-01
1.293719313390777614e-01
1.320371242281561663e-01
1.290277185329387066e-01
1.302039962609722323e-01
1.318579158012322949e-01
1.300228688445059788e-01
1.288232663234918363e-01
1.319573986383915098e-01
1.288346984495243319e-01
1.293134135585036759e-01
1.292488921679577629e-01
1.307827774694763079e-01
1.309143970052097927e-01
1.317973622838497505e-01
1.318064279905843961e-01
1.304262335519048577e-01
1.314009205543795744e-01
1.304747898246274573e-01
1.309307416100100596e-01
1.312476081607494294e-01
1.316449273899289452e-01
1.319806221342352259e-01
1.309188413910256088e-01
1.314428148165829313e-01
1.306663830786085612e-01
1.301754456631760704e-01
1.311472879267796543e-01
1.306458114621280586e-01
1.309325429415650888e-01
1.323084213472895954e-01
1.306209171408694303e-01
1.342621938131838277e-01
1.314266606345801947e-01
1.322034497818389553e-01
1.286697872561184397e-01
1.310660230334992349e-01
1.288797263938503690e-01
1.302396124819473755e-01
1.291695489672246566e-01
1.286546793170959546e-01
1.293512575330293402e-01
1.282017682025946570e-01
1.292107161355300349e-01
1.289280754823369790e-01
1.306097474039074058e-01
1.299503546104556762e-01
1.306382171086859501e-01
1.286101898509430796e-01
1.279742088128879018e-01
1.266985779197824513e-01
1.271051885319645081e-01
1.258597503181544397e-01
1.260400044920846341e-01
1.250180541933083589e-01
1.263407888348488939e-01
1.251650586708450419e-01
1.236860821092626850e-01
1.269762443144806241e-01
1.261460136116010489e-01
1.251301212975199917e-01
1.251232504604153917e-01
1.237246007166721284e-01
1.235430209499543963e-01
1.243116833731701121e-01
1.233507523177657106e-01
1.243433296695712897e-01
1.231767795451155223e-01
1.209574422677839323e-01
1.225131597642299397e-01
1.205674287497568997e-01
1.222826274245711886e-01
1.222570983371014108e-01
1.220079342362634378e-01
1.217966168688722206e-01
1.213915107523870773e-01
1.200673833661252132e-01
1.191526443112049805e-01
1.191717677227046579e-01
1.181375920080149911e-01
1.188489369625855829e-01
1.190830353157164012e-01
1.193913567483182447e-01
1.192320867140210794e-01
1.171431131054525565e-01
1.178976261126329916e-01
1.165999777409130189e-01
1.180127199750327094e-01
1.173668190217860285e-01
1.165152433167815360e-01
1.183154230707756938e-01
1.159369453701977193e-01
1.177977242911580902e-01
1.169498873140710771e-01
1.158751139951004205e-01
1.169020476785682661e-01
1.140202566487857894e-01
1.150379788130582170e-01
1.156517495503930348e-01
1.150839962477334666e-01
1.145123607123892384e-01
1.137675622792411190e-01
1.125126361240056383e-01
1.145143884732551243e-01
1.130317175552768560e-01
1.129545269623939419e-01
1.113696639896026852e-01
1.102839809793341175e-01
1.103678621728878539e-01
1.109418032592230929e-01
1.103418210944386857e-01
1.100338326181962145e-01
1.097164400744254920e-01
1.088104832910925523e-01
1.088675657041608957e-01
1.090241663576829723e-01
1.077868974017928139e-01
1.089969222678188743e-01
1.071522487376217470e-01
1.074983047736584041e-01
1.055972053868572402e-01
1.060478028055840127e-01
1.061130563875121169e-01
1.059695929939152848e-01
1.041789017287690911e-01
1.035417254563260059e-01
1.044136710253109612e-01
1.049412207218818338e-01
1.042550160743473953e-01
1.041661757391523224e-01
1.043255320462712632e-01
1.034329355970502462e-01
1.036535840594385860e-01
1.017996149385922422e-01
1.039245906652190854e-01
1.028734356098031100e-01
1.023370049475680332e-01
1.021088914456633745e-01
1.006602540284564640e-01
1.012758820119188385e-01
9.997273760624736383e-02
9.946279844631078504e-02
9.851279876067664532e-02
9.849094307046968311e-02
9.751494635843016567e-02
9.787090443439794285e-02
9.747430457812278348e-02
9.678415469031520502e-02
9.565184512951496743e-02
9.558925508960136597e-02
9.544245561037456582e-02
9.443415598589588456e-02
9.522685196750479975e-02
9.402454054213826851e-02
9.450565378333131150e-02
9.281601958250007556e-02
9.210207577474172069e-02
9.166910573765285619e-02
9.041730960167448927e-02
9.152968279294526610e-02
9.030118981391588306e-02
8.978027504837982065e-02
8.911817348036343844e-02
8.905312130286979766e-02
8.673486312885714256e-02
8.712299960989966507e-02
8.568052752399957228e-02
8.553625752832694218e-02
8.592603561396394696e-02
8.494686614312563222e-02
8.517709984070265250e-02
8.411279759593526251e-02
8.487224944771476487e-02
8.400512244896418679e-02
8.251829779968922196e-02
8.228107965732256446e-02
8.177642681130947722e-02
8.095064527028483781e-02
7.992639844507465341e-02
7.992044764810479762e-02
8.004241713721960139e-02
7.889574500264195933e-02
7.913911430572184713e-02
7.765749281921685565e-02
7.784147152573872575e-02
7.719730686945780462e-02
7.650583297200341804e-02
7.545536339436864637e-02
7.455205495952910155e-02
7.419162115132138524e-02
7.552913048225562420e-02
7.356769185472700201e-02
7.355418021549198215e-02
7.340581343912333523e-02
7.232949340061978205e-02
7.249273709466308446e-02
7.197432790380986489e-02
7.096301623775858047e-02
7.089884594024553621e-02
7.098004946826108608e-02
7.036100094218511458e-02
6.992088698311604844e-02
6.917043291094060464e-02
6.890576217544719384e-02
6.746608437667944713e-02
6.677824754035910360e-02
6.735917133709534710e-02
6.664468698523151602e-02
6.547616360581542949e-02
6.534819448131656827e-02
6.487649215775803668e-02
6.381846921482292601e-02
6.359902749371926234e-02
6.352413275497070799e-02
6.249423330221759443e-02
6.254937915618086208e-02
6.139019881306495563e-02
6.125521897309127439e-02
6.133433528868437179e-02
6.049477921717993922e-02
5.893440471894351163e-02
5.921054528917935045e-02
5.804267264155527073e-02
5.780239686519905717e-02
5.764600883039250334e-02
5.656254412505035134e-02
5.636795941548200517e-02
5.614221409144448671e-02
5.515255570327681767e-02
5.485469694779609995e-02
5.460616074611124304e-02
5.409549580362238430e-02
5.373339341447547213e-02
5.281115823814985788e-02
5.229033363888646591e-02
5.207355138202274247e-02
5.109700633763836208e-02
5.065644841919691999e-02
5.031495981695144337e-02
4.969217364348565980e-02
4.946183255012215341e-02
4.903351224243479578e-02
4.800900464735136097e-02
4.813831232423737561e-02
4.794554700426800764e-02
4.707900456074298745e-02
4.641041992676164796e-02
4.618460766737797485e-02
4.574580550021423164e-02
4.500980574952251345e-02
4.499186854653913770e-02
4.414240384821610519e-02
4.350274311687485351e-02
4.322811641966950447e-02
4.270181509504666906e-02
4.182896239960953721e-02
4.116983125763695739e-02
4.127442784942658704e-02
4.085166262430206530e-02
4.001773308428369091e-02
3.970438060976988481e-02
3.897738766028169266e-02
3.800519036184368815e-02
3.793447517708514738e-02
3.725122365802491231e-02
3.661926599870213295e-02
3.608180085896606215e-02
3.544555379853875365e-02
3.470824444447018209e-02
3.431949726957128632e-02
3.400427579813936063e-02
3.326711116880431973e-02
3.239753641730658273e-02
3.173293245849251321e-02
3.208523413309904981e-02
3.189505106693957259e-02
3.154325733943608157e-02
3.106653242017998195e-02
3.014159335278421281e-02
2.919945019507252937e-02
2.900159697190929364e-02
2.761713398572851474e-02
2.791938003553440240e-02
2.790496623661198328e-02
2.690814051677392627e-02
2.529807060939148755e-02
2.499393133193095196e-02
2.604583190414899718e-02
2.443112909314137937e-02
2.279675660093261058e-02
2.195542089239310712e-02
2.332922418028715583e-02
2.431591097669283386e-02
2.023996307387321281e-02
1.916051924455430822e-02
1.876646783832569554e-02
1.848367452550192525e-02
1.880944911172477418e-02
1.640211869935725986e-02
1.564704306220221497e-02
1.485102093170098669e-02
1.388917131643552239e-02
1.373627330144344683e-02
1.387794145803056267e-02
1.151920296096875518e-02
9.305776821605604709e-03
8.850977571540852296e-03
8.384529028745646428e-03
7.466291111754230769e-03
6.426491957054025761e-03
5.523823266731398007e-03
4.305200031133438188e-03
4.958915838933819487e-03
3.801462219655604713e-03
1.952639491918262138e-03
4.228001811345194483e-03
3.760698475328894119e-03
2.972876461242890400e-03
2.981701594787722343e-03
1.713252929640418643e-03
1.816486468481315342e-03
2.283995533254312704e-03
2.450000000891350282e-03
1.296801832790350772e-03
3.497671423247084022e-05
3.958640380723466023e-04
1.304289160820815141e-03
3.316614097606418454e-03
6.456582285728984516e-03
5.957315798784890148e-03
7.879765873106236995e-03
1.138071054321443398e-02
9.896513553414365560e-03
1.150030025273096612e-02
8.964604471128012619e-03
8.323067836332853631e-03
1.172631228400788928e-02
1.332384953823861906e-02
1.628447845009972639e-02
1.394131757241368064e-02
1.358573309805777285e-02
1.477062550431185173e-02
2.012031448441575776e-02
2.482687365035474159e-02
2.526863853908878355e-02
1.889365165578382744e-02
3.066817284713607705e-02
2.502024216039444582e-02
1.728120821139000896e-02
2.123377565270700984e-02
2.785598628922514308e-02
2.771085776372217424e-02
3.398632844519866580e-02
3.012593474869262877e-02
1.582047323053714649e-02
2.431125977170722763e-02
3.549615023121788226e-02
2.683201223733888696e-02
3.043438119733110625e-02
2.463040446346198564e-02
1.211989168735883027e-02
2.052858871194374046e-02
2.198677398715531695e-02
1.284512748710042729e-02
1.693666291647133448e-02
1.731530723984420206e-02
2.023998762539847007e-02
1.745486095481041389e-02
1.873493579197216263e-02
7.655796249022017719e-03
1.692947044272230528e-02
2.025328331185249908e-02
1.754794019225514035e-02
1.296562093554243233e-02
1.093084599108351540e-02
8.499179973295412083e-03
1.305920314052144704e-02
1.154812238908320410e-02
8.861936635927492034e-03
9.676799700464755460e-03
7.889313496615812937e-03
9.237067617984706658e-03
5.085917764287017917e-03
7.683689261522630432e-03
1.101779764726629196e-02
1.465250496279679737e-02
5.969263511261146959e-03
5.143189785631108180e-03
6.661270568180555074e-03
7.828283931694102193e-03
3.803031143185364726e-03
6.205686655913922323e-03
1.035928068001013003e-02
6.992950030596745137e-03
7.808275953390619861e-03
9.939308066591934221e-03
1.891091217607154817e-02
1.870073863383225898e-02
1.982591186638060776e-02
1.030605647315496753e-02
8.829698847698352893e-03
1.041309678232238412e-02
1.665160709685409302e-02
2.566833131083612329e-02
2.716382242183712492e-02
3.084662763023260368e-02
2.808882165804149622e-02
2.370234932107351256e-02
2.067294986905920950e-02
2.233520478720407709e-02
1.615825587749597503e-02
1.518476827028081289e-02
5.300815763554567184e-03
1.129753478312878201e-02
1.253326014062139393e-02
7.712528503592608331e-03
6.473875979004617420e-03
4.663705407317308982e-04
2.863612588217989696e-03
-9.537208291696686047e-04
4.592667815398243647e-03
1.310999218410913159e-02
1.918273292224625948e-02
1.774720855514289042e-02
2.243080352695514534e-02
1.661301971357787011e-02
8.627179553663211209e-03
5.706664883696532797e-03
1.178999428930183058e-04
3.526316916374838684e-03
1.214502763009761566e-02
1.919032135691267626e-02
2.133591253205224803e-02
1.372958242607325019e-02
-6.605124137831097642e-03
-4.271875477130038234e-03
7.770206693734849068e-03
4.935154222209803265e-04
-8.902211091772471718e-04
6.775642852993257748e-03
2.347250601250294721e-03
9.595572669162777402e-03
3.896490588211065642e-03
4.133749325706759237e-03
1.030949697333127801e-02
5.639624917389340908e-03
5.885437401285997794e-03
6.462851120083712431e-04
4.493433857277295829e-03
7.124263155947829773e-03
7.046254590651557237e-03
9.330835334679932203e-03
-3.950633399590230965e-03
3.916661814901800653e-03
-1.362838825350820571e-03
-4.135764501143057714e-04
5.897043302240945195e-03
3.294588366195227991e-03
5.066431370902790832e-03
-5.894577132963263466e-03
-7.592964961105508337e-03
-2.118159193191360146e-03
8.136984162614879779e-03
1.286234554938303631e-02
1.501567179770901816e-02
1.185652072386389477e-02
1.104345675907580926e-02
1.153027406516571318e-02
1.756865818870778639e-02
-4.004878658090404997e-03
1.808418880805717777e-02
1.249143125169283053e-02
1.273136326889812153e-02
1.601590052988655088e-03
3.391506008512124026e-04
9.834837028499521239e-04
2.887986979231982332e-03
6.465367504443264579e-03
2.852362167402588966e-04
-5.511222651506386683e-04
1.516495550553997873e-03
-9.670647624915318374e-06
1.696685036876033337e-03
1.255242157369096390e-02
1.358735317345249882e-02
1.973779386986507234e-02
1.718392137851765256e-02
1.181316310221092181e-02
1.040446674945272321e-02
-2.376715751665159360e-02
-1.964892285345953837e-02
-1.337455844040036368e-02
1.094025505145523880e-02
1.334033924231192714e-02
-1.103822682193111859e-03
-2.309291191629370132e-03
8.104479459174029898e-03
5.596586516862345206e-03
-4.154531746188183661e-03
-6.245879539051202300e-03
-1.193794035923900765e-03
1.287166686886997979e-02
2.118344814677897148e-02
2.112914969866430681e-02
1.979320267316175830e-02
1.007527419534071100e-02
9.955131029816044475e-03
-1.956551617219304262e-04
-4.638286732163265924e-03
-5.218430709586385774e-03
-8.758767251052290703e-03
-1.849255912297564919e-03
7.599035010088073250e-03
1.419682961384793884e-02
1.842628601226969920e-02
1.403660941354623048e-02
-9.257187979880399098e-03
-1.685281754435408175e-02
-1.626163644668210395e-02
-1.419140778149241555e-02
-8.392053753311756736e-03
2.390089765333058835e-03
1.969638819602614888e-02
1.964900593705110055e-02
1.770549230518803085e-02
1.688742780155294554e-02
1.632520183744645692e-02
4.159586009661708772e-03
-3.496301204526375273e-03
-3.733458871277406388e-03
