-9.420810448387426650e-01
-1.587618226695289847e+00
-1.845527575439977586e+00
-1.871844240456743913e+00
-1.551014338055617392e+00
-1.086756455948012290e+00
-1.084461437268691819e+00
-6.716051026550681202e-01
-4.478238148038589661e-01
1.435195655981045051e-02
1.833932517318051791e-01
4.006743809031906856e-01
2.213394294627166470e-01
4.413818869483640550e-01
8.890017649776831288e-01
1.366383017182630333e+00
1.334138741577679532e+00
1.468004515393792397e+00
1.001604013104893776e+00
5.254382654365000738e-01
4.265744404702099812e-01
5.043090745628370231e-01
3.749236921429082159e-01
-9.953656997131594963e-02
1.082965431174947729e-01
-9.209075166197934481e-02
-6.224440323231693606e-01
-3.240213425530955593e-01
1.278526590338475266e+00
1.877655778467464565e+00
2.280832494320165438e+00
2.097195424978038680e+00
1.571738299368524716e+00
1.413598001206921140e+00
1.521779307541344828e+00
1.632646742248551330e+00
1.821768733004517138e+00
2.122978774976948646e+00
2.688797372947670183e+00
3.194723952108255993e+00
3.356265186580988935e+00
3.246641462088598828e+00
2.564162986685208256e+00
1.641527163268536205e+00
9.660102468239313289e-01
6.050830881449871246e-01
3.737638734612509506e-01
2.512703460910383213e-01
4.827870116602554496e-01
4.818014384475736711e-01
6.368724745211922222e-01
2.902657259417575353e-01
2.657152562569464749e-01
2.718925282041111391e-01
5.385378032574192897e-01
8.764303626648237699e-01
9.460851263720739812e-01
1.625126518406263321e+00
2.007203794162772059e+00
1.828185006900466592e+00
1.370032145680890601e+00
1.107602211586888652e+00
1.034080481285995168e+00
7.389394764399490612e-01
7.666144519500233123e-01
1.013425457410929820e+00
1.053880811006147056e+00
1.288015389538165634e+00
1.426123511329431937e+00
1.673239236579198375e+00
1.934488083646433987e+00
1.989760879208606337e+00
2.201047610693873668e+00
2.159197558513684001e+00
2.516235397116229233e+00
2.902606593159215986e+00
3.580639341878165016e+00
3.524292075969958304e+00
3.112468248331343279e+00
2.714309467596375924e+00
2.478143432860597795e+00
2.261477164592289757e+00
2.140631609626746812e+00
2.248587730614016511e+00
2.177470013759711165e+00
2.071802075593615733e+00
2.047039635479878328e+00
1.991874923915448958e+00
1.946315560113137222e+00
1.742230479228070061e+00
1.611039647725818869e+00
2.017225522668046889e+00
2.920623663157564387e+00
2.972517492354034729e+00
2.876998876988869913e+00
2.794500008981815053e+00
2.728902839047119500e+00
2.559253737488557778e+00
2.716055407960371593e+00
2.533239333185216768e+00
2.526089479656936643e+00
2.637952481027001639e+00
2.560114235899395574e+00
2.773414847878531209e+00
2.683803897934814664e+00
2.791010694074696818e+00
3.025113305441969658e+00
2.391038872093697254e+00
1.773797762319563320e+00
1.666426294185370915e+00
1.311097618333157300e+00
1.222396355486379482e+00
1.124165064141889436e+00
9.818452161328300454e-01
1.185760972665656166e+00
1.130809236016367514e+00
1.072662513950096486e+00
1.190388918964686571e+00
1.252748761729277627e+00
1.424623820612848313e+00
1.373587470674354716e+00
1.273143557891827982e+00
1.505361048418130121e+00
1.593977164565508975e+00
1.896285010494180634e+00
1.940101934751179424e+00
2.317372257717043915e+00
2.467168663980042087e+00
2.771908466898659107e+00
3.062880184065975175e+00
3.049497533405158833e+00
2.734321334781201429e+00
2.512018763870619953e+00
2.369447014438386567e+00
2.084674819241054688e+00
1.588344686529691074e+00
1.941319108644573355e+00
1.812813297694787718e+00
1.779942354933393478e+00
2.110897539216667784e+00
2.389282962316904957e+00
2.526502119091265985e+00
2.595750996526929200e+00
2.444489332457832731e+00
2.364330400972765922e+00
2.289064414211620768e+00
2.205916380223994722e+00
2.296385916328466781e+00
2.339716340556194041e+00
2.434447162307814327e+00
2.302328516291753946e+00
2.428141127731475279e+00
2.523791677028770497e+00
2.663960545397961788e+00
1.384947629912645972e+00
9.859172979148963512e-01
1.163719141688613679e+00
1.072550293124970189e+00
1.042028020567057123e+00
9.168267467422780426e-01
8.814951677728322110e-01
6.103484723167506010e-01
6.587077378577037567e-01
6.386021778726989062e-01
7.891400241051592657e-01
6.648188487506239142e-01
5.210569672073832592e-01
9.040419719970659296e-01
1.000916408947151837e+00
9.927990428223153474e-01
9.751382167058186834e-01
1.217003072715881817e+00
1.314165790633236686e+00
1.371388081989161067e+00
1.404762756820424840e+00
1.482121415687945643e+00
1.413115673023302765e+00
1.195894971629809511e+00
8.522637589201413899e-01
7.903514463926406552e-01
7.414748805560764655e-01
7.694920866990078157e-01
7.000388134023878273e-01
9.194067087018206186e-01
8.754249185861576743e-01
1.065831037139601811e+00
8.717842741338296397e-01
9.706237318816914872e-01
8.879317246511955197e-01
9.782264737340793381e-01
1.103974826944611909e+00
1.138136930823518744e+00
7.744331702965250308e-01
8.330858097819084929e-01
9.984320476639929609e-01
1.369474410637463002e+00
1.533289549042620159e+00
1.383485797357559388e+00
1.079122368525147646e+00
9.021681409840023314e-01
8.127922778720351182e-01
7.904428642551819539e-01
9.505492640522587022e-01
1.305287270448073134e+00
1.307573918998182982e+00
1.322068683715529991e+00
1.465305889296648845e+00
1.338526250349874935e+00
1.460164029019757059e+00
1.449909384040617422e+00
1.257000241783832406e+00
1.428733406500982017e+00
1.594816298697871115e+00
1.563329946759552946e+00
1.843922419303612781e+00
1.999042502266624721e+00
2.227396461692236596e+00
2.037342124304541979e+00
1.972796922353367233e+00
1.652929798864889666e+00
1.260270692260060166e+00
1.114919698148790550e+00
1.236862835955823137e+00
1.150740548362053417e+00
1.266629793681113059e+00
1.132637425488189686e+00
1.227157644999065544e+00
1.241617335549890955e+00
1.199693419763636859e+00
1.190158209862929084e+00
1.069327866882852751e+00
8.703116319810917378e-01
9.839268279258802652e-01
1.180080812160252623e+00
1.166041669063819342e+00
1.038699099295174566e+00
1.049944546476211826e+00
9.991146875475676037e-01
7.729378953525237739e-01
7.420105776597548664e-01
8.922225187684169612e-01
7.657897150654855434e-01
6.637898622116877867e-01
6.231672368097892489e-01
4.598924891692914851e-01
3.373449490235669312e-01
4.884711136442374535e-01
6.032674341763080150e-01
6.456224039599630649e-01
7.319650924115335133e-01
8.429873283015023588e-01
1.104550944431005322e+00
1.006127649731429985e+00
9.280974007934528203e-01
9.809903034821579881e-01
9.099614923863109661e-01
8.224245394616596094e-01
6.400157152272204497e-01
4.366932273644153484e-01
4.998290441364983683e-01
4.406913782074931563e-01
3.857596860858776844e-01
1.351681280224170389e-01
3.382723109502722668e-03
-1.325764604598168861e-01
-1.136799584907100258e-01
3.304434998402848433e-02
2.385349673149492478e-01
9.701414201137385784e-02
-1.329119958931680168e-01
-1.625819630147887218e-01
-2.215023564600363537e-01
-1.567350224390205160e-01
-1.324986381421988657e-01
1.212699932224824001e-01
1.951931072134801826e-01
1.702499066671326611e-01
-1.350453656822792614e-01
-3.283789194776871034e-01
-2.230978786533777125e-01
-7.914719358573843455e-02
-8.514351212039536487e-02
1.950249297033272017e-02
2.233407483673160998e-01
5.112824175052167464e-01
1.123109767479591570e+00
1.022034247459099099e+00
9.893041107588705918e-01
-1.814074464571664713e-01
-7.919831962117892532e-01
-5.773893883525952342e-01
-7.165821463334497432e-01
-8.630898060961913476e-01
-1.262748739124441189e+00
-1.469819264934873804e+00
-1.507638001393908134e+00
-1.663362245580551901e+00
-1.739025699772069666e+00
-1.791192535405693453e+00
-1.660857928679483120e+00
-1.782546115091185879e+00
-1.742726129571171345e+00
-1.869113020755959420e+00
-1.941638549764071797e+00
-1.919242695779922458e+00
-1.971556875211030180e+00
-2.097450983654156609e+00
-2.075134079931226339e+00
-2.268835236389267873e+00
-2.006421750022556072e+00
-1.899699571248638641e+00
-1.780368028163767047e+00
-1.692155586621453267e+00
-1.896581311259294411e+00
-2.149375999375821245e+00
-2.206063558634957289e+00
-1.773324231240533289e+00
-1.425798254982797886e+00
-1.317223400027851765e+00
-1.061640211288213731e+00
-8.583295017736537469e-01
-8.311203513925981001e-01
-1.053719287369033308e+00
-1.084822247556684438e+00
-9.959970094027583709e-01
-1.018747273617854887e+00
-1.204740934589641599e+00
-9.919890898552883307e-01
-8.448420222861054985e-01
-5.734155947393488884e-01
-3.563938329625411239e-01
1.370606034203442347e-01
2.816125574987285995e-01
1.516481549835938525e-01
4.634658288055151787e-02
-3.843842339611471814e-01
-3.829433372952953940e-01
-4.216150862220870987e-01
-3.783227862513434681e-01
-4.587775068229437703e-01
-4.677498964676232163e-01
-4.690658448829675420e-01
-5.277396743578747218e-01
-3.976923855247156969e-01
-4.186654462034964386e-01
-6.067439217094773296e-01
-8.143768797538742943e-01
-6.295683896553231351e-01
-8.088326535737626610e-01
-7.638496826090599434e-01
-6.765736343683431686e-01
-6.227107518421222121e-01
-6.953787756168819945e-01
-5.012844717445817944e-01
-4.706287967499442337e-01
-4.835325452574720795e-01
-3.045684624490196946e-01
-1.464391244074505938e+00
-2.274110141484575465e+00
-2.015772337414650561e+00
-1.999681203166910448e+00
-1.908797707204194616e+00
-1.898418521724833274e+00
-1.829988700555871928e+00
-1.926753782995672681e+00
-1.786125104890275539e+00
-1.797456131751431041e+00
-1.854315133336985166e+00
-1.811560398010184203e+00
-1.748428643498429302e+00
-1.610114316356416886e+00
-1.383967741667999407e+00
-1.302834645835189376e+00
-1.083044481401424397e+00
-8.020281257098387240e-01
-2.724132106503077133e-01
1.196439928194241997e-01
-2.280599638544574814e-01
-3.319809425735311681e-01
-4.663506644958835823e-01
-4.970286072036869673e-01
-4.751436570226490463e-01
-4.621272251542198339e-01
-5.742461493407610140e-01
-8.034036747920486610e-01
-6.640941187771252086e-01
-6.936027646602707097e-01
-7.741148707958518393e-01
-7.401360394231982776e-01
-1.081491367423942362e+00
-1.188250286051484084e+00
-1.489078347132652747e+00
-1.557434470802962601e+00
-1.612695849219949462e+00
-1.948435188077372704e+00
-2.220704641447236227e+00
-2.384423985082083419e+00
-2.388431784650674405e+00
-2.241983147342120120e+00
-2.182104766615905689e+00
-2.216155396334385408e+00
-1.910739413637847273e+00
-1.609716215857815103e+00
-2.000713433262205854e+00
-2.006160825507363299e+00
-2.081492588940445643e+00
-1.930884894902360704e+00
-1.749891277068653439e+00
-1.790162797326153132e+00
-1.845292232075023797e+00
-1.591932263710066131e+00
-1.815715629304428980e+00
-1.739750766820157946e+00
-1.762425733762634117e+00
-1.993179597180123608e+00
-2.331424543959339513e+00
-2.522979931483293914e+00
-2.342333869093951026e+00
-2.444307381301165982e+00
-2.650376508490499550e+00
-2.523035141122492497e+00
-2.747738577080914624e+00
-2.766370325063889801e+00
-2.945329345941308130e+00
-3.002000772399739947e+00
-3.141504885217001330e+00
-3.134455585664885024e+00
-3.524369074244072308e+00
-3.915463945287096070e+00
-4.066299815325424838e+00
-4.070243347642271914e+00
-3.981099299776309941e+00
-3.871559986850459989e+00
-3.860931600786042583e+00
-3.893607685263303253e+00
-3.772306030586149106e+00
-3.528723663634488084e+00
-3.287786914655680182e+00
-3.148340481796130685e+00
-2.927307907632992645e+00
-2.545337619127069573e+00
-2.220271511513894680e+00
-2.089971593016668905e+00
-1.955956807539315001e+00
-1.885629927402420414e+00
-2.002329353836830972e+00
-2.045139330475903350e+00
-1.761513774962708112e+00
-1.813356890230616081e+00
-1.829296237898387689e+00
-1.752553178110294541e+00
-1.673967143109321931e+00
-1.730067393921668195e+00
-1.780544215654562112e+00
-1.774060275928513564e+00
-1.641555976473865197e+00
-1.680825201244330547e+00
-1.685461147132888415e+00
-1.839842893731204354e+00
-1.715213482545933310e+00
-1.742325847903677838e+00
-1.523468723434955541e+00
-1.401760282205091412e+00
-1.232740155753566880e+00
-1.289669790361750668e+00
-1.437713141941954875e+00
-1.408751656983638023e+00
-1.531440950207482388e+00
-1.447304567692944799e+00
-1.499048186626286139e+00
-1.496146853783848485e+00
-1.223971330141062630e+00
-8.600320506784890906e-01
-9.334172831119897928e-01
-8.509821862498355705e-01
-1.348658858699375740e+00
-1.791736180486385610e+00
-1.909076268612189597e+00
-1.885917202285589234e+00
-1.716504257446767934e+00
-1.705404844029555056e+00
-1.659812819819964869e+00
-1.982300666733165739e+00
-2.035546226819306526e+00
-2.214126532770596345e+00
-2.102266157406611935e+00
-2.136269163839568108e+00
-2.205205234384869151e+00
-2.089335991055527142e+00
-2.154800275956164857e+00
-2.624129963645548624e+00
-2.759829551531391090e+00
-2.878454497764951103e+00
-2.815246619058318966e+00
-3.019655468499481188e+00
-3.066103524647889156e+00
-3.331659215410207597e+00
-3.238456962485460888e+00
-3.170623983218198383e+00
-3.327831524998029700e+00
-3.198366299009394176e+00
-2.802763722297402449e+00
-2.539022323410328852e+00
-2.546490476910695744e+00
-2.810395775681074682e+00
-2.710883751263123198e+00
-2.814316769866797685e+00
-2.793114084421698617e+00
-2.838377952710300356e+00
-2.820657168976870910e+00
-2.769276158797803866e+00
-2.786743178304984081e+00
-2.824526134264194521e+00
-3.065109077880377342e+00
-3.134257258931421930e+00
-3.007320260847084814e+00
-2.840192728921564491e+00
-3.109846021947129557e+00
-3.014016673550004910e+00
-2.927913077962326582e+00
-3.015567826122676376e+00
-2.918023979181971317e+00
-2.935050220312561464e+00
-2.955917597021462839e+00
-2.827418210594893289e+00
-2.826792905388917365e+00
-3.009698698721711363e+00
-3.068997693404681204e+00
-3.034760356980017448e+00
-3.301564486199445980e+00
-3.272389598284046297e+00
-3.224349011786438179e+00
-3.419437442773648250e+00
-3.233290365674116096e+00
-3.346621978277244835e+00
-3.384620664573054327e+00
-3.388820122778971378e+00
-3.424061501270095675e+00
-3.364737911842565765e+00
-3.278236231472526185e+00
-3.488743687664514148e+00
-3.364220738911209985e+00
-3.409974801603866901e+00
-3.458506108061007112e+00
-3.398325411976614419e+00
-3.128650003178561789e+00
-3.164314701078698278e+00
-2.826051759377576467e+00
-3.095440045991935563e+00
-2.945529167157719730e+00
-3.152289267010761176e+00
-3.028283047438108611e+00
-3.120489098554225738e+00
-3.188716667029195317e+00
-2.978514665471697409e+00
-2.847581477765660285e+00
-2.871703794735604998e+00
-2.912442462097365681e+00
-2.884880898445297603e+00
-2.714680576712374283e+00
-2.568201255430909935e+00
-2.334804722328945648e+00
-1.968178161765706591e+00
-1.887952297671305679e+00
-2.174191800753205950e+00
-2.332330763909147286e+00
-2.501379413104505733e+00
-2.592830892516583052e+00
-2.598720636054566491e+00
-2.590940088281521447e+00
-2.629635671043713430e+00
-2.513168278114774168e+00
-2.450596501704135566e+00
-2.216461663397286674e+00
-2.218068890159123452e+00
-2.256485931279604173e+00
-2.180632603502180356e+00
-2.115872261970909829e+00
-2.202588924211046351e+00
-2.518465653646090097e+00
-3.144190508143427376e+00
-3.724637754046892457e+00
-3.577777290935546528e+00
-3.007162271282205701e+00
-2.908046973952364667e+00
-3.106258035910505200e+00
-3.399790080778042789e+00
-3.332168929438738214e+00
-3.461134258196119973e+00
-3.813114314584052256e+00
-3.790655325875360138e+00
-3.954253615354395457e+00
-3.961939223630178919e+00
-3.784942085105001297e+00
-3.906190381778270382e+00
-3.664989092144599780e+00
-3.681105460587216438e+00
-3.721808713668449897e+00
-3.746594180441855659e+00
-3.794946268242996190e+00
-3.709581821868204621e+00
-3.484642226894961947e+00
-3.365234120547035523e+00
-3.427298891268094394e+00
-3.580436411420957032e+00
-3.894830589067135751e+00
-3.793454176153431945e+00
-3.946553214498877082e+00
-3.671307933175109728e+00
-3.596051557040771396e+00
-3.596753239959665560e+00
-3.481758524518606457e+00
-3.491890691887089115e+00
-3.393772298553972444e+00
-3.448829593335234645e+00
-3.596344247972597330e+00
-3.525395712233852841e+00
-3.476771029469389873e+00
-3.591366772877502722e+00
-3.336309236167298575e+00
-3.219070585520784622e+00
-2.873621775761152630e+00
-2.467417940962699507e+00
-2.473689485777791575e+00
-2.183916663046761908e+00
-2.189912673757411277e+00
-2.320277601516106625e+00
-2.283964231708370374e+00
-2.306903228197415334e+00
-2.483430631900370500e+00
-2.506154692573188569e+00
-2.528222701900973313e+00
-2.486154231850657315e+00
-2.612258596163476110e+00
-2.755609380025901611e+00
-2.589933669313404963e+00
-2.505917616120314939e+00
-2.246912644543733961e+00
-2.562825978418448170e+00
-2.572051705903283469e+00
-2.366249821517218077e+00
-2.223106052240933384e+00
-2.187698274342080751e+00
-2.033841568663598665e+00
-2.081206436078746780e+00
-2.251747115835700086e+00
-2.198385371404012911e+00
-2.201555169063101669e+00
-2.257127486150977358e+00
-2.521302250055560634e+00
-2.472906410351503936e+00
-2.374075728807363728e+00
-2.498809898536842322e+00
-2.509422114403593529e+00
-2.461557270472169101e+00
-2.645739645189563394e+00
-2.631617694994733192e+00
-2.805453462971775114e+00
-2.773188425271156277e+00
-2.789948985837957807e+00
-2.545144437966929019e+00
-2.177420326003643325e+00
-2.169492026017044939e+00
-2.154495530255857716e+00
-2.129320005559376394e+00
-2.006312170484876312e+00
-1.757521006431624899e+00
-1.532966170295407826e+00
-1.315727212795534617e+00
-1.123973828968124922e+00
-9.972659317368284260e-01
-9.951990024171859517e-01
-1.568732242733319682e+00
-2.224928330237328833e+00
-2.636740376856723245e+00
-2.674530910625211089e+00
-2.639591458963026938e+00
-2.628172086428531617e+00
-2.809894919204383612e+00
-2.963423626127276833e+00
-2.928317244209893033e+00
-3.022482133295006257e+00
-2.985528615646934725e+00
-3.003401234423307198e+00
-3.059117747240709839e+00
-3.168664409351217959e+00
-3.296956670308315740e+00
-3.409055253767628191e+00
-3.381487257683558845e+00
-3.380592879777653881e+00
-3.478731570558147634e+00
-3.645878212853459921e+00
-3.520601699402864160e+00
-3.632814745363482700e+00
-3.614725316815113221e+00
-3.597843616221433116e+00
-3.846703074930118760e+00
-3.827617047835101705e+00
-3.800488144459660322e+00
-3.708792765270019665e+00
-3.575055127161321344e+00
-3.321954938632603938e+00
-3.098432103866437082e+00
-2.885611479934334866e+00
-2.850427598854998301e+00
-2.903795860715399968e+00
-2.813783267971575075e+00
-2.917686443110181660e+00
-3.078164340563284362e+00
-3.595544099854443232e+00
-3.663192549768973016e+00
-3.663989752818507917e+00
-3.696199425006298611e+00
-3.856963464637142014e+00
-4.178683710362505188e+00
-4.191802080301414435e+00
-4.202755036410853684e+00
-4.321792550481784012e+00
-4.660095921000853458e+00
-4.864906440265619025e+00
-4.814682082325737689e+00
-4.843386728416329667e+00
-5.129099965758056712e+00
-4.800428987249229174e+00
-4.572016268993883692e+00
-4.356277378970154324e+00
-4.086590230770822174e+00
-4.009559852489805287e+00
-3.962167859353527888e+00
-4.071905427117401999e+00
-3.940835213105970070e+00
-3.917742948477515696e+00
-3.838778557097467736e+00
-3.985699634344159747e+00
-3.877635464353796468e+00
-3.875661762390098186e+00
-3.727752475949646982e+00
-3.804607589958131975e+00
-3.907500074607301865e+00
-3.707756676129845275e+00
-3.805934975598197489e+00
-3.854574578224057912e+00
-3.890990673031600178e+00
-3.609942141663100568e+00
-3.266379683830356040e+00
-3.117564424974220927e+00
-3.149351856066019639e+00
-3.078093403585509868e+00
-3.107955462222983467e+00
-3.197468728585315390e+00
-3.229616446558878806e+00
-3.004871260471481342e+00
-3.192568885294072789e+00
-3.275769100030056169e+00
-3.199300607946040653e+00
-3.215950733137828976e+00
-3.270318696445235318e+00
-3.214047661797438060e+00
-3.073116185967983860e+00
-2.946063146377639441e+00
-2.814478201628154430e+00
-2.668115876188106306e+00
-2.648720915770391038e+00
-2.767349517862387032e+00
-2.587500766601222413e+00
-2.915555641512790785e+00
-2.962057352051715942e+00
-2.798558814125807093e+00
-2.776672299960245560e+00
-2.541349157761449984e+00
-2.638606876266448520e+00
-2.755728611706163456e+00
-2.872546024465108871e+00
-2.868921821310078446e+00
-3.153086700736476455e+00
-3.078964349820685342e+00
-3.175741307935371349e+00
-3.084774369900602942e+00
-3.204298405491317059e+00
-3.318121882823271473e+00
-3.397068396982341199e+00
-3.225176758217353612e+00
-3.475639081073578218e+00
-3.449358084777706335e+00
-3.439269757358044632e+00
-3.514250822366319582e+00
-3.610403224794628496e+00
-3.583952838256482476e+00
-3.504101799748664092e+00
-3.578262381414377913e+00
-3.658489342080811113e+00
-3.618894349597664206e+00
-3.869475023508469391e+00
-3.889729591636819972e+00
-3.769292000970894563e+00
-3.532481791706548968e+00
-3.383534763676751211e+00
-3.593248276796190410e+00
-3.760297191068886491e+00
-3.600565128207952270e+00
-3.603287766120863544e+00
-3.552235636929748086e+00
-3.338302085777491435e+00
-3.215038210121943241e+00
-3.180225639698150975e+00
-3.367041877212746837e+00
-3.302415644156238450e+00
-3.211809356256959624e+00
-3.066442870348559779e+00
-3.062735025469381700e+00
-3.050147296629379223e+00
-3.199131971524915130e+00
-3.226868799692136136e+00
-3.394838075466336758e+00
-3.263507019604587889e+00
-3.274662009030150145e+00
-3.343914338292941935e+00
-3.323434240420541030e+00
-3.210464269765866518e+00
-3.095033835131569599e+00
-3.300797866839752626e+00
-3.407052620778070917e+00
-3.148300332511907662e+00
-3.415684818119188115e+00
-3.366533632410167343e+00
-3.350526985178829076e+00
-3.485451530757883276e+00
-3.462828255504909691e+00
-3.343931582281810311e+00
-3.260017406367334836e+00
-3.136679677430262547e+00
-3.334711512827047919e+00
-3.268508829419301431e+00
-3.319408857198112628e+00
-3.339993936766683991e+00
-3.467182792137939451e+00
-3.532966529377407294e+00
-3.436947288925339627e+00
-3.259170258991820113e+00
-3.087050560608758154e+00
-3.274651669972686197e+00
-3.417457206707156470e+00
-3.380688709455622831e+00
-3.415029184180192967e+00
-3.244041091469381133e+00
-3.323284011551572270e+00
-3.249009766376617758e+00
-3.366975319025725000e+00
-3.442406306712944897e+00
-3.338322429615107723e+00
-3.157532332554090271e+00
-3.275437846408305820e+00
-3.053776597119298497e+00
-2.916648721635985098e+00
-2.757005183431803008e+00
-2.983968029300735569e+00
-2.840167024209304447e+00
-2.855720876094974159e+00
-2.868171490822556624e+00
-2.974309495591267005e+00
-2.944117762929790771e+00
-3.032614386639944204e+00
-3.100712608680575855e+00
-3.012598301871311168e+00
-3.000603965888438474e+00
-3.024865872445207327e+00
-3.048276767767938100e+00
-3.136074368324147432e+00
-3.232453505434968122e+00
-3.399047264449464478e+00
-3.412070803154062748e+00
-3.330414661961746514e+00
-3.321480505877543177e+00
-3.413853083189528625e+00
-3.557686444076106458e+00
-3.682866252186189460e+00
-3.758477376549913096e+00
-3.695796848186271077e+00
-3.979253278875515942e+00
-3.996455105580717149e+00
-3.788797434888092841e+00
-3.875289056601859627e+00
-3.873672769051021536e+00
-3.950861364596647718e+00
-3.870864188804696404e+00
-3.858142225521444590e+00
-4.007447974342457364e+00
-4.306650793683105327e+00
-4.177402849290094089e+00
-4.265706727245702545e+00
-4.482362882247197255e+00
-4.422102555847419403e+00
-4.491247580805367789e+00
-4.446983116802048386e+00
-4.490725779309832966e+00
-4.356748331780234018e+00
-4.405396006346192550e+00
-4.352574511525575396e+00
-4.316483725014533590e+00
-4.448209800079191645e+00
-4.430023958461337230e+00
-4.483984637158780373e+00
-4.450171663151547108e+00
-4.440639368807389964e+00
-4.260046954091698090e+00
-4.105375860538654109e+00
-4.196001452056561831e+00
-4.168515801533652088e+00
-4.222904096980477640e+00
-4.181223337524354378e+00
-3.994862667560275860e+00
-3.970367977630480993e+00
-4.066030342871146175e+00
-3.866607089390595942e+00
-3.809499431694586935e+00
-3.874022670382476274e+00
-3.935568734696423654e+00
-3.910008113678480335e+00
-4.188220388865726562e+00
-4.093158915168010559e+00
-4.250913215853480587e+00
-4.342614831250547702e+00
-4.260771493726277726e+00
-4.337172178699423952e+00
-4.266169037928237984e+00
-4.346194445806404794e+00
-4.297456938228664036e+00
-4.138307582888066882e+00
-4.169453633870126019e+00
-4.253020260966768440e+00
-4.189632474312720234e+00
-4.238999094908484366e+00
-4.252180406063857276e+00
-4.093620976434613645e+00
-4.057321053240561248e+00
-4.011137315272932824e+00
-3.935896937855269506e+00
-3.885275462423911641e+00
-3.926478135553288062e+00
-4.032419279176492566e+00
-3.946621102064559850e+00
-3.906281467694073584e+00
-3.921879889438731670e+00
-4.030745742991101110e+00
-4.099931306431514599e+00
-4.030478855749184852e+00
-3.973797793153423186e+00
-4.175079324912498890e+00
-4.257973946446989011e+00
-4.248591674988613676e+00
-4.116489146400374999e+00
-4.390273694971636331e+00
-4.279029433680246797e+00
-3.994069544831276630e+00
-3.766818328916244241e+00
-3.585786559146757480e+00
-3.347593938300111205e+00
-3.274401541781353231e+00
-3.204619377835578931e+00
-3.001027441363367299e+00
-2.915078046121196920e+00
-2.903377540462822370e+00
-2.961742882124183573e+00
-2.942748627186904109e+00
-2.877217537271667069e+00
-2.888450690783843644e+00
-2.723664794009072132e+00
-2.670365366729660295e+00
-2.700981092002941342e+00
-2.495997722433081822e+00
-2.552793364060726766e+00
-2.441338356842486679e+00
-2.557813218284883394e+00
-2.570638409319788931e+00
-2.421333355037339707e+00
-2.337999908866358112e+00
-2.464355733952125149e+00
-2.577635014816608283e+00
-2.670524704231184820e+00
-2.663396574742110889e+00
-2.676217280233419427e+00
-2.748189952109367340e+00
-2.818089876412007033e+00
-2.816115407975255724e+00
-2.822959097573401799e+00
-2.692437403466013901e+00
-2.570961565036955943e+00
-2.703536728415726564e+00
-2.585240901804173763e+00
-2.734211297570087851e+00
-2.825098246856790229e+00
-2.732998254431789231e+00
-2.718610453112615843e+00
-2.907664540321053259e+00
-2.940296842513479003e+00
-3.159607551374917556e+00
-3.156714128379165540e+00
-2.915134764005589130e+00
-2.948184813288633244e+00
-2.893656155450595957e+00
-2.997715159786145556e+00
-3.103942077215080531e+00
-3.093963717180676642e+00
-3.100275967511063158e+00
-3.129708396550380911e+00
-3.176780443932285092e+00
-3.013894928738873435e+00
-3.136520848866773292e+00
-3.219141668315489202e+00
-3.275829209129199171e+00
-3.267187514812071925e+00
-3.346129624198959096e+00
-3.347736230734706719e+00
-3.373013670874394521e+00
-3.566829289131552283e+00
-3.885274790643789444e+00
-4.327127709434117619e+00
-4.595088180915292142e+00
-4.587529113319274821e+00
-4.603727520983905031e+00
-4.676917976829056300e+00
-4.780810997212005198e+00
-4.576782067154709033e+00
-4.563625163096195259e+00
-4.433004807107583822e+00
-4.468711073562399605e+00
-4.392531328827327997e+00
-4.400856945171491397e+00
-4.426629511418765262e+00
-4.351316439556352833e+00
-4.450738848120950664e+00
-4.521047227398862667e+00
-4.283070783770522638e+00
-4.201416505550048974e+00
-4.308777556380138485e+00
-4.124355790752071371e+00
-4.032943162205197218e+00
-3.993925196959209778e+00
-3.926517971814464492e+00
-3.954036319411405653e+00
-4.116785506033690645e+00
-4.136042442153056164e+00
-3.948905282881968404e+00
-4.033682580794074823e+00
-4.125565403227666295e+00
-4.026607386950901812e+00
-3.928889101851434251e+00
-3.726687484538157680e+00
-3.862096609633705047e+00
-3.807468749931577801e+00
-3.767708982561797981e+00
-3.734488133917643893e+00
-3.627743006832557793e+00
-3.611321411230995260e+00
-3.489203475896645479e+00
-3.314971090562033762e+00
-3.477088327178325056e+00
-3.548855206030006038e+00
-3.492325631953769882e+00
-3.406157810171874356e+00
-3.733828227034262870e+00
-3.873377142611197144e+00
-3.905050702174162947e+00
-3.782160510738242998e+00
-3.655904597035215531e+00
-3.415737642070410640e+00
-3.603883289987711347e+00
-3.673683834015222693e+00
-3.653773995207943770e+00
-3.753811235413271330e+00
-3.715580469596485802e+00
-3.924043099644148658e+00
-3.880274149665386307e+00
-3.864808124256831512e+00
-3.833854635502156327e+00
-3.838985502437489927e+00
-3.957312322323671250e+00
-3.831494032744683143e+00
-3.965477839003603400e+00
-4.122600057833369469e+00
-4.147945778507160064e+00
-4.136955486896286338e+00
-3.959354682895454669e+00
-3.893715611268507626e+00
-3.745036606043760763e+00
-3.925465391413265781e+00
-4.007546032554798465e+00
-3.927794756722147174e+00
-3.993755968156815772e+00
-3.953119762578195306e+00
-4.037455301688747333e+00
-3.999054701384000321e+00
-4.174357210160023257e+00
-4.166257102154012237e+00
-4.329334548731575083e+00
-4.358958758813539447e+00
-4.271291061920084786e+00
-4.218913208433361817e+00
-4.419637965846939132e+00
-4.316413745961668269e+00
-4.259183718770390925e+00
-4.382076537405023231e+00
-4.466900847765888471e+00
-4.448188903681073114e+00
-4.407035127464316915e+00
-4.451240604520894095e+00
-4.311215246613709695e+00
-4.267555569997927734e+00
-4.286869380300051269e+00
-4.471791705840526987e+00
-4.505893721824183906e+00
-4.486381921422798236e+00
-4.465148236423508443e+00
-4.642159042571380567e+00
-4.561333926459877119e+00
-4.455499130998529012e+00
-4.309464348186853755e+00
-4.240310707167318505e+00
-4.495330947461614102e+00
-4.593033831991927940e+00
-4.625389126483944402e+00
-4.370682336737518270e+00
-4.174981805918814182e+00
-4.205994341016660698e+00
-4.378631591836255055e+00
-4.439679714770842445e+00
-4.391878800164879415e+00
-4.224834890535719367e+00
-4.190409159736161904e+00
-4.374859485132088111e+00
-4.197163680468595004e+00
-4.085032843326205310e+00
-4.131325679370016601e+00
-4.081316005471843589e+00
-4.205223224185514752e+00
-4.167875693205769672e+00
-4.173065043036914723e+00
-4.160457977216772463e+00
-4.251456391052709449e+00
-4.279726302221813938e+00
-4.387223860049818569e+00
-4.261251568705631598e+00
-4.245114426986670964e+00
-4.419550971573580789e+00
-4.560683073684224986e+00
-4.422612673681020290e+00
-4.472263005102813160e+00
-4.383848466105989772e+00
-4.228906265326852321e+00
-4.249596565512693935e+00
-4.439522601902885945e+00
-4.197624420581977489e+00
-4.024252315220916643e+00
-3.920179526492235667e+00
-3.906965917462553950e+00
-3.704113530548939881e+00
-3.772523750028390133e+00
-3.797046136025486796e+00
-3.793337412202307579e+00
-3.754356329693708361e+00
-3.682946699058053053e+00
-3.418614549335043051e+00
-3.333234753893899338e+00
-3.370686656251770330e+00
-3.461187114449859603e+00
-3.651502175359079061e+00
-3.632050143672267417e+00
-3.497222685760386529e+00
-3.528145430615256206e+00
-3.625935854524658719e+00
-3.607665619629786491e+00
-3.375842209383198789e+00
-3.186616766201325390e+00
-3.208186394845719214e+00
-3.282633210546666458e+00
-3.229780094230404686e+00
-3.054343982652828249e+00
-2.908481816967034561e+00
-2.931565481473035639e+00
-2.966064436507083624e+00
-2.979422351177539063e+00
-3.033330521139969260e+00
-3.114672428188372866e+00
-3.043058409779238804e+00
-2.847310238035549279e+00
-2.858177632454451444e+00
-2.925758440248186432e+00
-2.997526403477085655e+00
-2.850804310646800399e+00
-2.856907564373067476e+00
-2.812589239073480130e+00
-2.730372150096247452e+00
-2.711175275127216899e+00
-2.724312437999428127e+00
-2.693970686347965771e+00
-2.731594567456474110e+00
-2.771243189923170647e+00
-2.833357039272099698e+00
-2.844510539098193291e+00
-2.942674719513569848e+00
-2.915495046009284330e+00
-2.988814902270140905e+00
-3.213418955486892159e+00
-3.036220968940241960e+00
-2.971036010318538700e+00
-2.956744171138504296e+00
-2.871530060357278202e+00
-2.654950782941457810e+00
-2.792551440539538188e+00
-2.984730727083119373e+00
-3.086056565396885887e+00
-3.060125334225736182e+00
-3.021438104314166040e+00
-2.962909289337731344e+00
-2.986965778567217455e+00
-2.798473209910591120e+00
-2.800816783079480121e+00
-2.748555817507672749e+00
-2.680286117996142803e+00
-2.699550555505529470e+00
-2.741362164526919720e+00
-2.775873262250817319e+00
-2.703499979422723243e+00
-2.639100317421878117e+00
-2.670960054915581861e+00
-2.565301790420043915e+00
-2.629747657197918365e+00
-2.700019486928925350e+00
-2.598104675229814475e+00
-2.657694132000243403e+00
-2.768893262102339214e+00
-2.987323350940351396e+00
-3.024928249371862776e+00
-2.996116437096848717e+00
-2.881919241653808417e+00
-2.904872262622546053e+00
-2.776864424050488278e+00
-2.741008399143898266e+00
-2.645609045855614294e+00
-2.772598703025318301e+00
-2.809019228337579666e+00
-2.888898848675403919e+00
-2.752963413743858556e+00
-2.708660606968765094e+00
-2.638193796680865510e+00
-2.618537176909792930e+00
-2.618839026114478941e+00
-2.782506308540347639e+00
-2.610437487136587187e+00
-2.665421519590368327e+00
-2.553659907909083149e+00
-2.492750883889068181e+00
-2.443690718733984024e+00
-2.591413350264432314e+00
-2.703070716318345834e+00
-2.539108125578979802e+00
-2.672656788286726037e+00
-2.650978638726915637e+00
-2.770873544429067081e+00
-2.819683112284987025e+00
-2.750262982453345106e+00
-2.768563864788838647e+00
-2.635497982049502586e+00
-2.568184684322777134e+00
-2.809006585830862157e+00
-3.034927245966672960e+00
-3.181079361493945878e+00
-3.077541437691019510e+00
-3.104834965943310987e+00
-3.104999699245030609e+00
-2.859786789998134626e+00
-2.723847988131095743e+00
-2.841634515142639206e+00
-3.013114456884088632e+00
-2.992426065528369428e+00
-3.098890712794126312e+00
-3.226392053342224564e+00
-3.148073950101272889e+00
-3.130824245310673160e+00
-3.338529060867283071e+00
-3.307363944940652889e+00
-3.361054982724669848e+00
-3.462470464153466043e+00
-3.638337033886107630e+00
-3.779358791530017303e+00
-3.665623453470701065e+00
-3.571282001676315154e+00
-3.306720841140757372e+00
-3.267765638588034260e+00
-3.139999329250021010e+00
-3.010855922273837582e+00
-3.076558434403655173e+00
-3.066701185803383467e+00
-2.879155368734404252e+00
-2.903186101096050020e+00
-3.016739212608019471e+00
-3.241916796225099873e+00
-3.020494370584438037e+00
-2.958540684329333370e+00
-2.896638329062066752e+00
-2.839278728827692166e+00
-2.653702367015096097e+00
-2.757674199779292845e+00
-2.853865766467787335e+00
-2.843494586500733945e+00
-2.712929689465807925e+00
-2.734815323383197327e+00
-2.634175828817975074e+00
-2.794589212281106239e+00
-2.601454541422214106e+00
-2.566972662727159182e+00
-2.725133689006791204e+00
-2.608465850402393205e+00
-2.472394675854789448e+00
-2.478653430688787740e+00
-2.405930601605169805e+00
-2.487750672536786833e+00
-2.368371152647190669e+00
-2.559881679608449812e+00
-2.360048343909005641e+00
-2.262656610809625768e+00
-2.306399315381589599e+00
-2.459238303896256639e+00
-2.440880348668811095e+00
-2.311505178704861496e+00
-2.378849307562912685e+00
-2.519416230301914084e+00
-2.309878597189205962e+00
-2.271439915081377325e+00
-2.286438724320762894e+00
-2.432640586768187951e+00
-2.687614411723495245e+00
-2.716820202370338944e+00
-2.728576922163184371e+00
-2.570117944478566230e+00
-2.702850254192474377e+00
-2.394745736775995226e+00
-2.404032767705190032e+00
-2.320422824572217824e+00
-2.349359522325237037e+00
-2.365330068247525119e+00
-2.627875543992692187e+00
-2.498079754458405244e+00
-2.475417810436165933e+00
-2.320511751614857232e+00
-2.322115428066370502e+00
-2.468537300668969259e+00
-2.441824149152670653e+00
-2.538076111948388114e+00
-2.673099338072239206e+00
-2.655579750181522591e+00
-2.662152289273632011e+00
-2.669970480751039155e+00
-2.700891188425799783e+00
-2.831103402515622314e+00
-3.009766468087081037e+00
-2.962980492440742353e+00
-2.943495308079735029e+00
-2.986699746195826677e+00
-3.048091211647331100e+00
-2.920219280536499706e+00
-2.773833092225640673e+00
-2.571606038614170586e+00
-2.584775485979748488e+00
-2.589204548715312804e+00
-2.531479817182518577e+00
-2.710079748788407183e+00
-2.742933631429925967e+00
-2.992075884911983508e+00
-2.922684155852786958e+00
-2.830035221075170693e+00
-2.843010961258563007e+00
-2.812090881990527702e+00
-2.932462164184788556e+00
-3.034399757484119053e+00
-3.050674373445048104e+00
-2.954024648376505358e+00
-2.807543438033023975e+00
-2.881752630579478502e+00
-2.770806468093534036e+00
-2.835688190121212759e+00
-2.629886266911761084e+00
-2.379751617988612011e+00
-2.540543209487251985e+00
-2.559147531682613774e+00
-2.624696712900786544e+00
-2.509459707458840061e+00
-2.388559089138650116e+00
-2.434853448837794865e+00
-2.597683485996041597e+00
-2.525194710293886757e+00
-2.483099526290172054e+00
-2.258456583553631436e+00
-2.215638555831267453e+00
-2.114859676609007089e+00
-1.971213204873353941e+00
-2.018470469252051203e+00
-2.043871278533653690e+00
-2.257531061210100720e+00
-2.309498805909027563e+00
-2.304795961088195178e+00
-2.477791754070082675e+00
-2.569807511189839744e+00
-2.536770000156795213e+00
-2.610525865638531506e+00
-2.695203974131194613e+00
-2.462591284046934614e+00
-2.281014878943468549e+00
-2.380434694271489793e+00
-2.496769805672171216e+00
-2.431834441016671011e+00
-2.418749559816069983e+00
-2.375190838707767593e+00
-2.478914807886595462e+00
-2.578542628658057723e+00
-2.683594679632011815e+00
-2.676784488988787736e+00
-2.713842603391371178e+00
-2.843000073633830560e+00
-2.862297612700951177e+00
-2.802426880188170433e+00
-2.957749496298153868e+00
-2.763321334827124609e+00
-2.723942881601367993e+00
-2.458225689780053624e+00
-2.403375623372351999e+00
-2.113545071519455032e+00
-1.707580450846202247e+00
-1.791112914545158752e+00
-1.720535761455999735e+00
-1.780647872182345548e+00
-1.773253470828506817e+00
-1.739338597764443994e+00
-1.687048145802875432e+00
-1.945930805130800856e+00
-1.952480594471456055e+00
-1.783883853033936040e+00
-1.691606025609622366e+00
-1.743477232280163047e+00
-1.848831830453312675e+00
-2.041128580826605532e+00
-2.150367522743587667e+00
-2.081723975947806338e+00
-1.968578022746500844e+00
-2.144044262552140534e+00
-2.129516851694415625e+00
-2.023908229991011165e+00
-1.954571566054041476e+00
-2.100021950631254519e+00
-2.110216294484643207e+00
-2.142120030347606008e+00
-1.964550714866800663e+00
-1.836602936804154318e+00
-1.713585603333931395e+00
-1.582200040738332758e+00
-1.685431694377478751e+00
-1.425390197022395000e+00
-1.403311119528796835e+00
-1.509221410193760216e+00
-1.378077940570727744e+00
-1.489598261976654570e+00
-1.324752761075495444e+00
-1.427008768883075485e+00
-1.405721978204386158e+00
-1.490922761894424742e+00
-1.485707808014147702e+00
-1.578138172388462657e+00
-1.666608902352783694e+00
-1.790157945189651656e+00
-1.755671077481131048e+00
-1.747582933399217220e+00
-1.660803014985613446e+00
-1.693276190803653547e+00
-1.631338654949467282e+00
-1.744565811661218380e+00
-1.758942883572646387e+00
-1.799145052492305608e+00
-1.668698879920722522e+00
-1.805813419805500475e+00
-1.780083451351014645e+00
-1.671078757017919525e+00
-1.691742686741064539e+00
-1.733701497106333589e+00
-1.674366832770381563e+00
-1.549418378717510869e+00
-1.780955340584345681e+00
-1.785458431177898264e+00
-1.699836927545694154e+00
-1.615848083552092085e+00
-1.796875135465446638e+00
-1.801711035334920608e+00
-1.902344261913188728e+00
-1.997089448644422616e+00
-2.213938698566054075e+00
-2.368171150547713655e+00
-2.388212015128871712e+00
-2.574525048163255558e+00
-2.673223525152701008e+00
-2.747053250118241863e+00
-2.907644909353669149e+00
-2.679984686882413314e+00
-2.597944667783186556e+00
-2.296780141292955602e+00
-2.414521075544296735e+00
-2.403581842224240095e+00
-2.501819899115282908e+00
-2.353719678659479619e+00
-2.370790355875241673e+00
-2.449861710469634524e+00
-2.588883847317271503e+00
-2.346522763164268000e+00
-2.492850128417472888e+00
-2.483883419712828555e+00
-2.502754229763896276e+00
-2.598890496352598056e+00
-2.775774322842128772e+00
-2.834065977441518669e+00
-2.682613407392009819e+00
-2.801237081474095891e+00
-2.794527107546761258e+00
-2.765522070366992935e+00
-2.795444303697673938e+00
-2.788443592910065494e+00
-2.683674356722838272e+00
-2.840371144387943581e+00
-2.738896605237608917e+00
-2.741172911765973996e+00
-2.680294969560295115e+00
-2.680779430828747589e+00
-2.664271063075876800e+00
-2.629014024359003887e+00
-2.741075220683161895e+00
-2.807663536479966027e+00
-2.857215874247936327e+00
-2.776330757631475077e+00
-2.847143025283112916e+00
-2.816702365246430251e+00
-2.895866663318936940e+00
-2.966091756470406349e+00
-2.975929023145513774e+00
-3.007330004385490252e+00
-3.039397108038250472e+00
-2.848024537542426682e+00
-2.761181556921593838e+00
-2.818399458696577486e+00
-2.875261517206372464e+00
-2.974376179089157635e+00
-2.892179030671448103e+00
-3.063407451861807740e+00
-2.967985474080547359e+00
-2.982429810284685345e+00
-3.008991599611730461e+00
-3.074908694439783208e+00
-3.073260227266144895e+00
-3.267850246638866363e+00
-3.312044862480319374e+00
-3.337816436256256125e+00
-3.464291751019096477e+00
-3.548185150953635514e+00
-3.582411078827520967e+00
-3.401925547411198014e+00
-3.544115850115817867e+00
-3.445949789285656983e+00
-3.308557781287926769e+00
-3.453639356262336424e+00
-3.626370979513493520e+00
-3.770130041347588890e+00
-3.580058634668038753e+00
-3.483161485815740033e+00
-3.458848039192048418e+00
-3.318854374877940661e+00
-3.159531077926868381e+00
-3.188958923385080801e+00
-3.204230192532222077e+00
-3.155474247898339080e+00
-3.137855038069313096e+00
-3.185073890951615638e+00
-3.219340282988772728e+00
-3.090799363266662159e+00
-3.343624027595213821e+00
-3.406392805937499713e+00
-3.294144201259273874e+00
-3.390540956116152582e+00
-3.174838836941722864e+00
-3.371191421617102613e+00
-3.345741274457829206e+00
-3.250015713167397458e+00
-3.170470344603183666e+00
-3.275787567753351670e+00
-3.146522619081689509e+00
-3.192217598656826638e+00
-3.371052193275430930e+00
-3.412556806759465378e+00
-3.313382769937308847e+00
-3.445824974562875731e+00
-3.317394943101218630e+00
-3.521692370128841176e+00
-3.380317443590820758e+00
-3.205246608230331251e+00
-2.993467674108165166e+00
-2.865013075914663698e+00
-2.733262449936566529e+00
-2.711857118039430414e+00
-2.622440236162290716e+00
-2.636081958057924002e+00
-2.827305134313915502e+00
-2.905752050217209614e+00
-2.889868694220671053e+00
-2.904349813083819676e+00
-2.873284347161165986e+00
-2.974274418197399239e+00
-3.019276713023816061e+00
-3.146002649993191902e+00
-3.129076703540197624e+00
-3.115556040875954391e+00
-3.074591395686522066e+00
-2.936181141417775198e+00
-2.908631798359661680e+00
-2.929151041864781480e+00
-2.844445780067494489e+00
-2.960760930570399019e+00
-2.980217467224745231e+00
-3.106584751346634032e+00
-3.022827886930862462e+00
-3.071188429392734953e+00
-2.995905495159636001e+00
-3.050866741837330309e+00
-3.078012081853544135e+00
-3.074394526371691860e+00
-3.235367620630557717e+00
-3.450297699487151704e+00
-3.553884039049583610e+00
-3.489546295136447984e+00
-3.488702213366181581e+00
-3.452161625871855488e+00
-3.452151462118478786e+00
-3.536299319819396825e+00
-3.351725719202202747e+00
-3.446011570883239283e+00
-3.421648054312035558e+00
-3.364037312189336770e+00
-3.444882518268720162e+00
-3.570159141262047697e+00
-3.837122079234540628e+00
-3.957297602023242877e+00
-3.884230478949820320e+00
-4.010770554422087741e+00
-3.757617517624434189e+00
-3.799862622166612525e+00
-3.697062642924235032e+00
-3.514781076143068006e+00
-3.563132977101141741e+00
-3.501606052311456718e+00
-3.536301622821452995e+00
-3.583299351624996465e+00
-3.386072711169636040e+00
-3.530051770106872766e+00
-3.561196964932169973e+00
-3.538638497614946754e+00
-3.377082261128323104e+00
-3.458086150261188152e+00
-3.465093499248272924e+00
-3.402232993811714401e+00
-3.352073814086504289e+00
-3.177125986574227845e+00
-3.179938838717300431e+00
-3.156274775518317810e+00
-3.087085362844577130e+00
-2.815128059416919903e+00
-2.956212848321399633e+00
-2.892047671264528663e+00
-2.994651692299884260e+00
-2.969696722404599143e+00
-2.869917803434788084e+00
-2.704694336584416270e+00
-2.661702775796205511e+00
-2.897332182943218370e+00
-2.881843561136373744e+00
-2.865992408342457498e+00
-3.105783882417856301e+00
-3.039886270315133476e+00
-3.118697362319011290e+00
-3.193524674091738902e+00
-3.103066967693845601e+00
-3.115678448493440111e+00
-3.109231459517448837e+00
-3.105509343561090763e+00
-3.076334826950217760e+00
-3.234711535889608136e+00
-3.242013544535470082e+00
-3.202518512764797265e+00
-3.112393859728568302e+00
-3.101990479449309834e+00
-3.047833547468597359e+00
-3.092151837830830363e+00
-3.026231784945763614e+00
-2.926608754714343341e+00
-3.060918277355218375e+00
-2.993345416085257060e+00
-2.946857556631230501e+00
-2.970744530878993483e+00
-3.084520824994700927e+00
-3.194969088700139181e+00
-3.219148104918219566e+00
-3.314061764927320741e+00
-3.293638734508210764e+00
-3.265796970105864006e+00
-3.121920179110716731e+00
-3.096840112831611425e+00
-3.352602451667385353e+00
-3.334345243413252113e+00
-3.060170707412950719e+00
-2.915023166077284511e+00
-3.004662403869915455e+00
-3.215119702963011417e+00
-3.056634860828502553e+00
-3.038445577800779951e+00
-3.130686168379436030e+00
-3.203201779578821462e+00
-3.128905817860009542e+00
-3.009869094788009569e+00
-3.145762448444121340e+00
-3.221626189662389450e+00
-3.334668027634455356e+00
-3.363218543526413917e+00
-3.659079763209266201e+00
-3.607078460325572333e+00
-3.950372118235445651e+00
-4.088055782994117315e+00
-3.951825881987580225e+00
-3.951758808330976702e+00
-3.881225404464787587e+00
-3.898025292782859808e+00
-3.885995753155869536e+00
-3.971326102462837682e+00
-4.006032178916588471e+00
-3.912792046635053644e+00
-3.901078527895228909e+00
-3.874886033029349086e+00
-3.747573677591600205e+00
-3.568781800163648654e+00
-3.525675820493139323e+00
-3.526696191119777168e+00
-3.580790723476870330e+00
-3.593848816199845864e+00
-3.626698611360413604e+00
-3.703382520908189424e+00
-3.477945959764769945e+00
-3.448044586349802376e+00
-3.411530665077336266e+00
-3.611909813558215276e+00
-3.541483447725092049e+00
-3.534645120872687230e+00
-3.366946403969566681e+00
-3.398514982416456665e+00
-3.312426944081499514e+00
-3.344234514876025521e+00
-3.533363949810914839e+00
-3.597976254435389709e+00
-3.299746318806413115e+00
-3.241252990952855573e+00
-3.535798908750604763e+00
-3.511406453608556966e+00
-3.501898597254731182e+00
-3.543303329164294357e+00
-3.688743007392156770e+00
-3.481177705365448016e+00
-3.363616859348462107e+00
-3.515197169456930393e+00
-3.490970682591420182e+00
-3.512313517645758054e+00
-3.452319434355756833e+00
-3.527482910558198625e+00
-3.410745525214082363e+00
-3.348815508076964154e+00
-3.508345940421638609e+00
-3.242327692741374889e+00
-3.102401685833459322e+00
-3.153805586467148814e+00
-3.221083294988671852e+00
-3.161852095746862101e+00
-3.201215052531798833e+00
-3.203795652593469434e+00
-3.326050459316753916e+00
-3.489086064369916418e+00
-3.500393121232808991e+00
-3.497209711151870071e+00
-3.232711841409152242e+00
-3.236810003254777524e+00
-3.297932698558001086e+00
-3.382317127908650356e+00
-3.368627892174069327e+00
-3.256118155199110298e+00
-3.375212807046605423e+00
-3.393835005794763937e+00
-3.479039850176762982e+00
-3.614947357735119660e+00
-3.384690392547420767e+00
-3.585714249963199318e+00
-3.469275898590299168e+00
-3.427382987176169404e+00
-3.318259084810688098e+00
-3.531377712660377366e+00
-3.557772583349231965e+00
-3.374052406071430088e+00
-3.241836767037783673e+00
-3.198204316112159162e+00
-3.290124988469666167e+00
-3.318939790990211858e+00
-3.004132938224215454e+00
-3.043554578441590497e+00
-3.165886749948648493e+00
-3.011351522438435513e+00
-3.103248012922760424e+00
-3.329715382842759919e+00
-3.317298624803677320e+00
-3.340980152170591300e+00
-3.239451627006351586e+00
-3.301434782814541169e+00
-3.359494339228948689e+00
-3.386127318866913427e+00
-3.331462297627169278e+00
-3.608989993872409041e+00
-3.560398303912708062e+00
-3.563989974865116039e+00
-3.611788107123599545e+00
-3.680827076196229619e+00
-3.605252849476320076e+00
-3.653292172298404861e+00
-3.683207631610667665e+00
-3.766737444874201479e+00
-3.695719084970085611e+00
-3.574212231958894037e+00
-3.566327325566255979e+00
-3.629206524648503240e+00
-3.622148114459469603e+00
-3.586117562296747607e+00
-3.271681056765511020e+00
-3.090865393366455827e+00
-3.033283620601924913e+00
-3.103963183659282699e+00
-3.013640407714883729e+00
-3.125062059272540882e+00
-2.910170387394618974e+00
-2.899674225135640881e+00
-2.876538095561927300e+00
-2.883392951578894081e+00
-2.871987444212749985e+00
-2.689007444501718691e+00
-2.672891440706397059e+00
-2.714180619725636845e+00
-2.672602165922952189e+00
-2.981213084251745027e+00
-2.874441667382873433e+00
-2.806704081675244211e+00
-2.889228145411742332e+00
-2.871862568997113563e+00
-3.111793723563209824e+00
-3.136045595139354436e+00
-3.480991429873220966e+00
-3.232570338459117121e+00
-3.133644982550196190e+00
-3.190214949434865943e+00
-3.260404866314704275e+00
-3.277047791888449968e+00
-3.410015381396410028e+00
-3.408297989976039499e+00
-3.306881926864039478e+00
-3.181379885561110843e+00
-3.264385225663029022e+00
-3.329751604978923751e+00
-3.408471432699189396e+00
-3.410360534492993256e+00
-3.218555420601085792e+00
-3.087092866528202251e+00
-3.214352342010115215e+00
-3.387826170430908501e+00
-3.336610546705728986e+00
-3.405176709415963732e+00
-3.240392184560579647e+00
-3.400160220160453939e+00
-3.494937852940092071e+00
-3.482826634862401072e+00
-3.447014894389594186e+00
-3.294581641612436940e+00
-3.091573861288232195e+00
-3.077292895238123549e+00
-3.224865540402125585e+00
-3.144985039774745417e+00
-2.992758653029347293e+00
-2.940649401538903529e+00
-2.960974060056866808e+00
-3.008629795404305529e+00
-3.302488788585380863e+00
-3.415225836106724699e+00
-3.252858846842530571e+00
-3.062920926216984085e+00
-2.927626991955814439e+00
-2.874336985009810164e+00
-2.953107864131737870e+00
-3.184037696134258244e+00
-3.116264563638472929e+00
-2.966975416505583496e+00
-2.689628923589546972e+00
-2.611227554427375086e+00
-2.606190578270747515e+00
-2.567090646561297262e+00
-2.862520733660391947e+00
-2.671087311454173108e+00
-2.796820056731210702e+00
-2.747577238511467179e+00
-2.777970267556261863e+00
-2.734589876623784388e+00
-2.906746900486057772e+00
-2.875181659071162965e+00
-2.851873178450463175e+00
-2.691777629326250754e+00
-2.768954432389679088e+00
-2.843209967406189254e+00
-3.086420192509728100e+00
-3.450898571152709149e+00
-3.537572295547919854e+00
-3.366003252102790722e+00
-3.430952894866324154e+00
-3.505249394056191292e+00
-3.219679401238174421e+00
-3.045073250663429487e+00
-3.231042225795642597e+00
-3.099883734766075705e+00
-2.911410573561456161e+00
-3.088301724303177842e+00
-3.080286399042632794e+00
-3.128864501047355695e+00
-3.057600963744889988e+00
-2.904596450438654998e+00
-2.969310979202439249e+00
-2.920939923394197724e+00
-2.895530958182211290e+00
-2.705680542623704277e+00
-2.681346199951746723e+00
-2.670678916155319715e+00
-2.812778835002120559e+00
-2.742645801162105990e+00
-2.673632838406637457e+00
-2.727503450584626954e+00
-2.698649728308657014e+00
-2.753546718438457219e+00
-2.848357505636178288e+00
-2.887042930519188033e+00
-2.981637638063334705e+00
-2.886405051857747761e+00
-2.747265806145946954e+00
-2.770002644205200149e+00
-2.692552878043446896e+00
-2.715288107930609485e+00
-2.605466222329971160e+00
-2.742159853567192940e+00
-2.799609142917323990e+00
-2.794994637256766890e+00
-2.744801007390148317e+00
-2.733099747856796657e+00
-2.605317840714382438e+00
-2.537525385135916522e+00
-2.633310617430049128e+00
-2.473837825421228764e+00
-2.459394784810628565e+00
-2.575292694541567506e+00
-2.525051980494830595e+00
-2.588437337126041182e+00
-2.595994956569221301e+00
-2.528633818541709655e+00
-2.765689446820283948e+00
-2.687009980491676497e+00
-2.744312117310128141e+00
-2.769424647221023328e+00
-2.688141158039683454e+00
-2.887866395962035870e+00
-3.129971270304371611e+00
-3.069349051018965824e+00
-3.042734690922642038e+00
-3.144243932739795078e+00
-3.121823645563445826e+00
-3.345837529606722427e+00
-3.488349725034570081e+00
-3.354236145285313775e+00
-3.294728737693106702e+00
-3.448151267247268503e+00
-3.415695595050700639e+00
-3.395181887788453423e+00
-3.423692850892011919e+00
-3.330351130888884459e+00
-3.327564428774378413e+00
-3.389900172235710940e+00
-3.516355334888433326e+00
-3.474261207519210970e+00
-3.474858555371018287e+00
-3.409402911174929329e+00
-3.402152303465842298e+00
-3.488142367219358775e+00
-3.614810521494431939e+00
-3.434329400570947044e+00
-3.548141306259308347e+00
-3.531562109967160801e+00
-3.560401243530069149e+00
-3.560243079801269417e+00
-3.559542954280161986e+00
-3.586587632527697522e+00
-3.764600307885305863e+00
-3.614203436825707438e+00
-3.649923523695854044e+00
-3.581375124279810862e+00
-3.792006337629574730e+00
-3.910132066200484591e+00
-3.714893150066264749e+00
-3.659116263757300924e+00
-3.627962582597033858e+00
-3.668483137785410353e+00
-3.556877553782898715e+00
-3.579600770815359212e+00
-3.502650540758171616e+00
-3.439500253196798862e+00
-3.352155749457290668e+00
-3.485802695020054465e+00
-3.569947317914555995e+00
-3.599314733382982467e+00
-3.403228466317549383e+00
-3.576525775245735339e+00
-3.441537743211304345e+00
-3.512382006486502561e+00
-3.547318249658314215e+00
-3.572073008836769148e+00
-3.516784994360750094e+00
-3.681958871317647208e+00
-3.603576446524987542e+00
-3.594335869438152642e+00
-3.614147310446641725e+00
-3.579239446071050601e+00
-3.614586356304910097e+00
-3.567290609639024446e+00
-3.614067562893744423e+00
-3.554785761662245136e+00
-3.451399339486309614e+00
-3.377862728889082788e+00
-3.522162649579664961e+00
-3.596076679279601951e+00
-3.242161602144872479e+00
-3.382936983922803620e+00
-3.525520554607207924e+00
-3.567625498312165799e+00
-3.354525973105813907e+00
-3.277099653421630343e+00
-3.177160373705749219e+00
-3.009051849286128455e+00
-3.115614114434331228e+00
-3.064347352282653425e+00
-3.177311417795977810e+00
-3.027756093069735144e+00
-2.843535664132771590e+00
-2.743623754722340990e+00
-2.693022736671222717e+00
-2.681138420986360682e+00
-2.532681320598663355e+00
-2.371873562600264496e+00
-2.428048073919274241e+00
-2.386263268177226671e+00
-2.331531582516101153e+00
-2.376407958496145945e+00
-2.516735038763565413e+00
-2.566312300412772363e+00
-2.296188411333038637e+00
-2.208269749022550688e+00
-2.132290821772234946e+00
-2.154912693384857469e+00
-2.172588891213959705e+00
-2.172350838294088593e+00
-2.379656057445670214e+00
-2.394599573686503113e+00
-2.443686718129250757e+00
-2.482599336640882726e+00
-2.586985679747266342e+00
-2.731589731730085457e+00
-2.639611675757215892e+00
-2.800622792845969933e+00
-2.925385104692259652e+00
-2.910485228133596003e+00
-2.771613318840155049e+00
-2.898141471367635891e+00
-2.776494280647062496e+00
-2.744152519984163874e+00
-2.599837321145169966e+00
-2.725852591653011192e+00
-2.840599403904490394e+00
-2.789750453052153301e+00
-2.523957423581729476e+00
-2.606325567797114662e+00
-2.575072417026603055e+00
-2.697885563459184066e+00
-2.699846483166937094e+00
-2.665591952081536320e+00
-2.763444455953024015e+00
-2.890802242122747501e+00
-2.698045747880010392e+00
-2.728267616061594847e+00
-2.717238580529104830e+00
-2.662168187507324646e+00
-2.639006390577629535e+00
-2.658739443106176825e+00
-2.644262712255111669e+00
-2.764094343408052268e+00
-2.927755222701004190e+00
-2.869881914959095059e+00
-2.964471256136452570e+00
-2.888979460203545457e+00
-2.823736988867486808e+00
-2.935452247780979462e+00
-2.844816351862266668e+00
-2.767882305462133985e+00
-2.656475432206108600e+00
-2.723013202084958451e+00
-2.618816107968346518e+00
-2.754220062506620437e+00
-2.695486437226318532e+00
-2.617731708054033213e+00
-2.550978216863428294e+00
-2.674736941449820549e+00
-2.590145569419202598e+00
-2.398657164512272733e+00
-2.354672141755729697e+00
-2.419011498467257049e+00
-2.541010425265895822e+00
-2.533630667919728463e+00
-2.765835546159182368e+00
-2.796610324062425601e+00
-2.691605212961995619e+00
-2.702454349517444676e+00
-2.613149606840682093e+00
-2.516772584834475079e+00
-2.503799456830212211e+00
-2.472321838284670559e+00
-2.409326272052076057e+00
-2.233113478167992660e+00
-2.394593162513768636e+00
-2.481469879020380631e+00
-2.275355441243835930e+00
-2.218622093102721404e+00
-2.024462379111579668e+00
-2.091045147861871456e+00
-1.989028547245738965e+00
-2.094919991912076451e+00
-2.073170902682988981e+00
-2.051678827808900429e+00
-2.055214094127451041e+00
-1.925940299949998824e+00
-1.917671203904952826e+00
-2.061016985526381351e+00
-2.028349627830541291e+00
-2.098708260144250382e+00
-2.169432910976778928e+00
-2.154717581230884527e+00
-2.085142194146650585e+00
-1.981282232589768988e+00
-1.880654057807405799e+00
-1.709594423010544650e+00
-1.741092733829613159e+00
-1.645571654336624556e+00
-1.620975162163422301e+00
-1.654341971542036882e+00
-1.519734506978261068e+00
-1.505343908665925268e+00
-1.593157750472196765e+00
-1.433169777253169075e+00
-1.299964166743265093e+00
-1.576550465773096210e+00
-1.804557154461088997e+00
-1.706992822950080146e+00
-1.645713899851007245e+00
-1.935647375642028045e+00
-1.904728552200827041e+00
-1.866485548741890765e+00
-2.151958661406017992e+00
-2.125537500778140743e+00
-2.093226662476645572e+00
-1.986918546900891869e+00
-1.924445241477880320e+00
-1.977389938875129927e+00
-1.984968526454637727e+00
-1.772596917548017625e+00
-1.933869478710847023e+00
-1.785234865256768444e+00
-1.739610332188402664e+00
-1.841065988622238025e+00
-1.786250182591793578e+00
-1.592499628112586274e+00
-1.576064638182240074e+00
-1.547835028948942870e+00
-1.376284288234916886e+00
-1.304713439133391661e+00
-1.502598715010895480e+00
-1.511468179237253073e+00
-1.547675240322573309e+00
-1.779660822975410950e+00
-1.989865574560971462e+00
-2.114626785960652455e+00
-2.062562039141415671e+00
-2.254671498489534187e+00
-2.223794087408261344e+00
-2.449957674447613254e+00
-2.464751963988519368e+00
-2.507295583364120173e+00
-2.592237007267581106e+00
-2.586191788564741412e+00
-2.836631912556852875e+00
-2.850881741637523170e+00
-2.652293500255900938e+00
-2.500848387611172896e+00
-2.168331237055423522e+00
-2.011517562241958768e+00
-1.978247291833266974e+00
-1.973101862138146867e+00
-1.933270874983544330e+00
-1.935539358998678239e+00
-1.923829160694645601e+00
-1.926895896107243100e+00
-1.815763055401973247e+00
-1.682665421616853951e+00
-1.618127953810598596e+00
-1.876443860708757683e+00
-1.825822394963776407e+00
-1.738985278346773411e+00
-1.671271972900198355e+00
-1.500816387410567332e+00
-1.404712659095922245e+00
-1.362020269909529846e+00
-1.201031475555518035e+00
-1.121987515498169552e+00
-1.206704620899684777e+00
-1.236401263858259103e+00
-9.795412794807218937e-01
-8.763012709969928427e-01
-1.030908277309891874e+00
-8.209618243186991293e-01
-6.889068603962594795e-01
-8.948022077916655270e-01
-6.954379288703655959e-01
-7.070878908300408661e-01
-6.017737255357187287e-01
-7.335587065439024279e-01
-5.580266186303053377e-01
-5.764576247038677437e-01
-6.161316145069754002e-01
-7.450298515337995253e-01
-6.246736469052647234e-01
-6.424086582970431891e-01
-5.298353124273214032e-01
-4.994775521312451172e-01
-3.336046469858626184e-01
-3.862102210518978951e-01
-3.836280894855272905e-01
-4.470933624031545595e-01
-6.318280740991045752e-01
-6.725460156994480521e-01
-3.967446487579164849e-01
-3.585403627859637954e-01
-4.307113074895019267e-01
-5.163426475046201114e-01
-5.606344013913594493e-01
-4.849975775019525481e-01
-3.476904416748996529e-01
-3.293724249613278476e-01
-3.573261409248801312e-01
-2.279231466263565431e-01
-3.348283100651474053e-01
-1.658568762314268918e-01
-3.172733072819532985e-01
-4.486984185957271221e-01
-3.667668832241525734e-01
-2.570496513730062271e-01
-1.919737034237312678e-01
-2.755468791806335860e-01
-4.453921882681911582e-01
-5.820632142303635570e-01
-8.220230088395781287e-01
-6.558729939351299887e-01
-6.071730974024163174e-01
-6.728356539082569476e-01
-5.285147390473656781e-01
-2.002938371775247750e-01
-2.287935552602586853e-01
-3.753315865354207165e-02
8.194286244058617344e-03
-9.040038741936107236e-02
-4.369124979360833327e-01
-3.896799746718022650e-01
-3.922789479338693042e-01
-4.073322421810304794e-01
-4.173273330478072252e-01
-4.031248589723758213e-01
-4.195270288192778363e-01
-2.994151384321581122e-01
-3.079407819899688259e-01
-2.125263686850972777e-01
-2.227343940495279118e-01
-3.435596906074441792e-01
-5.070685418807399092e-01
-4.040488335170613898e-01
-3.725396886490190962e-01
-2.263761505503887883e-01
-1.777130986122978651e-01
-2.381036515472844117e-01
-2.716612301121479889e-01
-3.935268456014704985e-01
-2.925272276630822565e-01
-3.090655425939664025e-01
-2.410594157875172727e-01
-1.996100992324419399e-01
-7.204803268258258564e-02
5.909660141733154293e-02
-1.478533460112646525e-01
-2.534787631935974672e-01
-2.144668100405189848e-01
-4.623331947945808484e-01
-3.398515748937513403e-01
-3.710423064269644522e-01
-2.767681856738380408e-01
-2.695027345350065606e-01
-2.920000512136842197e-01
-4.618048531128191025e-01
-3.848478672953343227e-01
-3.364434227370980413e-01
-3.781296167634410343e-01
-3.347400026946533158e-01
-2.439300773024805080e-01
-2.236418689364080281e-01
-1.625127971539342686e-01
-2.164789414584144533e-01
-8.444101276865075001e-02
-1.663008593769799703e-01
-2.501940086629292903e-01
-2.318431381849299366e-01
-3.094171149674844745e-01
-4.709765953335700028e-01
-6.259907598555449759e-01
-4.674092296716934047e-01
-4.828831263002856811e-01
-1.975955466357344481e-01
-1.686836997556039608e-01
-5.191185998557439341e-01
-5.147805953957778069e-01
-4.146334643443980728e-01
-3.580598718507983502e-01
-4.614894106893447367e-01
-4.086301902944907694e-01
-2.798838425048910672e-01
-4.367134556697638281e-01
-2.894185534401645388e-01
-1.970805612866746159e-01
-2.585760790999369618e-01
-1.577031000394198135e-01
-1.694337339777633178e-01
2.091049430078410765e-02
1.122332810367768635e-01
8.577683003725969368e-02
1.390010308052734289e-01
1.127636789344061419e-01
-6.786189126494870938e-02
1.440265311938054016e-01
1.349679092495395250e-01
1.446662979960953999e-01
3.050381055555975163e-01
3.496044000818596120e-01
3.394727192031191665e-01
3.471067453921465318e-01
3.983805382258740480e-01
3.238103887381103552e-01
4.350739769505361232e-01
5.992294962799586955e-01
5.741206561991882840e-01
5.175298009779872865e-01
5.676301987241922919e-01
5.668100849049867440e-01
7.407363308370915611e-01
5.459741922117088420e-01
6.307972801302064170e-01
7.826636886813713723e-01
6.649954817189269729e-01
8.336531954221997331e-01
7.120201893890629741e-01
7.842019394854262693e-01
8.321208147556186097e-01
8.226470000582020159e-01
8.424907977917162061e-01
8.493451079126627112e-01
8.355573037652902491e-01
9.403614654836750519e-01
7.849026007667769811e-01
5.878627734490272649e-01
5.558711073730093766e-01
5.549908765545341627e-01
4.818193920243625805e-01
3.572343424846839977e-01
2.223256699969801686e-01
1.594264636564050042e-01
2.589215516301594452e-02
2.119303145215470918e-01
2.196976977784473040e-01
1.149986948189472280e-01
2.398677840630830671e-01
2.527810813511697230e-01
1.181425888275918802e-03
-3.664443283981607194e-03
2.783583829076095861e-02
-1.602873848632745679e-01
1.816973637806734709e-02
-2.120151280295995422e-02
-4.152408727638753211e-02
1.714189287646549209e-01
-1.835803696959920073e-01
-7.834090568219449768e-02
-9.447564857977056030e-02
-1.493121242653847047e-01
1.425975036826106039e-02
-1.569939979534986513e-02
1.450674630655577127e-02
-1.965117672907032709e-01
-3.497136423672085326e-01
-3.233288633515259414e-01
-6.022347004570171025e-01
-7.378334634754479815e-01
-7.885499242153168886e-01
-9.048942247520588289e-01
-1.021438300733632731e+00
-9.948521645655392653e-01
-9.059926291375740570e-01
-9.323185929720452236e-01
-8.958363771882295046e-01
-9.646048274891710905e-01
-7.574860363180562217e-01
-7.781868989526737890e-01
-8.524087543931323507e-01
-8.428395648011216545e-01
-7.277059697070910049e-01
-7.937078236281852606e-01
-7.496196942850560374e-01
-6.049339091785402855e-01
-6.406513981237784705e-01
-5.616038897365925875e-01
-5.373412189641992853e-01
-6.729060818841808844e-01
-6.796564564890003046e-01
-6.191298909690208241e-01
-6.704518932546632559e-01
-5.249458139089742126e-01
-5.201241997272014750e-01
-3.919165787429859105e-01
-6.813839970553358105e-01
-7.819634143605772580e-01
-4.693526740341831816e-01
-5.476212542335541222e-01
-6.526660067711139712e-01
-4.719880679925459455e-01
-4.822551294259282972e-01
-5.664957542595259188e-01
-4.214912038854484733e-01
-2.937392804248422640e-01
-2.734359115712796662e-01
-2.525768666337785961e-01
-2.309029067628125820e-01
-3.266063262916188981e-01
-2.875045788081556086e-01
-3.317537513854554310e-01
-2.506069622911291650e-01
-2.283097527318432851e-01
-7.219524925885968669e-02
-2.921934222078026999e-01
-3.763229002786454558e-01
-5.016371381290802844e-01
-3.928200564104046277e-01
-2.147261017203005717e-01
-1.985393693471609045e-01
-1.780187226460886243e-02
-1.009054664820672464e-01
-8.025290902279118288e-02
-1.143270638630903141e-01
-1.513774656112729378e-01
7.893753285758231542e-02
-1.426102354003786488e-01
1.983001592547853353e-01
1.998682778465697696e-02
-4.648923408552441128e-02
-6.983954924855186042e-02
-8.626347620146104789e-02
-6.539090550096228471e-02
1.229138061628901740e-02
4.699618095013283203e-02
9.458210941253125670e-02
-1.054893062014606274e-02
-7.613946063882146009e-02
2.184728366347193224e-02
-1.406505629427898807e-01
7.279222108202318409e-02
1.931720149597244418e-01
1.857325687892392163e-01
7.931574162566937258e-02
1.248076610613560455e-01
4.391569047422546057e-01
5.332402435446065292e-01
5.509370864366081033e-01
5.289790924421454710e-01
2.785816072365049911e-01
3.726798496921207016e-01
2.595858974280664810e-01
3.385019480608669751e-01
1.403855662754458500e-01
1.272910404431001341e-01
3.090965243107061597e-02
-7.256141335001753401e-02
-1.940834257095044313e-01
-2.809092676671831601e-01
-2.943355545170199261e-01
-5.023876882571705060e-01
-3.487279498213337603e-01
-4.180904520963143467e-01
-2.392181672598397146e-01
-3.405798777622632417e-02
-2.913507891436524222e-01
-3.812045848862073427e-01
-5.236967458289905064e-01
-4.050478151779606240e-01
-2.769178002855589016e-01
-4.173961983927202413e-01
-3.693533137172876901e-01
-2.496722263288239652e-01
-6.989859545828719378e-02
7.978458897178115905e-02
-6.028094572399327923e-03
-3.374604679040835858e-02
8.741481590739442337e-03
3.360577864783307472e-02
9.112380250616393396e-02
1.442892099384454063e-01
1.046400443849316159e-01
1.239348167330083933e-01
1.434747319376256380e-01
-8.110577779544841936e-02
-2.356897899923740547e-01
-2.570034169456933970e-01
-1.107250776683397220e-01
8.874163828382880537e-02
3.002871575684853411e-01
2.635033757574099522e-01
3.315004532680319027e-01
2.363560797542255398e-01
2.766987773197470135e-01
3.768678922127618458e-01
2.961111920125341634e-01
2.702442979811397472e-01
1.020713722963132869e-01
1.941413354252217657e-02
8.662265956270667755e-02
-8.673577824641709108e-03
-9.762316120398156771e-02
-7.818693034712757839e-02
9.664625251837548336e-02
1.348326790272665332e-01
1.099536112192395082e-01
2.350363691524244569e-01
5.747634137135583243e-01
4.435097377976904287e-01
2.569786670105734805e-01
1.812933261247600403e-01
1.362904871777529947e-01
1.358679478386878581e-01
-3.228689820936390953e-02
-2.365326817330624110e-01
-2.252476327440973425e-01
-2.468828735360766302e-01
-1.752666478966916908e-01
-1.571165209442502708e-01
-1.673757223769904157e-01
-6.829093799103196083e-02
-1.137446514666258512e-01
8.197245778628964308e-02
1.379246989615909580e-01
7.242715864755794319e-02
7.018532572685000359e-02
1.828456993888818993e-01
6.271447661863703560e-02
1.314002439664297417e-01
4.668024856806168854e-02
3.980390940686366619e-02
1.002880129318895336e-01
1.043799734233692433e-01
1.750563027667745020e-01
1.828501429391601318e-01
3.454883189908325436e-01
4.086513562303307756e-01
2.223674356221075898e-01
2.318314637862047833e-01
7.211002846935196664e-02
1.368876763944260055e-01
1.594186323797415483e-01
2.710843238341042669e-02
7.680066090990868288e-02
1.536734947691724973e-01
2.691808064889291696e-01
1.321118954998000694e-01
-1.820988032813729285e-02
-1.039146798261313814e-01
-9.645738798774526612e-02
-2.564217362145249784e-02
-5.397250478525274231e-02
-1.632703470879720564e-01
-2.653852479011283849e-01
-3.170202103496062018e-01
-3.222341326737777067e-01
-3.611617412398457905e-01
-4.222868417500784677e-01
-4.451140846654407235e-01
-5.212586664728589003e-01
-4.071582264823677688e-01
-3.323605029426270341e-01
-3.834740874384796050e-01
-1.393466057858774587e-01
4.289266878949644923e-02
-1.475112049672680781e-01
-2.497547459943005588e-01
-3.232082262602968825e-01
-5.127450061866911657e-01
-5.382742795203546704e-01
-5.283711434983083821e-01
-5.634458357662897043e-01
-5.063749259551693083e-01
-3.927324320063461660e-01
-1.876996745557238111e-01
-4.004908780910847454e-01
-5.212304686038131685e-01
-7.322092014883225808e-01
-8.332169682764241081e-01
-7.911325834515330335e-01
-9.835088562789847666e-01
-1.030795378023517950e+00
-1.070491223628754929e+00
-1.234191902068369151e+00
-1.272270285050924654e+00
-1.237600493313061101e+00
-1.258718380268998960e+00
-1.346754795816008654e+00
-1.360911616526612411e+00
-1.353069755107951133e+00
-1.298491931751782458e+00
-1.195574206362911562e+00
-1.367883575070244717e+00
-1.302410529329983246e+00
-1.295960674102008214e+00
-1.226311585971530338e+00
-1.152227291683937560e+00
-8.383110946054472823e-01
-9.981002940953332958e-01
-1.055449276472459452e+00
-1.092541738612109903e+00
-1.095411579134268010e+00
-1.160126173332470367e+00
-9.122890738863504989e-01
-8.328381134863660495e-01
-9.027871500067110588e-01
-8.584679293357818652e-01
-9.739593446027825507e-01
-9.357688744219055943e-01
-7.056624149468019302e-01
-8.891181208887913856e-01
-8.717099771718795909e-01
-1.011534188450880167e+00
-8.966651330995976110e-01
-7.835283849480290108e-01
-8.183815334298281119e-01
-8.754625930448861615e-01
-9.625497163527971800e-01
-1.004829001224649687e+00
-1.031323716564221948e+00
-1.240108830330588496e+00
-1.259100829497830309e+00
-1.332999402083584917e+00
-1.285710483113595926e+00
-1.153657840359586961e+00
-9.851346051613928401e-01
-9.857959654868264643e-01
-1.081722990766776915e+00
-1.164503570340629901e+00
-1.325090022168804449e+00
-1.407091704034167723e+00
-1.374898157048885849e+00
-1.441293816140843731e+00
-1.298218191055540593e+00
-1.146487336201185592e+00
-1.118635314846575302e+00
-1.003285106852967346e+00
-9.665770119742291833e-01
-9.513358330982245592e-01
-9.613648797971126037e-01
-8.647608600433626114e-01
-9.299564509654665301e-01
-8.060944043947587678e-01
-7.774801655717040738e-01
-7.659055987699618928e-01
-8.466513630799102907e-01
-6.346483231143589254e-01
-5.078316485119199752e-01
-5.508338853532177559e-01
-3.644919161547998665e-01
-4.092313428116268192e-01
-3.857061199979119892e-01
-5.033399584958284656e-01
-5.354585269968177297e-01
-4.627270360355459355e-01
-6.473956546132324519e-01
-6.471267759398244834e-01
-5.788278296280126023e-01
-5.913028018952769527e-01
-4.702049044154568147e-01
-4.320666901131561266e-01
-4.884992565992054003e-01
-5.412239244208983946e-01
-6.883087122190053586e-01
-6.304781733229281038e-01
-7.596216730555878094e-01
-7.229937364261392885e-01
-4.911458498056665012e-01
-3.432832734214455450e-01
-4.310906874607303707e-01
-4.356390907329572570e-01
-4.718500576936995872e-01
-5.179820771265839507e-01
-3.068244442302313080e-01
-3.053729326848986791e-01
-2.572525717107871368e-01
-4.353405177194633047e-01
-4.237197349723680895e-01
-5.701435371368557270e-01
-5.161225722668810745e-01
-5.200170604897894622e-01
-4.384110866708094134e-01
-4.131473554864499853e-01
-3.176748526602376499e-01
-2.953061982270396291e-01
-3.354272276113213769e-01
-5.439105902176266660e-01
-4.613892020790704152e-01
-3.567240304601434486e-01
-3.203954126047091622e-01
-2.366359126469016194e-01
-2.837109186559367280e-01
-2.893371747987709686e-01
-4.295615669812871129e-01
-4.813696750089354048e-01
-4.499842451717608327e-01
-6.563401345649011454e-01
-6.656372041759905933e-01
-5.735118230836615538e-01
-5.130739332917771955e-01
-4.801986486546774846e-01
-4.918599071445063919e-01
-5.671971823280999025e-01
-6.109997424746080874e-01
-5.761265111451714382e-01
-5.445531158736243160e-01
-4.255641229792495039e-01
-3.346174054254431041e-01
-3.544966328416627177e-01
-2.572639807044729832e-01
-4.029436968834148036e-01
-5.543194262152343343e-01
-4.090188912684790679e-01
-5.651878738730685692e-01
-6.369740497638827215e-01
-6.214067228916368979e-01
-6.342650904527447064e-01
-6.150510844295187241e-01
-7.940127262790466212e-01
-8.232437761804577425e-01
-6.397542799109664502e-01
-6.212015007244215958e-01
-6.046201772476036407e-01
-6.367297112112733082e-01
-7.289236280941768786e-01
-9.028082104486114812e-01
-9.643211203228635453e-01
-8.127225285213135475e-01
-7.909742986098158291e-01
-7.540803862876764851e-01
-7.679374716365610087e-01
-6.445781294024998109e-01
-6.051033509620473705e-01
-6.588143349514020697e-01
-6.224599143782437727e-01
-7.011580451033582184e-01
-6.725527033447400438e-01
-4.031481362266945423e-01
-2.988441716819671412e-01
-3.289747430226124258e-01
-5.414230510162916232e-01
-4.799144189820378492e-01
-5.294747377352782003e-01
-4.149468643898812648e-01
-3.414864959753867169e-01
-3.657383365219951665e-01
-2.497741857743369376e-01
-3.230846754072740912e-01
-4.308556098772384213e-01
-6.287520593429211102e-01
-7.492200018230076308e-01
-8.740185060866877409e-01
-7.615740243470379145e-01
-8.055822790871529637e-01
-7.594933776176984175e-01
-6.472837587441842011e-01
-6.588202292061020593e-01
-5.992957919772876618e-01
-5.187996656968881792e-01
-3.479129547802064515e-01
-2.084715044439070797e-01
-5.160200728587306662e-02
-3.855611658581415968e-01
-4.262102394406140915e-01
-2.853373165251028021e-01
-4.059546832641446334e-01
-3.623118979568039633e-01
-3.854303388550313070e-01
-3.177278651511856733e-01
-3.610662403853869828e-01
-3.137430172312256071e-01
-4.309380518026123541e-01
-3.927385898960095711e-01
-5.308354140280544531e-01
-3.978901564714903416e-01
-3.316840594530953701e-01
-3.366573366308380222e-01
-4.202002581182664454e-01
-3.334506608313931864e-01
-1.005878930817636352e-01
-1.889647781201689303e-01
-2.432062266996417865e-01
-4.589529058415131590e-01
-4.895512094899847622e-01
-4.625050636611185428e-01
-4.106571122572087451e-01
-4.586305772339522857e-01
-4.766860026642469328e-01
-3.393230420154047522e-01
-2.778313106049867254e-01
-3.908020394325908975e-01
-3.519666272959942055e-01
-4.958255961327523997e-01
-4.331208192311657990e-01
-3.877429628947918205e-01
-4.563809183236667288e-01
-5.769991519917092582e-01
-4.573986920632542308e-01
-5.504622248827160114e-01
-4.986786972097692616e-01
-6.153431357268672741e-01
-6.858107672155537848e-01
-7.670468995630935760e-01
-8.078208300914392348e-01
-8.120223918555569131e-01
-8.021680502131144364e-01
-7.516474973466797938e-01
-7.369997809445563153e-01
-6.524065453417891014e-01
-4.716464974800040344e-01
-4.337731056277177033e-01
-3.679358471336593439e-01
-4.518744341596244163e-01
-5.120089894847370537e-01
-5.968967659467840914e-01
-6.493405311800183322e-01
-5.131990615699675296e-01
-3.407550584640809399e-01
-4.369898467482232762e-01
-5.091671526038084039e-01
-4.055781688705289434e-01
-4.512660770484624995e-01
-4.545192875188683312e-01
-4.450664806020829811e-01
-3.051586244443637574e-01
-2.072361786099307102e-01
-3.034147393897588807e-01
-3.898210823127787328e-01
-4.000753074867123282e-01
-4.509417165077195810e-01
-5.384089570024469529e-01
-5.697292816303521912e-01
-5.790499675973366234e-01
-6.607368392289593162e-01
-4.655033350995808616e-01
-2.372995342060620627e-01
-2.807439207084869714e-01
-1.628249965470792704e-01
-1.055357595222719685e-01
-5.944068523411072391e-02
-9.054587631671161263e-02
-2.003006913623042173e-01
-7.533584430472098359e-02
-9.574727675716515618e-03
1.534802571718442421e-01
-2.077431583261043005e-02
-8.938354354567470961e-02
-1.257744871938292486e-01
4.261846309303443658e-02
-1.548978812101080120e-02
-9.234018931609777603e-02
-1.100385282151455368e-01
-2.537761391784355003e-01
-2.254200036438872845e-01
-1.444457395753748763e-01
-1.491826528518764572e-01
-1.293064053500409261e-01
-8.464375189890439855e-02
-2.260653935032928552e-01
-1.439584173496755437e-01
-7.275787580508831509e-02
-3.183491635935800645e-01
-2.028936085602544848e-01
-1.813504263401783945e-01
-1.871410002039453624e-01
-2.527171640753269610e-01
-2.787932839737672364e-01
-1.669584333197239034e-01
-5.581677957270009954e-02
-8.620983309228552605e-02
-1.203393182976885689e-01
-4.274226646866931961e-02
-1.123715055842685051e-01
-6.858879882899396319e-02
-1.924128682084876862e-01
3.891387393740750045e-02
7.839952521761274495e-02
1.270759189414924495e-02
1.451077743792398081e-02
1.383567655028069832e-01
1.226910693819083797e-01
6.458556293557587979e-02
-6.694184183861701110e-02
-6.327891830433068909e-02
-6.040571289910711544e-03
-5.458355723067807863e-02
-2.525464257355740094e-01
-3.797544269430951358e-01
-3.799625851093584306e-01
-2.523966441094607216e-01
-1.573087291597180526e-01
-1.158342998086825670e-01
-4.993681767597850374e-02
-4.584389208049527431e-02
-4.031906509643738007e-02
3.792621432947185234e-02
1.395220255854413838e-01
2.596709984279488848e-01
3.795527003150322987e-01
2.635118337357800211e-01
2.270866283893394622e-01
1.213407857248190586e-01
1.137465166725907806e-01
1.590743963956010587e-01
2.176886634563906242e-01
2.173270589729524027e-01
1.692410316886762967e-01
1.458576714153331511e-01
1.984064404580753171e-01
2.324296974902163582e-01
2.650264345955568590e-01
2.158004368412796137e-01
2.289054835675490007e-01
2.152635768225733270e-01
3.168312345431892330e-01
2.883035275986925439e-01
1.921860461055678315e-01
2.646107548703627854e-01
2.707915741560865119e-01
2.352345653535534709e-01
1.935168088194892944e-01
1.632713797856654159e-01
1.358450734298761176e-01
3.250640145652272661e-01
5.333741359333464827e-01
5.077024195045969357e-01
5.459291893997862966e-01
5.664605022986209937e-01
7.702853733769807754e-01
8.448077982505205474e-01
8.072558138756211754e-01
8.883522646228886321e-01
9.219539819068440778e-01
8.827225374116705048e-01
8.467594913330805939e-01
7.925025516599458753e-01
8.292766811012451944e-01
8.308550992791039480e-01
9.946222607960319984e-01
9.434973745923576072e-01
9.335477166331030974e-01
9.083324403732367935e-01
1.047631896070478463e+00
1.011075528259809841e+00
1.150557746613659837e+00
1.065266319360689273e+00
1.151089490690824668e+00
1.211393444576732259e+00
1.343016967281492668e+00
1.388189921797088111e+00
1.375939766834155753e+00
1.403581600052760781e+00
1.459994319325294443e+00
1.494277629791284756e+00
1.416289452991436271e+00
1.301122680926556363e+00
1.378760642333095809e+00
1.193806692345085629e+00
1.202479265720854507e+00
1.281946728098969146e+00
1.253432532591467030e+00
1.097606222261920950e+00
1.151862444738477764e+00
1.140983581932150770e+00
1.157111938919879179e+00
1.027115794571171081e+00
9.574148631590454483e-01
8.649780988821649252e-01
8.183779165187008431e-01
8.969303441083990025e-01
9.701620908367899476e-01
1.080059602476933556e+00
1.099057977776579209e+00
1.187026214281514891e+00
1.275081711313933219e+00
1.279645258613011594e+00
1.310196548864087873e+00
1.368511580511699632e+00
1.271194365281561156e+00
1.277521976511429180e+00
1.255346515667978169e+00
1.236994890910705580e+00
1.168989892608807146e+00
1.107644304406526725e+00
1.155258428960002304e+00
1.192820791170818628e+00
1.218235206685105876e+00
1.271417306409913683e+00
1.084734447735883345e+00
1.170548358248654885e+00
1.175674046352114033e+00
1.079738360351153226e+00
1.140899723520327314e+00
9.555890999869264268e-01
1.048349868171681187e+00
1.011448078444679322e+00
1.143677723565516224e+00
1.160562205809913205e+00
1.154910243086151311e+00
1.188654569267705519e+00
1.150059867270769365e+00
1.252887880719957936e+00
9.632371212835929564e-01
8.628601686652811464e-01
9.740352873535632616e-01
9.809163751289955435e-01
7.426369735702924579e-01
8.093812795804927740e-01
8.076845747048916335e-01
7.305087899050854983e-01
8.115721846018484342e-01
8.190356593540372154e-01
8.840008748509359249e-01
7.099213040222456250e-01
7.507019846387067430e-01
6.928004864372836469e-01
5.955912478242273433e-01
4.959651662439490405e-01
4.823383870528710204e-01
6.505655820526686783e-01
8.384218269361950471e-01
7.772950897677942672e-01
7.185373603804213749e-01
8.185300003074316155e-01
8.535804388549492749e-01
8.530832219842445774e-01
8.547194363714645249e-01
8.285972185898314857e-01
7.367880147589017659e-01
6.965543836209483475e-01
5.495617714576747082e-01
5.287971520661763902e-01
8.081432687009213467e-01
7.615686706098065972e-01
8.881777358941476130e-01
8.076795390059091639e-01
7.250792838877868629e-01
9.040845459715960430e-01
7.968221937721400305e-01
7.121105477330462730e-01
6.098068005266288338e-01
6.445680392575449114e-01
4.957884894789162944e-01
3.692714041650117518e-01
3.778276705545016156e-01
4.051069528081915339e-01
4.305258358257215701e-01
3.639912500372762261e-01
4.363560254075602440e-01
4.434737951860692196e-01
3.006225584435357479e-01
2.096559802040518783e-01
2.810009880316625130e-01
2.382402832969922057e-01
2.097623148190428388e-01
1.261221287832197113e-01
-2.257781219242141132e-02
-1.330675908510916758e-02
-3.484037798404514275e-02
-5.792019854477400975e-02
2.219293541451454119e-02
2.534680889942831847e-02
5.350848112937735268e-02
5.429738055611869202e-02
-1.306740693147205035e-01
4.579319692457527180e-03
4.641438956984118153e-02
1.351957355268672278e-01
7.181010830034148529e-02
2.949738293564104288e-02
-2.274963400823406257e-01
-1.704125989462295654e-01
-2.193344889422353672e-01
-1.692020493767431299e-01
-2.452868515865984922e-01
-2.816981167621017690e-01
-2.454971225108720789e-01
-1.595287929292819595e-01
-1.735865794438610776e-01
-1.897848609105440842e-01
-6.624650660709141201e-03
-1.846803195574419354e-01
-2.087001874173263216e-01
-7.891657504433565937e-03
8.644371782133908333e-02
1.972983781580586460e-01
1.923410047999055406e-01
1.419314562962480375e-01
3.223672327252141701e-01
4.180134869056180147e-01
6.816372385067112072e-01
4.344157438930022486e-01
4.443869643172577155e-01
3.573236712048172281e-01
3.939864283921398758e-01
3.626205220658353934e-01
3.086078487475639731e-01
1.326963208007672923e-01
1.439029188015767680e-01
5.889510317277160678e-02
1.555185801369182164e-01
2.315493256480838369e-01
1.570215851022331854e-01
8.556198914623104612e-02
2.260052099510866386e-01
2.061293246193152129e-01
3.172617516956383749e-02
9.975514479924502131e-02
1.850567665726022271e-01
3.867721491734125716e-01
5.051695082839864348e-01
5.469711468549820488e-01
3.900940647876219858e-01
4.684625995749518435e-01
4.454586662821746756e-01
3.343263901844244490e-01
2.983175960069314736e-01
4.770591131257587159e-01
3.345201955123188187e-01
4.855827542364306026e-01
4.336657336579228805e-01
4.794771306298135638e-01
4.250108343315777137e-01
4.974586658857579335e-01
5.489229295329166591e-01
5.229376883364297290e-01
4.027738947685539639e-01
4.216907807012887921e-01
3.712841019882713312e-01
3.739635959511982133e-01
2.161738715529901156e-01
2.375289250011649866e-01
3.142192751535685113e-01
2.351694578891213583e-01
1.585707519951780331e-01
2.460695912956604170e-01
3.256661111900854833e-01
4.455948896694295058e-01
5.230351554429303329e-01
6.240627261239003465e-01
6.538096336699288358e-01
5.578761997688036489e-01
5.000814204247683303e-01
6.443933315132811535e-01
7.057873290019047730e-01
6.091996779790610494e-01
6.771255482630618161e-01
8.041856011070134258e-01
9.659190198161979879e-01
8.476260585197041841e-01
7.700591174198927469e-01
6.863593039981075172e-01
6.786013701782560581e-01
5.951399212317145526e-01
6.164747595558435211e-01
7.638683694253645129e-01
7.597485447518604884e-01
6.652219218467642081e-01
7.305190965502654787e-01
7.459856115804165411e-01
9.321632496470932949e-01
1.119877846293187540e+00
1.028230363312732543e+00
8.936024341401227478e-01
1.006101567528697283e+00
9.802428295797243063e-01
8.560499652253861225e-01
8.779601822234286423e-01
9.552746106056935194e-01
9.730401094740268597e-01
8.985221802131790891e-01
1.055580136765439603e+00
1.029496914672480612e+00
8.349206604014189903e-01
9.066809144374252671e-01
7.941462192247485952e-01
8.815542491407155623e-01
8.815952571650274017e-01
9.783269980946133204e-01
1.136329218402026386e+00
1.318186893118572955e+00
1.474151832116753713e+00
1.470380781012971427e+00
1.469112346459203078e+00
1.497148995657246351e+00
1.430716027427944681e+00
1.502902783064884895e+00
1.459464692193671587e+00
1.493855764659021368e+00
1.364899954694956508e+00
1.330361673936869993e+00
1.178166809522863900e+00
1.175020394265573920e+00
1.024866723279508562e+00
9.620446093761461093e-01
1.012491189150344306e+00
9.871340695053663072e-01
9.343152575605854215e-01
1.015911992991784585e+00
9.311538976400481893e-01
9.323161578661051108e-01
9.254614967676056958e-01
8.492904781624400767e-01
7.252005204701439389e-01
7.088542414836536132e-01
7.700824165752069295e-01
8.241764616721327652e-01
8.651146320265428180e-01
7.613377472710589622e-01
6.720518026409005863e-01
5.299001339455127191e-01
5.150074272863151004e-01
4.907233819130970010e-01
4.674754193642678413e-01
3.153862972239864781e-01
2.803999282602798737e-01
2.762161327393191645e-01
2.577029412668461195e-01
9.001650579421131837e-02
2.204778386070481988e-01
1.587603501311031784e-01
-4.841637875683803272e-02
9.538750890100737567e-02
2.084940103172907011e-01
2.892317878463589453e-01
1.107727009837272819e-01
2.352808328661579462e-01
2.278344048958725332e-01
4.798598157007782222e-02
1.262933149116015619e-01
1.187695023367569824e-01
1.403090559956679806e-01
1.184713468564702332e-01
8.224102028265876940e-02
6.708554008705253091e-02
4.039867107247768763e-02
2.063024458772275485e-02
-4.091792220677818379e-03
1.290001863772662245e-02
2.485422819199506472e-02
-1.409551431957892509e-01
-3.562950026803728826e-02
2.340489945056470344e-02
-4.432611556423945998e-02
-4.455771523259415695e-02
1.008609213450206155e-01
2.474508641242145063e-02
-1.183074637105367005e-02
-1.339813444900383177e-01
-2.762458477690406533e-01
-3.438811762655265003e-01
-2.743786255120201356e-01
-3.873804946292681017e-01
-5.328874577894497921e-01
-4.649631258209198093e-01
-5.260402288914798330e-01
-6.596447343654444628e-01
-6.526983301244126956e-01
-5.971429266724208595e-01
-4.442478261467295297e-01
-2.887034240032849142e-01
-3.875729720961973435e-01
-2.749728324389257850e-01
-2.302225200638594593e-01
-3.226737866805628463e-01
-2.847352955964225218e-01
-3.632252865750060788e-01
-2.897526888056236039e-01
-2.861470478089077063e-01
-3.198056808256367067e-01
-5.277205066477782536e-01
-5.456136677382608102e-01
-5.096437084556698638e-01
-4.803282726660550450e-01
-3.791832240829973721e-01
-4.944808405056696499e-01
-4.927644414652731508e-01
-5.977606539925067741e-01
-6.024923032427624836e-01
-5.315626878059058757e-01
-3.721839830127042781e-01
-3.435661900852008399e-01
-3.650871511055488461e-01
-2.162276324536302474e-01
-1.399137544044626591e-01
-5.700246041718373680e-02
-8.021975003752651601e-02
-5.380639436196921893e-02
-1.376769846209938419e-01
-6.346939687669219538e-03
-1.261005907382685698e-01
-1.918024528495125280e-01
-2.381318050853748480e-01
-2.991447266908565106e-01
-2.017664388977968848e-01
-1.573777208776614978e-01
-2.108166176049761920e-01
-2.008193319705945390e-01
-1.803687085432363058e-01
-2.199401344040775030e-01
-2.981354504495397628e-01
-1.554972984189633700e-01
-9.418014705421547117e-02
-1.162288732275231495e-01
-1.388092998990318738e-01
-3.905080070410282822e-02
-1.034719516035934456e-01
-1.153318484738315858e-01
-8.057948731673075793e-02
-1.611316358983314045e-01
-1.181677655090845741e-01
-1.988903339610221532e-01
-2.204309700319471155e-01
-2.090832004555184531e-01
-1.627579460616374041e-01
-8.615329097848355155e-02
-1.498416693531367527e-01
-1.173029480912022582e-01
-1.937441565724140335e-01
-2.056538211801844929e-01
-1.424004883514292386e-01
-2.412539731485507655e-01
-2.199670334096175128e-01
-1.365682657476501305e-01
-1.317442847114647791e-02
8.007563639066118955e-02
8.323106334339576418e-02
4.863905753621674405e-02
1.821626715332805291e-01
5.986221679011319990e-02
-5.519786589976748148e-02
3.353400283593239994e-02
9.021425439592919981e-02
-2.969885942473926566e-02
-4.261372159371509122e-02
-1.434140699034311753e-02
-1.084407616113668982e-01
6.854505376291664120e-02
1.428907668578140167e-01
1.559038017796984255e-01
1.167207395887936011e-01
9.734530943399023750e-03
-1.431811204688973049e-01
-8.690380043331938364e-02
-8.489005606349568633e-02
1.470097955910393273e-02
-4.553167009394132325e-02
1.600675241898082829e-02
7.617474767418838666e-02
1.571020187651329669e-01
2.215110976902134599e-01
2.425853323841332121e-01
2.093858988983366975e-01
1.487545581032577169e-01
1.394874219910977320e-01
3.633848898152029078e-02
4.686987600623077760e-02
-1.260483562344698882e-01
-1.342044689585616402e-01
-2.357987214496999329e-01
-2.373276043645986821e-01
-2.596021072558939435e-01
-2.429838386109965664e-01
-2.023889736808631989e-01
-3.004757874733909317e-01
-2.829857004283700683e-01
-2.002527738740579322e-01
-1.299518185000482218e-01
-1.905309943693592190e-01
-8.771559873109804895e-02
-2.468365606951235802e-01
-4.237744283545227808e-01
-3.517996263516615651e-01
-3.304329582198843318e-01
-1.496246566142321321e-01
-6.003279782752914129e-02
-5.950468686599289653e-02
-6.304685471784954309e-02
-4.826210694030316772e-02
-1.866796190773209185e-01
-5.790085686685417232e-02
-2.557624473205595828e-01
-3.091854614717324812e-01
-3.315020590461383310e-01
-2.221845917578419427e-01
-2.357533150379831910e-01
-2.298007193503885937e-01
-2.779699743736105400e-01
-3.510322430163658747e-01
-2.572933211094257100e-01
-2.857338990696123848e-01
-2.633196279182630772e-01
-2.036743594375805821e-01
-2.311866138943510784e-01
-1.751008674101334761e-01
-1.082745311420644369e-01
-1.981934482130468522e-01
1.777038175606877185e-02
1.741600161107585004e-02
8.947075382971000912e-02
4.211808202838740467e-02
8.677557467505282729e-02
1.227163204100271965e-01
6.938658818721143984e-02
1.006915881351658909e-01
1.470261965308051755e-01
2.651989121145350570e-01
3.907497660262624489e-02
1.242615651407110409e-02
-3.129653427965984301e-03
-1.242179832923076266e-01
-1.886094606350091629e-01
-2.846462085825030019e-01
-3.237260851657386973e-01
-2.839627854792426409e-01
-2.803251918130181819e-01
-3.684090545535556038e-01
-4.121217140727532757e-01
-4.164707612565207717e-01
-3.252440841771355173e-01
-3.847189947136123722e-01
-5.245640123206849470e-01
-4.242450540372402212e-01
-3.938326973757628746e-01
-3.967838933739723517e-01
-4.270608386452398597e-01
-5.185936562591062504e-01
-3.492957346359635284e-01
-2.779141586461764124e-01
-3.453753468930483850e-01
-2.973491068812972871e-01
-1.303358135013286123e-01
-1.223148736127460251e-01
-2.921919153607085637e-02
-2.826895986101337840e-02
-2.904304540083227706e-02
-1.780862055793578091e-01
-1.078120791092061354e-01
-5.680107600504339521e-02
-3.530754850402877121e-02
-3.248964648252943704e-02
-1.474196982981377559e-02
-4.648007851079530989e-02
-6.648657155105525129e-02
-4.204637425292496317e-02
-4.361181524960702771e-02
-7.622035615880633219e-02
1.319225957789165252e-02
8.551815563414381927e-02
5.863362105732562723e-02
1.211438403400723895e-01
1.078681235766675711e-01
7.168009481977492825e-02
3.908453287352393196e-02
4.029328171589738328e-02
5.263491898660999091e-02
-9.159983487127944246e-02
-1.443276387230038593e-01
-1.679249285650864787e-01
-5.288308942632440751e-02
-8.294818452384383756e-02
-2.728021924757699501e-02
6.290362263878088167e-02
6.501755092546589176e-02
9.334206688022123055e-02
1.748698249233326257e-02
6.059943447277941347e-02
1.195864691068301428e-01
1.277266907941612406e-01
1.210704434003138374e-01
1.442738266608393771e-01
8.576034096554252528e-02
-5.747265523640529561e-02
-1.652640802785926843e-01
-1.615112849814287765e-01
-2.171722427414443102e-01
-3.078481428005820364e-01
-3.132469046173168015e-01
-3.369835079418133650e-01
-4.388813424915619099e-01
-5.245552355829015134e-01
-5.274069011939630514e-01
-5.116582245773786397e-01
-4.051718672742772309e-01
-3.554539689832228455e-01
-2.479772736375717157e-01
-1.849038636419235992e-01
-4.897874824206693845e-02
-6.935944264752659516e-02
-6.296966601385044215e-02
-1.237854910481283877e-01
-1.779654414137015750e-01
-2.981822167393912149e-01
-1.661333727409632366e-01
-1.612657370105466947e-01
-2.373194071890924461e-01
-3.411376053234758121e-01
-3.890835949640991109e-01
-4.387571790411438077e-01
-4.340400198856150804e-01
-3.644944261903618199e-01
-4.021013387672108808e-01
-3.859569349508288894e-01
-3.319536100645552601e-01
-2.451927551976242348e-01
-4.592841285878103696e-01
-4.737913942060353323e-01
-4.546436450627023285e-01
-5.581352849368451663e-01
-5.074383331017661147e-01
-4.719572230765095022e-01
-4.645658077248749906e-01
-4.431478869785554497e-01
-5.759663121014899634e-01
-7.579415916739628001e-01
-7.275844256269449195e-01
-8.192490596940733560e-01
-8.491714515599040336e-01
-8.555063241540731278e-01
-8.350181842668510379e-01
-8.148297590382610478e-01
-9.368979821405021280e-01
-8.990497192830915196e-01
-9.622691466531071436e-01
-9.513833149881053552e-01
-9.537922745180212880e-01
-8.479801417671595232e-01
-7.851266682378559292e-01
-8.650816573668181908e-01
-8.472000105722273799e-01
-9.446814319233146628e-01
-1.015067463988219343e+00
-1.052137390328582001e+00
-8.980481233275584563e-01
-8.276444696111391330e-01
-8.526012294694689242e-01
-7.969696302162029289e-01
-6.012340932582985742e-01
-6.826140318391122896e-01
-6.523755269583790817e-01
-6.242743044949559117e-01
-6.407007774598084682e-01
-6.490347032043212172e-01
-6.982638217922300106e-01
-5.732913361337357294e-01
-3.645292780530076659e-01
-3.566535256920079777e-01
-3.801751580774930805e-01
-3.789595328553726494e-01
-5.793466965931928225e-01
-5.632592551851171025e-01
-5.018401150180863413e-01
-4.056374184210772005e-01
-4.248507612030488767e-01
-4.060214342906280915e-01
-4.939482391735874334e-01
-4.458315614737204391e-01
-5.675468110654648957e-01
-4.747226176912039408e-01
-4.711366809093543440e-01
-4.701156543507934438e-01
-4.094179418118258917e-01
-3.538815327044906867e-01
-3.410883565650960070e-01
-3.978097329307763719e-01
-4.829259391682079183e-01
-2.298092057593250637e-01
-3.304432904886108191e-01
-3.462435050618040688e-01
-3.036601014711848290e-01
-3.078688851700879248e-01
-2.414015249269486352e-01
-3.076275931629201543e-01
-4.063210239320352857e-01
-2.792029725383244898e-01
-3.897128940529423491e-01
-4.441031963813608652e-01
-4.864543264363043185e-01
-3.848062310431542010e-01
-2.220578619236508455e-01
-2.803382864171720668e-01
-1.534133510513422671e-01
-2.782928531646111647e-01
-1.917191879584660419e-01
6.146485997001741031e-02
1.801728574566846541e-01
1.397205538302662142e-01
-6.207678123036738244e-02
-9.624777240834619940e-02
-9.683253602271807425e-02
9.988688348691463631e-03
4.874810858365957733e-02
-2.977082852988140529e-02
1.146271545759320887e-01
-5.492579524431211169e-02
2.445014645775055867e-02
1.085354850465530818e-02
9.375374291740055845e-04
-5.052937320408164290e-02
-1.029786485278702396e-01
-1.338559820730893246e-01
2.197137957667539415e-02
-2.077158577880443557e-01
-2.367438124735025129e-01
-2.563020996089557246e-01
-2.607821554809043874e-01
-1.997200506219612981e-01
-2.125034704829752430e-01
-5.523307479388658847e-03
4.011982855862412933e-02
7.292753459943423534e-03
-7.126839372415151586e-02
-1.413549015153233446e-01
-1.340660181754342872e-01
-1.805350760698371804e-01
-4.350041315898305339e-01
-3.921467855400052605e-01
-2.967221866655599949e-01
-3.621097490013203135e-01
-1.874738229920387689e-01
-1.944481397267041889e-01
-2.576861498256886041e-01
-3.260005238147183904e-01
-3.997197822125307387e-01
-4.167375197872119075e-01
-3.060308665285171315e-01
-3.451368632503973299e-01
-3.177152271533981720e-01
-4.058704822536248757e-01
-4.463689005759882700e-01
-4.529027225015584412e-01
-3.521085594683284747e-01
-3.548810352594700679e-01
-4.033526313112669737e-01
-4.479494040432179247e-01
-5.335988648812506341e-01
-4.629081724878130188e-01
-3.726554768872972212e-01
-3.033756583985574018e-01
-3.736574424630216829e-01
-4.181449907369844676e-01
-5.648359246449743409e-01
-4.917638746835339414e-01
-6.068825065310249345e-01
-6.156729175336848048e-01
-6.977761295868774027e-01
-7.040269061298336517e-01
-5.932858174747459579e-01
-4.978088356155876415e-01
-4.902830904121267541e-01
-4.960377183222815511e-01
-5.736639668487539812e-01
-6.192160295175523910e-01
-5.238581157681794220e-01
-5.482345436484691303e-01
-4.954416125963057027e-01
-5.587286348108507772e-01
-6.024822990614495666e-01
-4.419185032085179987e-01
-3.914020571971822404e-01
-3.139794245108166737e-01
-4.077022768927640595e-01
-4.513596550151706688e-01
-5.429008311631732253e-01
-6.970849653187782824e-01
-7.402525002863433734e-01
-7.556919247686740837e-01
-7.215535015071614655e-01
-5.907306419224885863e-01
-5.763390083692304655e-01
-5.556802581077044945e-01
-7.498942948831509581e-01
-9.052666153431813134e-01
-8.077651817643669574e-01
-6.360407159033527602e-01
-7.340128471056137638e-01
-6.495050732871180399e-01
-6.405436781055873219e-01
-8.787642179109815821e-01
-7.831809648227783249e-01
-6.775482147631145535e-01
-5.152299773982625952e-01
-4.399273041558992015e-01
-5.607076313765273490e-01
-5.973272871508229498e-01
-7.108243561700970936e-01
-6.489603243734338722e-01
-5.645973541971819332e-01
-6.515486109550681082e-01
-6.069637443521070930e-01
-5.325484003935245791e-01
-5.160161426254157302e-01
-6.422658724131609098e-01
-8.556145471490690380e-01
-9.270063416982385895e-01
-8.762008336435486155e-01
-9.136336127552255881e-01
-9.962270980736762649e-01
-8.820772955411422256e-01
-9.300587050219694119e-01
-8.556974595619958324e-01
-7.235303943532525039e-01
-6.361015057246566240e-01
-5.518771681653661387e-01
-6.280955193288639826e-01
-7.638854540097566037e-01
-8.260354304764044864e-01
-8.231155861989665201e-01
-8.399730798847624413e-01
-6.751780128058221253e-01
-6.271225792538905885e-01
-6.059305987913528035e-01
-8.004037112739372795e-01
-7.242335481133864716e-01
-7.089635036343552299e-01
-6.799151672360349563e-01
-6.269230045044705824e-01
-7.038230330883830099e-01
-8.339023663174545131e-01
-8.671013990355531664e-01
-8.166934381514165953e-01
-6.697169916787194532e-01
-6.546016780014304315e-01
-7.385879110781986556e-01
-8.087298615446022465e-01
-8.764187376514228633e-01
-6.672401254587480013e-01
-5.686484409831732423e-01
-4.598054254988116485e-01
-4.512456754430841932e-01
-5.325828549681365098e-01
-5.800120368412567951e-01
-6.047373261826949342e-01
-6.262418669980844843e-01
-6.427645333502935987e-01
-7.252637708625842006e-01
-6.556576797732124318e-01
-6.801527761384644766e-01
-8.775928999459686741e-01
-8.382941069557386937e-01
-7.680476070466958349e-01
-7.861150038704222132e-01
-7.109230658177005946e-01
-7.117828349661033949e-01
-7.476315643774651409e-01
-6.877060309942096827e-01
-6.321880022915492559e-01
-5.677702428061510709e-01
-6.250367288112799180e-01
-5.586583788941639206e-01
-4.563212157262028223e-01
-4.593031362474099266e-01
-2.904289135854238313e-01
-3.070088074122029886e-01
-3.531180117067642121e-01
-4.950747536895918066e-01
-3.959822031645956475e-01
-3.826121452378923871e-01
-5.178614041514809641e-01
-4.707014394345427899e-01
-4.860096246222451177e-01
-5.321092088712799928e-01
-4.452350092769328804e-01
-5.546351423095678967e-01
-6.792630709695769431e-01
-5.725438835150027383e-01
-6.563273913052682929e-01
-8.090018371497831318e-01
-8.268644370780777741e-01
-8.361179296456524579e-01
-6.997594550141100767e-01
-7.213029160265889139e-01
-7.157875820660345445e-01
-6.602188560326219813e-01
-6.814033995084332052e-01
-6.650706674843991362e-01
-5.822480518106991632e-01
-5.677707354280880914e-01
-5.737721714033329201e-01
-5.467014215444903069e-01
-5.611296859332358666e-01
-4.432908370449917812e-01
-4.755193073271528070e-01
-4.796704802489910047e-01
-5.560898036972844460e-01
-6.233876929412017764e-01
-8.064241486539852621e-01
-7.991547024056102622e-01
-9.571156292106787200e-01
-8.924388960569358265e-01
-9.536665038753893153e-01
-1.023903136452724238e+00
-9.582867320654386845e-01
-1.060556994128340369e+00
-1.040381356312558569e+00
-1.182827785592482250e+00
-1.120580762389292051e+00
-1.122948272889921828e+00
-1.052325980700226093e+00
-8.019667731368822494e-01
-8.644877667367377727e-01
-7.760109777308376033e-01
-8.435181150987869358e-01
-8.869288169074537320e-01
-9.190060491245140017e-01
-7.999017700753725535e-01
-7.074322888795337994e-01
-7.459172377336908966e-01
-5.493144719871269066e-01
-4.028654288931485250e-01
-3.493311591057964849e-01
-4.049559794060721973e-01
-3.917267704841697618e-01
-3.637296559352803937e-01
-4.292496104380769117e-01
-5.107074007020280249e-01
-4.719770332817198599e-01
-3.754577519013999609e-01
-2.960762902522541817e-01
-2.780243192524077256e-01
-2.254923777028402798e-01
-1.517538433941268416e-01
-2.409573382718245282e-01
-2.697377746757484984e-01
-2.051677959006964480e-01
-1.756136145219492350e-01
-1.617168189032073058e-02
-9.083870983576058933e-02
-2.592784732199218123e-01
-2.589241295811919863e-01
-2.822651611844694819e-01
-2.252488242311659061e-01
-1.746790283862444115e-01
-6.373557902509058293e-02
-4.815626981191450939e-02
-1.534060428427875267e-01
-2.800136977924628234e-01
-3.275942880918417122e-01
-2.888911631208314623e-01
-2.882321685225621710e-01
-1.600108838193358973e-01
-1.696839961339479397e-01
-2.229942750880742064e-01
-1.057171167689235081e-01
-2.045409911702517070e-01
-2.927567596275795214e-01
-3.495768898404814085e-01
-2.156887300161540733e-01
-9.713906668347147000e-02
-1.108880329758951122e-01
-1.019835164958759338e-01
-1.910309843658548890e-01
-2.220787450478730607e-01
-3.752852617233401467e-01
-3.978715948172958372e-01
-3.932731378097426567e-01
-4.938982586736050395e-01
-6.824347689336053291e-01
-5.821328085784790440e-01
-6.117944616378387934e-01
-5.686832927403143723e-01
-5.898239861703226117e-01
-6.247102169248077708e-01
-5.088176826962534927e-01
-4.461594826725447382e-01
-5.384782114767413530e-01
-5.618461829460527079e-01
-5.384092268811699888e-01
-6.285870073707653383e-01
-6.559154586940623144e-01
-6.707720754094363969e-01
-6.474075083344200676e-01
-6.272778072509795910e-01
-7.094934832166280847e-01
-5.242425744455661007e-01
-5.608632968915441275e-01
-4.427154931359518208e-01
-3.666355732397497680e-01
-3.791630250171620364e-01
-4.170021554277362763e-01
-4.529654416761197955e-01
-5.726917824468783502e-01
-5.962983330894066070e-01
-6.603467234934148333e-01
-4.747805726031392171e-01
-4.757020770881432714e-01
-2.651195854308532329e-01
-1.756598892782934018e-01
-3.408577226591563702e-01
-2.705946070084881971e-01
-2.548612716145412516e-01
-3.308351887791322610e-01
-4.674461547911510362e-01
-4.502252604770846101e-01
-3.354893258209688534e-01
-3.420819862198791750e-01
-2.325886721363794318e-01
-2.193750429055299211e-01
-3.048417806800353680e-01
-3.448801575548606779e-01
-4.590487319209787809e-01
-4.025414683443267472e-01
-4.423120190553109232e-01
-4.559755011906838074e-01
-2.985584221270922711e-01
-2.362808154629810198e-01
-1.817991535697522920e-01
-2.774801335174919004e-01
-2.929215868072495565e-01
-3.235357700540116288e-01
-2.459789307302842898e-01
-1.066133775288819058e-01
-1.381742457151758918e-01
-2.489301118468653373e-01
-2.017739093095347602e-01
-3.216237383110217424e-02
8.513651334796383530e-02
1.462105162763287225e-01
3.635735037717011814e-02
-2.321988813989134259e-01
-1.409782602478892588e-01
-1.490183110420507939e-01
-1.249098569212831328e-01
8.815064640857657799e-03
7.329658484816403696e-02
1.279287352567239355e-01
1.321237095386861571e-01
1.155829192723589055e-01
8.051309411981583120e-02
4.037579541778397313e-02
5.699651720211115075e-02
3.464967367444615753e-02
1.148856895142665313e-01
1.395501142617816270e-01
5.049842091371199021e-02
1.406265516144473704e-01
1.290076324046625644e-01
1.117360970492143474e-01
7.054551667302727536e-02
-7.945581410631923081e-02
-1.854274737676797347e-01
-1.063163821501158235e-01
