-2.615641657781810347e-01
-2.979743385097436414e-01
-2.981656833707160281e-01
-2.962879375054572328e-01
-3.142767252823546187e-01
-3.270792784333668157e-01
-3.080953264164911221e-01
-3.050419274002870718e-01
-3.256492040897770446e-01
-3.310723221437272823e-01
-3.147752466571661079e-01
-3.035578319181302942e-01
-3.028618552563590582e-01
-3.005048999191027859e-01
-3.102565029160623267e-01
-3.070958475557400980e-01
-2.917444528837320195e-01
-2.912904588989444488e-01
-2.983364151090908134e-01
-2.967978998700556148e-01
-2.848890998491158122e-01
-2.836630268663065668e-01
-3.001671797014880960e-01
-2.876198582874681109e-01
-2.734150470365420138e-01
-2.842604574470667389e-01
-2.641024572007905080e-01
-2.691739113835250330e-01
-2.684565845160438724e-01
-2.571629337429898743e-01
-2.513381717296163664e-01
-2.549195797122569274e-01
-2.561249580914305990e-01
-2.430587123162682439e-01
-2.427223822880031634e-01
-2.439207014252871009e-01
-2.318573595310211288e-01
-2.497387158338660318e-01
-2.298347757799905355e-01
-2.264198275382562076e-01
-2.166325457697445556e-01
-2.203600506293472705e-01
-2.178592951366032093e-01
-2.184884811367373558e-01
-2.049357874139191016e-01
-2.110753742881935902e-01
-2.118610009338225963e-01
-1.978340913836766912e-01
-2.079931807309489955e-01
-2.007744776420922750e-01
-1.930361328153057388e-01
-1.937769822015669718e-01
-1.891874606800420799e-01
-1.787903734960675506e-01
-1.807726114823824393e-01
-1.773611742477424480e-01
-1.752668512516680766e-01
-1.696827777845523744e-01
-1.699733074590107917e-01
-1.694495244515222265e-01
-1.619626004614374004e-01
-1.615299763116065379e-01
-1.545999196201169879e-01
-1.512656269004539755e-01
-1.516039642550558453e-01
-1.486600761457339548e-01
-1.523024887438767516e-01
-1.380948005104664089e-01
-1.448787674910618772e-01
-1.425418200908582511e-01
-1.390059023921798032e-01
-1.345205569315522931e-01
-1.340403060770690158e-01
-1.295906857036516202e-01
-1.327031189136961831e-01
-1.282118492951690447e-01
-1.236970720156475023e-01
-1.233597744359599124e-01
-1.173769269073348664e-01
-1.198111052295737777e-01
-1.174920958732061926e-01
-1.119032774088021265e-01
-1.164041219887191059e-01
-1.100195954455264746e-01
-1.086921213021420918e-01
-1.070458232553156835e-01
-1.092854224252788331e-01
-1.069575970910019991e-01
-1.078962658841692290e-01
-1.036134052591674570e-01
-1.016804817620790002e-01
-9.966617277963885080e-02
-1.080412765081675275e-01
-1.024397422845430006e-01
-1.015221328661812805e-01
-9.942275216242668634e-02
-9.635355795815625513e-02
-1.034947140916562258e-01
-9.573144030218116995e-02
-9.686665731138455193e-02
-9.948703891526744503e-02
-1.029055373340269641e-01
-9.830663079506518631e-02
-1.036019106465317918e-01
-9.823377062877836075e-02
-9.677809018292449217e-02
-1.056299528050322900e-01
-9.650924747656153269e-02
-1.029923524551651370e-01
-1.037032534428861119e-01
-1.056637050093061081e-01
-1.074092521253904309e-01
-1.089498659931660285e-01
-1.125382942158270616e-01
-1.132978912416411355e-01
-1.185210893856385450e-01
-1.087846890051462623e-01
-1.218735678166977809e-01
-1.221053122568751537e-01
-1.192527369795011172e-01
-1.248041572068696592e-01
-1.267481511708992148e-01
-1.269558088028643894e-01
-1.376500757225098681e-01
-1.461638858398293106e-01
-1.400418237339102756e-01
-1.513721963384113689e-01
-1.465240224134896074e-01
-1.551488966615972576e-01
-1.578436795866240416e-01
-1.580321821048202846e-01
-1.664120474702432961e-01
-1.768521217807639268e-01
-1.851607811916191615e-01
-1.800411477172016994e-01
-1.996931494433717980e-01
-1.989789532876318212e-01
-2.023606107730837600e-01
-2.187614545275833322e-01
-2.236039621909462483e-01
-2.096986522995449853e-01
-2.333756720460731238e-01
-2.194121432767404123e-01
-2.238836674509885327e-01
-2.370261640776947232e-01
-2.388059928638042173e-01
-2.330335751674350586e-01
-2.343159266841909893e-01
-2.375961879014287792e-01
-2.371724138523965131e-01
-2.505877124120126087e-01
-2.527763881648368294e-01
-2.560245152149751569e-01
-2.522461811798506481e-01
-2.511217586035781046e-01
-2.480901620056452650e-01
-2.512713946043709790e-01
-2.586014737178308209e-01
-2.503559381908706527e-01
-2.690452694212579487e-01
-2.642468748001047807e-01
-2.520006338403311119e-01
-2.666802540753909767e-01
-2.776220300777381134e-01
-2.686539457751864202e-01
-2.735298404479953316e-01
-2.576039840475552456e-01
-2.804644576524195632e-01
-2.745302804434097688e-01
-2.907866226751782968e-01
-2.829808244792015870e-01
-2.827844988263710224e-01
-2.575309415192232887e-01
-2.742752612378196453e-01
-2.776332019958211994e-01
-2.746471512917247892e-01
-2.767941534002620330e-01
-2.860250886756836586e-01
-2.765165773573445840e-01
-2.915827508492045972e-01
-2.747826502346353283e-01
-2.844078586015899024e-01
-2.808055811948895197e-01
-2.833018889303930976e-01
-2.806606458654195002e-01
-2.746435541534468783e-01
-2.771232114445165706e-01
-2.820973013111855998e-01
-2.839121084762030733e-01
-2.905871495362584156e-01
-2.879533123952251472e-01
-2.821006616715440174e-01
-2.832726610757796415e-01
-2.911574484216541414e-01
-3.047848901008536338e-01
-2.865581763888580547e-01
-3.003622806227816966e-01
-2.880496553498979040e-01
-3.030708841617590910e-01
-2.944155018215077746e-01
-2.741495331108791955e-01
-2.814993114158435006e-01
-2.924108960727305195e-01
-2.937317736636804177e-01
-2.924343647467115836e-01
-2.926891865035463614e-01
-2.889267768885614984e-01
-3.002759961638545860e-01
-2.926335661943941790e-01
-2.882620350725015879e-01
-2.869511028774707206e-01
-2.750494693605558538e-01
-2.875028824775793801e-01
-3.084482665826959735e-01
-2.974854873462096094e-01
-2.858271900739732807e-01
-2.780649697250421326e-01
-2.812234988039752359e-01
-2.798586944989684966e-01
-2.809896719914937169e-01
-2.944988691942691528e-01
-2.930959351844291128e-01
-3.019531615323454155e-01
-3.023349202843026440e-01
-2.827206355520714975e-01
-2.965986678638226071e-01
-2.924175574178089487e-01
-2.976082618827715631e-01
-2.969694369037314541e-01
-2.989378677467768863e-01
-2.992134578851413096e-01
-2.965952541639786944e-01
-2.984678168289525146e-01
-2.862700845842616193e-01
-2.903747957537237134e-01
-2.766439788695187474e-01
-2.959901795280819314e-01
-2.906348391886837135e-01
-2.966211950247064078e-01
-2.920755548941083024e-01
-2.916121715126540614e-01
-3.001267589253506785e-01
-2.842397538583254502e-01
-3.020797042651282016e-01
-2.921023282172494628e-01
-3.008807625726979129e-01
-2.767189255740842846e-01
-2.910271087994658057e-01
-2.973619097459887506e-01
-2.937314403665789442e-01
-3.096601926794140258e-01
-2.900828820653673645e-01
-2.914553283079597268e-01
-3.012092480491344038e-01
-2.976091004509833216e-01
-2.904473071951461094e-01
-2.924673196291462940e-01
-2.841556816826016352e-01
-2.981966858358926498e-01
-2.899392165134775379e-01
-2.889204492660268908e-01
-2.943022532254722101e-01
-3.099239643640441244e-01
-2.910423270066895274e-01
-2.983479883574082780e-01
-2.899140052200195328e-01
-2.978597604704869006e-01
-3.152438735112694790e-01
-2.943705089168071609e-01
-2.973378944122666567e-01
-2.923431146485844234e-01
-2.950550038723349644e-01
-2.976473610126402214e-01
-3.089736766579238569e-01
-2.881768539381457384e-01
-2.884850428991514448e-01
-3.104926219891410710e-01
-2.993076560245926387e-01
-2.804025586608642762e-01
-2.979493262613388538e-01
-2.945976194301791473e-01
-3.043711314462624884e-01
-2.967523574988346624e-01
-2.953636529561467494e-01
-2.988975423210398219e-01
-3.079609827024689661e-01
-2.973391158039702109e-01
-2.901776535786533273e-01
-2.904573052125418720e-01
-3.024551249110998263e-01
-3.085161526212096827e-01
-3.187502335649632368e-01
-2.934480783912178925e-01
-3.029607177679922714e-01
-3.038743204176288515e-01
-3.030086567926928431e-01
-2.791939778833805175e-01
-2.929196224995254116e-01
-3.051071328784054071e-01
-3.076806819359982903e-01
-2.854549573619504788e-01
-2.913346417051643211e-01
-3.014671281895990873e-01
-3.001718242744819687e-01
-2.893850069347110310e-01
-3.096528371945745928e-01
-2.856083489180840651e-01
-2.820153323432501580e-01
-2.997014789367404841e-01
-3.010254894706412276e-01
-3.043398455644445999e-01
-2.891820986768338653e-01
-2.952385402828434646e-01
-3.057010854654751419e-01
-3.220208941987716678e-01
-2.804150184223368480e-01
-2.876588731291782608e-01
-2.998412831069956486e-01
-3.078810717424234067e-01
-3.037384308372315100e-01
-2.875381095993920777e-01
-3.005490351424635609e-01
-3.005719542501905650e-01
-3.028476008976470624e-01
-3.002152368909638547e-01
-3.232726249529442875e-01
-3.247808327201715528e-01
-3.276990430165402923e-01
-2.972789969094511431e-01
-3.114975224821323607e-01
-3.035705477169590161e-01
-3.141864613671991879e-01
-3.035627933128890454e-01
-3.014957050775914915e-01
-3.082125985413022295e-01
-2.744780262627388723e-01
-2.975464547941197857e-01
-2.946511477121769307e-01
-3.172441792771012459e-01
-3.036278504413618684e-01
-3.215398354012166671e-01
-3.026028705634957738e-01
-3.097756400525906173e-01
-2.969894446944512101e-01
-3.014534498566179277e-01
-3.071348093346157881e-01
-2.748838447156094489e-01
-2.981009195601505013e-01
-3.053499960119281376e-01
-3.008131322078957393e-01
-3.038422500937953963e-01
-3.086584523148232506e-01
-2.952247411473318817e-01
-2.945529572448546407e-01
-2.984786328763751051e-01
-3.008672902843043673e-01
-2.916273928252133274e-01
-3.081893547931375821e-01
-2.911250917353129797e-01
-2.919306071828002835e-01
-3.039501847468506490e-01
-2.872369835412287298e-01
-3.087432891212222863e-01
-3.113494880477860605e-01
-3.146315858824368927e-01
-3.177262816637860254e-01
-2.835010116966727445e-01
-2.890395344870619887e-01
-2.926280448532767586e-01
-2.928323799737215793e-01
-2.947313643716926723e-01
-3.114048170437366814e-01
-3.287688117203315663e-01
-3.224725208313241609e-01
-2.965080759027858281e-01
-3.120495073280045162e-01
-3.106876243637006763e-01
-2.918361246309366663e-01
-3.055346516825410141e-01
-3.156655704522539629e-01
-2.959986100274165643e-01
-2.957653793825438804e-01
-3.106891739244717066e-01
-3.112485357189502810e-01
-3.083478122213609840e-01
-3.095157164104158642e-01
-3.040272063635223176e-01
-3.001439138585995092e-01
-2.871128768469792814e-01
-2.960099571215235592e-01
-3.065159346055261746e-01
-2.938098727351388106e-01
-2.761784614213401712e-01
-2.868720185517434906e-01
-2.976684032712486605e-01
-2.573214515149183645e-01
-2.888844600224729220e-01
-3.061530558995926299e-01
-2.965155444161899911e-01
-2.999711008500869358e-01
-3.094856985662466364e-01
-2.977051144227573776e-01
-3.152688555157372452e-01
-3.115225581873186655e-01
-3.035794790722530223e-01
-3.112086446660893291e-01
-3.058924382127632402e-01
-3.096054760642168446e-01
-2.985453751208981821e-01
-2.938728865837010318e-01
-2.785399915440474050e-01
-2.946942465600057570e-01
-2.817963333037878382e-01
-2.816238121944478756e-01
-3.094769289425276515e-01
-3.043108643438747762e-01
-2.923392237965178886e-01
-3.076303948173411129e-01
-3.274747407242752928e-01
-3.077152645612071247e-01
-2.921952565935055368e-01
-3.038747555714247373e-01
-3.012052434146090807e-01
-3.163933380579546650e-01
-3.130963728855844508e-01
-3.163053065828120847e-01
-3.198293415833028952e-01
-3.158176536072363483e-01
-3.094380909786075273e-01
-3.065334772310552847e-01
-3.050072830234666910e-01
-3.091393405848794629e-01
-3.036767960449161530e-01
-3.006060152537078922e-01
-2.905320122246779491e-01
-2.969076620768238417e-01
-2.948004722496524455e-01
-2.835764025381359854e-01
-3.045154612195011268e-01
-2.918146487606069206e-01
-2.883904406988041513e-01
-3.035602612447870774e-01
-3.043617506909461756e-01
-3.081127003211525661e-01
-3.081202145134999126e-01
-2.883423357756625949e-01
-3.015782373233585334e-01
-3.114684390116426727e-01
-3.058469096980990232e-01
-3.013445671637581258e-01
-2.952891831344818252e-01
-3.170481146147000606e-01
-3.087316894272953416e-01
-2.884414258284109245e-01
-2.988833419883680786e-01
-2.847499526087106103e-01
-2.915024697815371546e-01
-2.850671799094843806e-01
-2.806360519823878352e-01
-2.962897525710146418e-01
-2.967547516474253744e-01
-2.869684087285639951e-01
-2.946228724919479625e-01
-3.021578983843300481e-01
-3.044999189312170840e-01
-2.983315896885035956e-01
-2.889453510258048752e-01
-3.020843967803752417e-01
-3.013970937883310164e-01
-3.223106335181247228e-01
-3.096094500803970861e-01
-2.906470614235697747e-01
-2.959919135881136087e-01
-3.136235647155363182e-01
-3.105404632189074920e-01
-3.009367699505866023e-01
-3.053060799467022801e-01
-3.130661684701314118e-01
-3.027330538235386559e-01
-3.055471427728360112e-01
-3.072120906007951291e-01
-3.028162053313094848e-01
-3.001200281877767218e-01
-2.906662745856306573e-01
-3.032959170081439004e-01
-3.153884323284624758e-01
-2.882111180246175186e-01
-2.880236068540428240e-01
-3.072377452076825444e-01
-3.040028977599014137e-01
-2.962723917061838019e-01
-3.282075901040607535e-01
-3.165533326864854446e-01
-2.971512890373675386e-01
-3.170115284201390216e-01
-3.148522093955707923e-01
-2.971560450359009842e-01
-2.978224243011372563e-01
-3.189933166018265043e-01
-2.965887283191922519e-01
-2.892361508233725065e-01
-3.057026717980219077e-01
-3.085624015181253066e-01
-3.038445408566986528e-01
-3.010661336214616179e-01
-2.723997495963728088e-01
-2.944604219382175869e-01
-3.117423978026550024e-01
-3.045869877481789390e-01
-3.048962078868487913e-01
-2.910387809951129334e-01
-3.064420812239432301e-01
-3.156499389073847417e-01
-3.131042842096687373e-01
-3.111369474214215058e-01
-3.129043402028124921e-01
-3.068539343605114489e-01
-3.121622497343584657e-01
-3.144708976501057740e-01
-3.030741541641260861e-01
-3.077578220375622453e-01
-3.227258649133048496e-01
-3.097635703243634686e-01
-3.000153578340249427e-01
-3.167365548686515431e-01
-3.029251346855799110e-01
-3.058058836274872849e-01
-3.201047329185068291e-01
-3.078349580805588293e-01
-3.135613148622506952e-01
-3.172119385328503460e-01
-3.163810292888941667e-01
-2.978535291460597811e-01
-2.981543772802666137e-01
-2.981181191732761304e-01
-2.946755652455625429e-01
-3.130197850858777442e-01
-3.012295847327659537e-01
-3.055507615460509863e-01
-3.032773956100793811e-01
-3.183007106699233812e-01
-3.071755747676422899e-01
-3.050124029633481948e-01
-2.912119261462881026e-01
-2.917691166423442284e-01
-3.063634276114108879e-01
-3.095625481123489564e-01
-3.176898247333436176e-01
-3.028636255052128412e-01
-2.984424523046109723e-01
-2.959833897779892142e-01
-3.023885955172729845e-01
-2.912342025639272913e-01
-2.983243598385011963e-01
-2.908219487917483304e-01
-3.003343354343415150e-01
-3.029367430900511415e-01
-3.087917686030489661e-01
-3.165009469308188716e-01
-3.174813215068322814e-01
-3.176859275201805999e-01
-3.069331999423807189e-01
-3.098384880227861293e-01
-2.878205183374414333e-01
-2.951174426828545028e-01
-2.946854090660371850e-01
-2.958073666683120884e-01
-2.943598187582639469e-01
-3.017603798044856678e-01
-3.029564016675541649e-01
-2.923847977869937775e-01
-2.884983921375394722e-01
-3.119855417876861159e-01
-2.979544835357070820e-01
-3.037798273682847938e-01
-3.132808746697968161e-01
-2.854597408762921673e-01
-2.884984396978003129e-01
-3.125790123687101074e-01
-3.141235437667606600e-01
-3.149822303349749664e-01
-3.171699919164805426e-01
-3.115974973924618974e-01
-3.169012551272564204e-01
-3.200737257715670081e-01
-3.206136653148541904e-01
-3.003312839122352917e-01
-3.193481261935673943e-01
-2.927421091407458875e-01
-2.940868334851314270e-01
-3.066469354948302972e-01
-3.045109356482211260e-01
-3.025032193326855356e-01
-2.947366919219910897e-01
-3.277911566099812601e-01
-3.108187640702853582e-01
-3.232319538615719967e-01
-3.186005656815863452e-01
-3.016693962890778513e-01
-2.922941963151637901e-01
-3.107598005410107667e-01
-3.264215551071992794e-01
-3.191542319730790722e-01
-3.035702923830372324e-01
-3.063036171554660569e-01
-3.064509263078308843e-01
-3.174299549166512691e-01
-3.144329768285285542e-01
-2.884447154951159109e-01
-3.073342014144732071e-01
-3.240121860422016109e-01
-3.229098887753571456e-01
-3.003606105992907005e-01
-3.304854476542443131e-01
-3.112702084672807068e-01
-3.133526520923246572e-01
-2.980072019836386144e-01
-3.186133980081014005e-01
-3.050355343466882307e-01
-2.971462628838562048e-01
-2.980355283218598106e-01
-2.985514414561434848e-01
-3.100259838626260311e-01
-3.043063502198193326e-01
-3.053936462908289351e-01
-3.110623161639097245e-01
-3.057248415941981046e-01
-3.064424877440238282e-01
-3.066285224471807513e-01
-3.088927653788409722e-01
-3.229539942001860009e-01
-3.291259940206506807e-01
-3.017765264958282012e-01
-2.982263619641384866e-01
-3.126303814939641601e-01
-3.200963931035909482e-01
-2.906916533462321484e-01
-3.085817010180921804e-01
-3.208891158028254198e-01
-3.175363538366531291e-01
-3.139729558300278223e-01
-3.086103453380298900e-01
-2.939046509426551657e-01
-3.047245721318697642e-01
-2.927550670289524315e-01
-2.893240800424097814e-01
-2.943919981017423249e-01
-3.145325932532074265e-01
-3.098004187076729976e-01
-3.069165094032231256e-01
-2.956218185213128624e-01
-3.106619165565350227e-01
-2.765787215704362811e-01
-2.805988617815299846e-01
-2.946723605369528931e-01
-3.214295521022177970e-01
-2.983788535024139987e-01
-3.187558025199594414e-01
-3.107589026845386515e-01
-2.993357832410665220e-01
-2.929701676133205646e-01
-2.876163486672239089e-01
-3.200627727701553793e-01
-3.080647733790988774e-01
-2.998607751421765721e-01
-3.108835380603758303e-01
-3.104748721853884952e-01
-3.120781648968703470e-01
-3.234149275534113355e-01
-3.037159952694845066e-01
-3.069225039043209091e-01
-3.109409991515894034e-01
-2.975726610267391825e-01
-3.091228121509302929e-01
-3.150887121226881860e-01
-3.069738962361590051e-01
-3.106536749665330110e-01
-3.035165661244961788e-01
-3.137935396955283118e-01
-3.169631991008383665e-01
-3.048006310582359046e-01
-3.127567293514100233e-01
-3.045637258668422165e-01
-3.209542882086283688e-01
-3.173757275794433230e-01
-3.093143832464386733e-01
-3.203794340298521393e-01
-2.926038590787197191e-01
-2.935070356492162080e-01
-2.963744599445194972e-01
-3.037444233068998245e-01
-2.877097366537779144e-01
-2.946541241497769859e-01
-3.083200514029725836e-01
-2.976793395696206712e-01
-3.026679743518130850e-01
-2.950192810629352347e-01
-3.048024563502363948e-01
-2.909931464973941617e-01
-2.943621664703461316e-01
-2.983031826365926675e-01
-3.205694701848631478e-01
-3.016190244434797108e-01
-3.192714013550094210e-01
-3.112910114022744423e-01
-3.154197512779005064e-01
-3.091351364329274487e-01
-3.020611920873519929e-01
-2.955998152737020490e-01
-3.018434462424921527e-01
-3.191662318046303293e-01
-3.050070771630146726e-01
-3.031968883206289656e-01
-3.055498690712474819e-01
-3.180993671348389396e-01
-3.108103259243418237e-01
-3.018396446927397170e-01
-3.131773128801141337e-01
-3.047995695851414277e-01
-3.164246546168200114e-01
-2.887811678330092779e-01
-3.119643967172610610e-01
-3.210779431683392082e-01
-3.049901268583980474e-01
-3.052166770421045339e-01
-3.174829140199991739e-01
-3.188442783519102042e-01
-3.127243199223628811e-01
-3.228725297205936595e-01
-3.082325442567435125e-01
-3.225388374082567289e-01
-3.177890473797655435e-01
-3.177058628274104235e-01
-2.944788691292279381e-01
-2.857730613249203078e-01
-3.175747158423519179e-01
-3.112620649161739750e-01
-3.020996891873303780e-01
-3.006341878248535160e-01
-3.101714913676306695e-01
-3.014534431217195665e-01
-3.171007062396771214e-01
-2.922151386292270447e-01
-3.158554769779046145e-01
-3.160311580743984106e-01
-2.941599754367805186e-01
-3.150142409399321330e-01
-3.215493012520700411e-01
-3.205160635395546409e-01
-3.207246141159413311e-01
-2.860823659197057611e-01
-3.064640114988947950e-01
-3.111932610555692147e-01
-3.226074733159361996e-01
-2.819310214316954610e-01
-2.946158546812532864e-01
-3.136991246731629657e-01
-3.200304108473200904e-01
-3.237142730213877773e-01
-3.282432282131237389e-01
-3.088893340882553074e-01
-3.029110834212824233e-01
-3.073292465038245380e-01
-3.054537570019314474e-01
-3.080930670032867580e-01
-3.059371892960892625e-01
-2.987007603163576164e-01
-3.090364163740527692e-01
-3.144257742909883913e-01
-3.171572556884844074e-01
-3.194182643907341745e-01
-3.154831011852335942e-01
-3.054106514769747704e-01
-3.137000055282173072e-01
-2.845475502793165523e-01
-2.994321902509258226e-01
-3.087327332031901683e-01
-3.260728239526196059e-01
-3.204355829776139863e-01
-3.223468885001028461e-01
-2.981163849968340163e-01
-3.158583133642849372e-01
-3.160511262567804458e-01
-3.127882518610016760e-01
-3.197086078437221257e-01
-2.969990040707475298e-01
-3.075094363649386597e-01
-3.038970679152641630e-01
-3.124951561474342832e-01
-3.201263705547765515e-01
-2.913932613761582857e-01
-3.058130285784308455e-01
-3.151913334966025548e-01
-3.237058163250261522e-01
-2.930217218968700355e-01
-2.931522514607325380e-01
-3.067117845296831735e-01
-3.047056959062939274e-01
-2.909256429226803053e-01
-2.979234656026332750e-01
-3.067361688283107846e-01
-3.012557713540491289e-01
-3.078193201851682215e-01
-3.095510732068492699e-01
-3.179652292850181361e-01
-3.044868224676439139e-01
-3.320435615606550650e-01
-3.208338062622017040e-01
-2.836058228200123432e-01
-3.182313304147236233e-01
-3.054007801516853693e-01
-3.054885241816653885e-01
-3.276436708090341154e-01
-3.128381123098613603e-01
-3.153364899875877869e-01
-3.186856451483972563e-01
-3.182652701046346788e-01
-3.116258189970421144e-01
-3.131262330834203578e-01
-3.053709749597074419e-01
-3.182314968830466384e-01
-3.034327330614497997e-01
-3.128212093740685429e-01
-3.043241142920642961e-01
-3.182287720778794737e-01
-3.137746703782894331e-01
-3.196891015498549704e-01
-3.123077921180152372e-01
-3.121138452281561060e-01
-3.168258502747978711e-01
-2.989067989535867387e-01
-3.108954128047306531e-01
-3.002058424392466396e-01
-2.979068565213843778e-01
-3.101311634155895502e-01
-3.074185571004297568e-01
-3.107157842481499399e-01
-3.053135679438935268e-01
-3.087919915748331690e-01
-3.041480672105694172e-01
-3.145175666595528829e-01
-3.080666469338473323e-01
-3.142805406947868363e-01
-3.042133497772913087e-01
-3.009678062734083559e-01
-3.145263386946239859e-01
-3.035478262748909084e-01
-3.328293631216463488e-01
-2.982561577513604956e-01
-3.170606703483580535e-01
-3.109461049062344218e-01
-3.024985811780234179e-01
-2.932487658862630298e-01
-3.193265438903684084e-01
-3.089832545423527588e-01
-2.951925948707720959e-01
-3.074486172164276887e-01
-2.886712941224471862e-01
-3.164063239792697102e-01
-3.117068960546215406e-01
-3.144307725920597596e-01
-2.985436360382878185e-01
-3.161709852840377533e-01
-3.344388218282943193e-01
-3.124387840943677608e-01
-3.093203053364977917e-01
-3.162489006950265358e-01
-3.150865032694348811e-01
-2.965999692695174828e-01
-3.207179003660720618e-01
-3.211667573876685333e-01
-3.064119071384121540e-01
-3.053960767436888490e-01
-3.095748496054469001e-01
-3.170773441545536864e-01
-3.094446460297488599e-01
-3.152998928340620122e-01
-3.058232641337591540e-01
-3.109322030195338371e-01
-3.183232505251927247e-01
-2.834887570256507949e-01
-3.212782273092487095e-01
-3.087376165557698116e-01
-3.012624928079667974e-01
-3.072701473843726383e-01
-3.009693698554667396e-01
-3.076155206581907553e-01
-3.029731502881625183e-01
-3.276755901080889988e-01
-3.074653864552578941e-01
-3.056036265659827222e-01
-3.010384937973480390e-01
-3.122262929856183256e-01
-3.210649961221558879e-01
-3.116052538956559648e-01
-3.169157301268223925e-01
-3.047517118623599419e-01
-3.011032906489192751e-01
-2.939209773068660603e-01
-3.212152069991096592e-01
-3.261529163605207948e-01
-3.132002683473074089e-01
-3.168978375464448494e-01
-3.277035679947220004e-01
-3.203604262619295096e-01
-3.234889072233322338e-01
-3.220140033835789950e-01
-3.133018365648991832e-01
-3.083236230907904218e-01
-3.230115494259204745e-01
-3.166405298900820675e-01
-3.224688710439216344e-01
-3.252616831162042921e-01
-3.107363526438655654e-01
-3.080500511885931880e-01
-2.934074138769249274e-01
-3.031969282817295053e-01
-2.857295038374874085e-01
-3.212931307479598431e-01
-3.052851579505448942e-01
-3.030168746219858988e-01
-3.027999045393960920e-01
-3.163251855829574133e-01
-3.116747547222198378e-01
-3.049686307082908332e-01
-3.384576279244078112e-01
-3.040061609941773213e-01
-3.081119965721323961e-01
-3.053863747158283015e-01
-3.326288877644449915e-01
-3.194099655456816844e-01
-3.061772092533727729e-01
-3.186084633574270963e-01
-3.175537610776615338e-01
-3.086294742933795021e-01
-3.184549839751138478e-01
-3.241863762053009967e-01
-3.110767585008245018e-01
-2.960654112145892913e-01
-3.139087126574229281e-01
-3.035720298161791453e-01
-3.014323050551964700e-01
-3.353128627428729747e-01
-3.133800667488397806e-01
-3.258592914314163425e-01
-3.067729964960403954e-01
-3.000395926853515194e-01
-3.260491001525304133e-01
-3.157876353141876313e-01
-3.159348201339939877e-01
-3.187595755393414221e-01
-2.960265066351593921e-01
-3.128065175920538010e-01
-3.107761368868837693e-01
-3.160749417566919295e-01
-3.351876694178613780e-01
-3.183044069625780015e-01
-2.975232453524361276e-01
-3.187579030224534371e-01
-3.147527734761461637e-01
-3.181054740169897421e-01
-3.293219060938532561e-01
-3.218979821098089111e-01
-3.256948783983244500e-01
-3.322143072384597939e-01
-2.921608211704784797e-01
-3.128770336671709007e-01
-3.234779310427323695e-01
-3.131976137757044309e-01
-3.167871353262712297e-01
-3.250555197806693775e-01
-3.176639538351208047e-01
-3.077747961348119565e-01
-3.112437467855225792e-01
-3.130505527268642174e-01
-3.183651269270779682e-01
-2.961595461476900226e-01
-2.938757211832820904e-01
-3.293775087986134942e-01
-3.269303222755061133e-01
-3.075985066894157960e-01
-3.158091723957414665e-01
-3.104510658181023341e-01
-3.061352631406759617e-01
-3.156782640382231886e-01
-3.274736249990850556e-01
-3.084109102135152991e-01
-3.043890702675084992e-01
-3.170042717187125936e-01
-3.127488737206780556e-01
-3.140452822480116479e-01
-3.097832497543118180e-01
-3.221246287841696976e-01
-3.158171610684233910e-01
-3.330614561045388555e-01
-3.318630361723104993e-01
-3.129451560275370303e-01
-3.126670381058457293e-01
-3.118108855029404491e-01
-3.231337330439918443e-01
-3.076465461845775407e-01
-3.198514099144866840e-01
-3.151084589186405882e-01
-3.301020202724030961e-01
-3.294146950003518093e-01
-3.202469526074344097e-01
-3.301202705264371096e-01
-3.271251839187616639e-01
-3.471995723755088026e-01
-3.274966682559312670e-01
-3.062568886263457024e-01
-3.118515261222494228e-01
-3.130351978247780664e-01
-3.101158231112364216e-01
-3.070906393146626279e-01
-3.000304176770716147e-01
-3.105699126075983640e-01
-2.968026866439585909e-01
-3.381357904541018033e-01
-3.129727700272589841e-01
-3.051429050960656197e-01
-3.026475920401479613e-01
-3.084389538440175382e-01
-3.183053328258934611e-01
-3.326038856774716224e-01
-3.211372030332764194e-01
-3.058212226706298886e-01
-3.146953270349527876e-01
-3.166194504577821700e-01
-3.241012044323260954e-01
-3.285396708345709738e-01
-3.077052492483878798e-01
-3.076756045928410455e-01
-3.126424945867158356e-01
-3.097125331924937552e-01
-3.233011882650717594e-01
-3.117431181324059053e-01
-3.102567074035400552e-01
-2.964470650822361719e-01
-3.174437880559701775e-01
-3.160645162007327258e-01
-3.037111628743953684e-01
-3.097320078189993442e-01
-3.267518560488428259e-01
-3.132242159194666975e-01
-2.997894623184435003e-01
-2.956982993342904820e-01
-2.924023378433454612e-01
-3.160134042051782055e-01
-3.119985712094868191e-01
-3.189430402783871576e-01
-3.358080654898719652e-01
-3.045280475353415728e-01
-3.199355862679433837e-01
-3.166637060488442512e-01
-3.094427365829394705e-01
-3.152708882442031291e-01
-3.244154070163554060e-01
-3.197459860174292068e-01
-3.016853294993055989e-01
-3.102232919296327163e-01
-3.047402573064316167e-01
-3.106581641146403117e-01
-3.075535063041744399e-01
-3.040408185739207347e-01
-3.066434602840583112e-01
-3.025050120518318897e-01
-3.168834240509195710e-01
-3.345241020524517550e-01
-3.256356187994209339e-01
-2.978663738034466046e-01
-3.087993412414350436e-01
-3.108747249650068989e-01
-3.058165297197107946e-01
-3.385112179590150094e-01
-3.266022192791387946e-01
-3.201487225056508512e-01
-3.309387577149358606e-01
-3.115666883812432952e-01
-3.137524449189315057e-01
-3.211450527667537025e-01
-3.244199133058751627e-01
-3.149087532252086152e-01
-3.178251208409912376e-01
-3.175075088722634775e-01
-3.065399814434572878e-01
-3.062585589124735552e-01
-3.176513289396647455e-01
-3.222987750306692267e-01
-3.226828941438039111e-01
-3.128120369119400390e-01
-3.157720234464788112e-01
-3.108172150674476386e-01
-3.327856129609421121e-01
-3.211399007261089289e-01
-3.182823054522953554e-01
-3.088280357945781818e-01
-3.352707256243656619e-01
-3.303395904187689247e-01
-3.165353907687600277e-01
-3.222480658043933577e-01
-3.091690252882228762e-01
-3.198987992530961666e-01
-3.136730414183940274e-01
-3.128167158620409616e-01
-3.076216112147031057e-01
-3.001934693104388874e-01
-3.216303732553731365e-01
-3.158988702136082960e-01
-3.089695823298689303e-01
-3.320990389790313690e-01
-3.040072082647037321e-01
-3.130004956441084785e-01
-3.074152779179365469e-01
-3.107409751182981239e-01
-3.183490367611521155e-01
-3.173007393185679481e-01
-3.069411598114660800e-01
-3.050038674974376862e-01
-3.188216749729853028e-01
-3.194219521418075747e-01
-3.147874495685802909e-01
-3.271093476997003480e-01
-3.395065113339260643e-01
-3.011602457424912282e-01
-2.998584890569611083e-01
-3.137545972643103198e-01
-3.090635388826277197e-01
-3.275262834156765779e-01
-3.243072772568984519e-01
-3.258069276783409629e-01
-3.294261943224684464e-01
-3.243493287250724944e-01
-3.253480893223843484e-01
-3.182167879413788647e-01
-3.024193473040213131e-01
-3.224179616594819997e-01
-3.313738340425140816e-01
-3.059527309646672411e-01
-3.142308209000013175e-01
-3.222105906977948964e-01
-3.268785921830592578e-01
-3.365835744692724507e-01
-3.251994702005867044e-01
-3.210950486196373355e-01
-2.871701538308462087e-01
-3.201993110772179962e-01
-3.199537458042923666e-01
-3.091933271273452632e-01
-3.140153441771362797e-01
-3.088220769778142749e-01
-3.094288209536857348e-01
-3.184958419441827893e-01
-3.035540264445205638e-01
-3.167738596453143485e-01
-3.107404476710832752e-01
-3.177945511722111704e-01
-3.129565989772096768e-01
-3.290873942557707155e-01
-3.158106689176592985e-01
-3.007390634142038666e-01
-3.162511413456017828e-01
-3.267288064714791718e-01
-3.305665812154422456e-01
-3.152806448058848021e-01
-3.298553169158462417e-01
-3.175451673235341055e-01
-2.994770130935349162e-01
-3.109225801555781654e-01
-3.174728211576893222e-01
-3.120327163042304064e-01
-3.158720402842292718e-01
-2.969114367522812103e-01
-3.145566313784576296e-01
-3.006203261349910116e-01
-3.026061380692662839e-01
-3.346341755420437769e-01
-3.198005487471036190e-01
-3.312124253503757054e-01
-3.188583534811361142e-01
-3.076274136930020053e-01
-3.092541921112870740e-01
-3.188350750687104496e-01
-3.018230484622523857e-01
-3.150615170222103023e-01
-3.337273740664718491e-01
-3.332434557211902959e-01
-3.254925897448069927e-01
-3.132098746056963257e-01
-3.238451562136602235e-01
-3.212581136645967228e-01
-3.224606333292874827e-01
-3.047681509212554207e-01
-3.089527869369436130e-01
-3.138421375461912799e-01
-3.219129139699589692e-01
-3.145792692951603353e-01
-3.141064400439076421e-01
-3.202300588153680905e-01
-3.075653070924726507e-01
-3.243577028819714103e-01
-3.143189502347690234e-01
-3.186204473234630075e-01
-3.117707393304774977e-01
-3.084004511068622056e-01
-3.021663565474158042e-01
-2.989250810944210635e-01
-3.060939174933159368e-01
-2.951668521333091766e-01
-3.436663014172778308e-01
-3.245945911399606976e-01
-3.214227205473426663e-01
-3.193559276725731477e-01
-3.073379543942842962e-01
-3.084144922475176021e-01
-3.371795844453443491e-01
-3.103523301490671016e-01
-3.129920831732325714e-01
-3.271210459640819246e-01
-3.115149778238968103e-01
-3.230171243458456187e-01
-3.243868948229259308e-01
-3.253475586059134672e-01
-3.055413120242359559e-01
-3.140507301707717303e-01
-3.402023497157590781e-01
-3.119772065577845477e-01
-2.913751432969926558e-01
-3.070768877174069877e-01
-3.373099351588276784e-01
-3.160434818403426438e-01
-3.264294258621865397e-01
-3.185259595043425929e-01
-3.260635399317744487e-01
-3.284151247115115746e-01
-3.251833069241807372e-01
-3.122121324945417165e-01
-3.176676263845674142e-01
-3.257938489783880898e-01
-3.103172352771928488e-01
-3.055690200460708938e-01
-3.189303169415708128e-01
-3.326885088034298721e-01
-3.072335392771778917e-01
-3.055201299489958000e-01
-3.220177835144340528e-01
-3.108503125073984741e-01
-3.107456029856592861e-01
-3.134568356118268007e-01
-3.116245258107369631e-01
-3.117578200949575606e-01
-3.097737246498654118e-01
-2.996377850883209515e-01
-3.436453261804445769e-01
-3.299118356083912129e-01
-3.173407225571795998e-01
-3.236471018065059102e-01
-3.327325997368210109e-01
-3.092534465930479315e-01
-3.243827202071828397e-01
-3.049697501215989370e-01
-3.198384466244875712e-01
-3.002345147956128057e-01
-3.197710800470966452e-01
-3.108888854853477657e-01
-3.066512073354720758e-01
-3.191727721337525026e-01
-3.111274092777115419e-01
-3.156032562345503778e-01
-3.143930331891904850e-01
-2.896157436331643353e-01
-3.079111844807209675e-01
-3.033923311856657756e-01
-3.082044216510686496e-01
-3.341683243109563328e-01
-3.185066356808561316e-01
-3.118770678018689679e-01
-3.098677705100354451e-01
-3.162427301870916474e-01
-3.200242921380998529e-01
-3.215149822657809020e-01
-3.109351259815144042e-01
-3.269251744772145307e-01
-3.307020814216048432e-01
-3.148928730470278436e-01
-3.094061395863331732e-01
-3.089332791838469983e-01
-3.117466500554689768e-01
-3.166949423181698031e-01
-3.134354657925742527e-01
-3.066688226390115179e-01
-3.227899828974902241e-01
-3.283673889784448630e-01
-3.082085454170648831e-01
-3.177435686090183120e-01
-3.077774281013161417e-01
-3.054610115754989863e-01
-3.272088718039437572e-01
-3.132078743936555498e-01
-3.154387074087339204e-01
-3.195670317247243930e-01
-3.119317774490059647e-01
-3.202847962760556610e-01
-3.159724370253210735e-01
-2.937124193426195462e-01
-3.109049948740051916e-01
-3.209553045046316111e-01
-3.243344288591069602e-01
-3.185386957452750467e-01
-3.138154605191585400e-01
-3.004242007008581794e-01
-3.072905607667034134e-01
-3.027991454634715307e-01
-3.163987020749948753e-01
-3.274880529076500402e-01
-3.159613111754460690e-01
-3.144082110878740899e-01
-3.218517071213335412e-01
-3.109009298610131422e-01
-2.942716119557133858e-01
-3.064009990535611072e-01
-2.989106139486583658e-01
-3.131388575587028544e-01
-3.196956334651673282e-01
-3.093101875210789720e-01
-3.225941258597757044e-01
-3.294395133578614798e-01
-3.117904285348794824e-01
-3.092932734415196894e-01
-3.065742765661650937e-01
-3.227477986888060979e-01
-3.115863367013724794e-01
-3.338461379255203143e-01
-3.263159721208251929e-01
-3.073711961787309876e-01
-3.273477839949847645e-01
-3.176388126129153777e-01
-3.159528364789087052e-01
-3.015518826853933465e-01
-3.131527805285411192e-01
-3.117104932102088277e-01
-3.099969017290313822e-01
-3.115536900976816348e-01
-2.970634950439033917e-01
-3.075179519251892701e-01
-3.208210328606919681e-01
-3.125755682100723742e-01
-3.128749944430079255e-01
-3.232551125169342843e-01
-3.101099329903145296e-01
-3.202210345892420040e-01
-2.992251594531387671e-01
-3.081756966718203206e-01
-3.271695197284401058e-01
-3.236076048656117976e-01
-3.126219336209011823e-01
-3.151428239784090923e-01
-2.988495001371712645e-01
-3.148132879200271628e-01
-3.161033739613818838e-01
-3.070641505884452727e-01
-3.218780780800564179e-01
-3.221871447513582343e-01
-2.979299685693496125e-01
-3.117728638859401658e-01
-3.107804196286190201e-01
-3.150222300344356352e-01
-3.259526024825613044e-01
-3.149870971158196253e-01
-3.081899987473705194e-01
-3.180496522753361033e-01
-3.290571195808470462e-01
-3.068220015199777384e-01
-3.027128934610759936e-01
-3.025829539847140204e-01
-3.146565289259305453e-01
-3.064627211119455019e-01
-2.982890721518246524e-01
-3.264977737531913338e-01
-3.041511809033889957e-01
-3.062679732048435577e-01
-3.083846060156225644e-01
-3.105060140838515892e-01
-2.991642485610681579e-01
-3.216089611590543518e-01
-3.360607656917850017e-01
-3.296031138598545240e-01
-3.261867449812573261e-01
-3.152820453020633851e-01
-3.319294410802254847e-01
-3.252573937923828318e-01
-3.088140390323500517e-01
-3.172380059473146607e-01
-3.262049443033027130e-01
-3.264997243451133180e-01
-3.316267182519379020e-01
-3.088692084696953444e-01
-3.251315037692935617e-01
-3.281917074491991215e-01
-3.115019380539124638e-01
-3.083212679469443662e-01
-3.071769546651931249e-01
-3.046162267026543136e-01
-3.405659256890317677e-01
-3.359664844870099421e-01
-3.175010063337558863e-01
-3.226065407432286980e-01
-3.189234735048189773e-01
-3.312022329426704825e-01
-3.127206969060776220e-01
-3.173266773159686416e-01
-3.250425196206629952e-01
-3.288497665572671647e-01
-3.144882999465328233e-01
-3.075059926580974157e-01
-3.128121685535127927e-01
-3.171588730027192771e-01
-3.104141653977323667e-01
-3.132596837037451287e-01
-3.267919909236622900e-01
-3.175578555053706342e-01
-3.214104859015243232e-01
-3.194054071125571603e-01
-3.161280463397155849e-01
-3.159059466946791961e-01
-3.306911753259258457e-01
-3.229400793647958512e-01
-3.298730831386511575e-01
-3.488786743393510470e-01
-3.263775261478560896e-01
-3.125420008314534481e-01
-3.166527710915094662e-01
-3.097978138759529543e-01
-3.249020282499321954e-01
-3.100000726205258683e-01
-3.280749091130010786e-01
-3.228531898761317631e-01
-3.238074616274924100e-01
-3.367824974209014943e-01
-3.240379434057785168e-01
-3.192179815650040275e-01
-3.342347291137044429e-01
-3.051895069287293705e-01
-3.184571256727135591e-01
-3.134211539372639965e-01
-3.075478320281608280e-01
-3.109043894473280112e-01
-3.332543382190240600e-01
-3.227057772082893017e-01
-3.173444716210542804e-01
-3.246656308312334538e-01
-3.133235432394814168e-01
-3.278810035963224401e-01
-3.250267220778648714e-01
-3.258501921257241918e-01
-3.242871365128376926e-01
-3.047061397576520392e-01
-3.014636746714758342e-01
-3.142512811183828525e-01
-3.060209131887821066e-01
-3.255167117830939372e-01
-3.055672137501006524e-01
-3.270918790917982655e-01
-3.107045904445948636e-01
-3.219029730746223450e-01
-3.053433091919770526e-01
-3.164363471649744852e-01
-3.137034797216267101e-01
-3.193926663851480718e-01
-2.899205663172150782e-01
-2.976742544342998453e-01
-2.959395503734909560e-01
-3.228859359806972584e-01
-3.213388713860927393e-01
-3.106466323108203476e-01
-3.155250643897185014e-01
-3.363473625062509687e-01
-3.247571151286789970e-01
-3.311397442973480487e-01
-3.380008841522743612e-01
-3.307941167656769377e-01
-3.232927884970953070e-01
-3.049588899294346511e-01
-3.121721707301148285e-01
-3.152934420394815085e-01
-3.189957639934923872e-01
-3.135026091511470270e-01
-3.283134033137367069e-01
-3.264717772459653222e-01
-3.397983129864716734e-01
-3.203383896308904522e-01
-3.201416236267431437e-01
-3.041139712159863784e-01
-3.297412749120021136e-01
-3.164229480939793060e-01
-3.196779310285162712e-01
-3.164136680985483174e-01
-3.170325811709644448e-01
-3.175650255256117216e-01
-3.030673049283452158e-01
-3.086738123338781392e-01
-3.254248637956034251e-01
-3.340601943280274710e-01
-3.077103888750145622e-01
-3.118908982493715509e-01
-3.229346631972929149e-01
-3.250771054288406070e-01
-3.194625497938905490e-01
-3.347624482095770126e-01
-3.210162825715582313e-01
-3.148449971882859577e-01
-3.022475685538851264e-01
-3.384344306679299974e-01
-3.251548593349437022e-01
-3.270897648876596175e-01
-3.328023868527227869e-01
-3.257590330702729853e-01
-3.286541621283622927e-01
-3.290270813114891668e-01
-3.309845083432561008e-01
-3.232492865070044630e-01
-3.203826093039369161e-01
-3.202437952209697403e-01
-3.112589034692598844e-01
-3.123230673326585771e-01
-3.116141119147535221e-01
-3.131705711574044315e-01
-3.169637316944869943e-01
-3.222547391562927688e-01
-3.327778576259064480e-01
-3.015376710045087894e-01
-3.208202544949533830e-01
-3.196029099963877407e-01
-3.240856459386294297e-01
-3.134140366871988048e-01
-3.089377816593468218e-01
-3.230654164636517223e-01
-3.158257950735622321e-01
-3.099434432399906791e-01
-3.259789666391025298e-01
-3.222292653911746907e-01
-3.276089301388811492e-01
-3.315310036550226935e-01
-3.381099352026416538e-01
-3.151685368296646694e-01
-3.258713012680468646e-01
-3.208933062993245544e-01
-3.145143215671099002e-01
-3.260845338468344456e-01
-3.142794414836670436e-01
-3.175497086328769036e-01
-3.082340315976864753e-01
-3.138922135782555856e-01
-3.377215795327911385e-01
-3.241098336135767033e-01
-3.171207782583009838e-01
-3.347971073049000879e-01
-3.293039917543048034e-01
-3.343781706922011043e-01
-3.227957062458687298e-01
-3.161320428696055007e-01
-3.141496599935356127e-01
-3.177469601602290750e-01
-3.227365727010331753e-01
-3.121856708890087262e-01
-3.240881814982082831e-01
-3.087647170711527167e-01
-3.292889348366396796e-01
-3.224731690276464446e-01
-3.434999091051843534e-01
-3.201403155921231924e-01
-3.189099059967064331e-01
-3.145357641471322463e-01
-3.223022272779534347e-01
-3.258781154132371904e-01
-3.479459002481506413e-01
-3.201768448984017024e-01
-3.242088356948139571e-01
-3.178378550182563433e-01
-3.148459987801542903e-01
-3.144518475927990941e-01
-3.043507542451748815e-01
-3.227911495585747970e-01
-3.251159987504781412e-01
-3.172061000219551508e-01
-3.164274733095058245e-01
-3.132854311190327312e-01
-3.343951259489843508e-01
-3.309641337265437633e-01
-3.118245329924567155e-01
-3.200088337329005661e-01
-3.316835626296428252e-01
-3.127093223941563860e-01
-3.046996641157008190e-01
-3.131393095034094021e-01
-3.173980192399693534e-01
-3.332510278189441122e-01
-3.411997919071653174e-01
-3.215338071808236942e-01
-3.084823318429219530e-01
-3.132324224157780890e-01
-3.253723628548373936e-01
-3.261284278556166871e-01
-3.247415050176252205e-01
-3.115053590269849515e-01
-3.190387612607227252e-01
-3.276057909611196362e-01
-3.286207244816942152e-01
-3.415677820515939933e-01
-3.205887387568681079e-01
-3.268456040081927361e-01
-3.213418742568415754e-01
-3.248992115426877492e-01
-3.365956409231863899e-01
-3.253124650231492554e-01
-3.217153269023177442e-01
-3.199528677611059857e-01
-3.229291809410894665e-01
-3.199655041510390818e-01
-3.150302743773220060e-01
-3.187593735612217483e-01
-3.217032281690055395e-01
-3.219671451527963413e-01
-3.278181853440080840e-01
-3.275779206709421576e-01
-3.092196239007006797e-01
-3.138593122451904804e-01
-3.201776651768640791e-01
-3.272623967040781956e-01
-3.216886484239429578e-01
-3.250199261734054712e-01
-3.284419705384589161e-01
-3.198111662224023544e-01
-3.125528005840454426e-01
-3.271064410875650363e-01
-3.236518479611455446e-01
-3.151790522730633093e-01
-3.217817783967684697e-01
-3.428952883847418143e-01
-3.240194885042660955e-01
-3.417061870541217017e-01
-3.313489518976726611e-01
-3.345012876148032444e-01
-3.342862222933045135e-01
-3.045683032205368512e-01
-3.227172413919576766e-01
-3.242556590715039988e-01
-3.311608661929086317e-01
-3.110429266206438115e-01
-3.206850248388710689e-01
-3.187198706813845206e-01
-3.119472645670258171e-01
-3.166937016998294663e-01
-3.225737190900763718e-01
-3.078726244296816628e-01
-3.208031370970896301e-01
-3.260270795990192205e-01
-3.264492254569033580e-01
-3.251550538863692275e-01
-3.129281232646383692e-01
-3.219450440277014103e-01
-3.052830056971322925e-01
-3.339189119303487274e-01
-3.182495650189212100e-01
-3.301571903722765322e-01
-3.222297492224223125e-01
-3.178375278615996891e-01
-3.008328979582752805e-01
-3.202887501732483155e-01
-3.366142993111470583e-01
-3.187077837205281039e-01
-3.114897122245983141e-01
-3.045232411780278703e-01
-3.093791516309589706e-01
-3.190796491373046884e-01
-3.077766865082280923e-01
-3.194599954101817740e-01
-3.074569913787672526e-01
-3.210585714678844127e-01
-3.315854456900877434e-01
-3.289955470000522908e-01
-3.079942415492247232e-01
-3.288359940835625661e-01
-3.112204422209654542e-01
-3.260575552872609917e-01
-3.280320690686073792e-01
-3.243018545911722228e-01
-3.161858361873548517e-01
-3.259915403209840967e-01
-3.188552543141511819e-01
-3.258498057218786048e-01
-3.266179222395819703e-01
-3.295202236795486961e-01
-3.156468382613226709e-01
-3.293968354974409207e-01
-3.031457514846934709e-01
-3.146570445084317935e-01
-3.284051211429792616e-01
-3.153070142571867684e-01
-3.240596335689071017e-01
-3.228395272176954878e-01
-3.106065864970798396e-01
-3.383512693109335112e-01
-3.230165633211881104e-01
-3.004452896992869659e-01
-3.103945668935073066e-01
-3.151953320289060390e-01
-3.288047181739909286e-01
-3.292802833916063099e-01
-3.310617117492089534e-01
-3.257991090444594118e-01
-3.230422506168045826e-01
-3.184119856728720999e-01
-3.153125860140100212e-01
-3.137751648103592750e-01
-3.308713883730936001e-01
-3.045511862270746661e-01
-3.175220131609803875e-01
-3.206661894670927992e-01
-3.284987895949671444e-01
-3.144281859443915916e-01
-3.292838530193660240e-01
-3.092072540879313713e-01
-3.233531502293121029e-01
-3.222890945678102970e-01
-3.176124417103127762e-01
-3.266546894003632406e-01
-3.175599917918185966e-01
-3.013467380903633863e-01
-3.219043025358356847e-01
-3.031591444853041217e-01
-3.208991483648208076e-01
-3.321551814265917280e-01
-3.109660505917219986e-01
-3.180809138478821740e-01
-3.315842138197178102e-01
-3.112708438713795989e-01
-3.306396860162088558e-01
-3.234484555195031863e-01
-3.215859785142534122e-01
-3.235128805052724932e-01
-3.226200838686563710e-01
-3.211372386185367134e-01
-3.141100123212079431e-01
-3.143170292331389781e-01
-3.229052913947444425e-01
-3.379041457910006985e-01
-3.213952432791539193e-01
-3.218207918122116817e-01
-3.112100121560190669e-01
-3.295162613399539309e-01
-3.376932720869723070e-01
-3.250047252972371181e-01
-3.353713349852136538e-01
-3.289034036084517165e-01
-3.175616394473901316e-01
-3.207046786166174446e-01
-3.130575204073307027e-01
-3.099157510725782938e-01
-3.223655332900088322e-01
-3.202847877445311742e-01
-3.152831814902234964e-01
-3.005051413690975615e-01
-3.130711084884052475e-01
-3.338268213926094408e-01
-3.214176408670743612e-01
-3.252203672587787864e-01
-3.364613093677337741e-01
-3.279086893368250433e-01
-3.381440805117104098e-01
-3.288568122177506492e-01
-3.293147624137662266e-01
-3.179254308649868133e-01
-3.243079436019584705e-01
-3.261583258538376384e-01
-3.011751386079373205e-01
-3.226648278625703359e-01
-3.382406674376272626e-01
-3.189478325419352611e-01
-3.258017211526451629e-01
-3.175527960272390704e-01
-3.137639911590772712e-01
-3.364744617902437618e-01
-3.280315280766248343e-01
-3.316072270005299139e-01
-3.205142488727383832e-01
-3.114931579663853256e-01
-3.247840783632793826e-01
-3.279054709474664708e-01
-3.143891761266202067e-01
-3.298498236164757458e-01
-3.212152092622353461e-01
-3.187274972205775825e-01
-3.062772102745512370e-01
-3.247796218663934198e-01
-3.257858338706942636e-01
-3.168239040945239893e-01
-3.123800435337553694e-01
-3.144392642226612189e-01
-3.259742466376027714e-01
-3.238009293514700904e-01
-3.195824984570263538e-01
-3.272409764121666509e-01
-3.250136359345396908e-01
-3.279145324283225804e-01
-3.275777491622846593e-01
-3.187824017657117093e-01
-3.304065914506593149e-01
-3.217581147607053715e-01
-3.257713334737348809e-01
-3.211000044727969627e-01
-3.567036891477473048e-01
-3.214764075563647516e-01
-3.280739295316628112e-01
-3.294989318684868884e-01
-3.177687589971214255e-01
-3.216248316915299998e-01
-3.188407471871514964e-01
-3.128798068088940454e-01
-3.322633117085656007e-01
-3.263031833931944181e-01
-3.268806058371278578e-01
-3.070227650366748051e-01
-3.264666866967440573e-01
-3.263697156322700188e-01
-3.328693167583551826e-01
-3.267360907992218344e-01
-3.219891474166036716e-01
-3.125903312464648476e-01
-2.919050990415628100e-01
-3.071131803053066545e-01
-3.121114217366278698e-01
-3.229210568759768307e-01
-3.149497816666526617e-01
-3.130300765444273825e-01
-3.219957782565276982e-01
-3.118816326790034843e-01
-3.269200122628790339e-01
-3.233771828962104244e-01
-3.252211547941139536e-01
-3.306424556995841701e-01
-3.280670822363196404e-01
-3.301995922988250065e-01
-3.165862339801979175e-01
-3.172047629686858272e-01
-3.122652967251138278e-01
-3.199582769450413089e-01
-3.041868226120374441e-01
-3.290024269201183849e-01
-3.265765869683809886e-01
-3.055653637898088082e-01
-3.382639738549231279e-01
-3.218458511963075974e-01
-3.199591515124460273e-01
-3.219885487234590560e-01
-3.255925821033263112e-01
-3.303647835429213142e-01
-3.181841088276735618e-01
-3.043542675054922153e-01
-3.092639754520227768e-01
-3.145068267643260640e-01
-3.341752372682234018e-01
-3.354517856698959744e-01
-3.454929665285688678e-01
-3.308577979226652310e-01
-2.976243996222205368e-01
-3.216143521661725124e-01
-3.372802498662279547e-01
-3.248446685510961718e-01
-3.257720253274776212e-01
-3.207524899046683142e-01
-2.976135601596656688e-01
-3.206829669865061128e-01
-3.170914865265663796e-01
-3.377471128697717706e-01
-3.285539624207638454e-01
-3.428185238401590951e-01
-3.310770108588689808e-01
-3.163521164091014359e-01
-3.372466190481413495e-01
-3.237783621228638165e-01
-3.251479782912136685e-01
-3.135030591022935909e-01
-3.182377450712698952e-01
-3.475412688378354265e-01
-3.066188234830695691e-01
-3.096337020330521828e-01
-3.317466375693887137e-01
-3.269041354170201252e-01
-3.320730757460059746e-01
-3.135435373146715499e-01
-3.296366471878680038e-01
-3.161573326327884459e-01
-3.237054941049222201e-01
-3.190624856613795135e-01
-3.153518711689222709e-01
-3.295519339453736318e-01
-3.379325133461104080e-01
-3.262845288064752935e-01
-3.267362346522926231e-01
-3.242317402968395434e-01
-3.186422516980929043e-01
-3.208242514447496863e-01
-3.191062924190299910e-01
-3.187780881178545744e-01
-3.285594119051347128e-01
-3.291690424329085651e-01
-3.143394170919264763e-01
-3.368522390035206815e-01
-3.366007293770618691e-01
-3.119548732734505059e-01
-3.176399465640862285e-01
-3.216187958961946869e-01
-3.225720549731119213e-01
-3.323107156595013212e-01
-3.298330468008963123e-01
-3.297730604035358226e-01
-3.270567013900600450e-01
-3.190875156392760648e-01
-3.232428750569886766e-01
-3.311033222204733395e-01
-3.328926683542960951e-01
-3.267860977952201651e-01
-3.163729888302027060e-01
-3.311442218279361249e-01
-3.342602023928349375e-01
-3.103324132675022717e-01
-3.235786713603006071e-01
-3.126450076012488033e-01
-3.167708645986122562e-01
-3.246238208247300694e-01
-3.161026556176813607e-01
-3.247053700802293719e-01
-3.358011477332727424e-01
-3.059867518385961382e-01
-3.229692744409997651e-01
-3.193436160031057902e-01
-3.121776771706836762e-01
-3.373486365837488066e-01
-3.231630039190762638e-01
-3.220748314848558280e-01
-3.320386395793386569e-01
-3.431635308622880132e-01
-3.058624365394857492e-01
-3.362777076963530121e-01
-3.122310925042075525e-01
-3.251461531378989633e-01
-3.257640795906837639e-01
-3.251144297664607663e-01
-3.429123391080306504e-01
-3.367886905823054278e-01
-3.367231752451886884e-01
-3.305656692031737620e-01
-3.349300273640980485e-01
-3.171993751495700842e-01
-3.366672281316720472e-01
-3.100307803966342313e-01
-3.214477731902887214e-01
-3.230445147209959345e-01
-3.159127049331806880e-01
-3.205525647421043622e-01
-2.939230072864611465e-01
-3.144573330839546266e-01
-3.246119041233761493e-01
-3.301488327687782665e-01
-3.135369645914720671e-01
-3.108945899899486776e-01
-3.443566185323474471e-01
-3.183172887926986050e-01
-3.281456965303353179e-01
-3.242968754564046208e-01
-3.328469963260984876e-01
-3.068690070443738094e-01
-3.340742944708967599e-01
-3.259775380396496836e-01
-3.179037086474338913e-01
-3.380612544520382734e-01
-3.249804525371673414e-01
-3.276672155522684093e-01
-3.379521805503538090e-01
-3.347316447254087279e-01
-3.364052208211520956e-01
-3.233517862407166987e-01
-3.255794215361644817e-01
-3.245478204102161257e-01
-3.209685172039860035e-01
-3.022466983103422322e-01
-3.228449943733773253e-01
-3.248798499348874991e-01
-3.255714742400348527e-01
-3.318528631216115521e-01
-3.164635847940169278e-01
-3.129710995747143620e-01
-3.246440831106758296e-01
-3.208714995808619186e-01
-3.277953784198039955e-01
-3.241747980875482327e-01
-3.283222554408151694e-01
-3.245595405660788302e-01
-3.245108876015541099e-01
-3.069754045499468731e-01
-3.153684921817978548e-01
-3.296566611894480303e-01
-3.191541363215093519e-01
-3.249597505705934530e-01
-3.362928895980559219e-01
-3.167480906391419992e-01
-3.221464308240848951e-01
-3.285801486854955655e-01
-3.331999276116701658e-01
-3.350754927713421871e-01
-3.268911168717703042e-01
-3.079783921506784594e-01
-3.229666818649681304e-01
-3.129664004378356346e-01
-3.256498941491559052e-01
-3.255096776744474951e-01
-3.418274325367525179e-01
-3.271885483051408805e-01
-3.125971659454083174e-01
-3.166746885054521066e-01
-3.279512459896447574e-01
-3.262129311186972025e-01
-3.249981196012088347e-01
-3.340280124573991039e-01
-3.451223189358842980e-01
-3.362918838685513556e-01
-3.219913172436799087e-01
-3.221093057180182129e-01
-3.191733083229300050e-01
-3.249542366346442890e-01
-3.160176819385007718e-01
-3.119554424282759975e-01
-3.048378020037469938e-01
-3.267848331310547749e-01
-3.305607405026353973e-01
-3.176267159065440104e-01
-3.300988790558965214e-01
-3.226549435404386657e-01
-3.426476375650651107e-01
-3.303969137400888378e-01
-3.233405735574534923e-01
-3.185634887475936594e-01
-3.255670833177140011e-01
-3.229843987281642015e-01
-3.239064448738351309e-01
-3.388643156710711146e-01
-3.383482080200979070e-01
-3.281098087413729658e-01
-3.386074104179428446e-01
-3.275697644310531231e-01
-3.323092252025272586e-01
-3.347166354640043195e-01
-3.329644466560681693e-01
-3.287496397499714007e-01
-3.347867415656002876e-01
-3.248773049410877967e-01
-3.288424585809774925e-01
-3.348191090700343153e-01
-3.245165392252653547e-01
-3.133117686129773816e-01
-3.422017816733413653e-01
-3.229191644159481456e-01
-3.203182495857710421e-01
-3.165163167265876432e-01
-3.209255928158167848e-01
-3.272827331369176918e-01
-3.348370749013960257e-01
-3.287682153626221293e-01
-3.206574355631426343e-01
-3.121341977391178801e-01
-3.260095447675137592e-01
-3.190704134031840944e-01
-3.330761584167625244e-01
-3.330371986091886782e-01
-3.312788711937315611e-01
-3.290560327307274768e-01
-3.257929396274259481e-01
-3.281561413272813255e-01
-3.150614107623970206e-01
-3.138552287087201798e-01
-3.134800083442175200e-01
-3.128842061204974989e-01
-3.297304877421423086e-01
-3.166829112759232956e-01
-3.320982222883022139e-01
-3.271169265748774535e-01
-3.402794803620534658e-01
-3.354747644877287271e-01
-3.291421872004467453e-01
-3.281333905968453202e-01
-3.418769087591000400e-01
-3.222821796427948193e-01
-3.316694188274760258e-01
-3.161157126316220811e-01
-3.321810198034254036e-01
-3.196144155713396273e-01
-3.265384398834654256e-01
-3.323564434019106173e-01
-3.316110612994096485e-01
-3.334667529505801475e-01
-3.177515470656704366e-01
-3.156805912914628642e-01
-3.247017801971558981e-01
-3.268115809463720822e-01
-3.261426947210828153e-01
-3.057208871268133343e-01
-3.163670134397933431e-01
-3.071536882984235994e-01
-3.252947886228949592e-01
-3.278818702849002342e-01
-3.373101960413751321e-01
-3.330374942157581231e-01
-3.335057867651474162e-01
-3.290208958133353789e-01
-3.236949515769653729e-01
-3.271534232644159879e-01
-3.112417194864596226e-01
-3.092721995739453611e-01
-3.197843010364929128e-01
-3.254161019740307026e-01
-3.310958026145791600e-01
-3.351140949254483026e-01
-3.210712191073499255e-01
-3.202399376437536915e-01
-3.255184003599977949e-01
-3.246558459774626648e-01
-3.157349135975002774e-01
-3.150855380287573837e-01
-3.167729519929762816e-01
-3.235581275622645414e-01
-3.310053815798288390e-01
-3.424131703735509014e-01
-3.288625599090369001e-01
-3.349172668368001204e-01
-3.278179483367806846e-01
-3.295288640051228235e-01
-3.368903647998644502e-01
-3.346198746002699842e-01
-3.245033048399523778e-01
-3.109557066255379532e-01
-3.214663443754655070e-01
-3.299170953855283805e-01
-3.313084122626355210e-01
-3.223489864096413804e-01
-3.320003229879890938e-01
-3.089718847335447549e-01
-3.073351469955514226e-01
-3.123028538234637885e-01
-3.238811549284035252e-01
-3.316031705206783364e-01
-3.118818379738517166e-01
-3.284353260263732643e-01
-3.417600839550738456e-01
-3.389437285588954296e-01
-3.194975581223289396e-01
-3.287844724729742651e-01
-3.071956184820745506e-01
-3.375503140171787209e-01
-3.328707402475745702e-01
-3.356047451823225281e-01
-3.318950879092832373e-01
-3.184526536963283583e-01
-3.264735586604521345e-01
-3.221162116605804648e-01
-3.439907381940163766e-01
-3.242932576247006260e-01
-3.078768072297433100e-01
-3.113802002444043815e-01
-3.199262545934620228e-01
-3.211033468179707029e-01
-3.244253915607635541e-01
-3.158741173550674297e-01
-3.267916072586567466e-01
-3.253262962695899763e-01
-3.214099271772590249e-01
-3.222281464136265150e-01
-3.205743182673668201e-01
-3.253249021263568963e-01
-3.152216153752092076e-01
-3.152809996267396109e-01
-3.325028932902216461e-01
-3.291366985203705298e-01
-3.243057394981034847e-01
-3.152221087163007418e-01
-3.219709740897771511e-01
-3.206096451562068239e-01
-3.210797804921661225e-01
-3.037052204818189161e-01
-3.221459816580587443e-01
-3.190020625331517756e-01
-3.183261255171085935e-01
-3.244615290728525281e-01
-3.272645802408766791e-01
-3.228441059894615606e-01
-3.369413347603869013e-01
-3.442127768391021192e-01
-3.319862944055937959e-01
-3.193121620950720718e-01
-3.226350891108755725e-01
-3.263484730285162172e-01
-3.319024703501942675e-01
-3.166098378981820893e-01
-3.310674477501667212e-01
-3.191671175680088623e-01
-3.057781183970806893e-01
-3.273825937812975262e-01
-3.245356111974095903e-01
-3.010214125263415141e-01
-3.043294282846733534e-01
-3.076451884081059518e-01
-3.045140959157257576e-01
-3.203939493359739821e-01
-3.103099351027354125e-01
-3.160969575635577122e-01
-3.112987779933118482e-01
-3.212519976255325815e-01
-3.237048053449251839e-01
-3.221723404357885734e-01
-3.188502483173900615e-01
-3.145238132475287607e-01
-3.268653729429940036e-01
-3.334876021387203071e-01
-3.211089358869103627e-01
-3.340993150326851957e-01
-3.253778357040870706e-01
-3.216219163389764102e-01
-3.110099281271061500e-01
-3.126483482678747983e-01
-3.078106896828984862e-01
-3.299453633570366140e-01
-3.300064724144160522e-01
-3.337893418710224935e-01
-3.389214865564942336e-01
-3.360234309894702953e-01
-3.324312771862243387e-01
-3.200414606325798772e-01
-3.172783744703386866e-01
-3.149547704756980870e-01
-3.207485893601766946e-01
-3.236133115714148190e-01
-3.216650681666015643e-01
-3.257223869129708405e-01
-3.393841981585392631e-01
-3.323049965424189622e-01
-3.202041715482653039e-01
-3.277219274467704224e-01
-3.194990840248754793e-01
-3.055575448983236519e-01
-3.192364118606754175e-01
-3.105436113006163623e-01
-3.174650440992898837e-01
-3.194491924074740474e-01
-3.378908309557919765e-01
-3.287973741630185742e-01
-3.270902050219997026e-01
-3.284943074983515121e-01
-3.213435138143876380e-01
-3.225560618387746104e-01
-3.245832519886684420e-01
-3.276093817215706139e-01
-3.060839188637802799e-01
-3.249489908417462214e-01
-3.209327224984306337e-01
-3.289835386648440885e-01
-3.171402588426777136e-01
-3.295661584161999613e-01
-3.135243454125244966e-01
-3.236156911044356654e-01
-3.249959690798549516e-01
-3.139907423605414749e-01
-3.069137493109557191e-01
-3.245520748148884582e-01
-3.176530997071862483e-01
-3.262306053350436663e-01
-3.273242665746207702e-01
-3.253016721809569578e-01
-3.342447719882066792e-01
-3.096164799556397895e-01
-3.279192331481015632e-01
-3.161344238943570861e-01
-3.280588630121155092e-01
-3.190215294242151334e-01
-3.210651354512821243e-01
-3.245752581877576759e-01
-3.247405199315653856e-01
-3.227410284815845909e-01
-3.180154268704216136e-01
-3.220237572640920476e-01
-3.309645595896255621e-01
-3.237442277885216324e-01
-3.164431066429194139e-01
-3.073563284230889092e-01
-3.176370661076974855e-01
-3.255701958311876254e-01
-3.414345186316019021e-01
-3.236469007922997410e-01
-3.127535179651093067e-01
-3.239929972436985661e-01
-3.161767252694813735e-01
-3.296613491305167010e-01
-3.307287896958135409e-01
-3.184086465995508153e-01
-3.069330375984304915e-01
-3.273917059162649856e-01
-3.271530237849860079e-01
-3.208770813453256654e-01
-3.189316923005076632e-01
-3.058578336452604240e-01
-3.185577237590162536e-01
-3.171115543960998373e-01
-3.207430023137609609e-01
-3.335726409871238030e-01
-3.223833835818301630e-01
-3.256753591787688862e-01
-3.212878496977602527e-01
-3.190206752902491338e-01
-3.127551593090225346e-01
-3.044589311187437808e-01
-3.150742641048160930e-01
-3.291046393037908580e-01
-3.268737605108849031e-01
-3.203816621945914100e-01
-3.198293333172730346e-01
-3.215493900744386124e-01
-3.144435785795134386e-01
-3.229586200594922740e-01
-3.275642314125628562e-01
-3.152199742809997929e-01
-3.166110242631177130e-01
-3.197740562729458613e-01
-3.319273055146301221e-01
-3.368002988779277285e-01
-3.320526064765385588e-01
-3.319052015547396817e-01
-3.289542039411936791e-01
-3.213493472494712844e-01
-3.246494146125247227e-01
-3.272419903577281630e-01
-3.339842063383737791e-01
-3.274065639309788889e-01
-3.285714628458076270e-01
-3.390909193908815400e-01
-3.071908256258339964e-01
-3.227669349901125528e-01
-3.302565089136060283e-01
-3.241186218006792963e-01
-3.287971719335862630e-01
-3.156891189435332423e-01
-3.296206025068640910e-01
-3.245970418469455998e-01
-3.181121825731255681e-01
-3.263718965325720367e-01
-3.244569004775677001e-01
-3.258847653812262379e-01
-3.328387350168798831e-01
-3.187134400369237008e-01
-3.258212265996878187e-01
-3.346344896168640393e-01
-3.317384365634141741e-01
-3.298344471342863349e-01
-3.247977882807155936e-01
-3.270091729600628216e-01
-3.250537870046095179e-01
-3.265965922690272638e-01
-3.247814494376639605e-01
-3.231126587155719321e-01
-3.201584623086314307e-01
-3.326867172037013543e-01
-3.077573822061665521e-01
-3.206640258368533836e-01
-3.108312283081275940e-01
-3.156569679095941883e-01
-3.238040137009794428e-01
-3.241026435216907142e-01
-3.406814346855411291e-01
-3.321579451476845968e-01
-3.149068787194027053e-01
-3.262443609780041331e-01
-3.348022728590458463e-01
-3.269073925628107613e-01
-3.358132672702403010e-01
-3.223529776780211797e-01
-3.052871072843790223e-01
-3.275899731963687334e-01
-3.163520518212226129e-01
-2.990407753551111991e-01
-3.200076825598652253e-01
-3.339116267718056363e-01
-3.136916564951146569e-01
-3.268788642899698171e-01
-3.158294058221617906e-01
-3.195153007634441433e-01
-3.318926286466463704e-01
-3.209129679348010633e-01
-3.171250701669683369e-01
-3.107318387597339804e-01
-3.214570418418600806e-01
-3.227082909166050229e-01
-3.155259329596156181e-01
-3.238713494026423945e-01
-3.319939383354038043e-01
-3.199635274478899172e-01
-3.170735284177281788e-01
-3.102075723180209854e-01
-3.067413881461249492e-01
-3.274176841000313587e-01
-3.272202269634301164e-01
-3.024243333524390120e-01
-3.091103832207404700e-01
-3.212452258027569396e-01
-3.156078017775441058e-01
-3.261195556800318140e-01
-3.305512714471403601e-01
-3.248135283796287354e-01
-3.265382298859673682e-01
-3.207861087039967085e-01
-3.251340086171692345e-01
-3.220753685254142962e-01
-3.067493814115388462e-01
-3.160363165838281363e-01
-3.228957854082823431e-01
-3.193463073993287882e-01
-3.241487082709462175e-01
-3.362678524846949291e-01
-3.270364695987078019e-01
-3.061454436517203614e-01
-3.113948275235598473e-01
-3.099069898481873198e-01
-3.146139891408942235e-01
-3.280371212589910934e-01
-3.279414510150446826e-01
-3.045720840082326575e-01
-3.093814656888032033e-01
-3.149951668734813914e-01
-3.126889277251376775e-01
-3.182975971596606612e-01
-3.178685476183515934e-01
-3.085735532115296831e-01
-3.107938702632859762e-01
-3.321437186385862717e-01
-3.350980412389816809e-01
-3.251349978889084280e-01
-3.261184400679151274e-01
-3.266456369659089809e-01
-3.224294519213897203e-01
-3.165142706080767976e-01
-3.171514719315724484e-01
-3.093161965601529673e-01
-3.044217817619185862e-01
-3.188945445690329894e-01
-3.126759948196300432e-01
-3.274997891695237140e-01
-3.116730585976110746e-01
-3.236702836067288924e-01
-3.245667230218944876e-01
-2.998630525845784600e-01
-3.352418688569518412e-01
-3.078142019880978353e-01
-3.175160595859272128e-01
-3.123439715613771650e-01
-3.113975235716754941e-01
-3.222835004001202153e-01
-3.132127208666632967e-01
-3.264526707993764543e-01
-3.238222241112815869e-01
-3.259717479344181879e-01
-3.273314827852735753e-01
-3.313009319314086376e-01
-3.141809352029447666e-01
-3.297196024778306089e-01
-3.261519452470464930e-01
-3.245894114230658545e-01
-3.249419615889819202e-01
-3.303730611557700314e-01
-3.256074540828797215e-01
-3.320545646204733359e-01
-3.218397382270870022e-01
-3.196109054204114841e-01
-3.056093669014721126e-01
-3.248217049734027917e-01
-3.218533620787948912e-01
-3.286368692824128690e-01
-3.152645980665238490e-01
-3.183943677692522289e-01
-3.334162641874240940e-01
-3.276454012511846869e-01
-3.219625740307936468e-01
-3.231503330541660723e-01
-3.316942659321420184e-01
-3.154188971851921153e-01
-3.232609671554185216e-01
-3.055728696376367459e-01
-3.017358158746208385e-01
-3.348711801773285313e-01
-3.207309782890976901e-01
-3.116282717352163445e-01
-3.038139064212372897e-01
-3.248043651513121688e-01
-3.117147697383115812e-01
-3.236763032460916456e-01
-3.258994498803027273e-01
-3.249108260873607712e-01
-3.292951872971303651e-01
-3.272362996301688698e-01
-3.261071830199153698e-01
-3.276316589415677605e-01
-3.349675051758116417e-01
-3.302163042313011054e-01
-3.420946998364842173e-01
-3.166751788492296882e-01
-3.295241683912599751e-01
-3.318319383394714439e-01
-3.216953653402430113e-01
-3.331010455194676201e-01
-3.266497898582088055e-01
-3.063618137994583712e-01
-3.239974249432195919e-01
-3.360294564279464602e-01
-3.197165676864854866e-01
-3.187168439477454651e-01
-3.253506422646952334e-01
-3.040746711643211864e-01
-3.233054033338933486e-01
-3.294375116590041452e-01
-3.332203184721738154e-01
-3.156967516420542408e-01
-3.238628648421910672e-01
-3.411718856732826044e-01
-3.248450965016168590e-01
-3.346401311782443155e-01
-3.245720313345179520e-01
-3.210740365622724024e-01
-3.152167056739771933e-01
-3.238759907540460503e-01
-3.353118284875785671e-01
-3.251264336069834560e-01
-3.119106999807089720e-01
-3.292089523056023204e-01
-3.300914550879885390e-01
-3.196792268665196168e-01
-3.330782096734674624e-01
-3.243722532378896517e-01
-3.342383991889643635e-01
-3.228105230454902941e-01
-3.291359191254070726e-01
-3.205966253131253829e-01
-3.182469263307547980e-01
-3.296838621577995454e-01
-3.112448254277735415e-01
-3.180894074716829056e-01
-3.304968185240308998e-01
-3.186548876101416017e-01
-3.229119753104461310e-01
-3.276767799605254661e-01
-3.242704773759897963e-01
-3.112278132703339972e-01
-3.034532425962797042e-01
-3.184894232395693026e-01
-3.218340864074371588e-01
-3.096353454670506267e-01
-3.158949637011672085e-01
-3.250000210706555093e-01
-3.180570574891377067e-01
-3.082469190593831732e-01
-3.319057957619983013e-01
-3.166750936082630696e-01
-3.230393230488320944e-01
-3.283026875459851279e-01
-3.316449192280656044e-01
-3.155516015140047426e-01
-3.112923481126637082e-01
-3.292572599771186326e-01
-3.247311730264750285e-01
-3.316162104512594411e-01
-3.128412709062685648e-01
-3.113431828840548254e-01
-3.023349252961889944e-01
-3.165087506894896929e-01
-3.346778434847718642e-01
-3.124586828102077218e-01
-3.275336842890498312e-01
-3.221120680876209952e-01
-3.293637588563205210e-01
-3.307725579816750971e-01
-3.160424103665938622e-01
-3.347022001792703816e-01
-3.204444419108358200e-01
-3.144119529939132240e-01
-3.321666376346836813e-01
-3.231002710862909688e-01
-3.209986057705067619e-01
-3.245795282328285403e-01
-3.216610692689745310e-01
-3.268020630933928805e-01
-3.070994039169852030e-01
-3.221641254414819855e-01
-3.305786869878013512e-01
-3.175985336691844463e-01
-3.202518691703932774e-01
-3.165001439191232890e-01
-3.182787381997758125e-01
-3.174536335363555839e-01
-3.289911655291846149e-01
-3.108164907509929353e-01
-3.253215005649727765e-01
-3.274806040266506901e-01
-3.220908450203370244e-01
-3.323177365558220853e-01
-3.320470232789745069e-01
-3.204816593510624312e-01
-3.326783822796495205e-01
-3.198323179932667237e-01
-3.190339844776448608e-01
-3.203794260414773998e-01
-3.165116973060069228e-01
-3.187245107853113879e-01
-3.209938392345756952e-01
-3.263681914238127924e-01
-3.137646859830491852e-01
-3.223663794947080330e-01
-3.286743112874144224e-01
-3.274682909902677519e-01
-3.245264242294738644e-01
-3.106711656195573212e-01
-3.224900015887692817e-01
-2.968129668845607139e-01
-3.180696312894819577e-01
-3.314325769519557152e-01
-3.294851112287939809e-01
-3.047372179564515893e-01
-3.156572325499653608e-01
-3.224817291736925551e-01
-3.188276665118066067e-01
-3.183572697546512842e-01
-3.199175480741314193e-01
-3.327892115590318500e-01
-3.231509404672820995e-01
-3.059233010239958972e-01
-3.211102286015954377e-01
-3.182055944185870899e-01
-3.038548786680201896e-01
-3.222100389081732352e-01
-3.222577352430238129e-01
-3.183108129921392582e-01
-3.141778988385208748e-01
-3.119101146194531715e-01
-3.183761173119044052e-01
-3.143823612466443151e-01
-3.040321825068788009e-01
-3.016131218996154217e-01
-2.969902634816805609e-01
-3.199373127722404675e-01
-3.199139836074871290e-01
-3.124388950548651067e-01
-3.089053100054499623e-01
-3.084616727678821668e-01
-3.127698583584139769e-01
-3.070392127252552505e-01
-3.185223886394923376e-01
-3.172272019875452820e-01
-3.142920706465006653e-01
-3.216316088510564608e-01
-3.205561618247443345e-01
-3.092886015507811948e-01
-3.122113784788274060e-01
-3.216198136962762355e-01
-3.195190450992830833e-01
-3.050068384368738172e-01
-3.048327905963170714e-01
-3.001998324196795132e-01
-3.129124835684200523e-01
-3.221294998021182465e-01
-3.196378834329387519e-01
-3.074923593794776089e-01
-3.146952861192298112e-01
-3.181603071470133770e-01
-3.086068347861314898e-01
-3.102234501751812701e-01
-3.135055993726019175e-01
-3.119428223319347104e-01
-3.038747383721300821e-01
-3.147857949456835946e-01
-3.062911580633276287e-01
-3.042525794633124114e-01
-3.229744575862230072e-01
-3.196616604863986577e-01
-3.085511212305258599e-01
-3.135179113545527585e-01
-3.107197455615726689e-01
-3.185749840860530036e-01
-3.158500743517658194e-01
-3.166902285755670565e-01
-3.077476360920943232e-01
-3.086555300514395306e-01
-3.155695295513984977e-01
-3.159756355034957220e-01
-3.153886651129456098e-01
-3.223775636663022137e-01
-3.086969332539848399e-01
-2.975676088081982140e-01
-2.911905093360656060e-01
-3.173115314787899877e-01
-3.126028546305754663e-01
-3.082609744439692712e-01
-3.053936184676979693e-01
-3.139410443506944759e-01
-3.161869448448704212e-01
-3.177244705675277281e-01
-3.046806889019251230e-01
-2.966990399826525682e-01
-3.088407758405065096e-01
-3.224414407673013017e-01
-3.212480090605316363e-01
-3.161619751889523933e-01
-3.101578202422103914e-01
-3.169800032171909976e-01
-3.045973416083440632e-01
-3.126116026325673758e-01
-3.097804106673351932e-01
-3.066934736635174019e-01
-3.119862518695315501e-01
-3.196362474473626314e-01
-3.168333370175981933e-01
-3.115936939175503184e-01
-3.095876332182410096e-01
-3.145391800097796509e-01
-3.131702587281277594e-01
-3.215884508614035298e-01
-3.156515289189658624e-01
-3.069235398763943135e-01
-3.083082123509837125e-01
-3.155901844921549237e-01
-3.141743541296009301e-01
-3.157702387520950893e-01
-3.124414419384196062e-01
-3.114188399134778518e-01
-3.040221743999664827e-01
-3.125847486019077692e-01
-3.139621598894448695e-01
-3.166642798235534961e-01
-3.147843574228210706e-01
-3.006825005376296822e-01
-3.071548961577890147e-01
-3.137204360291807603e-01
-3.138671869180402751e-01
-3.179502374003146947e-01
-3.176525916702499508e-01
-2.937427393728500036e-01
-3.059428359769373884e-01
-3.165433538160562499e-01
-2.921649994442923060e-01
-3.055485976778755663e-01
-3.064252011006320942e-01
-3.176030642950742333e-01
-3.112721788787933264e-01
-3.080868226400195198e-01
-3.077141247709693772e-01
-3.204678667862510544e-01
-3.156117033019159024e-01
-3.093289014716940066e-01
-3.123689733010990288e-01
-3.113008623249489126e-01
-3.016394110697788733e-01
-3.105899005616565844e-01
-3.114349859800045195e-01
-3.098012287188369740e-01
-2.941505006733802219e-01
-3.098378240308599096e-01
-3.234722210092875194e-01
-3.046409037582229473e-01
-3.164219951328801628e-01
-3.058521065906432135e-01
-3.163351470994486547e-01
-3.018846768103262690e-01
-3.034276259127186570e-01
-3.115436320330617903e-01
-3.112243696755871980e-01
-3.145801090611453077e-01
-3.015203655578684305e-01
-2.915334594885643504e-01
-3.143075578018335037e-01
-2.997747332839022505e-01
-3.094882586313749684e-01
-3.072569972253633708e-01
-3.059372149665162688e-01
-3.101740548925691066e-01
-3.127422850936700804e-01
-3.040745518742227205e-01
-3.056318545085465743e-01
-3.053755153407360368e-01
-3.085777666425082444e-01
-3.196296114163881263e-01
-3.261274769060915624e-01
-3.024579918561682845e-01
-2.972257882346007740e-01
-2.992240004183388535e-01
-3.037059603808520691e-01
-3.076213818028814551e-01
-3.151695456663525796e-01
-3.115654869424555606e-01
-2.952197386512409594e-01
-3.115806676370267425e-01
-3.106169317787301765e-01
-2.991456484922450088e-01
-3.024089396232096938e-01
-3.058604691617965443e-01
-3.141380105042488324e-01
-3.024509938816399846e-01
-2.931781371157922145e-01
-2.981192122579860992e-01
-3.128572147034165418e-01
-3.154999884034288549e-01
-3.044769196152530277e-01
-3.053154434238090076e-01
-3.101429720419845992e-01
-3.032869816655963113e-01
-3.111323263365428637e-01
-3.002973812034794854e-01
-3.200742704101955383e-01
-3.165019580116430475e-01
-3.133902834475126298e-01
-3.078755991069392906e-01
-3.181050604779036561e-01
-3.077634076366648763e-01
-3.157252973503239524e-01
-3.035380600118133820e-01
-3.083073276465047030e-01
-3.073895317157875340e-01
-3.099932422499929174e-01
-2.955724844260601003e-01
-3.045076468001450820e-01
-3.017012203861941799e-01
-2.959772271543763544e-01
-3.132529347094461514e-01
-3.130654076662913177e-01
-3.151831727438039188e-01
-3.088105588014711245e-01
-3.100736236991572525e-01
-3.082409282273803619e-01
-3.063308677599017038e-01
-2.925465160170932499e-01
-2.953746454696841717e-01
-2.912049210719125369e-01
-3.120327170074577161e-01
-2.934948356539472947e-01
-3.059058544005597291e-01
-3.097426654341375318e-01
-3.018631210166211609e-01
-3.106444547910487408e-01
-3.016958048691940064e-01
-3.119196771495857945e-01
-3.022609084914500421e-01
-3.047086689734994636e-01
-3.123910574525305961e-01
-3.175251413315152149e-01
-2.899553934542744571e-01
-3.014336168988620557e-01
-3.067885549247741928e-01
-3.109563700779180984e-01
-3.056409379374085411e-01
-2.994486553931126060e-01
-3.081985737654435731e-01
-3.091593721963761254e-01
-3.062865323415260299e-01
-2.916689975389306078e-01
-3.038800043435587739e-01
-3.079845273854258103e-01
-3.089214722382833678e-01
-3.058672994617119834e-01
-2.947334400709613611e-01
-2.918885734746385907e-01
-2.965899355099090862e-01
-3.023089545281862911e-01
-3.095024710097971088e-01
-3.044583718965307995e-01
-2.994925875495333401e-01
-3.136249424443442457e-01
-3.176675048305397375e-01
-3.086582055165751903e-01
-2.961203695702874228e-01
-3.023700506017585887e-01
-3.117338390399009285e-01
-3.036064950534602680e-01
-2.999072408848744153e-01
-2.950488643490722929e-01
-3.018887332927060463e-01
-3.017324708288255941e-01
-3.049769547150600335e-01
-3.081566127232617802e-01
-3.077876559648169419e-01
-2.951830523448402133e-01
-3.004485951039748137e-01
-3.011906675528801536e-01
-3.052846388310470616e-01
-3.131474396095299539e-01
-3.049804805156548504e-01
-3.007345101362011164e-01
-3.021955539182759054e-01
-2.995038325821406389e-01
-3.050284056703920221e-01
-2.980106150920165398e-01
-3.019326136075772826e-01
-3.027062345334843307e-01
-3.057450303220929921e-01
-3.052004882490426674e-01
-3.123919955975411611e-01
-3.103730653666891826e-01
-3.019456252383738715e-01
-3.091529420912686454e-01
-2.937134325294734616e-01
-3.065286596912160100e-01
-3.040506085331973196e-01
-3.091097047273061449e-01
-2.879198960569073762e-01
-3.061802719038979603e-01
-3.041402286901409013e-01
-2.979524487131035571e-01
-3.003326853719698875e-01
-2.957666392045728010e-01
-3.016961092010412848e-01
-3.118961552187555775e-01
-3.053423852176773146e-01
-3.022764109847337899e-01
-3.104857961888125573e-01
-3.105844656614786814e-01
-3.153305627870528483e-01
-2.916178365125743355e-01
-3.022413578796454559e-01
-3.032457363018163932e-01
-3.125515568789811738e-01
-3.048095342632581861e-01
-3.028869476028059893e-01
-2.976180424832257643e-01
-3.022140421391137366e-01
-3.028931295939698565e-01
-3.011595552496859618e-01
-2.971325549994547899e-01
-3.039105141092011131e-01
-3.164236473791728343e-01
-3.140192549578837422e-01
-2.982547380285649474e-01
-3.122956642702323649e-01
-3.157153506295027334e-01
-3.042464926243755308e-01
-3.112814469847045018e-01
-3.005125581525529554e-01
-3.059545100334952750e-01
-3.115635983025601963e-01
-2.882767101383516550e-01
-2.983574867503944184e-01
-3.082278496670936008e-01
-3.083441260553831942e-01
-3.091212791921982284e-01
-3.033256371104504634e-01
-2.977925886401713296e-01
-3.106242514761867746e-01
-3.002706324959070194e-01
-3.103589792965117944e-01
-3.028257345135827450e-01
-2.975249334552390046e-01
-2.947420730665655242e-01
-3.100126477531910396e-01
-3.043618066615354500e-01
-2.992185397140896264e-01
-2.977875650650085859e-01
-3.090212595450734234e-01
-2.950809174504867016e-01
-3.112633483365501164e-01
-3.051476930598915338e-01
-3.047167667041361661e-01
-2.977769229568361098e-01
-2.998196648118205410e-01
-2.961336911340657352e-01
-3.118724357779218970e-01
-3.172794230214051048e-01
-3.014793505286790243e-01
-3.121886902407804421e-01
-3.020966673635294697e-01
-3.015080487129435660e-01
-3.121429137945304078e-01
-3.007818089735287970e-01
-3.001643560403746136e-01
-2.974827813756939499e-01
-3.000516810780862187e-01
-3.071072725678889448e-01
-2.955731712209876960e-01
-3.013444135425080717e-01
-2.939882767049710743e-01
-3.025883352297924489e-01
-2.979339269538443524e-01
-3.122022397769841362e-01
-3.165355766918529490e-01
-2.925370588528903859e-01
-2.967440814993023146e-01
-3.020416640097773886e-01
-3.052335625559274845e-01
-3.072348217212694799e-01
-3.146476611577582183e-01
-2.970007685738766945e-01
-3.106911721832861240e-01
-3.144419089326531136e-01
-3.010347840675868802e-01
-3.092205281942699280e-01
-2.952455383101364461e-01
-3.020823574640565390e-01
-3.089392614995767339e-01
-3.018750151156268657e-01
-3.067400446308958806e-01
-3.016860641419985001e-01
-3.002394739958709202e-01
-3.013654896042226028e-01
-3.048320088351501589e-01
-3.097896665655008874e-01
-2.980160174373329696e-01
-3.042797490280628736e-01
-3.042165686589064499e-01
-3.013475236482476838e-01
-3.042682987424956131e-01
-2.986337262248479618e-01
-2.974235842022840970e-01
-2.996924731619201587e-01
-3.093437477981866301e-01
-2.982400077000995076e-01
-2.963809897600033771e-01
-2.999589140817451316e-01
-3.015022825284585650e-01
-3.020007403072373364e-01
-3.002761566208609345e-01
-3.011127276042016021e-01
-2.970958241769539043e-01
-2.982105737217923824e-01
-2.984008073226385171e-01
-3.029936059783664426e-01
-3.118967350163370789e-01
-3.067055279435888515e-01
-2.990902410799973765e-01
-3.089300081646295659e-01
-3.050320553758489872e-01
-3.109845667683037718e-01
-3.000966422457009841e-01
-3.021879705206815814e-01
-3.051250989675953207e-01
-3.069079663771230315e-01
-3.051684958980875884e-01
-3.016241530097998336e-01
-3.046180938381577441e-01
-2.953211577627143924e-01
-2.994937750253150455e-01
-3.029996524342357667e-01
-3.011479657417672762e-01
-3.118828562856719167e-01
-2.954629234365633295e-01
-3.009508145210606500e-01
-3.006250808645734018e-01
-2.964900213906105364e-01
-3.011468688619824974e-01
-2.906329390868758189e-01
-2.967847620035062306e-01
-3.036159196969783203e-01
-3.059789549135580877e-01
-3.083960597921682201e-01
-3.085739991680429561e-01
-3.081965238810067120e-01
-3.004137985809536282e-01
-3.068049392412364185e-01
-2.992396003298387619e-01
-3.069860350939657145e-01
-2.962063376458985431e-01
-2.924638538176309588e-01
-2.934568066839235989e-01
-3.032613788795006649e-01
-3.120564958368485797e-01
-3.058058545042388054e-01
-3.015748492498873112e-01
-3.104979190046543991e-01
-3.082063682355187240e-01
-3.013113675665310964e-01
-2.956579928209008834e-01
-3.011608897544770791e-01
-3.017743085193647090e-01
-3.008173699800344991e-01
-2.912620085613752963e-01
-3.092859686014586273e-01
-2.966199106943725461e-01
-2.940487916981688876e-01
-3.009572995045721733e-01
-2.931575021572978557e-01
-3.022865172626088004e-01
-3.054860978234743563e-01
-2.967891479895601314e-01
-3.023258328118711979e-01
-3.033889310820456764e-01
-3.016808783455333653e-01
-3.000885958619292637e-01
-2.991396058993447404e-01
-3.043059641123533332e-01
-3.011886263235452610e-01
-3.088755153343250015e-01
-2.934560118699804931e-01
-3.004968938819470026e-01
-2.971413837615544118e-01
-2.978482911562529978e-01
-3.053762142981364391e-01
-2.954217241872849620e-01
-2.992726938713943241e-01
-2.932857935203050381e-01
-3.046707078919252965e-01
-2.958329235678749392e-01
-3.010728774882469594e-01
-2.998721674202164955e-01
-3.033350311777853747e-01
-2.946912474693301753e-01
-3.039714762304224216e-01
-3.012766618595272838e-01
-2.997189687778565315e-01
-3.032580057748539559e-01
-2.830748979544592814e-01
-3.050500218180416390e-01
-3.004368030701143333e-01
-2.957345584698574115e-01
-3.031584211514570804e-01
-2.979874160689051088e-01
-2.967558625954445084e-01
-2.949112773386493025e-01
-3.062287813588633334e-01
-3.096438975990147835e-01
-2.992389282873624268e-01
-3.075929081334547455e-01
-3.029313550233001529e-01
-3.012768642698668842e-01
-2.936636589551024912e-01
-2.881959523300161585e-01
-2.968726939793846498e-01
-2.818082409208417793e-01
-2.963709624816805999e-01
-3.016709880531025512e-01
-3.009656077259137419e-01
-3.000723442237722693e-01
-2.954291840219485099e-01
-2.985140160489063721e-01
-3.012473568743914143e-01
-3.068107981863912315e-01
-3.002686433611532202e-01
-2.984615713616478594e-01
-2.983089165765373529e-01
-3.077589586203388627e-01
-3.006868809568694623e-01
-2.912954610598736949e-01
-2.993905584604028558e-01
-3.057181451203492273e-01
-3.021791616042945883e-01
-3.100935641937743181e-01
-3.139742875533468869e-01
-2.980898650733698751e-01
-2.949733035907460277e-01
-3.044196161044854243e-01
-2.921634061035784935e-01
-2.873750400209298395e-01
-3.033881837988803287e-01
-3.006500084057570632e-01
-3.024082142869846113e-01
-2.938879336495847650e-01
-3.037382063257538789e-01
-3.000028357458464079e-01
-2.999465951556787857e-01
-3.107887368226527336e-01
-3.024005521703729826e-01
-3.015806788881136846e-01
-3.001703268759237098e-01
-3.024900023584047304e-01
-3.045263534242845793e-01
-3.077276089088889499e-01
-3.017638488921061679e-01
-3.010542664879913843e-01
-3.012719521495692554e-01
-3.022633541636410293e-01
-3.054442926005176417e-01
-2.976806251637267309e-01
-2.970695451329428138e-01
-3.002690926575204422e-01
-3.007732595565562050e-01
-3.054961506568742990e-01
-2.991427738933380986e-01
-2.964637721227183498e-01
-2.972421410086276694e-01
-3.129989126575463132e-01
-2.974002166482074827e-01
-2.899904250259837113e-01
-2.976559562908915879e-01
-2.960592910516290921e-01
-3.023605099644552929e-01
-2.895413914277984446e-01
-2.916552984425817563e-01
-3.006209843216112176e-01
-2.926266465020237462e-01
-2.940956491038515530e-01
-3.005139251578383686e-01
-2.984228037681875279e-01
-2.924004675813569598e-01
-3.005643357278051653e-01
-2.972703823357916164e-01
-2.973956100641825806e-01
-3.050050242346245000e-01
-2.790353526073072743e-01
-3.030108537494440313e-01
-2.951753160296539669e-01
-2.985343170165655202e-01
-2.919605075332549760e-01
-3.086569565301675588e-01
-3.023604417588230397e-01
-2.897687831674655712e-01
-3.019985372662832290e-01
-3.006191400886724097e-01
-2.938923588152371202e-01
-3.002087264450352677e-01
-2.907692119668507935e-01
-2.929531620461616193e-01
-2.973931841746182414e-01
-2.995663242210984123e-01
-3.014424913845763498e-01
-3.027110300125639419e-01
-2.971915902531603315e-01
-2.941105903954852607e-01
-2.954637575026390905e-01
-2.843729569803792323e-01
-2.869308153246397097e-01
-2.968908301669932470e-01
-3.003329081531012079e-01
-2.939076150078090421e-01
-2.976806535224745254e-01
-2.965769725960161196e-01
-2.964920912073472081e-01
-2.945560156109614525e-01
-3.007713558722331371e-01
-2.902063112038035797e-01
-2.902662713730821409e-01
-2.930232477014822479e-01
-2.935009627601470328e-01
-2.960011529087971383e-01
-3.004994051593321558e-01
-2.967874767496105903e-01
-3.015371299877118716e-01
-2.972583270393913679e-01
-2.909685660312213429e-01
-2.927827428780442887e-01
-2.989919904544589002e-01
-2.873524982340791567e-01
-2.937429405518372505e-01
-2.965512219109065484e-01
-3.030992428746515088e-01
-2.969824359505142120e-01
-3.036183733026658338e-01
-2.986689790848116033e-01
-2.875939972177703474e-01
-2.953873822363459745e-01
-2.968382233283768379e-01
-3.012495328113584669e-01
-2.994048192457023916e-01
-2.998422532430176091e-01
-2.906805183125351633e-01
-3.002986211153761964e-01
-2.921526612911296006e-01
-2.989715534907109173e-01
-2.961688453137072408e-01
-2.954910672298747265e-01
-3.000859664542865346e-01
-3.008112613430533600e-01
-2.915113354043250560e-01
-3.024468224611585043e-01
-2.961010871465035166e-01
-2.874799289682221648e-01
-2.908796136598930104e-01
-3.008406241486500932e-01
-2.984104725648490941e-01
-2.998459164499052143e-01
-3.001087229085568353e-01
-2.980667695498135927e-01
-3.026989813492704240e-01
-2.889758443052066195e-01
-2.826890727524116187e-01
-2.949627467184325891e-01
-3.011859799599898579e-01
-2.950111273332667317e-01
-3.023630175862699332e-01
-3.002980320965669137e-01
-2.940123559850023049e-01
-2.976500356679303572e-01
-2.950730614804268903e-01
-2.933455927316366285e-01
-2.852156611770757522e-01
-3.034215999452922752e-01
-2.955082188757240935e-01
-2.993187820986502601e-01
-2.896034330251764377e-01
-2.927290046895154596e-01
-2.968578359551459211e-01
-2.997317708191458152e-01
-2.962130366513049395e-01
-3.017675677895439446e-01
-2.968044918425762901e-01
-2.958832476767272457e-01
-2.954759748244790707e-01
-2.981565370632499601e-01
-2.903483506612429821e-01
-2.977939557169697604e-01
-3.029645668266958136e-01
-3.021287906023677472e-01
-3.048865627580146231e-01
-3.099149631582045483e-01
-3.021311459268405386e-01
-2.890004925113951462e-01
-3.010165778385085478e-01
-2.894642892122509803e-01
-3.036104133395207683e-01
-2.989719094676412947e-01
-2.995856396520499842e-01
-3.025344423859541720e-01
-3.027894881362818147e-01
-2.987014507619183412e-01
-2.935062893864530675e-01
-3.012494665546310291e-01
-2.933714015624662164e-01
-2.963333526341154212e-01
-3.059409742525931453e-01
-3.003908940762212154e-01
-3.014246680774856912e-01
-2.977035469401634327e-01
-3.024722772684051986e-01
-3.043526411929051712e-01
-2.991564181232042596e-01
-3.054027418807421235e-01
-3.009835531934708097e-01
-2.902898086726222182e-01
-2.957741470346249013e-01
-2.966884148922581677e-01
-2.958482554703045775e-01
-2.825220446333978064e-01
-3.018783276412542182e-01
-3.141549320163317116e-01
-3.048380474909626603e-01
-2.976203091004927526e-01
-3.058526490145270227e-01
-3.088731225826208959e-01
-3.082129511742499606e-01
-3.040857424506002715e-01
-2.948951072082601765e-01
-3.002035892648065030e-01
-2.994954085513847897e-01
-2.942073839359280463e-01
-2.950939449470777465e-01
-3.011749988774938824e-01
-3.016570703867991199e-01
-2.945282463614919966e-01
-2.936291518056943772e-01
-3.071340691805408696e-01
-2.927919272001417994e-01
-2.962938067979030698e-01
-3.065116131334888472e-01
-3.069982569070632827e-01
-3.036650537373337677e-01
-2.993788743129044416e-01
-3.002147839632944848e-01
-3.027517329218476494e-01
-3.047663268669233982e-01
-3.109537966457520675e-01
-3.053916664543812054e-01
-3.025735704109133728e-01
-2.993285613443621429e-01
-2.944441616252242433e-01
-3.010918720217432565e-01
-3.043556603147021811e-01
-2.962098769607512949e-01
-3.036918527728178496e-01
-3.060892836683959395e-01
-3.064382264538072498e-01
-3.025197023969350418e-01
-3.014537167011539509e-01
-3.090688319392911332e-01
-2.992315165162624524e-01
-2.940705764052728988e-01
-3.017240879618747762e-01
-3.073229865396664984e-01
-2.905406006133155472e-01
-3.074741697886227421e-01
-3.004985548794425476e-01
-3.066392711357277534e-01
-3.080185653897160591e-01
-2.981130941065948114e-01
-2.972254388155031180e-01
-2.911104384305809312e-01
-3.020861609407110571e-01
-3.008313778595819166e-01
-3.063763053818679971e-01
-2.961879221650840499e-01
-2.935112608386161170e-01
-2.983283036108259623e-01
-3.011386703641178997e-01
-3.054109948072958325e-01
-2.994213358789568069e-01
-3.017671904308056874e-01
-2.955014994612183976e-01
-3.016377376509971064e-01
-2.884425462303683574e-01
-3.000174932498120839e-01
-2.961442037784673964e-01
-2.911013096953767310e-01
-2.914291076546882131e-01
-3.021387916056839096e-01
-2.999731998275572131e-01
-2.986242618796430826e-01
-2.911650046723051055e-01
-2.948712741086114697e-01
-2.967495924058289880e-01
-3.007487587491337599e-01
-3.074170926543038362e-01
-2.996434159253196228e-01
-3.020285227232077929e-01
-2.930262394169793616e-01
-3.032638244763004032e-01
-2.932042252380608893e-01
-2.995792263501582120e-01
-2.907605605945944305e-01
-2.907582217628084109e-01
-3.030044610035753649e-01
-3.076691937370998886e-01
-3.030612534816796710e-01
-2.989278129759780356e-01
-3.049379131379290619e-01
-2.980852277220802371e-01
-2.974145377960106806e-01
-2.975785593388318162e-01
-3.012355225575276130e-01
-2.997196307562477458e-01
-2.982391837568898474e-01
-3.056219403792379552e-01
-2.981583293577187987e-01
-3.019327654171788389e-01
-3.006951218533426839e-01
-2.995189420487576193e-01
-2.984882306863618773e-01
-2.898627290955020364e-01
-2.972357238358722675e-01
-2.873052736874122104e-01
-3.056732911861299584e-01
-2.924358452769038053e-01
-2.965813975687723314e-01
-3.060052684415790480e-01
-3.080256310379425599e-01
-3.043033012556657368e-01
-3.023556022897362361e-01
-2.959802057303937417e-01
-2.939235722370820980e-01
-2.928048792642270470e-01
-3.030692333762430302e-01
-2.976395106461100504e-01
-2.966445142006253199e-01
-2.928429676597201770e-01
-2.944047306216699411e-01
-2.947242199478856683e-01
-2.854721056087030640e-01
-2.983049446063588128e-01
-2.909061378935504649e-01
-2.975704036458397539e-01
-2.759363741084595034e-01
-2.939480756490429059e-01
-3.021997408815155772e-01
-2.944425921973521376e-01
-2.894205303761898662e-01
-2.968376232569922557e-01
-2.972822592072343895e-01
-2.908528014876798906e-01
-2.919281309525776358e-01
-2.952918782249103202e-01
-3.002635792869172704e-01
-2.902057068281673757e-01
-2.962707216849680414e-01
-2.985918296097764824e-01
-2.974220283583814961e-01
-3.047093672889324978e-01
-2.943512068074087829e-01
-2.860201444651990776e-01
-2.930041713818929416e-01
-3.054910292788948212e-01
-3.016782953380197085e-01
-2.928747821685937502e-01
-2.990286829355643938e-01
-2.948360169224053529e-01
-3.101242698835195988e-01
-2.881084103067723667e-01
-2.914675635817589594e-01
-3.013524707128780733e-01
-3.025926553131728092e-01
-2.980311100633308286e-01
-2.956508096382659545e-01
-2.950223384809222971e-01
-2.847768970672639455e-01
-3.023091892820244375e-01
-3.018747457672441570e-01
-3.026275506851732189e-01
-2.981989439141958798e-01
-3.002373792511257022e-01
-2.959501361470726621e-01
-2.960488737100490653e-01
-2.900802960439121669e-01
-2.969164149264593711e-01
-2.959981639033411049e-01
-2.997537056263328559e-01
-2.956128109303990392e-01
-2.993581143920995835e-01
-2.992992581941060770e-01
-2.877375282485683528e-01
-2.950488900998990971e-01
-2.847691870228348243e-01
-2.979856320195759523e-01
-2.950450083118072442e-01
-2.979913164992411545e-01
-2.931685765209350869e-01
-2.931137912427765890e-01
-2.950849278022742439e-01
-2.921174658193708140e-01
-3.002368907815409216e-01
-2.926471661856422379e-01
-2.889712154354411311e-01
-2.988718527539311332e-01
-3.034467963114209077e-01
-2.956115871761428870e-01
-2.946097972523786801e-01
-3.023570659451753073e-01
-2.968520391929478919e-01
-3.000724964589247534e-01
-2.933813073167836905e-01
-2.960901864782483628e-01
-3.056884471013789906e-01
-3.025224922214411194e-01
-2.964552170346772542e-01
-2.906772767259342416e-01
-3.008348579741122464e-01
-2.997201365012323038e-01
-2.969553903902570902e-01
-2.983671384227433165e-01
-2.960005352288734848e-01
-2.851350109941566124e-01
-2.917106545821073205e-01
-2.964839566094261691e-01
-3.006142444091048915e-01
-2.957776056638317108e-01
-2.936104766317804149e-01
-2.961229182703566387e-01
-2.957921017828564203e-01
-3.095894897631787934e-01
-2.870190552772462489e-01
-2.909171662902645394e-01
-2.982139653489439546e-01
-2.956145409676977920e-01
-2.872295219606471051e-01
-2.982091395438817294e-01
-2.995422128342184465e-01
-2.995119086385185092e-01
-2.928739283449131037e-01
-3.026217289629777873e-01
-2.977290662037068714e-01
-2.956142014595544154e-01
-2.939225644289327199e-01
-2.985091998443127892e-01
-2.914685710531434992e-01
-3.022285149380947722e-01
-3.013353459235488252e-01
-2.945525553083374604e-01
-2.881151941634110258e-01
-2.955771989079321038e-01
-2.902081473316062699e-01
-3.000596407774467345e-01
-2.986184498058404024e-01
-3.004885204840155311e-01
-2.958827457711201703e-01
-3.014748711529198211e-01
-3.026823804996432443e-01
-2.847404562977144948e-01
-2.902397375682559399e-01
-2.900228523661496638e-01
-2.888265855322273978e-01
-2.954163825232627438e-01
-2.954593655331017032e-01
-2.936723086172525754e-01
-2.928678801836750445e-01
-3.002206827064468619e-01
-2.968813390683147091e-01
-2.940855475251566986e-01
-2.931934064049421806e-01
-2.980661275330440674e-01
-3.042231478705343939e-01
-2.905156473429459929e-01
-2.938024128149998582e-01
-2.907255915525910339e-01
-2.875636444581060047e-01
-2.939697801600269500e-01
-2.998832320602531354e-01
-2.915438350143659818e-01
-2.938858896114968644e-01
-2.965271653037229171e-01
-2.944107687741803758e-01
-3.010126943539965794e-01
-2.975159452765998580e-01
-2.862485068533349164e-01
-2.937898293386007609e-01
-2.834919366818322572e-01
-2.934879081056198658e-01
-2.973033282532018262e-01
-2.992870910290639230e-01
-2.920568593150898451e-01
-2.952689865686561888e-01
-2.921972782144059977e-01
-2.915039753999106864e-01
-3.023069125021242698e-01
-2.992055509487485665e-01
-2.944563993239093236e-01
-2.977853664905829589e-01
-2.947263165594096179e-01
-2.897307128668185072e-01
-2.932875497615818894e-01
-2.845911942005292516e-01
-3.006582735111851257e-01
-2.910686979854189005e-01
-3.054037016667834337e-01
-2.971648028236568706e-01
-2.956870711004997432e-01
-2.955374305705840143e-01
-2.845207419644131264e-01
-2.912874084598664481e-01
-2.960945168316069243e-01
-2.974951947505966032e-01
-2.961801139193998011e-01
-3.046079209261431942e-01
-3.005054337509953655e-01
-2.973527782688387688e-01
-2.967378688660469166e-01
-2.828971510897275721e-01
-3.025641067456463773e-01
-2.920474437674647206e-01
-2.906682150414283683e-01
-2.958082556267669361e-01
-2.961337437458020361e-01
-2.985445152029893023e-01
-2.934307560062965337e-01
-3.015167275334027508e-01
-2.944921307133894217e-01
-2.922365280370602392e-01
-2.971954727145682540e-01
-2.861794944494091553e-01
-2.971233316065555741e-01
-2.947351751840585621e-01
-3.032788304036309057e-01
-2.910495069219010134e-01
-2.950527252413523982e-01
-2.980649267502544220e-01
-2.895365251140900043e-01
-2.946950954766824893e-01
-2.944276832666545829e-01
-2.971209919079695894e-01
-2.919433125225339154e-01
-3.009998964367408547e-01
-2.920280705049584924e-01
-2.979336339956244473e-01
-2.999223727745814472e-01
-2.902055975124344656e-01
-2.959735318339911103e-01
-2.926580735293757840e-01
-2.921329753536703322e-01
-2.969174291125611376e-01
-2.947404373755944107e-01
-2.867162329503840645e-01
-2.944996734787395098e-01
-2.923835532285368188e-01
-2.921509657695882112e-01
-3.002096028632568192e-01
-2.988281201723514968e-01
-2.959812350256720848e-01
-3.005928394198384979e-01
-3.034668079480198344e-01
-2.960080661789055156e-01
-2.984729786043125443e-01
-2.898235204821588695e-01
-2.959095099201416446e-01
-2.958617786319468479e-01
-2.917143103610460031e-01
-2.978169224669580117e-01
-3.014353427200093805e-01
-2.885305093164776125e-01
-2.896077785257293868e-01
-2.940256729915740053e-01
-2.944082115505732844e-01
-2.954780387438047384e-01
-2.910720882823714106e-01
-2.906550604353599354e-01
-2.902254089064237874e-01
-2.830923444065529537e-01
-2.982253597737267725e-01
-2.852537819814440212e-01
-2.919497744570866971e-01
-2.939223969002426884e-01
-2.994910649620248222e-01
-2.931666106071961764e-01
-2.954275721877070993e-01
-2.816455983858974221e-01
-2.897112742529710516e-01
-2.908028798658586211e-01
-2.961477034016928300e-01
-2.842378403766412376e-01
-2.992847539814809110e-01
-2.924939074363051006e-01
-2.985329596862689172e-01
-2.878923579406480471e-01
-2.859411203923771794e-01
-2.790790439844252901e-01
-2.895970041935704842e-01
-2.973843328374670136e-01
-2.879417094279457245e-01
-2.910933175434449183e-01
-2.960760172278167346e-01
-2.905434844315912812e-01
-2.935804464737010733e-01
-2.923171838082758711e-01
-2.882549212945475503e-01
-2.843133661756986896e-01
-2.917354428697782609e-01
-2.952859069903466249e-01
-2.946991023466107862e-01
-2.932329236814092965e-01
-2.889337456530389758e-01
-2.850044772227655621e-01
-2.953811776823296320e-01
-2.844432120397040187e-01
-2.996844566162200074e-01
-2.931863951300268667e-01
-2.875772338812181417e-01
-2.964731767665336193e-01
-2.981877641574386395e-01
-2.904889800681305090e-01
-2.881552929267878760e-01
-2.932500150263686045e-01
-2.915671437397140409e-01
-2.901032162096828237e-01
-2.820768850550461337e-01
-2.822401326775372254e-01
-2.925092001716929069e-01
-2.825290947660374918e-01
-2.904435905366202775e-01
-2.892196984771455703e-01
-2.844394052625647262e-01
-2.954336306879250529e-01
-3.026999726750081443e-01
-2.899932735706460818e-01
-2.979184474529432691e-01
-2.970041595691961245e-01
-2.924561505837774966e-01
-2.863664527157858686e-01
-2.901885643404236159e-01
-2.966527135735586018e-01
-2.924477777708789361e-01
-2.890308796823268800e-01
-2.883993142585572489e-01
-2.838749669597100400e-01
-2.930918164949645188e-01
-2.826558519999857744e-01
-2.896634953960099956e-01
-2.923137355517979596e-01
-2.940387549158194336e-01
-2.959650829690876339e-01
-2.872452361699586731e-01
-3.018663135653669727e-01
-2.951594893709681422e-01
-2.982119046025000220e-01
-2.941750321772258481e-01
-2.909142897430352370e-01
-2.903814643338447077e-01
-2.995243730055336950e-01
-2.993432127742450266e-01
-2.960014575476590526e-01
-2.882870918454651932e-01
-2.878281510883691219e-01
-2.964074609585258813e-01
-2.928681309771905550e-01
-2.930272281223857966e-01
-3.001430563080367264e-01
-2.981148314478081485e-01
-2.972504439779877217e-01
-2.966663754878691162e-01
-2.905463043518639044e-01
-2.915005572635052111e-01
-2.878748989759059018e-01
-2.949370457122937328e-01
-2.954797001323870020e-01
-2.948807499060190906e-01
-2.899760258125172463e-01
-3.016498396293991746e-01
-2.896849644306525029e-01
-2.937354640132485706e-01
-2.964669243510087426e-01
-2.892166344712649995e-01
-2.993964561597990404e-01
-2.957196123480088090e-01
-2.884505407567243829e-01
-2.938331106581855146e-01
-2.953061083861232561e-01
-2.935121094305985778e-01
-2.998887352644241666e-01
-2.948941175719710373e-01
-2.916622179943790805e-01
-2.939051092150273270e-01
-2.848933197031944253e-01
-2.879035171327624099e-01
-2.886713422712090527e-01
-2.894224541202801149e-01
-2.977586845474160526e-01
-2.952467002153662534e-01
-2.892416806936211060e-01
-2.898190376164038184e-01
-2.808151620517946867e-01
-2.954118610499314457e-01
-2.965298508768308139e-01
-2.987112730997516508e-01
-2.962451799845577938e-01
-2.927265485331336237e-01
-2.983123008372765561e-01
-2.914172415164282270e-01
-2.964157310315420624e-01
-2.943107994877238731e-01
-2.969026338314790792e-01
-2.935698007787510555e-01
-2.928038969285322590e-01
-2.955528363570376627e-01
-2.958270847664725700e-01
-2.953129073197158228e-01
-2.925673951016389829e-01
-2.850678785526961079e-01
-2.880446564695429146e-01
-2.857153712024156356e-01
-2.919882446086803363e-01
-2.940402795499386102e-01
-2.916053733567303130e-01
-2.913935698466212365e-01
-2.933491269889154651e-01
-2.899638643731967669e-01
-2.955609234195124557e-01
-2.917439434526905018e-01
-2.942694166677937151e-01
-2.885984443318871939e-01
-2.989692019894887309e-01
-2.938320512246903604e-01
-2.977046947494432771e-01
-2.916453464170829513e-01
-2.938611126121624118e-01
-2.997535041222938457e-01
-2.923681989099311540e-01
-2.898852392128647981e-01
-2.849744557500184516e-01
-3.056052457058682226e-01
-2.944394370144429729e-01
-3.017799738214752558e-01
-2.917618289022632094e-01
-2.984428390484965554e-01
-2.990267452145760618e-01
-2.930630418579038832e-01
-3.035759784197750166e-01
-3.017863318159973440e-01
-3.024868782954196478e-01
-2.949079879355769318e-01
-2.965466111103469693e-01
-2.885816565020380420e-01
-2.900851667529631417e-01
-3.053577148379506001e-01
-2.973195790018542395e-01
-3.047591012551087442e-01
-3.021736833516881493e-01
-3.062703897970953104e-01
-2.934345208217041256e-01
-3.017184408492779579e-01
-3.029440953853337337e-01
-3.031105294318788834e-01
-2.954940688972593765e-01
-2.936364534818276528e-01
-2.861105461058353616e-01
-3.000153077526058754e-01
-2.984606362197948504e-01
-2.970794951787418814e-01
-3.032905695140536428e-01
-2.917127747619604472e-01
-2.999931640901403185e-01
-3.013672370977260040e-01
-2.971067164427840801e-01
-2.967097877836402109e-01
-2.958044168312801148e-01
-2.967348819288483930e-01
-3.005129476129190236e-01
-2.992535046541132115e-01
-2.995977517349686092e-01
-3.078402124111059290e-01
-2.907981609262608735e-01
-3.072704045321147381e-01
-3.030111375032560339e-01
-3.015435175079235752e-01
-3.072024667526528363e-01
-2.973111625369952993e-01
-2.983191066079389775e-01
-3.027242873170041815e-01
-2.970428450672594201e-01
-3.084470152372115193e-01
-2.981319305956238175e-01
-2.928526944726674852e-01
-2.977577709256886695e-01
-3.003587578292356008e-01
-3.090368599278603412e-01
-3.029482391622725368e-01
-3.012946915763637934e-01
-2.987060840959486763e-01
-3.041832333259296695e-01
-2.987079145773412492e-01
-2.989597449513103911e-01
-3.016832637752926427e-01
-3.022999659669435291e-01
-2.968736315732199982e-01
-3.029539448276552527e-01
-3.062415103606324074e-01
-3.020474868376117339e-01
-3.001650729607034940e-01
-2.936575351775232434e-01
-2.970323161036177995e-01
-2.988447257766497778e-01
-3.023827795773599281e-01
-3.007854330749037963e-01
-3.011828926816144669e-01
-2.982125673583997383e-01
-2.978694205795289207e-01
-2.975016104651788673e-01
-2.953510794353750857e-01
-2.912084737602242956e-01
-2.954845870550103504e-01
-3.031761648637754103e-01
-3.009969943950758786e-01
-2.990351422080246291e-01
-3.020846793320655088e-01
-3.056596540940135220e-01
-3.062967419435911332e-01
-2.988216447391291997e-01
-3.013655194053779240e-01
-3.002545496768320721e-01
-3.112552276084198377e-01
-2.992230827224727774e-01
-3.035286274213209179e-01
-3.106885740409759400e-01
-2.986236808891302719e-01
-3.023956507535243698e-01
-3.022855411557112681e-01
-2.990142801874628997e-01
-2.969144353530221991e-01
-3.008484796866528477e-01
-2.955401869818865546e-01
-2.969311649227748262e-01
-2.930937467675773789e-01
-3.005289158824127060e-01
-2.981616327882314899e-01
-2.969244932021415373e-01
-2.936885956892361094e-01
-2.941409236447765085e-01
-3.001279848282567553e-01
-3.012651308484430857e-01
-2.914860799704690475e-01
-2.938974849609210516e-01
-2.931158708679582059e-01
-2.996911844632075272e-01
-2.968425723050054366e-01
-3.053106195809422996e-01
-3.013788088879096883e-01
-2.923841108804798861e-01
-2.966131759147354607e-01
-3.040592865244955423e-01
-3.019756986994341919e-01
-2.965396124260195609e-01
-2.958511671383687869e-01
-3.056927032096306007e-01
-2.942143397610621491e-01
-3.000064917380111940e-01
-2.996878965456264421e-01
-3.063393814577430874e-01
-2.991603536856826118e-01
-3.011558951964727893e-01
-3.023695639267776070e-01
-3.062259756262546428e-01
-2.989308065419349347e-01
-2.961806435830466322e-01
-2.919723395073990924e-01
-2.960843625887186192e-01
-2.984724539626515405e-01
-3.006498279345694025e-01
-2.982779493181426655e-01
-3.030805936577172233e-01
-2.908036028485158075e-01
-2.960067643599710863e-01
-2.922684565636993748e-01
-2.980574803844875387e-01
