1.776410197591604900e+00
2.059846141086676408e+00
1.988080034910446159e+00
2.024753238235478481e+00
2.012429472240448991e+00
1.849741060971759055e+00
1.808350302135538046e+00
1.593823042132528789e+00
1.509461780237442596e+00
1.395529839957102114e+00
1.418644571752524008e+00
1.444186296358378474e+00
1.490205579719332540e+00
1.442898351834958293e+00
1.472935173913676454e+00
1.472295068941974705e+00
1.587294955741252345e+00
1.458799007718488028e+00
1.360112489626241761e+00
1.302782347330250445e+00
1.233779835416368265e+00
1.343885895424538734e+00
1.450975584029302823e+00
1.497174452333557060e+00
1.475469975521571220e+00
1.384978198585844922e+00
1.285121490162219438e+00
1.226029217495935297e+00
1.084002581052422753e+00
1.114881160325323917e+00
1.170170850444611776e+00
1.348116656626112464e+00
1.381305168280812401e+00
1.430301361877397870e+00
1.520735811989188724e+00
1.573043781280937914e+00
1.475108878769962661e+00
1.491227931308967358e+00
1.532086296454458374e+00
1.412356147314390631e+00
1.483725925478715402e+00
1.538422531533809146e+00
1.558436351089916627e+00
1.528755848427410191e+00
1.544194264941754824e+00
1.666268193946517595e+00
1.592017679838058974e+00
1.765665701614487437e+00
1.731506647584342584e+00
1.738525947235509683e+00
1.961309691373884334e+00
1.946800908975752975e+00
1.884383316863724067e+00
1.855561391401374882e+00
1.806235681120679892e+00
1.854981869386649995e+00
1.914866795907720132e+00
1.888418884157124333e+00
1.794098703990147481e+00
1.656735297105826454e+00
1.628686406832100309e+00
1.794857171367385984e+00
1.840408598182732725e+00
1.861612077810852917e+00
1.809375898768265323e+00
1.836522953465891117e+00
1.905262909516498571e+00
1.795038340965699142e+00
1.769643157492269303e+00
1.687969089690615210e+00
1.756774587080329519e+00
1.661647424499760550e+00
1.753039703082138523e+00
1.694847755986314652e+00
1.759290465073592324e+00
1.573005851392923926e+00
1.583978662205498766e+00
1.497292010983865662e+00
1.523444717390716185e+00
1.491020344120927099e+00
1.470188012230999819e+00
1.428625004223101236e+00
1.304382514539615956e+00
1.265158823494715312e+00
1.237988860581243244e+00
1.101981166122736777e+00
1.243140850263865449e+00
1.189052593969077476e+00
1.136486610750210069e+00
1.069697551322472018e+00
1.154580850346319743e+00
1.323212951332354503e+00
1.331822028261696378e+00
1.409005113188415592e+00
1.429907845145240497e+00
1.501361973320234577e+00
1.430654075273079417e+00
1.477743027956836430e+00
1.455093038327107680e+00
1.464971603341601813e+00
1.573266836503281807e+00
1.465415259947635329e+00
1.442979224587560116e+00
1.379119159357697244e+00
1.264853388125856126e+00
1.268124884515006157e+00
1.253951682669420808e+00
1.387970270197510736e+00
1.425036490976339776e+00
1.456479894270182873e+00
1.372820685264875440e+00
1.161003783782914356e+00
1.060873979778722109e+00
1.094900783434890723e+00
1.121713411752362610e+00
1.096996614456838159e+00
1.104041110136847248e+00
1.024658534921035757e+00
1.007455432418290053e+00
9.983391827758735237e-01
9.015797329829821072e-01
8.818095724913496136e-01
8.876277412499509190e-01
8.762854224806166936e-01
8.112948529413451793e-01
7.934028037519600396e-01
7.013513891896903107e-01
6.363727417860836066e-01
6.617150174610753055e-01
7.097578798796720934e-01
6.490447790849671605e-01
6.483204458566546036e-01
7.413367924530924746e-01
7.011541611505964777e-01
7.729931998028657381e-01
7.927274478233984345e-01
7.905139161440286610e-01
7.088925447689777837e-01
6.951785708278106490e-01
7.831156001834741476e-01
8.279943622904142320e-01
8.050406818243500684e-01
7.771803093644974458e-01
8.185436388043418887e-01
7.817641911727204462e-01
8.410078543714193389e-01
8.526340023365610588e-01
8.335946741627195955e-01
8.303699954326554389e-01
8.198964990852314338e-01
7.570480393548044695e-01
8.042034828000831359e-01
7.822816464800249614e-01
7.379891074979242349e-01
7.445121864082557828e-01
5.741331035068607536e-01
6.330175451623859528e-01
5.854989144835177628e-01
5.638323402454025191e-01
5.304961444529183723e-01
5.465381899208625605e-01
6.136706098337698645e-01
5.366880135016328657e-01
5.604393022568939786e-01
6.675108820950622635e-01
6.701991011467087755e-01
6.755269322257346776e-01
6.818022643512876568e-01
6.593831390946515159e-01
7.807946260776758018e-01
8.053294148943618280e-01
8.558394397191234626e-01
8.708818963233598831e-01
9.899872817953467852e-01
9.954760798514246112e-01
1.056084480143062887e+00
1.153623107819510274e+00
1.037619414446999677e+00
1.038808437068733825e+00
1.163015358776861907e+00
1.083816377953291887e+00
1.110017738784498498e+00
1.066008776715107853e+00
1.115994076331922713e+00
1.032219316126383957e+00
1.031784387448373197e+00
1.047701275003959154e+00
1.145798230698642062e+00
1.165964719859036380e+00
1.082308481203536399e+00
1.158054164975818034e+00
1.262305675442612740e+00
1.306402384990822618e+00
1.156514305555496058e+00
1.158909652005571500e+00
1.052611879726867983e+00
1.121841120872681730e+00
1.080629512655524538e+00
1.006210397605849627e+00
9.037039788625556014e-01
9.118722290352868631e-01
9.265573012678740561e-01
1.009975183766962381e+00
1.033510377915969114e+00
1.051293539657402354e+00
1.017465204218855668e+00
9.374450609113966770e-01
9.439509464380768655e-01
1.042535039331309310e+00
1.060872380628493206e+00
1.110330722727320252e+00
1.117072721349956943e+00
1.062210002404684106e+00
1.033181869168458444e+00
1.019128899885592965e+00
1.022441127542292216e+00
1.048429254523034926e+00
9.823126430738670090e-01
8.744917104983389589e-01
8.763190310924016124e-01
9.178828737539839189e-01
8.631320149900564287e-01
8.745179535725987607e-01
8.205986718874110908e-01
8.494239034903334762e-01
7.836677491869178391e-01
8.765236905740927398e-01
8.344013538367462957e-01
7.800025879024096165e-01
8.049502597709654594e-01
8.272943401629534455e-01
8.501496034494055998e-01
9.329553174664629855e-01
8.802800580316689771e-01
9.423547226624111595e-01
9.413544045242731029e-01
9.713753151629020977e-01
9.320155204601408006e-01
8.740094228283178390e-01
8.523411796838389343e-01
7.131295540749323925e-01
7.135671527727444063e-01
6.197792030976887467e-01
6.361568283954331937e-01
6.263151042074207586e-01
6.516806650129406409e-01
6.000120848036606391e-01
6.954938030033895879e-01
6.497286676892031210e-01
6.842627918738399817e-01
7.715028689323482070e-01
8.487830720686960762e-01
8.456897150024174081e-01
8.580558251997545405e-01
7.882079042289847903e-01
7.656642702989240323e-01
8.090665512511181490e-01
8.131771222617751871e-01
7.280421076678410541e-01
7.810101889142020415e-01
7.636190547998285005e-01
6.563681226645534661e-01
7.000649027294504334e-01
6.434288931797003119e-01
6.464883062872249786e-01
6.323239285980969404e-01
6.114150781169538362e-01
6.932378062266126850e-01
6.694116999009414037e-01
7.453536814916648101e-01
8.274336056375519721e-01
7.498943465373533179e-01
7.081416984695074746e-01
7.018259858374551463e-01
6.782572607112564711e-01
6.390416791695747722e-01
7.613405370328031330e-01
6.579122264061566527e-01
5.997363934460460122e-01
5.157088947092220987e-01
5.371907403926853286e-01
5.622669120702725731e-01
5.000142942645537936e-01
5.665932848667974975e-01
6.270960370184792687e-01
6.266454512982861935e-01
6.237227315502154035e-01
5.847647825744609618e-01
6.080585260721548257e-01
5.920128695352255832e-01
7.409002415625177695e-01
6.694288160740767823e-01
5.768992832803134796e-01
6.016477099245550741e-01
6.273517290231213073e-01
7.370768785085513031e-01
6.857720240106534026e-01
6.584915530145952767e-01
5.446040075615231624e-01
5.620265408626898829e-01
5.464217165833046286e-01
6.469255687657666787e-01
6.122472410695114498e-01
6.888563448554011481e-01
6.801547227210053004e-01
7.037563527854779899e-01
7.627559983564354829e-01
6.835620081920765756e-01
6.659185216539336150e-01
5.496206303125474868e-01
4.887451633805692808e-01
5.103713772683433625e-01
5.239786523508827010e-01
4.015635051732540095e-01
3.504644350599018798e-01
3.777382419196478880e-01
2.107047048997038319e-01
2.268505974882268628e-01
2.442937215165597031e-01
2.955470291919117809e-01
2.030506191135239835e-01
2.069365073356015661e-01
1.674934849053326957e-01
1.992670339806603130e-01
1.198781017126439169e-01
1.579217022294333583e-01
2.045613206061332734e-01
1.849328879476838383e-01
1.030705608991642763e-01
7.431713843137700663e-03
-5.692766901126135315e-02
-9.477522855848359573e-02
-1.090664678700020290e-01
-1.279036345653005169e-01
-1.181821786910147859e-01
1.356095075460694854e-04
-1.608273018415240160e-02
-7.572997245255123216e-03
2.626537083989586088e-02
9.798452721133503462e-02
1.830634641117127870e-02
-3.184098044429157365e-02
-5.357322939777560411e-02
-2.011723382403516388e-03
6.988464794638634195e-03
1.037805458467253375e-02
9.122613371281146355e-02
1.033676604082362782e-01
9.312541952367674181e-02
2.034648770639651549e-01
2.719950253102376703e-01
2.384467885264401898e-01
1.653387414022835511e-01
1.501374094409832216e-01
2.326460858569021350e-01
2.848139651438114650e-01
1.673120924922316399e-01
1.644649524726259360e-01
1.852819259668977425e-01
2.289121362017040584e-01
2.616852030459470013e-01
1.977214698615550881e-01
1.563317671546614052e-01
1.604873849270149755e-01
1.925574330849196547e-01
2.532961767116687635e-01
3.004868458130182107e-01
2.736567550469383159e-01
2.997378334264592659e-01
3.807524069661096244e-01
3.879252532986651736e-01
3.724635884334126512e-01
4.692892611164624084e-01
3.728447718217700046e-01
3.695849498074628703e-01
4.373100952369287087e-01
3.999818723725744318e-01
3.984558290011942505e-01
3.396471439317949592e-01
3.446471364582976427e-01
3.871849376740604254e-01
4.212911241098984405e-01
3.946926683787053691e-01
3.610475973852981801e-01
3.206859633703413315e-01
3.228068026725725015e-01
3.431716997731126262e-01
3.845194660434042011e-01
3.223123728933685039e-01
3.313607635291248577e-01
3.551263088961147951e-01
4.086475174087055295e-01
3.711047198181284257e-01
4.407315206049439160e-01
4.021137510494149914e-01
4.034506689613994723e-01
3.968543352742648911e-01
4.513675085896237671e-01
3.550395027212786547e-01
3.044248666967062089e-01
2.834611966135179850e-01
2.715600738098221667e-01
2.294158308848929517e-01
2.714467904501070561e-01
2.608878907505475242e-01
3.055188813978771400e-01
2.167332612582305584e-01
2.078003176322005818e-01
1.800959823693215611e-01
2.665119436256765950e-01
2.937620623949627752e-01
3.445465429622044939e-01
3.317429327214098667e-01
3.252022128578415106e-01
2.974294862400535533e-01
2.612274112593440112e-01
1.993631209723768227e-01
8.236768544694506033e-02
3.820894992615978675e-02
4.714353364464878710e-02
1.807777713509390316e-01
1.701879147138026793e-01
2.072360267485233720e-01
2.092858017937008208e-01
1.731013141566129232e-01
1.203131195974734002e-01
1.632551899826774622e-01
1.119743068797661167e-01
1.358125740506240797e-01
1.535153608579029882e-01
1.794633594260895693e-01
2.240503910593371062e-01
2.144816012664118310e-01
1.689731966629583193e-01
7.631285497280722308e-02
1.112965609101482650e-01
5.865709405209821453e-02
1.671351971315502769e-02
1.874224137284018557e-02
5.478950664475804033e-02
9.537506942957596490e-02
7.210299304313484703e-02
7.494398801604751359e-02
5.787164287081986852e-02
1.536946313984318378e-02
-2.012462489414600098e-02
-2.585454222970459334e-02
6.309220489328407067e-02
1.406729870748404387e-01
1.679725952889570273e-01
1.476424231045877500e-01
1.931536665990903345e-01
1.867875076348849417e-01
1.401669790848894814e-01
1.284010021953108649e-01
1.474330968744579640e-01
1.091470381147621321e-01
6.288582648665896890e-02
8.683566474159125359e-02
1.260934630358298281e-01
1.312763849507812552e-01
1.048371047086394531e-01
9.720775519401704534e-02
1.319922752778733832e-01
7.866956307024541850e-02
1.226323134371075790e-01
7.628058975773195638e-02
8.845364567588315241e-02
1.075870371095281192e-01
6.379321386603738209e-02
1.586151894383793781e-01
1.311749942470597508e-01
1.736506819163565474e-01
2.277265366272212266e-01
2.606691564352316970e-01
2.117161439826589497e-01
2.428403732887768340e-01
1.369840292646578028e-01
1.171328119363947290e-01
1.890409056705386337e-01
2.238041064418875015e-01
2.046375198561450615e-01
1.444758230016681133e-01
2.352816317162359783e-01
2.022116632265500702e-01
2.102442509454887642e-01
4.445845050105422247e-02
3.384926130430918750e-02
-2.050671856750744051e-02
5.962572602577390773e-02
9.021438297717748744e-02
-2.947948365411724725e-02
1.035004922802131716e-01
9.237854908354156680e-02
9.167505138743803350e-02
3.973786780273046854e-02
5.736370063066718872e-02
1.016734656342875714e-01
2.823884260653381634e-02
-8.016227429862483184e-03
-1.022438152706507675e-02
-2.774112317586406237e-02
1.048686340764671057e-02
4.325693842362383218e-02
-1.191224284203368372e-01
-3.457933617543723637e-02
-6.872740863895130357e-03
2.358883561776745769e-02
-3.536869660769630802e-02
-2.188946438977860953e-02
4.594325786880623284e-04
4.893767455573602709e-02
1.661951114417628550e-02
1.221983170732235113e-01
1.665968342480715902e-01
4.181130448003532452e-02
-5.540090612107750889e-02
-2.957259643147633690e-02
5.833186012460985642e-02
1.882315354313326417e-01
1.274551161357225793e-01
5.975934255117506394e-02
1.403244045759695913e-01
1.696963058197327734e-01
2.400755055779532632e-01
2.118143519038695466e-01
1.390978540091894200e-01
1.772224750595478571e-01
2.072918065422133527e-01
2.993768275245784483e-01
2.818245298302975432e-01
2.015040112612421774e-01
1.541109011089636938e-01
1.274161706947574413e-01
2.071256237274182732e-01
2.787786640748999289e-01
1.891190752797380636e-01
1.456742521539233504e-01
2.357527125337811058e-01
2.415344159052514594e-01
3.546022650979870350e-01
3.079638506928932817e-01
2.679552128002803402e-01
2.563586181568349165e-01
2.683852216377202726e-01
2.123858342129014143e-01
1.976181126986886472e-01
1.698250857861345331e-01
2.169409068263821738e-01
2.930937641128217863e-01
3.244524641939129928e-01
2.464408784280807674e-01
2.831563161593631528e-01
3.133679188856364206e-01
3.613627885813499585e-01
3.406920398082468604e-01
3.774479866860501742e-01
3.563443571422406642e-01
4.777291468609773939e-01
4.351172526584053402e-01
3.291935216208668469e-01
3.594090343427688850e-01
3.953923659787960676e-01
4.005359451915492808e-01
4.169343772425253558e-01
3.568344699915553253e-01
3.902127990198994145e-01
4.218931586285238899e-01
4.646590578254760073e-01
5.217672239426190961e-01
5.803734801020772327e-01
6.598722649541767238e-01
6.653316060795819720e-01
5.932036058727793160e-01
5.995767109332938993e-01
5.705831192341938030e-01
6.652017885720546975e-01
6.210444916272856997e-01
5.328985776601345981e-01
5.026863795406357749e-01
5.785138910208382779e-01
4.923713788352042098e-01
5.337192092190918835e-01
5.359429728000004722e-01
4.712799643418172924e-01
5.788394725558515530e-01
6.027647355234209137e-01
6.328452551786223346e-01
6.345795995315339777e-01
5.476166186691080462e-01
4.819910355100708865e-01
5.722426247321524828e-01
5.248010092477336519e-01
4.895048965828054932e-01
4.486794966042548793e-01
3.899740563554819350e-01
4.293671906509134995e-01
4.867737893283083372e-01
5.704651748770721564e-01
5.426474418219933149e-01
5.607148538583629493e-01
5.595813816876253899e-01
5.291105195089218505e-01
4.548682282293297074e-01
3.973261989042488063e-01
4.079433358355801786e-01
4.174009330549154906e-01
3.486082539586674023e-01
3.428422818855769161e-01
2.822421667187346994e-01
2.326509448126027335e-01
1.897877744590399651e-01
2.435311700573444538e-01
1.774091029287244714e-01
1.753157368730004217e-01
1.109759660547397359e-01
1.126193589433561043e-01
1.369593632298394814e-01
2.022433515166228157e-01
1.518791310664401595e-01
1.796727561072442581e-01
1.508596287056694629e-01
4.865164803674765226e-02
8.680352193504287800e-03
-3.346932108418311513e-02
8.165284639582479076e-02
1.053539024120194179e-01
9.404551700603724917e-02
6.316009546356499138e-02
4.281330459392271998e-02
-2.408790234277966014e-02
-9.112087887495519400e-02
-1.022003386427028510e-01
-1.381537023735405212e-01
-1.278283850064919902e-01
-1.526198098482497156e-01
-2.392457053342446072e-01
-2.065229488122080070e-01
-2.307445061530129515e-01
-2.433891894133811962e-01
-1.692823624107351599e-01
-8.969928906420734926e-02
6.756788591728030147e-02
1.199888928238652674e-01
8.055651703504827787e-02
1.439628233278384961e-01
2.040546980948745315e-01
2.318424223651710248e-01
1.932119426996011524e-01
1.490100916971605627e-01
2.395137157419997276e-01
2.556263956628530565e-01
1.254870595263705702e-01
1.921180324124806271e-01
3.195450833593730944e-01
9.396039997150974765e-02
1.166813161033214974e-01
1.740832723824886075e-01
1.283508779488711782e-01
2.956999362952456023e-01
2.894137885854410341e-01
4.001807492915592235e-01
5.148217606120631951e-01
4.510791310876257065e-01
5.711591735515280099e-01
5.819698950111351632e-01
5.900043438457441836e-01
4.504978088610185338e-01
5.355857513957490434e-01
5.693544430705306247e-01
5.317921388811059913e-01
6.217295745706884480e-01
4.991101312511094790e-01
5.420716237304328278e-01
4.893244450835414483e-01
6.002123278628548331e-01
7.048805206068247120e-01
5.828964742318797354e-01
6.466074504235507225e-01
7.007871606513256246e-01
5.796892072616964819e-01
4.914637101192518287e-01
3.641040399841777297e-01
3.668374541321843818e-01
3.366129877914267876e-01
3.007109044351039540e-01
2.458501481418324253e-01
3.278019750159310020e-01
3.120162201145540992e-01
3.664256528222095688e-01
3.449524728314555810e-01
2.985349253787268897e-01
3.068776638899582965e-01
3.588401606841433167e-01
4.018204769098842610e-01
4.436335966342746517e-01
4.544721903118679740e-01
4.705751027340371873e-01
4.881270073573686918e-01
6.106519394276366253e-01
6.555496021354481062e-01
7.513225878518093870e-01
6.800004084577219166e-01
6.523572881529656753e-01
6.688311484584698041e-01
6.961373888854919256e-01
6.997688352291038250e-01
5.382553335229869340e-01
5.702842266942680371e-01
6.144509034514702428e-01
7.726533995334177174e-01
6.586787185101344866e-01
7.179472286146244553e-01
7.179578232465623211e-01
7.742942705116915292e-01
8.014352221896088313e-01
8.003594930078595793e-01
8.620669176431603464e-01
8.315448865221076735e-01
7.958419035012950227e-01
8.001657207697434604e-01
8.049461904934143153e-01
7.743591624539458707e-01
7.708597193777987355e-01
6.370609683697723291e-01
6.674020076106990107e-01
6.610928579336009525e-01
6.033525396104306715e-01
5.202302248625143566e-01
5.439397038371600601e-01
4.873109457209054418e-01
6.206397712122205812e-01
6.657344630885262404e-01
6.279268376009036201e-01
5.982595402319446087e-01
5.556819534119035175e-01
4.690352484347573014e-01
4.460089198389881604e-01
3.529365812558662441e-01
3.716071992980645722e-01
4.899760029511168180e-01
5.955855739331854526e-01
6.070332699356176809e-01
6.096893095118053330e-01
6.914970056501302809e-01
6.760014870689787791e-01
6.898809303249389124e-01
6.868713927366767447e-01
7.159118233754639959e-01
7.221916213686063735e-01
6.456101041486100867e-01
6.907032663621168744e-01
7.659708078882044857e-01
7.331006700482530780e-01
7.084777566616907718e-01
7.564639059036042390e-01
7.255283946928523520e-01
6.987590491586802566e-01
6.776167745433178125e-01
7.344308996773218912e-01
7.055780200787558076e-01
7.383402624409551862e-01
7.676180845958852084e-01
7.095566494682091774e-01
5.930808329116472599e-01
6.258719460645018051e-01
6.749943705060784671e-01
6.449157946004131503e-01
6.073735476324862992e-01
5.023282988472455024e-01
5.718615475868202846e-01
5.638393036735402930e-01
4.770489959390826207e-01
4.978664011273238876e-01
4.889313618104252912e-01
4.751161411338473695e-01
4.154715078373353854e-01
3.641416791265361108e-01
4.031196996055810278e-01
3.863622674714119465e-01
4.230398499115917699e-01
3.854250401228768164e-01
4.838908398589600868e-01
4.861724315744013203e-01
4.742089420364734575e-01
4.225727263009201873e-01
4.250037489676159463e-01
4.602833176315193620e-01
4.790840938590900655e-01
5.396356741543106850e-01
6.632131259811715474e-01
6.559643180864540568e-01
7.669438312311851469e-01
8.120817767132793019e-01
8.302516898129321810e-01
9.523295084447056524e-01
8.870930809558332797e-01
9.383311619867247266e-01
9.463468779226782424e-01
1.023216338364133282e+00
9.046053159908223895e-01
9.417653910281372776e-01
1.045368307600273550e+00
1.041686083740042346e+00
1.070018969107702889e+00
1.015017177226082534e+00
1.010206786953673053e+00
1.000007136437809585e+00
9.886138192176123773e-01
9.208712370484567478e-01
8.130846976558122607e-01
9.607083401624364472e-01
9.322841275463285005e-01
9.538073802171953552e-01
9.358151192560014708e-01
9.595081584644478134e-01
9.491455371533759067e-01
9.757994886798496692e-01
9.844079599088093602e-01
1.027707186089042324e+00
9.870548977418359682e-01
9.579968608647744244e-01
8.679103230078059061e-01
7.988416036213986660e-01
8.009700097219903947e-01
7.336732160814545267e-01
7.984691849351422954e-01
6.839310362964293732e-01
8.027843016455071812e-01
7.536152298099155766e-01
7.897154568626053583e-01
7.439849722867077908e-01
7.779574004309018909e-01
7.079855378290571544e-01
6.796364464563354746e-01
7.915166546862695274e-01
7.449828708310796133e-01
7.427547117599848647e-01
8.132856074253768108e-01
8.238112011600663420e-01
8.039052110297508769e-01
9.354953539478203517e-01
9.096859548955479324e-01
9.039442522345501052e-01
8.730252675464443834e-01
9.023253257670192928e-01
9.435815890659609018e-01
8.857575784036332278e-01
8.731916209038751431e-01
8.064888326559706000e-01
8.634657265018401695e-01
8.103487991022526593e-01
7.643702437137535055e-01
8.235337799015826077e-01
9.022461586139551848e-01
9.044815659052526380e-01
9.157188451029993903e-01
9.239314256126528457e-01
9.002608940375608215e-01
8.386020925134111126e-01
7.716136339572398084e-01
7.777959891245748159e-01
8.077474587508957082e-01
8.302004401243274767e-01
7.768055329185171720e-01
7.600170164453483590e-01
6.985484161523280999e-01
6.720380383664522617e-01
6.875723460433632583e-01
6.688292341789506823e-01
6.384856644664598235e-01
7.337277355519540301e-01
8.115538709854155375e-01
8.982289558862608381e-01
8.701635771598583702e-01
8.046616286680773333e-01
7.968520053963469296e-01
7.011673209026572096e-01
6.648773097645847008e-01
6.763454257282179860e-01
7.109183972896422343e-01
6.682140910425188318e-01
7.437469362148196872e-01
7.848059254390729045e-01
7.887941494370463991e-01
8.585612336697342473e-01
8.353932032889659354e-01
8.289900218928983877e-01
8.829026890083839785e-01
9.230648239353751450e-01
8.951747066484946336e-01
8.866686991182293198e-01
8.066230919947042777e-01
7.522772946480057454e-01
6.958392805964369598e-01
7.534451803959407723e-01
8.092223464845224035e-01
8.616252817287823884e-01
8.458524162716558603e-01
8.350335542694065083e-01
8.610627890661136652e-01
8.288714804286159143e-01
8.280115935954163175e-01
8.588942219485261598e-01
8.228272555968515478e-01
7.796809201923802224e-01
7.746247820294439590e-01
7.512353849726677302e-01
7.872827578391348169e-01
8.226071579056092320e-01
8.469979679662856809e-01
7.740040371993688328e-01
6.549859625553815512e-01
5.839323899741037938e-01
5.250968867120999750e-01
5.540576269120783826e-01
5.102823755355818669e-01
5.281261284094606046e-01
4.560211267334697283e-01
4.288171962473914522e-01
4.251683602622253755e-01
4.189815652902716958e-01
4.781488565668578494e-01
4.744043029087507413e-01
3.955742132177129666e-01
3.826477070293758387e-01
3.638998924080016906e-01
4.144316202772717062e-01
4.612609672909938063e-01
4.800278682200364577e-01
4.211595923004443631e-01
3.440254281735179998e-01
3.319251281386088603e-01
3.408381300600888952e-01
3.346773283983279779e-01
3.210967180253724296e-01
3.061981524644423747e-01
2.988457241627084926e-01
2.699735166050199475e-01
3.192435276891634199e-01
2.791955559390288943e-01
3.177868447007774488e-01
2.716645816256888502e-01
2.900562216937661031e-01
2.715603734798250901e-01
2.300595086044613935e-01
2.772033318604777419e-01
3.429437305890045695e-01
3.331788394349351479e-01
2.700903392404503389e-01
3.151563763088456316e-01
1.904343615586586436e-01
2.453316136257348012e-01
1.500491507070608743e-01
2.093921642530494898e-01
2.617585323755880489e-01
1.865649670982606478e-01
2.488842366215762436e-01
3.234166210530313723e-01
3.542108797470338577e-01
3.455033243957560951e-01
3.456315648068775115e-01
2.694325399964583312e-01
2.967278854266504617e-01
3.197471049134739673e-01
3.407179604164210507e-01
2.934760734976977758e-01
2.680675865568793448e-01
3.191138400734088720e-01
3.066267606931314949e-01
2.959757850824790704e-01
2.712972309832305529e-01
2.621679687790854363e-01
2.436316405420008713e-01
2.424255423193908687e-01
2.021750467703269660e-01
1.747359239950606880e-01
2.010274978490903808e-01
2.214224953314565536e-01
2.953814639129843655e-01
3.289778591635069693e-01
3.881138193494012567e-01
3.555045147152668950e-01
3.083754145758017540e-01
2.990822885273869414e-01
2.736975155675752114e-01
1.777582137543283203e-01
2.040161225140448287e-01
2.182853403355471678e-01
1.701295395642899166e-01
1.359859791802867923e-01
1.135248356445302531e-01
1.061283823937001353e-01
-3.889606208933890641e-02
-7.571512610363462237e-02
-6.006457623918727562e-02
-1.294903631302430080e-01
-2.481851191469543472e-01
-1.497013796880097558e-01
1.547490522351870346e-01
1.855157239063524865e-01
3.311686257673309153e-01
4.379573936903904396e-01
3.487768795317529591e-01
2.499501545439191119e-01
2.924842209495484013e-01
2.951516016429160394e-01
2.007779849264561267e-01
2.121321040453265638e-01
2.252708812302391950e-01
2.317528082311294257e-01
2.033958960310093544e-01
1.451684586951249578e-01
1.834243253899037474e-01
7.952259072659027817e-02
8.544829104811915710e-02
9.019953588597801053e-02
4.987873462711177319e-02
-5.587638112055801076e-02
-1.257574687111840100e-03
1.453621897573101063e-01
1.363213409022258071e-01
1.965929439038282545e-01
3.028162640849807463e-01
3.341534444725144937e-01
5.063490535945716076e-01
6.490871445688226604e-01
5.312669980614690424e-01
4.677087392819865297e-01
4.569613612179334039e-01
4.256354073880366240e-01
4.476590648444838672e-01
4.102209320005778537e-01
5.131351160033068570e-01
5.855595579470471712e-01
5.040593471814731608e-01
5.494002128389112727e-01
4.254175564046804303e-01
5.037123696165139997e-01
4.750245656896482371e-01
5.349298511988909155e-01
5.365840999999460514e-01
6.030710110456538597e-01
5.271873112675916628e-01
4.969103064092908473e-01
4.817724232091256109e-01
4.089121359349834339e-01
3.318628047898740663e-01
3.127158568241347747e-01
3.932271083666117328e-01
3.474982268463320256e-01
3.589117691226872964e-01
4.432817244480465879e-01
4.112644543557124610e-01
4.464732847772350799e-01
5.383353918894390189e-01
5.772656119780126271e-01
6.376380635086071891e-01
6.106878925496262989e-01
6.286233062786442671e-01
6.839944568591114216e-01
5.440814408356788867e-01
5.926034757867442160e-01
4.545720865861347382e-01
4.633218076473464841e-01
5.339585450506303399e-01
5.179571007754336653e-01
4.155545341074836641e-01
4.578733237158385538e-01
4.897897447549527383e-01
5.336003508791546945e-01
4.977209783464422443e-01
4.868569686648083206e-01
5.050999226524992558e-01
5.126013007045605585e-01
5.261197497045653204e-01
4.236841606996568643e-01
3.563188030545940133e-01
4.276249492928291263e-01
3.887434284797377515e-01
3.322442158637197718e-01
3.528707901469767538e-01
3.612252741053315064e-01
4.027294615065201144e-01
3.898519220338745317e-01
4.214786992851682346e-01
4.233209262656327798e-01
3.700172630782211924e-01
3.341252112508224514e-01
4.039164234383514906e-01
3.953370349193628952e-01
4.075871703106495048e-01
4.236677835459816688e-01
3.993510498016366039e-01
3.567673097414503780e-01
3.964364720530999531e-01
4.010908282057046303e-01
3.890464366460924528e-01
4.211422910646467344e-01
4.166839531391591245e-01
3.907614967014097496e-01
3.306960579790287902e-01
3.492546749291462471e-01
2.633808453279742334e-01
2.307776632327950828e-01
2.737418230193385260e-01
2.540684538039478246e-01
2.790530755253472495e-01
1.795324794800341739e-01
2.588645776433672330e-01
3.297448073708875715e-01
3.328399190158098930e-01
2.965867471411088307e-01
3.142244547955960199e-01
2.971892713394230223e-01
2.727759767675408398e-01
2.278466107936019669e-01
2.911590828778647944e-01
2.126196329470284863e-01
1.491463378155471475e-01
1.234078741178546157e-01
4.691257740734036674e-02
-1.437740970150712914e-02
-7.645921773465741422e-02
-2.438968504002564375e-01
-3.698394287516127976e-01
-3.411585117013488100e-01
-5.272386407214688653e-01
-5.099698945341037959e-01
-7.552249297943950390e-01
-1.065383399900691641e+00
-1.521320381176084480e+00
-1.720462281581649044e+00
-1.568967403828792850e+00
-1.322820370351123209e+00
-1.317939182326240077e+00
-1.232864287136529402e+00
-1.345345322776759334e+00
-1.293010134006554068e+00
-1.242732654344295806e+00
-1.224175509547719365e+00
-1.073789711679498105e+00
-1.006890478515918952e+00
-1.171563431085294482e+00
-1.286564601790793461e+00
-1.455736118063900797e+00
-1.410502640694437426e+00
-1.283877531919494608e+00
-1.247111112930878285e+00
-1.212614382883255182e+00
-1.359839211515210700e+00
-1.329531938939934932e+00
-1.398844647951471787e+00
-1.554204518151324210e+00
-1.715313487045381891e+00
-1.842331006742323307e+00
-1.660171608499231732e+00
-1.668709536100221769e+00
-1.891943061831530715e+00
-1.688713798590928850e+00
-1.466462639852532668e+00
-1.435758618311916868e+00
-1.474669168799014551e+00
-1.407148250311635262e+00
-1.303445910848310962e+00
-1.433585542177078231e+00
-1.568505828644840561e+00
-1.417773661884670799e+00
-1.231584957328676566e+00
-1.372441890022831901e+00
-1.387764895705029700e+00
-1.651538810608331964e+00
-1.720780333647961680e+00
-1.634098579905793436e+00
-1.749540834016057866e+00
-1.893492086638240313e+00
-2.132376170184322461e+00
-2.096681539189521271e+00
-2.047929527900736790e+00
-1.766715191209260905e+00
-1.725754907920808767e+00
-1.663002595787936411e+00
-1.581103820460787235e+00
-1.211091630176291956e+00
-1.037096685998767809e+00
-8.244702201931102259e-01
-9.107891436545555441e-01
-7.280846856462631633e-01
-7.216444442725405972e-01
-6.976064084680895228e-01
-8.016060454290793169e-01
-8.205508306800918250e-01
-8.953153289706092810e-01
-8.083018404524159317e-01
-5.184951641210739925e-01
-4.999736703174632590e-01
-5.120014875956383493e-01
-5.440032187294652211e-01
-5.243172147655452697e-01
-1.554464764797805487e-01
-4.232253656343652470e-01
-6.241948838125611632e-01
-7.798340632603328881e-01
-9.611975410915570839e-01
-1.200915530409109699e+00
-1.140797074113741427e+00
-1.176614624803462350e+00
-1.161564439068889065e+00
-9.962009567273611976e-01
-1.136677584602888924e+00
-1.053819320184299357e+00
-1.034569842359791325e+00
-6.983983745880196770e-01
-6.026237864190168159e-01
-1.002520007786499967e+00
-8.629752007575014483e-01
-8.766309747375422567e-01
-8.678944437152956715e-01
-7.134163078413970904e-01
-6.382613209213536809e-01
-7.446151686728317287e-01
-5.865516328343258756e-01
-2.267671992776433831e-01
-2.801227935158270288e-01
-4.770810723284805710e-01
-4.060366800487124617e-01
-5.368818284953502662e-01
-5.172974464880870649e-01
-4.699783064759673890e-01
-1.040917941884224596e-01
1.264059783648578857e-02
4.897562628995165146e-01
4.462741971361546267e-01
4.765397813722584974e-01
1.813733148406736495e-01
3.904527921284640102e-01
4.476196160875202112e-01
8.582200397952554072e-01
7.079325975231911539e-01
6.483463744754131008e-01
3.961982422754091737e-01
5.500477612298829699e-01
5.793782619084395513e-01
3.502582482866452018e-01
4.337829837243296627e-01
4.237166044904250861e-01
5.536247772972245906e-01
9.241362806193890167e-01
6.763187527413250244e-01
8.042095848179501294e-01
8.407422201623452329e-01
1.040697103264697887e+00
1.124445626130746279e+00
9.876105355598799873e-01
8.185011157388569769e-01
7.345633603185637295e-01
5.608394344954014121e-01
4.464276974240694029e-01
6.076833624535962208e-01
4.386195898639191904e-01
4.058621959271034307e-01
3.013483974408918131e-01
6.176757015212215318e-01
6.244741459265045203e-01
7.759289896101750905e-01
9.185157453574761544e-01
1.027563169902151241e+00
1.017477650772293352e+00
8.967505835808928794e-01
6.740447413019605705e-01
8.060653360699843173e-01
9.460113563816262561e-01
1.229455513328493899e+00
1.577690015523417699e+00
1.383651204330247131e+00
1.239113151581135108e+00
1.092442497883821861e+00
1.109048282291108523e+00
1.167033679529879242e+00
1.128853859219146605e+00
1.089991520531019775e+00
9.034645339883675685e-01
1.157923442381072920e+00
8.634949071881751204e-01
7.477461318213128871e-01
5.898217911891604492e-01
6.268650059020507426e-01
7.731862544451273411e-01
6.529648323725525394e-01
1.025813917583493717e+00
1.066605963857167882e+00
9.544094439001741259e-01
1.096000525386857438e+00
1.044150846824341228e+00
9.145005640291561377e-01
5.757931200544730288e-01
5.971190438054941874e-01
4.045973061806948934e-01
9.440598471412159354e-02
-3.135239260682668588e-02
-2.643463830833779893e-01
2.050381559901789941e-01
4.508231508707730151e-01
6.925161371396554300e-01
9.991082456979994975e-01
8.003527961724961060e-01
1.225744491898082655e+00
1.250364083057114772e+00
1.501649065087449442e+00
1.641741642544939594e+00
1.284129276333676239e+00
1.682832171586179815e+00
1.649134082024469095e+00
1.734898908438082810e+00
1.330178487348871341e+00
1.440602180688212330e+00
1.582122629450592344e+00
1.508256617650858722e+00
1.319393148015079120e+00
1.119147012398252983e+00
1.009995738753935779e+00
1.137735633599546103e+00
1.165690520958744258e+00
1.406939521585296671e+00
1.626277864914864590e+00
1.446596626644089945e+00
1.411474296973475262e+00
1.081832435683433458e+00
1.421890111464057194e+00
1.408437411187263733e+00
7.853676970498690846e-01
8.135942565219562717e-01
8.047430353701091610e-01
7.303370520886806050e-01
1.292326660983306397e+00
1.399636491568194030e+00
1.411926561608971342e+00
1.301032840325358375e+00
1.198059856741750639e+00
9.523052760811248074e-01
8.520314592749388405e-01
7.042579881659563057e-01
7.601108187295356755e-01
8.916168056454658597e-01
1.186846219051396645e+00
8.880596873822680370e-01
5.359008321743942149e-01
4.781157600228724269e-01
4.048786250216082627e-01
5.533041575109819421e-01
6.752082109776561536e-01
1.003708283155416936e+00
8.345263862931765475e-01
7.308636693544856566e-01
8.337490488557265378e-01
6.794483631071197571e-01
6.050108954658852678e-01
3.572811561343854359e-01
1.905546623248126903e-01
1.216427026317255938e-01
4.672487433559475989e-02
1.095991872094349145e-01
6.266571251533638032e-01
9.019485798201033466e-01
5.843718916375141292e-01
6.640497519329082721e-01
5.018799647723189983e-01
5.356544543783020584e-01
2.868324629817485816e-01
1.491776965194769322e-01
1.633907840693084590e-01
6.408705214178342935e-01
5.588417664541878160e-01
3.520570196668386664e-01
7.305385482800659247e-01
2.942695527354420859e-01
4.594469352642462923e-01
4.268524832701730554e-01
7.308049291492468846e-01
6.628246402713423580e-01
8.035233986825228714e-01
9.513187962375665441e-01
7.347968883375732840e-01
1.537581735488702250e-01
-1.570367956494270745e-01
-4.701278554212732358e-02
-2.206379842637928856e-01
-2.865632678916175680e-01
-3.393386952397803857e-01
-6.576539878806865191e-01
-4.793601008708097688e-01
-2.557409372818967297e-01
-4.244105787250684880e-01
-1.390318398176242087e-01
-2.150544465100222014e-01
-4.088918225645334359e-01
-1.502716270295788026e-01
1.970329260844206898e-01
7.804733665802482401e-02
3.106385195056267090e-01
4.295089367785129841e-01
7.147295340953543352e-01
7.039484819300080298e-01
7.620380409020045542e-01
8.504994512539941764e-01
4.041963890429490225e-01
4.728065409588440016e-01
3.400547949804810788e-01
3.906543736591058247e-01
7.908784660553543899e-01
1.110708992722888810e+00
9.360416662176136438e-01
1.022190231619605871e+00
1.197631613795761218e+00
1.043675570958900956e+00
8.976709542190141056e-01
9.004101629213967506e-01
1.055918346448971645e+00
1.272101064723525132e+00
1.167299644762622046e+00
8.955549538601749182e-01
4.301917350564425369e-01
2.915701607167509590e-01
2.657123126842761418e-02
2.148481847622290327e-03
3.451231154340191343e-01
7.768286836835058828e-03
-4.305166405235033578e-01
6.542225540211138446e-02
2.557483859088741651e-01
4.624686367372172757e-01
1.018857726775994205e-01
-2.517858048238547086e-01
-2.361889033017771644e-01
-2.114137196284654463e-01
-1.764130389908148411e-01
-3.608144646814734902e-01
-1.778718077800392205e-01
-1.589046780495863009e-01
2.098372330364807747e-01
4.269779257170874254e-01
2.388776973321349029e-01
2.720661023250465771e-01
4.351213986655190491e-02
-2.516979687257401843e-01
-3.042100373993536500e-01
-1.250459940417558702e-02
-1.571267283413838589e-01
-5.954585686533639399e-02
-1.569618749376067157e-01
-4.236495026030664968e-01
-1.729062385118181402e-02
-1.317097902505043328e-01
-4.394782762607093995e-01
-4.211500380443028435e-01
-4.133348961464374804e-01
-4.325748880903947935e-01
-7.056773910691563900e-01
-7.637576226658194800e-01
-6.441102827851328261e-01
-7.531629384590597942e-01
-7.300343051932212113e-01
-1.125308879525349859e+00
-1.778512464077850019e+00
-1.745069891766929171e+00
-1.928401686792388547e+00
-2.127244300543704281e+00
-2.031502672995256109e+00
-1.919012910601146871e+00
-1.704546993958770740e+00
-1.731399276011218014e+00
-1.359543191913575422e+00
-9.189028200644373534e-01
-7.159656873775902541e-01
-8.934085839146967967e-01
-4.101627593803690019e-01
-4.194923788039665591e-01
-7.117331492644463076e-01
-5.717792501922770443e-01
-7.503856930501756617e-01
-4.449941498107157778e-01
-8.750051450759518401e-01
-9.888810141415480537e-01
-9.090392560313126369e-01
-9.350668939512326583e-01
-1.356571081898624964e+00
-1.370979667664611545e+00
-9.571062955353918378e-01
-1.220986030758969276e+00
-1.011544399071900857e+00
-6.191032807325222986e-01
7.053398566907330414e-02
3.166405398926294690e-01
1.082795663060195646e-01
-1.606084010574784227e-01
-6.362548747073971667e-01
-6.527798108878898331e-01
-5.912135717447122296e-01
-6.623046521408975096e-01
-5.919465335260317707e-01
-4.045475422266269216e-01
1.131038712824969372e-01
2.555461024578073448e-01
4.879511934340554635e-01
1.106612616781362107e-01
-3.897146268183273587e-01
-9.166032045521887994e-01
-1.360327938193433228e+00
-1.402233213422810376e+00
-1.781117582044797532e+00
-1.821378304657840896e+00
-1.866480582580348102e+00
-2.245616601758481767e+00
-2.216481940072837276e+00
-1.853236024379219193e+00
-1.477759848925284336e+00
-8.755570850648368708e-01
-9.678290283436877806e-01
-7.388622792851643473e-01
-7.951899516559534087e-01
-5.483969820260466976e-01
-1.442383070794804774e-02
-2.024681695285998895e-01
-4.296504182286117746e-02
-1.107499524862900903e-01
1.138582421373248166e-01
-1.398927542840391336e-01
-5.373705255657258428e-01
-9.502750109667865708e-01
-1.063504390638303043e+00
-8.865499994859494803e-01
-1.150748719935516862e+00
-9.910574492000476798e-01
-1.140066596919321995e+00
-9.057483922443291258e-01
-7.682384388217534665e-01
-7.168565583709406441e-01
-9.703068399218489626e-01
-1.323069764644855262e+00
-1.395023786562872514e+00
-1.174616819374618482e+00
-7.264199217273891174e-01
-4.523018214696883921e-01
-1.773803748284584203e-01
-1.348067770832834522e-01
6.778805963837554460e-02
1.629240325823964886e-01
5.187485247560084112e-01
3.758184928859786833e-01
1.111359573716831500e-01
-3.010587354576413355e-01
-2.644598018872712508e-01
-3.894161499130621706e-01
-7.177893929656964378e-01
-1.000493378878103190e+00
-4.265227757770121975e-01
-2.595944562974857872e-01
1.545525206725983092e-01
-1.641153043965665193e-01
-1.487063721359541957e-01
-4.310535517521006388e-01
-6.664286848823918197e-01
-9.946483524990286096e-01
-9.601479183674818119e-01
-1.074284070971402771e+00
-1.089810425168292518e+00
-1.215997896511240128e+00
-7.397732537686930732e-01
-9.009898839142356231e-01
-9.663814184228279869e-01
-1.200096181470715617e+00
-1.147936959835013093e+00
-1.574533575355054893e+00
-1.550562564757497208e+00
-1.661550107628364970e+00
-1.645622082126660946e+00
-1.642318380094765162e+00
-1.293204448575510979e+00
-7.818757570250627342e-01
-6.636327323567106085e-01
-7.350802990501081879e-01
-8.862998348758228673e-01
-7.253155152750254686e-01
-4.752463813079159105e-01
-5.438997840630234171e-01
-3.250545090941804882e-01
-4.687350160128641030e-01
-9.946577628101328505e-01
-9.870133648280629002e-01
-5.778352777305262311e-01
-2.408344371984446064e-01
-5.030240602075626288e-01
-5.117615111119425686e-01
-7.027372144685064548e-01
-3.083878763104780374e-01
-1.870545477434299719e-01
-3.322837216388825343e-01
-8.763408598345301392e-01
-1.369927724999304486e+00
-1.235813898387044141e+00
-1.486565978062076132e+00
-1.558746558693023365e+00
-1.734628879848081340e+00
-1.858633137714982730e+00
-2.343758318953923059e+00
-2.128329851875589096e+00
-2.021260839716012558e+00
-1.930964693474508387e+00
-1.954132992706934413e+00
-1.638087020873609134e+00
-1.892776147929340347e+00
-2.038043423141687072e+00
-2.172342332918528296e+00
-2.436151211787091153e+00
-2.317670172482644730e+00
-2.500962056571035319e+00
-2.976273363530987925e+00
-2.812757805085394747e+00
-2.723498718164392152e+00
-2.217565062868013914e+00
-1.824054911940632184e+00
-1.688841996412087987e+00
-1.519041601660733543e+00
-1.273441495178516458e+00
-1.262695530503820329e+00
-8.531430321968025421e-01
-1.142542923835292212e+00
-1.216261483926797116e+00
-1.477767463146434146e+00
-1.505719252086609172e+00
-1.284629182874531317e+00
-1.101261798460433594e+00
-1.330260863259661752e+00
-1.148348097763698838e+00
-1.042403001695724196e+00
-7.138836224175287848e-01
-5.513359819072571888e-01
-9.995215812351805340e-01
-1.298342199176290457e+00
-1.050119946280367422e+00
-1.163810049588798412e+00
-1.474765759945790178e+00
-1.332603666688623179e+00
-1.027592525653592048e+00
-7.839269508519716156e-01
-6.356083094994224858e-01
-2.446229828122796213e-01
-2.148333434810588694e-01
1.835828166972910125e-01
4.676480655969754707e-01
3.117430063352533143e-02
-1.582556500751140516e-01
-3.185985694003373725e-01
-4.252245369081076865e-01
-1.380822112234324772e-01
-5.730362115107568988e-01
-6.964856811613402421e-01
-6.788555578936121826e-01
-7.979278548461405940e-01
-5.020504613822732720e-01
-2.760490493169940121e-02
-2.793844130218927635e-01
-3.292871464804474763e-02
-3.744615400249230730e-02
6.910234607508866644e-02
-1.147536680998338804e-01
1.776663390581115776e-01
4.871890909149986792e-02
8.260193404712919130e-02
3.646473178070570587e-01
7.455915212988482033e-01
7.867280904241931161e-01
4.264260656861896259e-01
6.311640899468837773e-01
-6.719089318836372893e-02
-2.018910493911809934e-01
-1.481970309140284714e-01
6.206062603293944768e-01
8.935751964367351086e-01
3.237748786588070526e-01
1.236202873714824235e-01
4.233237428062253671e-01
-2.521925282983751571e-02
3.892041453128758377e-01
2.971205218807000947e-01
6.941484529794579583e-02
2.285565749286320170e-01
4.652270815317574582e-01
4.009853375711105450e-01
4.408535918830958078e-01
4.927215819414363929e-01
2.601804228194177782e-01
3.001342171502599521e-01
4.921761133410266775e-01
3.827301325114571551e-01
2.564666390887340164e-01
-1.782810806728071795e-01
-4.847656656933346797e-01
-4.874979388032013028e-01
-2.827219835952136107e-01
-2.336836546440578255e-01
-4.850106554408922244e-01
-6.848741422432611525e-01
-4.694057047675885830e-01
1.136944370893369777e-01
5.411422451395748734e-01
7.046040060198186517e-01
8.099411219160495001e-01
5.639367816716124304e-01
5.839668042050527585e-01
6.951219639933076122e-01
9.336853816743198031e-01
1.029708875492623354e+00
1.418669840592797105e+00
1.653575269151425164e+00
1.722360407706190255e+00
2.020169435765898136e+00
2.043960037579526823e+00
2.099175806013590773e+00
2.067978184199732450e+00
1.910846279898315458e+00
1.680115127678672327e+00
1.554043708641633659e+00
1.575629613924117045e+00
1.467144872408873590e+00
1.400568374894514356e+00
1.246564966489645876e+00
1.105108078457113230e+00
1.084501244940155207e+00
9.947276938390471335e-01
7.266963905957878334e-01
5.856850490410248078e-01
4.652205394904193603e-01
3.073152210432630316e-01
2.571282696617888108e-01
1.982327893382285766e-01
5.954607493934330892e-02
-1.045185026343382478e-01
-2.213290452061210944e-01
-2.484236909404023697e-02
1.934247197441785471e-01
-2.812966485363688207e-01
-5.578537560420513408e-01
-6.708298059470662045e-01
-5.356814823046300855e-01
-2.648721619180199327e-01
-1.583160586903508416e-01
-3.433401626662215822e-01
-1.662197183270758549e-01
2.529479475275604045e-02
1.507557841834862578e-01
3.302251867887608938e-01
2.288372679646635544e-01
9.315596675963577766e-02
-1.415071525807823638e-01
-3.465074195316910632e-01
-6.492891560713347499e-01
-4.695655305049513117e-01
-4.358810855760231751e-01
-7.370533407842677631e-02
-5.176486790935093119e-01
-7.171351261727324511e-01
-4.379564986991782982e-01
-2.355141766344642229e-01
6.398002987820108900e-02
-2.141881200568619692e-02
-1.908734621799232645e-01
-6.590809462232402050e-01
-4.781274046469846106e-01
-4.681668121622849510e-01
-4.873431622853114931e-01
-4.472362380058043652e-01
-3.456077706901494739e-01
-3.346712619658671062e-01
-6.013006035676394800e-01
-9.856558131269701484e-01
-1.117811580391591120e+00
-1.268389759601599387e+00
-1.765270178154623615e+00
-1.940165429760482008e+00
-1.862670272309894237e+00
-1.989746485627788219e+00
-1.932234565057689091e+00
-2.070124494194491405e+00
-2.298650563224406085e+00
-2.032923856761286174e+00
-1.624812416713310226e+00
-1.871945214079385966e+00
-1.872816859520265220e+00
-1.883467065232923288e+00
-1.662999359773411623e+00
-1.451830016426251646e+00
-1.423281915253342467e+00
-1.349643139338663200e+00
-1.483134030152779559e+00
-1.540070245940980742e+00
-1.680253885959206439e+00
-1.765361670437491926e+00
-2.042895458599689462e+00
-2.255153038823287659e+00
-2.531939938159932790e+00
-2.604331013403591744e+00
-2.822553537378557298e+00
-2.992968760188088773e+00
-3.234509949802113926e+00
-3.376736953179870326e+00
-3.620758977341766105e+00
-4.013789511305990487e+00
-3.932237626505747929e+00
-3.974810726199881739e+00
-3.965472723183180559e+00
-4.063088106110736675e+00
-3.990862107343713827e+00
-4.012775688218391146e+00
-4.222240243138163152e+00
-4.316631063804278412e+00
-4.436756730147997096e+00
-4.475745228240047169e+00
-4.620517585182855491e+00
-4.560781839290375395e+00
-4.291806899914975659e+00
-4.606034665593393918e+00
-4.450755873314003352e+00
-4.178971324144204580e+00
-4.295715804952911832e+00
-4.486284092410839364e+00
-4.640772618446085573e+00
-4.640556365814817674e+00
-4.806681204945768116e+00
-4.698478862295006664e+00
-4.877786278982250145e+00
-4.949348455768350696e+00
-5.004719357409157965e+00
-5.305630530457348115e+00
-5.412894440419206532e+00
-5.478881118630314795e+00
-5.549241921761590923e+00
-5.603783861094821184e+00
-6.008846123052109078e+00
-6.174218131827414524e+00
-6.340487776992699942e+00
-6.596466902436558755e+00
-6.498309426504588870e+00
-6.354645182312219198e+00
-6.175540359234537924e+00
-6.524004197101209712e+00
-6.492048118958554603e+00
-6.278563497889706468e+00
-6.004796792252939497e+00
-5.933787670291217786e+00
-6.414466025123601867e+00
-6.568142137322044327e+00
-6.639309105428322866e+00
-6.857716717812370355e+00
-6.890267012087651466e+00
-6.897725829988063495e+00
-7.128609684180799988e+00
-7.100367765600623216e+00
-7.405682530012004605e+00
-7.679321617343573436e+00
-7.609210164182723446e+00
-7.961954495401964316e+00
-8.295193692836866362e+00
-7.950867169552414460e+00
-8.112525176252118442e+00
-8.189047280432625087e+00
-8.310001603394381320e+00
-8.250774933034172420e+00
-8.066853454882588537e+00
-8.089453998378031585e+00
-8.195423949147318865e+00
-8.092043066225775405e+00
-8.011030046119209658e+00
-7.974436765732333399e+00
-7.968070161991868794e+00
-7.618695501306045337e+00
-7.675541938725405799e+00
-7.667606749267984689e+00
-7.853593154425774436e+00
-7.938882470193913576e+00
-7.849684682500828181e+00
-7.676548382169449347e+00
-7.546091276164547779e+00
-7.578499105364620014e+00
-7.683506253126582308e+00
-7.618044488784265766e+00
-7.387082859530813117e+00
-7.195748855080610795e+00
-6.866635439184220147e+00
-6.560149002105752025e+00
-6.361602028955204879e+00
-6.362780197216252098e+00
-6.189750297890803665e+00
-6.113293795832656308e+00
-6.446367140597986989e+00
-6.670885577642674313e+00
-6.839720430926111483e+00
-6.570759961082044853e+00
-6.579527280517456944e+00
-6.682947560020385147e+00
-6.797065527946425156e+00
-6.925637495461566040e+00
-6.766386183959884448e+00
-6.639003085124352666e+00
-6.619703465077088289e+00
-6.367714250607029669e+00
-6.314238354931608121e+00
-6.415317482014179618e+00
-6.498732483159646023e+00
-6.505123292342870123e+00
-6.370843944491529243e+00
-6.168967174936383913e+00
-5.964656867332324808e+00
-5.808519206405410529e+00
-5.795393176607417374e+00
-5.658895864463196368e+00
-5.531698250815547446e+00
-5.394791195548770624e+00
-5.071859143663328240e+00
-5.104267938166780816e+00
-5.134631436812948202e+00
-5.366264934589562330e+00
-5.518845075523633348e+00
-5.335407770472195388e+00
-5.374537039491268153e+00
-5.308754651470156460e+00
-5.127289199689402110e+00
-5.166461483245062603e+00
-5.054245102613295515e+00
-5.420605213810214984e+00
-5.228664091073881082e+00
-5.311306497959220607e+00
-5.428161236574236881e+00
-5.214554922425361561e+00
-5.315794070880506261e+00
-5.499353428687218326e+00
-5.433078818272434773e+00
-5.096565039083703397e+00
-5.050456179368278065e+00
-4.949596814663784095e+00
-4.934943169813701402e+00
-5.032928219313955509e+00
-5.088599288568259382e+00
-4.898725624013867019e+00
-4.961246332263974601e+00
-4.848456332493617182e+00
-4.916747795941422972e+00
-5.082386151621280490e+00
-5.083416913021317818e+00
-4.995274227526462774e+00
-5.033402523748305768e+00
-5.264844056040787201e+00
-5.480915758177289376e+00
-5.513720932659810003e+00
-5.587176814299578353e+00
-5.222336577793721624e+00
-5.140476448255534514e+00
-5.252241939197987541e+00
-5.039400068145779343e+00
-4.966909027192304649e+00
-4.937840979535404351e+00
-4.972087674570242477e+00
-5.024337063842153839e+00
-5.080539632281579898e+00
-5.028130607234647442e+00
-5.174768247781826425e+00
-5.162923399880359199e+00
-5.204564498662002769e+00
-5.190039348314913425e+00
-4.996014799583481825e+00
-4.940898437569313018e+00
-4.953882932106940196e+00
-5.178615506496167420e+00
-5.094789983313415149e+00
-5.056967837461242787e+00
-5.070427476387189714e+00
-5.256305675568636815e+00
-5.258837098173462010e+00
-5.296419572897895556e+00
-5.353048852203926344e+00
-5.677354549896823421e+00
-5.668203076760669923e+00
-5.442663736272804087e+00
-5.347386654748719437e+00
-5.437555934401554047e+00
-5.347854695318119411e+00
-5.472454131619290507e+00
-5.348251150843768897e+00
-5.362965741308027390e+00
-5.364856742457367211e+00
-5.387737126061087345e+00
-5.593134789695189291e+00
-5.793198497497959565e+00
-5.896065874141788399e+00
-5.955611740964528167e+00
-5.848008755036712358e+00
-5.886903527661867308e+00
-6.044184390246313043e+00
-6.362808809233380991e+00
-6.605683427753010761e+00
-6.628322085199894076e+00
-6.619631144074836548e+00
-6.559600573738929796e+00
-6.486765619393420224e+00
-6.604048903969762740e+00
-6.575270316677420013e+00
-6.810891823329853878e+00
-6.849360183021603987e+00
-6.711821560686250798e+00
-6.729701008326837375e+00
-6.593116323974419934e+00
-6.614820794842188434e+00
-6.602266278491473628e+00
-6.795304745186437678e+00
-6.897130107009258992e+00
-6.947311299298488230e+00
-6.929485834085663321e+00
-7.012739525200711199e+00
-6.956631764188315969e+00
-7.040826340598576927e+00
-6.715879803789344571e+00
-6.796053956830210296e+00
-6.918898294586148801e+00
-6.873008817803867743e+00
-6.917842105526402108e+00
-7.200244521646321338e+00
-7.150608424544373065e+00
-7.139481034297684658e+00
-7.086251679455017438e+00
-7.077826214011049721e+00
-7.033746770368640711e+00
-6.988432572800955533e+00
-6.974501565992309082e+00
-6.901815360156101420e+00
-6.843608994328951312e+00
-6.696268195895211939e+00
-6.760185518042466590e+00
-6.869412124652860108e+00
-6.829570269289321871e+00
-6.975720355523652216e+00
-7.065077472757455013e+00
-7.056377110223429838e+00
-6.892251721326784875e+00
-6.803505535591877873e+00
-6.932379941797386813e+00
-6.818432130775764932e+00
-6.728340514708581743e+00
-6.475590974948368661e+00
-6.214933100301247570e+00
-6.132988896871839124e+00
-5.994022556830312709e+00
-5.987992658165517845e+00
-6.134491528360464407e+00
-6.243101707639184816e+00
-6.375551728230519188e+00
-6.306297433832459554e+00
-6.427252872732026390e+00
-6.424246411050737571e+00
-6.574195945815647590e+00
-6.597987557152494631e+00
-6.380703191993714718e+00
-6.060396623705557317e+00
-5.866931106271966456e+00
-5.587651686574989895e+00
-5.500647701913870868e+00
-5.518873811895350201e+00
-5.601125204961903137e+00
-5.843193861222546914e+00
-5.881109548427746248e+00
-5.958284309358341524e+00
-5.811553328089090975e+00
-5.624445321567495881e+00
-5.761094637033768784e+00
-5.802513261332374661e+00
-5.859232019939494940e+00
-6.103252602240818447e+00
-6.082762269345213468e+00
-6.124979230180294110e+00
-6.090730024868114434e+00
-6.175279331270575156e+00
-6.332277946854509842e+00
-6.508931227021234278e+00
-6.632874301939291506e+00
-6.775179171720741245e+00
-6.646974211570589652e+00
-6.591760982983994488e+00
-6.735997333015041555e+00
-6.602629570120648772e+00
-6.776320900464548380e+00
-6.780580985630091817e+00
-6.918826167656593640e+00
-6.994674031034652018e+00
-6.977076382231143903e+00
-7.232787408404523610e+00
-7.397845076751353943e+00
-7.186040167453683125e+00
-7.028107937459676435e+00
-7.194464624946044218e+00
-7.223694120518904249e+00
-7.366053319145941636e+00
-7.227106936590227626e+00
-7.157893470898443411e+00
-7.357357171242321137e+00
-7.308142250519192196e+00
-7.476981605957238486e+00
-7.548557802611371770e+00
-7.439398391573195823e+00
-7.146406050677522437e+00
-7.301370533234199378e+00
-7.205350833540721922e+00
-6.946013975499960580e+00
-6.986969497139925878e+00
-7.293929165671105608e+00
-7.372537558102259858e+00
-7.504162798853394101e+00
-7.538928741685181123e+00
-7.398908586294472123e+00
-7.436015725439593105e+00
-7.741662362611865689e+00
-8.011570845845081834e+00
-8.107300750138136891e+00
-8.201053837594226792e+00
-8.464250023051445027e+00
-8.531298868865114571e+00
-8.804731055770840698e+00
-8.606932942954008681e+00
-8.329434395307309558e+00
-8.367543160623815979e+00
-8.460885143583267265e+00
-8.679217860883998270e+00
-8.990003624160156193e+00
-9.083989961254703260e+00
-9.116438808883779998e+00
-9.135163622707491271e+00
-9.248251143526015738e+00
-9.439565172916234204e+00
-9.599739066110149821e+00
-9.413639937711757000e+00
-9.295244222878659812e+00
-9.356630534772733654e+00
-8.976925761477893673e+00
-8.850200571651223314e+00
-8.932483925274921077e+00
-9.383861172854491173e+00
-9.385483883010820705e+00
-9.480256315504565379e+00
-9.577335731297488053e+00
-9.790109249411731440e+00
-9.781820162665603391e+00
-9.626354430210815494e+00
-9.366827078427490960e+00
-9.385816577546322037e+00
-9.408943850291015210e+00
-9.570601167502580608e+00
-9.333861058916163245e+00
-9.370371154160178406e+00
-9.462536044925391465e+00
-9.622556618585317523e+00
-9.863292679329161317e+00
-9.829898648940883277e+00
-9.880475504161893241e+00
-9.784146112871624723e+00
-9.860576082765492245e+00
-9.933065043431422936e+00
-9.980800429616854430e+00
-9.796677049192993536e+00
-9.852513509786454904e+00
-1.000869257576948890e+01
-1.012170862275288741e+01
-1.028281745153795690e+01
-1.032133397896281046e+01
-1.040812308983598555e+01
-1.053907326868912264e+01
-1.053535735180748745e+01
-1.037979412201466545e+01
-1.037308971332087459e+01
-1.037596832484945253e+01
-1.048944401843543339e+01
-1.040895223565748573e+01
-1.046748224638375113e+01
-1.062385452903955319e+01
-1.067196283710433669e+01
-1.092497898574067783e+01
-1.116054398955328431e+01
-1.141545439666160000e+01
-1.140639650399903893e+01
-1.126580268176705069e+01
-1.134524172529024533e+01
-1.135126489949474760e+01
-1.140204865099778431e+01
-1.152518578547155670e+01
-1.144116596046705325e+01
-1.156756183018158701e+01
-1.155562631583891076e+01
-1.138064653466201470e+01
-1.133656390223512567e+01
-1.139280676704168194e+01
-1.156254354133960049e+01
-1.177314717586785164e+01
-1.193742406742325812e+01
-1.190397612698888707e+01
-1.193097295722627926e+01
-1.196903665173991094e+01
-1.203923052472258881e+01
-1.202528109935812850e+01
-1.209541985060486446e+01
-1.220068959489856297e+01
-1.205959645553104842e+01
-1.190054137333386919e+01
-1.179936343877484184e+01
-1.173075909677295492e+01
-1.162831123940677891e+01
-1.151020070202861234e+01
-1.161478967249905558e+01
-1.171322684033167683e+01
-1.170942940817231381e+01
-1.165322115333998099e+01
-1.171374186007273899e+01
-1.176607509130186457e+01
-1.177554425090239754e+01
-1.197758326576927956e+01
-1.200532930367840301e+01
-1.215410866238508980e+01
-1.223441802136823320e+01
-1.242543111746643802e+01
-1.257718995292009012e+01
-1.268238144268707046e+01
-1.278056377489773610e+01
-1.264212803397083817e+01
-1.260968495470449824e+01
-1.252938619476851834e+01
-1.253158795323204089e+01
-1.278246900308109879e+01
-1.260027338359162741e+01
-1.235723341596637859e+01
-1.232035699109414395e+01
-1.232079805692451835e+01
-1.249365617600316902e+01
-1.235905541661106888e+01
-1.214592589583342352e+01
-1.218906967850966794e+01
-1.214142309239923989e+01
-1.203760876194905727e+01
-1.184635473782417314e+01
-1.175216614120906122e+01
-1.157816951830434604e+01
-1.161442834108103561e+01
-1.191777916534512727e+01
-1.194728978217412951e+01
-1.187453806154992542e+01
-1.189916659118325803e+01
-1.185144783282211733e+01
-1.186731394971552511e+01
-1.181413557917969470e+01
-1.173030829481085924e+01
-1.176967254094911652e+01
-1.167591642125291607e+01
-1.179934154245837696e+01
-1.181597414924354794e+01
-1.183578578472574705e+01
-1.166758960565828929e+01
-1.163914384119771483e+01
-1.160051180320002118e+01
-1.168867292425982995e+01
-1.161130553982775027e+01
-1.162724889268165285e+01
-1.152400377741206405e+01
-1.128280781080992412e+01
-1.134283279484918694e+01
-1.150417704046542333e+01
-1.166586894569558552e+01
-1.184368649117025285e+01
-1.196658649917563544e+01
-1.210032272244026608e+01
-1.209129927470680599e+01
-1.225079184889149708e+01
-1.253547117556739110e+01
-1.263503815075542036e+01
-1.261518878848458947e+01
-1.268299329936784048e+01
-1.276302661127357396e+01
-1.281971886422493867e+01
-1.290325194357928495e+01
-1.292794289135734154e+01
-1.266392961808817397e+01
-1.266514911734902071e+01
-1.286657010463064665e+01
-1.312123795539913118e+01
-1.300032518087407141e+01
-1.297716554434795455e+01
-1.318493151980887212e+01
-1.324044574518111794e+01
-1.315757381467513021e+01
-1.320452289204087748e+01
-1.326802250286961282e+01
-1.352049055770896935e+01
-1.349163451648287371e+01
-1.332674672088849199e+01
-1.341977169900146549e+01
-1.346875869594808606e+01
-1.355449335485185003e+01
-1.368716241154095314e+01
-1.369863093739447990e+01
-1.351197541115271683e+01
-1.337476119270418273e+01
-1.331787018516865650e+01
-1.321471920981512227e+01
-1.311064587248681512e+01
-1.297180939307395953e+01
-1.297059504810524011e+01
-1.288502492586360404e+01
-1.285333726191610815e+01
-1.292819459636094415e+01
-1.298219287487849982e+01
-1.291574981809709222e+01
-1.291797114471070351e+01
-1.267744091908465620e+01
-1.261759503668609028e+01
-1.262795067174421781e+01
-1.252572642447433715e+01
-1.265595519715870054e+01
-1.268348085670166192e+01
-1.273996367262775919e+01
-1.272844656578729960e+01
-1.287306551689523815e+01
-1.286261280854998468e+01
-1.295812156691804518e+01
-1.306612999489960103e+01
-1.306254697885172078e+01
-1.298672303423655627e+01
-1.297824761124262771e+01
-1.298162340792599245e+01
-1.286626642261883013e+01
-1.269482046267733999e+01
-1.258903984293375267e+01
-1.264383264915822558e+01
-1.244938105501380754e+01
-1.236234009438457448e+01
-1.237182228346484436e+01
-1.252529997735682876e+01
-1.269492128377644136e+01
-1.276629255873540103e+01
-1.273090075692075729e+01
-1.259660247892861662e+01
-1.278995045807081254e+01
-1.283604390171249499e+01
-1.275876104676058986e+01
-1.266096004234205097e+01
-1.263645750654565525e+01
-1.251407731754575714e+01
-1.254029476691583156e+01
-1.260238747088601130e+01
-1.277697023295153933e+01
-1.271689558691867106e+01
-1.251963930839354155e+01
-1.239372844031015930e+01
-1.233430935510332915e+01
-1.231453470903886327e+01
-1.233894342785052523e+01
-1.230926684786470027e+01
-1.214174388317427500e+01
-1.220785364110015614e+01
-1.226946407819655249e+01
-1.228885506155423180e+01
-1.216868433171554109e+01
-1.225307055914604604e+01
-1.206721190844111113e+01
-1.223713961324635413e+01
-1.228680306216807061e+01
-1.215756884531485404e+01
-1.192275339232770648e+01
-1.196521612086048236e+01
-1.198575577551920901e+01
-1.219686801103545015e+01
-1.252841871428302767e+01
-1.256462606550566186e+01
-1.270603246337156378e+01
-1.286102014497122603e+01
-1.295978216293305962e+01
-1.295036958977850183e+01
-1.286734489423499284e+01
-1.284341758825767599e+01
-1.277807286043737278e+01
-1.289644549118750660e+01
-1.276827660697972355e+01
-1.265981352525871984e+01
-1.268658753635337710e+01
-1.284156494824612338e+01
-1.306295478721672509e+01
-1.318130154211171146e+01
-1.328189697720662110e+01
-1.335912301209266850e+01
-1.337576457970011212e+01
-1.363691613964147109e+01
-1.385286470950211424e+01
-1.394656151937469701e+01
-1.385206302456505689e+01
-1.382450600471978674e+01
-1.385172052153012245e+01
-1.387613972183546274e+01
-1.396934323049766569e+01
-1.397108145127672962e+01
-1.407964377338980988e+01
-1.414602772829620747e+01
-1.405872664622868484e+01
-1.397860850177806569e+01
-1.389974812895103717e+01
-1.396100828168409613e+01
-1.403855849379285914e+01
-1.398332135517464536e+01
-1.405779898191816102e+01
-1.413057400995565871e+01
-1.417393670081730050e+01
-1.403688523768091301e+01
-1.400727475537187416e+01
-1.412878007173222628e+01
-1.418245965597361291e+01
-1.429128469021721592e+01
-1.418750054328198296e+01
-1.420596308459380097e+01
-1.425181787347858275e+01
-1.423917986164364358e+01
-1.416519369228624470e+01
-1.408609539517420117e+01
-1.397110251919624346e+01
-1.408095564028573321e+01
-1.408995949609137455e+01
-1.422080544331721086e+01
-1.413075245976181193e+01
-1.430015647141154567e+01
-1.447449433845521405e+01
-1.458119470025010500e+01
-1.465343401719638550e+01
-1.454893311192068239e+01
-1.458722240875321319e+01
-1.461179708279426315e+01
-1.469360103485015756e+01
-1.475384297247907028e+01
-1.464103645117082131e+01
-1.459545970747577925e+01
-1.481139819535239077e+01
-1.505385841429965588e+01
-1.524191842847704237e+01
-1.526031335890058216e+01
-1.530756197313624156e+01
-1.526130103259292703e+01
-1.533436337400399196e+01
-1.539277022219322788e+01
-1.548240396728577117e+01
-1.558890100392076405e+01
-1.571722880052122129e+01
-1.565788669654214793e+01
-1.561884601574833020e+01
-1.568651109538516053e+01
-1.557713786522788624e+01
-1.559727595488067209e+01
-1.554281976576896440e+01
-1.544926343833413185e+01
-1.547751794633303035e+01
-1.538847338424119826e+01
-1.541621072575873974e+01
-1.549958404027669445e+01
-1.534841083763902603e+01
-1.527910406304547308e+01
-1.530861328500709106e+01
-1.524969028270456306e+01
-1.530476752015739095e+01
-1.538484888141397988e+01
-1.540069178762028379e+01
-1.560955176287080803e+01
-1.563340729758109227e+01
-1.557517339334930284e+01
-1.557333669237198492e+01
-1.562280820223500299e+01
-1.564901542358341224e+01
-1.568158040995377966e+01
-1.574464016002632327e+01
-1.586599159749802190e+01
-1.587915535708743597e+01
-1.581995089062302640e+01
-1.583723967015207990e+01
-1.574257382240719139e+01
-1.581693089096198612e+01
-1.598172824699134509e+01
-1.601791889478178277e+01
-1.596877002102771392e+01
-1.589557984182316552e+01
-1.589071720606304794e+01
-1.589473495486156907e+01
-1.611057231767108533e+01
-1.639360393928131288e+01
-1.665730452438269893e+01
-1.668894672686943892e+01
-1.670268890709813192e+01
-1.662803230416718492e+01
-1.661041723560769867e+01
-1.650957495760407667e+01
-1.643598825144479036e+01
-1.625830809699612800e+01
-1.615657151519220847e+01
-1.606612562089584628e+01
-1.598049384175044452e+01
-1.606125869401741468e+01
-1.599542740927980944e+01
-1.601676902028343008e+01
-1.610492015170936853e+01
-1.612047103332087161e+01
-1.602530403102293732e+01
-1.615409946807900354e+01
-1.618522568356288716e+01
-1.625918824475581914e+01
-1.640731312204700387e+01
-1.649532034741048037e+01
-1.652089480608504601e+01
-1.652145890061549238e+01
-1.663655099617464117e+01
-1.676629650305559238e+01
-1.694240911769306024e+01
-1.684698218753418075e+01
-1.698307109792050440e+01
-1.694962189342221137e+01
-1.694618943342304007e+01
-1.687972759019590185e+01
-1.677494978657610147e+01
-1.681894391836063107e+01
-1.679499519036668076e+01
-1.670307934875574318e+01
-1.681768415034254716e+01
-1.685554752488165420e+01
-1.687981868657596607e+01
-1.695830925684819945e+01
-1.671325551559550959e+01
-1.674251338585987980e+01
-1.693474935115249025e+01
-1.686239726134583350e+01
-1.700555486343541034e+01
-1.707973122553618595e+01
-1.710354240765160938e+01
-1.706076077137100455e+01
-1.698059666117536537e+01
-1.686862095174878462e+01
-1.666154415695303470e+01
-1.641119201727390120e+01
-1.640339799499999884e+01
-1.640820466256247556e+01
-1.636776996790768379e+01
-1.653916851570011914e+01
-1.663930295073096843e+01
-1.665468798777482107e+01
-1.668158897361105986e+01
-1.650568933740147770e+01
-1.650941192006239078e+01
-1.637285655287861630e+01
-1.624885172311167025e+01
-1.629827252436082574e+01
-1.630600721006712561e+01
-1.649693408302280773e+01
-1.649088039226160873e+01
-1.652758864940320294e+01
-1.653449323808133897e+01
-1.663410555643977062e+01
-1.685532966276475264e+01
-1.692974883996448909e+01
-1.707491825438001598e+01
-1.720905249946576987e+01
-1.718036094113630696e+01
-1.733460433310895255e+01
-1.733414215177128170e+01
-1.740916372785595101e+01
-1.744914996518504324e+01
-1.742802686573345383e+01
-1.722537274677341657e+01
-1.689843849635225936e+01
-1.679937119352844377e+01
-1.698791704834710004e+01
-1.707702943621134395e+01
-1.705562951817967132e+01
-1.714773836399364981e+01
-1.720486467853568513e+01
-1.717394092911174752e+01
-1.707540214031011772e+01
-1.702226390082894980e+01
-1.711999088950965842e+01
-1.716726737200046671e+01
-1.720551285821414211e+01
-1.719297476354175913e+01
-1.729808482743717590e+01
-1.725853993208062676e+01
-1.720029529411327118e+01
-1.736551054315036779e+01
-1.735478789365829755e+01
-1.729666233911607875e+01
-1.714714902819410725e+01
-1.713290632155671744e+01
-1.731851745933697373e+01
-1.730229276040562425e+01
-1.730180143746602894e+01
-1.737303065935904911e+01
-1.727318879777361360e+01
-1.716634092366345854e+01
-1.702941211393500964e+01
-1.712844162925630087e+01
-1.737397298933676026e+01
-1.771489845338003732e+01
-1.772451622867619747e+01
-1.763467281361563721e+01
-1.757042001650750507e+01
-1.759512966643343290e+01
-1.767582330227439869e+01
-1.782343516519274829e+01
-1.807718775030545899e+01
-1.819137522824670938e+01
-1.827513551155674065e+01
-1.827095300032541658e+01
-1.827677966574356105e+01
-1.840519265204989807e+01
-1.838717448027124135e+01
-1.871730481725156281e+01
-1.873897208093953637e+01
-1.871171628364236028e+01
-1.871768404887773585e+01
-1.878328375296620223e+01
-1.873294904417550910e+01
-1.891085678461765340e+01
-1.888623039900203793e+01
-1.876035508256079964e+01
-1.876977921781056224e+01
-1.872804156779107743e+01
-1.878196573742924969e+01
-1.881255469700297667e+01
-1.879113732949413773e+01
-1.892524963453107389e+01
-1.902043797012921189e+01
-1.900942897470109116e+01
-1.904662845662895521e+01
-1.915112004876840501e+01
-1.927239147761152083e+01
-1.919855514401612950e+01
-1.917633067413785497e+01
-1.888465204767369698e+01
-1.868162203701618651e+01
-1.868694930668408816e+01
-1.891650754481286256e+01
-1.883134621253806884e+01
-1.870813502445175303e+01
-1.872056629906231962e+01
-1.884315105280388991e+01
-1.876260214269327520e+01
-1.888767198194552677e+01
-1.889334132188075444e+01
-1.892168681520594831e+01
-1.895640371347714037e+01
-1.897251598326228716e+01
-1.888073264084344771e+01
-1.886407085976268405e+01
-1.887262293667652813e+01
-1.887108952505325021e+01
-1.872257161112418089e+01
-1.872433308756115622e+01
-1.875471031173338687e+01
-1.881099008351721125e+01
-1.883327344162830741e+01
-1.889640896208307197e+01
-1.888655694314465805e+01
-1.898714629752981864e+01
-1.897726062545050141e+01
-1.895531835812286658e+01
-1.901647768511544712e+01
-1.892915513238107650e+01
-1.887860302682634739e+01
-1.878004411404748808e+01
-1.877401079019340102e+01
-1.880362102558952131e+01
-1.884795225296794996e+01
-1.870836834659248282e+01
-1.873522784652397277e+01
-1.889602886594254016e+01
-1.891755569796605840e+01
-1.891879822588079918e+01
-1.899533290323806867e+01
-1.887551502813277438e+01
-1.878872471607260408e+01
-1.874274818827847611e+01
-1.867185964552946231e+01
-1.858259160893174311e+01
-1.852617222792515861e+01
-1.839736696281802963e+01
-1.843750912748976134e+01
-1.852296583950598219e+01
-1.858119335946059181e+01
-1.873278806154051779e+01
-1.879819147868170148e+01
-1.887660313845572801e+01
-1.897917004495009863e+01
-1.907839679413943657e+01
-1.901508613801202330e+01
-1.903586842104597565e+01
-1.888905851056098939e+01
-1.900573096227115144e+01
-1.897219925129401119e+01
-1.900811963933776738e+01
-1.903769406329322678e+01
-1.903906841329404642e+01
-1.912417831116410127e+01
-1.919854218732851336e+01
-1.926483479879884086e+01
-1.908817347012196208e+01
-1.908853668095650136e+01
-1.906668451499925254e+01
-1.898595486955612088e+01
-1.897650109686801656e+01
-1.884047415370957168e+01
-1.889195368463423819e+01
-1.887111232275233519e+01
-1.893471332967486376e+01
-1.913983664366882564e+01
-1.922234859619304004e+01
-1.915496852219398960e+01
-1.904779225760109895e+01
-1.913538062233589443e+01
-1.909913653876709105e+01
-1.909088285024571974e+01
-1.909308159286697659e+01
-1.908643457932851462e+01
-1.905909728099068090e+01
-1.906062915263121127e+01
-1.905021893215558038e+01
-1.909902717437176278e+01
-1.901789194665864713e+01
-1.894925790612448679e+01
-1.897820457376406011e+01
-1.901988348127866857e+01
-1.879214263945386421e+01
-1.875215683434676706e+01
-1.871695366674391892e+01
-1.863841251648624109e+01
-1.877025464381509323e+01
-1.881724381090555553e+01
-1.894653121950100783e+01
-1.900809683108550630e+01
-1.904807621557363717e+01
-1.910637621242959128e+01
-1.909414708310129782e+01
-1.909247284012049306e+01
-1.934017041032629081e+01
-1.940604913591464253e+01
-1.967264830435372502e+01
-1.984420552986711428e+01
-1.976514018727856126e+01
-1.966776487714143329e+01
-1.965203450981699262e+01
-1.975827941279538891e+01
-1.974212705166869242e+01
-1.971747677275684296e+01
-1.975678530646608166e+01
-1.987745381910021081e+01
-1.990149446214013906e+01
-1.978418536937644134e+01
-1.990673899923143964e+01
-1.982691481464379635e+01
-1.968759675777998908e+01
-1.962074921323835142e+01
-1.966446101782120337e+01
-1.968309792299863403e+01
-1.966874192336496208e+01
-1.961792952376225330e+01
-1.962166325769513620e+01
-1.966767825041176820e+01
-1.967285360455446153e+01
-1.973374819819918002e+01
-1.978069687127943510e+01
-1.976989503955386951e+01
-1.972674779302066383e+01
-1.976639381211353452e+01
-1.980523687020927071e+01
-1.989788428893117356e+01
-1.994158224291033221e+01
-2.003007094096484053e+01
-2.009045361051357759e+01
-2.015257150856312762e+01
-2.021591935215609226e+01
-2.019453530475779246e+01
-2.025730166224348139e+01
-2.017618275595093280e+01
-2.022077964009239182e+01
-2.024399908161013428e+01
-2.010708389774277549e+01
-2.011769089607132699e+01
-2.005359589642182527e+01
-1.986850295967973068e+01
-1.974713677360480446e+01
-1.990735257950884929e+01
-1.999670147042439794e+01
-1.990760494671417291e+01
-1.990460509858559490e+01
-1.977522745762279044e+01
-1.968521988181358395e+01
-1.968491221017660564e+01
-1.971783746371401946e+01
-1.973683232688479450e+01
-1.960828803871035930e+01
-1.943614420248258767e+01
-1.947907260082786252e+01
-1.951227265178734172e+01
-1.953410751608058504e+01
-1.963464134749485979e+01
-1.983747338270327631e+01
-1.988969772719941886e+01
-2.006261186567121513e+01
-2.002071925842441757e+01
-1.997748513016233218e+01
-1.981883393494608114e+01
-1.992091299028923856e+01
-2.001172210974513632e+01
-2.010675653316999245e+01
-2.022705799058477893e+01
-2.025174933843064551e+01
-2.032510070212394382e+01
-2.015731558280987201e+01
-2.018986065267640129e+01
-2.033746066963453814e+01
-2.049287109068354695e+01
-2.054689470285011055e+01
-2.061689210111347137e+01
-2.063607470139466216e+01
-2.058693033620230750e+01
-2.058109004930584263e+01
-2.057089575703333395e+01
-2.044586263720817954e+01
-2.023792757919893859e+01
-2.025418236126354543e+01
-2.010731267933073241e+01
-2.018543223349546878e+01
-2.005016497134192122e+01
-2.012807355384599717e+01
-2.017349893172081465e+01
-2.030811383549525218e+01
-2.027080413081018406e+01
-2.024982160682053234e+01
-2.015272219998322356e+01
-2.020697210961748169e+01
-2.023946804011603007e+01
-2.015350875534493724e+01
-2.012508157171264855e+01
-2.009705519138964291e+01
-2.004160843070825138e+01
-1.998682259510434989e+01
-1.994111754846328921e+01
-1.994579773749360996e+01
-1.994336414672250868e+01
-1.985287522238236235e+01
-1.986832991827789385e+01
-2.003903854217202962e+01
-1.997264572916862235e+01
-1.998715904954399036e+01
-2.007660029235549004e+01
-2.007527213070424565e+01
-2.016768722809455028e+01
-1.999128864646059967e+01
-2.006027828863446771e+01
-2.012917476069845435e+01
-2.009254004504962055e+01
-2.008673690653618493e+01
-2.020514609042238874e+01
-2.005816140103733503e+01
-2.003119774453415403e+01
-1.994458602124873181e+01
-1.980294970177581249e+01
-1.972292438749838794e+01
-1.983493414071407202e+01
-1.973557775640058765e+01
-1.991349141925674715e+01
-1.986692575623636259e+01
-1.994013833410584269e+01
-2.011568260553000798e+01
-2.018723317595796729e+01
-2.022011606324590005e+01
-2.022867004419503445e+01
-2.006555311214973614e+01
-1.993283512789051670e+01
-1.989504742797069170e+01
-1.997716951431057097e+01
-2.004220267912290154e+01
-2.004053600350934872e+01
-1.988524131897082725e+01
-1.986593178798580084e+01
-1.992619534856530095e+01
-2.004422666841588097e+01
-2.009709665474567331e+01
-2.002390179603673204e+01
-2.009956408612099921e+01
-2.012924936110409391e+01
-2.015576802707986204e+01
-2.016059166521552015e+01
-2.006327826257302149e+01
-2.018923666889326896e+01
-2.028484958845991315e+01
-2.037834467018750573e+01
-2.054666507205347870e+01
-2.061252664097741416e+01
-2.076709890962797544e+01
-2.091908746906239713e+01
-2.106866432363241515e+01
-2.119669780583631535e+01
-2.127728399226388944e+01
-2.129148152781777981e+01
-2.135438882764969293e+01
-2.132255669451652480e+01
-2.129782171860428619e+01
-2.122172633577562451e+01
-2.101776857483908145e+01
-2.105937542424636888e+01
-2.111996318700947128e+01
-2.113400144152371496e+01
-2.115776615770897351e+01
-2.124165618506277298e+01
-2.133375017426063280e+01
-2.130300573487236448e+01
-2.133330997680003804e+01
-2.132488789324823486e+01
-2.128359276514898113e+01
-2.117822844292728490e+01
-2.116883528169649864e+01
-2.124932683937700162e+01
-2.130872969871860789e+01
-2.134766019757926614e+01
-2.134058259537231805e+01
-2.140275699402228327e+01
-2.161130452538412783e+01
-2.155913155062416564e+01
-2.160193798292273826e+01
-2.170234385738830341e+01
-2.161909275105101713e+01
-2.162860073228209146e+01
-2.159516605748833840e+01
-2.154121274285876808e+01
-2.162020350088845788e+01
-2.174418997695600808e+01
-2.178140815786219875e+01
-2.177088875633393172e+01
-2.162515317790955649e+01
-2.157598414821764266e+01
-2.148776012875844543e+01
-2.143000509447502111e+01
-2.147502295780311243e+01
-2.136561986402760382e+01
-2.140091169006909055e+01
-2.129151566002256502e+01
-2.114123972258406070e+01
-2.116465075556959974e+01
-2.111192739134462570e+01
-2.108612685363747374e+01
-2.108368142639489307e+01
-2.109933925365018226e+01
-2.103860295198884600e+01
-2.095840733674101486e+01
-2.089555072331326713e+01
-2.073617931677216575e+01
-2.069978071799068076e+01
-2.062483267820809019e+01
-2.062559734719189208e+01
-2.072509845153047081e+01
-2.076343956039893612e+01
-2.079709238699912532e+01
-2.102114728909939245e+01
-2.112782390072417016e+01
-2.104957462994577710e+01
-2.114335401160160544e+01
-2.121795724185818699e+01
-2.122794370551148191e+01
-2.110443906555806493e+01
-2.119199614775327234e+01
-2.127342157485880847e+01
-2.142056912994671336e+01
-2.139830750720490471e+01
-2.140474575465920282e+01
-2.156069107020390163e+01
-2.152345103173234975e+01
-2.145904210023295278e+01
-2.160423722515828615e+01
-2.167231581687251207e+01
-2.168624154188716702e+01
-2.175667917284138753e+01
-2.177675525901452858e+01
-2.180222783147065613e+01
-2.185613696937710770e+01
-2.176850642696004812e+01
-2.183072858411281914e+01
-2.204184172282903020e+01
-2.214715360887542772e+01
-2.215960787731562931e+01
-2.228638832688757176e+01
-2.219931342632772342e+01
-2.214788467490245338e+01
-2.218977985571730471e+01
-2.220441169428009331e+01
-2.230059484605807185e+01
-2.228964308045549103e+01
-2.238580328062191782e+01
-2.250529084560929149e+01
-2.267729899748120914e+01
-2.270143424658575881e+01
-2.280082694197142956e+01
-2.283982773169678637e+01
-2.294158995332285755e+01
-2.292671677574587008e+01
-2.290259195964504713e+01
-2.300387168291325679e+01
-2.315427430970747125e+01
-2.318609578929428139e+01
-2.331921709960532141e+01
-2.329276499667493638e+01
-2.316372458614748808e+01
-2.307379664574806455e+01
-2.294156448298271300e+01
-2.296832194766738411e+01
-2.282391298221385156e+01
-2.250100612141226009e+01
-2.245165200580576581e+01
-2.243366984913392770e+01
-2.263069832222308975e+01
-2.254266080710097242e+01
-2.254792995729176042e+01
-2.270467706419147191e+01
-2.274048853331790099e+01
-2.277034047550308316e+01
-2.270316246458829212e+01
-2.268002087501296060e+01
-2.263183506091907304e+01
-2.251282684541563128e+01
-2.241055848822431429e+01
-2.228059318696609736e+01
-2.239839307703627114e+01
-2.254271259436467290e+01
-2.259613578938267153e+01
-2.262019279705620178e+01
-2.274121021762501016e+01
-2.273331223912956389e+01
-2.269192345669743460e+01
-2.253535715060465705e+01
-2.250852528717297218e+01
-2.258989822665937908e+01
-2.265577705141697962e+01
-2.263175782143748904e+01
-2.261189568926168292e+01
-2.258014774434634830e+01
-2.255927815058176478e+01
-2.255688053402893090e+01
-2.259639532041003207e+01
-2.262090152913093988e+01
-2.263590879807209433e+01
-2.270071953337136605e+01
-2.277422333319040249e+01
-2.275302779415837051e+01
-2.281192837194107526e+01
-2.289065371837554963e+01
-2.277056151947462226e+01
-2.281523418498155209e+01
-2.291298258103421404e+01
-2.292543920949513492e+01
-2.298777336889699896e+01
-2.294780381953429682e+01
-2.302120783230895995e+01
-2.301524454570738953e+01
-2.306822659648412355e+01
-2.304029626348769000e+01
-2.296826573313226660e+01
-2.302292752517293550e+01
-2.318536542482889473e+01
-2.321956682174304376e+01
-2.335209089482359346e+01
-2.343014920650312405e+01
-2.335665734722957865e+01
-2.331600221367129677e+01
-2.325943314008263130e+01
-2.336793477390465057e+01
-2.328199746049248375e+01
-2.313542412091642930e+01
-2.300605525032545984e+01
-2.306171648529685214e+01
-2.295659787163029009e+01
-2.300935616431836905e+01
-2.300586577507620589e+01
-2.311488802484199212e+01
-2.311114219890013999e+01
-2.324264833846072520e+01
-2.321276933924034580e+01
-2.311365944541305595e+01
-2.306514081620917267e+01
-2.302732328442221643e+01
-2.313612968980352136e+01
-2.311383069168131499e+01
-2.299917101711263356e+01
-2.294901088497006114e+01
-2.287502121329423588e+01
-2.295593542605447723e+01
-2.297301449204333323e+01
-2.296094098100242320e+01
-2.289679456979858685e+01
-2.284803367750487979e+01
-2.291386116454022215e+01
-2.304591139464965011e+01
-2.305812092989845752e+01
-2.313798483318528554e+01
-2.324744605631729399e+01
-2.330669448657256737e+01
-2.330391463268459873e+01
-2.316615973041484011e+01
-2.301439518151343222e+01
-2.290349625086351182e+01
-2.273331211306135557e+01
-2.274273057731156555e+01
-2.270630728831497080e+01
-2.273105179872279180e+01
-2.280412382137400229e+01
-2.280976800052830811e+01
-2.268057739945398410e+01
-2.247769885617206498e+01
-2.246864374198644754e+01
-2.238904145553833303e+01
-2.239599412706676063e+01
-2.237779960025079617e+01
-2.246633010706917943e+01
-2.249423058775198569e+01
-2.241971911972463616e+01
-2.225239945972056788e+01
-2.232018888534510737e+01
-2.246647349448885933e+01
-2.258316606546771510e+01
-2.274195340784352126e+01
-2.275258532254224164e+01
-2.279311961259713826e+01
-2.275512246581433473e+01
-2.274081514761130762e+01
-2.277041100025315856e+01
-2.285012979790656829e+01
-2.288197022762811628e+01
-2.275443253573013891e+01
-2.281563423327283502e+01
-2.293544712318301748e+01
-2.297236374307534135e+01
-2.290611620080656863e+01
-2.267591861491284178e+01
-2.251784260395517734e+01
-2.243269832858953805e+01
-2.241173072076454886e+01
-2.223262142268359653e+01
-2.211614899637143949e+01
-2.217670856047766392e+01
-2.220206239791108160e+01
-2.231117699022468415e+01
-2.231335545004005283e+01
-2.222956159079992844e+01
-2.234370901913861829e+01
-2.246960645326309347e+01
-2.248417374406786351e+01
-2.239290060393239656e+01
-2.232958779795616167e+01
-2.231366303347432023e+01
-2.229325964657368431e+01
-2.228346831858506505e+01
-2.224964698763083959e+01
-2.224719598041959756e+01
-2.228034520033067167e+01
-2.234937796118619602e+01
-2.240153046901745881e+01
-2.235546863315725119e+01
-2.233814962475707944e+01
-2.232726560992718134e+01
-2.230738691900729975e+01
-2.238970709227482558e+01
-2.236033092351897267e+01
-2.226295892926643560e+01
-2.230475466509153648e+01
-2.222167823201493064e+01
-2.229865864763710093e+01
-2.244080205557076724e+01
-2.245321801249665938e+01
-2.236379034516096453e+01
-2.238057174628362134e+01
-2.238894767411769138e+01
-2.255060322371813086e+01
-2.271960614157266889e+01
-2.283828336158074990e+01
-2.274475793373591159e+01
-2.259745765478746193e+01
-2.253655887131531443e+01
-2.260428008440731773e+01
-2.253605289401808420e+01
-2.256829108658934402e+01
-2.266587796065988414e+01
-2.266742759398637475e+01
-2.248960248288139852e+01
-2.239746550049380147e+01
-2.234646752181536655e+01
-2.232064193024714527e+01
-2.235303563514808900e+01
-2.235294883904259322e+01
-2.231742368440063373e+01
-2.230757619402865899e+01
-2.240345508596300306e+01
-2.252183598342165638e+01
-2.269980138221310639e+01
-2.276849540129283866e+01
-2.277214314213841106e+01
-2.275379085350493469e+01
-2.281235883979116608e+01
-2.287009724706787850e+01
-2.288687355233469134e+01
-2.285548416929437465e+01
-2.280709404927248940e+01
-2.293865051053057158e+01
-2.307342336438043517e+01
-2.299870409765302171e+01
-2.311439124790967981e+01
-2.319672844019204661e+01
-2.315505157517499057e+01
-2.327797358885035450e+01
-2.323400387934913169e+01
-2.317556329240111168e+01
-2.325085855841906124e+01
-2.328900081253171095e+01
-2.342926347485981253e+01
-2.348192172329247995e+01
-2.353657138650380887e+01
-2.353055954321683174e+01
-2.348949361324806162e+01
-2.341865220526998925e+01
-2.346697703085617093e+01
-2.349589218122759604e+01
-2.362059209501117962e+01
-2.363639973073474465e+01
-2.356732910979579287e+01
-2.377944582238843196e+01
-2.380528847371861900e+01
-2.392669611329356982e+01
-2.388434631580807732e+01
-2.378673402636329470e+01
-2.367787043583005513e+01
-2.357710502494150262e+01
-2.362002538728263090e+01
-2.374430565513042168e+01
-2.373301575679814945e+01
-2.381714181302614364e+01
-2.379039988256031890e+01
-2.381010807172237520e+01
-2.379203677938649264e+01
-2.389145494969794470e+01
-2.393734209014084158e+01
-2.400813723178244175e+01
-2.418245896812950235e+01
-2.410526244226543824e+01
-2.412755273028517422e+01
-2.420407307924266149e+01
-2.431380584153669489e+01
-2.432547548332176390e+01
-2.437365436066710345e+01
-2.433664941111370439e+01
-2.420207590899032724e+01
-2.415638697317717742e+01
-2.418083151709517153e+01
-2.431459193918626838e+01
-2.442734761401417387e+01
-2.450033858374941431e+01
-2.441631948484959480e+01
-2.419886697200274028e+01
-2.413318101453758402e+01
-2.408238032324555533e+01
-2.395528731799549504e+01
-2.400806136964814286e+01
-2.406530485650178264e+01
-2.411718692286822829e+01
-2.421055605569145897e+01
-2.427706116806017533e+01
-2.437544224318366304e+01
-2.440284686499106570e+01
-2.448318122607863856e+01
-2.454951258750198306e+01
-2.447506864624082112e+01
-2.420671323246280693e+01
-2.406113620416351395e+01
-2.402775193903602968e+01
-2.397252346215007535e+01
-2.391956590316258158e+01
-2.390225103246082483e+01
-2.385512306660453419e+01
-2.375637426926480700e+01
-2.362801676898627790e+01
-2.359294404290155356e+01
-2.383433613451787636e+01
-2.395928511374361136e+01
-2.401609192512240298e+01
-2.400548082981913822e+01
-2.410424983816028544e+01
-2.422865505537439290e+01
-2.435159562128628252e+01
-2.441083440458529097e+01
-2.440214708467848581e+01
-2.435236760290074187e+01
-2.449037586157538016e+01
-2.460183902961987812e+01
-2.461155664851475677e+01
-2.464750787657640529e+01
-2.450094206682362241e+01
-2.440161728015044673e+01
-2.439719183155420268e+01
-2.448723641416682284e+01
-2.452154205957735655e+01
-2.451750480529492648e+01
-2.462039936521723860e+01
-2.466319864546074214e+01
-2.456448610211323214e+01
-2.459665918199855028e+01
-2.450974127166152172e+01
-2.438397844540541470e+01
-2.449675205258679611e+01
-2.464150711137348893e+01
-2.476291046558793596e+01
-2.467237759006946263e+01
-2.469204297602540521e+01
-2.462523072677824132e+01
-2.468082415254173867e+01
-2.478425221484372543e+01
-2.496218862570070129e+01
-2.496164695339036754e+01
-2.490422082666883341e+01
-2.472307486453236791e+01
-2.481109286239774647e+01
-2.493240811860873407e+01
-2.510492226145285954e+01
-2.522368928942524491e+01
-2.508909688816865824e+01
-2.511514682805982801e+01
-2.504475989912890199e+01
-2.501765413597901855e+01
-2.494267494426949483e+01
-2.481882620672430662e+01
-2.483600883006996796e+01
-2.480808429657245995e+01
-2.473764523431754725e+01
-2.477540117516801033e+01
-2.478511511994037164e+01
-2.489081153246679889e+01
-2.483796210659925663e+01
-2.485692767575452677e+01
-2.493140308373335046e+01
-2.495028254300617832e+01
-2.491130314002428747e+01
-2.507530161509915345e+01
-2.505778525786848832e+01
-2.523647040310533640e+01
-2.539518944682571799e+01
-2.552214086931141068e+01
-2.558725206583829248e+01
-2.555708499726022609e+01
-2.558924837553415443e+01
-2.562798304647744274e+01
-2.556109677050652351e+01
-2.546955249861926873e+01
-2.547071008961939498e+01
-2.541926495414832488e+01
-2.549894418994686518e+01
-2.559805141530596728e+01
-2.568120222707319300e+01
-2.559415778856213564e+01
-2.558981978588202466e+01
-2.563892357790177812e+01
-2.575607444600397500e+01
-2.571889894569072510e+01
-2.566188581760743403e+01
-2.562231673590016001e+01
-2.567639913969520649e+01
-2.563749482441383876e+01
-2.563777413396615046e+01
-2.559891000423319696e+01
-2.561392518922474437e+01
-2.559430727906010006e+01
-2.542579872557202236e+01
-2.546193093058762003e+01
-2.535909143540133215e+01
-2.522745045718207635e+01
-2.500462945020268180e+01
-2.485773747859947136e+01
-2.477450506232022676e+01
-2.479867037342748404e+01
-2.476134563879218575e+01
-2.470551293184378494e+01
-2.469200842027371579e+01
-2.469777581888731177e+01
-2.469176747129232297e+01
-2.482746449686776202e+01
-2.486536725126304148e+01
-2.485387215342080935e+01
-2.483624028483952273e+01
-2.469862559313992634e+01
-2.464976498309058783e+01
-2.450381782563000854e+01
-2.448262259130001084e+01
-2.442911968662123812e+01
-2.440099275843526527e+01
-2.440087896402131307e+01
-2.451379810781593704e+01
-2.465966190326793139e+01
-2.466071027724658293e+01
-2.452206686795135226e+01
-2.453940058039461292e+01
-2.453777004804629414e+01
-2.452208026380826666e+01
-2.443298422643212220e+01
-2.435184089288485154e+01
-2.432987936333330481e+01
-2.434932659400000432e+01
-2.429177655096253829e+01
-2.428464609488785442e+01
-2.423450845592112657e+01
-2.414868302048608228e+01
-2.417820699151253905e+01
-2.423953284804064623e+01
-2.427259367606628970e+01
-2.426685852294529511e+01
-2.424713546590267654e+01
-2.417072258394656004e+01
-2.428235328892727907e+01
-2.431611070559052479e+01
-2.440092988123327089e+01
-2.428700765113243776e+01
-2.443725367925613412e+01
-2.454222634916223100e+01
-2.446127538113663391e+01
-2.443086735801361087e+01
-2.445425214977942474e+01
-2.460257836913656959e+01
-2.464258927807594901e+01
-2.454820943288035551e+01
-2.445354558258958733e+01
-2.436795727677471035e+01
-2.449906511627206385e+01
-2.445516072059630019e+01
-2.438893618577122169e+01
-2.440618245351636872e+01
-2.423133033067600550e+01
-2.417760482037156677e+01
-2.408480570774265672e+01
-2.418407185725019204e+01
-2.425979941182135491e+01
-2.427956163849501792e+01
-2.425720105051203035e+01
-2.435079749071651634e+01
-2.429929212683970619e+01
-2.420293654548303053e+01
-2.411983693554559238e+01
-2.405894309198317416e+01
-2.391784877381257601e+01
-2.383662701993687705e+01
-2.376714048995261308e+01
-2.391888523232938013e+01
-2.402346196698682945e+01
-2.398746906126530121e+01
-2.404840608580718708e+01
-2.403338912276924688e+01
-2.404456600058193771e+01
-2.405996621766536947e+01
-2.414923147032188311e+01
-2.421138615428860774e+01
-2.432770563845810585e+01
-2.431943660373830340e+01
-2.438318399353791577e+01
-2.432268351361016556e+01
-2.429256281386402350e+01
-2.436459125316849139e+01
-2.441157880929287316e+01
-2.448930089754517425e+01
-2.434174363192817481e+01
-2.423187908731883411e+01
-2.420668129151398418e+01
-2.438711545028334271e+01
-2.453276051906899013e+01
-2.448475763074414502e+01
-2.438222926312549887e+01
-2.418627536814465628e+01
-2.417875401680179692e+01
-2.418834574185554942e+01
-2.412814010468268933e+01
-2.426291219585972669e+01
-2.430706008010786334e+01
-2.441812902665792251e+01
-2.452169612430813217e+01
-2.449651963307112013e+01
-2.457061714486560788e+01
-2.460684337975160219e+01
-2.466724577396203344e+01
-2.475951608965057815e+01
-2.477784464747372439e+01
-2.486203292326197456e+01
-2.485650436540775488e+01
-2.480809859771103376e+01
-2.496621472193068314e+01
-2.501511081606530951e+01
-2.491725263855313699e+01
-2.479413566391288271e+01
-2.471795309403862362e+01
-2.478279551378849632e+01
-2.485213595831801925e+01
-2.481356804988053000e+01
-2.468154587367487451e+01
-2.453794288218333719e+01
-2.453131751829477025e+01
-2.441055268059946926e+01
-2.434096832492994267e+01
-2.433245988317251829e+01
-2.416007076996443459e+01
-2.417373494421591928e+01
-2.417591064669093370e+01
-2.410273697756434785e+01
-2.411053861711229018e+01
-2.401903453577336833e+01
-2.405473646954419564e+01
-2.416404548271875186e+01
-2.414038882761708038e+01
-2.401095145766447558e+01
-2.403137651598941460e+01
-2.413700386633566453e+01
-2.428600386037580705e+01
-2.440706581705859435e+01
-2.449308205804112148e+01
-2.444748581507101903e+01
-2.433084111467694299e+01
-2.427471943001625476e+01
-2.417425561075972951e+01
-2.411432124025398238e+01
-2.402686533843413841e+01
-2.397013923744245645e+01
-2.398882148803627601e+01
-2.409646013086102556e+01
-2.405230230647568490e+01
-2.398453989189193436e+01
-2.395238317306060694e+01
-2.400395633725762323e+01
-2.397891568030255982e+01
-2.391036072120682832e+01
-2.391072911069315765e+01
-2.386307233665343119e+01
-2.398069429020979371e+01
-2.400434885934426177e+01
-2.399883089187971663e+01
-2.407501231859061619e+01
-2.400465076670780817e+01
-2.405304725929888932e+01
-2.405593617528244010e+01
-2.414719625316168106e+01
-2.419740443723314627e+01
-2.415823928909181006e+01
-2.410746305751592899e+01
-2.394902744623032476e+01
-2.394297822374884888e+01
-2.406482465585796149e+01
-2.401332105257401750e+01
-2.399627588257136779e+01
-2.409572274342902176e+01
-2.406496678237038367e+01
-2.415185641501776459e+01
-2.424150939579304520e+01
-2.432411028939539221e+01
-2.421083590307252464e+01
-2.428146619595020894e+01
-2.424075603517857047e+01
-2.419253234502834005e+01
-2.415421780221414849e+01
-2.419588311935909530e+01
-2.421681035454632180e+01
-2.424883424358698747e+01
-2.420568327659439944e+01
-2.403796511307771055e+01
-2.395270571609529853e+01
-2.393570208692752388e+01
-2.399268350351828261e+01
-2.407381724333807327e+01
-2.414086660857667610e+01
-2.417760959201358517e+01
-2.421129742296608356e+01
-2.411219926891382315e+01
-2.413140177219254667e+01
-2.418126329985763689e+01
-2.431825845254283536e+01
-2.448015537094313743e+01
-2.440150027386075493e+01
-2.446925481640333189e+01
-2.450440577263646702e+01
-2.450132110552532794e+01
-2.451668318480076536e+01
-2.455553764949408801e+01
-2.450905178255072414e+01
-2.442240569439186260e+01
-2.444620675301444379e+01
-2.453904163098775371e+01
-2.455971118041936307e+01
-2.464331340117040270e+01
-2.478906617500063447e+01
-2.486351240667152851e+01
-2.494087826423071874e+01
-2.491495063008349220e+01
-2.503859192139599088e+01
-2.501954951197924615e+01
-2.500684391577523513e+01
-2.500189149465061078e+01
-2.493159138220807591e+01
-2.502359243125441424e+01
-2.496444884109678952e+01
-2.482685200773411083e+01
-2.467690969551919977e+01
-2.460051874009414874e+01
-2.458527122518863450e+01
-2.442180084282549402e+01
-2.445328508579730808e+01
-2.444659860911339422e+01
-2.445961727871766200e+01
-2.448589715696608238e+01
-2.442367539006660948e+01
-2.435607772105575819e+01
-2.442597785078094574e+01
-2.442366211064267034e+01
-2.432120639477768975e+01
-2.441005708718987322e+01
-2.446255074839005061e+01
-2.436870424421973169e+01
-2.421867827358297021e+01
-2.426252163419201935e+01
-2.432108391953396875e+01
-2.440727380013512970e+01
-2.441701875149754386e+01
-2.442575358088779325e+01
-2.442847816581864606e+01
-2.431756318906683134e+01
-2.431997635264944790e+01
-2.425763006964318436e+01
-2.425085547585334567e+01
-2.423627657267680036e+01
-2.430082587446013065e+01
-2.444513402373571154e+01
-2.451501338934214402e+01
-2.441664038945826576e+01
-2.433097766119041339e+01
-2.423797399329557933e+01
-2.419422051906565230e+01
-2.414646480672912787e+01
-2.405143925890835988e+01
-2.410397323054844065e+01
-2.404706787914296839e+01
-2.375786573824496628e+01
-2.364544017785724961e+01
-2.378730389474441509e+01
-2.374550278306552897e+01
-2.379283225644077504e+01
-2.386833511484067927e+01
-2.401295975984688269e+01
-2.412158335670305576e+01
-2.426014909148607757e+01
-2.429246313942475055e+01
-2.414600038438910090e+01
-2.413823113096375650e+01
-2.427349576116232299e+01
-2.435905758368415164e+01
-2.441448643577065525e+01
-2.450079909642477105e+01
-2.438929282399409004e+01
-2.439943005466858494e+01
-2.436048586140671901e+01
-2.438557697175826178e+01
-2.440973885305210089e+01
-2.447164636967845297e+01
-2.444302962479384433e+01
-2.440887420690671661e+01
-2.438681268034392602e+01
-2.427058835539065029e+01
-2.439402271583255555e+01
-2.448803490441611075e+01
-2.464401843069153131e+01
-2.479297258053397712e+01
-2.470824905548703043e+01
-2.447211358132604175e+01
-2.433148293632059733e+01
-2.443409842733537118e+01
-2.446137234223332158e+01
-2.441923168763044671e+01
-2.456193128820946825e+01
-2.473991225443644026e+01
-2.481100556599544404e+01
-2.484678473446679803e+01
-2.497643618449722425e+01
-2.496461973457762795e+01
-2.491246254706830499e+01
-2.494416379804922812e+01
-2.490411692826178580e+01
-2.485757251556841041e+01
-2.482002503301993102e+01
-2.478709100752320538e+01
-2.459261663367302830e+01
-2.451958399945878853e+01
-2.452754228737395081e+01
-2.448169556627314236e+01
-2.445527920434086866e+01
-2.445364229546301615e+01
-2.448824220223205472e+01
-2.455223315748588675e+01
-2.464394271766883548e+01
-2.465645060922007659e+01
-2.467633004093841720e+01
-2.464875913569970578e+01
-2.463317956718995205e+01
-2.453404955011524535e+01
-2.454106354057669037e+01
-2.450435088716828602e+01
-2.450922317664619499e+01
-2.450287390791822162e+01
-2.447302034741375110e+01
-2.446438478174052022e+01
-2.462042787576402603e+01
-2.468139045170676837e+01
-2.459960397814842992e+01
-2.464615895222308950e+01
-2.473728320992334417e+01
-2.486780931480755896e+01
-2.491271727500883060e+01
-2.487660309631462141e+01
-2.488989068554037232e+01
-2.490662079820877750e+01
-2.504955129595050778e+01
-2.501369764237664128e+01
-2.497525034866672655e+01
-2.500248339392919661e+01
-2.498432689263067275e+01
-2.496067632932501112e+01
-2.490455187021619565e+01
-2.504072222677701376e+01
-2.510046481836966947e+01
-2.503481318973913261e+01
-2.505790991080041508e+01
-2.503307281234835457e+01
-2.519533487463324661e+01
-2.530086497602801998e+01
-2.539022247508090402e+01
-2.543399910774978423e+01
-2.543626717367912704e+01
-2.541512319071209092e+01
-2.544674339066067148e+01
-2.540102702033889059e+01
-2.545614071124305866e+01
-2.548409081385166530e+01
-2.548694280414934354e+01
-2.559189917340320974e+01
-2.575313355733918286e+01
-2.593190697457842830e+01
-2.595458607780319937e+01
-2.608884743689173291e+01
-2.611202997736577558e+01
-2.602864685588034988e+01
-2.599627489690012894e+01
-2.607761127959076930e+01
-2.622548530778891518e+01
-2.629173426687185611e+01
-2.621641422938462540e+01
-2.612647567622108724e+01
-2.607230036750334889e+01
-2.605287341106637555e+01
-2.605119006897893286e+01
-2.613064950339856551e+01
-2.633646939075493165e+01
-2.641016179057584878e+01
-2.645996140038953826e+01
-2.653243079906204471e+01
-2.645723361561710618e+01
-2.643323671776416006e+01
-2.650065687479100873e+01
-2.647300367336518789e+01
-2.646926493014264636e+01
-2.631160159548208455e+01
-2.620639686627827558e+01
-2.630554310492604841e+01
-2.635454724367905399e+01
-2.644081025489309056e+01
-2.646423451623388701e+01
-2.652228988839652146e+01
-2.666525514501559613e+01
-2.680782438385064381e+01
-2.691604218037180729e+01
-2.690017339097596150e+01
-2.683034110490329383e+01
-2.671241811406036959e+01
-2.643920060531372940e+01
-2.643925273619964500e+01
-2.639744249709408663e+01
-2.644755469449414065e+01
-2.655106433969870139e+01
-2.654014324941685388e+01
-2.655830898429207210e+01
-2.665716783630544739e+01
-2.664376663806460144e+01
-2.666958966342567194e+01
-2.671944504686415200e+01
-2.687134707241981246e+01
-2.700401341412853995e+01
-2.696816034104280391e+01
-2.703705152168229020e+01
-2.710297297605304223e+01
-2.718523406505811124e+01
-2.723443928331275643e+01
-2.733868983095124605e+01
-2.734243221036677340e+01
-2.740325968677866797e+01
-2.738427760917300446e+01
-2.735778992296539514e+01
-2.741546136941696687e+01
-2.741953480177073743e+01
-2.744493093387153237e+01
-2.728078334621157808e+01
-2.718608688487626424e+01
-2.717148739003756930e+01
-2.723372383542175257e+01
-2.731134632935304296e+01
-2.717387480533079014e+01
-2.710582289250204369e+01
-2.705906775575589052e+01
-2.718226691242434967e+01
-2.719724289956657870e+01
-2.720058187187431997e+01
-2.720884743828801433e+01
-2.725817209894221449e+01
-2.727140667934345686e+01
-2.733353575138918146e+01
-2.733922253801585001e+01
-2.737486667703659293e+01
-2.731868569083493270e+01
-2.728351301782525695e+01
-2.726188893051168449e+01
-2.719987755025234932e+01
-2.709363081589244970e+01
-2.713590023089910019e+01
-2.723627383502000399e+01
-2.720083940355800678e+01
-2.709198030181028827e+01
-2.708074808023212299e+01
-2.708118370085205839e+01
-2.705053757384223090e+01
-2.702825998216387049e+01
-2.711823158657865207e+01
-2.719154417386266687e+01
-2.715619397825432202e+01
-2.720250060764691469e+01
-2.713734409397694591e+01
-2.731607187446051555e+01
-2.737123123821303139e+01
-2.738464376647639043e+01
-2.739582388785813194e+01
-2.746594274312364448e+01
-2.743957475169061766e+01
-2.743622395169501615e+01
-2.744738834029443453e+01
-2.747380246757980515e+01
-2.741896158789879578e+01
-2.752592801972068060e+01
-2.767356574131770941e+01
-2.766611380957779431e+01
-2.756988513171532773e+01
-2.764124582249477058e+01
-2.770351219255412900e+01
-2.766410346950914345e+01
-2.751778431196282781e+01
-2.766245180985270480e+01
-2.760505180524748425e+01
-2.742231124255800978e+01
-2.735532707594792612e+01
-2.722529193551359228e+01
-2.709328534941246858e+01
-2.714646098049725254e+01
-2.714105392666652605e+01
-2.719114800605922255e+01
-2.719056569170422577e+01
-2.724422693281746533e+01
-2.732510051958850639e+01
-2.734305719872011764e+01
-2.746927287290358422e+01
-2.744334771575799792e+01
-2.750594079041201212e+01
-2.746916636661325484e+01
-2.735800302355744051e+01
-2.744471221811698669e+01
-2.759056323723829962e+01
-2.773847656136246798e+01
-2.772774665015105455e+01
-2.774345552872501486e+01
-2.789448314374405413e+01
-2.794678616940863236e+01
-2.791086523641593686e+01
-2.789732156181401024e+01
-2.797276554072826471e+01
-2.784829560604183740e+01
-2.798544497043043222e+01
-2.801091584463793893e+01
-2.793782101750917590e+01
-2.790922147421859378e+01
-2.804216904444349012e+01
-2.810720260087293809e+01
-2.807348259266720092e+01
-2.807469891970701426e+01
-2.813699935503828087e+01
-2.817541844333748102e+01
-2.814094440506543648e+01
-2.820476535392634077e+01
-2.821149008098253930e+01
-2.801916275728952144e+01
-2.790722480714981657e+01
-2.786422637754481713e+01
-2.775915520816208115e+01
-2.757653276383382845e+01
-2.772429937157231095e+01
-2.784077681211239153e+01
-2.774873684418078312e+01
-2.757216657217098543e+01
-2.756566338773781411e+01
-2.761108677253028887e+01
-2.756455632559150004e+01
-2.758268028846032394e+01
-2.765026329080854595e+01
-2.763689926233567107e+01
-2.770213094458274483e+01
-2.774374552259386562e+01
-2.772365604390682847e+01
-2.777759699242038138e+01
-2.785939065047277197e+01
-2.785552527805485568e+01
-2.786965366126227295e+01
-2.785028534870384220e+01
-2.788571017565809740e+01
-2.778107503199929695e+01
-2.779925762394607247e+01
-2.784174734844320653e+01
-2.788104285439032282e+01
-2.787666819649504291e+01
-2.783993838790338771e+01
-2.776962876517211143e+01
-2.779948172554609798e+01
-2.781811510187542069e+01
-2.805898046263492418e+01
-2.821528105047560331e+01
-2.820805996502766888e+01
-2.812822459892194971e+01
-2.809733192477691333e+01
-2.820606956179774016e+01
-2.828628528791947261e+01
-2.838909276077211175e+01
-2.826891773089584348e+01
-2.823243216279085743e+01
-2.819512725908957762e+01
-2.814715465196555400e+01
-2.819405024350544053e+01
-2.828449791928895607e+01
-2.833430293905595576e+01
-2.821220425225586936e+01
-2.814844626728905297e+01
-2.804704727747617810e+01
-2.799841581394679224e+01
-2.799325404405498929e+01
-2.791546750402623900e+01
-2.800680030554933353e+01
-2.804118883669270446e+01
-2.799501158704665116e+01
-2.798380189328280920e+01
-2.803095635435782640e+01
-2.805875773359247560e+01
-2.809698075925227201e+01
-2.811293588860699444e+01
-2.805827984754994020e+01
-2.805943731850399914e+01
-2.809185242768569424e+01
-2.800463384323442639e+01
-2.794049618087192854e+01
-2.791751761851720914e+01
-2.788191364741606293e+01
-2.779081040690764937e+01
-2.771776408303696471e+01
-2.763977418458066992e+01
-2.769284387151295235e+01
-2.766709011565488652e+01
-2.768673634659558402e+01
-2.769430754900828617e+01
-2.760649191233419231e+01
-2.758120301118191264e+01
-2.758506478621966096e+01
-2.757059465515360941e+01
-2.746451106056695579e+01
-2.747472004731161732e+01
-2.739118789718662583e+01
-2.733955187186217728e+01
-2.717606759778489689e+01
-2.718572970543513989e+01
-2.720485412538368308e+01
-2.724388631029184182e+01
-2.712652868841688303e+01
-2.707676880484913440e+01
-2.715506508478334524e+01
-2.717015956437502666e+01
