-6.553595054526475394e-01
-7.895974911930316864e-01
-8.035348804140274304e-01
-7.931214297908528721e-01
-8.635740023093900763e-01
-8.610658516294917852e-01
-8.764504397039174499e-01
-8.807271290844553846e-01
-8.901658173774713578e-01
-8.407663145358432732e-01
-8.536275179173100636e-01
-8.922309535736357988e-01
-9.063810494987716293e-01
-9.055406533365382149e-01
-8.708701892788421883e-01
-8.733138123104094985e-01
-8.557887207690392239e-01
-8.603560256171196574e-01
-8.881516281021634152e-01
-9.164070288093266736e-01
-9.127987965029471518e-01
-8.716713870766256145e-01
-8.986161507561342132e-01
-8.535278414990382645e-01
-8.942791239094747269e-01
-8.864371242722717259e-01
-9.021423907664855024e-01
-8.798684181290453710e-01
-8.693390800351821213e-01
-8.790092578646044874e-01
-8.901266048457916469e-01
-9.335792232629134269e-01
-8.560946220743136381e-01
-9.139725990075250328e-01
-9.258220123558106307e-01
-8.937590588511348244e-01
-8.835871653137462589e-01
-8.946209047106851164e-01
-9.228902167607219154e-01
-9.231786981542848824e-01
-8.986631358603766051e-01
-8.727692646181762770e-01
-9.073781294204145143e-01
-8.633550323578418340e-01
-8.992413887306530684e-01
-9.229346841178629468e-01
-8.781990036841309522e-01
-9.134950113805315741e-01
-9.034914003285147155e-01
-9.039928999627493411e-01
-8.905761264340326111e-01
-9.072201559774757396e-01
-8.936366269891236058e-01
-8.946118206917788029e-01
-8.977229390927591313e-01
-9.006223572088228879e-01
-9.028665628601344473e-01
-9.019370293388291326e-01
-9.118399978976207132e-01
-9.054702428054259844e-01
-9.139193769485025598e-01
-8.722602055934072229e-01
-8.862436306158743005e-01
-8.717744241226912383e-01
-9.003889379087861577e-01
-8.654354259717211839e-01
-8.920025874312065284e-01
-9.028154691211183192e-01
-8.779811409728033311e-01
-8.869698940322180425e-01
-9.102165836206114191e-01
-8.672384798475095691e-01
-9.137288734583784988e-01
-8.796660036540496774e-01
-9.006402155857231584e-01
-8.765664407280028270e-01
-8.724581144477325800e-01
-8.648347138286862634e-01
-8.896225864434106345e-01
-8.391350832715661623e-01
-8.473931173396533900e-01
-8.706039112623024101e-01
-8.680524357253145418e-01
-8.724072520654491125e-01
-8.664098137704583369e-01
-8.532741071782755649e-01
-9.063890702817376521e-01
-8.589671189960781383e-01
-8.732776638243984202e-01
-8.777204088764062329e-01
-8.997804701225731172e-01
-8.754107914827987669e-01
-8.287056169746477297e-01
-8.908755385411157857e-01
-8.739709639733863611e-01
-8.461133092800759981e-01
-8.650137598394614935e-01
-8.826229406390209142e-01
-8.740639933194199740e-01
-8.756982430270632278e-01
-8.427064490479752035e-01
-8.427481570449952830e-01
-8.696247472815896717e-01
-8.399243189476678362e-01
-8.702189708075764862e-01
-8.736733849984208433e-01
-8.564375269744974872e-01
-8.724924632180222073e-01
-8.734206277923892703e-01
-8.660672396783781757e-01
-8.758552956923295607e-01
-8.421871472698915229e-01
-8.584328351232338727e-01
-8.500526934651830846e-01
-8.271039382456226718e-01
-8.584152467461554359e-01
-8.579837439210041827e-01
-8.355235527106543714e-01
-8.351232518812397032e-01
-8.555073160683952516e-01
-8.638027472165412668e-01
-8.586669861139366589e-01
-8.368837047698265419e-01
-8.890375506860966892e-01
-8.906299330477498444e-01
-8.518278728140424860e-01
-8.568883422914540526e-01
-8.190664627691337518e-01
-8.430498129221034587e-01
-8.338543850465366392e-01
-8.576003323222991526e-01
-8.441313945458313039e-01
-8.378529350703840528e-01
-8.384498299793584630e-01
-8.480580371316049915e-01
-8.625970776580640376e-01
-8.282482412075561351e-01
-8.416835801895213853e-01
-8.594288512899712629e-01
-8.583564124235445458e-01
-8.044215056884580495e-01
-8.317995137687457241e-01
-8.228983496949366927e-01
-8.241764589274972463e-01
-8.118409175790870513e-01
-8.193975502873553918e-01
-8.586196395746545917e-01
-8.136943429452796472e-01
-8.350137520560302340e-01
-8.606632319442014678e-01
-8.219846915914366114e-01
-8.246522169936792990e-01
-7.811763301945439109e-01
-8.280462481873046565e-01
-8.176864932388084872e-01
-8.182036038202777917e-01
-8.385232934330751897e-01
-8.251451785442308617e-01
-8.121303651601184947e-01
-8.259441987478766123e-01
-8.261203951526150391e-01
-8.507306383721517928e-01
-8.329317876388125930e-01
-8.392810078097800996e-01
-8.119498464415251249e-01
-8.218312895041789412e-01
-8.016352398919366351e-01
-8.340320443671401796e-01
-8.109023227606648732e-01
-8.322608055910886149e-01
-8.026359912367464489e-01
-8.119101497991935146e-01
-8.232918472008435851e-01
-8.524010101266590311e-01
-7.933637870876532050e-01
-7.915887212601681044e-01
-8.437691135332919812e-01
-8.275522264971326702e-01
-8.214035326466200271e-01
-8.248734740791212605e-01
-8.275124354435404728e-01
-8.210092757116874695e-01
-8.096276234961847784e-01
-8.142751729603767696e-01
-8.141260969164685335e-01
-7.833565858752964406e-01
-8.047963118896004353e-01
-7.982488700429508643e-01
-7.866836249606958820e-01
-7.961117621404359967e-01
-8.085861490989947331e-01
-8.162700104989439875e-01
-7.976999012387079313e-01
-8.088322181371399022e-01
-8.188711127879257923e-01
-8.059725465930045463e-01
-8.036000533957535774e-01
-8.050682138731214410e-01
-8.058371753248168012e-01
-7.672050142706932085e-01
-7.887141428704277368e-01
-8.103369967029596665e-01
-8.198713773706350905e-01
-8.159772540070912017e-01
-7.911715724044666720e-01
-7.953998611667288943e-01
-7.825707620096820083e-01
-7.904222707531820546e-01
-7.979514788993131713e-01
-8.337542644621406263e-01
-8.001950614678111640e-01
-7.923152044552828066e-01
-8.088457271262990966e-01
-7.936587337682173837e-01
-8.047800915729408366e-01
-7.953964427054461828e-01
-7.830351361316539860e-01
-8.207132162227728234e-01
-7.956426167989082421e-01
-7.940656559292013084e-01
-8.057822420266442798e-01
-8.120514064874008175e-01
-8.198205407902595665e-01
-7.876766345669393710e-01
-8.065909537933049211e-01
-7.987776143181331001e-01
-8.357281695691222145e-01
-7.799833754897363969e-01
-8.461212869380519974e-01
-8.223200201277636179e-01
-7.871057337916488317e-01
-7.808933453044071271e-01
-8.039922410567287292e-01
-7.931229970388782302e-01
-8.093476232518275193e-01
-7.953214584890349048e-01
-8.040784037109354188e-01
-8.006283872615459485e-01
-7.924280595821522333e-01
-8.108343766371222117e-01
-8.052361541594221794e-01
-8.041839209996448634e-01
-7.892451875476962364e-01
-7.758067381683757535e-01
-7.827645556829770923e-01
-8.142342555564539008e-01
-8.227866735567322953e-01
-7.912960675898832452e-01
-8.043599134742412948e-01
-8.058467603828528558e-01
-8.272220245936118266e-01
-7.936613845790932986e-01
-7.958264368476606343e-01
-7.785197463632476111e-01
-8.108217961019407172e-01
-8.132317178848887940e-01
-7.965721905991971497e-01
-8.129019103734665963e-01
-7.893736580304219208e-01
-8.284720937683568431e-01
-8.168302121532644566e-01
-8.093865485490530087e-01
-8.055780022863074930e-01
-7.973062747004767692e-01
-8.022916639467505551e-01
-8.000370865065884463e-01
-7.899395761560623619e-01
-7.751899824488827084e-01
-7.765956237680655683e-01
-7.851538271671030245e-01
-7.895837045009663768e-01
-8.115528781175994633e-01
-8.142340555427802773e-01
-8.163916009625877823e-01
-7.998148685267656433e-01
-8.147733606712631582e-01
-8.120661543879745814e-01
-8.071070610867505657e-01
-8.150343353826646764e-01
-8.147350138278771636e-01
-7.705348395035016562e-01
-7.865089083328190567e-01
-8.094555417185520518e-01
-8.018778150551439943e-01
-8.090671498076237311e-01
-7.909496082904202696e-01
-8.050632175536500679e-01
-7.911471907428508921e-01
-7.995635754608616530e-01
-7.979343777883232125e-01
-7.951795476059438927e-01
-8.250052435478987256e-01
-7.956238921541736175e-01
-8.309201063229847417e-01
-8.317205927247419694e-01
-8.233001747872359388e-01
-8.206477490366959060e-01
-8.340876851565968142e-01
-7.769849686873371297e-01
-8.251208751534963026e-01
-8.289114144811844387e-01
-8.057417196736249565e-01
-7.943006373613277216e-01
-8.061817867534462057e-01
-7.977068632135853044e-01
-8.017055810478057598e-01
-7.908588642202465380e-01
-7.920314856125303393e-01
-8.102793744115395214e-01
-8.059449783935627165e-01
-8.080373464144428031e-01
-8.091784262042540643e-01
-8.000458457566137493e-01
-8.290817178529565901e-01
-7.932595949738389107e-01
-8.368958290094759001e-01
-8.056549745016026165e-01
-7.972111222179558698e-01
-8.285412990034082270e-01
-7.994733009875758523e-01
-8.104894254111265628e-01
-8.110152941439391361e-01
-8.071172034675573315e-01
-7.880936831763232231e-01
-7.794778891161265877e-01
-8.307198659839479804e-01
-8.308139764725768206e-01
-7.962854214104966299e-01
-7.943259707397634095e-01
-7.945874320746264541e-01
-7.959873604192991836e-01
-7.991405431788316527e-01
-8.029107732588982582e-01
-7.959836801801306594e-01
-8.000168542703847141e-01
-7.835217759214629929e-01
-8.195349700735412579e-01
-8.197396919344124289e-01
-8.141769408943705377e-01
-8.245361315262509372e-01
-8.194474696292041171e-01
-8.002587255379098874e-01
-7.898174655640337605e-01
-8.195300857092979729e-01
-8.181426303804284483e-01
-7.964616208557728783e-01
-8.134833437989816840e-01
-8.117662558151759189e-01
-7.809777841895518824e-01
-8.087410890599299185e-01
-8.438446802103666267e-01
-8.341365192980628729e-01
-8.231815460544039675e-01
-8.147300131396135736e-01
-8.108339194886811097e-01
-8.116863808850396378e-01
-8.165634383845741251e-01
-7.955873343664942032e-01
-7.882237379169343416e-01
-8.107389939687351665e-01
-8.337831703646205739e-01
-8.134935897100670221e-01
-8.160640181220693012e-01
-8.103574500256991442e-01
-7.937765533425071851e-01
-7.925065421666499521e-01
-8.032662798647473013e-01
-7.965416035857219024e-01
-8.183732683309056233e-01
-8.210327292641758090e-01
-7.880799245919698492e-01
-8.193220127132776476e-01
-8.007051168965045873e-01
-8.120222658529492321e-01
-8.099577962373880613e-01
-7.851938964812350541e-01
-7.893675550037571043e-01
-7.870739399419650617e-01
-8.151887174502765454e-01
-8.289212092350068950e-01
-8.170015133699617405e-01
-8.440072604344640572e-01
-8.149748390435358480e-01
-8.066231133638679385e-01
-7.996859954562789419e-01
-7.978413274194464666e-01
-8.128826760784083616e-01
-8.124176345084870299e-01
-8.118451764343924681e-01
-8.294737678424267679e-01
-8.123957688825325096e-01
-8.149337719468224828e-01
-7.948981718415307762e-01
-8.036699055656767454e-01
-8.059089650610079536e-01
-8.213135016424735202e-01
-8.061843090028349978e-01
-7.786554888985595113e-01
-8.059790448336705548e-01
-8.080632055637174682e-01
-8.136363217042135165e-01
-8.212226009349259392e-01
-8.092313589175403887e-01
-8.247801475142603200e-01
-8.022507250606887297e-01
-8.094593049710154808e-01
-8.042451080117360984e-01
-8.001257411766137251e-01
-7.755047022337789864e-01
-8.183425301043376621e-01
-7.933960951288451247e-01
-8.003495599845100728e-01
-8.154441000099593717e-01
-7.991793186905882251e-01
-7.895526581126244281e-01
-8.035097557763484222e-01
-8.083861422305038680e-01
-8.059853184199263776e-01
-7.976879689442422094e-01
-7.866856762883971399e-01
-8.172152584340645065e-01
-8.048577935267698935e-01
-8.058219232382259900e-01
-8.098326503992834269e-01
-7.898939981435249003e-01
-8.086539958984393373e-01
-8.227464318441505275e-01
-8.252692746089964615e-01
-8.028928578234694191e-01
-8.062393101126757999e-01
-8.260120338862412259e-01
-8.164370420970239461e-01
-8.305873939582228971e-01
-8.197350573338170188e-01
-8.160654582194997175e-01
-8.021495627749615220e-01
-8.130790480557399391e-01
-7.718357246200260313e-01
-8.095023384587888282e-01
-8.086010699382397693e-01
-8.164260636636760937e-01
-7.900517315588543310e-01
-7.982914144420842906e-01
-7.954457163321320134e-01
-8.041824140467742632e-01
-8.082168067493413766e-01
-8.197898998039141460e-01
-7.990149364071950089e-01
-8.130640681254086566e-01
-8.038260133805353869e-01
-8.164407224820114939e-01
-8.232861269300854046e-01
-7.924501744052594443e-01
-8.125789681960861044e-01
-8.011253842804023639e-01
-8.134008097857805542e-01
-8.180594582175612084e-01
-7.968870217156222013e-01
-7.909417117441421841e-01
-8.224050191007050703e-01
-8.282111607009275955e-01
-8.318979671088543304e-01
-7.884507204146341541e-01
-7.892617095054890175e-01
-7.958370313234560678e-01
-7.831972928626119712e-01
-8.049695635640126135e-01
-8.033944362364255909e-01
-8.095907079734994127e-01
-7.897915533145366540e-01
-7.961981041141005244e-01
-8.137800332008621185e-01
-8.065035797739443790e-01
-8.033640178336434179e-01
-7.890128444288015963e-01
-8.121998765224995864e-01
-8.271035307644701851e-01
-7.909707532617439307e-01
-8.253309272558848608e-01
-8.188434751967049730e-01
-8.040253471520415474e-01
-7.959582586173884478e-01
-7.881616628070710062e-01
-8.116539474094470741e-01
-8.098292381322887978e-01
-8.198069197998297808e-01
-7.867480211441701954e-01
-7.954513092199338997e-01
-7.840770381473640693e-01
-7.821546318014185317e-01
-7.956990841735223086e-01
-7.991516455472345015e-01
-8.286358490875811444e-01
-8.022272835113277711e-01
-8.062197897681677716e-01
-7.941813242151033458e-01
-7.963569508364988225e-01
-7.732954488342056454e-01
-8.185490926509482179e-01
-8.284098384731091169e-01
-8.284918635025287914e-01
-8.133168681445928083e-01
-7.926867205047996023e-01
-8.109705281205084049e-01
-8.092301764816332010e-01
-7.925297797653837462e-01
-8.009671348570461813e-01
-8.029334731162388605e-01
-7.972697191881754630e-01
-8.039494883888875787e-01
-8.035302393825007883e-01
-7.908095937342256576e-01
-8.019848483623758240e-01
-8.088493682860411482e-01
-7.848302625938458066e-01
-8.194118091569284612e-01
-8.062122130859699087e-01
-7.836598836764485654e-01
-7.975220681085593011e-01
-8.040539580333116998e-01
-8.243806620683491460e-01
-8.019216162270591530e-01
-8.058723064103592293e-01
-8.290163946699058428e-01
-8.263757468556798269e-01
-8.112325733552457896e-01
-8.082936780368629170e-01
-8.344516264331351962e-01
-8.134900662638124835e-01
-8.312522505176511700e-01
-8.090326943562450301e-01
-8.037315479174271804e-01
-7.891764745874563225e-01
-8.129879827326456088e-01
-8.163743325562602404e-01
-8.126550629480973065e-01
-8.033368598033165942e-01
-7.973303778342766268e-01
-8.149517193741628862e-01
-8.237170283113744995e-01
-8.111029877558258994e-01
-7.919023760734786865e-01
-7.934291631523452404e-01
-8.173639195693068737e-01
-7.806236181557519860e-01
-8.055481264406835207e-01
-8.097255144753081613e-01
-8.209691375026815230e-01
-8.037660516767727303e-01
-8.280362323965780869e-01
-7.868017754454340595e-01
-8.208418025404129459e-01
-8.090920132728078862e-01
-7.983943325603198859e-01
-7.909515062537306740e-01
-8.341880430420760550e-01
-8.187276904611290318e-01
-8.270724758949086208e-01
-8.222385892337349400e-01
-7.876414866728768116e-01
-8.124359983841230592e-01
-7.723084962439763501e-01
-8.144910612677316308e-01
-7.842826496192134567e-01
-8.137581713549575380e-01
-8.056826463509714209e-01
-8.024359525137515492e-01
-7.994720705040783137e-01
-8.008826524749271814e-01
-7.910497847381366965e-01
-8.254878242304579672e-01
-8.092325829002229298e-01
-7.997548850478631843e-01
-7.817756410650609222e-01
-7.926383236515446296e-01
-7.884563647594684532e-01
-7.946505003519077626e-01
-7.959730258984761830e-01
-7.849447832276905679e-01
-8.060355017118034926e-01
-8.008664864900074676e-01
-8.212591220707345929e-01
-7.885703261458549829e-01
-8.028312409372235781e-01
-7.965731681025772781e-01
-8.032316511197410414e-01
-8.091688536069885362e-01
-7.961411723749111102e-01
-7.775579246288519819e-01
-8.124622780512829046e-01
-8.016687605816997797e-01
-8.010428398411502116e-01
-7.829264836304464792e-01
-7.859323790078127647e-01
-7.853451640407701495e-01
-8.022069739654658083e-01
-8.084949470190541110e-01
-7.815694936241783797e-01
-7.825736381670398423e-01
-7.990010807682595972e-01
-7.748891078103691266e-01
-7.909875735828811871e-01
-7.806424045679849488e-01
-7.853650019007232252e-01
-8.101287954211282560e-01
-7.722208116226907393e-01
-7.797486069991694801e-01
-7.902295379969479505e-01
-7.917987141102216242e-01
-7.764943466098004343e-01
-7.750010915084274421e-01
-7.699801727132664642e-01
-7.772179152949317826e-01
-7.898748102970618579e-01
-7.840248334943834552e-01
-8.131708052862893776e-01
-8.049645322316479890e-01
-8.119770672180361970e-01
-7.697234769417422573e-01
-7.889876348160786979e-01
-7.800563670783098313e-01
-8.146799700182103532e-01
-7.844282105605897559e-01
-8.097940313621190267e-01
-7.905840757942675934e-01
-7.999360367324794829e-01
-7.852406492944710159e-01
-8.129376719782902549e-01
-7.956918757774688045e-01
-8.081185705095577099e-01
-8.061288435107638595e-01
-7.774713981175807032e-01
-7.808993454859465277e-01
-8.081885579219245663e-01
-7.827518455943320852e-01
-8.024865051913460112e-01
-7.939442713231613657e-01
-8.083513972997374841e-01
-8.069816418442589123e-01
-8.012601405271034816e-01
-8.144637996665905488e-01
-7.970470781445471165e-01
-8.142153527048476835e-01
-8.071657863360768292e-01
-8.034474779368734332e-01
-7.915366301487378742e-01
-8.325333058363024730e-01
-7.934909171141234507e-01
-8.112048856903422145e-01
-7.950963242067176084e-01
-8.112266866396553588e-01
-8.068218251861627444e-01
-8.029820143439192481e-01
-8.172959607972311025e-01
-8.215615830729551261e-01
-7.970490278108635085e-01
-8.140005285366789245e-01
-8.190992356851567457e-01
-8.142029468600623376e-01
-8.123737763628339215e-01
-8.130266263973147112e-01
-8.197764981198557566e-01
-7.972700200946363225e-01
-7.932976686351222995e-01
-7.964700122129759752e-01
-8.158297078142859871e-01
-7.943680614182699884e-01
-7.862609875898532996e-01
-8.086155452552679090e-01
-8.120503573758610649e-01
-7.758403210093982594e-01
-8.059598317998577510e-01
-7.919767487891740121e-01
-8.204982525926690640e-01
-8.150176417581577182e-01
-8.028300429160164509e-01
-7.934754170492720471e-01
-7.838842437578263933e-01
-8.052012700201869322e-01
-8.039757086349830217e-01
-8.072069313921531597e-01
-7.947833611383455787e-01
-8.073056461711967113e-01
-8.218877502743817676e-01
-7.996591890535253988e-01
-7.993063577332413239e-01
-8.001753963096244204e-01
-8.093967601456890648e-01
-7.957393251192458328e-01
-7.790842335079183334e-01
-7.625543318910095181e-01
-7.746262306677205167e-01
-7.925408013822385911e-01
-7.579620607685529921e-01
-8.168425392835941823e-01
-8.095114834149741423e-01
-7.799273058669724534e-01
-8.016982985427114627e-01
-7.893209285762462502e-01
-7.419758853696556411e-01
-7.784484116263074016e-01
-7.762512053901631237e-01
-7.956914270997423877e-01
-7.768979809794145375e-01
-7.718082017495561109e-01
-8.203472084909033679e-01
-7.920332274813132178e-01
-7.969004462917665954e-01
-7.956118825661453453e-01
-7.854364666407074314e-01
-7.747238715809898757e-01
-7.753009796374721319e-01
-7.983143461824385723e-01
-8.056105603072226673e-01
-7.967390456387956066e-01
-8.014456795703945868e-01
-7.694650563386762343e-01
-7.825953722701360915e-01
-8.150269639342322403e-01
-7.903704385444465519e-01
-7.807594309289453971e-01
-7.876316127112785725e-01
-7.901799720123945381e-01
-8.046294980445086731e-01
-7.951691737844497343e-01
-7.761601855373601033e-01
-7.724242535304480795e-01
-7.684569283928243122e-01
-7.712720547149888306e-01
-8.025231084346325927e-01
-7.638319425059671985e-01
-7.680664561219834319e-01
-7.635030205719859353e-01
-7.773766915707770453e-01
-8.123458314452463025e-01
-7.816888349193744645e-01
-7.871723916456144776e-01
-7.831973640978453499e-01
-7.661910389355812701e-01
-7.748645510451722673e-01
-7.719750104907654453e-01
-7.785391696711674303e-01
-8.018451703287552412e-01
-7.808593428719466933e-01
-7.823911724674739165e-01
-7.896863989460364275e-01
-7.757095665928277484e-01
-7.727773233788145513e-01
-7.597268829227197262e-01
-7.749701412829586022e-01
-7.868850204752450006e-01
-7.717766004284474235e-01
-7.867934918575263392e-01
-7.859950936390622811e-01
-7.500789381977159831e-01
-7.768091942414960815e-01
-7.879932440879846567e-01
-7.788891371550477061e-01
-7.812218880856449665e-01
-7.738677978788478518e-01
-7.929655902033030390e-01
-7.887736756327625720e-01
-7.982937678926186331e-01
-7.978434162353780223e-01
-7.782018382622932773e-01
-7.719441695455644403e-01
-7.679567587103188764e-01
-8.002562962596083684e-01
-7.979711527576320851e-01
-7.779852132319047264e-01
-7.915329598568012770e-01
-7.698333409259928706e-01
-7.608170000689528090e-01
-7.620197094788234704e-01
-7.771798231087667652e-01
-7.648381290056256443e-01
-7.605500273118392940e-01
-7.760395833286886091e-01
-7.934771793289268071e-01
-7.869228305994707684e-01
-7.832195503024863559e-01
-7.905450453493343410e-01
-7.834520974808566462e-01
-8.020140074002415354e-01
-7.823300769776199148e-01
-8.058479982089169491e-01
-7.875076748485470013e-01
-7.777444083208050474e-01
-7.636638699811932884e-01
-7.814301913306378466e-01
-7.861813278101618119e-01
-7.588385166175202201e-01
-7.635009413370319464e-01
-7.706774269705279901e-01
-7.831783363772946149e-01
-7.773694923163704251e-01
-8.070807553937514589e-01
-7.878879844579343983e-01
-7.878076247691592204e-01
-7.780720673038078461e-01
-7.892072477450200463e-01
-7.546277203932130195e-01
-7.840628313879396405e-01
-8.030466279133356977e-01
-7.890948373017622197e-01
-7.878869193737516596e-01
-7.899176402946379572e-01
-7.765251163693913661e-01
-7.785294952308845495e-01
-7.889837563885599980e-01
-7.875311438831754662e-01
-7.780412138135832656e-01
-7.536510422786222296e-01
-7.775305821766635983e-01
-7.654076899172315152e-01
-7.732692846115467589e-01
-7.543048247585041333e-01
-7.715246953016499099e-01
-7.759051973703685601e-01
-8.076060816124137620e-01
-7.719763757190554188e-01
-7.878307066303602557e-01
-7.931817416411197641e-01
-7.634140044907192779e-01
-7.783142905798117184e-01
-7.736265820917973546e-01
-7.711895790349462265e-01
-7.585365965498807039e-01
-7.779175861733871322e-01
-7.757653179049706083e-01
-7.711760472571236313e-01
-7.808069502271327567e-01
-7.795704163443126777e-01
-7.910856803762800205e-01
-7.971932099959178064e-01
-7.936429281994493712e-01
-7.845418800417591765e-01
-7.828272686031007010e-01
-7.736799537022499562e-01
-7.702613352859193352e-01
-7.853163169335771743e-01
-7.927054822207593165e-01
-8.051323759412603032e-01
-7.533543138631708658e-01
-7.739353354870374124e-01
-8.028210907073667357e-01
-7.796849964666126009e-01
-7.873354979611577598e-01
-7.863110822512258125e-01
-7.864817185247579001e-01
-7.849871829433909820e-01
-7.717256005920882789e-01
-7.794516984800176074e-01
-7.519497022885202053e-01
-7.911306464374695535e-01
-7.720285239440755065e-01
-7.857859007113383587e-01
-7.727484271419031714e-01
-7.736191336413569264e-01
-7.798104352389341187e-01
-7.395263882171372316e-01
-7.896507520289813842e-01
-7.812131110465813100e-01
-7.868726960002830895e-01
-7.654635886080320972e-01
-7.695416234670610089e-01
-7.668648851176218528e-01
-7.983702109988793927e-01
-7.874987627311711424e-01
-7.685466983486772818e-01
-7.685107707018719037e-01
-7.833739440493894257e-01
-7.273968054434243324e-01
-7.960765079889776663e-01
-7.783013135597387500e-01
-7.931787897066728821e-01
-7.927456312803322636e-01
-7.831433347024279179e-01
-7.875663911228307779e-01
-7.929425051150963411e-01
-7.598840437964116123e-01
-7.574465539514712020e-01
-7.645434650921385522e-01
-7.765370778001545737e-01
-7.753030997859682305e-01
-7.868121162351613407e-01
-7.690218963816001230e-01
-7.828176346800594931e-01
-7.805932143363996101e-01
-7.772440260724261529e-01
-7.669231112592531652e-01
-7.854907767719550016e-01
-7.691241129265142806e-01
-7.712039285429598268e-01
-7.885396671815014802e-01
-7.804978088259785229e-01
-7.844948096812093263e-01
-7.945494778380197687e-01
-7.713845601589655043e-01
-7.738811765773208062e-01
-7.740949977259944381e-01
-7.756010461787588017e-01
-7.640318742274867514e-01
-7.843215936491271245e-01
-7.768694935873790008e-01
-7.787860882821170394e-01
-7.859327779638569655e-01
-7.695517502116697717e-01
-7.946730966513246841e-01
-7.950043993284560129e-01
-7.773360119273738933e-01
-7.991095602123907682e-01
-7.850886240174589359e-01
-7.897592396930650516e-01
-7.639629937799194970e-01
-7.906506126144809965e-01
-7.479794466688649557e-01
-7.815785827982256739e-01
-7.689147938206611910e-01
-8.016691760397101074e-01
-8.023635050438032712e-01
-7.779577291960421137e-01
-7.827239985317686610e-01
-7.535621816362609859e-01
-7.795406295372597771e-01
-7.676118672614817839e-01
-7.780827748023202428e-01
-7.764359391721658010e-01
-7.635907362298355316e-01
-7.805018059350343762e-01
-7.610773619866819661e-01
-7.868191313111789764e-01
-7.770089115654663647e-01
-7.825649428019890719e-01
-7.911802765595088438e-01
-7.492058961613392576e-01
-7.860387470263980880e-01
-7.571401034263215424e-01
-7.595893514394229662e-01
-7.870183065800264721e-01
-7.565989468208342839e-01
-7.873372921943847524e-01
-7.628544746040458735e-01
-7.810172881225959651e-01
-7.698046608081841047e-01
-7.830402877816105001e-01
-7.971154531873093640e-01
-7.653047655244211711e-01
-7.784206222769558536e-01
-7.545602607528147932e-01
-7.982079609666893338e-01
-7.676524315943644705e-01
-7.726440495626383242e-01
-7.940964741236913316e-01
-7.666751042470197897e-01
-7.800598579754918216e-01
-7.632127574784366431e-01
-7.805774188647599532e-01
-7.759061108318592304e-01
-7.661315634666769903e-01
-7.679367946793727029e-01
-7.573717816621912124e-01
-7.918051181777960856e-01
-7.752838278379347026e-01
-7.518317591682304180e-01
-7.775169623909170546e-01
-7.708018617179974719e-01
-7.781882320823119148e-01
-7.700584918395753098e-01
-7.921475728006125427e-01
-7.860798757185243346e-01
-7.697014759941515072e-01
-7.700276197269413370e-01
-7.728453135857463741e-01
-7.608703501946791903e-01
-7.697770500148080064e-01
-7.781675540283615744e-01
-7.700807032805047081e-01
-7.467171641151939543e-01
-7.755014093780241424e-01
-7.678825218710318978e-01
-7.634482952546742807e-01
-7.772006792040893064e-01
-7.655553733925866133e-01
-7.579750912980687261e-01
-7.871130476833554379e-01
-7.494788398922267447e-01
-7.558055074970541076e-01
-7.719526477051592561e-01
-7.812001227926766989e-01
-7.677037653924099203e-01
-7.848022410109039004e-01
-7.690555213784863176e-01
-7.785850116031842738e-01
-7.544431172165132482e-01
-7.699917104710205518e-01
-7.913687054877394100e-01
-7.584761563832588260e-01
-7.684239010359377176e-01
-7.613353329514384038e-01
-7.676293595446513907e-01
-7.760792821008430931e-01
-7.656732253705208491e-01
-7.879563665675636264e-01
-7.733340120322772515e-01
-7.507309158689703388e-01
-7.674455931346643167e-01
-7.686131834392220252e-01
-7.710677773015504055e-01
-7.576888363979138452e-01
-7.753243669003336835e-01
-7.493160020522749987e-01
-7.727285458767817472e-01
-8.034832662740903908e-01
-7.940668925876168682e-01
-7.682182740180174552e-01
-7.744411995000970439e-01
-7.918522248951180842e-01
-7.751312906491257815e-01
-7.634212251033125618e-01
-7.682610521131928438e-01
-7.636575339905250503e-01
-7.765325847433348638e-01
-7.943083147604736993e-01
-7.644696894308934398e-01
-7.816539025435585986e-01
-7.714761854262297547e-01
-7.595465194239503504e-01
-7.726468946652726988e-01
-7.664720782722262982e-01
-7.784189220289581268e-01
-7.675303285267680575e-01
-7.845584565451734216e-01
-7.605891347707735006e-01
-7.997992262359369109e-01
-7.564300459668246157e-01
-7.636074466915555581e-01
-7.588516274545813456e-01
-7.698733930812321491e-01
-7.594924767494006801e-01
-7.854512580287235091e-01
-7.650071511976574978e-01
-7.832806839977574098e-01
-7.662932568381737308e-01
-7.735479020005185946e-01
-7.606949780423992724e-01
-7.634631802857174687e-01
-7.737724109512094106e-01
-7.509877060278427052e-01
-7.603645826449899614e-01
-7.528391848322908420e-01
-7.631134866439046593e-01
-7.877314321717209245e-01
-7.849324813114034738e-01
-7.642920436015570029e-01
-7.954900954650241385e-01
-7.865311401602359531e-01
-7.739461524131667769e-01
-7.698327730220502207e-01
-7.654718961216768758e-01
-7.954444421544695221e-01
-7.736629019699712284e-01
-7.698935093872296687e-01
-7.769804403020312833e-01
-7.527763422153749273e-01
-7.823239850819845298e-01
-7.686056487309983476e-01
-7.638061262872737345e-01
-7.455796818978942531e-01
-7.624553575450752074e-01
-7.814797339568124723e-01
-7.703611800930313391e-01
-7.645812095688152565e-01
-7.782981513942626162e-01
-7.651284427467937022e-01
-7.786741107412415985e-01
-7.798447121271262494e-01
-7.499605098948840531e-01
-7.697215973692997926e-01
-7.845284450941978349e-01
-7.625339177246652778e-01
-7.942135541610024774e-01
-7.655336650720865332e-01
-7.857050868523534071e-01
-7.836065831562830653e-01
-7.647945834301237422e-01
-7.557042436684657805e-01
-7.635527756098936525e-01
-7.570589908321937456e-01
-7.721124982054409225e-01
-7.669431967747986079e-01
-7.703155488761626035e-01
-7.900240231336786989e-01
-7.808196516365402129e-01
-7.743823675945633589e-01
-7.764973363477716273e-01
-7.689259136692624397e-01
-7.863756659903041735e-01
-7.833892633254212479e-01
-7.660807018107633759e-01
-7.794132173138114128e-01
-7.796646569193417253e-01
-7.674667830533730140e-01
-7.476016348585733384e-01
-7.613573411472762675e-01
-7.416361827243557192e-01
-7.713601483529072267e-01
-7.694458648206473628e-01
-7.487998825679795800e-01
-7.710821064207769027e-01
-7.834648078077026678e-01
-7.826667489184231385e-01
-7.660457403945353239e-01
-7.660644389527164755e-01
-7.801941251240415154e-01
-7.803376118186118315e-01
-7.683165244535239413e-01
-7.850894917562061259e-01
-7.604737846334831408e-01
-7.743686348028729904e-01
-7.695981761844662428e-01
-7.685037203683434681e-01
-7.810520333261938841e-01
-7.678600806451738592e-01
-7.773839296780478136e-01
-7.681975116314059271e-01
-7.599154217521478794e-01
-7.622387431489821008e-01
-7.576817452271991105e-01
-7.833290946853347370e-01
-7.980819716460648694e-01
-7.691802693098511723e-01
-7.738810252686584290e-01
-8.022970199877842434e-01
-7.812869742639894088e-01
-7.631072555467028895e-01
-7.737543962521654661e-01
-7.803321593284342494e-01
-7.708483827673930922e-01
-7.955844009896970714e-01
-7.666848918137870728e-01
-7.738063899239060461e-01
-7.638284377543453907e-01
-7.513796438609349204e-01
-7.716019904493373049e-01
-7.826451718224198828e-01
-7.576623980288291760e-01
-7.751806528508176086e-01
-7.681430702299292257e-01
-7.818472776619406206e-01
-7.466666620537885102e-01
-7.901842971307178054e-01
-7.792720989104946483e-01
-7.718830682637647378e-01
-7.711979412072320628e-01
-7.823318690863347857e-01
-7.594474048334256544e-01
-7.628434622785575936e-01
-7.457289039175247769e-01
-7.650493954512993522e-01
-7.714485646886066750e-01
-7.691852684567501708e-01
-7.813388617813186166e-01
-7.609215500248733832e-01
-7.836312484695753255e-01
-7.925392556588257698e-01
-7.514004105836415981e-01
-7.775141940878956826e-01
-7.774468984787062942e-01
-7.544330710217892477e-01
-7.670899038302740891e-01
-7.597120746393901669e-01
-7.760965791686457171e-01
-7.717034718973195817e-01
-7.769371233969482038e-01
-7.542188095566416672e-01
-7.490484653817908178e-01
-7.473038161531586621e-01
-7.571255845524456074e-01
-7.751840899644126814e-01
-7.644581477597915953e-01
-7.477409832096412190e-01
-7.542132470829671087e-01
-7.866338025339054685e-01
-8.133409010212769852e-01
-7.808986467466624282e-01
-7.624551822322955807e-01
-7.854973425403206644e-01
-7.904717084698350549e-01
-7.959798268550490885e-01
-7.927544811318494311e-01
-7.715799432194455632e-01
-7.661220971202609142e-01
-7.655021555063674654e-01
-7.616685957813780217e-01
-7.610769814767796015e-01
-7.817571798009135264e-01
-7.685703420993428292e-01
-7.695402802366397843e-01
-7.633468503736098310e-01
-8.040131349914483305e-01
-7.783266444821204111e-01
-7.909870792881641410e-01
-8.069418840995787878e-01
-7.503681283343919262e-01
-7.516079575430886228e-01
-7.614804316684055108e-01
-7.789998845577997821e-01
-7.792559467141677576e-01
-7.842463447492029616e-01
-7.633863831842008230e-01
-8.037306160328561155e-01
-7.677036531032284117e-01
-8.102585425753430215e-01
-7.896149684384500267e-01
-7.792425507009836938e-01
-7.739239259978875074e-01
-7.620879262037498769e-01
-7.693951365469535730e-01
-7.798063203197459492e-01
-7.673562789801592343e-01
-7.631559254078659205e-01
-7.814088096037264952e-01
-8.064042975357862408e-01
-7.734828059873638528e-01
-7.707860080255340973e-01
-7.994481967481470441e-01
-7.851414207947784440e-01
-7.911768378797539025e-01
-7.740451508402239611e-01
-7.795646144816243961e-01
-7.945211349652869792e-01
-7.818760522974933513e-01
-8.047238191557247733e-01
-7.862892291318734905e-01
-8.152844225631081798e-01
-7.721269346902266406e-01
-7.671804423197825518e-01
-7.778714436403268984e-01
-7.840636252585668764e-01
-7.622720000888780767e-01
-7.945900022725400635e-01
-7.932159609537623446e-01
-7.890806862378589859e-01
-7.633252395483841601e-01
-7.742382272004946220e-01
-8.209535830773655452e-01
-7.897674006737052110e-01
-7.703394071321497671e-01
-7.909502616679982001e-01
-7.848412507553514939e-01
-7.851702505484650096e-01
-7.933009058130726654e-01
-7.679850984172740258e-01
-7.696146754812497326e-01
-7.872818524993581146e-01
-8.134741509069145504e-01
-7.794984825550347329e-01
-7.728639980322128400e-01
-7.895684999608845178e-01
-7.806844391749752088e-01
-7.844997015031183185e-01
-7.686616166640010128e-01
-7.467113004809855514e-01
-7.866918931586094343e-01
-7.818110959171780117e-01
-7.942385142435965939e-01
-7.617555888382927520e-01
-7.815898465882227253e-01
-7.933237115108575654e-01
-7.589525182638007239e-01
-7.750678548476389595e-01
-7.778238309494766023e-01
-7.569426395300286048e-01
-7.839497378857837040e-01
-7.934070523033023292e-01
-7.489568783001337993e-01
-7.785930637766943496e-01
-7.921015045406952781e-01
-7.603950375349622925e-01
-7.698173247519650708e-01
-7.835153404565909918e-01
-7.785123248604424173e-01
-7.688816615375646535e-01
-7.716435578013033370e-01
-7.672248415180457082e-01
-7.742350819372254556e-01
-7.868380124209559678e-01
-7.493929692002354592e-01
-7.725551883385691765e-01
-7.710978657648763779e-01
-7.746865398223646837e-01
-7.585613027465616387e-01
-7.678456792481825888e-01
-7.555392581069417801e-01
-7.765032603489334662e-01
-7.174808345780379071e-01
-7.245208706530639198e-01
-7.017596921311159974e-01
-6.960476708857004091e-01
-6.727150576795590808e-01
-6.694549849076714132e-01
-6.720393230360952597e-01
-6.628377238209466338e-01
-6.656553164222502872e-01
-6.610114530114632458e-01
-6.588898105462348553e-01
-6.629039900360573778e-01
-6.503654973436391318e-01
-6.563152557140575771e-01
-6.619855976058363067e-01
-6.575122705054331496e-01
-6.607270905719797582e-01
-6.560556190316830794e-01
-6.524753284689486232e-01
-6.651535140213435948e-01
-6.517498912505425013e-01
-6.506645410965978815e-01
-6.584314863137619156e-01
-6.615080947248904719e-01
-6.575506448828403183e-01
-6.501263060344526501e-01
-6.488437731247462814e-01
-6.571001047121973748e-01
-6.657083999696429277e-01
-6.611789305925992455e-01
-6.579608476489980928e-01
-6.560123112090768815e-01
-6.611586291918640779e-01
-6.467978580688499290e-01
-6.503428015090273462e-01
-6.540484715505374691e-01
-6.482150623403655221e-01
-6.457780670940482803e-01
-6.547545417413138669e-01
-6.449119811412673542e-01
-6.434618269375980137e-01
-6.488625236087757209e-01
-6.455851472222151610e-01
-6.415305682208236604e-01
-6.458340962069364366e-01
-6.449123366101496835e-01
-6.407243429668894041e-01
-6.446848639375513113e-01
-6.398448552599365069e-01
-6.394842482034348574e-01
-6.360180107736275179e-01
-6.438524622505887862e-01
-6.383487490483570337e-01
-6.449175273149225784e-01
-6.449453392402160201e-01
-6.425932933266100822e-01
-6.457406473538325198e-01
-6.443020528676441927e-01
-6.392496976996100422e-01
-6.443338068744965952e-01
-6.459410122719648761e-01
-6.425870891773233229e-01
-6.437537083872868493e-01
-6.406127672727615074e-01
-6.389507131586695809e-01
-6.398735147268601597e-01
-6.380085195471434378e-01
-6.434260509337355050e-01
-6.418284693278274444e-01
-6.402235991339683130e-01
-6.438154913359536158e-01
-6.442067388810572837e-01
-6.444810302198480390e-01
-6.388488810889172420e-01
-6.407073950916604144e-01
-6.410506224839506162e-01
-6.394251328956224167e-01
-6.445241308939646530e-01
-6.406687557944952260e-01
-6.362875809567398733e-01
-6.443451144848331147e-01
-6.364441824643651824e-01
-6.417236527114300593e-01
-6.414963310855199552e-01
-6.464232204788120661e-01
-6.490985078416275922e-01
-6.496213028286068614e-01
-6.502771245621914442e-01
-6.446872270933132754e-01
-6.428699246129232492e-01
-6.419014537612033333e-01
-6.459330029731349399e-01
-6.370467820787670821e-01
-6.401307220118193086e-01
-6.420028322679300903e-01
-6.425557084019155596e-01
-6.360756311923001505e-01
-6.366868920520749597e-01
-6.429924770054169514e-01
-6.442145038162245818e-01
-6.409234252188429348e-01
-6.418828597039307748e-01
-6.378591687371781838e-01
-6.425234335176233103e-01
-6.443224618029768092e-01
-6.419179522503106750e-01
-6.418083813517694303e-01
-6.412124637622649281e-01
-6.404199216468837719e-01
-6.353035838735985319e-01
-6.403206173588831263e-01
-6.405226512592547827e-01
-6.384247510043636886e-01
-6.387749429012721247e-01
-6.359566050955995919e-01
-6.425567880422127232e-01
-6.400645947791507862e-01
-6.425545787808046860e-01
-6.411126396289199558e-01
-6.395955544478100219e-01
-6.393595314267528362e-01
-6.422949644258950652e-01
-6.395564783682383680e-01
-6.407411655629167146e-01
-6.452458309124320390e-01
-6.411944974476002646e-01
-6.393759163591192785e-01
-6.380458113826927846e-01
-6.395928244292037324e-01
-6.373857547376642341e-01
-6.390791959047619208e-01
-6.331024963110387649e-01
-6.348471967507645086e-01
-6.341321089413864964e-01
-6.322180084355779606e-01
-6.325535577924872310e-01
-6.355903202794088713e-01
-6.401519056853051115e-01
-6.369876762186064134e-01
-6.341229880478533865e-01
-6.365009447853744451e-01
-6.341682834680344438e-01
-6.404679249707430078e-01
-6.362570034501815464e-01
-6.342930835262665656e-01
-6.347488303787627295e-01
-6.333177689205711225e-01
-6.345135357328304249e-01
-6.324625523609841427e-01
-6.315394020346336568e-01
-6.354964068241437669e-01
-6.309627359013740833e-01
-6.341254559014475323e-01
-6.339933924088545503e-01
-6.318714315059548170e-01
-6.406930191605748615e-01
-6.321634360336210179e-01
-6.351846250193584620e-01
-6.302568190544672877e-01
-6.306963519754076319e-01
-6.316298270731621756e-01
-6.299266379694699047e-01
-6.325222027121415458e-01
-6.298379135760714398e-01
-6.288226766164517478e-01
-6.295593902017140309e-01
-6.321614783135767190e-01
-6.293939430460828710e-01
-6.316354890126074650e-01
-6.315930857830323042e-01
-6.298389882845052412e-01
-6.293512787834414368e-01
-6.331551855617734148e-01
-6.281107054117041066e-01
-6.324625153213503381e-01
-6.292405592965777394e-01
-6.324511860877215508e-01
-6.296941082267064616e-01
-6.290613544158714099e-01
-6.322483919678740794e-01
-6.286075573385352389e-01
-6.325145026839829043e-01
-6.305704995343202057e-01
-6.293316990841504310e-01
-6.301596961026352250e-01
-6.306431684781439451e-01
-6.279778659778454397e-01
-6.303318895393661414e-01
-6.302600124264121639e-01
-6.308303264413801514e-01
-6.327475596159248816e-01
-6.285257604954859190e-01
-6.292307200423463698e-01
-6.269627454230377595e-01
-6.280452041064563673e-01
-6.303885613106834374e-01
-6.259334424096620886e-01
-6.330038980995487119e-01
-6.292093188649663382e-01
-6.305209247083902735e-01
-6.309923920476065984e-01
-6.276160708249556297e-01
-6.281475193500447585e-01
-6.270736567527019911e-01
-6.308463334752210105e-01
-6.273279112632874632e-01
-6.297398592696026309e-01
-6.319213224075177493e-01
-6.332276700456378471e-01
-6.263286845215636500e-01
-6.306827184924830298e-01
-6.287588129829102535e-01
-6.277696092435940400e-01
-6.266498194714493764e-01
-6.304607337987944149e-01
-6.253283133766673885e-01
-6.282772891279955196e-01
-6.293156489335021142e-01
-6.276192093980443865e-01
-6.282304793282884603e-01
-6.287759387963962610e-01
-6.286922383413591220e-01
-6.280867008759558612e-01
-6.299743288622046133e-01
-6.305561600688529555e-01
-6.325180930598977014e-01
-6.296299600595589574e-01
-6.295935468157287662e-01
-6.306048681663622979e-01
-6.280481173907765946e-01
-6.326281151230430666e-01
-6.275741446860181316e-01
-6.334249345574576306e-01
-6.322753004309711322e-01
-6.288144497427192725e-01
-6.319588517886645107e-01
-6.308513521659344647e-01
-6.327437501342838555e-01
-6.294025982069257896e-01
-6.303684252780348274e-01
-6.304085084873500833e-01
-6.316309291520649793e-01
-6.299380825213360957e-01
-6.313076930499699202e-01
-6.313297968753994738e-01
-6.333670615788262737e-01
-6.301793419595571599e-01
-6.306871734789003536e-01
-6.335053977878479792e-01
-6.354009687038901788e-01
-6.355104556467082721e-01
-6.385834501827263310e-01
-6.348068941032741774e-01
-6.318061379121444610e-01
-6.328652457053456359e-01
-6.365054715640230398e-01
-6.352662253287639782e-01
-6.374959278282255060e-01
-6.322551898386585822e-01
-6.419937563087534382e-01
-6.373677312847645382e-01
-6.378551818049862376e-01
-6.381341093306207579e-01
-6.418557157096201893e-01
-6.401753734869318757e-01
-6.443872788450545341e-01
-6.379263789427573883e-01
-6.386685707056192207e-01
-6.399604377474337191e-01
-6.422355717737862069e-01
-6.437654620768831215e-01
-6.461137797961142848e-01
-6.478175349869578215e-01
-6.448760818383983962e-01
-6.449354004791747474e-01
-6.446265315021938447e-01
-6.386298785045061432e-01
-6.421298600407714385e-01
-6.473828282748366192e-01
-6.428851880704156141e-01
-6.458063113720982074e-01
-6.387677893621656056e-01
-6.446637970186526179e-01
-6.489781475714799797e-01
-6.474294960536723931e-01
-6.421950860079820300e-01
-6.479069891288765648e-01
-6.471719932361418293e-01
-6.505672645640073748e-01
-6.475951948254270452e-01
-6.490921270402449927e-01
-6.505494225520710438e-01
-6.500295871349243138e-01
-6.465811991382790502e-01
-6.450230050356559053e-01
-6.529292872802032743e-01
-6.487556480867044950e-01
-6.467785285671687756e-01
-6.511647240417773874e-01
-6.506572586295791272e-01
-6.509500861779629055e-01
-6.508261602501824727e-01
-6.496422473367343686e-01
-6.464438879429661444e-01
-6.474040223458509269e-01
-6.503950860046200377e-01
-6.512426866907095047e-01
-6.496562427651424443e-01
-6.490004423247539567e-01
-6.505168367744393887e-01
-6.505531684775289758e-01
-6.506853768897322698e-01
-6.469908781410476095e-01
-6.507617639896418060e-01
-6.487568764993206782e-01
-6.492284700014194776e-01
-6.459585722958323117e-01
-6.479607430009515223e-01
-6.506415116992037007e-01
-6.433339773193476052e-01
-6.503987223882781166e-01
-6.436497509403329431e-01
-6.457845818473302302e-01
-6.468563855608304713e-01
-6.445076109218108584e-01
-6.458127573245739939e-01
-6.474985358990821283e-01
-6.480104223955613918e-01
-6.493604592960930955e-01
-6.513337485036030383e-01
-6.485638920345847547e-01
-6.473547607465599540e-01
-6.515488697947198204e-01
-6.456649708144819311e-01
-6.520109991809925898e-01
-6.477310446384957343e-01
-6.505188367683849560e-01
-6.487840819298003048e-01
-6.476695827240543935e-01
-6.496638650112642743e-01
-6.537140429543782938e-01
-6.520148767031754833e-01
-6.502997736930078432e-01
-6.485318932252539526e-01
-6.536210896220719935e-01
-6.472841546034906468e-01
-6.552414760712470532e-01
-6.479071120041499654e-01
-6.503896411411884682e-01
-6.550199890504733169e-01
-6.550889597270985742e-01
-6.521170052725557831e-01
-6.529245493829579639e-01
-6.577139016292501417e-01
-6.553022749893541166e-01
-6.576498101122952855e-01
-6.576298939627718276e-01
-6.576883026115803998e-01
-6.548481915323562941e-01
-6.580207249574512307e-01
-6.615395124570926377e-01
-6.596243948566297144e-01
-6.577859919160595759e-01
-6.595523268933519700e-01
-6.613906200464800822e-01
-6.580552362535134758e-01
-6.601720156078849655e-01
-6.616143090149493311e-01
-6.597706092411496082e-01
-6.640407418282070484e-01
-6.659421554742239735e-01
-6.677999241095275984e-01
-6.654046247617948495e-01
-6.614870541142872096e-01
-6.681541830235544488e-01
-6.721802256443009105e-01
-6.709978686574862294e-01
-6.761376513179646608e-01
-6.738080954835803382e-01
-6.720304031163899516e-01
-6.699377090211695585e-01
-6.666410927203481052e-01
-6.767247531679058126e-01
-6.735288516132580394e-01
-6.732053902516083044e-01
-6.796259930010918326e-01
-6.752616897175467425e-01
-6.780132944005318185e-01
-6.790790611477556249e-01
-6.779647388171085032e-01
-6.803776542232485847e-01
-6.792299511708479454e-01
-6.871678218382903935e-01
-6.795624334910436160e-01
-6.815860789363759054e-01
-6.785275941027875124e-01
-6.831283791327924515e-01
-6.753701722732402546e-01
-6.837733793705613738e-01
-6.778931469952370614e-01
-6.785905173975361748e-01
-6.753283105144911591e-01
-6.714836001685795530e-01
-6.757848221959370516e-01
-6.708993507812810453e-01
-6.678491113727835771e-01
-6.674813697477690599e-01
-6.621210278357794188e-01
-6.694513205985257454e-01
-6.688568409726571851e-01
-6.712909271854936577e-01
-6.693562305527317458e-01
-6.628521285006361285e-01
-6.717557618370398886e-01
-6.661089060542199070e-01
-6.662132041720310038e-01
-6.610925655856566552e-01
-6.724680071293756001e-01
-6.727161551722863342e-01
-6.784032905076833320e-01
-6.729708936040368350e-01
-6.760889154076465957e-01
-6.787889355454441720e-01
-6.847200549360050736e-01
-6.830003034577601939e-01
-6.841129091668421980e-01
-6.807905647885970080e-01
-6.866482030857282703e-01
-6.915482513467521297e-01
-7.007710392309132175e-01
-6.954824466826377005e-01
-6.959497744198450686e-01
-6.925359121914848037e-01
-6.919237910445312778e-01
-6.942500010669665489e-01
-6.827227937206121755e-01
-6.899325376283285127e-01
-6.833625374855074597e-01
-6.805322519069370024e-01
-6.786388933638549670e-01
-6.833423566461189758e-01
-6.780034117427673479e-01
-6.732684674046672813e-01
-6.754375314201830349e-01
-6.741155199906456730e-01
-6.693503901636796982e-01
-6.635060610158107774e-01
-6.716850405875258723e-01
-6.638194076344168248e-01
-6.614840291093821989e-01
-6.683067906540864911e-01
-6.658284443196191837e-01
-6.625379290482072969e-01
-6.656361752858980241e-01
-6.679988135134984351e-01
-6.622685982200026134e-01
-6.675967566378180340e-01
-6.654340463623386048e-01
-6.659043208562296368e-01
-6.577280953194022395e-01
-6.596419919810139199e-01
-6.593156935311299538e-01
-6.627943326778642508e-01
-6.596487241848175698e-01
-6.613863954728544936e-01
-6.598215710130368450e-01
-6.604004442921762585e-01
-6.599309283801975123e-01
-6.586346784055003845e-01
-6.600940105769080857e-01
-6.574904347555443618e-01
-6.547733076818236242e-01
-6.582810347927947614e-01
-6.554935144330533703e-01
-6.609577679386406945e-01
-6.584835985858212837e-01
-6.569477716549163571e-01
-6.537080502171632723e-01
-6.536152381463595784e-01
-6.538292346332923444e-01
-6.506454878710610235e-01
-6.555169190780056887e-01
-6.543776816343123137e-01
-6.540239480733780475e-01
-6.559609158551999997e-01
-6.560669112990415996e-01
-6.539218416147329904e-01
-6.543371557650043968e-01
-6.482288719417454992e-01
-6.545128827991222309e-01
-6.546012205682050222e-01
-6.486243522470380718e-01
-6.552265448620211430e-01
-6.515931811617106106e-01
-6.491667237906706411e-01
-6.507770513647526123e-01
-6.509208566917075167e-01
-6.488277262782267130e-01
-6.512875560664959096e-01
-6.476158598993744242e-01
-6.490360896820055459e-01
-6.484841417012234821e-01
-6.486915272453859238e-01
-6.524721259044738986e-01
-6.502554489776777302e-01
-6.503720689085574769e-01
-6.490961217064623590e-01
-6.505826480559226965e-01
-6.420873619832714319e-01
-6.446006762299920645e-01
-6.482892413217333782e-01
-6.459301685677947269e-01
-6.483736883280419860e-01
-6.454302302542465064e-01
-6.482020773820531545e-01
-6.489850204100848785e-01
-6.477951112908670872e-01
-6.469030359075671477e-01
-6.465943140423915381e-01
-6.502638751895046809e-01
-6.424252417007592086e-01
-6.498153632119856304e-01
-6.411005722417817410e-01
-6.481938269019020815e-01
-6.462699714226283199e-01
-6.449334906729271566e-01
-6.447716006479016215e-01
-6.435970826846220127e-01
-6.478038080629073825e-01
-6.446168693566267649e-01
-6.454614772952620427e-01
-6.466942568909894717e-01
-6.443989558665421669e-01
-6.442012202075115823e-01
-6.464532004536804877e-01
-6.474767083813111057e-01
-6.429414173898262419e-01
-6.443707932729356713e-01
-6.407242839650058031e-01
-6.433706867669570784e-01
-6.434400758308616020e-01
-6.427590551402797558e-01
-6.438123393611157042e-01
-6.431832145122600153e-01
-6.417002228656922824e-01
-6.390658551135937060e-01
-6.446745249207790351e-01
-6.360263101005161346e-01
-6.430036139205386192e-01
-6.401694714268932884e-01
-6.414521444681176021e-01
-6.430700593092222306e-01
-6.405916492589369682e-01
-6.403352307752019357e-01
-6.394133817910159223e-01
-6.432669156925854281e-01
-6.389540109968869785e-01
-6.396089832242868312e-01
-6.393526988854043580e-01
-6.393920008386198006e-01
-6.391857730894621170e-01
-6.364929904030960373e-01
-6.386887718452909368e-01
-6.400695452600224655e-01
-6.357934253010402159e-01
-6.393853468620802616e-01
-6.375549474642498993e-01
-6.416528437346853408e-01
-6.357910414318217462e-01
-6.397819021913706550e-01
-6.378923363977611061e-01
-6.374665771424394833e-01
-6.388434085553855724e-01
-6.370254896691678326e-01
-6.372817940389010616e-01
-6.376074308727739393e-01
-6.400747253367891076e-01
-6.405987879870993496e-01
-6.364499293519063627e-01
-6.389499023860940596e-01
-6.366318302606810420e-01
-6.354094173815036939e-01
-6.367995990324697431e-01
-6.362112266993369403e-01
-6.364813681893206621e-01
-6.350551224303968567e-01
-6.374202904433685646e-01
-6.358541743601922036e-01
-6.381739261539713937e-01
-6.355948055567912647e-01
-6.371762463716255098e-01
-6.381236554581359854e-01
-6.342720091805773563e-01
-6.346454146660880369e-01
-6.374886768905128065e-01
-6.357171288223986139e-01
-6.357554080964860077e-01
-6.338022260490472348e-01
-6.342075345835525013e-01
-6.351544397437764999e-01
-6.352605404030766678e-01
-6.349287471353868284e-01
-6.331087566126107902e-01
-6.354492750317204397e-01
-6.372720110554093154e-01
-6.342295372834545475e-01
-6.362847826664648210e-01
-6.351248002012539473e-01
-6.363702761624514537e-01
-6.356556297973181557e-01
-6.361533007273560969e-01
-6.368138509631373623e-01
-6.342115031406674319e-01
-6.343510767385840410e-01
-6.354271773295030457e-01
-6.354758433725269384e-01
-6.341260317035048999e-01
-6.370957514905386532e-01
-6.330606076825811002e-01
-6.347152691130366620e-01
-6.345246006988238818e-01
-6.349870133161683583e-01
-6.362738463500567931e-01
-6.345870641186994732e-01
-6.361175752785177551e-01
-6.338579150222098946e-01
-6.340286436861175545e-01
-6.327822074429336752e-01
-6.360354069667595311e-01
-6.361275766166372136e-01
-6.324457473246116734e-01
-6.340770344063582087e-01
-6.353459700911709973e-01
-6.339265783392642462e-01
-6.355898261601522492e-01
-6.326437344158311049e-01
-6.340195085995503632e-01
-6.356637066099359856e-01
-6.339620443832210128e-01
-6.347483092304253560e-01
-6.328926573837394542e-01
-6.327842997890282817e-01
-6.351486202173006745e-01
-6.313984274398398711e-01
-6.335705352998539652e-01
-6.357209473355540652e-01
-6.346581275735214689e-01
-6.327205363688550577e-01
-6.357198915756256952e-01
-6.318885395411477646e-01
-6.322136890724703306e-01
-6.327866261146626314e-01
-6.336279901051327101e-01
-6.342766832868296234e-01
-6.314060582533427279e-01
-6.322484980701128521e-01
-6.308941651433954689e-01
-6.343903209831536216e-01
-6.326301300139709483e-01
-6.323549573914322153e-01
-6.341265515505511985e-01
-6.318658113153166056e-01
-6.325273088073934957e-01
-6.328204704620485899e-01
-6.318551584862532877e-01
-6.331396120976364728e-01
-6.328373511901688175e-01
-6.316045934074541179e-01
-6.324978876121676308e-01
-6.311173467128687875e-01
-6.332758617498477349e-01
-6.328024120782895778e-01
-6.291806824590633340e-01
-6.318738759368729418e-01
-6.310140552893681587e-01
-6.306685525601611886e-01
-6.306756395755810374e-01
-6.316639737362370610e-01
-6.315063421590467740e-01
-6.296048669709577439e-01
-6.340200965552824641e-01
-6.304881330976872533e-01
-6.308858971982820307e-01
-6.312309710883026170e-01
-6.307760154915911244e-01
-6.302701483488490908e-01
-6.300718802143601138e-01
-6.326796241702501433e-01
-6.311741113399094161e-01
-6.274551052177130828e-01
-6.286672646899162942e-01
-6.314567493239406915e-01
-6.312208804025996045e-01
-6.312355472066801809e-01
-6.302345897561210109e-01
-6.294401380681735603e-01
-6.289886626052005880e-01
-6.285511132074566021e-01
-6.295277971515123028e-01
-6.316008448930094943e-01
-6.269451329440238752e-01
-6.286681488491137060e-01
-6.282542008694900204e-01
-6.297688607599534194e-01
-6.312525002717785938e-01
-6.306714397010955153e-01
-6.280610647593665163e-01
-6.283248475358647056e-01
-6.290215610077130037e-01
-6.278337571057441835e-01
-6.295165194137970488e-01
-6.281236275056825136e-01
-6.292048393859914768e-01
-6.295619381476873500e-01
-6.294736831990492831e-01
-6.273358305539948887e-01
-6.277399207155536232e-01
-6.272811678199117225e-01
-6.297128275312946499e-01
-6.296449052136630087e-01
-6.296368723032044201e-01
-6.283852926893400692e-01
-6.286668842834863824e-01
-6.296399868413251610e-01
-6.292772701173969807e-01
-6.291709483343339571e-01
-6.254670338439050070e-01
-6.296324774753614406e-01
-6.294684223553241864e-01
-6.269074413437358828e-01
-6.296512688967750293e-01
-6.273044035890293912e-01
-6.264351392687270703e-01
-6.289501490246705018e-01
-6.267222173252440243e-01
-6.298490180553688589e-01
-6.289992589929847000e-01
-6.284027295335601337e-01
-6.294992045917746637e-01
-6.272525376988866697e-01
-6.296449842148730269e-01
-6.279511095335532644e-01
-6.292915216998888894e-01
-6.261838045148468979e-01
-6.278093280002954302e-01
-6.259811630456084686e-01
-6.247818425214184401e-01
-6.280116784196216884e-01
-6.298662044030036711e-01
-6.256205444610518640e-01
-6.280314100113884024e-01
-6.261402181829192060e-01
-6.250421245698047912e-01
-6.266037742766048524e-01
-6.268462257744955579e-01
-6.275837055600401726e-01
-6.263010135503304099e-01
-6.261192850815238131e-01
-6.260303473130672813e-01
-6.276246686427802146e-01
-6.280238224889931331e-01
-6.263045744136848114e-01
-6.254524996907688816e-01
-6.257033884074614249e-01
-6.266516637930168443e-01
-6.253986645965294855e-01
-6.269072365139960468e-01
-6.277273147946607068e-01
-6.254535033652217635e-01
-6.256839443781689880e-01
-6.256228601504254527e-01
-6.255256656439911467e-01
-6.255268713291597393e-01
-6.275335963211423618e-01
-6.272313704307208582e-01
-6.269953818290732173e-01
-6.248038213743232205e-01
-6.267957860491231159e-01
-6.249106578420038360e-01
-6.248644581805091747e-01
-6.271656429896159679e-01
-6.242106892405230312e-01
-6.252212672441528341e-01
-6.258904312183064533e-01
-6.261179183487639577e-01
-6.254194395998498024e-01
-6.255184911882114562e-01
-6.253714814265061150e-01
-6.270283308991855264e-01
-6.262232753190470902e-01
-6.246230422757497180e-01
-6.239699190313752197e-01
-6.246778213597448115e-01
-6.253767790611526323e-01
-6.249736574083719631e-01
-6.264459421960149044e-01
-6.256726319537211367e-01
-6.255629008101690758e-01
-6.254776131243930948e-01
-6.253501873850355608e-01
-6.239921979565323795e-01
-6.228883852582498548e-01
-6.270265901320843938e-01
-6.242488892225637187e-01
-6.250383213588612819e-01
-6.235432835554375330e-01
-6.243081909572945065e-01
-6.251268811059462749e-01
-6.261869709983809429e-01
-6.244699114126426309e-01
-6.244912448112014403e-01
-6.246993969280252301e-01
-6.242004459259042903e-01
-6.265346507888720495e-01
-6.237172265995312159e-01
-6.234573568845975799e-01
-6.232518479753244023e-01
-6.248286971339211959e-01
-6.247244250025021373e-01
-6.251466627259354425e-01
-6.250739150012298850e-01
-6.245925373290610594e-01
-6.240655305561704225e-01
-6.242862415414318633e-01
-6.234395550794094021e-01
-6.229898129021886888e-01
-6.219729905741608889e-01
-6.238772376350798510e-01
-6.231263108868727585e-01
-6.224158069880640909e-01
-6.239244187257320107e-01
-6.224947191930443324e-01
-6.233514988370991716e-01
-6.246247444347403643e-01
-6.218479559314005201e-01
-6.214471659821079186e-01
-6.240612833952230432e-01
-6.255804326132121673e-01
-6.242139937500077451e-01
-6.234313338048345088e-01
-6.215170443164197422e-01
-6.230135048038061285e-01
-6.234566398297118894e-01
-6.236643777041539494e-01
-6.230765693340529765e-01
-6.226706231507819211e-01
-6.246949592461881196e-01
-6.237667442022054587e-01
-6.233056796629909968e-01
-6.228034970981486396e-01
-6.228875743775148521e-01
-6.224064537574012235e-01
-6.235811632755403622e-01
-6.230709512442533793e-01
-6.240262822554463185e-01
-6.230973778043829014e-01
-6.246202720593299063e-01
-6.254439760171202067e-01
-6.233224062237852081e-01
-6.232175036331160101e-01
-6.228723156950071171e-01
-6.217012667653580849e-01
-6.235184142960203957e-01
-6.236153482114037416e-01
-6.237366352687168103e-01
-6.236548028068362726e-01
-6.234846921314662893e-01
-6.218008241484085374e-01
-6.214602560125648267e-01
-6.234515296524030248e-01
-6.228906231458211096e-01
-6.228597718728963173e-01
-6.204128651862585997e-01
-6.204819727134953666e-01
-6.231066528681186156e-01
-6.240135891825531189e-01
-6.220472057589692128e-01
-6.240185470109835819e-01
-6.219253894816834105e-01
-6.212899741743420634e-01
-6.224781766989693210e-01
-6.218978588181514056e-01
-6.210467719142105381e-01
-6.205545109948751303e-01
-6.221139056009885593e-01
-6.234561632422543909e-01
-6.235616124898157864e-01
-6.219732734336300695e-01
-6.248060966798991700e-01
-6.216821587761707235e-01
-6.227567103754161337e-01
-6.226064266258113378e-01
-6.206402202615937114e-01
-6.221778521488054992e-01
-6.212939164971071904e-01
-6.216743782664675422e-01
-6.243055478785830559e-01
-6.207538049315033390e-01
-6.233791649589726092e-01
-6.233703436524606900e-01
-6.225238246260751396e-01
-6.222184818835447828e-01
-6.225935432792280011e-01
-6.215436727042629173e-01
-6.215515052055540224e-01
-6.242474641485653564e-01
-6.215526071058228297e-01
-6.192946298689996354e-01
-6.225266656095129747e-01
-6.212867109652329134e-01
-6.233180384681134001e-01
-6.224258981543258074e-01
-6.208189601173490502e-01
-6.237719568093993416e-01
-6.200833894335051610e-01
-6.187816487026616130e-01
-6.232998662382147614e-01
-6.224596441257741475e-01
-6.222220861877687526e-01
-6.237976043932818015e-01
-6.224512570770261988e-01
-6.226104565353942633e-01
-6.214351369322876906e-01
-6.227112088886741503e-01
-6.217151622419176960e-01
-6.209093361249813370e-01
-6.210193859013131146e-01
-6.209335511204976399e-01
-6.218661332268080599e-01
-6.203705413742461872e-01
-6.216642679209325451e-01
-6.221733319377431570e-01
-6.207639026990356967e-01
-6.194296827410283868e-01
-6.209778814587458839e-01
-6.223117999829277380e-01
-6.223920580516946188e-01
-6.232045312829015415e-01
-6.220017810527469493e-01
-6.207531863497237623e-01
-6.210958151469530009e-01
-6.208296228082392787e-01
-6.218799716301717240e-01
-6.218931640482221468e-01
-6.216014313986555351e-01
-6.213946757098067764e-01
-6.234449477178767296e-01
-6.204841133336209680e-01
-6.227850554871334765e-01
-6.216767841364720937e-01
-6.212440532470875354e-01
-6.216060080853136327e-01
-6.215956760577086015e-01
-6.217715197269964023e-01
-6.201242982952699379e-01
-6.230058599860264223e-01
-6.235536899318461224e-01
-6.214561066536568035e-01
-6.211460104785651026e-01
-6.226243224156640110e-01
-6.216149420128331826e-01
-6.209576765763191730e-01
-6.221079223203958009e-01
-6.224035725369692074e-01
-6.216513670179253381e-01
-6.208164997726957068e-01
-6.190558243443859965e-01
-6.202470589849209404e-01
-6.212133243370434599e-01
-6.221044246533722344e-01
-6.226864733878088032e-01
-6.231557843163990640e-01
-6.220386720354760257e-01
-6.212574023125103651e-01
-6.210702131293430739e-01
-6.201234527379515526e-01
-6.197570993188303845e-01
-6.207873400234351635e-01
-6.205778566692305986e-01
-6.218543102257392263e-01
-6.212996703690798483e-01
-6.200106198099017973e-01
-6.226513076962270077e-01
-6.205834224911210839e-01
-6.209289468250691613e-01
-6.212582901504202226e-01
-6.196384819524531906e-01
-6.190239013633558329e-01
-6.207410163808866344e-01
-6.204649559363133449e-01
-6.204941572128408467e-01
-6.202595322560373603e-01
-6.199108548101079919e-01
-6.188229335584427560e-01
-6.224423655756936569e-01
-6.185239797591020050e-01
-6.196602266492288180e-01
-6.213680556398699650e-01
-6.202677992218870173e-01
-6.196192637674204917e-01
-6.210043621717034057e-01
-6.210639331543479358e-01
-6.210876578778350421e-01
-6.216485531420694599e-01
-6.207077259032178773e-01
-6.204456332268328822e-01
-6.190143048497258604e-01
-6.211897419424836642e-01
-6.209617985409021657e-01
-6.180472516885604506e-01
-6.192783008332529704e-01
-6.206181641601755672e-01
-6.206445507334645839e-01
-6.204971374954535435e-01
-6.223502828578979518e-01
-6.207906674674390501e-01
-6.205389541763750572e-01
-6.215502542447808310e-01
-6.205315156347381844e-01
-6.186170890933286870e-01
-6.197563509763348577e-01
-6.212016760126015669e-01
-6.206440189242030669e-01
-6.201654628385355750e-01
-6.194365682519560323e-01
-6.199337976679117901e-01
-6.221903268252724217e-01
-6.228582759394143409e-01
-6.211837314294275103e-01
-6.207060628904521593e-01
-6.204183756819912077e-01
-6.213990881182329673e-01
-6.199238333719474525e-01
-6.199647690939187328e-01
-6.222948374995223020e-01
-6.209093354763002282e-01
-6.186285046921273789e-01
-6.189952560849913965e-01
-6.215480186001300922e-01
-6.216656845588008906e-01
-6.218163045491262864e-01
-6.212663671269389454e-01
-6.226380546345708922e-01
-6.199790169852867905e-01
-6.197385445596044207e-01
-6.202256409789477232e-01
-6.206841991913414347e-01
-6.205820959098264922e-01
-6.210989340737818054e-01
-6.207309547084829404e-01
-6.225028768914757649e-01
-6.200759259182628824e-01
-6.204325878372163316e-01
-6.205978278092647571e-01
-6.217840008237267568e-01
-6.221035936793786192e-01
-6.208014537888129070e-01
-6.206333859962933630e-01
-6.193442644200093383e-01
-6.211381468042294074e-01
-6.210993211152180393e-01
-6.210649817323794508e-01
-6.228503282402400032e-01
-6.216275281209284742e-01
-6.209164092349253039e-01
-6.220216935529156999e-01
-6.195641383053347440e-01
-6.200584184221877848e-01
-6.206591779042769375e-01
-6.204778066693048544e-01
-6.212480888052871464e-01
-6.211698274248940166e-01
-6.207887157728322336e-01
-6.211008404749387424e-01
-6.200922654947538248e-01
-6.222699092820382916e-01
-6.206599918989432751e-01
-6.220491450811476142e-01
-6.228491283647130672e-01
-6.217067484776661601e-01
-6.204206411231298901e-01
-6.206866419263832313e-01
-6.220295552661454508e-01
-6.220667642484567494e-01
-6.201462851626846629e-01
-6.205910965647252198e-01
-6.204766242235955076e-01
-6.199447169421894444e-01
-6.203976014360836899e-01
-6.201889273631717714e-01
-6.201898779968511022e-01
-6.205384082480964736e-01
-6.205292305246885576e-01
-6.220459722287703386e-01
-6.207070780160979240e-01
-6.215376203762730256e-01
-6.184440485369897544e-01
-6.205804743404801371e-01
-6.225379906546919528e-01
-6.205627391475676546e-01
-6.177544796109799563e-01
-6.186660179136573845e-01
-6.199881435494098980e-01
-6.201096380914279393e-01
-6.193566046173870632e-01
-6.191980883810082048e-01
-6.206261150502339063e-01
-6.220511524472698284e-01
-6.204462055461341663e-01
-6.198822065757383371e-01
-6.198111731108379985e-01
-6.187363944339328015e-01
-6.187127906699583235e-01
-6.200933025071790894e-01
-6.214998913111298151e-01
-6.189777104397133911e-01
-6.175468267330987970e-01
-6.203774037578071443e-01
-6.205819584844913805e-01
-6.195043633347978584e-01
-6.193742529468462266e-01
-6.195941070136630202e-01
-6.195343204181309460e-01
-6.214773188847875218e-01
-6.193067223365336105e-01
-6.189831715141949076e-01
-6.195362856233259663e-01
-6.197645190610625576e-01
-6.190053327796789517e-01
-6.195958173744138264e-01
-6.211315692920216236e-01
-6.212109136720496139e-01
-6.197308198435962368e-01
-6.195919630867727790e-01
-6.193889662865821322e-01
-6.203709164051822711e-01
-6.185220226399028576e-01
-6.196083956502818069e-01
-6.199251717930724936e-01
-6.185912082323277161e-01
-6.197487386899016570e-01
-6.196692439584374767e-01
-6.196354102593168989e-01
-6.195362021392867291e-01
-6.199144839343642133e-01
-6.185178240838933306e-01
-6.202093538189217270e-01
-6.192947037630833762e-01
-6.196236384427287192e-01
-6.193409141848231769e-01
-6.177933008891187683e-01
-6.184286747930620720e-01
-6.208109616145307541e-01
-6.201657807410736467e-01
-6.225441123805364185e-01
-6.202513871233676923e-01
-6.198413282442096772e-01
-6.193688169627815654e-01
-6.191469288763045142e-01
-6.190886668296009532e-01
-6.194404034007483517e-01
-6.207778741088016972e-01
-6.183092313695865982e-01
-6.198875049335477172e-01
-6.199181623965692722e-01
-6.197447293737727847e-01
-6.201053739660196129e-01
-6.177807016500977966e-01
-6.191573110256705093e-01
-6.182670554191229684e-01
-6.201546727110400781e-01
-6.184691674019990870e-01
-6.191159173485356604e-01
-6.180285115074326541e-01
-6.186191931049087600e-01
-6.196740001053129276e-01
-6.185576581026399623e-01
-6.190077759823608972e-01
-6.200073189695789466e-01
-6.204266867180638911e-01
-6.183112786971509678e-01
-6.172086639216711745e-01
-6.189550062539090902e-01
-6.183629392265341806e-01
-6.178890970215746847e-01
-6.194009881893567382e-01
-6.194428141885985895e-01
-6.196193817274586735e-01
-6.192740461562298293e-01
-6.176888811414649183e-01
-6.187211070222176090e-01
-6.194615663737490507e-01
-6.194349397857248363e-01
-6.184991863004292156e-01
-6.182108723037789133e-01
-6.180011241540537270e-01
-6.193938759109425263e-01
-6.181881717549142508e-01
-6.193343407989058136e-01
-6.177634820959223561e-01
-6.179640490905189409e-01
-6.195331161994666047e-01
-6.176971859448272539e-01
-6.184681346213132258e-01
-6.178150061906713120e-01
-6.181842084784783253e-01
-6.200443304631360064e-01
-6.184351354100794396e-01
-6.183340727059167818e-01
-6.189778133245535940e-01
-6.176666235041423647e-01
-6.177840736772779451e-01
-6.187488481059766343e-01
-6.177882461017976112e-01
-6.185080512498117855e-01
-6.193923928097149201e-01
-6.176540293884542621e-01
-6.178397110175222195e-01
-6.183589492437082669e-01
-6.179844625451931250e-01
-6.188746567553184974e-01
-6.179471660244288955e-01
-6.171986732618996996e-01
-6.177130506023580381e-01
-6.192555316930015152e-01
-6.192969907075713820e-01
-6.193693085637086426e-01
-6.172979620124223743e-01
-6.169767002259050059e-01
-6.187757847034589531e-01
-6.188062289062834509e-01
-6.183100011052502509e-01
-6.173891337764043641e-01
-6.165679044451053414e-01
-6.170324700886933300e-01
-6.196438513498616629e-01
-6.205161847046216650e-01
-6.183386320855497331e-01
-6.186088051444507130e-01
-6.169472854279351992e-01
-6.179911495348342498e-01
-6.184256970775265927e-01
-6.186413803653962873e-01
-6.174263862546602866e-01
-6.183085430743329169e-01
-6.179462810836309217e-01
-6.193784427288218097e-01
-6.186801206002474629e-01
-6.189960347333691715e-01
-6.189640907721027929e-01
-6.211720786175920495e-01
-6.185906699267764708e-01
-6.161623184991498192e-01
-6.170091363096403825e-01
-6.171245960542499631e-01
-6.176632088033624512e-01
-6.181671013593028619e-01
-6.168309100795443811e-01
-6.185303001332265183e-01
-6.172619452843122190e-01
-6.188092610475930400e-01
-6.190464825759693923e-01
-6.193022649445563133e-01
-6.187501177447654044e-01
-6.178349785161678653e-01
-6.187870149999898928e-01
-6.193382698642633244e-01
-6.197393233619568065e-01
-6.184150082018877725e-01
-6.183183450442850670e-01
-6.186608445711296866e-01
-6.178026018512774442e-01
-6.185263001992371557e-01
-6.184315580897106202e-01
-6.170158590549874589e-01
-6.175323674848893774e-01
-6.174190453458514583e-01
-6.165458455522703218e-01
-6.187303485167507944e-01
-6.191247432681130647e-01
-6.172859236494812052e-01
-6.188628900911439246e-01
-6.189844402826860659e-01
-6.179417795976203109e-01
-6.162333258775216649e-01
-6.162169643432537924e-01
-6.174178423458922538e-01
-6.181561277879978888e-01
-6.185171438136229938e-01
-6.191776506659429913e-01
-6.180469582702770026e-01
-6.175978183385133491e-01
-6.187154091495585817e-01
-6.182982572918174213e-01
-6.179818902845557460e-01
-6.183884703940645267e-01
-6.176730005299990722e-01
-6.196290687439329758e-01
-6.195126376510735611e-01
-6.181985682935255966e-01
-6.185389652873425348e-01
-6.180545377339914381e-01
-6.160880969629509707e-01
-6.159417411231249417e-01
-6.174773950988932114e-01
-6.179698951465848467e-01
-6.184420777477352971e-01
-6.192170471476483584e-01
-6.176438582411289957e-01
-6.176352951508548017e-01
-6.168372703584292793e-01
-6.173205046978544885e-01
-6.177729158482474503e-01
-6.183707658021067033e-01
-6.165900787305638175e-01
-6.163615768071846190e-01
-6.162223806052615771e-01
-6.183265347056607908e-01
-6.169164053136206860e-01
-6.173426887714725808e-01
-6.162960277931741615e-01
-6.165293969314813438e-01
-6.170699465185300880e-01
-6.176455207955005022e-01
-6.168273876898169306e-01
-6.179049980578010803e-01
-6.161378126298551194e-01
-6.166693092671433618e-01
-6.174664826059128586e-01
-6.166332030369705564e-01
-6.160162092253731458e-01
-6.169826887891467493e-01
-6.174400867185596553e-01
-6.173430843170848448e-01
-6.171880681527444068e-01
-6.161459123028212304e-01
-6.171473342222046909e-01
-6.174655744464079277e-01
-6.175304733665889501e-01
-6.169938034204776045e-01
-6.190564350836531560e-01
-6.190048209569116722e-01
-6.172346164513378142e-01
-6.173171557298289258e-01
-6.176023287433949349e-01
-6.180954483566054591e-01
-6.181457880977081487e-01
-6.169357269379194264e-01
-6.180244436785837792e-01
-6.157745914988002056e-01
-6.152520049344705200e-01
-6.172994255660224638e-01
-6.191580783720791459e-01
-6.184727969711278917e-01
-6.173902396252461955e-01
-6.171174937406664895e-01
-6.166292961008732476e-01
-6.162678256850426806e-01
-6.184814015634447770e-01
-6.184627296337446012e-01
-6.173173484058089855e-01
-6.178491408280262220e-01
-6.183977052347184866e-01
-6.174337309566748644e-01
-6.174400494108649440e-01
-6.165885816509248940e-01
-6.171228773053556438e-01
-6.168085082272387609e-01
-6.166879983412520971e-01
-6.164075562712216794e-01
-6.162136927196151248e-01
-6.168783656527079273e-01
-6.178015514423940147e-01
-6.161468069885867038e-01
-6.171259920810410193e-01
-6.184200531312757931e-01
-6.170635466669285307e-01
-6.163624841825896539e-01
-6.169333981493227981e-01
-6.175082102715325760e-01
-6.172400111519618093e-01
-6.163494196794534474e-01
-6.173582064607519015e-01
-6.180689600864504030e-01
-6.174374716554282827e-01
-6.173499932112864741e-01
-6.163711465411658708e-01
-6.173546900193560560e-01
-6.178717268850064670e-01
-6.182523354088402812e-01
-6.169934042793521201e-01
-6.167657503894155013e-01
-6.167780036533052623e-01
-6.184674752997896263e-01
-6.170387464848570147e-01
-6.174267818165741772e-01
-6.169135306669719654e-01
-6.176118462690922684e-01
-6.171509272619299935e-01
-6.162533437430059990e-01
-6.162407161379945819e-01
-6.178452993340890487e-01
-6.179988062059820209e-01
-6.172970416752292522e-01
-6.160394554203918460e-01
-6.157747935096189451e-01
-6.171267907823683174e-01
-6.171971734723094016e-01
-6.178857202837981788e-01
-6.170335270068676436e-01
-6.170135451631875156e-01
-6.163637027416690728e-01
-6.159621634639833587e-01
-6.164205073573310045e-01
-6.172510533053987558e-01
-6.173379565191421392e-01
-6.159133205627398411e-01
-6.177885019855775539e-01
-6.179776227500930474e-01
-6.166565708178239902e-01
-6.160768430509158122e-01
-6.164413746433403674e-01
-6.167108173811683969e-01
-6.165687428468054065e-01
-6.174978495084868513e-01
-6.175192260212387652e-01
-6.179856201145383920e-01
-6.179666998016131174e-01
-6.165754530127607325e-01
-6.177173873357872935e-01
-6.183010636360020129e-01
-6.163159271800253691e-01
-6.167858192597304168e-01
-6.176379862597904946e-01
-6.174563504537431413e-01
-6.166823209934175765e-01
-6.168166198658884269e-01
-6.173127864678011889e-01
-6.182242221757956457e-01
-6.173335545041300776e-01
-6.153251022094110567e-01
-6.163946617098492453e-01
-6.170402127396261704e-01
-6.172578264962496064e-01
-6.182106193562333374e-01
-6.179002723423092647e-01
-6.170784283618822030e-01
-6.191919610314329248e-01
-6.191352623092392093e-01
-6.167851854046180193e-01
-6.169465834864098497e-01
-6.157783361199147265e-01
-6.173237440731433878e-01
-6.173858238634544193e-01
-6.175660398375644178e-01
-6.166377646298109028e-01
-6.165560801256475543e-01
-6.154302868852639108e-01
-6.169933266894176427e-01
-6.176051523948320465e-01
-6.173789777113718458e-01
-6.177457549818008431e-01
-6.155320434957101128e-01
-6.162169716215739612e-01
-6.169603645381513957e-01
-6.157760090927748564e-01
-6.161643512005152701e-01
-6.166531728282169666e-01
-6.173967283443992926e-01
-6.177162894092997902e-01
-6.179118599101709464e-01
-6.165505352367670611e-01
-6.161792852918868135e-01
-6.166259034846213183e-01
-6.169715947645162402e-01
-6.178850369095165718e-01
-6.178263073786673942e-01
-6.166044657602007817e-01
-6.177407767879774525e-01
-6.166915288620238300e-01
-6.156780192357906856e-01
-6.156013383598750721e-01
-6.157576273984410875e-01
-6.164022424294852698e-01
-6.176038272767438997e-01
-6.183002684124065951e-01
-6.176047043069807785e-01
-6.156186575356148438e-01
-6.164482724776174649e-01
-6.160779666672091537e-01
-6.168388534171125315e-01
-6.159427394243586207e-01
-6.155379432484480162e-01
-6.173243564851702558e-01
-6.176999374173579582e-01
-6.155115125383439079e-01
-6.164871477576419068e-01
-6.161217496781716818e-01
-6.157721611700210929e-01
-6.172823825211661841e-01
-6.169020521748045383e-01
-6.173367943205221309e-01
-6.175133703046356004e-01
-6.169155017021275000e-01
-6.155552649277975519e-01
-6.161045049094138193e-01
-6.177035737405045523e-01
-6.167183160112053031e-01
-6.146037809441615707e-01
-6.146972950545848136e-01
-6.155416846219310401e-01
-6.161496631436573779e-01
-6.160384688267370734e-01
-6.167928285247814557e-01
-6.159081428158028615e-01
-6.160546160081850076e-01
-6.154253093827879439e-01
-6.181131506031221079e-01
-6.183067134963504685e-01
-6.167782318697110355e-01
-6.160292411441155025e-01
-6.159298640070858255e-01
-6.157242311952533242e-01
-6.159461910576293775e-01
-6.155632839604887607e-01
-6.171283894385304336e-01
-6.177363455589013341e-01
-6.173769165752283072e-01
-6.157190591733687768e-01
-6.161092037214785933e-01
-6.164648889602233339e-01
-6.159661141748280500e-01
-6.151654893306730543e-01
-6.160525063898649734e-01
-6.168893210874841770e-01
-6.164096139486279213e-01
-6.167993309846497851e-01
-6.170885665946190812e-01
-6.159977464946759795e-01
-6.153976891622292555e-01
-6.150746739774870520e-01
-6.170627766413012694e-01
-6.168674835860148420e-01
-6.168937224452744061e-01
-6.165876728592731837e-01
-6.159290827986776407e-01
-6.170918541207939256e-01
-6.171984222297499656e-01
-6.173798750050725204e-01
-6.175229111461231213e-01
-6.179363358459522004e-01
-6.175685820985421515e-01
-6.172425253800515321e-01
-6.171542710268216325e-01
-6.177350246963495550e-01
-6.172696289828802918e-01
-6.176273429832122019e-01
-6.169180476526534562e-01
-6.174102508873620110e-01
-6.168971186113836325e-01
-6.158570437884218762e-01
-6.158679737176626645e-01
-6.164148204612196480e-01
-6.161578046047839763e-01
-6.164931832889397612e-01
-6.168735458659213577e-01
-6.163339864859640471e-01
-6.154975941869640366e-01
-6.153095995577491095e-01
-6.167449942278135921e-01
-6.168662700187681480e-01
-6.154214427937603205e-01
-6.165278747330340536e-01
-6.172281053196364553e-01
-6.173843711758113528e-01
-6.164909260077671149e-01
-6.163471869700565264e-01
-6.174687853884179844e-01
-6.164526920984894076e-01
-6.175307947939323583e-01
-6.170781467007824261e-01
-6.165504363268130561e-01
-6.156939546138229247e-01
-6.152887959086843495e-01
-6.167103357418994847e-01
-6.157051505316690765e-01
-6.161382679954723329e-01
-6.160728410994220638e-01
-6.161140594361960154e-01
-6.159543691520781294e-01
-6.161259906350693427e-01
-6.166772010909244983e-01
-6.161194931934197427e-01
-6.151594215430034041e-01
-6.159727216440149533e-01
-6.155947982460077128e-01
-6.161667848493710409e-01
-6.164782670989978897e-01
-6.158347646086159699e-01
-6.165143977224278871e-01
-6.161739322433152921e-01
-6.163265814174518908e-01
-6.165154702582906765e-01
-6.162677209584739302e-01
-6.162016993846677337e-01
-6.155377036029978655e-01
-6.161588404344140457e-01
-6.156153540901900811e-01
-6.159900674864378090e-01
-6.155960499525221508e-01
-6.155062173029008932e-01
-6.176626225748869103e-01
-6.167491514135559072e-01
-6.160660107412621045e-01
-6.162611473393546646e-01
-6.154548427122374932e-01
-6.141571711069548911e-01
-6.142493359552059218e-01
-6.150167272198654445e-01
-6.148958118022260777e-01
-6.138350803522332200e-01
-6.167074769236897680e-01
-6.164343269780783174e-01
-6.152820618173429068e-01
-6.161493417871302114e-01
-6.159691160574887192e-01
-6.159550173676393570e-01
-6.150207315881424108e-01
-6.158862907511366558e-01
-6.157517620776040701e-01
-6.153415807437276897e-01
-6.149708279574657155e-01
-6.152707568375497260e-01
-6.164209300517420331e-01
-6.161060233423789612e-01
-6.172943077780228549e-01
-6.162206470646331979e-01
-6.169150768644602323e-01
-6.154583436336817925e-01
-6.155145191537130245e-01
-6.150932574946033071e-01
-6.157021195203729036e-01
-6.163571335164945708e-01
-6.162837935645733012e-01
-6.157571959060046396e-01
-6.149961491046944673e-01
-6.162559215160250403e-01
-6.157587090249467821e-01
-6.161681750806646818e-01
-6.163399722201656772e-01
-6.165403035638785667e-01
-6.157359889030882272e-01
-6.162905661582769312e-01
-6.165255500935060695e-01
-6.156357506722454076e-01
-6.154800105233952934e-01
-6.151830971704885798e-01
-6.155470072411279858e-01
-6.151655970313694155e-01
-6.153164803422583873e-01
-6.145951787707044645e-01
-6.149127608013014168e-01
-6.153670420956203202e-01
-6.153126364622369948e-01
-6.149526931480799874e-01
-6.150429651820772392e-01
-6.159643061027182398e-01
-6.157582470658944374e-01
-6.144919041004772708e-01
-6.136895888776709995e-01
-6.157402199944872478e-01
-6.154883266751109971e-01
-6.157452452391769526e-01
-6.164457824314730772e-01
-6.166365122000350141e-01
-6.151320569537848115e-01
-6.140457166951325263e-01
-6.140846325600897160e-01
-6.157542618385232203e-01
-6.153423445230039590e-01
-6.152399679361781892e-01
-6.164122484575358385e-01
-6.168669620924713826e-01
-6.155274055160884217e-01
-6.155458016602697313e-01
-6.154491780045781013e-01
-6.149578321653841328e-01
-6.156498909873135972e-01
-6.163427671423153953e-01
-6.162906565662762404e-01
-6.154459935383034264e-01
-6.149952727272314235e-01
-6.152884310487749531e-01
-6.151322912803163234e-01
-6.149026050616051009e-01
-6.162909248396228890e-01
-6.166934281919260741e-01
-6.148214179697948367e-01
-6.146468650339098616e-01
-6.156800738701306841e-01
-6.150787719894790229e-01
-6.144984270647828595e-01
-6.148529977877252861e-01
-6.144787617739080332e-01
-6.147635069044685707e-01
-6.152147590523480147e-01
-6.159632471676044219e-01
-6.153712589090787333e-01
-6.159928220650634501e-01
-6.160743928708836137e-01
-6.156453591349340115e-01
-6.150096860594320702e-01
-6.137697212067738661e-01
-6.144065205233477656e-01
-6.150232481203428136e-01
-6.150037090225346503e-01
-6.161626108457838313e-01
-6.151125800674677180e-01
-6.161355717183525371e-01
-6.148272138021262379e-01
-6.156791588821022287e-01
-6.157188531862551883e-01
-6.154600380313492991e-01
-6.149835712156210832e-01
-6.149310841339730160e-01
-6.143638010062844046e-01
-6.157774081475615446e-01
-6.165267000287819599e-01
-6.154084441404510386e-01
-6.153217376025654772e-01
-6.147125339775971753e-01
-6.149940218690463922e-01
-6.147719171219048206e-01
-6.148888444490747673e-01
-6.153882131190311355e-01
-6.148493484197974368e-01
-6.149110698623765359e-01
-6.141316914786845160e-01
-6.139198964767835776e-01
-6.156301139728768135e-01
-6.160573280268710761e-01
-6.160207972842055568e-01
-6.152828009472859350e-01
-6.156553517406244680e-01
-6.159241339577530283e-01
-6.157393417098511179e-01
-6.154846965774360967e-01
-6.155495789502811732e-01
-6.151826623021410256e-01
-6.154854594231675691e-01
-6.143116210878947214e-01
-6.137135209325155216e-01
-6.136144564062586682e-01
-6.142571947191104442e-01
-6.141330894543273189e-01
-6.143367737485156965e-01
-6.154533508945068121e-01
-6.155369573258475668e-01
-6.157933759308793498e-01
-6.148097130599214921e-01
-6.157062729670350620e-01
-6.157367964125217696e-01
-6.155057273032866760e-01
-6.146584341868841506e-01
-6.143459521521172917e-01
-6.144243555585582328e-01
-6.144627909665185683e-01
-6.145839890227033919e-01
-6.143339448183038343e-01
-6.152926601887536151e-01
-6.154164760065352624e-01
-6.147985739887822376e-01
-6.151054036958587545e-01
-6.155152484503556565e-01
-6.154274272984476823e-01
-6.150873156857823432e-01
-6.162048817444443216e-01
-6.156063615441720316e-01
-6.159106643054172991e-01
-6.150586242816160620e-01
-6.156241990786099905e-01
-6.142710373727844342e-01
-6.147814969725189371e-01
-6.156420099507098342e-01
-6.158381504390746386e-01
-6.154153136181346184e-01
-6.142577699431317484e-01
-6.148509984823160579e-01
-6.148714557345655862e-01
-6.156290580280927571e-01
-6.158323982250877293e-01
-6.152527009613315556e-01
-6.139164073980385439e-01
-6.140151548122148029e-01
-6.134345166045296338e-01
-6.149033371763490408e-01
-6.154349400433627437e-01
-6.160263741090474809e-01
-6.147270864924045952e-01
-6.152125957467404760e-01
-6.151396620686284678e-01
-6.143793993079711413e-01
-6.139981322361300897e-01
-6.135395549529327752e-01
-6.146078984316378779e-01
-6.146603621586326227e-01
-6.152326988438563404e-01
-6.143451439988183438e-01
-6.146140767462977550e-01
-6.156622911812998922e-01
-6.161528521480086340e-01
-6.157691046806483826e-01
-6.158491762873126163e-01
-6.150947670888893271e-01
-6.144600996229456769e-01
-6.141081808818213972e-01
-6.152753182488162054e-01
-6.156931051679066513e-01
-6.150016592260278969e-01
-6.156611855577196479e-01
-6.150357255972824788e-01
-6.149528521237250800e-01
-6.146849151718516424e-01
-6.154250001286794003e-01
-6.146557120727358381e-01
-6.156494714058364792e-01
-6.152908158632985902e-01
-6.148404222315342338e-01
-6.147896481077008701e-01
-6.154254756694221840e-01
-6.154287787383729835e-01
-6.136487855663030899e-01
-6.129054800023165939e-01
-6.144648955974716387e-01
-6.149069486364346915e-01
-6.156501941434200376e-01
-6.158569227071186702e-01
-6.151203711199606516e-01
-6.148314113717976426e-01
-6.151401587006386507e-01
-6.161292593968070719e-01
-6.166924559121227389e-01
-6.154645932207412073e-01
-6.160382993279789332e-01
-6.163672350738735872e-01
-6.162963476696550202e-01
-6.157649523906716382e-01
-6.152509973272994870e-01
-6.153111723575914738e-01
-6.164207489912509885e-01
-6.159229575898130804e-01
-6.156619705937433906e-01
-6.161924325421708204e-01
-6.152895440778518577e-01
-6.161846096585854582e-01
-6.158909272485395547e-01
-6.145296466493785914e-01
-6.152529537999669174e-01
-6.151669784588431611e-01
-6.166937832786540952e-01
-6.160680759285082075e-01
-6.160917281979081395e-01
-6.164530694939784894e-01
-6.148609672153018124e-01
-6.144771743047119372e-01
-6.146525643969731334e-01
-6.153038669037993458e-01
-6.154717981949886507e-01
-6.158392227127347240e-01
-6.146304238952922105e-01
-6.142431356901614237e-01
-6.149768722305015700e-01
-6.145927350080562235e-01
-6.151807494295802314e-01
-6.154403933447962771e-01
-6.147397423944447326e-01
-6.145068232801094155e-01
-6.137434573177866781e-01
-6.160664652762459781e-01
-6.151455524075100101e-01
-6.151810597464315578e-01
-6.154739585114956668e-01
-6.156441676674511143e-01
-6.157198440666640238e-01
-6.157343416200244945e-01
-6.160793208198018789e-01
-6.152698300029211254e-01
-6.162718483944846781e-01
-6.172404500620292112e-01
-6.159661949232351219e-01
-6.153799448964463181e-01
-6.148124421870218015e-01
-6.148410314999974702e-01
-6.154036304407490832e-01
-6.145813481298780800e-01
-6.140971578907201689e-01
-6.147436564968451478e-01
-6.151310620684817820e-01
-6.153398655118174077e-01
-6.160968844063994254e-01
-6.166026145366849676e-01
-6.166797729286255247e-01
-6.159292158686735519e-01
-6.152622368574665046e-01
-6.151538313949895809e-01
-6.149849076313014251e-01
-6.148257174660773927e-01
-6.156984469039290531e-01
-6.162388563623704130e-01
-6.161480203613152185e-01
-6.150045356172739730e-01
-6.141089699169945959e-01
-6.150181864875019500e-01
-6.147950390078129601e-01
-6.145132041278191792e-01
-6.147231360695375457e-01
-6.154195304795333499e-01
-6.145106136336586644e-01
-6.148622015140592367e-01
-6.153350527747107890e-01
-6.153170947448316497e-01
-6.160396033643280589e-01
-6.149658929177199695e-01
-6.144031563488105974e-01
-6.143637596679276669e-01
-6.155490873337861046e-01
-6.150643557077088985e-01
-6.154297907682444446e-01
-6.160565754435136654e-01
-6.167627698519506652e-01
-6.168811763165447104e-01
-6.170274983665375856e-01
-6.158185781257667912e-01
-6.153358653001994583e-01
-6.147140647443301020e-01
-6.144941496052052088e-01
-6.151582351857420861e-01
-6.174591226827317314e-01
-6.160525918203791917e-01
-6.156140482158996008e-01
-6.146713061019912772e-01
-6.153502075178725050e-01
-6.156671802155706530e-01
-6.153783804736985275e-01
-6.140206694224374928e-01
-6.145338318275150868e-01
-6.141142292028103356e-01
-6.147329079108825312e-01
-6.144168303859700586e-01
-6.143605256643773771e-01
-6.144335042716608797e-01
-6.140353212065079447e-01
-6.142374021670722328e-01
-6.152694580528521584e-01
-6.154018074319722587e-01
-6.150883703362950428e-01
-6.143876233992635605e-01
-6.151183880106003699e-01
-6.155078746098752163e-01
-6.155163885638064158e-01
-6.158410905400000246e-01
-6.145511782988180016e-01
-6.143641791499412363e-01
-6.136457165998621122e-01
-6.140447525762908754e-01
-6.149991217018850875e-01
-6.148733979181280063e-01
-6.147437254832208708e-01
-6.150237795362034632e-01
-6.156899179120962629e-01
-6.158866411642911487e-01
-6.161681336203663761e-01
-6.150600038925304602e-01
-6.155144898731705894e-01
-6.157173140043266102e-01
-6.152473224455601297e-01
-6.157286404462585239e-01
-6.157576674859122079e-01
-6.152286713883441394e-01
-6.160277736414201399e-01
-6.154470894233963207e-01
-6.153492451143645070e-01
-6.155277251990600718e-01
-6.150656619997132424e-01
-6.148720224245902699e-01
-6.150354596589888700e-01
-6.150082959937730465e-01
-6.162821955357724590e-01
-6.162184102004086839e-01
-6.154328658638217320e-01
-6.143582406896257453e-01
-6.147673297559546057e-01
-6.140842019557855025e-01
-6.144856481745346599e-01
-6.150894382286526962e-01
-6.149904083133606036e-01
-6.144313374469945188e-01
-6.149555535704251952e-01
-6.155121207110756387e-01
-6.152494616587578236e-01
-6.153253734598536084e-01
-6.153403744135381714e-01
-6.150961548489313202e-01
-6.152787051407315744e-01
-6.149264813969264054e-01
-6.147121128169352744e-01
-6.146792939937064659e-01
-6.146711133191207210e-01
-6.137261227050476720e-01
-6.128219683691380482e-01
-6.142818842141153368e-01
-6.146162076229320093e-01
-6.137587329264668767e-01
-6.141463162871154680e-01
-6.138529954609293071e-01
-6.141627213977844946e-01
-6.141415759629023086e-01
-6.150663875635000721e-01
-6.141482406316658427e-01
-6.153047042185963988e-01
-6.157829199481739124e-01
-6.155982685046978986e-01
-6.152933028943685656e-01
-6.157725644368667872e-01
-6.156922606832395672e-01
-6.154936897334302159e-01
-6.157504300049581047e-01
-6.150908684423814776e-01
-6.148267161241314227e-01
-6.144265261915400345e-01
-6.142532850928894561e-01
-6.155824118157227076e-01
-6.143441910419600305e-01
-6.145237901926972057e-01
-6.149551332734315423e-01
-6.157377286029532826e-01
-6.152255642134356606e-01
-6.154169435049343662e-01
-6.147677167363632122e-01
-6.151744214801890820e-01
-6.142682719818939319e-01
-6.138594319032861790e-01
-6.133195667172479659e-01
-6.140689725535430910e-01
-6.162268074205936585e-01
-6.162112621236470744e-01
-6.147069446009414406e-01
-6.157999228248716150e-01
-6.165976068581162650e-01
-6.158600838487409135e-01
-6.151835575566870773e-01
-6.149157763623485096e-01
-6.154451705591803545e-01
-6.156534468355747691e-01
-6.144462516579825007e-01
-6.140588040335650533e-01
-6.135976004617269552e-01
-6.143633502625824860e-01
-6.144599549597611343e-01
-6.149971070868698320e-01
-6.152763722679388536e-01
-6.155198103124650544e-01
-6.151420439363004533e-01
-6.143310658970531080e-01
-6.145952486019314875e-01
-6.143544974211518905e-01
-6.133823400972104878e-01
-6.138010678830116973e-01
-6.148054720080278202e-01
-6.150345295626316044e-01
-6.149561771906810748e-01
-6.151409665835831930e-01
-6.149424306089148473e-01
-6.142812327799305194e-01
-6.140336465714710812e-01
-6.148432429898189611e-01
-6.154259361033744824e-01
-6.152936620700852899e-01
-6.146388160934481704e-01
-6.146567535983127328e-01
-6.152387056297818901e-01
-6.148030131255666220e-01
-6.152354787482163800e-01
-6.144175718553075427e-01
-6.129165948722619106e-01
-6.135133082537400639e-01
-6.137117812619354851e-01
-6.139779855988862778e-01
-6.144413660378251762e-01
-6.148531164826582796e-01
-6.130336177945316933e-01
-6.134028175265235916e-01
-6.134932112997599774e-01
-6.144463558740920206e-01
-6.144438714683015945e-01
-6.144671244361425977e-01
-6.149132077032319899e-01
-6.144430626807970697e-01
-6.141801498184236152e-01
-6.139650223291823750e-01
-6.141969012248846838e-01
-6.148456409985012527e-01
-6.149642779834660899e-01
-6.147537676882723900e-01
-6.150802028592146087e-01
-6.154451448322504348e-01
-6.155548646521395995e-01
-6.155151992055714061e-01
-6.164060389036318810e-01
-6.157704153493899213e-01
-6.154807213684581058e-01
-6.157326483360758829e-01
-6.151387515747668289e-01
-6.149276064781439288e-01
-6.146740242372832341e-01
-6.155079610259033274e-01
-6.149695104308250393e-01
-6.144572491951070248e-01
-6.149105494654261150e-01
-6.143936029280219202e-01
-6.145985044497574989e-01
-6.148553188575558437e-01
-6.150833365636252381e-01
-6.149295276042057168e-01
-6.142412786077589004e-01
-6.143456144387791085e-01
-6.153486557231779841e-01
-6.155169109593270349e-01
-6.157281879862832596e-01
-6.166109892890183630e-01
-6.154356938125840060e-01
-6.147041227912257710e-01
-6.148821787208955669e-01
-6.154017614231577227e-01
-6.149618867707626890e-01
-6.152635812840596685e-01
-6.159333024737900786e-01
-6.144745548084529219e-01
-6.141019243075636069e-01
-6.144835183791208522e-01
-6.145438754723624442e-01
-6.147931623505709098e-01
-6.147185293137589213e-01
-6.148292070724483693e-01
-6.154023035739850656e-01
-6.153154763664705484e-01
-6.147774558781691212e-01
-6.147160869964860552e-01
-6.144465255807673998e-01
-6.151581696611057026e-01
-6.148134618392688822e-01
-6.151998442746737794e-01
-6.158561612034603172e-01
-6.154558305798776274e-01
-6.153828575533850653e-01
-6.160310856662061241e-01
-6.156815957162748987e-01
-6.153249387546324556e-01
-6.155564498218826230e-01
-6.150091521960217023e-01
-6.150985761870284563e-01
-6.142626877307790778e-01
-6.142738982587392371e-01
-6.149035491982246526e-01
-6.146316718210940167e-01
-6.156183014715601587e-01
-6.162040804049553344e-01
-6.156117876929769750e-01
-6.151848822504728531e-01
-6.161064829304869761e-01
-6.165292056427293943e-01
-6.151822100104951119e-01
-6.148264715447542272e-01
-6.146852268942382125e-01
-6.146974352682939013e-01
-6.153565048907303492e-01
-6.155398553714874765e-01
-6.149155137141057992e-01
-6.154460112413708828e-01
-6.160183353403745343e-01
-6.148454593275580748e-01
-6.149268501764240114e-01
-6.135411497772942369e-01
-6.155519426406783623e-01
-6.159173609442269992e-01
-6.166696569263923067e-01
-6.156876942292583976e-01
-6.160015546166821565e-01
-6.153076757667044205e-01
-6.148922425341307729e-01
-6.155877897642696439e-01
-6.162990131812193795e-01
-6.158590986466911943e-01
-6.150656253334343404e-01
-6.146352732490392157e-01
-6.148920816852019300e-01
-6.154852847487486400e-01
-6.148214696550873271e-01
-6.149354844534986597e-01
-6.148716561485443322e-01
-6.156638613720009090e-01
-6.162393048247629679e-01
-6.150593822053753712e-01
-6.151191752165825477e-01
-6.164328855603979918e-01
-6.169843942691475291e-01
-6.154312768232994557e-01
-6.145430910789020373e-01
-6.160257310775314465e-01
-6.157732408608431740e-01
-6.155120988281854721e-01
-6.154610321813613893e-01
-6.147057101455786210e-01
-6.152690412454546731e-01
-6.151064929422034311e-01
-6.157450705897318244e-01
-6.156479568792043722e-01
-6.153294424684041530e-01
-6.151427250974865757e-01
-6.144459538350428573e-01
-6.144959052234817420e-01
-6.151993179847110582e-01
-6.160114213978680198e-01
-6.157730500358002956e-01
-6.160126496070859048e-01
-6.155073210112007587e-01
-6.149632206643822485e-01
-6.147459396949468413e-01
-6.144805208726236145e-01
-6.143933682244480110e-01
-6.157332599203311219e-01
-6.156860081057100587e-01
-6.161273420800323919e-01
-6.161970071277593775e-01
-6.165856134030622826e-01
-6.163645219774949169e-01
-6.158274333530151523e-01
-6.149153391315334005e-01
-6.149210300545782104e-01
-6.147598891635119855e-01
-6.144740353198940852e-01
-6.151972309924609306e-01
-6.151703708799018955e-01
-6.151671987613394066e-01
-6.152357266192183261e-01
-6.156725607191564364e-01
-6.145204796391574575e-01
-6.142104537494326166e-01
-6.142015348206069092e-01
-6.151750010294509963e-01
-6.146899812620567616e-01
-6.149565437824708880e-01
-6.156091261830827222e-01
-6.158623655631654259e-01
-6.161665760875649767e-01
-6.159825521360158262e-01
-6.153379515604484595e-01
-6.151625950983206081e-01
-6.143221785320491790e-01
-6.149709559560303518e-01
-6.152943431984905232e-01
-6.158399095668904977e-01
-6.158964584858850344e-01
-6.147760973802398610e-01
-6.149821982642755813e-01
-6.150610676184058434e-01
-6.143588880910932915e-01
-6.145798758467613254e-01
-6.149215657725815021e-01
-6.149734520846550367e-01
-6.153061661722780684e-01
-6.151343838436460487e-01
-6.144126831073446482e-01
-6.151714819698756997e-01
-6.157142852329435811e-01
-6.158595341886794472e-01
-6.157503369261210224e-01
-6.158897226640949185e-01
-6.157602967962763074e-01
-6.155723344421897281e-01
-6.151476973577967300e-01
-6.152552907078128186e-01
-6.159372406322702886e-01
-6.156119509088409103e-01
-6.145579067170121590e-01
-6.146035818981712140e-01
-6.153527141714985049e-01
-6.156091398111804835e-01
-6.162343603811919479e-01
-6.158253374983875261e-01
-6.151323034493962894e-01
-6.146846620021726437e-01
-6.146444393658931915e-01
-6.152157557991255743e-01
-6.157566945872030573e-01
-6.154147235536555627e-01
-6.155084577052658545e-01
-6.157871334426392451e-01
-6.157742584251391094e-01
-6.145870871789220757e-01
-6.148621350327285739e-01
-6.148154900128943723e-01
-6.150835090160509111e-01
-6.150751969565764199e-01
-6.151244786906264750e-01
-6.154931955462838999e-01
-6.156956032996188100e-01
-6.154700929215248806e-01
-6.138309095443670316e-01
-6.150702083815815513e-01
-6.156637763504484440e-01
-6.159739036211551166e-01
-6.158963561219685801e-01
-6.155588646891310134e-01
-6.149789237601837044e-01
-6.153516556415397076e-01
-6.156364133871079503e-01
-6.154481857133315970e-01
-6.159336787347218234e-01
-6.162688801498426017e-01
-6.161052348851843163e-01
-6.160955785257034023e-01
-6.146983460644115382e-01
-6.147535523890574893e-01
-6.151454742821567123e-01
-6.154872665062605108e-01
-6.167065453471476388e-01
-6.157872187150559284e-01
-6.167736364894391698e-01
-6.160119755051916002e-01
-6.165076250670633584e-01
-6.165633091083062567e-01
-6.164648168574267117e-01
-6.159119544717199801e-01
-6.159261039530363746e-01
-6.155097591244249600e-01
-6.152003174157858467e-01
-6.161091447736737337e-01
-6.154309727293743038e-01
-6.157283016901740069e-01
-6.157275813478140236e-01
-6.161834719913272806e-01
-6.157500488314333609e-01
-6.159900673848284214e-01
-6.162720782430355371e-01
-6.164850156590180319e-01
-6.159544649684285389e-01
-6.161343697480976545e-01
-6.165257314075631712e-01
-6.153147201148314593e-01
-6.147935816035463574e-01
-6.158708474100205166e-01
-6.162789773746339961e-01
-6.156372015037216983e-01
-6.162871838189829532e-01
-6.157218198166845013e-01
-6.150096345842275269e-01
-6.158543260225499694e-01
-6.157460679679314097e-01
-6.160332036537052858e-01
-6.154317559585251729e-01
-6.143969092160297407e-01
-6.146802265873638760e-01
-6.153364318598129046e-01
-6.150549267969651623e-01
-6.157196418172645735e-01
-6.149376120205030105e-01
-6.157144059844537054e-01
-6.160576312277861177e-01
-6.153596427324181661e-01
-6.148226696009047032e-01
-6.154744302729486805e-01
-6.146973337088503797e-01
-6.152904564910848251e-01
-6.161911429125215278e-01
-6.161158423423742647e-01
-6.160845806677865966e-01
-6.167409780481953874e-01
-6.152617591308171541e-01
-6.149625105522780188e-01
-6.151373435385281141e-01
-6.151541886734026576e-01
-6.154803138884190616e-01
-6.150924206214050116e-01
-6.152315538052981481e-01
-6.148889696032622254e-01
-6.146675622138140227e-01
-6.146714875779846210e-01
-6.150894466817256045e-01
-6.147564076797458199e-01
-6.149509171430818100e-01
-6.149098168122613117e-01
-6.152362383561698067e-01
-6.140729876352182259e-01
-6.144488502215246228e-01
-6.149066584191356100e-01
-6.151663977482151324e-01
-6.148405821674245431e-01
-6.159642293154341530e-01
-6.161608492055030695e-01
-6.165697025000866915e-01
-6.152258034645914364e-01
-6.152389845558303705e-01
-6.156654349832368922e-01
-6.156813115121462232e-01
-6.157866438723225144e-01
-6.160008305527568950e-01
-6.158227296142300133e-01
-6.156710714296327325e-01
-6.151716926524368745e-01
-6.154612775858989693e-01
-6.153609115801881302e-01
-6.153838055807341334e-01
-6.150332528245563424e-01
-6.143477645558661493e-01
-6.148570378798936531e-01
-6.159279864690034856e-01
-6.154334719421239441e-01
-6.156695356832582178e-01
-6.158157834850364054e-01
-6.158691939685567718e-01
-6.150416290552644938e-01
-6.147317187100167502e-01
-6.144291596842119674e-01
-6.142135149354182033e-01
-6.147553073501068610e-01
-6.151334406469413096e-01
-6.136746703611297704e-01
-6.143111550589335224e-01
-6.143887793622386795e-01
-6.148058729323224725e-01
-6.150559205466219481e-01
-6.152281494693241370e-01
-6.147386739607956230e-01
-6.145972921653015675e-01
-6.146419803376339530e-01
-6.146863908555530998e-01
-6.155191560443959986e-01
-6.152302078460856194e-01
-6.151140306752385101e-01
-6.148080297434876940e-01
-6.151872039635275513e-01
-6.153378010694456890e-01
-6.145644787019577393e-01
-6.146705868250457172e-01
-6.146324844602037984e-01
-6.147022967582298492e-01
-6.147481514424910642e-01
-6.156493321038958300e-01
-6.158123878364403225e-01
-6.153232232413206049e-01
-6.147247724554478765e-01
-6.149257845339093365e-01
-6.147588110360491243e-01
-6.148011218355140528e-01
-6.145381961374045687e-01
-6.147233996372474252e-01
-6.146068248678240309e-01
-6.144663555093394791e-01
-6.144131476601870645e-01
-6.147591828110225975e-01
-6.144978363973514490e-01
-6.146001595895871361e-01
-6.147737099563386209e-01
-6.145324056091698850e-01
-6.146443126711638172e-01
-6.156444054033425317e-01
-6.163052022832538057e-01
-6.162468200363750981e-01
-6.157827696780628912e-01
-6.155310153606912138e-01
-6.153505074126659480e-01
-6.153935044363070261e-01
-6.160460846069764074e-01
-6.156569535238691770e-01
-6.156164844024729632e-01
-6.158786609602220352e-01
-6.154734982336087512e-01
-6.154215886673046754e-01
-6.150629312543216543e-01
-6.151144184248789060e-01
-6.150833845228991237e-01
-6.151049202480542988e-01
-6.151088237154063165e-01
-6.149482521639857424e-01
-6.150748097829001892e-01
-6.146692951207484157e-01
-6.148977188629665136e-01
-6.155538758668335220e-01
-6.153024261950186258e-01
-6.154078185181468541e-01
-6.149055424903551170e-01
-6.150630113471589056e-01
-6.142436430586286633e-01
-6.143737991428359635e-01
-6.148653928844662886e-01
-6.147429001830104767e-01
-6.155136515282322307e-01
-6.153866914621790585e-01
-6.155793537637510582e-01
-6.152616278653137982e-01
-6.151597547309410885e-01
-6.153025795122175623e-01
-6.146501595356959058e-01
-6.141439625506688316e-01
-6.144186187756872641e-01
-6.137585673681797971e-01
-6.135669482082128923e-01
-6.155715578074385519e-01
-6.156969794662146001e-01
-6.152273230927640668e-01
-6.148109647942643363e-01
-6.145159144680985008e-01
-6.141298083971715727e-01
-6.136713051608619907e-01
-6.135104957532959702e-01
-6.132987711375150752e-01
-6.141872843717806063e-01
-6.143831932202807877e-01
-6.153261503919225106e-01
-6.144458284725704544e-01
-6.140435241127146782e-01
-6.140060929589346017e-01
-6.139512893109415614e-01
-6.140346200474624538e-01
-6.151013154257594095e-01
-6.143527200840690483e-01
-6.142670759265840275e-01
-6.141252735459481471e-01
-6.143509183958393294e-01
-6.135796795122860914e-01
-6.135217875193372805e-01
-6.140242220870835155e-01
-6.144034990261229012e-01
-6.141190044673567883e-01
-6.142544801520628539e-01
-6.143139395135630565e-01
-6.145343153863738195e-01
-6.144528786483398619e-01
-6.149738244517504171e-01
-6.147319855659389987e-01
-6.151398046650680129e-01
-6.141778562688831045e-01
-6.137926297455447155e-01
-6.134978262320434084e-01
-6.140431105570467452e-01
-6.142414613571407500e-01
-6.142465080472518935e-01
-6.136145716988981036e-01
-6.142962382013177347e-01
-6.147144827519461785e-01
-6.153303130572105317e-01
-6.160977371809135406e-01
-6.156836031927177544e-01
-6.151734077083368391e-01
-6.144955513553487236e-01
-6.138439906243480237e-01
-6.136984566044549894e-01
-6.140812290613055779e-01
-6.146670076142655148e-01
-6.149010920570638916e-01
-6.141988720332829388e-01
-6.146553501704801192e-01
-6.156329688515906895e-01
-6.152586890361515515e-01
-6.147415730664569367e-01
-6.143483081473402052e-01
-6.136879589132693269e-01
-6.142407120617487948e-01
-6.139104297767374874e-01
-6.141148163572651697e-01
-6.151520637910401490e-01
-6.151256104958306992e-01
-6.142774117130276323e-01
-6.133972300778633979e-01
-6.140882259801170306e-01
-6.136400459609063773e-01
-6.133759094896280573e-01
-6.147554225943583361e-01
-6.154626866577732613e-01
-6.154891614156827728e-01
-6.151484409121064090e-01
-6.158775532617237758e-01
-6.158580503627941738e-01
-6.155361985423297710e-01
-6.152325039845507604e-01
-6.148244558757927081e-01
-6.145422870392955872e-01
-6.146357786051055427e-01
-6.141297355160908467e-01
-6.147482005712721076e-01
-6.144901274236822530e-01
-6.145980259094212528e-01
-6.148353693917627538e-01
-6.145094298383355635e-01
-6.147729949635056812e-01
-6.145612272728993020e-01
-6.144658187556775175e-01
-6.136706506744999956e-01
-6.140934142276890384e-01
-6.142174110697133926e-01
-6.139130515973132418e-01
-6.139652600302625274e-01
-6.142547523948547195e-01
-6.143965895664269539e-01
-6.147187102416182825e-01
-6.138967741784231436e-01
-6.138328916761928156e-01
-6.134766848869102063e-01
-6.137501289619837763e-01
-6.136988430738696820e-01
-6.138945222272695901e-01
-6.142779006908103412e-01
-6.141029299179265877e-01
-6.138006295465494588e-01
-6.136361386701665310e-01
-6.139904289623867584e-01
-6.135608948681579022e-01
-6.133359014405872500e-01
-6.140028705089086714e-01
-6.141499254407261077e-01
-6.137249757992115917e-01
-6.147639726855036457e-01
-6.144432848390000146e-01
-6.146353771749240025e-01
-6.147343969332652591e-01
-6.139170110105212075e-01
-6.147071242901844812e-01
-6.147129790697469787e-01
-6.148497575316138608e-01
-6.140690694080550571e-01
-6.141250861585820786e-01
-6.133983582901887388e-01
-6.125556352215326683e-01
-6.130429783702417978e-01
-6.139850887827051906e-01
-6.140202497374005475e-01
-6.134889988267087091e-01
-6.132026441368196856e-01
-6.138916066411095329e-01
-6.142841224915844833e-01
-6.137498038696342917e-01
-6.138198603154307875e-01
-6.141156397415130641e-01
-6.134822371257158125e-01
-6.137973838170598384e-01
-6.133593728325443806e-01
-6.133306572357604125e-01
-6.135536857155781121e-01
-6.141809736212291426e-01
-6.137941041524150876e-01
-6.139290971721393930e-01
-6.138749231879412349e-01
-6.145508589268882105e-01
-6.141095233540916354e-01
-6.144910168654771354e-01
-6.132792820936519007e-01
-6.136657162950047706e-01
-6.141915984381238758e-01
-6.142297703226713423e-01
-6.142883648281074471e-01
-6.139956999484716960e-01
-6.145098786372713562e-01
-6.147085401093690393e-01
-6.140266028404255394e-01
-6.137531573630976567e-01
-6.139434551809621610e-01
-6.136351348417523610e-01
-6.132414273559945173e-01
-6.137477169569223179e-01
-6.142720232769711686e-01
-6.146911605366636167e-01
-6.141161706565085865e-01
-6.141754658261255884e-01
-6.146112499900358017e-01
-6.145449052447276017e-01
-6.139582607397358061e-01
-6.138267543481514821e-01
-6.140948693181478291e-01
-6.144012050569642724e-01
-6.139873590048257057e-01
-6.143658904143158850e-01
-6.144812639974475132e-01
-6.138150871067509229e-01
-6.141016321610432982e-01
-6.137743606831111975e-01
-6.134719176601652890e-01
-6.137752415209174472e-01
-6.137366410618110280e-01
-6.136310984186241768e-01
-6.142048038171594726e-01
-6.139244398928500601e-01
-6.138886740698961120e-01
-6.140115435581581238e-01
-6.141807888767765178e-01
-6.143096287526876864e-01
-6.146502849225079501e-01
-6.144003433523526070e-01
-6.139786308114931757e-01
-6.134565616284373135e-01
-6.134387510014374101e-01
-6.139907440799721172e-01
-6.141113795775439144e-01
-6.139092536976846759e-01
-6.151301831041759982e-01
