1.689975270044911326e+00
2.014591553529590851e+00
1.984622641466728510e+00
1.930246929002486844e+00
2.086233417757762609e+00
1.749871467598018704e+00
1.648477950688783444e+00
1.756244113246587357e+00
1.618167126282542112e+00
1.428307697589714653e+00
1.430390502886134563e+00
1.436122432612819022e+00
1.446229393825766651e+00
1.475017327642867526e+00
1.560325472065771324e+00
1.613075665538931114e+00
1.631068391129133266e+00
1.525797655062210545e+00
1.513742808393994776e+00
1.380335027135161319e+00
1.298604643718417107e+00
1.451159714378031262e+00
1.577105238428805789e+00
1.651737568846999071e+00
1.679950084451277137e+00
1.485736791952445568e+00
1.419072952857757919e+00
1.415781334435341599e+00
1.267885013937517291e+00
1.242447651753414872e+00
1.272794969962368405e+00
1.431554952239757483e+00
1.554963076578131487e+00
1.543163330289689439e+00
1.615692543843821660e+00
1.672568448270174368e+00
1.588754278273043052e+00
1.668671095497393786e+00
1.691034146461444898e+00
1.562302893439667661e+00
1.652691374014543690e+00
1.706573432056693207e+00
1.741736954283118477e+00
1.661118872399449886e+00
1.692915749953081139e+00
1.753830069739118924e+00
1.716892483787274992e+00
1.887980992586700379e+00
1.815195015805373790e+00
1.792693938555781186e+00
2.081690501364012125e+00
2.040206282489958500e+00
2.012324704894491223e+00
1.934272510108361320e+00
1.859004631541142594e+00
1.888460409542435325e+00
1.985121142536048655e+00
1.920601473081171351e+00
1.866426601667389384e+00
1.759660818716325847e+00
1.738867684031861316e+00
1.908311254520094868e+00
1.967916619373000886e+00
1.956258782837662524e+00
1.909488159465136503e+00
1.980726421165432960e+00
2.058958594138740938e+00
1.922949202042370853e+00
1.855820191817129095e+00
1.742802608547138199e+00
1.831883718005098860e+00
1.710525064046949151e+00
1.685944792154651317e+00
1.703366750707124844e+00
1.740560952501641223e+00
1.550618145030815631e+00
1.570384893780804703e+00
1.556754065223102224e+00
1.517226424206854496e+00
1.488674181936002983e+00
1.448412887445222674e+00
1.397676076972254267e+00
1.276862189545808768e+00
1.237956122031404815e+00
1.218403155240905589e+00
1.061635807957803879e+00
1.221183191510424315e+00
1.354629198399313728e+00
1.375667571389120658e+00
1.284328805390746009e+00
1.341897901083548117e+00
1.378800438358081193e+00
1.413438283313577681e+00
1.545781865512941389e+00
1.625463674045699358e+00
1.675005462808831558e+00
1.644351692183090519e+00
1.662249847465735009e+00
1.623355325082134870e+00
1.638667017872550868e+00
1.632339039273819292e+00
1.578447369542943512e+00
1.513925717153109085e+00
1.449957305298410493e+00
1.373331771181566019e+00
1.330154865813071519e+00
1.335152786085666676e+00
1.443890405774914010e+00
1.452896151272789815e+00
1.474041179771844234e+00
1.402183821042055856e+00
1.203683180049409218e+00
1.090145383707292526e+00
1.108497145442125964e+00
1.094300500881547844e+00
1.122553070592450242e+00
1.150986593756526455e+00
1.083799057480002714e+00
1.058061416510036379e+00
1.050897559394569081e+00
9.572530870096535027e-01
9.076059999878415274e-01
9.199399428341935581e-01
9.564688627823222378e-01
8.902342461056164113e-01
8.330359690536448536e-01
7.397996681615696124e-01
6.928619829396081009e-01
7.398660925701795454e-01
7.238054135721275761e-01
7.056617453592662903e-01
7.204871769296148365e-01
7.759944385231047903e-01
7.815083039368057038e-01
8.342023509029596884e-01
8.830619607666059245e-01
8.769764835093687427e-01
7.884487218452735924e-01
7.843201701627050548e-01
8.809873755256451000e-01
9.257378684439078187e-01
8.814158054942231590e-01
8.373295938952746154e-01
8.303115861325455205e-01
8.382338649376733786e-01
8.850878622837670129e-01
9.165643688460518579e-01
9.089406474905490363e-01
8.595990895353519123e-01
8.554004101581420549e-01
8.041822522227410897e-01
8.127128089428368174e-01
7.785828309965424632e-01
7.723109823796556750e-01
7.518602292686900057e-01
5.352348135465262446e-01
5.927299009585804690e-01
5.452337047747778387e-01
5.096532093566014110e-01
5.150377610876050172e-01
5.283420403605583182e-01
5.567407000704819309e-01
4.753916420633596540e-01
5.090425310208859244e-01
6.496915350877583428e-01
6.337798669997550816e-01
6.249106853236244818e-01
5.891280307690535123e-01
5.600900293911043049e-01
7.037041554824048362e-01
7.530009728844087036e-01
7.618516587889281322e-01
7.987645941066019439e-01
9.143652283106730172e-01
9.369240349647465216e-01
9.919261044625736767e-01
1.135678802741369120e+00
9.997268004883819170e-01
1.031619792613222897e+00
1.124836499224513231e+00
1.062707853069036146e+00
1.128900342563319281e+00
1.074664936260791626e+00
1.165844357971725920e+00
1.012778521365862883e+00
9.818648144449800830e-01
1.030145229851952227e+00
1.105794854407262662e+00
1.085391279919694085e+00
9.675539920146918327e-01
1.060693525698675366e+00
1.216126854115380240e+00
1.240416246511785392e+00
1.058758042923274578e+00
1.058229675385780277e+00
9.891908323898328526e-01
1.081212962895412355e+00
1.036331055807521384e+00
9.646373661941848310e-01
8.605993879269998592e-01
9.288438773384436464e-01
9.154572781532164250e-01
9.905625043555994491e-01
1.003048175575394163e+00
1.127041794964760868e+00
9.811160260186446713e-01
9.452516611321110096e-01
9.126017029782013124e-01
9.510126832727441304e-01
9.528291509668266324e-01
1.001285824561742643e+00
1.041667747043224068e+00
9.667998822662826619e-01
8.966696500634729894e-01
8.811011350082732507e-01
9.131758617689360591e-01
1.020512306457077578e+00
1.045575855338732207e+00
8.875253305595013353e-01
8.508278647820187723e-01
8.691872209470139499e-01
7.948781858852819182e-01
8.247457715331909522e-01
7.516859337893824211e-01
7.119908681025732822e-01
6.645634243812462705e-01
7.887181914288405871e-01
7.451370368569804059e-01
7.516462908395109555e-01
7.850470384966943271e-01
8.051144759920264571e-01
7.950325476314384909e-01
8.890548009340802915e-01
8.016039939914292312e-01
9.105530241993879947e-01
8.607440826360416297e-01
9.222338798284606121e-01
8.778403702479319337e-01
8.678954068535564836e-01
8.643142231198366332e-01
7.307284927081200143e-01
6.627172457084171686e-01
5.403673001558590983e-01
5.676272644422288849e-01
5.609764626401416709e-01
6.075578728228975267e-01
5.308816158622762238e-01
6.537864449061184802e-01
5.909103497743765088e-01
5.945237098807959475e-01
7.410033428730894434e-01
8.187815094268283689e-01
8.678481691583803670e-01
8.096021151144123795e-01
7.213239815209999684e-01
7.018036943031243924e-01
8.435518317848966774e-01
8.811819989935212316e-01
6.524673570745718187e-01
6.475106888170061303e-01
6.982366480978240419e-01
5.165897846116310754e-01
6.400335732359597740e-01
4.609339173804808398e-01
4.831340561887944030e-01
4.526135458448473092e-01
4.486517968443602955e-01
5.381037968318356235e-01
5.370622622729346318e-01
5.746341951101768819e-01
6.649870142088308844e-01
6.464146652114679537e-01
4.912699631996171323e-01
4.631082456685838289e-01
4.555291190514016986e-01
4.553286375054194646e-01
6.869887341072214992e-01
5.611405388257005855e-01
5.070317110886843892e-01
3.837610331464073044e-01
3.395409304469051981e-01
4.469233838237833822e-01
3.241820608555701644e-01
3.828789477170571609e-01
4.512320236198276713e-01
4.802584957946691158e-01
4.532554291867578744e-01
3.839676111454564111e-01
4.706610456892088568e-01
4.269514770719575192e-01
6.146193091862106606e-01
4.944205266971100632e-01
3.962129190910583243e-01
5.105405548486303680e-01
3.717225127221286396e-01
4.898944546622298613e-01
4.462900587552307008e-01
4.480729463775569577e-01
2.941226349445890120e-01
3.303075440997644829e-01
3.190587016371135287e-01
4.741724316663945560e-01
4.520663330409060432e-01
6.009661078176578020e-01
4.724858165212817984e-01
5.202562459704426212e-01
5.904324935897383719e-01
4.514845694859689895e-01
4.884526516353420167e-01
3.432833120115840186e-01
2.875540807166720447e-01
3.217864789798829395e-01
3.059253067433916340e-01
1.694363299558264979e-01
1.377023161914592564e-01
9.559888585978298936e-02
-5.758229068000197959e-02
-5.820232097562601931e-02
2.462450742784116908e-02
1.606219668887343133e-02
-3.811190947561402670e-02
-3.663729321598105382e-02
-6.984484150653672008e-02
-7.156467888905154728e-02
-1.235836958915415701e-01
-5.512694625878682142e-02
6.969393403856260008e-03
-3.680712189152610114e-02
-1.159688371967757814e-01
-2.730452259786056435e-01
-3.512702682480747240e-01
-3.694879090420441492e-01
-3.873426757729841463e-01
-3.984066295382956424e-01
-4.166059692149657323e-01
-2.981855067468601184e-01
-3.202727628856625874e-01
-3.004652410725705547e-01
-2.035219181820623335e-01
-1.523552957805004715e-01
-2.169918324035068624e-01
-2.809941342081458959e-01
-2.819376395287882531e-01
-2.352639101332627547e-01
-2.577653294903431980e-01
-2.143532849518419714e-01
-1.554134608822530794e-01
-1.488456847161770680e-01
-1.971003175851754330e-01
-7.289595978676964572e-02
-7.762612063416322004e-03
-9.447255406634025299e-02
-1.177067594870160328e-01
-1.548426992667853996e-01
-1.735792700126330759e-02
2.324895122846601034e-02
-9.168741140443453785e-02
-1.008653758420091223e-01
-8.722739028267596784e-02
-9.373118062522400873e-02
-3.522340124213038659e-02
-5.087472176725865713e-02
-1.311059236781424164e-01
-1.358179446582709615e-01
-5.724400381596514431e-02
4.152697644051225878e-02
4.942884175102833788e-02
8.985367890019861636e-02
4.303183472547662813e-02
2.229214995090836593e-01
2.255564072623986172e-01
1.382115523405834656e-01
2.161374203712520814e-01
1.785090096157931905e-01
1.286292730484753233e-01
2.476053593437234357e-01
2.271150864499044686e-01
2.150723232019570164e-01
2.557742410164371913e-02
6.962544559374365949e-02
2.164749101974628998e-01
2.398194187614056672e-01
2.043694372311859742e-01
1.286907883395992935e-01
1.418937243700558459e-01
1.156686057182229610e-01
8.265190690485448022e-02
1.316762730658095071e-01
3.718460848129574725e-02
2.722045380452942781e-02
8.486764647419775542e-02
1.828471942670272521e-01
1.528982544861626491e-01
1.761403777119919523e-01
1.690813854946719985e-01
1.888942929003779581e-01
1.753121092189169339e-01
1.968776140850377332e-01
1.097214863256930628e-01
6.675959166004487300e-02
2.795911919808149234e-03
-2.640486050496855530e-02
-1.798214073471850194e-02
-9.202401967915109417e-04
9.601454221960877347e-03
4.399435276232991493e-02
6.919630808774611397e-02
4.010426328572321703e-02
5.246501339347183802e-03
1.114897750333138926e-01
1.290020281454900830e-01
1.136271081359554458e-01
9.411368814512273417e-02
8.585916156440570601e-02
5.802496126670046023e-02
2.829353421129815471e-02
-5.899091809676305920e-02
-1.707650590115940559e-01
-2.225260065636879836e-01
-2.025948357929374111e-01
-5.271443352567842244e-02
-2.989472078009506109e-02
-2.990008819644432783e-02
-6.949367169572198688e-02
-5.567925648417935969e-02
-1.415376498394094185e-01
-1.074787596594313638e-01
-9.927934930511923828e-02
-9.425245461206180342e-02
-2.690863550757283465e-02
9.435478909533818667e-03
2.597690969301379854e-02
2.434590549842987825e-02
-8.841604052434640093e-02
-1.630168153519214180e-01
-1.227680193762342165e-01
-2.073013687207260758e-01
-2.536596070612482934e-01
-2.387798011228084993e-01
-2.593233072473741241e-01
-1.628655437397760475e-01
-2.504953195315843262e-01
-1.923854242288888794e-01
-1.476131308434385780e-01
-2.426450361080612905e-01
-2.757184804968411673e-01
-2.169696585450973658e-01
-9.860550378902607771e-02
5.203203169433155868e-03
4.540212681041212034e-02
3.945741257630318299e-02
8.552610681780539736e-02
9.271621717988473219e-03
-4.006373764335088156e-02
-5.594295384885101391e-02
2.754856558527445098e-02
-8.468620357434356039e-02
-6.333193594490513223e-02
-1.586831500887866606e-02
2.852829085492782080e-02
4.769695437653811987e-02
-5.188841019132914463e-04
6.497995814292340487e-03
4.499020410308215978e-02
-1.564198763831156896e-03
-6.451795717436027700e-02
-3.973664040684529025e-02
6.884742535774662775e-02
7.532328732062870680e-02
4.656472571458203369e-02
1.904004783149468583e-01
1.523137561647874838e-01
1.890821550971389098e-01
2.286099050266079957e-01
1.963722797924087604e-01
2.074763146902247057e-01
1.517358880050891645e-01
-6.103290762161841382e-03
-5.636578623369165736e-02
6.045589535407776358e-04
4.725739819470627101e-02
5.661974627624070250e-02
4.377382658612521266e-02
2.140794238368733393e-01
1.360080440898497611e-01
2.009102057821851028e-01
-8.753991791372957298e-02
-5.193523095999177247e-02
-1.569475453937231035e-01
-3.444105367840239601e-02
1.234614052476586121e-01
-7.061256144148239655e-02
1.753391054189626375e-01
9.774731327969060635e-02
1.067494858805351082e-01
-7.357860644232964639e-03
6.610751490967019250e-02
9.974371318127893404e-02
6.511379832396955916e-04
6.569483273734291187e-04
-2.479912017231770960e-02
-1.137071157421029183e-01
6.364345230258429409e-02
-4.935756297535708222e-03
-1.659100480100853536e-01
2.106882683784307500e-02
-4.300227016853126055e-02
8.454112005967273635e-02
-3.465150701210707729e-02
4.175059653106055063e-02
-4.148853163158005425e-02
9.314930630329344707e-02
-6.252390301913830772e-02
1.706048163976264798e-01
2.238882266619689476e-01
-1.377629762336565061e-02
-1.635843648610938172e-01
-2.787592417480546422e-03
1.197537431871349700e-01
2.678480109960973410e-01
1.418143622208020982e-01
2.592045459484003389e-02
2.858460920208636957e-01
2.363051161183821192e-01
3.622140647267823033e-01
1.224130942768077712e-01
1.148424676138774386e-01
8.787855897270749339e-02
1.633423870532435263e-01
2.215171972551419066e-01
1.602125232229615615e-01
1.385548543985523628e-01
3.765099435406854284e-03
4.854246575523867707e-02
8.155259061828452893e-02
1.853435671921571382e-01
7.812861586033875705e-02
3.385052238193735075e-02
1.246096849753606517e-01
1.654321549359138999e-01
3.094026084573544555e-01
1.795796497122154611e-01
1.850316186002918251e-01
1.518969075097346133e-01
1.632182963666804210e-01
2.762628515296397871e-02
3.156057591254660122e-02
1.129764346119794746e-02
1.006616612123360614e-02
8.368983201906854408e-02
5.685723085353690254e-02
2.328690844932565160e-02
1.855351030212745445e-01
1.888715207712939048e-01
2.183319201012401400e-01
2.077268013812921255e-01
1.852106254504508331e-01
2.595601700028734027e-01
4.004668855702518404e-01
3.368565466064990521e-01
1.713672678153297380e-01
2.316286797873516046e-01
2.097173787072709739e-01
3.640920827463802745e-01
2.841219136515109045e-01
1.693250256762689754e-01
2.475158400009635218e-01
2.148197554533112508e-01
2.240504012036803327e-01
3.664097238673111878e-01
5.005511280446639510e-01
5.817535398620877762e-01
5.991518835668857568e-01
5.043066075720751273e-01
5.187181220005063764e-01
4.576305639270606962e-01
4.855214879021300667e-01
4.733979918909734241e-01
3.033217547273303616e-01
2.556751073297033883e-01
4.107745415347954787e-01
2.506920258568202109e-01
2.614369866833189393e-01
2.568774252249688694e-01
1.594438261085694142e-01
2.731028381166940022e-01
3.641582749093904003e-01
3.554679368461436950e-01
4.223142226133195787e-01
3.653471071179179575e-01
3.240619504038350640e-01
4.068132698939921910e-01
3.338806995665788979e-01
2.648079634755153289e-01
2.643466550255776371e-01
1.722332177084334170e-01
2.387676550125865105e-01
2.875281803960237359e-01
3.852554624507323333e-01
3.372959691395382431e-01
3.891325916138511642e-01
3.329137097868732909e-01
3.283508216219181985e-01
2.048798698089815684e-01
1.330602225791968629e-01
1.791519876737765471e-01
1.855740430578248501e-01
9.898932386703671038e-02
6.308272421415522802e-02
1.428004983521871316e-02
-4.070760754274301008e-02
-8.757676101295669424e-02
-4.052622783597442657e-03
-4.321923509373166300e-02
-5.986335105860778744e-02
-1.804615828655843079e-01
-2.146950884203785437e-01
-2.068781712942639739e-01
-1.325657463476548892e-01
-1.317083105268549437e-01
-1.332923278643077802e-01
-1.082106486831821285e-01
-2.562492158330498260e-01
-2.076427066887059081e-01
-2.231096704641493955e-01
2.160662240227063328e-03
7.147977333543208134e-02
-6.399502583348766482e-02
-5.827645591081168086e-02
-1.262940576006590931e-01
-1.552130129957358107e-01
-2.415176828313225221e-01
-1.903367319651931289e-01
-2.674081754395869481e-01
-1.258800741775612797e-01
-5.871752985344443759e-02
-2.552692844614615764e-01
-1.606388084845938591e-01
-1.412500407570581595e-01
3.455543655614677634e-02
-2.279623870252209944e-02
3.445855320381750742e-02
2.444928571961591524e-01
3.459568196365688797e-01
7.556285989910578593e-02
2.328730409355851128e-01
3.967955589254402726e-01
4.777432081744177883e-01
2.385087407345645449e-01
3.120968991033810647e-01
2.230161131216647497e-01
2.226036210079890276e-01
1.175073199109148425e-01
2.755538759912580238e-01
2.573987322921554854e-01
9.742232309049214667e-02
1.110197488540742988e-01
5.511431090938798127e-02
6.338353420251820192e-02
2.157245051526373858e-01
1.078875236426539153e-01
2.262419087078949287e-01
3.941415214028284875e-01
3.335810968551212174e-01
4.166981307658157441e-01
3.556205725838513798e-01
4.273992752445876508e-01
2.103415224249526316e-01
3.195153048696870446e-01
3.849976868629415017e-01
3.200622287555431322e-01
3.996746353695682097e-01
2.862063656957037905e-01
2.453474147967502905e-01
3.091662532552812426e-01
3.693716295046274301e-01
5.047256699696690552e-01
3.636812428492048332e-01
4.103928183129944562e-01
4.717375879119735105e-01
4.204038658167285614e-01
2.399473632242479226e-01
2.031874824866823359e-01
2.185654500328255145e-01
1.264436966356656533e-01
8.740254322502249984e-02
7.525309152767799270e-02
1.505560879253095286e-01
1.238525167095287233e-01
2.224761052559107999e-01
2.389197052644981278e-01
1.596337035241335300e-01
1.660531627804117394e-01
2.097624935263846524e-01
2.631837882536759432e-01
2.563771016679015080e-01
3.143140991379489990e-01
3.713097711235818221e-01
3.536197194229941942e-01
4.849271826904040239e-01
5.554727990320063036e-01
7.086094244271406994e-01
6.064286831713016079e-01
5.494779773394917743e-01
6.292879798120929458e-01
6.641784208783442223e-01
6.461552563837307250e-01
5.501996038125606114e-01
5.703092116126272648e-01
5.909647937203267309e-01
7.633838593184670840e-01
7.321148127644244719e-01
7.130355197554598679e-01
8.067106293908152814e-01
7.994076855761631517e-01
8.495215669555867821e-01
8.838863799147623768e-01
8.548712701627810828e-01
9.062152182603383510e-01
9.053701674836508451e-01
8.576448498090472050e-01
9.042316392951098569e-01
9.157723320461157446e-01
9.806940568672553038e-01
7.795500661751711968e-01
8.408539211672205749e-01
8.316324354996527113e-01
7.831265620525470483e-01
7.161740043834031733e-01
6.862663423322371559e-01
5.998623271168098681e-01
7.035113175312638356e-01
8.092425210646628786e-01
6.740824613480300709e-01
7.614477268892207995e-01
6.859937034817128465e-01
5.911104693353161910e-01
5.774429295469082346e-01
4.631828017634360695e-01
5.500168706075911906e-01
6.740045928002094122e-01
7.450511269557154037e-01
7.863988816829633466e-01
7.934426858414636019e-01
8.762804061832178970e-01
7.565983313293851431e-01
7.809918010547608480e-01
8.042960589626555468e-01
8.005038770243396717e-01
7.872477579736120168e-01
7.734869484968309727e-01
8.180588306235404561e-01
8.854263221349822910e-01
9.013915288888251220e-01
8.316283488850845229e-01
9.486547238569935647e-01
8.478434015320135408e-01
8.158412301460769012e-01
8.096445035062591611e-01
8.205073119926883374e-01
8.407846091517318099e-01
8.960553370739844370e-01
9.232263669715676802e-01
8.849346066836321079e-01
7.296365705619878295e-01
7.970340681859882093e-01
8.088860535566124721e-01
7.878915934959427325e-01
7.417020519906167841e-01
5.886836523573444335e-01
6.982684061643967821e-01
6.938153752547926434e-01
5.844723200400020469e-01
6.428405832309014301e-01
6.178346008664274969e-01
5.309942210648992411e-01
5.042063387364483784e-01
4.414106594814712903e-01
5.013849214527414944e-01
4.679058067974860013e-01
4.987368272565472771e-01
5.371963950969291801e-01
6.096604306242918714e-01
5.793221257007591385e-01
5.623519315205736113e-01
5.285439809661287569e-01
4.909690014087748633e-01
5.151803054823779204e-01
5.542638665678665255e-01
6.394237935501705383e-01
7.510324601041644677e-01
7.685831817331911786e-01
8.809119803319477304e-01
9.364899745264163577e-01
9.458061694778956419e-01
1.029926238285832740e+00
1.005120726403061937e+00
9.944734535726067470e-01
1.043508032098806604e+00
1.101143670402203512e+00
1.047666609259346293e+00
1.138659871385983458e+00
1.177726786055901753e+00
1.203627391564164650e+00
1.227764888968776891e+00
1.193033096478248067e+00
1.212917561778388942e+00
1.203024878914585427e+00
1.151277425944824850e+00
1.066037682448756740e+00
9.713998965238279659e-01
1.117882985098097803e+00
1.125701687546672325e+00
1.135838538615915327e+00
1.121608786031624616e+00
1.194491217860814913e+00
1.155220308905151816e+00
1.148197086102018538e+00
1.176999252244271599e+00
1.224861266460031350e+00
1.207683172851635511e+00
1.222176775861605336e+00
1.038058420671576831e+00
9.627663509151740406e-01
1.011801791817241725e+00
9.670745699835749942e-01
1.016671662013290067e+00
9.255747527813356079e-01
1.012125584694640423e+00
9.731643895474948458e-01
9.846179805533314955e-01
9.445420991938850985e-01
9.803387613797899247e-01
8.901740790914788315e-01
8.592093917902556832e-01
8.546033564458258569e-01
8.219537354111481342e-01
9.236817734637353672e-01
1.000007196791902642e+00
9.493456600972997039e-01
9.835962420253214766e-01
1.094196410787435791e+00
1.095786918744169336e+00
1.036208061514365397e+00
1.019139342303797768e+00
1.012673330363328850e+00
1.040173398977360053e+00
9.744272578126467188e-01
9.670755658326714022e-01
9.054664230118510959e-01
1.006811471988752205e+00
9.446349191233394116e-01
8.853014162360328676e-01
9.544805839256523816e-01
1.016467851238219255e+00
1.021290688797167556e+00
1.024837880538342239e+00
1.044984135574862361e+00
1.046976609899443300e+00
9.638727644758721125e-01
8.905815484901185020e-01
9.290593735036993817e-01
9.563434393858076810e-01
9.506154128124459923e-01
9.070149029426742837e-01
8.391741659500623340e-01
8.038687601511694814e-01
8.076292437364683829e-01
7.993371488590876872e-01
7.618841292194141745e-01
7.349568854944489305e-01
8.529874883307897449e-01
9.345917639569789603e-01
1.003558195407113107e+00
9.757508644754879779e-01
9.513429644668995877e-01
9.272421778844410767e-01
8.051270936668013523e-01
8.361728586972012600e-01
8.293186337257421048e-01
8.841202781848114256e-01
8.410875444547711854e-01
8.758084926395696135e-01
9.363631390162225898e-01
9.547310850768195856e-01
9.779327241741724297e-01
9.714767139657894957e-01
9.696607098144409687e-01
1.038964470588138456e+00
1.102639890308134918e+00
1.009517222687579263e+00
1.029714810777335954e+00
9.490659509049750309e-01
9.104310150120207279e-01
8.419716399077105118e-01
9.026373000264500401e-01
9.564213877522633744e-01
1.003411370128798108e+00
9.830792583094137838e-01
1.000203017921937665e+00
9.620833079570871860e-01
9.772151718290421618e-01
9.718754511427429854e-01
9.827857442255368836e-01
9.743332503231229014e-01
9.193317064804453764e-01
9.332649865702133951e-01
9.300721675662502186e-01
9.696683550747826619e-01
9.752838235071354944e-01
1.056935979958066874e+00
9.459172357646221663e-01
8.264142590571492697e-01
7.447441685326033900e-01
6.727416661231971906e-01
6.985993579029821099e-01
6.528953641044954459e-01
6.098311204258259899e-01
5.716994803465441644e-01
5.727062373338690504e-01
5.675018690366420149e-01
5.586254534268765282e-01
5.989027869363076073e-01
5.716151661406490003e-01
4.903666807367747515e-01
5.163699227077280796e-01
5.140713595662853574e-01
5.188021464636261015e-01
5.108859351050468733e-01
5.800508285523697793e-01
5.176801640942316762e-01
4.664611306429353732e-01
3.910655723560603758e-01
4.125896494132286207e-01
4.512593668919235856e-01
3.994753713845154430e-01
3.329443433239639982e-01
3.426305484973867221e-01
3.351155299115713415e-01
4.040022623044662309e-01
3.897884781801018717e-01
3.479647640161794286e-01
3.146989034135407315e-01
3.185431216409834176e-01
2.710883039833150154e-01
2.534717253536966086e-01
3.113913007516483367e-01
4.010664182524405486e-01
3.497292087062719990e-01
3.377457358488939465e-01
3.600848795892588883e-01
2.607764300540875713e-01
3.281268867997439442e-01
2.261099763379137983e-01
2.961415479306677700e-01
3.017320742237606934e-01
2.570397339951824289e-01
3.629074151979779783e-01
3.699135588256438623e-01
3.912878947664959473e-01
4.073749616105450944e-01
4.152407616984868377e-01
3.390556592748972808e-01
3.341763870924736590e-01
3.336348510544556167e-01
3.771887155432223082e-01
3.152092280372019717e-01
2.930772888315683611e-01
3.386939315776096304e-01
2.440636199350879609e-01
2.611880172200365391e-01
2.662684051703169130e-01
2.610009530713351400e-01
2.747083273319073093e-01
2.186331487839167087e-01
1.855005300039417049e-01
2.237286566586356995e-01
2.072727952574887345e-01
2.583604131514471991e-01
2.979811595422610648e-01
2.937642739510582524e-01
3.218293309753477160e-01
2.853955583466471491e-01
2.524639677874145338e-01
2.458971174716946539e-01
2.537309433323355901e-01
1.485100346089782142e-01
1.418080192823696073e-01
1.416780192941869410e-01
9.190138443755072051e-02
1.321286612357241985e-01
8.482169862901917101e-02
1.123564053664343199e-01
-6.946431884425631129e-03
-3.171554269867250808e-02
-1.476137412253392990e-02
-7.206440742594445725e-02
-1.176024665545592623e-01
-3.784502332356384086e-02
8.024058533844082020e-02
2.024667631885194163e-01
1.858535637740030555e-01
2.771738074106240290e-01
1.873925399310318596e-01
1.288399287931292214e-01
1.248492023378563603e-01
5.019839938132035495e-02
-1.767525665519878789e-02
1.180505810411536412e-02
-5.234257657040895795e-02
3.398971114382146421e-04
1.073406046282485669e-02
-6.513824092028706880e-02
1.198546192291718299e-02
-1.223392683727198560e-01
-1.281084470472090286e-01
-1.614393877049887238e-01
-2.075667046339767507e-01
-2.462767961639932279e-01
-2.389461011396006307e-01
-2.327660143381543589e-01
-2.457560290014925430e-01
-2.556601697351759128e-01
-2.011889044995814613e-01
-2.475168345277872495e-01
-9.095210510317418284e-02
-9.978049485503013780e-03
-7.084489870635400643e-02
-1.368531968545591004e-01
-1.177788861538306975e-01
-1.291822916776384222e-01
-1.169649948017927876e-01
-1.474764829730673410e-01
-1.192048577172859503e-01
-8.116331317363371933e-02
-1.091167716270396992e-01
-1.151326243031220026e-01
-1.617253830823137395e-01
-1.191410525063930775e-01
-8.482555654859907923e-02
-8.302876488974396396e-02
-1.100843924047966715e-01
3.117643869880612224e-03
-1.302356421154897970e-01
-1.323443617093064129e-01
-2.286547480759542617e-01
-1.925888971570201835e-01
-3.064307264589423152e-01
-9.355020172400946299e-02
8.504262501637676122e-03
1.047799282523087933e-01
5.194043576761357695e-02
1.047524675557351542e-01
1.868908831428866754e-02
1.634734862713772552e-01
2.440231042692814767e-01
2.642848157919078234e-01
2.508944347492078619e-01
2.836851520571265217e-01
2.924352333521257896e-01
3.483202689181154055e-01
2.629118895563304914e-01
1.944212260544783133e-01
1.070794092896582561e-01
9.863902945256451671e-02
1.973518684823624414e-01
1.667860044683277809e-01
5.856898880329185209e-02
7.066676065903043646e-02
1.177424298613026221e-01
9.488048266844568979e-02
1.032055106694432928e-01
1.942596450201051761e-01
2.624063210811625746e-01
2.375147053291979116e-01
1.793961269374669265e-01
6.793748976593261268e-02
7.251448214226274835e-02
7.859009559016225110e-02
1.178646692329552159e-01
7.750989329403304429e-02
6.123592444518295014e-02
8.612596985837060737e-02
1.319549048949439363e-01
1.535756663346223017e-01
2.128333545188348386e-01
2.094653220975274677e-01
1.985512121654718076e-01
1.642459762580540661e-01
1.365485963251534818e-01
1.678956874604571603e-01
2.108660482805276570e-01
1.941265745879564575e-01
1.461026909842585708e-01
7.585655841037920732e-02
9.655335737511566707e-02
1.110897946711943973e-01
1.139564708270070087e-01
1.674785853641810041e-01
1.052419160484806826e-01
1.185002837260977493e-01
-8.616551744455025474e-03
5.699066808428446262e-02
-5.270042179320759412e-02
-8.713884348769140864e-02
-3.532178616107873453e-02
3.476208093405458444e-04
-5.491703811936966134e-03
-9.712415584720092421e-02
-3.324762611526432127e-02
3.503307035054920027e-02
9.985495530319059287e-02
1.633293104783176478e-02
7.087782001067982618e-02
2.512593690198750701e-02
7.342745247100863903e-02
-7.586816570350838305e-03
8.441189606931234768e-02
-3.495314217096268106e-02
-5.901132607454928625e-02
-5.821872013207642083e-02
-1.390099166471451264e-01
-1.658608053276528493e-01
-1.594492015135244023e-01
-1.908105932920180769e-01
-8.016030406943588926e-02
1.043068938313500282e-01
1.891438380988805512e-01
2.634720232047089716e-01
5.445953741750845373e-02
2.822952604776981025e-02
8.570660776123126268e-02
-4.466539526579154512e-02
1.373977926558261620e-01
2.579820407934662607e-01
2.996168796274609747e-01
2.363521566262341833e-01
1.884483086891959036e-01
1.639262517115489537e-01
2.005712866297874875e-01
3.011532520048129102e-01
3.523337193823412594e-01
4.272667914803113254e-01
3.119119055023299447e-01
2.908039720092954750e-01
1.435611244228313932e-01
2.131514883572675212e-01
3.034112759212275745e-01
3.570198438040815270e-01
3.274321210754309042e-01
3.021077496227895787e-01
3.401577249819884297e-01
2.910421559592614171e-01
2.189723693900109402e-01
1.440950311475585888e-01
5.245371139495718510e-02
1.873111907296514667e-01
2.418233874058958177e-01
1.967909304879255084e-01
2.282294513254313761e-01
2.978065692826150634e-01
2.580948041405449755e-01
1.696808569338554284e-01
1.977160576389851709e-01
2.844972252460390982e-01
1.905271788014975543e-01
1.366217101433786496e-01
1.782020720946667358e-01
2.186110789096568363e-01
1.710958098442790232e-01
1.378860665638668714e-01
9.198436423921015070e-02
-4.194435876636665866e-02
-6.590813105808886185e-02
-1.328213335236971826e-01
-1.791937371633342824e-01
-3.169735490838090919e-01
-3.833873603500976279e-01
-3.948755056560686594e-01
-2.911755341299948063e-01
-2.784605205800001482e-01
-1.321404708159098496e-01
-3.301986848728247215e-02
2.430136702660375125e-01
3.930867648742578102e-01
4.698588994744741787e-01
3.399916085455079173e-01
3.683512569421553695e-01
2.816693841428713485e-01
2.645912572753848502e-01
2.016228391208669257e-01
8.341422864733931408e-02
-5.645215470968872190e-02
-7.998529149698535567e-02
-3.954553393405768613e-02
-7.402132585582453517e-02
-6.261225557171959388e-02
-5.595935748496120438e-02
-8.914203763442155731e-03
-1.138842696973302315e-02
-5.932698225823378885e-02
-8.763362014725997740e-02
-6.199692711593802336e-02
-4.040923731464989843e-01
-4.022901749335186516e-01
-2.849986102380711595e-01
-1.408402518709933882e-01
1.920499669279769339e-01
2.328177494628123900e-02
-1.236160392596497570e-01
3.853291328269493887e-02
8.480746989916548850e-02
2.126641763219975778e-01
7.922045568968236195e-02
7.652101399763723555e-02
-1.631532847653520135e-01
-5.096304537882495600e-01
-3.019017138163500591e-01
-3.699490596888277971e-01
-2.960417576056745964e-02
-1.899308612543967600e-01
-2.562491750525227041e-01
1.220630618706994852e-01
4.443779551840764674e-01
6.068823779103913463e-01
2.361403936850332563e-01
-4.077067426025615671e-02
-9.327266034143923135e-02
1.879457422068072855e-02
4.153324134513636939e-02
8.974428407326423551e-02
3.681922119713307850e-01
8.417937137608512421e-02
1.693886550551949588e-01
1.639513572812947018e-01
5.520577113547502773e-02
4.392028823719298924e-02
2.245400050794515157e-01
2.397182216271145638e-01
1.780797430256987612e-01
1.072910057131663264e-01
1.938650292624152782e-01
3.475244419334787005e-01
2.620831862935472101e-01
3.753836779134718804e-01
4.626609474854728177e-01
4.260141446240092722e-01
3.505843007210229789e-01
2.218965606987086669e-01
2.210803656437281273e-01
2.737766247636035377e-01
1.403339085931328278e-01
1.764786325351608565e-01
1.400698579383536369e-01
7.599159300685924545e-02
1.450480434120360596e-01
8.487789766424971849e-02
9.688787030374781950e-02
1.653641323777381433e-01
1.359118149547985377e-01
1.555653433625557858e-01
6.299719997107978975e-02
2.324692996210696583e-01
2.045357513502890634e-01
1.777029975910768833e-01
2.096703213246723652e-01
1.206047961568754157e-01
1.392704206584202964e-01
1.034594302657499409e-01
8.367708430242767892e-02
1.079722090302307922e-03
-1.318771162832754404e-02
9.552739684064667780e-02
1.408109697366765334e-01
1.423873608496678822e-01
1.501028230797002982e-01
1.184979443763882756e-01
1.695950720004074375e-01
1.032548039144013247e-01
9.060426828780687725e-02
2.788563334139056507e-02
-5.391071107102093224e-02
-3.342754949974389989e-02
-1.449091156161239069e-01
-1.210224464401756100e-01
-1.153919841274787667e-01
-1.502040936139167615e-01
-1.666439440756389556e-01
-2.794692892075518187e-01
-1.750919567390134823e-01
-1.898756462410175483e-01
-2.734718429588532951e-01
-3.038628239519893803e-01
-5.138663935578681174e-01
-6.582152772167033650e-01
-7.562921973158507338e-01
-1.029633788247276804e+00
-1.228453794373868924e+00
-1.427089789056579683e+00
-1.563954936207377688e+00
-2.088660866601042443e+00
-2.037093372276452374e+00
-1.690263661262006556e+00
-1.588771210921399613e+00
-1.428379621990160775e+00
-1.414920950033313751e+00
-1.101085111451493237e+00
-9.380127301351421920e-01
-8.636032853919964891e-01
-7.360868779113735050e-01
-9.634494521398474509e-01
-7.421742261993525824e-01
-7.414656590559454141e-01
-7.105446310301271051e-01
-9.897384866987866125e-01
-7.639580536787990983e-01
-6.373524429324181062e-01
-7.355870202652452505e-01
-8.758454333484719800e-01
-8.414173891382544790e-01
-7.042029946574923649e-01
-8.253700650709379083e-01
-8.403810522271015770e-01
-6.999678133189450868e-01
-4.502507956799975397e-01
-4.684832525824855765e-01
-5.979235519892279749e-01
-9.058308173725720946e-01
-7.981471313584802552e-01
-7.470468287948622832e-01
-1.074162238218761889e+00
-1.133750180642520311e+00
-1.151747874185438558e+00
-1.165800589747123528e+00
-9.759850115740751342e-01
-1.032872843651829076e+00
-1.161249834953561155e+00
-1.195243037045673473e+00
-1.352322543739265637e+00
-1.382127360494221691e+00
-1.311373133634783139e+00
-1.430071282889429973e+00
-1.293313025513735282e+00
-1.207716660596422242e+00
-1.128622000123534530e+00
-1.172546445301396512e+00
-1.268655372194063213e+00
-1.338465430321384098e+00
-1.351991132345668367e+00
-1.204864516601775515e+00
-1.165278223655326961e+00
-1.100548962034537226e+00
-1.120997025665369629e+00
-1.166557576474233748e+00
-1.142111921522192430e+00
-1.191895426357850951e+00
-1.200345024617451628e+00
-1.261668671400777875e+00
-1.137187846797079960e+00
-1.079718801665635386e+00
-1.110217042976294088e+00
-1.149652043477684904e+00
-9.307446847292428771e-01
-8.745174665293269367e-01
-9.312941207392143594e-01
-8.498135340598630405e-01
-7.880710512498593223e-01
-7.780571678054890583e-01
-1.003107790016461109e+00
-1.039111353087911693e+00
-9.809533617836991848e-01
-8.930870938787470736e-01
-1.008381285202884614e+00
-1.170676872678884983e+00
-9.939527091071478360e-01
-1.079885833778884141e+00
-1.125662832738050456e+00
-1.134724943420651888e+00
-1.032177967458937973e+00
-1.093173427339303894e+00
-9.962738652625089397e-01
-8.968201205993886482e-01
-8.802929278535216451e-01
-1.016313223814494737e+00
-1.162485136936616925e+00
-1.102124106461520370e+00
-1.120481999215736657e+00
-1.181891875582843809e+00
-1.126942282260215533e+00
-1.203629943374941114e+00
-1.123373723873726027e+00
-1.162790348490002401e+00
-1.176129819725533654e+00
-1.139534168836408012e+00
-1.209810667886083602e+00
-1.289659818155868054e+00
-1.227035811712972713e+00
-1.151358134522862509e+00
-1.293732989451950921e+00
-1.255816189855192722e+00
-1.242213649083445004e+00
-1.154604658709736942e+00
-1.172161820324399306e+00
-1.108456100010974277e+00
-1.121797633993760757e+00
-1.330327431251958625e+00
-1.308137554052424933e+00
-1.379970632313816559e+00
-1.516678935644725001e+00
-1.396696354052382238e+00
-1.242570671761376255e+00
-1.215945458228480547e+00
-1.174308411015842601e+00
-1.086626212105840761e+00
-1.112842304228460755e+00
-1.193465702458728295e+00
-1.175804708515536312e+00
-1.080713187009706422e+00
-1.038541293170097246e+00
-1.011337504688852640e+00
-1.131151463999262585e+00
-1.331522540379430186e+00
-1.423205393123950335e+00
-1.502615772728605359e+00
-1.431764351946944069e+00
-1.291122758212227772e+00
-1.465139350554541586e+00
-1.660313477719798980e+00
-1.515444124908327472e+00
-1.542913879366855534e+00
-1.451124661959351414e+00
-1.596044756822921462e+00
-1.763500333928204711e+00
-1.731246702187355213e+00
-1.781990593302610115e+00
-1.775454345733405326e+00
-1.834760255365021520e+00
-1.754927541596651652e+00
-1.736067126418531226e+00
-1.600248399399623711e+00
-1.460183274151583666e+00
-1.580087408855422204e+00
-1.577262939862127400e+00
-1.724120517527919505e+00
-1.869121187543675289e+00
-1.812884283665301410e+00
-1.719704434905425350e+00
-1.845134602646377742e+00
-1.779373985533288183e+00
-1.826580535148493389e+00
-1.956926737519193438e+00
-1.857931298806312137e+00
-1.863801652182707436e+00
-1.894003042236014123e+00
-1.918674430503803707e+00
-1.906117436889038119e+00
-1.892482122779508114e+00
-2.016304499134705885e+00
-2.068072688690219874e+00
-2.002178995040107434e+00
-2.097898901441728636e+00
-2.077991674740160555e+00
-2.248774978561824511e+00
-2.523537910372100068e+00
-2.468567065133624450e+00
-2.455235947387503614e+00
-2.569862553061552202e+00
-2.507534522402208310e+00
-2.407770773770096628e+00
-2.243370843870312825e+00
-2.214582509035906810e+00
-2.005280236270526650e+00
-1.950939652592411866e+00
-1.952501077081603587e+00
-2.055440506163257464e+00
-1.844859648119120399e+00
-1.810155671579372294e+00
-1.879733520353370047e+00
-1.837597254452181250e+00
-1.912199349643321833e+00
-1.799158940733444068e+00
-2.010903107552173719e+00
-2.119322594840111318e+00
-2.150622459982317380e+00
-2.136768999122898194e+00
-2.297330286462164750e+00
-2.265137995600385867e+00
-2.062576798227434782e+00
-2.095556060005108634e+00
-2.074196120102445473e+00
-1.951511382339862433e+00
-1.729246221246816928e+00
-1.668296920445139442e+00
-1.677322503409682808e+00
-1.772341387019085612e+00
-1.887648621656806247e+00
-1.917024781547630008e+00
-1.927482834076707396e+00
-1.974140526177725841e+00
-1.951795636039074244e+00
-1.921795683756935658e+00
-1.694648860716573280e+00
-1.614849141042870029e+00
-1.514665716272062035e+00
-1.614368346881336791e+00
-1.741579052923454052e+00
-1.847024836392514580e+00
-2.029157124802002610e+00
-2.129881992744439678e+00
-2.278153815411830152e+00
-2.255732047588179245e+00
-2.310227224340648089e+00
-2.418815631666151322e+00
-2.435273570436014889e+00
-2.279835916566620657e+00
-2.122886660863244401e+00
-1.875224566223461675e+00
-1.878617659967563913e+00
-1.797511268127327755e+00
-1.822827435806467777e+00
-1.760986726582941087e+00
-1.529253661980991552e+00
-1.590451447637309723e+00
-1.474495660690133159e+00
-1.500712179473119079e+00
-1.391618314504603271e+00
-1.458180975126247780e+00
-1.541495144332820866e+00
-1.650445964825972611e+00
-1.649915555751420904e+00
-1.534403782310727049e+00
-1.551854789494083953e+00
-1.513033853204183821e+00
-1.573534106979231906e+00
-1.563714674039538677e+00
-1.498739673133798966e+00
-1.441739657430281873e+00
-1.557427635512145248e+00
-1.664768694334316734e+00
-1.744739400706948551e+00
-1.582289928071490159e+00
-1.403411627821103735e+00
-1.248915748028100126e+00
-1.101649887918761728e+00
-1.119106442576850435e+00
-1.006093751744571829e+00
-9.762342755675016415e-01
-8.315451304810148603e-01
-8.760516597662589833e-01
-9.765031390847966897e-01
-1.136099863901858686e+00
-1.114808957509856979e+00
-1.126714158405283550e+00
-1.215292060776169469e+00
-1.261607186271212377e+00
-9.795059479310168626e-01
-8.365131072901466069e-01
-6.771800037266810790e-01
-8.146424498606550380e-01
-7.372711260800942634e-01
-8.329717095910434965e-01
-8.761703790502740619e-01
-8.669099815375691520e-01
-8.991137020710766592e-01
-9.131196570569817261e-01
-8.417776440070814381e-01
-7.896170320137243515e-01
-6.067269207099135198e-01
-6.498416486789216906e-01
-6.359269823679686295e-01
-7.873447950807581641e-01
-8.223519240011597509e-01
-1.100347128223658766e+00
-1.104056420040836262e+00
-1.085065131037374009e+00
-1.112169905838124251e+00
-1.135131983336739703e+00
-9.623851973394587089e-01
-7.392375588784523277e-01
-6.441656280398595502e-01
-7.366951025434933520e-01
-7.926108490147260044e-01
-7.558238475566841919e-01
-6.812572564710980272e-01
-6.218432075632843725e-01
-4.812324376499905743e-01
-6.149399857876296505e-01
-8.432390384603797306e-01
-8.596914165002006447e-01
-7.688913289037526688e-01
-6.320326219000579338e-01
-6.579716646770992217e-01
-6.370297995472204988e-01
-7.261833085557107825e-01
-5.160074151954613386e-01
-4.389069385824787006e-01
-4.847390238330595569e-01
-7.151398929962423656e-01
-9.274562946478902559e-01
-8.545720832204530826e-01
-9.511985411314091143e-01
-9.967536960006325719e-01
-1.061625767066195491e+00
-1.052581047258238423e+00
-1.180016716490878803e+00
-1.085341856080606071e+00
-1.028491848914702134e+00
-1.039685015879568519e+00
-1.018625389154280469e+00
-8.078110654684281799e-01
-9.279889076746820065e-01
-1.040829945251673383e+00
-1.119735397210483097e+00
-1.247401265529443970e+00
-1.157001947720371904e+00
-1.210693364725231369e+00
-1.454112753853439521e+00
-1.425780011340201714e+00
-1.407421816676653670e+00
-1.225325431637789952e+00
-1.106326627488475101e+00
-1.088366855780196429e+00
-1.051670710056938907e+00
-9.664179110963075914e-01
-9.578558512923165402e-01
-8.228458324488465703e-01
-9.388751694218514521e-01
-1.036553780154768845e+00
-1.131536697642247846e+00
-1.066178700266574575e+00
-9.335540246215445759e-01
-8.860745090924361245e-01
-9.539837445258270154e-01
-1.006189649712696754e+00
-1.031782052962647134e+00
-9.288660166215492175e-01
-8.306693410299307301e-01
-9.875206612046854016e-01
-1.076720260804005846e+00
-9.234572395994651295e-01
-9.616766763473660884e-01
-1.136662811972924070e+00
-1.158748429727431972e+00
-1.117935532324143999e+00
-1.000857874689752514e+00
-9.384993832364523225e-01
-7.465378224198193635e-01
-6.893090308261515808e-01
-5.380893660869866535e-01
-3.651789526087746984e-01
-4.951960443605872841e-01
-4.973405765478161600e-01
-5.606536984643404331e-01
-5.783298511977871259e-01
-4.316313696812328904e-01
-5.859614808922053442e-01
-6.352182730266293653e-01
-6.321824684154661034e-01
-6.759297118669287396e-01
-5.548033021886572547e-01
-3.307856133372070739e-01
-4.031788113928381212e-01
-3.136170254673431579e-01
-2.736202321784905744e-01
-2.238093133621396058e-01
-2.655405735444968385e-01
-1.370613385204497714e-01
-1.721598711995840358e-01
-2.410680620323992496e-01
-1.064431529364985585e-01
8.853840251780716042e-02
1.531565168195293813e-01
3.647258940213929379e-02
1.058587868489643813e-01
-1.629748791664724639e-01
-2.478674303584566530e-01
-2.637585861430760681e-01
-6.225656972981595885e-03
9.788725745100933240e-02
-1.298813553668650145e-01
-1.631326709933678953e-01
1.238589916303640785e-02
-1.586352815918374293e-01
6.977688762684050583e-02
1.458723383246908478e-01
7.234268925368196601e-02
1.585541789277470637e-01
3.194776812463426263e-01
2.947703254935188366e-01
3.609375144915704658e-01
3.109098275382078946e-01
1.162772803570383401e-01
2.736121360059150243e-02
1.057091807915627318e-01
2.760083411964458361e-02
3.445835601297178585e-02
-1.198276611541391756e-01
-2.985002077450329971e-01
-4.440339259824852558e-01
-4.290180669519413903e-01
-4.535391216440471940e-01
-6.735709569240049266e-01
-7.645773182327939566e-01
-7.732051017737480159e-01
-5.789544869889515777e-01
-4.743072369577610581e-01
-4.419953495877002037e-01
-5.076678354795977066e-01
-6.622396274492945434e-01
-6.211564524009306476e-01
-5.731635688589552524e-01
-5.305759828078557838e-01
-4.844825099317952022e-01
-2.575415125521147153e-01
-8.798185677427487750e-02
6.871565554819047961e-02
2.416754647805760547e-01
3.218624828819456329e-01
4.009162943249458544e-01
4.906263837422799035e-01
4.687789278150316097e-01
4.387738371564857132e-01
5.206821054892105671e-01
7.835899565635996433e-01
8.146629922161741089e-01
1.087879881706387053e+00
9.857340185757025308e-01
7.855475266615470353e-01
8.315918342093358007e-01
9.102960728643370025e-01
7.673050850227115527e-01
6.090173418819145867e-01
5.605403736658450820e-01
2.706205471193678935e-01
2.735566618026628039e-01
1.143506721997643027e-01
-4.798807961987364146e-02
-1.725797108885448461e-01
-3.696884934320022742e-01
-3.680671334838792053e-01
-4.846813297645420349e-01
-8.206373706266811840e-01
-1.113464462941782473e+00
-1.117923471326560225e+00
-1.008648430870381363e+00
-7.726199131511251039e-01
-7.457665059623170833e-01
-8.405248349624190318e-01
-8.502321366374049338e-01
-7.838637284251147586e-01
-8.077246146381322767e-01
-6.990630036617376808e-01
-6.650858885611956595e-01
-7.273298905522557201e-01
-9.340853460168108136e-01
-1.082751667978880672e+00
-1.171543447207860744e+00
-1.073961278256880369e+00
-1.027162980230149181e+00
-8.855483089132870633e-01
-9.541576345790687697e-01
-1.162387432585856750e+00
-1.102125862742240558e+00
-1.013995632777293876e+00
-8.298443780341486775e-01
-8.483539773024032504e-01
-8.971663528758848649e-01
-1.144976267109011125e+00
-1.099445429645615091e+00
-1.177777101159362516e+00
-1.191326104421730259e+00
-1.270344513135673870e+00
-1.305556918346094664e+00
-1.299520757372796265e+00
-1.436852806637013868e+00
-1.644452738195330443e+00
-1.748980386543917964e+00
-1.770902961953755739e+00
-2.001602372303435740e+00
-2.060814398062381869e+00
-2.001846958499074347e+00
-2.135075845174979392e+00
-2.136236490343126793e+00
-2.212406828834948325e+00
-2.358509804270864318e+00
-2.267067909146388782e+00
-2.102490670943238271e+00
-2.227674137429099144e+00
-2.354594126922441077e+00
-2.326993204828112560e+00
-2.338222033480276352e+00
-2.392293966095113689e+00
-2.387218206779616381e+00
-2.345490469739511141e+00
-2.309315066160097629e+00
-2.375914048905277465e+00
-2.440888239244195290e+00
-2.480572302153926767e+00
-2.608595735709855923e+00
-2.674699769981651265e+00
-2.824761194005992238e+00
-2.764655523346071675e+00
-2.871364365790873840e+00
-3.060646426718279578e+00
-3.237269970715215273e+00
-3.392512370577465131e+00
-3.532857191722411194e+00
-3.719790523972204443e+00
-3.592556694956270391e+00
-3.547688759496615329e+00
-3.498176576527152193e+00
-3.568967790905519522e+00
-3.485027204058372075e+00
-3.495318783819517439e+00
-3.634336801298055697e+00
-3.662579327421809694e+00
-3.754861036594298263e+00
-3.846525018911141292e+00
-3.967067735660145367e+00
-3.942669899578564507e+00
-3.812362250614147019e+00
-3.896231510047593716e+00
-3.874581606213750362e+00
-3.839733739653975686e+00
-3.912775086196940588e+00
-4.117270231464248198e+00
-4.188501279540346900e+00
-4.081343699510934897e+00
-4.155843436498100729e+00
-4.113370521684404757e+00
-4.179482800998196801e+00
-4.246030795126590540e+00
-4.300358283592111697e+00
-4.417866226873161217e+00
-4.555999681947430879e+00
-4.575580928129421743e+00
-4.716997637142058331e+00
-4.772998324638373369e+00
-5.065647760285266976e+00
-5.171432205273358562e+00
-5.236088479693484565e+00
-5.400053822765745082e+00
-5.400668529393163553e+00
-5.342971091584778343e+00
-5.282904296954947121e+00
-5.516376719869349188e+00
-5.630965836030621396e+00
-5.621145815062794426e+00
-5.469468756260566167e+00
-5.490519184984687939e+00
-5.703981566233155220e+00
-5.834745236282014247e+00
-5.945318389657490599e+00
-6.066855797687741969e+00
-6.021538337929049689e+00
-6.035656635886415877e+00
-6.254685500581056878e+00
-6.191039094690790279e+00
-6.241914154903540179e+00
-6.431288105189972626e+00
-6.469865065551665850e+00
-6.668374574459423165e+00
-6.762035374654852049e+00
-6.633847129229828887e+00
-6.736154018388254450e+00
-6.745987577531620261e+00
-6.834451327372461193e+00
-6.879543114802915582e+00
-6.836481793681238983e+00
-6.754848962024230907e+00
-6.763119769823743077e+00
-6.689179266800825197e+00
-6.732237174696638959e+00
-6.698280091866161357e+00
-6.675526329152196681e+00
-6.522370976470813986e+00
-6.490700900912156790e+00
-6.427352273659975523e+00
-6.511453173031447328e+00
-6.603344555623710477e+00
-6.566081063296749676e+00
-6.511689097250289215e+00
-6.441547793937559163e+00
-6.475909402784627567e+00
-6.532056025444638259e+00
-6.579248012818472269e+00
-6.481907214828471986e+00
-6.371880785033631867e+00
-6.276211278027990836e+00
-6.168519719060694406e+00
-6.112851383837748287e+00
-6.091157038986898087e+00
-5.998827675611415167e+00
-5.924306386633984900e+00
-6.120532380696335650e+00
-6.232711636781360198e+00
-6.347866664787642499e+00
-6.198681222428506388e+00
-6.176245079784653313e+00
-6.153159150622806273e+00
-6.210661928358716111e+00
-6.369504779421637508e+00
-6.282646725020760492e+00
-6.236400778906515896e+00
-6.263201960916964239e+00
-6.194686300353036579e+00
-6.126174625599815293e+00
-6.194521574778465656e+00
-6.271933157243335444e+00
-6.307832512977632256e+00
-6.206025474273251241e+00
-6.052431539337402633e+00
-6.027499280019664063e+00
-5.989364327736940830e+00
-5.990078138029970134e+00
-5.933503040861110023e+00
-5.872326897130140999e+00
-5.868842086124271162e+00
-5.761063898810196093e+00
-5.822904359457768741e+00
-5.875305908362971508e+00
-5.936149452411740413e+00
-5.954094362572472932e+00
-5.892996487393515004e+00
-5.952217186951567207e+00
-5.860882783775928750e+00
-5.758000488234275238e+00
-5.772631118895456659e+00
-5.638888978435597110e+00
-5.773479696864594501e+00
-5.692655304476758715e+00
-5.693260016666597423e+00
-5.788621110295022909e+00
-5.727595074348869275e+00
-5.844412072395633651e+00
-5.916964954258797427e+00
-5.854188419161262757e+00
-5.699188004416178899e+00
-5.637030223024039444e+00
-5.556559978382168197e+00
-5.556051784762980894e+00
-5.635748780925986523e+00
-5.662600552444628121e+00
-5.586381553303805703e+00
-5.634654118650571419e+00
-5.580114273784221979e+00
-5.611934969639719384e+00
-5.654323308104197920e+00
-5.704128997542779800e+00
-5.674353841261590148e+00
-5.767178903316903416e+00
-5.837479318775891990e+00
-5.954688848705615101e+00
-5.999977028388967071e+00
-6.002470151497833584e+00
-5.896896270722485234e+00
-5.875464896517453184e+00
-5.862254495339032090e+00
-5.722537433792759920e+00
-5.648055449391128136e+00
-5.707378513146512233e+00
-5.739109943460324992e+00
-5.782144854850972848e+00
-5.849587458222504921e+00
-5.847736601144392310e+00
-5.923761196385560091e+00
-5.928111237258150368e+00
-5.971032339046156601e+00
-5.929208005367167189e+00
-5.838321533567109256e+00
-5.787495079290116529e+00
-5.867155491581534932e+00
-6.026622915179585149e+00
-6.028104418220390670e+00
-6.029852222158399222e+00
-6.062392255091558546e+00
-6.130159722358985874e+00
-6.077797218737978291e+00
-6.072392533594990205e+00
-6.060710421285630645e+00
-6.186668308267458727e+00
-6.178044900763274505e+00
-6.087772657950528910e+00
-6.114915512650818563e+00
-6.118107022504144510e+00
-6.155082730946279668e+00
-6.203322813466120245e+00
-6.204372524884257167e+00
-6.168678856168288149e+00
-6.127424366445561432e+00
-6.108564954186145535e+00
-6.214134965075585271e+00
-6.319092173314784233e+00
-6.379798443655011475e+00
-6.402438852558327120e+00
-6.418785787945596510e+00
-6.438469916575424001e+00
-6.520928892094973506e+00
-6.696008607080177200e+00
-6.838166313341464075e+00
-6.953322973772221083e+00
-7.004129551099647522e+00
-6.974941875780236167e+00
-6.905306160387272740e+00
-6.993981900195195500e+00
-6.960853943413969347e+00
-7.047458153256126678e+00
-7.094354209218201923e+00
-7.082332092368030629e+00
-7.174698326937051895e+00
-7.167726993928915213e+00
-7.170401747151702310e+00
-7.131351541460418275e+00
-7.184707531682383852e+00
-7.258364025357719740e+00
-7.310960400356609767e+00
-7.298126046692914315e+00
-7.336078047963066950e+00
-7.351857154118714099e+00
-7.373787259851250830e+00
-7.234560196548735611e+00
-7.275403232585627933e+00
-7.379557623451185044e+00
-7.349330109117044429e+00
-7.344320489121780149e+00
-7.523700548569008717e+00
-7.532185483615911004e+00
-7.531840100249155512e+00
-7.503582216622820766e+00
-7.461052265502028824e+00
-7.518844788706195992e+00
-7.469463501871404176e+00
-7.437463641486867338e+00
-7.418584864575722193e+00
-7.395931337398811145e+00
-7.373383515328054472e+00
-7.332559097549488314e+00
-7.355542818995609800e+00
-7.377935307675942411e+00
-7.434386590485715374e+00
-7.482273757497119426e+00
-7.490701938874952504e+00
-7.421143069404578796e+00
-7.351541418996798249e+00
-7.449091727634201909e+00
-7.376702403806248753e+00
-7.294502747949540122e+00
-7.215793961938867795e+00
-7.115632250364983591e+00
-7.086798586227972763e+00
-7.021985413430556378e+00
-6.972534323342520324e+00
-7.006288441993086202e+00
-7.043864178972530254e+00
-7.077570296035808894e+00
-7.063183845458032017e+00
-7.122008945043690531e+00
-7.162620770623656874e+00
-7.250791520075710039e+00
-7.301406679295364022e+00
-7.175922922625662892e+00
-7.033631925529710394e+00
-6.960943697960325416e+00
-6.807534020562929555e+00
-6.762845021282716473e+00
-6.824480752290835284e+00
-6.913175396634875014e+00
-7.005057771823422819e+00
-7.000396751054470457e+00
-7.054782633946995674e+00
-6.992965189350430322e+00
-6.895783780171866439e+00
-6.937215859376080651e+00
-6.917639827573245803e+00
-6.968391696352895792e+00
-7.130672112090792325e+00
-7.120423044628536147e+00
-7.144608745905235203e+00
-7.121343802747111873e+00
-7.174408897750264913e+00
-7.226164720433073896e+00
-7.301230466827217214e+00
-7.331235509313090759e+00
-7.347889421952773503e+00
-7.326375175268702300e+00
-7.354826322775415370e+00
-7.416133656274689123e+00
-7.365365321548082989e+00
-7.419908860557159258e+00
-7.390192663306034859e+00
-7.410178993723828711e+00
-7.460006681206897916e+00
-7.510341179535092948e+00
-7.658821370243534155e+00
-7.755063570282323404e+00
-7.624523523286973692e+00
-7.519789267213869977e+00
-7.592793636277662017e+00
-7.585997942584544518e+00
-7.648467553004660857e+00
-7.538404677815407240e+00
-7.500377373002785397e+00
-7.578416090419785256e+00
-7.572343018784200019e+00
-7.639912090912064357e+00
-7.658574246294817200e+00
-7.572834498918183499e+00
-7.456460590631043495e+00
-7.517897734813983490e+00
-7.472531054494548464e+00
-7.371497250040786042e+00
-7.342008959166971493e+00
-7.495798246640869245e+00
-7.601423836673287582e+00
-7.726066178080363223e+00
-7.722787095283504044e+00
-7.708392055748482186e+00
-7.714915749055673899e+00
-7.838902926747517874e+00
-7.955058034712477522e+00
-8.018045500783964386e+00
-8.064560105209872987e+00
-8.221959367921250816e+00
-8.243058577889533112e+00
-8.343538665043789493e+00
-8.211313141027545726e+00
-8.042301960201156064e+00
-8.063402347201551024e+00
-8.054029860019262799e+00
-8.118971210537530681e+00
-8.257345868924618415e+00
-8.270274939406094816e+00
-8.300834968001513658e+00
-8.332869092477135808e+00
-8.370971793659126803e+00
-8.496382959544369839e+00
-8.508526453448887139e+00
-8.377654341382497094e+00
-8.313918670436883929e+00
-8.335944600680555538e+00
-8.153239438172546372e+00
-8.083588127397341339e+00
-8.115213658788139384e+00
-8.297163046452512347e+00
-8.301108665885404747e+00
-8.370430173559533671e+00
-8.468628975601815156e+00
-8.606092391758418003e+00
-8.551686433793662445e+00
-8.462201216856689356e+00
-8.319893628269495522e+00
-8.323132111159250002e+00
-8.348211688748294890e+00
-8.386826070877443584e+00
-8.242697587395234393e+00
-8.283076653199113792e+00
-8.297400604842538385e+00
-8.322995519353280969e+00
-8.513568020011522464e+00
-8.543588907257934295e+00
-8.510045152553674441e+00
-8.441547887858822818e+00
-8.481908522000949802e+00
-8.521860656881896645e+00
-8.531170693652935455e+00
-8.408816861900355377e+00
-8.437194918951949063e+00
-8.493700570505957614e+00
-8.557026228661742451e+00
-8.610710974792969097e+00
-8.717259680691755719e+00
-8.783484986154455498e+00
-8.848806342033292083e+00
-8.826355862159255494e+00
-8.705939513220540604e+00
-8.685338086385545608e+00
-8.694691873488380907e+00
-8.739516456503544362e+00
-8.679676031563740679e+00
-8.638706339343334761e+00
-8.725182538419927525e+00
-8.756402672013429367e+00
-8.836045438525594875e+00
-8.960682102792244308e+00
-9.045279914049952907e+00
-9.038001319586703275e+00
-8.991077178501800660e+00
-8.988204590462972376e+00
-8.933998882454567081e+00
-8.921006723135946004e+00
-8.979763239741883396e+00
-8.924429242728345812e+00
-8.911559606354066077e+00
-8.882626582385597658e+00
-8.760288669829604302e+00
-8.747235989275672807e+00
-8.742955741275158843e+00
-8.782528643707198768e+00
-8.894511366163973420e+00
-8.985757420136309293e+00
-8.972549567432098527e+00
-8.994446640622792088e+00
-8.962168593939420447e+00
-8.985829134873842605e+00
-8.955081977896973910e+00
-8.989606659322586069e+00
-9.030950853457410332e+00
-8.929205211276894261e+00
-8.807762194894511509e+00
-8.732216778512778887e+00
-8.608703604664508902e+00
-8.538564224531766556e+00
-8.426216230879219893e+00
-8.462202236619733142e+00
-8.527384062064010450e+00
-8.499975196856773607e+00
-8.468743772954768545e+00
-8.509159236837339435e+00
-8.517472096910591262e+00
-8.497661573530105983e+00
-8.612436882138332805e+00
-8.618776143849990135e+00
-8.664219289996871964e+00
-8.709137838693417066e+00
-8.835720829453201475e+00
-8.933946644195033926e+00
-9.021664135402586382e+00
-9.073034881628423420e+00
-8.979291707681609225e+00
-8.925198845398233161e+00
-8.843485145616940102e+00
-8.826200842223025589e+00
-8.952952513978866378e+00
-8.846394992356003684e+00
-8.707927111570491263e+00
-8.680162061883658353e+00
-8.687741916572845113e+00
-8.791598265823264313e+00
-8.713849284341925738e+00
-8.587397801546487131e+00
-8.591799231221703081e+00
-8.594641413391087781e+00
-8.520528044628482789e+00
-8.418445687494097385e+00
-8.368149201416752447e+00
-8.261927735708940901e+00
-8.284439062186779168e+00
-8.426615832337496670e+00
-8.471095209574601270e+00
-8.439703224143393356e+00
-8.483674577303235154e+00
-8.444827020492576608e+00
-8.469756959877813074e+00
-8.449157634384643956e+00
-8.443421314626299079e+00
-8.443143888775820116e+00
-8.397409621104916511e+00
-8.494268259456028147e+00
-8.529258543501857304e+00
-8.559908001025538837e+00
-8.475926927109290077e+00
-8.460472015100314991e+00
-8.415625177712394489e+00
-8.450790909281993279e+00
-8.425235881499224533e+00
-8.426462584564591296e+00
-8.399030942257006416e+00
-8.275966423923851067e+00
-8.352666184813594796e+00
-8.445904909147547102e+00
-8.494922634481318013e+00
-8.586396682481360898e+00
-8.642056418974091159e+00
-8.746717495948930221e+00
-8.786957158675608781e+00
-8.854556931021328126e+00
-8.970839923517802461e+00
-8.995574672692551843e+00
-8.969469192478047859e+00
-9.008210634105703107e+00
-9.022889453539606919e+00
-9.068374615390839111e+00
-9.057664583393744806e+00
-9.071875727738387241e+00
-8.893030553947912864e+00
-8.902539187381137253e+00
-8.973712710317078844e+00
-9.104940290961009097e+00
-9.062262071125118723e+00
-9.071849468672676053e+00
-9.157265860919771683e+00
-9.175529957634832812e+00
-9.116840469940353131e+00
-9.100229482661722713e+00
-9.114521104266447793e+00
-9.219214754814446522e+00
-9.193889858528812908e+00
-9.113770880513063943e+00
-9.166112285717440855e+00
-9.240165669152442973e+00
-9.258901810998155568e+00
-9.313955055506086822e+00
-9.301946207869624672e+00
-9.200772979187583189e+00
-9.126106488553066498e+00
-9.072333424762367926e+00
-8.995969252439477870e+00
-8.948071999167790835e+00
-8.887776423510846513e+00
-8.880127554087495767e+00
-8.844644942821446421e+00
-8.797389286393368479e+00
-8.816833129098654354e+00
-8.809866458534820310e+00
-8.716290949447120795e+00
-8.704662354018951831e+00
-8.554259216204210148e+00
-8.559505656960016751e+00
-8.572372735859749682e+00
-8.509591180342887640e+00
-8.590914254082626655e+00
-8.592256979878719392e+00
-8.608508365788678063e+00
-8.605258394604748062e+00
-8.652769899086999672e+00
-8.650156848100191809e+00
-8.675665550164568529e+00
-8.749747314950676369e+00
-8.788501584140675504e+00
-8.725488375254331075e+00
-8.702459088270039445e+00
-8.650533298260123516e+00
-8.544754139908127044e+00
-8.452791581598180670e+00
-8.332252516319650582e+00
-8.318927313551219171e+00
-8.189526660220769472e+00
-8.121862217194568245e+00
-8.116856526255373794e+00
-8.165893575052811215e+00
-8.214571469839402340e+00
-8.238445767923312957e+00
-8.212656820837350935e+00
-8.112683448080666437e+00
-8.215741943339459397e+00
-8.219338960103149461e+00
-8.184017103140497795e+00
-8.108895912470744705e+00
-8.043660041667010319e+00
-7.989765099531252801e+00
-7.948433222530756126e+00
-7.993424734044495494e+00
-8.030397157089797844e+00
-7.995080130129074369e+00
-7.899417590976636205e+00
-7.850202994670407719e+00
-7.868276889729549417e+00
-7.873110755598830224e+00
-7.921195422154809762e+00
-7.890898718693538427e+00
-7.781957559700875215e+00
-7.777081359051686071e+00
-7.820131728289235973e+00
-7.826085208213354960e+00
-7.731469697605983349e+00
-7.736679914956862802e+00
-7.656244742173066165e+00
-7.746659893789844098e+00
-7.732446741602627682e+00
-7.679020246345737100e+00
-7.553832034770699089e+00
-7.537634754329638476e+00
-7.550586139098799165e+00
-7.648470961419452152e+00
-7.828859612206672480e+00
-7.828298850282503274e+00
-7.906161270646610895e+00
-8.045397264719390762e+00
-8.105832057202242424e+00
-8.123829728551108076e+00
-8.152795942709889943e+00
-8.124645231414840296e+00
-8.073023051440243236e+00
-8.149969230263643283e+00
-8.056522971240930531e+00
-7.936666169401815907e+00
-7.918809771256554164e+00
-8.002570774871207604e+00
-8.113461003444083275e+00
-8.172180458803515180e+00
-8.180511801708647113e+00
-8.192899432413007332e+00
-8.187779468663419991e+00
-8.323250573107010553e+00
-8.458857096328200598e+00
-8.488497088427514825e+00
-8.449309620979171598e+00
-8.436706483948320567e+00
-8.451186508836801892e+00
-8.461875270194497034e+00
-8.517395501053171003e+00
-8.489921485952017122e+00
-8.497882692354671974e+00
-8.563616941607032018e+00
-8.503537206646882396e+00
-8.425328094194412643e+00
-8.361621686416000898e+00
-8.422249665005661967e+00
-8.493060907758234634e+00
-8.439812532210295259e+00
-8.448010683283749600e+00
-8.426779394256547207e+00
-8.423632138894895149e+00
-8.326695380748082798e+00
-8.327036081043003080e+00
-8.370663470131127326e+00
-8.379983194726905893e+00
-8.426873594795331712e+00
-8.320254707395896787e+00
-8.289997735733967588e+00
-8.343873688493216534e+00
-8.344244546478453373e+00
-8.276973840067407551e+00
-8.219712313490386890e+00
-8.146188132320098418e+00
-8.245311076099914871e+00
-8.304143976186585618e+00
-8.439134763807626172e+00
-8.363800808859654268e+00
-8.436841186413397864e+00
-8.531588233169665969e+00
-8.582244772596995475e+00
-8.617968894790635659e+00
-8.564421655792159527e+00
-8.590765708896462627e+00
-8.587479144595555169e+00
-8.658113967053393978e+00
-8.688253518948165777e+00
-8.611744773062959268e+00
-8.551859767185710837e+00
-8.641804258580380704e+00
-8.778953490052295194e+00
-8.865313580315877573e+00
-8.845968411764747685e+00
-8.878496959307215164e+00
-8.857451708519242572e+00
-8.942060237268755429e+00
-8.976427846615964157e+00
-8.994085508603044232e+00
-9.081640700302550329e+00
-9.169383138087283669e+00
-9.144025377179907821e+00
-9.126342572859401869e+00
-9.113791629849643527e+00
-9.063530640523758564e+00
-9.070472349559109304e+00
-9.054828599443055737e+00
-8.979558880896883366e+00
-9.014155913677020848e+00
-8.979838697121829583e+00
-8.978412320748860864e+00
-9.054620940784730010e+00
-8.969732548163614538e+00
-8.959688642096523381e+00
-9.011380823218567926e+00
-8.953396501001071428e+00
-9.062168417522077135e+00
-9.109363099739246294e+00
-9.104977912469642831e+00
-9.225234944732608966e+00
-9.240315478093588553e+00
-9.171920112053690843e+00
-9.130562284297182529e+00
-9.186586329944759655e+00
-9.230711933382460543e+00
-9.263898595069893105e+00
-9.287785446621706242e+00
-9.343413309820952861e+00
-9.382251591627035481e+00
-9.332547500110340621e+00
-9.281582278173022615e+00
-9.199246052112982852e+00
-9.257466656406734273e+00
-9.336171259204514072e+00
-9.322909760036525384e+00
-9.246875027167650529e+00
-9.179385198295520354e+00
-9.150874848873412404e+00
-9.150680396005469674e+00
-9.309713237552038834e+00
-9.507568542343436846e+00
-9.651961736451809770e+00
-9.696535117243541890e+00
-9.670270525755784163e+00
-9.598445980575892378e+00
-9.573619189932697893e+00
-9.492619080691351741e+00
-9.381808434049673906e+00
-9.234923823766056472e+00
-9.163160805293699696e+00
-9.087784253683556912e+00
-9.034288184551652279e+00
-9.126057105123155822e+00
-9.141073675426481415e+00
-9.130287834311541673e+00
-9.200530616915752802e+00
-9.297702281785909406e+00
-9.232839778890712168e+00
-9.302761491613551925e+00
-9.324568588773296085e+00
-9.368555793513520413e+00
-9.446207195666049827e+00
-9.496177856832254349e+00
-9.507615701767813121e+00
-9.482884666209431046e+00
-9.520258935366095798e+00
-9.592362461596458445e+00
-9.695324863239168423e+00
-9.625244225677130672e+00
-9.710427733229728631e+00
-9.687784483572249528e+00
-9.651736300934304680e+00
-9.624011803411564259e+00
-9.535172679374332105e+00
-9.518075052809539471e+00
-9.507849904026066667e+00
-9.461768331533948029e+00
-9.485828438332415402e+00
-9.517435370011604334e+00
-9.512013853099603011e+00
-9.584767686125985620e+00
-9.434669990286119301e+00
-9.449992948976518647e+00
-9.523586763435464064e+00
-9.470545403890119118e+00
-9.553746746274278223e+00
-9.669999801299310249e+00
-9.669481994563803084e+00
-9.625195834560244634e+00
-9.613243855895992951e+00
-9.572512073655968123e+00
-9.452982269692105532e+00
-9.331741496730870722e+00
-9.337116060149250885e+00
-9.282042674190389420e+00
-9.246041044279154519e+00
-9.343305694029263364e+00
-9.443742017285018164e+00
-9.473671122057929495e+00
-9.488306408214890908e+00
-9.374133651359299435e+00
-9.344112067602294402e+00
-9.247340073265556626e+00
-9.152078104897801936e+00
-9.180787542493892062e+00
-9.189229634071585551e+00
-9.277649231273155550e+00
-9.300268881705331836e+00
-9.326621182612857552e+00
-9.321740956812536893e+00
-9.345426715059371503e+00
-9.437924028335951121e+00
-9.451521325411151864e+00
-9.513741226790250138e+00
-9.536717456562078254e+00
-9.502295046652319499e+00
-9.629737746997031778e+00
-9.634673341481359898e+00
-9.721218083459550741e+00
-9.751802338586252006e+00
-9.743081458018275853e+00
-9.623259634785746641e+00
-9.446087050082333292e+00
-9.372664286642296005e+00
-9.460038334543362737e+00
-9.517431522890730022e+00
-9.496336954863444646e+00
-9.564598283979336202e+00
-9.620164044127619718e+00
-9.582699809409994884e+00
-9.535374084259695238e+00
-9.461614185188242487e+00
-9.529466866758781407e+00
-9.536591104245793815e+00
-9.513493822168719305e+00
-9.465448869658324327e+00
-9.493988306146670553e+00
-9.444259115080919642e+00
-9.412554592909154749e+00
-9.538939907290179931e+00
-9.548816444979472351e+00
-9.541125421787604921e+00
-9.444902434290007420e+00
-9.416138998287900463e+00
-9.498771710487574182e+00
-9.488168567230310657e+00
-9.484722198173635377e+00
-9.566997047627138429e+00
-9.530605441312401283e+00
-9.453281432324491362e+00
-9.363885652785389979e+00
-9.428572948954549560e+00
-9.598159775794236737e+00
-9.773318176758964526e+00
-9.805925594533245970e+00
-9.754886358141511948e+00
-9.702354224896671653e+00
-9.704952191531443617e+00
-9.729720652136734316e+00
-9.823585893614913189e+00
-9.994742757886250217e+00
-1.006460407625151987e+01
-1.011674623253491845e+01
-1.014187262516503729e+01
-1.017870649156891183e+01
-1.026038417693272464e+01
-1.021107475883136040e+01
-1.038592137411269967e+01
-1.038908227075117274e+01
-1.040021305870020996e+01
-1.041411054811239723e+01
-1.042281386076236238e+01
-1.035347172010435912e+01
-1.046097713714120303e+01
-1.046214507529250781e+01
-1.035256176302662112e+01
-1.032856042793658169e+01
-1.031210680974507810e+01
-1.032529708103992228e+01
-1.031471933180909950e+01
-1.028300499050177308e+01
-1.036647305396056851e+01
-1.042617273026746005e+01
-1.040062763236255883e+01
-1.039406315269590309e+01
-1.047431962812658313e+01
-1.053274844722962911e+01
-1.046821246159796104e+01
-1.043273501534015146e+01
-1.024843742000291691e+01
-1.007983701293451695e+01
-1.009511810198996073e+01
-1.019661356900924254e+01
-1.010527979035152590e+01
-1.003664116426788588e+01
-9.999627088655472562e+00
-1.008660661497643751e+01
-1.004826578838612150e+01
-1.010998436313365367e+01
-1.010443667137372437e+01
-1.010018775826912574e+01
-1.015317912721469895e+01
-1.023038793321503270e+01
-1.016893726290272859e+01
-1.016127803995564705e+01
-1.012520021589728891e+01
-1.013753272981190001e+01
-1.003249698140441737e+01
-1.002767896887088028e+01
-9.979357449973385030e+00
-1.000057100842686708e+01
-1.004706585904421878e+01
-1.010768298027703871e+01
-1.013761351375505093e+01
-1.021120992972666919e+01
-1.021465308761784030e+01
-1.019562139526767552e+01
-1.022030990285485252e+01
-1.019586486330495845e+01
-1.015591670078232944e+01
-1.007937978726409689e+01
-1.006682625461179370e+01
-1.009846790456476917e+01
-1.013847560565168671e+01
-1.003187945243549528e+01
-1.005539208643194549e+01
-1.013490508537234014e+01
-1.015163147619843187e+01
-1.011993443519240898e+01
-1.018125597214491229e+01
-1.011394827816088338e+01
-1.005856370437222758e+01
-1.002040642873047993e+01
-9.987655472628157227e+00
-9.948804520361218096e+00
-9.913315921400320363e+00
-9.847141436570524320e+00
-9.925268918484672298e+00
-9.952099582395078414e+00
-9.991699166428837486e+00
-1.008911702220885864e+01
-1.011499480720392086e+01
-1.018280090982877439e+01
-1.023804395041420001e+01
-1.031310850750789676e+01
-1.028084119817590647e+01
-1.030269462896323063e+01
-1.022015769616794856e+01
-1.028119364957289328e+01
-1.025175866514584655e+01
-1.023753677911746429e+01
-1.024853582963807952e+01
-1.023656162922221391e+01
-1.026433609020052451e+01
-1.029537664585505219e+01
-1.033943959365330301e+01
-1.027127387728935126e+01
-1.032523221271379477e+01
-1.031468043360761655e+01
-1.028064492688624654e+01
-1.027025075538235477e+01
-1.018736246506423271e+01
-1.019930997284128438e+01
-1.019100551081699457e+01
-1.021161368492514043e+01
-1.031793037832953708e+01
-1.035811524706669928e+01
-1.029608218346416670e+01
-1.023595882210448416e+01
-1.031658961898222948e+01
-1.030908574610668360e+01
-1.031921549714596864e+01
-1.035587046600938166e+01
-1.036785879954530998e+01
-1.034260099597405969e+01
-1.033919103823337338e+01
-1.035125806261120118e+01
-1.041693893205788335e+01
-1.038573948725899854e+01
-1.032765491921479928e+01
-1.033490212930919228e+01
-1.033874527980009717e+01
-1.019368137016410714e+01
-1.016733751493676863e+01
-1.013375264006138465e+01
-1.006903245263548996e+01
-1.016287277799474253e+01
-1.017200377533380795e+01
-1.024348589497276052e+01
-1.027869243745425720e+01
-1.031862931493713198e+01
-1.033624624658276403e+01
-1.032356207806841297e+01
-1.031807016147660505e+01
-1.048714783228751024e+01
-1.055850126210386541e+01
-1.074988525442153353e+01
-1.089260423709872860e+01
-1.083729384348165681e+01
-1.074235043440401327e+01
-1.071911658345612750e+01
-1.076663283129745530e+01
-1.073313387146703235e+01
-1.068098204353864134e+01
-1.071087359263915140e+01
-1.078143698201533418e+01
-1.077248105922415533e+01
-1.065198132629352479e+01
-1.072130509455919523e+01
-1.067719714302443101e+01
-1.062537502814487134e+01
-1.060092093224078802e+01
-1.061359538218227705e+01
-1.061947659488053297e+01
-1.066910992633988187e+01
-1.065975028962635385e+01
-1.067080586010998111e+01
-1.065917510537021151e+01
-1.070227920867078097e+01
-1.079547962997720312e+01
-1.084694732376925685e+01
-1.079860121324091082e+01
-1.077343856421138391e+01
-1.081449563079990739e+01
-1.082455755284154542e+01
-1.087328857519922742e+01
-1.089008955573860149e+01
-1.094510728006383005e+01
-1.095838909110290160e+01
-1.094646098287627289e+01
-1.098210343277090395e+01
-1.093332592261408642e+01
-1.093848830803452543e+01
-1.088035040437774370e+01
-1.090123606166596382e+01
-1.089741993054106928e+01
-1.081309520490765586e+01
-1.082934223634067550e+01
-1.077134393247702704e+01
-1.064853343269105856e+01
-1.059369363960279564e+01
-1.070157361121460227e+01
-1.074702810247283224e+01
-1.068274779562022303e+01
-1.063892542902692284e+01
-1.060567675306180568e+01
-1.053200644187807455e+01
-1.051200511300807428e+01
-1.051524785743142587e+01
-1.054093946190402953e+01
-1.049193276374238515e+01
-1.038990744427474766e+01
-1.043241065627194963e+01
-1.046472945274911481e+01
-1.048678754336106955e+01
-1.055602712466121851e+01
-1.065166047188579235e+01
-1.067052094803761442e+01
-1.074624072303826416e+01
-1.070209825325324715e+01
-1.069912778406442122e+01
-1.064882307673830297e+01
-1.071796651724076099e+01
-1.080469259470411103e+01
-1.087036281354569844e+01
-1.095861700363140656e+01
-1.097642376483660875e+01
-1.099341404353542195e+01
-1.088117321447023400e+01
-1.090415763814643135e+01
-1.101298039607995882e+01
-1.110451138816413064e+01
-1.112749143570706067e+01
-1.114320653291792951e+01
-1.114537950253775733e+01
-1.110610071192611059e+01
-1.104401819592456135e+01
-1.099649178847347919e+01
-1.089926290797581032e+01
-1.077706699628560472e+01
-1.077003245079646554e+01
-1.068481841213581340e+01
-1.074090693768735427e+01
-1.068972127578790321e+01
-1.077888589017554288e+01
-1.079409886110255457e+01
-1.088457276873304558e+01
-1.088026745416083507e+01
-1.087097842717389184e+01
-1.078793647273555756e+01
-1.082929128695781706e+01
-1.088214445944237596e+01
-1.084496835797567726e+01
-1.083977127256424566e+01
-1.084855588971919182e+01
-1.079727488772703659e+01
-1.070972996853501868e+01
-1.068089424791957853e+01
-1.070404288190855269e+01
-1.073323702395731161e+01
-1.067839291799469770e+01
-1.066436178938450752e+01
-1.080737211216014515e+01
-1.077882261585769896e+01
-1.080449934179258342e+01
-1.087479341378547382e+01
-1.087698896927663128e+01
-1.096013399026223745e+01
-1.087053668447861199e+01
-1.093714800225890116e+01
-1.096610502900184336e+01
-1.095424835090138593e+01
-1.093279683629528698e+01
-1.101005624326104915e+01
-1.091566108212773223e+01
-1.085626697844825550e+01
-1.079914808244333635e+01
-1.070838427480813593e+01
-1.066701477384375707e+01
-1.072590057927743601e+01
-1.066677471417111533e+01
-1.076241172725932671e+01
-1.072272249096390162e+01
-1.081145974542364741e+01
-1.093719048158616935e+01
-1.100252739499492804e+01
-1.102089042221258275e+01
-1.103224644724537384e+01
-1.094329406043015318e+01
-1.082919850684849727e+01
-1.082972114701552790e+01
-1.086233930423934169e+01
-1.089939239193266651e+01
-1.093062203178680214e+01
-1.085775086797468703e+01
-1.085592009578633288e+01
-1.087287611244306440e+01
-1.093178965258176127e+01
-1.095401149390923123e+01
-1.090895097723842788e+01
-1.095475617065243235e+01
-1.097589566926459526e+01
-1.101283153675031734e+01
-1.105585226365408325e+01
-1.101972249700272499e+01
-1.112260512033857296e+01
-1.113911893290568145e+01
-1.113966547264963758e+01
-1.121332703595278524e+01
-1.125603331287381259e+01
-1.135177424004317714e+01
-1.149905450504470572e+01
-1.157386464091395162e+01
-1.166282194659511440e+01
-1.170380991577737539e+01
-1.171751845297407613e+01
-1.175243615700257571e+01
-1.175355631469601825e+01
-1.174428010320405846e+01
-1.172431780874053509e+01
-1.160419823888274848e+01
-1.163508504070761518e+01
-1.166461180635362993e+01
-1.167387399438562490e+01
-1.167318199568831893e+01
-1.170230461945026157e+01
-1.177698084713937554e+01
-1.176791943252056427e+01
-1.179967049834030135e+01
-1.186691635698096192e+01
-1.183558833110294728e+01
-1.178346430662731770e+01
-1.179283156439356439e+01
-1.183660494509386041e+01
-1.187752419385908276e+01
-1.189487774203764303e+01
-1.188742364260722795e+01
-1.193556226962748745e+01
-1.206016240360438374e+01
-1.200282790868770810e+01
-1.202980083369212139e+01
-1.212337991439688878e+01
-1.209117867070455610e+01
-1.210608272383847428e+01
-1.203942617714135821e+01
-1.198380569524813843e+01
-1.202084643514448103e+01
-1.210887727029061800e+01
-1.212621175985881550e+01
-1.213654158015160789e+01
-1.206796017722020231e+01
-1.205661149431287527e+01
-1.200709691403113411e+01
-1.194158597808537614e+01
-1.194322716739749701e+01
-1.187044935665238476e+01
-1.188475487964400124e+01
-1.181200981138258754e+01
-1.175255603118565340e+01
-1.177692989184306249e+01
-1.175810434520427705e+01
-1.174611640192977546e+01
-1.171677541220335783e+01
-1.171985124467302697e+01
-1.165951616768122889e+01
-1.161214738778175537e+01
-1.154317374008477337e+01
-1.141813406845758827e+01
-1.138068944831942630e+01
-1.131262671839214562e+01
-1.131158384251218507e+01
-1.136353593491135250e+01
-1.137220570253702867e+01
-1.136309323093514578e+01
-1.150675459248435928e+01
-1.157229326652621815e+01
-1.151587935636604065e+01
-1.158092092398595518e+01
-1.164962011353831706e+01
-1.165334850724873839e+01
-1.160357929326031368e+01
-1.167173825098020501e+01
-1.172862834508365992e+01
-1.184016147568340926e+01
-1.182644150442058262e+01
-1.182059594311190587e+01
-1.194545028193982006e+01
-1.192544637440956734e+01
-1.188597615483545233e+01
-1.197589407390506366e+01
-1.200051591356968395e+01
-1.202494501704811469e+01
-1.209492585013523325e+01
-1.212933409834638354e+01
-1.212814153838528775e+01
-1.216399625450416444e+01
-1.207110437286073612e+01
-1.208647386125236523e+01
-1.220895967286541861e+01
-1.226706877786220495e+01
-1.227577049464983183e+01
-1.235115500640008435e+01
-1.228022276994158446e+01
-1.223532917574788925e+01
-1.226087758388547400e+01
-1.224140634592856358e+01
-1.226181567765710589e+01
-1.226014012921202401e+01
-1.229281101287463684e+01
-1.236295442552322221e+01
-1.244692226407783231e+01
-1.244020922267731422e+01
-1.249991349681648956e+01
-1.253479319070105724e+01
-1.258955980247897877e+01
-1.259427519802330409e+01
-1.256974142479823620e+01
-1.262689144035741506e+01
-1.269318427031861773e+01
-1.270109623786363429e+01
-1.277744622392173568e+01
-1.272886964087885175e+01
-1.265206826837376397e+01
-1.258837818333002190e+01
-1.247742195879490978e+01
-1.249537297338447317e+01
-1.239153801805579924e+01
-1.214983613689557274e+01
-1.212735499144704754e+01
-1.211862238185020502e+01
-1.226574879379211325e+01
-1.219433892056183133e+01
-1.221225817932357671e+01
-1.230293477812518255e+01
-1.231042414432004861e+01
-1.227855071585893043e+01
-1.220888154636634759e+01
-1.221613260400354051e+01
-1.218554684543351030e+01
-1.213723204809677014e+01
-1.206489073585841432e+01
-1.198493006607676215e+01
-1.207847308736395675e+01
-1.217999825312002571e+01
-1.222550903312531290e+01
-1.222755105727984670e+01
-1.228997515583281341e+01
-1.228870494174062067e+01
-1.224265766737882721e+01
-1.213453240299190128e+01
-1.209988872993769427e+01
-1.216597950137599504e+01
-1.221613865701560542e+01
-1.217535028887074411e+01
-1.218608550715689631e+01
-1.216117906569225049e+01
-1.214279800905805118e+01
-1.217488619190153543e+01
-1.220841823642111201e+01
-1.224268152464324544e+01
-1.226790057019837121e+01
-1.232812099388382165e+01
-1.231251757697137883e+01
-1.231882728344745104e+01
-1.235065572786535348e+01
-1.238159305090019835e+01
-1.229909923989421117e+01
-1.236601653090521147e+01
-1.242962076220319112e+01
-1.240894028636285995e+01
-1.244310349148749317e+01
-1.241004090253613512e+01
-1.244476233624594208e+01
-1.244037051173434172e+01
-1.246255815345609363e+01
-1.246397559455595783e+01
-1.242268687774217284e+01
-1.245039157176177369e+01
-1.254485726482562313e+01
-1.257627936239869193e+01
-1.264059369486715489e+01
-1.267900673205282125e+01
-1.264305820043017548e+01
-1.258125143365511711e+01
-1.251892731912735890e+01
-1.255685727206234326e+01
-1.252330978046290255e+01
-1.241706912778537486e+01
-1.233636338890329931e+01
-1.237678072234957227e+01
-1.230312898373576225e+01
-1.233171867910312436e+01
-1.233741280639078042e+01
-1.236671589388066828e+01
-1.234566922227066499e+01
-1.240812115831944773e+01
-1.240062135586319947e+01
-1.231882593285806671e+01
-1.227044890477096395e+01
-1.223516767621008405e+01
-1.232142747849810682e+01
-1.228315924986102381e+01
-1.217370955551526635e+01
-1.215005450219070937e+01
-1.213021447630247707e+01
-1.221272306045091938e+01
-1.218979569229842141e+01
-1.215332869352909029e+01
-1.211455671951884838e+01
-1.208500391570435895e+01
-1.212724617854926201e+01
-1.222623875053659503e+01
-1.222671074889170661e+01
-1.229668809069934099e+01
-1.232484200727550139e+01
-1.233827075223151937e+01
-1.233247610946230921e+01
-1.223062630441524590e+01
-1.212144710456673202e+01
-1.203730914960825515e+01
-1.190706397503490521e+01
-1.190985792451257907e+01
-1.189314232958326123e+01
-1.191990861334478602e+01
-1.195485772095299026e+01
-1.196542406377740342e+01
-1.187347698689755227e+01
-1.173746023109322678e+01
-1.174212422217065743e+01
-1.170290987970805396e+01
-1.172025990131833062e+01
-1.175038892580117711e+01
-1.183597054537319870e+01
-1.181634731960848406e+01
-1.174097362631827224e+01
-1.161994904383774596e+01
-1.168512787599639502e+01
-1.177278389763695721e+01
-1.183318481082054952e+01
-1.190968406075998409e+01
-1.190083295390166107e+01
-1.190022070108391183e+01
-1.183950363500348679e+01
-1.180873578579998906e+01
-1.183023604703824816e+01
-1.188356316727248441e+01
-1.191674352833954487e+01
-1.183598176098350763e+01
-1.189471788038643929e+01
-1.196177397439251422e+01
-1.198622372058081709e+01
-1.193569171459573219e+01
-1.175636302168217995e+01
-1.165215202755623736e+01
-1.158684251983364355e+01
-1.155543455774106754e+01
-1.144316097031762425e+01
-1.134766362537629192e+01
-1.138515974934650465e+01
-1.140132575018908945e+01
-1.149913016342038752e+01
-1.151323090022141571e+01
-1.146653885197045675e+01
-1.151131393185249152e+01
-1.158866354784070296e+01
-1.160680874640278581e+01
-1.154854084723410423e+01
-1.151650015224366541e+01
-1.148904296964107630e+01
-1.146874867276505050e+01
-1.146966612833959687e+01
-1.144728941125782384e+01
-1.147159517071080259e+01
-1.146885148999625947e+01
-1.150035112146808203e+01
-1.154248663823370791e+01
-1.148347660027960693e+01
-1.147370456673435335e+01
-1.140396314443384540e+01
-1.141350965046880006e+01
-1.148122794294305571e+01
-1.144958389095418383e+01
-1.136903259863389692e+01
-1.137659384541899854e+01
-1.131070701856327254e+01
-1.133866366708927309e+01
-1.140890527876632987e+01
-1.139284577533920206e+01
-1.134957938273280931e+01
-1.136989962951066246e+01
-1.136928692225782278e+01
-1.144692704375614056e+01
-1.158306493706081142e+01
-1.166051056182917911e+01
-1.158869982892525385e+01
-1.144888516613483453e+01
-1.141096341781022261e+01
-1.148671383202729324e+01
-1.141717084997456944e+01
-1.144385013275846497e+01
-1.150479953786831011e+01
-1.150122823051268739e+01
-1.140894238820859741e+01
-1.134735798738156731e+01
-1.129439912264838775e+01
-1.130770333857063648e+01
-1.132946976208040191e+01
-1.131998292770930981e+01
-1.128967863767820390e+01
-1.129537033525162215e+01
-1.134508085554006485e+01
-1.143596723636345835e+01
-1.151489490053766040e+01
-1.153981943669336196e+01
-1.155763133119975095e+01
-1.151016713403948266e+01
-1.152237859587999225e+01
-1.157523085082856262e+01
-1.158850981967700911e+01
-1.157801995261136874e+01
-1.155866847035004952e+01
-1.164259503513823368e+01
-1.174011802373011193e+01
-1.170433991923398231e+01
-1.182430702965865521e+01
-1.192363849545022880e+01
-1.190643221051859513e+01
-1.199990249132197562e+01
-1.194606522269432602e+01
-1.188512305811743630e+01
-1.195181648382189010e+01
-1.192741860607698534e+01
-1.202328979521305108e+01
-1.207696874810602061e+01
-1.209908629920475320e+01
-1.208533047648376346e+01
-1.201523699230738984e+01
-1.193642542275525642e+01
-1.193850373920432162e+01
-1.196854144786751917e+01
-1.207651132202594546e+01
-1.209877739144572928e+01
-1.203409945567552519e+01
-1.219939429065495773e+01
-1.220954065311687309e+01
-1.230007545075265263e+01
-1.229127834130463270e+01
-1.223328394419478826e+01
-1.212155690955872700e+01
-1.206682233905704926e+01
-1.208642475241541092e+01
-1.213843331640385514e+01
-1.213652325971021106e+01
-1.217442585623293994e+01
-1.216376596919107556e+01
-1.215058584897263039e+01
-1.210571110648968052e+01
-1.217365576902558111e+01
-1.219051689114166592e+01
-1.221853362883347494e+01
-1.233167452710502765e+01
-1.227669168655285148e+01
-1.230508801824860043e+01
-1.236081454666870627e+01
-1.239823177153632727e+01
-1.239420264711455566e+01
-1.242351520893676486e+01
-1.235638675415103904e+01
-1.227665459226590094e+01
-1.224678026852978263e+01
-1.223470485845381717e+01
-1.234908603091771084e+01
-1.240433674497554861e+01
-1.246279842172654284e+01
-1.239337778675051460e+01
-1.223423530314998686e+01
-1.218094435476552206e+01
-1.216876438220165113e+01
-1.213195794352132317e+01
-1.216134946032724073e+01
-1.220790105582553409e+01
-1.223324458641914525e+01
-1.229931409737243797e+01
-1.237357781045158589e+01
-1.244350592870573280e+01
-1.249212610811502167e+01
-1.253071911321112886e+01
-1.259870165974572132e+01
-1.255396817721534397e+01
-1.238374653355816868e+01
-1.228636063441674864e+01
-1.226819136682800249e+01
-1.221201484156534001e+01
-1.220542577448609300e+01
-1.219657959286646687e+01
-1.216264117984994364e+01
-1.206319764469737699e+01
-1.197881375057805542e+01
-1.196914540154759976e+01
-1.211825240793238656e+01
-1.220491249773507292e+01
-1.221642014272241106e+01
-1.222658894855124778e+01
-1.229654216227744179e+01
-1.234531770654487559e+01
-1.239955838329400883e+01
-1.245059884140433049e+01
-1.244354580643407182e+01
-1.240003292127496337e+01
-1.249646676258843492e+01
-1.258844378749958715e+01
-1.260398576242508639e+01
-1.260326415454668236e+01
-1.253867364510110072e+01
-1.244952294356606792e+01
-1.240467914538858984e+01
-1.246526409839292882e+01
-1.248029600048167609e+01
-1.247195942107065925e+01
-1.253874064095731455e+01
-1.258116977336953823e+01
-1.252312947198988269e+01
-1.254927259000209006e+01
-1.249018817334607157e+01
-1.238046431457893881e+01
-1.242029112219100107e+01
-1.253058555697747778e+01
-1.262064002941479224e+01
-1.259105141770844760e+01
-1.261106897278212813e+01
-1.253620217969913320e+01
-1.254831372193505779e+01
-1.256375154030384245e+01
-1.268199888181534085e+01
-1.268346246580353487e+01
-1.264192007675350204e+01
-1.251045676655105865e+01
-1.257594650167096262e+01
-1.266562609990540267e+01
-1.279834294530557948e+01
-1.289680141366086907e+01
-1.281021744412841734e+01
-1.285120092868224084e+01
-1.282207083833394812e+01
-1.283568060647899856e+01
-1.278669857531839327e+01
-1.272958031057732420e+01
-1.275913084148540833e+01
-1.271552195090043469e+01
-1.265614833533669881e+01
-1.267514767638460604e+01
-1.264971327629136688e+01
-1.271685271141382501e+01
-1.270137180791488518e+01
-1.274537551385039613e+01
-1.282120135610463407e+01
-1.284891849272369413e+01
-1.281776967628866970e+01
-1.290905671403951160e+01
-1.289987743250385854e+01
-1.299830379868219232e+01
-1.310376440419353017e+01
-1.318974410529329155e+01
-1.320209816048209284e+01
-1.314641435350238119e+01
-1.316285429322214284e+01
-1.316981090007606880e+01
-1.311039567230986513e+01
-1.303478673361119711e+01
-1.303539564064112710e+01
-1.298991511365123763e+01
-1.304034269878236252e+01
-1.310393327222269377e+01
-1.315412250980926423e+01
-1.306858304327697162e+01
-1.306143181801384756e+01
-1.307893980298124248e+01
-1.314198216404375863e+01
-1.311318475442934961e+01
-1.307201967276403565e+01
-1.303456013824016502e+01
-1.308121217625485322e+01
-1.303926866205401680e+01
-1.303511814665529478e+01
-1.297289363004337481e+01
-1.296752822122610382e+01
-1.295528846540172374e+01
-1.284381215644505936e+01
-1.287081833981251044e+01
-1.280406501918099238e+01
-1.268667212685564571e+01
-1.255062313782470973e+01
-1.246179195280747898e+01
-1.236978701086041710e+01
-1.236340373195522524e+01
-1.230862523320236157e+01
-1.230682568150985645e+01
-1.232345629907463014e+01
-1.232184633957326447e+01
-1.231067953992706343e+01
-1.238863159198141162e+01
-1.243163092584364549e+01
-1.242943165411907103e+01
-1.240862928609537796e+01
-1.229960429860941673e+01
-1.224542196183149478e+01
-1.212605581137214905e+01
-1.210877672585937681e+01
-1.206011532638254202e+01
-1.201551558090766569e+01
-1.204006332072568775e+01
-1.208937481993505969e+01
-1.216010366902904494e+01
-1.212854916229499835e+01
-1.203013023129483727e+01
-1.203348893514952600e+01
-1.203089181338058644e+01
-1.203385680714313288e+01
-1.194500641716587808e+01
-1.187946873370101919e+01
-1.184864011248957461e+01
-1.186106888766685508e+01
-1.182844666512598764e+01
-1.180761137613832368e+01
-1.177028633645706712e+01
-1.171976449817546317e+01
-1.177573703998130306e+01
-1.182448496117021364e+01
-1.182583144160903643e+01
-1.180388051779257452e+01
-1.178818790301726516e+01
-1.172620444252486394e+01
-1.177421245622119272e+01
-1.175558968778382685e+01
-1.180300758762375501e+01
-1.175578984518558379e+01
-1.185854269687693652e+01
-1.193167537884419538e+01
-1.188052089132621525e+01
-1.182205453945865514e+01
-1.181651775658694348e+01
-1.193773085931527334e+01
-1.196538275328878420e+01
-1.190617802671985359e+01
-1.183344910838305530e+01
-1.177756605158426062e+01
-1.186366389083019257e+01
-1.183592954281602516e+01
-1.178580425650302566e+01
-1.180302188154521303e+01
-1.165769198914933646e+01
-1.163411661385749518e+01
-1.156518484760414367e+01
-1.164540775309039589e+01
-1.169851788652828439e+01
-1.172689981569323336e+01
-1.171609522022538208e+01
-1.175168150566711134e+01
-1.173646578388076023e+01
-1.166584313765476644e+01
-1.160580814517457604e+01
-1.156243854797509130e+01
-1.146520409764866599e+01
-1.137337677652234902e+01
-1.130675958050116492e+01
-1.139538580692134673e+01
-1.148697363352323819e+01
-1.144824164896198226e+01
-1.150472721885409300e+01
-1.150048031281640704e+01
-1.148996209523298972e+01
-1.148702328280803542e+01
-1.155875322339760913e+01
-1.158992824856925274e+01
-1.168945375091236727e+01
-1.170554900655334229e+01
-1.175887237945404173e+01
-1.170159769870128486e+01
-1.170076944321618484e+01
-1.175219059471898042e+01
-1.177227256783894838e+01
-1.183360257442970642e+01
-1.170905856849508808e+01
-1.159068458806855162e+01
-1.154073629629611020e+01
-1.167004712513146281e+01
-1.178690061655515997e+01
-1.175267494416240766e+01
-1.168250115311815662e+01
-1.151872975475975913e+01
-1.150241820571215712e+01
-1.149017392403130877e+01
-1.146333063686045328e+01
-1.157659274247896342e+01
-1.161618910980112318e+01
-1.169674777805328425e+01
-1.180090103261449741e+01
-1.178914767568287836e+01
-1.182950844116882294e+01
-1.183010775236291678e+01
-1.187625614775287097e+01
-1.195067242656401518e+01
-1.198903183146183160e+01
-1.206531629162309471e+01
-1.207077232050055571e+01
-1.200693480097606347e+01
-1.212718608469256054e+01
-1.218341545522830671e+01
-1.211395994837206480e+01
-1.203232008663601604e+01
-1.196715296104597748e+01
-1.200723089838654900e+01
-1.201554199524680122e+01
-1.197698213149497093e+01
-1.188051962698183672e+01
-1.179844197436789166e+01
-1.180797316942477693e+01
-1.172746507590304432e+01
-1.170335113594252974e+01
-1.169914148529334597e+01
-1.158656298916348426e+01
-1.157803617281464170e+01
-1.157376788685792590e+01
-1.153396748105876135e+01
-1.152011076116589550e+01
-1.144868142691789004e+01
-1.144200167988024575e+01
-1.151552114147448691e+01
-1.149503634415595066e+01
-1.140187155937729457e+01
-1.143926583705019340e+01
-1.153785909586241587e+01
-1.166297537612087787e+01
-1.173884619141519714e+01
-1.178810028343321470e+01
-1.175911806450177721e+01
-1.170119971967618788e+01
-1.166093173865094812e+01
-1.160765651551363220e+01
-1.158190242313122198e+01
-1.150011952390707393e+01
-1.142974525517694495e+01
-1.146918388167558334e+01
-1.155566744550038472e+01
-1.151551336190041752e+01
-1.146148621925238409e+01
-1.142645225559997613e+01
-1.147858271949746012e+01
-1.141890802405047012e+01
-1.137479356610949743e+01
-1.136492961976812666e+01
-1.131834064303565590e+01
-1.136662348629062791e+01
-1.138333069577136847e+01
-1.137049258553050279e+01
-1.142327499406696667e+01
-1.136992047706359443e+01
-1.142430798901891542e+01
-1.137686080169827640e+01
-1.143252411657227974e+01
-1.144360707890722040e+01
-1.141376745210694565e+01
-1.132004297010679039e+01
-1.121761500153841418e+01
-1.125745116712308658e+01
-1.133497369363307605e+01
-1.131591087568591902e+01
-1.134099242132044516e+01
-1.140197058229831839e+01
-1.135270734127817072e+01
-1.142174582218911816e+01
-1.146680110618649451e+01
-1.152436065565473733e+01
-1.142740018337666186e+01
-1.144307915129695274e+01
-1.139468856140827491e+01
-1.137970906679884919e+01
-1.133072584906653191e+01
-1.133649808906298873e+01
-1.132313901246278220e+01
-1.133853265421893042e+01
-1.129904862958576928e+01
-1.117356768356575714e+01
-1.114521977656634277e+01
-1.114114413827396888e+01
-1.119483123673404457e+01
-1.125092450038649616e+01
-1.130495799826897674e+01
-1.132546131231082853e+01
-1.136367598238899390e+01
-1.130765591999461428e+01
-1.129868596926427138e+01
-1.132019175251031129e+01
-1.137675079128590561e+01
-1.149597888129749279e+01
-1.144745410656368456e+01
-1.152510114939646080e+01
-1.157783210751914282e+01
-1.159000598019101602e+01
-1.160333748845445179e+01
-1.158286011459392384e+01
-1.155351347609180124e+01
-1.150161913183405460e+01
-1.152591602241989222e+01
-1.158943270789014690e+01
-1.161244616056902856e+01
-1.162514945343132489e+01
-1.169850793731876237e+01
-1.174638245435808948e+01
-1.177201772323989282e+01
-1.174565066588466244e+01
-1.184053858097411727e+01
-1.182243322305315125e+01
-1.182256770070858387e+01
-1.180745884268387158e+01
-1.179440338046010339e+01
-1.188239573069011712e+01
-1.185141302902543181e+01
-1.174846739510694960e+01
-1.161227034375945166e+01
-1.155347125565054256e+01
-1.153486685291355940e+01
-1.143629056014848722e+01
-1.146984683150431472e+01
-1.144787624850200558e+01
-1.141633381637723943e+01
-1.144212116255278744e+01
-1.144515361123393227e+01
-1.142051426884035870e+01
-1.145740681805940397e+01
-1.142765552923205874e+01
-1.133382602509814419e+01
-1.139573652692344474e+01
-1.141835930667534882e+01
-1.134300188022367095e+01
-1.125123144444451917e+01
-1.126166791312098070e+01
-1.129014311823843997e+01
-1.133033584715786191e+01
-1.132832861455648121e+01
-1.132659121771585653e+01
-1.130841464539117069e+01
-1.121806719848260592e+01
-1.118954217942112095e+01
-1.113378537436861038e+01
-1.113110238839469801e+01
-1.115742410686867991e+01
-1.117995442202386691e+01
-1.125103247861266453e+01
-1.128489659795152456e+01
-1.120431773254691521e+01
-1.113703283290089807e+01
-1.108793977143148979e+01
-1.106526999566609248e+01
-1.106249827379511785e+01
-1.103477803508174304e+01
-1.106898301168398113e+01
-1.101337848672444686e+01
-1.081451229211565312e+01
-1.074510192261546671e+01
-1.084684667099071298e+01
-1.083384825396338691e+01
-1.086184545090271314e+01
-1.091786055816860213e+01
-1.103340359501666157e+01
-1.110147092109962053e+01
-1.118214028641491176e+01
-1.121408032447531333e+01
-1.109894133567145502e+01
-1.106965991820612061e+01
-1.117298318936047075e+01
-1.122344760274210529e+01
-1.127035030762597678e+01
-1.135838603729436258e+01
-1.128537519518284959e+01
-1.128231432868375173e+01
-1.124834554385223662e+01
-1.125148250412395434e+01
-1.121768086142242637e+01
-1.128552534509339011e+01
-1.128878753734588969e+01
-1.127904120588102721e+01
-1.125426557277346440e+01
-1.113709761036542645e+01
-1.126185840905266922e+01
-1.133839010460570229e+01
-1.143849016800631446e+01
-1.153080924620315173e+01
-1.151238401513607634e+01
-1.138741531346143354e+01
-1.132129237769512109e+01
-1.141443872387094061e+01
-1.142078527366276575e+01
-1.138447574230021253e+01
-1.145897347994151261e+01
-1.154838754450869409e+01
-1.158454721232870810e+01
-1.159408546094260473e+01
-1.173210386861359389e+01
-1.176287872595483464e+01
-1.174363665024590553e+01
-1.177268606545696805e+01
-1.178829654474694522e+01
-1.173181054434712323e+01
-1.168990987556081862e+01
-1.168013380828092984e+01
-1.153547995882671628e+01
-1.152208681413739377e+01
-1.152339729255227674e+01
-1.147095773104704897e+01
-1.141276649193927462e+01
-1.140411522970467573e+01
-1.143431324460294718e+01
-1.145882866130140165e+01
-1.151688209159677356e+01
-1.150527770288675100e+01
-1.152648194693964001e+01
-1.152233178899477473e+01
-1.148915989754351230e+01
-1.140307997587718702e+01
-1.141390578919052601e+01
-1.139292887402928045e+01
-1.141449563969347736e+01
-1.144518843199740310e+01
-1.143433938853429943e+01
-1.141004359857444683e+01
-1.152046656133076397e+01
-1.157668238696781060e+01
-1.151612353607601413e+01
-1.151802016454741384e+01
-1.158607038678379375e+01
-1.171387787844599870e+01
-1.174778989114669336e+01
-1.172396186628096793e+01
-1.177068966680657702e+01
-1.178738998901690849e+01
-1.184768062069328742e+01
-1.181469101984813186e+01
-1.177371176468956371e+01
-1.178295279200978030e+01
-1.175097488420251324e+01
-1.172219427190328389e+01
-1.167589212813359723e+01
-1.180642014004392415e+01
-1.187938954048033580e+01
-1.181848383995846774e+01
-1.182028284537288165e+01
-1.180018127883296053e+01
-1.192560694789641396e+01
-1.199936275033203437e+01
-1.204037795425328916e+01
-1.205011192778828288e+01
-1.204694020193791815e+01
-1.205639329115318326e+01
-1.208196953501274251e+01
-1.205411443067459487e+01
-1.212009496525788599e+01
-1.213225632354685501e+01
-1.217518547274602980e+01
-1.225080857386069155e+01
-1.236370097392414813e+01
-1.248880682392995389e+01
-1.246657311897253528e+01
-1.252817927376405471e+01
-1.253958992265054917e+01
-1.245499389229273568e+01
-1.242120664708606448e+01
-1.249641718026231985e+01
-1.259368714740803519e+01
-1.264711421024531290e+01
-1.255311491114284728e+01
-1.247632467946487012e+01
-1.245768399386623138e+01
-1.242329642372800613e+01
-1.241512951634832795e+01
-1.244476629577020788e+01
-1.259563338197330040e+01
-1.265571256569550940e+01
-1.270287624713610874e+01
-1.278761130372814669e+01
-1.273304224902669368e+01
-1.272518130230095323e+01
-1.280082249512047987e+01
-1.278390935240511439e+01
-1.276381444531617149e+01
-1.268862943316733904e+01
-1.261923430215209230e+01
-1.268947277891188463e+01
-1.271269868078223730e+01
-1.274607460442025086e+01
-1.277606387013656253e+01
-1.283963517595087289e+01
-1.296471149708919057e+01
-1.307441302194090582e+01
-1.311015576839808183e+01
-1.308133253434340659e+01
-1.306431667117584183e+01
-1.296020968600933898e+01
-1.276880820739519073e+01
-1.273626144176754771e+01
-1.269363221438110934e+01
-1.274491932496662905e+01
-1.282543907363909419e+01
-1.283110478558631939e+01
-1.288077182052497527e+01
-1.296515958285738179e+01
-1.294328494619614744e+01
-1.297382282730111669e+01
-1.302374566828513913e+01
-1.313823912466157395e+01
-1.323374013555889661e+01
-1.323696811204799673e+01
-1.330892629186936205e+01
-1.333132574275537863e+01
-1.340760845236448162e+01
-1.347447677783338627e+01
-1.353434529454307267e+01
-1.350467800915409100e+01
-1.354477731358501380e+01
-1.352951279815363250e+01
-1.349902889282400764e+01
-1.352249553212286770e+01
-1.352907598719551174e+01
-1.356499341916319601e+01
-1.346971636336195743e+01
-1.340445837480996616e+01
-1.341241291992621676e+01
-1.348985547616711322e+01
-1.352034298860883510e+01
-1.342660844414715982e+01
-1.333070440577565563e+01
-1.327998864257171618e+01
-1.336319434864998357e+01
-1.336820280358826096e+01
-1.338804961412729178e+01
-1.342553986845781999e+01
-1.347954477408045015e+01
-1.348208315293867088e+01
-1.351338188334955781e+01
-1.352365493912064842e+01
-1.353619981983133336e+01
-1.347910390425583493e+01
-1.344974479062523898e+01
-1.342896198874667313e+01
-1.339280293185228032e+01
-1.332432066125386783e+01
-1.333544379698546756e+01
-1.338408266528302804e+01
-1.335936217424478301e+01
-1.327418797952939578e+01
-1.325596115452432855e+01
-1.324641187320919045e+01
-1.323509176508386531e+01
-1.325550193380203012e+01
-1.332475194059826329e+01
-1.340612150021451932e+01
-1.337201535561004739e+01
-1.338980834327423608e+01
-1.336535976999627806e+01
-1.348639867421857907e+01
-1.352084599730831904e+01
-1.350877805209165672e+01
-1.349509362989619277e+01
-1.357759774454600432e+01
-1.351619670590442546e+01
-1.353360449636488028e+01
-1.352653862167590759e+01
-1.355281656986342576e+01
-1.349751739463464872e+01
-1.361365307665305835e+01
-1.373390343313794304e+01
-1.373231092598042657e+01
-1.367416803408325343e+01
-1.375274895922912854e+01
-1.378924695267991751e+01
-1.374414801082535220e+01
-1.361148840172477925e+01
-1.369205443746227502e+01
-1.365802240641440335e+01
-1.352663914260689992e+01
-1.346801261192929822e+01
-1.338886750200819797e+01
-1.327886498908609703e+01
-1.332058506404552745e+01
-1.331009736720664449e+01
-1.335139339656334201e+01
-1.333541779460957422e+01
-1.338989532040179498e+01
-1.345766414899033769e+01
-1.348593669878145818e+01
-1.356937682879508955e+01
-1.357245401303119259e+01
-1.361917361569780027e+01
-1.358053308530005410e+01
-1.350186272029700518e+01
-1.358002362334381452e+01
-1.366346314529997130e+01
-1.378365122009812715e+01
-1.380221989852683073e+01
-1.382926202820058847e+01
-1.393096499190681925e+01
-1.401015019113125426e+01
-1.396074481712827442e+01
-1.396066557203840475e+01
-1.400487003238054839e+01
-1.389606198913539714e+01
-1.396892967940595653e+01
-1.399052778291656551e+01
-1.396009159893000628e+01
-1.396720720580144715e+01
-1.406113078906312097e+01
-1.412583719957346595e+01
-1.411400151134287562e+01
-1.409548300026255241e+01
-1.413845401586086048e+01
-1.414719460662782602e+01
-1.413541618729493443e+01
-1.417826904975673763e+01
-1.417612251488886521e+01
-1.404943016659293420e+01
-1.399897590029249628e+01
-1.398850066977188789e+01
-1.390306801742758935e+01
-1.376207316274452630e+01
-1.385910986205663775e+01
-1.392886820665097680e+01
-1.385827829746596507e+01
-1.372667099545690128e+01
-1.371454214373228631e+01
-1.373618717626600194e+01
-1.370940075778128175e+01
-1.370601505896222427e+01
-1.374868666314516119e+01
-1.372399045873925161e+01
-1.379701555381394407e+01
-1.382981838473144443e+01
-1.379839269865388118e+01
-1.382140997242226454e+01
-1.385837583105762150e+01
-1.383490646083637898e+01
-1.382260514581859034e+01
-1.379735519938203758e+01
-1.384636475756611596e+01
-1.376046085377046602e+01
-1.377860185778581759e+01
-1.379048921424914731e+01
-1.378342506299571113e+01
-1.375773812534533391e+01
-1.374303567162384532e+01
-1.367248045968831605e+01
-1.366771209802714537e+01
-1.367360672651310161e+01
-1.383613837389778034e+01
-1.397008569846593140e+01
-1.396397614157451272e+01
-1.389460974231385215e+01
-1.384699230273224657e+01
-1.392042794532165750e+01
-1.400719046338613971e+01
-1.409582006500055940e+01
-1.397201394830044840e+01
-1.397168151228052579e+01
-1.395906974049376181e+01
-1.394677720412884270e+01
-1.399318456984489423e+01
-1.408303357091689989e+01
-1.415923242736633370e+01
-1.407827056478286210e+01
-1.402646032654909902e+01
-1.396665638239410789e+01
-1.394458633636774181e+01
-1.398712246902031531e+01
-1.394572652205704699e+01
-1.401649304009186814e+01
-1.407031118308089646e+01
-1.404357772182857111e+01
-1.404378648469994140e+01
-1.408157817808957901e+01
-1.411787321430212927e+01
-1.414451938524524266e+01
-1.413801909020727265e+01
-1.409696316943337635e+01
-1.408656952140494489e+01
-1.414295896141345565e+01
-1.410025654799271777e+01
-1.405689804396277864e+01
-1.402044175131988624e+01
-1.401051780832637306e+01
-1.394029236970789754e+01
-1.386652539407544538e+01
-1.379114282266475833e+01
-1.388581277381605794e+01
-1.389210333002281317e+01
-1.389296258855008048e+01
-1.388275602763956584e+01
-1.381811711210329463e+01
-1.381477958151593377e+01
-1.379658613846432047e+01
-1.378740460829487269e+01
-1.371430728998604209e+01
-1.372316510253475741e+01
-1.364169094887908251e+01
-1.361205427438459203e+01
-1.347986087526733989e+01
-1.347357707462499121e+01
-1.349418903987658602e+01
-1.349935916962294513e+01
-1.337948617418904007e+01
-1.333158683345200402e+01
-1.337454630384836030e+01
-1.338195989740609093e+01
