1.044012891202019816e-01
-1.980033446745383396e-01
-4.164124043587372204e-02
-2.574458833440389227e-02
-1.102075909770356410e-01
4.535902318767157104e-01
3.115493892880933924e-01
3.464785099385969125e-01
8.468714466478518554e-01
4.265959431983738503e-01
5.060838421144975285e-01
1.291652940300030306e+00
1.118556902108401419e+00
1.256404613866354936e+00
1.288892872186149452e+00
1.270837533587493295e+00
7.517986506019375126e-01
1.408926586630798283e+00
1.137800895013872937e+00
1.111090052897412361e+00
1.687784169857912131e+00
1.804146386791977363e+00
1.531771435460705266e+00
1.575185368796363061e+00
1.584497657366145340e+00
1.474969632474820269e+00
1.250109824630864175e+00
1.960443042073698461e+00
1.452669295135915029e+00
1.442333385488125508e+00
1.744347675888613169e+00
1.059267971009558940e+00
1.478427073916870116e+00
1.346213472741715655e+00
1.121884801176391333e+00
1.271123864627123234e+00
1.502993211784019678e+00
1.521834053722513458e+00
1.922186477081104128e+00
1.796649460858150027e+00
1.773894723698451914e+00
1.684119097082918737e+00
1.917815065571494948e+00
2.178735676621768924e+00
2.014733227540467464e+00
1.775700816189699216e+00
2.125373990757899456e+00
1.648789885053007831e+00
1.853768488280975957e+00
1.333932096575749959e+00
1.268884076383735682e+00
8.744345618342241888e-01
1.390037955713059548e+00
1.370186335557154189e+00
1.305627875630863022e+00
1.862913116718806217e+00
1.225615271903633285e+00
1.216721293222537525e+00
1.032807326967474237e+00
1.605923036084438982e+00
1.210429574056449686e+00
1.373200361084956134e+00
8.442729164782777351e-01
1.042702577282180298e+00
8.954576218881121763e-01
1.348562682429050419e+00
1.450317817892318839e+00
1.345197294153744672e+00
1.242213065781725190e+00
1.390031520783750363e+00
1.387297261610091148e+00
1.310610838014401480e+00
1.364793785537354420e+00
1.357742627727395179e+00
1.274292014609355705e+00
1.508459396970746047e+00
1.815685408080875085e+00
1.106219660548846351e+00
9.246081318716067310e-01
9.834856633302250239e-01
1.423193931957506431e+00
1.658340014119997097e+00
1.449979462642835948e+00
1.588327321678106641e+00
1.419783017345185971e+00
1.373422968850781078e+00
1.229444569994172731e+00
1.393099630009389633e+00
1.041736795441996266e+00
1.399460414568628464e+00
9.751984137669862385e-01
6.214421062746970925e-01
9.385826791270174274e-01
6.367356301018538556e-01
6.620479785327320066e-01
4.868603406499468211e-01
3.521120871378791151e-01
5.683628313003382670e-01
4.249730281549988775e-01
4.896369064203407451e-01
6.428592809673943087e-01
5.321285207565265019e-01
5.559301161282790282e-01
7.057632636615974731e-01
6.852144869436980201e-01
7.079611373544048014e-01
6.772292507733514988e-01
5.502689549040314931e-01
2.498543831222633238e-01
5.015579228815907342e-01
5.507130732343439306e-01
7.004779414157492612e-01
5.823167275514923302e-01
9.549457888069050604e-01
5.752520655489544721e-01
5.663770438353270542e-01
4.861883801651919468e-01
9.738585132962150892e-01
1.178085741782473495e+00
7.213098173381200517e-01
1.069479382676562951e+00
7.419240012905944370e-01
5.591291344226595461e-01
7.900276263343823935e-01
5.589410671355992122e-01
7.327161951297120890e-01
5.938397016444612042e-01
5.855727355075285301e-01
5.010957823691197799e-01
1.941121253727884632e-01
1.644980360506325401e-01
2.053637262403723018e-01
2.233424799464529542e-01
2.220417632343838488e-01
4.676799914741075481e-01
5.447361578864851062e-01
1.906253854461047725e-01
3.330514282920832847e-01
2.629576722166019898e-01
6.480252150394285593e-01
3.580998382861918516e-01
4.588348128984972574e-01
3.255414330902542952e-01
5.908010928640536896e-01
6.857960704940769814e-01
7.722310148619485615e-01
5.952189737134883085e-01
4.283817043861832818e-01
5.683541511146827929e-01
3.915436407304197508e-01
5.764169311664447681e-01
4.519755009697771775e-01
5.903102932603329078e-01
7.253976420511675238e-01
8.538499676935611404e-01
5.935374222783932341e-01
3.629866444666065561e-01
7.627316954144328642e-01
8.090054803101393022e-01
8.554824979233303095e-01
6.028150961519571638e-01
8.831799817413785725e-01
6.946602512451809375e-01
5.310627464981391155e-01
2.543139954646187473e-01
6.796305521142413653e-02
4.000901682959859262e-01
5.451907992502439404e-01
5.162893188643056241e-01
4.445718744536242273e-01
8.841997356387771845e-01
9.500332813131326937e-01
5.968832225987473761e-01
9.197698685103264937e-01
8.861866268975506777e-01
5.700681748113053393e-01
9.849556326057723465e-01
5.597865627037530434e-01
1.073985652478884001e+00
1.275111156623623287e+00
9.151285065262521057e-01
9.370631543958486409e-01
1.013056851676226389e+00
1.252510928334429785e+00
1.302667462300226786e+00
1.166296465002692573e+00
6.072729318575017521e-01
1.267922279189681811e+00
1.458914247315376000e+00
9.063800518545753748e-01
1.403165310992489312e+00
1.083634713229093327e+00
8.936216367041056596e-01
1.169742005700757481e+00
1.046613889481431858e+00
9.217189494781182768e-01
1.265875534070442843e+00
1.311500975960842252e+00
1.675735813972287991e+00
1.022454505837839589e+00
1.147408244066764116e+00
1.051007458049297405e+00
1.103095579700118067e+00
9.465236127326883686e-01
1.067457734278936643e+00
1.033374915669109662e+00
1.051625621506172115e+00
1.044316705888859609e+00
8.066754795639634601e-01
9.511292246240030668e-01
1.186331973734346512e+00
1.135017493263728916e+00
1.164842693809919005e+00
1.060143995965890262e+00
1.201705152932035059e+00
1.060038373640669107e+00
1.106784884327424390e+00
1.234515244967995917e+00
1.304568088254677072e+00
1.586433310665744223e+00
1.449585794705010366e+00
1.358334343260118926e+00
1.613747955820337365e+00
1.617969707046364780e+00
1.533808620588512639e+00
1.584423687399089786e+00
1.519999719429696805e+00
1.550227682307039334e+00
1.280449520607361613e+00
1.024273572069216431e+00
1.338741668080232206e+00
1.193941799748990729e+00
1.543977178106906489e+00
1.294111520710327756e+00
1.389532409004335722e+00
1.492558226153137602e+00
1.280596185079516225e+00
1.138363114635742024e+00
1.262708586203737715e+00
1.222301333131764700e+00
1.523022950524938413e+00
1.185538468059474271e+00
1.207752437479063135e+00
1.421446184141206048e+00
1.425966359995231469e+00
1.196818942804165564e+00
9.457198622643687713e-01
1.288585739174084921e+00
1.458150713800655529e+00
1.169211867777812053e+00
8.318413700158676649e-01
7.937157979395451646e-01
1.098373580372698832e+00
1.118545753939013121e+00
8.737672227868080732e-01
1.191210796288429963e+00
7.897779652432670439e-01
1.230845942616159316e+00
1.254045576843831000e+00
9.989509761363692952e-01
7.540771638139935895e-01
1.131527205913160694e+00
6.446516646009486928e-01
4.339611660728739384e-01
5.785453714614177123e-01
8.774608911985120052e-01
1.082377813013767565e+00
1.265259403119752601e+00
8.615810701251827020e-01
3.034907749490840523e-01
3.207942535990001010e-01
7.642637602294972687e-01
2.703681367461484575e-01
5.279992309159591279e-01
1.707160095647290432e-01
6.111769416743197958e-01
2.309699085055449408e-01
2.315607372931268726e-01
4.154299855501284444e-01
5.338537276352308680e-01
-4.035871429431261981e-01
-1.035404889368781445e-01
4.579294352887248731e-01
3.671310969713607597e-01
-6.730436887066407756e-04
3.464537087977686558e-01
3.166167809957334267e-01
-3.604408374477567900e-01
-1.536640524256630835e-01
1.090028574775338960e-02
5.463959751772304863e-01
1.811284294683639107e-01
4.761351731361510575e-01
5.293802122145331301e-01
2.301110182717312491e-01
3.961452811913749317e-01
5.785195509282308191e-01
4.516077932202752221e-01
5.738151666970373599e-01
3.987851075366037890e-01
5.369764248486810221e-01
7.421992691988269497e-01
3.678641168988175947e-01
5.150670502250142002e-01
5.282563603828359655e-01
4.614262722874469258e-01
2.950693717455915577e-01
1.743772758198968431e-01
-4.158191645669827990e-02
3.474381925137467464e-01
4.002256914817751698e-01
-2.646416876136747920e-02
8.298047829874555248e-02
1.893707106648862271e-01
5.027746100679016811e-03
1.963942776827871939e-02
-8.421993558245192968e-02
-1.478822761534298591e-01
2.644223952890707025e-02
-9.172142287787014847e-02
9.985513285932934302e-02
1.454747167068168590e-01
3.780561149691324396e-01
4.056550323257840929e-01
3.544759807870449531e-01
3.317054178879783044e-01
5.618204010269889359e-01
2.777366245582987836e-02
-8.444467245121765886e-02
6.530624481683965088e-02
4.620676440806716079e-02
-1.936189252174874975e-01
-9.596717950848129841e-02
2.572878841605323874e-01
-2.518096925162094379e-01
-3.357186123778204134e-01
-2.816155894620461786e-01
-9.735493443055788509e-02
6.091599872815085109e-02
-4.547583939947323350e-01
-2.859594928828229632e-01
-1.880444544140426333e-02
-3.697962910834785011e-01
-4.783271650644801976e-01
6.819988669396116754e-02
-1.586114823791066331e-01
-4.934385564491249876e-01
-3.578906058714410587e-01
-1.027998748644378124e-01
-1.091021861563928746e-01
-5.009920015510350294e-02
1.077811112682795502e-01
-9.427597733928019808e-02
1.623650338690310058e-01
-1.119488307196660343e-01
-1.070387533194499252e-01
2.835716628531959049e-01
6.590497476428864854e-01
2.099318727828499986e-01
2.452490256142046965e-01
5.033660142132475590e-01
6.267200883293055913e-01
8.245636398771966080e-02
7.211263149650849746e-02
6.298671260395705129e-02
1.969738742983030977e-01
2.623618962509965402e-01
-2.805743806235619364e-01
9.781597477486489445e-02
5.552854327715449623e-01
3.545677633257138250e-01
6.936664914184439978e-02
1.378507504704802322e-01
2.849518951563980718e-01
3.899113707641335136e-01
1.302529933398660356e-01
1.522133391636944777e-01
1.765831769524695005e-01
5.143140647184740732e-02
1.421164757483557306e-01
1.558004448026331645e-01
6.591288320926270983e-02
3.774904829267522466e-02
1.007749792794873644e-01
7.538943884779975013e-02
3.965355220693473348e-01
1.818705968128317141e-01
1.532157004447018689e-01
9.254567421261998550e-02
2.589749377650737427e-01
9.280956417583520468e-02
1.978542542988510344e-01
5.341325087331022514e-01
-1.472737246008124223e-01
-2.708767999388712600e-01
3.458387688567986229e-02
-4.224558437229784802e-02
-2.106206694145846270e-01
-1.905023193376735938e-02
3.508484651750503613e-01
1.715143203140831740e-01
3.082777390966029429e-01
4.044218565469873128e-01
1.932678041716701101e-01
3.870261129777495257e-01
4.785957005232446826e-01
5.618724313230332168e-01
9.533018869800571338e-01
6.277116308208812168e-01
5.817228227857520473e-01
4.409333201314024064e-01
4.842119485292651904e-01
7.708943421207421487e-01
5.551227477703157831e-01
1.009433514251227404e+00
9.080920109880826763e-01
6.056803151933941587e-01
5.419958387936881783e-01
7.248139698856750357e-01
4.945366527926263744e-01
5.853628963015942155e-01
5.193071040502115210e-01
7.481159297468598091e-01
7.066686491138568504e-01
5.861071188411259847e-01
5.863954402616109451e-01
5.586766610041817849e-01
6.038576968573181603e-01
5.523394700327985962e-01
4.790643297893745212e-01
2.513118593950680602e-01
3.979421622503601652e-01
4.078344475077102516e-01
3.875074682723447239e-01
4.902834255043324041e-01
2.697650567681263434e-01
8.061098444277893238e-01
8.143719257597001882e-01
1.179486322067927917e+00
1.050843974450240692e+00
9.600663058250346049e-01
6.064239142964319429e-01
5.492911376470378526e-01
6.152147082180365878e-01
7.985994975553111219e-01
8.538651895074439446e-01
1.069145337754555669e+00
1.213940257391593613e+00
1.011202425894461188e+00
1.008365314917322841e+00
1.388409257772667438e+00
1.093704894894869106e+00
1.138322914565510935e+00
1.542947792830539511e+00
1.556117976646883116e+00
1.433225556800777234e+00
1.385412109945582948e+00
1.671423572762878784e+00
1.578422176833107482e+00
1.427442995720609842e+00
1.434732854746920916e+00
1.956842153229305437e+00
1.985301862483871416e+00
1.679239861611810047e+00
1.822144165416581529e+00
1.279894310995696172e+00
-1.070746781813385562e+00
-2.245748165705293786e+00
-2.234844538595586183e+00
-2.353377270649196440e+00
-2.079494836692866500e+00
-1.763806198964971816e+00
-1.403152000671513910e+00
-9.075525954859544608e-01
-1.075114039082457618e+00
-8.836588641504347086e-01
-7.111529326043606325e-01
-8.299704532945688662e-01
-5.021616711538106070e-01
-3.189654573795320802e-01
8.846865455298462411e-02
1.550374418512138752e-01
2.094699788871036417e-01
-1.135234249042974403e-01
-2.699411089281105736e-01
-1.143901736123809770e-01
-1.463868804417017000e-01
-3.334440742830382942e-02
3.865618182936187974e-01
5.799245456249310093e-01
1.017025910209411910e+00
9.678996737335280320e-01
1.063529970761949439e+00
1.353095460995136001e+00
1.357646716659157926e+00
1.152170460310347311e+00
1.087430003934351186e+00
1.103885418358891979e+00
1.462024638773197660e+00
1.292199532909130033e+00
1.778694283636271356e+00
1.968640208987503692e+00
2.539599045550130718e+00
3.502025515818060875e+00
3.335638234029042692e+00
2.250505236725840685e+00
3.727101548683223742e-01
-1.748740741918998642e+00
-1.385582796529494676e+00
2.581196722935088061e+00
3.754108970753964325e+00
2.951679513207466243e+00
9.262029065731910427e-01
-1.139485038986528309e+00
-2.613745748093902588e+00
-8.050563568133397574e-01
2.472901277339783821e+00
2.836213651306055183e+00
1.153586741419055484e+00
-6.831908607430049463e-01
-2.194151248500580742e+00
-1.080682947687187312e+00
1.910684552861873886e+00
2.249801787144583454e+00
7.856504793778997797e-01
-3.125077001869366877e-01
4.346007389108361707e-01
1.330135477878636507e+00
1.785032231622075471e+00
1.075150375819764470e+00
4.087237866717384760e-01
8.900245375134940851e-01
1.356771680893980481e+00
1.496654506023880282e+00
1.293517792040647929e-01
-2.246011206928538728e-01
4.751369051558383960e-01
1.302570485806318068e+00
1.354847723181094032e+00
5.379107886677123584e-01
5.619915372627705130e-01
6.944659946716503773e-01
5.010955795169470539e-01
7.598546127350180868e-01
1.284385938016533668e+00
1.408608903240819110e+00
1.045073574972115171e+00
1.146387507655655336e+00
6.108956299919748867e-01
4.499665951893113136e-01
8.107044935164402499e-01
8.240038206597244397e-01
1.132616216542430720e+00
1.153655439800056470e+00
8.307528396053504016e-01
9.242359325465676623e-01
6.110373087607562370e-01
7.402100838217540169e-01
5.392626876633745958e-01
6.445982301449135754e-01
6.026335557398232456e-01
5.880383553844875655e-01
4.369629476856555783e-01
2.727862560110872470e-01
2.439979619754879536e-01
1.550921340871141141e-01
1.797832314663014575e-01
4.169134056484161688e-01
4.622925571027246550e-01
5.410828188045023746e-01
5.914584390301733663e-01
6.248991673460917440e-01
6.326212755040119262e-01
7.769098287412333770e-01
6.530844840724312483e-01
5.297929879380719465e-01
5.282402378711513746e-01
6.924153443160953048e-01
4.243749399329327376e-01
5.932478710292526936e-01
6.950982640739619134e-01
7.779227602112297468e-01
6.083028953994132904e-01
4.301413414161521787e-01
1.971515023436671565e-01
2.140298500289606054e-01
3.438472966063259029e-01
1.160633669709521948e-01
-4.039534184176461762e-02
2.757029478483377649e-01
2.303859420128125945e-01
1.186383539865804720e-02
1.816113233255598619e-02
-1.007446004961906200e-01
2.643580433584369338e-02
-1.407258843528090275e-01
-6.057167748823413800e-02
9.570749592372509995e-02
1.644693772873256910e-01
-2.111775990769342720e-02
-3.234164441581379723e-01
-2.999503183995684830e-01
-6.445654008103374188e-01
-6.440644337626033611e-01
-7.366091060092180287e-01
-4.097884723606651791e-01
-6.306639285426758335e-01
-7.038476334752425956e-01
-5.940818899163244904e-01
-5.310513430377810096e-01
-3.070460386259465935e-01
-4.317583338495247780e-01
-2.910666030237288870e-01
-1.847006297196953639e-01
-3.258825077757792621e-01
-2.817701619529067170e-01
1.794824310935260250e-02
1.243719660806813926e-01
-4.857297135941184008e-02
4.411783559263848797e-02
-5.147371178733021330e-02
-2.087500646514366121e-02
1.749427986442691207e-01
4.914158932874960750e-01
4.092073537338246636e-01
3.227568792717235846e-01
4.736057787672112718e-01
3.953622637381013494e-01
3.147994488548566117e-01
2.657876823205653979e-02
-8.879167367298289315e-02
-2.370635081281976739e-02
-7.435619010343533231e-02
-5.639911564814367173e-01
-5.596855507407112462e-01
-4.369149051534605421e-01
-2.543328347436262238e-01
-3.925956174078039651e-01
-4.120642849923363826e-01
-4.421323388314651881e-01
-4.211895689138718257e-01
-3.694782341548739080e-01
-4.308431328460384235e-01
-4.071378606774592179e-01
-2.686025342383394077e-02
1.395562246319171917e-01
3.966966082749456834e-01
4.362581890189897726e-01
3.596787234962588453e-01
2.719729770321474005e-01
2.266344063489896810e-01
3.763541594724857386e-01
3.173783421951590911e-01
5.301256362116169019e-01
5.471720101145990389e-01
1.877971761795015626e-01
4.292911526408685341e-01
3.752279450919482340e-01
9.691133048092880342e-01
1.150958269168164350e+00
9.399237579359014383e-01
6.882324434979048000e-01
9.908340956427105217e-01
1.170494181234592146e+00
9.470282202843394170e-01
9.632848032012175654e-01
8.876716299329404647e-01
9.896764498195358417e-01
1.239539706880859793e+00
7.410388926090509809e-01
7.914092639899735770e-01
9.617737596459927651e-01
9.831160372267445657e-01
8.117212369611803702e-01
7.533961445368723142e-01
8.329636500410779743e-01
1.166495784820847925e+00
9.866581585691819312e-01
7.382857037153196522e-01
8.638375368408852673e-01
9.385786983240012038e-01
8.204965921990667876e-01
7.175852473687522881e-01
4.600300470543237097e-01
2.912156843293525199e-01
3.941138343373953856e-01
4.099610916357954715e-01
5.677782946889061710e-01
5.830228117351610173e-01
6.715731008884294750e-01
9.023560193166351162e-01
1.038873342571099867e+00
7.200824173240721882e-01
5.570267748956698739e-01
6.908393240852331862e-01
7.809006234460430518e-01
6.542928304391978367e-01
9.766187524679104115e-01
9.686645338064105992e-01
1.018848761435107608e+00
8.989584916724138175e-01
8.014015542582131335e-01
5.979808254666737488e-01
6.915958020977422960e-01
6.863209711904022514e-01
5.040215575389290770e-01
7.860603254948822505e-01
4.001506871543297761e-01
-1.657597604146799908e-01
-2.376945945793793036e-01
2.000966124280144642e-01
2.616420161712949000e-01
2.058265783174027808e-02
9.344624746311226693e-02
5.476706121708129205e-01
4.681256503011019254e-01
1.010387549081032676e-01
2.760299688506873128e-01
1.296833759927057961e-01
1.824773420226535534e-02
8.767265818532322952e-02
5.486069485340291374e-01
8.696794984537467021e-01
4.803391071606137874e-01
2.775440180755763264e-01
7.276849715122133411e-01
1.039023315911215883e+00
8.722491069970821354e-01
5.082258013001312857e-01
5.960401361869457348e-01
5.925786989841447250e-01
6.930113072925903062e-01
5.508553901434954936e-01
2.639465221136518269e-01
3.351592336224548108e-01
4.528376930602227568e-01
-9.268723698348044215e-02
7.897387180656927075e-02
6.491695296329763609e-01
8.439911250195391013e-01
5.324869633543496406e-01
5.143691667854208838e-01
7.368633960481120182e-01
1.075790663396023250e+00
9.940916353322413190e-01
5.746400868504731863e-01
6.174866411036494807e-01
8.389987220928000200e-01
6.930124905696852800e-01
5.943401603211918571e-01
7.223036647511792419e-01
9.837726369489041556e-01
8.746982818839263985e-01
8.969437900744586800e-01
1.343104214105583338e+00
1.316716460302153280e+00
1.007318386542278343e+00
9.181994620140273566e-01
9.919980787818593049e-01
1.048089736984134213e+00
7.645879574656991862e-01
1.228722753732980122e+00
8.189969072792607774e-01
5.469284399721661138e-01
7.041878217078220148e-01
6.659758708017933237e-01
9.028366176581622549e-01
1.262024760927843658e+00
1.571449113376933937e+00
1.279623559371383834e+00
1.172674289568641282e+00
8.506310047884855230e-01
7.313170529499922745e-01
8.901269463886790634e-01
1.097888452839482554e+00
1.135857754407521458e+00
1.440731061082169973e+00
1.729984150164795453e+00
1.847842771046436461e+00
1.830936313362237833e+00
2.415191772339183807e+00
2.379159452044921075e+00
2.473029082625952224e+00
1.417355229015552665e+00
-2.527790150814790970e-01
-5.392725146972114914e-01
5.371095350468461094e-01
1.128604919594859535e+00
1.698634122642853850e+00
1.127616002543045504e+00
5.584113053848375197e-01
-2.369520616413443859e-01
1.713338686155803630e-03
1.019385036608382311e-01
4.716107093284821472e-01
7.126966316927538792e-01
5.824799547677399492e-01
3.374192018729689213e-01
6.812469283682044408e-01
7.915430040443431903e-01
1.177785513705353670e+00
9.552446833919836511e-01
8.688071039854958766e-01
8.664141959465813114e-01
8.902283589403220398e-01
8.000563726612553994e-01
1.106553507244372320e-01
-1.215341351277912305e-02
-5.127566162464420874e-01
-2.560942360198333323e-01
1.030625414439045873e-02
5.035283490022296471e-01
6.583465532931997988e-01
2.191032126563080551e-01
1.374374620894515397e-01
4.630512950735259925e-01
7.872535339471505855e-01
8.435404418699202767e-01
8.178116876471526187e-01
6.572832063478940556e-01
3.632239269767031375e-01
3.907108221500946166e-01
3.868697993081556263e-01
4.647072907907853073e-02
-2.041079951661768366e-01
-6.035443881356373774e-01
-9.102592939261041627e-01
-1.639048295350012285e+00
-1.697612241819874024e+00
-2.401932138195912891e+00
-2.495108061921678111e+00
-2.128029609687297707e+00
-1.855123282519214767e+00
-1.998633156081082385e+00
-2.144777133622108423e+00
-2.260539569993228248e+00
-1.961928383206804405e+00
-1.795373790004463954e+00
-1.570938886380240707e+00
-1.482047375828700497e+00
-1.597463555745539443e+00
-1.628504172854122301e+00
-1.679647042985451977e+00
-1.647021329707178516e+00
-1.776930784185650092e+00
-2.003833546661434095e+00
-1.850154167977812847e+00
-1.717603285681862157e+00
-1.442847630761386890e+00
-1.411786459401082938e+00
-1.462324943813161138e+00
-2.023542099628071522e+00
-2.045269033964269845e+00
-1.978201768559116669e+00
-2.028509862873273839e+00
-2.424969004178268772e+00
-2.079188219199398002e+00
-1.701038527145515067e+00
-1.644437693949323709e+00
-1.554104335743633492e+00
-1.363361989656943329e+00
-1.268452484695399285e+00
-1.099216337867407356e+00
-9.299254338402107578e-01
-1.149005375550836705e+00
-1.191833013995263091e+00
-8.624073037684359955e-01
-9.519034193537593280e-01
-1.151160809025180587e+00
-1.543391718048922501e+00
-1.649854726009259309e+00
-1.741432087693244757e+00
-1.710127851633566509e+00
-1.913715597940518043e+00
-1.708793007484988635e+00
-1.881873508784538851e+00
-1.573777333572284887e+00
-1.222103464022163744e+00
-8.861115825579900518e-01
-8.035656091944254342e-01
-1.093026295877742360e+00
-1.278143230305445854e+00
-1.393182903728696687e+00
-1.463021085401754684e+00
-1.340781936759329662e+00
-1.227370228728868362e+00
-1.411110122263322220e+00
-1.049028105350777507e+00
-1.325738196222987719e+00
-1.205857046116616704e+00
-1.129919199143114783e+00
-1.016159816901919033e+00
-1.201684635892000585e+00
-1.155132384690399805e+00
-7.995228800121322310e-01
-9.240940598361090386e-01
-1.038979230974154788e+00
-1.094950427361716550e+00
-1.021845542760791314e+00
-7.237901040150284127e-01
-4.889012679407305217e-01
-4.094102781030987681e-01
-5.061552212716750043e-01
-4.810950975351355741e-01
-3.911682456598328250e-01
-3.376393225576887480e-01
-4.150032097922442542e-01
-6.169408031473189169e-01
-4.190742182574867525e-01
-3.574793068161338239e-01
-4.891408823951529095e-01
-7.867122861521012034e-01
-8.037101108904552982e-01
-6.279852553184867014e-01
-6.927741114554416546e-01
-8.158951792795672286e-01
-1.145523197369835877e+00
-8.622299419584437130e-01
-6.047951979089215557e-01
-6.092758540586271643e-01
-5.304453270054874103e-01
-9.526607616441096216e-01
-8.026742981475892824e-01
-4.744483172597273035e-01
-4.440107346121363596e-01
-3.326608563437905564e-01
-3.290127633390456108e-01
-5.718472839536694607e-01
-1.880824679249190872e-03
-6.913214390057435994e-03
-4.502115331436399304e-01
-5.075550354915464579e-01
-6.583543991843358034e-01
-4.883919779313411480e-01
-5.522778196500860437e-01
-3.677103252406855871e-01
-1.651844295927205053e-01
-5.477042348385227077e-01
-5.490975741995216541e-01
-7.182500042924099271e-01
-6.629903544121221737e-01
-4.134000531627058939e-01
-1.572335999729443934e-01
-3.236008498862792404e-01
-2.689840271993887977e-01
-4.144843055595136549e-01
-1.646696140017275267e-01
4.721606061732732534e-02
-7.957739900380667031e-02
-1.862196595907195940e-01
-3.059738530521690647e-01
-4.448070164655511527e-01
-5.828336660437179878e-02
-1.365648537416771224e-01
1.073893269445188176e-01
-7.784901110221303933e-02
-4.425313761860770467e-02
2.533951710181696626e-01
3.045461559772662530e-01
-4.099397961336948698e-03
-8.261225328342589047e-02
5.800387602222775024e-02
4.717304727189779862e-02
-1.899800893079550135e-01
-1.745456123405212390e-01
-6.456877933781746126e-02
2.072915240431439099e-01
5.248440497256635640e-01
6.353275311877146780e-01
6.191773233144659550e-01
3.751991907763461698e-01
2.559541152893048399e-01
3.868337853903355827e-02
1.754872046640801597e-01
2.461673614088720208e-01
5.798789291356032339e-04
9.473270838657003867e-02
-2.973891551390812210e-02
-1.389702438159505331e-02
-6.242927206095729570e-03
-9.439541320309624561e-02
-3.800838272845922794e-01
-3.301435610719969937e-01
-2.222314820916855282e-01
-3.955969553678314043e-01
-5.351864063777055369e-01
-7.572799470218785078e-01
-9.835751110316451884e-01
-7.116046883983374594e-01
-9.768041273545264858e-01
-9.786940826048488029e-01
-8.696581308545033862e-01
-8.338385354153444728e-01
-8.508429006478926970e-01
-7.826751741007584862e-01
-9.479292593223213048e-01
-9.681420587490153773e-01
-7.033881980904658215e-01
-4.481237593541850806e-01
-5.141714790541496161e-01
-6.984315040390689511e-01
-5.799711057249273827e-01
-5.117614372004969381e-01
-6.004760350091923327e-01
-7.321578348784885115e-01
-6.244452675758831450e-01
-4.068224598988317564e-01
-4.281957333037968438e-01
-3.115866424546734348e-01
-4.108656664447190021e-01
-6.882390691300575014e-01
-6.321913045505672679e-01
-5.434971959206582603e-01
-3.771553656878330885e-01
-2.557192405732799378e-01
7.888044758908757670e-02
-1.890282505941333624e-01
-1.394732484151491869e-01
-2.155494951406731197e-01
-3.266326209600251551e-01
-4.464915602921661897e-01
-6.753257235500177424e-01
-6.904121440282753319e-01
-7.484320521027985063e-01
-6.944523630781037626e-01
-6.859436296075477335e-01
-7.144359180450258195e-01
-6.716815936954284583e-01
-8.113458042739457587e-01
-4.821315213324740556e-01
-4.811225513039306678e-01
-5.125901401957909664e-01
-5.982106684326521373e-01
-4.868585733440933816e-01
-4.823783581475436510e-01
-4.098054723827773693e-01
-5.517030720200165606e-01
-5.663343686694591872e-01
-4.950936726493440077e-01
-6.193222234599508047e-01
-4.207248010706342023e-01
-4.017497300068979538e-01
-3.008151043280781756e-01
-3.584673526858772608e-01
-6.367079629516632089e-01
-6.517943297397494895e-01
-4.823825279834720869e-01
-5.807580351256017570e-01
-5.536152371256538585e-01
-5.926699577249209261e-01
-7.385625854336882457e-01
-9.947160667666578027e-01
-1.181115439398397804e+00
-1.026020163419834264e+00
-1.175305835260214593e+00
-1.252504364094133127e+00
-1.183135856791139862e+00
-1.358308058028902643e+00
-1.187228328246989539e+00
-1.192526485036800921e+00
-1.272968618538299790e+00
-1.391708647711897395e+00
-1.476437312654069300e+00
-1.504180101948297654e+00
-1.554432420428258244e+00
-1.677930774199613007e+00
-1.847264745370848837e+00
-1.677951892365720399e+00
-1.427582346797112489e+00
-1.248750517292020579e+00
-1.236795964552713123e+00
-1.329207913131623675e+00
-1.360864404915365533e+00
-1.322892014801011706e+00
-1.349169863257881907e+00
-1.210647062923906780e+00
-1.276247840268735390e+00
-1.141895837146367443e+00
-8.551762922284321666e-01
-9.844006071181143902e-01
-1.151740704977793683e+00
-9.881704660687817832e-01
-1.221416780741278130e+00
-1.481013862448567586e+00
-1.361412284941472484e+00
-1.014471634390723853e+00
-9.341451094366176600e-01
-9.839865020697895481e-01
-5.972955333826731605e-01
-5.722994579456954778e-01
-6.914363063022165301e-01
-7.596527155419638966e-01
-7.595535816541061358e-01
-8.082322812352040753e-01
-8.793507261615166604e-01
-8.842534766158961501e-01
-4.632439846870058942e-01
-4.120153911796973767e-01
-4.920637765348438442e-01
-6.323638124856435505e-01
-5.717284287339787774e-01
-7.081008320166497505e-01
-5.237896477441503773e-01
-3.735675032745638946e-01
-3.308566110295722562e-01
-4.725700458732030595e-01
-4.772323936118457177e-01
-6.416691782723070725e-01
-5.751232379186577148e-01
-3.829262898028924500e-01
-5.789352797472253620e-01
-4.264700553678569817e-01
-3.916077577427058976e-01
-4.039030864534736143e-01
-4.565351039050473125e-01
-4.991358774107415019e-01
-4.092675555607914739e-01
-2.821468760946138632e-01
-2.042293233198508029e-01
-2.421556023720351503e-01
-1.789278159072607566e-01
-1.268153496596985744e-02
-8.118497571073429731e-02
-4.723316974885287678e-01
-6.044197884446066427e-01
-2.265934445060759639e-01
-2.659492234027446833e-01
-5.038559222651236569e-01
-3.483022213653491628e-01
-2.937799384986248818e-01
-3.046999881993760484e-01
-1.410280755890549673e-02
1.575801220295006411e-01
1.252667407757157014e-01
2.010155292075242739e-01
-2.333197070200698428e-02
-1.543314275967456739e-01
-9.019197758048751179e-02
-3.034112594771906091e-01
-3.972364747897563220e-01
-2.575947239298668201e-01
1.489491590961301293e-01
9.197930280888666488e-04
-4.082809094318336496e-01
-2.423342729944703011e-01
-9.419275999219728357e-02
-4.420619329128492314e-01
-3.960034043151003935e-01
-1.679500714317429533e-01
-4.159634965384111371e-01
-4.504578946952359497e-01
-7.700758125385327446e-01
-6.189875012194130388e-01
-7.492290366699962956e-01
-6.964713560944092441e-01
-6.492925409695029515e-01
-7.118349405481381176e-01
-8.635935647257474423e-01
-1.142111736026212965e+00
-1.100452489304268200e+00
-9.102727760790760847e-01
-1.017868366301417193e+00
-1.270245908787225764e+00
-1.438874834811175285e+00
-1.531069935847077401e+00
-1.375386132678518392e+00
-1.240715069230416079e+00
-9.420561583613186185e-01
-1.073248853802931224e+00
-1.289900373996604399e+00
-1.177707855385217828e+00
-1.332316503067360713e+00
-1.264844163526946064e+00
-1.172496082772518378e+00
-1.289141357830167145e+00
-1.463606809493352978e+00
-1.349376482715286318e+00
-1.179727777749412398e+00
-1.103622842245650659e+00
-1.004093368554631160e+00
-1.148300104484661688e+00
-1.123264337207019015e+00
-1.093602996853258791e+00
-7.905907586579363766e-01
-5.648907636252463726e-01
-8.319126328044370577e-01
-7.589862554118473881e-01
-7.190452876898179024e-01
-6.960090335416493357e-01
-9.620604634303673297e-01
-1.028295419537022637e+00
-1.205096552342037164e+00
-1.231909858855630535e+00
-1.533589402640252342e+00
-2.058710691730543996e+00
-2.201513916024014694e+00
-2.286063585198869319e+00
-2.115775497947725015e+00
-2.022354306264789514e+00
-2.294789174956793243e+00
-2.214004675485103490e+00
-2.344798112990779337e+00
-2.182171283753735924e+00
-2.277097170206562549e+00
-2.472082343267490323e+00
-2.534419654255818610e+00
-2.593147078936700822e+00
-2.677321406145567906e+00
-2.631690769605897540e+00
-2.483176146637760873e+00
-2.515874613413062288e+00
-2.126631506881684341e+00
-2.037262443407728441e+00
-1.791709240497028066e+00
-1.921648003773307911e+00
-1.979972034874488696e+00
-1.562305961837217261e+00
-1.480765568917261188e+00
-1.531185521185547183e+00
-1.611588183994681067e+00
-1.758291549031316237e+00
-1.664388364760278405e+00
-1.605758753111295345e+00
-1.880748662944939475e+00
-1.843527512673801105e+00
-1.721083718877729929e+00
-1.675070061095478291e+00
-1.490841103649146904e+00
-1.435205626151000224e+00
-1.544175169862646912e+00
-1.474438864814530348e+00
-1.739559338094349261e+00
-1.697848886045972838e+00
-1.436974738402863494e+00
-1.382432245298381934e+00
-1.440579559329479675e+00
-1.169013574505969544e+00
-1.428174659750390818e+00
-1.485832681727802695e+00
-1.270201526769661804e+00
-1.156550622741404855e+00
-1.234180817368601302e+00
-1.233769625594708375e+00
-1.241169777777230809e+00
-1.149794706382289755e+00
-1.134838373171065617e+00
-9.122370402653360300e-01
-1.000975322445371907e+00
-9.685936958602405777e-01
-1.062358477369397702e+00
-1.009145219393070114e+00
-1.012176798435150404e+00
-1.078394745081529438e+00
-1.193679970922955080e+00
-1.003522690944590456e+00
-8.190739508408449998e-01
-8.266351341134653419e-01
-1.105122609507150910e+00
-1.145667584085584556e+00
-1.277878908939805047e+00
-1.449833246704410383e+00
-1.428938424400391760e+00
-1.585662607688699488e+00
-1.796496199968039775e+00
-1.553487575036159862e+00
-1.248472039272243261e+00
-1.190624775070955765e+00
-1.361990939499080344e+00
-1.579660174323169075e+00
-1.661384624473636773e+00
-1.503236033424506957e+00
-1.572338026801374467e+00
-1.593488848853211737e+00
-1.516194970239624684e+00
-1.329910075515184253e+00
-1.377028218360046852e+00
-1.517201577999382156e+00
-1.378390198905178998e+00
-1.350609329339470310e+00
-1.541439059811434920e+00
-1.494997101271972717e+00
-1.391809751359442071e+00
-1.015825706937132811e+00
-1.074129723844307938e+00
-1.293780857557196740e+00
-1.315783386357423979e+00
-1.275064948140597565e+00
-1.076381811288621426e+00
-1.284704409561505001e+00
-1.122893437944054051e+00
-1.024154785857142702e+00
-1.053047112095268467e+00
-1.154096850683826725e+00
-1.119643166448702765e+00
-8.360359371634360492e-01
-7.769729076099367582e-01
-8.042704454946154602e-01
-9.717450295261566007e-01
-8.646925530926683479e-01
-7.281920036658050543e-01
-7.788863694007145400e-01
-8.954842384801742217e-01
-8.805028385769629873e-01
-9.734690825064346020e-01
-1.097374555099550397e+00
-1.187766824966266954e+00
-1.098783034757071952e+00
-1.209489813231861888e+00
-1.185512280901158677e+00
-1.252934272158336304e+00
-1.228611357115314995e+00
-9.761219363901629809e-01
-7.410636408753883408e-01
-8.360164559186586963e-01
-7.551132182392191750e-01
-9.014386849811359959e-01
-7.338059693672911443e-01
-8.296157487177444612e-01
-6.597146959411662737e-01
-5.166862648006780301e-01
-3.450071409469117611e-01
-1.512933090354114385e-01
-3.198343663098746070e-01
-7.378427948734334052e-01
-7.590881964771675205e-01
-7.323080557930049528e-01
-7.798582892898769936e-01
-6.989679404476901725e-01
-8.049326370683788090e-01
-7.287395828193505842e-01
-6.476930287726931912e-01
-4.714759322312885859e-01
-4.773581483563661410e-01
-6.344351576442404106e-01
-6.822813689728316477e-01
-6.230185667323363541e-01
-2.718681465605526926e-01
-3.241280756691550802e-01
-3.379398627051317661e-01
-2.569165422743330263e-01
-4.078902307274032135e-01
-5.825364317676133830e-01
-5.783621005968573314e-01
-8.551388417819235643e-01
-9.608003229287687130e-01
-8.685431040327235008e-01
-9.247692571368827386e-01
-1.117635458025757478e+00
-9.291255140121084111e-01
-7.589926189653822819e-01
-7.212719379914802609e-01
-9.101002442850985030e-01
-8.401682665364178515e-01
-7.272068406124243545e-01
-5.279953720537954309e-01
-6.031466554822227932e-01
-7.776400938672617391e-01
-8.101032453087450014e-01
-8.041575570286577657e-01
-7.584164610502723836e-01
-5.438673471089372491e-01
-5.475406150683416184e-01
-3.436104334493666479e-01
-1.234331964878186139e-01
-2.048029650881722508e-01
-3.279838984463034901e-01
-2.597175820057096018e-01
-3.835544476524256341e-01
-2.693305968406465301e-01
-5.333895661088381424e-01
-4.007025524489472024e-01
-3.723938601215043276e-01
-1.516279746824810426e-01
-2.842469087435361280e-02
-6.987566663306682413e-02
-3.045714374548184611e-01
-4.358082162492189493e-01
-2.979168556697178172e-01
-1.311382873914553604e-01
-1.761336215419689877e-01
-3.546117722941373174e-01
-5.379818303001248081e-01
-2.548331309230948971e-01
-2.781707511018330359e-01
-6.010664616463482490e-01
-7.557589114400017349e-01
-8.155210122405868178e-01
-9.886419852140309050e-01
-1.006177945572084731e+00
-1.005996576043628910e+00
-9.988373882895361655e-01
-1.277217061525407704e+00
-1.408388364804814552e+00
-1.534782332867089316e+00
-1.528827623671335401e+00
-1.613207080129825943e+00
-1.524484022028432584e+00
-1.377169231088648305e+00
-1.522771175658028442e+00
-1.424172513964250042e+00
-1.256762810190876545e+00
-1.431324141993414401e+00
-1.428954055384670241e+00
-1.243211037073257197e+00
-9.602762732125422751e-01
-9.880259186584317010e-01
-1.398986941373617343e+00
-1.740301950582670676e+00
-1.943140034390731019e+00
-1.928296112647079230e+00
-2.069436005726900341e+00
-2.047461553951256619e+00
-2.224784105637512166e+00
-2.272827748776178325e+00
-2.112437734601851691e+00
-1.929366405811023366e+00
-2.027412549295194655e+00
-1.752806670154699376e+00
-1.766026671079458321e+00
-1.655845169488797675e+00
-1.753286951129864324e+00
-1.804829907760022945e+00
-2.164133156884720410e+00
-1.967971640155280699e+00
-2.079132964430472352e+00
-2.032001996901125818e+00
-1.546425261935786555e+00
-1.413760764827648675e+00
-1.436435885527879819e+00
-1.631878919508104708e+00
-1.499703276703367560e+00
-1.418453527275258530e+00
-1.558962888696238558e+00
-1.311487082526160197e+00
-1.338978761616447910e+00
-1.353248873134212715e+00
-1.072681476013667590e+00
-1.356172070897866622e+00
-1.442000152414511627e+00
-1.404448278088650248e+00
-1.410007655389052150e+00
-1.546336003841974449e+00
-1.288789547671597369e+00
-1.321449959986067180e+00
-1.538513746989342623e+00
-1.428577556860754605e+00
-1.488644952064742011e+00
-1.636358552523383247e+00
-1.611136891938209637e+00
-1.467958454078257979e+00
-1.704679216828072663e+00
-1.315530813645542585e+00
-1.267705829350907587e+00
-1.210664157730781065e+00
-1.362607401280285568e+00
-1.431766971316787762e+00
-1.068730379569250211e+00
-1.503247294350142704e+00
-1.623267584264556307e+00
-1.495148394290250371e+00
-1.158121839614153936e+00
-1.074035608362524208e+00
-7.441960818992136018e-01
-8.874399630374907311e-01
-1.281708972538996738e+00
-1.182196543355522378e+00
-7.685309953131934657e-01
-4.567130149049761223e-01
-4.177304468943385252e-01
-6.407849090819929261e-01
-8.223919692784777968e-01
-1.101587136403091804e+00
-9.262200478887194777e-01
-1.052242338205861882e+00
-1.324274986042791369e+00
-9.238522349786558729e-01
-1.227186157365174779e+00
-1.263028733214542454e+00
-1.200246439727867376e+00
-1.354124237942366138e+00
-1.575862777019529259e+00
-1.817050640885541135e+00
-1.490511502999856797e+00
-1.161023297370372687e+00
-9.877243339766610397e-01
-8.675116113265258777e-01
-5.860922260149936669e-01
-7.760381962282423274e-01
-9.683299192163850044e-01
-1.391282815562728370e+00
-1.459876444892604930e+00
-1.435374404129964532e+00
-1.651048753638385769e+00
-1.568293187931306010e+00
-1.707931111952825765e+00
-1.893088300442465899e+00
-1.876124932039593851e+00
-1.737990171365487280e+00
-1.488484318131261253e+00
-1.529145178773046787e+00
-1.305817548178874299e+00
-1.176284078541433686e+00
-1.259043508686969126e+00
-1.224308061030989769e+00
-1.232045646018263385e+00
-1.269041997436489710e+00
-1.426462400577002132e+00
-1.394647132754415431e+00
-1.482415598781927191e+00
-1.577645837179692867e+00
-1.679844907262924236e+00
-1.545480917028215107e+00
-1.485286852896464671e+00
-1.780545870669348885e+00
-1.572339311903415249e+00
-1.587156437746312765e+00
-1.538096072602878728e+00
-1.488716504981296262e+00
-1.413957961980381262e+00
-1.520404340661342113e+00
-1.732777829530420366e+00
-1.943262673379342109e+00
-1.925460129031050904e+00
-2.055346445473217099e+00
-2.185539152668744212e+00
-1.858731488731673931e+00
-1.615828266665011892e+00
-1.749317434179813224e+00
-1.858434727285492194e+00
-1.734661783486100894e+00
-1.624221586798590966e+00
-1.700732185281806474e+00
-2.154199908407307351e+00
-2.306691665373731492e+00
-2.180154613120028895e+00
-1.958909818295591965e+00
-1.950532646555929395e+00
-1.875601053089802406e+00
-1.985007064337795724e+00
-1.801361258947694610e+00
-1.695606376690495853e+00
-1.464025981619807792e+00
-1.360351809870334439e+00
-1.458266429749608628e+00
-1.205622470862113049e+00
-1.509535252799678595e+00
-1.682852191135634445e+00
-1.378968223760153933e+00
-1.297973288116087920e+00
-1.175572704010540370e+00
-9.721973202356769539e-01
-1.267949294629995727e+00
-1.240949821419714993e+00
-1.644118452708190237e+00
-1.725555822573860087e+00
-1.854729321465005798e+00
-2.097742939964717834e+00
-2.052081407803131530e+00
-2.212574771507249682e+00
-2.176076206338292351e+00
-1.795841526074745786e+00
-1.634240192677343773e+00
-1.975475925227014651e+00
-2.053863426657161373e+00
-1.980547793355267761e+00
-1.880533917186169468e+00
-1.930298160253527406e+00
-1.515335413621067051e+00
-1.503909577937235120e+00
-1.386550654021097451e+00
-1.071465999703337557e+00
-1.168929289404470939e+00
-9.675918084953735177e-01
-7.672927557676066934e-01
-1.120456075906157034e+00
-1.220840340082195219e+00
-1.120454506110004189e+00
-1.126526609338450502e+00
-1.290376367107957556e+00
-1.144849462570702636e+00
-1.111180051944826275e+00
-1.038783312732891595e+00
-9.335379613223435680e-01
-8.873188204443016591e-01
-9.956766854126778421e-01
-1.113228869839755664e+00
-8.695562125695318612e-01
-9.993177359310132513e-01
-1.095016108314150971e+00
-1.245673131872074624e+00
-1.150512851818525029e+00
-1.152626005865797332e+00
-1.327447315036463404e+00
-9.103598979939455660e-01
-9.162526405798109286e-01
-1.106546725655463748e+00
-1.468642267420372072e+00
-1.235510733901900249e+00
-1.422692996029597756e+00
-1.679025065554464069e+00
-1.910350839369035159e+00
-1.934579978997575278e+00
-2.239480059820983193e+00
-2.287929663535094527e+00
-2.254465972480052205e+00
-2.127776150125670895e+00
-1.823648336013037996e+00
-2.035620741154552604e+00
-2.022091793368344881e+00
-1.961830739112425004e+00
-2.275291351974485288e+00
-2.235875241229924093e+00
-2.098043977707297003e+00
-2.180941896843468175e+00
-1.901422239815022008e+00
-1.799955358210538314e+00
-1.836133983968988748e+00
-1.748197697967888820e+00
-1.835040951186024616e+00
-2.080108397355145744e+00
-1.978668363550253106e+00
-2.276473415671490308e+00
-2.107418153592413024e+00
-2.048825081551785221e+00
-2.179063869661428843e+00
-2.495216011903252706e+00
-2.626105150141845535e+00
-2.341381925844055356e+00
-2.342961558001786404e+00
-2.197090814699229622e+00
-1.983382197204722086e+00
-2.221110399886395470e+00
-2.482119938243180002e+00
-2.550732285480726169e+00
-2.431620960943235765e+00
-2.479457394687968108e+00
-2.234234745532145627e+00
-2.500445610900551063e+00
-2.612630699704428405e+00
-2.566191924785889533e+00
-2.399065606153234942e+00
-2.436317080100923071e+00
-2.847826822388071832e+00
-3.033344887937634571e+00
-3.062279382464060618e+00
-3.109632016462116955e+00
-3.078748254639092963e+00
-2.943201679352518418e+00
-2.900340128051519972e+00
-2.912865940512654905e+00
-3.141398739672628615e+00
-2.980926945073126166e+00
-3.019579731397913580e+00
-2.873467352330776770e+00
-2.997815537072591852e+00
-2.946899776899980949e+00
-3.043750335389959982e+00
-3.308232547471097629e+00
-3.298840142248609553e+00
-2.611072533565078402e+00
-2.821180088741328529e+00
-2.883530810241565767e+00
-3.328293277213564938e+00
-3.398337554690929796e+00
-3.138599175211451708e+00
-3.183469109748965131e+00
-3.348857133432921351e+00
-3.203902151648291063e+00
-3.204951093434286857e+00
-2.987525121354043467e+00
-3.064498660173345268e+00
-3.161116634574521189e+00
-3.057239269710961160e+00
-3.287084082785641570e+00
-2.867652749178013050e+00
-2.720686420263996652e+00
-2.958313076209671877e+00
-2.749189673339734519e+00
-2.825691710632538545e+00
-2.964998301783813517e+00
-3.112496216324586840e+00
-2.868280366509967649e+00
-3.024982717414891553e+00
-3.107396001384705286e+00
-3.133963588202379302e+00
-3.179674089898479661e+00
-3.151986119830286537e+00
-3.168560536163015584e+00
-3.074671459516824523e+00
-3.199501857645403291e+00
-3.463399742229826828e+00
-3.480196035840030788e+00
-3.501463927322382652e+00
-3.537487854932292564e+00
-3.540954819251923791e+00
-3.624325923347163858e+00
-4.103093732517492320e+00
-3.911340105434853776e+00
-4.087487555935921613e+00
-3.801763643736684628e+00
-4.185981709887941271e+00
-4.284364656102506608e+00
-4.021399778363689670e+00
-4.086467539629236256e+00
-4.324230821772012234e+00
-4.355960811795968723e+00
-4.480178493578612198e+00
-4.332988749935513084e+00
-4.313693801505355196e+00
-4.163254027850724626e+00
-4.169060502702592430e+00
-4.110912207146973252e+00
-4.674105193993336904e+00
-4.711688376914583642e+00
-4.822664621811370012e+00
-5.017428794007884996e+00
-4.639973241188617870e+00
-4.382338048152053744e+00
-4.015986814245120051e+00
-3.892525906749622511e+00
-3.659273461580527798e+00
-3.624228739980613678e+00
-3.610846491271596737e+00
-3.637322910415356603e+00
-3.870995821833988604e+00
-3.659877300162517333e+00
-3.894022261875063506e+00
-4.177733644505426724e+00
-4.130649903829988645e+00
-3.650565452108625042e+00
-3.836305049181172322e+00
-3.610187889956792961e+00
-3.632441602013663839e+00
-3.765808877991287051e+00
-3.557078805773913999e+00
-3.771991588690257302e+00
-3.723341237330101361e+00
-3.456134555466841451e+00
-3.415872653991103292e+00
-3.508584926301621110e+00
-3.107043498622903410e+00
-2.855496063775209148e+00
-2.666943630213702399e+00
-2.309285149702530404e+00
-2.520884144226706702e+00
-2.545437243692624030e+00
-2.435248668651851744e+00
-2.787700456483507505e+00
-2.672633680726231642e+00
-2.898586226855034642e+00
-2.499162708549938827e+00
-2.412522147840130415e+00
-2.648900267853107948e+00
-2.722048651514098694e+00
-2.752134521958008229e+00
-2.802209700386690372e+00
-2.521320057789859348e+00
-2.648409529069769341e+00
-2.934483633361941735e+00
-2.956665341991222551e+00
-2.892342694341837106e+00
-2.596447390711887682e+00
-2.398137407275712008e+00
-2.176461156644469597e+00
-2.062796320512322534e+00
-2.127552704989178256e+00
-1.855157943681922772e+00
-1.834621560569859922e+00
-1.463961487008424989e+00
-1.742768721053162828e+00
-1.596515722574996854e+00
-2.082945126894015786e+00
-2.098258708257358052e+00
-2.030306630086369246e+00
-1.991406609179125153e+00
-1.939331087644564189e+00
-2.353026393460160293e+00
-2.428866089492382585e+00
-2.386841499252019716e+00
-1.571484034561261511e+00
-1.336006202530247267e+00
-1.578595171618508486e+00
-1.616725385137761650e+00
-1.786108737273665703e+00
-1.588350587299119487e+00
-1.364386361736654729e+00
-1.658887656990969628e+00
-1.363106393562482310e+00
-1.338324473321457653e+00
-1.498237051413131127e+00
-1.316823943758600457e+00
-1.408376809996093382e+00
-1.254515436103385007e+00
-1.187725418774879582e+00
-1.465007730702311939e+00
-1.674254647299679766e+00
-1.729103344716183877e+00
-1.439602119008306369e+00
-1.501385967123693099e+00
-1.788437527015658723e+00
-1.505233232155501755e+00
-1.534741725820789604e+00
-1.276757426191782674e+00
-1.239519969428874324e+00
-1.221781505248443978e+00
-1.687501439040519191e+00
-1.405632181097863365e+00
-1.571177129674678596e+00
-1.483132748081985142e+00
-1.447645417264100898e+00
-1.913079808953023209e+00
-1.805085696574224130e+00
-1.840192278710007789e+00
-2.126094808483840026e+00
-2.229406166388100630e+00
-2.065181606188940311e+00
-2.343480563888101553e+00
-2.299644401696157914e+00
-2.400635100139690170e+00
-2.192189684522626525e+00
-1.767830036167114649e+00
-1.854218493960817948e+00
-1.998668051518381672e+00
-1.978492899420475348e+00
-2.376921408096212662e+00
-2.722406509385727258e+00
-3.125953122152963282e+00
-2.772012383280883174e+00
-2.909580055015178246e+00
-2.942694103646537052e+00
-2.686502559394993384e+00
-2.962972496756401508e+00
-3.024409630646606395e+00
-3.107080226661939282e+00
-3.031650250003900648e+00
-3.315638411656977258e+00
-2.972221880822307316e+00
-2.864876657254705528e+00
-2.705393413682200432e+00
-2.848709418970927221e+00
-2.735851163440814027e+00
-3.425932904206225427e+00
-3.071813562780793205e+00
-2.877297743944424280e+00
-2.737534475147257673e+00
-2.445900813240109883e+00
-2.824089029368183734e+00
-2.809428724433304048e+00
-3.004401727706107916e+00
-3.129887093250188101e+00
-2.805359161765872411e+00
-3.052043499979901320e+00
-2.658591867067920056e+00
-2.629457749964784874e+00
-2.821566287062872380e+00
-2.543459530550437719e+00
-2.534983249465697419e+00
-2.756176566522688276e+00
-2.746286961007370131e+00
-2.762638890207459674e+00
-2.438563853835907125e+00
-2.556702904666563470e+00
-2.624350940264938536e+00
-2.344283567750776953e+00
-2.298839824897896289e+00
-2.620846836107022071e+00
-2.377354049157107685e+00
-2.598559123077031963e+00
-2.484952765623491544e+00
-2.308544232873436464e+00
-2.141848661342345306e+00
-2.444768232980450762e+00
-2.372782655028015775e+00
-2.056031066211331471e+00
-2.063987424914926372e+00
-1.666467290331021367e+00
-1.949790733582700719e+00
-1.919630034461984991e+00
-2.110057238829358806e+00
-1.657990127829658045e+00
-1.324249569867588683e+00
-1.745171792877419525e+00
-1.729911444896191419e+00
-1.419002091859736803e+00
-1.085157066259528680e+00
-9.783113026901345544e-01
-1.162742621626014383e+00
-9.884826977507041867e-01
-1.262650881857996676e+00
-1.872268624931347158e+00
-1.556733941437951740e+00
-1.508133277016995955e+00
-1.849179828158343808e+00
-1.643856330586291215e+00
-1.748605218623008328e+00
-1.783374423500883932e+00
-1.816787530572141485e+00
-1.660591246152822276e+00
-1.286392092877048254e+00
-1.308568296401510178e+00
-7.944280727479208215e-01
-3.712580971385271988e-01
-8.330200214273275616e-01
-8.748086842419885434e-01
-1.496529131597036821e+00
-1.552126081392367185e+00
-1.722582083841764922e+00
-1.268673568111749361e+00
-9.359267897875470643e-01
-9.275423541508432956e-01
-1.776424053834649852e+00
-2.159719647169726198e+00
-2.585275810933308271e+00
-2.431077985388705898e+00
-2.855603949417216292e+00
-2.956347630354582812e+00
-2.927122127247692163e+00
-2.630050690019392956e+00
-2.470701886584090179e+00
-2.781142913686417639e+00
-3.025934343673009508e+00
-2.415506655552259296e+00
-2.414889493807938159e+00
-2.785470268439480090e+00
-2.353356395976543780e+00
-2.017562766218400139e+00
-2.163214728371072315e+00
-1.843439765104073702e+00
-1.333404010034935361e+00
-2.152740418542257395e+00
-1.943246890130280624e+00
-1.631364285424911298e+00
-1.673208112063512498e+00
-1.896660179277686042e+00
-1.472532270808532440e+00
-1.342445829373736244e+00
-9.742628416220888710e-01
-1.028693956367558560e+00
-1.030718363235945567e+00
-8.171895538502567113e-01
-3.691109467114417342e-01
-3.390084672626180184e-01
-8.827067648021462709e-01
-1.080266768280171874e+00
-5.343636518601163621e-01
-6.765144889824807883e-01
-9.888050454925304544e-01
-1.175660410739712169e+00
-1.362014546827357009e+00
-1.564477792170141157e+00
-1.144258252166780343e+00
-8.889713261974746539e-01
-5.878762511168748039e-01
-2.858936110676146281e-01
-3.434715077980746711e-01
-4.085440659298075206e-01
-4.362578857522778075e-01
-7.473073676113116681e-01
-1.174869981078995734e-01
-2.372043270555066197e-01
-1.766181913370495626e-01
5.106064576757923107e-02
-4.548945297251361097e-01
1.509489168083412158e-01
9.838859940363092749e-02
3.535826940442155508e-01
4.811873695366075676e-01
1.092873271394954049e-01
-2.620323319222320202e-01
9.359733204974839127e-02
1.767002604060227133e-01
3.322709199750651377e-01
-2.225790076936078055e-01
-2.472771137500733851e-01
-7.145302751897666393e-01
-6.866289026359156944e-01
-8.511946866139317169e-01
-6.077306741453760708e-01
-2.773768118461558685e-01
-2.126842876037507435e-01
-1.554516821644161551e-01
-8.183204902836952455e-01
-1.277920655702596830e+00
-1.332010384930700564e+00
-1.069438751192758552e+00
-4.902784915748846784e-01
-8.345416128845918324e-01
-1.027298957612210684e+00
-9.108767081439934632e-01
-7.987756554083276228e-01
-8.318499856793382108e-01
-7.725729382802081213e-01
-3.032556837945873385e-01
-1.956683722647564183e-01
-4.545741461290344620e-01
-7.929686576568388823e-01
-9.117480218162007377e-01
-1.202199106156123243e+00
-1.074344449065009588e+00
-9.518772916077726798e-01
-1.313320615947528136e+00
-1.469056341112188857e+00
-1.279490963196288966e+00
-1.342660483413224082e+00
-8.813052893335425741e-01
-1.056614707660236269e-01
-3.318802426324979349e-01
-9.013012192097951125e-01
-1.069976492126113232e+00
-1.466509308241222831e+00
-1.420820686296095925e+00
-1.901931709971688367e+00
-2.195278623127480344e+00
-2.067566228588706867e+00
-1.677211778303887568e+00
-1.927690707424452476e+00
-1.666763063356710983e+00
-2.010491916942638735e+00
-2.166031654340968338e+00
-2.000394628270819375e+00
-1.434516714881818977e+00
-2.098129177714303406e+00
-2.012394073462830946e+00
-1.077800670163314045e+00
-1.135373170133167742e+00
-1.687426436412780006e+00
-2.166720777583771351e+00
-1.984112925532290461e+00
-1.910801453168296415e+00
-2.127272626700902336e+00
-2.211944342006602504e+00
-2.549083622225836621e+00
-2.923527786682591056e+00
-3.054237348904298432e+00
-3.223138883691970769e+00
-2.931448697965877592e+00
-2.751609569075376349e+00
-3.220865278703829659e+00
-2.737472927931041689e+00
-2.465340042619232896e+00
-2.257337321846054845e+00
-2.081083189374060005e+00
-2.707635174445776727e+00
-2.842667822391683696e+00
-2.892001272865735828e+00
-2.493521895624712048e+00
-2.690391941668650144e+00
-2.841641163008342463e+00
-2.292535450819863652e+00
-2.412457322768547741e+00
-2.235803628019955802e+00
-1.854961489110502404e+00
-1.778947127507279902e+00
-2.398311237896200154e+00
-2.541442954508754681e+00
-2.352244837606087380e+00
-2.132094241962203096e+00
-1.604095832121897214e+00
-1.937670966733061828e+00
-2.014759838028197692e+00
-1.840461800431687056e+00
-2.227621032381706723e+00
-2.107341792361174804e+00
-1.564393186127631674e+00
-1.777670265382804482e+00
-2.399112105117643168e+00
-2.661147763400714794e+00
-2.169161411238236692e+00
-1.632437706750396789e+00
-1.582238662632293513e+00
-2.009498382135651795e+00
-2.620675401605523369e+00
-2.638119795755214270e+00
-2.301865958853945848e+00
-1.850518265735203283e+00
-1.672450330482869285e+00
-1.543043699748070985e+00
-9.833235213094388971e-01
-1.477401787143782119e+00
-1.789260187259295698e+00
-1.147029279995856577e+00
-6.782726790281610185e-01
-9.670312509083680563e-01
-2.307007755858116127e+00
-2.084207495624008644e+00
-1.700196323218287064e+00
-1.331208651375703322e+00
-1.272773610549973400e+00
-1.197621565755705442e+00
-1.308026772959779427e+00
-1.768933189067698031e+00
-1.941605016562937047e+00
-1.681416406898936122e+00
-1.261916076299752776e+00
-2.862629381123238947e-01
-3.172091245470771981e-02
-2.869201093678103859e-02
-2.477758785134803743e-01
1.442577908802959441e-01
-2.194530005377776094e-01
-5.140232112858363900e-01
-5.272317005414980384e-01
-7.624271756355717189e-01
-9.240197058242944905e-01
-1.133294124933649449e+00
-7.731329716993378121e-01
-7.127908304677267326e-01
-1.228677887013310821e+00
-1.268593458086348269e+00
-1.094215092034927617e+00
-1.319527760740538902e+00
-7.392514617016057166e-01
-9.730493226922468653e-01
-3.585526237190387322e-01
-4.407131949080061450e-01
-9.718196061144040998e-01
-9.540210314075595610e-01
-1.145053795525866835e+00
-1.266235220052383426e+00
-1.179045756239148979e+00
-1.342749936890956786e+00
-1.174688367917975151e+00
-1.354431827742518690e+00
-7.436093366311913311e-01
-1.021473881402821915e+00
-9.673811189929900634e-01
-1.394960610873007711e+00
-1.714323542612972817e+00
-1.709244079238499303e+00
-1.892830635029971509e+00
-2.220617909011400215e+00
-2.135654850857668041e+00
-2.020536373770212890e+00
-1.697093702456229813e+00
-2.390477034418565960e+00
-1.882029431795699592e+00
-1.724879998123083569e+00
-2.028312129695825305e+00
-2.168306478398855930e+00
-2.547240165675749513e+00
-2.589604706636945863e+00
-2.425507184555885765e+00
-1.861926757096839413e+00
-1.444435552700626069e+00
-1.693008484616730813e+00
-2.351359662276602425e+00
-2.636466346882938794e+00
-2.484192471363094512e+00
-1.906395140911860020e+00
-2.026236737465112903e+00
-2.311400577853886418e+00
-2.347676940918787647e+00
-2.467800859770386879e+00
-2.340958567504443977e+00
-2.111260279308233567e+00
-2.484157123693405467e+00
-2.525333474466072037e+00
-2.157538310347685062e+00
-2.289109341556361699e+00
-2.156477275156893469e+00
-2.156237197924296467e+00
-2.072224293709137299e+00
-2.149719804212096186e+00
-2.247915240737716758e+00
-2.551623256380703086e+00
-2.453708874808913531e+00
-2.240734969972634438e+00
-2.585359409169471601e+00
-2.698147025450566616e+00
-2.602576506000453982e+00
-2.820622341891908302e+00
-2.652679910403724861e+00
-2.452522874455633328e+00
-2.889908827705912842e+00
-3.210969301003225418e+00
-3.565959209209046854e+00
-3.078707067285947563e+00
-2.588945479915982784e+00
-2.070069231883456151e+00
-2.290185040303588160e+00
-2.441589076099339728e+00
-2.345520502213137792e+00
-2.551662110515218185e+00
-2.198452786409510473e+00
-1.948777424206250997e+00
-2.169587277602600395e+00
-2.420529691369991188e+00
-2.150090005886392763e+00
-2.057014138747239596e+00
-1.953898939326711437e+00
-1.691861741895980042e+00
-1.753201365045621296e+00
-1.619666879108799584e+00
-2.113783315576753807e+00
-1.909957519404591464e+00
-1.081722428827706750e+00
-1.328179964102178978e+00
-1.202023206596121385e+00
-1.155051422563568631e+00
-1.126099773191971298e+00
-1.333818248936425865e+00
-1.413517184871222909e+00
-1.585941692992410168e+00
-1.689763341130822605e+00
-2.071173482866299764e+00
-1.446641121767316518e+00
-8.042820969576565115e-01
-1.196994497481342457e+00
-1.092082397691724216e+00
-8.897737049683840382e-01
-1.599729840876173759e+00
-1.653877143459422605e+00
-1.885751113814327917e+00
-2.283419056899325561e+00
-2.218328845039583275e+00
-1.603471925706963397e+00
-1.245398156309441173e+00
-1.194080037857734311e+00
-1.124454451483738460e+00
-1.203429202133188269e+00
-1.418356985689783301e+00
-8.511876062622385497e-01
-7.857831392047331942e-01
-5.928908107443336961e-01
-1.712488010422550111e-01
2.591649601569121497e-01
-4.218061992691676254e-01
-3.184399122989891584e-01
-9.916127635812101992e-01
-1.182817278705158959e+00
-9.812986449150693513e-01
-1.238375444242495682e+00
-1.094953901267912366e+00
-3.595033948951916747e-01
2.502157718056529090e-01
1.870703904404800166e-01
-6.166904177785382801e-01
2.342183597106483051e-01
1.691040989780109582e-01
-5.409279105207833727e-01
-5.720104285530553945e-01
-5.327121451439889022e-01
-9.821772575625173918e-01
-9.353243474948066405e-01
-4.648204586402351901e-01
-6.428876876331992563e-01
-4.320060640569411969e-01
-8.215341683395723793e-01
-3.327438120452408388e-01
-7.906989421197884171e-01
-5.639331172981613127e-01
-1.219309347301429147e+00
-1.470641025994100959e+00
-1.206209009730266013e+00
-8.180223545292401033e-01
-1.290271041490073101e-01
-5.144983797923605717e-01
-1.274214334093827450e+00
-9.099551416843537632e-01
-1.398113862050520129e-01
-3.123447709843821252e-01
-5.419895898071206419e-01
-7.162465174882095553e-01
-7.624232380516705598e-01
-6.526099420967236275e-01
-1.052942605427848344e+00
-1.053199310137247657e+00
-9.687152237534664145e-01
-1.191267452122910520e+00
-1.382168189238208500e+00
-1.136923119970117746e+00
-8.066780286601598071e-01
-4.811811261579518328e-01
-2.163887748781798404e-01
-4.019157843670954078e-01
-4.135577447108851334e-01
-9.085647959042328914e-01
2.140920965768314532e-01
5.942444661039145704e-01
3.012150547550404567e-01
6.668296696051569938e-01
9.145209495265093080e-01
3.132997478713931971e-01
3.651993345159488258e-01
2.663680859769797515e-01
7.557361162729771265e-02
6.269301429467977194e-01
7.462447321707545989e-01
5.656518237877669053e-01
2.198373683478648255e-01
-4.565327223557056890e-01
-6.114673681801084948e-01
1.988029925135913201e-02
8.696503189414947488e-02
-2.455461110140854664e-01
-1.845656254950989728e-01
-7.421120662004381252e-01
-7.134486994100420754e-01
-1.314997214157261674e+00
-1.669207153998658155e+00
-1.874627424102575324e+00
-1.441550395432670051e+00
-1.718604666814187887e+00
-1.935814241117142398e+00
-1.474726884651564651e+00
-1.643487450185209919e+00
-1.973055517409330939e+00
-1.415356916966462375e+00
-1.321430756498338077e+00
-8.499229433398346467e-01
-1.078205338462249641e+00
-1.250060083005833267e+00
-1.109914434400238736e+00
-1.632079996717328951e+00
-1.734594841038076929e+00
-1.788174976393588800e+00
-1.147677295921796459e+00
-1.364412091877918565e+00
-1.625507095001549329e+00
-1.414875811557670726e+00
-1.123044954867286283e+00
-1.074149038453106719e+00
-1.336728257572775691e+00
-8.262483226517408630e-01
-1.123941080134933657e+00
-6.999819384435751468e-01
-8.971903626942194787e-01
-1.476735356248488396e+00
-1.610357126204268186e+00
-1.841363759895899621e+00
-1.871511196069041594e+00
-2.363790391266580304e+00
-2.353556679334252166e+00
-2.583235876010223198e+00
-1.985405412736749309e+00
-1.825857226214657070e+00
-2.055050408441978504e+00
-2.244683904692319487e+00
-1.930919342940865313e+00
-1.954942725533701076e+00
-1.667598843583048218e+00
-2.266777638914545978e+00
-1.961606833374797132e+00
-1.606612428563792383e+00
-2.105188978068923689e+00
-1.819555260806953623e+00
-1.838660776345304670e+00
-2.006434840983787549e+00
-2.105265266255980539e+00
-1.622080330786089597e+00
-1.679417193182542123e+00
-1.610050175330792532e+00
-1.043043238583342802e+00
-1.172765331526909094e+00
-9.582468963400034845e-01
-4.252047538453521680e-01
-4.537380237254491910e-01
-3.151844047166577761e-02
-1.929070479107128089e-01
4.878251937433938923e-02
-6.470273388855694863e-02
2.558881228928594487e-01
5.359996720048767482e-01
6.426474259783524490e-01
1.280240177189410522e+00
1.542945652811262391e+00
1.447450000023569716e+00
1.463080956888964002e+00
1.029451319276745824e+00
1.438451698037510162e+00
1.341275725071559455e+00
7.718541170574432231e-01
1.922688628427963453e-01
-6.559314643712846338e-02
-4.525233895392454242e-01
-7.770688371372139747e-01
-1.075127563419322918e+00
-1.388234205896499596e+00
-1.409936071588324902e+00
-1.093983740673031502e+00
-1.193815871439883658e+00
-1.209145726879357063e+00
-7.073071320092743086e-01
-5.861883871506085031e-01
-1.724481780484194537e+00
-1.742265458673557088e+00
-2.014736473039138165e+00
-1.738864634244006613e+00
-1.335187708280676011e+00
-1.634651892344409552e+00
-1.556151090179357377e+00
-1.812929968693786087e+00
-2.053656592772687528e+00
-2.428066830341288895e+00
-2.004191744847967360e+00
-2.439002431148014960e+00
-2.176987696764055347e+00
-1.812879236131590410e+00
-2.401843942883653327e+00
-3.193325527912500128e+00
-2.858444728399121892e+00
-3.059604108290215230e+00
-2.114006346850933138e+00
-1.609168033118179020e+00
-1.571531410726098699e+00
-2.223532741115826106e+00
-2.551775036449961398e+00
-2.737404010598733173e+00
-2.946811646909607507e+00
-2.539955978429779826e+00
-3.042800437262988211e+00
-3.444973304411499182e+00
-3.721012951055022278e+00
-3.651682391132062833e+00
-3.675379207692624828e+00
-3.530159807437061925e+00
-3.298610317178310769e+00
-2.709155526423363547e+00
-2.536422358494208940e+00
-1.986035223240395053e+00
-2.061173891622036347e+00
-2.000333921375137880e+00
-2.414278081594977809e+00
-2.827076564181554730e+00
-2.311879860955539545e+00
-2.890472315745581167e+00
-2.106044441126377897e+00
-2.089757357775487989e+00
-1.758382061928864593e+00
-1.659971451360555461e+00
-2.167271805204149970e+00
-1.878210991758293424e+00
-2.401389312421192024e+00
-2.466379357570557485e+00
-1.870136806217391090e+00
-1.926499075073481171e+00
-2.388625014075454356e+00
-2.435382648620988633e+00
-2.305870194542590568e+00
-2.410210295635521582e+00
-2.751359710398944003e+00
-3.154311143413008001e+00
-2.611928031216908419e+00
-3.020005762268116012e+00
-3.185939459733339252e+00
-2.719446076727448425e+00
-2.531966779078663965e+00
-2.413757440717259062e+00
-2.221391720321665542e+00
-2.564532887167964681e+00
-2.786566716340879601e+00
-2.360477486040543305e+00
-2.856411397287681453e+00
-2.503071418674904791e+00
-2.846589090948672851e+00
-2.350323720076207046e+00
-2.137529350779986181e+00
-2.224677137232393687e+00
-2.434243849055425457e+00
-2.006184673811156838e+00
-2.189274824701133326e+00
-2.375809380340150767e+00
-2.913419589254568010e+00
-2.812739684500641602e+00
-2.962275097288030512e+00
-2.684832180852245287e+00
-2.455734023177857939e+00
-2.290721626559377277e+00
-1.831770427618502062e+00
-1.949914838504258618e+00
-2.158336869115354162e+00
-2.130131268418200552e+00
-2.100838604797150566e+00
-2.158046668505347210e+00
-1.978476528799592016e+00
-2.065492417010519777e+00
-1.741384116430881646e+00
-1.944931707925479980e+00
-1.822268513313713534e+00
-1.800055455395432658e+00
-2.283902122615840469e+00
-2.459271569136628255e+00
-2.676413664026573436e+00
-1.971440057194537854e+00
-1.229628778455196025e+00
-1.362125905065804554e+00
-1.617097193872779393e+00
-1.490548688436704516e+00
-1.594806409705320505e+00
-1.314449014486452683e+00
-1.122761329332368163e+00
-1.430622613692142719e+00
-1.754810425535570761e+00
-1.680876683880699662e+00
-1.524759915738018945e+00
-1.592443303397236720e+00
-1.814842544101820998e+00
-1.574210606845828808e+00
-1.998543386426252955e+00
-2.421124695465282084e+00
-2.828933277675733660e+00
-2.696229211683675242e+00
-3.011790373856736647e+00
-2.972786913845432810e+00
-3.259539529365843791e+00
-2.993955462734458894e+00
-2.953197160489623219e+00
-2.931626170539084697e+00
-2.912922122161420546e+00
-2.499859009379865604e+00
-2.351500379905464566e+00
-2.416642620677899700e+00
-2.785784500792692242e+00
-2.371128090623013218e+00
-2.402790319822935228e+00
-2.865344889927532890e+00
-3.332587452073115575e+00
-3.861876149010408543e+00
-4.015179781483381838e+00
-4.029760722493183955e+00
-4.304779087663940906e+00
-4.362206723212208814e+00
-4.537392267538248092e+00
-4.911463097426578273e+00
-5.175019079100493968e+00
-5.170967252914944190e+00
-5.822969035277594685e+00
-6.328981270982702689e+00
-6.155336764755631407e+00
-6.265778129748727387e+00
-6.030293321765785919e+00
-6.093806180631426095e+00
-5.838049084717511050e+00
-5.807441454851100637e+00
-5.551063774566080689e+00
-5.536197636265317357e+00
-5.644918016831150354e+00
-5.656014497333186064e+00
-6.077467417158044505e+00
-6.405725534442159308e+00
-6.540804707956795028e+00
-6.722437244758718400e+00
-6.910537113709693813e+00
-7.014181787182476313e+00
-7.224397053851317807e+00
-7.394222072249571731e+00
-7.710769004793841752e+00
-7.258610479521172998e+00
-7.564239646262134187e+00
-7.789010693368974891e+00
-7.693027959898565804e+00
-7.568966604577449964e+00
-7.519475769701137402e+00
-7.514707734545617690e+00
-7.659525045356165407e+00
-7.793281962444731370e+00
-7.858931713459968549e+00
-8.074455664968219537e+00
-8.150377081121845890e+00
-8.255265395821668406e+00
-7.987481842125286668e+00
-7.973857085051638371e+00
-7.886128127023662948e+00
-8.068725084354861465e+00
-8.307317297156901148e+00
-8.356692479424522091e+00
-8.623020470710272889e+00
-8.823429377878152735e+00
-9.009334515265857490e+00
-9.428581356001599190e+00
-9.567619256265267325e+00
-9.479122219601814336e+00
-9.685622197669580657e+00
-9.865285029800279659e+00
-9.932344546773093086e+00
-9.845123310391514337e+00
-9.916863113655654871e+00
-9.981054254238870271e+00
-1.030220535077937249e+01
-1.010307277849532426e+01
-1.038154313809153884e+01
-1.037562067828080892e+01
-1.052762961519346874e+01
-1.033168414194746809e+01
-1.046368626469909024e+01
-1.083382285047153637e+01
-1.081505923789812762e+01
-1.113480688275860331e+01
-1.114475747443847808e+01
-1.122980072898456427e+01
-1.150625731446315747e+01
-1.169229716974709454e+01
-1.185296507738016558e+01
-1.210380945139430864e+01
-1.227725568460366823e+01
-1.243089965900069416e+01
-1.262738402794336601e+01
-1.258681574362202760e+01
-1.282639307970130638e+01
-1.296414660164714405e+01
-1.290460727274995811e+01
-1.312734183322969628e+01
-1.333726642249586369e+01
-1.328227897679970404e+01
-1.370782210502925658e+01
-1.397624264815381068e+01
-1.411002501737991999e+01
-1.409058517573152614e+01
-1.417850102907126342e+01
-1.433840991046509750e+01
-1.424837387705399827e+01
-1.428820174413477062e+01
-1.431855597396740087e+01
-1.436963232995295137e+01
-1.438286187652335002e+01
-1.454188786301632064e+01
-1.463824345971104535e+01
-1.469826646824870409e+01
-1.468746943376370595e+01
-1.480485602406785439e+01
-1.477828906405753173e+01
-1.457263288287608027e+01
-1.456252612634788335e+01
-1.454708569611701385e+01
-1.454522027447468879e+01
-1.465313754972745741e+01
-1.467614709986347066e+01
-1.477677960248288080e+01
-1.489396362251837580e+01
-1.487404087568051381e+01
-1.489561745552857808e+01
-1.478872222576794471e+01
-1.478922720939015534e+01
-1.477020360676984545e+01
-1.472326214338930050e+01
-1.470243396013959014e+01
-1.487188913350603769e+01
-1.470691217476724333e+01
-1.479251608133941787e+01
-1.485840095602733513e+01
-1.485268349282673306e+01
-1.472091667170096585e+01
-1.475871797864457236e+01
-1.472936315475314117e+01
-1.469486034300302890e+01
-1.463013480466121585e+01
-1.455487560228973187e+01
-1.452407547464032511e+01
-1.448119684073029845e+01
-1.457666398969551302e+01
-1.447283524310086023e+01
-1.430732399915372532e+01
-1.420618114958431200e+01
-1.424146212006645662e+01
-1.430089895772844422e+01
-1.426834368285566690e+01
-1.421453086541685451e+01
-1.408911602527366469e+01
-1.409021654528419099e+01
-1.413514502954010510e+01
-1.407089851520241908e+01
-1.412680641818844407e+01
-1.418831381233359679e+01
-1.411113349155717067e+01
-1.410085468730887115e+01
-1.416975879801580618e+01
-1.413726321819900456e+01
-1.421216012257139027e+01
-1.423720660481972544e+01
-1.422875261531587832e+01
-1.416668928326405563e+01
-1.405097981545005581e+01
-1.409112232710571533e+01
-1.398463108747902517e+01
-1.399655218146270919e+01
-1.398513328391202215e+01
-1.397111863180132474e+01
-1.400404496585735181e+01
-1.398227827197836426e+01
-1.381731700117207318e+01
-1.388367291372176027e+01
-1.386283346062450761e+01
-1.378413608560225434e+01
-1.378672623980127909e+01
-1.370729668478852048e+01
-1.367933156166896147e+01
-1.368143855424137278e+01
-1.373233661129057381e+01
-1.372011215353665747e+01
-1.368208748012095910e+01
-1.374780124731383601e+01
-1.365830787452851425e+01
-1.359260849662936010e+01
-1.368517069239007000e+01
-1.359753670086009159e+01
-1.356388990416037110e+01
-1.366784465664107451e+01
-1.371556882477309181e+01
-1.367693936137525412e+01
-1.370659932267695780e+01
-1.380019358615713365e+01
-1.369465297162227913e+01
-1.374903915516965291e+01
-1.387940826729025900e+01
-1.396340548300345041e+01
-1.395031841007897810e+01
-1.392291523730867908e+01
-1.396666247469891076e+01
-1.395217178167199279e+01
-1.391310196116250708e+01
-1.391930594210909966e+01
-1.387112173508633184e+01
-1.388347810396833459e+01
-1.396330595179682632e+01
-1.396433256096779729e+01
-1.396073489102209031e+01
-1.400715642306094288e+01
-1.405450689138900877e+01
-1.397067521538335733e+01
-1.397025274053279276e+01
-1.389448583893435440e+01
-1.397336116727534971e+01
-1.399321781756309768e+01
-1.395727130290373097e+01
-1.396355934500899920e+01
-1.393791680667126442e+01
-1.387317314127177603e+01
-1.393106819682743236e+01
-1.400762346139484649e+01
-1.396304592800735911e+01
-1.403065540960806601e+01
-1.404600764246496958e+01
-1.395401837011590729e+01
-1.397781011992515232e+01
-1.397475086463320082e+01
-1.394006098927613557e+01
-1.380843606377046484e+01
-1.399329226720482922e+01
-1.406710840559617992e+01
-1.414868669813338364e+01
-1.412169989533124692e+01
-1.405317367962639352e+01
-1.397089446592542572e+01
-1.409458905989310296e+01
-1.400938792475883687e+01
-1.413402659442612297e+01
-1.413502077532297108e+01
-1.397884769974602293e+01
-1.388295800850495532e+01
-1.381696422404599645e+01
-1.387833357949389246e+01
-1.398112516849506370e+01
-1.398600166042458248e+01
-1.415710578429786004e+01
-1.406336453194756331e+01
-1.411738055922514690e+01
-1.418063525941212788e+01
-1.424472908899963386e+01
-1.422399447685967644e+01
-1.431008457916392551e+01
-1.432658160088669774e+01
-1.441952273681756758e+01
-1.462192826819609337e+01
-1.471367448130309974e+01
-1.477308254280841204e+01
-1.481009011980856727e+01
-1.475754580704915497e+01
-1.489565053712276743e+01
-1.493857101757901873e+01
-1.495054293543946322e+01
-1.500381659402228962e+01
-1.514796383462205220e+01
-1.511241180630100978e+01
-1.528111391733033209e+01
-1.525240568923517692e+01
-1.539805927927799623e+01
-1.548914495243576184e+01
-1.552879157257962461e+01
-1.560702156485057124e+01
-1.547957675601673344e+01
-1.561241799716620804e+01
-1.557805873497222926e+01
-1.538525671972650244e+01
-1.535542998912834278e+01
-1.541675641717550782e+01
-1.554988657507453809e+01
-1.546790637718748584e+01
-1.551718846539559671e+01
-1.565410128512008114e+01
-1.560613836722387759e+01
-1.566498785963403506e+01
-1.567008518064323219e+01
-1.562819634083368570e+01
-1.567129033253157999e+01
-1.557312940436914594e+01
-1.563091619934865761e+01
-1.561619685621687736e+01
-1.567287035199974099e+01
-1.570186574120994827e+01
-1.571414328563236040e+01
-1.578340389751941331e+01
-1.585717288184738649e+01
-1.596940964691822984e+01
-1.597391280708452221e+01
-1.586276857811722252e+01
-1.586561949686222306e+01
-1.599254613105487266e+01
-1.607653010793899995e+01
-1.620510048634480427e+01
-1.631201819909929895e+01
-1.638411022729620115e+01
-1.649785564443098806e+01
-1.654535932100189655e+01
-1.652952005598721641e+01
-1.657835965225203623e+01
-1.661124320339930094e+01
-1.671570090090159155e+01
-1.671836635321143305e+01
-1.672641960173321252e+01
-1.681787237419533554e+01
-1.684959636006463768e+01
-1.687890042749101127e+01
-1.682206535676938586e+01
-1.698715963549645735e+01
-1.709309519790626197e+01
-1.718195764127441905e+01
-1.725245343907751661e+01
-1.722731283528915824e+01
-1.722289935945885020e+01
-1.723592539344568664e+01
-1.732610555935981722e+01
-1.731590533381787012e+01
-1.729555482868369509e+01
-1.745388719456332538e+01
-1.751530059703756947e+01
-1.755529527400294043e+01
-1.769873896389459134e+01
-1.773621797592171845e+01
-1.775926881010348168e+01
-1.767669971787594818e+01
-1.771569215014585907e+01
-1.780752740386741806e+01
-1.791379510534902053e+01
-1.796665099670770616e+01
-1.800776708394472791e+01
-1.815999436011812662e+01
-1.820545651896101802e+01
-1.816885744866553765e+01
-1.820176937225492964e+01
-1.825917692292855676e+01
-1.834710349639249927e+01
-1.841381144156433436e+01
-1.849067403782964547e+01
-1.871354097701535224e+01
-1.888633969259913314e+01
-1.894368785035364056e+01
-1.904322991649353725e+01
-1.915521753089363344e+01
-1.935620130704631237e+01
-1.962267160103797536e+01
-1.985080525644822558e+01
-2.012982439957636771e+01
-2.021420963174369589e+01
-2.030565623876873715e+01
-2.031503113323164555e+01
-2.028137092488176307e+01
-2.027065605875896637e+01
-2.040612251944306621e+01
-2.053526412273610902e+01
-2.050031824444491946e+01
-2.047793686248190781e+01
-2.046079097566672544e+01
-2.040352758845265768e+01
-2.044346391420759090e+01
-2.047262594639063593e+01
-2.051058384420403158e+01
-2.053476222732255962e+01
-2.055206878426496786e+01
-2.056886594781729016e+01
-2.055308594701244829e+01
-2.062103646071765084e+01
-2.056938208450422678e+01
-2.057371062759893476e+01
-2.051728358282510811e+01
-2.049752148044257538e+01
-2.047672051881993838e+01
-2.048607233225984103e+01
-2.053712486945383375e+01
-2.045635510590456008e+01
-2.038314048335102413e+01
-2.033465506364045083e+01
-2.030730661154443339e+01
-2.026987632803298567e+01
-2.031268474810851998e+01
-2.031472386834980881e+01
-2.020816840511979251e+01
-2.017721400394385967e+01
-2.011661121447826517e+01
-2.013946160987305234e+01
-2.013966224920264736e+01
-2.007743140680486604e+01
-2.007525743031211363e+01
-2.000982896034393832e+01
-1.992322910002518199e+01
-1.989355370499852071e+01
-1.982190041239163492e+01
-1.978251929722316405e+01
-1.968904786285634145e+01
-1.968243927932267923e+01
-1.958462001542817887e+01
-1.949779520553690659e+01
-1.938291035214028213e+01
-1.940316164290258527e+01
-1.935682314156392536e+01
-1.928999271696779516e+01
-1.925725191236993084e+01
-1.920909484390318056e+01
-1.919722128425160790e+01
-1.910346802181027215e+01
-1.904334781952163169e+01
-1.903258879222578415e+01
-1.903471640112249119e+01
-1.897210397095394541e+01
-1.899520016254181698e+01
-1.891341566046668277e+01
-1.885221295385097307e+01
-1.875802878601905377e+01
-1.877066532741876514e+01
-1.871571062419248221e+01
-1.868134782926962600e+01
-1.868290323796079733e+01
-1.866830742258895270e+01
-1.866991296143014623e+01
-1.860965156866392078e+01
-1.861032966466369487e+01
-1.859565621491046628e+01
-1.861630810949453263e+01
-1.863132306677001182e+01
-1.870647918776500518e+01
-1.871178151510673615e+01
-1.876971563582502256e+01
-1.883372613770212212e+01
-1.887935775713385311e+01
-1.890173724455497606e+01
-1.900552459241708902e+01
-1.910204240781046892e+01
-1.916617466271430459e+01
-1.921979320340908970e+01
-1.927514315566656222e+01
-1.938082936314064852e+01
-1.947300490562260933e+01
-1.956960549784001202e+01
-1.963129674918348755e+01
-1.967519421444681527e+01
-1.972575016793880209e+01
-1.983153772122872738e+01
-1.989005521940107002e+01
-1.994943056465978515e+01
-2.006463222201853469e+01
-2.020766469246110830e+01
-2.031419203056254474e+01
-2.042677041302037111e+01
-2.048946026597759129e+01
-2.054334835599401998e+01
-2.048582313878201688e+01
-2.040912473785276404e+01
-2.030237805899185233e+01
-2.029625405893315104e+01
-2.027274261947830425e+01
-2.009226100197064824e+01
-2.004098013219065066e+01
-2.001719540920337082e+01
-1.996559878072019245e+01
-1.992188969583627767e+01
-1.991556301531851858e+01
-1.985403168946465513e+01
-1.975972069757574801e+01
-1.975907009539816528e+01
-1.967993157431611451e+01
-1.953525226449639263e+01
-1.940629296054311226e+01
-1.936539683320417993e+01
-1.936834898190156551e+01
-1.932592075126526154e+01
-1.931985826515888860e+01
-1.932950812546137342e+01
-1.930222040286050600e+01
-1.931647596465514027e+01
-1.933973197631307528e+01
-1.923938178576658586e+01
-1.921815488749335543e+01
-1.917858928382310779e+01
-1.910388093187839331e+01
-1.908204881922987184e+01
-1.911739201991709436e+01
-1.905253382407576979e+01
-1.905942008543013344e+01
-1.902838796597641746e+01
-1.898346398304768456e+01
-1.893393480390373895e+01
-1.895084588013186533e+01
-1.893189708385651571e+01
-1.892664941402374978e+01
-1.887817790381001259e+01
-1.883300766124004610e+01
-1.881261305941948692e+01
-1.878316389644691142e+01
-1.871584361413955833e+01
-1.868180347220399895e+01
-1.868245783641435764e+01
-1.870758912665877460e+01
-1.865584384363544856e+01
-1.860576017462148357e+01
-1.858400862232975825e+01
-1.857470095159637324e+01
-1.857413778039459018e+01
-1.850759633122751424e+01
-1.847506316952429017e+01
-1.840628159935181785e+01
-1.832344117513547843e+01
-1.831721837989640633e+01
-1.827095616944675172e+01
-1.822876444251887307e+01
-1.815704551851557369e+01
-1.813549246799377457e+01
-1.808981327571535758e+01
-1.806142607496348162e+01
-1.803136805965121070e+01
-1.792421819406531824e+01
-1.791492239522451158e+01
-1.791087322446754371e+01
-1.791593146316878205e+01
-1.783837251064606733e+01
-1.775413531313222393e+01
-1.777857258294420006e+01
-1.779905586156651509e+01
-1.779406836978476392e+01
-1.779470937249462281e+01
-1.775832151283125881e+01
-1.770759674599507250e+01
-1.767025735787228058e+01
-1.763419096263076824e+01
-1.769594229893903048e+01
-1.769664425547833275e+01
-1.773266588495265950e+01
-1.768835591823607700e+01
-1.767428282277521490e+01
-1.763789482018330546e+01
-1.759997432452145461e+01
-1.757679958952092747e+01
-1.751659824105322727e+01
-1.748893550079595371e+01
-1.746725853127514938e+01
-1.747275899696403556e+01
-1.748870883938846177e+01
-1.751959321930468860e+01
-1.753006371586647916e+01
-1.751982929379816767e+01
-1.749531366941110733e+01
-1.750650713791559454e+01
-1.751680475745694565e+01
-1.749894160035087509e+01
-1.745818631046207159e+01
-1.739871325242641475e+01
-1.737992381256425034e+01
-1.734746182523996794e+01
-1.732321830957808118e+01
-1.730472883142944340e+01
-1.731033310816547299e+01
-1.731002882953683653e+01
-1.731806507764205705e+01
-1.730071364448967230e+01
-1.729514885948383807e+01
-1.730646702266925629e+01
-1.727566824424575742e+01
-1.724685619015220084e+01
-1.724870129185676149e+01
-1.727339105456078627e+01
-1.729812126774919889e+01
-1.731262268273271587e+01
-1.733084071604835685e+01
-1.738375856538184294e+01
-1.739852915692627278e+01
-1.740206088787512329e+01
-1.742296303676492641e+01
-1.740246968959529283e+01
-1.740781366756355908e+01
-1.743268680257470749e+01
-1.736844247050865064e+01
-1.734464484473645385e+01
-1.734615915427217203e+01
-1.729430636082553363e+01
-1.725501932609589417e+01
-1.730351940881182315e+01
-1.733503230483081836e+01
-1.729434167868600269e+01
-1.726008792789567536e+01
-1.724727304658292226e+01
-1.724382245003176450e+01
-1.722839142709221605e+01
-1.721425474841471726e+01
-1.722751304693034413e+01
-1.724767718526582527e+01
-1.724510766797910577e+01
-1.723765268537004403e+01
-1.718196003532729677e+01
-1.723832005304111803e+01
-1.725629578305393963e+01
-1.725167233683209389e+01
-1.723027438668601263e+01
-1.719643749176970005e+01
-1.715475601705872677e+01
-1.706798164203880575e+01
-1.700048828479857832e+01
-1.692436217343003690e+01
-1.683604455174391390e+01
-1.672310146316100088e+01
-1.664266467642420366e+01
-1.653555069036218939e+01
-1.638038425018747901e+01
-1.625492306861602998e+01
-1.615506727707211709e+01
-1.603725173250153802e+01
-1.592202803821917634e+01
-1.577310632418739367e+01
-1.560613826466561704e+01
-1.549710680388890083e+01
-1.533057067276970642e+01
-1.520859285811921957e+01
-1.508918754623469916e+01
-1.498010675786393797e+01
-1.484359100179349866e+01
-1.468615733157666803e+01
-1.452182788343809428e+01
-1.437629967886169879e+01
-1.426083443522627903e+01
-1.414260863610413033e+01
-1.402929728689987243e+01
-1.391579121787685835e+01
-1.378679869254862744e+01
-1.367634383502189976e+01
-1.356072188178950810e+01
-1.347197550349614126e+01
-1.341894308097362654e+01
-1.338883561353605778e+01
-1.334951470226351944e+01
-1.328278314944056149e+01
-1.321246924311603976e+01
-1.315965206420480271e+01
-1.307901904942541371e+01
-1.301021362125265135e+01
-1.298283886596598791e+01
-1.296128775314800485e+01
-1.292520296145978165e+01
-1.287223772005834732e+01
-1.284899929084819092e+01
-1.282941838211279872e+01
-1.278340614203684389e+01
-1.271991821897528752e+01
-1.264608478985717710e+01
-1.259962789415621565e+01
-1.260774116887677287e+01
-1.257694534470036629e+01
-1.256757889087940505e+01
-1.250515343760853959e+01
-1.246323305608157739e+01
-1.238750722472036436e+01
-1.231533310158915917e+01
-1.225711950662836536e+01
-1.219885504554752487e+01
-1.216757774994278662e+01
-1.211918237440766788e+01
-1.208302378269581467e+01
-1.205534651389383249e+01
-1.195688180002418299e+01
-1.183880538872146992e+01
-1.177651626859345946e+01
-1.173978263859655868e+01
-1.168537302997726535e+01
-1.161572954326976159e+01
-1.157590373060424227e+01
-1.152536710057638203e+01
-1.148691686997927341e+01
-1.142075282429406791e+01
-1.140358815722402497e+01
-1.134056011893529714e+01
-1.130428607403547758e+01
-1.131305644026454615e+01
-1.127030894983087350e+01
-1.123319585183014269e+01
-1.122765530176304338e+01
-1.121102084243757169e+01
-1.115152573223147137e+01
-1.114870700959080985e+01
-1.113505788132373553e+01
-1.107482511757508625e+01
-1.099365292662165672e+01
-1.094132063364155982e+01
-1.090028091658479958e+01
-1.086981333186207621e+01
-1.087437611096567380e+01
-1.081823101105129581e+01
-1.083664803739918092e+01
-1.083107269185115484e+01
-1.079696650326993357e+01
-1.081302127618095810e+01
-1.083711102714193686e+01
-1.084060975332923782e+01
-1.085868942742561671e+01
-1.083502930191376912e+01
-1.080256615192095282e+01
-1.081434552053865517e+01
-1.077118459157957098e+01
-1.078452746637948145e+01
-1.072403640541734049e+01
-1.067314102930903452e+01
-1.070435756226956769e+01
-1.069660172072888926e+01
-1.069526849393446533e+01
-1.067452967971140332e+01
-1.063755569472170492e+01
-1.062797291267230193e+01
-1.061943479477636210e+01
-1.064896712377928800e+01
-1.062284525287652315e+01
-1.060911797869760242e+01
-1.064481779741265477e+01
-1.065723557171813951e+01
-1.066704382723312072e+01
-1.064569729537955567e+01
-1.061335390101279685e+01
-1.061016804507447553e+01
-1.059732268389658572e+01
-1.057258212688440580e+01
-1.059238569792091944e+01
-1.060045506626373246e+01
-1.059768065436063011e+01
-1.063505077906304841e+01
-1.063428626999216497e+01
-1.066433592516231244e+01
-1.063734204864205601e+01
-1.063552976824978735e+01
-1.061756131582943219e+01
-1.057387912806796848e+01
-1.059456563440199695e+01
-1.056442126220993494e+01
-1.054278081368759246e+01
-1.053858872691158943e+01
-1.056267818937745773e+01
-1.060151960507543834e+01
-1.061940647105991964e+01
-1.059028830008482558e+01
-1.058048046978608348e+01
-1.058165365601068864e+01
-1.056309175575213111e+01
-1.054436637473970251e+01
-1.051845439141681915e+01
-1.051064062597819593e+01
-1.051591269014555330e+01
-1.051450189726336504e+01
-1.051813114856121167e+01
-1.051468132182214177e+01
-1.049785973527700023e+01
-1.049289921813458371e+01
-1.046436591000329130e+01
-1.041810359993592350e+01
-1.038614292191571131e+01
-1.036413453101568116e+01
-1.036565759079510407e+01
-1.037344681667281776e+01
-1.033491096788394792e+01
-1.033765297240703873e+01
-1.030032676479295084e+01
-1.027030460569904413e+01
-1.024554666140087100e+01
-1.025718455513667671e+01
-1.023552418734453795e+01
-1.018957505240639527e+01
-1.015088271723696600e+01
-1.015181085283276730e+01
-1.011685916202248769e+01
-1.011615155987674441e+01
-1.011664651484179345e+01
-1.008739987976311525e+01
-1.006501535647353229e+01
-1.002019663903339364e+01
-9.944126192688448995e+00
-9.899257140453443071e+00
-9.879506091439260729e+00
-9.800887380108797231e+00
-9.801116446049457309e+00
-9.786852314562329624e+00
-9.752657979063867444e+00
-9.709016611364704730e+00
-9.661474812089011266e+00
-9.640136811496082814e+00
-9.585611519434953820e+00
-9.586793670222997221e+00
-9.541103587452248291e+00
-9.502482586404214615e+00
-9.457842042358272749e+00
-9.403818956894632208e+00
-9.360206013379135825e+00
-9.310806019286751223e+00
-9.280786502108623992e+00
-9.220687368815235985e+00
-9.174503544670271182e+00
-9.141888713851782811e+00
-9.135903715275787818e+00
-9.092338106078027948e+00
-9.037295139696189139e+00
-9.007921995619341260e+00
-8.931153398190096127e+00
-8.924879087653074805e+00
-8.909678133682383816e+00
-8.892908736270124237e+00
-8.868728106457339777e+00
-8.811705878118603508e+00
-8.756680027733871441e+00
-8.731313400623456289e+00
-8.698814172391308830e+00
-8.660435609648715172e+00
-8.603287745619013549e+00
-8.644975752022787674e+00
-8.623598787898364648e+00
-8.611972944422419118e+00
-8.570195601488546089e+00
-8.484281779413592517e+00
-8.465929970963381734e+00
-8.388727231776565318e+00
-8.335823171672437581e+00
-8.242604438652582743e+00
-8.173812434079017919e+00
-8.144187376249668375e+00
-8.087738834114993836e+00
-7.999686412775095512e+00
-7.989751404508755428e+00
-8.012173641832625037e+00
-7.905784408370158722e+00
-7.867798977552366679e+00
-7.801919140350962678e+00
-7.775185548517544731e+00
-7.749128303022526865e+00
-7.715042938824414165e+00
-7.730576238375539866e+00
-7.762815734201110374e+00
-7.726668863378683305e+00
-7.679779041901279690e+00
-7.654453751422014562e+00
-7.607099040493654485e+00
-7.588572338804657313e+00
-7.614868162092585102e+00
-7.593519448280220629e+00
-7.613306873721303880e+00
-7.602337056292197914e+00
-7.581742661219440294e+00
-7.583447275483682581e+00
-7.583231950769430796e+00
-7.626890893201783150e+00
-7.663960522449138502e+00
-7.695906702026956481e+00
-7.641657522390649326e+00
-7.605451446445117725e+00
-7.601560841945882885e+00
-7.611526094812461452e+00
-7.616126523775474055e+00
-7.656315300114646227e+00
-7.686555619729720235e+00
-7.731592805615207453e+00
-7.729217802139596749e+00
-7.751961010966076593e+00
-7.764678800680182569e+00
-7.749821022102657331e+00
-7.743040169725765587e+00
-7.803927907153473065e+00
-7.812041449222574485e+00
-7.794371212617759781e+00
-7.832492962599199693e+00
-7.772020879672879801e+00
-7.740274817489389392e+00
-7.755716694647642129e+00
-7.757068713744922128e+00
-7.724464963377268845e+00
-7.680055679076967401e+00
-7.632516128619861284e+00
-7.621478955504547237e+00
-7.646153431391493172e+00
-7.668495830526468993e+00
-7.635475012856001165e+00
-7.589261319167342812e+00
-7.528296216989385670e+00
-7.496103341091155059e+00
-7.459433447232594716e+00
-7.455141060044194745e+00
-7.415700482843671892e+00
-7.400860172164549944e+00
-7.379205856764368576e+00
-7.365350794413643598e+00
-7.395656666996698547e+00
-7.417846461013533066e+00
-7.394427456022352629e+00
-7.380244810388286503e+00
-7.340278875619231869e+00
-7.366476914177585655e+00
-7.371890885911955849e+00
-7.387000202546904148e+00
-7.360178175355039265e+00
-7.316705220594450942e+00
-7.339387487071367566e+00
-7.337905541786284402e+00
-7.296759234089080337e+00
-7.287932922225660803e+00
-7.340934569253992237e+00
-7.408775629874702950e+00
-7.462109228764502333e+00
-7.569340691579142799e+00
-7.615493140240346293e+00
-7.612827487821694383e+00
-7.626612379184418700e+00
-7.592058459291657790e+00
-7.616583341140012564e+00
-7.683642449149110654e+00
-7.705442864695807081e+00
-7.730956843938240119e+00
-7.788125657357966247e+00
-7.823744255773978473e+00
-7.889339975445498254e+00
-7.941104062902692107e+00
-7.998939813117178943e+00
-8.098658442361031717e+00
-8.244436872927842330e+00
-8.340981386570632594e+00
-8.432714987092914782e+00
-8.485060162462669808e+00
-8.517868255817774070e+00
-8.608374356283285067e+00
-8.727127987032366363e+00
-8.838302120485561630e+00
-8.866486776304888906e+00
-8.930786124818096638e+00
-9.070602543079278490e+00
-9.136510061840105834e+00
-9.206355442845444159e+00
-9.243323380304186543e+00
-9.306804589636564984e+00
-9.311263106835442116e+00
-9.282173267621509183e+00
-9.304211359629452005e+00
-9.388229434396826889e+00
-9.559524125799409688e+00
-9.655936944900110674e+00
-9.796427644305374827e+00
-9.906115460515348303e+00
-1.005857960042040844e+01
-1.010960691904075581e+01
-1.027974108466883507e+01
-1.039836788726824324e+01
-1.046129938975283480e+01
-1.055054627496782338e+01
-1.060963533210350462e+01
-1.060977053299751915e+01
-1.059592382812233247e+01
-1.065436167168282644e+01
-1.062355600689972768e+01
-1.059540386411778634e+01
-1.057175170829206223e+01
-1.055343632259658726e+01
-1.065528911924393718e+01
-1.076802354884888580e+01
-1.080478679532991571e+01
-1.072735907162173596e+01
-1.070315445851766789e+01
-1.062234343302445616e+01
-1.054309852035565775e+01
-1.046680900317018192e+01
-1.035684164774128568e+01
-1.023713767428889732e+01
-1.015293089059205300e+01
-1.008984944787200000e+01
-1.012934359446734334e+01
-1.018316001811704297e+01
-1.031333456917392333e+01
-1.036876949514942581e+01
-1.046394792405555307e+01
-1.050645735227088728e+01
-1.059172473436123951e+01
-1.050697393002942803e+01
-1.044728018189333874e+01
-1.030687792372427580e+01
-1.022855452675060839e+01
-1.017705242288851863e+01
-1.015253366170409777e+01
-1.007740673795905018e+01
-1.003300733307352743e+01
-1.005838383976427508e+01
-1.015372807694214963e+01
-1.029258268021754397e+01
-1.036341512785504015e+01
-1.038017029264732649e+01
-1.045376787772880789e+01
-1.047574415964783867e+01
-1.043107604663442345e+01
-1.042278036811754660e+01
-1.034150232742253905e+01
-1.030602059103245338e+01
-1.029777529856185225e+01
-1.030488802986410768e+01
-1.028903960361064307e+01
-1.028665383042196169e+01
-1.034286274987509024e+01
-1.044417801675067636e+01
-1.051965423372151776e+01
-1.054436374389932141e+01
-1.056971483656997890e+01
-1.053844772269066610e+01
-1.053452225063455394e+01
-1.057095685583090372e+01
-1.053098531069615618e+01
-1.051037869863284691e+01
-1.051552396541639922e+01
-1.055593848785595412e+01
-1.058394865111301364e+01
-1.066026788828075134e+01
-1.085645328809529708e+01
-1.105061706522434406e+01
-1.103917557934906313e+01
-1.115621732620729034e+01
-1.117393554048048721e+01
-1.122369054654891585e+01
-1.118509600611192312e+01
-1.119592659516515809e+01
-1.124000168402831967e+01
-1.137001776800047281e+01
-1.154556385497416748e+01
-1.168924128491718406e+01
-1.183928239093772916e+01
-1.186285466919019171e+01
-1.193653087529944656e+01
-1.200365092095783659e+01
-1.204237886965034043e+01
-1.210396175417329445e+01
-1.208514722911168171e+01
-1.208881149921584353e+01
-1.206728755787280782e+01
-1.211770834011939080e+01
-1.226815959504808795e+01
-1.241498054161063891e+01
-1.259266259571346858e+01
-1.270476910989270181e+01
-1.275248603029087491e+01
-1.281876402057333841e+01
-1.295242398733548050e+01
-1.298286182782814713e+01
-1.299269889965135150e+01
-1.296359340551476613e+01
-1.299120117657039231e+01
-1.294434882208198268e+01
-1.298435060442823996e+01
-1.298861619874207207e+01
-1.296417190829986943e+01
-1.292566561674558656e+01
-1.286125624065090634e+01
-1.282328935960128113e+01
-1.280511268574245243e+01
-1.274520130500740933e+01
-1.274626347457934372e+01
-1.276534187051611724e+01
-1.284471708304561588e+01
-1.293064931905596815e+01
-1.302690481901567843e+01
-1.313090896579687517e+01
-1.323459296947199171e+01
-1.340140137779514617e+01
-1.348942287743735591e+01
-1.354741002395707739e+01
-1.364136446643242273e+01
-1.368175083179006357e+01
-1.375472651195174478e+01
-1.389066974936445398e+01
-1.398356305020938173e+01
-1.400204530258457147e+01
-1.410913378259128947e+01
-1.420568627095817504e+01
-1.432799186468081309e+01
-1.447519097251241860e+01
-1.463105628902832933e+01
-1.479712181915684610e+01
-1.503183676380026235e+01
-1.524705772519251568e+01
-1.554961503853099103e+01
-1.578596488121433161e+01
-1.596012008272069593e+01
-1.613957073683666010e+01
-1.622317474787764269e+01
-1.634734759829359518e+01
-1.638052779158989125e+01
-1.644447556499767416e+01
-1.661499978501010943e+01
-1.683173735943444171e+01
-1.694249772590706726e+01
-1.701165942334568726e+01
-1.708616357032794397e+01
-1.705639002164096496e+01
-1.700479556246904167e+01
-1.695132187135652302e+01
-1.687301677028445113e+01
-1.671474739736348525e+01
-1.654616583647358397e+01
-1.626076826446366752e+01
-1.608488948710200006e+01
-1.594707764479309375e+01
-1.576675992905930812e+01
-1.557761883869412500e+01
-1.541681851376938894e+01
-1.524127998301617382e+01
-1.514909991139386669e+01
-1.512540283765877369e+01
-1.505785089407693356e+01
-1.504683292278075335e+01
-1.500832088097967443e+01
-1.495732378696347631e+01
-1.488958500406523378e+01
-1.488839417777794871e+01
-1.489481975768745059e+01
-1.481388094062221761e+01
-1.476116472865408369e+01
-1.477216853101702299e+01
-1.477402903941157319e+01
-1.474850097576896246e+01
-1.463522030891142300e+01
-1.464498988452976391e+01
-1.462596130803493466e+01
-1.463741313557502188e+01
-1.465918286475853272e+01
-1.473601698313681929e+01
-1.472241269904350247e+01
-1.470654451421961184e+01
-1.467299927774539903e+01
-1.470208294504354285e+01
-1.469799282752695291e+01
-1.468933363535380643e+01
-1.468699605179469714e+01
-1.471864820579803457e+01
-1.477208283980268888e+01
-1.482433780264050149e+01
-1.485375519617412010e+01
-1.491013530670358911e+01
-1.496832773997276611e+01
-1.501017082665078206e+01
-1.498677652751721112e+01
-1.503318487049356023e+01
-1.510345297402449205e+01
-1.520043924055519469e+01
-1.520572464606037322e+01
-1.509356881538606920e+01
-1.509441911891311427e+01
-1.508095708110321631e+01
-1.506396102458789876e+01
-1.510063215520099789e+01
-1.509278760679610087e+01
-1.499519670315451414e+01
-1.499751083379043060e+01
-1.498087093528805980e+01
-1.494776468531191327e+01
-1.487585562870028610e+01
-1.489021070837978655e+01
-1.485682450579703406e+01
-1.484684628850013510e+01
-1.488134856212985468e+01
-1.485599008932319265e+01
-1.484572236638568477e+01
-1.484329383104872235e+01
-1.471738948465850427e+01
-1.468970849712082583e+01
-1.455298004078295193e+01
-1.449456494779140847e+01
-1.442406942024702410e+01
-1.435592403608664291e+01
-1.436018999304696209e+01
-1.430879497909104892e+01
-1.435007856628615386e+01
-1.433292083291070185e+01
-1.439588373019068257e+01
-1.437550015173285267e+01
-1.435295081784115823e+01
-1.439432666074593925e+01
-1.441908602881366264e+01
-1.436678662400774442e+01
-1.430737871147382201e+01
-1.424302241742189246e+01
-1.428861006555205648e+01
-1.443517654922663240e+01
-1.432157225820479773e+01
-1.429477893179977066e+01
-1.431818702409952593e+01
-1.433157156071743188e+01
-1.438794220195591045e+01
-1.431591098290426345e+01
-1.435802824762339824e+01
-1.435293709007136620e+01
-1.441922442989277187e+01
-1.434786351001097593e+01
-1.429200349280298177e+01
-1.434549050758762867e+01
-1.439623890522305061e+01
-1.443562383880624544e+01
-1.452143565941204884e+01
-1.452533486934193974e+01
-1.455934224960013346e+01
-1.451995000336570563e+01
-1.457467009275709735e+01
-1.467685016807406662e+01
-1.474577432742043825e+01
-1.473872044580975604e+01
-1.481972135646044997e+01
-1.483004778266646184e+01
-1.485547248411820220e+01
-1.499482957524457660e+01
-1.498838498530077779e+01
-1.495176173868092384e+01
-1.490564742443081059e+01
-1.482008061279185540e+01
-1.484322678033651499e+01
-1.485356887077795562e+01
-1.478909484952332498e+01
-1.482727343417629839e+01
-1.484649488193915445e+01
-1.490538353539149163e+01
-1.484838309101803588e+01
-1.483793328954230795e+01
-1.486701449763409499e+01
-1.487321239267347295e+01
-1.485861649409823926e+01
-1.500868941852233007e+01
-1.497665916807330078e+01
-1.511741118818548557e+01
-1.519183272571937238e+01
-1.527632490247840558e+01
-1.523388019866596643e+01
-1.519651348590555351e+01
-1.524892502513340098e+01
-1.525149021718408449e+01
-1.526876934005431607e+01
-1.537508373559338359e+01
-1.553459330260401750e+01
-1.560920178679304193e+01
-1.564130448406469576e+01
-1.571598401848965310e+01
-1.577708985087615723e+01
-1.584896661870185852e+01
-1.584245176872584793e+01
-1.593038650675199186e+01
-1.599390444606792805e+01
-1.609619161543754728e+01
-1.618032221464194720e+01
-1.619506706347043945e+01
-1.637537995208867869e+01
-1.644719561876621228e+01
-1.659953808845639500e+01
-1.672784488638664513e+01
-1.672535670106083927e+01
-1.667688944596275391e+01
-1.676872025368972174e+01
-1.672905402120836627e+01
-1.677594517283274911e+01
-1.684608041534156797e+01
-1.674271356517215992e+01
-1.672972301122142369e+01
-1.677834691890824104e+01
-1.684804219674633430e+01
-1.679987835489545489e+01
-1.665724608800051953e+01
-1.664790206044575172e+01
-1.666378431718147013e+01
-1.674796561649921145e+01
-1.682160704546497243e+01
-1.680993036315926759e+01
-1.675427079156403209e+01
-1.679586301840699392e+01
-1.688055506648895232e+01
-1.683403394029984668e+01
-1.687083645694093548e+01
-1.687292453554578131e+01
-1.696976621002021091e+01
-1.710133490977682769e+01
-1.711656493458853845e+01
-1.697875754994947073e+01
-1.693546680680421090e+01
-1.696831499118576758e+01
-1.687090066028600432e+01
-1.671303498006345123e+01
-1.664003399897358904e+01
-1.664856341799657002e+01
-1.671999936606244219e+01
-1.668785838845734304e+01
-1.666639662471182604e+01
-1.663834387317167085e+01
-1.660432437538717920e+01
-1.644904007681077474e+01
-1.637074182628953167e+01
-1.637184456198087901e+01
-1.627202214197770047e+01
-1.612576948701246593e+01
-1.599186977064758608e+01
-1.600810514092284365e+01
-1.589201448697876806e+01
-1.588403452387531267e+01
-1.591781054817988661e+01
-1.578742738530165646e+01
-1.566965210154324240e+01
-1.549955778179581678e+01
-1.543023759524636063e+01
-1.545243100688491467e+01
-1.539407352942136775e+01
-1.535635462701241494e+01
-1.540768145171465342e+01
-1.538895338211581354e+01
-1.534548482309616446e+01
-1.532135009795974945e+01
-1.522919105521603811e+01
-1.501307273437541667e+01
-1.500336142541712903e+01
-1.511439571243315427e+01
-1.511568919977970715e+01
-1.513665879413522042e+01
-1.509974669995702001e+01
-1.501601174141734063e+01
-1.500954734445043748e+01
-1.505180119451044796e+01
-1.510623734589803924e+01
-1.507620204093182537e+01
-1.511096759472299844e+01
-1.510991671902234756e+01
-1.510504504711982143e+01
-1.504555297415967274e+01
-1.505701632887209129e+01
-1.512178468167838652e+01
-1.516508440466272845e+01
-1.522149116131603463e+01
-1.523574670512873119e+01
-1.519921803612908917e+01
-1.522346393604606618e+01
-1.533200920862201855e+01
-1.537963995578883925e+01
-1.541915166718545294e+01
-1.544716260601615687e+01
-1.545688744073800081e+01
-1.540250987773056046e+01
-1.546290643516354990e+01
-1.555548017569524077e+01
-1.565911600628331612e+01
-1.577405741182746368e+01
-1.586915383628934251e+01
-1.594327096628126128e+01
-1.602527624377125903e+01
-1.602107931438439792e+01
-1.609587349037776249e+01
-1.607644522079253591e+01
-1.615841082660676875e+01
-1.628822044674957681e+01
-1.636007271318317891e+01
-1.651454274162453117e+01
-1.663138497418976414e+01
-1.661986631891693378e+01
-1.672291960083889251e+01
-1.674881982292292548e+01
-1.691187295708034810e+01
-1.685930322447140739e+01
-1.677215139483121931e+01
-1.685965326541303000e+01
-1.694950817043905289e+01
-1.695177838046387464e+01
-1.704494953464965690e+01
-1.698642919801908135e+01
-1.690637116618154323e+01
-1.697371195684321066e+01
-1.696153572644213625e+01
-1.686060325893213019e+01
-1.680553309797946326e+01
-1.686674025758982509e+01
-1.693620266648892780e+01
-1.694401566126599334e+01
-1.701464292934678113e+01
-1.700707908845049587e+01
-1.718004173911210941e+01
-1.728332799482878812e+01
-1.726972053063450119e+01
-1.734725152911619972e+01
-1.746944537250625018e+01
-1.752772002775525806e+01
-1.759457230421449836e+01
-1.755720208694441453e+01
-1.760693995554267133e+01
-1.771556822391242392e+01
-1.780237056556761388e+01
-1.788051814879536039e+01
-1.803296079121745166e+01
-1.799959001539811609e+01
-1.812983392790980375e+01
-1.827549446143376599e+01
-1.839730375481010682e+01
-1.846767796378482629e+01
-1.845756939471639768e+01
-1.848179338222581336e+01
-1.846472651902829654e+01
-1.854547036747040778e+01
-1.871293832189220652e+01
-1.874142693963882067e+01
-1.892234214270623838e+01
-1.899500685251054222e+01
-1.905546940506097897e+01
-1.911560817350205710e+01
-1.919702683873501670e+01
-1.910148448232803986e+01
-1.916116003519232791e+01
-1.919930808209527129e+01
-1.920641177459680904e+01
-1.916314020033194154e+01
-1.907618298859180328e+01
-1.898742595480192819e+01
-1.885698177671067199e+01
-1.878295595051151778e+01
-1.882075372543706848e+01
-1.866229302441087157e+01
-1.873663964811235516e+01
-1.857570431636958119e+01
-1.848770257052821719e+01
-1.843918363075928468e+01
-1.844623273656304718e+01
-1.839910201291688452e+01
-1.841815887412375830e+01
-1.833206186013899242e+01
-1.816460079805708716e+01
-1.815179492031091968e+01
-1.799821322953839342e+01
-1.782259961433718942e+01
-1.785664214115794124e+01
-1.775140672125466423e+01
-1.765118187077351664e+01
-1.748746374316859331e+01
-1.736613916027700455e+01
-1.722384825207811687e+01
-1.710651897308877523e+01
-1.707060616645891926e+01
-1.708169896574600344e+01
-1.704802797607670328e+01
-1.699872896083556739e+01
-1.702343075609033463e+01
-1.701766808070989967e+01
-1.701186383783223022e+01
-1.695686384767387622e+01
-1.689288550126046573e+01
-1.677868838248750194e+01
-1.667188304372166385e+01
-1.661308954866614940e+01
-1.661111734186535216e+01
-1.652704688677138378e+01
-1.637430643303251188e+01
-1.622955799244978792e+01
-1.620113509189968681e+01
-1.620146942951570068e+01
-1.614240976827997542e+01
-1.606664576335286654e+01
-1.608028099874012895e+01
-1.604832758451671992e+01
-1.594359430074663564e+01
-1.596568975558835035e+01
-1.586668822295322556e+01
-1.588519034339397784e+01
-1.591462119001481490e+01
-1.582277914921276185e+01
-1.582712382411400753e+01
-1.582432371969426299e+01
-1.582454676969246066e+01
-1.585912634446440705e+01
-1.587988902132696012e+01
-1.591792314129382824e+01
-1.596797115223555608e+01
-1.606522097335440691e+01
-1.607408290104892856e+01
-1.603779668463616659e+01
-1.605422888585974306e+01
-1.607436367965898683e+01
-1.602048273633031172e+01
-1.596357149118881935e+01
-1.576073735587469038e+01
-1.570110279732053549e+01
-1.568063389960664367e+01
-1.561869299192067828e+01
-1.552709978988833761e+01
-1.552740697868643593e+01
-1.548333346606989380e+01
-1.536103943976953268e+01
-1.536776253377147228e+01
-1.544115156428050994e+01
-1.550194454801206234e+01
-1.549465936445851177e+01
-1.552819935472294333e+01
-1.547503193423163204e+01
-1.540425027956333359e+01
-1.539322306412501895e+01
